# PSO Extracted Authentic Geometry
v 0.0000 0.0000 918.8676
v 0.0000 0.0000 800.0000
v 0.6353 0.5961 0.0000
v 0.0000 0.0000 4.4555
v 18.4599 4.7654 36.8533
v 0.0000 0.0000 1.0000
v 1.0000 1.0000 0.0000
v 0.0000 -56.7055 -0.7928
v 0.0000 1.0000 1.0000
v 1.0000 0.0000 0.0000
v 0.0000 -20.4673 0.0242
v 0.6275 -26.5950 1.4124
v -13.7905 0.0000 0.3059
v 0.6275 -24.9045 1.4123
v -14.7153 0.0000 0.3020
v 0.7333 -24.9045 1.4123
v -14.7153 0.0000 0.3020
v 0.7373 -18.5450 1.8962
v 0.7373 -25.8813 -4.5700
v 0.8314 -28.1015 -4.5700
v -6.8491 0.0000 0.1608
v 0.8314 -30.6617 -4.5700
v -12.1432 0.0000 0.2980
v 0.8314 -6.3046 0.0238
v 0.9961 -7.0397 0.0238
v -11.2678 0.0000 0.1608
v 0.9961 -14.6812 0.0240
v 0.8431 -23.1141 0.0240
v -15.7427 0.0000 0.2980
v 0.8314 -10.4707 0.0238
v -20.2158 0.0000 0.2784
v 0.6275 -29.6285 -4.5700
v -10.0066 0.0000 0.2431
v 0.8314 -26.4248 -4.5700
v -1.6767 0.0000 0.0431
v 0.8353 -6.4931 0.0238
v -2.8899 0.0000 0.0471
v 0.9961 -29.6450 -3.0744
v -12.5550 0.0000 0.3020
v 0.7804 -24.5278 -3.4214
v 0.7804 -10.4929 0.0239
v 0.9137 -13.0737 0.1979
v -9.8456 0.0000 0.1608
v 0.9176 -16.2002 0.4809
v -17.0681 0.0000 0.2706
v 0.7333 -56.5666 -4.5700
v -24.3062 0.0000 0.9686
v 0.8314 -56.7715 0.0240
v -34.4979 0.0000 0.5961
v 0.8706 -52.6697 -5.2194
v -23.2864 0.0000 0.8706
v 0.8314 -52.2801 1.9108
v -26.1278 0.0000 0.8745
v 0.6235 -52.2801 1.9108
v -26.1278 0.0000 0.8745
v 0.6235 -51.6760 2.7857
v -29.1689 0.0000 0.8706
v 0.7333 -51.2450 0.0240
v -31.3069 0.0000 0.6824
v 0.8314 -50.6217 0.0239
v -35.5076 0.0000 0.6863
v 0.9333 -64.2403 0.0238
v -36.8672 0.0000 0.0941
v 0.9412 -61.2624 0.0240
v -32.1541 0.0000 0.0667
v 0.8314 -60.3143 1.6616
v -30.1934 0.0000 0.0588
v 0.7373 -60.0094 1.3479
v -28.0612 0.0000 0.0588
v 0.6275 -60.9111 -4.5700
v -24.3927 0.0000 0.0863
v 0.8314 -50.9333 0.0239
v -33.4072 0.0000 0.6824
v 0.8510 -62.7513 0.0239
v -34.5107 0.0000 0.0824
v 0.8863 -60.6857 -3.0905
v -25.3098 0.0000 0.0784
v 0.7804 -52.5723 -3.4369
v -23.9968 0.0000 0.8706
v 0.8745 -51.4910 0.0239
v -35.3649 0.0000 0.6706
v 0.9255 -63.0554 0.0239
v -36.4913 0.0000 0.0824
v 0.7804 -57.2765 -4.5700
v -24.3203 0.0000 0.0196
v 0.8314 -55.8169 -4.6949
v -24.1100 0.0000 0.9490
v 0.7804 -80.0270 1.0784
v -18.7668 0.0000 0.4471
v 0.6275 -80.2118 0.0242
v -10.7647 0.0000 0.5961
v 0.6275 -86.7119 2.7439
v -6.2559 0.0000 0.7765
v 0.6275 -88.4777 3.7683
v -6.6420 0.0000 0.7725
v 0.7373 -82.7615 2.0993
v -20.9544 0.0000 0.4431
v 0.7333 -96.0794 0.0238
v -31.9567 0.0000 0.4431
v 0.9961 -105.8058 0.0238
v -23.4574 0.0000 0.5961
v 0.9961 -112.4103 0.0238
v -9.9809 0.0000 0.7725
v 0.9961 -85.4960 -0.0189
v -23.1421 0.0000 0.4431
v 0.8275 -86.7728 0.1526
v -14.5651 0.0000 0.5961
v 0.8314 -91.5911 0.0240
v -7.2354 0.0000 0.7725
v 0.8314 -94.7622 0.0176
v -31.0335 0.0000 0.4431
v 0.9686 -104.7386 0.1524
v -22.9514 0.0000 0.5961
v 0.9804 -110.5909 0.0238
v -9.5949 0.0000 0.7725
v 0.9765 -97.5972 0.0238
v -28.2564 0.0000 0.4588
v 0.7333 -80.0507 0.9432
v -17.7408 0.0000 0.4627
v 0.6275 -85.9106 2.4087
v -6.8117 0.0000 0.7529
v 0.7333 -88.9832 0.1526
v -11.3695 0.0000 0.6745
v 0.8314 -106.0611 0.1524
v -13.1071 0.0000 0.7373
v 0.9765 -107.8236 0.0238
v -13.4331 0.0000 0.7412
v 0.9961 -99.9619 0.0239
v -7.6334 0.0000 0.7725
v 0.9020 -96.7851 0.0882
v -8.8684 0.0000 0.7569
v 0.9020 -96.7979 0.1525
v -19.2794 -0.0000 0.5961
v 0.9059 -88.5658 -0.0007
v -29.0854 0.0000 0.4431
v 0.8980 -89.1369 0.1789
v -26.8048 -0.0000 0.4824
v 0.9020 -88.2620 4.6579
v 0.7373 -84.2906 1.5085
v 20.9570 0.0000 0.4431
v 0.7333 -82.2167 1.4694
v 11.4660 0.0000 0.3020
v 0.7333 -86.5285 3.7683
v 6.3442 0.0000 0.1608
v 0.7373 -105.5408 0.0238
v -1.6342 0.0000 0.0078
v 0.9961 -107.4735 0.0238
v 10.6405 0.0000 0.1608
v 0.9961 -101.3705 0.0238
v 20.2784 0.0000 0.3020
v 0.9961 -90.8349 0.0238
v 28.2791 0.0000 0.4431
v 0.9961 -90.9053 0.0240
v 0.8314 -85.7793 0.1664
v 13.0485 0.0000 0.2980
v 0.8314 -86.3478 0.0240
v 23.4037 0.0000 0.4196
v 0.8902 -103.4563 0.0238
v 1.9615 0.0000 0.0471
v 0.8314 -87.8286 4.4355
v 1.5861 0.0000 0.0471
v 0.7373 -83.2536 1.4890
v 16.2115 0.0000 0.3725
v 0.8588 -97.4304 0.0238
v 24.0078 0.0000 0.3725
v 0.9961 -89.5837 2.3410
v 0.7569 -83.9394 1.0670
v 12.1987 0.0000 0.3020
v 0.8118 -85.4211 0.8057
v 21.7628 0.0000 0.4314
v 0.8078 -95.6750 0.0239
v -0.6617 0.0000 0.0078
v 0.8902 -87.8938 0.0239
v 24.7756 0.0000 0.4353
v 0.9529 -101.2283 0.0238
v -1.6443 0.0000 0.0078
v 0.9412 -89.2403 0.0238
v 26.3205 0.0000 0.4392
v 0.9725 -80.1992 0.0238
v 49.7132 0.0000 0.2863
v 0.0706 -57.2089 0.0238
v 51.4880 0.0000 0.4902
v 0.0510 -41.3880 0.0238
v 55.3697 0.0000 0.6314
v 0.0980 -58.3876 0.2099
v 37.2484 0.0000 0.4784
v 0.2039 -52.5291 0.1898
v 40.4020 -0.2389 0.5333
v 0.1686 -79.0043 0.0570
v 47.7321 0.0000 0.2980
v 0.0902 -57.1912 0.0449
v 49.7061 0.0000 0.4902
v 0.0706 -40.5388 0.0542
v 52.3984 0.0000 0.6392
v 0.0392 -71.6366 0.2099
v 38.3328 0.0000 0.3608
v 0.0824 -77.2259 0.0238
v 50.2388 0.0000 0.3137
v 0.0627 -44.9670 0.0238
v 54.5066 0.0000 0.6000
v 0.0471 -47.4310 0.2099
v 45.3137 0.0000 0.5765
v 0.0980 -36.4764 0.1321
v 49.5231 0.0000 0.6745
v 0.0706 -38.7946 0.1314
v 48.8533 0.0000 0.6549
v 0.0784 -68.4213 0.0238
v 54.5858 0.0000 0.3922
v 0.0353 -50.2071 0.0488
v 54.2098 -0.0000 0.5529
v 0.0196 -50.8536 0.0238
v 56.5055 0.0000 0.5451
v 0.0000 -65.0121 0.2099
v 40.6633 0.0000 0.4196
v 0.1647 -51.5208 0.2099
v 39.3659 0.0000 0.5412
v 0.1804 -75.0084 0.1864
v 41.7263 0.0000 0.3333
v 0.1216 -39.4489 0.1925
v 44.0298 0.0000 0.6471
v 0.1843 -69.7810 0.1859
v 41.1459 -0.0000 0.3804
v 0.1608 -65.0369 0.1857
v 43.0089 -14.4731 0.4196
v 0.1412 -10.2235 0.0238
v 39.8657 0.0000 0.9098
v 0.1765 -4.7861 0.0238
v 24.5077 0.0000 0.9569
v 0.3412 -4.9767 0.0238
v 11.0287 0.0000 0.9529
v 0.4863 0.5626 0.0238
v -0.6984 0.0000 1.0039
v 0.6118 -19.0819 0.0240
v 33.6662 0.0000 0.8275
v 0.2431 -12.8766 0.0240
v 20.3775 0.0000 0.8863
v 0.3843 -13.0180 0.0240
v 9.2636 0.0000 0.8824
v 0.5059 -11.0282 0.0240
v -1.5098 0.0000 0.9020
v 0.5020 -8.9389 0.0240
v -1.4091 0.0000 0.9176
v 0.6196 -1.6297 0.0238
v -0.8040 0.0000 0.9843
v 0.3490 -11.6419 0.0238
v 38.7258 0.0000 0.8941
v 0.1882 -17.7500 0.0240
v 34.7366 0.0000 0.8431
v 0.2039 -9.5808 0.0238
v 38.0505 0.0000 0.9137
v 0.1961 -18.4370 0.0240
v 31.9554 0.0000 0.8353
v 0.2588 -11.0483 0.0240
v -0.2532 0.0000 0.9020
v 0.5922 -0.2238 0.0238
v 0.9666 0.0000 0.9961
v 0.5922 -10.5740 0.0240
v 4.6876 0.0000 0.9059
v 0.5451 -5.2450 0.0238
v 5.5416 0.0000 0.9529
v 0.4196 -6.2494 0.0238
v 17.4946 0.0000 0.9451
v 0.4314 -11.2602 0.0240
v 15.5957 0.0000 0.8980
v 0.4353 -13.1489 0.0240
v 28.2184 0.0000 0.8824
v 0.2784 -7.1835 0.0238
v 31.2791 0.0000 0.9333
v 0.8314 -56.5666 -4.5700
v -24.3062 0.0000 0.0078
v 0.7373 -51.6760 2.7857
v -29.1689 0.0000 0.6863
v 0.7373 -51.6760 2.7857
v -29.1689 0.0000 0.6863
v 0.8510 -56.7715 0.0240
v -34.4979 0.0000 0.0078
v 0.8510 0.0000 0.0000
v 0.0000 0.0000 -55.9238
v -0.2807 9.8192 59.9636
v 0.0000 0.0000 1.0000
v 1.0000 1.0000 0.0000
v -54.7708 400.0000 216.7716
v 1211.1344 0.0000 0.0000
v 1.0000 1.0000 1.0000
v 0.0000 0.0000 -144.4428
v 424.1624 -550.7847 450.7381
v 0.0000 0.0000 1.0000
v 1.0000 1.0000 0.0000
v 1.5725 -6.0235 0.0000
v 400.8498 631.0666 -1259.3444
v 514.2205 0.0000 0.0000
v 1.0000 1.0000 1.0000
v 0.4588 1.0000 0.0000
v 0.0000 0.0000 -71.8779
v 399.7099 196.1438 988.3389
v 0.0000 0.0000 1.0000
v 1.0000 1.0000 0.0000
v 0.0000 -433.1159 -0.1481
v -453.8013 0.0000 0.9882
v 0.1804 -475.4996 -0.1620
v -380.2014 0.0000 0.9882
v 0.3922 -433.9742 153.7473
v -435.7939 0.0000 0.0196
v 0.1765 -442.3389 153.7503
v -366.2304 0.0000 0.0196
v 0.4549 -442.3389 153.7503
v -366.2304 0.0000 0.0196
v 0.4549 -470.1231 -0.1556
v -432.7477 0.0000 0.9882
v 0.2784 -454.6490 153.7449
v -419.7357 0.0000 0.0196
v 0.2784 -454.6490 153.7449
v -419.7357 0.0000 0.0196
v 0.2784 -467.7689 153.7431
v -358.8861 0.0000 0.0196
v 0.7137 -487.1194 -0.1529
v -370.4581 0.0000 0.9882
v 0.6824 -407.2132 -0.1349
v -421.1694 0.0000 0.9882
v 0.0039 -414.3502 14.8996
v -407.2805 0.0000 0.8941
v 0.0039 -414.3673 44.9757
v -407.2776 0.0000 0.7059
v 0.0039 -421.4648 89.9868
v -396.3107 0.0000 0.4196
v 0.0627 -417.3280 153.7450
v -402.8445 0.0000 0.0196
v 0.0118 -525.3539 -0.1234
v -365.4919 0.0000 0.9882
v 0.9137 -529.6516 14.9330
v -353.2739 0.0000 0.8941
v 0.9922 -529.6543 45.0542
v -353.2725 0.0000 0.7020
v 0.9922 -516.8942 90.0228
v -378.4339 0.0000 0.4196
v 0.8078 -522.3177 153.7247
v -368.2786 0.0000 0.0196
v 0.8824 611.0712 33.6395
v -9.3981 0.0000 0.7843
v 0.0431 590.1873 15.0465
v -1.7761 0.0000 0.9059
v 0.0980 655.9846 153.7530
v 18.1611 0.0000 0.0000
v 0.2314 631.2105 153.7532
v 24.5326 0.0000 0.0000
v 0.3373 598.3068 -0.0303
v 36.8722 0.0000 1.0039
v 0.3373 589.6591 15.0063
v 34.3901 0.0000 0.9059
v 0.4000 610.0762 153.7487
v 39.3652 0.0000 0.0000
v 0.3490 610.0762 153.7487
v 39.3652 0.0000 0.0000
v 0.3490 589.7895 15.0143
v 142.3382 0.0000 0.9059
v 1.0000 596.1887 -0.0280
v 141.4198 0.0000 1.0039
v 0.9922 597.6720 90.0053
v 82.3935 0.0000 0.4157
v 0.6235 614.0052 45.0191
v 107.8249 0.0000 0.7098
v 0.6275 600.5876 -0.0252
v 107.7459 0.0000 1.0039
v 0.7804 594.4741 -0.0289
v 84.9167 0.0000 1.0039
v 0.2235 643.1771 90.0092
v 4.0056 0.0000 0.4157
v 0.1922 647.3453 62.0430
v -0.8721 0.0000 0.6000
v 0.0863 636.3586 37.1239
v -15.1647 0.0000 0.7647
v 0.0000 -433.9438 90.0001
v -435.9099 0.0000 0.9961
v 0.1529 -373.9677 345.0001
v -492.0649 0.0000 0.0039
v 0.6706 -372.4793 217.5001
v -491.6451 0.0000 0.5020
v 0.6745 -433.9438 345.0001
v -435.9099 0.0000 0.0078
v 0.1529 -433.9438 217.5001
v -435.9099 0.0000 0.5020
v 0.1529 -433.9438 153.7501
v -435.9099 0.0000 0.7490
v 0.1529 -377.8858 345.0001
v -408.2213 0.0000 0.0078
v 0.2471 -377.8858 90.0001
v -408.2214 0.0000 0.9961
v 0.2471 -351.2956 345.0001
v -443.4068 0.0000 0.0039
v 0.5255 -350.3208 217.5001
v -442.9670 0.0000 0.5020
v 0.5255 -350.3208 153.7501
v -442.9670 0.0000 0.7490
v 0.5294 -421.3566 90.0001
v -396.3617 0.0000 0.9961
v 0.0078 -409.3091 345.0001
v -414.7870 0.0000 0.0078
v 0.1490 591.4954 27.2128
v -45.2850 0.0000 0.2745
v 0.9765 591.4954 27.2128
v -45.2850 0.0000 0.2745
v 0.9765 570.6168 15.0000
v -37.6883 0.0000 0.0000
v 0.5961 590.2314 15.0000
v -1.7869 0.0000 0.2549
v 0.5176 589.7303 15.0000
v 34.3974 0.0000 0.2510
v 0.1333 602.2690 56.6798
v 47.4354 0.0000 0.4157
v 0.0000 632.3456 60.2387
v 15.0193 0.0000 0.8078
v 0.3294 647.3839 62.0182
v -0.8194 0.0000 1.0039
v 0.4980 636.3736 37.0722
v -15.1315 0.0000 0.8588
v 0.6549 616.5719 32.5518
v -47.6310 0.0000 0.6000
v 1.0000 -507.7452 165.4510
v 216.5758 0.0000 1.0039
v 0.6157 -509.5950 165.4510
v 230.4730 0.0000 1.0039
v 0.1294 -509.5950 165.4510
v 230.4730 0.0000 1.0039
v 0.1294 -504.4824 165.4510
v 225.3122 0.0000 1.0039
v 0.3373 -515.9126 165.4510
v 231.6422 0.0000 1.0039
v 0.1490 -500.6106 90.0000
v 209.8687 0.0000 0.0000
v 1.0000 -495.7856 90.0000
v 224.6313 0.0000 0.0000
v 0.3647 -506.1264 90.0000
v 234.0451 0.0000 0.0000
v 0.3725 -503.3773 132.7914
v 211.8979 0.0000 0.5686
v 0.9059 -515.2416 90.0000
v 234.2203 0.0000 0.0000
v 0.0392 -515.7227 132.7914
v 233.2403 0.0000 0.5686
v 0.0706 -447.4714 75.2736
v 276.0126 0.0000 0.0275
v 0.3843 -441.8328 75.2736
v 280.6186 0.0000 0.0275
v 0.6745 -450.4752 77.1379
v 278.7909 0.0000 0.0000
v 0.3569 -442.4914 75.2736
v 278.7062 0.0000 0.0275
v 0.6078 -444.9462 75.2736
v 276.2997 0.0000 0.0275
v 0.4706 -457.0334 37.5000
v 278.1832 0.0000 0.6157
v 0.1294 -460.7970 12.5000
v 277.6090 0.0000 1.0039
v 0.2039 -448.2035 16.8593
v 270.2098 0.0000 0.9373
v 0.3882 -442.2696 16.8593
v 271.0443 0.0000 0.9373
v 0.7294 -436.5625 16.8593
v 274.5165 0.0000 0.9373
v 0.6980 -434.8383 37.5000
v 284.6947 0.0000 0.6157
v 0.9961 -434.0180 16.8593
v 283.6877 0.0000 0.9373
v 0.4588 -452.3380 56.2500
v 279.3391 0.0000 0.3255
v 0.6863 -437.2686 56.2500
v 281.7834 0.0000 0.3255
v 0.8510 497.9039 0.0103
v 462.1998 0.0000 0.9922
v 0.9882 497.9050 90.0001
v 462.1958 0.0000 0.4196
v 0.9843 497.9050 15.0002
v 462.1958 0.0000 0.8980
v 0.9843 497.9050 45.0001
v 462.1958 0.0000 0.7059
v 0.9843 431.2669 -0.0270
v 424.8418 0.0000 0.9961
v 0.3255 431.2669 -0.0270
v 424.8418 0.0000 0.9961
v 0.3176 497.9050 153.7501
v 462.1958 0.0000 0.0157
v 0.9804 418.3399 153.7501
v 391.6049 0.0000 0.0235
v 0.3216 418.3399 153.7501
v 391.6049 0.0000 0.0235
v 0.3216 397.4990 -0.0484
v 465.7709 0.0000 0.9961
v 0.1294 391.9400 14.9741
v 446.3541 0.0000 0.9020
v 0.0157 391.9130 44.9961
v 446.3819 0.0000 0.7098
v 0.0157 391.9109 90.0001
v 446.3896 0.0000 0.4235
v 0.0157 391.9109 153.7501
v 446.3896 0.0000 0.0196
v 0.0118 468.3292 153.7501
v 435.5160 0.0000 0.0196
v 0.6549 473.6806 0.0233
v 432.4780 0.0000 0.9961
v 0.7098 473.6806 0.0233
v 432.4780 0.0000 0.9961
v 0.7098 -275.5238 0.0000
v 496.0102 0.0000 1.0039
v 0.6588 -279.1328 90.0000
v 482.9498 0.0000 0.0000
v 0.7059 -228.2292 0.0000
v 501.6713 0.0000 1.0039
v 0.2157 -224.3377 90.0000
v 486.9094 0.0000 0.0000
v 0.1922 -298.2715 90.0000
v 528.0082 0.0000 0.0000
v 0.8392 -315.1945 0.0000
v 524.2027 0.0000 1.0039
v 0.6431 -282.3617 45.0000
v 541.8650 0.0000 0.5020
v 0.6784 -282.3617 45.0000
v 541.8650 0.0000 0.5020
v 0.6784 -291.5530 15.0000
v 537.2693 0.0000 0.8353
v 0.7686 -291.5530 15.0000
v 537.2693 0.0000 0.8353
v 0.7686 -205.6650 0.0000
v 504.5418 0.0000 1.0039
v 0.0039 -202.9948 15.0000
v 486.5203 0.0000 0.8353
v 0.0000 -204.0645 45.0000
v 490.2034 0.0000 0.5020
v 0.0039 -204.0645 90.0000
v 490.2035 0.0000 0.0000
v 0.0039 -249.6630 90.0000
v 474.1911 0.0000 0.0000
v 0.4549 -249.8042 0.0000
v 488.1022 0.0000 1.0039
v 0.4275 817.0283 90.0335
v -21.5634 0.0000 0.7294
v 0.1961 776.1965 90.0465
v -137.6364 0.0000 0.7373
v 0.6157 785.0477 217.5551
v -131.1422 0.0000 0.0353
v 0.0745 763.8293 217.5530
v -53.1618 0.0000 0.0314
v 0.6039 743.3235 217.5567
v -97.0615 0.0000 0.0353
v 0.2314 743.3235 217.5567
v -97.0615 0.0000 0.0353
v 0.2314 815.9878 217.5484
v -28.4353 0.0000 0.0275
v 0.9059 776.1827 45.0314
v -137.6442 0.0000 0.9882
v 0.0157 730.7729 45.0000
v -99.1461 0.0000 0.9843
v 0.2000 730.7729 45.0000
v -99.1461 0.0000 0.9843
v 0.2000 756.1613 45.0000
v -50.2887 0.0000 0.9804
v 0.6157 817.0231 45.0000
v -21.5523 0.0000 0.9765
v 0.9647 146.2032 345.0282
v 495.8922 0.0000 0.5020
v 0.7333 93.0743 217.5546
v 507.7921 0.0000 0.9843
v 0.7804 119.0503 217.5476
v 510.1635 0.0000 0.9804
v 0.4588 145.7445 217.5515
v 491.3956 0.0000 0.9804
v 0.0235 146.5997 472.5192
v 500.1920 0.0000 0.0196
v 0.0627 126.6133 472.5221
v 519.5054 0.0000 0.0235
v 0.4118 106.2051 472.5268
v 522.6025 0.0000 0.0235
v 0.6863 86.2269 217.5520
v 529.9988 0.0000 0.9843
v 0.9725 92.5089 345.0410
v 532.7574 0.0000 0.5059
v 0.9098 98.7949 472.5273
v 535.5201 0.0000 0.0235
v 0.8431 -491.8890 -0.0598
v 147.2215 0.0000 1.0039
v 0.6431 -513.4847 0.0595
v 180.7552 0.0000 1.0039
v 0.0000 -512.6198 90.0590
v 187.9876 0.0000 0.0000
v 0.0431 -478.9019 90.0526
v 139.6553 0.0000 0.0000
v 0.9569 -482.8237 90.0542
v 169.0567 0.0000 0.0000
v 0.5294 -494.4121 -0.1543
v 167.7733 0.0000 1.0039
v 0.4549 -479.5681 45.4885
v 141.8213 0.0000 0.4980
v 0.9216 -479.5681 45.4885
v 141.8213 0.0000 0.4980
v 0.9216 -490.3252 13.3897
v 143.6768 0.0000 0.8549
v 0.5098 -512.0101 45.0583
v 189.8819 0.0000 0.5020
v 0.0196 -511.7063 15.0591
v 190.8220 0.0000 0.8353
v 0.0078 197.9638 30.0226
v 441.7134 0.0000 0.9843
v 0.7529 210.5354 30.0249
v 434.8622 0.0000 0.9804
v 0.3412 222.5946 30.0183
v 442.6604 0.0000 0.9804
v 0.0078 220.7730 86.1721
v 443.2711 0.0000 0.2392
v 0.0863 198.5189 30.0136
v 451.0758 0.0000 0.9843
v 0.9765 200.5168 63.1467
v 451.4603 0.0000 0.5490
v 0.4275 219.7658 63.1505
v 444.5369 0.0000 0.5451
v 0.1412 219.7658 63.1505
v 444.5369 0.0000 0.5451
v 0.1412 201.5158 96.9696
v 451.6619 0.0000 0.1020
v 0.8863 209.8795 83.9303
v 438.2452 0.0000 0.2706
v 0.4196 199.6611 103.8605
v 442.0773 0.0000 0.0118
v 0.7020 221.8874 38.3013
v 443.1296 0.0000 0.8706
v 0.3647 198.8069 38.3041
v 442.0672 0.0000 0.8745
v 0.7294 198.8069 38.3041
v 442.0672 0.0000 0.8745
v 0.7294 199.0184 38.2969
v 451.1719 0.0000 0.8745
v 0.9608 220.5212 80.4167
v 443.5876 0.0000 0.3176
v 0.1020 209.8821 78.7347
v 438.4077 0.0000 0.3373
v 0.4235 209.8821 78.7347
v 438.4077 0.0000 0.3373
v 0.6902 201.2661 88.5138
v 451.6115 0.0000 0.2157
v 0.2863 216.2684 38.3035
v 439.1761 0.0000 0.8706
v 0.2039 198.6595 38.3005
v 446.6441 0.0000 0.8745
v 0.7922 56.5416 344.9736
v -588.6844 0.0000 0.5020
v 0.7373 60.6183 217.5103
v -607.1750 0.0000 0.9725
v 0.8627 56.5473 472.5003
v -588.7106 0.0000 0.0353
v 0.7373 17.3873 472.4980
v -534.1353 0.0000 0.0431
v 0.4667 39.3474 217.4928
v -537.7632 0.0000 0.9804
v 0.3843 46.8176 472.4967
v -510.5098 0.0000 0.0314
v 0.1647 59.4013 344.9383
v -514.1931 0.0000 0.5020
v 0.1686 80.4527 217.4433
v -519.4543 0.0000 0.9725
v 0.1725 25.9371 472.5003
v -568.2917 0.0000 0.0392
v 0.5765 27.1235 217.5126
v -583.1063 0.0000 0.9765
v 0.5961 56.5459 440.6186
v -588.7040 0.0000 0.1490
v 0.4353 49.9635 440.6071
v -511.4306 0.0000 0.1490
v 0.1647 58.7467 281.2419
v -598.5967 0.0000 0.7373
v 0.4275 75.1898 249.3171
v -518.1390 0.0000 0.8549
v 0.1725 59.7988 217.4681
v -527.9026 0.0000 0.9686
v 0.3255 31.1524 472.4973
v -521.0757 0.0000 0.0314
v 0.3059 41.0106 472.5003
v -579.8888 0.0000 0.0314
v 0.7098 43.2373 217.5114
v -598.9218 0.0000 0.9686
v 0.7255 190.6885 345.0473
v -415.9129 0.0000 1.0039
v 0.1333 179.2404 217.4987
v -390.6808 0.0000 0.3333
v 0.0353 176.0715 153.8079
v -404.7106 0.0000 0.0000
v 0.0000 233.9485 345.0318
v -384.7312 0.0000 1.0039
v 0.5882 234.6364 153.9029
v -386.3767 0.0000 0.0000
v 0.5725 279.1720 217.4715
v -392.3708 0.0000 0.3333
v 1.0000 273.6340 153.7849
v -401.8631 0.0000 0.0000
v 0.3098 441.3580 345.0052
v -253.7083 0.0000 0.5020
v 0.2510 470.1479 217.4897
v -211.2509 0.0000 0.0196
v 0.2471 474.1078 472.5048
v -214.1989 0.0000 0.9804
v 0.2510 515.2192 249.3723
v -204.6233 0.0000 0.1373
v 0.2471 440.4707 249.3537
v -253.4445 0.0000 0.1373
v 0.0118 457.9298 440.6296
v -233.9014 0.0000 0.8627
v 0.1294 455.1615 217.4797
v -232.3038 0.0000 0.0196
v 0.1294 496.5621 440.6299
v -209.6481 0.0000 0.8627
v 0.3490 492.3260 217.4921
v -207.8669 0.0000 0.0196
v 0.3373 506.0565 345.0060
v -206.9644 0.0000 0.5020
v 0.3922 486.9054 225.4613
v -208.8049 0.0000 0.0471
v 0.3176 503.7288 249.3715
v -206.4267 11.8932 0.1373
v 0.3843 470.2950 226.9530
v -211.3602 0.0000 0.0549
v 0.3569 487.6299 440.6301
v -211.2758 -0.0000 0.8627
v 0.3098 539.7243 345.0453
v 334.1028 0.0000 0.3098
v 0.5569 527.5970 217.5419
v 309.4331 0.0000 0.0118
v 0.4980 547.8835 472.4962
v 342.8029 -0.0000 0.6039
v 0.5686 517.1384 345.0141
v 422.2753 0.0000 0.3098
v 0.9059 517.1533 217.5111
v 422.3071 0.0000 0.0118
v 0.9059 517.8683 472.4991
v 422.4914 0.0000 0.6039
v 0.9059 568.6631 345.0218
v 283.4612 0.0000 0.3098
v 0.3255 569.0455 472.4991
v 289.5910 0.0000 0.6039
v 0.7059 508.2043 217.5303
v 361.2541 0.0000 0.0118
v 0.7176 517.8775 636.2418
v 422.5150 0.0000 0.9882
v 0.9059 518.1074 636.2296
v 364.3256 0.0000 0.9882
v 0.7059 537.8620 636.2245
v 326.4012 0.0000 0.9882
v 0.5333 570.8326 636.2386
v 281.2966 0.0000 0.9882
v 0.3098 570.3857 595.3038
v 283.3702 0.0000 0.8941
v 0.7020 517.8752 595.3061
v 422.5091 0.0000 0.8941
v 0.9059 530.5488 249.4177
v 315.2975 0.0000 0.0863
v 0.5137 511.2492 249.4065
v 362.1866 0.0000 0.0863
v 0.7137 517.1496 249.3869
v 422.2991 0.0000 0.0863
v 0.9059 556.7258 595.2985
v 305.6217 0.0000 0.8941
v 0.4235 563.3696 472.4983
v 304.4399 0.0000 0.6039
v 0.4039 -189.8545 345.0375
v 509.8708 0.0000 0.6745
v 0.5686 -225.9948 345.0535
v 513.3246 -0.0000 0.6745
v 0.7647 -225.3716 217.5532
v 496.0991 0.0000 0.9569
v 0.7725 -264.7798 345.0564
v 505.6590 0.0000 0.6745
v 0.9804 -197.1426 472.5293
v 522.1809 0.0000 0.3922
v 0.7647 -260.7036 472.5296
v 517.6892 0.0000 0.3922
v 0.9490 -258.7579 636.2622
v 523.7184 0.0000 0.0314
v 0.9333 -228.5656 636.2623
v 529.5607 0.0000 0.0314
v 0.7647 -200.7697 636.2622
v 528.3340 0.0000 0.0314
v 0.6157 -248.1043 217.5568
v 485.1509 0.0000 0.9569
v 0.9059 -203.7614 217.5361
v 501.8967 0.0000 0.9569
v 0.6510 -199.8630 595.3290
v 526.7957 0.0000 0.1216
v 0.6118 -259.2444 595.3291
v 522.2111 0.0000 0.1216
v 0.9373 -200.2847 249.4115
v 503.8902 0.0000 0.8863
v 0.6314 -225.5274 249.4282
v 500.4055 0.0000 0.8863
v 0.7725 -252.2732 249.4317
v 490.2779 0.0000 0.8863
v 0.6824 -207.8521 345.0454
v 511.0174 0.0000 0.6745
v 0.6667 -206.4866 249.4157
v 502.1486 0.0000 0.8863
v 0.6667 -209.0551 217.5404
v 499.5768 0.0000 0.9569
v 0.6824 -236.6654 217.5550
v 490.0447 0.0000 0.9569
v 0.8471 -245.3148 345.0549
v 508.9115 0.0000 0.6745
v 0.8549 -243.7260 595.3292
v 524.6289 0.0000 0.1216
v 0.8510 -243.5892 636.2623
v 526.0592 0.0000 0.0314
v 0.5647 -591.2968 153.7500
v 293.7888 0.0000 0.0157
v 0.5647 -613.5707 472.5172
v 314.9651 0.0000 0.9922
v 0.4980 -646.3502 153.7500
v 286.7850 0.0000 0.0157
v 0.7569 -646.3385 217.5085
v 286.7868 0.0000 0.2118
v 0.7569 -646.1545 345.0161
v 286.8949 0.0000 0.6000
v 0.7569 -646.1321 472.5104
v 286.9261 0.0000 0.9922
v 0.7569 -630.1277 472.5082
v 363.1355 0.0000 0.9922
v 0.2549 -630.2349 345.0067
v 363.2758 0.0000 0.6000
v 0.2549 -630.2413 217.5019
v 363.2803 0.0000 0.2118
v 0.2549 -630.2426 153.7500
v 363.2811 0.0000 0.0157
v 0.2549 -630.1545 440.6329
v 363.1705 0.0000 0.8941
v 0.2549 -609.8467 440.6451
v 311.4778 0.0000 0.8941
v 0.5098 -646.1377 440.6368
v 286.9183 0.0000 0.8941
v 0.4078 -610.4067 217.5059
v 329.0674 0.0000 0.2039
v 0.4196 -618.5282 153.7500
v 289.1401 0.0000 0.0157
v 0.6706 -622.1194 345.0225
v 292.8087 0.0000 0.6000
v 0.6588 -628.6389 472.5138
v 298.0953 0.0000 0.9882
v 0.6431 -625.2995 472.5105
v 351.4600 0.0000 0.9882
v 0.3216 -619.8172 153.7500
v 346.2751 0.0000 0.0157
v 0.3333 -668.1274 89.9746
v -218.0681 0.0000 0.9922
v 0.9608 -655.1063 89.9681
v -240.1056 0.0000 0.9922
v 0.7451 -661.7355 217.5082
v -214.4828 0.0000 0.0118
v 0.9725 -660.6683 153.7587
v -214.3992 0.0000 0.5020
v 0.9725 -647.0227 217.5046
v -237.0612 0.0000 0.0118
v 0.7490 -649.2593 217.5059
v -275.0047 0.0000 0.0118
v 0.4431 -642.2448 153.7558
v -279.1195 0.0000 0.5020
v 0.3882 -641.9796 89.9697
v -279.0864 0.0000 0.9922
v 0.3882 -657.9253 201.5699
v -220.1100 0.0000 0.1333
v 0.7490 -648.5682 201.5681
v -265.5015 0.0000 0.1333
v 0.5176 -643.3073 153.7556
v -268.5876 0.0000 0.5020
v 0.4784 -652.9534 105.9148
v -239.3272 0.0000 0.8706
v 0.7451 -662.7192 105.9197
v -222.7990 0.0000 0.8706
v 0.9098 -657.1249 153.7577
v -220.0473 0.0000 0.5020
v 0.9176 -647.9690 345.0117
v 16.4624 0.0000 0.5020
v 0.9686 -637.0992 217.5117
v 12.7985 0.0000 1.0039
v 0.6510 -608.2164 217.5172
v -15.9189 0.0000 1.0039
v 0.6314 -613.4809 345.0208
v -44.6078 0.0000 0.5020
v 0.2902 -604.9750 217.5210
v -46.5023 0.0000 1.0039
v 0.2745 -632.5507 345.0142
v -61.9324 0.0000 0.5020
v 0.0667 -658.8389 472.5115
v 20.1262 0.0000 0.0000
v 1.0000 -627.5958 472.5165
v -10.3565 0.0000 0.0000
v 0.6745 -621.9865 472.5207
v -42.7118 0.0000 0.0000
v 0.3020 -640.7020 472.5101
v -60.0731 0.0000 0.0000
v 0.0824 -617.3985 345.0194
v -57.0795 0.0000 0.5020
v 0.1412 -625.7256 472.5172
v -55.2051 0.0000 0.0000
v 0.1529 -656.1215 440.6366
v 19.2102 0.0000 0.1255
v 0.9922 -625.1733 440.6416
v -11.0519 -0.0000 0.1255
v 0.6706 -619.8600 440.6457
v -43.1861 0.0000 0.1255
v 0.2980 -623.6446 440.6421
v -55.6746 0.0000 0.1255
v 0.1490 -638.6661 440.6351
v -60.5385 0.0000 0.1255
v 0.0784 -639.8167 249.3867
v 13.7145 0.0000 0.8784
v 0.9451 -610.6389 249.3921
v -15.2234 0.0000 0.8784
v 0.6353 -607.1014 249.3960
v -46.0287 0.0000 0.8784
v 0.7922 -632.9663 345.0115
v 1.7020 -0.0000 0.5020
v 0.8118 -640.6755 440.6365
v 4.1175 0.0000 0.1255
v 0.8314 -643.2453 472.5115
v 4.9227 0.0000 0.0000
v 0.8392 -622.6578 217.5144
v -1.5602 0.0000 1.0039
v 0.7843 -612.4557 273.2983
v -14.7019 0.0000 0.7843
v 0.6392 -608.6963 273.3022
v -45.6734 0.0000 0.7843
v 0.6000 -386.8135 89.9626
v 295.2850 0.0000 0.2745
v 0.8000 -413.0310 217.5140
v 297.2575 0.0000 0.9765
v 0.7804 -392.0074 217.5160
v 299.0446 0.0000 0.9765
v 0.9020 -438.2530 217.5124
v 306.4742 0.0000 0.9765
v 0.6118 -449.3835 217.5113
v 322.7217 0.0000 0.9765
v 0.5098 -451.9819 90.0057
v 323.0085 0.0000 0.2745
v 0.4941 -451.9929 45.0091
v 323.0410 0.0000 0.0275
v 0.4941 -443.5064 45.0123
v 302.9654 0.0000 0.0275
v 0.5882 -412.5724 44.9890
v 296.6367 0.0000 0.0275
v 0.7843 -395.1640 44.9914
v 302.1754 0.0000 0.0275
v 0.8745 -390.9952 192.6569
v 298.3119 0.0000 0.8431
v 0.9098 -412.8812 205.7523
v 296.9120 0.0000 0.9137
v 0.7843 -450.2570 174.6433
v 322.7627 0.0000 0.7412
v 0.5333 -398.4380 89.9754
v 294.4467 0.0000 0.2745
v 0.7882 -440.0350 138.3410
v 305.2579 -0.0000 0.5412
v 0.6039 -662.5181 89.8658
v 62.8146 0.0000 0.9647
v 0.9020 -626.1947 90.1626
v 8.9750 0.0000 0.9647
v 0.2510 -622.6645 90.1768
v 38.8264 0.0000 0.9647
v 0.4784 -638.5842 90.0484
v 63.8909 0.0000 0.9647
v 0.7765 -674.7881 217.4839
v 65.6433 0.0000 0.0118
v 0.9922 -668.6556 153.7348
v 64.2327 0.0000 0.4863
v 0.9451 -651.9114 217.5085
v 67.3321 0.0000 0.0118
v 0.8275 -634.6616 217.5406
v 43.3895 0.0000 0.0118
v 0.5333 -637.0315 217.5358
v 12.6905 0.0000 0.0118
v 0.3451 -631.5956 153.7862
v 10.8550 0.0000 0.4863
v 0.2980 -671.7219 185.6093
v 64.9380 0.0000 0.2510
v 0.9686 -650.2448 201.5713
v 66.9021 0.0000 0.1294
v 0.8667 -633.8375 208.8249
v 43.0773 0.0000 0.0745
v 0.5765 -633.0222 170.5163
v 11.3367 0.0000 0.3608
v 0.3098 -627.7896 108.9496
v 9.5301 0.0000 0.8235
v 0.2667 -623.3598 97.5868
v 39.0919 0.0000 0.9059
v 0.8039 -558.8530 90.0189
v 148.1878 0.0000 0.9765
v 0.1647 -525.6519 89.9966
v 109.5656 0.0000 0.9765
v 0.8118 -549.5677 90.0119
v 124.2536 0.0000 0.9765
v 0.4510 -548.2775 217.5151
v 128.1228 0.0000 0.0275
v 0.4314 -526.8466 217.5243
v 115.7827 0.0000 0.0275
v 0.7490 -555.4114 217.5112
v 147.7859 0.0000 0.0275
v 0.2000 -539.5018 217.0042
v 118.0973 0.0000 0.0314
v 0.6000 -539.5237 89.5025
v 113.0581 0.0000 0.9804
v 0.6431 -514.6508 217.5212
v 122.7957 0.0000 0.0275
v 0.8157 -512.3757 89.9803
v 117.5051 0.0000 0.9765
v 0.8824 -557.1322 153.7650
v 147.9868 0.0000 0.5020
v 0.7804 -513.5121 153.7506
v 120.1487 0.0000 0.5020
v 0.8471 -514.0815 185.6359
v 121.4722 0.0000 0.2627
v 0.8314 -526.5477 185.6420
v 114.2276 0.0000 0.2627
v 0.6118 -548.6000 185.6393
v 127.1555 0.0000 0.2627
v 0.4353 -512.9440 121.8655
v 118.8269 0.0000 0.7373
v 0.8039 -539.5181 121.3780
v 114.3179 0.0000 0.7412
v 0.4471 -558.1818 114.8851
v 148.1094 0.0000 0.7922
v 0.1725 -520.3145 185.6389
v 117.8499 0.0000 0.2627
v 0.7961 -517.5585 153.7535
v 117.7736 0.0000 0.5020
v 0.8314 -556.2718 185.6381
v 147.8864 0.0000 0.2627
v 0.1922 -552.9255 217.5126
v 140.9344 0.0000 0.0275
v 0.2627 -553.1491 90.0146
v 133.4850 0.0000 0.9765
v 0.3412 0.0000 0.0000
v 71.1201 318.0502 -32.6550
v 821.9913 0.0000 0.0000
v 0.0000 0.0000 0.0997
v 1.0000 1.0000 1.0000
v -990.7639 253.8014 -746.2966
v 0.0000 -990.7639 253.8014
v -915.8986 0.0000 -990.7639
v 253.8014 -831.0975 0.0000
v -990.7639 712.9041 -910.1196
v 0.0000 -990.7639 691.1190
v -828.2081 0.0000 -990.7639
v 702.0115 -869.1638 0.0000
v -990.7639 131.8466 -713.3745
v 0.0000 -990.7639 795.5905
v -746.2966 0.0000 -990.7639
v 144.4597 -682.6959 0.0000
v -990.7639 253.8014 -873.4981
v 0.0000 -990.7639 127.5445
v -746.2966 0.0000 -990.7639
v 253.8014 -619.0952 0.0000
v -990.7639 131.8466 -779.2188
v 0.0000 -990.7639 837.6763
v -746.2966 0.0000 -990.7639
v 753.5052 -746.2966 0.0000
v -990.7639 702.0115 -623.4293
v 0.0000 -990.7639 144.4597
v -809.8973 0.0000 -990.7639
v 221.1237 -623.4293 0.0000
v -990.7639 164.5243 -836.2416
v 0.0000 -990.7639 190.6729
v -636.1369 0.0000 -990.7639
v 190.6729 -856.4563 0.0000
v -990.7639 164.5243 -656.3516
v 0.0000 -990.7639 221.1237
v -869.1637 0.0000 -990.7639
v 712.9041 -582.4736 0.0000
v -990.7639 691.1190 -664.3851
v 0.0000 -990.7639 253.8014
v -576.6946 0.0000 -990.7639
v 253.8014 -661.4955 0.0000
v -990.7639 210.2311 -582.4737
v 0.0000 -990.7639 232.0163
v -664.3852 0.0000 -990.7639
v 169.6301 -599.4169 0.0000
v -990.7639 211.7157 -672.8568
v 0.0000 -990.7639 134.7652
v -626.3699 0.0000 -990.7639
v 194.2833 -686.3333 0.0000
v -990.7639 108.0125 -661.4955
v 0.0000 -990.7639 180.9069
v -703.8961 0.0000 -990.7639
v 91.1950 -702.4004 0.0000
v -990.7639 172.4982 -724.3485
v 0.0000 -990.7639 85.4589
v -746.2966 0.0000 -990.7639
v 169.6301 -746.2966 0.0000
v -990.7639 91.1950 -790.1928
v 0.0000 -990.7639 172.4982
v -768.2448 0.0000 -990.7639
v 108.0125 -831.0975 0.0000
v -990.7639 180.9070 -788.6971
v 0.0000 -990.7639 134.7653
v -866.2233 0.0000 -990.7639
v 194.2833 -806.2600 0.0000
v -990.7639 169.6301 -893.1761
v 0.0000 -990.7639 211.7158
v -819.7363 0.0000 -990.7639
v 210.2311 -910.1196 0.0000
v -990.7639 232.0163 -828.2081
v 0.0000 -990.7641 253.8014
v -746.2964 0.0000 -821.1621
v 253.8014 -746.2964 0.0000
v -905.9632 253.8014 -746.2964
v 0.0000 -826.9412 712.9041
v -746.2964 0.0000 -908.8526
v 691.1190 -746.2964 0.0000
v -867.8970 702.0115 -746.2964
v 0.0000 -1023.6863 131.8466
v -746.2964 0.0000 -990.7641
v 795.5905 -746.2964 0.0000
v -1054.3647 144.4597 -746.2964
v 0.0000 -863.5626 253.8014
v -746.2964 0.0000 -990.7641
v 127.5445 -746.2964 0.0000
v -1117.9656 253.8014 -746.2964
v 0.0000 -957.8420 131.8466
v -746.2964 0.0000 -990.7641
v 837.6763 -746.2964 0.0000
v -990.7641 753.5052 -746.2964
v 0.0000 -1113.6313 702.0115
v -746.2964 0.0000 -927.1634
v 144.4597 -746.2964 0.0000
v -1113.6313 221.1237 -746.2964
v 0.0000 -900.8192 164.5243
v -746.2964 0.0000 -1100.9237
v 190.6729 -746.2964 0.0000
v -880.6044 190.6729 -746.2964
v 0.0000 -1080.7092 164.5243
v -746.2964 0.0000 -867.8970
v 221.1237 -746.2964 0.0000
v -1154.5870 712.9041 -746.2964
v 0.0000 -1072.6755 691.1190
v -746.2964 0.0000 -1160.3661
v 253.8014 -746.2964 0.0000
v -1075.5652 253.8014 -746.2964
v 0.0000 -1154.5870 210.2311
v -746.2964 0.0000 -1072.6755
v 232.0163 -746.2964 0.0000
v -1137.6438 169.6301 -746.2964
v 0.0000 -1064.2039 211.7157
v -746.2964 0.0000 -1110.6909
v 134.7652 -746.2964 0.0000
v -1050.7274 194.2833 -746.2964
v 0.0000 -1075.5652 108.0125
v -746.2964 0.0000 -1033.1647
v 180.9069 -746.2964 0.0000
v -1034.6603 91.1950 -746.2964
v 0.0000 -1012.7122 172.4982
v -746.2964 0.0000 -990.7641
v 85.4589 -746.2964 0.0000
v -990.7641 169.6301 -746.2964
v 0.0000 -946.8679 91.1950
v -746.2964 0.0000 -968.8160
v 172.4982 -746.2964 0.0000
v -905.9632 108.0125 -746.2964
v 0.0000 -948.3636 180.9070
v -746.2964 0.0000 -870.8374
v 134.7653 -746.2964 0.0000
v -930.8007 194.2833 -746.2964
v 0.0000 -843.8846 169.6301
v -746.2964 0.0000 -917.3244
v 211.7158 -746.2964 0.0000
v -826.9412 210.2311 -746.2964
v 0.0000 -908.8527 232.0163
v -746.2964 0.0000 -164.5607
v 253.8014 -1109.2504 0.0000
v -40.3258 253.8014 -1224.7084
v 0.0000 -102.4433 253.8014
v -1166.9794 0.0000 -44.5590
v 723.3257 -1220.7743 0.0000
v -104.5599 701.5405 -1165.0123
v 0.0000 -74.5595 712.4330
v -1192.8933 0.0000 -188.6765
v 131.8466 -1086.8385 0.0000
v -164.5607 806.0121 -1109.2504
v 0.0000 -211.1488 144.4597
v -1065.9537 0.0000 -71.3846
v 253.8014 -1195.8438 0.0000
v -164.5607 127.5445 -1109.2504
v 0.0000 -257.7368 253.8014
v -1022.6570 0.0000 -140.4450
v 131.8466 -1131.6625 0.0000
v -164.5607 848.0978 -1109.2504
v 0.0000 -164.5607 763.9268
v -1109.2504 0.0000 -254.5620
v 712.4330 -1025.6075 0.0000
v -117.9726 144.4597 -1152.5471
v 0.0000 -254.5620 221.1237
v -1025.6075 0.0000 -98.6752
v 164.5243 -1170.4812 0.0000
v -245.2536 190.6729 -1034.2584
v 0.0000 -83.8678 190.6729
v -1184.2426 0.0000 -230.4462
v 164.5243 -1048.0197 0.0000
v -74.5595 221.1237 -1192.8933
v 0.0000 -284.5624 723.3257
v -997.7267 0.0000 -224.5616
v 701.5405 -1053.4885 0.0000
v -288.7956 253.8014 -993.7926
v 0.0000 -226.6782 253.8014
v -1051.5215 0.0000 -284.5624
v 210.2311 -997.7267 0.0000
v -224.5616 232.0163 -1053.4885
v 0.0000 -272.1513 169.6301
v -1009.2610 0.0000 -218.3560
v 211.7157 -1059.2557 0.0000
v -252.4081 134.7652 -1027.6094
v 0.0000 -208.4844 194.2833
v -1068.4299 0.0000 -226.6782
v 108.0125 -1051.5215 0.0000
v -195.6194 180.9069 -1080.3859
v 0.0000 -196.7151 91.1950
v -1079.3678 0.0000 -180.6379
v 172.4982 -1094.3091 0.0000
v -164.5607 85.4589 -1109.2504
v 0.0000 -164.5607 169.6301
v -1109.2504 0.0000 -132.4064
v 91.1950 -1139.1332 0.0000
v -148.4835 172.4982 -1124.1919
v 0.0000 -102.4433 108.0125
v -1166.9794 0.0000 -133.5020
v 180.9070 -1138.1149 0.0000
v -76.7134 134.7653 -1190.8916
v 0.0000 -120.6370 194.2833
v -1150.0710 0.0000 -56.9702
v 169.6301 -1209.2399 0.0000
v -110.7654 211.7158 -1159.2451
v 0.0000 -44.5591 210.2311
v -1220.7743 0.0000 -104.5599
v 232.0163 -1165.0123 0.0000
v -164.5610 253.8014 -1109.2505
v 0.0000 -49.1031 253.8014
v -985.0156 0.0000 -106.8320
v 253.8014 -1047.1332 0.0000
v -53.0372 723.3257 -989.2489
v 0.0000 -108.7991 701.5405
v -1049.2498 0.0000 -80.9182
v 712.4330 -1019.2493 0.0000
v -186.9730 131.8466 -1133.3662
v 0.0000 -164.5610 806.0121
v -1109.2505 0.0000 -207.8577
v 144.4597 -1155.8385 0.0000
v -77.9676 253.8014 -1016.0745
v 0.0000 -164.5610 127.5445
v -1109.2505 0.0000 -251.1544
v 253.8014 -1202.4268 0.0000
v -142.1490 131.8466 -1085.1349
v 0.0000 -164.5610 848.0978
v -1109.2505 0.0000 -164.5610
v 763.9268 -1109.2505 0.0000
v -248.2038 712.4330 -1199.2517
v 0.0000 -121.2643 144.4597
v -1062.6625 0.0000 -248.2038
v 221.1237 -1199.2517 0.0000
v -103.3302 164.5243 -1043.3650
v 0.0000 -239.5531 190.6729
v -1189.9434 0.0000 -89.5689
v 190.6729 -1028.5576 0.0000
v -225.7918 164.5243 -1175.1360
v 0.0000 -80.9182 221.1237
v -1019.2494 0.0000 -276.0848
v 723.3257 -1229.2521 0.0000
v -220.3229 701.5405 -1169.2515
v 0.0000 -280.0189 253.8014
v -1233.4855 0.0000 -222.2900
v 253.8014 -1171.3680 0.0000
v -276.0848 210.2311 -1229.2521
v 0.0000 -220.3229 232.0163
v -1169.2515 0.0000 -264.5504
v 169.6301 -1216.8412 0.0000
v -214.5557 211.7157 -1163.0458
v 0.0000 -246.2021 134.7652
v -1197.0979 0.0000 -205.3815
v 194.2833 -1153.1742 0.0000
v -222.2900 108.0125 -1171.3680
v 0.0000 -193.4255 180.9069
v -1140.3092 0.0000 -194.4437
v 91.1950 -1141.4049 0.0000
v -179.5023 172.4982 -1125.3278
v 0.0000 -164.5610 85.4589
v -1109.2505 0.0000 -164.5610
v 169.6301 -1109.2505 0.0000
v -134.6783 91.1950 -1077.0962
v 0.0000 -149.6196 172.4982
v -1093.1735 0.0000 -106.8320
v 108.0125 -1047.1332 0.0000
v -135.6965 180.9070 -1078.1919
v 0.0000 -82.9199 134.7653
v -1021.4032 0.0000 -123.7405
v 194.2833 -1065.3268 0.0000
v -64.5715 169.6301 -1001.6600
v 0.0000 -114.5663 211.7158
v -1055.4552 0.0000 -53.0373
v 210.2311 -989.2489 0.0000
v -108.7991 232.0163 -1049.2498
v 0.0000 729.6583 253.8014
v -737.7482 0.0000 899.1880
v 253.8014 -732.7957 0.0000
v 814.4233 253.8014 -735.2720
v 0.0000 893.4114 723.1193
v -732.9645 0.0000 811.5349
v 701.3340 -735.3563 0.0000
v 852.4732 712.2267 -734.1604
v 0.0000 696.7502 131.8466
v -738.7095 0.0000 729.6583
v 805.8056 -737.7482 0.0000
v 666.0848 144.4597 -739.6053
v 0.0000 856.8056 253.8014
v -734.0339 0.0000 729.6583
v 127.5445 -737.7482 0.0000
v 602.5111 253.8014 -741.4624
v 0.0000 762.5665 131.8466
v -736.7868 0.0000 729.6583
v 847.8913 -737.7482 0.0000
v 729.6583 763.7203 -737.7482
v 0.0000 606.8436 712.2267
v -741.3359 0.0000 793.2321
v 144.4597 -735.8909 0.0000
v 606.8436 221.1237 -741.3359
v 0.0000 819.5651 164.5243
v -735.1217 0.0000 619.5456
v 190.6729 -740.9648 0.0000
v 839.7711 190.6729 -734.5314
v 0.0000 639.7517 164.5243
v -740.3745 0.0000 852.4732
v 221.1237 -734.1604 0.0000
v 565.9053 723.1193 -742.5317
v 0.0000 647.7818 701.3340
v -740.1400 0.0000 560.1287
v 253.8014 -742.7006 0.0000
v 644.8936 253.8014 -740.2242
v 0.0000 565.9053 210.2311
v -742.5317 0.0000 647.7818
v 232.0163 -740.1400 0.0000
v 582.8414 169.6301 -742.0370
v 0.0000 656.2499 211.7157
v -739.8925 0.0000 609.7828
v 134.7652 -741.2500 0.0000
v 669.7205 194.2833 -739.4990
v 0.0000 644.8936 108.0125
v -740.2243 0.0000 687.2760
v 180.9069 -738.9861 0.0000
v 685.7809 91.1950 -739.0299
v 0.0000 707.7197 172.4982
v -738.3890 0.0000 729.6583
v 85.4589 -737.7482 0.0000
v 729.6583 169.6301 -737.7482
v 0.0000 773.5359 91.1950
v -736.4664 0.0000 751.5972
v 172.4982 -737.1073 0.0000
v 814.4232 108.0125 -735.2720
v 0.0000 772.0408 180.9070
v -736.5101 0.0000 849.5340
v 134.7653 -734.2463 0.0000
v 789.5961 194.2833 -735.9971
v 0.0000 876.4754 169.6301
v -733.4593 0.0000 803.0668
v 211.7158 -735.6037 0.0000
v 893.4114 210.2311 -732.9645
v 0.0000 811.5349 232.0163
v -735.3563 0.0000 729.6582
v 253.8014 -737.7484 0.0000
v 724.7059 253.8014 -568.2188
v 0.0000 727.1821 253.8014
v -652.9836 0.0000 724.8746
v 723.1193 -573.9953 0.0000
v 727.2664 701.3340 -655.8718
v 0.0000 726.0706 712.2267
v -614.9337 0.0000 730.6196
v 131.8466 -770.6565 0.0000
v 729.6582 805.8056 -737.7484
v 0.0000 731.5154 144.4597
v -801.3221 0.0000 725.9440
v 253.8014 -610.6011 0.0000
v 729.6582 127.5445 -737.7484
v 0.0000 733.3726 253.8014
v -864.8957 0.0000 728.6969
v 131.8466 -704.8403 0.0000
v 729.6582 847.8913 -737.7484
v 0.0000 729.6582 763.7203
v -737.7484 0.0000 733.2460
v 712.2267 -860.5632 0.0000
v 727.8011 144.4597 -674.1748
v 0.0000 733.2460 221.1237
v -860.5632 0.0000 727.0318
v 164.5243 -647.8417 0.0000
v 732.8749 190.6729 -847.8611
v 0.0000 726.4415 190.6729
v -627.6356 0.0000 732.2847
v 164.5243 -827.6551 0.0000
v 726.0706 221.1237 -614.9337
v 0.0000 734.4419 723.1193
v -901.5016 0.0000 732.0500
v 701.3340 -819.6250 0.0000
v 734.6107 253.8014 -907.2781
v 0.0000 732.1343 253.8014
v -822.5133 0.0000 734.4419
v 210.2311 -901.5015 0.0000
v 732.0501 232.0163 -819.6250
v 0.0000 733.9471 169.6301
v -884.5654 0.0000 731.8027
v 211.7157 -811.1569 0.0000
v 733.1600 134.7652 -857.6240
v 0.0000 731.4092 194.2833
v -797.6862 0.0000 732.1345
v 108.0125 -822.5133 0.0000
v 730.8963 180.9069 -780.1308
v 0.0000 730.9400 91.1950
v -781.6259 0.0000 730.2991
v 172.4982 -759.6872 0.0000
v 729.6582 85.4589 -737.7484
v 0.0000 729.6582 169.6301
v -737.7484 0.0000 728.3765
v 91.1950 -693.8710 0.0000
v 729.0173 172.4982 -715.8096
v 0.0000 727.1821 108.0125
v -652.9836 0.0000 728.4201
v 180.9070 -695.3660 0.0000
v 726.1563 134.7653 -617.8729
v 0.0000 727.9073 194.2833
v -677.8107 0.0000 725.3694
v 169.6301 -590.9315 0.0000
v 727.5138 211.7158 -664.3400
v 0.0000 724.8746 210.2311
v -573.9954 0.0000 727.2664
v 232.0163 -655.8719 0.0000
v 0.0000 -130.5890 466.7784
v -900.8521 1068.9150 0.0000
v 0.0000 1.0000 1.0000
v 1.0000 0.0000 0.0000
v 0.9765 0.0000 0.0000
v 0.0000 0.0000 -442.5804
v 400.0000 -470.7853 433.6441
v 0.0000 0.0000 1.0000
v 1.0000 1.0000 0.0000
v 0.0000 0.0000 525.7211
v 400.0000 -72.5842 487.4907
v 0.0000 0.0000 1.0000
v 1.0000 1.0000 0.0000
v 0.9804 0.0000 0.0000
v 0.0000 120.5866 400.0000
v -474.8867 457.7180 0.0000
v 0.0000 1.0000 1.0000
v 1.0000 0.0000 0.0000
v 0.0000 -364.8216 0.2296
v -785.4280 0.0000 0.0000
v 1.0000 -367.6055 0.2296
v -823.3913 0.0000 0.0000
v 0.6980 -350.7042 0.2296
v -861.3546 0.0000 0.0000
v 0.3216 -350.7042 0.2296
v -861.3546 0.0000 0.0000
v 0.3216 -336.8249 0.2296
v -885.0251 0.0000 0.0000
v 0.0000 -336.8249 0.2296
v -885.0251 0.0000 0.0000
v 0.0000 -361.0979 21.7268
v -785.4178 0.0000 0.2784
v 0.3216 -335.9444 12.7773
v -882.1716 0.0000 0.2941
v 0.0000 -361.8047 34.2201
v -785.4073 0.0000 0.6431
v 0.3216 -336.2427 25.3249
v -879.3181 0.0000 0.6118
v 0.0000 -375.0375 55.7825
v -785.7016 0.0000 1.0039
v 1.0000 -380.9939 47.8644
v -821.3871 0.0000 1.0039
v 0.7137 -364.2704 48.9500
v -857.0727 0.0000 1.0039
v 0.3490 -351.9147 48.5514
v -886.3641 0.0000 1.0039
v 0.0000 39.5167 53.3567
v -873.6439 0.0000 0.0000
v 1.0000 50.6298 59.8106
v -799.8132 0.0000 0.0000
v 0.3961 29.7933 66.7780
v -741.2056 0.0000 0.0000
v -0.1725 29.7933 66.7780
v -741.2056 0.0000 0.0000
v -0.1725 63.1194 50.0000
v -663.8509 0.0000 0.0000
v -1.0039 25.9833 100.0000
v -879.9860 0.0000 0.5569
v -0.1686 69.3589 100.0000
v -663.7988 0.0000 0.5882
v -1.0039 25.9833 154.2642
v -879.9860 0.0000 1.2863
v 1.0000 78.3373 158.0494
v -802.6188 0.0001 1.2706
v 0.3725 17.8301 157.2427
v -737.7036 0.0000 1.2627
v -0.1686 69.3589 158.8297
v -663.7988 0.0000 1.2235
v -1.0039 -4.3981 219.8282
v -872.9291 0.0000 2.0078
v 1.0000 58.5804 218.1241
v -804.3630 0.0000 2.0078
v 0.4275 28.5970 217.3345
v -739.0712 0.0000 2.0078
v -0.1137 69.3589 220.1563
v -663.7988 0.0000 2.0078
v -1.0039 55.1949 218.9761
v -838.6460 0.0000 2.0078
v 0.7843 45.0506 153.8740
v -847.0208 0.0000 1.2784
v 0.7569 32.8522 106.3230
v -841.5123 0.0000 0.5882
v 0.7373 43.4891 56.5837
v -836.7286 0.0000 0.0000
v 0.7686 43.5945 166.6069
v -700.7512 0.0000 1.2431
v -0.5882 57.4590 100.0000
v -699.9064 3.3819 0.5843
v -0.5882 52.7466 58.3890
v -702.5283 0.0000 0.0000
v -0.5882 34.2829 63.2943
v -770.5094 0.0000 0.0000
v 0.1098 54.9963 94.7606
v -769.2820 0.0000 0.6000
v 0.1020 -667.5735 100.0000
v -784.8030 0.0000 0.0000
v 1.0000 -641.9419 100.0000
v -781.3279 0.0000 0.0000
v 0.6549 -573.6631 120.7533
v -772.3393 0.0000 0.0000
v -0.2000 -573.6631 120.7533
v -772.3393 0.0000 0.0000
v -0.2000 -468.3710 160.3302
v -854.8395 0.0000 0.0000
v -1.0039 -693.2173 152.6662
v -763.0787 0.0000 0.5569
v -0.1961 -468.9742 225.0096
v -815.0739 0.0000 0.5882
v -1.0039 -683.4585 225.1655
v -777.6492 0.0000 1.2863
v 1.0000 -618.8336 287.3502
v -822.1638 0.0001 1.2706
v 0.3725 -549.5555 287.3503
v -829.8340 0.0000 1.2627
v -0.1961 -457.5008 287.3503
v -803.5701 0.0000 1.2235
v -1.0039 -702.5082 335.3074
v -748.1753 0.0000 2.0078
v 1.0000 -620.7573 349.6910
v -786.6505 0.0000 2.0078
v 0.4275 -539.1710 349.6909
v -834.7548 0.0000 2.0078
v -0.1412 -443.8056 349.6910
v -788.0655 0.0000 2.0078
v -1.0039 -535.5442 160.3302
v -820.7912 0.0000 0.0000
v -0.5882 -614.1987 225.0096
v -833.2538 0.0000 0.9333
v 0.4000 736.2914 50.0000
v -437.4433 0.0000 0.3804
v 0.0000 736.2914 50.0000
v -437.4433 0.0000 0.3804
v 0.0000 828.8155 48.1738
v -586.3286 0.0000 2.0039
v 0.2863 827.7573 99.9032
v -587.5154 0.0000 2.0039
v 0.6275 803.3074 146.2987
v -609.2571 0.0000 2.0039
v 0.6078 789.0894 185.2643
v -439.0242 0.0000 0.3216
v 1.0000 796.7527 187.5000
v -610.0106 0.0000 2.0039
v 1.0000 752.4433 186.7573
v -494.4819 0.0000 0.8549
v 0.6157 759.2985 187.3734
v -535.8649 0.0000 1.3490
v 0.6118 727.4130 50.0000
v -497.6773 0.0000 0.8745
v 0.0000 733.7822 48.7878
v -553.4266 0.0000 1.3647
v 0.2863 782.9212 187.5000
v -570.9172 0.0000 1.6863
v 1.0000 771.3018 187.4550
v -547.1390 0.0000 1.5059
v 0.2902 780.4763 49.8908
v -579.7130 0.0000 1.6941
v 0.0000 754.1885 49.0967
v -568.7349 0.0000 1.5176
v 0.0000 739.0853 99.9995
v -468.2218 0.2668 0.6275
v 0.2863 731.4308 50.0000
v -467.5603 0.0000 0.6275
v 0.2902 727.3061 50.4415
v -536.9745 0.0000 1.1255
v 0.0000 758.5681 187.2679
v -519.1898 0.0000 1.1059
v 1.0000 772.1399 73.2693
v -390.3994 0.0000 0.0000
v 0.0000 790.3257 99.9998
v -404.9793 0.0000 0.0000
v 0.2863 820.1974 183.8795
v -409.7298 0.0000 0.0000
v 1.0000 797.4444 145.1634
v -404.0178 0.0000 0.0000
v 0.6196 531.1132 25.0000
v -787.4186 0.0000 0.0000
v 1.0000 544.0169 13.5516
v -852.0447 0.0000 0.0000
v 0.5216 643.6862 24.5191
v -901.5774 0.0000 0.0000
v -0.2353 643.6862 24.5191
v -901.5774 0.0000 0.0000
v -0.2353 759.5598 25.0000
v -931.9829 0.0000 0.0000
v -1.0039 532.3312 50.0000
v -778.6008 0.0000 0.5569
v -0.2314 759.5598 50.0000
v -931.9829 0.0000 0.5882
v -1.0039 542.0995 100.0000
v -763.5720 0.0000 1.2863
v 1.0000 582.2167 100.0000
v -824.9338 0.0000 1.2706
v 0.4980 647.1872 100.0000
v -896.1381 0.0000 1.2627
v -0.2314 759.5598 100.0000
v -931.9830 0.0000 1.2235
v -1.0039 532.3210 187.3666
v -778.6074 0.0000 2.0078
v 1.0000 582.2053 187.5339
v -824.9410 0.0000 2.0078
v 0.5529 678.3883 187.7933
v -903.9565 0.0000 2.0078
v -0.5059 758.6801 187.5210
v -926.6915 0.0000 2.0078
v -1.0039 548.5424 187.3729
v -802.6830 0.0000 2.0078
v 0.7569 540.1791 50.9749
v -809.7100 0.0000 0.5882
v 0.7373 544.1094 24.0389
v -806.6209 0.0000 0.0000
v -0.5255 675.4078 50.0000
v -921.4616 0.0000 0.5843
v -0.5255 675.4078 25.0000
v -921.4615 0.0000 0.0000
v -0.5255 594.6774 20.9666
v -896.3663 0.0000 0.0000
v 0.1098 591.9225 50.9090
v -894.3362 0.0000 0.6000
v 0.1020 611.4510 187.5229
v -872.5445 0.0000 2.0078
v 0.1569 647.1748 187.6939
v -896.1461 0.0000 2.0078
v -0.1922 759.5597 146.2987
v -931.9830 0.0000 1.6157
v -0.5137 654.0060 146.2987
v -875.1292 0.0000 1.6353
v -0.2118 605.0029 146.2977
v -878.7875 0.0000 1.6392
v 0.1294 582.2167 146.2987
v -824.9338 0.0000 1.6392
v 0.7725 532.3312 146.2987
v -778.6008 0.0000 1.6471
v 1.0000 -811.7361 25.0000
v -313.3960 0.0000 0.0000
v 1.0000 -869.7809 25.0000
v -337.5154 0.0000 0.0000
v 0.3961 -898.0177 25.0000
v -395.0259 0.0000 0.0000
v -0.1725 -898.0177 25.0000
v -395.0259 0.0000 0.0000
v -0.1725 -933.9970 25.0000
v -467.2533 0.0000 0.0000
v -1.0039 -803.8298 50.0000
v -317.9559 0.0000 0.5569
v -0.1686 -935.9960 50.0000
v -466.7133 0.0000 0.5882
v -1.0039 -809.8223 100.0000
v -309.7997 0.0000 1.2863
v 1.0000 -888.9636 100.0000
v -317.1575 0.0001 1.2706
v 0.3725 -902.9241 100.0000
v -387.0294 0.0000 1.2627
v -0.1686 -951.5613 158.8297
v -451.8090 0.0000 1.2235
v -1.0039 -821.7131 158.8297
v -291.5575 0.0000 2.0078
v 1.0000 -852.5319 158.0844
v -351.8483 0.0000 2.0078
v 0.4275 -902.9243 158.8297
v -387.0292 0.0000 2.0078
v -0.1137 -863.9441 158.4570
v -378.3448 0.0000 2.0078
v 0.1569 -826.0956 158.4570
v -332.1934 0.0000 2.0078
v 0.7843 -850.2466 100.0000
v -307.9141 0.0000 1.2784
v 0.7569 -843.2406 50.1072
v -317.0825 0.0000 0.5882
v 0.7373 -841.7087 25.0000
v -319.2935 0.0000 0.0000
v 0.7686 -927.2428 100.0000
v -419.4192 0.0000 1.2431
v -0.5882 -927.7365 25.0000
v -425.4609 0.0000 0.0000
v -0.5882 -889.6423 25.0000
v -360.7896 0.0000 0.0000
v 0.1098 -898.3973 50.1072
v -352.1591 0.0000 0.6000
v 0.1020 -927.2429 158.8297
v -419.4191 0.0000 2.0078
v -0.5569 -951.5613 100.0000
v -451.8090 0.0000 0.9059
v -1.0039 -309.0875 -20.7658
v -1188.6118 0.0000 0.0000
v 0.0000 -264.2475 -20.7658
v -1255.2777 0.0000 0.6000
v 0.0000 -202.8433 -18.9299
v -1273.1123 0.0000 1.0275
v 0.0000 -202.8433 -18.9299
v -1273.1123 0.0000 1.0275
v 0.0000 -57.5188 -17.2132
v -1242.4766 0.0000 2.0039
v 0.0000 -331.1971 25.0000
v -1190.4891 0.0000 0.0039
v 0.2745 -279.9809 25.0000
v -1259.7125 -0.0000 0.6549
v 0.3059 -220.4176 22.0319
v -1286.5356 0.0000 1.0235
v 0.2863 -65.4266 26.6334
v -1229.7656 0.0000 2.0039
v 0.2902 -331.2699 50.0000
v -1190.5116 0.0000 0.0000
v 0.6392 -280.0148 50.0000
v -1259.7479 82.9121 0.6235
v 0.6314 -224.2215 46.0493
v -1290.1279 0.0000 1.0235
v 0.6275 -67.6658 51.1232
v -1217.7666 0.0000 2.0039
v 0.6078 -301.8682 158.8297
v -1190.5116 0.0000 0.0000
v 1.0000 -280.9984 158.8710
v -1260.7677 0.0000 0.5686
v 1.0000 -225.5019 160.5800
v -1300.5588 0.0000 0.9686
v 1.0000 -67.9135 159.8795
v -1215.7362 0.0000 2.0039
v 1.0000 -331.2699 100.0000
v -1190.5116 0.0000 0.0000
v 0.8157 -66.8973 100.0000
v -1217.8629 0.0000 2.0039
v 0.8039 -309.0875 0.0000
v -1188.6118 0.0000 0.0000
v 0.1490 -207.0407 -1.2346
v -1280.9513 0.0000 1.0235
v 0.1412 -207.0407 -1.2346
v -1280.9513 0.0000 1.0235
v 0.1412 -56.2914 1.6029
v -1242.8846 0.0000 2.0039
v 0.1451 -178.1496 164.9576
v -1364.8085 0.0000 1.2353
v 1.0000 -89.2229 161.2184
v -1265.4349 0.0000 1.8275
v 1.0000 -174.6758 100.0000
v -1368.9509 0.0000 1.2471
v 0.6196 -70.6333 46.8657
v -1326.8235 1.3186 1.8392
v 0.2902 -73.5375 19.0690
v -1326.7598 1.4990 1.8431
v 0.2902 -162.3926 -9.0649
v -1319.6155 0.8650 1.2627
v 0.1412 -85.6767 -6.8691
v -1326.3796 0.0000 1.8431
v 0.1412 -156.8371 -25.1336
v -1305.0032 0.0000 1.2627
v 0.0000 -94.1060 -24.6509
v -1309.8264 0.0000 1.8431
v 0.0000 321.7092 -0.0790
v -484.7068 0.0000 0.0000
v 1.0000 317.4495 -0.0790
v -530.8157 0.0000 0.0000
v 0.6980 325.4466 -0.0790
v -565.0687 0.0000 0.0000
v 0.3216 325.4466 -0.0790
v -565.0687 0.0000 0.0000
v 0.3216 320.4480 -0.0790
v -605.4398 0.0000 0.0000
v 0.0000 320.4480 -0.0790
v -605.4398 0.0000 0.0000
v 0.0000 318.4526 12.4210
v -484.7067 0.0000 0.2784
v 0.6706 319.3947 12.4210
v -565.0687 0.0000 0.2902
v 0.3216 319.5124 12.4210
v -605.4398 0.0000 0.2941
v 0.0000 318.2276 24.9210
v -484.7068 0.0000 0.6431
v 1.0000 314.3553 24.9210
v -530.8157 -0.0000 0.6353
v 0.6863 318.6989 24.9210
v -565.0687 -0.0000 0.6314
v 0.3216 320.4480 24.9210
v -605.4398 0.0000 0.6118
v 0.0000 335.1183 49.9210
v -478.4606 0.0000 1.0039
v 1.0000 348.9729 49.9210
v -519.1113 0.0000 1.0039
v 0.7137 336.1164 49.9210
v -558.8224 0.0000 1.0039
v 0.3490 318.7397 49.9210
v -605.4398 0.0000 1.0039
v 0.0000 619.6478 49.5432
v -249.0750 0.0000 0.0000
v 0.7882 592.1360 37.4226
v -278.8148 0.0000 0.0000
v 0.5686 549.1625 21.5587
v -303.7308 0.0000 0.0000
v 0.2745 549.1625 21.5587
v -303.7308 0.0000 0.0000
v 0.2745 496.9298 23.2794
v -316.8242 0.0000 0.0000
v 0.0000 496.9298 23.2794
v -316.8242 0.0000 0.0000
v 0.0000 618.9236 48.2759
v -199.1589 0.0000 0.0000
v 0.6902 543.7182 41.1171
v -267.7338 0.0000 0.2784
v 0.3176 490.8519 45.5586
v -293.4509 0.0000 0.2902
v 0.0000 605.8710 92.9729
v -200.0738 0.0000 0.6510
v 1.0000 588.8177 101.4537
v -231.4945 -0.0000 0.6588
v 0.7373 545.4724 90.6861
v -259.8434 -0.0000 0.6039
v 0.3294 493.0957 94.4177
v -288.5889 0.0000 0.6078
v 0.0000 609.6644 137.6698
v -200.9886 0.0000 1.0039
v 1.0000 593.0585 138.7040
v -229.2383 0.0000 1.0039
v 0.7569 547.2266 140.2552
v -273.7131 0.0000 1.0039
v 0.4118 495.3395 143.2769
v -296.4406 0.0000 1.0039
v 0.0000 -1183.0479 49.9757
v -830.8378 0.0000 0.0000
v 1.0000 -965.5258 158.8297
v -915.4554 0.0000 0.9059
v -1.0039 -1103.6328 100.0001
v -922.0854 0.0000 0.6000
v 0.0863 -970.4911 50.0000
v -893.6641 0.0000 0.0000
v -1.0039 -1177.1566 100.0006
v -829.3391 0.0000 0.5569
v 0.9922 -1017.1213 158.8710
v -936.8812 0.0000 1.2431
v -0.5882 -1102.3837 52.0673
v -953.5119 0.0000 0.0000
v 0.1098 -962.7333 100.0000
v -911.9622 0.0000 0.5882
v -1.0039 -1182.9441 158.8937
v -831.0289 0.0000 1.2863
v 0.1020 -1017.0952 53.9270
v -935.4544 0.0000 0.0000
v -0.5882 -934.3213 220.1563
v -918.1081 0.0000 1.2235
v -1.0039 -1182.9154 220.1563
v -831.0806 0.0000 2.0078
v 1.0000 -1074.6719 218.9806
v -883.1699 0.0000 2.0078
v 0.4275 -1016.9787 220.1563
v -929.2036 0.0000 2.0078
v -0.1137 -1017.0952 100.0000
v -935.4546 -0.0000 0.5843
v -0.5882 -1085.6226 215.2101
v -822.0909 0.0000 2.0078
v 0.7373 -1169.1429 48.9657
v -913.8108 0.0000 0.0000
v 0.7686 376.5772 50.0000
v -705.9131 0.0000 0.0000
v 1.0000 392.5550 50.0000
v -749.2068 0.0000 0.0000
v 0.6980 426.5426 50.0000
v -749.5621 0.0000 0.0000
v 0.3216 426.5426 50.0000
v -749.5621 0.0000 0.0000
v 0.3216 467.6469 50.0000
v -742.8123 0.0000 0.0000
v 0.0000 467.6469 50.0000
v -742.8123 0.0000 0.0000
v 0.0000 409.8235 100.0001
v -674.4240 0.0000 0.2784
v 0.6706 440.6031 100.0000
v -736.9419 0.0000 0.2902
v 0.3216 466.6502 100.0000
v -749.6738 0.0000 0.2941
v 0.0000 401.9489 186.3709
v -720.8713 0.0000 1.0039
v 0.7137 426.4888 186.6473
v -735.6055 0.0000 1.0039
v 0.3490 463.9973 186.9237
v -729.7380 0.0000 1.0039
v 0.0000 394.7156 186.4083
v -691.5712 0.0000 1.0039
v 1.0000 481.1509 146.2987
v -718.6768 0.0000 0.6510
v 0.0000 448.2121 146.2987
v -717.1375 0.0000 0.6471
v 0.6941 414.3527 146.2987
v -675.4755 0.0000 0.6431
v 1.0000 335.3380 146.2987
v -530.8150 0.0000 0.0000
v 1.0000 355.7201 146.2987
v -566.4993 0.0000 0.0000
v 0.6980 364.4465 146.2987
v -591.7786 0.0000 0.0000
v 0.3216 364.4465 146.2987
v -591.7786 0.0000 0.0000
v 0.3216 383.0439 146.2987
v -620.2139 0.0000 0.0000
v 0.0000 383.0439 146.2987
v -620.2139 0.0000 0.0000
v 0.0000 359.9372 186.9031
v -530.8198 0.0000 0.2784
v 0.6706 351.3268 186.5295
v -595.3796 0.0000 0.2902
v 0.3216 354.9583 186.4876
v -624.4712 0.0000 0.2941
v 0.0000 277.2975 248.5681
v -560.5823 0.0000 1.0039
v 0.7137 288.4185 225.9223
v -600.9209 0.0000 1.0039
v 0.3490 305.5388 218.3473
v -638.3159 0.0000 1.0039
v 0.0000 266.1765 271.2139
v -520.2470 0.0000 1.0039
v 1.0000 891.7690 149.1352
v -884.6277 0.0000 2.0078
v 1.0000 925.7080 146.3067
v -827.2924 0.0000 1.3843
v 1.0000 909.7992 146.2987
v -756.1478 0.0000 0.6314
v 0.9961 909.7992 146.2987
v -756.1478 0.0000 0.6314
v 0.9961 924.3541 146.2987
v -684.5312 0.0000 0.0000
v 1.0000 924.3541 146.2987
v -684.5312 0.0000 0.0000
v 1.0000 876.7930 187.5000
v -866.6594 0.0000 2.0078
v 0.3804 937.1411 187.5000
v -750.5803 0.0000 0.6549
v 0.4196 924.6476 187.5000
v -684.3557 0.0000 0.0000
v 0.4000 925.6200 462.5032
v -827.2633 0.0000 1.4471
v -1.0039 937.1413 462.4999
v -750.5803 0.0000 0.7098
v -1.0039 924.6476 462.4999
v -684.3557 0.0000 0.0000
v -1.0039 882.4312 465.7747
v -876.1863 0.0000 2.0078
v -1.0039 924.6476 324.9999
v -684.3557 0.0000 0.0000
v -0.2902 925.6204 324.9999
v -827.2607 0.0000 1.4000
v -0.3098 876.7929 324.9999
v -866.6593 0.0000 2.0078
v -0.2706 881.9885 752.1824
v -874.9719 0.0000 3.8392
v -1.8235 784.7461 618.0440
v -1197.7174 0.0000 2.5804
v -1.8000 808.6825 717.7625
v -1057.1355 0.0000 3.0196
v -2.0078 869.0524 730.1180
v -969.1181 0.0000 3.5961
v -1.8980 735.8898 466.4936
v -1119.2050 0.0000 2.2549
v -1.0078 926.3071 567.0034
v -906.5446 0.0000 4.0157
v -1.0078 494.7458 298.9059
v -835.4676 0.0000 0.7882
v 0.0431 755.3193 325.7367
v -918.9435 -0.0000 2.5922
v 0.1490 877.3499 324.9999
v -865.0410 0.0000 3.5647
v 0.2235 877.3499 187.5000
v -865.0412 0.0000 3.4824
v 0.8784 828.5228 187.5001
v -904.4402 0.0000 3.0706
v 0.8039 758.5320 187.5210
v -924.9477 0.0000 2.5294
v 0.7647 758.5320 187.5210
v -924.9477 0.0000 2.5294
v 0.7647 678.2403 187.7933
v -902.2128 0.0000 1.9725
v 0.8039 647.0268 187.6939
v -894.4023 0.0000 1.7569
v 0.8196 611.3031 187.5229
v -870.8006 0.0000 1.5294
v 0.8667 582.0574 187.5339
v -823.1972 0.0000 1.3843
v 0.9569 548.3944 187.3729
v -800.9392 0.0000 1.1725
v 1.0000 405.7233 330.3327
v -932.6199 0.0000 0.0000
v 0.0667 457.4785 343.9079
v -972.7991 0.0000 0.3294
v -0.0706 512.0544 342.9767
v -1012.9753 0.0000 0.6667
v -0.1451 610.9527 357.3913
v -1059.0328 0.0000 1.3333
v -0.2980 681.2253 422.3018
v -1013.6382 0.0000 1.9569
v -0.5216 759.4118 462.4998
v -930.2391 5.5558 2.6863
v -0.5529 828.5225 462.4998
v -904.4398 0.0001 3.2314
v -0.5020 882.9880 465.7747
v -874.5680 0.0000 3.6745
v -0.4627 -42.9085 324.6200
v -1250.6093 0.0000 0.0000
v -0.8627 -55.6755 219.9919
v -1236.7179 0.0000 0.0000
v 0.0078 -68.1716 159.8795
v -1216.2212 0.0000 0.0000
v 0.5020 -68.1716 159.8795
v -1216.2212 0.0000 0.0000
v 0.5020 -51.9570 462.5831
v -1225.2867 0.0000 0.0000
v -2.0078 -49.2920 255.9778
v -1243.6635 0.0000 0.0000
v -0.8667 1.9120 462.5000
v -1179.7017 0.0000 0.4314
v 0.5020 -35.6277 324.7204
v -873.8837 0.0000 2.9804
v -0.8667 -34.7032 325.1095
v -975.9634 0.0000 2.1725
v -0.8667 -30.0263 324.8200
v -1066.5671 0.0000 1.4588
v -0.8667 -4.0382 324.9999
v -1154.0505 0.0000 0.7686
v -0.8667 -4.0382 220.1563
v -1154.0505 0.0000 0.7686
v 0.0000 -10.9835 219.6203
v -1070.8229 0.0000 1.4275
v 0.0000 -12.0739 220.7467
v -976.4962 0.0000 2.1686
v 0.0392 -4.7871 219.8282
v -872.9288 0.0000 2.9882
v 0.0039 -21.6151 158.8297
v -1154.0505 0.0000 0.7686
v 0.5098 -33.6139 157.9343
v -1068.5680 0.0000 1.4431
v 0.5098 -28.0786 158.5768
v -976.3912 0.0000 2.1725
v 0.5098 -10.6192 462.5000
v -1154.2643 0.0000 0.7647
v -2.0078 -11.9518 462.5000
v -1105.5743 0.0000 1.1529
v -2.0078 -30.5209 462.5000
v -1065.5607 0.0000 1.4667
v -2.0078 -15.1836 462.5000
v -1018.7595 0.0000 1.8353
v -2.0078 -16.2001 462.5000
v -993.2656 0.0000 2.0392
v -2.0078 -35.2545 462.5000
v -977.2539 0.0000 2.1647
v -2.0078 -13.6940 462.5000
v -961.2422 0.0000 2.2902
v -2.0078 -3.3229 462.5000
v -929.2187 0.0000 2.5412
v -2.0078 -42.5872 462.4409
v -869.7772 0.0000 3.0118
v -2.0078 -20.2072 255.9461
v -873.4062 0.0000 2.9843
v -0.2941 -23.3884 256.5999
v -976.2297 0.0000 2.1725
v -0.2941 -20.5047 255.8921
v -1068.6949 0.0000 1.4431
v -0.2941 -4.0382 256.2499
v -1154.0505 0.0000 0.7686
v -0.2941 7.0386 156.5470
v -906.0521 0.0000 2.7255
v 0.5294 4.2412 100.0000
v -900.8387 0.0000 2.7686
v 1.0000 -27.7877 100.0000
v -932.1180 0.0000 2.5216
v 1.0000 -7.2132 100.0000
v -962.3028 0.0000 2.2824
v 1.0000 -31.8360 100.0000
v -976.0849 0.0000 2.1725
v 1.0000 -9.6159 100.0000
v -993.3694 0.0000 2.0353
v 1.0000 -7.2930 100.0000
v -1018.6461 0.0000 1.8392
v 1.0000 -25.8384 100.0000
v -1067.2662 0.0000 1.4549
v 1.0000 7.0960 100.0000
v -1105.1296 0.0000 1.1569
v 1.0000 -16.3787 100.0000
v -1154.0505 0.0000 0.7686
v 1.0000 31.2354 100.0000
v -1209.0310 0.0000 0.4078
v 1.0000 -67.1410 100.0000
v -1218.3479 0.0000 0.0000
v 1.0000 -115.6282 700.0000
v -1228.1161 0.0000 2.2275
v -2.0078 -152.4565 700.0000
v -1291.6451 0.0000 1.8392
v -2.0078 -152.4565 600.0000
v -1234.7465 0.0000 1.8392
v -1.2039 -327.0692 700.0000
v -1187.9496 0.0000 0.0000
v -2.0078 -308.3245 600.0000
v -1187.9496 0.0000 0.1961
v -1.2039 -276.9591 700.0000
v -1254.6151 0.0000 0.5294
v -1.2039 -50.0011 700.0000
v -1224.1394 0.0000 2.9176
v -2.0078 -56.9470 600.0000
v -1225.3188 0.0000 2.8431
v -1.2039 -206.1777 700.0000
v -1199.9863 0.0000 1.2706
v -1.2039 -40.9525 324.6200
v -1249.4618 0.0000 3.0118
v 1.0000 -113.7393 324.9999
v -1233.8414 0.0000 2.2471
v 0.9961 -152.8455 324.9999
v -1294.5653 0.0000 1.8353
v 0.9961 -207.1598 324.9674
v -1222.1213 0.0000 1.2627
v 0.9961 -276.9591 324.9999
v -1254.6151 0.0000 0.5294
v 0.9961 -297.2497 325.0000
v -1187.9497 0.0000 0.3137
v 0.9961 -327.0692 462.5000
v -1187.9496 0.0000 0.0000
v -0.1020 -152.4565 462.5000
v -1291.6454 0.0000 1.8392
v -0.1020 -115.6282 462.4999
v -1228.1161 0.0000 2.2275
v -0.1020 -50.0011 462.5831
v -1224.1394 0.0000 2.9176
v -0.1020 -966.0212 599.9999
v -859.3497 0.0000 0.7255
v -1.3804 -1011.6888 700.0000
v -881.2048 0.0000 0.4039
v -1.4039 -955.2742 700.0000
v -890.5729 0.0000 0.7608
v -2.0078 -1038.6787 700.0000
v -842.2915 0.0000 0.1451
v -2.0078 -1010.8951 600.0000
v -802.8336 0.0000 0.2392
v -1.4039 -955.5548 462.5000
v -890.2922 0.0000 0.7608
v -0.5216 -967.2349 325.0000
v -876.7068 0.0000 0.7333
v 0.3137 -935.3398 220.1563
v -918.1999 0.0000 0.7490
v 0.3373 -1017.3853 220.1563
v -928.8117 0.0000 0.3647
v 0.9922 -1038.6787 462.5874
v -842.2914 0.0000 0.1765
v -0.5333 -1048.1787 324.9675
v -846.7883 0.0000 0.1137
v 0.3137 -1073.4458 218.9806
v -883.5409 0.0000 0.0000
v 1.0000 -413.5822 600.0000
v -735.2313 0.0000 2.0078
v -1.6471 -679.8383 600.0000
v -552.7686 0.0000 0.5216
v -2.0078 -593.1984 600.0000
v -622.3250 0.0000 1.0196
v -1.8706 -822.0156 600.0000
v -671.7590 0.0000 0.0000
v -1.7725 -520.3347 600.0000
v -790.0602 0.0000 1.5725
v -1.5373 -443.7878 349.6910
v -788.3315 0.0000 1.8078
v -0.2706 -468.9564 225.0096
v -815.3402 0.0000 1.6627
v 0.4118 -468.3531 160.3302
v -855.1061 0.0000 1.6863
v 0.8157 -425.6470 466.3097
v -764.6010 0.0000 1.9216
v -0.9098 -457.4830 287.3503
v -803.8364 0.0000 1.7333
v -0.2784 -783.8527 324.8702
v -716.0712 0.0000 0.1020
v -0.2902 -783.8527 324.8702
v -716.0712 0.0000 0.1020
v -0.2902 -802.6896 462.4361
v -706.8474 0.0000 0.0667
v 0.3373 -760.9198 221.8479
v -766.5018 0.0000 0.2235
v 0.6745 -754.5178 158.7041
v -780.2039 0.0000 0.2392
v -0.8392 -667.5558 100.0000
v -785.0692 0.0000 0.6275
v 0.9843 -573.6454 120.7533
v -772.6056 0.0000 1.0627
v 0.8549 -461.4698 113.0155
v -826.0278 0.0000 1.6588
v 1.0000 -522.7523 130.1651
v -795.7584 0.0000 1.3373
v 0.8549 -732.1146 100.0000
v -761.2337 0.0000 0.2902
v 0.9373 -641.9241 100.0000
v -781.5941 0.0000 0.7451
v 0.9765 -696.2719 100.0000
v -776.9300 0.0000 0.4824
v 0.9686 -41.0373 324.6200
v -1249.7371 0.0000 2.0078
v 0.0000 -113.8240 324.9999
v -1234.1165 0.0000 1.2275
v 0.0000 -152.9302 324.9999
v -1294.8403 0.0000 0.7922
v 0.0000 -207.2446 324.9674
v -1222.3964 0.0000 0.2235
v 0.0000 -221.2250 221.1353
v -1278.6542 0.0000 0.0588
v 0.6314 -53.8043 219.9919
v -1235.8456 0.0000 1.8745
v 0.6353 -226.1277 160.5800
v -1300.1716 0.0000 0.0000
v 0.9961 -178.1031 164.9576
v -1364.4213 0.0000 0.5020
v 0.9686 -87.9128 161.2184
v -1265.0475 0.0000 1.4980
v 0.9922 -66.3004 159.8795
v -1215.3490 0.0000 1.7451
v 1.0000 -47.4208 255.9778
v -1242.7914 0.0000 1.9412
v 0.4118 -156.3778 257.6957
v -1302.9669 -0.0000 0.7529
v 0.4039 -214.2348 256.7232
v -1250.5250 0.0000 0.1412
v 0.4118 -323.5388 324.8702
v -955.4117 0.0000 2.9725
v -0.8627 -344.4618 221.8478
v -955.6858 0.0000 2.9686
v -0.0078 -343.2074 158.7041
v -956.4054 0.0000 2.9569
v 0.5137 -301.4521 462.4361
v -952.1551 0.0000 3.0118
v -2.0000 -334.0003 257.0309
v -958.7195 0.0000 2.9294
v -0.8627 -320.8741 462.5179
v -972.5910 0.0000 2.7529
v 0.5020 -295.5895 325.0000
v -1189.6061 0.0000 0.0235
v -0.8588 -299.7863 324.9999
v -1110.0731 0.0000 1.0235
v -0.8627 -306.5010 324.4610
v -1014.5007 0.0000 2.2275
v -0.8588 -306.5010 324.4610
v -1014.5007 0.0000 2.2275
v 0.0000 -302.6265 219.9271
v -1016.5603 0.0000 2.2000
v 0.0039 -313.4314 220.1562
v -1110.0029 0.0000 1.0275
v 0.0078 -282.3637 220.1563
v -1189.6058 0.0000 0.0235
v 0.5098 -299.3303 158.3268
v -1015.0576 0.0000 2.2196
v 0.5137 -352.1963 158.8297
v -1109.9918 0.0000 1.0275
v 0.5137 -301.8334 158.8297
v -1191.5055 0.0000 0.0000
v 0.5137 -325.7629 462.5000
v -988.0938 0.0000 2.5608
v -2.0039 -275.9726 462.8936
v -1015.2943 0.0000 2.2157
v -2.0039 -323.2787 462.5000
v -1055.9006 0.0000 1.7059
v -2.0039 -299.7863 462.5000
v -1110.0731 0.0000 1.0235
v -2.0039 -289.4582 463.1645
v -1148.4152 0.0000 0.5412
v -2.0078 -325.4089 462.5000
v -1189.6058 0.0000 0.0235
v -2.0039 -288.9767 256.2499
v -1189.6058 0.0000 0.0235
v -0.2902 -306.6088 256.2499
v -1110.0381 0.0000 1.0235
v -0.2902 -304.5637 255.8659
v -1015.5305 0.0000 2.2157
v -0.2941 -331.6529 100.0000
v -1191.5055 0.0000 0.0000
v 1.0000 -315.5825 100.0000
v -1150.7393 0.0000 0.5137
v 1.0000 -342.2841 100.0000
v -1109.9918 0.0000 1.0275
v 1.0000 -329.8634 100.0000
v -1055.8182 0.0000 1.7059
v 1.0000 -314.0170 100.0000
v -1015.6294 0.0000 2.2118
v 1.0000 -329.1384 100.0000
v -989.9292 0.0000 2.5373
v 1.0000 -352.6659 100.0000
v -977.5729 0.0000 2.6902
v 1.0000 -351.6831 100.0001
v -962.8894 0.0000 2.8784
v 1.0000 883.5128 599.9999
v -662.9631 0.0000 0.0549
v -3.0118 856.5250 599.9998
v -620.5116 0.0000 0.5412
v -3.0118 816.6612 599.9998
v -603.5732 0.0000 0.8000
v -3.0118 783.4255 599.9998
v -570.4003 0.0000 1.2039
v -3.0118 764.6084 599.9998
v -553.0408 0.0000 1.4196
v -3.0118 754.1837 599.9998
v -540.7508 0.0000 1.5647
v -3.0118 743.7585 599.9998
v -528.4578 0.0000 1.7137
v -3.0118 728.2258 599.9995
v -498.0916 0.0000 2.0510
v -3.0118 755.7840 599.9994
v -441.1305 0.0000 2.5608
v -3.0118 790.7167 586.3461
v -393.1328 0.0000 2.9608
v -2.9137 883.5128 325.0000
v -662.9630 0.0000 0.0549
v -1.0118 883.5128 325.0000
v -662.9630 0.0000 0.0549
v -1.0118 816.6612 324.9999
v -603.5732 0.0000 0.8000
v -0.0078 759.8026 187.3735
v -535.6605 0.0000 1.6039
v -0.0118 797.2570 187.5000
v -609.4937 0.0000 0.7804
v -0.0118 883.5128 187.5000
v -662.9630 0.0000 0.0549
v -0.0118 883.5128 462.4999
v -662.9631 0.0000 0.0549
v -2.0118 739.6136 462.5873
v -495.3324 0.0000 2.0549
v 0.2902 748.4698 146.1354
v -525.4368 0.0000 1.7333
v 0.2863 756.8520 146.2182
v -538.5895 0.0000 1.5804
v 0.2863 766.6982 146.2593
v -551.1426 0.0000 1.4353
v 0.2863 803.8118 146.2987
v -608.7402 0.0000 0.7765
v 0.2863 883.5128 146.2987
v -662.9630 0.0000 0.0549
v 0.2863 798.2582 145.1635
v -404.4321 0.0000 2.8196
v 0.2941 821.0109 183.8795
v -409.9447 0.0000 2.7137
v 0.0118 799.5264 323.8635
v -400.3691 0.0000 2.8706
v -1.0039 805.8630 450.2851
v -396.8524 0.0000 2.8902
v 0.6235 734.9076 101.6738
v -530.8229 0.0000 1.7098
v 0.6118 734.9076 101.6738
v -530.8229 0.0000 1.7098
v 0.6118 734.8917 105.6119
v -552.0061 0.0000 1.4941
v 0.5804 756.4250 103.2789
v -569.8237 0.0000 1.2706
v 0.6000 786.4267 99.9644
v -568.2349 0.0000 1.2196
v 0.6235 877.0541 100.0120
v -669.8076 0.0000 0.0000
v 0.6235 737.1049 50.0000
v -437.8577 0.0000 2.6353
v 0.9882 879.2896 50.0465
v -667.3231 0.0000 0.0196
v 0.9882 859.9769 49.8061
v -616.9937 0.0000 0.5686
v 0.9882 828.9639 48.1738
v -585.8116 0.0000 0.9490
v 1.0000 780.9806 49.8908
v -579.0955 0.0000 1.1216
v 0.9882 754.6926 49.0967
v -568.2180 0.0000 1.2902
v 0.9922 734.2864 48.7878
v -553.2193 0.0000 1.4863
v 0.9961 727.8103 50.4415
v -536.9248 0.0000 1.6627
v 0.9843 728.2266 50.0000
v -498.0920 0.0000 2.0510
v 0.9882 772.9536 73.2693
v -390.8137 0.0000 3.0118
v 0.6235 791.1395 99.9998
v -405.3936 0.0000 2.8235
v 0.6235 732.2446 50.0000
v -467.9746 0.0000 2.3451
v 0.9882 -412.1328 600.0000
v -735.3608 0.0000 2.0078
v -2.9882 -332.1897 600.0000
v -834.3760 0.0000 1.0314
v -3.0118 -274.2642 600.0000
v -955.7822 0.0000 0.0000
v -2.9843 -323.5683 324.8702
v -955.5886 0.0000 0.2078
v -0.8000 -442.3383 349.6910
v -788.4611 0.0000 1.7882
v -0.9765 -467.5070 225.0096
v -815.4697 0.0000 1.7176
v 0.0392 -344.4913 221.8478
v -955.8627 0.0000 0.2941
v 0.0157 -466.9037 160.3302
v -855.2356 0.0000 1.4588
v 0.5686 -343.2368 158.7041
v -956.5822 0.0000 0.2824
v 0.5020 -424.1976 466.3097
v -764.7305 0.0000 1.8667
v -1.9176 -301.4815 462.4361
v -952.3320 0.0000 0.1373
v 0.5843 -456.0335 287.3503
v -803.9658 0.0000 1.7451
v -0.4627 -334.0298 257.0309
v -958.8964 0.0000 0.2314
v 0.5922 -460.0203 113.0155
v -826.1573 0.0000 1.6196
v 0.8980 -351.7126 100.0001
v -963.0663 0.0000 0.2784
v 0.9725 -406.2809 100.0000
v -902.6967 0.0000 0.8980
v 0.9922 -421.0782 100.0001
v -869.8096 0.0000 1.1725
v 0.9843 -370.7946 100.0001
v -945.4236 0.0000 0.4706
v 0.9804 -392.8256 100.0000
v -932.0413 0.0000 0.6510
v 1.0000 -704.3215 600.0000
v -316.5809 0.0000 4.0157
v -2.0078 -922.9823 600.0000
v -631.7573 0.0000 0.0000
v -2.0078 -779.1479 600.0000
v -333.0183 0.0000 3.3961
v -2.0000 -792.2566 600.0000
v -416.4866 0.0000 2.6275
v -2.0078 -891.9292 600.0000
v -413.4232 0.0000 2.0706
v -2.0078 -868.4774 600.0000
v -519.8923 0.0000 1.2863
v -2.0078 -921.0359 600.0000
v -565.2937 0.0000 0.5843
v -2.0078 -936.5675 600.0000
v -595.1566 0.0000 0.2353
v -2.0078 -704.3215 324.9999
v -316.5809 0.0000 4.0157
v -0.1333 -704.3215 462.5000
v -316.5809 0.0000 4.0157
v -1.0706 -960.1477 462.5000
v -583.0440 0.0000 0.0000
v -1.0745 -987.5154 325.1095
v -560.0685 0.0000 0.0000
v -0.1333 -872.4537 323.9343
v -338.8198 0.0000 2.8275
v -0.1255 -837.7333 463.6510
v -369.3472 0.0000 2.7686
v -0.1333 -922.3699 324.7204
v -475.5417 0.0000 1.3529
v -0.1333 -886.6600 462.4409
v -499.2942 0.0000 1.3569
v -1.0706 -993.7516 220.7467
v -560.4913 0.0000 0.0000
v 0.5804 -704.3215 220.1563
v -316.5809 0.0000 4.0157
v 0.5765 -992.4699 158.5768
v -561.6427 0.0000 0.0000
v 0.9922 -970.7213 158.8297
v -553.4521 0.0000 0.3961
v 0.9961 -945.9308 158.8297
v -540.5528 0.0000 0.6510
v 0.9961 -951.2299 158.8297
v -451.8376 0.0000 1.3882
v 0.9961 -902.5932 158.8297
v -387.0583 0.0000 2.2353
v 0.9961 -852.2009 158.0844
v -351.8775 0.0000 2.8353
v 1.0000 -821.7041 158.8297
v -291.5528 0.0000 3.4627
v 1.0039 -704.3215 158.8297
v -316.5809 0.0000 4.0157
v 0.9961 -763.5312 158.8297
v -303.4960 0.0000 3.7804
v 0.5804 -926.9115 158.8297
v -419.4480 0.0000 1.8118
v 0.5765 -863.6130 158.4570
v -378.3740 0.0000 2.5373
v 0.5804 -825.7646 158.4570
v -332.2225 0.0000 3.1294
v 0.5804 -956.4501 158.8297
v -488.5316 0.0000 1.0392
v 0.5765 -1145.4398 700.0000
v -710.9249 0.0000 0.4706
v -1.5451 -1137.7406 599.9999
v -766.3351 0.0000 0.1333
v -1.5451 -1141.7759 700.0000
v -760.5596 0.0000 0.1373
v -2.0078 -1104.6693 700.0000
v -689.2050 0.0000 0.9843
v -2.0078 -1084.6436 600.0000
v -699.9628 0.0000 1.0784
v -1.5451 -1038.8536 599.9999
v -635.8293 0.0000 1.9451
v -1.5451 -1026.0787 700.0000
v -642.1562 0.0000 2.0078
v -1.5451 -1068.3832 700.0000
v -656.2907 0.0000 1.5373
v -2.0078 -1153.2238 324.6200
v -759.1364 0.0000 0.0510
v -0.2667 -1141.7759 462.5831
v -760.5596 0.0000 0.1373
v -0.9059 -1159.8262 219.9919
v -758.2569 0.0000 0.0000
v 0.2118 -1149.1772 159.4828
v -759.3487 0.0000 0.0824
v -0.9059 -1104.6693 462.5000
v -689.2050 0.0000 0.9843
v -0.9059 -1136.2670 324.9999
v -663.4117 0.0000 0.9020
v -0.2706 -1055.0430 324.8200
v -620.8330 0.0000 1.9137
v -0.2706 -1026.0787 462.4999
v -642.1562 0.0000 2.0078
v -0.9059 -1136.2671 220.1563
v -663.4116 0.0000 0.9020
v 0.2118 -1061.6305 219.6203
v -620.2104 0.0000 1.8627
v 0.2157 -1136.2671 158.8297
v -663.4116 0.0000 0.9020
v 0.4941 -1053.9503 157.9343
v -624.7924 0.0000 1.8941
v 0.4980 -1053.9503 157.9343
v -624.7924 0.0000 1.8941
v 0.4980 -1130.0312 100.0001
v -759.7435 0.0000 0.2471
v 0.7686 -1136.2671 100.0000
v -663.4116 0.0000 0.9020
v 0.7686 -1058.4805 100.0000
v -618.3405 0.0000 1.9020
v 0.7686 -1064.8558 49.9713
v -609.5215 0.0000 1.9137
v 1.0000 -1177.7323 50.0000
v -685.8963 0.0000 0.3765
v 1.0000 -1136.2670 50.0000
v -663.4116 0.0000 0.9020
v 1.0000 -1125.9178 51.0081
v -760.6472 0.0000 0.2745
v 0.9961 -1108.5663 50.0000
v -621.4552 0.0000 1.4471
v 1.0000 -78.2158 0.0000
v -501.0280 0.0000 7.2471
v 1.0000 -55.8390 0.0000
v -533.7948 0.0000 7.7216
v 1.0000 -59.4124 0.0000
v -602.4276 0.0000 0.5059
v 1.0000 -193.8571 0.0000
v -516.7794 0.0000 5.3490
v 1.0000 -150.8466 0.0000
v -602.8669 0.0000 1.7059
v 1.0000 -106.9548 0.0000
v -604.6448 0.0000 0.8784
v 1.0000 -131.3540 0.0000
v -610.2146 0.0000 1.3216
v 1.0000 -152.8030 0.0000
v -487.3777 0.0000 6.1725
v 1.0000 -120.6215 0.0000
v -495.5562 0.0000 6.7451
v 1.0000 -236.2627 0.0000
v -524.5599 0.0000 4.5961
v 1.0000 -227.5513 0.0000
v -632.3139 0.0000 2.9569
v 1.0000 -254.7997 0.0000
v -614.4510 0.0000 3.3412
v 1.0000 -190.3567 0.0000
v -625.3720 0.0000 2.5451
v 1.0000 -170.4562 0.0000
v -618.4007 0.0000 2.2078
v 1.0000 -266.5456 0.0000
v -586.0384 0.0000 3.7020
v 1.0000 -264.3064 0.0000
v -551.8598 0.0000 4.1137
v 1.0000 -131.7000 106.7074
v -527.2280 0.0000 6.8941
v -0.4784 -122.4882 135.2579
v -582.3943 0.0000 0.6706
v -0.8157 -112.6286 110.7562
v -529.1231 0.0000 7.1765
v -0.0118 -160.4649 142.1466
v -566.8958 0.0000 1.8784
v -0.9098 -150.7226 120.9310
v -587.2090 0.0000 1.5373
v -0.0118 -242.1432 115.2836
v -577.1807 0.0000 3.7451
v -0.5490 -186.5147 125.0280
v -601.3713 0.0000 2.7098
v -0.6784 -230.7301 114.3421
v -561.7425 0.0000 3.9804
v 0.0039 -220.9609 127.7504
v -544.2468 0.0000 4.3412
v -0.7137 -195.7616 129.2175
v -534.8138 0.0000 4.8157
v -0.7333 -203.4258 117.7594
v -613.9117 0.0000 2.9216
v -0.5804 -224.5005 120.1495
v -613.7385 0.0000 3.1176
v -0.6118 -237.2509 117.7594
v -599.1161 0.0000 3.4039
v -0.5804 -95.3208 123.1385
v -525.0526 0.0000 7.6471
v -0.6314 -76.5741 119.2870
v -541.5781 0.0000 7.8667
v -0.5961 -76.0020 119.2870
v -577.6747 0.0000 0.2627
v -0.6000 -103.7627 115.9964
v -594.9973 0.0000 0.5412
v -0.5569 -143.1400 131.3824
v -574.5322 0.0000 0.8627
v -0.7647 -152.1789 149.2148
v -563.0251 0.0000 0.4392
v -1.0039 -150.6729 131.1134
v -536.4802 0.0000 6.5647
v 0.5020 -152.1789 149.2148
v -563.0251 0.0000 8.4706
v -1.0039 -152.1789 149.2148
v -563.0251 0.0000 8.4706
v -0.0118 -76.0020 119.2870
v -577.6747 0.0000 8.2941
v -0.6000 -76.0020 119.2870
v -577.6747 0.0000 8.2941
v 0.4941 -59.4124 0.0000
v -602.4276 0.0000 8.5373
v 1.0000 -59.4124 0.0000
v -602.4276 0.0000 8.5373
v 1.0000 0.0000 0.0000
v -122.9532 363.5244 -784.0549
v 1106.4818 0.0000 0.0000
v 1.0000 1.0000 1.0000
v 0.0000 45.5992 486.2036
v -1015.3792 1331.1089 0.0000
v 0.0000 1.0000 1.0000
v 1.0000 0.0000 0.0000
v 0.0000 0.0000 -552.5316
v 358.4684 -819.3334 796.9159
v 0.0000 0.0000 1.0000
v 1.0000 1.0000 0.0000
v 0.1922 0.2039 0.0000
v -58.0250 11.2103 42.3051
v 661.0340 0.0000 0.0000
v 1.0000 1.0000 1.0000
v -59.1762 1.3237 50.4547
v 672.0275 0.0000 0.0000
v 1.0000 1.0000 1.0000
v -30.5027 5.0636 30.5394
v 643.2766 0.0000 0.0000
v 1.0000 1.0000 1.0000
v 0.0000 -29.9653 103.9661
v 317.5616 639.9805 0.0000
v 0.0000 1.0000 1.0000
v 1.0000 0.0000 0.0000
v 0.0000 -58.9691 116.7659
v 199.0447 793.9776 0.0000
v 0.0000 1.0000 1.0000
v 1.0000 0.0000 0.0000
v 0.0000 101.1812 400.0000
v 204.1522 1002.5108 0.0000
v 0.0000 1.0000 1.0000
v 1.0000 0.0000 0.0000
v 0.9804 0.0000 0.0000
v 0.0000 0.0000 22.2915
v 397.5000 165.9476 958.5380
v 0.0000 0.0000 1.0000
v 1.0000 1.0000 0.0000
v 0.0000 0.0000 -59.8788
v 799.1019 154.7527 1148.5900
v 0.0000 0.0000 1.0000
v 1.0000 1.0000 0.0000
v 0.0000 -734.3201 82.5479
v -137.1437 0.0000 0.0000
v -3.0118 -689.1146 82.5479
v -81.1039 0.0000 1.0039
v 0.7765 -711.7173 82.5479
v -109.1238 0.0000 0.5020
v -0.0863 0.0000 0.0000
v 0.0000 -711.7173 441.2739
v -109.1239 360.5279 0.0000
v 0.0000 1.0000 1.0000
v 1.0000 0.0000 0.0000
v 0.0000 0.0000 -666.1805
v 79.5406 -115.2176 0.0000
v 0.0000 -3.0118 -653.3249
v 79.5406 -74.0667 0.0000
v 0.5020 0.7765 -659.7528
v 79.5406 -94.6422 0.0000
v 1.0039 -0.0824 0.0000
v 0.0000 0.0000 -659.7528
v 439.7703 -94.6422 360.8740
v 0.0000 0.0000 1.0000
v 1.0000 1.0000 0.0000
v -745.1494 8.9137 -46.7032
v 0.0000 0.0000 1.0000
v -718.1771 8.9137 45.4298
v 0.0000 1.0039 1.0000
v -731.6633 8.9137 -0.6367
v 0.0000 0.5020 1.0000
v -731.6633 404.4569 -0.6367
v 398.4450 0.0000 0.0000
v 1.0000 1.0000 1.0000
v 0.0000 -674.7365 36.4625
v -102.5536 0.0000 0.0000
v -3.0118 -685.4395 36.4625
v -31.3536 0.0000 1.0039
v 0.7765 -680.0881 36.4625
v -66.9536 0.0000 0.5020
v -0.0863 0.0000 0.0000
v 0.0000 -680.0881 418.2312
v -66.9536 383.4624 0.0000
v 0.0000 1.0000 1.0000
v 1.0000 0.0000 0.0000
v 0.0000 0.0000 -478.1351
v 54.7345 347.7936 0.0000
v 0.0000 -2.0078 -446.8858
v 54.7345 377.4944 0.0000
v 0.5020 0.7490 -462.5105
v 54.7345 362.6440 0.0000
v 1.0039 0.2157 0.0000
v 0.0000 -462.5105 427.3672
v 362.6440 373.2557 0.0000
v 0.0000 1.0000 1.0000
v 1.0000 0.0000 0.0000
v -488.8436 64.1861 270.4960
v 0.0000 0.0000 1.0000
v -460.6201 64.1861 336.7337
v 0.0000 1.0039 1.0000
v -474.7318 64.1861 303.6148
v 0.0000 0.5020 1.0000
v -474.7318 432.0931 303.6148
v 369.6641 0.0000 0.0000
v 1.0000 1.0000 1.0000
v 0.0000 -908.6949 65.1403
v 205.0082 0.0000 0.0000
v -2.0078 -901.4739 65.1403
v 221.4962 0.0000 1.0039
v 0.1882 0.0000 0.0000
v 0.0000 -905.0845 432.5702
v 213.2522 367.5401 0.0000
v 0.0000 1.0000 1.0000
v 1.0000 0.0000 0.0000
v 0.0000 -589.1956 115.3070
v 438.3382 0.0000 0.0000
v -2.0078 -539.5516 115.3070
v 490.4868 0.0000 1.0039
v 0.7686 -564.3735 115.3070
v 464.4125 0.0000 0.5020
v 0.1922 0.0000 0.0000
v 0.0000 -564.3735 457.6535
v 464.4125 344.2341 0.0000
v 0.0000 1.0000 1.0000
v 1.0000 0.0000 0.0000
v 0.0000 0.0000 -879.1756
v 62.1331 209.0799 0.0000
v 0.0000 -2.0078 -871.9545
v 62.1331 225.5679 0.0000
v 1.0039 -0.9922 0.0000
v 0.0000 0.0000 -875.5650
v 431.0666 217.3239 369.0432
v 0.0000 0.0000 1.0000
v 1.0000 1.0000 0.0000
v 0.0000 0.0000 -878.1573
v 59.1259 247.7605 0.0000
v 0.0000 -2.0078 -870.9362
v 59.1259 264.2486 0.0000
v 1.0039 -0.9843 0.0000
v 0.0000 0.0000 -874.5469
v 429.5630 256.0046 370.5463
v 0.0000 0.0000 1.0000
v 1.0000 1.0000 0.0000
v 0.0000 0.0000 -888.3369
v 56.1189 240.6351 0.0000
v 0.0000 -2.0078 -881.1158
v 56.1189 257.1232 0.0000
v 1.0039 -0.9765 0.0000
v 0.0000 0.0000 -884.7263
v 428.0594 248.8792 372.0495
v 0.0000 0.0000 1.0000
v 1.0000 1.0000 0.0000
v 0.0000 0.0000 -900.5518
v 68.1474 197.8828 0.0000
v 0.0000 -2.0078 -893.3306
v 68.1474 214.3708 0.0000
v 1.0039 -1.0078 0.0000
v 0.0000 0.0000 -896.9412
v 434.0737 206.1268 366.0370
v 0.0000 0.0000 1.0000
v 1.0000 1.0000 0.0000
v 0.0000 0.0000 -877.1396
v 65.1403 233.5097 0.0000
v 0.0000 -2.0078 -869.9186
v 65.1403 249.9978 0.0000
v 1.0039 -1.0000 0.0000
v 0.0000 0.0000 -873.5292
v 432.5702 241.7538 367.5401
v 0.0000 0.0000 1.0000
v 1.0000 1.0000 0.0000
v 0.0000 0.0000 -899.5334
v 65.1403 211.1156 0.0000
v 0.0000 -2.0078 -892.3124
v 65.1403 227.6037 0.0000
v 1.0039 -1.0000 0.0000
v 0.0000 0.0000 -895.9230
v 432.5702 219.3596 367.5401
v 0.0000 0.0000 1.0000
v 1.0000 1.0000 0.0000
v 0.0000 0.0000 -109.3847
v 83.0032 592.5586 0.0000
v 0.0000 -2.0078 -37.3964
v 83.0032 593.8544 0.0000
v 0.5020 0.7804 -73.3905
v 83.0032 593.2065 0.0000
v 0.5020 1.0000 0.0000
v 0.0000 -73.3905 441.5016
v 593.2065 360.3014 0.0000
v 0.0000 1.0000 1.0000
v 1.0000 0.0000 0.0000
v 0.0000 197.0380 53.6398
v 642.1062 0.0000 0.0000
v -3.0118 291.1623 53.6398
v 623.2222 0.0000 1.0039
v 0.7843 244.1001 53.6398
v 632.6642 0.0000 0.5020
v -0.0275 0.0000 0.0000
v 244.1001 426.8199 632.6642
v 376.2544 0.0000 0.0000
v 1.0000 1.0000 1.0000
v 0.0000 0.0000 236.8945
v 13.7483 448.2899 0.0000
v 0.0000 -3.0118 280.1160
v 13.7483 427.4115 0.0000
v 0.5020 0.7843 258.5052
v 13.7483 437.8507 0.0000
v 0.0000 -0.0392 0.0000
v 0.0000 0.0000 258.5052
v 406.8742 437.8507 393.8578
v 0.0000 0.0000 1.0000
v 1.0000 1.0000 0.0000
v 217.5851 44.4482 634.5949
v 0.0000 0.0000 1.0000
v 305.6094 44.4482 572.0190
v 0.0000 1.0039 1.0000
v 261.5973 44.4482 603.3069
v 0.0000 0.5020 1.0000
v 261.5973 422.2241 603.3070
v 381.6158 0.0000 0.0000
v 1.0000 1.0000 1.0000
v 0.0000 233.7912 29.4127
v 620.8372 0.0000 0.0000
v -3.0118 311.7349 29.4127
v 617.8738 0.0000 1.0039
v 0.7843 272.7630 29.4127
v 619.3556 0.0000 0.5020
v -0.0275 0.0000 0.0000
v 0.0000 272.7630 414.7063
v 619.3556 387.2625 0.0000
v 0.0000 1.0000 1.0000
v 1.0000 0.0000 0.0000
v 0.0000 0.0000 321.9080
v 119.5837 381.0001 0.0000
v 0.0000 -3.0118 374.8434
v 119.5837 308.2138 0.0000
v 0.5020 0.6902 348.3757
v 119.5837 344.6070 0.0000
v 0.0000 -0.0863 0.0000
v 0.0000 0.0000 348.3757
v 459.7918 344.6070 343.1713
v 0.0000 0.0000 1.0000
v 1.0000 1.0000 0.0000
v 688.1891 69.4331 -81.8695
v 0.0000 0.0000 1.0000
v 685.9573 69.4331 -141.8279
v 0.0000 1.0039 1.0000
v 687.0732 69.4331 -111.8487
v 0.0000 0.5020 1.0000
v 687.0732 434.7166 -111.8487
v 366.5133 0.0000 0.0000
v 1.0000 1.0000 1.0000
v 0.0000 688.1891 69.4331
v -81.8695 0.0000 0.0000
v -2.0078 685.9573 69.4331
v -141.8279 0.0000 1.0039
v 0.7686 687.0732 69.4331
v -111.8487 0.0000 0.5020
v 0.1765 0.0000 0.0000
v 0.0000 687.0732 434.7166
v -111.8487 366.5133 0.0000
v 0.0000 1.0000 1.0000
v 1.0000 0.0000 0.0000
v 0.0000 0.0000 588.4548
v 111.7310 178.5594 0.0000
v 0.0000 -2.0078 585.0240
v 111.7310 118.6575 0.0000
v 0.5020 0.7686 586.7394
v 111.7310 148.6084 0.0000
v 0.5020 1.0000 0.0000
v 0.0000 586.7394 455.8655
v 148.6084 345.4397 0.0000
v 0.0000 1.0000 1.0000
v 1.0000 0.0000 0.0000
v 0.0000 350.2943 27.8673
v 371.9977 0.0000 0.0000
v -2.0078 407.4342 27.8673
v 353.6940 0.0000 1.0039
v 0.7412 378.8643 27.8673
v 362.8459 0.0000 0.5020
v 0.1647 0.0000 0.0000
v 378.8643 413.9336 362.8459
v 387.2302 0.0000 0.0000
v 1.0000 1.0000 1.0000
v 0.0000 0.0000 588.3344
v 128.3112 228.0950 0.0000
v 0.0000 -2.0078 622.3510
v 128.3112 178.6697 0.0000
v 0.5020 0.7490 605.3426
v 128.3112 203.3824 0.0000
v 0.0000 0.1725 0.0000
v 0.0000 0.0000 605.3426
v 464.1556 203.3824 337.1816
v 0.0000 0.0000 1.0000
v 1.0000 1.0000 0.0000
v 793.1635 103.5233 -181.8385
v 0.0000 0.0000 1.0000
v 826.3853 103.5233 -231.8016
v 0.0000 1.0039 1.0000
v 809.7744 103.5233 -206.8200
v 0.0000 0.5020 1.0000
v 0.0000 0.0000 809.7744
v 451.7617 -206.8200 349.5282
v 0.0000 0.0000 1.0000
v 1.0000 1.0000 0.0000
v 0.0000 793.1635 103.5233
v -181.8385 0.0000 0.0000
v -2.0078 826.3853 103.5233
v -231.8016 0.0000 1.0039
v 0.7686 809.7744 103.5233
v -206.8200 0.0000 0.5020
v 0.1765 0.0000 0.0000
v 809.7744 451.7617 -206.8200
v 349.5282 0.0000 0.0000
v 1.0000 1.0000 1.0000
v 1.0039 -1.2549 0.0000
v 0.0000 149.9250 485.1157
v -884.3171 386.9503 0.0000
v 0.0000 0.0000 -149.6899
v 0.0000 1.0000 1.0000
v 1.0000 0.0000 0.0000
v 1.0039 -0.5020 0.0000
v 0.0000 0.0000 -478.4893
v 343.3599 -714.2692 239.2063
v 0.0000 0.0000 1.0000
v 1.0000 1.0000 0.0000
v 0.0000 0.5490 -364.8233
v 0.2696 -785.5622 0.0000
v 1.0039 1.0000 -353.6540
v 0.2696 -717.0626 0.0000
v 0.5020 0.5490 -358.8033
v 0.2696 -751.3122 0.0000
v 0.5020 1.0000 -345.9132
v 11.7419 -716.3696 -0.0000
v 0.0000 0.9098 -349.9022
v 21.2563 -750.6907 -0.0000
v 0.5020 0.7725 -361.0996
v 21.7668 -785.5520 -0.0000
v 1.0039 0.7725 0.0000
v 0.0000 -417.1187 52.6853
v -732.5402 91.0689 0.0000
v 0.0000 1.0000 1.0000
v 1.0000 0.0000 0.0000
v 0.5490 -575.2431 0.3587
v -609.9529 0.0000 1.0039
v 1.0000 -615.5867 0.3587
v -666.6060 0.0000 0.0000
v 0.5490 -586.3043 0.3587
v -641.7151 0.0000 0.5020
v 1.0000 -579.8532 11.8310
v -608.4906 -0.0000 1.0039
v 0.7725 -610.3163 12.8520
v -667.5895 -0.0000 0.0000
v 0.7725 -584.6912 12.3415
v -642.1024 -0.0000 0.5020
v 0.7725 0.0000 0.0000
v 0.0000 0.0000 -533.0238
v 52.7744 -681.1111 98.8658
v 0.0000 0.0000 1.0000
v 1.0000 1.0000 0.0000
v 1.0039 0.4510 402.0744
v -0.0511 -642.0851 0.0000
v 0.5020 1.0000 428.8654
v -2.7988 -701.1608 0.0000
v 0.0000 0.7255 365.4855
v -2.7988 -590.7883 0.0000
v 0.7529 -0.0902 0.0000
v 0.0000 0.0000 318.3746
v 136.2054 -688.3542 196.1614
v 0.0000 0.0000 1.0000
v 1.0000 1.0000 0.0000
v 1.0039 -0.5020 0.0000
v 0.0000 333.4416 381.6966
v -675.3890 199.0907 0.0000
v 0.0000 1.0000 1.0000
v 1.0000 0.0000 0.0000
v -0.5020 0.0000 0.0000
v -478.4893 343.3599 -714.2692
v 239.2063 0.0000 0.0000
v 1.0000 1.0000 1.0000
v 0.0000 0.0000 69.4110
v 508.0015 -1376.8668 385.6069
v 0.0000 0.0000 471.6303
v -149.6899 112.8689 0.0000
v 0.0000 0.0000 1.0000
v 1.0000 1.0000 0.0000
v 0.0000 0.0000 888.0096
v 402.4316 -277.5615 386.9988
v 0.0000 0.0000 1.0000
v 1.0000 1.0000 0.0000
v 0.0000 0.0000 187.6097
v 521.3499 -1016.0644 386.2187
v -149.6899 0.0000 0.0000
v 0.0000 0.0000 1.0000
v 1.0000 1.0000 0.0000
v 0.0000 0.0000 758.0641
v 419.8098 -206.6242 383.0435
v 0.0000 0.0000 1.0000
v 1.0000 1.0000 0.0000
v 0.0000 714.2700 403.8737
v -125.1422 383.0435 0.0000
v 0.0000 1.0000 1.0000
v 1.0000 0.0000 0.0000
v 0.0000 0.0000 845.9387
v 402.4316 -304.0918 383.0435
v 0.0000 0.0000 1.0000
v 1.0000 1.0000 0.0000
v 0.0000 0.0000 939.1237
v 402.4316 -123.4207 386.9988
v 0.0000 0.0000 1.0000
v 1.0000 1.0000 0.0000
v 0.0000 0.0000 911.0190
v 402.4316 -195.5808 386.9988
v 0.0000 0.0000 1.0000
v 1.0000 1.0000 0.0000
v 0.0000 0.0000 919.4076
v 402.4316 -253.9130 386.9988
v 0.0000 0.0000 1.0000
v 1.0000 1.0000 0.0000
v 0.0000 832.6411 372.3895
v -301.8135 380.3399 0.0000
v 0.0000 1.0000 1.0000
v 1.0000 0.0000 0.0000
v 0.0000 292.4089 565.3468
v -1084.6484 384.3953 0.0000
v 0.0000 0.0000 -149.6899
v 0.0000 1.0000 1.0000
v 1.0000 0.0000 0.0000
v -47.3863 -0.0000 388.4618
v 0.0000 0.0000 396.1032
v 462.6536 -1142.9340 0.0000
v 0.0000 0.0000 1.0000
v 1.0000 1.0000 0.0000
v -47.3863 -0.0001 388.4980
v 0.0000 0.0000 268.0798
v 433.4213 -1222.7349 0.0000
v 0.0000 0.0000 1.0000
v 1.0000 1.0000 0.0000
v 0.0000 645.1904 533.6714
v -1420.2467 409.2991 0.0000
v 0.0000 -48.0869 -149.6899
v 235.4599 0.0000 0.0000
v 0.0000 1.0000 1.0000
v 1.0000 0.0000 0.0000
v 427.5147 -0.0532 -628.8017
v 0.0000 0.0235 0.9765
v 437.9733 -0.0532 -662.3737
v 0.0000 0.0235 0.9765
v 424.0798 -0.0532 -689.5125
v 0.0000 0.0235 0.9765
v 394.5616 -0.0532 -683.9135
v 0.0000 0.9922 0.9765
v 372.8312 -0.0532 -668.5050
v 0.0000 0.9922 0.9765
v 364.9081 -0.0532 -643.0715
v 0.0000 0.9922 0.9765
v 368.7236 -0.0532 -613.2704
v 0.0000 0.9922 0.9765
v 398.8306 -0.0532 -608.4623
v 0.0000 0.9922 0.9765
v 427.5147 -0.0532 -628.8017
v 0.0000 0.9922 0.9765
v 398.8306 -0.0532 -608.4623
v 0.0000 0.0235 0.9765
v 398.8306 -0.0532 -608.4623
v 0.0000 0.0235 0.9765
v 437.9733 -0.0532 -662.3737
v 0.0000 0.9922 0.9765
v 368.7236 -0.0532 -613.2704
v 0.0000 0.0235 0.9765
v 368.7236 -0.0532 -613.2704
v 0.0000 0.0235 0.9765
v 364.9081 -0.0532 -643.0715
v 0.0000 0.0235 0.9765
v 372.8312 -0.0532 -668.5050
v 0.0000 0.0235 0.9765
v 424.0798 -0.0532 -689.5125
v 0.0000 0.9922 0.9765
v 424.0798 -0.0532 -689.5125
v 0.0000 0.9922 0.9765
v 394.5616 -0.0532 -683.9135
v 0.0000 0.0235 0.9765
v 0.0000 0.0000 401.4407
v 0.4333 -648.9875 48.4392
v 0.0000 0.0000 1.0000
v 1.0000 1.0000 0.0000
v 0.5059 0.0157 -604.9108
v 0.0959 -629.4235 0.0000
v 0.1961 0.3020 -589.8397
v 0.0959 -614.6256 0.0000
v 0.1961 0.3020 -574.9420
v 0.0959 -613.8217 0.0000
v 0.1961 0.3020 -574.0815
v 0.0959 -630.1570 0.0000
v 0.1961 0.3020 -578.9421
v 0.0959 -645.4020 0.0000
v 0.8392 0.3176 -590.3596
v 0.0959 -656.6124 0.0000
v 0.8392 0.3176 -605.3291
v 0.0959 -663.2076 0.0000
v 0.8392 0.3176 -611.3267
v 0.0959 -649.5468 0.0000
v 0.9176 0.5686 -604.9108
v 0.0959 -629.4235 0.0000
v 0.1098 0.5608 -611.3267
v 0.0959 -649.5468 0.0000
v 0.0235 0.9765 -611.3267
v 0.0959 -649.5468 0.0000
v 0.0235 0.9765 -589.8397
v 0.0959 -614.6256 0.0000
v 0.6745 0.1529 -605.3291
v 0.0959 -663.2076 0.0000
v 0.0235 0.9765 -605.3291
v 0.0959 -663.2076 0.0000
v 0.1961 0.3020 -590.3596
v 0.0959 -656.6124 0.0000
v 0.8392 0.3176 -578.9421
v 0.0959 -645.4020 0.0000
v 0.0235 0.9765 -574.9420
v 0.0959 -613.8217 0.0000
v 0.9922 0.9765 -574.9420
v 0.0959 -613.8217 0.0000
v 0.9922 0.9765 -574.0815
v 0.0959 -630.1570 0.0000
v 0.6745 0.1529 0.0000
v 0.0000 -592.7042 0.9879
v -638.5146 30.4308 0.0000
v 0.0000 1.0000 1.0000
v 1.0000 0.0000 0.0000
v 0.0157 -331.3872 -0.0433
v -755.7711 0.0000 0.0235
v 0.6157 -344.8970 -0.0433
v -775.9943 0.0000 0.0235
v 0.6157 -361.5012 -0.0433
v -780.4026 0.0000 0.0235
v 0.6157 -366.3109 -0.0433
v -762.1912 0.0000 0.9922
v 0.6157 -364.4157 -0.0433
v -743.8643 0.0000 0.9922
v 0.6314 -354.1809 -0.0433
v -728.5436 0.0000 0.9922
v 0.6314 -338.8573 -0.0433
v -717.5905 0.0000 0.9922
v 0.6314 -328.8854 -0.0433
v -731.5795 0.0000 0.9922
v 0.7961 -331.3872 -0.0433
v -755.7711 0.0000 0.9922
v 0.7961 -328.8854 -0.0433
v -731.5795 0.0000 0.0235
v 0.9765 -328.8854 -0.0433
v -731.5795 0.0000 0.0235
v 0.8039 -344.8970 -0.0433
v -775.9943 0.0000 0.9922
v 0.9765 -338.8573 -0.0433
v -717.5905 0.0000 0.0235
v 0.9765 -338.8573 -0.0433
v -717.5905 0.0000 0.0235
v 0.6157 -354.1809 -0.0433
v -728.5436 0.0000 0.0235
v 0.6314 -364.4157 -0.0433
v -743.8643 0.0000 0.0235
v 0.9765 -361.5012 -0.0433
v -780.4026 0.0000 0.9922
v 0.9765 -361.5012 -0.0433
v -780.4026 0.0000 0.9922
v 0.9765 -366.3109 -0.0433
v -762.1912 0.0000 0.0235
v 0.3255 0.0000 0.0000
v -347.5981 0.7668 -748.9965
v 34.3553 0.0000 0.0000
v 1.0000 1.0000 1.0000
v 0.0000 -0.4896 4.4119
v -0.2691 7.0395 0.0000
v 0.0000 -51.6481 0.0000
v -278.2032 0.0000 0.0000
v 0.0000 15.0000 0.4820
v 20.0000 0.0000 0.0000
v 0.0000 0.0000 -2.6023
v -0.0061 -3.7371 0.0000
v 0.8118 0.6000 -2.6023
v -0.0061 -3.7371 0.0000
v 1.1294 0.6471 -1.6667
v -0.0061 -5.0000 0.0000
v 1.5059 0.6471 -0.5994
v -0.0061 -5.0759 0.0000
v 1.8824 0.6471 0.5117
v -0.0061 -5.0759 0.0000
v 1.8667 1.0000 1.6667
v -0.0061 -3.8889 0.0000
v 2.2588 0.6471 1.4693
v -0.0061 -4.7976 0.0000
v 2.1922 0.9176 -3.8889
v -0.0061 -2.7778 0.0000
v 1.8235 0.2902 1.6607
v -0.0061 -2.7175 0.0000
v 2.2549 0.2941 -3.8889
v -0.0061 -1.6667 0.0000
v 1.8824 -0.0157 1.8485
v -0.0061 -1.8765 0.0000
v 2.3216 0.0431 2.7778
v -0.0061 -1.6667 0.0000
v 2.6353 -0.0157 3.8889
v -0.0061 -1.6667 0.0000
v 3.0118 -0.0157 -5.0000
v -0.0061 -0.5556 0.0000
v 1.8824 -0.3490 1.6667
v 0.1009 -0.5556 -0.0000
v 2.6353 -0.3490 3.8889
v -0.0061 -0.5556 0.0000
v 3.0118 -0.3490 -5.0000
v -0.0061 0.5555 0.0000
v 0.0000 -0.6784 -3.8889
v 0.1009 0.5555 0.0000
v 1.8824 -0.6784 1.6667
v 0.1009 0.5555 -0.0000
v 2.2588 -0.6784 2.7778
v -0.0061 0.5555 0.0000
v 2.6353 -0.6784 3.8889
v -0.0061 0.5555 0.0000
v 3.0118 -0.6784 -3.8889
v -0.0061 1.6667 0.0000
v 2.2588 -0.9686 2.7778
v -0.0061 1.6667 0.0000
v 2.6353 -1.0118 -3.8889
v -0.0061 2.7778 0.0000
v 2.2588 -1.3020 2.7778
v -0.0061 2.7778 0.0000
v 2.6353 -1.3451 -3.8889
v -0.0061 3.8889 0.0000
v 0.3765 -1.6745 -2.7778
v 0.0000 3.8889 0.0000
v 0.7529 -1.6745 -2.7778
v -0.0061 5.0000 0.0000
v 1.1294 -1.6745 -1.6667
v -0.0061 5.0000 0.0000
v 1.5059 -1.4824 -0.5556
v -0.0061 4.3590 0.0000
v 1.8824 -1.4824 0.5556
v -0.0061 4.3590 0.0000
v 2.2588 -1.6314 1.6667
v -0.0061 4.8576 0.0000
v 2.2588 -1.9647 2.7778
v -0.0061 3.8889 0.0000
v 2.6353 -1.6745 2.7778
v -0.0061 5.0000 0.0000
v 1.8824 0.8118 1.6009
v -0.0061 -4.3179 0.0000
v 2.2353 0.7725 1.6009
v -0.0061 -4.3179 0.0000
v 0.5647 -0.0157 -3.8889
v 0.1009 -1.1111 0.0000
v 0.3765 -0.1804 -4.4444
v 0.1009 -0.5556 0.0000
v 0.1882 -0.3490 -4.4444
v 0.1009 0.5555 0.0000
v 0.1882 -0.6784 -3.8889
v 0.1009 1.1111 0.0000
v 2.2588 -1.8000 2.2222
v 0.1009 3.8889 -0.0000
v 2.4471 -1.6745 2.2222
v 0.1009 2.7778 -0.0000
v 2.4471 -1.3451 2.2222
v 0.1009 1.6667 -0.0000
v 2.4471 -1.0118 2.7778
v -0.0061 1.1111 0.0000
v 2.6353 -0.8471 3.3333
v -0.0061 0.5555 0.0000
v 2.8235 -0.6784 3.3333
v 0.1009 -0.5556 0.0000
v 2.8235 -0.3490 3.3333
v -0.0061 -1.6667 0.0000
v 2.0706 0.6471 1.0453
v -0.0061 -4.8735 0.0000
v 2.0706 -0.0157 1.6667
v 0.1009 -1.1111 -0.0000
v 2.0471 0.7725 3.3333
v 0.1009 -1.1111 0.0000
v 2.8235 -0.1804 3.8889
v -0.0061 -1.1111 0.0000
v 3.0118 -0.1804 0.0000
v 0.0000 0.0000 -0.5556
v 0.0474 -0.0380 6.0411
v 0.0000 0.0000 -48.5219
v -0.0035 -272.0493 0.0000
v 0.0000 0.0000 15.0000
v 1.0000 13.0000 0.0000
v 0.0157 0.8275 0.0000
v 0.0000 0.0000 -57.0558
v -3.7844 2.8033 54.6041
v 0.0000 0.0000 1.0000
v 1.0000 1.0000 0.0000
v -5.8627 0.0000 0.0000
v -82.2226 0.6112 -153.1584
v 1019.7784 0.0000 0.0000
v 1.0000 1.0000 1.0000
v 0.0000 0.0000 -558.6454
v 0.0000 22.1911 0.0000
v 0.1804 0.6000 -594.4402
v 0.0000 52.1533 0.0000
v 0.2392 0.2745 -531.2944
v 0.0000 67.1565 0.0000
v 0.8353 0.5843 -564.8690
v 0.0000 83.3536 0.0000
v 0.7686 0.3255 -538.6423
v 0.0000 44.0077 0.0000
v 0.5451 0.6314 -540.9629
v 0.0000 59.2454 0.0000
v 0.6863 0.5569 -547.2007
v 0.0000 29.8801 0.0000
v 0.3412 0.6353 -573.5490
v 0.0000 66.4213 0.0000
v 0.5333 0.3412 -580.5533
v 0.0000 56.0681 0.0000
v 0.3765 0.3412 -576.3137
v 0.0000 78.7728 0.0000
v 0.6392 0.2745 -577.2088
v 0.0000 36.0621 0.0000
v 0.1961 0.4392 -550.5239
v 0.0000 73.7009 0.0000
v 0.3961 0.4627 -570.0363
v 0.0000 30.0147 0.0000
v 0.1843 0.5020 -581.9391
v 0.0000 46.5499 0.0000
v 0.6627 0.3373 -556.1423
v 0.0000 83.9667 0.0000
v 0.8353 0.3725 -536.0247
v 0.0000 75.6461 0.0000
v 0.3137 0.5529 56.8383
v 0.1000 -35.5799 0.0000
v 0.1098 0.8980 22.1989
v 0.1000 -13.3549 0.0000
v 0.0980 0.2039 84.8553
v 0.1000 5.8332 0.0000
v 0.8196 0.8980 51.7248
v 0.1000 28.2468 0.0000
v 0.8196 0.2235 70.8468
v 0.1000 -14.8733 0.0000
v 0.4667 0.8980 75.3991
v 0.1000 -3.1998 0.0000
v 0.6392 0.8510 60.6362
v 0.1000 -22.7746 0.0000
v 0.2902 0.8314 60.6362
v 0.1000 -22.7746 0.0000
v 0.2902 0.8314 37.1505
v 0.1000 8.6720 0.0000
v 0.4745 0.2039 30.7121
v 0.1000 -2.8130 0.0000
v 0.2902 0.2235 42.2686
v 0.1000 20.1569 0.0000
v 0.6510 0.1686 41.4048
v 0.1000 -23.2414 0.0000
v 0.1333 0.5647 70.1762
v 0.1000 18.9262 0.0000
v 0.2902 0.5608 46.6696
v 0.1000 -31.2968 0.0000
v 0.0824 0.7176 31.9905
v 0.1000 -18.7697 0.0000
v 0.6431 0.3922 60.0075
v 0.1000 22.6434 0.0000
v 0.8196 0.3922 60.0075
v 0.1000 22.6434 0.0000
v 0.8196 0.3922 76.5727
v 0.1000 11.4366 0.0000
v 0.8196 0.7294 69.5685
v 0.1000 1.0833 0.0000
v 0.2863 0.7020 -188.0200
v 0.0100 -162.9720 0.0000
v 0.3373 0.8314 -237.5646
v 0.0100 -136.1763 0.0000
v 0.2549 0.2118 -146.7541
v 0.0100 -98.0353 0.0000
v 1.8863 0.8314 -190.6083
v 0.0100 -67.0834 0.0000
v 1.9373 0.2392 -171.3200
v 0.0100 -129.8898 0.0000
v 1.0784 0.7922 -145.3941
v 0.0100 -120.0253 0.0000
v 1.5255 0.9765 -181.0588
v 0.0100 -147.3183 0.0000
v 0.6784 0.8039 -224.4882
v 0.0100 -98.0413 0.0000
v 1.0431 0.1059 -223.7582
v 0.0100 -120.5017 0.0000
v 0.6706 0.2471 -205.2723
v 0.0100 -85.5947 0.0000
v 1.4627 0.2118 -210.1160
v 0.0100 -150.1754 0.0000
v 0.3137 0.5490 -173.0753
v 0.0100 -93.4126 0.0000
v 1.6784 0.5608 -190.1492
v 0.1034 -118.0278 0.0000
v 1.0745 0.5451 -180.9210
v 0.1034 -102.7527 0.0000
v 0.6745 0.5451 -201.6176
v 0.0100 -161.3942 0.0000
v 0.2157 0.6980 -229.9466
v 0.0100 -146.4719 0.0000
v 1.4784 0.3804 -176.7499
v 0.0100 -75.7532 0.0000
v 1.9373 0.4196 -163.7723
v 0.0100 -94.8894 0.0000
v 0.6745 0.7137 -180.9483
v 0.0100 -159.4445 0.0000
v 0.4706 0.5451 -218.9115
v 0.1034 -135.2825 0.0000
v 0.4706 0.3804 -236.8564
v 0.0100 -124.4951 0.0000
v 0.4627 0.1490 -221.0280
v 0.0100 -110.6857 0.0000
v 0.8667 0.2157 -208.1728
v 0.1034 -118.4100 0.0000
v 0.8745 0.5451 -182.8641
v 0.1034 -134.5180 0.0000
v 0.8745 0.7137 -170.2097
v 0.0100 -142.5720 0.0000
v 0.8745 0.8784 -153.9290
v 0.0100 -127.8584 0.0000
v 1.3216 0.3098 -218.1116
v 0.0100 -89.1567 0.0000
v 1.2627 0.1137 -204.2353
v 0.0100 -75.8146 0.0000
v 1.6392 0.1647 -204.2353
v 0.0100 -75.8146 0.0000
v 1.6784 0.3804 -177.7538
v 0.1034 -97.9564 0.0000
v 1.5529 0.7098 -142.2296
v 0.0100 -109.6794 0.0000
v 1.7373 0.9412 31.9436
v 0.0000 296.2906 0.0000
v 0.2392 0.7922 62.7455
v 0.0000 326.2997 0.0000
v 0.2196 0.2314 66.6866
v 0.0000 258.7511 0.0000
v 0.8275 0.7804 99.6550
v 0.0000 289.9637 0.0000
v 0.8118 0.1882 51.0001
v 0.0000 279.0856 0.0000
v 0.5333 0.7569 57.1583
v 0.0000 269.7609 0.0000
v 0.6588 0.7765 45.8049
v 0.0000 291.5397 0.0000
v 0.3882 0.6980 83.0056
v 0.0000 307.6503 0.0000
v 0.5333 0.2000 70.5887
v 0.0000 313.8456 0.0000
v 0.3843 0.2667 86.9973
v 0.0000 293.9925 0.0000
v 0.6784 0.2784 44.6966
v 0.0000 316.8318 0.0000
v 0.1608 0.4902 79.4395
v 0.0000 276.8850 0.0000
v 0.3333 0.5020 37.9590
v 0.0000 308.2463 0.0000
v 0.1843 0.6314 56.0079
v 0.0000 319.6400 0.0000
v 0.3843 0.3961 78.9160
v 0.3292 303.1571 0.0000
v 0.6745 0.3647 91.9545
v 0.0000 279.4525 0.0000
v 0.8431 0.3569 75.1092
v 0.0000 267.0959 0.0000
v 0.8196 0.6275 67.2659
v 0.3292 275.9391 0.0000
v 0.5294 0.6588 46.2836
v 0.3292 300.6066 0.0000
v 0.3137 0.6157 242.4167
v 0.0500 -213.1647 0.0000
v 0.1373 0.7333 231.6787
v 0.0500 -176.3419 0.0000
v 0.1294 0.1373 287.0211
v 0.0500 -202.8113 0.0000
v 0.8824 0.7686 277.2023
v 0.0500 -163.2848 0.0000
v 0.9020 0.1333 262.3420
v 0.0500 -210.0814 0.0000
v 0.4627 0.7725 281.7338
v 0.0500 -204.2184 0.0000
v 0.7922 0.7647 255.2450
v 0.0500 -213.2713 0.0000
v 0.3373 0.7882 256.7782
v 0.0500 -168.8346 0.0000
v 0.5569 0.1294 243.6767
v 0.0500 -171.5740 0.0000
v 0.3412 0.1176 264.8747
v 0.0500 -163.0784 0.0000
v 0.7098 0.0784 235.2356
v 0.0500 -194.5642 0.0000
v 0.1059 0.4235 283.9450
v 0.0500 -184.5754 0.0000
v 0.3059 0.4745 241.8562
v 0.0500 -205.0434 0.0000
v 0.1647 0.6118 237.1787
v 0.0500 -186.1917 0.0000
v 0.3529 0.2980 255.3576
v 0.0500 -178.0689 0.0000
v 0.7373 0.3137 282.2877
v 0.0500 -173.0587 0.0000
v 0.9373 0.3020 285.9982
v 0.0500 -193.1501 0.0000
v 0.9098 0.6196 276.1763
v 0.0500 -194.2894 0.0000
v 0.2588 0.5725 0.0000
v 0.0000 -153.7095 0.1646
v 56.5142 511.3641 0.0000
v 0.0000 1.0000 1.0000
v 1.0000 0.0000 0.0000
v -122.7165 0.1000 -190.5079
v 0.0000 -119.3164 0.1000
v -189.1764 0.0000 -117.8870
v 0.1000 -191.8853 0.0000
v -119.9565 0.1000 -194.1701
v 0.0000 -121.7134 0.1000
v -194.0064 0.0000 -119.5056
v 0.1000 -190.0013 -0.0000
v -118.7283 0.1000 -191.8983
v -0.0000 -119.9919 0.1000
v -193.2413 -0.0000 -121.2699
v 0.1000 -193.4795 -0.0000
v -121.9476 0.1000 -191.1321
v 0.1000 -152.4989 0.0000
v 229.0331 0.1000 -150.2809
v 0.0000 231.1531 0.1000
v -151.0141 0.0000 231.0778
v 0.1000 -153.3277 0.0000
v 230.0484 0.1000 -154.0666
v 0.0000 229.3364 0.1000
v -150.9176 -0.0000 230.6104
v 0.1000 -151.4580 -0.0000
v 230.5741 0.1000 -152.7393
v -0.0000 230.0654 0.1000
v -153.4929 -0.0000 228.5262
v 0.1000 -152.5087 -0.0000
v -17.3168 0.0000 194.3373
v 0.1000 -14.2672 0.0000
v 197.4411 0.1000 -13.2868
v 0.0000 198.4630 0.1000
v -15.4188 0.0000 197.0962
v 0.1000 -17.1503 0.0000
v 194.9794 0.1000 -14.5587
v -0.0000 197.3119 0.1000
v -13.9760 -0.0000 197.6988
v 0.1000 -15.2933 -0.0000
v 196.8683 0.1000 -16.6242
v -0.0000 195.8660 0.1000
v 330.5263 0.1000 96.3740
v 0.0000 328.3783 0.1000
v 98.2657 0.0000 329.4617
v 0.1000 100.9184 0.0000
v 331.9796 0.1000 99.9461
v 0.0000 331.9249 0.1000
v 97.5845 0.0000 329.0569
v 0.1000 98.4578 -0.0000
v 329.8081 0.1000 100.3087
v -0.0000 331.3150 0.1000
v 99.5483 -0.0000 331.4112
v 0.1000 97.8390 -0.0000
v 330.6746 0.1000 97.1859
v 0.1000 230.3791 0.0000
v 114.2936 0.1000 232.1367
v 0.0000 115.4367 0.1000
v 234.3277 0.0000 117.6120
v 0.1000 233.7873 0.0000
v 117.6020 0.1000 231.5448
v 0.0000 114.9722 0.1000
v 232.3288 -0.0000 115.9320
v 0.1000 233.6734 -0.0000
v 117.1261 0.1000 233.2704
v -0.0000 117.1329 0.1000
v 231.6802 -0.0000 116.3070
v 0.1000 231.1910 -0.0000
v -53.2143 0.0000 -31.5760
v 0.1025 -51.9671 0.0000
v -31.2089 0.1025 -49.4290
v 0.0000 -28.8293 0.1025
v -49.2956 0.0000 -27.6755
v 0.1025 -51.5585 0.0000
v -30.8974 0.1025 -51.7750
v -0.0000 -30.7136 0.1025
v -50.0833 -0.0000 -29.0498
v 0.1025 -49.9962 -0.0000
v -28.3691 0.1025 -51.5456
v -0.0000 -29.5218 0.1025
v -1.8329 0.1000 -2.1866
v 0.0000 -3.8899 0.1000
v -1.0097 0.0000 -3.5907
v 0.1000 0.9826 0.0000
v -1.3729 0.1000 1.4354
v 0.0000 -0.1694 0.1000
v -0.2242 0.0000 -3.2250
v 0.1000 -0.7746 -0.0000
v -3.0546 0.1000 0.3613
v -0.0000 -1.5481 0.1000
v 0.7221 -0.0000 -0.8624
v 0.1000 -0.2557 -0.0000
v -2.0576 0.1000 -1.4693
v 0.1000 34.5096 0.0000
v 17.9102 0.1000 37.7191
v 0.0000 20.0849 0.1000
v 42.7505 0.0000 24.6445
v 0.1000 41.3162 0.0000
v 24.8294 0.1000 36.3965
v 0.0000 18.8724 0.1000
v 37.8955 -0.0000 20.6426
v 0.1000 41.8538 -0.0000
v 23.8885 0.1000 40.4928
v -0.0000 23.7899 0.1000
v 36.9128 -0.0000 21.9619
v 0.1000 35.7265 -0.0000
v 39.6322 0.0000 -83.4989
v 0.1000 42.0706 0.0000
v -81.4384 0.1000 45.6454
v 0.0000 -78.2212 0.1000
v 44.8109 0.0000 -78.0648
v 0.1000 41.0907 0.0000
v -82.5938 0.1000 42.3327
v -0.0000 -80.8807 0.1000
v 44.7487 -0.0000 -78.9771
v 0.1000 43.9875 -0.0000
v -79.1043 0.1000 41.6070
v -0.0000 -79.8185 0.1000
v -114.8481 0.1000 12.5151
v 0.0000 -116.1966 0.1000
v 16.8189 0.0000 -112.0984
v 0.1000 20.0391 0.0000
v -110.0337 0.1000 14.9028
v 0.0000 -112.0028 0.1000
v 14.7222 0.0000 -115.4074
v 0.1000 16.5210 -0.0000
v -111.8611 0.1000 18.9932
v -0.0000 -110.4322 0.1000
v 15.4063 -0.0000 -112.5095
v 0.1000 15.4518 -0.0000
v -114.0704 0.1000 13.6655
v -0.0000 -108.7614 0.1000
v 18.3961 0.0000 -109.6211
v 0.1000 18.1573 -0.0000
v -38.3543 0.0000 -161.4377
v 0.1000 -32.8495 0.0000
v -156.7228 0.1000 -30.7329
v 0.0000 -154.5282 0.1000
v -34.6357 0.0000 -157.6009
v 0.1000 -38.0622 0.0000
v -160.3888 0.1000 -33.4395
v -0.0000 -157.0697 0.1000
v -31.9086 -0.0000 -155.8032
v 0.1000 -34.8788 -0.0000
v -157.8155 0.1000 -37.1055
v -0.0000 -159.3440 0.1000
v -132.9086 0.1000 86.7131
v 0.0000 -136.8776 0.1000
v 89.4809 0.0000 -134.6674
v 0.1000 93.9842 0.0000
v -130.6416 0.1000 92.9699
v 0.0000 -130.3354 0.1000
v 88.3513 0.0000 -135.7030
v 0.1000 89.7430 -0.0000
v -134.1397 0.1000 92.8778
v -0.0000 -131.4275 0.1000
v 91.9369 -0.0000 -131.3749
v 0.1000 88.8676 -0.0000
v -132.8678 0.1000 87.9682
v 0.1000 205.8735 0.0000
v -65.3668 0.1000 206.7993
v 0.0000 -65.2334 0.1000
v 208.8048 0.0000 -63.5048
v 0.1000 208.3900 0.0000
v -62.8428 0.1000 207.4432
v 0.0000 -64.8969 0.1000
v 206.8759 -0.0000 -64.8674
v 0.1000 208.3986 -0.0000
v -63.8581 0.1000 208.1630
v -0.0000 -63.3374 0.1000
v 207.4690 -0.0000 -64.1886
v 0.1000 206.3638 -0.0000
v -64.6845 0.1000 206.4776
v 0.0000 -64.4581 0.1000
v 206.7610 -0.0000 -65.3848
v 0.1000 207.7738 0.0000
v -64.9669 0.1000 207.6090
v 0.1000 300.7420 0.0000
v -211.2467 0.1000 301.2519
v 0.0000 -210.6984 0.1000
v 303.6617 0.0000 -209.2719
v 0.1000 303.2465 0.0000
v -208.8170 0.1000 302.1200
v 0.0000 -210.7894 0.1000
v 301.5621 -0.0000 -210.5058
v 0.1000 303.2198 -0.0000
v -209.5358 0.1000 302.7853
v -0.0000 -209.2770 0.1000
v 302.2142 -0.0000 -209.9983
v 0.1000 301.2208 -0.0000
v -211.2661 0.1000 302.4568
v 0.0000 -210.9412 0.1000
v -273.3154 0.1000 112.7374
v 0.0000 -274.1195 0.1000
v 114.7773 0.0000 -271.7861
v 0.1000 116.4255 0.0000
v -270.3121 0.1000 115.8475
v 0.0000 -272.0634 0.1000
v 113.7778 0.0000 -273.3227
v 0.1000 114.5541 -0.0000
v -271.8763 0.1000 115.7374
v -0.0000 -270.8994 0.1000
v 115.4746 -0.0000 -272.0678
v 0.1000 114.2869 -0.0000
v -273.0085 0.1000 113.5279
v -0.0000 -270.4763 0.1000
v 113.7414 0.0000 -271.0583
v 0.1000 114.1366 -0.0000
v 44.7220 0.0000 -409.0736
v 0.1000 46.7972 0.0000
v -407.9712 0.1000 49.8704
v 0.0000 -404.9875 0.1000
v 49.0783 0.0000 -404.8322
v 0.1000 45.8703 0.0000
v -408.3080 0.1000 47.1109
v -0.0000 -407.6193 0.1000
v 49.2722 -0.0000 -405.5114
v 0.1000 48.5290 -0.0000
v -405.5948 0.1000 46.3361
v -0.0000 -406.5549 0.1000
v -418.5556 0.1000 -123.3930
v 0.0000 -421.8986 0.1000
v -121.3526 0.0000 -420.1184
v 0.1000 -117.7929 0.0000
v -417.1000 0.1000 -118.9151
v 0.0000 -416.9796 0.1000
v -122.1057 0.0000 -421.1155
v 0.1000 -121.1779 -0.0000
v -419.7667 0.1000 -118.3911
v -0.0000 -417.6240 0.1000
v -119.4643 -0.0000 -417.6726
v 0.1000 -121.7615 -0.0000
v -418.5284 0.1000 -122.5562
v 0.1000 -255.3298 0.0000
v -447.7708 0.1000 -253.4006
v 0.0000 -446.3055 0.1000
v -249.9150 0.0000 -443.3612
v 0.1000 -251.0557 0.0000
v -443.1481 0.1000 -253.9684
v 0.0000 -447.2841 0.1000
v -253.2073 -0.0000 -445.9537
v 0.1000 -250.5131 -0.0000
v -443.8851 0.1000 -251.6049
v -0.0000 -443.7856 0.1000
v -253.7539 -0.0000 -444.7896
v 0.1000 -254.6227 -0.0000
v -382.3836 0.0000 -443.3892
v 0.1000 -379.8363 0.0000
v -443.4578 0.1000 -375.4269
v 0.0000 -437.7575 0.1000
v -376.3859 0.0000 -437.5138
v 0.1000 -379.8519 0.0000
v -442.3863 0.1000 -379.5348
v -0.0000 -442.5931 0.1000
v -376.2464 -0.0000 -438.3640
v 0.1000 -377.0794 -0.0000
v -438.4469 0.1000 -379.4702
v -0.0000 -439.7921 0.1000
v -381.3282 -0.0000 -443.7731
v 0.1000 -378.1809 0.0000
v -442.9725 0.1000 -378.6564
v -0.0000 -441.8540 0.1000
v -381.2098 0.0000 -441.6385
v 0.1000 -380.2983 -0.0000
v -440.5411 0.1000 -375.1073
v 0.0000 -440.7116 0.1000
v -330.7686 0.1000 -464.5399
v 0.0000 -333.7995 0.1000
v -460.3348 0.0000 -330.1764
v 0.1000 -454.8025 0.0000
v -325.0075 0.1000 -457.5702
v 0.0000 -326.9218 0.1000
v -463.2536 0.0000 -332.7523
v 0.1000 -460.3536 -0.0000
v -329.9887 0.1000 -456.1777
v -0.0000 -326.2457 0.1000
v -458.3563 -0.0000 -327.3907
v 0.1000 -462.4229 -0.0000
v -330.0020 0.1000 -463.3276
v 0.1000 -525.7747 0.0000
v 43.7807 0.1000 -521.4829
v 0.0000 43.0987 0.1000
v -509.6465 0.0000 53.2317
v 0.1000 -508.8469 0.0000
v 56.4347 0.1000 -520.5436
v 0.0000 45.2545 0.1000
v -520.6783 -0.0000 44.7718
v 0.1000 -511.2914 -0.0000
v 52.3191 0.1000 -510.8527
v -0.0000 54.9300 0.1000
v -519.8315 -0.0000 51.1944
v 0.1000 -523.5866 -0.0000
v -440.0046 0.0000 80.4379
v 0.1000 -437.1427 0.0000
v 80.9043 0.1000 -431.4759
v 0.0000 84.5041 0.1000
v -430.7890 0.0000 87.0599
v 0.1000 -436.5021 0.0000
v 81.4592 0.1000 -436.5719
v -0.0000 81.7120 0.1000
v -432.5950 -0.0000 84.0420
v 0.1000 -431.7852 -0.0000
v 85.8717 0.1000 -436.2571
v -0.0000 84.4729 0.1000
v -438.4366 -0.0000 81.2066
v 0.1000 -434.4878 0.0000
v 82.1210 0.1000 -434.7619
v 0.1000 -444.0509 0.0000
v 64.3772 0.1000 -446.4986
v 0.0000 56.3423 0.1000
v -444.2847 0.0000 58.7119
v 0.1000 -437.8996 0.0000
v 67.4390 0.1000 -438.4195
v 0.0000 63.9853 0.1000
v -445.2281 -0.0000 57.8342
v 0.1000 -443.7860 -0.0000
v 59.9221 0.1000 -439.0194
v -0.0000 66.2532 0.1000
v -439.5878 -0.0000 67.7998
v 0.1000 -443.4682 -0.0000
v -206.9805 0.0000 418.3735
v 0.1000 -209.7780 0.0000
v 413.0858 0.1000 -204.7078
v 0.0000 416.1197 0.1000
v -199.9953 0.0000 422.2965
v 0.1000 -203.1935 0.0000
v 418.3720 0.1000 -208.5068
v -0.0000 414.4959 0.1000
v -204.8752 -0.0000 416.8623
v 0.1000 -201.4658 -0.0000
v 420.9725 0.1000 -203.7364
v -0.0000 421.2486 0.1000
v 531.5687 0.1000 -62.3588
v 0.0000 534.9899 0.1000
v -67.5922 0.0000 526.2432
v 0.1000 -67.5231 0.0000
v 522.9010 0.1000 -63.9411
v 0.0000 524.3749 0.1000
v -59.8918 0.0000 533.9589
v 0.1000 -66.8219 -0.0000
v 526.5010 0.1000 -66.2231
v -0.0000 524.2451 0.1000
v -63.7141 -0.0000 525.0905
v 0.1000 -60.7448 -0.0000
v 531.7070 0.1000 -63.6307
v -0.0000 528.0674 0.1000
v -61.2790 -0.0000 528.3761
v 0.1000 -60.2915 0.0000
v 528.8631 0.1000 -65.9726
v 0.0000 529.2488 0.1000
v -64.9078 0.0000 534.2516
v 0.1000 -64.0339 -0.0000
v 535.3346 0.1000 -63.6224
v 0.0000 529.5220 0.1000
v -64.0180 0.0000 530.0243
v 0.1000 -63.0491 0.0000
v 531.8212 0.1000 -65.5017
v -0.0000 530.2577 0.1000
v 16.0304 0.0000 590.1578
v 0.1000 17.9530 0.0000
v 591.5259 0.1000 24.3484
v 0.0000 596.4648 0.1000
v 24.5652 0.0000 597.2888
v 0.1000 18.1996 0.0000
v 591.2155 0.1000 18.6581
v -0.0000 592.1672 0.1000
v 23.0815 -0.0000 595.6515
v 0.1000 23.1327 -0.0000
v 596.1038 0.1000 19.0015
v -0.0000 594.0793 0.1000
v 593.8889 0.1000 32.4449
v 0.0000 590.5311 0.1000
v 30.2886 0.0000 586.7242
v 0.1000 34.1889 0.0000
v 588.8527 0.1000 37.7162
v 0.0000 593.6503 0.1000
v 35.3508 0.0000 590.5298
v 0.1000 31.3479 -0.0000
v 587.8994 0.1000 34.0494
v -0.0000 589.4716 0.1000
v 36.4908 -0.0000 592.5470
v 0.1000 34.8984 -0.0000
v 592.5771 0.1000 32.8525
v 0.1000 24.8343 0.0000
v 578.6704 0.1000 21.3841
v 0.0000 572.5797 0.1000
v 27.6246 0.0000 575.9851
v 0.1000 33.2683 0.0000
v 583.6613 0.1000 29.4838
v 0.0000 578.6685 0.1000
v 23.0791 -0.0000 574.4598
v 0.1000 27.4014 -0.0000
v 576.9753 0.1000 31.3078
v -0.0000 581.8959 0.1000
v 28.7599 -0.0000 581.9443
v 0.1000 25.4864 -0.0000
v 23.9622 0.0000 591.7181
v 0.1000 21.1049 0.0000
v 590.8781 0.1000 6.5107
v 0.0000 581.8168 0.1000
v 3.1711 0.0000 575.0086
v 0.1000 11.2629 0.0000
v 589.8227 0.1000 18.8234
v -0.0000 588.5997 0.1000
v 8.9163 -0.0000 582.6808
v 0.1000 6.9165 -0.0000
v 577.7280 0.1000 11.8269
v -0.0000 581.8889 0.1000
v 586.8621 0.1000 119.3475
v 0.0000 593.4476 0.1000
v 119.2715 0.0000 593.4355
v 0.1000 103.9304 0.0000
v 587.0850 0.1000 100.0137
v 0.0000 583.1473 0.1000
v 103.3587 0.0000 592.7452
v 0.1000 117.7289 -0.0000
v 591.3318 0.1000 104.4891
v -0.0000 587.3198 0.1000
v 102.7951 -0.0000 585.0641
v 0.1000 103.5115 -0.0000
v 588.0747 0.1000 117.7610
v -0.0000 590.0486 0.1000
v 114.1048 -0.1250 591.9830
v 0.1000 109.5043 0.0000
v 590.9446 0.1000 109.5896
v 0.0000 583.9715 0.1000
v 108.0106 0.0000 585.3540
v 0.1000 107.6279 -0.0000
v 588.9432 0.1000 109.8010
v 0.0000 590.2875 0.1000
v 108.1940 0.0000 591.9799
v 0.1000 107.9936 0.0000
v 594.0522 0.1000 111.5011
v 0.0000 592.5743 0.1000
v 112.3222 -0.0000 587.0790
v 0.1000 112.5729 -0.0000
v 585.7814 0.1000 113.3752
v 0.0000 582.9317 0.1000
v 111.3918 0.0000 584.2717
v 0.1000 110.7082 -0.0000
v 192.7683 0.0000 512.5065
v 0.1000 193.0827 0.0000
v 505.6783 0.1000 182.3108
v 0.0000 503.5258 0.1000
v 180.0126 0.0000 498.6190
v 0.1000 181.4117 0.0000
v 511.4286 0.1000 191.9869
v -0.0000 504.4024 0.1000
v 183.4476 0.0000 502.8390
v 0.1000 181.6778 -0.0000
v 499.6303 0.1000 182.2699
v -0.0000 497.0636 0.1000
v 191.9902 -0.0000 498.3486
v 0.1000 187.5255 0.0000
v 499.8881 0.1000 187.5990
v 0.0000 505.0502 0.1000
v 191.6535 0.0000 505.0243
v 0.1000 192.8250 0.0000
v 512.3755 0.1000 186.6582
v 0.0000 511.0312 0.1000
v 187.2147 -0.0000 500.1860
v 0.1000 190.3621 -0.1250
v 507.7974 0.1000 189.4902
v -0.1250 501.1909 0.1000
v 193.3629 -0.0000 500.8477
v 0.1000 194.8068 0.0000
v 501.3051 0.1000 187.2708
v 0.0000 504.9767 0.1000
v 185.7628 0.0000 504.0587
v 0.1000 189.3901 0.0000
v 507.6869 0.1000 184.1830
v 0.0000 507.2143 0.1000
v 185.8336 0.0000 496.2703
v 0.1000 188.8069 0.0000
v 497.8728 0.1000 189.4261
v 0.1000 249.9726 0.0000
v 411.9947 0.1000 255.0765
v 0.0000 414.3326 0.1000
v 245.0146 0.0000 413.3786
v 0.1000 239.5433 0.0000
v 405.2606 0.1000 237.9805
v 0.0000 410.9861 0.1000
v 253.7113 -0.0000 412.4571
v 0.1000 244.7552 -0.0000
v 411.9377 0.1000 240.6243
v -0.0000 406.0777 0.1000
v 239.3451 -0.0000 405.8850
v 0.1000 249.8079 -0.0000
v 404.1385 0.1000 244.0056
v -0.0000 402.6611 0.1000
v 243.9608 0.0000 412.2672
v 0.1000 247.0845 0.0000
v 410.8824 0.1000 246.8265
v 0.0000 406.2313 0.1000
v 253.0509 -0.0000 405.1698
v 0.1000 254.3205 0.0000
v 407.3511 0.1000 246.7409
v 0.0000 405.8084 0.1000
v 246.9662 0.0000 408.1710
v 0.1000 249.4150 -0.0000
v 414.3358 0.1000 249.5921
v 424.4500 0.1000 241.6472
v 0.0000 431.6720 0.1000
v 239.0755 0.0000 428.2269
v 0.1000 232.5069 0.0000
v 423.2775 0.1000 233.1597
v 0.0000 421.1816 0.1000
v 236.1130 0.0000 430.1825
v 0.1000 238.2665 -0.0000
v 427.5278 0.1000 234.2663
v -0.0000 423.9838 0.1000
v 234.8168 -0.0000 422.5025
v 0.1000 235.9934 -0.0000
v 424.8762 0.1000 239.4912
v 0.1000 306.3707 0.0000
v 328.5422 0.1000 304.3075
v 0.0000 323.9025 0.1000
v 295.8449 0.0000 320.2398
v 0.1000 292.7305 0.0000
v 314.4557 0.1000 295.3958
v 0.0000 326.9141 0.1000
v 303.8278 -0.0000 322.2507
v 0.1000 296.7701 -0.0000
v 319.7436 0.1000 294.4621
v -0.0000 315.5566 0.1000
v 296.1357 -0.0000 320.9925
v 0.1000 305.0051 -0.0000
v 316.7809 0.1000 301.3308
v -0.0000 315.5760 0.1000
v 302.1868 0.0000 323.8325
v 0.1000 299.3701 0.0000
v 322.5728 0.1000 300.0002
v 0.0000 324.0348 0.1000
v 305.8015 -0.0000 324.1401
v 0.1000 306.9685 0.0000
v 320.1903 0.1000 301.9730
v 0.0000 319.0963 0.1000
v 303.0838 0.0000 323.3038
v 0.1000 302.9009 -0.0000
v 307.0849 0.0000 312.4595
v 0.1000 303.8552 0.0000
v 311.7842 0.1000 298.4974
v 0.0000 307.2037 0.1000
v 297.0368 0.0000 302.8953
v 0.1000 301.7269 0.0000
v 310.9848 0.1000 303.4220
v -0.0000 310.6171 0.1000
v 299.9881 -0.0000 307.4138
v 0.1000 298.8257 -0.0000
v 304.1964 0.1000 301.9848
v -0.0000 306.9432 0.1000
v 305.4458 -0.0000 270.6999
v 0.1000 335.3669 -0.0000
v 266.6263 0.1000 334.6521
v 0.0000 271.8438 0.1000
v 338.3565 0.0000 281.4104
v 0.1000 328.8958 0.0000
v 276.7845 0.1000 326.7048
v 0.0000 269.0768 0.1000
v 331.0547 0.0000 271.4895
v 0.1000 336.7880 -0.0000
v 279.8901 0.1000 329.7461
v -0.0000 276.9522 0.1000
v 328.4396 -0.0000 269.7426
v 0.1000 332.8982 -0.0000
v 267.9330 0.1000 335.2851
v -0.0000 268.6631 0.1000
v 338.4664 0.0000 269.5495
v 0.1000 336.8764 -0.0000
v 273.2068 0.1000 332.4582
v 0.1000 334.6499 -0.0000
v 282.2899 0.1000 335.6849
v 0.0000 277.3276 0.1000
v 272.5888 0.1000 329.7144
v 0.1000 336.7592 0.0000
v 0.1000 367.1914 0.0000
v 296.1022 0.1000 363.7332
v 0.0000 294.3414 0.1000
v 357.0360 0.0000 290.6905
v 0.1000 355.4515 0.0000
v 285.7875 0.1000 360.0114
v 0.0000 294.2588 0.1000
v 363.1918 -0.0000 292.8824
v 0.1000 358.8994 -0.0000
v 290.9531 0.1000 357.6877
v -0.0000 287.4138 0.1000
v 360.3338 -0.0000 289.7858
v 0.1000 365.1425 -0.0000
v 374.6699 0.0000 298.4090
v 0.1000 377.4576 0.0000
v 301.9386 0.1000 371.4973
v 0.0000 299.3230 0.1000
v 369.0638 0.0000 296.6048
v 0.1000 371.1933 0.0000
v 298.5592 0.1000 375.7881
v -0.0000 300.1832 0.1000
v 372.5462 -0.0000 299.2310
v 0.1000 371.5479 -0.0000
v 297.9762 0.1000 372.5047
v -0.0000 297.4590 0.1000
v 269.9815 0.1000 379.7152
v 0.0000 277.7088 0.1000
v 379.6188 0.0000 278.1604
v 0.1000 373.2353 0.0000
v 273.0040 0.1000 370.9682
v 0.0000 269.3896 0.1000
v 373.5623 0.0000 276.2120
v 0.1000 378.4142 -0.0000
v 276.1002 0.1000 374.4000
v -0.0000 273.0050 0.1000
v 372.8808 -0.0000 271.2093
v 0.1000 374.0995 -0.0000
v 271.2035 0.1000 378.0033
v 0.1000 427.5926 0.0000
v 247.6445 0.1000 423.9427
v 0.0000 245.2648 0.1000
v 419.3589 0.0000 240.6001
v 0.1000 419.4373 0.0000
v 238.9563 0.1000 423.0282
v 0.0000 245.7598 0.1000
v 423.5692 -0.0000 244.7017
v 0.1000 421.0990 -0.0000
v 241.4875 0.1000 421.1315
v -0.0000 240.8177 0.1000
v 422.6607 -0.0000 242.7926
v 0.1000 425.5093 -0.0000
v 446.3914 0.0000 243.9001
v 0.1000 438.4549 0.0000
v 245.1029 0.1000 431.3238
v 0.0000 226.6263 0.1000
v 429.9969 0.0000 222.4740
v 0.1000 436.6240 0.0000
v 242.1080 0.1000 437.3501
v -0.0000 244.0004 0.1000
v 432.7832 -0.0000 227.7304
v 0.1000 431.1936 -0.0000
v 224.0844 0.1000 436.8883
v -0.0000 233.1698 0.1000
v 444.6298 -0.0000 225.1244
v 0.1000 442.5558 0.0000
v 226.2086 0.1000 441.8071
v -0.0000 230.1982 0.1000
v 442.7806 0.0000 230.6163
v 0.1000 441.2031 -0.0000
v 237.9614 0.1000 443.6100
v -0.0000 238.5784 0.1000
v 445.0432 0.0000 238.7449
v 0.1000 438.1019 0.0000
v 239.9494 0.1000 439.3708
v 0.0000 233.9265 0.1000
v 429.4578 0.0000 233.5167
v 0.1000 431.1332 -0.0000
v 235.8063 0.1000 432.7690
v 0.0000 235.0502 0.1000
v 434.3364 -0.0000 237.1299
v 0.1000 433.0094 0.0000
v 242.2277 0.1000 428.8112
v 0.0000 237.4269 0.1000
v 434.5651 0.0000 242.2384
v 0.1000 430.6549 -0.0000
v 241.0826 0.1000 434.6429
v -0.1250 237.7454 0.1000
v 436.4788 0.0000 230.3711
v 0.1000 428.7167 0.0000
v 230.3078 0.1000 430.5002
v -0.0000 225.8134 0.1000
v 433.6894 0.0000 227.1707
v 0.1000 434.4200 -0.0000
v 244.8860 0.1000 435.3193
v -0.0000 246.3333 0.1000
v -575.7610 0.1000 85.1989
v 0.0000 -577.5901 0.1000
v 78.8729 0.0000 -589.6633
v 0.1000 82.0048 0.0000
v -581.6581 0.1000 98.4879
v 0.0000 -571.6823 0.1000
v 91.9264 0.0000 -578.8552
v 0.1000 81.0434 -0.0000
v -587.4280 0.1000 82.1488
v -0.0000 -580.8304 0.1000
v 96.4065 -0.0000 -574.2085
v 0.1000 91.2450 -0.0000
v -577.6541 0.1000 86.3964
v -0.0000 -587.4796 0.1000
v 93.7772 0.0000 -585.9481
v 0.1000 92.8085 -0.0000
v 80.4096 0.0000 -571.5854
v 0.1000 79.1725 0.0000
v -575.5891 0.1000 81.9154
v 0.0000 -573.1381 0.1000
v 86.3586 0.0000 -568.9258
v 0.1000 84.9770 0.0000
v -571.3086 0.1000 80.2577
v -0.0000 -574.4715 0.1000
v 81.9874 -0.0000 -572.7241
v 0.1000 85.3179 -0.0000
v -569.7877 0.1000 84.2618
v -0.0000 -570.0393 0.1000
v -570.9138 0.1000 26.1132
v 0.0000 -575.7855 0.1000
v 24.3224 0.0000 -579.7604
v 0.1000 28.3418 0.0000
v -576.9178 0.1000 35.0931
v 0.0000 -570.3900 0.1000
v 33.4973 0.0000 -575.4340
v 0.1000 25.6775 -0.0000
v -578.3629 0.1000 28.4262
v -0.0000 -576.4057 0.1000
v 33.6305 -0.0000 -571.7902
v 0.1000 32.4879 -0.0000
v -572.0940 0.1000 26.8663
v 0.1000 17.9312 0.0000
v -568.8576 0.1000 16.6346
v 0.0000 -571.0603 0.1000
v 17.2580 0.0000 -570.8467
v 0.1000 19.8452 0.0000
v -568.5406 0.1000 20.7667
v 0.0000 -568.9665 0.1000
v 17.3261 -0.0000 -570.3533
v 0.1000 17.6582 -0.0000
v -570.3522 0.1000 19.3497
v -0.0000 -568.8756 0.1000
v 20.0770 -0.0000 -567.8172
v 0.1000 18.0414 -0.0000
v -567.3771 0.1000 19.3904
v 0.0000 -567.8903 0.1000
v -570.6282 0.1000 -14.1395
v 0.0000 -579.1747 0.1000
v -17.8052 0.0000 -587.7863
v 0.1000 -6.4310 0.0000
v -579.7652 0.1000 2.2665
v 0.0000 -568.9269 0.1000
v -5.5984 0.0000 -578.7893
v 0.1000 -15.4652 -0.0000
v -585.1313 0.1000 -6.8672
v -0.0000 -579.8298 0.1000
v -0.2532 -0.0000 -571.7479
v 0.1000 -7.1379 -0.0000
v -572.6316 0.1000 -12.6772
v 0.1000 -105.4375 0.0000
v -643.0312 0.1000 -105.7088
v 0.0000 -645.4047 0.1000
v -98.4911 0.0000 -640.1871
v 0.1000 -95.0949 0.0000
v -635.1821 0.1000 -100.5958
v 0.0000 -642.1193 0.1000
v -104.4680 -0.0000 -643.9427
v 0.1000 -98.9751 -0.0000
v -640.1956 0.1000 -96.6349
v -0.0000 -636.6493 0.1000
v -101.0636 -0.0000 -638.0099
v 0.1000 -104.1866 -0.0000
v 491.2965 0.0000 200.3641
v 0.1000 489.9705 0.0000
v 199.6321 0.1000 482.5170
v 0.0000 195.1761 0.1000
v 480.6389 0.0000 191.1111
v 0.1000 484.8344 0.0000
v 198.5721 0.1000 488.8657
v -0.0000 198.5296 0.1000
v 483.9763 -0.0000 195.4591
v 0.1000 482.5305 -0.0000
v 192.7215 0.1000 485.0986
v -0.0000 194.4708 0.1000
v 489.5349 -0.0000 171.4128
v 0.1000 458.5760 -0.0000
v 170.8269 0.1000 452.8992
v 0.0000 169.1735 0.1000
v 464.7091 0.0000 182.5712
v 0.1000 463.2708 0.0000
v 182.7455 0.1000 460.3927
v 0.0000 175.3640 0.1000
v 455.3571 0.0000 170.0871
v 0.1000 462.8507 -0.0000
v 181.2762 0.1000 462.7589
v -0.0000 181.2975 0.1000
v 461.3680 -0.0000 173.6911
v 0.1000 456.9294 -0.0000
v 171.1181 0.1000 454.6192
v -0.0000 166.1982 0.1000
v 457.2656 0.0000 168.0513
v 0.1000 457.6881 -0.0000
v 175.9417 0.1000 458.2281
v 0.1000 464.2565 -0.0000
v 178.2360 0.1000 465.7098
v 0.0000 178.6051 0.1000
v 178.8406 0.1000 458.2553
v 0.1000 462.6849 0.0000
v 0.1000 446.2345 0.0000
v 182.3609 0.1000 445.4489
v 0.0000 182.3938 0.1000
v 438.4381 0.0000 178.7952
v 0.1000 436.1962 0.0000
v 174.6082 0.1000 439.2503
v 0.0000 181.0081 0.1000
v 444.0845 -0.0000 180.9532
v 0.1000 439.5650 -0.0000
v 178.5824 0.1000 438.0969
v -0.0000 176.1762 0.1000
v 439.4903 -0.0000 177.2787
v 0.1000 444.2355 -0.0000
v 491.7193 0.0000 23.4503
v 0.1000 508.7441 0.0000
v 59.6386 0.1000 496.5227
v 0.0000 62.4336 0.1000
v 484.3329 0.0000 52.3253
v 0.1000 478.8387 0.0000
v 24.8161 0.1000 504.9130
v -0.0000 57.2195 0.1000
v 493.7789 -0.0000 59.4496
v 0.1000 485.0678 0.0000
v 52.0304 0.1000 481.9973
v -0.0000 23.6746 0.1000
v 492.5106 -0.0000 14.3274
v 0.1000 500.5936 0.0000
v 17.5857 0.1000 499.4357
v -0.0000 40.1297 0.1000
v 484.8447 0.0000 41.7615
v 0.1000 487.3987 -0.0000
v 61.3860 0.1000 474.7082
v 0.1000 477.5063 0.0000
v 58.3325 0.1000 479.2148
v 0.0000 65.4096 0.1000
v 57.7509 0.1000 480.9439
v 0.0000 64.4290 0.1000
v 32.9328 0.1000 472.0761
v 0.0000 34.5283 0.1000
v 477.7062 0.0000 43.9803
v 0.1000 472.0596 0.0000
v 45.8655 0.1000 467.0796
v 0.0000 41.3909 0.1000
v 466.2143 0.0000 35.1429
v 0.1000 475.8484 -0.0000
v 42.3879 0.1000 471.1601
v -0.0000 44.4520 0.1000
v 467.9308 -0.0000 40.8329
v 0.1000 468.2025 -0.0000
v 34.8540 0.1000 472.1789
v -0.0000 40.6794 0.1000
v 474.7607 0.0000 40.0276
v 0.1000 473.1785 -0.0000
v 32.8755 0.1000 475.5019
v 0.0000 34.1434 0.1000
v -10.6560 0.1000 481.5099
v 0.0000 -8.7718 0.1000
v 487.7783 0.0000 -0.7396
v 0.1000 486.0109 0.0000
v 0.9556 0.1000 480.2934
v 0.0000 -2.3694 0.1000
v 477.9651 0.0000 -7.5822
v 0.1000 486.2247 -0.0000
v -1.9491 0.1000 484.6390
v -0.0000 -0.3142 0.1000
v 480.8831 -0.0000 -2.5168
v 0.1000 479.5445 -0.0000
v -8.5873 0.1000 481.9056
v -0.0000 -46.1223 0.1000
v 498.4276 -0.0000 -44.8250
v 0.1000 491.6146 0.0000
v -52.0943 0.1000 502.2413
v 0.0000 -36.7726 0.1000
v 514.7238 0.0000 -31.2770
v 0.1000 507.4714 0.0000
v -40.5086 0.1000 493.4621
v 0.0000 -49.3806 0.1000
v 500.4793 -0.0000 -37.1827
v 0.1000 512.4130 -0.0000
v -33.7645 0.1000 507.3834
v -0.0000 -42.7009 0.1000
v 495.2039 -0.0000 -44.9208
v 0.1000 493.9307 -0.0000
v -52.7592 0.1000 495.3924
v 0.0000 -50.8360 0.1000
v 496.5524 -0.0000 -41.3056
v 0.1000 498.7776 0.0000
v 508.5191 -0.0000 -46.3913
v 0.1000 510.0180 0.0000
v -41.6525 0.1000 505.4203
v 0.1000 501.4738 0.0000
v 491.1201 0.0000 -130.7010
v 0.1000 495.7831 0.0000
v -129.5968 0.1000 500.2059
v 0.0000 -123.8891 0.1000
v 500.9059 0.0000 -121.1460
v 0.1000 494.5186 0.0000
v -129.2844 0.1000 496.0506
v -0.0000 -128.7435 0.1000
v 499.0555 -0.0000 -124.7840
v 0.1000 499.8293 -0.0000
v -122.4464 0.1000 495.0371
v -0.0000 -125.2946 0.1000
v -258.8174 0.1000 463.7274
v 0.0000 -263.7855 0.1000
v 469.0127 0.0000 -260.0228
v 0.1000 478.3091 0.0000
v -252.2898 0.1000 475.6711
v 0.0000 -252.7963 0.1000
v 465.8972 0.0000 -261.9059
v 0.1000 469.3193 -0.0000
v -259.4623 0.1000 476.6843
v -0.0000 -253.7030 0.1000
v 474.7627 -0.0000 -254.0970
v 0.1000 466.9605 -0.0000
v -258.2081 0.1000 465.2929
v 0.1000 433.7502 0.0000
v -257.2605 0.1000 438.2437
v 0.0000 -253.2998 0.1000
v 446.9462 0.0000 -245.9133
v 0.1000 444.3578 0.0000
v -246.4693 0.1000 435.8210
v 0.0000 -255.3810 0.1000
v 438.5503 -0.0000 -252.7393
v 0.1000 445.3214 -0.0000
v -247.3265 0.1000 443.4493
v -0.0000 -247.7699 0.1000
v 436.8844 -0.0000 -251.4851
v 0.1000 435.3158 -0.0000
v 391.9804 0.0000 -263.8160
v 0.1000 399.5524 0.0000
v -273.7906 0.1000 408.8287
v 0.0000 -244.5565 0.1000
v 401.1735 0.0000 -249.6041
v 0.1000 394.0296 0.0000
v -262.0931 0.1000 399.8334
v -0.0000 -270.9795 0.1000
v 408.8113 -0.0000 -247.1585
v 0.1000 401.3673 -0.0000
v -250.7964 0.1000 395.0044
v -0.0000 -257.9926 0.1000
v 393.4155 -0.0000 -247.6231
v 0.1000 417.5736 0.0000
v -248.7070 0.1000 406.5356
v 0.0000 -251.3873 0.1000
v 415.9142 -0.0000 -250.3523
v 0.1000 405.1602 -0.0000
v -269.3078 0.1000 420.7419
v 0.0000 -253.1067 0.1000
v 424.5052 0.0000 -267.1246
v 0.1000 419.0635 -0.0000
v -253.7105 0.1000 421.2031
v -0.0000 -262.8332 0.1000
v 403.9865 -0.0000 -264.9602
v 0.1000 403.6680 0.0000
v 389.3567 0.0000 -294.0474
v 0.1000 398.0423 0.0000
v -271.9768 0.1000 414.7265
v 0.0000 -269.3264 0.1000
v 404.5780 0.0000 -272.6170
v 0.1000 393.2015 0.0000
v -291.1306 0.1000 398.8524
v -0.0000 -273.8131 0.1000
v 412.2037 -0.0000 -272.2354
v 0.1000 403.1931 -0.0000
v -275.0807 0.1000 394.7597
v -0.0000 -279.8042 0.1000
v 392.1839 -0.0000 -287.1466
v 0.1000 392.1681 0.0000
v -285.8077 0.1000 394.7241
v -0.0000 -294.0721 0.1000
v 410.4113 0.0000 -291.4332
v 0.1000 409.1013 -0.0000
v -287.9547 0.1000 414.2257
v -0.0000 -289.2634 0.1000
v -305.5240 0.1000 415.8104
v 0.0000 -309.4339 0.1000
v 421.5856 0.0000 -303.7212
v 0.1000 426.5818 0.0000
v -298.8320 0.1000 424.4316
v 0.0000 -298.9573 0.1000
v 418.9232 0.0000 -307.7049
v 0.1000 421.3449 -0.0000
v -303.6705 0.1000 425.0072
v -0.0000 -300.4320 0.1000
v 423.6699 -0.0000 -300.3124
v 0.1000 419.7802 -0.0000
v -305.0315 0.1000 417.3653
v 0.1000 -125.8101 0.0000
v -623.1664 0.1000 -118.3731
v 0.0000 -616.3297 0.1000
v -117.8661 0.0000 -614.1420
v 0.1000 -125.4313 0.0000
v -618.5618 0.1000 -128.8895
v 0.0000 -622.2079 0.1000
v -119.5785 -0.0000 -617.1799
v 0.1000 -119.1501 -0.0000
v -615.6259 0.1000 -125.0194
v -0.0000 -618.6286 0.1000
v -127.3510 -0.0000 -622.3970
v 0.1000 -125.2710 -0.0000
v 384.0443 0.0000 -332.7383
v 0.1000 393.0443 0.0000
v -329.7391 0.1000 390.0053
v 0.0000 -329.4323 0.1000
v 382.6307 0.0000 -335.6610
v 0.1000 380.0415 0.0000
v -333.0182 0.1000 391.0897
v -0.0000 -330.8909 0.1000
v 388.9303 -0.0000 -330.7199
v 0.1000 383.4756 -0.0000
v -335.2687 0.1000 381.8477
v -0.0000 -338.6530 0.1000
v -324.9160 0.1000 394.1743
v 0.0000 -323.3156 0.1000
v 397.8292 0.0000 -318.2873
v 0.1000 398.0072 0.0000
v -317.8320 0.1000 393.6515
v 0.0000 -321.8830 0.1000
v 391.4087 0.0000 -322.3582
v 0.1000 396.3694 -0.0000
v -319.4390 0.1000 396.9321
v -0.0000 -319.1196 0.1000
v 394.4964 -0.0000 -321.2927
v 0.1000 393.1159 -0.0000
v -323.3409 0.1000 394.5061
v 0.1000 378.3616 0.0000
v -325.2504 0.1000 382.4807
v 0.0000 -322.5870 0.1000
v 389.2650 0.0000 -316.0417
v 0.1000 387.5371 0.0000
v -316.3579 0.1000 380.1309
v 0.0000 -323.5275 0.1000
v 382.7617 -0.0000 -322.0732
v 0.1000 387.7756 -0.0000
v -317.3371 0.1000 386.7043
v -0.0000 -317.5502 0.1000
v 381.1057 -0.0000 -320.8268
v 0.1000 379.7968 -0.0000
v 341.2007 0.0000 -376.0594
v 0.1000 343.9770 0.0000
v -374.6189 0.1000 350.9762
v 0.0000 -363.2699 0.1000
v 347.4825 0.0000 -362.9191
v 0.1000 343.7812 0.0000
v -374.3874 0.1000 344.4790
v -0.0000 -374.0375 0.1000
v 349.5501 -0.0000 -364.4464
v 0.1000 346.4889 -0.0000
v -364.2276 0.1000 344.5931
v -0.0000 -371.0191 0.1000
v 342.6961 -0.0000 -367.3131
v 0.1000 343.6058 -0.0000
v -367.8898 0.1000 342.1032
v 0.0000 -369.1730 0.1000
v 342.3887 0.0000 -369.5927
v 0.1000 343.7714 -0.0000
v 277.6730 0.0000 -478.2253
v 0.1000 281.2249 0.0000
v -477.2502 0.1000 288.0302
v 0.0000 -467.3501 0.1000
v 287.2944 0.0000 -466.0135
v 0.1000 279.3430 0.0000
v -476.5533 0.1000 281.7269
v -0.0000 -476.6688 0.1000
v 286.6041 -0.0000 -468.5266
v 0.1000 286.3008 -0.0000
v -467.3221 0.1000 280.1549
v -0.0000 -474.1933 0.1000
v -466.0458 0.1000 263.1721
v 0.0000 -470.5098 0.1000
v 260.5584 0.0000 -475.5470
v 0.1000 265.2759 0.0000
v -471.8950 0.1000 273.6808
v 0.0000 -465.1490 0.1000
v 271.6806 0.0000 -470.3684
v 0.1000 262.2983 -0.0000
v -474.0071 0.1000 265.2980
v -0.0000 -471.3982 0.1000
v 272.2231 -0.0000 -466.3818
v 0.1000 270.7577 -0.0000
v -467.3045 0.1000 264.0594
v 0.1000 232.2600 0.0000
v -488.6322 0.1000 228.8415
v 0.0000 -494.4349 0.1000
v 230.9459 0.0000 -493.4901
v 0.1000 236.7480 0.0000
v -486.1324 0.1000 237.7338
v 0.0000 -488.7954 0.1000
v 230.3728 -0.0000 -493.0289
v 0.1000 231.5743 -0.0000
v -492.4581 0.1000 235.6051
v -0.0000 -486.9005 0.1000
v 236.3990 -0.0000 -486.3109
v 0.1000 232.5780 -0.0000
v 187.2433 0.0000 -493.5439
v 0.1000 185.3224 0.0000
v -497.3737 0.1000 188.6461
v 0.0000 -495.0287 0.1000
v 194.1765 0.0000 -490.1465
v 0.1000 192.6591 0.0000
v -493.2443 0.1000 186.8329
v -0.0000 -495.8444 0.1000
v 188.8279 -0.0000 -494.3832
v 0.1000 192.7782 -0.0000
v -491.2768 0.1000 191.6133
v -0.0000 -491.5660 0.1000
v -558.5883 0.1000 84.8874
v 0.0000 -561.4230 0.1000
v 84.8429 0.0000 -569.4921
v 0.1000 87.9298 0.0000
v -565.4023 0.1000 95.7737
v 0.0000 -557.3413 0.1000
v 92.6766 0.0000 -561.5643
v 0.1000 85.7235 -0.0000
v -567.4588 0.1000 88.1746
v -0.0000 -564.7568 0.1000
v 94.3755 -0.0000 -558.2195
v 0.1000 91.7566 -0.0000
v -559.4913 0.1000 85.7652
v -0.0000 -565.6465 0.1000
v 83.9923 0.0000 -564.8580
v 0.1000 85.2165 -0.0000
v -556.2638 0.1000 89.2545
v 0.0000 -557.6899 0.1000
v 89.2334 -0.0000 -556.8590
v 0.1000 86.5039 0.0000
v -558.0236 0.1000 86.9323
v 0.1000 91.1047 0.0000
v -553.2740 0.1000 88.7292
v 0.0000 -557.4371 0.1000
v 93.2651 0.0000 -554.6073
v 0.1000 100.0379 0.0000
v -548.0583 0.1000 98.6418
v 0.0000 -552.9743 0.1000
v 90.2398 -0.0000 -555.9079
v 0.1000 93.4469 -0.0000
v -553.9618 0.1000 98.6397
v -0.0000 -549.1887 0.1000
v 97.5959 -0.0000 -549.3264
v 0.1000 91.8565 -0.0000
v -0.4591 0.0000 -576.5314
v 0.1000 -1.8922 0.0000
v -579.2587 0.1000 0.3402
v 0.0000 -578.4272 0.1000
v 3.8027 0.0000 -573.4166
v 0.1000 5.3274 0.0000
v -576.1045 0.1000 -0.7365
v -0.0000 -577.8264 0.1000
v 0.4079 -0.0000 -577.6562
v 0.1000 3.0360 -0.0000
v -574.1732 0.1000 4.2215
v -0.0000 -573.9913 0.1000
v 0.3041 -0.0000 -572.6890
v 0.1000 2.2669 -0.0000
v -571.6389 0.1000 2.2429
v 0.1000 -173.0854 0.0000
v -641.1698 0.1000 -172.4526
v 0.0000 -641.8720 0.1000
v -169.3374 0.0000 -640.8660
v 0.1000 -167.2048 0.0000
v -636.0659 0.1000 -167.4117
v 0.0000 -640.4402 0.1000
v -171.4599 -0.0000 -640.4768
v 0.1000 -169.6681 -0.0000
v -640.3367 0.1000 -168.1546
v -0.0000 -637.0988 0.1000
v -168.2656 -0.0000 -637.8896
v 0.1000 -172.0847 -0.0000
v -636.5632 0.1000 -170.5419
v -0.0000 -635.5606 0.1000
v -627.1027 0.1000 -199.8349
v 0.0000 -632.4942 0.1000
v -199.5870 0.0000 -634.5922
v 0.1000 -193.8119 0.0000
v -628.9334 0.1000 -189.1552
v 0.0000 -623.8455 0.1000
v -193.0415 0.0000 -631.5821
v 0.1000 -198.3462 -0.0000
v -633.1302 0.1000 -194.2958
v -0.0000 -628.9419 0.1000
v -190.6952 -0.0000 -625.3126
v 0.1000 -193.5093 -0.0000
v -628.0010 0.1000 -198.5841
v 0.1000 -222.0841 0.0000
v -658.6793 0.1000 -225.7368
v 0.0000 -663.8091 0.1000
v -222.5519 0.0000 -663.3456
v 0.1000 -214.7334 0.0000
v -656.0698 0.1000 -214.3003
v 0.0000 -658.7103 0.1000
v -224.1971 -0.0000 -662.3544
v 0.1000 -222.0466 -0.0000
v -662.4155 0.1000 -215.9608
v -0.0000 -656.9497 0.1000
v -215.5642 -0.0000 -655.3305
v 0.1000 -221.6378 -0.0000
v -33.2601 0.1013 -5.5255
v 666.8526 0.0000 0.0000
v 1.0000 1.0000 1.0000
vn 0.0000 1.0000 0.0000
vn 0.0000 1.0000 0.0000
vn 0.0000 1.0000 0.0000
vn 0.0000 1.0000 0.0000
vn 0.0000 1.0000 0.0000
vn 0.0000 1.0000 0.0000
vn 0.0000 1.0000 0.0000
vn 0.0000 1.0000 0.0000
vn 0.0000 1.0000 0.0000
vn 0.0000 1.0000 0.0000
vn 0.0000 1.0000 0.0000
vn 0.0000 1.0000 0.0000
vn 0.0000 1.0000 0.0000
vn 0.0000 1.0000 0.0000
vn 0.0000 1.0000 0.0000
vn 0.0000 1.0000 0.0000
vn 0.0000 1.0000 0.0000
vn 0.0000 1.0000 0.0000
vn 0.0000 1.0000 0.0000
vn 0.0000 1.0000 0.0000
vn 0.0000 1.0000 0.0000
vn 0.0000 1.0000 0.0000
vn 0.0000 1.0000 0.0000
vn 0.0000 1.0000 0.0000
vn 0.0000 1.0000 0.0000
vn 0.0000 1.0000 0.0000
vn 0.0000 1.0000 0.0000
vn 0.0000 1.0000 0.0000
vn 0.0000 1.0000 0.0000
vn 0.0000 1.0000 0.0000
vn 0.0000 1.0000 0.0000
vn 0.0000 1.0000 0.0000
vn 0.0000 1.0000 0.0000
vn 0.0000 1.0000 0.0000
vn 0.0000 1.0000 0.0000
vn 0.0000 1.0000 0.0000
vn 0.0000 1.0000 0.0000
vn 0.0000 1.0000 0.0000
vn 0.0000 1.0000 0.0000
vn 0.0000 1.0000 0.0000
vn 0.0000 1.0000 0.0000
vn 0.0000 1.0000 0.0000
vn 0.0000 1.0000 0.0000
vn 0.0000 1.0000 0.0000
vn 0.0000 1.0000 0.0000
vn 0.0000 1.0000 0.0000
vn 0.0000 1.0000 0.0000
vn 0.0000 1.0000 0.0000
vn 0.0000 1.0000 0.0000
vn 0.0000 1.0000 0.0000
vn 0.0000 1.0000 0.0000
vn 0.0000 1.0000 0.0000
vn 0.0000 1.0000 0.0000
vn 0.0000 1.0000 0.0000
vn 0.0000 1.0000 0.0000
vn 0.0000 1.0000 0.0000
vn 0.0000 1.0000 0.0000
vn 0.0000 1.0000 0.0000
vn 0.0000 1.0000 0.0000
vn 0.0000 1.0000 0.0000
vn 0.0000 1.0000 0.0000
vn 0.0000 1.0000 0.0000
vn 0.0000 1.0000 0.0000
vn 0.0000 1.0000 0.0000
vn 0.0000 1.0000 0.0000
vn 0.0000 1.0000 0.0000
vn 0.0000 1.0000 0.0000
vn 0.0000 1.0000 0.0000
vn 0.0000 1.0000 0.0000
vn 0.0000 1.0000 0.0000
vn 0.0000 1.0000 0.0000
vn 0.0000 1.0000 0.0000
vn 0.0000 1.0000 0.0000
vn 0.0000 1.0000 0.0000
vn 0.0000 1.0000 0.0000
vn 0.0000 1.0000 0.0000
vn 0.0000 1.0000 0.0000
vn 0.0000 1.0000 0.0000
vn 0.0000 1.0000 0.0000
vn 0.0000 1.0000 0.0000
vn 0.0000 1.0000 0.0000
vn 0.0000 1.0000 0.0000
vn 0.0000 1.0000 0.0000
vn 0.0000 1.0000 0.0000
vn 0.0000 1.0000 0.0000
vn 0.0000 1.0000 0.0000
vn 0.0000 1.0000 0.0000
vn 0.0000 1.0000 0.0000
vn 0.0000 1.0000 0.0000
vn 0.0000 1.0000 0.0000
vn 0.0000 1.0000 0.0000
vn 0.0000 1.0000 0.0000
vn 0.0000 1.0000 0.0000
vn 0.0000 1.0000 0.0000
vn 0.0000 1.0000 0.0000
vn 0.0000 1.0000 0.0000
vn 0.0000 1.0000 0.0000
vn 0.0000 1.0000 0.0000
vn 0.0000 1.0000 0.0000
vn 0.0000 1.0000 0.0000
vn 0.0000 1.0000 0.0000
vn 0.0000 1.0000 0.0000
vn 0.0000 1.0000 0.0000
vn 0.0000 1.0000 0.0000
vn 0.0000 1.0000 0.0000
vn 0.0000 1.0000 0.0000
vn 0.0000 1.0000 0.0000
vn 0.0000 1.0000 0.0000
vn 0.0000 1.0000 0.0000
vn 0.0000 1.0000 0.0000
vn 0.0000 1.0000 0.0000
vn 0.0000 1.0000 0.0000
vn 0.0000 1.0000 0.0000
vn 0.0000 1.0000 0.0000
vn 0.0000 1.0000 0.0000
vn 0.0000 1.0000 0.0000
vn 0.0000 1.0000 0.0000
vn 0.0000 1.0000 0.0000
vn 0.0000 1.0000 0.0000
vn 0.0000 1.0000 0.0000
vn 0.0000 1.0000 0.0000
vn 0.0000 1.0000 0.0000
vn 0.0000 1.0000 0.0000
vn 0.0000 1.0000 0.0000
vn 0.0000 1.0000 0.0000
vn 0.0000 1.0000 0.0000
vn 0.0000 1.0000 0.0000
vn 0.0000 1.0000 0.0000
vn 0.0000 1.0000 0.0000
vn 0.0000 1.0000 0.0000
vn 0.0000 1.0000 0.0000
vn 0.0000 1.0000 0.0000
vn 0.0000 1.0000 0.0000
vn 0.0000 1.0000 0.0000
vn 0.0000 1.0000 0.0000
vn 0.0000 1.0000 0.0000
vn 0.0000 1.0000 0.0000
vn 0.0000 1.0000 0.0000
vn 0.0000 1.0000 0.0000
vn 0.0000 1.0000 0.0000
vn 0.0000 1.0000 0.0000
vn 0.0000 1.0000 0.0000
vn 0.0000 1.0000 0.0000
vn 0.0000 1.0000 0.0000
vn 0.0000 1.0000 0.0000
vn 0.0000 1.0000 0.0000
vn 0.0000 1.0000 0.0000
vn 0.0000 1.0000 0.0000
vn 0.0000 1.0000 0.0000
vn 0.0000 1.0000 0.0000
vn 0.0000 1.0000 0.0000
vn 0.0000 1.0000 0.0000
vn 0.0000 1.0000 0.0000
vn 0.0000 1.0000 0.0000
vn 0.0000 1.0000 0.0000
vn 0.0000 1.0000 0.0000
vn 0.0000 1.0000 0.0000
vn 0.0000 1.0000 0.0000
vn 0.0000 1.0000 0.0000
vn 0.0000 1.0000 0.0000
vn 0.0000 1.0000 0.0000
vn 0.0000 1.0000 0.0000
vn 0.0000 1.0000 0.0000
vn 0.0000 1.0000 0.0000
vn 0.0000 1.0000 0.0000
vn 0.0000 1.0000 0.0000
vn 0.0000 1.0000 0.0000
vn 0.0000 1.0000 0.0000
vn 0.0000 1.0000 0.0000
vn 0.0000 1.0000 0.0000
vn 0.0000 1.0000 0.0000
vn 0.0000 1.0000 0.0000
vn 0.0000 1.0000 0.0000
vn 0.0000 1.0000 0.0000
vn 0.0000 1.0000 0.0000
vn 0.0000 1.0000 0.0000
vn 0.0000 1.0000 0.0000
vn 0.0000 1.0000 0.0000
vn 0.0000 1.0000 0.0000
vn 0.0000 1.0000 0.0000
vn 0.0000 1.0000 0.0000
vn 0.0000 1.0000 0.0000
vn 0.0000 1.0000 0.0000
vn 0.0000 1.0000 0.0000
vn 0.0000 1.0000 0.0000
vn 0.0000 1.0000 0.0000
vn 0.0000 1.0000 0.0000
vn 0.0000 1.0000 0.0000
vn 0.0000 1.0000 0.0000
vn 0.0000 1.0000 0.0000
vn 0.0000 1.0000 0.0000
vn 0.0000 1.0000 0.0000
vn 0.0000 1.0000 0.0000
vn 0.0000 1.0000 0.0000
vn 0.0000 1.0000 0.0000
vn 0.0000 1.0000 0.0000
vn 0.0000 1.0000 0.0000
vn 0.0000 1.0000 0.0000
vn 0.0000 1.0000 0.0000
vn 0.0000 1.0000 0.0000
vn 0.0000 1.0000 0.0000
vn 0.0000 1.0000 0.0000
vn 0.0000 1.0000 0.0000
vn 0.0000 1.0000 0.0000
vn 0.0000 1.0000 0.0000
vn 0.0000 1.0000 0.0000
vn 0.0000 1.0000 0.0000
vn 0.0000 1.0000 0.0000
vn 0.0000 1.0000 0.0000
vn 0.0000 1.0000 0.0000
vn 0.0000 1.0000 0.0000
vn 0.0000 1.0000 0.0000
vn 0.0000 1.0000 0.0000
vn 0.0000 1.0000 0.0000
vn 0.0000 1.0000 0.0000
vn 0.0000 1.0000 0.0000
vn 0.0000 1.0000 0.0000
vn 0.0000 1.0000 0.0000
vn 0.0000 1.0000 0.0000
vn 0.0000 1.0000 0.0000
vn 0.0000 1.0000 0.0000
vn 0.0000 1.0000 0.0000
vn 0.0000 1.0000 0.0000
vn 0.0000 1.0000 0.0000
vn 0.0000 1.0000 0.0000
vn 0.0000 1.0000 0.0000
vn 0.0000 1.0000 0.0000
vn 0.0000 1.0000 0.0000
vn 0.0000 1.0000 0.0000
vn 0.0000 1.0000 0.0000
vn 0.0000 1.0000 0.0000
vn 0.0000 1.0000 0.0000
vn 0.0000 1.0000 0.0000
vn 0.0000 1.0000 0.0000
vn 0.0000 1.0000 0.0000
vn 0.0000 1.0000 0.0000
vn 0.0000 1.0000 0.0000
vn 0.0000 1.0000 0.0000
vn 0.0000 1.0000 0.0000
vn 0.0000 1.0000 0.0000
vn 0.0000 1.0000 0.0000
vn 0.0000 1.0000 0.0000
vn 0.0000 1.0000 0.0000
vn 0.0000 1.0000 0.0000
vn 0.0000 1.0000 0.0000
vn 0.0000 1.0000 0.0000
vn 0.0000 1.0000 0.0000
vn 0.0000 1.0000 0.0000
vn 0.0000 1.0000 0.0000
vn 0.0000 1.0000 0.0000
vn 0.0000 1.0000 0.0000
vn 0.0000 1.0000 0.0000
vn 0.0000 1.0000 0.0000
vn 0.0000 1.0000 0.0000
vn 0.0000 1.0000 0.0000
vn 0.0000 1.0000 0.0000
vn 0.0000 1.0000 0.0000
vn 0.0000 1.0000 0.0000
vn 0.0000 1.0000 0.0000
vn 0.0000 1.0000 0.0000
vn 0.0000 1.0000 0.0000
vn 0.0000 1.0000 0.0000
vn 0.0000 1.0000 0.0000
vn 0.0000 1.0000 0.0000
vn 0.0000 1.0000 0.0000
vn 0.0000 1.0000 0.0000
vn 0.0000 1.0000 0.0000
vn 0.0000 1.0000 0.0000
vn 0.0000 1.0000 0.0000
vn 0.0000 1.0000 0.0000
vn 0.0000 1.0000 0.0000
vn 0.0000 1.0000 0.0000
vn 0.0000 1.0000 0.0000
vn 0.0000 1.0000 0.0000
vn 0.0000 1.0000 0.0000
vn 0.0000 1.0000 0.0000
vn 0.0000 1.0000 0.0000
vn 0.0000 1.0000 0.0000
vn 0.0000 1.0000 0.0000
vn 0.0000 1.0000 0.0000
vn 0.0000 1.0000 0.0000
vn 0.0000 1.0000 0.0000
vn 0.0000 1.0000 0.0000
vn 0.0000 1.0000 0.0000
vn 0.0000 1.0000 0.0000
vn 0.0000 1.0000 0.0000
vn 0.0000 1.0000 0.0000
vn 0.0000 1.0000 0.0000
vn 0.0000 1.0000 0.0000
vn 0.0000 1.0000 0.0000
vn 0.0000 1.0000 0.0000
vn 0.0000 1.0000 0.0000
vn 0.0000 1.0000 0.0000
vn 0.0000 1.0000 0.0000
vn 0.0000 1.0000 0.0000
vn 0.0000 1.0000 0.0000
vn 0.0000 1.0000 0.0000
vn 0.0000 1.0000 0.0000
vn 0.0000 1.0000 0.0000
vn 0.0000 1.0000 0.0000
vn 0.0000 1.0000 0.0000
vn 0.0000 1.0000 0.0000
vn 0.0000 1.0000 0.0000
vn 0.0000 1.0000 0.0000
vn 0.0000 1.0000 0.0000
vn 0.0000 1.0000 0.0000
vn 0.0000 1.0000 0.0000
vn 0.0000 1.0000 0.0000
vn 0.0000 1.0000 0.0000
vn 0.0000 1.0000 0.0000
vn 0.0000 1.0000 0.0000
vn 0.0000 1.0000 0.0000
vn 0.0000 1.0000 0.0000
vn 0.0000 1.0000 0.0000
vn 0.0000 1.0000 0.0000
vn 0.0000 1.0000 0.0000
vn 0.0000 1.0000 0.0000
vn 0.0000 1.0000 0.0000
vn 0.0000 1.0000 0.0000
vn 0.0000 1.0000 0.0000
vn 0.0000 1.0000 0.0000
vn 0.0000 1.0000 0.0000
vn 0.0000 1.0000 0.0000
vn 0.0000 1.0000 0.0000
vn 0.0000 1.0000 0.0000
vn 0.0000 1.0000 0.0000
vn 0.0000 1.0000 0.0000
vn 0.0000 1.0000 0.0000
vn 0.0000 1.0000 0.0000
vn 0.0000 1.0000 0.0000
vn 0.0000 1.0000 0.0000
vn 0.0000 1.0000 0.0000
vn 0.0000 1.0000 0.0000
vn 0.0000 1.0000 0.0000
vn 0.0000 1.0000 0.0000
vn 0.0000 1.0000 0.0000
vn 0.0000 1.0000 0.0000
vn 0.0000 1.0000 0.0000
vn 0.0000 1.0000 0.0000
vn 0.0000 1.0000 0.0000
vn 0.0000 1.0000 0.0000
vn 0.0000 1.0000 0.0000
vn 0.0000 1.0000 0.0000
vn 0.0000 1.0000 0.0000
vn 0.0000 1.0000 0.0000
vn 0.0000 1.0000 0.0000
vn 0.0000 1.0000 0.0000
vn 0.0000 1.0000 0.0000
vn 0.0000 1.0000 0.0000
vn 0.0000 1.0000 0.0000
vn 0.0000 1.0000 0.0000
vn 0.0000 1.0000 0.0000
vn 0.0000 1.0000 0.0000
vn 0.0000 1.0000 0.0000
vn 0.0000 1.0000 0.0000
vn 0.0000 1.0000 0.0000
vn 0.0000 1.0000 0.0000
vn 0.0000 1.0000 0.0000
vn 0.0000 1.0000 0.0000
vn 0.0000 1.0000 0.0000
vn 0.0000 1.0000 0.0000
vn 0.0000 1.0000 0.0000
vn 0.0000 1.0000 0.0000
vn 0.0000 1.0000 0.0000
vn 0.0000 1.0000 0.0000
vn 0.0000 1.0000 0.0000
vn 0.0000 1.0000 0.0000
vn 0.0000 1.0000 0.0000
vn 0.0000 1.0000 0.0000
vn 0.0000 1.0000 0.0000
vn 0.0000 1.0000 0.0000
vn 0.0000 1.0000 0.0000
vn 0.0000 1.0000 0.0000
vn 0.0000 1.0000 0.0000
vn 0.0000 1.0000 0.0000
vn 0.0000 1.0000 0.0000
vn 0.0000 1.0000 0.0000
vn 0.0000 1.0000 0.0000
vn 0.0000 1.0000 0.0000
vn 0.0000 1.0000 0.0000
vn 0.0000 1.0000 0.0000
vn 0.0000 1.0000 0.0000
vn 0.0000 1.0000 0.0000
vn 0.0000 1.0000 0.0000
vn 0.0000 1.0000 0.0000
vn 0.0000 1.0000 0.0000
vn 0.0000 1.0000 0.0000
vn 0.0000 1.0000 0.0000
vn 0.0000 1.0000 0.0000
vn 0.0000 1.0000 0.0000
vn 0.0000 1.0000 0.0000
vn 0.0000 1.0000 0.0000
vn 0.0000 1.0000 0.0000
vn 0.0000 1.0000 0.0000
vn 0.0000 1.0000 0.0000
vn 0.0000 1.0000 0.0000
vn 0.0000 1.0000 0.0000
vn 0.0000 1.0000 0.0000
vn 0.0000 1.0000 0.0000
vn 0.0000 1.0000 0.0000
vn 0.0000 1.0000 0.0000
vn 0.0000 1.0000 0.0000
vn 0.0000 1.0000 0.0000
vn 0.0000 1.0000 0.0000
vn 0.0000 1.0000 0.0000
vn 0.0000 1.0000 0.0000
vn 0.0000 1.0000 0.0000
vn 0.0000 1.0000 0.0000
vn 0.0000 1.0000 0.0000
vn 0.0000 1.0000 0.0000
vn 0.0000 1.0000 0.0000
vn 0.0000 1.0000 0.0000
vn 0.0000 1.0000 0.0000
vn 0.0000 1.0000 0.0000
vn 0.0000 1.0000 0.0000
vn 0.0000 1.0000 0.0000
vn 0.0000 1.0000 0.0000
vn 0.0000 1.0000 0.0000
vn 0.0000 1.0000 0.0000
vn 0.0000 1.0000 0.0000
vn 0.0000 1.0000 0.0000
vn 0.0000 1.0000 0.0000
vn 0.0000 1.0000 0.0000
vn 0.0000 1.0000 0.0000
vn 0.0000 1.0000 0.0000
vn 0.0000 1.0000 0.0000
vn 0.0000 1.0000 0.0000
vn 0.0000 1.0000 0.0000
vn 0.0000 1.0000 0.0000
vn 0.0000 1.0000 0.0000
vn 0.0000 1.0000 0.0000
vn 0.0000 1.0000 0.0000
vn 0.0000 1.0000 0.0000
vn 0.0000 1.0000 0.0000
vn 0.0000 1.0000 0.0000
vn 0.0000 1.0000 0.0000
vn 0.0000 1.0000 0.0000
vn 0.0000 1.0000 0.0000
vn 0.0000 1.0000 0.0000
vn 0.0000 1.0000 0.0000
vn 0.0000 1.0000 0.0000
vn 0.0000 1.0000 0.0000
vn 0.0000 1.0000 0.0000
vn 0.0000 1.0000 0.0000
vn 0.0000 1.0000 0.0000
vn 0.0000 1.0000 0.0000
vn 0.0000 1.0000 0.0000
vn 0.0000 1.0000 0.0000
vn 0.0000 1.0000 0.0000
vn 0.0000 1.0000 0.0000
vn 0.0000 1.0000 0.0000
vn 0.0000 1.0000 0.0000
vn 0.0000 1.0000 0.0000
vn 0.0000 1.0000 0.0000
vn 0.0000 1.0000 0.0000
vn 0.0000 1.0000 0.0000
vn 0.0000 1.0000 0.0000
vn 0.0000 1.0000 0.0000
vn 0.0000 1.0000 0.0000
vn 0.0000 1.0000 0.0000
vn 0.0000 1.0000 0.0000
vn 0.0000 1.0000 0.0000
vn 0.0000 1.0000 0.0000
vn 0.0000 1.0000 0.0000
vn 0.0000 1.0000 0.0000
vn 0.0000 1.0000 0.0000
vn 0.0000 1.0000 0.0000
vn 0.0000 1.0000 0.0000
vn 0.0000 1.0000 0.0000
vn 0.0000 1.0000 0.0000
vn 0.0000 1.0000 0.0000
vn 0.0000 1.0000 0.0000
vn 0.0000 1.0000 0.0000
vn 0.0000 1.0000 0.0000
vn 0.0000 1.0000 0.0000
vn 0.0000 1.0000 0.0000
vn 0.0000 1.0000 0.0000
vn 0.0000 1.0000 0.0000
vn 0.0000 1.0000 0.0000
vn 0.0000 1.0000 0.0000
vn 0.0000 1.0000 0.0000
vn 0.0000 1.0000 0.0000
vn 0.0000 1.0000 0.0000
vn 0.0000 1.0000 0.0000
vn 0.0000 1.0000 0.0000
vn 0.0000 1.0000 0.0000
vn 0.0000 1.0000 0.0000
vn 0.0000 1.0000 0.0000
vn 0.0000 1.0000 0.0000
vn 0.0000 1.0000 0.0000
vn 0.0000 1.0000 0.0000
vn 0.0000 1.0000 0.0000
vn 0.0000 1.0000 0.0000
vn 0.0000 1.0000 0.0000
vn 0.0000 1.0000 0.0000
vn 0.0000 1.0000 0.0000
vn 0.0000 1.0000 0.0000
vn 0.0000 1.0000 0.0000
vn 0.0000 1.0000 0.0000
vn 0.0000 1.0000 0.0000
vn 0.0000 1.0000 0.0000
vn 0.0000 1.0000 0.0000
vn 0.0000 1.0000 0.0000
vn 0.0000 1.0000 0.0000
vn 0.0000 1.0000 0.0000
vn 0.0000 1.0000 0.0000
vn 0.0000 1.0000 0.0000
vn 0.0000 1.0000 0.0000
vn 0.0000 1.0000 0.0000
vn 0.0000 1.0000 0.0000
vn 0.0000 1.0000 0.0000
vn 0.0000 1.0000 0.0000
vn 0.0000 1.0000 0.0000
vn 0.0000 1.0000 0.0000
vn 0.0000 1.0000 0.0000
vn 0.0000 1.0000 0.0000
vn 0.0000 1.0000 0.0000
vn 0.0000 1.0000 0.0000
vn 0.0000 1.0000 0.0000
vn 0.0000 1.0000 0.0000
vn 0.0000 1.0000 0.0000
vn 0.0000 1.0000 0.0000
vn 0.0000 1.0000 0.0000
vn 0.0000 1.0000 0.0000
vn 0.0000 1.0000 0.0000
vn 0.0000 1.0000 0.0000
vn 0.0000 1.0000 0.0000
vn 0.0000 1.0000 0.0000
vn 0.0000 1.0000 0.0000
vn 0.0000 1.0000 0.0000
vn 0.0000 1.0000 0.0000
vn 0.0000 1.0000 0.0000
vn 0.0000 1.0000 0.0000
vn 0.0000 1.0000 0.0000
vn 0.0000 1.0000 0.0000
vn 0.0000 1.0000 0.0000
vn 0.0000 1.0000 0.0000
vn 0.0000 1.0000 0.0000
vn 0.0000 1.0000 0.0000
vn 0.0000 1.0000 0.0000
vn 0.0000 1.0000 0.0000
vn 0.0000 1.0000 0.0000
vn 0.0000 1.0000 0.0000
vn 0.0000 1.0000 0.0000
vn 0.0000 1.0000 0.0000
vn 0.0000 1.0000 0.0000
vn 0.0000 1.0000 0.0000
vn 0.0000 1.0000 0.0000
vn 0.0000 1.0000 0.0000
vn 0.0000 1.0000 0.0000
vn 0.0000 1.0000 0.0000
vn 0.0000 1.0000 0.0000
vn 0.0000 1.0000 0.0000
vn 0.0000 1.0000 0.0000
vn 0.0000 1.0000 0.0000
vn 0.0000 1.0000 0.0000
vn 0.0000 1.0000 0.0000
vn 0.0000 1.0000 0.0000
vn 0.0000 1.0000 0.0000
vn 0.0000 1.0000 0.0000
vn 0.0000 1.0000 0.0000
vn 0.0000 1.0000 0.0000
vn 0.0000 1.0000 0.0000
vn 0.0000 1.0000 0.0000
vn 0.0000 1.0000 0.0000
vn 0.0000 1.0000 0.0000
vn 0.0000 1.0000 0.0000
vn 0.0000 1.0000 0.0000
vn 0.0000 1.0000 0.0000
vn 0.0000 1.0000 0.0000
vn 0.0000 1.0000 0.0000
vn 0.0000 1.0000 0.0000
vn 0.0000 1.0000 0.0000
vn 0.0000 1.0000 0.0000
vn 0.0000 1.0000 0.0000
vn 0.0000 1.0000 0.0000
vn 0.0000 1.0000 0.0000
vn 0.0000 1.0000 0.0000
vn 0.0000 1.0000 0.0000
vn 0.0000 1.0000 0.0000
vn 0.0000 1.0000 0.0000
vn 0.0000 1.0000 0.0000
vn 0.0000 1.0000 0.0000
vn 0.0000 1.0000 0.0000
vn 0.0000 1.0000 0.0000
vn 0.0000 1.0000 0.0000
vn 0.0000 1.0000 0.0000
vn 0.0000 1.0000 0.0000
vn 0.0000 1.0000 0.0000
vn 0.0000 1.0000 0.0000
vn 0.0000 1.0000 0.0000
vn 0.0000 1.0000 0.0000
vn 0.0000 1.0000 0.0000
vn 0.0000 1.0000 0.0000
vn 0.0000 1.0000 0.0000
vn 0.0000 1.0000 0.0000
vn 0.0000 1.0000 0.0000
vn 0.0000 1.0000 0.0000
vn 0.0000 1.0000 0.0000
vn 0.0000 1.0000 0.0000
vn 0.0000 1.0000 0.0000
vn 0.0000 1.0000 0.0000
vn 0.0000 1.0000 0.0000
vn 0.0000 1.0000 0.0000
vn 0.0000 1.0000 0.0000
vn 0.0000 1.0000 0.0000
vn 0.0000 1.0000 0.0000
vn 0.0000 1.0000 0.0000
vn 0.0000 1.0000 0.0000
vn 0.0000 1.0000 0.0000
vn 0.0000 1.0000 0.0000
vn 0.0000 1.0000 0.0000
vn 0.0000 1.0000 0.0000
vn 0.0000 1.0000 0.0000
vn 0.0000 1.0000 0.0000
vn 0.0000 1.0000 0.0000
vn 0.0000 1.0000 0.0000
vn 0.0000 1.0000 0.0000
vn 0.0000 1.0000 0.0000
vn 0.0000 1.0000 0.0000
vn 0.0000 1.0000 0.0000
vn 0.0000 1.0000 0.0000
vn 0.0000 1.0000 0.0000
vn 0.0000 1.0000 0.0000
vn 0.0000 1.0000 0.0000
vn 0.0000 1.0000 0.0000
vn 0.0000 1.0000 0.0000
vn 0.0000 1.0000 0.0000
vn 0.0000 1.0000 0.0000
vn 0.0000 1.0000 0.0000
vn 0.0000 1.0000 0.0000
vn 0.0000 1.0000 0.0000
vn 0.0000 1.0000 0.0000
vn 0.0000 1.0000 0.0000
vn 0.0000 1.0000 0.0000
vn 0.0000 1.0000 0.0000
vn 0.0000 1.0000 0.0000
vn 0.0000 1.0000 0.0000
vn 0.0000 1.0000 0.0000
vn 0.0000 1.0000 0.0000
vn 0.0000 1.0000 0.0000
vn 0.0000 1.0000 0.0000
vn 0.0000 1.0000 0.0000
vn 0.0000 1.0000 0.0000
vn 0.0000 1.0000 0.0000
vn 0.0000 1.0000 0.0000
vn 0.0000 1.0000 0.0000
vn 0.0000 1.0000 0.0000
vn 0.0000 1.0000 0.0000
vn 0.0000 1.0000 0.0000
vn 0.0000 1.0000 0.0000
vn 0.0000 1.0000 0.0000
vn 0.0000 1.0000 0.0000
vn 0.0000 1.0000 0.0000
vn 0.0000 1.0000 0.0000
vn 0.0000 1.0000 0.0000
vn 0.0000 1.0000 0.0000
vn 0.0000 1.0000 0.0000
vn 0.0000 1.0000 0.0000
vn 0.0000 1.0000 0.0000
vn 0.0000 1.0000 0.0000
vn 0.0000 1.0000 0.0000
vn 0.0000 1.0000 0.0000
vn 0.0000 1.0000 0.0000
vn 0.0000 1.0000 0.0000
vn 0.0000 1.0000 0.0000
vn 0.0000 1.0000 0.0000
vn 0.0000 1.0000 0.0000
vn 0.0000 1.0000 0.0000
vn 0.0000 1.0000 0.0000
vn 0.0000 1.0000 0.0000
vn 0.0000 1.0000 0.0000
vn 0.0000 1.0000 0.0000
vn 0.0000 1.0000 0.0000
vn 0.0000 1.0000 0.0000
vn 0.0000 1.0000 0.0000
vn 0.0000 1.0000 0.0000
vn 0.0000 1.0000 0.0000
vn 0.0000 1.0000 0.0000
vn 0.0000 1.0000 0.0000
vn 0.0000 1.0000 0.0000
vn 0.0000 1.0000 0.0000
vn 0.0000 1.0000 0.0000
vn 0.0000 1.0000 0.0000
vn 0.0000 1.0000 0.0000
vn 0.0000 1.0000 0.0000
vn 0.0000 1.0000 0.0000
vn 0.0000 1.0000 0.0000
vn 0.0000 1.0000 0.0000
vn 0.0000 1.0000 0.0000
vn 0.0000 1.0000 0.0000
vn 0.0000 1.0000 0.0000
vn 0.0000 1.0000 0.0000
vn 0.0000 1.0000 0.0000
vn 0.0000 1.0000 0.0000
vn 0.0000 1.0000 0.0000
vn 0.0000 1.0000 0.0000
vn 0.0000 1.0000 0.0000
vn 0.0000 1.0000 0.0000
vn 0.0000 1.0000 0.0000
vn 0.0000 1.0000 0.0000
vn 0.0000 1.0000 0.0000
vn 0.0000 1.0000 0.0000
vn 0.0000 1.0000 0.0000
vn 0.0000 1.0000 0.0000
vn 0.0000 1.0000 0.0000
vn 0.0000 1.0000 0.0000
vn 0.0000 1.0000 0.0000
vn 0.0000 1.0000 0.0000
vn 0.0000 1.0000 0.0000
vn 0.0000 1.0000 0.0000
vn 0.0000 1.0000 0.0000
vn 0.0000 1.0000 0.0000
vn 0.0000 1.0000 0.0000
vn 0.0000 1.0000 0.0000
vn 0.0000 1.0000 0.0000
vn 0.0000 1.0000 0.0000
vn 0.0000 1.0000 0.0000
vn 0.0000 1.0000 0.0000
vn 0.0000 1.0000 0.0000
vn 0.0000 1.0000 0.0000
vn 0.0000 1.0000 0.0000
vn 0.0000 1.0000 0.0000
vn 0.0000 1.0000 0.0000
vn 0.0000 1.0000 0.0000
vn 0.0000 1.0000 0.0000
vn 0.0000 1.0000 0.0000
vn 0.0000 1.0000 0.0000
vn 0.0000 1.0000 0.0000
vn 0.0000 1.0000 0.0000
vn 0.0000 1.0000 0.0000
vn 0.0000 1.0000 0.0000
vn 0.0000 1.0000 0.0000
vn 0.0000 1.0000 0.0000
vn 0.0000 1.0000 0.0000
vn 0.0000 1.0000 0.0000
vn 0.0000 1.0000 0.0000
vn 0.0000 1.0000 0.0000
vn 0.0000 1.0000 0.0000
vn 0.0000 1.0000 0.0000
vn 0.0000 1.0000 0.0000
vn 0.0000 1.0000 0.0000
vn 0.0000 1.0000 0.0000
vn 0.0000 1.0000 0.0000
vn 0.0000 1.0000 0.0000
vn 0.0000 1.0000 0.0000
vn 0.0000 1.0000 0.0000
vn 0.0000 1.0000 0.0000
vn 0.0000 1.0000 0.0000
vn 0.0000 1.0000 0.0000
vn 0.0000 1.0000 0.0000
vn 0.0000 1.0000 0.0000
vn 0.0000 1.0000 0.0000
vn 0.0000 1.0000 0.0000
vn 0.0000 1.0000 0.0000
vn 0.0000 1.0000 0.0000
vn 0.0000 1.0000 0.0000
vn 0.0000 1.0000 0.0000
vn 0.0000 1.0000 0.0000
vn 0.0000 1.0000 0.0000
vn 0.0000 1.0000 0.0000
vn 0.0000 1.0000 0.0000
vn 0.0000 1.0000 0.0000
vn 0.0000 1.0000 0.0000
vn 0.0000 1.0000 0.0000
vn 0.0000 1.0000 0.0000
vn 0.0000 1.0000 0.0000
vn 0.0000 1.0000 0.0000
vn 0.0000 1.0000 0.0000
vn 0.0000 1.0000 0.0000
vn 0.0000 1.0000 0.0000
vn 0.0000 1.0000 0.0000
vn 0.0000 1.0000 0.0000
vn 0.0000 1.0000 0.0000
vn 0.0000 1.0000 0.0000
vn 0.0000 1.0000 0.0000
vn 0.0000 1.0000 0.0000
vn 0.0000 1.0000 0.0000
vn 0.0000 1.0000 0.0000
vn 0.0000 1.0000 0.0000
vn 0.0000 1.0000 0.0000
vn 0.0000 1.0000 0.0000
vn 0.0000 1.0000 0.0000
vn 0.0000 1.0000 0.0000
vn 0.0000 1.0000 0.0000
vn 0.0000 1.0000 0.0000
vn 0.0000 1.0000 0.0000
vn 0.0000 1.0000 0.0000
vn 0.0000 1.0000 0.0000
vn 0.0000 1.0000 0.0000
vn 0.0000 1.0000 0.0000
vn 0.0000 1.0000 0.0000
vn 0.0000 1.0000 0.0000
vn 0.0000 1.0000 0.0000
vn 0.0000 1.0000 0.0000
vn 0.0000 1.0000 0.0000
vn 0.0000 1.0000 0.0000
vn 0.0000 1.0000 0.0000
vn 0.0000 1.0000 0.0000
vn 0.0000 1.0000 0.0000
vn 0.0000 1.0000 0.0000
vn 0.0000 1.0000 0.0000
vn 0.0000 1.0000 0.0000
vn 0.0000 1.0000 0.0000
vn 0.0000 1.0000 0.0000
vn 0.0000 1.0000 0.0000
vn 0.0000 1.0000 0.0000
vn 0.0000 1.0000 0.0000
vn 0.0000 1.0000 0.0000
vn 0.0000 1.0000 0.0000
vn 0.0000 1.0000 0.0000
vn 0.0000 1.0000 0.0000
vn 0.0000 1.0000 0.0000
vn 0.0000 1.0000 0.0000
vn 0.0000 1.0000 0.0000
vn 0.0000 1.0000 0.0000
vn 0.0000 1.0000 0.0000
vn 0.0000 1.0000 0.0000
vn 0.0000 1.0000 0.0000
vn 0.0000 1.0000 0.0000
vn 0.0000 1.0000 0.0000
vn 0.0000 1.0000 0.0000
vn 0.0000 1.0000 0.0000
vn 0.0000 1.0000 0.0000
vn 0.0000 1.0000 0.0000
vn 0.0000 1.0000 0.0000
vn 0.0000 1.0000 0.0000
vn 0.0000 1.0000 0.0000
vn 0.0000 1.0000 0.0000
vn 0.0000 1.0000 0.0000
vn 0.0000 1.0000 0.0000
vn 0.0000 1.0000 0.0000
vn 0.0000 1.0000 0.0000
vn 0.0000 1.0000 0.0000
vn 0.0000 1.0000 0.0000
vn 0.0000 1.0000 0.0000
vn 0.0000 1.0000 0.0000
vn 0.0000 1.0000 0.0000
vn 0.0000 1.0000 0.0000
vn 0.0000 1.0000 0.0000
vn 0.0000 1.0000 0.0000
vn 0.0000 1.0000 0.0000
vn 0.0000 1.0000 0.0000
vn 0.0000 1.0000 0.0000
vn 0.0000 1.0000 0.0000
vn 0.0000 1.0000 0.0000
vn 0.0000 1.0000 0.0000
vn 0.0000 1.0000 0.0000
vn 0.0000 1.0000 0.0000
vn 0.0000 1.0000 0.0000
vn 0.0000 1.0000 0.0000
vn 0.0000 1.0000 0.0000
vn 0.0000 1.0000 0.0000
vn 0.0000 1.0000 0.0000
vn 0.0000 1.0000 0.0000
vn 0.0000 1.0000 0.0000
vn 0.0000 1.0000 0.0000
vn 0.0000 1.0000 0.0000
vn 0.0000 1.0000 0.0000
vn 0.0000 1.0000 0.0000
vn 0.0000 1.0000 0.0000
vn 0.0000 1.0000 0.0000
vn 0.0000 1.0000 0.0000
vn 0.0000 1.0000 0.0000
vn 0.0000 1.0000 0.0000
vn 0.0000 1.0000 0.0000
vn 0.0000 1.0000 0.0000
vn 0.0000 1.0000 0.0000
vn 0.0000 1.0000 0.0000
vn 0.0000 1.0000 0.0000
vn 0.0000 1.0000 0.0000
vn 0.0000 1.0000 0.0000
vn 0.0000 1.0000 0.0000
vn 0.0000 1.0000 0.0000
vn 0.0000 1.0000 0.0000
vn 0.0000 1.0000 0.0000
vn 0.0000 1.0000 0.0000
vn 0.0000 1.0000 0.0000
vn 0.0000 1.0000 0.0000
vn 0.0000 1.0000 0.0000
vn 0.0000 1.0000 0.0000
vn 0.0000 1.0000 0.0000
vn 0.0000 1.0000 0.0000
vn 0.0000 1.0000 0.0000
vn 0.0000 1.0000 0.0000
vn 0.0000 1.0000 0.0000
vn 0.0000 1.0000 0.0000
vn 0.0000 1.0000 0.0000
vn 0.0000 1.0000 0.0000
vn 0.0000 1.0000 0.0000
vn 0.0000 1.0000 0.0000
vn 0.0000 1.0000 0.0000
vn 0.0000 1.0000 0.0000
vn 0.0000 1.0000 0.0000
vn 0.0000 1.0000 0.0000
vn 0.0000 1.0000 0.0000
vn 0.0000 1.0000 0.0000
vn 0.0000 1.0000 0.0000
vn 0.0000 1.0000 0.0000
vn 0.0000 1.0000 0.0000
vn 0.0000 1.0000 0.0000
vn 0.0000 1.0000 0.0000
vn 0.0000 1.0000 0.0000
vn 0.0000 1.0000 0.0000
vn 0.0000 1.0000 0.0000
vn 0.0000 1.0000 0.0000
vn 0.0000 1.0000 0.0000
vn 0.0000 1.0000 0.0000
vn 0.0000 1.0000 0.0000
vn 0.0000 1.0000 0.0000
vn 0.0000 1.0000 0.0000
vn 0.0000 1.0000 0.0000
vn 0.0000 1.0000 0.0000
vn 0.0000 1.0000 0.0000
vn 0.0000 1.0000 0.0000
vn 0.0000 1.0000 0.0000
vn 0.0000 1.0000 0.0000
vn 0.0000 1.0000 0.0000
vn 0.0000 1.0000 0.0000
vn 0.0000 1.0000 0.0000
vn 0.0000 1.0000 0.0000
vn 0.0000 1.0000 0.0000
vn 0.0000 1.0000 0.0000
vn 0.0000 1.0000 0.0000
vn 0.0000 1.0000 0.0000
vn 0.0000 1.0000 0.0000
vn 0.0000 1.0000 0.0000
vn 0.0000 1.0000 0.0000
vn 0.0000 1.0000 0.0000
vn 0.0000 1.0000 0.0000
vn 0.0000 1.0000 0.0000
vn 0.0000 1.0000 0.0000
vn 0.0000 1.0000 0.0000
vn 0.0000 1.0000 0.0000
vn 0.0000 1.0000 0.0000
vn 0.0000 1.0000 0.0000
vn 0.0000 1.0000 0.0000
vn 0.0000 1.0000 0.0000
vn 0.0000 1.0000 0.0000
vn 0.0000 1.0000 0.0000
vn 0.0000 1.0000 0.0000
vn 0.0000 1.0000 0.0000
vn 0.0000 1.0000 0.0000
vn 0.0000 1.0000 0.0000
vn 0.0000 1.0000 0.0000
vn 0.0000 1.0000 0.0000
vn 0.0000 1.0000 0.0000
vn 0.0000 1.0000 0.0000
vn 0.0000 1.0000 0.0000
vn 0.0000 1.0000 0.0000
vn 0.0000 1.0000 0.0000
vn 0.0000 1.0000 0.0000
vn 0.0000 1.0000 0.0000
vn 0.0000 1.0000 0.0000
vn 0.0000 1.0000 0.0000
vn 0.0000 1.0000 0.0000
vn 0.0000 1.0000 0.0000
vn 0.0000 1.0000 0.0000
vn 0.0000 1.0000 0.0000
vn 0.0000 1.0000 0.0000
vn 0.0000 1.0000 0.0000
vn 0.0000 1.0000 0.0000
vn 0.0000 1.0000 0.0000
vn 0.0000 1.0000 0.0000
vn 0.0000 1.0000 0.0000
vn 0.0000 1.0000 0.0000
vn 0.0000 1.0000 0.0000
vn 0.0000 1.0000 0.0000
vn 0.0000 1.0000 0.0000
vn 0.0000 1.0000 0.0000
vn 0.0000 1.0000 0.0000
vn 0.0000 1.0000 0.0000
vn 0.0000 1.0000 0.0000
vn 0.0000 1.0000 0.0000
vn 0.0000 1.0000 0.0000
vn 0.0000 1.0000 0.0000
vn 0.0000 1.0000 0.0000
vn 0.0000 1.0000 0.0000
vn 0.0000 1.0000 0.0000
vn 0.0000 1.0000 0.0000
vn 0.0000 1.0000 0.0000
vn 0.0000 1.0000 0.0000
vn 0.0000 1.0000 0.0000
vn 0.0000 1.0000 0.0000
vn 0.0000 1.0000 0.0000
vn 0.0000 1.0000 0.0000
vn 0.0000 1.0000 0.0000
vn 0.0000 1.0000 0.0000
vn 0.0000 1.0000 0.0000
vn 0.0000 1.0000 0.0000
vn 0.0000 1.0000 0.0000
vn 0.0000 1.0000 0.0000
vn 0.0000 1.0000 0.0000
vn 0.0000 1.0000 0.0000
vn 0.0000 1.0000 0.0000
vn 0.0000 1.0000 0.0000
vn 0.0000 1.0000 0.0000
vn 0.0000 1.0000 0.0000
vn 0.0000 1.0000 0.0000
vn 0.0000 1.0000 0.0000
vn 0.0000 1.0000 0.0000
vn 0.0000 1.0000 0.0000
vn 0.0000 1.0000 0.0000
vn 0.0000 1.0000 0.0000
vn 0.0000 1.0000 0.0000
vn 0.0000 1.0000 0.0000
vn 0.0000 1.0000 0.0000
vn 0.0000 1.0000 0.0000
vn 0.0000 1.0000 0.0000
vn 0.0000 1.0000 0.0000
vn 0.0000 1.0000 0.0000
vn 0.0000 1.0000 0.0000
vn 0.0000 1.0000 0.0000
vn 0.0000 1.0000 0.0000
vn 0.0000 1.0000 0.0000
vn 0.0000 1.0000 0.0000
vn 0.0000 1.0000 0.0000
vn 0.0000 1.0000 0.0000
vn 0.0000 1.0000 0.0000
vn 0.0000 1.0000 0.0000
vn 0.0000 1.0000 0.0000
vn 0.0000 1.0000 0.0000
vn 0.0000 1.0000 0.0000
vn 0.0000 1.0000 0.0000
vn 0.0000 1.0000 0.0000
vn 0.0000 1.0000 0.0000
vn 0.0000 1.0000 0.0000
vn 0.0000 1.0000 0.0000
vn 0.0000 1.0000 0.0000
vn 0.0000 1.0000 0.0000
vn 0.0000 1.0000 0.0000
vn 0.0000 1.0000 0.0000
vn 0.0000 1.0000 0.0000
vn 0.0000 1.0000 0.0000
vn 0.0000 1.0000 0.0000
vn 0.0000 1.0000 0.0000
vn 0.0000 1.0000 0.0000
vn 0.0000 1.0000 0.0000
vn 0.0000 1.0000 0.0000
vn 0.0000 1.0000 0.0000
vn 0.0000 1.0000 0.0000
vn 0.0000 1.0000 0.0000
vn 0.0000 1.0000 0.0000
vn 0.0000 1.0000 0.0000
vn 0.0000 1.0000 0.0000
vn 0.0000 1.0000 0.0000
vn 0.0000 1.0000 0.0000
vn 0.0000 1.0000 0.0000
vn 0.0000 1.0000 0.0000
vn 0.0000 1.0000 0.0000
vn 0.0000 1.0000 0.0000
vn 0.0000 1.0000 0.0000
vn 0.0000 1.0000 0.0000
vn 0.0000 1.0000 0.0000
vn 0.0000 1.0000 0.0000
vn 0.0000 1.0000 0.0000
vn 0.0000 1.0000 0.0000
vn 0.0000 1.0000 0.0000
vn 0.0000 1.0000 0.0000
vn 0.0000 1.0000 0.0000
vn 0.0000 1.0000 0.0000
vn 0.0000 1.0000 0.0000
vn 0.0000 1.0000 0.0000
vn 0.0000 1.0000 0.0000
vn 0.0000 1.0000 0.0000
vn 0.0000 1.0000 0.0000
vn 0.0000 1.0000 0.0000
vn 0.0000 1.0000 0.0000
vn 0.0000 1.0000 0.0000
vn 0.0000 1.0000 0.0000
vn 0.0000 1.0000 0.0000
vn 0.0000 1.0000 0.0000
vn 0.0000 1.0000 0.0000
vn 0.0000 1.0000 0.0000
vn 0.0000 1.0000 0.0000
vn 0.0000 1.0000 0.0000
vn 0.0000 1.0000 0.0000
vn 0.0000 1.0000 0.0000
vn 0.0000 1.0000 0.0000
vn 0.0000 1.0000 0.0000
vn 0.0000 1.0000 0.0000
vn 0.0000 1.0000 0.0000
vn 0.0000 1.0000 0.0000
vn 0.0000 1.0000 0.0000
vn 0.0000 1.0000 0.0000
vn 0.0000 1.0000 0.0000
vn 0.0000 1.0000 0.0000
vn 0.0000 1.0000 0.0000
vn 0.0000 1.0000 0.0000
vn 0.0000 1.0000 0.0000
vn 0.0000 1.0000 0.0000
vn 0.0000 1.0000 0.0000
vn 0.0000 1.0000 0.0000
vn 0.0000 1.0000 0.0000
vn 0.0000 1.0000 0.0000
vn 0.0000 1.0000 0.0000
vn 0.0000 1.0000 0.0000
vn 0.0000 1.0000 0.0000
vn 0.0000 1.0000 0.0000
vn 0.0000 1.0000 0.0000
vn 0.0000 1.0000 0.0000
vn 0.0000 1.0000 0.0000
vn 0.0000 1.0000 0.0000
vn 0.0000 1.0000 0.0000
vn 0.0000 1.0000 0.0000
vn 0.0000 1.0000 0.0000
vn 0.0000 1.0000 0.0000
vn 0.0000 1.0000 0.0000
vn 0.0000 1.0000 0.0000
vn 0.0000 1.0000 0.0000
vn 0.0000 1.0000 0.0000
vn 0.0000 1.0000 0.0000
vn 0.0000 1.0000 0.0000
vn 0.0000 1.0000 0.0000
vn 0.0000 1.0000 0.0000
vn 0.0000 1.0000 0.0000
vn 0.0000 1.0000 0.0000
vn 0.0000 1.0000 0.0000
vn 0.0000 1.0000 0.0000
vn 0.0000 1.0000 0.0000
vn 0.0000 1.0000 0.0000
vn 0.0000 1.0000 0.0000
vn 0.0000 1.0000 0.0000
vn 0.0000 1.0000 0.0000
vn 0.0000 1.0000 0.0000
vn 0.0000 1.0000 0.0000
vn 0.0000 1.0000 0.0000
vn 0.0000 1.0000 0.0000
vn 0.0000 1.0000 0.0000
vn 0.0000 1.0000 0.0000
vn 0.0000 1.0000 0.0000
vn 0.0000 1.0000 0.0000
vn 0.0000 1.0000 0.0000
vn 0.0000 1.0000 0.0000
vn 0.0000 1.0000 0.0000
vn 0.0000 1.0000 0.0000
vn 0.0000 1.0000 0.0000
vn 0.0000 1.0000 0.0000
vn 0.0000 1.0000 0.0000
vn 0.0000 1.0000 0.0000
vn 0.0000 1.0000 0.0000
vn 0.0000 1.0000 0.0000
vn 0.0000 1.0000 0.0000
vn 0.0000 1.0000 0.0000
vn 0.0000 1.0000 0.0000
vn 0.0000 1.0000 0.0000
vn 0.0000 1.0000 0.0000
vn 0.0000 1.0000 0.0000
vn 0.0000 1.0000 0.0000
vn 0.0000 1.0000 0.0000
vn 0.0000 1.0000 0.0000
vn 0.0000 1.0000 0.0000
vn 0.0000 1.0000 0.0000
vn 0.0000 1.0000 0.0000
vn 0.0000 1.0000 0.0000
vn 0.0000 1.0000 0.0000
vn 0.0000 1.0000 0.0000
vn 0.0000 1.0000 0.0000
vn 0.0000 1.0000 0.0000
vn 0.0000 1.0000 0.0000
vn 0.0000 1.0000 0.0000
vn 0.0000 1.0000 0.0000
vn 0.0000 1.0000 0.0000
vn 0.0000 1.0000 0.0000
vn 0.0000 1.0000 0.0000
vn 0.0000 1.0000 0.0000
vn 0.0000 1.0000 0.0000
vn 0.0000 1.0000 0.0000
vn 0.0000 1.0000 0.0000
vn 0.0000 1.0000 0.0000
vn 0.0000 1.0000 0.0000
vn 0.0000 1.0000 0.0000
vn 0.0000 1.0000 0.0000
vn 0.0000 1.0000 0.0000
vn 0.0000 1.0000 0.0000
vn 0.0000 1.0000 0.0000
vn 0.0000 1.0000 0.0000
vn 0.0000 1.0000 0.0000
vn 0.0000 1.0000 0.0000
vn 0.0000 1.0000 0.0000
vn 0.0000 1.0000 0.0000
vn 0.0000 1.0000 0.0000
vn 0.0000 1.0000 0.0000
vn 0.0000 1.0000 0.0000
vn 0.0000 1.0000 0.0000
vn 0.0000 1.0000 0.0000
vn 0.0000 1.0000 0.0000
vn 0.0000 1.0000 0.0000
vn 0.0000 1.0000 0.0000
vn 0.0000 1.0000 0.0000
vn 0.0000 1.0000 0.0000
vn 0.0000 1.0000 0.0000
vn 0.0000 1.0000 0.0000
vn 0.0000 1.0000 0.0000
vn 0.0000 1.0000 0.0000
vn 0.0000 1.0000 0.0000
vn 0.0000 1.0000 0.0000
vn 0.0000 1.0000 0.0000
vn 0.0000 1.0000 0.0000
vn 0.0000 1.0000 0.0000
vn 0.0000 1.0000 0.0000
vn 0.0000 1.0000 0.0000
vn 0.0000 1.0000 0.0000
vn 0.0000 1.0000 0.0000
vn 0.0000 1.0000 0.0000
vn 0.0000 1.0000 0.0000
vn 0.0000 1.0000 0.0000
vn 0.0000 1.0000 0.0000
vn 0.0000 1.0000 0.0000
vn 0.0000 1.0000 0.0000
vn 0.0000 1.0000 0.0000
vn 0.0000 1.0000 0.0000
vn 0.0000 1.0000 0.0000
vn 0.0000 1.0000 0.0000
vn 0.0000 1.0000 0.0000
vn 0.0000 1.0000 0.0000
vn 0.0000 1.0000 0.0000
vn 0.0000 1.0000 0.0000
vn 0.0000 1.0000 0.0000
vn 0.0000 1.0000 0.0000
vn 0.0000 1.0000 0.0000
vn 0.0000 1.0000 0.0000
vn 0.0000 1.0000 0.0000
vn 0.0000 1.0000 0.0000
vn 0.0000 1.0000 0.0000
vn 0.0000 1.0000 0.0000
vn 0.0000 1.0000 0.0000
vn 0.0000 1.0000 0.0000
vn 0.0000 1.0000 0.0000
vn 0.0000 1.0000 0.0000
vn 0.0000 1.0000 0.0000
vn 0.0000 1.0000 0.0000
vn 0.0000 1.0000 0.0000
vn 0.0000 1.0000 0.0000
vn 0.0000 1.0000 0.0000
vn 0.0000 1.0000 0.0000
vn 0.0000 1.0000 0.0000
vn 0.0000 1.0000 0.0000
vn 0.0000 1.0000 0.0000
vn 0.0000 1.0000 0.0000
vn 0.0000 1.0000 0.0000
vn 0.0000 1.0000 0.0000
vn 0.0000 1.0000 0.0000
vn 0.0000 1.0000 0.0000
vn 0.0000 1.0000 0.0000
vn 0.0000 1.0000 0.0000
vn 0.0000 1.0000 0.0000
vn 0.0000 1.0000 0.0000
vn 0.0000 1.0000 0.0000
vn 0.0000 1.0000 0.0000
vn 0.0000 1.0000 0.0000
vn 0.0000 1.0000 0.0000
vn 0.0000 1.0000 0.0000
vn 0.0000 1.0000 0.0000
vn 0.0000 1.0000 0.0000
vn 0.0000 1.0000 0.0000
vn 0.0000 1.0000 0.0000
vn 0.0000 1.0000 0.0000
vn 0.0000 1.0000 0.0000
vn 0.0000 1.0000 0.0000
vn 0.0000 1.0000 0.0000
vn 0.0000 1.0000 0.0000
vn 0.0000 1.0000 0.0000
vn 0.0000 1.0000 0.0000
vn 0.0000 1.0000 0.0000
vn 0.0000 1.0000 0.0000
vn 0.0000 1.0000 0.0000
vn 0.0000 1.0000 0.0000
vn 0.0000 1.0000 0.0000
vn 0.0000 1.0000 0.0000
vn 0.0000 1.0000 0.0000
vn 0.0000 1.0000 0.0000
vn 0.0000 1.0000 0.0000
vn 0.0000 1.0000 0.0000
vn 0.0000 1.0000 0.0000
vn 0.0000 1.0000 0.0000
vn 0.0000 1.0000 0.0000
vn 0.0000 1.0000 0.0000
vn 0.0000 1.0000 0.0000
vn 0.0000 1.0000 0.0000
vn 0.0000 1.0000 0.0000
vn 0.0000 1.0000 0.0000
vn 0.0000 1.0000 0.0000
vn 0.0000 1.0000 0.0000
vn 0.0000 1.0000 0.0000
vn 0.0000 1.0000 0.0000
vn 0.0000 1.0000 0.0000
vn 0.0000 1.0000 0.0000
vn 0.0000 1.0000 0.0000
vn 0.0000 1.0000 0.0000
vn 0.0000 1.0000 0.0000
vn 0.0000 1.0000 0.0000
vn 0.0000 1.0000 0.0000
vn 0.0000 1.0000 0.0000
vn 0.0000 1.0000 0.0000
vn 0.0000 1.0000 0.0000
vn 0.0000 1.0000 0.0000
vn 0.0000 1.0000 0.0000
vn 0.0000 1.0000 0.0000
vn 0.0000 1.0000 0.0000
vn 0.0000 1.0000 0.0000
vn 0.0000 1.0000 0.0000
vn 0.0000 1.0000 0.0000
vn 0.0000 1.0000 0.0000
vn 0.0000 1.0000 0.0000
vn 0.0000 1.0000 0.0000
vn 0.0000 1.0000 0.0000
vn 0.0000 1.0000 0.0000
vn 0.0000 1.0000 0.0000
vn 0.0000 1.0000 0.0000
vn 0.0000 1.0000 0.0000
vn 0.0000 1.0000 0.0000
vn 0.0000 1.0000 0.0000
vn 0.0000 1.0000 0.0000
vn 0.0000 1.0000 0.0000
vn 0.0000 1.0000 0.0000
vn 0.0000 1.0000 0.0000
vn 0.0000 1.0000 0.0000
vn 0.0000 1.0000 0.0000
vn 0.0000 1.0000 0.0000
vn 0.0000 1.0000 0.0000
vn 0.0000 1.0000 0.0000
vn 0.0000 1.0000 0.0000
vn 0.0000 1.0000 0.0000
vn 0.0000 1.0000 0.0000
vn 0.0000 1.0000 0.0000
vn 0.0000 1.0000 0.0000
vn 0.0000 1.0000 0.0000
vn 0.0000 1.0000 0.0000
vn 0.0000 1.0000 0.0000
vn 0.0000 1.0000 0.0000
vn 0.0000 1.0000 0.0000
vn 0.0000 1.0000 0.0000
vn 0.0000 1.0000 0.0000
vn 0.0000 1.0000 0.0000
vn 0.0000 1.0000 0.0000
vn 0.0000 1.0000 0.0000
vn 0.0000 1.0000 0.0000
vn 0.0000 1.0000 0.0000
vn 0.0000 1.0000 0.0000
vn 0.0000 1.0000 0.0000
vn 0.0000 1.0000 0.0000
vn 0.0000 1.0000 0.0000
vn 0.0000 1.0000 0.0000
vn 0.0000 1.0000 0.0000
vn 0.0000 1.0000 0.0000
vn 0.0000 1.0000 0.0000
vn 0.0000 1.0000 0.0000
vn 0.0000 1.0000 0.0000
vn 0.0000 1.0000 0.0000
vn 0.0000 1.0000 0.0000
vn 0.0000 1.0000 0.0000
vn 0.0000 1.0000 0.0000
vn 0.0000 1.0000 0.0000
vn 0.0000 1.0000 0.0000
vn 0.0000 1.0000 0.0000
vn 0.0000 1.0000 0.0000
vn 0.0000 1.0000 0.0000
vn 0.0000 1.0000 0.0000
vn 0.0000 1.0000 0.0000
vn 0.0000 1.0000 0.0000
vn 0.0000 1.0000 0.0000
vn 0.0000 1.0000 0.0000
vn 0.0000 1.0000 0.0000
vn 0.0000 1.0000 0.0000
vn 0.0000 1.0000 0.0000
vn 0.0000 1.0000 0.0000
vn 0.0000 1.0000 0.0000
vn 0.0000 1.0000 0.0000
vn 0.0000 1.0000 0.0000
vn 0.0000 1.0000 0.0000
vn 0.0000 1.0000 0.0000
vn 0.0000 1.0000 0.0000
vn 0.0000 1.0000 0.0000
vn 0.0000 1.0000 0.0000
vn 0.0000 1.0000 0.0000
vn 0.0000 1.0000 0.0000
vn 0.0000 1.0000 0.0000
vn 0.0000 1.0000 0.0000
vn 0.0000 1.0000 0.0000
vn 0.0000 1.0000 0.0000
vn 0.0000 1.0000 0.0000
vn 0.0000 1.0000 0.0000
vn 0.0000 1.0000 0.0000
vn 0.0000 1.0000 0.0000
vn 0.0000 1.0000 0.0000
vn 0.0000 1.0000 0.0000
vn 0.0000 1.0000 0.0000
vn 0.0000 1.0000 0.0000
vn 0.0000 1.0000 0.0000
vn 0.0000 1.0000 0.0000
vn 0.0000 1.0000 0.0000
vn 0.0000 1.0000 0.0000
vn 0.0000 1.0000 0.0000
vn 0.0000 1.0000 0.0000
vn 0.0000 1.0000 0.0000
vn 0.0000 1.0000 0.0000
vn 0.0000 1.0000 0.0000
vn 0.0000 1.0000 0.0000
vn 0.0000 1.0000 0.0000
vn 0.0000 1.0000 0.0000
vn 0.0000 1.0000 0.0000
vn 0.0000 1.0000 0.0000
vn 0.0000 1.0000 0.0000
vn 0.0000 1.0000 0.0000
vn 0.0000 1.0000 0.0000
vn 0.0000 1.0000 0.0000
vn 0.0000 1.0000 0.0000
vn 0.0000 1.0000 0.0000
vn 0.0000 1.0000 0.0000
vn 0.0000 1.0000 0.0000
vn 0.0000 1.0000 0.0000
vn 0.0000 1.0000 0.0000
vn 0.0000 1.0000 0.0000
vn 0.0000 1.0000 0.0000
vn 0.0000 1.0000 0.0000
vn 0.0000 1.0000 0.0000
vn 0.0000 1.0000 0.0000
vn 0.0000 1.0000 0.0000
vn 0.0000 1.0000 0.0000
vn 0.0000 1.0000 0.0000
vn 0.0000 1.0000 0.0000
vn 0.0000 1.0000 0.0000
vn 0.0000 1.0000 0.0000
vn 0.0000 1.0000 0.0000
vn 0.0000 1.0000 0.0000
vn 0.0000 1.0000 0.0000
vn 0.0000 1.0000 0.0000
vn 0.0000 1.0000 0.0000
vn 0.0000 1.0000 0.0000
vn 0.0000 1.0000 0.0000
vn 0.0000 1.0000 0.0000
vn 0.0000 1.0000 0.0000
vn 0.0000 1.0000 0.0000
vn 0.0000 1.0000 0.0000
vn 0.0000 1.0000 0.0000
vn 0.0000 1.0000 0.0000
vn 0.0000 1.0000 0.0000
vn 0.0000 1.0000 0.0000
vn 0.0000 1.0000 0.0000
vn 0.0000 1.0000 0.0000
vn 0.0000 1.0000 0.0000
vn 0.0000 1.0000 0.0000
vn 0.0000 1.0000 0.0000
vn 0.0000 1.0000 0.0000
vn 0.0000 1.0000 0.0000
vn 0.0000 1.0000 0.0000
vn 0.0000 1.0000 0.0000
vn 0.0000 1.0000 0.0000
vn 0.0000 1.0000 0.0000
vn 0.0000 1.0000 0.0000
vn 0.0000 1.0000 0.0000
vn 0.0000 1.0000 0.0000
vn 0.0000 1.0000 0.0000
vn 0.0000 1.0000 0.0000
vn 0.0000 1.0000 0.0000
vn 0.0000 1.0000 0.0000
vn 0.0000 1.0000 0.0000
vn 0.0000 1.0000 0.0000
vn 0.0000 1.0000 0.0000
vn 0.0000 1.0000 0.0000
vn 0.0000 1.0000 0.0000
vn 0.0000 1.0000 0.0000
vn 0.0000 1.0000 0.0000
vn 0.0000 1.0000 0.0000
vn 0.0000 1.0000 0.0000
vn 0.0000 1.0000 0.0000
vn 0.0000 1.0000 0.0000
vn 0.0000 1.0000 0.0000
vn 0.0000 1.0000 0.0000
vn 0.0000 1.0000 0.0000
vn 0.0000 1.0000 0.0000
vn 0.0000 1.0000 0.0000
vn 0.0000 1.0000 0.0000
vn 0.0000 1.0000 0.0000
vn 0.0000 1.0000 0.0000
vn 0.0000 1.0000 0.0000
vn 0.0000 1.0000 0.0000
vn 0.0000 1.0000 0.0000
vn 0.0000 1.0000 0.0000
vn 0.0000 1.0000 0.0000
vn 0.0000 1.0000 0.0000
vn 0.0000 1.0000 0.0000
vn 0.0000 1.0000 0.0000
vn 0.0000 1.0000 0.0000
vn 0.0000 1.0000 0.0000
vn 0.0000 1.0000 0.0000
vn 0.0000 1.0000 0.0000
vn 0.0000 1.0000 0.0000
vn 0.0000 1.0000 0.0000
vn 0.0000 1.0000 0.0000
vn 0.0000 1.0000 0.0000
vn 0.0000 1.0000 0.0000
vn 0.0000 1.0000 0.0000
vn 0.0000 1.0000 0.0000
vn 0.0000 1.0000 0.0000
vn 0.0000 1.0000 0.0000
vn 0.0000 1.0000 0.0000
vn 0.0000 1.0000 0.0000
vn 0.0000 1.0000 0.0000
vn 0.0000 1.0000 0.0000
vn 0.0000 1.0000 0.0000
vn 0.0000 1.0000 0.0000
vn 0.0000 1.0000 0.0000
vn 0.0000 1.0000 0.0000
vn 0.0000 1.0000 0.0000
vn 0.0000 1.0000 0.0000
vn 0.0000 1.0000 0.0000
vn 0.0000 1.0000 0.0000
vn 0.0000 1.0000 0.0000
vn 0.0000 1.0000 0.0000
vn 0.0000 1.0000 0.0000
vn 0.0000 1.0000 0.0000
vn 0.0000 1.0000 0.0000
vn 0.0000 1.0000 0.0000
vn 0.0000 1.0000 0.0000
vn 0.0000 1.0000 0.0000
vn 0.0000 1.0000 0.0000
vn 0.0000 1.0000 0.0000
vn 0.0000 1.0000 0.0000
vn 0.0000 1.0000 0.0000
vn 0.0000 1.0000 0.0000
vn 0.0000 1.0000 0.0000
vn 0.0000 1.0000 0.0000
vn 0.0000 1.0000 0.0000
vn 0.0000 1.0000 0.0000
vn 0.0000 1.0000 0.0000
vn 0.0000 1.0000 0.0000
vn 0.0000 1.0000 0.0000
vn 0.0000 1.0000 0.0000
vn 0.0000 1.0000 0.0000
vn 0.0000 1.0000 0.0000
vn 0.0000 1.0000 0.0000
vn 0.0000 1.0000 0.0000
vn 0.0000 1.0000 0.0000
vn 0.0000 1.0000 0.0000
vn 0.0000 1.0000 0.0000
vn 0.0000 1.0000 0.0000
vn 0.0000 1.0000 0.0000
vn 0.0000 1.0000 0.0000
vn 0.0000 1.0000 0.0000
vn 0.0000 1.0000 0.0000
vn 0.0000 1.0000 0.0000
vn 0.0000 1.0000 0.0000
vn 0.0000 1.0000 0.0000
vn 0.0000 1.0000 0.0000
vn 0.0000 1.0000 0.0000
vn 0.0000 1.0000 0.0000
vn 0.0000 1.0000 0.0000
vn 0.0000 1.0000 0.0000
vn 0.0000 1.0000 0.0000
vn 0.0000 1.0000 0.0000
vn 0.0000 1.0000 0.0000
vn 0.0000 1.0000 0.0000
vn 0.0000 1.0000 0.0000
vn 0.0000 1.0000 0.0000
vn 0.0000 1.0000 0.0000
vn 0.0000 1.0000 0.0000
vn 0.0000 1.0000 0.0000
vn 0.0000 1.0000 0.0000
vn 0.0000 1.0000 0.0000
vn 0.0000 1.0000 0.0000
vn 0.0000 1.0000 0.0000
vn 0.0000 1.0000 0.0000
vn 0.0000 1.0000 0.0000
vn 0.0000 1.0000 0.0000
vn 0.0000 1.0000 0.0000
vn 0.0000 1.0000 0.0000
vn 0.0000 1.0000 0.0000
vn 0.0000 1.0000 0.0000
vn 0.0000 1.0000 0.0000
vn 0.0000 1.0000 0.0000
vn 0.0000 1.0000 0.0000
vn 0.0000 1.0000 0.0000
vn 0.0000 1.0000 0.0000
vn 0.0000 1.0000 0.0000
vn 0.0000 1.0000 0.0000
vn 0.0000 1.0000 0.0000
vn 0.0000 1.0000 0.0000
vn 0.0000 1.0000 0.0000
vn 0.0000 1.0000 0.0000
vn 0.0000 1.0000 0.0000
vn 0.0000 1.0000 0.0000
vn 0.0000 1.0000 0.0000
vn 0.0000 1.0000 0.0000
vn 0.0000 1.0000 0.0000
vn 0.0000 1.0000 0.0000
vn 0.0000 1.0000 0.0000
vn 0.0000 1.0000 0.0000
vn 0.0000 1.0000 0.0000
vn 0.0000 1.0000 0.0000
vn 0.0000 1.0000 0.0000
vn 0.0000 1.0000 0.0000
vn 0.0000 1.0000 0.0000
vn 0.0000 1.0000 0.0000
vn 0.0000 1.0000 0.0000
vn 0.0000 1.0000 0.0000
vn 0.0000 1.0000 0.0000
vn 0.0000 1.0000 0.0000
vn 0.0000 1.0000 0.0000
vn 0.0000 1.0000 0.0000
vn 0.0000 1.0000 0.0000
vn 0.0000 1.0000 0.0000
vn 0.0000 1.0000 0.0000
vn 0.0000 1.0000 0.0000
vn 0.0000 1.0000 0.0000
vn 0.0000 1.0000 0.0000
vn 0.0000 1.0000 0.0000
vn 0.0000 1.0000 0.0000
vn 0.0000 1.0000 0.0000
vn 0.0000 1.0000 0.0000
vn 0.0000 1.0000 0.0000
vn 0.0000 1.0000 0.0000
vn 0.0000 1.0000 0.0000
vn 0.0000 1.0000 0.0000
vn 0.0000 1.0000 0.0000
vn 0.0000 1.0000 0.0000
vn 0.0000 1.0000 0.0000
vn 0.0000 1.0000 0.0000
vn 0.0000 1.0000 0.0000
vn 0.0000 1.0000 0.0000
vn 0.0000 1.0000 0.0000
vn 0.0000 1.0000 0.0000
vn 0.0000 1.0000 0.0000
vn 0.0000 1.0000 0.0000
vn 0.0000 1.0000 0.0000
vn 0.0000 1.0000 0.0000
vn 0.0000 1.0000 0.0000
vn 0.0000 1.0000 0.0000
vn 0.0000 1.0000 0.0000
vn 0.0000 1.0000 0.0000
vn 0.0000 1.0000 0.0000
vn 0.0000 1.0000 0.0000
vn 0.0000 1.0000 0.0000
vn 0.0000 1.0000 0.0000
vn 0.0000 1.0000 0.0000
vn 0.0000 1.0000 0.0000
vn 0.0000 1.0000 0.0000
vn 0.0000 1.0000 0.0000
vn 0.0000 1.0000 0.0000
vn 0.0000 1.0000 0.0000
vn 0.0000 1.0000 0.0000
vn 0.0000 1.0000 0.0000
vn 0.0000 1.0000 0.0000
vn 0.0000 1.0000 0.0000
vn 0.0000 1.0000 0.0000
vn 0.0000 1.0000 0.0000
vn 0.0000 1.0000 0.0000
vn 0.0000 1.0000 0.0000
vn 0.0000 1.0000 0.0000
vn 0.0000 1.0000 0.0000
vn 0.0000 1.0000 0.0000
vn 0.0000 1.0000 0.0000
vn 0.0000 1.0000 0.0000
vn 0.0000 1.0000 0.0000
vn 0.0000 1.0000 0.0000
vn 0.0000 1.0000 0.0000
vn 0.0000 1.0000 0.0000
vn 0.0000 1.0000 0.0000
vn 0.0000 1.0000 0.0000
vn 0.0000 1.0000 0.0000
vn 0.0000 1.0000 0.0000
vn 0.0000 1.0000 0.0000
vn 0.0000 1.0000 0.0000
vn 0.0000 1.0000 0.0000
vn 0.0000 1.0000 0.0000
vn 0.0000 1.0000 0.0000
vn 0.0000 1.0000 0.0000
vn 0.0000 1.0000 0.0000
vn 0.0000 1.0000 0.0000
vn 0.0000 1.0000 0.0000
vn 0.0000 1.0000 0.0000
vn 0.0000 1.0000 0.0000
vn 0.0000 1.0000 0.0000
vn 0.0000 1.0000 0.0000
vn 0.0000 1.0000 0.0000
vn 0.0000 1.0000 0.0000
vn 0.0000 1.0000 0.0000
vn 0.0000 1.0000 0.0000
vn 0.0000 1.0000 0.0000
vn 0.0000 1.0000 0.0000
vn 0.0000 1.0000 0.0000
vn 0.0000 1.0000 0.0000
vn 0.0000 1.0000 0.0000
vn 0.0000 1.0000 0.0000
vn 0.0000 1.0000 0.0000
vn 0.0000 1.0000 0.0000
vn 0.0000 1.0000 0.0000
vn 0.0000 1.0000 0.0000
vn 0.0000 1.0000 0.0000
vn 0.0000 1.0000 0.0000
vn 0.0000 1.0000 0.0000
vn 0.0000 1.0000 0.0000
vn 0.0000 1.0000 0.0000
vn 0.0000 1.0000 0.0000
vn 0.0000 1.0000 0.0000
vn 0.0000 1.0000 0.0000
vn 0.0000 1.0000 0.0000
vn 0.0000 1.0000 0.0000
vn 0.0000 1.0000 0.0000
vn 0.0000 1.0000 0.0000
vn 0.0000 1.0000 0.0000
vn 0.0000 1.0000 0.0000
vn 0.0000 1.0000 0.0000
vn 0.0000 1.0000 0.0000
vn 0.0000 1.0000 0.0000
vn 0.0000 1.0000 0.0000
vn 0.0000 1.0000 0.0000
vn 0.0000 1.0000 0.0000
vn 0.0000 1.0000 0.0000
vn 0.0000 1.0000 0.0000
vn 0.0000 1.0000 0.0000
vn 0.0000 1.0000 0.0000
vn 0.0000 1.0000 0.0000
vn 0.0000 1.0000 0.0000
vn 0.0000 1.0000 0.0000
vn 0.0000 1.0000 0.0000
vn 0.0000 1.0000 0.0000
vn 0.0000 1.0000 0.0000
vn 0.0000 1.0000 0.0000
vn 0.0000 1.0000 0.0000
vn 0.0000 1.0000 0.0000
vn 0.0000 1.0000 0.0000
vn 0.0000 1.0000 0.0000
vn 0.0000 1.0000 0.0000
vn 0.0000 1.0000 0.0000
vn 0.0000 1.0000 0.0000
vn 0.0000 1.0000 0.0000
vn 0.0000 1.0000 0.0000
vn 0.0000 1.0000 0.0000
vn 0.0000 1.0000 0.0000
vn 0.0000 1.0000 0.0000
vn 0.0000 1.0000 0.0000
vn 0.0000 1.0000 0.0000
vn 0.0000 1.0000 0.0000
vn 0.0000 1.0000 0.0000
vn 0.0000 1.0000 0.0000
vn 0.0000 1.0000 0.0000
vn 0.0000 1.0000 0.0000
vn 0.0000 1.0000 0.0000
vn 0.0000 1.0000 0.0000
vn 0.0000 1.0000 0.0000
vn 0.0000 1.0000 0.0000
vn 0.0000 1.0000 0.0000
vn 0.0000 1.0000 0.0000
vn 0.0000 1.0000 0.0000
vn 0.0000 1.0000 0.0000
vn 0.0000 1.0000 0.0000
vn 0.0000 1.0000 0.0000
vn 0.0000 1.0000 0.0000
vn 0.0000 1.0000 0.0000
vn 0.0000 1.0000 0.0000
vn 0.0000 1.0000 0.0000
vn 0.0000 1.0000 0.0000
vn 0.0000 1.0000 0.0000
vn 0.0000 1.0000 0.0000
vn 0.0000 1.0000 0.0000
vn 0.0000 1.0000 0.0000
vn 0.0000 1.0000 0.0000
vn 0.0000 1.0000 0.0000
vn 0.0000 1.0000 0.0000
vn 0.0000 1.0000 0.0000
vn 0.0000 1.0000 0.0000
vn 0.0000 1.0000 0.0000
vn 0.0000 1.0000 0.0000
vn 0.0000 1.0000 0.0000
vn 0.0000 1.0000 0.0000
vn 0.0000 1.0000 0.0000
vn 0.0000 1.0000 0.0000
vn 0.0000 1.0000 0.0000
vn 0.0000 1.0000 0.0000
vn 0.0000 1.0000 0.0000
vn 0.0000 1.0000 0.0000
vn 0.0000 1.0000 0.0000
vn 0.0000 1.0000 0.0000
vn 0.0000 1.0000 0.0000
vn 0.0000 1.0000 0.0000
vn 0.0000 1.0000 0.0000
vn 0.0000 1.0000 0.0000
vn 0.0000 1.0000 0.0000
vn 0.0000 1.0000 0.0000
vn 0.0000 1.0000 0.0000
vn 0.0000 1.0000 0.0000
vn 0.0000 1.0000 0.0000
vn 0.0000 1.0000 0.0000
vn 0.0000 1.0000 0.0000
vn 0.0000 1.0000 0.0000
vn 0.0000 1.0000 0.0000
vn 0.0000 1.0000 0.0000
vn 0.0000 1.0000 0.0000
vn 0.0000 1.0000 0.0000
vn 0.0000 1.0000 0.0000
vn 0.0000 1.0000 0.0000
vn 0.0000 1.0000 0.0000
vn 0.0000 1.0000 0.0000
vn 0.0000 1.0000 0.0000
vn 0.0000 1.0000 0.0000
vn 0.0000 1.0000 0.0000
vn 0.0000 1.0000 0.0000
vn 0.0000 1.0000 0.0000
vn 0.0000 1.0000 0.0000
vn 0.0000 1.0000 0.0000
vn 0.0000 1.0000 0.0000
vn 0.0000 1.0000 0.0000
vn 0.0000 1.0000 0.0000
vn 0.0000 1.0000 0.0000
vn 0.0000 1.0000 0.0000
vn 0.0000 1.0000 0.0000
vn 0.0000 1.0000 0.0000
vn 0.0000 1.0000 0.0000
vn 0.0000 1.0000 0.0000
vn 0.0000 1.0000 0.0000
vn 0.0000 1.0000 0.0000
vn 0.0000 1.0000 0.0000
vn 0.0000 1.0000 0.0000
vn 0.0000 1.0000 0.0000
vn 0.0000 1.0000 0.0000
vn 0.0000 1.0000 0.0000
vn 0.0000 1.0000 0.0000
vn 0.0000 1.0000 0.0000
vn 0.0000 1.0000 0.0000
vn 0.0000 1.0000 0.0000
vn 0.0000 1.0000 0.0000
vn 0.0000 1.0000 0.0000
vn 0.0000 1.0000 0.0000
vn 0.0000 1.0000 0.0000
vn 0.0000 1.0000 0.0000
vn 0.0000 1.0000 0.0000
vn 0.0000 1.0000 0.0000
vn 0.0000 1.0000 0.0000
vn 0.0000 1.0000 0.0000
vn 0.0000 1.0000 0.0000
vn 0.0000 1.0000 0.0000
vn 0.0000 1.0000 0.0000
vn 0.0000 1.0000 0.0000
vn 0.0000 1.0000 0.0000
vn 0.0000 1.0000 0.0000
vn 0.0000 1.0000 0.0000
vn 0.0000 1.0000 0.0000
vn 0.0000 1.0000 0.0000
vn 0.0000 1.0000 0.0000
vn 0.0000 1.0000 0.0000
vn 0.0000 1.0000 0.0000
vn 0.0000 1.0000 0.0000
vn 0.0000 1.0000 0.0000
vn 0.0000 1.0000 0.0000
vn 0.0000 1.0000 0.0000
vn 0.0000 1.0000 0.0000
vn 0.0000 1.0000 0.0000
vn 0.0000 1.0000 0.0000
vn 0.0000 1.0000 0.0000
vn 0.0000 1.0000 0.0000
vn 0.0000 1.0000 0.0000
vn 0.0000 1.0000 0.0000
vn 0.0000 1.0000 0.0000
vn 0.0000 1.0000 0.0000
vn 0.0000 1.0000 0.0000
vn 0.0000 1.0000 0.0000
vn 0.0000 1.0000 0.0000
vn 0.0000 1.0000 0.0000
vn 0.0000 1.0000 0.0000
vn 0.0000 1.0000 0.0000
vn 0.0000 1.0000 0.0000
vn 0.0000 1.0000 0.0000
vn 0.0000 1.0000 0.0000
vn 0.0000 1.0000 0.0000
vn 0.0000 1.0000 0.0000
vn 0.0000 1.0000 0.0000
vn 0.0000 1.0000 0.0000
vn 0.0000 1.0000 0.0000
vn 0.0000 1.0000 0.0000
vn 0.0000 1.0000 0.0000
vn 0.0000 1.0000 0.0000
vn 0.0000 1.0000 0.0000
vn 0.0000 1.0000 0.0000
vn 0.0000 1.0000 0.0000
vn 0.0000 1.0000 0.0000
vn 0.0000 1.0000 0.0000
vn 0.0000 1.0000 0.0000
vn 0.0000 1.0000 0.0000
vn 0.0000 1.0000 0.0000
vn 0.0000 1.0000 0.0000
vn 0.0000 1.0000 0.0000
vn 0.0000 1.0000 0.0000
vn 0.0000 1.0000 0.0000
vn 0.0000 1.0000 0.0000
vn 0.0000 1.0000 0.0000
vn 0.0000 1.0000 0.0000
vn 0.0000 1.0000 0.0000
vn 0.0000 1.0000 0.0000
vn 0.0000 1.0000 0.0000
vn 0.0000 1.0000 0.0000
vn 0.0000 1.0000 0.0000
vn 0.0000 1.0000 0.0000
vn 0.0000 1.0000 0.0000
vn 0.0000 1.0000 0.0000
vn 0.0000 1.0000 0.0000
vn 0.0000 1.0000 0.0000
vn 0.0000 1.0000 0.0000
vn 0.0000 1.0000 0.0000
vn 0.0000 1.0000 0.0000
vn 0.0000 1.0000 0.0000
vn 0.0000 1.0000 0.0000
vn 0.0000 1.0000 0.0000
vn 0.0000 1.0000 0.0000
vn 0.0000 1.0000 0.0000
vn 0.0000 1.0000 0.0000
vn 0.0000 1.0000 0.0000
vn 0.0000 1.0000 0.0000
vn 0.0000 1.0000 0.0000
vn 0.0000 1.0000 0.0000
vn 0.0000 1.0000 0.0000
vn 0.0000 1.0000 0.0000
vn 0.0000 1.0000 0.0000
vn 0.0000 1.0000 0.0000
vn 0.0000 1.0000 0.0000
vn 0.0000 1.0000 0.0000
vn 0.0000 1.0000 0.0000
vn 0.0000 1.0000 0.0000
vn 0.0000 1.0000 0.0000
vn 0.0000 1.0000 0.0000
vn 0.0000 1.0000 0.0000
vn 0.0000 1.0000 0.0000
vn 0.0000 1.0000 0.0000
vn 0.0000 1.0000 0.0000
vn 0.0000 1.0000 0.0000
vn 0.0000 1.0000 0.0000
vn 0.0000 1.0000 0.0000
vn 0.0000 1.0000 0.0000
vn 0.0000 1.0000 0.0000
vn 0.0000 1.0000 0.0000
vn 0.0000 1.0000 0.0000
vn 0.0000 1.0000 0.0000
vn 0.0000 1.0000 0.0000
vn 0.0000 1.0000 0.0000
vn 0.0000 1.0000 0.0000
vn 0.0000 1.0000 0.0000
vn 0.0000 1.0000 0.0000
vn 0.0000 1.0000 0.0000
vn 0.0000 1.0000 0.0000
vn 0.0000 1.0000 0.0000
vn 0.0000 1.0000 0.0000
vn 0.0000 1.0000 0.0000
vn 0.0000 1.0000 0.0000
vn 0.0000 1.0000 0.0000
vn 0.0000 1.0000 0.0000
vn 0.0000 1.0000 0.0000
vn 0.0000 1.0000 0.0000
vn 0.0000 1.0000 0.0000
vn 0.0000 1.0000 0.0000
vn 0.0000 1.0000 0.0000
vn 0.0000 1.0000 0.0000
vn 0.0000 1.0000 0.0000
vn 0.0000 1.0000 0.0000
vn 0.0000 1.0000 0.0000
vn 0.0000 1.0000 0.0000
vn 0.0000 1.0000 0.0000
vn 0.0000 1.0000 0.0000
vn 0.0000 1.0000 0.0000
vn 0.0000 1.0000 0.0000
vn 0.0000 1.0000 0.0000
vn 0.0000 1.0000 0.0000
vn 0.0000 1.0000 0.0000
vn 0.0000 1.0000 0.0000
vn 0.0000 1.0000 0.0000
vn 0.0000 1.0000 0.0000
vn 0.0000 1.0000 0.0000
vn 0.0000 1.0000 0.0000
vn 0.0000 1.0000 0.0000
vn 0.0000 1.0000 0.0000
vn 0.0000 1.0000 0.0000
vn 0.0000 1.0000 0.0000
vn 0.0000 1.0000 0.0000
vn 0.0000 1.0000 0.0000
vn 0.0000 1.0000 0.0000
vn 0.0000 1.0000 0.0000
vn 0.0000 1.0000 0.0000
vn 0.0000 1.0000 0.0000
vn 0.0000 1.0000 0.0000
vn 0.0000 1.0000 0.0000
vn 0.0000 1.0000 0.0000
vn 0.0000 1.0000 0.0000
vn 0.0000 1.0000 0.0000
vn 0.0000 1.0000 0.0000
vn 0.0000 1.0000 0.0000
vn 0.0000 1.0000 0.0000
vn 0.0000 1.0000 0.0000
vn 0.0000 1.0000 0.0000
vn 0.0000 1.0000 0.0000
vn 0.0000 1.0000 0.0000
vn 0.0000 1.0000 0.0000
vn 0.0000 1.0000 0.0000
vn 0.0000 1.0000 0.0000
vn 0.0000 1.0000 0.0000
vn 0.0000 1.0000 0.0000
vn 0.0000 1.0000 0.0000
vn 0.0000 1.0000 0.0000
vn 0.0000 1.0000 0.0000
vn 0.0000 1.0000 0.0000
vn 0.0000 1.0000 0.0000
vn 0.0000 1.0000 0.0000
vn 0.0000 1.0000 0.0000
vn 0.0000 1.0000 0.0000
vn 0.0000 1.0000 0.0000
vn 0.0000 1.0000 0.0000
vn 0.0000 1.0000 0.0000
vn 0.0000 1.0000 0.0000
vn 0.0000 1.0000 0.0000
vn 0.0000 1.0000 0.0000
vn 0.0000 1.0000 0.0000
vn 0.0000 1.0000 0.0000
vn 0.0000 1.0000 0.0000
vn 0.0000 1.0000 0.0000
vn 0.0000 1.0000 0.0000
vn 0.0000 1.0000 0.0000
vn 0.0000 1.0000 0.0000
vn 0.0000 1.0000 0.0000
vn 0.0000 1.0000 0.0000
vn 0.0000 1.0000 0.0000
vn 0.0000 1.0000 0.0000
vn 0.0000 1.0000 0.0000
vn 0.0000 1.0000 0.0000
vn 0.0000 1.0000 0.0000
vn 0.0000 1.0000 0.0000
vn 0.0000 1.0000 0.0000
vn 0.0000 1.0000 0.0000
vn 0.0000 1.0000 0.0000
vn 0.0000 1.0000 0.0000
vn 0.0000 1.0000 0.0000
vn 0.0000 1.0000 0.0000
vn 0.0000 1.0000 0.0000
vn 0.0000 1.0000 0.0000
vn 0.0000 1.0000 0.0000
vn 0.0000 1.0000 0.0000
vn 0.0000 1.0000 0.0000
vn 0.0000 1.0000 0.0000
vn 0.0000 1.0000 0.0000
vn 0.0000 1.0000 0.0000
vn 0.0000 1.0000 0.0000
vn 0.0000 1.0000 0.0000
vn 0.0000 1.0000 0.0000
vn 0.0000 1.0000 0.0000
vn 0.0000 1.0000 0.0000
vn 0.0000 1.0000 0.0000
vn 0.0000 1.0000 0.0000
vn 0.0000 1.0000 0.0000
vn 0.0000 1.0000 0.0000
vn 0.0000 1.0000 0.0000
vn 0.0000 1.0000 0.0000
vn 0.0000 1.0000 0.0000
vn 0.0000 1.0000 0.0000
vn 0.0000 1.0000 0.0000
vn 0.0000 1.0000 0.0000
vn 0.0000 1.0000 0.0000
vn 0.0000 1.0000 0.0000
vn 0.0000 1.0000 0.0000
vn 0.0000 1.0000 0.0000
vn 0.0000 1.0000 0.0000
vn 0.0000 1.0000 0.0000
vn 0.0000 1.0000 0.0000
vn 0.0000 1.0000 0.0000
vn 0.0000 1.0000 0.0000
vn 0.0000 1.0000 0.0000
vn 0.0000 1.0000 0.0000
vn 0.0000 1.0000 0.0000
vn 0.0000 1.0000 0.0000
vn 0.0000 1.0000 0.0000
vn 0.0000 1.0000 0.0000
vn 0.0000 1.0000 0.0000
vn 0.0000 1.0000 0.0000
vn 0.0000 1.0000 0.0000
vn 0.0000 1.0000 0.0000
vn 0.0000 1.0000 0.0000
vn 0.0000 1.0000 0.0000
vn 0.0000 1.0000 0.0000
vn 0.0000 1.0000 0.0000
vn 0.0000 1.0000 0.0000
vn 0.0000 1.0000 0.0000
vn 0.0000 1.0000 0.0000
vn 0.0000 1.0000 0.0000
vn 0.0000 1.0000 0.0000
vn 0.0000 1.0000 0.0000
vn 0.0000 1.0000 0.0000
vn 0.0000 1.0000 0.0000
vn 0.0000 1.0000 0.0000
vn 0.0000 1.0000 0.0000
vn 0.0000 1.0000 0.0000
vn 0.0000 1.0000 0.0000
vn 0.0000 1.0000 0.0000
vn 0.0000 1.0000 0.0000
vn 0.0000 1.0000 0.0000
vn 0.0000 1.0000 0.0000
vn 0.0000 1.0000 0.0000
vn 0.0000 1.0000 0.0000
vn 0.0000 1.0000 0.0000
vn 0.0000 1.0000 0.0000
vn 0.0000 1.0000 0.0000
vn 0.0000 1.0000 0.0000
vn 0.0000 1.0000 0.0000
vn 0.0000 1.0000 0.0000
vn 0.0000 1.0000 0.0000
vn 0.0000 1.0000 0.0000
vn 0.0000 1.0000 0.0000
vn 0.0000 1.0000 0.0000
vn 0.0000 1.0000 0.0000
vn 0.0000 1.0000 0.0000
vn 0.0000 1.0000 0.0000
vn 0.0000 1.0000 0.0000
vn 0.0000 1.0000 0.0000
vn 0.0000 1.0000 0.0000
vn 0.0000 1.0000 0.0000
vn 0.0000 1.0000 0.0000
vn 0.0000 1.0000 0.0000
vn 0.0000 1.0000 0.0000
vn 0.0000 1.0000 0.0000
vn 0.0000 1.0000 0.0000
vn 0.0000 1.0000 0.0000
vn 0.0000 1.0000 0.0000
vn 0.0000 1.0000 0.0000
vn 0.0000 1.0000 0.0000
vn 0.0000 1.0000 0.0000
vn 0.0000 1.0000 0.0000
vn 0.0000 1.0000 0.0000
vn 0.0000 1.0000 0.0000
vn 0.0000 1.0000 0.0000
vn 0.0000 1.0000 0.0000
vn 0.0000 1.0000 0.0000
vn 0.0000 1.0000 0.0000
vn 0.0000 1.0000 0.0000
vn 0.0000 1.0000 0.0000
vn 0.0000 1.0000 0.0000
vn 0.0000 1.0000 0.0000
vn 0.0000 1.0000 0.0000
vn 0.0000 1.0000 0.0000
vn 0.0000 1.0000 0.0000
vn 0.0000 1.0000 0.0000
vn 0.0000 1.0000 0.0000
vn 0.0000 1.0000 0.0000
vn 0.0000 1.0000 0.0000
vn 0.0000 1.0000 0.0000
vn 0.0000 1.0000 0.0000
vn 0.0000 1.0000 0.0000
vn 0.0000 1.0000 0.0000
vn 0.0000 1.0000 0.0000
vn 0.0000 1.0000 0.0000
vn 0.0000 1.0000 0.0000
vn 0.0000 1.0000 0.0000
vn 0.0000 1.0000 0.0000
vn 0.0000 1.0000 0.0000
vn 0.0000 1.0000 0.0000
vn 0.0000 1.0000 0.0000
vn 0.0000 1.0000 0.0000
vn 0.0000 1.0000 0.0000
vn 0.0000 1.0000 0.0000
vn 0.0000 1.0000 0.0000
vn 0.0000 1.0000 0.0000
vn 0.0000 1.0000 0.0000
vn 0.0000 1.0000 0.0000
vn 0.0000 1.0000 0.0000
vn 0.0000 1.0000 0.0000
vn 0.0000 1.0000 0.0000
vn 0.0000 1.0000 0.0000
vn 0.0000 1.0000 0.0000
vn 0.0000 1.0000 0.0000
vn 0.0000 1.0000 0.0000
vn 0.0000 1.0000 0.0000
vn 0.0000 1.0000 0.0000
vn 0.0000 1.0000 0.0000
vn 0.0000 1.0000 0.0000
vn 0.0000 1.0000 0.0000
vn 0.0000 1.0000 0.0000
vn 0.0000 1.0000 0.0000
vn 0.0000 1.0000 0.0000
vn 0.0000 1.0000 0.0000
vn 0.0000 1.0000 0.0000
vn 0.0000 1.0000 0.0000
vn 0.0000 1.0000 0.0000
vn 0.0000 1.0000 0.0000
vn 0.0000 1.0000 0.0000
vn 0.0000 1.0000 0.0000
vn 0.0000 1.0000 0.0000
vn 0.0000 1.0000 0.0000
vn 0.0000 1.0000 0.0000
vn 0.0000 1.0000 0.0000
vn 0.0000 1.0000 0.0000
vn 0.0000 1.0000 0.0000
vn 0.0000 1.0000 0.0000
vn 0.0000 1.0000 0.0000
vn 0.0000 1.0000 0.0000
vn 0.0000 1.0000 0.0000
vn 0.0000 1.0000 0.0000
vn 0.0000 1.0000 0.0000
vn 0.0000 1.0000 0.0000
vn 0.0000 1.0000 0.0000
vn 0.0000 1.0000 0.0000
vn 0.0000 1.0000 0.0000
vn 0.0000 1.0000 0.0000
vn 0.0000 1.0000 0.0000
vn 0.0000 1.0000 0.0000
vn 0.0000 1.0000 0.0000
vn 0.0000 1.0000 0.0000
vn 0.0000 1.0000 0.0000
vn 0.0000 1.0000 0.0000
vn 0.0000 1.0000 0.0000
vn 0.0000 1.0000 0.0000
vn 0.0000 1.0000 0.0000
vn 0.0000 1.0000 0.0000
vn 0.0000 1.0000 0.0000
vn 0.0000 1.0000 0.0000
vn 0.0000 1.0000 0.0000
vn 0.0000 1.0000 0.0000
vn 0.0000 1.0000 0.0000
vn 0.0000 1.0000 0.0000
vn 0.0000 1.0000 0.0000
vn 0.0000 1.0000 0.0000
vn 0.0000 1.0000 0.0000
vn 0.0000 1.0000 0.0000
vn 0.0000 1.0000 0.0000
vn 0.0000 1.0000 0.0000
vn 0.0000 1.0000 0.0000
vn 0.0000 1.0000 0.0000
vn 0.0000 1.0000 0.0000
vn 0.0000 1.0000 0.0000
vn 0.0000 1.0000 0.0000
vn 0.0000 1.0000 0.0000
vn 0.0000 1.0000 0.0000
vn 0.0000 1.0000 0.0000
vn 0.0000 1.0000 0.0000
vn 0.0000 1.0000 0.0000
vn 0.0000 1.0000 0.0000
vn 0.0000 1.0000 0.0000
vn 0.0000 1.0000 0.0000
vn 0.0000 1.0000 0.0000
vn 0.0000 1.0000 0.0000
vn 0.0000 1.0000 0.0000
vn 0.0000 1.0000 0.0000
vn 0.0000 1.0000 0.0000
vn 0.0000 1.0000 0.0000
vn 0.0000 1.0000 0.0000
vn 0.0000 1.0000 0.0000
vn 0.0000 1.0000 0.0000
vn 0.0000 1.0000 0.0000
vn 0.0000 1.0000 0.0000
vn 0.0000 1.0000 0.0000
vn 0.0000 1.0000 0.0000
vn 0.0000 1.0000 0.0000
vn 0.0000 1.0000 0.0000
vn 0.0000 1.0000 0.0000
vn 0.0000 1.0000 0.0000
vn 0.0000 1.0000 0.0000
vn 0.0000 1.0000 0.0000
vn 0.0000 1.0000 0.0000
vn 0.0000 1.0000 0.0000
vn 0.0000 1.0000 0.0000
vn 0.0000 1.0000 0.0000
vn 0.0000 1.0000 0.0000
vn 0.0000 1.0000 0.0000
vn 0.0000 1.0000 0.0000
vn 0.0000 1.0000 0.0000
vn 0.0000 1.0000 0.0000
vn 0.0000 1.0000 0.0000
vn 0.0000 1.0000 0.0000
vn 0.0000 1.0000 0.0000
vn 0.0000 1.0000 0.0000
vn 0.0000 1.0000 0.0000
vn 0.0000 1.0000 0.0000
vn 0.0000 1.0000 0.0000
vn 0.0000 1.0000 0.0000
vn 0.0000 1.0000 0.0000
vn 0.0000 1.0000 0.0000
vn 0.0000 1.0000 0.0000
vn 0.0000 1.0000 0.0000
vn 0.0000 1.0000 0.0000
vn 0.0000 1.0000 0.0000
vn 0.0000 1.0000 0.0000
vn 0.0000 1.0000 0.0000
vn 0.0000 1.0000 0.0000
vn 0.0000 1.0000 0.0000
vn 0.0000 1.0000 0.0000
vn 0.0000 1.0000 0.0000
vn 0.0000 1.0000 0.0000
vn 0.0000 1.0000 0.0000
vn 0.0000 1.0000 0.0000
vn 0.0000 1.0000 0.0000
vn 0.0000 1.0000 0.0000
vn 0.0000 1.0000 0.0000
vn 0.0000 1.0000 0.0000
vn 0.0000 1.0000 0.0000
vn 0.0000 1.0000 0.0000
vn 0.0000 1.0000 0.0000
vn 0.0000 1.0000 0.0000
vn 0.0000 1.0000 0.0000
vn 0.0000 1.0000 0.0000
vn 0.0000 1.0000 0.0000
vn 0.0000 1.0000 0.0000
vn 0.0000 1.0000 0.0000
vn 0.0000 1.0000 0.0000
vn 0.0000 1.0000 0.0000
vn 0.0000 1.0000 0.0000
vn 0.0000 1.0000 0.0000
vn 0.0000 1.0000 0.0000
vn 0.0000 1.0000 0.0000
vn 0.0000 1.0000 0.0000
vn 0.0000 1.0000 0.0000
vn 0.0000 1.0000 0.0000
vn 0.0000 1.0000 0.0000
vn 0.0000 1.0000 0.0000
vn 0.0000 1.0000 0.0000
vn 0.0000 1.0000 0.0000
vn 0.0000 1.0000 0.0000
vn 0.0000 1.0000 0.0000
vn 0.0000 1.0000 0.0000
vn 0.0000 1.0000 0.0000
vn 0.0000 1.0000 0.0000
vn 0.0000 1.0000 0.0000
vn 0.0000 1.0000 0.0000
vn 0.0000 1.0000 0.0000
vn 0.0000 1.0000 0.0000
vn 0.0000 1.0000 0.0000
vn 0.0000 1.0000 0.0000
vn 0.0000 1.0000 0.0000
vn 0.0000 1.0000 0.0000
vn 0.0000 1.0000 0.0000
vn 0.0000 1.0000 0.0000
vn 0.0000 1.0000 0.0000
vn 0.0000 1.0000 0.0000
vn 0.0000 1.0000 0.0000
vn 0.0000 1.0000 0.0000
vn 0.0000 1.0000 0.0000
vn 0.0000 1.0000 0.0000
vn 0.0000 1.0000 0.0000
vn 0.0000 1.0000 0.0000
vn 0.0000 1.0000 0.0000
vn 0.0000 1.0000 0.0000
vn 0.0000 1.0000 0.0000
vn 0.0000 1.0000 0.0000
vn 0.0000 1.0000 0.0000
vn 0.0000 1.0000 0.0000
vn 0.0000 1.0000 0.0000
vn 0.0000 1.0000 0.0000
vn 0.0000 1.0000 0.0000
vn 0.0000 1.0000 0.0000
vn 0.0000 1.0000 0.0000
vn 0.0000 1.0000 0.0000
vn 0.0000 1.0000 0.0000
vn 0.0000 1.0000 0.0000
vn 0.0000 1.0000 0.0000
vn 0.0000 1.0000 0.0000
vn 0.0000 1.0000 0.0000
vn 0.0000 1.0000 0.0000
vn 0.0000 1.0000 0.0000
vn 0.0000 1.0000 0.0000
vn 0.0000 1.0000 0.0000
vn 0.0000 1.0000 0.0000
vn 0.0000 1.0000 0.0000
vn 0.0000 1.0000 0.0000
vn 0.0000 1.0000 0.0000
vn 0.0000 1.0000 0.0000
vn 0.0000 1.0000 0.0000
vn 0.0000 1.0000 0.0000
vn 0.0000 1.0000 0.0000
vn 0.0000 1.0000 0.0000
vn 0.0000 1.0000 0.0000
vn 0.0000 1.0000 0.0000
vn 0.0000 1.0000 0.0000
vn 0.0000 1.0000 0.0000
vn 0.0000 1.0000 0.0000
vn 0.0000 1.0000 0.0000
vn 0.0000 1.0000 0.0000
vn 0.0000 1.0000 0.0000
vn 0.0000 1.0000 0.0000
vn 0.0000 1.0000 0.0000
vn 0.0000 1.0000 0.0000
vn 0.0000 1.0000 0.0000
vn 0.0000 1.0000 0.0000
vn 0.0000 1.0000 0.0000
vn 0.0000 1.0000 0.0000
vn 0.0000 1.0000 0.0000
vn 0.0000 1.0000 0.0000
vn 0.0000 1.0000 0.0000
vn 0.0000 1.0000 0.0000
vn 0.0000 1.0000 0.0000
vn 0.0000 1.0000 0.0000
vn 0.0000 1.0000 0.0000
vn 0.0000 1.0000 0.0000
vn 0.0000 1.0000 0.0000
vn 0.0000 1.0000 0.0000
vn 0.0000 1.0000 0.0000
vn 0.0000 1.0000 0.0000
vn 0.0000 1.0000 0.0000
vn 0.0000 1.0000 0.0000
vn 0.0000 1.0000 0.0000
vn 0.0000 1.0000 0.0000
vn 0.0000 1.0000 0.0000
vn 0.0000 1.0000 0.0000
vn 0.0000 1.0000 0.0000
vn 0.0000 1.0000 0.0000
vn 0.0000 1.0000 0.0000
vn 0.0000 1.0000 0.0000
vn 0.0000 1.0000 0.0000
vn 0.0000 1.0000 0.0000
vn 0.0000 1.0000 0.0000
vn 0.0000 1.0000 0.0000
vn 0.0000 1.0000 0.0000
vn 0.0000 1.0000 0.0000
vn 0.0000 1.0000 0.0000
vn 0.0000 1.0000 0.0000
vn 0.0000 1.0000 0.0000
vn 0.0000 1.0000 0.0000
vn 0.0000 1.0000 0.0000
vn 0.0000 1.0000 0.0000
vn 0.0000 1.0000 0.0000
vn 0.0000 1.0000 0.0000
vn 0.0000 1.0000 0.0000
vn 0.0000 1.0000 0.0000
vn 0.0000 1.0000 0.0000
vn 0.0000 1.0000 0.0000
vn 0.0000 1.0000 0.0000
vn 0.0000 1.0000 0.0000
vn 0.0000 1.0000 0.0000
vn 0.0000 1.0000 0.0000
vn 0.0000 1.0000 0.0000
vn 0.0000 1.0000 0.0000
vn 0.0000 1.0000 0.0000
vn 0.0000 1.0000 0.0000
vn 0.0000 1.0000 0.0000
vn 0.0000 1.0000 0.0000
vn 0.0000 1.0000 0.0000
vn 0.0000 1.0000 0.0000
vn 0.0000 1.0000 0.0000
vn 0.0000 1.0000 0.0000
vn 0.0000 1.0000 0.0000
vn 0.0000 1.0000 0.0000
vn 0.0000 1.0000 0.0000
vn 0.0000 1.0000 0.0000
vn 0.0000 1.0000 0.0000
vn 0.0000 1.0000 0.0000
vn 0.0000 1.0000 0.0000
vn 0.0000 1.0000 0.0000
vn 0.0000 1.0000 0.0000
vn 0.0000 1.0000 0.0000
vn 0.0000 1.0000 0.0000
vn 0.0000 1.0000 0.0000
vn 0.0000 1.0000 0.0000
vn 0.0000 1.0000 0.0000
vn 0.0000 1.0000 0.0000
vn 0.0000 1.0000 0.0000
vn 0.0000 1.0000 0.0000
vn 0.0000 1.0000 0.0000
vn 0.0000 1.0000 0.0000
vn 0.0000 1.0000 0.0000
vn 0.0000 1.0000 0.0000
vn 0.0000 1.0000 0.0000
vn 0.0000 1.0000 0.0000
vn 0.0000 1.0000 0.0000
vn 0.0000 1.0000 0.0000
vn 0.0000 1.0000 0.0000
vn 0.0000 1.0000 0.0000
vn 0.0000 1.0000 0.0000
vn 0.0000 1.0000 0.0000
vn 0.0000 1.0000 0.0000
vn 0.0000 1.0000 0.0000
vn 0.0000 1.0000 0.0000
vn 0.0000 1.0000 0.0000
vn 0.0000 1.0000 0.0000
vn 0.0000 1.0000 0.0000
vn 0.0000 1.0000 0.0000
vn 0.0000 1.0000 0.0000
vn 0.0000 1.0000 0.0000
vn 0.0000 1.0000 0.0000
vn 0.0000 1.0000 0.0000
vn 0.0000 1.0000 0.0000
vn 0.0000 1.0000 0.0000
vn 0.0000 1.0000 0.0000
vn 0.0000 1.0000 0.0000
vn 0.0000 1.0000 0.0000
vn 0.0000 1.0000 0.0000
vn 0.0000 1.0000 0.0000
vn 0.0000 1.0000 0.0000
vn 0.0000 1.0000 0.0000
vn 0.0000 1.0000 0.0000
vn 0.0000 1.0000 0.0000
vn 0.0000 1.0000 0.0000
vn 0.0000 1.0000 0.0000
vn 0.0000 1.0000 0.0000
vn 0.0000 1.0000 0.0000
vn 0.0000 1.0000 0.0000
vn 0.0000 1.0000 0.0000
vn 0.0000 1.0000 0.0000
vn 0.0000 1.0000 0.0000
vn 0.0000 1.0000 0.0000
vn 0.0000 1.0000 0.0000
vn 0.0000 1.0000 0.0000
vn 0.0000 1.0000 0.0000
vn 0.0000 1.0000 0.0000
vn 0.0000 1.0000 0.0000
vn 0.0000 1.0000 0.0000
vn 0.0000 1.0000 0.0000
vn 0.0000 1.0000 0.0000
vn 0.0000 1.0000 0.0000
vn 0.0000 1.0000 0.0000
vn 0.0000 1.0000 0.0000
vn 0.0000 1.0000 0.0000
vn 0.0000 1.0000 0.0000
vn 0.0000 1.0000 0.0000
vn 0.0000 1.0000 0.0000
vn 0.0000 1.0000 0.0000
vn 0.0000 1.0000 0.0000
vn 0.0000 1.0000 0.0000
vn 0.0000 1.0000 0.0000
vn 0.0000 1.0000 0.0000
vn 0.0000 1.0000 0.0000
vn 0.0000 1.0000 0.0000
vn 0.0000 1.0000 0.0000
vn 0.0000 1.0000 0.0000
vn 0.0000 1.0000 0.0000
vn 0.0000 1.0000 0.0000
vn 0.0000 1.0000 0.0000
vn 0.0000 1.0000 0.0000
vn 0.0000 1.0000 0.0000
vn 0.0000 1.0000 0.0000
vn 0.0000 1.0000 0.0000
vn 0.0000 1.0000 0.0000
vn 0.0000 1.0000 0.0000
vn 0.0000 1.0000 0.0000
vn 0.0000 1.0000 0.0000
vn 0.0000 1.0000 0.0000
vn 0.0000 1.0000 0.0000
vn 0.0000 1.0000 0.0000
vn 0.0000 1.0000 0.0000
vn 0.0000 1.0000 0.0000
vn 0.0000 1.0000 0.0000
vn 0.0000 1.0000 0.0000
vn 0.0000 1.0000 0.0000
vn 0.0000 1.0000 0.0000
vn 0.0000 1.0000 0.0000
vn 0.0000 1.0000 0.0000
vn 0.0000 1.0000 0.0000
vn 0.0000 1.0000 0.0000
vn 0.0000 1.0000 0.0000
vn 0.0000 1.0000 0.0000
vn 0.0000 1.0000 0.0000
vn 0.0000 1.0000 0.0000
vn 0.0000 1.0000 0.0000
vn 0.0000 1.0000 0.0000
vn 0.0000 1.0000 0.0000
vn 0.0000 1.0000 0.0000
vn 0.0000 1.0000 0.0000
vn 0.0000 1.0000 0.0000
vn 0.0000 1.0000 0.0000
vn 0.0000 1.0000 0.0000
vn 0.0000 1.0000 0.0000
vn 0.0000 1.0000 0.0000
vn 0.0000 1.0000 0.0000
vn 0.0000 1.0000 0.0000
vn 0.0000 1.0000 0.0000
vn 0.0000 1.0000 0.0000
vn 0.0000 1.0000 0.0000
vn 0.0000 1.0000 0.0000
vn 0.0000 1.0000 0.0000
vn 0.0000 1.0000 0.0000
vn 0.0000 1.0000 0.0000
vn 0.0000 1.0000 0.0000
vn 0.0000 1.0000 0.0000
vn 0.0000 1.0000 0.0000
vn 0.0000 1.0000 0.0000
vn 0.0000 1.0000 0.0000
vn 0.0000 1.0000 0.0000
vn 0.0000 1.0000 0.0000
vn 0.0000 1.0000 0.0000
vn 0.0000 1.0000 0.0000
vn 0.0000 1.0000 0.0000
vn 0.0000 1.0000 0.0000
vn 0.0000 1.0000 0.0000
vn 0.0000 1.0000 0.0000
vn 0.0000 1.0000 0.0000
vn 0.0000 1.0000 0.0000
vn 0.0000 1.0000 0.0000
vn 0.0000 1.0000 0.0000
vn 0.0000 1.0000 0.0000
vn 0.0000 1.0000 0.0000
vn 0.0000 1.0000 0.0000
vn 0.0000 1.0000 0.0000
vn 0.0000 1.0000 0.0000
vn 0.0000 1.0000 0.0000
vn 0.0000 1.0000 0.0000
vn 0.0000 1.0000 0.0000
vn 0.0000 1.0000 0.0000
vn 0.0000 1.0000 0.0000
vn 0.0000 1.0000 0.0000
vn 0.0000 1.0000 0.0000
vn 0.0000 1.0000 0.0000
vn 0.0000 1.0000 0.0000
vn 0.0000 1.0000 0.0000
vn 0.0000 1.0000 0.0000
vn 0.0000 1.0000 0.0000
vn 0.0000 1.0000 0.0000
vn 0.0000 1.0000 0.0000
vn 0.0000 1.0000 0.0000
vn 0.0000 1.0000 0.0000
vn 0.0000 1.0000 0.0000
vn 0.0000 1.0000 0.0000
vn 0.0000 1.0000 0.0000
vn 0.0000 1.0000 0.0000
vn 0.0000 1.0000 0.0000
vn 0.0000 1.0000 0.0000
vn 0.0000 1.0000 0.0000
vn 0.0000 1.0000 0.0000
vn 0.0000 1.0000 0.0000
vn 0.0000 1.0000 0.0000
vn 0.0000 1.0000 0.0000
vn 0.0000 1.0000 0.0000
vn 0.0000 1.0000 0.0000
vn 0.0000 1.0000 0.0000
vn 0.0000 1.0000 0.0000
vn 0.0000 1.0000 0.0000
vn 0.0000 1.0000 0.0000
vn 0.0000 1.0000 0.0000
vn 0.0000 1.0000 0.0000
vn 0.0000 1.0000 0.0000
vn 0.0000 1.0000 0.0000
vn 0.0000 1.0000 0.0000
vn 0.0000 1.0000 0.0000
vn 0.0000 1.0000 0.0000
vn 0.0000 1.0000 0.0000
vn 0.0000 1.0000 0.0000
vn 0.0000 1.0000 0.0000
vn 0.0000 1.0000 0.0000
vn 0.0000 1.0000 0.0000
vn 0.0000 1.0000 0.0000
vn 0.0000 1.0000 0.0000
vn 0.0000 1.0000 0.0000
vn 0.0000 1.0000 0.0000
vn 0.0000 1.0000 0.0000
vn 0.0000 1.0000 0.0000
vn 0.0000 1.0000 0.0000
vn 0.0000 1.0000 0.0000
vn 0.0000 1.0000 0.0000
vn 0.0000 1.0000 0.0000
vn 0.0000 1.0000 0.0000
vn 0.0000 1.0000 0.0000
vn 0.0000 1.0000 0.0000
vn 0.0000 1.0000 0.0000
vn 0.0000 1.0000 0.0000
vn 0.0000 1.0000 0.0000
vn 0.0000 1.0000 0.0000
vn 0.0000 1.0000 0.0000
vn 0.0000 1.0000 0.0000
vn 0.0000 1.0000 0.0000
vn 0.0000 1.0000 0.0000
vn 0.0000 1.0000 0.0000
vn 0.0000 1.0000 0.0000
vn 0.0000 1.0000 0.0000
vn 0.0000 1.0000 0.0000
vn 0.0000 1.0000 0.0000
vn 0.0000 1.0000 0.0000
vn 0.0000 1.0000 0.0000
vn 0.0000 1.0000 0.0000
vn 0.0000 1.0000 0.0000
vn 0.0000 1.0000 0.0000
vn 0.0000 1.0000 0.0000
vn 0.0000 1.0000 0.0000
vn 0.0000 1.0000 0.0000
vn 0.0000 1.0000 0.0000
vn 0.0000 1.0000 0.0000
vn 0.0000 1.0000 0.0000
vn 0.0000 1.0000 0.0000
vn 0.0000 1.0000 0.0000
vn 0.0000 1.0000 0.0000
vn 0.0000 1.0000 0.0000
vn 0.0000 1.0000 0.0000
vn 0.0000 1.0000 0.0000
vn 0.0000 1.0000 0.0000
vn 0.0000 1.0000 0.0000
vn 0.0000 1.0000 0.0000
vn 0.0000 1.0000 0.0000
vn 0.0000 1.0000 0.0000
vn 0.0000 1.0000 0.0000
vn 0.0000 1.0000 0.0000
vn 0.0000 1.0000 0.0000
vn 0.0000 1.0000 0.0000
vn 0.0000 1.0000 0.0000
vn 0.0000 1.0000 0.0000
vn 0.0000 1.0000 0.0000
vn 0.0000 1.0000 0.0000
vn 0.0000 1.0000 0.0000
vn 0.0000 1.0000 0.0000
vn 0.0000 1.0000 0.0000
vn 0.0000 1.0000 0.0000
vn 0.0000 1.0000 0.0000
vn 0.0000 1.0000 0.0000
vn 0.0000 1.0000 0.0000
vn 0.0000 1.0000 0.0000
vn 0.0000 1.0000 0.0000
vn 0.0000 1.0000 0.0000
vn 0.0000 1.0000 0.0000
vn 0.0000 1.0000 0.0000
vn 0.0000 1.0000 0.0000
vn 0.0000 1.0000 0.0000
vn 0.0000 1.0000 0.0000
vn 0.0000 1.0000 0.0000
vn 0.0000 1.0000 0.0000
vn 0.0000 1.0000 0.0000
vn 0.0000 1.0000 0.0000
vn 0.0000 1.0000 0.0000
vn 0.0000 1.0000 0.0000
vn 0.0000 1.0000 0.0000
vn 0.0000 1.0000 0.0000
vn 0.0000 1.0000 0.0000
vn 0.0000 1.0000 0.0000
vn 0.0000 1.0000 0.0000
vn 0.0000 1.0000 0.0000
vn 0.0000 1.0000 0.0000
vn 0.0000 1.0000 0.0000
vn 0.0000 1.0000 0.0000
vn 0.0000 1.0000 0.0000
vn 0.0000 1.0000 0.0000
vn 0.0000 1.0000 0.0000
vn 0.0000 1.0000 0.0000
vn 0.0000 1.0000 0.0000
vn 0.0000 1.0000 0.0000
vn 0.0000 1.0000 0.0000
vn 0.0000 1.0000 0.0000
vn 0.0000 1.0000 0.0000
vn 0.0000 1.0000 0.0000
vn 0.0000 1.0000 0.0000
vn 0.0000 1.0000 0.0000
vn 0.0000 1.0000 0.0000
vn 0.0000 1.0000 0.0000
vn 0.0000 1.0000 0.0000
vn 0.0000 1.0000 0.0000
vn 0.0000 1.0000 0.0000
vn 0.0000 1.0000 0.0000
vn 0.0000 1.0000 0.0000
vn 0.0000 1.0000 0.0000
vn 0.0000 1.0000 0.0000
vn 0.0000 1.0000 0.0000
vn 0.0000 1.0000 0.0000
vn 0.0000 1.0000 0.0000
vn 0.0000 1.0000 0.0000
vn 0.0000 1.0000 0.0000
vn 0.0000 1.0000 0.0000
vn 0.0000 1.0000 0.0000
vn 0.0000 1.0000 0.0000
vn 0.0000 1.0000 0.0000
vn 0.0000 1.0000 0.0000
vn 0.0000 1.0000 0.0000
vn 0.0000 1.0000 0.0000
vn 0.0000 1.0000 0.0000
vn 0.0000 1.0000 0.0000
vn 0.0000 1.0000 0.0000
vn 0.0000 1.0000 0.0000
vn 0.0000 1.0000 0.0000
vn 0.0000 1.0000 0.0000
vn 0.0000 1.0000 0.0000
vn 0.0000 1.0000 0.0000
vn 0.0000 1.0000 0.0000
vn 0.0000 1.0000 0.0000
vn 0.0000 1.0000 0.0000
vn 0.0000 1.0000 0.0000
vn 0.0000 1.0000 0.0000
vn 0.0000 1.0000 0.0000
vn 0.0000 1.0000 0.0000
vn 0.0000 1.0000 0.0000
vn 0.0000 1.0000 0.0000
vn 0.0000 1.0000 0.0000
vn 0.0000 1.0000 0.0000
vn 0.0000 1.0000 0.0000
vn 0.0000 1.0000 0.0000
vn 0.0000 1.0000 0.0000
vn 0.0000 1.0000 0.0000
vn 0.0000 1.0000 0.0000
vn 0.0000 1.0000 0.0000
vn 0.0000 1.0000 0.0000
vn 0.0000 1.0000 0.0000
vn 0.0000 1.0000 0.0000
vn 0.0000 1.0000 0.0000
vn 0.0000 1.0000 0.0000
vn 0.0000 1.0000 0.0000
vn 0.0000 1.0000 0.0000
vn 0.0000 1.0000 0.0000
vn 0.0000 1.0000 0.0000
vn 0.0000 1.0000 0.0000
vn 0.0000 1.0000 0.0000
vn 0.0000 1.0000 0.0000
vn 0.0000 1.0000 0.0000
vn 0.0000 1.0000 0.0000
vn 0.0000 1.0000 0.0000
vn 0.0000 1.0000 0.0000
vn 0.0000 1.0000 0.0000
vn 0.0000 1.0000 0.0000
vn 0.0000 1.0000 0.0000
vn 0.0000 1.0000 0.0000
vn 0.0000 1.0000 0.0000
vn 0.0000 1.0000 0.0000
vn 0.0000 1.0000 0.0000
vn 0.0000 1.0000 0.0000
vn 0.0000 1.0000 0.0000
vn 0.0000 1.0000 0.0000
vn 0.0000 1.0000 0.0000
vn 0.0000 1.0000 0.0000
vn 0.0000 1.0000 0.0000
vn 0.0000 1.0000 0.0000
vn 0.0000 1.0000 0.0000
vn 0.0000 1.0000 0.0000
vn 0.0000 1.0000 0.0000
vn 0.0000 1.0000 0.0000
vn 0.0000 1.0000 0.0000
vn 0.0000 1.0000 0.0000
vn 0.0000 1.0000 0.0000
vn 0.0000 1.0000 0.0000
vn 0.0000 1.0000 0.0000
vn 0.0000 1.0000 0.0000
vn 0.0000 1.0000 0.0000
vn 0.0000 1.0000 0.0000
vn 0.0000 1.0000 0.0000
vn 0.0000 1.0000 0.0000
vn 0.0000 1.0000 0.0000
vn 0.0000 1.0000 0.0000
vn 0.0000 1.0000 0.0000
vn 0.0000 1.0000 0.0000
vn 0.0000 1.0000 0.0000
vn 0.0000 1.0000 0.0000
vn 0.0000 1.0000 0.0000
vn 0.0000 1.0000 0.0000
vn 0.0000 1.0000 0.0000
vn 0.0000 1.0000 0.0000
vn 0.0000 1.0000 0.0000
vn 0.0000 1.0000 0.0000
vn 0.0000 1.0000 0.0000
vn 0.0000 1.0000 0.0000
vn 0.0000 1.0000 0.0000
vn 0.0000 1.0000 0.0000
vn 0.0000 1.0000 0.0000
vn 0.0000 1.0000 0.0000
vn 0.0000 1.0000 0.0000
vn 0.0000 1.0000 0.0000
vn 0.0000 1.0000 0.0000
vn 0.0000 1.0000 0.0000
vn 0.0000 1.0000 0.0000
vn 0.0000 1.0000 0.0000
vn 0.0000 1.0000 0.0000
vn 0.0000 1.0000 0.0000
vn 0.0000 1.0000 0.0000
vn 0.0000 1.0000 0.0000
vn 0.0000 1.0000 0.0000
vn 0.0000 1.0000 0.0000
vn 0.0000 1.0000 0.0000
vn 0.0000 1.0000 0.0000
vn 0.0000 1.0000 0.0000
vn 0.0000 1.0000 0.0000
vn 0.0000 1.0000 0.0000
vn 0.0000 1.0000 0.0000
vn 0.0000 1.0000 0.0000
vn 0.0000 1.0000 0.0000
vn 0.0000 1.0000 0.0000
vn 0.0000 1.0000 0.0000
vn 0.0000 1.0000 0.0000
vn 0.0000 1.0000 0.0000
vn 0.0000 1.0000 0.0000
vn 0.0000 1.0000 0.0000
vn 0.0000 1.0000 0.0000
vn 0.0000 1.0000 0.0000
vn 0.0000 1.0000 0.0000
vn 0.0000 1.0000 0.0000
vn 0.0000 1.0000 0.0000
vn 0.0000 1.0000 0.0000
vn 0.0000 1.0000 0.0000
vn 0.0000 1.0000 0.0000
vn 0.0000 1.0000 0.0000
vn 0.0000 1.0000 0.0000
vn 0.0000 1.0000 0.0000
vn 0.0000 1.0000 0.0000
vn 0.0000 1.0000 0.0000
vn 0.0000 1.0000 0.0000
vn 0.0000 1.0000 0.0000
vn 0.0000 1.0000 0.0000
vn 0.0000 1.0000 0.0000
vn 0.0000 1.0000 0.0000
vn 0.0000 1.0000 0.0000
vn 0.0000 1.0000 0.0000
vn 0.0000 1.0000 0.0000
vn 0.0000 1.0000 0.0000
vn 0.0000 1.0000 0.0000
vn 0.0000 1.0000 0.0000
vn 0.0000 1.0000 0.0000
vn 0.0000 1.0000 0.0000
vn 0.0000 1.0000 0.0000
vn 0.0000 1.0000 0.0000
vn 0.0000 1.0000 0.0000
vn 0.0000 1.0000 0.0000
vn 0.0000 1.0000 0.0000
vn 0.0000 1.0000 0.0000
vn 0.0000 1.0000 0.0000
vn 0.0000 1.0000 0.0000
vn 0.0000 1.0000 0.0000
vn 0.0000 1.0000 0.0000
vn 0.0000 1.0000 0.0000
vn 0.0000 1.0000 0.0000
vn 0.0000 1.0000 0.0000
vn 0.0000 1.0000 0.0000
vn 0.0000 1.0000 0.0000
vn 0.0000 1.0000 0.0000
vn 0.0000 1.0000 0.0000
vn 0.0000 1.0000 0.0000
vn 0.0000 1.0000 0.0000
vn 0.0000 1.0000 0.0000
vn 0.0000 1.0000 0.0000
vn 0.0000 1.0000 0.0000
vn 0.0000 1.0000 0.0000
vn 0.0000 1.0000 0.0000
vn 0.0000 1.0000 0.0000
vn 0.0000 1.0000 0.0000
vn 0.0000 1.0000 0.0000
vn 0.0000 1.0000 0.0000
vn 0.0000 1.0000 0.0000
vn 0.0000 1.0000 0.0000
vn 0.0000 1.0000 0.0000
vn 0.0000 1.0000 0.0000
vn 0.0000 1.0000 0.0000
vn 0.0000 1.0000 0.0000
vn 0.0000 1.0000 0.0000
vn 0.0000 1.0000 0.0000
vn 0.0000 1.0000 0.0000
vn 0.0000 1.0000 0.0000
vn 0.0000 1.0000 0.0000
vn 0.0000 1.0000 0.0000
vn 0.0000 1.0000 0.0000
vn 0.0000 1.0000 0.0000
vn 0.0000 1.0000 0.0000
vn 0.0000 1.0000 0.0000
vn 0.0000 1.0000 0.0000
vn 0.0000 1.0000 0.0000
vn 0.0000 1.0000 0.0000
vn 0.0000 1.0000 0.0000
vn 0.0000 1.0000 0.0000
vn 0.0000 1.0000 0.0000
vn 0.0000 1.0000 0.0000
vn 0.0000 1.0000 0.0000
vn 0.0000 1.0000 0.0000
vn 0.0000 1.0000 0.0000
vn 0.0000 1.0000 0.0000
vn 0.0000 1.0000 0.0000
vn 0.0000 1.0000 0.0000
vn 0.0000 1.0000 0.0000
vn 0.0000 1.0000 0.0000
vn 0.0000 1.0000 0.0000
vn 0.0000 1.0000 0.0000
vn 0.0000 1.0000 0.0000
vn 0.0000 1.0000 0.0000
vn 0.0000 1.0000 0.0000
vn 0.0000 1.0000 0.0000
vn 0.0000 1.0000 0.0000
vn 0.0000 1.0000 0.0000
vn 0.0000 1.0000 0.0000
vn 0.0000 1.0000 0.0000
vn 0.0000 1.0000 0.0000
vn 0.0000 1.0000 0.0000
vn 0.0000 1.0000 0.0000
vn 0.0000 1.0000 0.0000
vn 0.0000 1.0000 0.0000
vn 0.0000 1.0000 0.0000
vn 0.0000 1.0000 0.0000
vn 0.0000 1.0000 0.0000
vn 0.0000 1.0000 0.0000
vn 0.0000 1.0000 0.0000
vn 0.0000 1.0000 0.0000
vn 0.0000 1.0000 0.0000
vn 0.0000 1.0000 0.0000
vn 0.0000 1.0000 0.0000
vn 0.0000 1.0000 0.0000
vn 0.0000 1.0000 0.0000
vn 0.0000 1.0000 0.0000
vn 0.0000 1.0000 0.0000
vn 0.0000 1.0000 0.0000
vn 0.0000 1.0000 0.0000
vn 0.0000 1.0000 0.0000
vn 0.0000 1.0000 0.0000
vn 0.0000 1.0000 0.0000
vn 0.0000 1.0000 0.0000
vn 0.0000 1.0000 0.0000
vn 0.0000 1.0000 0.0000
vn 0.0000 1.0000 0.0000
vn 0.0000 1.0000 0.0000
vn 0.0000 1.0000 0.0000
vn 0.0000 1.0000 0.0000
vn 0.0000 1.0000 0.0000
vn 0.0000 1.0000 0.0000
vn 0.0000 1.0000 0.0000
vn 0.0000 1.0000 0.0000
vn 0.0000 1.0000 0.0000
vn 0.0000 1.0000 0.0000
vn 0.0000 1.0000 0.0000
vn 0.0000 1.0000 0.0000
vn 0.0000 1.0000 0.0000
vn 0.0000 1.0000 0.0000
vn 0.0000 1.0000 0.0000
vn 0.0000 1.0000 0.0000
vn 0.0000 1.0000 0.0000
vn 0.0000 1.0000 0.0000
vn 0.0000 1.0000 0.0000
vn 0.0000 1.0000 0.0000
vn 0.0000 1.0000 0.0000
vn 0.0000 1.0000 0.0000
vn 0.0000 1.0000 0.0000
vn 0.0000 1.0000 0.0000
vn 0.0000 1.0000 0.0000
vn 0.0000 1.0000 0.0000
vn 0.0000 1.0000 0.0000
vn 0.0000 1.0000 0.0000
vn 0.0000 1.0000 0.0000
vn 0.0000 1.0000 0.0000
vn 0.0000 1.0000 0.0000
vn 0.0000 1.0000 0.0000
vn 0.0000 1.0000 0.0000
vn 0.0000 1.0000 0.0000
vn 0.0000 1.0000 0.0000
vn 0.0000 1.0000 0.0000
vn 0.0000 1.0000 0.0000
vn 0.0000 1.0000 0.0000
vn 0.0000 1.0000 0.0000
vn 0.0000 1.0000 0.0000
vn 0.0000 1.0000 0.0000
vn 0.0000 1.0000 0.0000
vn 0.0000 1.0000 0.0000
vn 0.0000 1.0000 0.0000
vn 0.0000 1.0000 0.0000
vn 0.0000 1.0000 0.0000
vn 0.0000 1.0000 0.0000
vn 0.0000 1.0000 0.0000
vn 0.0000 1.0000 0.0000
vn 0.0000 1.0000 0.0000
vn 0.0000 1.0000 0.0000
vn 0.0000 1.0000 0.0000
vn 0.0000 1.0000 0.0000
vn 0.0000 1.0000 0.0000
vn 0.0000 1.0000 0.0000
vn 0.0000 1.0000 0.0000
vn 0.0000 1.0000 0.0000
vn 0.0000 1.0000 0.0000
vn 0.0000 1.0000 0.0000
vn 0.0000 1.0000 0.0000
vn 0.0000 1.0000 0.0000
vn 0.0000 1.0000 0.0000
vn 0.0000 1.0000 0.0000
vn 0.0000 1.0000 0.0000
vn 0.0000 1.0000 0.0000
vn 0.0000 1.0000 0.0000
vn 0.0000 1.0000 0.0000
vn 0.0000 1.0000 0.0000
vn 0.0000 1.0000 0.0000
vn 0.0000 1.0000 0.0000
vn 0.0000 1.0000 0.0000
vn 0.0000 1.0000 0.0000
vn 0.0000 1.0000 0.0000
vn 0.0000 1.0000 0.0000
vn 0.0000 1.0000 0.0000
vn 0.0000 1.0000 0.0000
vn 0.0000 1.0000 0.0000
vn 0.0000 1.0000 0.0000
vn 0.0000 1.0000 0.0000
vn 0.0000 1.0000 0.0000
vn 0.0000 1.0000 0.0000
vn 0.0000 1.0000 0.0000
vn 0.0000 1.0000 0.0000
vn 0.0000 1.0000 0.0000
vn 0.0000 1.0000 0.0000
vn 0.0000 1.0000 0.0000
vn 0.0000 1.0000 0.0000
vn 0.0000 1.0000 0.0000
vn 0.0000 1.0000 0.0000
vn 0.0000 1.0000 0.0000
vn 0.0000 1.0000 0.0000
vn 0.0000 1.0000 0.0000
vn 0.0000 1.0000 0.0000
vn 0.0000 1.0000 0.0000
vn 0.0000 1.0000 0.0000
vn 0.0000 1.0000 0.0000
vn 0.0000 1.0000 0.0000
vn 0.0000 1.0000 0.0000
vn 0.0000 1.0000 0.0000
vn 0.0000 1.0000 0.0000
vn 0.0000 1.0000 0.0000
vn 0.0000 1.0000 0.0000
vn 0.0000 1.0000 0.0000
vn 0.0000 1.0000 0.0000
vn 0.0000 1.0000 0.0000
vn 0.0000 1.0000 0.0000
vn 0.0000 1.0000 0.0000
vn 0.0000 1.0000 0.0000
vn 0.0000 1.0000 0.0000
vn 0.0000 1.0000 0.0000
vn 0.0000 1.0000 0.0000
vn 0.0000 1.0000 0.0000
vn 0.0000 1.0000 0.0000
vn 0.0000 1.0000 0.0000
vn 0.0000 1.0000 0.0000
vn 0.0000 1.0000 0.0000
vn 0.0000 1.0000 0.0000
vn 0.0000 1.0000 0.0000
vn 0.0000 1.0000 0.0000
vn 0.0000 1.0000 0.0000
vn 0.0000 1.0000 0.0000
vn 0.0000 1.0000 0.0000
vn 0.0000 1.0000 0.0000
vn 0.0000 1.0000 0.0000
vn 0.0000 1.0000 0.0000
vn 0.0000 1.0000 0.0000
vn 0.0000 1.0000 0.0000
vn 0.0000 1.0000 0.0000
vn 0.0000 1.0000 0.0000
vn 0.0000 1.0000 0.0000
vn 0.0000 1.0000 0.0000
vn 0.0000 1.0000 0.0000
vn 0.0000 1.0000 0.0000
vn 0.0000 1.0000 0.0000
vn 0.0000 1.0000 0.0000
vn 0.0000 1.0000 0.0000
vn 0.0000 1.0000 0.0000
vn 0.0000 1.0000 0.0000
vn 0.0000 1.0000 0.0000
vn 0.0000 1.0000 0.0000
vn 0.0000 1.0000 0.0000
vn 0.0000 1.0000 0.0000
vn 0.0000 1.0000 0.0000
vn 0.0000 1.0000 0.0000
vn 0.0000 1.0000 0.0000
vn 0.0000 1.0000 0.0000
vn 0.0000 1.0000 0.0000
vn 0.0000 1.0000 0.0000
vn 0.0000 1.0000 0.0000
vn 0.0000 1.0000 0.0000
vn 0.0000 1.0000 0.0000
vn 0.0000 1.0000 0.0000
vn 0.0000 1.0000 0.0000
vn 0.0000 1.0000 0.0000
vn 0.0000 1.0000 0.0000
vn 0.0000 1.0000 0.0000
vn 0.0000 1.0000 0.0000
vn 0.0000 1.0000 0.0000
vn 0.0000 1.0000 0.0000
vn 0.0000 1.0000 0.0000
vn 0.0000 1.0000 0.0000
vn 0.0000 1.0000 0.0000
vn 0.0000 1.0000 0.0000
vn 0.0000 1.0000 0.0000
vn 0.0000 1.0000 0.0000
vn 0.0000 1.0000 0.0000
vn 0.0000 1.0000 0.0000
vn 0.0000 1.0000 0.0000
vn 0.0000 1.0000 0.0000
vn 0.0000 1.0000 0.0000
vn 0.0000 1.0000 0.0000
vn 0.0000 1.0000 0.0000
vn 0.0000 1.0000 0.0000
vn 0.0000 1.0000 0.0000
vn 0.0000 1.0000 0.0000
vn 0.0000 1.0000 0.0000
vn 0.0000 1.0000 0.0000
vn 0.0000 1.0000 0.0000
vn 0.0000 1.0000 0.0000
vn 0.0000 1.0000 0.0000
vn 0.0000 1.0000 0.0000
vn 0.0000 1.0000 0.0000
vn 0.0000 1.0000 0.0000
vn 0.0000 1.0000 0.0000
vn 0.0000 1.0000 0.0000
vn 0.0000 1.0000 0.0000
vn 0.0000 1.0000 0.0000
vn 0.0000 1.0000 0.0000
vn 0.0000 1.0000 0.0000
vn 0.0000 1.0000 0.0000
vn 0.0000 1.0000 0.0000
vn 0.0000 1.0000 0.0000
vn 0.0000 1.0000 0.0000
vn 0.0000 1.0000 0.0000
vn 0.0000 1.0000 0.0000
vn 0.0000 1.0000 0.0000
vn 0.0000 1.0000 0.0000
vn 0.0000 1.0000 0.0000
vn 0.0000 1.0000 0.0000
vn 0.0000 1.0000 0.0000
vn 0.0000 1.0000 0.0000
vn 0.0000 1.0000 0.0000
vn 0.0000 1.0000 0.0000
vn 0.0000 1.0000 0.0000
vn 0.0000 1.0000 0.0000
vn 0.0000 1.0000 0.0000
vn 0.0000 1.0000 0.0000
vn 0.0000 1.0000 0.0000
vn 0.0000 1.0000 0.0000
vn 0.0000 1.0000 0.0000
vn 0.0000 1.0000 0.0000
vn 0.0000 1.0000 0.0000
vn 0.0000 1.0000 0.0000
vn 0.0000 1.0000 0.0000
vn 0.0000 1.0000 0.0000
vn 0.0000 1.0000 0.0000
vn 0.0000 1.0000 0.0000
vn 0.0000 1.0000 0.0000
vn 0.0000 1.0000 0.0000
vn 0.0000 1.0000 0.0000
vn 0.0000 1.0000 0.0000
vn 0.0000 1.0000 0.0000
vn 0.0000 1.0000 0.0000
vn 0.0000 1.0000 0.0000
vn 0.0000 1.0000 0.0000
vn 0.0000 1.0000 0.0000
vn 0.0000 1.0000 0.0000
vn 0.0000 1.0000 0.0000
vn 0.0000 1.0000 0.0000
vn 0.0000 1.0000 0.0000
vn 0.0000 1.0000 0.0000
vn 0.0000 1.0000 0.0000
vn 0.0000 1.0000 0.0000
vn 0.0000 1.0000 0.0000
vn 0.0000 1.0000 0.0000
vn 0.0000 1.0000 0.0000
vn 0.0000 1.0000 0.0000
vn 0.0000 1.0000 0.0000
vn 0.0000 1.0000 0.0000
vn 0.0000 1.0000 0.0000
vn 0.0000 1.0000 0.0000
vn 0.0000 1.0000 0.0000
vn 0.0000 1.0000 0.0000
vn 0.0000 1.0000 0.0000
vn 0.0000 1.0000 0.0000
vn 0.0000 1.0000 0.0000
vn 0.0000 1.0000 0.0000
vn 0.0000 1.0000 0.0000
vn 0.0000 1.0000 0.0000
vn 0.0000 1.0000 0.0000
vn 0.0000 1.0000 0.0000
vn 0.0000 1.0000 0.0000
vn 0.0000 1.0000 0.0000
vn 0.0000 1.0000 0.0000
vn 0.0000 1.0000 0.0000
vn 0.0000 1.0000 0.0000
vn 0.0000 1.0000 0.0000
vn 0.0000 1.0000 0.0000
vn 0.0000 1.0000 0.0000
vn 0.0000 1.0000 0.0000
vn 0.0000 1.0000 0.0000
vn 0.0000 1.0000 0.0000
vn 0.0000 1.0000 0.0000
vn 0.0000 1.0000 0.0000
vn 0.0000 1.0000 0.0000
vn 0.0000 1.0000 0.0000
vn 0.0000 1.0000 0.0000
vn 0.0000 1.0000 0.0000
vn 0.0000 1.0000 0.0000
vn 0.0000 1.0000 0.0000
vn 0.0000 1.0000 0.0000
vn 0.0000 1.0000 0.0000
vn 0.0000 1.0000 0.0000
vn 0.0000 1.0000 0.0000
vn 0.0000 1.0000 0.0000
vn 0.0000 1.0000 0.0000
vn 0.0000 1.0000 0.0000
vn 0.0000 1.0000 0.0000
vn 0.0000 1.0000 0.0000
vn 0.0000 1.0000 0.0000
vn 0.0000 1.0000 0.0000
vn 0.0000 1.0000 0.0000
vn 0.0000 1.0000 0.0000
vn 0.0000 1.0000 0.0000
vn 0.0000 1.0000 0.0000
vn 0.0000 1.0000 0.0000
vn 0.0000 1.0000 0.0000
vn 0.0000 1.0000 0.0000
vn 0.0000 1.0000 0.0000
vn 0.0000 1.0000 0.0000
vn 0.0000 1.0000 0.0000
vn 0.0000 1.0000 0.0000
vn 0.0000 1.0000 0.0000
vn 0.0000 1.0000 0.0000
vn 0.0000 1.0000 0.0000
vn 0.0000 1.0000 0.0000
vn 0.0000 1.0000 0.0000
vn 0.0000 1.0000 0.0000
vn 0.0000 1.0000 0.0000
vn 0.0000 1.0000 0.0000
vn 0.0000 1.0000 0.0000
vn 0.0000 1.0000 0.0000
vn 0.0000 1.0000 0.0000
vn 0.0000 1.0000 0.0000
vn 0.0000 1.0000 0.0000
vn 0.0000 1.0000 0.0000
vn 0.0000 1.0000 0.0000
vn 0.0000 1.0000 0.0000
vn 0.0000 1.0000 0.0000
vn 0.0000 1.0000 0.0000
vn 0.0000 1.0000 0.0000
vn 0.0000 1.0000 0.0000
vn 0.0000 1.0000 0.0000
vn 0.0000 1.0000 0.0000
vn 0.0000 1.0000 0.0000
vn 0.0000 1.0000 0.0000
vn 0.0000 1.0000 0.0000
vn 0.0000 1.0000 0.0000
vn 0.0000 1.0000 0.0000
vn 0.0000 1.0000 0.0000
vn 0.0000 1.0000 0.0000
vn 0.0000 1.0000 0.0000
vn 0.0000 1.0000 0.0000
vn 0.0000 1.0000 0.0000
vn 0.0000 1.0000 0.0000
vn 0.0000 1.0000 0.0000
vn 0.0000 1.0000 0.0000
vn 0.0000 1.0000 0.0000
vn 0.0000 1.0000 0.0000
vn 0.0000 1.0000 0.0000
vn 0.0000 1.0000 0.0000
vn 0.0000 1.0000 0.0000
vn 0.0000 1.0000 0.0000
vn 0.0000 1.0000 0.0000
vn 0.0000 1.0000 0.0000
vn 0.0000 1.0000 0.0000
vn 0.0000 1.0000 0.0000
vn 0.0000 1.0000 0.0000
vn 0.0000 1.0000 0.0000
vn 0.0000 1.0000 0.0000
vn 0.0000 1.0000 0.0000
vn 0.0000 1.0000 0.0000
vn 0.0000 1.0000 0.0000
vn 0.0000 1.0000 0.0000
vn 0.0000 1.0000 0.0000
vn 0.0000 1.0000 0.0000
vn 0.0000 1.0000 0.0000
vn 0.0000 1.0000 0.0000
vn 0.0000 1.0000 0.0000
vn 0.0000 1.0000 0.0000
vn 0.0000 1.0000 0.0000
vn 0.0000 1.0000 0.0000
vn 0.0000 1.0000 0.0000
vn 0.0000 1.0000 0.0000
vn 0.0000 1.0000 0.0000
vn 0.0000 1.0000 0.0000
vn 0.0000 1.0000 0.0000
vn 0.0000 1.0000 0.0000
vn 0.0000 1.0000 0.0000
vn 0.0000 1.0000 0.0000
vn 0.0000 1.0000 0.0000
vn 0.0000 1.0000 0.0000
vn 0.0000 1.0000 0.0000
vn 0.0000 1.0000 0.0000
vn 0.0000 1.0000 0.0000
vn 0.0000 1.0000 0.0000
vn 0.0000 1.0000 0.0000
vn 0.0000 1.0000 0.0000
vn 0.0000 1.0000 0.0000
vn 0.0000 1.0000 0.0000
vn 0.0000 1.0000 0.0000
vn 0.0000 1.0000 0.0000
vn 0.0000 1.0000 0.0000
vn 0.0000 1.0000 0.0000
vn 0.0000 1.0000 0.0000
vn 0.0000 1.0000 0.0000
vn 0.0000 1.0000 0.0000
vn 0.0000 1.0000 0.0000
vn 0.0000 1.0000 0.0000
vn 0.0000 1.0000 0.0000
vn 0.0000 1.0000 0.0000
vn 0.0000 1.0000 0.0000
vn 0.0000 1.0000 0.0000
vn 0.0000 1.0000 0.0000
vn 0.0000 1.0000 0.0000
vn 0.0000 1.0000 0.0000
vn 0.0000 1.0000 0.0000
vn 0.0000 1.0000 0.0000
vn 0.0000 1.0000 0.0000
vn 0.0000 1.0000 0.0000
vn 0.0000 1.0000 0.0000
vn 0.0000 1.0000 0.0000
vn 0.0000 1.0000 0.0000
vn 0.0000 1.0000 0.0000
vn 0.0000 1.0000 0.0000
vn 0.0000 1.0000 0.0000
vn 0.0000 1.0000 0.0000
vn 0.0000 1.0000 0.0000
vn 0.0000 1.0000 0.0000
vn 0.0000 1.0000 0.0000
vn 0.0000 1.0000 0.0000
vn 0.0000 1.0000 0.0000
vn 0.0000 1.0000 0.0000
vn 0.0000 1.0000 0.0000
vn 0.0000 1.0000 0.0000
vn 0.0000 1.0000 0.0000
vn 0.0000 1.0000 0.0000
vn 0.0000 1.0000 0.0000
vn 0.0000 1.0000 0.0000
vn 0.0000 1.0000 0.0000
vn 0.0000 1.0000 0.0000
vn 0.0000 1.0000 0.0000
vn 0.0000 1.0000 0.0000
vn 0.0000 1.0000 0.0000
vn 0.0000 1.0000 0.0000
vn 0.0000 1.0000 0.0000
vn 0.0000 1.0000 0.0000
vn 0.0000 1.0000 0.0000
vn 0.0000 1.0000 0.0000
vn 0.0000 1.0000 0.0000
vn 0.0000 1.0000 0.0000
vn 0.0000 1.0000 0.0000
vn 0.0000 1.0000 0.0000
vn 0.0000 1.0000 0.0000
vn 0.0000 1.0000 0.0000
vn 0.0000 1.0000 0.0000
vn 0.0000 1.0000 0.0000
vn 0.0000 1.0000 0.0000
vn 0.0000 1.0000 0.0000
vn 0.0000 1.0000 0.0000
vn 0.0000 1.0000 0.0000
vn 0.0000 1.0000 0.0000
vn 0.0000 1.0000 0.0000
vn 0.0000 1.0000 0.0000
vn 0.0000 1.0000 0.0000
vn 0.0000 1.0000 0.0000
vn 0.0000 1.0000 0.0000
vn 0.0000 1.0000 0.0000
vn 0.0000 1.0000 0.0000
vn 0.0000 1.0000 0.0000
vn 0.0000 1.0000 0.0000
vn 0.0000 1.0000 0.0000
vn 0.0000 1.0000 0.0000
vn 0.0000 1.0000 0.0000
vn 0.0000 1.0000 0.0000
vn 0.0000 1.0000 0.0000
vn 0.0000 1.0000 0.0000
vn 0.0000 1.0000 0.0000
vn 0.0000 1.0000 0.0000
vn 0.0000 1.0000 0.0000
vn 0.0000 1.0000 0.0000
vn 0.0000 1.0000 0.0000
vn 0.0000 1.0000 0.0000
vn 0.0000 1.0000 0.0000
vn 0.0000 1.0000 0.0000
vn 0.0000 1.0000 0.0000
vn 0.0000 1.0000 0.0000
vn 0.0000 1.0000 0.0000
vn 0.0000 1.0000 0.0000
vn 0.0000 1.0000 0.0000
vn 0.0000 1.0000 0.0000
vn 0.0000 1.0000 0.0000
vn 0.0000 1.0000 0.0000
vn 0.0000 1.0000 0.0000
vn 0.0000 1.0000 0.0000
vn 0.0000 1.0000 0.0000
vn 0.0000 1.0000 0.0000
vn 0.0000 1.0000 0.0000
vn 0.0000 1.0000 0.0000
vn 0.0000 1.0000 0.0000
vn 0.0000 1.0000 0.0000
vn 0.0000 1.0000 0.0000
vn 0.0000 1.0000 0.0000
vn 0.0000 1.0000 0.0000
vn 0.0000 1.0000 0.0000
vn 0.0000 1.0000 0.0000
vn 0.0000 1.0000 0.0000
vn 0.0000 1.0000 0.0000
vn 0.0000 1.0000 0.0000
vn 0.0000 1.0000 0.0000
vn 0.0000 1.0000 0.0000
vn 0.0000 1.0000 0.0000
vn 0.0000 1.0000 0.0000
vn 0.0000 1.0000 0.0000
vn 0.0000 1.0000 0.0000
vn 0.0000 1.0000 0.0000
vn 0.0000 1.0000 0.0000
vn 0.0000 1.0000 0.0000
vn 0.0000 1.0000 0.0000
vn 0.0000 1.0000 0.0000
vn 0.0000 1.0000 0.0000
vn 0.0000 1.0000 0.0000
vn 0.0000 1.0000 0.0000
vn 0.0000 1.0000 0.0000
vn 0.0000 1.0000 0.0000
vn 0.0000 1.0000 0.0000
vn 0.0000 1.0000 0.0000
vn 0.0000 1.0000 0.0000
vn 0.0000 1.0000 0.0000
vn 0.0000 1.0000 0.0000
vn 0.0000 1.0000 0.0000
vn 0.0000 1.0000 0.0000
vn 0.0000 1.0000 0.0000
vn 0.0000 1.0000 0.0000
vn 0.0000 1.0000 0.0000
vn 0.0000 1.0000 0.0000
vn 0.0000 1.0000 0.0000
vn 0.0000 1.0000 0.0000
vn 0.0000 1.0000 0.0000
vn 0.0000 1.0000 0.0000
vn 0.0000 1.0000 0.0000
vn 0.0000 1.0000 0.0000
vn 0.0000 1.0000 0.0000
vn 0.0000 1.0000 0.0000
vn 0.0000 1.0000 0.0000
vn 0.0000 1.0000 0.0000
vn 0.0000 1.0000 0.0000
vn 0.0000 1.0000 0.0000
vn 0.0000 1.0000 0.0000
vn 0.0000 1.0000 0.0000
vn 0.0000 1.0000 0.0000
vn 0.0000 1.0000 0.0000
vn 0.0000 1.0000 0.0000
vn 0.0000 1.0000 0.0000
vn 0.0000 1.0000 0.0000
vn 0.0000 1.0000 0.0000
vn 0.0000 1.0000 0.0000
vn 0.0000 1.0000 0.0000
vn 0.0000 1.0000 0.0000
vn 0.0000 1.0000 0.0000
vn 0.0000 1.0000 0.0000
vn 0.0000 1.0000 0.0000
vn 0.0000 1.0000 0.0000
vn 0.0000 1.0000 0.0000
vn 0.0000 1.0000 0.0000
vn 0.0000 1.0000 0.0000
vn 0.0000 1.0000 0.0000
vn 0.0000 1.0000 0.0000
vn 0.0000 1.0000 0.0000
vn 0.0000 1.0000 0.0000
vn 0.0000 1.0000 0.0000
vn 0.0000 1.0000 0.0000
vn 0.0000 1.0000 0.0000
vn 0.0000 1.0000 0.0000
vn 0.0000 1.0000 0.0000
vn 0.0000 1.0000 0.0000
vn 0.0000 1.0000 0.0000
vn 0.0000 1.0000 0.0000
vn 0.0000 1.0000 0.0000
vn 0.0000 1.0000 0.0000
vn 0.0000 1.0000 0.0000
vn 0.0000 1.0000 0.0000
vn 0.0000 1.0000 0.0000
vn 0.0000 1.0000 0.0000
vn 0.0000 1.0000 0.0000
vn 0.0000 1.0000 0.0000
vn 0.0000 1.0000 0.0000
vn 0.0000 1.0000 0.0000
vn 0.0000 1.0000 0.0000
vn 0.0000 1.0000 0.0000
vn 0.0000 1.0000 0.0000
vn 0.0000 1.0000 0.0000
vn 0.0000 1.0000 0.0000
vn 0.0000 1.0000 0.0000
vn 0.0000 1.0000 0.0000
vn 0.0000 1.0000 0.0000
vn 0.0000 1.0000 0.0000
vn 0.0000 1.0000 0.0000
vn 0.0000 1.0000 0.0000
vn 0.0000 1.0000 0.0000
vn 0.0000 1.0000 0.0000
vn 0.0000 1.0000 0.0000
vn 0.0000 1.0000 0.0000
vn 0.0000 1.0000 0.0000
vn 0.0000 1.0000 0.0000
vn 0.0000 1.0000 0.0000
vn 0.0000 1.0000 0.0000
vn 0.0000 1.0000 0.0000
vn 0.0000 1.0000 0.0000
vn 0.0000 1.0000 0.0000
vn 0.0000 1.0000 0.0000
vn 0.0000 1.0000 0.0000
vn 0.0000 1.0000 0.0000
vn 0.0000 1.0000 0.0000
vn 0.0000 1.0000 0.0000
vn 0.0000 1.0000 0.0000
vn 0.0000 1.0000 0.0000
vn 0.0000 1.0000 0.0000
vn 0.0000 1.0000 0.0000
vn 0.0000 1.0000 0.0000
vn 0.0000 1.0000 0.0000
vn 0.0000 1.0000 0.0000
vn 0.0000 1.0000 0.0000
vn 0.0000 1.0000 0.0000
vn 0.0000 1.0000 0.0000
vn 0.0000 1.0000 0.0000
vn 0.0000 1.0000 0.0000
vn 0.0000 1.0000 0.0000
vn 0.0000 1.0000 0.0000
vn 0.0000 1.0000 0.0000
vn 0.0000 1.0000 0.0000
vn 0.0000 1.0000 0.0000
vn 0.0000 1.0000 0.0000
vn 0.0000 1.0000 0.0000
vn 0.0000 1.0000 0.0000
vn 0.0000 1.0000 0.0000
vn 0.0000 1.0000 0.0000
vn 0.0000 1.0000 0.0000
vn 0.0000 1.0000 0.0000
vn 0.0000 1.0000 0.0000
vn 0.0000 1.0000 0.0000
vn 0.0000 1.0000 0.0000
vn 0.0000 1.0000 0.0000
vn 0.0000 1.0000 0.0000
vn 0.0000 1.0000 0.0000
vn 0.0000 1.0000 0.0000
vn 0.0000 1.0000 0.0000
vn 0.0000 1.0000 0.0000
vn 0.0000 1.0000 0.0000
vn 0.0000 1.0000 0.0000
vn 0.0000 1.0000 0.0000
vn 0.0000 1.0000 0.0000
vn 0.0000 1.0000 0.0000
vn 0.0000 1.0000 0.0000
vn 0.0000 1.0000 0.0000
vn 0.0000 1.0000 0.0000
vn 0.0000 1.0000 0.0000
vn 0.0000 1.0000 0.0000
vn 0.0000 1.0000 0.0000
vn 0.0000 1.0000 0.0000
vn 0.0000 1.0000 0.0000
vn 0.0000 1.0000 0.0000
vn 0.0000 1.0000 0.0000
vn 0.0000 1.0000 0.0000
vn 0.0000 1.0000 0.0000
vn 0.0000 1.0000 0.0000
vn 0.0000 1.0000 0.0000
vn 0.0000 1.0000 0.0000
vn 0.0000 1.0000 0.0000
vn 0.0000 1.0000 0.0000
vn 0.0000 1.0000 0.0000
vn 0.0000 1.0000 0.0000
vn 0.0000 1.0000 0.0000
vn 0.0000 1.0000 0.0000
vn 0.0000 1.0000 0.0000
vn 0.0000 1.0000 0.0000
vn 0.0000 1.0000 0.0000
vn 0.0000 1.0000 0.0000
vn 0.0000 1.0000 0.0000
vn 0.0000 1.0000 0.0000
vn 0.0000 1.0000 0.0000
vn 0.0000 1.0000 0.0000
vn 0.0000 1.0000 0.0000
vn 0.0000 1.0000 0.0000
vn 0.0000 1.0000 0.0000
vn 0.0000 1.0000 0.0000
vn 0.0000 1.0000 0.0000
vn 0.0000 1.0000 0.0000
vn 0.0000 1.0000 0.0000
vn 0.0000 1.0000 0.0000
vn 0.0000 1.0000 0.0000
vn 0.0000 1.0000 0.0000
vn 0.0000 1.0000 0.0000
vn 0.0000 1.0000 0.0000
vn 0.0000 1.0000 0.0000
vn 0.0000 1.0000 0.0000
vn 0.0000 1.0000 0.0000
vn 0.0000 1.0000 0.0000
vn 0.0000 1.0000 0.0000
vn 0.0000 1.0000 0.0000
vn 0.0000 1.0000 0.0000
vn 0.0000 1.0000 0.0000
vn 0.0000 1.0000 0.0000
vn 0.0000 1.0000 0.0000
vn 0.0000 1.0000 0.0000
vn 0.0000 1.0000 0.0000
vn 0.0000 1.0000 0.0000
vn 0.0000 1.0000 0.0000
vn 0.0000 1.0000 0.0000
vn 0.0000 1.0000 0.0000
vn 0.0000 1.0000 0.0000
vn 0.0000 1.0000 0.0000
vn 0.0000 1.0000 0.0000
vn 0.0000 1.0000 0.0000
vn 0.0000 1.0000 0.0000
vn 0.0000 1.0000 0.0000
vn 0.0000 1.0000 0.0000
vn 0.0000 1.0000 0.0000
vn 0.0000 1.0000 0.0000
vn 0.0000 1.0000 0.0000
vn 0.0000 1.0000 0.0000
vn 0.0000 1.0000 0.0000
vn 0.0000 1.0000 0.0000
vn 0.0000 1.0000 0.0000
vn 0.0000 1.0000 0.0000
vn 0.0000 1.0000 0.0000
vn 0.0000 1.0000 0.0000
vn 0.0000 1.0000 0.0000
vn 0.0000 1.0000 0.0000
vn 0.0000 1.0000 0.0000
vn 0.0000 1.0000 0.0000
vn 0.0000 1.0000 0.0000
vn 0.0000 1.0000 0.0000
vn 0.0000 1.0000 0.0000
vn 0.0000 1.0000 0.0000
vn 0.0000 1.0000 0.0000
vn 0.0000 1.0000 0.0000
vn 0.0000 1.0000 0.0000
vn 0.0000 1.0000 0.0000
vn 0.0000 1.0000 0.0000
vn 0.0000 1.0000 0.0000
vn 0.0000 1.0000 0.0000
vn 0.0000 1.0000 0.0000
vn 0.0000 1.0000 0.0000
vn 0.0000 1.0000 0.0000
vn 0.0000 1.0000 0.0000
vn 0.0000 1.0000 0.0000
vn 0.0000 1.0000 0.0000
vn 0.0000 1.0000 0.0000
vn 0.0000 1.0000 0.0000
vn 0.0000 1.0000 0.0000
vn 0.0000 1.0000 0.0000
vn 0.0000 1.0000 0.0000
vn 0.0000 1.0000 0.0000
vn 0.0000 1.0000 0.0000
vn 0.0000 1.0000 0.0000
vn 0.0000 1.0000 0.0000
vn 0.0000 1.0000 0.0000
vn 0.0000 1.0000 0.0000
vn 0.0000 1.0000 0.0000
vn 0.0000 1.0000 0.0000
vn 0.0000 1.0000 0.0000
vn 0.0000 1.0000 0.0000
vn 0.0000 1.0000 0.0000
vn 0.0000 1.0000 0.0000
vn 0.0000 1.0000 0.0000
vn 0.0000 1.0000 0.0000
vn 0.0000 1.0000 0.0000
vn 0.0000 1.0000 0.0000
vn 0.0000 1.0000 0.0000
vn 0.0000 1.0000 0.0000
vn 0.0000 1.0000 0.0000
vn 0.0000 1.0000 0.0000
vn 0.0000 1.0000 0.0000
vn 0.0000 1.0000 0.0000
vn 0.0000 1.0000 0.0000
vn 0.0000 1.0000 0.0000
vn 0.0000 1.0000 0.0000
vn 0.0000 1.0000 0.0000
vn 0.0000 1.0000 0.0000
vn 0.0000 1.0000 0.0000
vn 0.0000 1.0000 0.0000
vn 0.0000 1.0000 0.0000
vn 0.0000 1.0000 0.0000
vn 0.0000 1.0000 0.0000
vn 0.0000 1.0000 0.0000
vn 0.0000 1.0000 0.0000
vn 0.0000 1.0000 0.0000
vn 0.0000 1.0000 0.0000
vn 0.0000 1.0000 0.0000
vn 0.0000 1.0000 0.0000
vn 0.0000 1.0000 0.0000
vn 0.0000 1.0000 0.0000
vn 0.0000 1.0000 0.0000
vn 0.0000 1.0000 0.0000
vn 0.0000 1.0000 0.0000
vn 0.0000 1.0000 0.0000
vn 0.0000 1.0000 0.0000
vn 0.0000 1.0000 0.0000
vn 0.0000 1.0000 0.0000
vn 0.0000 1.0000 0.0000
vn 0.0000 1.0000 0.0000
vn 0.0000 1.0000 0.0000
vn 0.0000 1.0000 0.0000
vn 0.0000 1.0000 0.0000
vn 0.0000 1.0000 0.0000
vn 0.0000 1.0000 0.0000
vn 0.0000 1.0000 0.0000
vn 0.0000 1.0000 0.0000
vn 0.0000 1.0000 0.0000
vn 0.0000 1.0000 0.0000
vn 0.0000 1.0000 0.0000
vn 0.0000 1.0000 0.0000
vn 0.0000 1.0000 0.0000
vn 0.0000 1.0000 0.0000
vn 0.0000 1.0000 0.0000
vn 0.0000 1.0000 0.0000
vn 0.0000 1.0000 0.0000
vn 0.0000 1.0000 0.0000
vn 0.0000 1.0000 0.0000
vn 0.0000 1.0000 0.0000
vn 0.0000 1.0000 0.0000
vn 0.0000 1.0000 0.0000
vn 0.0000 1.0000 0.0000
vn 0.0000 1.0000 0.0000
vn 0.0000 1.0000 0.0000
vn 0.0000 1.0000 0.0000
vn 0.0000 1.0000 0.0000
vn 0.0000 1.0000 0.0000
vn 0.0000 1.0000 0.0000
vn 0.0000 1.0000 0.0000
vn 0.0000 1.0000 0.0000
vn 0.0000 1.0000 0.0000
vn 0.0000 1.0000 0.0000
vn 0.0000 1.0000 0.0000
vn 0.0000 1.0000 0.0000
vn 0.0000 1.0000 0.0000
vn 0.0000 1.0000 0.0000
vn 0.0000 1.0000 0.0000
vn 0.0000 1.0000 0.0000
vn 0.0000 1.0000 0.0000
vn 0.0000 1.0000 0.0000
vn 0.0000 1.0000 0.0000
vn 0.0000 1.0000 0.0000
vn 0.0000 1.0000 0.0000
vn 0.0000 1.0000 0.0000
vn 0.0000 1.0000 0.0000
vn 0.0000 1.0000 0.0000
vn 0.0000 1.0000 0.0000
vn 0.0000 1.0000 0.0000
vn 0.0000 1.0000 0.0000
vn 0.0000 1.0000 0.0000
vn 0.0000 1.0000 0.0000
vn 0.0000 1.0000 0.0000
vn 0.0000 1.0000 0.0000
vn 0.0000 1.0000 0.0000
vn 0.0000 1.0000 0.0000
vn 0.0000 1.0000 0.0000
vn 0.0000 1.0000 0.0000
vn 0.0000 1.0000 0.0000
vn 0.0000 1.0000 0.0000
vn 0.0000 1.0000 0.0000
vn 0.0000 1.0000 0.0000
vn 0.0000 1.0000 0.0000
vn 0.0000 1.0000 0.0000
vn 0.0000 1.0000 0.0000
vn 0.0000 1.0000 0.0000
vn 0.0000 1.0000 0.0000
vn 0.0000 1.0000 0.0000
vn 0.0000 1.0000 0.0000
vn 0.0000 1.0000 0.0000
vn 0.0000 1.0000 0.0000
vn 0.0000 1.0000 0.0000
vn 0.0000 1.0000 0.0000
vn 0.0000 1.0000 0.0000
vn 0.0000 1.0000 0.0000
vn 0.0000 1.0000 0.0000
vn 0.0000 1.0000 0.0000
vn 0.0000 1.0000 0.0000
vn 0.0000 1.0000 0.0000
vn 0.0000 1.0000 0.0000
vn 0.0000 1.0000 0.0000
vn 0.0000 1.0000 0.0000
vn 0.0000 1.0000 0.0000
vn 0.0000 1.0000 0.0000
vn 0.0000 1.0000 0.0000
vn 0.0000 1.0000 0.0000
vn 0.0000 1.0000 0.0000
vn 0.0000 1.0000 0.0000
vn 0.0000 1.0000 0.0000
vn 0.0000 1.0000 0.0000
vn 0.0000 1.0000 0.0000
vn 0.0000 1.0000 0.0000
vn 0.0000 1.0000 0.0000
vn 0.0000 1.0000 0.0000
vn 0.0000 1.0000 0.0000
vn 0.0000 1.0000 0.0000
vn 0.0000 1.0000 0.0000
vn 0.0000 1.0000 0.0000
vn 0.0000 1.0000 0.0000
vn 0.0000 1.0000 0.0000
vn 0.0000 1.0000 0.0000
vn 0.0000 1.0000 0.0000
vn 0.0000 1.0000 0.0000
vn 0.0000 1.0000 0.0000
vn 0.0000 1.0000 0.0000
vn 0.0000 1.0000 0.0000
vn 0.0000 1.0000 0.0000
vn 0.0000 1.0000 0.0000
vn 0.0000 1.0000 0.0000
vn 0.0000 1.0000 0.0000
vn 0.0000 1.0000 0.0000
vn 0.0000 1.0000 0.0000
vn 0.0000 1.0000 0.0000
vn 0.0000 1.0000 0.0000
vn 0.0000 1.0000 0.0000
vn 0.0000 1.0000 0.0000
vn 0.0000 1.0000 0.0000
vn 0.0000 1.0000 0.0000
vn 0.0000 1.0000 0.0000
vn 0.0000 1.0000 0.0000
vn 0.0000 1.0000 0.0000
vn 0.0000 1.0000 0.0000
vn 0.0000 1.0000 0.0000
vn 0.0000 1.0000 0.0000
vn 0.0000 1.0000 0.0000
vn 0.0000 1.0000 0.0000
vn 0.0000 1.0000 0.0000
vn 0.0000 1.0000 0.0000
vn 0.0000 1.0000 0.0000
vn 0.0000 1.0000 0.0000
vn 0.0000 1.0000 0.0000
vn 0.0000 1.0000 0.0000
vn 0.0000 1.0000 0.0000
vn 0.0000 1.0000 0.0000
vn 0.0000 1.0000 0.0000
vn 0.0000 1.0000 0.0000
vn 0.0000 1.0000 0.0000
vn 0.0000 1.0000 0.0000
vn 0.0000 1.0000 0.0000
vn 0.0000 1.0000 0.0000
vn 0.0000 1.0000 0.0000
vn 0.0000 1.0000 0.0000
vn 0.0000 1.0000 0.0000
vn 0.0000 1.0000 0.0000
vn 0.0000 1.0000 0.0000
vn 0.0000 1.0000 0.0000
vn 0.0000 1.0000 0.0000
vn 0.0000 1.0000 0.0000
vn 0.0000 1.0000 0.0000
vn 0.0000 1.0000 0.0000
vn 0.0000 1.0000 0.0000
vn 0.0000 1.0000 0.0000
vn 0.0000 1.0000 0.0000
vn 0.0000 1.0000 0.0000
vn 0.0000 1.0000 0.0000
vn 0.0000 1.0000 0.0000
vn 0.0000 1.0000 0.0000
vn 0.0000 1.0000 0.0000
vn 0.0000 1.0000 0.0000
vn 0.0000 1.0000 0.0000
vn 0.0000 1.0000 0.0000
vn 0.0000 1.0000 0.0000
vn 0.0000 1.0000 0.0000
vn 0.0000 1.0000 0.0000
vn 0.0000 1.0000 0.0000
vn 0.0000 1.0000 0.0000
vn 0.0000 1.0000 0.0000
vn 0.0000 1.0000 0.0000
vn 0.0000 1.0000 0.0000
vn 0.0000 1.0000 0.0000
vn 0.0000 1.0000 0.0000
vn 0.0000 1.0000 0.0000
vn 0.0000 1.0000 0.0000
vn 0.0000 1.0000 0.0000
vn 0.0000 1.0000 0.0000
vn 0.0000 1.0000 0.0000
vn 0.0000 1.0000 0.0000
vn 0.0000 1.0000 0.0000
vn 0.0000 1.0000 0.0000
vn 0.0000 1.0000 0.0000
vn 0.0000 1.0000 0.0000
vn 0.0000 1.0000 0.0000
vn 0.0000 1.0000 0.0000
vn 0.0000 1.0000 0.0000
vn 0.0000 1.0000 0.0000
vn 0.0000 1.0000 0.0000
vn 0.0000 1.0000 0.0000
vn 0.0000 1.0000 0.0000
vn 0.0000 1.0000 0.0000
vn 0.0000 1.0000 0.0000
vn 0.0000 1.0000 0.0000
vn 0.0000 1.0000 0.0000
vn 0.0000 1.0000 0.0000
vn 0.0000 1.0000 0.0000
vn 0.0000 1.0000 0.0000
vn 0.0000 1.0000 0.0000
vn 0.0000 1.0000 0.0000
vn 0.0000 1.0000 0.0000
vn 0.0000 1.0000 0.0000
vn 0.0000 1.0000 0.0000
vn 0.0000 1.0000 0.0000
vn 0.0000 1.0000 0.0000
vn 0.0000 1.0000 0.0000
vn 0.0000 1.0000 0.0000
vn 0.0000 1.0000 0.0000
vn 0.0000 1.0000 0.0000
vn 0.0000 1.0000 0.0000
vn 0.0000 1.0000 0.0000
vn 0.0000 1.0000 0.0000
vn 0.0000 1.0000 0.0000
vn 0.0000 1.0000 0.0000
vn 0.0000 1.0000 0.0000
vn 0.0000 1.0000 0.0000
vn 0.0000 1.0000 0.0000
vn 0.0000 1.0000 0.0000
vn 0.0000 1.0000 0.0000
vn 0.0000 1.0000 0.0000
vn 0.0000 1.0000 0.0000
vn 0.0000 1.0000 0.0000
vn 0.0000 1.0000 0.0000
vn 0.0000 1.0000 0.0000
vn 0.0000 1.0000 0.0000
vn 0.0000 1.0000 0.0000
vn 0.0000 1.0000 0.0000
vn 0.0000 1.0000 0.0000
vn 0.0000 1.0000 0.0000
vn 0.0000 1.0000 0.0000
vn 0.0000 1.0000 0.0000
vn 0.0000 1.0000 0.0000
vn 0.0000 1.0000 0.0000
vn 0.0000 1.0000 0.0000
vn 0.0000 1.0000 0.0000
vn 0.0000 1.0000 0.0000
vn 0.0000 1.0000 0.0000
vn 0.0000 1.0000 0.0000
vn 0.0000 1.0000 0.0000
vn 0.0000 1.0000 0.0000
vn 0.0000 1.0000 0.0000
vn 0.0000 1.0000 0.0000
vn 0.0000 1.0000 0.0000
vn 0.0000 1.0000 0.0000
vn 0.0000 1.0000 0.0000
vn 0.0000 1.0000 0.0000
vn 0.0000 1.0000 0.0000
vn 0.0000 1.0000 0.0000
vn 0.0000 1.0000 0.0000
vn 0.0000 1.0000 0.0000
vn 0.0000 1.0000 0.0000
vn 0.0000 1.0000 0.0000
vn 0.0000 1.0000 0.0000
vn 0.0000 1.0000 0.0000
vn 0.0000 1.0000 0.0000
vn 0.0000 1.0000 0.0000
vn 0.0000 1.0000 0.0000
vn 0.0000 1.0000 0.0000
vn 0.0000 1.0000 0.0000
vn 0.0000 1.0000 0.0000
vn 0.0000 1.0000 0.0000
vn 0.0000 1.0000 0.0000
vn 0.0000 1.0000 0.0000
vn 0.0000 1.0000 0.0000
vn 0.0000 1.0000 0.0000
vn 0.0000 1.0000 0.0000
vn 0.0000 1.0000 0.0000
vn 0.0000 1.0000 0.0000
vn 0.0000 1.0000 0.0000
vn 0.0000 1.0000 0.0000
vn 0.0000 1.0000 0.0000
vn 0.0000 1.0000 0.0000
vn 0.0000 1.0000 0.0000
vn 0.0000 1.0000 0.0000
vn 0.0000 1.0000 0.0000
vn 0.0000 1.0000 0.0000
vn 0.0000 1.0000 0.0000
vn 0.0000 1.0000 0.0000
vn 0.0000 1.0000 0.0000
vn 0.0000 1.0000 0.0000
vn 0.0000 1.0000 0.0000
vn 0.0000 1.0000 0.0000
vn 0.0000 1.0000 0.0000
vn 0.0000 1.0000 0.0000
vn 0.0000 1.0000 0.0000
vn 0.0000 1.0000 0.0000
vn 0.0000 1.0000 0.0000
vn 0.0000 1.0000 0.0000
vn 0.0000 1.0000 0.0000
vn 0.0000 1.0000 0.0000
vn 0.0000 1.0000 0.0000
vn 0.0000 1.0000 0.0000
vn 0.0000 1.0000 0.0000
vn 0.0000 1.0000 0.0000
vn 0.0000 1.0000 0.0000
vn 0.0000 1.0000 0.0000
vn 0.0000 1.0000 0.0000
vn 0.0000 1.0000 0.0000
vn 0.0000 1.0000 0.0000
vn 0.0000 1.0000 0.0000
vn 0.0000 1.0000 0.0000
vn 0.0000 1.0000 0.0000
vn 0.0000 1.0000 0.0000
vn 0.0000 1.0000 0.0000
vn 0.0000 1.0000 0.0000
vn 0.0000 1.0000 0.0000
vn 0.0000 1.0000 0.0000
vn 0.0000 1.0000 0.0000
vn 0.0000 1.0000 0.0000
vn 0.0000 1.0000 0.0000
vn 0.0000 1.0000 0.0000
vn 0.0000 1.0000 0.0000
vn 0.0000 1.0000 0.0000
vn 0.0000 1.0000 0.0000
vn 0.0000 1.0000 0.0000
vn 0.0000 1.0000 0.0000
vn 0.0000 1.0000 0.0000
vn 0.0000 1.0000 0.0000
vn 0.0000 1.0000 0.0000
vn 0.0000 1.0000 0.0000
vn 0.0000 1.0000 0.0000
vn 0.0000 1.0000 0.0000
vn 0.0000 1.0000 0.0000
vn 0.0000 1.0000 0.0000
vn 0.0000 1.0000 0.0000
vn 0.0000 1.0000 0.0000
vn 0.0000 1.0000 0.0000
vn 0.0000 1.0000 0.0000
vn 0.0000 1.0000 0.0000
vn 0.0000 1.0000 0.0000
vn 0.0000 1.0000 0.0000
vn 0.0000 1.0000 0.0000
vn 0.0000 1.0000 0.0000
vn 0.0000 1.0000 0.0000
vn 0.0000 1.0000 0.0000
vn 0.0000 1.0000 0.0000
vn 0.0000 1.0000 0.0000
vn 0.0000 1.0000 0.0000
vn 0.0000 1.0000 0.0000
vn 0.0000 1.0000 0.0000
vn 0.0000 1.0000 0.0000
vn 0.0000 1.0000 0.0000
vn 0.0000 1.0000 0.0000
vn 0.0000 1.0000 0.0000
vn 0.0000 1.0000 0.0000
vn 0.0000 1.0000 0.0000
vn 0.0000 1.0000 0.0000
vn 0.0000 1.0000 0.0000
vn 0.0000 1.0000 0.0000
vn 0.0000 1.0000 0.0000
vn 0.0000 1.0000 0.0000
vn 0.0000 1.0000 0.0000
vn 0.0000 1.0000 0.0000
vn 0.0000 1.0000 0.0000
vn 0.0000 1.0000 0.0000
vn 0.0000 1.0000 0.0000
vn 0.0000 1.0000 0.0000
vn 0.0000 1.0000 0.0000
vn 0.0000 1.0000 0.0000
vn 0.0000 1.0000 0.0000
vn 0.0000 1.0000 0.0000
vn 0.0000 1.0000 0.0000
vn 0.0000 1.0000 0.0000
vn 0.0000 1.0000 0.0000
vn 0.0000 1.0000 0.0000
vn 0.0000 1.0000 0.0000
vn 0.0000 1.0000 0.0000
vn 0.0000 1.0000 0.0000
vn 0.0000 1.0000 0.0000
vn 0.0000 1.0000 0.0000
vn 0.0000 1.0000 0.0000
vn 0.0000 1.0000 0.0000
vn 0.0000 1.0000 0.0000
vn 0.0000 1.0000 0.0000
vn 0.0000 1.0000 0.0000
vn 0.0000 1.0000 0.0000
vn 0.0000 1.0000 0.0000
vn 0.0000 1.0000 0.0000
vn 0.0000 1.0000 0.0000
vn 0.0000 1.0000 0.0000
vn 0.0000 1.0000 0.0000
vn 0.0000 1.0000 0.0000
vn 0.0000 1.0000 0.0000
vn 0.0000 1.0000 0.0000
vn 0.0000 1.0000 0.0000
vn 0.0000 1.0000 0.0000
vn 0.0000 1.0000 0.0000
vn 0.0000 1.0000 0.0000
vn 0.0000 1.0000 0.0000
vn 0.0000 1.0000 0.0000
vn 0.0000 1.0000 0.0000
vn 0.0000 1.0000 0.0000
vn 0.0000 1.0000 0.0000
vn 0.0000 1.0000 0.0000
vn 0.0000 1.0000 0.0000
vn 0.0000 1.0000 0.0000
vn 0.0000 1.0000 0.0000
vn 0.0000 1.0000 0.0000
vn 0.0000 1.0000 0.0000
vn 0.0000 1.0000 0.0000
vn 0.0000 1.0000 0.0000
vn 0.0000 1.0000 0.0000
vn 0.0000 1.0000 0.0000
vn 0.0000 1.0000 0.0000
vn 0.0000 1.0000 0.0000
vn 0.0000 1.0000 0.0000
vn 0.0000 1.0000 0.0000
vn 0.0000 1.0000 0.0000
vn 0.0000 1.0000 0.0000
vn 0.0000 1.0000 0.0000
vn 0.0000 1.0000 0.0000
vn 0.0000 1.0000 0.0000
vn 0.0000 1.0000 0.0000
vn 0.0000 1.0000 0.0000
vn 0.0000 1.0000 0.0000
vn 0.0000 1.0000 0.0000
vn 0.0000 1.0000 0.0000
vn 0.0000 1.0000 0.0000
vn 0.0000 1.0000 0.0000
vn 0.0000 1.0000 0.0000
vn 0.0000 1.0000 0.0000
vn 0.0000 1.0000 0.0000
vn 0.0000 1.0000 0.0000
vn 0.0000 1.0000 0.0000
vn 0.0000 1.0000 0.0000
vn 0.0000 1.0000 0.0000
vn 0.0000 1.0000 0.0000
vn 0.0000 1.0000 0.0000
vn 0.0000 1.0000 0.0000
vn 0.0000 1.0000 0.0000
vn 0.0000 1.0000 0.0000
vn 0.0000 1.0000 0.0000
vn 0.0000 1.0000 0.0000
vn 0.0000 1.0000 0.0000
vn 0.0000 1.0000 0.0000
vn 0.0000 1.0000 0.0000
vn 0.0000 1.0000 0.0000
vn 0.0000 1.0000 0.0000
vn 0.0000 1.0000 0.0000
vn 0.0000 1.0000 0.0000
vn 0.0000 1.0000 0.0000
vn 0.0000 1.0000 0.0000
vn 0.0000 1.0000 0.0000
vn 0.0000 1.0000 0.0000
vn 0.0000 1.0000 0.0000
vn 0.0000 1.0000 0.0000
vn 0.0000 1.0000 0.0000
vn 0.0000 1.0000 0.0000
vn 0.0000 1.0000 0.0000
vn 0.0000 1.0000 0.0000
vn 0.0000 1.0000 0.0000
vn 0.0000 1.0000 0.0000
vn 0.0000 1.0000 0.0000
vn 0.0000 1.0000 0.0000
vn 0.0000 1.0000 0.0000
vn 0.0000 1.0000 0.0000
vn 0.0000 1.0000 0.0000
vn 0.0000 1.0000 0.0000
vn 0.0000 1.0000 0.0000
vn 0.0000 1.0000 0.0000
vn 0.0000 1.0000 0.0000
vn 0.0000 1.0000 0.0000
vn 0.0000 1.0000 0.0000
vn 0.0000 1.0000 0.0000
vn 0.0000 1.0000 0.0000
vn 0.0000 1.0000 0.0000
vn 0.0000 1.0000 0.0000
vn 0.0000 1.0000 0.0000
vn 0.0000 1.0000 0.0000
vn 0.0000 1.0000 0.0000
vn 0.0000 1.0000 0.0000
vn 0.0000 1.0000 0.0000
vn 0.0000 1.0000 0.0000
vn 0.0000 1.0000 0.0000
vn 0.0000 1.0000 0.0000
vn 0.0000 1.0000 0.0000
vn 0.0000 1.0000 0.0000
vn 0.0000 1.0000 0.0000
vn 0.0000 1.0000 0.0000
vn 0.0000 1.0000 0.0000
vn 0.0000 1.0000 0.0000
vn 0.0000 1.0000 0.0000
vn 0.0000 1.0000 0.0000
vn 0.0000 1.0000 0.0000
vn 0.0000 1.0000 0.0000
vn 0.0000 1.0000 0.0000
vn 0.0000 1.0000 0.0000
vn 0.0000 1.0000 0.0000
vn 0.0000 1.0000 0.0000
vn 0.0000 1.0000 0.0000
vn 0.0000 1.0000 0.0000
vn 0.0000 1.0000 0.0000
vn 0.0000 1.0000 0.0000
vn 0.0000 1.0000 0.0000
vn 0.0000 1.0000 0.0000
vn 0.0000 1.0000 0.0000
vn 0.0000 1.0000 0.0000
vn 0.0000 1.0000 0.0000
vn 0.0000 1.0000 0.0000
vn 0.0000 1.0000 0.0000
vn 0.0000 1.0000 0.0000
vn 0.0000 1.0000 0.0000
vn 0.0000 1.0000 0.0000
vn 0.0000 1.0000 0.0000
vn 0.0000 1.0000 0.0000
vn 0.0000 1.0000 0.0000
vn 0.0000 1.0000 0.0000
vn 0.0000 1.0000 0.0000
vn 0.0000 1.0000 0.0000
vn 0.0000 1.0000 0.0000
vn 0.0000 1.0000 0.0000
vn 0.0000 1.0000 0.0000
vn 0.0000 1.0000 0.0000
vn 0.0000 1.0000 0.0000
vn 0.0000 1.0000 0.0000
vn 0.0000 1.0000 0.0000
vn 0.0000 1.0000 0.0000
vn 0.0000 1.0000 0.0000
vn 0.0000 1.0000 0.0000
vn 0.0000 1.0000 0.0000
vn 0.0000 1.0000 0.0000
vn 0.0000 1.0000 0.0000
vn 0.0000 1.0000 0.0000
vn 0.0000 1.0000 0.0000
vn 0.0000 1.0000 0.0000
vn 0.0000 1.0000 0.0000
vn 0.0000 1.0000 0.0000
vn 0.0000 1.0000 0.0000
vn 0.0000 1.0000 0.0000
vn 0.0000 1.0000 0.0000
vn 0.0000 1.0000 0.0000
vn 0.0000 1.0000 0.0000
vn 0.0000 1.0000 0.0000
vn 0.0000 1.0000 0.0000
vn 0.0000 1.0000 0.0000
vn 0.0000 1.0000 0.0000
vn 0.0000 1.0000 0.0000
vn 0.0000 1.0000 0.0000
vn 0.0000 1.0000 0.0000
vn 0.0000 1.0000 0.0000
vn 0.0000 1.0000 0.0000
vn 0.0000 1.0000 0.0000
vn 0.0000 1.0000 0.0000
vn 0.0000 1.0000 0.0000
vn 0.0000 1.0000 0.0000
vn 0.0000 1.0000 0.0000
vn 0.0000 1.0000 0.0000
vn 0.0000 1.0000 0.0000
vn 0.0000 1.0000 0.0000
vn 0.0000 1.0000 0.0000
vn 0.0000 1.0000 0.0000
vn 0.0000 1.0000 0.0000
vn 0.0000 1.0000 0.0000
vn 0.0000 1.0000 0.0000
vn 0.0000 1.0000 0.0000
vn 0.0000 1.0000 0.0000
vn 0.0000 1.0000 0.0000
vn 0.0000 1.0000 0.0000
vn 0.0000 1.0000 0.0000
vn 0.0000 1.0000 0.0000
vn 0.0000 1.0000 0.0000
vn 0.0000 1.0000 0.0000
vn 0.0000 1.0000 0.0000
vn 0.0000 1.0000 0.0000
vn 0.0000 1.0000 0.0000
vn 0.0000 1.0000 0.0000
vn 0.0000 1.0000 0.0000
vn 0.0000 1.0000 0.0000
vn 0.0000 1.0000 0.0000
vn 0.0000 1.0000 0.0000
vn 0.0000 1.0000 0.0000
vn 0.0000 1.0000 0.0000
vn 0.0000 1.0000 0.0000
vn 0.0000 1.0000 0.0000
vn 0.0000 1.0000 0.0000
vn 0.0000 1.0000 0.0000
vn 0.0000 1.0000 0.0000
vn 0.0000 1.0000 0.0000
vn 0.0000 1.0000 0.0000
vn 0.0000 1.0000 0.0000
vn 0.0000 1.0000 0.0000
vn 0.0000 1.0000 0.0000
vn 0.0000 1.0000 0.0000
vn 0.0000 1.0000 0.0000
vn 0.0000 1.0000 0.0000
vn 0.0000 1.0000 0.0000
vn 0.0000 1.0000 0.0000
vn 0.0000 1.0000 0.0000
vn 0.0000 1.0000 0.0000
vn 0.0000 1.0000 0.0000
vn 0.0000 1.0000 0.0000
vn 0.0000 1.0000 0.0000
vn 0.0000 1.0000 0.0000
vn 0.0000 1.0000 0.0000
vn 0.0000 1.0000 0.0000
vn 0.0000 1.0000 0.0000
vn 0.0000 1.0000 0.0000
vn 0.0000 1.0000 0.0000
vn 0.0000 1.0000 0.0000
vn 0.0000 1.0000 0.0000
vn 0.0000 1.0000 0.0000
vn 0.0000 1.0000 0.0000
vn 0.0000 1.0000 0.0000
vn 0.0000 1.0000 0.0000
vn 0.0000 1.0000 0.0000
vn 0.0000 1.0000 0.0000
vn 0.0000 1.0000 0.0000
vn 0.0000 1.0000 0.0000
vn 0.0000 1.0000 0.0000
vn 0.0000 1.0000 0.0000
vn 0.0000 1.0000 0.0000
vn 0.0000 1.0000 0.0000
vn 0.0000 1.0000 0.0000
vn 0.0000 1.0000 0.0000
vn 0.0000 1.0000 0.0000
vn 0.0000 1.0000 0.0000
vn 0.0000 1.0000 0.0000
vn 0.0000 1.0000 0.0000
vn 0.0000 1.0000 0.0000
vn 0.0000 1.0000 0.0000
vn 0.0000 1.0000 0.0000
vn 0.0000 1.0000 0.0000
vn 0.0000 1.0000 0.0000
vn 0.0000 1.0000 0.0000
vn 0.0000 1.0000 0.0000
vn 0.0000 1.0000 0.0000
vn 0.0000 1.0000 0.0000
vn 0.0000 1.0000 0.0000
vn 0.0000 1.0000 0.0000
vn 0.0000 1.0000 0.0000
vn 0.0000 1.0000 0.0000
vn 0.0000 1.0000 0.0000
vn 0.0000 1.0000 0.0000
vn 0.0000 1.0000 0.0000
vn 0.0000 1.0000 0.0000
vn 0.0000 1.0000 0.0000
vn 0.0000 1.0000 0.0000
vn 0.0000 1.0000 0.0000
vn 0.0000 1.0000 0.0000
vn 0.0000 1.0000 0.0000
vn 0.0000 1.0000 0.0000
vn 0.0000 1.0000 0.0000
vn 0.0000 1.0000 0.0000
vn 0.0000 1.0000 0.0000
vn 0.0000 1.0000 0.0000
vn 0.0000 1.0000 0.0000
vn 0.0000 1.0000 0.0000
vn 0.0000 1.0000 0.0000
vn 0.0000 1.0000 0.0000
vn 0.0000 1.0000 0.0000
vn 0.0000 1.0000 0.0000
vn 0.0000 1.0000 0.0000
vn 0.0000 1.0000 0.0000
vn 0.0000 1.0000 0.0000
vn 0.0000 1.0000 0.0000
vn 0.0000 1.0000 0.0000
vn 0.0000 1.0000 0.0000
vn 0.0000 1.0000 0.0000
vn 0.0000 1.0000 0.0000
vn 0.0000 1.0000 0.0000
vn 0.0000 1.0000 0.0000
vn 0.0000 1.0000 0.0000
vn 0.0000 1.0000 0.0000
vn 0.0000 1.0000 0.0000
vn 0.0000 1.0000 0.0000
vn 0.0000 1.0000 0.0000
vn 0.0000 1.0000 0.0000
vn 0.0000 1.0000 0.0000
vn 0.0000 1.0000 0.0000
vn 0.0000 1.0000 0.0000
vn 0.0000 1.0000 0.0000
vn 0.0000 1.0000 0.0000
vn 0.0000 1.0000 0.0000
vn 0.0000 1.0000 0.0000
vn 0.0000 1.0000 0.0000
vn 0.0000 1.0000 0.0000
vn 0.0000 1.0000 0.0000
vn 0.0000 1.0000 0.0000
vn 0.0000 1.0000 0.0000
vn 0.0000 1.0000 0.0000
vn 0.0000 1.0000 0.0000
vn 0.0000 1.0000 0.0000
vn 0.0000 1.0000 0.0000
vn 0.0000 1.0000 0.0000
vn 0.0000 1.0000 0.0000
vn 0.0000 1.0000 0.0000
vn 0.0000 1.0000 0.0000
vn 0.0000 1.0000 0.0000
vn 0.0000 1.0000 0.0000
vn 0.0000 1.0000 0.0000
vn 0.0000 1.0000 0.0000
vn 0.0000 1.0000 0.0000
vn 0.0000 1.0000 0.0000
vn 0.0000 1.0000 0.0000
vn 0.0000 1.0000 0.0000
vn 0.0000 1.0000 0.0000
vn 0.0000 1.0000 0.0000
vn 0.0000 1.0000 0.0000
vn 0.0000 1.0000 0.0000
vn 0.0000 1.0000 0.0000
vn 0.0000 1.0000 0.0000
vn 0.0000 1.0000 0.0000
vn 0.0000 1.0000 0.0000
vn 0.0000 1.0000 0.0000
vn 0.0000 1.0000 0.0000
vn 0.0000 1.0000 0.0000
vn 0.0000 1.0000 0.0000
vn 0.0000 1.0000 0.0000
vn 0.0000 1.0000 0.0000
vn 0.0000 1.0000 0.0000
vn 0.0000 1.0000 0.0000
vn 0.0000 1.0000 0.0000
vn 0.0000 1.0000 0.0000
vn 0.0000 1.0000 0.0000
vn 0.0000 1.0000 0.0000
vn 0.0000 1.0000 0.0000
vn 0.0000 1.0000 0.0000
vn 0.0000 1.0000 0.0000
vn 0.0000 1.0000 0.0000
vn 0.0000 1.0000 0.0000
vn 0.0000 1.0000 0.0000
vn 0.0000 1.0000 0.0000
vn 0.0000 1.0000 0.0000
vn 0.0000 1.0000 0.0000
vn 0.0000 1.0000 0.0000
vn 0.0000 1.0000 0.0000
vn 0.0000 1.0000 0.0000
vn 0.0000 1.0000 0.0000
vn 0.0000 1.0000 0.0000
vn 0.0000 1.0000 0.0000
vn 0.0000 1.0000 0.0000
vn 0.0000 1.0000 0.0000
vn 0.0000 1.0000 0.0000
vn 0.0000 1.0000 0.0000
vn 0.0000 1.0000 0.0000
vn 0.0000 1.0000 0.0000
vn 0.0000 1.0000 0.0000
vn 0.0000 1.0000 0.0000
vn 0.0000 1.0000 0.0000
vn 0.0000 1.0000 0.0000
vn 0.0000 1.0000 0.0000
vn 0.0000 1.0000 0.0000
vn 0.0000 1.0000 0.0000
vn 0.0000 1.0000 0.0000
vn 0.0000 1.0000 0.0000
vn 0.0000 1.0000 0.0000
vn 0.0000 1.0000 0.0000
vn 0.0000 1.0000 0.0000
vn 0.0000 1.0000 0.0000
vn 0.0000 1.0000 0.0000
vn 0.0000 1.0000 0.0000
vn 0.0000 1.0000 0.0000
vn 0.0000 1.0000 0.0000
vn 0.0000 1.0000 0.0000
vn 0.0000 1.0000 0.0000
vn 0.0000 1.0000 0.0000
vn 0.0000 1.0000 0.0000
vn 0.0000 1.0000 0.0000
vn 0.0000 1.0000 0.0000
vn 0.0000 1.0000 0.0000
vn 0.0000 1.0000 0.0000
vn 0.0000 1.0000 0.0000
vn 0.0000 1.0000 0.0000
vn 0.0000 1.0000 0.0000
vn 0.0000 1.0000 0.0000
vn 0.0000 1.0000 0.0000
vn 0.0000 1.0000 0.0000
vn 0.0000 1.0000 0.0000
vn 0.0000 1.0000 0.0000
vn 0.0000 1.0000 0.0000
vn 0.0000 1.0000 0.0000
vn 0.0000 1.0000 0.0000
vn 0.0000 1.0000 0.0000
vn 0.0000 1.0000 0.0000
vn 0.0000 1.0000 0.0000
vn 0.0000 1.0000 0.0000
vn 0.0000 1.0000 0.0000
vn 0.0000 1.0000 0.0000
vn 0.0000 1.0000 0.0000
vn 0.0000 1.0000 0.0000
vn 0.0000 1.0000 0.0000
vn 0.0000 1.0000 0.0000
vn 0.0000 1.0000 0.0000
vn 0.0000 1.0000 0.0000
vn 0.0000 1.0000 0.0000
vn 0.0000 1.0000 0.0000
vn 0.0000 1.0000 0.0000
vn 0.0000 1.0000 0.0000
vn 0.0000 1.0000 0.0000
vn 0.0000 1.0000 0.0000
vn 0.0000 1.0000 0.0000
vn 0.0000 1.0000 0.0000
vn 0.0000 1.0000 0.0000
vn 0.0000 1.0000 0.0000
vn 0.0000 1.0000 0.0000
vn 0.0000 1.0000 0.0000
vn 0.0000 1.0000 0.0000
vn 0.0000 1.0000 0.0000
vn 0.0000 1.0000 0.0000
vn 0.0000 1.0000 0.0000
vn 0.0000 1.0000 0.0000
vn 0.0000 1.0000 0.0000
vn 0.0000 1.0000 0.0000
vn 0.0000 1.0000 0.0000
vn 0.0000 1.0000 0.0000
vn 0.0000 1.0000 0.0000
vn 0.0000 1.0000 0.0000
vn 0.0000 1.0000 0.0000
vn 0.0000 1.0000 0.0000
vn 0.0000 1.0000 0.0000
vn 0.0000 1.0000 0.0000
vn 0.0000 1.0000 0.0000
vn 0.0000 1.0000 0.0000
vn 0.0000 1.0000 0.0000
vn 0.0000 1.0000 0.0000
vn 0.0000 1.0000 0.0000
vn 0.0000 1.0000 0.0000
vn 0.0000 1.0000 0.0000
vn 0.0000 1.0000 0.0000
vn 0.0000 1.0000 0.0000
vn 0.0000 1.0000 0.0000
vn 0.0000 1.0000 0.0000
vn 0.0000 1.0000 0.0000
vn 0.0000 1.0000 0.0000
vn 0.0000 1.0000 0.0000
vn 0.0000 1.0000 0.0000
vn 0.0000 1.0000 0.0000
vn 0.0000 1.0000 0.0000
vn 0.0000 1.0000 0.0000
vn 0.0000 1.0000 0.0000
vn 0.0000 1.0000 0.0000
vn 0.0000 1.0000 0.0000
vn 0.0000 1.0000 0.0000
vn 0.0000 1.0000 0.0000
vn 0.0000 1.0000 0.0000
vn 0.0000 1.0000 0.0000
vn 0.0000 1.0000 0.0000
vn 0.0000 1.0000 0.0000
vn 0.0000 1.0000 0.0000
vn 0.0000 1.0000 0.0000
vn 0.0000 1.0000 0.0000
vn 0.0000 1.0000 0.0000
vn 0.0000 1.0000 0.0000
vn 0.0000 1.0000 0.0000
vn 0.0000 1.0000 0.0000
vn 0.0000 1.0000 0.0000
vn 0.0000 1.0000 0.0000
vn 0.0000 1.0000 0.0000
vn 0.0000 1.0000 0.0000
vn 0.0000 1.0000 0.0000
vn 0.0000 1.0000 0.0000
vn 0.0000 1.0000 0.0000
vn 0.0000 1.0000 0.0000
vn 0.0000 1.0000 0.0000
vn 0.0000 1.0000 0.0000
vn 0.0000 1.0000 0.0000
vn 0.0000 1.0000 0.0000
vn 0.0000 1.0000 0.0000
vn 0.0000 1.0000 0.0000
vn 0.0000 1.0000 0.0000
vn 0.0000 1.0000 0.0000
vn 0.0000 1.0000 0.0000
vn 0.0000 1.0000 0.0000
vn 0.0000 1.0000 0.0000
vn 0.0000 1.0000 0.0000
vn 0.0000 1.0000 0.0000
vn 0.0000 1.0000 0.0000
vn 0.0000 1.0000 0.0000
vn 0.0000 1.0000 0.0000
vn 0.0000 1.0000 0.0000
vn 0.0000 1.0000 0.0000
vn 0.0000 1.0000 0.0000
vn 0.0000 1.0000 0.0000
vn 0.0000 1.0000 0.0000
vn 0.0000 1.0000 0.0000
vn 0.0000 1.0000 0.0000
vn 0.0000 1.0000 0.0000
vn 0.0000 1.0000 0.0000
vn 0.0000 1.0000 0.0000
vn 0.0000 1.0000 0.0000
vn 0.0000 1.0000 0.0000
vn 0.0000 1.0000 0.0000
vn 0.0000 1.0000 0.0000
vn 0.0000 1.0000 0.0000
vn 0.0000 1.0000 0.0000
vn 0.0000 1.0000 0.0000
vn 0.0000 1.0000 0.0000
vn 0.0000 1.0000 0.0000
vn 0.0000 1.0000 0.0000
vn 0.0000 1.0000 0.0000
vn 0.0000 1.0000 0.0000
vn 0.0000 1.0000 0.0000
vn 0.0000 1.0000 0.0000
vn 0.0000 1.0000 0.0000
vn 0.0000 1.0000 0.0000
vn 0.0000 1.0000 0.0000
vn 0.0000 1.0000 0.0000
vn 0.0000 1.0000 0.0000
vn 0.0000 1.0000 0.0000
vn 0.0000 1.0000 0.0000
vn 0.0000 1.0000 0.0000
vn 0.0000 1.0000 0.0000
vn 0.0000 1.0000 0.0000
vn 0.0000 1.0000 0.0000
vn 0.0000 1.0000 0.0000
vn 0.0000 1.0000 0.0000
vn 0.0000 1.0000 0.0000
vn 0.0000 1.0000 0.0000
vn 0.0000 1.0000 0.0000
vn 0.0000 1.0000 0.0000
vn 0.0000 1.0000 0.0000
vn 0.0000 1.0000 0.0000
vn 0.0000 1.0000 0.0000
vn 0.0000 1.0000 0.0000
vn 0.0000 1.0000 0.0000
vn 0.0000 1.0000 0.0000
vn 0.0000 1.0000 0.0000
vn 0.0000 1.0000 0.0000
vn 0.0000 1.0000 0.0000
vn 0.0000 1.0000 0.0000
vn 0.0000 1.0000 0.0000
vn 0.0000 1.0000 0.0000
vn 0.0000 1.0000 0.0000
vn 0.0000 1.0000 0.0000
vn 0.0000 1.0000 0.0000
vn 0.0000 1.0000 0.0000
vn 0.0000 1.0000 0.0000
vn 0.0000 1.0000 0.0000
vn 0.0000 1.0000 0.0000
vn 0.0000 1.0000 0.0000
vn 0.0000 1.0000 0.0000
vn 0.0000 1.0000 0.0000
vn 0.0000 1.0000 0.0000
vn 0.0000 1.0000 0.0000
vn 0.0000 1.0000 0.0000
vn 0.0000 1.0000 0.0000
vn 0.0000 1.0000 0.0000
vn 0.0000 1.0000 0.0000
vn 0.0000 1.0000 0.0000
vn 0.0000 1.0000 0.0000
vn 0.0000 1.0000 0.0000
vn 0.0000 1.0000 0.0000
vn 0.0000 1.0000 0.0000
vn 0.0000 1.0000 0.0000
vn 0.0000 1.0000 0.0000
vn 0.0000 1.0000 0.0000
vn 0.0000 1.0000 0.0000
vn 0.0000 1.0000 0.0000
vn 0.0000 1.0000 0.0000
vn 0.0000 1.0000 0.0000
vn 0.0000 1.0000 0.0000
vn 0.0000 1.0000 0.0000
vn 0.0000 1.0000 0.0000
vn 0.0000 1.0000 0.0000
vn 0.0000 1.0000 0.0000
vn 0.0000 1.0000 0.0000
vn 0.0000 1.0000 0.0000
vn 0.0000 1.0000 0.0000
vn 0.0000 1.0000 0.0000
vn 0.0000 1.0000 0.0000
vn 0.0000 1.0000 0.0000
vn 0.0000 1.0000 0.0000
vn 0.0000 1.0000 0.0000
vn 0.0000 1.0000 0.0000
vn 0.0000 1.0000 0.0000
vn 0.0000 1.0000 0.0000
vn 0.0000 1.0000 0.0000
vn 0.0000 1.0000 0.0000
vn 0.0000 1.0000 0.0000
vn 0.0000 1.0000 0.0000
vn 0.0000 1.0000 0.0000
vn 0.0000 1.0000 0.0000
vn 0.0000 1.0000 0.0000
f 1 2 3
f 4 5 6
f 7 8 9
f 10 11 12
f 13 14 15
f 16 17 18
f 19 20 21
f 22 23 24
f 25 26 27
f 28 29 30
f 31 32 33
f 34 35 36
f 37 38 39
f 40 41 42
f 43 44 45
f 46 47 48
f 49 50 51
f 52 53 54
f 55 56 57
f 58 59 60
f 61 62 63
f 64 65 66
f 67 68 69
f 70 71 72
f 73 74 75
f 76 77 78
f 79 80 81
f 82 83 84
f 85 86 87
f 88 89 90
f 91 92 93
f 94 95 96
f 97 98 99
f 100 101 102
f 103 104 105
f 106 107 108
f 109 110 111
f 112 113 114
f 115 116 117
f 118 119 120
f 121 122 123
f 124 125 126
f 127 128 129
f 130 131 132
f 133 134 135
f 136 137 138
f 139 140 141
f 142 143 144
f 145 146 147
f 148 149 150
f 151 152 153
f 154 155 156
f 157 158 159
f 160 161 162
f 163 164 165
f 166 167 168
f 169 170 171
f 172 173 174
f 175 176 177
f 178 179 180
f 181 182 183
f 184 185 186
f 187 188 189
f 190 191 192
f 193 194 195
f 196 197 198
f 199 200 201
f 202 203 204
f 205 206 207
f 208 209 210
f 211 212 213
f 214 215 216
f 217 218 219
f 220 221 222
f 223 224 225
f 226 227 228
f 229 230 231
f 232 233 234
f 235 236 237
f 238 239 240
f 241 242 243
f 244 245 246
f 247 248 249
f 250 251 252
f 253 254 255
f 256 257 258
f 259 260 261
f 262 263 264
f 265 266 267
f 268 269 270
f 271 272 273
f 274 275 276
f 277 278 279
f 280 281 282
f 283 284 285
f 286 287 288
f 289 290 291
f 292 293 294
f 295 296 297
f 298 299 300
f 301 302 303
f 304 305 306
f 307 308 309
f 310 311 312
f 313 314 315
f 316 317 318
f 319 320 321
f 322 323 324
f 325 326 327
f 328 329 330
f 331 332 333
f 334 335 336
f 337 338 339
f 340 341 342
f 343 344 345
f 346 347 348
f 349 350 351
f 352 353 354
f 355 356 357
f 358 359 360
f 361 362 363
f 364 365 366
f 367 368 369
f 370 371 372
f 373 374 375
f 376 377 378
f 379 380 381
f 382 383 384
f 385 386 387
f 388 389 390
f 391 392 393
f 394 395 396
f 397 398 399
f 400 401 402
f 403 404 405
f 406 407 408
f 409 410 411
f 412 413 414
f 415 416 417
f 418 419 420
f 421 422 423
f 424 425 426
f 427 428 429
f 430 431 432
f 433 434 435
f 436 437 438
f 439 440 441
f 442 443 444
f 445 446 447
f 448 449 450
f 451 452 453
f 454 455 456
f 457 458 459
f 460 461 462
f 463 464 465
f 466 467 468
f 469 470 471
f 472 473 474
f 475 476 477
f 478 479 480
f 481 482 483
f 484 485 486
f 487 488 489
f 490 491 492
f 493 494 495
f 496 497 498
f 499 500 501
f 502 503 504
f 505 506 507
f 508 509 510
f 511 512 513
f 514 515 516
f 517 518 519
f 520 521 522
f 523 524 525
f 526 527 528
f 529 530 531
f 532 533 534
f 535 536 537
f 538 539 540
f 541 542 543
f 544 545 546
f 547 548 549
f 550 551 552
f 553 554 555
f 556 557 558
f 559 560 561
f 562 563 564
f 565 566 567
f 568 569 570
f 571 572 573
f 574 575 576
f 577 578 579
f 580 581 582
f 583 584 585
f 586 587 588
f 589 590 591
f 592 593 594
f 595 596 597
f 598 599 600
f 601 602 603
f 604 605 606
f 607 608 609
f 610 611 612
f 613 614 615
f 616 617 618
f 619 620 621
f 622 623 624
f 625 626 627
f 628 629 630
f 631 632 633
f 634 635 636
f 637 638 639
f 640 641 642
f 643 644 645
f 646 647 648
f 649 650 651
f 652 653 654
f 655 656 657
f 658 659 660
f 661 662 663
f 664 665 666
f 667 668 669
f 670 671 672
f 673 674 675
f 676 677 678
f 679 680 681
f 682 683 684
f 685 686 687
f 688 689 690
f 691 692 693
f 694 695 696
f 697 698 699
f 700 701 702
f 703 704 705
f 706 707 708
f 709 710 711
f 712 713 714
f 715 716 717
f 718 719 720
f 721 722 723
f 724 725 726
f 727 728 729
f 730 731 732
f 733 734 735
f 736 737 738
f 739 740 741
f 742 743 744
f 745 746 747
f 748 749 750
f 751 752 753
f 754 755 756
f 757 758 759
f 760 761 762
f 763 764 765
f 766 767 768
f 769 770 771
f 772 773 774
f 775 776 777
f 778 779 780
f 781 782 783
f 784 785 786
f 787 788 789
f 790 791 792
f 793 794 795
f 796 797 798
f 799 800 801
f 802 803 804
f 805 806 807
f 808 809 810
f 811 812 813
f 814 815 816
f 817 818 819
f 820 821 822
f 823 824 825
f 826 827 828
f 829 830 831
f 832 833 834
f 835 836 837
f 838 839 840
f 841 842 843
f 844 845 846
f 847 848 849
f 850 851 852
f 853 854 855
f 856 857 858
f 859 860 861
f 862 863 864
f 865 866 867
f 868 869 870
f 871 872 873
f 874 875 876
f 877 878 879
f 880 881 882
f 883 884 885
f 886 887 888
f 889 890 891
f 892 893 894
f 895 896 897
f 898 899 900
f 901 902 903
f 904 905 906
f 907 908 909
f 910 911 912
f 913 914 915
f 916 917 918
f 919 920 921
f 922 923 924
f 925 926 927
f 928 929 930
f 931 932 933
f 934 935 936
f 937 938 939
f 940 941 942
f 943 944 945
f 946 947 948
f 949 950 951
f 952 953 954
f 955 956 957
f 958 959 960
f 961 962 963
f 964 965 966
f 967 968 969
f 970 971 972
f 973 974 975
f 976 977 978
f 979 980 981
f 982 983 984
f 985 986 987
f 988 989 990
f 991 992 993
f 994 995 996
f 997 998 999
f 1000 1001 1002
f 1003 1004 1005
f 1006 1007 1008
f 1009 1010 1011
f 1012 1013 1014
f 1015 1016 1017
f 1018 1019 1020
f 1021 1022 1023
f 1024 1025 1026
f 1027 1028 1029
f 1030 1031 1032
f 1033 1034 1035
f 1036 1037 1038
f 1039 1040 1041
f 1042 1043 1044
f 1045 1046 1047
f 1048 1049 1050
f 1051 1052 1053
f 1054 1055 1056
f 1057 1058 1059
f 1060 1061 1062
f 1063 1064 1065
f 1066 1067 1068
f 1069 1070 1071
f 1072 1073 1074
f 1075 1076 1077
f 1078 1079 1080
f 1081 1082 1083
f 1084 1085 1086
f 1087 1088 1089
f 1090 1091 1092
f 1093 1094 1095
f 1096 1097 1098
f 1099 1100 1101
f 1102 1103 1104
f 1105 1106 1107
f 1108 1109 1110
f 1111 1112 1113
f 1114 1115 1116
f 1117 1118 1119
f 1120 1121 1122
f 1123 1124 1125
f 1126 1127 1128
f 1129 1130 1131
f 1132 1133 1134
f 1135 1136 1137
f 1138 1139 1140
f 1141 1142 1143
f 1144 1145 1146
f 1147 1148 1149
f 1150 1151 1152
f 1153 1154 1155
f 1156 1157 1158
f 1159 1160 1161
f 1162 1163 1164
f 1165 1166 1167
f 1168 1169 1170
f 1171 1172 1173
f 1174 1175 1176
f 1177 1178 1179
f 1180 1181 1182
f 1183 1184 1185
f 1186 1187 1188
f 1189 1190 1191
f 1192 1193 1194
f 1195 1196 1197
f 1198 1199 1200
f 1201 1202 1203
f 1204 1205 1206
f 1207 1208 1209
f 1210 1211 1212
f 1213 1214 1215
f 1216 1217 1218
f 1219 1220 1221
f 1222 1223 1224
f 1225 1226 1227
f 1228 1229 1230
f 1231 1232 1233
f 1234 1235 1236
f 1237 1238 1239
f 1240 1241 1242
f 1243 1244 1245
f 1246 1247 1248
f 1249 1250 1251
f 1252 1253 1254
f 1255 1256 1257
f 1258 1259 1260
f 1261 1262 1263
f 1264 1265 1266
f 1267 1268 1269
f 1270 1271 1272
f 1273 1274 1275
f 1276 1277 1278
f 1279 1280 1281
f 1282 1283 1284
f 1285 1286 1287
f 1288 1289 1290
f 1291 1292 1293
f 1294 1295 1296
f 1297 1298 1299
f 1300 1301 1302
f 1303 1304 1305
f 1306 1307 1308
f 1309 1310 1311
f 1312 1313 1314
f 1315 1316 1317
f 1318 1319 1320
f 1321 1322 1323
f 1324 1325 1326
f 1327 1328 1329
f 1330 1331 1332
f 1333 1334 1335
f 1336 1337 1338
f 1339 1340 1341
f 1342 1343 1344
f 1345 1346 1347
f 1348 1349 1350
f 1351 1352 1353
f 1354 1355 1356
f 1357 1358 1359
f 1360 1361 1362
f 1363 1364 1365
f 1366 1367 1368
f 1369 1370 1371
f 1372 1373 1374
f 1375 1376 1377
f 1378 1379 1380
f 1381 1382 1383
f 1384 1385 1386
f 1387 1388 1389
f 1390 1391 1392
f 1393 1394 1395
f 1396 1397 1398
f 1399 1400 1401
f 1402 1403 1404
f 1405 1406 1407
f 1408 1409 1410
f 1411 1412 1413
f 1414 1415 1416
f 1417 1418 1419
f 1420 1421 1422
f 1423 1424 1425
f 1426 1427 1428
f 1429 1430 1431
f 1432 1433 1434
f 1435 1436 1437
f 1438 1439 1440
f 1441 1442 1443
f 1444 1445 1446
f 1447 1448 1449
f 1450 1451 1452
f 1453 1454 1455
f 1456 1457 1458
f 1459 1460 1461
f 1462 1463 1464
f 1465 1466 1467
f 1468 1469 1470
f 1471 1472 1473
f 1474 1475 1476
f 1477 1478 1479
f 1480 1481 1482
f 1483 1484 1485
f 1486 1487 1488
f 1489 1490 1491
f 1492 1493 1494
f 1495 1496 1497
f 1498 1499 1500
f 1501 1502 1503
f 1504 1505 1506
f 1507 1508 1509
f 1510 1511 1512
f 1513 1514 1515
f 1516 1517 1518
f 1519 1520 1521
f 1522 1523 1524
f 1525 1526 1527
f 1528 1529 1530
f 1531 1532 1533
f 1534 1535 1536
f 1537 1538 1539
f 1540 1541 1542
f 1543 1544 1545
f 1546 1547 1548
f 1549 1550 1551
f 1552 1553 1554
f 1555 1556 1557
f 1558 1559 1560
f 1561 1562 1563
f 1564 1565 1566
f 1567 1568 1569
f 1570 1571 1572
f 1573 1574 1575
f 1576 1577 1578
f 1579 1580 1581
f 1582 1583 1584
f 1585 1586 1587
f 1588 1589 1590
f 1591 1592 1593
f 1594 1595 1596
f 1597 1598 1599
f 1600 1601 1602
f 1603 1604 1605
f 1606 1607 1608
f 1609 1610 1611
f 1612 1613 1614
f 1615 1616 1617
f 1618 1619 1620
f 1621 1622 1623
f 1624 1625 1626
f 1627 1628 1629
f 1630 1631 1632
f 1633 1634 1635
f 1636 1637 1638
f 1639 1640 1641
f 1642 1643 1644
f 1645 1646 1647
f 1648 1649 1650
f 1651 1652 1653
f 1654 1655 1656
f 1657 1658 1659
f 1660 1661 1662
f 1663 1664 1665
f 1666 1667 1668
f 1669 1670 1671
f 1672 1673 1674
f 1675 1676 1677
f 1678 1679 1680
f 1681 1682 1683
f 1684 1685 1686
f 1687 1688 1689
f 1690 1691 1692
f 1693 1694 1695
f 1696 1697 1698
f 1699 1700 1701
f 1702 1703 1704
f 1705 1706 1707
f 1708 1709 1710
f 1711 1712 1713
f 1714 1715 1716
f 1717 1718 1719
f 1720 1721 1722
f 1723 1724 1725
f 1726 1727 1728
f 1729 1730 1731
f 1732 1733 1734
f 1735 1736 1737
f 1738 1739 1740
f 1741 1742 1743
f 1744 1745 1746
f 1747 1748 1749
f 1750 1751 1752
f 1753 1754 1755
f 1756 1757 1758
f 1759 1760 1761
f 1762 1763 1764
f 1765 1766 1767
f 1768 1769 1770
f 1771 1772 1773
f 1774 1775 1776
f 1777 1778 1779
f 1780 1781 1782
f 1783 1784 1785
f 1786 1787 1788
f 1789 1790 1791
f 1792 1793 1794
f 1795 1796 1797
f 1798 1799 1800
f 1801 1802 1803
f 1804 1805 1806
f 1807 1808 1809
f 1810 1811 1812
f 1813 1814 1815
f 1816 1817 1818
f 1819 1820 1821
f 1822 1823 1824
f 1825 1826 1827
f 1828 1829 1830
f 1831 1832 1833
f 1834 1835 1836
f 1837 1838 1839
f 1840 1841 1842
f 1843 1844 1845
f 1846 1847 1848
f 1849 1850 1851
f 1852 1853 1854
f 1855 1856 1857
f 1858 1859 1860
f 1861 1862 1863
f 1864 1865 1866
f 1867 1868 1869
f 1870 1871 1872
f 1873 1874 1875
f 1876 1877 1878
f 1879 1880 1881
f 1882 1883 1884
f 1885 1886 1887
f 1888 1889 1890
f 1891 1892 1893
f 1894 1895 1896
f 1897 1898 1899
f 1900 1901 1902
f 1903 1904 1905
f 1906 1907 1908
f 1909 1910 1911
f 1912 1913 1914
f 1915 1916 1917
f 1918 1919 1920
f 1921 1922 1923
f 1924 1925 1926
f 1927 1928 1929
f 1930 1931 1932
f 1933 1934 1935
f 1936 1937 1938
f 1939 1940 1941
f 1942 1943 1944
f 1945 1946 1947
f 1948 1949 1950
f 1951 1952 1953
f 1954 1955 1956
f 1957 1958 1959
f 1960 1961 1962
f 1963 1964 1965
f 1966 1967 1968
f 1969 1970 1971
f 1972 1973 1974
f 1975 1976 1977
f 1978 1979 1980
f 1981 1982 1983
f 1984 1985 1986
f 1987 1988 1989
f 1990 1991 1992
f 1993 1994 1995
f 1996 1997 1998
f 1999 2000 2001
f 2002 2003 2004
f 2005 2006 2007
f 2008 2009 2010
f 2011 2012 2013
f 2014 2015 2016
f 2017 2018 2019
f 2020 2021 2022
f 2023 2024 2025
f 2026 2027 2028
f 2029 2030 2031
f 2032 2033 2034
f 2035 2036 2037
f 2038 2039 2040
f 2041 2042 2043
f 2044 2045 2046
f 2047 2048 2049
f 2050 2051 2052
f 2053 2054 2055
f 2056 2057 2058
f 2059 2060 2061
f 2062 2063 2064
f 2065 2066 2067
f 2068 2069 2070
f 2071 2072 2073
f 2074 2075 2076
f 2077 2078 2079
f 2080 2081 2082
f 2083 2084 2085
f 2086 2087 2088
f 2089 2090 2091
f 2092 2093 2094
f 2095 2096 2097
f 2098 2099 2100
f 2101 2102 2103
f 2104 2105 2106
f 2107 2108 2109
f 2110 2111 2112
f 2113 2114 2115
f 2116 2117 2118
f 2119 2120 2121
f 2122 2123 2124
f 2125 2126 2127
f 2128 2129 2130
f 2131 2132 2133
f 2134 2135 2136
f 2137 2138 2139
f 2140 2141 2142
f 2143 2144 2145
f 2146 2147 2148
f 2149 2150 2151
f 2152 2153 2154
f 2155 2156 2157
f 2158 2159 2160
f 2161 2162 2163
f 2164 2165 2166
f 2167 2168 2169
f 2170 2171 2172
f 2173 2174 2175
f 2176 2177 2178
f 2179 2180 2181
f 2182 2183 2184
f 2185 2186 2187
f 2188 2189 2190
f 2191 2192 2193
f 2194 2195 2196
f 2197 2198 2199
f 2200 2201 2202
f 2203 2204 2205
f 2206 2207 2208
f 2209 2210 2211
f 2212 2213 2214
f 2215 2216 2217
f 2218 2219 2220
f 2221 2222 2223
f 2224 2225 2226
f 2227 2228 2229
f 2230 2231 2232
f 2233 2234 2235
f 2236 2237 2238
f 2239 2240 2241
f 2242 2243 2244
f 2245 2246 2247
f 2248 2249 2250
f 2251 2252 2253
f 2254 2255 2256
f 2257 2258 2259
f 2260 2261 2262
f 2263 2264 2265
f 2266 2267 2268
f 2269 2270 2271
f 2272 2273 2274
f 2275 2276 2277
f 2278 2279 2280
f 2281 2282 2283
f 2284 2285 2286
f 2287 2288 2289
f 2290 2291 2292
f 2293 2294 2295
f 2296 2297 2298
f 2299 2300 2301
f 2302 2303 2304
f 2305 2306 2307
f 2308 2309 2310
f 2311 2312 2313
f 2314 2315 2316
f 2317 2318 2319
f 2320 2321 2322
f 2323 2324 2325
f 2326 2327 2328
f 2329 2330 2331
f 2332 2333 2334
f 2335 2336 2337
f 2338 2339 2340
f 2341 2342 2343
f 2344 2345 2346
f 2347 2348 2349
f 2350 2351 2352
f 2353 2354 2355
f 2356 2357 2358
f 2359 2360 2361
f 2362 2363 2364
f 2365 2366 2367
f 2368 2369 2370
f 2371 2372 2373
f 2374 2375 2376
f 2377 2378 2379
f 2380 2381 2382
f 2383 2384 2385
f 2386 2387 2388
f 2389 2390 2391
f 2392 2393 2394
f 2395 2396 2397
f 2398 2399 2400
f 2401 2402 2403
f 2404 2405 2406
f 2407 2408 2409
f 2410 2411 2412
f 2413 2414 2415
f 2416 2417 2418
f 2419 2420 2421
f 2422 2423 2424
f 2425 2426 2427
f 2428 2429 2430
f 2431 2432 2433
f 2434 2435 2436
f 2437 2438 2439
f 2440 2441 2442
f 2443 2444 2445
f 2446 2447 2448
f 2449 2450 2451
f 2452 2453 2454
f 2455 2456 2457
f 2458 2459 2460
f 2461 2462 2463
f 2464 2465 2466
f 2467 2468 2469
f 2470 2471 2472
f 2473 2474 2475
f 2476 2477 2478
f 2479 2480 2481
f 2482 2483 2484
f 2485 2486 2487
f 2488 2489 2490
f 2491 2492 2493
f 2494 2495 2496
f 2497 2498 2499
f 2500 2501 2502
f 2503 2504 2505
f 2506 2507 2508
f 2509 2510 2511
f 2512 2513 2514
f 2515 2516 2517
f 2518 2519 2520
f 2521 2522 2523
f 2524 2525 2526
f 2527 2528 2529
f 2530 2531 2532
f 2533 2534 2535
f 2536 2537 2538
f 2539 2540 2541
f 2542 2543 2544
f 2545 2546 2547
f 2548 2549 2550
f 2551 2552 2553
f 2554 2555 2556
f 2557 2558 2559
f 2560 2561 2562
f 2563 2564 2565
f 2566 2567 2568
f 2569 2570 2571
f 2572 2573 2574
f 2575 2576 2577
f 2578 2579 2580
f 2581 2582 2583
f 2584 2585 2586
f 2587 2588 2589
f 2590 2591 2592
f 2593 2594 2595
f 2596 2597 2598
f 2599 2600 2601
f 2602 2603 2604
f 2605 2606 2607
f 2608 2609 2610
f 2611 2612 2613
f 2614 2615 2616
f 2617 2618 2619
f 2620 2621 2622
f 2623 2624 2625
f 2626 2627 2628
f 2629 2630 2631
f 2632 2633 2634
f 2635 2636 2637
f 2638 2639 2640
f 2641 2642 2643
f 2644 2645 2646
f 2647 2648 2649
f 2650 2651 2652
f 2653 2654 2655
f 2656 2657 2658
f 2659 2660 2661
f 2662 2663 2664
f 2665 2666 2667
f 2668 2669 2670
f 2671 2672 2673
f 2674 2675 2676
f 2677 2678 2679
f 2680 2681 2682
f 2683 2684 2685
f 2686 2687 2688
f 2689 2690 2691
f 2692 2693 2694
f 2695 2696 2697
f 2698 2699 2700
f 2701 2702 2703
f 2704 2705 2706
f 2707 2708 2709
f 2710 2711 2712
f 2713 2714 2715
f 2716 2717 2718
f 2719 2720 2721
f 2722 2723 2724
f 2725 2726 2727
f 2728 2729 2730
f 2731 2732 2733
f 2734 2735 2736
f 2737 2738 2739
f 2740 2741 2742
f 2743 2744 2745
f 2746 2747 2748
f 2749 2750 2751
f 2752 2753 2754
f 2755 2756 2757
f 2758 2759 2760
f 2761 2762 2763
f 2764 2765 2766
f 2767 2768 2769
f 2770 2771 2772
f 2773 2774 2775
f 2776 2777 2778
f 2779 2780 2781
f 2782 2783 2784
f 2785 2786 2787
f 2788 2789 2790
f 2791 2792 2793
f 2794 2795 2796
f 2797 2798 2799
f 2800 2801 2802
f 2803 2804 2805
f 2806 2807 2808
f 2809 2810 2811
f 2812 2813 2814
f 2815 2816 2817
f 2818 2819 2820
f 2821 2822 2823
f 2824 2825 2826
f 2827 2828 2829
f 2830 2831 2832
f 2833 2834 2835
f 2836 2837 2838
f 2839 2840 2841
f 2842 2843 2844
f 2845 2846 2847
f 2848 2849 2850
f 2851 2852 2853
f 2854 2855 2856
f 2857 2858 2859
f 2860 2861 2862
f 2863 2864 2865
f 2866 2867 2868
f 2869 2870 2871
f 2872 2873 2874
f 2875 2876 2877
f 2878 2879 2880
f 2881 2882 2883
f 2884 2885 2886
f 2887 2888 2889
f 2890 2891 2892
f 2893 2894 2895
f 2896 2897 2898
f 2899 2900 2901
f 2902 2903 2904
f 2905 2906 2907
f 2908 2909 2910
f 2911 2912 2913
f 2914 2915 2916
f 2917 2918 2919
f 2920 2921 2922
f 2923 2924 2925
f 2926 2927 2928
f 2929 2930 2931
f 2932 2933 2934
f 2935 2936 2937
f 2938 2939 2940
f 2941 2942 2943
f 2944 2945 2946
f 2947 2948 2949
f 2950 2951 2952
f 2953 2954 2955
f 2956 2957 2958
f 2959 2960 2961
f 2962 2963 2964
f 2965 2966 2967
f 2968 2969 2970
f 2971 2972 2973
f 2974 2975 2976
f 2977 2978 2979
f 2980 2981 2982
f 2983 2984 2985
f 2986 2987 2988
f 2989 2990 2991
f 2992 2993 2994
f 2995 2996 2997
f 2998 2999 3000
f 3001 3002 3003
f 3004 3005 3006
f 3007 3008 3009
f 3010 3011 3012
f 3013 3014 3015
f 3016 3017 3018
f 3019 3020 3021
f 3022 3023 3024
f 3025 3026 3027
f 3028 3029 3030
f 3031 3032 3033
f 3034 3035 3036
f 3037 3038 3039
f 3040 3041 3042
f 3043 3044 3045
f 3046 3047 3048
f 3049 3050 3051
f 3052 3053 3054
f 3055 3056 3057
f 3058 3059 3060
f 3061 3062 3063
f 3064 3065 3066
f 3067 3068 3069
f 3070 3071 3072
f 3073 3074 3075
f 3076 3077 3078
f 3079 3080 3081
f 3082 3083 3084
f 3085 3086 3087
f 3088 3089 3090
f 3091 3092 3093
f 3094 3095 3096
f 3097 3098 3099
f 3100 3101 3102
f 3103 3104 3105
f 3106 3107 3108
f 3109 3110 3111
f 3112 3113 3114
f 3115 3116 3117
f 3118 3119 3120
f 3121 3122 3123
f 3124 3125 3126
f 3127 3128 3129
f 3130 3131 3132
f 3133 3134 3135
f 3136 3137 3138
f 3139 3140 3141
f 3142 3143 3144
f 3145 3146 3147
f 3148 3149 3150
f 3151 3152 3153
f 3154 3155 3156
f 3157 3158 3159
f 3160 3161 3162
f 3163 3164 3165
f 3166 3167 3168
f 3169 3170 3171
f 3172 3173 3174
f 3175 3176 3177
f 3178 3179 3180
f 3181 3182 3183
f 3184 3185 3186
f 3187 3188 3189
f 3190 3191 3192
f 3193 3194 3195
f 3196 3197 3198
f 3199 3200 3201
f 3202 3203 3204
f 3205 3206 3207
f 3208 3209 3210
f 3211 3212 3213
f 3214 3215 3216
f 3217 3218 3219
f 3220 3221 3222
f 3223 3224 3225
f 3226 3227 3228
f 3229 3230 3231
f 3232 3233 3234
f 3235 3236 3237
f 3238 3239 3240
f 3241 3242 3243
f 3244 3245 3246
f 3247 3248 3249
f 3250 3251 3252
f 3253 3254 3255
f 3256 3257 3258
f 3259 3260 3261
f 3262 3263 3264
f 3265 3266 3267
f 3268 3269 3270
f 3271 3272 3273
f 3274 3275 3276
f 3277 3278 3279
f 3280 3281 3282
f 3283 3284 3285
f 3286 3287 3288
f 3289 3290 3291
f 3292 3293 3294
f 3295 3296 3297
f 3298 3299 3300
f 3301 3302 3303
f 3304 3305 3306
f 3307 3308 3309
f 3310 3311 3312
f 3313 3314 3315
f 3316 3317 3318
f 3319 3320 3321
f 3322 3323 3324
f 3325 3326 3327
f 3328 3329 3330
f 3331 3332 3333
f 3334 3335 3336
f 3337 3338 3339
f 3340 3341 3342
f 3343 3344 3345
f 3346 3347 3348
f 3349 3350 3351
f 3352 3353 3354
f 3355 3356 3357
f 3358 3359 3360
f 3361 3362 3363
f 3364 3365 3366
f 3367 3368 3369
f 3370 3371 3372
f 3373 3374 3375
f 3376 3377 3378
f 3379 3380 3381
f 3382 3383 3384
f 3385 3386 3387
f 3388 3389 3390
f 3391 3392 3393
f 3394 3395 3396
f 3397 3398 3399
f 3400 3401 3402
f 3403 3404 3405
f 3406 3407 3408
f 3409 3410 3411
f 3412 3413 3414
f 3415 3416 3417
f 3418 3419 3420
f 3421 3422 3423
f 3424 3425 3426
f 3427 3428 3429
f 3430 3431 3432
f 3433 3434 3435
f 3436 3437 3438
f 3439 3440 3441
f 3442 3443 3444
f 3445 3446 3447
f 3448 3449 3450
f 3451 3452 3453
f 3454 3455 3456
f 3457 3458 3459
f 3460 3461 3462
f 3463 3464 3465
f 3466 3467 3468
f 3469 3470 3471
f 3472 3473 3474
f 3475 3476 3477
f 3478 3479 3480
f 3481 3482 3483
f 3484 3485 3486
f 3487 3488 3489
f 3490 3491 3492
f 3493 3494 3495
f 3496 3497 3498
f 3499 3500 3501
f 3502 3503 3504
f 3505 3506 3507
f 3508 3509 3510
f 3511 3512 3513
f 3514 3515 3516
f 3517 3518 3519
f 3520 3521 3522
f 3523 3524 3525
f 3526 3527 3528
f 3529 3530 3531
f 3532 3533 3534
f 3535 3536 3537
f 3538 3539 3540
f 3541 3542 3543
f 3544 3545 3546
f 3547 3548 3549
f 3550 3551 3552
f 3553 3554 3555
f 3556 3557 3558
f 3559 3560 3561
f 3562 3563 3564
f 3565 3566 3567
f 3568 3569 3570
f 3571 3572 3573
f 3574 3575 3576
f 3577 3578 3579
f 3580 3581 3582
f 3583 3584 3585
f 3586 3587 3588
f 3589 3590 3591
f 3592 3593 3594
f 3595 3596 3597
f 3598 3599 3600
f 3601 3602 3603
f 3604 3605 3606
f 3607 3608 3609
f 3610 3611 3612
f 3613 3614 3615
f 3616 3617 3618
f 3619 3620 3621
f 3622 3623 3624
f 3625 3626 3627
f 3628 3629 3630
f 3631 3632 3633
f 3634 3635 3636
f 3637 3638 3639
f 3640 3641 3642
f 3643 3644 3645
f 3646 3647 3648
f 3649 3650 3651
f 3652 3653 3654
f 3655 3656 3657
f 3658 3659 3660
f 3661 3662 3663
f 3664 3665 3666
f 3667 3668 3669
f 3670 3671 3672
f 3673 3674 3675
f 3676 3677 3678
f 3679 3680 3681
f 3682 3683 3684
f 3685 3686 3687
f 3688 3689 3690
f 3691 3692 3693
f 3694 3695 3696
f 3697 3698 3699
f 3700 3701 3702
f 3703 3704 3705
f 3706 3707 3708
f 3709 3710 3711
f 3712 3713 3714
f 3715 3716 3717
f 3718 3719 3720
f 3721 3722 3723
f 3724 3725 3726
f 3727 3728 3729
f 3730 3731 3732
f 3733 3734 3735
f 3736 3737 3738
f 3739 3740 3741
f 3742 3743 3744
f 3745 3746 3747
f 3748 3749 3750
f 3751 3752 3753
f 3754 3755 3756
f 3757 3758 3759
f 3760 3761 3762
f 3763 3764 3765
f 3766 3767 3768
f 3769 3770 3771
f 3772 3773 3774
f 3775 3776 3777
f 3778 3779 3780
f 3781 3782 3783
f 3784 3785 3786
f 3787 3788 3789
f 3790 3791 3792
f 3793 3794 3795
f 3796 3797 3798
f 3799 3800 3801
f 3802 3803 3804
f 3805 3806 3807
f 3808 3809 3810
f 3811 3812 3813
f 3814 3815 3816
f 3817 3818 3819
f 3820 3821 3822
f 3823 3824 3825
f 3826 3827 3828
f 3829 3830 3831
f 3832 3833 3834
f 3835 3836 3837
f 3838 3839 3840
f 3841 3842 3843
f 3844 3845 3846
f 3847 3848 3849
f 3850 3851 3852
f 3853 3854 3855
f 3856 3857 3858
f 3859 3860 3861
f 3862 3863 3864
f 3865 3866 3867
f 3868 3869 3870
f 3871 3872 3873
f 3874 3875 3876
f 3877 3878 3879
f 3880 3881 3882
f 3883 3884 3885
f 3886 3887 3888
f 3889 3890 3891
f 3892 3893 3894
f 3895 3896 3897
f 3898 3899 3900
f 3901 3902 3903
f 3904 3905 3906
f 3907 3908 3909
f 3910 3911 3912
f 3913 3914 3915
f 3916 3917 3918
f 3919 3920 3921
f 3922 3923 3924
f 3925 3926 3927
f 3928 3929 3930
f 3931 3932 3933
f 3934 3935 3936
f 3937 3938 3939
f 3940 3941 3942
f 3943 3944 3945
f 3946 3947 3948
f 3949 3950 3951
f 3952 3953 3954
f 3955 3956 3957
f 3958 3959 3960
f 3961 3962 3963
f 3964 3965 3966
f 3967 3968 3969
f 3970 3971 3972
f 3973 3974 3975
f 3976 3977 3978
f 3979 3980 3981
f 3982 3983 3984
f 3985 3986 3987
f 3988 3989 3990
f 3991 3992 3993
f 3994 3995 3996
f 3997 3998 3999
f 4000 4001 4002
f 4003 4004 4005
f 4006 4007 4008
f 4009 4010 4011
f 4012 4013 4014
f 4015 4016 4017
f 4018 4019 4020
f 4021 4022 4023
f 4024 4025 4026
f 4027 4028 4029
f 4030 4031 4032
f 4033 4034 4035
f 4036 4037 4038
f 4039 4040 4041
f 4042 4043 4044
f 4045 4046 4047
f 4048 4049 4050
f 4051 4052 4053
f 4054 4055 4056
f 4057 4058 4059
f 4060 4061 4062
f 4063 4064 4065
f 4066 4067 4068
f 4069 4070 4071
f 4072 4073 4074
f 4075 4076 4077
f 4078 4079 4080
f 4081 4082 4083
f 4084 4085 4086
f 4087 4088 4089
f 4090 4091 4092
f 4093 4094 4095
f 4096 4097 4098
f 4099 4100 4101
f 4102 4103 4104
f 4105 4106 4107
f 4108 4109 4110
f 4111 4112 4113
f 4114 4115 4116
f 4117 4118 4119
f 4120 4121 4122
f 4123 4124 4125
f 4126 4127 4128
f 4129 4130 4131
f 4132 4133 4134
f 4135 4136 4137
f 4138 4139 4140
f 4141 4142 4143
f 4144 4145 4146
f 4147 4148 4149
f 4150 4151 4152
f 4153 4154 4155
f 4156 4157 4158
f 4159 4160 4161
f 4162 4163 4164
f 4165 4166 4167
f 4168 4169 4170
f 4171 4172 4173
f 4174 4175 4176
f 4177 4178 4179
f 4180 4181 4182
f 4183 4184 4185
f 4186 4187 4188
f 4189 4190 4191
f 4192 4193 4194
f 4195 4196 4197
f 4198 4199 4200
f 4201 4202 4203
f 4204 4205 4206
f 4207 4208 4209
f 4210 4211 4212
f 4213 4214 4215
f 4216 4217 4218
f 4219 4220 4221
f 4222 4223 4224
f 4225 4226 4227
f 4228 4229 4230
f 4231 4232 4233
f 4234 4235 4236
f 4237 4238 4239
f 4240 4241 4242
f 4243 4244 4245
f 4246 4247 4248
f 4249 4250 4251
f 4252 4253 4254
f 4255 4256 4257
f 4258 4259 4260
f 4261 4262 4263
f 4264 4265 4266
f 4267 4268 4269
f 4270 4271 4272
f 4273 4274 4275
f 4276 4277 4278
f 4279 4280 4281
f 4282 4283 4284
f 4285 4286 4287
f 4288 4289 4290
f 4291 4292 4293
f 4294 4295 4296
f 4297 4298 4299
f 4300 4301 4302
f 4303 4304 4305
f 4306 4307 4308
f 4309 4310 4311
f 4312 4313 4314
f 4315 4316 4317
f 4318 4319 4320
f 4321 4322 4323
f 4324 4325 4326
f 4327 4328 4329
f 4330 4331 4332
f 4333 4334 4335
f 4336 4337 4338
f 4339 4340 4341
f 4342 4343 4344
f 4345 4346 4347
f 4348 4349 4350
f 4351 4352 4353
f 4354 4355 4356
f 4357 4358 4359
f 4360 4361 4362
f 4363 4364 4365
f 4366 4367 4368
f 4369 4370 4371
f 4372 4373 4374
f 4375 4376 4377
f 4378 4379 4380
f 4381 4382 4383
f 4384 4385 4386
f 4387 4388 4389
f 4390 4391 4392
f 4393 4394 4395
f 4396 4397 4398
f 4399 4400 4401
f 4402 4403 4404
f 4405 4406 4407
f 4408 4409 4410
f 4411 4412 4413
f 4414 4415 4416
f 4417 4418 4419
f 4420 4421 4422
f 4423 4424 4425
f 4426 4427 4428
f 4429 4430 4431
f 4432 4433 4434
f 4435 4436 4437
f 4438 4439 4440
f 4441 4442 4443
f 4444 4445 4446
f 4447 4448 4449
f 4450 4451 4452
f 4453 4454 4455
f 4456 4457 4458
f 4459 4460 4461
f 4462 4463 4464
f 4465 4466 4467
f 4468 4469 4470
f 4471 4472 4473
f 4474 4475 4476
f 4477 4478 4479
f 4480 4481 4482
f 4483 4484 4485
f 4486 4487 4488
f 4489 4490 4491
f 4492 4493 4494
f 4495 4496 4497
f 4498 4499 4500
f 4501 4502 4503
f 4504 4505 4506
f 4507 4508 4509
f 4510 4511 4512
f 4513 4514 4515
f 4516 4517 4518
f 4519 4520 4521
f 4522 4523 4524
f 4525 4526 4527
f 4528 4529 4530
f 4531 4532 4533
f 4534 4535 4536
f 4537 4538 4539
f 4540 4541 4542
f 4543 4544 4545
f 4546 4547 4548
f 4549 4550 4551
f 4552 4553 4554
f 4555 4556 4557
f 4558 4559 4560
f 4561 4562 4563
f 4564 4565 4566
f 4567 4568 4569
f 4570 4571 4572
f 4573 4574 4575
f 4576 4577 4578
f 4579 4580 4581
f 4582 4583 4584
f 4585 4586 4587
f 4588 4589 4590
f 4591 4592 4593
f 4594 4595 4596
f 4597 4598 4599
f 4600 4601 4602
f 4603 4604 4605
f 4606 4607 4608
f 4609 4610 4611
f 4612 4613 4614
f 4615 4616 4617
f 4618 4619 4620
f 4621 4622 4623
f 4624 4625 4626
f 4627 4628 4629
f 4630 4631 4632
f 4633 4634 4635
f 4636 4637 4638
f 4639 4640 4641
f 4642 4643 4644
f 4645 4646 4647
f 4648 4649 4650
f 4651 4652 4653
f 4654 4655 4656
f 4657 4658 4659
f 4660 4661 4662
f 4663 4664 4665
f 4666 4667 4668
f 4669 4670 4671
f 4672 4673 4674
f 4675 4676 4677
f 4678 4679 4680
f 4681 4682 4683
f 4684 4685 4686
f 4687 4688 4689
f 4690 4691 4692
f 4693 4694 4695
f 4696 4697 4698
f 4699 4700 4701
f 4702 4703 4704
f 4705 4706 4707
f 4708 4709 4710
f 4711 4712 4713
f 4714 4715 4716
f 4717 4718 4719
f 4720 4721 4722
