# PSO Extracted Authentic Geometry
v 0.2000 0.0000 0.0000
v 0.0000 0.0000 0.2000
v 0.0000 0.2000 0.0000
v 0.2000 0.0000 0.0000
v 0.0000 0.0000 0.2000
v 0.0000 0.2000 0.0000
v 0.2000 0.0000 0.0000
v 0.0000 0.0000 0.2000
v 0.0000 0.2000 0.0000
v 0.2000 0.0000 0.0000
v 0.0000 0.0000 0.2000
v 0.0000 0.2000 0.0000
v 0.2000 0.0000 0.0000
v 0.0000 0.0000 0.2000
v 0.0000 0.2000 0.0000
v 0.2000 0.0000 0.0000
v 0.0000 0.0000 0.2000
v 0.0000 0.2000 0.0000
v 0.2000 0.0000 0.0000
v 0.0000 0.0000 0.2000
v 0.0000 0.2000 0.0000
v 0.2000 0.0000 0.0000
v 0.0000 0.0000 0.2000
v 0.0000 0.2000 0.0000
v 0.2000 0.0000 0.0000
v 0.0000 0.0000 0.2000
v 0.0000 0.2000 0.0000
v 0.2000 0.0000 0.0000
v 0.0000 0.0000 0.2000
v 0.0000 0.2000 0.0000
v 0.2000 0.0000 0.0000
v 0.0000 0.0000 0.2000
v 0.0000 0.2000 0.0000
v 0.2000 0.0000 0.0000
v 0.0000 0.0000 0.2000
v 0.0000 0.2000 0.0000
v 0.2000 0.0000 0.0000
v 0.0000 0.0000 0.2000
v 0.0000 0.2000 0.0000
v 0.2000 0.0000 0.0000
v 0.0000 0.0000 0.2000
v 0.0000 0.2000 0.0000
v 0.2000 0.0000 0.0000
v 0.0000 0.0000 0.2000
v 0.0000 0.2000 0.0000
v 0.2000 0.0000 0.0000
v 0.0000 0.0000 0.2000
v 0.0000 0.2000 0.0000
v 0.2000 0.0000 0.0000
v 0.0000 0.0000 0.2000
v 0.0000 0.2000 0.0000
v 0.2000 0.0000 0.0000
v 0.0000 0.0000 0.2000
v 0.0000 0.2000 0.0000
v 0.2000 0.0000 0.0000
v 0.0000 0.0000 0.2000
v 0.0000 0.2000 0.0000
v 0.2000 0.0000 0.0000
v 0.0000 0.0000 0.2000
v 0.0000 0.2000 0.0000
v 0.2000 0.0000 0.0000
v 0.0000 0.0000 0.2000
v 0.0000 0.2000 0.0000
v 0.2000 0.0000 0.0000
v 0.0000 0.0000 0.2000
v 0.0000 0.2000 0.0000
v 0.2000 0.0000 0.0000
v 0.0000 0.0000 0.2000
v 0.0000 0.2000 0.0000
v 0.2000 0.0000 0.0000
v 0.0000 0.0000 0.2000
v 0.0000 0.2000 0.0000
v 0.2000 0.0000 0.0000
v 0.0000 0.0000 0.2000
v 0.0000 0.2000 0.0000
v 0.2000 0.0000 0.0000
v 0.0000 0.0000 0.2000
v 0.0000 0.2000 0.0000
v 0.2000 0.0000 0.0000
v 0.0000 0.0000 0.2000
v 0.0000 0.2000 0.0000
v 0.2000 0.0000 0.0000
v 0.0000 0.0000 0.2000
v 0.0000 0.2000 0.0000
v 0.2000 0.0000 0.0000
v 0.0000 0.0000 0.2000
v 0.0000 0.2000 0.0000
v 0.2000 0.0000 0.0000
v 0.0000 0.0000 0.2000
v 0.0000 0.2000 0.0000
v 0.2000 0.0000 0.0000
v 0.0000 0.0000 0.2000
v 0.0000 0.2000 0.0000
v 0.2000 0.0000 0.0000
v 0.0000 0.0000 0.2000
v 0.0000 0.2000 0.0000
v 0.2000 0.0000 0.0000
v 0.0000 0.0000 0.2000
v 0.0000 0.2000 0.0000
v 0.2000 0.0000 0.0000
v 0.0000 0.0000 0.2000
v 0.0000 0.2000 0.0000
v 0.2000 0.0000 0.0000
v 0.0000 0.2000 0.0000
v 0.2000 0.0000 0.0000
v 0.0000 0.0000 0.2000
v 0.0000 0.2000 0.0000
v 0.2000 0.0000 0.0000
v 0.0000 0.0000 0.2000
v 0.0000 0.2000 0.0000
v 0.2000 0.0000 0.0000
v 0.0000 0.0000 0.2000
v 0.0000 0.2000 0.0000
v 0.2000 0.0000 0.0000
v 0.0000 0.0000 0.2000
v 0.0000 0.2000 0.0000
v 0.2000 0.0000 0.0000
v 0.0000 0.0000 0.2000
v 0.0000 0.2000 0.0000
v 0.2000 0.0000 0.0000
v 0.0000 0.0000 0.2000
v 0.0000 0.2000 0.0000
v 0.2000 0.0000 0.0000
v 0.0000 0.0000 0.2000
v 0.0000 0.2000 0.0000
v 0.2000 0.0000 0.0000
v 0.0000 0.0000 0.2000
v 0.0000 0.2000 0.0000
v 0.2000 0.0000 0.0000
v 0.2000 0.0000 0.0000
v 0.0000 0.0000 0.2000
v 0.0000 0.2000 0.0000
v 0.2000 0.0000 0.0000
v 0.0000 0.0000 0.2000
v 0.0000 0.2000 0.0000
v 0.2000 0.0000 0.0000
v 0.0000 0.0000 0.2000
v 0.0000 0.2000 0.0000
v 0.2000 0.0000 0.0000
v 0.0000 0.0000 0.2000
v 0.0000 0.2000 0.0000
v 0.2000 0.0000 0.0000
v 0.0000 0.0000 0.2000
v 0.0000 0.2000 0.0000
v 0.2000 0.0000 0.0000
v 0.0000 0.0000 0.2000
v 0.0000 0.2000 0.0000
v 0.2000 0.0000 0.0000
v 0.0000 0.0000 0.2000
v 0.0000 0.2000 0.0000
v 0.2000 0.0000 0.0000
v 0.0000 0.0000 0.2000
v 0.0000 0.2000 0.0000
v 0.2000 0.0000 0.0000
v 0.0000 0.0000 0.2000
v 0.0000 0.2000 0.0000
v 0.2000 0.0000 0.0000
v 0.0000 0.0000 0.2000
v 0.0000 0.2000 0.0000
v 0.2000 0.0000 0.0000
v 0.0000 0.0000 0.2000
v 0.0000 0.2000 0.0000
v 0.2000 0.0000 0.0000
v 0.0000 0.0000 0.2000
v 0.0000 0.2000 0.0000
v 0.2000 0.0000 0.0000
v 0.0000 0.0000 0.2000
v 0.0000 0.2000 0.0000
v 0.2000 0.0000 0.0000
v 0.0000 0.0000 0.2000
v 0.0000 0.2000 0.0000
v 0.2000 0.0000 0.0000
v 0.0000 0.0000 0.2000
v 0.0000 0.2000 0.0000
v 0.2000 0.0000 0.0000
v 0.0000 0.0000 0.2000
v 0.0000 0.2000 0.0000
v 0.2000 0.0000 0.0000
v 0.0000 0.0000 0.2000
v 0.0000 0.2000 0.0000
v 0.2000 0.0000 0.0000
v 0.0000 0.0000 0.2000
v 0.0000 0.2000 0.0000
v 0.2000 0.0000 0.0000
v 0.0000 0.0000 0.2000
v 0.0000 0.2000 0.0000
v 0.2000 0.0000 0.0000
v 0.0000 0.0000 0.2000
v 0.0000 0.2000 0.0000
v 0.2000 0.0000 0.0000
v 0.0000 0.0000 0.2000
v 0.0000 0.2000 0.0000
v 0.2000 0.0000 0.0000
v 0.0000 0.0000 0.2000
v 0.0000 0.2000 0.0000
v 0.2000 0.0000 0.0000
v 0.0000 0.0000 0.2000
v 0.0000 0.2000 0.0000
v 0.2000 0.0000 0.0000
v 0.0000 0.0000 0.2000
v 0.0000 0.2000 0.0000
v 0.2000 0.0000 0.0000
v 0.0000 0.0000 0.2000
v 0.0000 0.2000 0.0000
v 0.2000 0.0000 0.0000
v 0.0000 0.0000 0.2000
v 0.0000 0.2000 0.0000
v 0.2000 0.0000 0.0000
v 0.0000 0.0000 0.2000
v 0.0000 0.2000 0.0000
v 0.2000 0.0000 0.0000
v 0.0000 0.0000 0.2000
v 0.0000 0.2000 0.0000
v 0.2000 0.0000 0.0000
v 0.0000 0.0000 0.2000
v 0.0000 0.2000 0.0000
v 0.2000 0.0000 0.0000
v 0.0000 0.0000 0.2000
v 0.0000 0.2000 0.0000
v 0.2000 0.0000 0.0000
v 0.0000 0.0000 0.2000
v 0.0000 0.2000 0.0000
v 0.2000 0.0000 0.0000
v 0.0000 0.0000 0.2000
v 0.0000 0.2000 0.0000
v 0.2000 0.0000 0.0000
v 0.0000 0.0000 0.2000
v 0.0000 0.2000 0.0000
v 0.2000 0.0000 0.0000
v 0.0000 0.0000 0.2000
v 0.0000 0.2000 0.0000
v 0.2000 0.0000 0.0000
v 0.0000 0.0000 0.2000
v 0.0000 0.2000 0.0000
v 0.2000 0.0000 0.0000
v 0.0000 0.0000 0.2000
v 0.0000 0.2000 0.0000
v 0.2000 0.0000 0.0000
v 0.0000 0.0000 0.2000
v 0.0000 0.2000 0.0000
v 0.2000 0.0000 0.0000
v 0.0000 0.0000 0.2000
v 0.0000 0.2000 0.0000
v 0.2000 0.0000 0.0000
v 0.0000 0.0000 0.2000
v 0.0000 0.2000 0.0000
v 0.2000 0.0000 0.0000
v 0.0000 0.0000 0.2000
v 0.0000 0.2000 0.0000
v 0.2000 0.0000 0.0000
v 0.0000 0.0000 0.2000
v 0.0000 0.2000 0.0000
v 0.2000 0.0000 0.0000
v 0.0000 0.0000 0.2000
v 0.0000 0.2000 0.0000
v 0.2000 0.0000 0.0000
v 0.0000 0.0000 0.2000
v 0.0000 0.2000 0.0000
v 0.2000 0.0000 0.0000
v 0.0000 0.0000 0.2000
v 0.0000 0.2000 0.0000
v 0.2000 0.0000 0.0000
v 0.0000 0.2000 0.0000
v 0.2000 0.0000 0.0000
v 0.0000 0.0000 0.2000
v 0.0000 0.2000 0.0000
v 0.2000 0.0000 0.0000
v 0.0000 0.0000 0.2000
v 0.0000 0.2000 0.0000
v 0.2000 0.0000 0.0000
v 0.0000 0.0000 0.2000
v 0.0000 0.2000 0.0000
v 0.2000 0.0000 0.0000
v 0.0000 0.0000 0.2000
v 0.0000 0.2000 0.0000
v 0.2000 0.0000 0.0000
v 0.0000 0.0000 0.2000
v 0.0000 0.2000 0.0000
v 0.2000 0.0000 0.0000
v 0.0000 0.0000 0.2000
v 0.0000 0.2000 0.0000
v 0.2000 0.0000 0.0000
v 0.0000 0.0000 0.2000
v 0.0000 0.2000 0.0000
v 0.2000 0.0000 0.0000
v 0.0000 0.0000 0.2000
v 0.0000 0.2000 0.0000
v 0.2000 0.0000 0.0000
v 0.0000 0.0000 0.2000
v 0.0000 0.2000 0.0000
v 0.2000 0.0000 0.0000
v 0.0000 0.0000 0.2000
v 0.0000 0.2000 0.0000
v 0.2000 0.0000 0.0000
v 0.0000 0.0000 0.2000
v 0.0000 0.2000 0.0000
v 0.2000 0.0000 0.0000
v 0.0000 0.0000 0.2000
v 0.0000 0.2000 0.0000
v 0.2000 0.0000 0.0000
v 0.0000 0.0000 0.2000
v 0.0000 0.2000 0.0000
v 0.2000 0.0000 0.0000
v 0.0000 0.0000 0.2000
v 0.0000 0.2000 0.0000
v 0.2000 0.0000 0.0000
v 0.0000 0.0000 0.2000
v 0.0000 0.2000 0.0000
v 0.2000 0.0000 0.0000
v 0.0000 0.0000 0.2000
v 0.0000 0.2000 0.0000
v 0.2000 0.0000 0.0000
v 0.0000 0.0000 0.2000
v 0.0000 0.2000 0.0000
v 0.2000 0.0000 0.0000
v 0.0000 0.0000 0.2000
v 0.0000 0.2000 0.0000
v 0.2000 0.0000 0.0000
v 0.0000 0.0000 0.2000
v 0.0000 0.2000 0.0000
v 0.2000 0.0000 0.0000
v 0.0000 0.0000 0.2000
v 0.0000 0.2000 0.0000
v 0.2000 0.0000 0.0000
v 0.0000 0.0000 0.2000
v 0.0000 0.2000 0.0000
v 0.2000 0.0000 0.0000
v 0.0000 0.0000 0.2000
v 0.0000 0.2000 0.0000
v 0.2000 0.0000 0.0000
v 0.0000 0.0000 0.2000
v 0.0000 0.2000 0.0000
v 0.2000 0.0000 0.0000
v 0.0000 0.0000 0.2000
v 0.0000 0.2000 0.0000
v 0.2000 0.0000 0.0000
v 0.0000 0.0000 0.2000
v 0.0000 0.2000 0.0000
v 0.2000 0.0000 0.0000
v 0.0000 0.0000 0.2000
v 0.0000 0.2000 0.0000
v 0.2000 0.0000 0.0000
v 0.0000 0.0000 0.2000
v 0.0000 0.2000 0.0000
v 0.2000 0.0000 0.0000
v 0.0000 0.0000 0.2000
v 0.0000 0.2000 0.0000
v 0.2000 0.0000 0.0000
v 0.0000 0.0000 0.2000
v 0.0000 0.2000 0.0000
v 0.2000 0.0000 0.0000
v 0.0000 0.0000 0.2000
v 0.0000 0.2000 0.0000
v 0.2000 0.0000 0.0000
v 0.0000 0.0000 0.2000
v 0.0000 0.2000 0.0000
v 0.2000 0.0000 0.0000
v 0.0000 0.0000 0.2000
v 0.0000 0.2000 0.0000
v 0.2000 0.0000 0.0000
v 0.0000 0.0000 0.2000
v 0.0000 0.2000 0.0000
v 0.2000 0.0000 0.0000
v 0.0000 0.0000 0.2000
v 0.0000 0.2000 0.0000
v 0.2000 0.0000 0.0000
v 0.0000 0.0000 0.2000
v 0.0000 0.2000 0.0000
v 0.2000 0.0000 0.0000
v 0.0000 0.0000 0.2000
v 0.0000 0.2000 0.0000
v 0.2000 0.0000 0.0000
v 0.0000 0.0000 0.2000
v 0.0000 0.2000 0.0000
v 0.2000 0.0000 0.0000
v 0.0000 0.0000 0.2000
v 0.0000 0.2000 0.0000
v 0.2000 0.0000 0.0000
v 0.0000 0.0000 0.2000
v 0.0000 0.2000 0.0000
v 0.2000 0.0000 0.0000
v 0.0000 0.0000 0.2000
v 0.0000 0.2000 0.0000
v 0.2000 0.0000 0.0000
v 0.0000 0.0000 0.2000
v 0.0000 0.2000 0.0000
v 0.2000 0.0000 0.0000
v 0.0000 0.0000 0.2000
v 0.0000 0.2000 0.0000
v 0.2000 0.0000 0.0000
v 0.0000 0.0000 0.2000
v 0.0000 0.2000 0.0000
v 0.2000 0.0000 0.0000
v 0.0000 0.0000 0.2000
v 0.0000 0.2000 0.0000
v 0.2000 0.0000 0.0000
v 0.0000 0.0000 0.2000
v 0.0000 0.2000 0.0000
v 0.2000 0.0000 0.0000
v 0.0000 0.0000 0.2000
v 0.0000 0.2000 0.0000
v 0.2000 0.0000 0.0000
v 0.0000 0.0000 0.2000
v 0.0000 0.2000 0.0000
v 0.2000 0.0000 0.0000
v 0.0000 0.0000 0.2000
v 0.0000 0.2000 0.0000
v 0.2000 0.0000 0.0000
v 0.0000 0.0000 0.2000
v 0.0000 0.2000 0.0000
v 0.2000 0.0000 0.0000
v 0.0000 0.0000 0.2000
v 0.0000 0.2000 0.0000
v 0.2000 0.0000 0.0000
v 0.0000 0.0000 0.2000
v 0.0000 0.2000 0.0000
v 0.2000 0.0000 0.0000
v 0.0000 0.0000 0.2000
v 0.0000 0.2000 0.0000
v 0.2000 0.0000 0.0000
v 0.0000 0.0000 0.2000
v 0.0000 0.2000 0.0000
v 0.2000 0.0000 0.0000
v 0.0000 0.0000 0.2000
v 0.0000 0.2000 0.0000
v 0.2000 0.0000 0.0000
v 0.0000 0.0000 0.2000
v 0.0000 0.2000 0.0000
v 0.2000 0.0000 0.0000
v 0.0000 0.0000 0.2000
v 0.0000 0.2000 0.0000
v 0.2000 0.0000 0.0000
v 0.0000 0.0000 0.2000
v 0.0000 0.2000 0.0000
v 0.2000 0.0000 0.0000
v 0.0000 0.0000 0.2000
v 0.0000 0.2000 0.0000
v 0.2000 0.0000 0.0000
v 0.0000 0.0000 0.2000
v 0.0000 0.2000 0.0000
v 0.2000 0.0000 0.0000
v 0.0000 0.0000 0.2000
v 0.0000 0.2000 0.0000
v 0.2000 0.0000 0.0000
v 0.0000 0.0000 0.2000
v 0.0000 0.2000 0.0000
v 0.2000 0.0000 0.0000
v 0.0000 0.0000 0.2000
v 0.0000 0.2000 0.0000
v 0.2000 0.0000 0.0000
v 0.0000 0.0000 0.2000
v 0.0000 0.2000 0.0000
v 0.2000 0.0000 0.0000
v 0.0000 0.0000 0.2000
v 0.0000 0.2000 0.0000
v 0.2000 0.0000 0.0000
v 0.0000 0.0000 0.2000
v 0.0000 0.2000 0.0000
v 0.2000 0.0000 0.0000
v 0.0000 0.0000 0.2000
v 0.0000 0.2000 0.0000
v 0.2000 0.0000 0.0000
v 0.0000 0.0000 0.2000
v 0.0000 0.2000 0.0000
v 0.2000 0.0000 0.0000
v 0.0000 0.0000 0.2000
v 0.0000 0.2000 0.0000
v 0.2000 0.0000 0.0000
v 0.0000 0.0000 0.2000
v 0.0000 0.2000 0.0000
v 0.2000 0.0000 0.0000
v 0.0000 0.0000 0.2000
v 0.0000 0.2000 0.0000
v 0.2000 0.0000 0.0000
v 0.0000 0.0000 0.2000
v 0.0000 0.2000 0.0000
v 0.2000 0.0000 0.0000
v 0.0000 0.0000 0.2000
v 0.0000 0.2000 0.0000
v 0.2000 0.0000 0.0000
v 0.0000 0.0000 0.2000
v 0.0000 0.2000 0.0000
v 0.2000 0.0000 0.0000
v 0.0000 0.0000 0.2000
v 0.0000 0.2000 0.0000
v 0.2000 0.0000 0.0000
v 0.0000 0.0000 0.2000
v 0.0000 0.2000 0.0000
v 0.2000 0.0000 0.0000
v 0.0000 0.0000 0.2000
v 0.0000 0.2000 0.0000
v 0.2000 0.0000 0.0000
v 0.0000 0.0000 0.2000
v 0.0000 0.2000 0.0000
v 0.2000 0.0000 0.0000
v 0.0000 0.0000 0.2000
v 0.0000 0.2000 0.0000
v 0.2000 0.0000 0.0000
v 0.0000 0.2000 0.0000
v 0.2000 0.0000 0.0000
v 0.0000 0.0000 0.2000
v 0.0000 0.2000 0.0000
v 0.2000 0.0000 0.0000
v 0.0000 0.0000 0.2000
v 0.0000 0.2000 0.0000
v 0.2000 0.0000 0.0000
v 0.0000 0.0000 0.2000
v 0.0000 0.2000 0.0000
v 0.2000 0.0000 0.0000
v 0.0000 0.0000 0.2000
v 0.0000 0.2000 0.0000
v 0.2000 0.0000 0.0000
v 0.0000 0.0000 0.2000
v 0.0000 0.2000 0.0000
v 0.2000 0.0000 0.0000
v 0.0000 0.0000 0.2000
v 0.0000 0.2000 0.0000
v 0.2000 0.0000 0.0000
v 0.0000 0.0000 0.2000
v 0.0000 0.2000 0.0000
v 0.2000 0.0000 0.0000
v 0.0000 0.0000 0.2000
v 0.0000 0.2000 0.0000
v 0.2000 0.0000 0.0000
v 0.0000 0.0000 0.2000
v 0.0000 0.2000 0.0000
v 0.2000 0.0000 0.0000
v 0.0000 0.0000 0.2000
v 0.0000 0.2000 0.0000
v 0.2000 0.0000 0.0000
v 0.0000 0.0000 0.2000
v 0.0000 0.2000 0.0000
v 0.2000 0.0000 0.0000
v 0.0000 0.0000 0.2000
v 0.0000 0.2000 0.0000
v 0.2000 0.0000 0.0000
v 0.0000 0.0000 0.2000
v 0.0000 0.2000 0.0000
v 0.2000 0.0000 0.0000
v 0.0000 0.0000 0.2000
v 0.0000 0.2000 0.0000
v 0.2000 0.0000 0.0000
v 0.0000 0.0000 0.2000
v 0.0000 0.2000 0.0000
v 0.2000 0.0000 0.0000
v 0.0000 0.0000 0.2000
v 0.0000 0.2000 0.0000
v 0.2000 0.0000 0.0000
v 0.0000 0.0000 0.2000
v 0.0000 0.2000 0.0000
v 0.2000 0.0000 0.0000
v 0.0000 0.0000 0.2000
v 0.0000 0.2000 0.0000
v 0.2000 0.0000 0.0000
v 0.0000 0.0000 0.2000
v 0.0000 0.2000 0.0000
v 0.2000 0.0000 0.0000
v 0.0000 0.0000 0.2000
v 0.0000 0.2000 0.0000
v 0.2000 0.0000 0.0000
v 0.0000 0.0000 0.2000
v 0.0000 0.2000 0.0000
v 0.2000 0.0000 0.0000
v 0.0000 0.0000 0.2000
v 0.0000 0.2000 0.0000
v 0.2000 0.0000 0.0000
v 0.0000 0.0000 0.2000
v 0.0000 0.2000 0.0000
v 0.2000 0.0000 0.0000
v 0.0000 0.2000 0.0000
v 0.2000 0.0000 0.0000
v 0.0000 0.0000 0.2000
v 0.0000 0.2000 0.0000
v 0.2000 0.0000 0.0000
v 0.0000 0.0000 0.2000
v 0.0000 0.2000 0.0000
v 0.2000 0.0000 0.0000
v 0.0000 0.0000 0.2000
v 0.0000 0.2000 0.0000
v 0.2000 0.0000 0.0000
v 0.0000 0.0000 0.2000
v 0.0000 0.2000 0.0000
v 0.2000 0.0000 0.0000
v 0.0000 0.0000 0.2000
v 0.0000 0.2000 0.0000
v 0.2000 0.0000 0.0000
v 0.0000 0.0000 0.2000
v 0.0000 0.2000 0.0000
v 0.2000 0.0000 0.0000
v 0.0000 0.0000 0.2000
v 0.0000 0.2000 0.0000
v 0.2000 0.0000 0.0000
v 0.0000 0.0000 0.2000
v 0.0000 0.2000 0.0000
v 0.2000 0.0000 0.0000
v 0.0000 0.0000 0.2000
v 0.0000 0.2000 0.0000
v 0.2000 0.0000 0.0000
v 0.0000 0.0000 0.2000
v 0.0000 -160.0000 0.0000
v 0.0000 0.0000 317.0861
v 150.0000 0.0000 -440.0000
v 366.1966 0.0000 0.0000
v 0.0000 510.0000 0.0000
v -460.0000 0.0000 0.0000
v 0.0000 384.1874 0.0000
v 0.0000 0.0000 780.0000
v 0.0000 -640.0000 0.0000
v 0.0000 0.0000 161.8394
v 610.0000 0.0000 -1000.0000
v 440.9719 0.0000 0.0000
v 0.0000 120.0000 0.0000
v -1010.0000 0.0000 0.0000
v 0.0000 372.3657 0.0000
v 0.0000 0.0000 -180.0000
v 0.0000 180.0000 0.0000
v 0.0000 0.0000 359.1396
v -210.0000 0.0000 -810.0000
v 436.0332 0.0000 0.0000
v 2500.0000 0.0000 0.0000
v -118.2500 60.7500 92.5000
v 170.9146 0.0000 0.0000
v 1.0000 1.0000 1.0000
v 0.0000 0.0000 167.7939
v -38.2136 -81.8754 127.3227
v 0.0000 0.0000 1.0000
v 1.0000 1.0000 0.0000
v 1.0039 0.0000 0.0000
v 0.0000 140.6006 -10.5397
v -145.9109 38.1525 0.0000
v 0.0000 1.0000 1.0000
v 1.0000 0.0000 0.0000
v 1.0000 0.0000 0.0000
v 0.0000 0.0000 173.0798
v 4.3427 -96.6695 119.4386
v 0.0000 0.0000 1.0000
v 1.0000 1.0000 0.0000
v 7.4196 1.0000 0.0000
v 0.0000 -28.1748 108.3818
v 105.2174 241.9795 0.0000
v 0.0000 1.0000 1.0000
v 1.0000 0.0000 0.0000
v -4.1713 70.0528 110.2557
v 157.6818 0.0000 0.0000
v 1.0000 1.0000 1.0000
v 0.0000 0.0000 145.2896
v -197.3642 154.0766 313.1305
v 0.0000 0.0000 1.0000
v 1.0000 1.0000 0.0000
v 0.0000 -93.0689 15.0120
v -78.3404 185.7877 0.0000
v 0.0000 1.0000 1.0000
v 1.0000 0.0000 0.0000
v -194.5000 67.7500 135.6950
v 219.1815 0.0000 0.0000
v 1.0000 1.0000 1.0000
v -52.7570 22.2941 128.4638
v 123.3151 0.0000 0.0000
v 1.0000 1.0000 1.0000
v -0.2627 0.0000 0.0000
v 34.3689 18.4043 167.8293
v 248.3505 0.0000 0.0000
v 1.0000 1.0000 1.0000
v 0.3647 0.0000 0.0000
v 0.0000 0.0000 -154.8473
v -39.1144 -96.2743 333.6856
v 0.0000 0.0000 1.0000
v 1.0000 1.0000 0.0000
v 2.0078 0.0000 0.0000
v 0.0000 -228.5000 2.2500
v 105.0000 31.8198 0.0000
v 0.0000 1.0000 1.0000
v 1.0000 0.0000 0.0000
v 2.0078 0.0000 0.0000
v 0.0000 128.5000 -2.7500
v 116.5000 31.8198 0.0000
v 0.0000 1.0000 1.0000
v 1.0000 0.0000 0.0000
v 0.0000 1.0000 0.0000
v -102.2847 3.3427 -184.3122
v 186.5097 0.0000 0.0000
v 1.0000 1.0000 1.0000
v 0.0000 -291.9301 3.3427
v -28.3728 165.0823 0.0000
v 0.0000 1.0000 1.0000
v 1.0000 0.0000 0.0000
v -62.4663 -14.6751 -177.4596
v 117.6269 0.0000 0.0000
v 1.0000 1.0000 1.0000
v -225.0224 -13.5895 -26.8505
v 108.9032 0.0000 0.0000
v 1.0000 1.0000 1.0000
v 0.0000 0.0000 47.5000
v 8.2500 205.2500 124.2319
v 0.0000 0.0000 1.0000
v 1.0000 1.0000 0.0000
v 0.0000 0.0000 -182.3490
v 67.7818 56.3595 362.3582
v 0.0000 0.0000 1.0000
v 1.0000 1.0000 0.0000
v 7.4196 1.0000 0.0000
v -134.4278 46.7009 -94.0650
v 361.3716 0.0000 0.0000
v 1.0000 1.0000 1.0000
v 0.0000 0.0000 -130.6875
v 33.5000 -36.0000 418.4275
v 0.0000 0.0000 1.0000
v 1.0000 1.0000 0.0000
v 4.4314 0.0000 0.0000
v 102.8062 -20.0000 95.2195
v 115.7087 0.0000 0.0000
v 1.0000 1.0000 1.0000
v 0.5647 0.0000 0.0000
v 0.0000 0.0000 156.4366
v 37.8349 -123.8750 209.7722
v 0.0000 0.0000 1.0000
v 1.0000 1.0000 0.0000
v 7.4196 1.0000 0.0000
v 0.0000 0.0000 117.5803
v 60.3441 -171.7599 268.5627
v 0.0000 0.0000 1.0000
v 1.0000 1.0000 0.0000
v 1.9725 0.0157 0.0000
v 0.0000 0.0000 12.1678
v -168.5287 139.0709 283.9653
v 0.0000 0.0000 1.0000
v 1.0000 1.0000 0.0000
v 0.0000 0.0000 -28.7549
v 49.5000 -133.2451 113.9020
v 0.0000 0.0000 1.0000
v 1.0000 1.0000 0.0000
v 11.1294 1.0000 0.0000
v 0.0000 -5.1588 90.0532
v -175.7361 125.0760 0.0000
v 0.0000 1.0000 1.0000
v 1.0000 0.0000 0.0000
v 2.0078 0.0000 0.0000
v 0.0000 -333.2723 -135.6250
v 843.1226 231.6585 0.0000
v 0.0000 1.0000 1.0000
v 1.0000 0.0000 0.0000
v 462.2931 -26.6250 914.0001
v 56.2958 0.0000 0.0000
v 1.0000 1.0000 1.0000
v 569.1846 87.3750 394.3226
v 308.1672 0.0000 0.0000
v 1.0000 1.0000 1.0000
v 1.0000 0.0000 0.0000
v 538.8998 -144.7504 947.0126
v 561.1615 0.0000 0.0000
v 1.0000 1.0000 1.0000
v 4.2196 -0.9137 0.0000
v 0.0000 -393.9449 -196.4479
v 632.5037 600.8193 0.0000
v 0.0000 1.0000 1.0000
v 1.0000 0.0000 0.0000
v 0.0000 1235.9688 225.4520
v -40.4737 370.4256 0.0000
v 0.0000 1.0000 1.0000
v 1.0000 0.0000 0.0000
v 1.0000 0.0000 0.0000
v 0.0000 0.0000 353.8735
v -58.0480 162.5406 253.1591
v 0.0000 0.0000 1.0000
v 1.0000 1.0000 0.0000
v 0.0000 567.8858 -122.7979
v 438.8910 572.7836 0.0000
v 0.0000 1.0000 1.0000
v 1.0000 0.0000 0.0000
v 0.0000 -84.5606 25.2275
v -134.3144 99.4850 0.0000
v 0.0000 1.0000 1.0000
v 1.0000 0.0000 0.0000
v 57.4100 21.0907 -142.8471
v 119.3900 0.0000 0.0000
v 1.0000 1.0000 1.0000
v 0.0000 0.0000 -12.4625
v 71.7975 -169.4721 146.7360
v 0.0000 0.0000 1.0000
v 1.0000 1.0000 0.0000
v 0.0000 193.1039 -401.2500
v 637.4411 1129.7748 0.0000
v 0.0000 1.0000 1.0000
v 1.0000 0.0000 0.0000
v 0.4980 0.0000 0.0000
v 0.0000 0.0000 415.4729
v 36.1478 71.5233 277.0151
v 0.0000 0.0000 1.0000
v 1.0000 1.0000 0.0000
v 42.6580 46.7009 -54.0136
v 261.3272 0.0000 0.0000
v 1.0000 1.0000 1.0000
v 0.0000 95.2424 -182.6142
v 365.3079 192.0873 0.0000
v 0.0000 1.0000 1.0000
v 1.0000 0.0000 0.0000
v 14.0000 15.5000 -174.0000
v 39.7067 0.0000 0.0000
v 1.0000 1.0000 1.0000
v 1.0000 0.0000 0.0000
v 0.0000 0.0000 32.9658
v 90.4828 -65.6093 234.2887
v 0.0000 0.0000 1.0000
v 1.0000 1.0000 0.0000
v 2.0078 0.0000 0.0000
v 0.0000 146.0000 -2.2500
v -45.5000 109.5221 0.0000
v 0.0000 1.0000 1.0000
v 1.0000 0.0000 0.0000
v 2.0078 0.0000 0.0000
v 0.0000 -92.5000 19.5000
v -15.2500 75.3633 0.0000
v 0.0000 1.0000 1.0000
v 1.0000 0.0000 0.0000
v 0.5569 0.0000 0.0000
v 0.0000 145.5326 -96.7744
v 78.0139 185.5909 0.0000
v 0.0000 1.0000 1.0000
v 1.0000 0.0000 0.0000
v -83.3998 -3.4093 -13.0993
v 137.0089 0.0000 0.0000
v 1.0000 1.0000 1.0000
v 0.0000 148.2902 -19.2225
v -28.4508 253.6239 0.0000
v 0.0000 1.0000 1.0000
v 1.0000 0.0000 0.0000
v -126.7385 53.4221 -23.0063
v 103.2231 0.0000 0.0000
v 1.0000 1.0000 1.0000
v 0.4471 0.0000 0.0000
v 0.0000 0.0000 233.1388
v 51.0482 -36.5443 257.9587
v 0.0000 0.0000 1.0000
v 1.0000 1.0000 0.0000
v 5.1216 0.7804 0.0000
v 0.0000 0.0000 157.7479
v 27.0284 142.0124 229.9417
v 0.0000 0.0000 1.0000
v 1.0000 1.0000 0.0000
v 5.9529 0.4549 0.0000
v 0.0000 -95.4157 16.0194
v 160.7343 239.3181 0.0000
v 0.0000 1.0000 1.0000
v 1.0000 0.0000 0.0000
v 1.0000 0.0000 0.0000
v 0.0000 106.1419 182.9320
v -252.8441 820.5307 0.0000
v 0.0000 1.0000 1.0000
v 1.0000 0.0000 0.0000
v 258.8314 19.1055 131.6871
v 158.8066 0.0000 0.0000
v 1.0000 1.0000 1.0000
v 0.0000 -27.0169 -0.9103
v -49.3705 381.3889 0.0000
v 0.0000 1.0000 1.0000
v 1.0000 0.0000 0.0000
v 0.0000 -1.7176 0.0000
v 0.0000 294.3375 47.8108
v -132.7742 127.3986 0.0000
v 0.0000 1.0000 1.0000
v 1.0000 0.0000 0.0000
v 1.9373 0.0000 0.0000
v 0.0000 -271.5229 31.0386
v -257.1987 207.3118 0.0000
v 0.0000 1.0000 1.0000
v 1.0000 0.0000 0.0000
v -4.0157 0.0000 0.0000
v 40.3070 96.6222 -165.3235
v 52.1365 0.0000 0.0000
v 1.0000 1.0000 1.0000
v 90.3487 57.8811 -148.9374
v 37.4127 0.0000 0.0000
v 1.0000 1.0000 1.0000
v 1.0000 0.0000 0.0000
v 0.0000 0.0000 19.7640
v 70.6895 -229.7522 47.7551
v 0.0000 0.0000 1.0000
v 1.0000 1.0000 0.0000
v 19.4873 166.5192 -166.5522
v 362.5036 0.0000 0.0000
v 1.0000 1.0000 1.0000
v 1.3412 -1.9765 0.0000
v -96.3777 115.9087 -424.3594
v 172.2300 0.0000 0.0000
v 1.0000 1.0000 1.0000
v -5.9059 0.0000 0.0000
v 0.0000 -157.1607 106.3963
v -188.2020 143.6920 0.0000
v 0.0000 1.0000 1.0000
v 1.0000 0.0000 0.0000
v -4.5647 0.0000 0.0000
v 0.0000 0.0000 82.7968
v 119.2959 -234.8165 160.6685
v 0.0000 0.0000 1.0000
v 1.0000 1.0000 0.0000
v -153.3535 53.0357 -196.6323
v 290.3168 0.0000 0.0000
v 1.0000 1.0000 1.0000
v 0.0000 0.0000 218.4766
v 62.2723 -39.4658 267.9670
v 0.0000 0.0000 1.0000
v 1.0000 1.0000 0.0000
v 0.5569 1.0000 0.0000
v 0.0000 0.0000 96.7226
v 137.9683 -245.0310 789.3101
v 0.0000 0.0000 1.0000
v 1.0000 1.0000 0.0000
v 60.6508 118.1255 -180.3347
v 582.3976 0.0000 0.0000
v 1.0000 1.0000 1.0000
v 167.0105 23.7550 3.0265
v 160.1805 0.0000 0.0000
v 1.0000 1.0000 1.0000
v 0.0000 0.0000 -174.4905
v -33.1451 82.2068 31.7587
v 0.0000 0.0000 1.0000
v 1.0000 1.0000 0.0000
v 0.0000 0.0000 -149.2063
v 45.2222 -56.9989 341.7159
v 0.0000 0.0000 1.0000
v 1.0000 1.0000 0.0000
v 0.0000 0.0000 -182.7515
v -18.3071 -62.5375 75.1243
v 0.0000 0.0000 1.0000
v 1.0000 1.0000 0.0000
v 12.9569 1.0000 0.0000
v 0.0000 0.0000 -98.5244
v 116.4350 -18.5392 225.7963
v 0.0000 0.0000 1.0000
v 1.0000 1.0000 0.0000
v 5.8196 1.0000 0.0000
v 0.0000 -47.6410 101.2399
v -17.9880 240.2003 0.0000
v 0.0000 1.0000 1.0000
v 1.0000 0.0000 0.0000
v 0.0000 -101.2470 10.3008
v -5.4366 247.8771 0.0000
v 0.0000 1.0000 1.0000
v 1.0000 0.0000 0.0000
v 3.3020 0.2078 0.0000
v 0.0000 19.3153 7.2558
v -26.0000 234.3574 0.0000
v 0.0000 1.0000 1.0000
v 1.0000 0.0000 0.0000
v 0.5137 0.0000 0.0000
v 0.0000 0.0000 15.7458
v -38.0212 0.0995 283.4051
v 0.0000 0.0000 1.0000
v 1.0000 1.0000 0.0000
v 0.0000 0.0000 12.0364
v 5.0755 -6.1532 17.6323
v 0.0000 0.0000 -34.2541
v 44.8566 40.9304 0.0000
v 0.0000 0.0000 1.0000
v 1.0000 1.0000 0.0000
v 0.0000 -2.6118 0.0000
v 0.0000 12.9769 2.4202
v 3.0679 17.8192 0.0000
v 0.0000 -24.8016 33.8092
v 43.3575 0.0000 0.0000
v 0.0000 1.0000 1.0000
v 1.0000 0.0000 0.0000
v -2.6118 0.0000 0.0000
v 12.3512 4.2806 4.9948
v 17.6506 0.0000 0.0000
v -29.4524 39.4044 45.9289
v 1.0000 1.0000 1.0000
v 0.0000 0.0000 11.9740
v 5.2314 6.1812 17.5741
v 0.0000 0.0000 -34.0679
v 44.7113 49.0635 0.0000
v 0.0000 0.0000 1.0000
v 1.0000 1.0000 0.0000
v 0.0000 -2.6118 0.0000
v 0.0000 10.8007 -6.8789
v 7.7378 18.2077 0.0000
v 0.0000 -24.4081 29.3731
v 58.5139 0.0000 0.0000
v 0.0000 1.0000 1.0000
v 1.0000 0.0000 0.0000
v -2.6118 0.0000 0.0000
v 11.9020 4.3471 8.6870
v 18.5128 0.0000 0.0000
v -37.8103 42.5094 63.4426
v 1.0000 1.0000 1.0000
v 0.0000 0.0000 11.1482
v -5.9229 8.2160 18.7703
v 0.0000 0.0000 -32.6560
v 28.7473 75.2468 0.0000
v 0.0000 0.0000 1.0000
v 1.0000 1.0000 0.0000
v 0.0000 -2.6118 0.0000
v 0.0000 12.1961 4.4806
v 6.8496 17.9934 0.0000
v 0.0000 -51.0864 35.8661
v 95.6114 0.0000 0.0000
v 0.0000 1.0000 1.0000
v 1.0000 0.0000 0.0000
v -2.6118 0.0000 0.0000
v 9.1136 -9.7890 5.1581
v 16.3249 0.0000 0.0000
v -45.9441 23.3368 108.4758
v 1.0000 1.0000 1.0000
v 0.0000 0.0000 12.4816
v 3.7350 6.0390 18.0945
v 0.0000 0.0000 -57.2065
v 32.9420 112.1920 0.0000
v 0.0000 0.0000 1.0000
v 1.0000 1.0000 0.0000
v 0.0000 -2.6118 0.0000
v 0.0000 12.5889 3.4263
v 5.2375 17.9961 0.0000
v 0.0000 -62.5056 33.3940
v 122.2112 0.0000 0.0000
v 0.0000 1.0000 1.0000
v 1.0000 0.0000 0.0000
v -2.6118 0.0000 0.0000
v 12.2778 4.5098 4.8884
v 17.5383 0.0000 0.0000
v -65.0079 34.8369 125.0272
v 1.0000 1.0000 1.0000
v 0.0000 0.0000 8.5333
v -10.3750 3.2829 15.4318
v 0.0000 0.0000 -55.5508
v 18.2619 138.0526 0.0000
v 0.0000 0.0000 1.0000
v 1.0000 1.0000 0.0000
v 0.0000 -2.6118 0.0000
v 0.0000 12.9388 0.4183
v 4.2297 18.5076 0.0000
v 0.0000 -64.8012 28.5762
v 138.7122 0.0000 0.0000
v 0.0000 1.0000 1.0000
v 1.0000 0.0000 0.0000
v -2.6118 0.0000 0.0000
v 12.6060 3.2224 3.5609
v 17.5371 0.0000 0.0000
v -68.4628 31.1115 142.4682
v 1.0000 1.0000 1.0000
v 0.0000 0.0000 12.6518
v -1.9249 3.4425 18.1843
v 0.0000 0.0000 -64.8266
v 25.3318 146.0614 0.0000
v 0.0000 0.0000 1.0000
v 1.0000 1.0000 0.0000
v 0.0000 -2.6118 0.0000
v 0.0000 12.7806 -1.9371
v 2.6427 18.0428 0.0000
v 0.0000 -66.7740 24.6496
v 155.3612 0.0000 0.0000
v 0.0000 1.0000 1.0000
v 1.0000 0.0000 0.0000
v -2.6118 0.0000 0.0000
v 12.6908 4.0038 1.9642
v 16.9940 0.0000 0.0000
v -73.1864 31.0240 159.3683
v 1.0000 1.0000 1.0000
v 0.0000 0.0000 12.9632
v -1.7445 1.7835 17.8991
v 0.0000 0.0000 -69.3053
v 24.9112 162.0291 0.0000
v 0.0000 0.0000 1.0000
v 1.0000 1.0000 0.0000
v 0.0000 -2.6118 0.0000
v 0.0000 12.6219 4.7795
v 0.3986 16.3833 0.0000
v 0.0000 -75.2376 30.6747
v 170.3768 0.0000 0.0000
v 0.0000 1.0000 1.0000
v 1.0000 0.0000 0.0000
v -2.6118 0.0000 0.0000
v 11.3772 -5.9800 -2.0897
v 17.0188 0.0000 0.0000
v -68.7312 19.7616 184.1358
v 1.0000 1.0000 1.0000
v 0.0000 0.0000 9.2730
v -9.5591 -4.2851 16.2357
v 0.0000 0.0000 -64.7346
v 16.6785 196.2141 0.0000
v 0.0000 0.0000 1.0000
v 1.0000 1.0000 0.0000
v 0.0000 -2.6118 0.0000
v 0.0000 12.4485 3.8659
v -5.9687 18.0363 0.0000
v 0.0000 -71.6390 29.0981
v 202.2140 0.0000 0.0000
v 0.0000 1.0000 1.0000
v 1.0000 0.0000 0.0000
v -5.0196 0.0000 0.0000
v 0.0000 12.6378 3.7949
v -3.3731 17.5198 0.0000
v 0.0000 -28.9745 39.3041
v 41.2631 0.0000 0.0000
v 0.0000 1.0000 1.0000
v 1.0000 0.0000 0.0000
v 0.0000 -5.0196 0.0000
v 0.0000 0.0000 12.7155
v 2.7799 7.6444 18.8428
v 0.0000 0.0000 -32.4970
v 41.5242 53.5272 0.0000
v 0.0000 0.0000 1.0000
v 1.0000 1.0000 0.0000
v 11.5688 -4.8449 8.3703
v 19.1019 0.0000 0.0000
v -27.3722 31.3197 61.4887
v 1.0000 1.0000 1.0000
v -5.0196 0.0000 0.0000
v 0.0000 11.9908 4.3046
v 8.7863 18.6838 0.0000
v 0.0000 -37.5432 40.0447
v 67.0731 0.0000 0.0000
v 0.0000 1.0000 1.0000
v 1.0000 0.0000 0.0000
v 0.0000 -5.0196 0.0000
v 0.0000 0.0000 10.9714
v -6.2849 8.2124 18.6723
v 0.0000 0.0000 -29.7954
v 27.7510 72.2532 0.0000
v 0.0000 0.0000 1.0000
v 1.0000 1.0000 0.0000
v 12.0265 4.6089 8.2638
v 18.2935 0.0000 0.0000
v -43.5786 39.4597 77.1388
v 1.0000 1.0000 1.0000
v -5.0196 0.0000 0.0000
v 0.0000 12.5388 -1.4555
v 8.2980 19.4299 0.0000
v 0.0000 -40.8901 31.4556
v 85.7966 0.0000 0.0000
v 0.0000 1.0000 1.0000
v 1.0000 0.0000 0.0000
v 0.0000 -5.0196 0.0000
v 0.0000 0.0000 10.8614
v -6.9743 6.9060 17.9663
v 0.0000 0.0000 -39.9419
v 25.3269 93.9902 0.0000
v 0.0000 0.0000 1.0000
v 1.0000 1.0000 0.0000
v 12.5692 3.6455 6.9657
v 18.4572 0.0000 0.0000
v -52.4585 34.6551 100.2614
v 1.0000 1.0000 1.0000
v -5.0196 0.0000 0.0000
v 0.0000 9.8557 -8.7743
v 5.4462 16.9352 0.0000
v 0.0000 -47.4748 23.4770
v 111.1292 0.0000 0.0000
v 0.0000 1.0000 1.0000
v 1.0000 0.0000 0.0000
v 0.0000 -5.0196 0.0000
v 0.0000 0.0000 12.3039
v 4.5670 6.0798 17.9030
v 0.0000 0.0000 -57.1900
v 35.1386 108.3668 0.0000
v 0.0000 0.0000 1.0000
v 1.0000 1.0000 0.0000
v 10.8162 -7.1958 5.2463
v 17.5743 0.0000 0.0000
v -50.9317 21.6040 120.5683
v 1.0000 1.0000 1.0000
v -5.0196 0.0000 0.0000
v 0.0000 12.6509 -2.1328
v 5.6445 18.8159 0.0000
v 0.0000 -57.5779 27.5216
v 123.0846 0.0000 0.0000
v 0.0000 1.0000 1.0000
v 1.0000 0.0000 0.0000
v 0.0000 -5.0196 0.0000
v 0.0000 0.0000 9.9601
v -8.5376 3.6800 16.5841
v 0.0000 0.0000 -59.9305
v 22.6430 139.5004 0.0000
v 0.0000 0.0000 1.0000
v 1.0000 1.0000 0.0000
v 12.2112 4.7931 3.6849
v 17.1254 0.0000 0.0000
v -69.7567 34.4607 138.2732
v 1.0000 1.0000 1.0000
v -5.0196 0.0000 0.0000
v 0.0000 9.7639 -8.6517
v 2.4509 16.2633 0.0000
v 0.0000 -61.8443 18.8070
v 154.3518 0.0000 0.0000
v 0.0000 1.0000 1.0000
v 1.0000 0.0000 0.0000
v 0.0000 -5.0196 0.0000
v 0.0000 0.0000 9.3220
v -9.2506 1.1003 15.8351
v 0.0000 0.0000 -65.3706
v 18.8111 164.6436 0.0000
v 0.0000 0.0000 1.0000
v 1.0000 1.0000 0.0000
v 13.2694 -0.3521 0.7255
v 18.3196 0.0000 0.0000
v -70.5975 24.6390 169.1651
v 1.0000 1.0000 1.0000
v -5.0196 0.0000 0.0000
v 0.0000 12.3599 -4.1778
v -0.7285 17.8519 0.0000
v 0.0000 -69.5670 21.6487
v 176.5644 0.0000 0.0000
v 0.0000 1.0000 1.0000
v 1.0000 0.0000 0.0000
v 0.0000 -5.0196 0.0000
v 0.0000 0.0000 13.0410
v 2.3802 -3.1265 17.9863
v 0.0000 0.0000 -73.0222
v 25.6436 186.6910 0.0000
v 0.0000 0.0000 1.0000
v 1.0000 1.0000 0.0000
v 13.0250 1.1955 -4.5414
v 18.5576 0.0000 0.0000
v -72.0003 24.7949 192.0065
v 1.0000 1.0000 1.0000
v -5.0196 0.0000 0.0000
v 0.0000 12.4712 -2.8778
v -5.9869 18.8120 0.0000
v 0.0000 -68.1542 22.8984
v 199.2286 0.0000 0.0000
v 0.0000 1.0000 1.0000
v 1.0000 0.0000 0.0000
v 0.0000 -5.0196 0.0000
v 0.0000 0.0000 12.1886
v -3.9417 -5.0464 18.4181
v 0.0000 0.0000 -65.3538
v 20.7817 206.5438 0.0000
v 0.0000 0.0000 1.0000
v 1.0000 1.0000 0.0000
v 0.0000 0.0000 -0.1008
v 0.9204 -13.4653 17.7190
v 0.0000 0.0000 -55.8715
v 33.7411 20.8307 0.0000
v 0.0000 0.0000 1.0000
v 1.0000 1.0000 0.0000
v 0.0000 -2.6118 0.0000
v 0.0000 5.0419 4.9345
v -12.1288 17.4202 0.0000
v 0.0000 -49.2710 44.0764
v 31.8442 0.0000 0.0000
v 0.0000 1.0000 1.0000
v 1.0000 0.0000 0.0000
v -2.6118 0.0000 0.0000
v 6.9211 4.1401 -12.2997
v 18.1282 0.0000 0.0000
v -44.7837 42.5654 31.8719
v 1.0000 1.0000 1.0000
v 0.0000 0.0000 12.2490
v 2.7463 -9.1096 19.2308
v 0.0000 0.0000 -36.3737
v 41.8512 35.2728 0.0000
v 0.0000 0.0000 1.0000
v 1.0000 1.0000 0.0000
v 0.0000 -5.0196 0.0000
v 0.0000 0.0000 13.4812
v 2.0033 0.0474 18.0792
v 0.0000 0.0000 -24.2179
v 33.2461 40.8059 0.0000
v 0.0000 0.0000 1.0000
v 1.0000 1.0000 0.0000
v 12.2942 -2.7629 8.1814
v 19.2841 0.0000 0.0000
v -28.3853 35.4648 55.9571
v 1.0000 1.0000 1.0000
v -5.0196 0.0000 0.0000
v 0.0000 12.5606 1.2884
v 9.0974 19.7701 0.0000
v 0.0000 -32.5641 36.9609
v 62.3626 0.0000 0.0000
v 0.0000 1.0000 1.0000
v 1.0000 0.0000 0.0000
v 0.0000 -2.6118 0.0000
v 0.0000 -5.7182 8.0616
v -10.3292 16.1495 0.0000
v 0.0000 -75.5675 42.5137
v 29.8177 0.0000 0.0000
v 0.0000 1.0000 1.0000
v 1.0000 0.0000 0.0000
v -5.0196 0.0000 0.0000
v 0.0000 12.4446 0.2924
v 9.1401 19.8909 0.0000
v 0.0000 -33.6020 33.9037
v 69.5821 0.0000 0.0000
v 0.0000 1.0000 1.0000
v 1.0000 0.0000 0.0000
v 0.0000 -5.0196 0.0000
v 0.0000 0.0000 12.6043
v 0.9404 8.8868 19.7264
v 0.0000 0.0000 -38.0877
v 34.1780 75.9871 0.0000
v 0.0000 0.0000 1.0000
v 1.0000 1.0000 0.0000
v 12.2742 4.0263 8.2331
v 18.5281 0.0000 0.0000
v -44.1576 37.2675 81.9147
v 1.0000 1.0000 1.0000
v -5.0196 0.0000 0.0000
v 0.0000 10.4597 -7.6971
v 6.9145 17.6727 0.0000
v 0.0000 -37.7137 25.6603
v 89.7721 0.0000 0.0000
v 0.0000 1.0000 1.0000
v 1.0000 0.0000 0.0000
v 0.0000 -5.0196 0.0000
v 0.0000 0.0000 12.8386
v 0.7946 7.7018 19.2782
v 0.0000 0.0000 -45.5137
v 30.6057 94.7568 0.0000
v 0.0000 0.0000 1.0000
v 1.0000 1.0000 0.0000
v 12.3112 -3.2805 6.9538
v 18.9384 0.0000 0.0000
v -49.2641 29.0152 104.4419
v 1.0000 1.0000 1.0000
v -5.0196 0.0000 0.0000
v 0.0000 12.8093 -0.6265
v 6.7292 19.1189 0.0000
v 0.0000 -52.3014 29.3191
v 109.6778 0.0000 0.0000
v 0.0000 1.0000 1.0000
v 1.0000 0.0000 0.0000
v 0.0000 -5.0196 0.0000
v 0.0000 0.0000 12.8603
v -0.3647 6.2542 19.0312
v 0.0000 0.0000 -54.0269
v 27.2500 116.3185 0.0000
v 0.0000 0.0000 1.0000
v 1.0000 1.0000 0.0000
v 10.2231 -8.2118 4.8362
v 17.0552 0.0000 0.0000
v -52.6234 21.6669 123.9194
v 1.0000 1.0000 1.0000
v -5.0196 0.0000 0.0000
v 0.0000 13.0312 1.2510
v 5.1279 18.7153 0.0000
v 0.0000 -61.8330 29.2815
v 129.3342 0.0000 0.0000
v 0.0000 1.0000 1.0000
v 1.0000 0.0000 0.0000
v 0.0000 -5.0196 0.0000
v 0.0000 0.0000 11.2844
v -6.2438 4.4014 17.6701
v 0.0000 0.0000 -58.4939
v 23.6572 133.4288 0.0000
v 0.0000 0.0000 1.0000
v 1.0000 1.0000 0.0000
v 0.0000 0.0000 -5.2089
v 4.5065 -12.2758 17.6277
v 0.0000 0.0000 -67.4469
v 38.1610 25.0960 0.0000
v 0.0000 0.0000 1.0000
v 1.0000 1.0000 0.0000
v 0.0000 -5.0196 0.0000
v 0.0000 0.0000 10.0543
v -8.2608 2.7574 16.4867
v 0.0000 0.0000 -61.2676
v 19.6200 149.8327 0.0000
v 0.0000 0.0000 1.0000
v 1.0000 1.0000 0.0000
v 12.7310 4.0937 2.2719
v 17.4296 0.0000 0.0000
v -71.6949 30.5446 156.1185
v 1.0000 1.0000 1.0000
v -5.0196 0.0000 0.0000
v 0.0000 9.2902 -9.3312
v 0.8267 15.7827 0.0000
v 0.0000 -65.9366 18.5751
v 168.1509 0.0000 0.0000
v 0.0000 1.0000 1.0000
v 1.0000 0.0000 0.0000
v 0.0000 -5.0196 0.0000
v 0.0000 0.0000 13.3195
v 2.9846 -0.1223 17.8212
v 0.0000 0.0000 -73.6457
v 27.7108 174.0827 0.0000
v 0.0000 0.0000 1.0000
v 1.0000 1.0000 0.0000
v 9.2129 -9.3693 -1.1498
v 15.7653 0.0000 0.0000
v -65.6923 15.8583 179.7902
v 1.0000 1.0000 1.0000
v -5.0196 0.0000 0.0000
v 0.0000 12.1159 4.9805
v -3.5265 16.9818 0.0000
v 0.0000 -76.5525 30.7049
v 190.3048 0.0000 0.0000
v 0.0000 1.0000 1.0000
v 1.0000 0.0000 0.0000
v 0.0000 -5.0196 0.0000
v 0.0000 0.0000 10.7982
v -7.2120 -4.4650 17.3587
v 0.0000 0.0000 -67.3091
v 18.7440 192.9664 0.0000
v 0.0000 0.0000 1.0000
v 1.0000 1.0000 0.0000
v 12.6073 3.7427 -5.9738
v 18.2265 0.0000 0.0000
v -69.6760 27.0960 205.5479
v 1.0000 1.0000 1.0000
v 1.0000 0.0000 0.0000
v 0.0000 0.0000 4.9050
v 2.7399 1.0066 87.5034
v 0.0000 0.0000 192.8237
v 339.0000 -293.2915 0.0000
v 0.0000 0.0000 1.0000
v 1.0000 1.0000 0.0000
v 2.5098 -19.0745 0.0000
v 0.0000 108.3863 220.7435
v -168.7753 175.2081 0.0000
v 0.0000 -216.3238 -54.5000
v 94.2916 0.0000 0.0000
v 0.0000 1.0000 1.0000
v 1.0000 0.0000 0.0000
v 0.5647 1.0000 0.0000
v -4.2488 2.7399 -2.2547
v 85.2325 0.0000 0.0000
v 338.3580 339.0000 -93.3533
v 1.0000 1.0000 1.0000
v 0.0000 0.0000 228.2063
v 270.1230 -60.0707 119.5839
v 0.0000 0.0000 -266.3580
v -100.5000 135.8533 0.0000
v 0.0000 0.0000 1.0000
v 1.0000 1.0000 0.0000
v 1.0039 0.4980 0.0000
v -20.7365 70.0000 17.1450
v 373.0933 0.0000 0.0000
v 108.0000 71.0000 -119.0000
v 1.0000 1.0000 1.0000
v 0.0000 -5.6457 70.0000
v 31.5490 367.3601 0.0000
v 0.0000 -33.0000 35.0000
v 311.0000 0.0000 0.0000
v 0.0000 1.0000 1.0000
v 1.0000 0.0000 0.0000
v 0.4980 0.0000 0.0000
v 0.0000 0.0000 -3.4539
v 70.0000 30.9688 367.0001
v 0.0000 0.0000 -203.0000
v 71.0000 -141.0000 0.0000
v 0.0000 0.0000 1.0000
v 1.0000 1.0000 0.0000
v 1.0039 0.4980 0.0000
v 16.8887 70.0000 20.9891
v 373.0594 0.0000 0.0000
v -42.0000 35.0000 536.0000
v 1.0000 1.0000 1.0000
v 0.0000 -20.9331 70.0000
v -16.9455 373.0673 0.0000
v 0.0000 -22.0000 67.0000
v 133.0000 0.0000 0.0000
v 0.0000 1.0000 1.0000
v 1.0000 0.0000 0.0000
v 0.4980 0.0000 0.0000
v 0.0000 0.0000 18.1112
v 70.0000 -19.7799 373.1809
v 0.0000 0.0000 -151.0000
v 21.0000 23.0000 0.0000
v 0.0000 0.0000 1.0000
v 1.0000 1.0000 0.0000
v 0.0000 1.0000 0.0000
v 0.0000 0.0000 -10.4016
v -9.4394 -30.8855 34.6164
v 0.0000 0.0000 88.3222
v 16.3065 -16.0762 0.0000
v 0.0000 0.0000 1.0000
v 1.0000 1.0000 0.0000
v 0.0000 22.1669 -4.0535
v 11.7692 28.0280 0.0000
v 0.0000 251.6000 -55.0000
v -63.6000 0.0000 0.0000
v 0.0000 1.0000 1.0000
v 1.0000 0.0000 0.0000
v 0.0000 1.0000 0.0000
v -10.1118 -8.2922 -10.6501
v 17.2086 0.0000 0.0000
v 62.8000 28.7000 -9.7000
v 1.0000 1.0000 1.0000
v 1.0000 0.0000 0.0000
v 0.0000 0.0000 5.7704
v -6.6761 -14.7762 18.1339
v 0.0000 0.0000 69.0000
v 38.5000 -9.0000 0.0000
v 0.0000 0.0000 1.0000
v 1.0000 1.0000 0.0000
v 0.0000 0.0000 -18.1306
v 0.7201 -29.4280 36.4470
v 0.0000 0.0000 68.3138
v 32.3509 -10.6663 0.0000
v 0.0000 0.0000 1.0000
v 1.0000 1.0000 0.0000
v 0.0000 20.6303 6.0970
v 13.2510 27.1335 0.0000
v 0.0000 247.2000 -50.0000
v -69.5000 0.0000 0.0000
v 0.0000 1.0000 1.0000
v 1.0000 0.0000 0.0000
v 0.0000 1.0000 0.0000
v -9.2283 -3.5420 -13.4439
v 18.3911 0.0000 0.0000
v 64.4000 31.7000 -8.7000
v 1.0000 1.0000 1.0000
v 1.0000 0.0000 0.0000
v -31.0598 -7.2731 1.0105
v 34.5333 0.0000 0.0000
v 72.7389 62.3196 31.9196
v 1.0000 1.0000 1.0000
v 1.0000 0.0000 0.0000
v 16.6191 -4.6819 -28.8012
v 35.0976 0.0000 0.0000
v -13.8905 28.4628 -103.8681
v 1.0000 1.0000 1.0000
v 1.0000 0.0000 0.0000
v 0.0000 0.0000 19.5978
v -2.8461 15.4447 28.2200
v 0.0000 0.0000 248.8999
v -53.0000 -60.1000 0.0000
v 0.0000 0.0000 1.0000
v 1.0000 1.0000 0.0000
v 0.0000 -11.1421 -10.8212
v -6.9433 15.5711 0.0000
v 0.0000 70.4000 65.8000
v 5.3000 0.0000 0.0000
v 0.0000 1.0000 1.0000
v 1.0000 0.0000 0.0000
v 1.0039 0.0000 0.0000
v 0.0000 -11.0000 -0.0000
v 56.2685 0.0000 0.0000
v 1.0000 1.0000 1.0000
v 1.0039 0.0000 0.0000
v 0.0000 -6.0000 -0.0000
v 82.7478 0.0000 0.0000
v 1.0000 1.0000 1.0000
v 1.0039 0.5294 0.0000
v 0.0000 0.0000 -3.0000
v 0.0000 105.9172 0.0000
v 0.0000 205.5000 37.0000
v -138.0000 0.0000 0.0000
v 0.0000 1.0000 1.0000
v 1.0000 0.0000 0.0000
v 0.0000 0.0000 -13.7500
v -0.0000 54.7610 0.0000
v 0.0000 1.0000 1.0000
v 1.0000 0.0000 0.0000
v 0.0000 0.0000 -7.5000
v -0.0000 80.5308 0.0000
v 0.0000 1.0000 1.0000
v 1.0000 0.0000 0.0000
v -3.7500 0.0000 103.0794
v 0.0000 0.0000 145.5000
v 56.0000 -122.0000 0.0000
v 0.0000 0.0000 1.0000
v 1.0000 1.0000 0.0000
v -11.0000 0.0000 54.7288
v 0.0000 0.0000 1.0000
v 1.0000 1.0000 0.0000
v -6.0000 0.0000 80.4835
v 0.0000 0.0000 1.0000
v 1.0000 1.0000 0.0000
v 0.5294 0.0000 0.0000
v 0.0000 -3.0000 0.0000
v 103.0189 0.0000 0.0000
v 141.0000 37.0000 -55.5000
v 1.0000 1.0000 1.0000
v 1.0039 0.0000 0.0000
v -0.0000 -11.0000 0.0000
v 65.9496 0.0000 0.0000
v 1.0000 1.0000 1.0000
v 1.0039 0.0000 0.0000
v -0.0000 -6.0000 0.0000
v 96.9847 0.0000 0.0000
v 1.0000 1.0000 1.0000
v 1.0039 0.5294 0.0000
v 0.0000 0.0000 -3.0000
v 0.0000 124.1404 0.0000
v 0.0000 167.5000 37.0000
v -82.5000 0.0000 0.0000
v 0.0000 1.0000 1.0000
v 1.0000 0.0000 0.0000
v 0.0000 -0.0000 -13.7500
v -0.0000 56.2685 0.0000
v 0.0000 1.0000 1.0000
v 1.0000 0.0000 0.0000
v 0.0000 0.0000 -7.5000
v -0.0000 82.7478 0.0000
v 0.0000 1.0000 1.0000
v 1.0000 0.0000 0.0000
v -3.7500 0.0000 105.9172
v 0.0000 0.0000 191.0000
v 56.0000 -70.5000 0.0000
v 0.0000 0.0000 1.0000
v 1.0000 1.0000 0.0000
v 1.0000 0.0000 0.0000
v 0.0000 0.0000 -1.5944
v 8.7838 0.2872 30.4704
v 0.0000 0.0000 8.1547
v 27.7179 -3.8096 0.0000
v 0.0000 0.0000 1.0000
v 1.0000 1.0000 0.0000
v 0.0000 1.0000 0.0000
v 0.0000 5.3713 13.9966
v -3.1838 16.0536 0.0000
v 0.0000 -24.2000 29.0000
v 4.8999 0.0000 0.0000
v 0.0000 1.0000 1.0000
v 1.0000 0.0000 0.0000
v 0.0000 -0.4448 7.0270
v 0.1121 23.8882 0.0000
v 0.0000 24.6450 24.1000
v -4.7601 0.0000 0.0000
v 0.0000 1.0000 1.0000
v 1.0000 0.0000 0.0000
v 1.0000 0.0000 0.0000
v 13.6881 12.6652 -4.2550
v 17.3439 0.0000 0.0000
v -19.5000 28.7000 7.0000
v 1.0000 1.0000 1.0000
v 0.5020 -1.0039 0.0000
v 0.0000 0.0000 22.8936
v 21.5689 14.5332 28.1137
v 0.0000 0.0000 -42.3971
v 24.0971 24.7958 0.0000
v 0.0000 0.0000 1.0000
v 1.0000 1.0000 0.0000
v -5.0196 0.0000 0.0000
v 0.0000 19.7581 17.7967
v 20.1823 29.2197 0.0000
v 0.0000 -41.3815 32.5203
v 31.8842 0.0000 0.0000
v 0.0000 1.0000 1.0000
v 1.0000 0.0000 0.0000
v 0.0000 0.0000 30.2250
v 38.1176 21.1546 44.8519
v 0.0000 0.0000 -54.6781
v 16.2350 20.1966 0.0000
v 0.0000 0.0000 1.0000
v 1.0000 1.0000 0.0000
v -3.0118 0.0000 0.0000
v 1.3850 3.6532 -12.9664
v 105.8637 0.0000 0.0000
v -0.0001 235.0875 293.2639
v 1.0000 1.0000 1.0000
v 116.8313 145.9738 192.9260
v 0.0000 0.0000 -87.0000
v 97.9125 -406.2639 0.0000
v 0.0000 0.0000 1.0000
v 1.0000 1.0000 0.0000
v 0.0000 0.0000 -4.1408
v 3.6532 6.4554 116.1767
v 0.0000 0.0000 309.5671
v 339.0000 165.4362 0.0000
v 0.0000 0.0000 1.0000
v 1.0000 1.0000 0.0000
v 2.5098 1.0000 0.0000
v 0.0000 153.3873 170.2861
v 78.5940 192.7739 0.0000
v 0.0000 -465.0672 39.0000
v -85.4362 0.0000 0.0000
v 0.0000 1.0000 1.0000
v 1.0000 0.0000 0.0000
v 0.4980 0.0000 0.0000
v 0.0000 0.0000 -23.7216
v 70.0000 -14.0841 372.3998
v 0.0000 0.0000 -32.0000
v 49.0000 -225.0000 0.0000
v 0.0000 0.0000 1.0000
v 1.0000 1.0000 0.0000
v 1.0039 0.4980 0.0000
v 18.1112 70.0000 -19.7798
v 373.1809 0.0000 0.0000
v -459.0000 21.0000 72.0000
v 1.0000 1.0000 1.0000
v 0.0000 30.2861 70.0000
v -0.9954 366.2091 0.0000
v 0.0000 -363.0000 31.0000
v -122.0000 0.0000 0.0000
v 0.0000 1.0000 1.0000
v 1.0000 0.0000 0.0000
v 0.4980 0.0000 0.0000
v 0.0000 0.0000 19.7490
v 69.9574 17.0550 372.9402
v 0.0000 0.0000 142.3782
v 69.0426 -352.5588 0.0000
v 0.0000 0.0000 1.0000
v 1.0000 1.0000 0.0000
v 1.0039 0.4980 0.0000
v -23.0473 52.5000 4.9566
v 276.0989 0.0000 0.0000
v 56.0000 38.5000 162.0000
v 1.0000 1.0000 1.0000
v 0.0000 18.1112 70.0000
v -19.7798 373.1809 0.0000
v 0.0000 -176.0000 49.0000
v -204.0000 0.0000 0.0000
v 0.0000 1.0000 1.0000
v 1.0000 0.0000 0.0000
v 1.0000 0.0000 0.0000
v 0.0000 0.0000 -13.9269
v -16.3321 12.4704 22.7094
v 0.0000 0.0000 132.1000
v 50.5000 35.1000 0.0000
v 0.0000 0.0000 1.0000
v 1.0000 1.0000 0.0000
v 0.0000 -18.4522 -13.6743
v 10.8566 24.7767 0.0000
v 0.0000 75.7000 26.0000
v -27.7000 0.0000 0.0000
v 0.0000 1.0000 1.0000
v 1.0000 0.0000 0.0000
v 0.0000 1.0000 0.0000
v -11.2635 -12.1711 12.6440
v 19.9760 0.0000 0.0000
v 136.8000 49.0000 42.5000
v 1.0000 1.0000 1.0000
v -11.0000 0.0000 48.0833
v 0.0000 0.0000 1.0000
v 1.0000 1.0000 0.0000
v -6.0000 0.0000 70.7107
v 0.0000 0.0000 1.0000
v 1.0000 1.0000 0.0000
v 0.5294 0.0000 0.0000
v 0.0000 -3.0000 0.0000
v 90.5097 0.0000 0.0000
v -32.0000 37.0000 -209.0000
v 1.0000 1.0000 1.0000
v 1.0039 0.0000 0.0000
v 0.0000 -8.2500 0.0000
v 66.7060 0.0000 0.0000
v 1.0000 1.0000 1.0000
v 1.0039 0.0000 0.0000
v 0.0000 -4.5000 0.0000
v 98.0970 0.0000 0.0000
v 1.0000 1.0000 1.0000
v 1.0039 0.5294 0.0000
v 0.0000 0.0000 -2.2500
v 0.0000 125.5642 0.0000
v 0.0000 -160.0000 17.0000
v -206.0000 0.0000 0.0000
v 0.0000 1.0000 1.0000
v 1.0000 0.0000 0.0000
v 0.0000 0.0000 -11.0000
v 0.0000 66.5706 0.0000
v 0.0000 1.0000 1.0000
v 1.0000 0.0000 0.0000
v 0.0000 0.0000 -6.0000
v 0.0000 97.8980 0.0000
v 0.0000 1.0000 1.0000
v 1.0000 0.0000 0.0000
v -3.0000 0.0000 125.3094
v 0.0000 0.0000 -258.5000
v 37.0000 -106.0000 0.0000
v 0.0000 0.0000 1.0000
v 1.0000 1.0000 0.0000
v -13.7500 0.0000 64.6458
v 0.0000 0.0000 1.0000
v 1.0000 1.0000 0.0000
v -7.5000 0.0000 95.0673
v 0.0000 0.0000 1.0000
v 1.0000 1.0000 0.0000
v 0.5294 0.0000 0.0000
v 0.0000 -3.7500 0.0000
v 121.6861 0.0000 0.0000
v -177.0000 55.0000 -134.0000
v 1.0000 1.0000 1.0000
v 1.0039 0.0000 0.0000
v 0.0000 -11.0000 0.0000
v 48.0833 0.0000 0.0000
v 1.0000 1.0000 1.0000
v 1.0039 0.0000 0.0000
v 0.0000 -6.0000 0.0000
v 70.7107 0.0000 0.0000
v 1.0000 1.0000 1.0000
v 1.0039 0.5294 0.0000
v 0.0000 0.0000 -3.0000
v 0.0000 90.5097 0.0000
v 0.0000 -359.0000 38.0000
v 41.5000 0.0000 0.0000
v 0.0000 1.0000 1.0000
v 1.0000 0.0000 0.0000
v 0.0000 0.0000 -13.7500
v 0.0000 67.8957 0.0000
v 0.0000 1.0000 1.0000
v 1.0000 0.0000 0.0000
v 0.0000 0.0000 -7.5000
v 0.0000 99.8466 0.0000
v 0.0000 1.0000 1.0000
v 1.0000 0.0000 0.0000
v -3.7500 0.0000 127.8036
v 0.0000 0.0000 -270.0000
v 55.0000 22.5000 0.0000
v 0.0000 0.0000 1.0000
v 1.0000 1.0000 0.0000
v -11.0000 0.0000 66.5706
v 0.0000 0.0000 1.0000
v 1.0000 1.0000 0.0000
v -6.0000 0.0000 97.8980
v 0.0000 0.0000 1.0000
v 1.0000 1.0000 0.0000
v 0.5294 0.0000 0.0000
v 0.0000 -3.0000 0.0000
v 125.3094 0.0000 0.0000
v 13.5000 37.0000 -240.0000
v 1.0000 1.0000 1.0000
v 1.0039 0.0000 0.0000
v 0.0000 -11.0000 0.0000
v 66.8347 0.0000 0.0000
v 1.0000 1.0000 1.0000
v 1.0039 0.0000 0.0000
v 0.0000 -6.0000 0.0000
v 98.2863 0.0000 0.0000
v 1.0000 1.0000 1.0000
v 1.0039 0.5294 0.0000
v 0.0000 0.0000 -3.0000
v 0.0000 125.8064 0.0000
v 0.0000 -92.5000 37.0000
v -229.5000 0.0000 0.0000
v 0.0000 1.0000 1.0000
v 1.0000 0.0000 0.0000
v 0.0000 0.0000 -11.0000
v 0.0000 67.4728 0.0000
v 0.0000 1.0000 1.0000
v 1.0000 0.0000 0.0000
v 0.0000 0.0000 -6.0000
v 0.0000 99.2247 0.0000
v 0.0000 1.0000 1.0000
v 1.0000 0.0000 0.0000
v -3.0000 0.0000 127.0077
v 0.0000 0.0000 -224.0000
v 37.0000 -173.0000 0.0000
v 0.0000 0.0000 1.0000
v 1.0000 1.0000 0.0000
v -11.0000 0.0000 64.2110
v 0.0000 0.0000 1.0000
v 1.0000 1.0000 0.0000
v -6.0000 0.0000 94.4279
v 0.0000 0.0000 1.0000
v 1.0000 1.0000 0.0000
v 0.5294 0.0000 0.0000
v 0.0000 -3.0000 0.0000
v 120.8677 0.0000 0.0000
v -304.0000 37.0000 -33.5000
v 1.0000 1.0000 1.0000
v 1.0039 0.0000 0.0000
v 0.0000 -11.0000 0.0000
v 59.4988 0.0000 0.0000
v 1.0000 1.0000 1.0000
v 1.0039 0.0000 0.0000
v 0.0000 -6.0000 0.0000
v 87.4982 0.0000 0.0000
v 1.0000 1.0000 1.0000
v 1.0039 0.5294 0.0000
v 0.0000 0.0000 -3.0000
v 0.0000 111.9977 0.0000
v 0.0000 11.0000 37.0000
v -134.5000 0.0000 0.0000
v 0.0000 1.0000 1.0000
v 1.0000 0.0000 0.0000
v 0.0000 0.0000 -11.0000
v 0.0000 48.0833 0.0000
v 0.0000 1.0000 1.0000
v 1.0000 0.0000 0.0000
v 0.0000 0.0000 -6.0000
v 0.0000 70.7107 0.0000
v 0.0000 1.0000 1.0000
v 1.0000 0.0000 0.0000
v -3.0000 0.0000 90.5097
v 0.0000 0.0000 -94.0000
v 37.0000 -166.5000 0.0000
v 0.0000 0.0000 1.0000
v 1.0000 1.0000 0.0000
v -8.2500 0.0000 48.0833
v 0.0000 0.0000 1.0000
v 1.0000 1.0000 0.0000
v -4.5000 0.0000 70.7107
v 0.0000 0.0000 1.0000
v 1.0000 1.0000 0.0000
v 0.5294 0.0000 0.0000
v 0.0000 -2.2500 0.0000
v 90.5097 0.0000 0.0000
v -225.0000 18.0000 -60.0000
v 1.0000 1.0000 1.0000
v 0.0000 -3.0118 0.0000
v 0.0000 -0.1735 8.7838
v -1.0297 29.9677 0.0000
v 0.0000 7.3571 31.0000
v 29.8575 0.0000 0.0000
v 0.0000 1.0000 1.0000
v 1.0000 0.0000 0.0000
v 1.0000 0.0000 0.0000
v 0.0000 0.0000 6.4673
v 16.2417 17.1895 26.1474
v 0.0000 0.0000 -60.0000
v -34.4000 -136.8001 0.0000
v 0.0000 0.0000 1.0000
v 1.0000 1.0000 0.0000
v -3.0118 0.0000 0.0000
v 0.7619 7.0270 0.7124
v 24.2973 0.0000 0.0000
v -14.4615 24.8000 19.9009
v 1.0000 1.0000 1.0000
v -8.9927 13.0086 11.6996
v 19.1240 0.0000 0.0000
v -60.3000 -34.5000 -137.4000
v 1.0000 1.0000 1.0000
v 0.0000 -5.0196 0.0000
v 0.0000 0.0000 0.3463
v -1.6911 13.1294 18.2403
v 0.0000 0.0000 -127.0983
v 35.5464 -82.1487 0.0000
v 0.0000 0.0000 1.0000
v 1.0000 1.0000 0.0000
v 3.7025 6.5810 11.3832
v 16.2766 0.0000 0.0000
v -120.2590 42.5137 -92.0008
v 1.0000 1.0000 1.0000
v -5.0196 0.0000 0.0000
v 0.0000 6.6694 0.9817
v 12.9551 19.1017 0.0000
v 0.0000 -116.7375 37.4444
v -86.8452 0.0000 0.0000
v 0.0000 1.0000 1.0000
v 1.0000 0.0000 0.0000
v 0.0000 -5.0196 0.0000
v 0.0000 0.0000 9.8271
v 2.3778 12.1251 19.7576
v 0.0000 0.0000 -108.0113
v 40.1528 -92.3695 0.0000
v 0.0000 0.0000 1.0000
v 1.0000 1.0000 0.0000
v 8.7727 6.7666 10.5491
v 17.5619 0.0000 0.0000
v -104.2185 42.5797 -101.5419
v 1.0000 1.0000 1.0000
v -5.0196 0.0000 0.0000
v 0.0000 9.2780 -3.8025
v 11.5921 19.7387 0.0000
v 0.0000 -96.3630 35.9344
v -101.0327 0.0000 0.0000
v 0.0000 1.0000 1.0000
v 1.0000 0.0000 0.0000
v 0.0000 -5.0196 0.0000
v 0.0000 0.0000 8.8050
v -2.1246 12.2614 19.6888
v 0.0000 0.0000 -91.0613
v 35.8743 -106.3076 0.0000
v 0.0000 0.0000 1.0000
v 1.0000 1.0000 0.0000
v 6.6121 3.3215 12.6887
v 18.5089 0.0000 0.0000
v -82.5768 38.2390 -116.0435
v 1.0000 1.0000 1.0000
v -5.0196 0.0000 0.0000
v 0.0000 4.1316 6.9970
v 11.1343 16.2381 0.0000
v 0.0000 -76.7146 38.9612
v -122.4481 0.0000 0.0000
v 0.0000 1.0000 1.0000
v 1.0000 0.0000 0.0000
v 0.0000 -5.0196 0.0000
v 0.0000 0.0000 6.3955
v 4.0943 12.4670 18.1764
v 0.0000 0.0000 -67.9854
v 33.0311 -120.1516 0.0000
v 0.0000 0.0000 1.0000
v 1.0000 1.0000 0.0000
v 7.9465 -8.2810 9.8711
v 17.8424 0.0000 0.0000
v -59.6818 24.8190 -118.1677
v 1.0000 1.0000 1.0000
v -5.0196 0.0000 0.0000
v 0.0000 10.6730 5.2801
v 10.0713 18.6028 0.0000
v 0.0000 -56.8621 33.0671
v -133.5178 0.0000 0.0000
v 0.0000 1.0000 1.0000
v 1.0000 0.0000 0.0000
v 0.0000 -5.0196 0.0000
v 0.0000 0.0000 10.7992
v 4.3114 10.7426 19.1698
v 0.0000 0.0000 -52.9617
v 31.1190 -137.3955 0.0000
v 0.0000 0.0000 1.0000
v 1.0000 1.0000 0.0000
v 9.7378 5.0905 11.0796
v 18.6427 0.0000 0.0000
v -46.7344 30.1008 -147.2408
v 1.0000 1.0000 1.0000
v -5.0196 0.0000 0.0000
v 0.0000 9.3934 -2.9844
v 11.7979 19.8966 0.0000
v 0.0000 -39.9725 25.3442
v -150.0970 0.0000 0.0000
v 0.0000 1.0000 1.0000
v 1.0000 0.0000 0.0000
v 0.0000 -5.0196 0.0000
v 0.0000 0.0000 8.0065
v -7.1786 10.5542 18.2820
v 0.0000 0.0000 -32.1290
v 20.8908 -153.9507 0.0000
v 0.0000 0.0000 1.0000
v 1.0000 1.0000 0.0000
v 7.7710 7.1457 10.7119
v 16.9316 0.0000 0.0000
v -35.7500 29.0000 -166.7500
v 1.0000 1.0000 1.0000
v -5.0196 0.0000 0.0000
v 0.0000 7.2096 -8.3367
v 10.0375 17.4003 0.0000
v 0.0000 -28.5000 20.3750
v -158.8750 0.0000 0.0000
v 0.0000 1.0000 1.0000
v 1.0000 0.0000 0.0000
v 0.0000 -5.0196 0.0000
v 0.0000 0.0000 1.2888
v -4.8954 12.0060 17.6808
v 0.0000 0.0000 -16.1245
v 22.6053 -162.2233 0.0000
v 0.0000 0.0000 1.0000
v 1.0000 1.0000 0.0000
v -4.1449 1.8329 12.9978
v 18.2921 0.0000 0.0000
v -2.7628 23.9491 -165.0313
v 1.0000 1.0000 1.0000
v -5.0196 0.0000 0.0000
v 0.0000 -7.5281 4.1956
v 12.3236 18.3187 0.0000
v 0.0000 8.2305 24.9073
v -162.1391 0.0000 0.0000
v 0.0000 1.0000 1.0000
v 1.0000 0.0000 0.0000
v 0.0000 -5.0196 0.0000
v 0.0000 0.0000 -8.6539
v 7.1113 10.3565 17.3417
v 0.0000 0.0000 18.9089
v 26.8468 -156.9830 0.0000
v 0.0000 0.0000 1.0000
v 1.0000 1.0000 0.0000
v -10.5246 4.5421 10.8452
v 19.0475 0.0000 0.0000
v 23.6752 24.5244 -145.6703
v 1.0000 1.0000 1.0000
v -5.0196 0.0000 0.0000
v 0.0000 -10.7648 0.7247
v 11.5402 20.4304 0.0000
v 0.0000 28.5260 22.1273
v -134.7282 0.0000 0.0000
v 0.0000 1.0000 1.0000
v 1.0000 0.0000 0.0000
v 0.0000 -5.0196 0.0000
v 0.0000 0.0000 -8.4457
v -6.6516 10.6898 18.6933
v 0.0000 0.0000 33.9644
v 19.7426 -124.4033 0.0000
v 0.0000 0.0000 1.0000
v 1.0000 1.0000 0.0000
v -6.0456 -6.1982 11.2975
v 18.0945 0.0000 0.0000
v 43.9332 20.9643 -118.5549
v 1.0000 1.0000 1.0000
v -5.0196 0.0000 0.0000
v 0.0000 -0.8983 -2.1382
v 12.9739 18.2145 0.0000
v 0.0000 58.7504 26.7442
v -121.2412 0.0000 0.0000
v 0.0000 1.0000 1.0000
v 1.0000 0.0000 0.0000
v 0.0000 -5.0196 0.0000
v 0.0000 0.0000 0.2319
v 3.7731 13.0961 17.5425
v 0.0000 0.0000 71.7737
v 30.5085 -124.6016 0.0000
v 0.0000 0.0000 1.0000
v 1.0000 1.0000 0.0000
v -4.5137 5.2343 12.0294
v 17.1617 0.0000 0.0000
v 86.0406 31.6241 -126.4969
v 1.0000 1.0000 1.0000
v -5.0196 0.0000 0.0000
v 0.0000 -8.1890 -1.9850
v 12.4711 19.3438 0.0000
v 0.0000 91.3130 25.4280
v -115.3083 0.0000 0.0000
v 0.0000 1.0000 1.0000
v 1.0000 0.0000 0.0000
v 0.0000 -5.0196 0.0000
v 0.0000 0.0000 -9.8267
v 5.3552 10.8081 18.5200
v 0.0000 0.0000 107.8640
v 30.3499 -111.7110 0.0000
v 0.0000 0.0000 1.0000
v 1.0000 1.0000 0.0000
v -10.3107 4.0085 11.3227
v 19.2878 0.0000 0.0000
v 116.4189 30.9200 -104.1317
v 1.0000 1.0000 1.0000
v -5.0196 0.0000 0.0000
v 0.0000 -8.2538 4.5679
v 12.0479 18.3071 0.0000
v 0.0000 123.6548 31.3899
v -99.0649 0.0000 0.0000
v 0.0000 1.0000 1.0000
v 1.0000 0.0000 0.0000
v 0.0000 -5.0196 0.0000
v 0.0000 0.0000 3.0298
v 3.0067 12.9372 17.8106
v 0.0000 0.0000 136.6913
v 29.8297 -92.6656 0.0000
v 0.0000 0.0000 1.0000
v 1.0000 1.0000 0.0000
v 3.9326 2.1758 12.9451
v 18.1316 0.0000 0.0000
v -137.6957 31.9377 -87.3151
v 1.0000 1.0000 1.0000
v -5.0196 0.0000 0.0000
v 0.0000 -0.1950 6.7839
v 11.6803 16.0320 0.0000
v 0.0000 -134.7622 38.1619
v -91.4807 0.0000 0.0000
v 0.0000 1.0000 1.0000
v 1.0000 0.0000 0.0000
v 0.0000 -5.0196 0.0000
v 0.0000 0.0000 -1.4777
v -0.5271 13.1678 18.3289
v 0.0000 0.0000 -130.2836
v 35.1566 -82.4059 0.0000
v 0.0000 0.0000 1.0000
v 1.0000 1.0000 0.0000
v 8.2748 6.9697 10.6517
v 17.2484 0.0000 0.0000
v -112.2801 42.4808 -94.6761
v 1.0000 1.0000 1.0000
v -5.0196 0.0000 0.0000
v 0.0000 10.0755 1.5457
v 12.0975 20.1117 0.0000
v 0.0000 -103.7942 38.8450
v -94.4227 0.0000 0.0000
v 0.0000 1.0000 1.0000
v 1.0000 0.0000 0.0000
v 0.0000 -5.0196 0.0000
v 0.0000 0.0000 9.1980
v 3.9802 11.9605 18.9929
v 0.0000 0.0000 -96.8897
v 40.3380 -107.7515 0.0000
v 0.0000 0.0000 1.0000
v 1.0000 1.0000 0.0000
v 8.4994 0.6322 12.6799
v 19.5412 0.0000 0.0000
v -87.9950 37.2665 -110.8796
v 1.0000 1.0000 1.0000
v -5.0196 0.0000 0.0000
v 0.0000 5.8066 -3.4740
v 12.3179 18.6857 0.0000
v 0.0000 -78.6674 33.3578
v -111.3539 0.0000 0.0000
v 0.0000 1.0000 1.0000
v 1.0000 0.0000 0.0000
v 0.0000 -5.0196 0.0000
v 0.0000 0.0000 5.0191
v 3.0328 12.8181 18.2291
v 0.0000 0.0000 -72.5923
v 33.4504 -118.2700 0.0000
v 0.0000 0.0000 1.0000
v 1.0000 1.0000 0.0000
v 6.6580 6.7306 11.1639
v 17.0092 0.0000 0.0000
v -67.3993 36.8637 -125.5312
v 1.0000 1.0000 1.0000
v -5.0196 0.0000 0.0000
v 0.0000 9.4794 -5.0630
v 10.9701 19.5662 0.0000
v 0.0000 -58.2111 26.9586
v -122.9185 0.0000 0.0000
v 0.0000 1.0000 1.0000
v 1.0000 0.0000 0.0000
v 0.0000 -5.0196 0.0000
v 0.0000 0.0000 10.1038
v -6.3600 9.6847 19.2132
v 0.0000 0.0000 -52.6226
v 26.8285 -130.7057 0.0000
v 0.0000 0.0000 1.0000
v 1.0000 1.0000 0.0000
v 10.3364 5.1018 10.5862
v 18.7315 0.0000 0.0000
v -51.1487 31.0830 -140.0968
v 1.0000 1.0000 1.0000
v -5.0196 0.0000 0.0000
v 0.0000 9.6980 -5.6028
v 10.5474 19.4777 0.0000
v 0.0000 -44.6788 24.9953
v -141.3604 0.0000 0.0000
v 0.0000 1.0000 1.0000
v 1.0000 0.0000 0.0000
v 0.0000 -5.0196 0.0000
v 0.0000 0.0000 8.5475
v -7.4254 10.1790 18.4793
v 0.0000 0.0000 -39.4082
v 23.1639 -146.2644 0.0000
v 0.0000 0.0000 1.0000
v 1.0000 1.0000 0.0000
v 9.2641 2.2463 12.4077
v 19.5676 0.0000 0.0000
v -37.8157 26.2249 -155.1161
v 1.0000 1.0000 1.0000
v -5.0196 0.0000 0.0000
v 0.0000 6.3121 6.5134
v 11.3361 17.0448 0.0000
v 0.0000 -25.9165 27.4236
v -166.1660 0.0000 0.0000
v 0.0000 1.0000 1.0000
v 1.0000 0.0000 0.0000
v 0.0000 -5.0196 0.0000
v 0.0000 0.0000 4.3375
v -2.4340 12.5834 18.4308
v 0.0000 0.0000 -20.9867
v 23.3640 -162.4940 0.0000
v 0.0000 0.0000 1.0000
v 1.0000 1.0000 0.0000
v -5.1380 4.6290 12.3099
v 17.6453 0.0000 0.0000
v 1.1248 25.1506 -165.6406
v 1.0000 1.0000 1.0000
v -5.0196 0.0000 0.0000
v 0.0000 -5.8058 -7.5464
v 10.6119 17.5616 0.0000
v 0.0000 2.2484 18.8791
v -157.3160 0.0000 0.0000
v 0.0000 1.0000 1.0000
v 1.0000 0.0000 0.0000
v 0.0000 -5.0196 0.0000
v 0.0000 0.0000 -9.6797
v -5.1262 10.8084 19.6088
v 0.0000 0.0000 16.9115
v 20.7827 -148.7377 0.0000
v 0.0000 0.0000 1.0000
v 1.0000 1.0000 0.0000
v -10.8010 0.6873 11.5063
v 20.4364 0.0000 0.0000
v 20.1815 22.4459 -147.0222
v 1.0000 1.0000 1.0000
v -5.0196 0.0000 0.0000
v 0.0000 -9.8036 -4.5050
v 11.0115 19.7915 0.0000
v 0.0000 30.2451 20.5568
v -129.9776 0.0000 0.0000
v 0.0000 1.0000 1.0000
v 1.0000 0.0000 0.0000
v 0.0000 -5.0196 0.0000
v 0.0000 0.0000 -8.8666
v 6.5513 10.6504 17.7016
v 0.0000 0.0000 36.7172
v 26.1079 -132.3109 0.0000
v 0.0000 0.0000 1.0000
v 1.0000 1.0000 0.0000
v -4.3729 4.8466 12.2127
v 17.3174 0.0000 0.0000
v 48.3522 28.1929 -124.7947
v 1.0000 1.0000 1.0000
v -5.0196 0.0000 0.0000
v 0.0000 -2.8886 1.2272
v 13.1645 18.2810 0.0000
v 0.0000 53.9377 28.3946
v -123.7599 0.0000 0.0000
v 0.0000 1.0000 1.0000
v 1.0000 0.0000 0.0000
v 0.0000 -5.0196 0.0000
v 0.0000 0.0000 -1.1539
v 3.8054 12.9887 17.5621
v 0.0000 0.0000 76.3962
v 30.9578 -124.8696 0.0000
v 0.0000 0.0000 1.0000
v 1.0000 1.0000 0.0000
v -3.1531 -2.8338 12.4762
v 18.0760 0.0000 0.0000
v 81.0631 25.7720 -119.3299
v 1.0000 1.0000 1.0000
v -5.0196 0.0000 0.0000
v 0.0000 -8.6913 6.3067
v 10.9103 17.7445 0.0000
v 0.0000 103.3380 32.0273
v -119.7754 0.0000 0.0000
v 0.0000 1.0000 1.0000
v 1.0000 0.0000 0.0000
v 0.0000 -5.0196 0.0000
v 0.0000 0.0000 -10.2185
v -0.1145 11.8621 20.3208
v 0.0000 0.0000 101.4796
v 26.1818 -111.2265 0.0000
v 0.0000 0.0000 1.0000
v 1.0000 1.0000 0.0000
v -9.4006 5.7309 10.8734
v 18.2527 0.0000 0.0000
v 121.0092 31.9129 -101.9598
v 1.0000 1.0000 1.0000
v -5.0196 0.0000 0.0000
v 0.0000 -9.6699 0.1440
v 12.1984 20.1295 0.0000
v 0.0000 118.2023 25.5557
v -94.0630 0.0000 0.0000
v 0.0000 1.0000 1.0000
v 1.0000 0.0000 0.0000
v 0.0000 -5.0196 0.0000
v 0.0000 0.0000 7.8566
v 7.1457 10.6920 16.9453
v 0.0000 0.0000 139.7510
v 36.1237 -100.5115 0.0000
v 0.0000 0.0000 1.0000
v 1.0000 1.0000 0.0000
v 0.0000 0.0000 6.0790
v -1.6350 12.7325 18.9539
v 0.0000 0.0000 -139.7803
v 25.8867 -82.4333 0.0000
v 0.0000 0.0000 1.0000
v 1.0000 1.0000 0.0000
v 0.0000 -2.6118 0.0000
v 0.0000 -1.9989 4.6762
v 12.4514 16.7376 0.0000
v 0.0000 -131.2956 39.5741
v -89.0642 0.0000 0.0000
v 0.0000 1.0000 1.0000
v 1.0000 0.0000 0.0000
v -2.6118 0.0000 0.0000
v 2.3343 4.2454 12.5468
v 16.9779 0.0000 0.0000
v -124.5897 40.2064 -88.2208
v 1.0000 1.0000 1.0000
v 0.0000 0.0000 8.6096
v 1.0159 12.7009 19.5641
v 0.0000 0.0000 -113.3756
v 37.6780 -88.3083 0.0000
v 0.0000 0.0000 1.0000
v 1.0000 1.0000 0.0000
v 0.0000 -2.6118 0.0000
v 0.0000 9.4702 -4.2089
v 11.3414 19.7460 0.0000
v 0.0000 -104.0504 35.3826
v -87.3962 0.0000 0.0000
v 0.0000 1.0000 1.0000
v 1.0000 0.0000 0.0000
v -2.6118 0.0000 0.0000
v 9.8913 1.8867 12.1668
v 19.9320 0.0000 0.0000
v -100.3821 39.3900 -101.7969
v 1.0000 1.0000 1.0000
v 0.0000 0.0000 8.3499
v 6.2249 11.1176 17.6212
v 0.0000 0.0000 -94.9560
v 41.1331 -110.9943 0.0000
v 0.0000 0.0000 1.0000
v 1.0000 1.0000 0.0000
v 0.0000 -2.6118 0.0000
v 0.0000 6.5853 6.4468
v 11.3463 17.1254 0.0000
v 0.0000 -86.7954 41.2590
v -117.7660 0.0000 0.0000
v 0.0000 1.0000 1.0000
v 1.0000 0.0000 0.0000
v -2.6118 0.0000 0.0000
v 5.1647 2.7999 12.7481
v 18.1756 0.0000 0.0000
v -78.6915 37.6514 -118.0773
v 1.0000 1.0000 1.0000
v 0.0000 0.0000 5.8089
v 0.2991 12.9299 18.9383
v 0.0000 0.0000 -68.1331
v 28.1042 -114.3295 0.0000
v 0.0000 0.0000 1.0000
v 1.0000 1.0000 0.0000
v 0.0000 -2.6118 0.0000
v 0.0000 8.8441 0.8834
v 12.6102 19.7116 0.0000
v 0.0000 -63.5058 30.8648
v -121.8538 0.0000 0.0000
v 0.0000 1.0000 1.0000
v 1.0000 0.0000 0.0000
v -2.6118 0.0000 0.0000
v 10.5695 4.5313 10.6665
v 18.9536 0.0000 0.0000
v -58.9365 32.0532 -129.1153
v 1.0000 1.0000 1.0000
v 0.0000 0.0000 9.5119
v -7.6571 9.2773 18.5859
v 0.0000 0.0000 -50.5987
v 25.4752 -132.1570 0.0000
v 0.0000 0.0000 1.0000
v 1.0000 1.0000 0.0000
v 0.0000 -2.6118 0.0000
v 0.0000 9.8606 -5.6650
v 10.3826 19.4862 0.0000
v 0.0000 -46.4149 24.9934
v -137.7778 0.0000 0.0000
v 0.0000 1.0000 1.0000
v 1.0000 0.0000 0.0000
v -2.6118 0.0000 0.0000
v 9.8161 3.7725 11.5814
v 19.1268 0.0000 0.0000
v -44.1333 28.9660 -149.2440
v 1.0000 1.0000 1.0000
v 0.0000 0.0000 8.4071
v 6.5269 10.8989 17.5178
v 0.0000 0.0000 -42.9009
v 30.5204 -155.5073 0.0000
v 0.0000 0.0000 1.0000
v 1.0000 1.0000 0.0000
v 0.0000 -2.6118 0.0000
v 0.0000 9.0624 1.1696
v 12.5669 19.7777 0.0000
v 0.0000 -32.8742 24.2687
v -160.9191 0.0000 0.0000
v 0.0000 1.0000 1.0000
v 1.0000 0.0000 0.0000
v -2.6118 0.0000 0.0000
v -0.7878 6.1731 11.9669
v 15.7316 0.0000 0.0000
v -11.5738 27.3207 -167.4228
v 1.0000 1.0000 1.0000
v 0.0000 0.0000 -2.2351
v -7.5072 10.4649 16.4357
v 0.0000 0.0000 -8.1037
v 20.2412 -160.4614 0.0000
v 0.0000 0.0000 1.0000
v 1.0000 1.0000 0.0000
v 0.0000 -2.6118 0.0000
v 0.0000 -8.8116 0.9944
v 12.6363 19.6784 0.0000
v 0.0000 10.6002 23.0968
v -158.5926 0.0000 0.0000
v 0.0000 1.0000 1.0000
v 1.0000 0.0000 0.0000
v -2.6118 0.0000 0.0000
v -8.7526 -5.2420 11.2620
v 19.2233 0.0000 0.0000
v 12.4955 19.8968 -152.8816
v 1.0000 1.0000 1.0000
v 0.0000 0.0000 -9.2492
v -7.8205 9.4012 18.4971
v 0.0000 0.0000 21.5039
v 18.4238 -137.4253 0.0000
v 0.0000 0.0000 1.0000
v 1.0000 1.0000 0.0000
v 0.0000 -2.6118 0.0000
v 0.0000 -9.9868 5.8633
v 10.3300 18.3025 0.0000
v 0.0000 28.1038 25.1021
v -140.7789 0.0000 0.0000
v 0.0000 1.0000 1.0000
v 1.0000 0.0000 0.0000
v -2.6118 0.0000 0.0000
v -8.9547 1.2614 12.6108
v 19.7037 0.0000 0.0000
v 38.4839 23.3247 -126.4643
v 1.0000 1.0000 1.0000
v 0.0000 0.0000 -7.6637
v 4.4701 12.1077 18.1110
v 0.0000 0.0000 43.0013
v 24.9811 -125.7313 0.0000
v 0.0000 0.0000 1.0000
v 1.0000 1.0000 0.0000
v 0.0000 -2.6118 0.0000
v 0.0000 0.4602 6.8413
v 11.6281 15.3440 0.0000
v 0.0000 63.1378 33.1436
v -127.3491 0.0000 0.0000
v 0.0000 1.0000 1.0000
v 1.0000 0.0000 0.0000
v -2.6118 0.0000 0.0000
v 0.9705 -3.9667 12.4254
v 17.3512 0.0000 0.0000
v 67.1031 26.4774 -120.3065
v 1.0000 1.0000 1.0000
v 0.0000 0.0000 -6.3354
v 4.4785 12.2380 17.9003
v 0.0000 0.0000 89.8730
v 30.9063 -124.0539 0.0000
v 0.0000 0.0000 1.0000
v 1.0000 1.0000 0.0000
v 0.0000 -2.6118 0.0000
v 0.0000 -8.8048 3.0336
v 12.2589 18.9836 0.0000
v 0.0000 98.6221 30.5026
v -119.8336 0.0000 0.0000
v 0.0000 1.0000 1.0000
v 1.0000 0.0000 0.0000
v -2.6118 0.0000 0.0000
v -10.2952 4.2206 11.0831
v 19.0497 0.0000 0.0000
v 111.5781 31.7024 -109.9229
v 1.0000 1.0000 1.0000
v 0.0000 0.0000 -10.6670
v -0.9477 11.4386 20.4102
v 0.0000 0.0000 108.6232
v 25.5280 -101.9838 0.0000
v 0.0000 0.0000 1.0000
v 1.0000 1.0000 0.0000
v 0.0000 -2.6118 0.0000
v 0.0000 -5.6641 5.7866
v 11.7697 17.2209 0.0000
v 0.0000 129.1880 32.1848
v -97.7145 0.0000 0.0000
v 0.0000 1.0000 1.0000
v 1.0000 0.0000 0.0000
v -2.6118 0.0000 0.0000
v -3.0748 0.9898 13.0831
v 18.2092 0.0000 0.0000
v 131.0656 26.2693 -89.2154
v 1.0000 1.0000 1.0000
v 0.0000 1.0388 2.7399
v -9.7248 79.3978 0.0000
v 0.0000 0.0000 339.0000
v 351.0000 0.0000 0.0000
v 0.0000 1.0000 1.0000
v 1.0000 0.0000 0.0000
v -19.0745 0.0000 0.0000
v 0.0000 288.8952 259.8654
v 108.1531 0.0000 0.0000
v -38.0000 -149.0000 -438.5000
v 1.0000 1.0000 1.0000
v 1.0000 0.0000 0.0000
v 24.2651 -12.5307 21.7703
v 34.5435 0.0000 0.0000
v -157.8986 100.1460 -119.4048
v 1.0000 1.0000 1.0000
v 1.0000 0.0000 0.0000
v 0.0000 0.0000 19.9997
v -13.8492 10.2657 25.6369
v 0.0000 0.0000 -188.7000
v 115.5000 -18.6001 0.0000
v 0.0000 0.0000 1.0000
v 1.0000 1.0000 0.0000
v 0.0000 -11.5193 -17.5402
v 13.2211 23.5762 0.0000
v 0.0000 304.2000 33.0000
v 155.0999 0.0000 0.0000
v 0.0000 1.0000 1.0000
v 1.0000 0.0000 0.0000
v 0.0000 1.0000 0.0000
v 23.7501 -5.6868 2.0323
v 27.5730 0.0000 0.0000
v -191.8000 121.0000 -18.6000
v 1.0000 1.0000 1.0000
v 1.0000 0.0000 0.0000
v 24.2553 -9.3329 23.3089
v 35.5240 0.0000 0.0000
v -155.7241 78.8952 -112.3877
v 1.0000 1.0000 1.0000
v 1.0000 0.0000 0.0000
v 0.0000 0.0000 -16.3663
v -17.8576 1.0406 22.0062
v 0.0000 0.0000 267.8000
v 96.0000 86.0000 0.0000
v 0.0000 0.0000 1.0000
v 1.0000 1.0000 0.0000
v 0.0000 -19.8276 -4.3472
v 14.3914 27.6494 0.0000
v 0.0000 298.3000 77.5000
v 122.2000 0.0000 0.0000
v 0.0000 1.0000 1.0000
v 1.0000 0.0000 0.0000
v 0.0000 1.0000 0.0000
v 20.2735 -12.8046 10.5256
v 25.9988 0.0000 0.0000
v -190.4001 86.5000 30.6000
v 1.0000 1.0000 1.0000
v 1.0000 0.0000 0.0000
v 0.0000 -9.2200 -21.9099
v 1.9562 25.2617 0.0000
v 0.0000 341.4003 72.5000
v 491.2999 0.0000 0.0000
v 0.0000 1.0000 1.0000
v 1.0000 0.0000 0.0000
v -9.8053 -29.2131 -8.5506
v 32.4183 0.0000 0.0000
v 348.7002 70.5000 481.9999
v 1.0000 1.0000 1.0000
v 0.0000 1.0000 0.0000
v 0.0000 0.0000 -8.0186
v -21.9098 -5.8029 24.4512
v 0.0000 0.0000 580.3004
v 37.5000 449.1999 0.0000
v 0.0000 0.0000 1.0000
v 1.0000 1.0000 0.0000
v 1.0000 0.0000 0.0000
v 0.0000 -9.2360 -21.9098
v 0.5858 25.3314 0.0000
v 0.0000 419.9004 202.5000
v 958.6998 0.0000 0.0000
v 0.0000 1.0000 1.0000
v 1.0000 0.0000 0.0000
v -5.6307 -21.9098 -8.0998
v 24.7785 0.0000 0.0000
v 592.7004 238.5000 501.5999
v 1.0000 1.0000 1.0000
v 0.0000 1.0000 0.0000
v 0.0000 0.0000 5.3932
v -21.9098 -8.1833 24.9164
v 0.0000 0.0000 -147.0995
v -39.5000 858.5999 0.0000
v 0.0000 0.0000 1.0000
v 1.0000 1.0000 0.0000
v 1.0000 0.0000 0.0000
v 0.0000 8.4008 -29.2131
v -10.3414 32.9153 0.0000
v 0.0000 -183.1995 -127.5000
v 848.9999 0.0000 0.0000
v 0.0000 1.0000 1.0000
v 1.0000 0.0000 0.0000
v -8.5079 -21.9098 -4.4248
v 24.8114 0.0000 0.0000
v -238.5995 28.5000 886.9000
v 1.0000 1.0000 1.0000
v 0.0000 1.0000 0.0000
v 0.0000 0.0000 -11.7721
v -29.2131 -4.0748 33.4331
v 0.0000 0.0000 413.8004
v -83.5000 948.4999 0.0000
v 0.0000 0.0000 1.0000
v 1.0000 1.0000 0.0000
v 1.0000 0.0000 0.0000
v 0.0000 -9.3627 -29.2131
v -9.3518 32.6164 0.0000
v 0.0000 316.7000 -127.5000
v 447.0999 0.0000 0.0000
v 0.0000 1.0000 1.0000
v 1.0000 0.0000 0.0000
v 0.0000 -8.9061 -20.3012
v 9.5573 24.0659 0.0000
v 0.0000 295.8999 82.5000
v 123.4000 0.0000 0.0000
v 0.0000 1.0000 1.0000
v 1.0000 0.0000 0.0000
v 0.0000 1.0000 0.0000
v 13.0996 -12.6809 9.1613
v 19.0180 0.0000 0.0000
v -191.5000 81.0000 34.5000
v 1.0000 1.0000 1.0000
v 1.0000 0.0000 0.0000
v 0.0000 0.0000 -22.4879
v -10.2792 -5.9759 27.0911
v 0.0000 0.0000 269.2999
v 98.0000 86.5000 0.0000
v 0.0000 0.0000 1.0000
v 1.0000 1.0000 0.0000
v 0.0000 -0.0887 10.5405
v 0.4465 35.3224 0.0000
v 0.0000 3.3751 36.9000
v 36.7460 0.0000 0.0000
v 0.0000 1.0000 1.0000
v 1.0000 0.0000 0.0000
v 1.0000 0.0000 0.0000
v 0.0000 3.4713 19.2375
v 20.5196 31.6101 0.0000
v 0.0000 -41.6000 29.0000
v -159.9000 0.0000 0.0000
v 0.0000 1.0000 1.0000
v 1.0000 0.0000 0.0000
v 0.0000 -0.3211 10.5405
v -1.9605 36.6447 0.0000
v 0.0000 16.7687 35.8500
v 33.7103 0.0000 0.0000
v 0.0000 1.0000 1.0000
v 1.0000 0.0000 0.0000
v 1.0000 0.0000 0.0000
v 0.0000 10.5418 19.0694
v 18.9670 29.6723 0.0000
v 0.0000 -40.5000 23.0000
v -171.2000 0.0000 0.0000
v 0.0000 1.0000 1.0000
v 1.0000 0.0000 0.0000
v 0.0000 11.7062 26.8230
v 18.5395 33.4613 0.0000
v 0.0000 126.9556 34.0769
v -134.4078 0.0000 0.0000
v 0.0000 1.0000 1.0000
v 1.0000 0.0000 0.0000
v 0.0000 0.0000 14.3142
v 38.1084 -13.3914 40.9995
v 0.0000 0.0000 -110.1898
v 26.8703 -120.3605 0.0000
v 0.0000 0.0000 1.0000
v 1.0000 1.0000 0.0000
v -3.0118 0.0000 0.0000
v 0.0000 17.3817 14.7252
v 8.9194 22.1387 0.0000
v 0.0000 -77.6998 38.6818
v -137.3854 0.0000 0.0000
v 0.0000 1.0000 1.0000
v 1.0000 0.0000 0.0000
v 0.0000 0.0000 -1.5688
v 33.5117 27.9057 44.5023
v 0.0000 0.0000 123.7672
v 25.7425 -141.8322 0.0000
v 0.0000 0.0000 1.0000
v 1.0000 1.0000 0.0000
v 1.0000 0.0000 0.0000
v 13.6535 40.1534 4.8918
v 41.8662 0.0000 0.0000
v -111.6453 36.2927 -125.3368
v 1.0000 1.0000 1.0000
v 0.5020 -5.0196 0.0000
v 0.0000 20.2707 21.7697
v 19.1954 29.9708 0.0000
v 0.0000 -91.3994 36.3430
v -139.6261 0.0000 0.0000
v 0.0000 1.0000 1.0000
v 1.0000 0.0000 0.0000
v 0.0000 0.0000 11.4550
v 43.0973 19.4192 48.1471
v 0.0000 0.0000 121.2368
v 22.5337 -142.6442 0.0000
v 0.0000 0.0000 1.0000
v 1.0000 1.0000 0.0000
v -5.0196 0.0000 0.0000
v 10.4718 43.4928 -16.8732
v 47.4819 0.0000 0.0000
v -113.3722 33.4548 -122.8223
v 1.0000 1.0000 1.0000
v 2.5098 -5.0196 0.0000
v 0.0000 0.0000 34.9283
v 35.2920 11.5865 40.0791
v 0.0000 0.0000 -106.1398
v 19.1334 -147.6984 0.0000
v 0.0000 0.0000 1.0000
v 1.0000 1.0000 0.0000
v -2.6118 0.0000 0.0000
v 3.8862 -8.2161 10.1865
v 16.7720 0.0000 0.0000
v 94.4237 -28.0725 -42.1187
v 1.0000 1.0000 1.0000
v 0.0000 0.0000 3.4741
v -4.6809 11.8886 17.7828
v 0.0000 0.0000 98.5389
v -26.1472 -44.8495 0.0000
v 0.0000 0.0000 1.0000
v 1.0000 1.0000 0.0000
v 0.0000 -2.6118 0.0000
v 0.0000 -1.1375 -8.1092
v 10.2207 15.8861 0.0000
v 0.0000 113.5521 -28.4187
v -42.0272 0.0000 0.0000
v 0.0000 1.0000 1.0000
v 1.0000 0.0000 0.0000
v -2.6118 0.0000 0.0000
v -2.1023 0.2778 13.1642
v 18.0467 0.0000 0.0000
v 116.0488 -23.2078 -48.3581
v 1.0000 1.0000 1.0000
v 0.0000 0.0000 -5.7876
v -3.8530 12.2061 18.6170
v 0.0000 0.0000 131.5883
v -25.5915 -43.7891 0.0000
v 0.0000 0.0000 1.0000
v 1.0000 1.0000 0.0000
v 0.0000 -2.6118 0.0000
v 0.0000 -6.6178 2.5599
v 12.7825 18.6369 0.0000
v 0.0000 133.9915 -20.4071
v -50.1873 0.0000 0.0000
v 0.0000 1.0000 1.0000
v 1.0000 0.0000 0.0000
v -2.6118 0.0000 0.0000
v -9.1589 2.7654 12.2206
v 19.2405 0.0000 0.0000
v 147.7536 -21.2330 -43.6770
v 1.0000 1.0000 1.0000
v 0.0000 0.0000 -8.8820
v 5.4425 11.3398 18.1820
v 0.0000 0.0000 152.9729
v -17.7883 -44.7014 0.0000
v 0.0000 0.0000 1.0000
v 1.0000 1.0000 0.0000
v 0.0000 -2.6118 0.0000
v 0.0000 -9.7618 5.8954
v 10.4998 18.2592 0.0000
v 0.0000 165.8262 -18.7679
v -31.9828 0.0000 0.0000
v 0.0000 1.0000 1.0000
v 1.0000 0.0000 0.0000
v -2.6118 0.0000 0.0000
v -10.7592 2.7806 11.2574
v 19.6666 0.0000 0.0000
v 168.9633 -19.6740 -27.9446
v 1.0000 1.0000 1.0000
v 0.0000 0.0000 -10.7191
v 5.2444 10.0260 18.6023
v 0.0000 0.0000 184.7861
v -17.2502 -12.1596 0.0000
v 0.0000 0.0000 1.0000
v 1.0000 1.0000 0.0000
v 0.0000 -2.6118 0.0000
v 0.0000 -11.6417 1.0054
v 10.7076 20.3923 0.0000
v 0.0000 181.3315 -22.4907
v -6.3569 0.0000 0.0000
v 0.0000 1.0000 1.0000
v 1.0000 0.0000 0.0000
v -2.6118 0.0000 0.0000
v -11.8970 0.5280 10.2530
v 20.3236 0.0000 0.0000
v 189.5767 -21.8886 6.1871
v 1.0000 1.0000 1.0000
v 0.0000 0.0000 -10.1368
v -7.2588 8.8224 18.6535
v 0.0000 0.0000 185.7750
v -27.2645 11.6834 0.0000
v 0.0000 0.0000 1.0000
v 1.0000 1.0000 0.0000
v 0.0000 -2.6118 0.0000
v 0.0000 -10.6302 -6.0592
v 9.2069 19.2020 0.0000
v 0.0000 194.8656 -26.2310
v 24.5684 0.0000 0.0000
v 0.0000 1.0000 1.0000
v 1.0000 0.0000 0.0000
v -2.6118 0.0000 0.0000
v -9.7954 -7.9165 8.6288
v 18.3132 0.0000 0.0000
v 195.5108 -28.2603 30.1572
v 1.0000 1.0000 1.0000
v 0.0000 0.0000 -8.7415
v -9.5217 8.1516 17.3160
v 0.0000 0.0000 205.1506
v -29.2093 45.6108 0.0000
v 0.0000 0.0000 1.0000
v 1.0000 1.0000 0.0000
v 0.0000 -2.6118 0.0000
v 0.0000 -11.0852 -3.4820
v 10.2687 20.0966 0.0000
v 0.0000 211.9555 -24.7680
v 46.3429 0.0000 0.0000
v 0.0000 1.0000 1.0000
v 1.0000 0.0000 0.0000
v -2.6118 0.0000 0.0000
v -9.5414 -7.8085 9.1020
v 18.4879 0.0000 0.0000
v 222.4140 -27.0986 63.1785
v 1.0000 1.0000 1.0000
v 0.0000 0.0000 -11.4971
v 0.9568 10.8749 20.4230
v 0.0000 0.0000 229.0569
v -21.7504 62.2794 0.0000
v 0.0000 0.0000 1.0000
v 1.0000 1.0000 0.0000
v 0.0000 -2.6118 0.0000
v 0.0000 -10.9518 -3.8846
v 10.2366 20.0150 0.0000
v 0.0000 240.0594 -24.1584
v 79.5020 0.0000 0.0000
v 0.0000 1.0000 1.0000
v 1.0000 0.0000 0.0000
v -2.6118 0.0000 0.0000
v -11.3585 2.9420 10.5521
v 19.5506 0.0000 0.0000
v 246.5903 -18.7115 78.3802
v 1.0000 1.0000 1.0000
v 0.0000 0.0000 -11.7340
v 1.1197 10.6059 20.3550
v 0.0000 0.0000 259.6284
v -20.1910 94.6079 0.0000
v 0.0000 0.0000 1.0000
v 1.0000 1.0000 0.0000
v 0.0000 -2.6118 0.0000
v 0.0000 -10.1963 6.8720
v 9.1969 17.6381 0.0000
v 0.0000 265.4199 -15.6807
v 94.5434 0.0000 0.0000
v 0.0000 1.0000 1.0000
v 1.0000 0.0000 0.0000
v -2.6118 0.0000 0.0000
v -11.3169 4.3540 9.8809
v 18.9266 0.0000 0.0000
v 274.2070 -16.4301 105.2068
v 1.0000 1.0000 1.0000
v 0.0000 0.0000 -11.8104
v -0.0512 10.3066 20.3447
v 0.0000 0.0000 273.4174
v -22.2314 111.4594 0.0000
v 0.0000 0.0000 1.0000
v 1.0000 1.0000 0.0000
v 0.0000 -2.6118 0.0000
v 0.0000 -11.9065 0.6555
v 10.2535 20.3211 0.0000
v 0.0000 287.5127 -22.2458
v 126.7305 0.0000 0.0000
v 0.0000 1.0000 1.0000
v 1.0000 0.0000 0.0000
v -5.0196 0.0000 0.0000
v 0.0000 8.5530 -0.8472
v 12.5386 19.5868 0.0000
v 0.0000 -127.0474 29.5714
v 87.1937 0.0000 0.0000
v 0.0000 1.0000 1.0000
v 1.0000 0.0000 0.0000
v 0.0000 -5.0196 0.0000
v 0.0000 0.0000 8.8915
v 4.3895 11.9142 18.6925
v 0.0000 0.0000 -127.0737
v 32.7595 79.6050 0.0000
v 0.0000 0.0000 1.0000
v 1.0000 1.0000 0.0000
v 10.6370 -0.9590 11.4614
v 20.4053 0.0000 0.0000
v -120.6584 26.3315 76.4944
v 1.0000 1.0000 1.0000
v -5.0196 0.0000 0.0000
v 0.0000 12.2471 2.7075
v 9.4407 19.5192 0.0000
v 0.0000 -114.9545 25.1670
v 63.7219 0.0000 0.0000
v 0.0000 1.0000 1.0000
v 1.0000 0.0000 0.0000
v 0.0000 -5.0196 0.0000
v 0.0000 0.0000 11.4522
v 5.5014 8.5634 18.0143
v 0.0000 0.0000 -112.2635
v 24.7300 53.9312 0.0000
v 0.0000 0.0000 1.0000
v 1.0000 1.0000 0.0000
v 12.0240 -2.7313 9.0443
v 19.7640 0.0000 0.0000
v -105.5305 18.8046 52.4902
v 1.0000 1.0000 1.0000
v -5.0196 0.0000 0.0000
v 0.0000 12.4010 1.5825
v 9.4820 19.8724 0.0000
v 0.0000 -100.7383 18.6355
v 41.2869 0.0000 0.0000
v 0.0000 1.0000 1.0000
v 1.0000 0.0000 0.0000
v 0.0000 -5.0196 0.0000
v 0.0000 0.0000 10.6708
v 6.7941 8.5031 17.4381
v 0.0000 0.0000 -100.1767
v 22.3061 32.3993 0.0000
v 0.0000 0.0000 1.0000
v 1.0000 1.0000 0.0000
v 10.9442 -5.5330 9.1354
v 19.3240 0.0000 0.0000
v -87.8463 12.1606 27.5260
v 1.0000 1.0000 1.0000
v -5.0196 0.0000 0.0000
v 0.0000 11.1401 5.2976
v 9.4100 18.4425 0.0000
v 0.0000 -88.7095 17.2537
v 17.8917 0.0000 0.0000
v 0.0000 1.0000 1.0000
v 1.0000 0.0000 0.0000
v 0.0000 -5.0196 0.0000
v 0.0000 0.0000 9.8829
v 6.9503 9.5047 17.6448
v 0.0000 0.0000 -82.1317
v 15.9137 5.9891 0.0000
v 0.0000 0.0000 1.0000
v 1.0000 1.0000 0.0000
v 10.7336 0.7115 11.5635
v 20.4262 0.0000 0.0000
v -71.4009 6.7966 4.3438
v 1.0000 1.0000 1.0000
v -5.0196 0.0000 0.0000
v 0.0000 10.1560 3.6740
v 11.5738 19.4050 0.0000
v 0.0000 -69.3837 7.6975
v -0.7327 0.0000 0.0000
v 0.0000 1.0000 1.0000
v 1.0000 0.0000 0.0000
v 0.0000 -5.0196 0.0000
v 0.0000 0.0000 9.4103
v 5.7401 10.8612 18.2515
v 0.0000 0.0000 -62.3178
v 1.9782 -9.0618 0.0000
v 0.0000 0.0000 1.0000
v 1.0000 1.0000 0.0000
v 10.2235 5.9108 10.0630
v 18.2820 0.0000 0.0000
v -56.6995 -4.4858 -15.3006
v 1.0000 1.0000 1.0000
v -5.0196 0.0000 0.0000
v 0.0000 12.2218 0.8914
v 9.7755 20.1414 0.0000
v 0.0000 -45.1290 -22.8232
v -14.5513 0.0000 0.0000
v 0.0000 1.0000 1.0000
v 1.0000 0.0000 0.0000
v 0.0000 -5.0196 0.0000
v 0.0000 0.0000 11.6775
v -5.3649 4.9450 18.0759
v 0.0000 0.0000 -42.0001
v -27.1677 -23.5196 0.0000
v 0.0000 0.0000 1.0000
v 1.0000 1.0000 0.0000
v 11.5520 6.6259 1.8333
v 16.1483 0.0000 0.0000
v -50.9682 -14.1820 -30.3303
v 1.0000 1.0000 1.0000
v -5.0196 0.0000 0.0000
v 0.0000 12.8274 4.2897
v 1.0156 17.3481 0.0000
v 0.0000 -48.8637 -17.8246
v -34.6893 0.0000 0.0000
v 0.0000 1.0000 1.0000
v 1.0000 0.0000 0.0000
v 0.0000 -5.0196 0.0000
v 0.0000 0.0000 11.0577
v -6.8181 -1.0578 17.0273
v 0.0000 0.0000 -43.5422
v -26.9260 -39.8157 0.0000
v 0.0000 0.0000 1.0000
v 1.0000 1.0000 0.0000
v 12.4341 4.2738 -3.9112
v 17.4334 0.0000 0.0000
v -50.4351 -17.8070 -42.3188
v 1.0000 1.0000 1.0000
v -5.0196 0.0000 0.0000
v 0.0000 12.8039 2.9201
v -6.2858 18.5710 0.0000
v 0.0000 -51.8828 -18.2039
v -48.3964 0.0000 0.0000
v 0.0000 1.0000 1.0000
v 1.0000 0.0000 0.0000
v 0.0000 -5.0196 0.0000
v 0.0000 0.0000 12.5615
v -1.6503 -8.0810 19.2918
v 0.0000 0.0000 -52.4128
v -21.1000 -59.7127 0.0000
v 0.0000 0.0000 1.0000
v 1.0000 1.0000 0.0000
v 12.4006 3.4716 -8.4465
v 18.8448 0.0000 0.0000
v -60.2943 -15.4929 -70.7095
v 1.0000 1.0000 1.0000
v -5.0196 0.0000 0.0000
v 0.0000 10.9978 -6.4056
v -7.9276 18.4671 0.0000
v 0.0000 -57.2680 -21.1761
v -80.0158 0.0000 0.0000
v 0.0000 1.0000 1.0000
v 1.0000 0.0000 0.0000
v 0.0000 -5.0196 0.0000
v 0.0000 0.0000 12.6479
v 1.4295 -8.8551 19.6113
v 0.0000 0.0000 -63.1046
v -15.4339 -80.7178 0.0000
v 0.0000 0.0000 1.0000
v 1.0000 1.0000 0.0000
v 12.0615 4.3434 -8.5324
v 18.5480 0.0000 0.0000
v -72.3389 -10.3514 -92.3660
v 1.0000 1.0000 1.0000
v -5.0196 0.0000 0.0000
v 0.0000 10.7559 -6.8910
v -7.8787 18.2946 0.0000
v 0.0000 -70.3500 -15.7349
v -102.7434 0.0000 0.0000
v 0.0000 1.0000 1.0000
v 1.0000 0.0000 0.0000
v 0.0000 -5.0196 0.0000
v 0.0000 0.0000 12.4741
v 2.8635 -8.7344 19.1770
v 0.0000 0.0000 -76.0027
v -9.7703 -102.1489 0.0000
v 0.0000 0.0000 1.0000
v 1.0000 1.0000 0.0000
v 11.2794 6.1910 -7.9683
v 17.4308 0.0000 0.0000
v -86.1974 -2.4841 -112.5236
v 1.0000 1.0000 1.0000
v -5.0196 0.0000 0.0000
v 0.0000 11.6542 -4.4159
v -8.6055 19.3125 0.0000
v 0.0000 -86.5733 -5.6886
v -126.7736 0.0000 0.0000
v 0.0000 1.0000 1.0000
v 1.0000 0.0000 0.0000
v 0.0000 -5.0196 0.0000
v 0.0000 0.0000 -12.3161
v -1.7400 8.8796 19.7478
v 0.0000 0.0000 -17.5353
v -8.8032 -159.1312 0.0000
v 0.0000 0.0000 1.0000
v 1.0000 1.0000 0.0000
v -10.7448 -6.7803 8.1091
v 18.4685 0.0000 0.0000
v -18.1722 -11.8499 -153.3135
v 1.0000 1.0000 1.0000
v -5.0196 0.0000 0.0000
v 0.0000 -10.4661 -6.9471
v 8.5684 18.6588 0.0000
v 0.0000 -13.3895 -14.1447
v -139.9054 0.0000 0.0000
v 0.0000 1.0000 1.0000
v 1.0000 0.0000 0.0000
v 0.0000 -5.0196 0.0000
v 0.0000 0.0000 -10.9610
v -5.5954 9.0459 19.2715
v 0.0000 0.0000 -7.0575
v -11.3467 -137.3347 0.0000
v 0.0000 0.0000 1.0000
v 1.0000 1.0000 0.0000
v -10.8527 -5.1153 9.6227
v 19.5963 0.0000 0.0000
v -3.0031 -14.9033 -125.0802
v 1.0000 1.0000 1.0000
v -5.0196 0.0000 0.0000
v 0.0000 -11.7802 1.9214
v 10.4991 20.0983 0.0000
v 0.0000 3.7178 -9.8815
v -126.8704 0.0000 0.0000
v 0.0000 1.0000 1.0000
v 1.0000 0.0000 0.0000
v 0.0000 -5.0196 0.0000
v 0.0000 0.0000 -11.4751
v -0.6886 10.6644 20.4157
v 0.0000 0.0000 9.8708
v -15.3984 -110.3720 0.0000
v 0.0000 0.0000 1.0000
v 1.0000 1.0000 0.0000
v -10.9838 4.7542 10.1898
v 18.9047 0.0000 0.0000
v 16.9707 -10.6614 -111.2264
v 1.0000 1.0000 1.0000
v -5.0196 0.0000 0.0000
v 0.0000 -11.7702 1.4487
v 10.5773 20.2754 0.0000
v 0.0000 22.2237 -14.0838
v -99.8812 0.0000 0.0000
v 0.0000 1.0000 1.0000
v 1.0000 0.0000 0.0000
v 0.0000 -5.0196 0.0000
v 0.0000 0.0000 -10.9452
v 5.2931 9.7084 18.5285
v 0.0000 0.0000 29.4921
v -9.5578 -100.2055 0.0000
v 0.0000 0.0000 1.0000
v 1.0000 1.0000 0.0000
v -11.3389 5.0167 9.4175
v 18.5844 0.0000 0.0000
v 34.9518 -13.0592 -87.9527
v 1.0000 1.0000 1.0000
v -5.0196 0.0000 0.0000
v 0.0000 -11.6550 4.2625
v 9.5836 19.0060 0.0000
v 0.0000 38.3287 -12.9932
v -84.2271 0.0000 0.0000
v 0.0000 1.0000 1.0000
v 1.0000 0.0000 0.0000
v 0.0000 -5.0196 0.0000
v 0.0000 0.0000 -10.8534
v 6.3532 8.7430 17.7454
v 0.0000 0.0000 47.6208
v -13.8431 -71.0732 0.0000
v 0.0000 0.0000 1.0000
v 1.0000 1.0000 0.0000
v -12.2075 1.8293 9.8311
v 19.9316 0.0000 0.0000
v 44.9727 -18.9561 -64.8596
v 1.0000 1.0000 1.0000
v -5.0196 0.0000 0.0000
v 0.0000 -11.7317 3.0573
v 10.2336 19.6619 0.0000
v 0.0000 52.9663 -18.0504
v -56.4630 0.0000 0.0000
v 0.0000 1.0000 1.0000
v 1.0000 0.0000 0.0000
v 0.0000 -5.0196 0.0000
v 0.0000 0.0000 -11.1033
v -3.9313 10.0141 19.9624
v 0.0000 0.0000 49.9989
v -23.3533 -50.4084 0.0000
v 0.0000 0.0000 1.0000
v 1.0000 1.0000 0.0000
v -8.0935 1.6123 12.8318
v 19.2078 0.0000 0.0000
v 63.0150 -20.3944 -43.3821
v 1.0000 1.0000 1.0000
v -5.0196 0.0000 0.0000
v 0.0000 -5.1043 -4.6316
v 11.9573 18.2945 0.0000
v 0.0000 62.9878 -25.7808
v -36.7053 0.0000 0.0000
v 0.0000 1.0000 1.0000
v 1.0000 0.0000 0.0000
v 0.0000 -5.0196 0.0000
v 0.0000 0.0000 6.2090
v -2.5501 12.5406 18.8989
v 0.0000 0.0000 76.7461
v -24.3883 -41.9042 0.0000
v 0.0000 0.0000 1.0000
v 1.0000 1.0000 0.0000
v 5.3557 -9.1589 9.5877
v 16.7187 0.0000 0.0000
v 80.8166 -28.6655 -39.4805
v 1.0000 1.0000 1.0000
v -5.0196 0.0000 0.0000
v 0.0000 7.7905 -4.9871
v 11.6676 18.7153 0.0000
v 0.0000 -126.2500 25.6250
v 94.3750 0.0000 0.0000
v 0.0000 1.0000 1.0000
v 1.0000 0.0000 0.0000
v 0.0000 -5.0196 0.0000
v 0.0000 0.0000 8.6504
v 7.1353 10.3398 17.3277
v 0.0000 0.0000 -124.7520
v 32.6382 73.1792 0.0000
v 0.0000 0.0000 1.0000
v 1.0000 1.0000 0.0000
v 11.9213 2.6280 10.0998
v 19.7730 0.0000 0.0000
v -118.6833 26.3929 70.6115
v 1.0000 1.0000 1.0000
v -5.0196 0.0000 0.0000
v 0.0000 11.6651 -3.9877
v 8.9757 19.5729 0.0000
v 0.0000 -110.0905 18.7928
v 65.5917 0.0000 0.0000
v 0.0000 1.0000 1.0000
v 1.0000 0.0000 0.0000
v 0.0000 -5.0196 0.0000
v 0.0000 0.0000 11.3883
v 5.6632 8.5009 17.9223
v 0.0000 0.0000 -110.6643
v 24.7159 49.9268 0.0000
v 0.0000 0.0000 1.0000
v 1.0000 1.0000 0.0000
v 12.4512 1.5460 9.3710
v 19.8337 0.0000 0.0000
v -103.7887 19.9580 45.7131
v 1.0000 1.0000 1.0000
v -5.0196 0.0000 0.0000
v 0.0000 10.6085 -6.8137
v 8.4223 18.6306 0.0000
v 0.0000 -95.7219 12.6759
v 43.8870 0.0000 0.0000
v 0.0000 1.0000 1.0000
v 1.0000 0.0000 0.0000
v 0.0000 -5.0196 0.0000
v 0.0000 0.0000 11.9929
v 3.3645 9.6069 19.3727
v 0.0000 0.0000 -95.1782
v 17.9708 31.0057 0.0000
v 0.0000 0.0000 1.0000
v 1.0000 1.0000 0.0000
v 11.3852 4.9115 9.4604
v 18.6482 0.0000 0.0000
v -90.7109 17.4439 21.8894
v 1.0000 1.0000 1.0000
v -5.0196 0.0000 0.0000
v 0.0000 9.6017 -8.1004
v 8.7142 18.2575 0.0000
v 0.0000 -78.3360 7.1650
v 17.7011 0.0000 0.0000
v 0.0000 1.0000 1.0000
v 1.0000 0.0000 0.0000
v 0.0000 -5.0196 0.0000
v 0.0000 0.0000 11.2225
v 1.3213 11.2144 20.3796
v 0.0000 0.0000 -76.5579
v 10.0950 7.5864 0.0000
v 0.0000 0.0000 1.0000
v 1.0000 1.0000 0.0000
v 9.1472 6.9939 10.1332
v 17.5584 0.0000 0.0000
v -74.2458 11.9689 -1.3899
v 1.0000 1.0000 1.0000
v -5.0196 0.0000 0.0000
v 0.0000 10.0732 -1.9169
v 11.6989 20.2360 0.0000
v 0.0000 -60.8306 -0.7233
v -1.4227 0.0000 0.0000
v 0.0000 1.0000 1.0000
v 1.0000 0.0000 0.0000
v 0.0000 -5.0196 0.0000
v 0.0000 0.0000 10.4515
v -2.2054 11.3576 20.3025
v 0.0000 0.0000 -54.9269
v -6.6805 -6.7484 0.0000
v 0.0000 0.0000 1.0000
v 1.0000 1.0000 0.0000
v 10.2589 6.5013 9.5009
v 17.9033 0.0000 0.0000
v -53.9508 -9.2483 -17.6212
v 1.0000 1.0000 1.0000
v -5.0196 0.0000 0.0000
v 0.0000 12.5117 1.5926
v 9.2178 19.7484 0.0000
v 0.0000 -46.5067 -20.4994
v -17.7498 0.0000 0.0000
v 0.0000 1.0000 1.0000
v 1.0000 0.0000 0.0000
v 0.0000 -5.0196 0.0000
v 0.0000 0.0000 12.9782
v 1.6899 6.4932 18.9423
v 0.0000 0.0000 -46.4453
v -20.2643 -24.2135 0.0000
v 0.0000 0.0000 1.0000
v 1.0000 1.0000 0.0000
v 13.0945 1.3196 3.3074
v 18.2566 0.0000 0.0000
v -46.6196 -20.5877 -27.5479
v 1.0000 1.0000 1.0000
v -5.0196 0.0000 0.0000
v 0.0000 12.2267 -4.6747
v -0.0505 17.6952 0.0000
v 0.0000 -44.6982 -24.4630
v -37.2332 0.0000 0.0000
v 0.0000 1.0000 1.0000
v 1.0000 0.0000 0.0000
v 0.0000 -5.0196 0.0000
v 0.0000 0.0000 11.3491
v 6.6685 -2.8019 16.0760
v 0.0000 0.0000 -53.0237
v -13.4734 -39.0916 0.0000
v 0.0000 0.0000 1.0000
v 1.0000 1.0000 0.0000
v 11.5842 -5.5898 -5.3066
v 18.1092 0.0000 0.0000
v -46.8108 -24.6921 -48.1322
v 1.0000 1.0000 1.0000
v -5.0196 0.0000 0.0000
v 0.0000 12.7976 -0.0336
v -7.4812 19.2501 0.0000
v 0.0000 -52.9674 -17.8989
v -53.4442 0.0000 0.0000
v 0.0000 1.0000 1.0000
v 1.0000 0.0000 0.0000
v 0.0000 -5.0196 0.0000
v 0.0000 0.0000 11.7947
v 5.3597 -7.4786 17.7267
v 0.0000 0.0000 -57.9325
v -15.0296 -60.4737 0.0000
v 0.0000 0.0000 1.0000
v 1.0000 1.0000 0.0000
v 11.7235 -4.6270 -8.1302
v 19.0004 0.0000 0.0000
v -54.5721 -21.3948 -70.1591
v 1.0000 1.0000 1.0000
v -5.0196 0.0000 0.0000
v 0.0000 12.5791 0.1850
v -8.7327 19.6817 0.0000
v 0.0000 -60.8200 -16.3074
v -76.0758 0.0000 0.0000
v 0.0000 1.0000 1.0000
v 1.0000 0.0000 0.0000
v 0.0000 -5.0196 0.0000
v 0.0000 0.0000 10.8466
v 6.9802 -7.6589 17.0107
v 0.0000 0.0000 -68.9392
v -9.6442 -81.1890 0.0000
v 0.0000 0.0000 1.0000
v 1.0000 1.0000 0.0000
v 12.0505 -3.1567 -8.6553
v 19.5197 0.0000 0.0000
v -66.3535 -15.7592 -90.6852
v 1.0000 1.0000 1.0000
v -5.0196 0.0000 0.0000
v 0.0000 12.3591 -1.6926
v -8.7822 19.6983 0.0000
v 0.0000 -71.6078 -13.5326
v -99.6560 0.0000 0.0000
v 0.0000 1.0000 1.0000
v 1.0000 0.0000 0.0000
v 0.0000 -5.0196 0.0000
v 0.0000 0.0000 11.0762
v 6.5894 -7.7874 17.2156
v 0.0000 0.0000 -81.3097
v -4.5628 -102.9447 0.0000
v 0.0000 0.0000 1.0000
v 1.0000 1.0000 0.0000
v 12.5822 0.6529 -8.8271
v 19.7225 0.0000 0.0000
v -80.4323 -8.3566 -112.5517
v 1.0000 1.0000 1.0000
v -5.0196 0.0000 0.0000
v 0.0000 11.2943 -5.5567
v -8.2881 18.9015 0.0000
v 0.0000 -83.0705 -8.6251
v -124.0916 0.0000 0.0000
v 0.0000 1.0000 1.0000
v 1.0000 0.0000 0.0000
v 0.0000 -5.0196 0.0000
v 0.0000 0.0000 11.2279
v 5.9616 -8.4703 17.7896
v 0.0000 0.0000 -95.5067
v 2.9989 -128.8196 0.0000
v 0.0000 0.0000 1.0000
v 1.0000 1.0000 0.0000
v -12.4229 0.5393 9.2405
v 19.9340 0.0000 0.0000
v -10.9308 -7.2965 -153.0838
v 1.0000 1.0000 1.0000
v -5.0196 0.0000 0.0000
v 0.0000 -12.2219 0.0150
v 9.5996 20.1024 0.0000
v 0.0000 -8.5513 -9.0451
v -144.7465 0.0000 0.0000
v 0.0000 1.0000 1.0000
v 1.0000 0.0000 0.0000
v 0.0000 -5.0196 0.0000
v 0.0000 0.0000 -12.1110
v 1.7815 10.0179 20.0155
v 0.0000 0.0000 0.3050
v -6.9588 -136.9814 0.0000
v 0.0000 0.0000 1.0000
v 1.0000 1.0000 0.0000
v -10.5405 -6.1649 9.2561
v 19.1852 0.0000 0.0000
v -3.5559 -14.1585 -127.2192
v 1.0000 1.0000 1.0000
v -5.0196 0.0000 0.0000
v 0.0000 -10.2518 6.7355
v 9.2698 17.7298 0.0000
v 0.0000 10.6881 -5.0662
v -128.0477 0.0000 0.0000
v 0.0000 1.0000 1.0000
v 1.0000 0.0000 0.0000
v 0.0000 -5.0196 0.0000
v 0.0000 0.0000 -9.4107
v -8.2489 8.8131 18.2091
v 0.0000 0.0000 2.6183
v -19.3540 -111.0909 0.0000
v 0.0000 0.0000 1.0000
v 1.0000 1.0000 0.0000
v -11.1199 4.4297 10.2906
v 19.0785 0.0000 0.0000
v 22.3815 -8.2373 -109.8251
v 1.0000 1.0000 1.0000
v -5.0196 0.0000 0.0000
v 0.0000 -10.9465 -4.3537
v 9.9866 19.8686 0.0000
v 0.0000 15.0530 -18.7458
v -99.2233 0.0000 0.0000
v 0.0000 1.0000 1.0000
v 1.0000 0.0000 0.0000
v 0.0000 -5.0196 0.0000
v 0.0000 0.0000 -11.5578
v 3.7363 10.1415 19.3766
v 0.0000 0.0000 28.9271
v -12.6574 -95.4776 0.0000
v 0.0000 0.0000 1.0000
v 1.0000 1.0000 0.0000
v -11.9728 0.3414 10.1083
v 20.2837 0.0000 0.0000
v 28.0693 -18.0307 -86.7417
v 1.0000 1.0000 1.0000
v -5.0196 0.0000 0.0000
v 0.0000 -12.1229 0.7254
v 9.9012 20.2057 0.0000
v 0.0000 34.8129 -18.3384
v -78.5179 0.0000 0.0000
v 0.0000 1.0000 1.0000
v 1.0000 0.0000 0.0000
v 0.0000 -5.0196 0.0000
v 0.0000 0.0000 -12.1190
v 2.6533 9.7413 19.6416
v 0.0000 0.0000 40.8903
v -18.3235 -70.9456 0.0000
v 0.0000 0.0000 1.0000
v 1.0000 1.0000 0.0000
v -11.4798 -3.9614 9.3876
v 19.7581 0.0000 0.0000
v 41.3553 -24.3635 -59.2683
v 1.0000 1.0000 1.0000
v -5.0196 0.0000 0.0000
v 0.0000 -11.2086 5.1326
v 9.4962 18.5535 0.0000
v 0.0000 52.7242 -15.4580
v -61.4913 0.0000 0.0000
v 0.0000 1.0000 1.0000
v 1.0000 0.0000 0.0000
v 0.0000 -5.0196 0.0000
v 0.0000 0.0000 -9.0490
v -8.8956 8.5442 17.7931
v 0.0000 0.0000 47.4229
v -28.5100 -44.0871 0.0000
v 0.0000 0.0000 1.0000
v 1.0000 1.0000 0.0000
v -8.5403 6.1263 11.0971
v 17.7549 0.0000 0.0000
v 62.5771 -15.2378 -50.2106
v 1.0000 1.0000 1.0000
v -5.0196 0.0000 0.0000
v 0.0000 -2.2013 -7.9933
v 10.1646 16.5158 0.0000
v 0.0000 65.2568 -26.4877
v -35.3659 0.0000 0.0000
v 0.0000 1.0000 1.0000
v 1.0000 0.0000 0.0000
v 0.0000 -5.0196 0.0000
v 0.0000 0.0000 4.8340
v 3.3447 12.7440 18.0765
v 0.0000 0.0000 74.3630
v -18.1124 -47.2445 0.0000
v 0.0000 0.0000 1.0000
v 1.0000 1.0000 0.0000
v 6.5534 -5.4873 11.5832
v 18.3987 0.0000 0.0000
v 83.3386 -23.7291 -46.0073
v 1.0000 1.0000 1.0000
v -2.6118 0.0000 0.0000
v 5.6477 5.6056 11.8488
v 17.2972 0.0000 0.0000
v 89.6105 -17.2623 -54.5272
v 1.0000 1.0000 1.0000
v 0.0000 0.0000 1.3585
v 5.7887 12.0784 16.0819
v 0.0000 0.0000 103.9820
v -16.0825 -57.2927 0.0000
v 0.0000 0.0000 1.0000
v 1.0000 1.0000 0.0000
v 0.0000 -2.6118 0.0000
v 0.0000 0.5092 1.3343
v 13.4848 17.6910 0.0000
v 0.0000 107.2828 -20.9260
v -51.3510 0.0000 0.0000
v 0.0000 1.0000 1.0000
v 1.0000 0.0000 0.0000
v -2.6118 0.0000 0.0000
v -3.5273 2.8425 12.7100
v 17.6533 0.0000 0.0000
v 122.6253 -19.5468 -52.2253
v 1.0000 1.0000 1.0000
v 0.0000 0.0000 -4.4132
v -1.8781 12.7011 18.5042
v 0.0000 0.0000 124.7649
v -24.5909 -45.6252 0.0000
v 0.0000 0.0000 1.0000
v 1.0000 1.0000 0.0000
v 0.0000 -2.6118 0.0000
v 0.0000 -8.2352 0.8436
v 12.7751 19.3694 0.0000
v 0.0000 137.0624 -23.8262
v -45.3962 0.0000 0.0000
v 0.0000 1.0000 1.0000
v 1.0000 0.0000 0.0000
v -2.6118 0.0000 0.0000
v -7.6502 -6.9860 10.7642
v 18.1168 0.0000 0.0000
v 137.5605 -28.9240 -38.5293
v 1.0000 1.0000 1.0000
v 0.0000 0.0000 -9.1508
v -6.0764 10.6543 19.1772
v 0.0000 0.0000 151.6868
v -27.0292 -30.3287 0.0000
v 0.0000 0.0000 1.0000
v 1.0000 1.0000 0.0000
v 0.0000 -2.6118 0.0000
v 0.0000 -8.6387 -8.0714
v 9.6736 18.2473 0.0000
v 0.0000 154.2529 -29.0752
v -24.6888 0.0000 0.0000
v 0.0000 1.0000 1.0000
v 1.0000 0.0000 0.0000
v -2.6118 0.0000 0.0000
v -9.3474 -7.8066 9.3175
v 18.5071 0.0000 0.0000
v 166.7857 -29.2608 -13.9274
v 1.0000 1.0000 1.0000
v 0.0000 0.0000 -10.9439
v -2.9313 10.6696 20.2367
v 0.0000 0.0000 172.5367
v -26.7134 -11.3036 0.0000
v 0.0000 0.0000 1.0000
v 1.0000 1.0000 0.0000
v 0.0000 -2.6118 0.0000
v 0.0000 -10.1005 -7.0221
v 9.1240 18.8422 0.0000
v 0.0000 180.4142 -26.9210
v 2.0267 0.0000 0.0000
v 0.0000 1.0000 1.0000
v 1.0000 0.0000 0.0000
v -2.6118 0.0000 0.0000
v -11.8061 2.1289 10.3964
v 19.9834 0.0000 0.0000
v 186.6982 -21.3599 0.2484
v 1.0000 1.0000 1.0000
v 0.0000 0.0000 -11.9716
v 0.4720 10.1277 20.2875
v 0.0000 0.0000 194.1924
v -21.5650 13.2554 0.0000
v 0.0000 0.0000 1.0000
v 1.0000 1.0000 0.0000
v 0.0000 -2.6118 0.0000
v 0.0000 -10.7415 6.2154
v 9.1062 17.9436 0.0000
v 0.0000 200.6880 -16.2611
v 12.4464 0.0000 0.0000
v 0.0000 1.0000 1.0000
v 1.0000 0.0000 0.0000
v -2.6118 0.0000 0.0000
v -10.5180 6.3638 9.2904
v 17.9276 0.0000 0.0000
v 208.6768 -17.4025 28.5761
v 1.0000 1.0000 1.0000
v 0.0000 0.0000 -11.6978
v 2.3710 10.4433 19.8717
v 0.0000 0.0000 210.5164
v -18.6332 33.5295 0.0000
v 0.0000 0.0000 1.0000
v 1.0000 1.0000 0.0000
v 0.0000 -2.6118 0.0000
v 0.0000 -10.8816 4.7183
v 10.2117 18.8492 0.0000
v 0.0000 224.8605 -16.0374
v 47.0160 0.0000 0.0000
v 0.0000 1.0000 1.0000
v 1.0000 0.0000 0.0000
v -2.6118 0.0000 0.0000
v -11.4533 0.2843 10.8218
v 20.4438 0.0000 0.0000
v 222.3232 -21.4097 53.1395
v 1.0000 1.0000 1.0000
v 0.0000 0.0000 -11.4870
v 2.1040 10.8229 20.0751
v 0.0000 0.0000 237.3625
v -18.6651 67.0698 0.0000
v 0.0000 0.0000 1.0000
v 1.0000 1.0000 0.0000
v 0.0000 -2.6118 0.0000
v 0.0000 -10.8231 -4.2633
v 10.1943 19.9262 0.0000
v 0.0000 234.4856 -24.2705
v 72.8907 0.0000 0.0000
v 0.0000 1.0000 1.0000
v 1.0000 0.0000 0.0000
v -2.6118 0.0000 0.0000
v -11.5717 -0.0435 10.6366
v 20.4173 0.0000 0.0000
v 250.9479 -21.6807 86.7955
v 1.0000 1.0000 1.0000
v 0.0000 0.0000 -9.8384
v -7.4298 9.0934 18.6648
v 0.0000 0.0000 248.9564
v -27.4248 92.8394 0.0000
v 0.0000 0.0000 1.0000
v 1.0000 1.0000 0.0000
v 0.0000 -2.6118 0.0000
v 0.0000 -7.7865 -10.9708
v 7.2031 15.9904 0.0000
v 0.0000 257.4126 -28.3560
v 102.8168 0.0000 0.0000
v 0.0000 1.0000 1.0000
v 1.0000 0.0000 0.0000
v -2.6118 0.0000 0.0000
v -11.1752 -3.8992 9.9304
v 19.9480 0.0000 0.0000
v 262.7578 -24.2389 103.3159
v 1.0000 1.0000 1.0000
v 0.0000 0.0000 -10.2612
v -6.8764 9.0233 18.8667
v 0.0000 0.0000 278.0530
v -25.7872 121.1896 0.0000
v 0.0000 0.0000 1.0000
v 1.0000 1.0000 0.0000
v 0.0000 -2.6118 0.0000
v 0.0000 -11.9490 1.3388
v 10.3186 20.2405 0.0000
v 0.0000 284.1759 -19.7998
v 120.7403 0.0000 0.0000
v 0.0000 1.0000 1.0000
v 1.0000 0.0000 0.0000
v -2.6118 0.0000 0.0000
v 10.4729 -5.3252 9.9806
v 19.6108 0.0000 0.0000
v -117.0968 21.7471 77.2200
v 1.0000 1.0000 1.0000
v 0.0000 0.0000 10.4930
v 7.1465 8.3384 17.1913
v 0.0000 0.0000 -119.8600
v 30.6995 63.7534 0.0000
v 0.0000 0.0000 1.0000
v 1.0000 1.0000 0.0000
v 0.0000 -2.6118 0.0000
v 0.0000 12.2861 -0.7938
v 9.2814 19.9643 0.0000
v 0.0000 -109.7563 19.9499
v 60.1566 0.0000 0.0000
v 0.0000 1.0000 1.0000
v 1.0000 0.0000 0.0000
v -2.6118 0.0000 0.0000
v 9.9091 -8.3153 7.7777
v 17.7300 0.0000 0.0000
v -101.3384 15.0956 51.8882
v 1.0000 1.0000 1.0000
v 0.0000 0.0000 10.6231
v 7.0870 8.1445 17.1272
v 0.0000 0.0000 -105.8338
v 24.4918 39.3052 0.0000
v 0.0000 0.0000 1.0000
v 1.0000 1.0000 0.0000
v 0.0000 -2.6118 0.0000
v 0.0000 12.1279 -1.2928
v 9.5020 20.0552 0.0000
v 0.0000 -97.5898 17.1256
v 38.2261 0.0000 0.0000
v 0.0000 1.0000 1.0000
v 1.0000 0.0000 0.0000
v -2.6118 0.0000 0.0000
v 10.8290 -5.9593 8.9463
v 19.1315 0.0000 0.0000
v -89.5787 11.9970 31.9125
v 1.0000 1.0000 1.0000
v 0.0000 0.0000 11.3422
v -3.5665 9.8670 19.9882
v 0.0000 0.0000 -83.1489
v 11.2953 19.0984 0.0000
v 0.0000 0.0000 1.0000
v 1.0000 1.0000 0.0000
v 0.0000 -2.6118 0.0000
v 0.0000 11.5912 2.0500
v 10.7127 20.0844 0.0000
v 0.0000 -80.9919 12.2325
v 11.7956 0.0000 0.0000
v 0.0000 1.0000 1.0000
v 1.0000 0.0000 0.0000
v -2.6118 0.0000 0.0000
v 9.6952 -6.4461 10.0376
v 19.1802 0.0000 0.0000
v -71.0720 4.2428 9.4416
v 1.0000 1.0000 1.0000
v 0.0000 0.0000 9.8669
v -3.4717 11.3757 20.0031
v 0.0000 0.0000 -64.1074
v 1.9817 1.9785 0.0000
v 0.0000 0.0000 1.0000
v 1.0000 1.0000 0.0000
v 0.0000 -5.0196 0.0000
v 0.0000 0.0000 9.8167
v 4.9924 11.0961 18.7118
v 0.0000 0.0000 -59.3697
v -1.1055 -10.8801 0.0000
v 0.0000 0.0000 1.0000
v 1.0000 1.0000 0.0000
v 0.0000 0.0000 10.8873
v -0.4491 11.3157 20.4469
v 0.0000 0.0000 -53.6521
v -8.2663 -8.6577 0.0000
v 0.0000 0.0000 1.0000
v 1.0000 1.0000 0.0000
v 0.0000 -2.6118 0.0000
v 0.0000 11.7439 2.7348
v 10.1471 19.5785 0.0000
v 0.0000 -49.5546 -16.0473
v -16.0948 0.0000 0.0000
v 0.0000 1.0000 1.0000
v 1.0000 0.0000 0.0000
v -2.6118 0.0000 0.0000
v 11.5391 5.8342 7.6777
v 17.5437 0.0000 0.0000
v -50.4487 -14.2461 -21.3913
v 1.0000 1.0000 1.0000
v 0.0000 0.0000 11.3662
v 6.4326 6.4847 17.1134
v 0.0000 0.0000 -50.9169
v -13.3663 -24.7598 0.0000
v 0.0000 0.0000 1.0000
v 1.0000 1.0000 0.0000
v 0.0000 -2.6118 0.0000
v 0.0000 11.1102 -6.5498
v 3.7603 17.3679 0.0000
v 0.0000 -42.1924 -27.1673
v -25.3094 0.0000 0.0000
v 0.0000 1.0000 1.0000
v 1.0000 0.0000 0.0000
v -2.6118 0.0000 0.0000
v 13.2574 1.3264 -2.2954
v 18.0371 0.0000 0.0000
v -48.2784 -20.1974 -39.3912
v 1.0000 1.0000 1.0000
v 0.0000 0.0000 12.1033
v -4.2013 -4.7846 18.2972
v 0.0000 0.0000 -46.2448
v -24.3173 -45.1392 0.0000
v 0.0000 0.0000 1.0000
v 1.0000 1.0000 0.0000
v 0.0000 -2.6118 0.0000
v 0.0000 11.0481 7.0543
v -5.7216 16.6701 0.0000
v 0.0000 -56.8916 -11.9916
v -49.5617 0.0000 0.0000
v 0.0000 1.0000 1.0000
v 1.0000 0.0000 0.0000
v -2.6118 0.0000 0.0000
v 10.3921 -7.8600 -6.5476
v 17.5550 0.0000 0.0000
v -48.7897 -24.1286 -56.8396
v 1.0000 1.0000 1.0000
v 0.0000 0.0000 11.7084
v 5.5209 -7.6069 17.6687
v 0.0000 0.0000 -59.8001
v -13.6530 -63.6271 0.0000
v 0.0000 0.0000 1.0000
v 1.0000 1.0000 0.0000
v 0.0000 -2.6118 0.0000
v 0.0000 12.1098 -3.3739
v -8.2494 19.2616 0.0000
v 0.0000 -55.0909 -19.6807
v -66.6888 0.0000 0.0000
v 0.0000 1.0000 1.0000
v 1.0000 0.0000 0.0000
v -2.6118 0.0000 0.0000
v 10.9109 6.9387 -7.4580
v 17.0144 0.0000 0.0000
v -65.4290 -10.5242 -72.5080
v 1.0000 1.0000 1.0000
v 0.0000 0.0000 12.5481
v 2.1571 -8.8672 19.3963
v 0.0000 0.0000 -65.9987
v -13.7766 -84.4379 0.0000
v 0.0000 0.0000 1.0000
v 1.0000 1.0000 0.0000
v 0.0000 -2.6118 0.0000
v 0.0000 10.7432 -6.8911
v -7.9221 18.3218 0.0000
v 0.0000 -61.2641 -19.7156
v -87.5433 0.0000 0.0000
v 0.0000 1.0000 1.0000
v 1.0000 0.0000 0.0000
v -2.6118 0.0000 0.0000
v 10.9778 6.7255 -7.8477
v 17.1534 0.0000 0.0000
v -76.2410 -7.7202 -96.1302
v 1.0000 1.0000 1.0000
v 0.0000 0.0000 12.2571
v -2.3819 -8.6412 19.5829
v 0.0000 0.0000 -77.2890
v -10.0266 -107.5613 0.0000
v 0.0000 0.0000 1.0000
v 1.0000 1.0000 0.0000
v 0.0000 -2.6118 0.0000
v 0.0000 10.4764 -7.4784
v -7.6772 17.9755 0.0000
v 0.0000 -74.6518 -14.1956
v -112.5239 0.0000 0.0000
v 0.0000 1.0000 1.0000
v 1.0000 0.0000 0.0000
v -2.6118 0.0000 0.0000
v 12.0606 4.0662 -8.5030
v 18.5231 0.0000 0.0000
v -86.2937 -3.8470 -118.2087
v 1.0000 1.0000 1.0000
v 0.0000 0.0000 11.9911
v 3.9304 -8.8336 18.7229
v 0.0000 0.0000 -92.1193
v 0.3000 -125.6445 0.0000
v 0.0000 0.0000 1.0000
v 1.0000 1.0000 0.0000
v 0.0000 -2.6118 0.0000
v 0.0000 -11.7602 4.5492
v 8.8630 18.5168 0.0000
v 0.0000 -3.7741 -2.5748
v -153.2763 0.0000 0.0000
v 0.0000 1.0000 1.0000
v 1.0000 0.0000 0.0000
v -2.6118 0.0000 0.0000
v -11.8367 4.0870 9.0877
v 18.7763 0.0000 0.0000
v -3.2003 -3.8902 -149.0326
v 1.0000 1.0000 1.0000
v 0.0000 0.0000 -10.5012
v 6.7504 8.8759 17.6074
v 0.0000 0.0000 7.2311
v -3.5855 -135.1367 0.0000
v 0.0000 0.0000 1.0000
v 1.0000 1.0000 0.0000
v 0.0000 -2.6118 0.0000
v 0.0000 -11.9950 1.4167
v 10.2486 20.2012 0.0000
v 0.0000 2.1649 -8.8553
v -130.7883 0.0000 0.0000
v 0.0000 1.0000 1.0000
v 1.0000 0.0000 0.0000
v -2.6118 0.0000 0.0000
v -11.6634 2.0343 10.6250
v 20.0762 0.0000 0.0000
v 9.4023 -8.9357 -122.4895
v 1.0000 1.0000 1.0000
v 0.0000 0.0000 -11.1024
v -3.5195 10.2287 20.0829
v 0.0000 0.0000 5.3533
v -14.3211 -117.1802 0.0000
v 0.0000 0.0000 1.0000
v 1.0000 1.0000 0.0000
v 0.0000 -2.6118 0.0000
v 0.0000 -11.6093 0.8566
v 10.7159 20.4119 0.0000
v 0.0000 17.1821 -13.6962
v -105.7521 0.0000 0.0000
v 0.0000 1.0000 1.0000
v 1.0000 0.0000 0.0000
v -2.6118 0.0000 0.0000
v -10.5395 -5.5878 9.7192
v 19.4867 0.0000 0.0000
v 11.8528 -19.1500 -101.8267
v 1.0000 1.0000 1.0000
v 0.0000 0.0000 -11.6278
v -2.1528 10.0932 20.2241
v 0.0000 0.0000 24.0853
v -18.1544 -91.0146 0.0000
v 0.0000 0.0000 1.0000
v 1.0000 1.0000 0.0000
v 0.0000 -2.6118 0.0000
v 0.0000 -10.0755 -7.3884
v 8.7803 18.5877 0.0000
v 0.0000 21.0688 -22.8550
v -85.9164 0.0000 0.0000
v 0.0000 1.0000 1.0000
v 1.0000 0.0000 0.0000
v -2.6118 0.0000 0.0000
v -10.8639 -5.8904 8.9474
v 19.1512 0.0000 0.0000
v 31.2410 -23.6816 -72.8409
v 1.0000 1.0000 1.0000
v 0.0000 0.0000 -11.6268
v -3.4752 9.4301 19.8498
v 0.0000 0.0000 34.2765
v -23.5391 -69.3263 0.0000
v 0.0000 0.0000 1.0000
v 1.0000 1.0000 0.0000
v 0.0000 -2.6118 0.0000
v 0.0000 -10.0199 -7.7448
v 8.4421 18.3088 0.0000
v 0.0000 41.3278 -26.5707
v -55.1171 0.0000 0.0000
v 0.0000 1.0000 1.0000
v 1.0000 0.0000 0.0000
v -2.6118 0.0000 0.0000
v -12.0157 0.1686 10.0116
v 20.2548 0.0000 0.0000
v 46.9835 -21.0041 -58.3680
v 1.0000 1.0000 1.0000
v 0.0000 0.0000 -10.8648
v -2.5961 10.8732 20.2948
v 0.0000 0.0000 52.3743
v -23.3982 -46.5782 0.0000
v 0.0000 0.0000 1.0000
v 1.0000 1.0000 0.0000
v 0.0000 -2.6118 0.0000
v 0.0000 -10.3847 2.6336
v 11.6308 19.7037 0.0000
v 0.0000 57.2853 -17.6394
v -50.6137 0.0000 0.0000
v 0.0000 1.0000 1.0000
v 1.0000 0.0000 0.0000
v -2.6118 0.0000 0.0000
v 0.5492 0.1094 13.3414
v 17.7396 0.0000 0.0000
v 67.5328 -21.0459 -41.5930
v 1.0000 1.0000 1.0000
v 0.0000 0.0000 2.7488
v 5.2439 12.0776 16.6355
v 0.0000 0.0000 70.0703
v -15.8175 -47.8961 0.0000
v 0.0000 0.0000 1.0000
v 1.0000 1.0000 0.0000
v 0.0000 -2.6118 0.0000
v 0.0000 6.8417 2.1324
v 12.8877 18.8655 0.0000
v 0.0000 85.4707 -18.5278
v -52.4868 0.0000 0.0000
v 0.0000 1.0000 1.0000
v 1.0000 0.0000 0.0000
v 1.0000 0.0000 0.0000
v 0.0000 0.0000 -2.5688
v 2.7399 1.4971 87.8212
v 0.0000 0.0000 -303.9750
v 339.0000 175.4998 0.0000
v 0.0000 0.0000 1.0000
v 1.0000 1.0000 0.0000
v 0.5020 1.0000 0.0000
v 0.0000 -150.3743 170.2861
v 83.7086 195.1151 0.0000
v 0.0000 729.9750 20.0000
v -264.4998 0.0000 0.0000
v 0.0000 1.0000 1.0000
v 1.0000 0.0000 0.0000
v 1.0000 0.0000 0.0000
v 0.0000 0.0000 4.0647
v 6.2948 1.3842 81.9551
v 0.0000 0.0000 -414.1343
v 228.7970 119.4434 0.0000
v 0.0000 0.0000 1.0000
v 1.0000 1.0000 0.0000
v 0.5020 -19.0745 0.0000
v -291.1349 193.8220 80.9706
v 133.3327 0.0000 0.0000
v 518.7531 -89.0000 -223.7695
v 1.0000 1.0000 1.0000
v 0.0000 -6.5492 3.6532
v 0.6986 117.2200 0.0000
v 0.0000 -241.8114 339.0000
v 254.4174 0.0000 0.0000
v 0.0000 1.0000 1.0000
v 1.0000 0.0000 0.0000
v -19.0745 0.0000 0.0000
v 0.0000 0.0000 -137.4710
v 220.7435 145.0219 164.2273
v 0.0000 0.0000 429.3114
v -89.0000 -121.9174 0.0000
v 0.0000 0.0000 1.0000
v 1.0000 1.0000 0.0000
v 0.0000 -11.9816 52.5000
v -16.4139 279.6769 0.0000
v 0.0000 -154.0000 57.5000
v -38.0000 0.0000 0.0000
v 0.0000 1.0000 1.0000
v 1.0000 0.0000 0.0000
v 0.4980 0.0000 0.0000
v 0.0000 0.0000 14.8770
v 52.5000 -13.5411 279.8832
v 0.0000 0.0000 301.0000
v -1.5000 -25.0000 0.0000
v 0.0000 0.0000 1.0000
v 1.0000 1.0000 0.0000
v 1.0039 0.4980 0.0000
v 13.5834 52.5000 -14.8349
v 279.8857 0.0000 0.0000
v -278.0000 57.5000 -65.0000
v 1.0000 1.0000 1.0000
v 0.0000 -11.2948 52.5000
v 17.0832 279.5166 0.0000
v 0.0000 -21.0000 29.5000
v -45.0000 0.0000 0.0000
v 0.0000 1.0000 1.0000
v 1.0000 0.0000 0.0000
v 0.4980 0.0000 0.0000
v 0.0000 0.0000 18.4616
v 69.9574 -18.3881 373.0792
v 0.0000 0.0000 271.3674
v 69.0426 -59.3975 0.0000
v 0.0000 0.0000 1.0000
v 1.0000 1.0000 0.0000
v 1.0039 0.4980 0.0000
v 14.8770 52.5000 -13.5410
v 279.8832 0.0000 0.0000
v 134.0000 -1.5000 -109.0000
v 1.0000 1.0000 1.0000
v 0.0000 23.0275 52.5000
v 4.9782 276.1164 0.0000
v 0.0000 207.0000 -1.5000
v 48.0000 0.0000 0.0000
v 0.0000 1.0000 1.0000
v 1.0000 0.0000 0.0000
v 0.4980 0.0000 0.0000
v 0.0000 0.0000 19.7490
v 69.9574 17.0550 372.9402
v 0.0000 0.0000 -225.6218
v 69.0426 -141.5588 0.0000
v 0.0000 0.0000 1.0000
v 1.0000 1.0000 0.0000
v 0.0000 1.0000 0.0000
v 0.0000 -17.9986 -9.8500
v -28.3701 35.3783 0.0000
v 0.0000 -18.5851 51.5000
v 93.0482 0.0000 0.0000
v 0.0000 1.0000 1.0000
v 1.0000 0.0000 0.0000
v 0.1490 -5.0196 0.0000
v -10.6399 -11.7911 5.0739
v 14.6569 0.0000 0.0000
v 165.7001 -61.5000 31.6999
v 1.0000 1.0000 1.0000
v 1.0000 0.0000 0.0000
v 0.0000 0.0000 -14.2810
v -12.8911 17.0977 26.0586
v 0.0000 0.0000 210.3004
v -57.5000 92.8002 0.0000
v 0.0000 0.0000 1.0000
v 1.0000 1.0000 0.0000
v 0.0000 -15.0022 -17.6944
v 9.0354 21.2598 0.0000
v 0.0000 210.0001 -64.0000
v 94.2003 0.0000 0.0000
v 0.0000 1.0000 1.0000
v 1.0000 0.0000 0.0000
v 0.0000 1.0000 0.0000
v 0.0000 0.0000 10.1433
v -9.8500 -28.8438 33.2521
v 0.0000 0.0000 -19.2418
v 51.0000 92.6537 0.0000
v 0.0000 0.0000 1.0000
v 1.0000 1.0000 0.0000
v 0.0000 6.2861 -20.8478
v -10.2935 24.9289 0.0000
v 0.0000 108.1996 -30.0000
v 160.1998 0.0000 0.0000
v 0.0000 1.0000 1.0000
v 1.0000 0.0000 0.0000
v 0.1490 -5.0196 0.0000
v 11.2426 -10.4077 -6.6942
v 15.4216 0.0000 0.0000
v 6.5000 -1.0000 84.5000
v 1.0000 1.0000 1.0000
v 1.0000 0.0000 0.0000
v 0.0000 0.0000 12.6606
v -3.5420 -10.1778 18.4621
v 0.0000 0.0000 7.0000
v 3.0000 84.6002 0.0000
v 0.0000 0.0000 1.0000
v 1.0000 1.0000 0.0000
v 0.0000 13.8911 -15.9954
v -12.4796 22.6429 0.0000
v 0.0000 107.0996 -23.5000
v 160.3999 0.0000 0.0000
v 0.0000 1.0000 1.0000
v 1.0000 0.0000 0.0000
v 0.0000 1.0000 0.0000
v 1.3858 -13.4909 -8.7346
v 17.2429 0.0000 0.0000
v 3.4000 8.0000 81.9999
v 1.0000 1.0000 1.0000
v 1.0000 0.0000 0.0000
v 0.0000 0.0000 -12.1975
v -17.9616 11.7582 23.0189
v 0.0000 0.0000 170.0006
v -66.0000 34.7007 0.0000
v 0.0000 0.0000 1.0000
v 1.0000 1.0000 0.0000
v 0.0000 1.4260 7.0270
v -0.1617 24.3942 0.0000
v 0.0000 -20.0109 24.9000
v 13.9624 0.0000 0.0000
v 0.0000 1.0000 1.0000
v 1.0000 0.0000 0.0000
v 1.0000 0.0000 0.0000
v 0.0000 -11.6752 13.1235
v 8.6951 17.2969 0.0000
v 0.0000 53.7996 -28.3000
v -42.3000 0.0000 0.0000
v 0.0000 1.0000 1.0000
v 1.0000 0.0000 0.0000
v 0.0000 0.5077 7.0270
v -0.1166 23.9066 0.0000
v 0.0000 -24.1140 24.8000
v 4.8683 0.0000 0.0000
v 0.0000 1.0000 1.0000
v 1.0000 0.0000 0.0000
v 1.0000 0.0000 0.0000
v 0.0000 -13.5374 12.9391
v 4.0968 17.1204 0.0000
v 0.0000 39.5001 -26.5000
v -46.3001 0.0000 0.0000
v 0.0000 1.0000 1.0000
v 1.0000 0.0000 0.0000
v 28.6441 45.1817 -0.9771
v 28.9702 0.0000 0.0000
v -96.8224 -30.6179 -50.5118
v 1.0000 1.0000 1.0000
v 0.5020 1.0000 0.0000
v 0.0000 -12.8008 36.6396
v 21.0836 43.0475 0.0000
v 0.0000 46.9684 -21.7301
v -182.1975 0.0000 0.0000
v 0.0000 1.0000 1.0000
v 1.0000 0.0000 0.0000
v 0.0000 0.0000 23.0493
v 35.1590 14.4622 38.5941
v 0.0000 0.0000 -95.6072
v -20.2116 -52.9394 0.0000
v 0.0000 0.0000 1.0000
v 1.0000 1.0000 0.0000
v 1.0000 0.0000 0.0000
v -20.7729 30.7627 25.7474
v 41.0263 0.0000 0.0000
v 43.3486 -11.6167 -182.7249
v 1.0000 1.0000 1.0000
v 0.5020 -1.0039 0.0000
v 0.0000 0.0000 31.6320
v 72.4794 -3.7926 45.6045
v 0.0000 0.0000 -106.3611
v -53.2017 -51.2465 0.0000
v 0.0000 0.0000 1.0000
v 1.0000 1.0000 0.0000
v -5.0196 0.0000 0.0000
v 0.0000 -32.7237 69.5935
v 23.2223 46.2635 0.0000
v 0.0000 55.8865 -43.1591
v -190.1233 0.0000 0.0000
v 0.0000 1.0000 1.0000
v 1.0000 0.0000 0.0000
v 131.8505 88.2366 188.3616
v 0.0000 0.0941 1.0000
v 131.0392 82.9942 185.7594
v 0.0000 0.1137 1.0000
v 132.3059 47.1348 177.3888
v 0.0000 0.2471 1.0000
v 130.9911 59.7925 180.4837
v 0.0000 0.2000 1.0000
v 250.7447 25.4522 137.6151
v 0.0000 0.3176 0.0000
v 245.2480 0.9172 134.8004
v 0.0000 0.4078 0.0000
v 256.1575 76.4756 142.3161
v 0.0000 0.1294 0.0000
v 255.3392 69.7418 142.0519
v 0.0000 0.1529 0.0000
v 129.2079 -63.9713 169.8735
v 0.0000 0.6510 1.0000
v 131.2120 -29.5045 173.4211
v 0.0000 0.5255 1.0000
v 140.4225 -157.4254 156.1209
v 0.0000 1.0039 0.7961
v 115.0858 -157.2710 150.2014
v 0.0000 1.0039 1.0000
v 126.7359 -102.1822 166.1474
v 0.0000 0.7922 1.0000
v 188.2871 99.0567 216.7551
v 0.0000 0.0000 0.6824
v 216.9681 99.0567 220.9348
v 0.5000 0.0000 0.5137
v 130.7839 69.7013 182.5782
v 0.0000 0.1647 1.0000
v 130.3383 76.4849 183.9115
v 0.0000 0.1412 1.0000
v 264.8420 98.9343 195.9891
v 0.0000 0.0000 0.1843
v 268.3206 98.9343 163.4695
v 261.7273 92.9343 151.1199
v 0.0000 0.0549 0.0000
v 254.7214 60.1423 140.5788
v 0.0000 0.1882 0.0000
v 253.6160 47.1415 139.6029
v 0.0000 0.2353 0.0000
v 235.0433 -101.7906 125.0379
v 0.0000 0.7882 0.0000
v 220.9626 -157.5909 109.6980
v 0.0000 1.0039 0.0000
v 216.5042 -157.4438 126.9972
v 0.0000 1.0039 0.1333
v 178.7514 -157.4824 151.6368
v 0.0000 1.0039 0.4941
v 158.7805 -157.4024 156.2623
v 0.0000 1.0039 0.6549
v 255.5890 98.9649 210.8779
v 0.5000 0.0000 0.2824
v 239.4021 99.0261 218.9758
v 0.0000 0.0000 0.3882
v 132.1516 1.1403 174.9653
v 0.0000 0.4157 1.0000
v 132.1385 25.8157 175.8799
v 0.0000 0.3255 1.0000
v 132.3426 92.9793 195.2781
v 0.0000 0.0627 1.0000
v 132.5670 98.9793 211.6218
v 0.0000 0.0000 1.0000
v 163.6017 99.0374 213.9044
v 0.0000 0.0000 0.8235
v 257.4092 82.6501 143.7970
v 0.0000 0.1059 0.0000
v 258.7534 88.2097 145.8895
v 0.0000 0.0824 0.0000
v 241.3542 -29.1893 132.6842
v 0.0000 0.5216 0.0000
v 238.1500 -62.1745 128.8266
v 0.0000 0.6431 0.0000
v 194.9010 -157.3008 145.8197
v 0.0000 1.0039 0.3608
v 207.7407 -157.3920 137.4772
v 0.0000 1.0039 0.2431
v 191.7032 -29.2671 165.3164
v 139.8585 0.0000 0.0000
v 1.0000 1.0000 1.0000
v -10.9474 -6.8697 -1.6632
v 17.0086 0.0000 0.0000
v 43.1471 55.9690 -162.5942
v 1.0000 1.0000 1.0000
v -5.0196 0.0000 0.0000
v 0.0000 -6.8615 -7.5008
v 6.0041 13.1542 0.0000
v 0.0000 43.6985 118.2513
v -210.1111 0.0000 0.0000
v 0.0000 1.0000 1.0000
v 1.0000 0.0000 0.0000
v 0.0000 -5.0196 0.0000
v 0.0000 0.0000 -3.6376
v -6.2295 8.4536 13.7747
v 0.0000 0.0000 45.4926
v 121.7974 -207.1035 0.0000
v 0.0000 0.0000 1.0000
v 1.0000 1.0000 0.0000
v -12.4042 -3.3181 5.7754
v 18.7132 0.0000 0.0000
v 41.7626 57.8884 -161.5377
v 1.0000 1.0000 1.0000
v -5.0196 0.0000 0.0000
v 0.0000 -11.8891 -5.2468
v -0.4344 17.5144 0.0000
v 0.0000 42.7055 59.5401
v -188.8823 0.0000 0.0000
v 0.0000 1.0000 1.0000
v 1.0000 0.0000 0.0000
v 0.0000 -5.0196 0.0000
v 0.0000 0.0000 -6.2533
v -10.9864 8.5254 17.2918
v 0.0000 0.0000 -2.6268
v 151.2757 -286.7400 0.0000
v 0.0000 0.0000 1.0000
v 1.0000 1.0000 0.0000
v -5.6365 -11.4975 -7.8036
v 17.0075 0.0000 0.0000
v 1.5013 153.1724 -290.0060
v 1.0000 1.0000 1.0000
v -5.0196 0.0000 0.0000
v 0.0000 -5.4019 -6.1306
v 8.1532 13.9763 0.0000
v 0.0000 145.8628 165.5229
v -201.4804 0.0000 0.0000
v 0.0000 1.0000 1.0000
v 1.0000 0.0000 0.0000
v 0.0000 -5.0196 0.0000
v 0.0000 0.0000 8.7762
v -3.7232 11.6774 19.2941
v 0.0000 0.0000 -192.9195
v 68.2539 -202.0079 0.0000
v 0.0000 0.0000 1.0000
v 1.0000 1.0000 0.0000
v -10.2835 -5.2468 10.1498
v 19.4104 0.0000 0.0000
v -207.7128 62.9929 -209.9898
v 1.0000 1.0000 1.0000
v -5.0196 0.0000 0.0000
v 0.0000 -8.1831 -6.1306
v 6.5136 14.6402 0.0000
v 0.0000 91.6679 155.0600
v -218.5623 0.0000 0.0000
v 0.0000 1.0000 1.0000
v 1.0000 0.0000 0.0000
v 0.0000 -5.0196 0.0000
v 0.0000 0.0000 -6.3143
v -5.1382 8.8109 14.7900
v 0.0000 0.0000 84.8490
v 102.7097 -176.0632 0.0000
v 0.0000 0.0000 1.0000
v 1.0000 1.0000 0.0000
v -6.8904 -2.2408 9.7343
v 15.6475 0.0000 0.0000
v 84.8631 106.0234 -176.2485
v 1.0000 1.0000 1.0000
v -5.0196 0.0000 0.0000
v 0.0000 -1.4743 -6.4941
v 8.1324 13.2396 0.0000
v 0.0000 84.5341 98.7817
v -170.3690 0.0000 0.0000
v 0.0000 1.0000 1.0000
v 1.0000 0.0000 0.0000
v 0.0000 -5.0196 0.0000
v 0.0000 0.0000 -4.5826
v -6.5877 8.0343 13.7117
v 0.0000 0.0000 96.9662
v 151.8644 -219.4075 0.0000
v 0.0000 0.0000 1.0000
v 1.0000 1.0000 0.0000
v 8.1268 -6.9200 4.2955
v 13.6045 0.0000 0.0000
v 100.8583 142.5850 -218.4075
v 1.0000 1.0000 1.0000
v -5.0196 0.0000 0.0000
v 0.0000 -8.7666 -5.3199
v 3.6517 13.9763 0.0000
v 0.0000 309.1098 98.4398
v -130.4235 0.0000 0.0000
v 0.0000 1.0000 1.0000
v 1.0000 0.0000 0.0000
v 0.0000 -5.0196 0.0000
v 0.0000 0.0000 -11.7513
v -3.7232 8.5549 19.1641
v 0.0000 0.0000 47.2007
v 55.6588 -183.8162 0.0000
v 0.0000 0.0000 1.0000
v 1.0000 1.0000 0.0000
v 9.0527 -6.8697 10.2467
v 18.8788 0.0000 0.0000
v 22.8293 152.2152 -272.7067
v 1.0000 1.0000 1.0000
v -5.0196 0.0000 0.0000
v 0.0000 -7.6683 -10.9448
v 7.4202 16.0798 0.0000
v 0.0000 26.8144 143.7462
v -266.7518 0.0000 0.0000
v 0.0000 1.0000 1.0000
v 1.0000 0.0000 0.0000
v 0.0000 -5.0196 0.0000
v 0.0000 0.0000 -7.0808
v -7.1291 10.7636 17.9272
v 0.0000 0.0000 18.8729
v 152.2152 -276.6630 0.0000
v 0.0000 0.0000 1.0000
v 1.0000 1.0000 0.0000
v -7.9030 -3.5729 12.1338
v 19.0204 0.0000 0.0000
v 18.8729 156.3637 -276.6630
v 1.0000 1.0000 1.0000
v -5.0196 0.0000 0.0000
v 0.0000 -12.6247 3.3648
v 8.1067 18.9731 0.0000
v 0.0000 48.4435 63.2296
v -185.3160 0.0000 0.0000
v 0.0000 1.0000 1.0000
v 1.0000 0.0000 0.0000
v 0.0000 -5.0196 0.0000
v 0.0000 0.0000 -12.9815
v -3.2825 0.9813 17.5045
v 0.0000 0.0000 43.2433
v 63.1190 -189.5313 0.0000
v 0.0000 0.0000 1.0000
v 1.0000 1.0000 0.0000
v -0.7259 -10.1109 -10.1288
v 17.6963 0.0000 0.0000
v 0.8137 156.6970 -296.9372
v 1.0000 1.0000 1.0000
v -5.0196 0.0000 0.0000
v 0.0000 -8.0758 -9.2476
v -8.8913 17.1872 0.0000
v 0.0000 -0.4551 156.8131
v -290.3644 0.0000 0.0000
v 0.0000 1.0000 1.0000
v 1.0000 0.0000 0.0000
v 0.0000 -5.0196 0.0000
v 0.0000 0.0000 3.9011
v -4.3203 11.8738 17.7186
v 0.0000 0.0000 -187.4679
v 69.2710 -202.7520 0.0000
v 0.0000 0.0000 1.0000
v 1.0000 1.0000 0.0000
v 8.8164 0.4352 12.5297
v 19.6447 0.0000 0.0000
v -193.7576 72.2630 -202.6676
v 1.0000 1.0000 1.0000
v -5.0196 0.0000 0.0000
v 0.0000 -6.3986 -3.7232
v 12.3040 18.7654 0.0000
v 0.0000 -200.9831 59.1116
v -209.2258 0.0000 0.0000
v 0.0000 1.0000 1.0000
v 1.0000 0.0000 0.0000
v 0.0000 -5.0196 0.0000
v 0.0000 0.0000 8.4238
v -6.2295 3.0483 13.6255
v 0.0000 0.0000 154.3888
v 161.9987 -204.2772 0.0000
v 0.0000 0.0000 1.0000
v 1.0000 1.0000 0.0000
v -8.5528 -5.3199 6.5089
v 14.7014 0.0000 0.0000
v 79.5231 105.9177 -176.6491
v 1.0000 1.0000 1.0000
v -5.0196 0.0000 0.0000
v 0.0000 -8.0197 -6.9094
v 3.3274 13.3980 0.0000
v 0.0000 84.7183 99.2359
v -174.8182 0.0000 0.0000
v 0.0000 1.0000 1.0000
v 1.0000 0.0000 0.0000
v 0.0000 -5.0196 0.0000
v 0.0000 0.0000 -9.4078
v -4.2398 4.1309 14.5462
v 0.0000 0.0000 84.3663
v 102.5204 -174.4974 0.0000
v 0.0000 0.0000 1.0000
v 1.0000 1.0000 0.0000
v -0.2164 -4.8633 9.1606
v 13.7723 0.0000 0.0000
v 96.9645 146.4955 -219.1804
v 1.0000 1.0000 1.0000
v -5.0196 0.0000 0.0000
v 0.0000 -9.4419 -3.8636
v 2.2082 14.1335 0.0000
v 0.0000 46.0913 125.4268
v -211.2890 0.0000 0.0000
v 0.0000 1.0000 1.0000
v 1.0000 0.0000 0.0000
v 0.0000 -5.0196 0.0000
v 0.0000 0.0000 -8.9603
v -5.3199 0.2092 13.6185
v 0.0000 0.0000 303.8391
v 79.4738 -83.1907 0.0000
v 0.0000 0.0000 1.0000
v 1.0000 1.0000 0.0000
v -11.9800 -4.3203 3.5030
v 17.6853 0.0000 0.0000
v 47.8072 56.6760 -178.3476
v 1.0000 1.0000 1.0000
v -5.0196 0.0000 0.0000
v 0.0000 -6.9451 -7.5383
v 10.5489 17.7445 0.0000
v 0.0000 18.8729 146.6413
v -276.6630 0.0000 0.0000
v 0.0000 1.0000 1.0000
v 1.0000 0.0000 0.0000
v 0.0000 -5.0196 0.0000
v 0.0000 0.0000 -5.0700
v -3.8636 9.4080 14.7730
v 0.0000 0.0000 96.9993
v 155.1653 -219.0646 0.0000
v 0.0000 0.0000 1.0000
v 1.0000 1.0000 0.0000
v -8.0525 -6.5877 1.7176
v 13.1864 0.0000 0.0000
v 46.3790 122.1259 -211.4787
v 1.0000 1.0000 1.0000
v -5.0196 0.0000 0.0000
v 0.0000 -12.4241 0.7567
v 8.9925 19.6545 0.0000
v 0.0000 46.9929 59.7595
v -183.5655 0.0000 0.0000
v 0.0000 1.0000 1.0000
v 1.0000 0.0000 0.0000
v 0.0000 -5.0196 0.0000
v 0.0000 0.0000 -8.0921
v -6.1306 -6.0084 14.0542
v 0.0000 0.0000 43.1533
v 125.3215 -215.7661 0.0000
v 0.0000 0.0000 1.0000
v 1.0000 1.0000 0.0000
v 2.4557 -6.5877 8.1295
v 13.2869 0.0000 0.0000
v 149.9727 162.3273 -204.9295
v 1.0000 1.0000 1.0000
v -5.0196 0.0000 0.0000
v 0.0000 -7.1009 -6.6218
v 7.1895 14.1952 0.0000
v 0.0000 92.1376 146.3920
v -216.8615 0.0000 0.0000
v 0.0000 1.0000 1.0000
v 1.0000 0.0000 0.0000
v 0.0000 -5.0196 0.0000
v 0.0000 0.0000 0.0709
v -5.2468 11.9251 17.5010
v 0.0000 0.0000 -197.8707
v 72.1351 -197.3866 0.0000
v 0.0000 0.0000 1.0000
v 1.0000 1.0000 0.0000
v -9.4030 -4.3203 11.4165
v 19.7746 0.0000 0.0000
v -196.8769 60.1288 -205.5634
v 1.0000 1.0000 1.0000
v -5.0196 0.0000 0.0000
v 0.0000 -7.2057 0.4352
v 12.9059 19.1516 0.0000
v 0.0000 -201.0258 63.1208
v -210.2914 0.0000 0.0000
v 0.0000 1.0000 1.0000
v 1.0000 0.0000 0.0000
v 0.0000 -5.0196 0.0000
v 0.0000 0.0000 2.9356
v -3.8637 9.5002 14.3014
v 0.0000 0.0000 150.1774
v 165.6282 -204.6524 0.0000
v 0.0000 0.0000 1.0000
v 1.0000 1.0000 0.0000
v 6.8197 -4.9825 8.7151
v 15.1241 0.0000 0.0000
v 87.7651 102.8869 -172.6719
v 1.0000 1.0000 1.0000
v -5.0196 0.0000 0.0000
v 0.0000 -8.0120 -6.2777
v -4.4226 13.6173 0.0000
v 0.0000 80.7714 102.4156
v -178.4665 0.0000 0.0000
v 0.0000 1.0000 1.0000
v 1.0000 0.0000 0.0000
v 0.0000 -5.0196 0.0000
v 0.0000 0.0000 7.6280
v -6.2295 7.2317 14.7540
v 0.0000 0.0000 100.4186
v 151.5359 -216.5776 0.0000
v 0.0000 0.0000 1.0000
v 1.0000 1.0000 0.0000
v -0.6157 -7.4306 7.3898
v 12.5393 0.0000 0.0000
v 96.6595 143.2509 -219.8085
v 1.0000 1.0000 1.0000
v -5.0196 0.0000 0.0000
v 0.0000 -12.6049 0.4352
v 8.5545 19.5191 0.0000
v 0.0000 47.8812 59.6680
v -184.6374 0.0000 0.0000
v 0.0000 1.0000 1.0000
v 1.0000 0.0000 0.0000
v 0.0000 -5.0196 0.0000
v 0.0000 0.0000 -8.9237
v -5.3199 -4.0417 14.2048
v 0.0000 0.0000 306.9209
v 97.0467 -140.2028 0.0000
v 0.0000 0.0000 1.0000
v 1.0000 1.0000 0.0000
v -10.4755 -7.1285 8.3008
v 18.4644 0.0000 0.0000
v 12.1791 156.2314 -276.6630
v 1.0000 1.0000 1.0000
v 0.4980 0.0000 0.0000
v 0.0000 0.0000 -24.4722
v 0.4002 -5.5580 293.9536
v 0.0000 0.0000 86.9997
v 214.1674 -234.0623 0.0000
v 0.0000 0.0000 1.0000
v 1.0000 1.0000 0.0000
v 1.0039 0.4980 0.0000
v 23.0740 0.4002 5.1278
v 295.0253 0.0000 0.0000
v 86.9997 214.1674 -234.0623
v 1.0000 1.0000 1.0000
v 0.0000 -18.1583 0.4993
v -11.8503 290.4923 0.0000
v 0.0000 -163.3290 139.6395
v -150.0570 0.0000 0.0000
v 0.0000 1.0000 1.0000
v 1.0000 0.0000 0.0000
v 0.4980 0.0000 0.0000
v 0.0000 0.0000 7.5984
v 3.5263 16.8106 293.7838
v 0.0000 0.0000 238.2647
v 132.2469 4.2122 0.0000
v 0.0000 0.0000 1.0000
v 1.0000 1.0000 0.0000
v 1.0039 0.4980 0.0000
v -20.1734 0.4806 -7.7073
v 290.6877 0.0000 0.0000
v -72.0003 235.6675 -234.0623
v 1.0000 1.0000 1.0000
v 0.0000 20.5809 1.5125
v -7.7310 295.8802 0.0000
v 0.0000 119.2740 199.5548
v -531.8192 0.0000 0.0000
v 0.0000 1.0000 1.0000
v 1.0000 0.0000 0.0000
v 0.4980 0.0000 0.0000
v 0.0000 0.0000 16.5600
v 0.3831 -15.2002 298.3079
v 0.0000 0.0000 -163.3290
v 136.0791 -150.0570 0.0000
v 0.0000 0.0000 1.0000
v 1.0000 1.0000 0.0000
v 1.0039 0.4980 0.0000
v -26.7796 3.3407 -0.9431
v 290.4296 0.0000 0.0000
v 256.9997 235.6674 -129.0623
v 1.0000 1.0000 1.0000
v 0.0000 -27.5431 -0.6956
v -11.8504 281.9946 0.0000
v 0.0000 -140.5362 221.3711
v -75.6880 0.0000 0.0000
v 0.0000 1.0000 1.0000
v 1.0000 0.0000 0.0000
v 0.4980 0.0000 0.0000
v 0.0000 0.0000 19.2643
v 0.3572 -7.7310 294.3236
v 0.0000 0.0000 287.8441
v 136.0791 -303.7540 0.0000
v 0.0000 0.0000 1.0000
v 1.0000 1.0000 0.0000
v 1.0039 -8.4078 0.0000
v 0.0000 28.7842 -7.5912
v 16.7241 34.8233 0.0000
v 0.0000 -184.1417 94.6751
v -239.1654 0.0000 0.0000
v 0.0000 1.0000 1.0000
v 1.0000 0.0000 0.0000
v 0.0000 -13.5843 0.0000
v 0.0000 -3.3871 3.8611
v 30.2927 34.6265 0.0000
v 0.0000 65.6846 62.0510
v -175.4233 0.0000 0.0000
v 0.0000 1.0000 1.0000
v 1.0000 0.0000 0.0000
v 0.0000 -13.5843 0.0000
v 0.0000 15.5754 -1.0522
v 30.3965 35.6458 0.0000
v 0.0000 -172.3590 85.8603
v -235.6203 0.0000 0.0000
v 0.0000 1.0000 1.0000
v 1.0000 0.0000 0.0000
v 0.0000 -13.5843 0.0000
v 0.0000 -30.2800 7.4388
v 4.7855 34.4872 0.0000
v 0.0000 43.2222 62.3396
v -217.4482 0.0000 0.0000
v 0.0000 1.0000 1.0000
v 1.0000 0.0000 0.0000
v 0.0000 -13.5843 0.0000
v 0.0000 -10.3078 1.3479
v 30.2549 35.1189 0.0000
v 0.0000 -212.7397 72.6410
v -223.1131 0.0000 0.0000
v 0.0000 1.0000 1.0000
v 1.0000 0.0000 0.0000
v 0.0000 -13.5843 0.0000
v 0.0000 -29.3672 1.9490
v 16.2002 35.4806 0.0000
v 0.0000 60.6269 38.5828
v -175.2590 0.0000 0.0000
v 0.0000 1.0000 1.0000
v 1.0000 0.0000 0.0000
v 0.0000 -5.0196 0.0000
v 0.0000 0.0000 -0.9634
v -5.0328 11.9736 17.5249
v 0.0000 0.0000 -238.8477
v 9.3595 -85.6025 0.0000
v 0.0000 0.0000 1.0000
v 1.0000 1.0000 0.0000
v 11.8462 -4.9652 -5.5051
v 18.3282 0.0000 0.0000
v -322.7565 32.3962 -44.3116
v 1.0000 1.0000 1.0000
v -5.0196 0.0000 0.0000
v 0.0000 -4.3696 -5.5703
v 11.3993 17.6850 0.0000
v 0.0000 -237.8477 5.9204
v -87.1025 0.0000 0.0000
v 0.0000 1.0000 1.0000
v 1.0000 0.0000 0.0000
v 0.0000 -5.0196 0.0000
v 0.0000 0.0000 12.7437
v -1.5446 5.8503 18.9038
v 0.0000 0.0000 -322.2565
v 33.7846 -43.3116 0.0000
v 0.0000 0.0000 1.0000
v 1.0000 1.0000 0.0000
v 11.0134 0.8925 11.3518
v 20.4048 0.0000 0.0000
v -248.0353 27.3690 -118.1517
v 1.0000 1.0000 1.0000
v -5.0196 0.0000 0.0000
v 0.0000 8.0060 -5.2322
v 11.5539 18.9275 0.0000
v 0.0000 -236.8477 7.3424
v -87.1025 0.0000 0.0000
v 0.0000 1.0000 1.0000
v 1.0000 0.0000 0.0000
v 0.0000 -5.0196 0.0000
v 0.0000 0.0000 12.2667
v -2.7313 -8.8499 19.7873
v 0.0000 0.0000 -323.2565
v 35.3015 -43.8116 0.0000
v 0.0000 0.0000 1.0000
v 1.0000 1.0000 0.0000
v 3.0840 -1.1720 12.9662
v 17.9140 0.0000 0.0000
v -247.5353 29.4868 -119.6517
v 1.0000 1.0000 1.0000
v -5.0196 0.0000 0.0000
v 0.0000 12.2979 -0.8946
v 7.6039 18.3269 0.0000
v 0.0000 -245.5353 31.0891
v -118.6517 0.0000 0.0000
v 0.0000 1.0000 1.0000
v 1.0000 0.0000 0.0000
v 1.0039 0.4980 0.0000
v -2.6792 0.4002 -26.5553
v 293.1322 0.0000 0.0000
v 89.9716 118.8607 -110.9082
v 1.0000 1.0000 1.0000
v 0.0000 -0.1601 0.4002
v -25.8331 292.2240 0.0000
v 0.0000 -42.9799 111.6527
v -116.9539 0.0000 0.0000
v 0.0000 1.0000 1.0000
v 1.0000 0.0000 0.0000
v 0.4980 0.0000 0.0000
v 0.0000 0.0000 6.3112
v 0.4002 -24.1879 294.3333
v 0.0000 0.0000 -83.4327
v 93.7998 -142.9807 0.0000
v 0.0000 0.0000 1.0000
v 1.0000 1.0000 0.0000
v 1.0039 0.4980 0.0000
v 26.5743 0.4002 -2.7476
v 293.1491 0.0000 0.0000
v -391.2300 148.6023 -48.1780
v 1.0000 1.0000 1.0000
v 0.0000 25.7905 0.4002
v 5.1485 294.4480 0.0000
v 0.0000 64.2703 148.6023
v 202.8507 0.0000 0.0000
v 0.0000 1.0000 1.0000
v 1.0000 0.0000 0.0000
v 0.4980 0.0000 0.0000
v 0.0000 0.0000 -24.4722
v 0.4002 -5.5580 293.9537
v 0.0000 0.0000 -30.1179
v 128.7440 -123.5481 0.0000
v 0.0000 0.0000 1.0000
v 1.0000 1.0000 0.0000
v 1.0039 0.4980 0.0000
v -7.5835 0.4002 -23.5843
v 296.1563 0.0000 0.0000
v -75.1423 98.1607 -117.4694
v 1.0000 1.0000 1.0000
v 0.0000 -16.2961 0.4002
v -12.2484 298.2717 0.0000
v 0.0000 -212.7300 148.6023
v 170.7190 0.0000 0.0000
v 0.0000 1.0000 1.0000
v 1.0000 0.0000 0.0000
v 0.4980 0.0000 0.0000
v 0.0000 0.0000 26.5743
v 0.4002 -2.7476 293.1491
v 0.0000 0.0000 -87.2296
v 93.5796 -148.2904 0.0000
v 0.0000 0.0000 1.0000
v 1.0000 1.0000 0.0000
v 1.0039 0.4980 0.0000
v -24.4722 0.4002 -5.5580
v 293.9537 0.0000 0.0000
v -90.0077 88.8686 -143.7658
v 1.0000 1.0000 1.0000
v 0.0000 0.0000 0.0624
v 6.8298 -29.9650 33.9853
v 0.0000 0.0000 -155.4772
v -17.1942 140.3878 0.0000
v 0.0000 0.0000 1.0000
v 1.0000 1.0000 0.0000
v 0.0000 0.0000 16.5737
v 13.3771 -26.9186 33.6614
v 0.0000 0.0000 -155.4772
v -18.7153 140.3878 0.0000
v 0.0000 0.0000 1.0000
v 1.0000 1.0000 0.0000
v 0.0000 0.0000 24.9076
v 14.7804 18.7796 33.4635
v 0.0000 0.0000 -302.3094
v 12.8492 -104.4429 0.0000
v 0.0000 0.0000 1.0000
v 1.0000 1.0000 0.0000
v 28.5473 10.0330 -14.7459
v 34.1915 0.0000 0.0000
v -289.0549 8.4940 1.6345
v 1.0000 1.0000 1.0000
v 1.0000 0.0000 0.0000
v 6.5022 20.3508 -3.6188
v 33.4571 0.0000 0.0000
v -173.1276 -42.7631 -12.0338
v 1.0000 1.0000 1.0000
v 16.8179 16.8662 -14.4757
v 27.7550 0.0000 0.0000
v -179.9450 -42.3446 -21.4237
v 1.0000 1.0000 1.0000
v 0.0000 0.0000 32.8900
v 24.7131 15.7230 37.3781
v 0.0000 0.0000 -239.1939
v -26.7267 -16.7135 0.0000
v 0.0000 0.0000 1.0000
v 1.0000 1.0000 0.0000
v -1.0039 0.0000 0.0000
v 0.0000 -7.3556 14.0864
v -44.5158 48.4031 0.0000
v 0.0000 -3.2255 28.8718
v 113.7581 0.0000 0.0000
v 0.0000 1.0000 1.0000
v 1.0000 0.0000 0.0000
v 23.6554 38.1176 28.2409
v 48.7786 0.0000 0.0000
v -235.3988 -27.7419 -15.8833
v 1.0000 1.0000 1.0000
v 0.5020 1.0000 0.0000
v 0.0000 8.0787 29.3042
v 32.7266 44.9155 0.0000
v 0.0000 -233.2638 -27.5001
v -18.9907 0.0000 0.0000
v 0.0000 1.0000 1.0000
v 1.0000 0.0000 0.0000
v 0.0000 0.0000 6.5411
v 19.5839 -38.2655 43.6474
v 0.0000 0.0000 -4.5904
v 29.6337 115.1507 0.0000
v 0.0000 0.0000 1.0000
v 1.0000 1.0000 0.0000
v 0.0000 -5.2090 24.5052
v 43.4609 0.0000 1.9529
v -1.5843 -8.6254 24.5034
v 28.1387 0.0000 1.9255
v -1.4510 -10.1875 24.4962
v 11.4540 0.0000 1.9098
v -1.3059 -7.0093 24.5060
v -3.5401 0.0000 1.9373
v -1.1765 32.5015 -35.5721
v -166.6606 0.0000 2.2745
v 0.2392 9.8251 2.4076
v -80.4717 0.0000 2.0824
v -0.5059 15.7382 -7.5849
v -99.7546 0.0000 2.1333
v -0.3373 21.2348 -14.2579
v -111.8784 0.0000 2.1804
v -0.2314 23.8238 -17.5364
v -120.1710 0.0000 2.2000
v -0.1608 31.3239 -31.5999
v -155.2113 0.0000 2.2667
v -1.6431 -9.5234 24.0348
v 48.5498 0.0000 1.9176
v -1.6275 27.1919 -22.8572
v -131.3239 0.0000 2.2314
v -0.0627 29.5133 -26.8791
v -142.7254 0.0000 2.2510
v 0.0314 8.6456 8.3706
v -65.1920 0.0000 2.0706
v -0.6392 3.8841 13.4648
v -51.4901 0.0000 2.0314
v -0.7569 1.1710 17.6000
v -37.7860 0.0000 2.0078
v -0.8784 -1.2225 21.9621
v -23.9128 0.0000 1.9882
v -0.9961 31.9837 -30.0254
v -151.9943 0.0000 2.2706
v 0.1137 30.5881 -33.3585
v -158.7945 0.0000 2.2588
v 0.1725 33.0619 -33.8589
v -164.6722 0.0000 2.2784
v 0.2235 32.0472 -36.8316
v -168.2682 0.0000 2.2706
v 0.2549 -2.4729 22.5111
v -19.5098 0.0000 1.9765
v -1.0353 -0.1746 20.0525
v -29.9863 0.0000 1.9961
v -0.9451 2.6547 15.3381
v -45.2763 0.0000 2.0196
v -0.8118 5.1116 12.1532
v -55.0274 0.0000 2.0392
v -0.7255 7.4570 9.6434
v -61.7724 0.0000 2.0627
v -0.6667 9.0862 6.1461
v -70.8825 0.0000 2.0745
v -0.5882 9.5334 3.8840
v -76.6825 0.0000 2.0784
v -0.5373 11.1266 0.2086
v -84.7100 0.0000 2.0941
v -0.4706 12.2835 -1.7464
v -88.4808 0.0000 2.1020
v -0.4353 13.7713 -4.2608
v -93.3305 0.0000 2.1137
v -0.3922 14.9276 -6.2156
v -97.1044 0.0000 2.1255
v -0.3608 18.9115 -11.4372
v -106.7539 0.0000 2.1608
v -0.2784 22.7299 -16.1512
v -116.6617 0.0000 2.1922
v -0.1922 24.6736 -18.8793
v -122.9921 0.0000 2.2078
v -0.1373 26.2100 -21.3057
v -128.0739 0.0000 2.2196
v -0.0902 28.3380 -24.8423
v -136.9453 0.0000 2.2392
v -0.0157 30.4649 -28.0907
v -146.2988 0.0000 2.2588
v 0.0627 -54.0533 5.0175
v 175.3536 0.0000 1.5373
v -2.7294 -47.7845 6.2878
v 148.5639 0.0000 1.5882
v -2.4980 -39.1430 7.8595
v 125.8096 0.0000 1.6627
v -2.2980 -30.5144 9.8480
v 105.5022 0.0000 1.7373
v -2.1216 -25.0539 12.2897
v 95.1197 0.0000 1.7843
v -2.0314 -16.1768 15.2868
v 73.5631 0.0000 1.8588
v -1.8431 -11.9505 17.2862
v 57.0145 0.0000 1.8941
v -1.5922 -53.6569 3.4351
v 189.7727 0.0000 1.5373
v -2.8549 -50.4966 5.8877
v 156.5124 0.0000 1.5647
v -2.5647 -49.1499 6.1048
v 152.3760 0.0000 1.5765
v -2.5294 -45.5241 6.9867
v 138.3976 0.0000 1.6078
v -2.4078 -41.0079 7.4769
v 131.3002 0.0000 1.6471
v -2.3451 -40.2681 7.6336
v 129.1159 0.0000 1.6549
v -2.3294 -35.9496 9.0347
v 113.6663 0.0000 1.6902
v -2.1922 -27.2555 11.0096
v 100.4394 0.0000 1.7647
v -2.0784 -24.0781 13.7228
v 83.1418 0.0000 1.7922
v -1.9294 -13.9021 15.8472
v 69.9624 0.0000 1.8784
v -1.8118 -12.6851 16.2072
v 67.3665 0.0000 1.8902
v -1.7922 -7.3733 18.2072
v 49.0643 0.0000 1.9333
v -1.6314 -6.3557 18.5616
v 46.3415 0.0000 1.9451
v -1.7333 27.0092 3.4695
v 220.8123 0.0000 2.2275
v -3.1255 73.4187 1.3414
v -28.8854 0.0000 2.6235
v -0.9529 82.3967 -3.0175
v -30.8437 0.0000 2.7020
v -0.9373 43.1065 21.1981
v 49.6390 0.0000 2.3647
v -1.6353 43.5789 21.8847
v 44.6015 0.0000 2.3686
v -1.5922 44.7351 21.4696
v -2.9557 0.0000 2.3804
v -1.1804 45.5840 20.7950
v 5.8499 0.0000 2.3882
v -1.2549 -43.6263 6.1760
v 217.8626 0.0000 1.6235
v -3.0980 49.4251 4.8791
v 180.8592 0.0000 2.4196
v -2.7765 38.1854 3.6027
v 204.9372 0.0000 2.3255
v -2.9882 49.6599 8.2792
v 151.2198 0.0000 2.4235
v -2.5216 51.4824 6.3771
v 160.5637 0.0000 2.4353
v -2.6000 40.1928 9.8511
v 126.1850 0.0000 2.3412
v -2.3020 42.7186 9.7385
v 135.4056 0.0000 2.3608
v -2.3843 33.6638 12.3448
v 109.4348 0.0000 2.2863
v -2.1569 33.8826 12.0845
v 115.8588 0.0000 2.2863
v -2.2118 30.8584 16.9282
v 94.4427 0.0000 2.2627
v -2.0275 30.8599 16.4305
v 97.3652 0.0000 2.2627
v -2.0510 34.1672 17.8626
v 76.0850 0.0000 2.2902
v -1.8667 34.3049 17.3491
v 85.6151 0.0000 2.2902
v -1.9490 37.1112 18.3650
v 68.7142 0.0000 2.3137
v -1.8039 35.2168 18.4702
v 72.1139 0.0000 2.2980
v -1.8314 45.2831 22.0451
v 16.3786 0.0000 2.3843
v -1.3490 43.9695 22.4456
v 31.6540 0.0000 2.3725
v -1.4824 93.3779 -5.5043
v -26.4335 0.0000 2.7961
v -0.9765 44.5950 20.8117
v -9.4316 0.0000 2.3765
v -1.1216 49.6569 15.3173
v -17.0231 0.0000 2.4235
v -1.0588 32.6865 14.4545
v 101.0642 0.0000 2.2784
v -2.0824 36.4952 11.0678
v 121.1332 0.0000 2.3098
v -2.2588 57.7814 9.1823
v -24.7871 0.0000 2.4902
v -0.9882 62.2695 4.3216
v -28.2104 0.0000 2.5294
v -0.9608 42.1407 20.4469
v 59.6423 0.0000 2.3569
v -3.1451 46.9609 8.8465
v 145.0710 0.0000 2.4000
v -2.4667 34.7992 11.7295
v 117.7102 0.0000 2.2941
v -2.2275 44.2037 9.4258
v 138.7896 0.0000 2.3765
v -2.4118 43.4296 21.6680
v 46.1964 0.0000 2.3686
v -1.6078 47.2490 18.7760
v -12.2779 0.0000 2.4000
v -1.0980 53.3017 13.2872
v -19.8741 0.0000 2.4510
v -1.9255 -51.0844 3.2553
v 201.5198 0.0000 1.5608
v -1.7333 94.4294 -33.3908
v -27.4982 0.0000 2.8039
v -0.9647 27.4042 3.0123
v 247.3947 0.0000 2.2314
v -3.3569 24.7039 -5.9570
v 246.2126 0.0000 2.2078
v -3.3451 -18.5455 -5.9560
v 240.5331 0.0000 1.8392
v -3.2980 -19.7006 3.0095
v 240.5112 0.0000 1.8275
v -3.2980 1.7350 -5.9510
v 246.9699 0.0000 2.0118
v -3.3529 0.0000 0.0000
v 0.0000 20.1881 -10.2377
v 34.5582 225.4133 0.0000
v 0.0000 1.0000 1.0000
v 1.0000 0.0000 0.0000
v 0.0000 0.0000 -127.3575
v -36.2175 110.0300 0.0000
v 2.6824 -2.5098 -124.0447
v -36.4589 110.6813 0.0000
v 2.7059 -2.5137 -229.1535
v -35.1429 71.1808 0.0000
v 1.8863 -2.1961 -252.4656
v -31.8939 81.3240 0.0000
v 1.7020 -2.2784 -154.5535
v -35.5400 105.4246 0.0000
v 2.4706 -2.4706 -169.7899
v -35.7770 91.6105 0.0000
v 2.3490 -2.3608 -187.4992
v -35.2601 81.5665 0.0000
v 2.2118 -2.2784 -207.6796
v -35.5097 74.9861 0.0000
v 2.0549 -2.2275 -133.7852
v -36.1573 110.8757 0.0000
v 2.6314 -2.5137 -142.2968
v -36.0081 111.5559 0.0000
v 2.5647 -2.5216 -117.9398
v -36.7974 111.6946 0.0000
v 2.7569 -2.5216 -120.6369
v -37.0691 110.0067 0.0000
v 3.4745 0.7686 29.4428
v -35.1505 74.9937 0.0000
v 3.9098 -2.2275 16.6887
v -36.3339 88.6652 0.0000
v 3.8078 -2.3373 52.0293
v -38.7908 39.5622 0.0000
v 4.0863 -1.9412 41.1508
v -36.4689 58.2749 0.0000
v 4.0000 -2.0941 22.2406
v -36.4764 114.8915 0.0000
v 3.8510 -2.5490 17.9866
v -36.5026 100.7641 0.0000
v 3.8196 -2.4353 29.5488
v -36.4000 123.4111 0.0000
v 3.9098 -2.6157 36.6253
v -36.5759 131.5212 0.0000
v 3.9647 -2.6824 57.9692
v -38.9829 30.0142 0.0000
v 4.1294 -1.8667 54.5480
v -39.9977 31.5400 0.0000
v 4.1059 -1.8784 46.7355
v -36.6107 138.8597 0.0000
v 4.0431 -2.7412 54.5017
v -38.6568 15.5742 0.0000
v 4.1020 -1.7490 53.4621
v -39.0495 1.1447 0.0000
v 4.0941 -1.6314 57.7985
v -38.6585 -12.3112 0.0000
v 4.1294 -1.5255 53.9570
v -39.0526 8.6496 0.0000
v 4.0980 -1.6941 54.7962
v -39.0573 -5.5502 0.0000
v 4.1059 -1.5804 61.9499
v -38.6650 -17.3929 0.0000
v 4.1608 -1.4824 71.8310
v -25.6047 -54.7359 0.0000
v 4.2392 -1.1843 70.2687
v -24.4734 -27.2738 0.0000
v 3.4392 -0.0824 56.3251
v -38.6567 24.6337 0.0000
v 2.8118 -0.0784 71.0593
v -39.0712 -23.2470 0.0000
v 0.6157 -1.6667 0.0000
v -149.3655 -36.6949 -14.6602
v 397.9677 0.0000 0.0000
v 1.0000 1.0000 1.0000
v 0.9059 0.6275 -56.7057
v 5.0645 -105.8442 0.0000
v 0.8549 0.5451 -24.9735
v 6.0758 -145.9720 0.0000
v 1.0314 1.0000 8.2237
v 4.0756 -139.2215 0.0000
v 1.3333 0.0235 -51.2657
v 4.7758 -108.4170 0.0000
v 1.3059 0.6902 26.7123
v 4.0697 -112.7191 0.0000
v 1.2000 0.4471 32.2111
v 4.0717 -106.2262 0.0000
v 1.3922 0.6431 -46.4714
v 7.8214 -112.7138 0.0000
v 0.8510 0.7686 -39.2078
v 9.8179 -123.4712 0.0000
v 0.9137 0.8431 -4.0057
v 4.5782 -146.7172 0.0000
v 1.1765 0.9843 18.7130
v 4.0708 -123.7209 0.0000
v 0.0353 0.0902 -156.1678
v 13.0679 -12.0158 0.0000
v 0.3569 0.2784 -60.6921
v 13.8034 -101.4680 0.0000
v 0.7412 0.6980 -68.2023
v 18.8169 -100.2282 0.0000
v 0.3804 0.4588 -73.9678
v 20.5780 -97.7401 0.0000
v 0.6471 0.6824 -81.9801
v 21.5807 -93.2320 0.0000
v 1.3333 0.6000 -144.1057
v 13.0761 -54.5942 0.0000
v 0.1216 0.4275 -150.9389
v 13.0670 -30.0159 0.0000
v 0.8118 0.2353 -129.7803
v 19.5743 -63.9718 0.0000
v 0.7059 0.6431 -64.6969
v 16.3097 -100.7210 0.0000
v 0.4235 0.4353 -89.2214
v 22.0776 -85.4802 0.0000
v 0.5294 0.6078 -95.7215
v 22.0766 -74.4767 0.0000
v 0.3882 0.3922 -102.4928
v 22.0778 -69.4665 0.0000
v 0.4235 0.4980 -109.4991
v 22.0765 -70.4629 0.0000
v 0.3725 0.3961 -115.9850
v 22.0766 -68.9663 0.0000
v 0.3294 0.5059 -122.0151
v 22.0812 -64.9798 0.0000
v 1.5922 0.0588 51.5029
v 11.0819 -103.8242 0.0000
v 1.4902 0.3961 125.3771
v 13.0874 -73.3877 0.0000
v 1.4392 0.4235 43.7232
v 8.4534 -102.8308 0.0000
v 1.4667 0.6039 109.1898
v 12.0366 -82.3224 0.0000
v 1.9020 0.3843 94.5638
v 11.2889 -97.9420 0.0000
v 1.5961 0.2196 36.8127
v 6.6995 -102.8333 0.0000
v 1.3922 0.2745 80.2040
v 11.0849 -104.4056 0.0000
v 1.7216 0.5804 66.1069
v 11.0844 -101.7113 0.0000
v 1.3020 0.0275 0.0000
v 0.0000 0.0000 -15.3953
v 8.3351 -75.2127 157.8917
v 0.0000 0.0000 1.0000
v 1.0000 1.0000 0.0000
v 0.0000 0.0000 133.2236
v -4.5872 178.5656 0.0000
v 4.6196 -1.7765 142.9939
v -4.5650 173.0897 0.0000
v 4.7412 -1.7373 152.0536
v -4.5680 167.7822 0.0000
v 4.8549 -1.6980 164.1398
v -4.5689 164.6891 0.0000
v 5.0078 -1.6745 187.3973
v -5.5485 146.0670 0.0000
v 5.2980 -1.5412 210.2655
v -5.5489 126.2095 0.0000
v 4.5294 0.5412 101.8572
v -14.9687 197.2157 0.0000
v 3.6118 0.1059 -86.6866
v -16.4862 190.9598 0.0000
v 5.2314 -0.6471 -142.8193
v -11.4339 158.2729 0.0000
v 5.2275 -1.1137 88.0046
v -14.9698 203.9653 0.0000
v 1.6118 0.0510 130.9676
v -11.2280 177.7197 0.0000
v 3.8667 0.3373 124.9703
v -14.9677 185.9762 0.0000
v 4.5176 -1.8314 111.1064
v -14.9663 192.7184 0.0000
v 5.4157 0.2745 -218.2419
v -5.4155 96.0851 0.0000
v 0.2235 -1.1765 -12.8967
v -10.3534 202.6774 0.0000
v 5.2039 0.0078 49.0685
v -6.0453 208.6714 0.0000
v 0.0000 -0.8745 -173.8510
v -7.2342 119.1004 0.0000
v 3.2980 -1.0196 83.9874
v -7.1645 210.1598 0.0000
v 1.6196 -0.7333 80.4955
v -11.5987 207.3337 0.0000
v 1.9373 -0.9608 0.0000
v 0.0000 4.7340 11.4176
v 3.8727 317.0246 0.0000
v 0.0000 1.0000 1.0000
v 1.0000 0.0000 0.0000
v 1.5529 -1.2980 -30.4693
v -34.4758 -34.2307 0.0000
v 3.7529 -1.3333 263.0657
v -24.2651 87.9395 0.0000
v 0.7490 -1.4314 -161.4813
v -42.1016 60.2457 0.0000
v 0.7765 -1.4196 -144.0602
v -39.6331 -55.1222 0.0000
v 0.9020 -0.5333 -137.4546
v -39.6356 -61.0435 0.0000
v 0.9490 -0.4863 -103.9662
v -39.2965 -78.7683 0.0000
v 0.5529 -0.9020 -149.9283
v -42.1129 65.9271 0.0000
v 0.1686 -0.7490 -230.9763
v -18.3059 -78.0238 0.0000
v 0.6118 -1.6902 -133.1591
v -40.9737 115.0754 0.0000
v 0.9451 -1.7922 -157.3570
v -42.1083 39.1929 0.0000
v 0.5176 -0.9569 -59.3533
v -39.7757 94.6019 0.0000
v 1.5059 -1.6824 -105.9902
v -43.1771 104.3026 0.0000
v 0.3882 -0.8706 -136.3389
v -44.7577 69.5887 0.0000
v 0.4118 -0.8314 -213.0929
v -24.7722 -10.0244 0.0000
v 0.4078 -0.8784 -152.2805
v -45.6826 38.1312 0.0000
v 0.8431 -1.2510 -149.0318
v -45.1251 26.1639 0.0000
v 0.8667 -1.1569 -141.4010
v -45.2040 -42.0858 0.0000
v 0.9216 -0.6314 -150.6120
v -45.2018 -35.1846 0.0000
v 0.8549 -0.6863 -113.3106
v -44.4853 -63.5701 0.0000
v 1.1216 -0.4667 -124.7700
v -45.1007 -60.7162 0.0000
v 1.0392 -0.4902 -103.5970
v -43.6567 -72.8175 0.0000
v 1.1922 -0.3961 -85.0385
v -39.8224 -68.2229 0.0000
v 1.3255 -0.4314 -60.6029
v -37.7512 -53.7780 0.0000
v 1.4980 -0.5412 -160.7970
v -42.0915 -1.4649 0.0000
v 1.0118 -0.4235 -179.6595
v -28.1521 106.3591 0.0000
v 0.6471 -1.7765 -189.3619
v -28.1551 100.0797 0.0000
v 0.5765 -1.7255 -202.5241
v -33.8113 12.5558 0.0000
v 0.4824 -1.0549 -203.7716
v -33.8137 5.6937 0.0000
v 0.4745 -1.0000 -181.5373
v -33.5388 -78.5161 0.0000
v 0.6314 -0.3529 -171.4044
v -32.2945 -92.0636 0.0000
v 0.7059 -0.2471 -103.9776
v -32.4089 -92.7545 0.0000
v 1.1882 -0.2431 -222.1147
v -33.9659 29.0540 0.0000
v 0.3412 -1.1804 -210.0274
v -33.9672 22.5548 0.0000
v 0.4275 -1.1294 -152.2345
v -28.8404 117.4652 0.0000
v 0.8431 -1.8588 -150.9514
v -45.6012 7.4360 0.0000
v 0.8510 -1.0157 -148.6417
v -45.6036 15.2388 0.0000
v 0.7294 -1.3490 -184.7483
v -33.8985 -36.9896 0.0000
v 0.6078 -0.6706 -187.5500
v -33.8986 -59.7197 0.0000
v 0.5882 -0.4980 -244.2098
v -18.3035 -40.6221 0.0000
v 0.1843 -0.6431 -222.0836
v -24.7703 16.1132 0.0000
v 0.7843 -0.6706 -155.8472
v -42.0947 -36.5081 0.0000
v 0.8157 -0.6745 -147.2419
v -42.1014 -44.8037 0.0000
v 0.8510 -0.6000 -133.8976
v -45.2640 -56.8126 0.0000
v 0.9725 -0.5176 -139.9566
v -45.2591 -50.9524 0.0000
v 0.9294 -0.5647 -126.5313
v -39.2888 -65.3488 0.0000
v 1.0275 -0.4549 -114.6747
v -39.2942 -67.1505 0.0000
v 1.1098 -0.4392 -231.4423
v -18.3089 -66.6174 0.0000
v 0.2745 -0.4431 -152.9911
v -32.4063 -103.2505 0.0000
v 0.8353 -0.1608 -131.6611
v -32.4074 -105.8599 0.0000
v 0.9882 -0.1412 -152.3340
v -45.5317 -2.5753 0.0000
v 0.7765 -0.8745 -156.5071
v -42.0944 -11.0355 0.0000
v 0.8118 -0.8706 -155.5835
v -42.0961 -22.6790 0.0000
v 0.7922 -0.7882 -196.4612
v -34.0516 -8.9914 0.0000
v 0.5255 -0.8863 -238.4535
v -18.3041 -46.1876 0.0000
v 0.2784 -0.5255 -249.6652
v -19.8105 2.6968 0.0000
v 0.2627 -0.5686 -208.9438
v -28.5471 88.6605 0.0000
v 0.4353 -1.6392 -201.8106
v -28.1069 92.0378 0.0000
v 0.4863 -1.6627 -201.1973
v -34.0508 -2.2114 0.0000
v 0.4902 -0.9412 -155.8421
v -45.6678 48.3240 0.0000
v 0.8157 -1.3294 -141.4169
v -42.1024 72.9774 0.0000
v 0.9176 -1.5176 -215.5874
v -29.9773 79.8151 0.0000
v 0.3882 -1.5686 -223.8005
v -31.5606 69.5775 0.0000
v 0.3294 -1.4902 -164.3100
v -42.1032 49.6780 0.0000
v 0.7569 -1.3373 -232.6613
v -18.3048 -57.8894 0.0000
v 0.8980 -1.5255 -153.3103
v -45.1453 56.9018 0.0000
v 0.8353 -1.3961 -234.5899
v -18.3027 -51.9768 0.0000
v 0.1608 -0.9647 -242.1206
v -22.8015 14.9454 0.0000
v 0.2706 -1.0824 -223.8705
v -18.2967 -84.9613 0.0000
v 0.3294 -0.3020 -249.0640
v -18.2942 -28.3918 0.0000
v 0.1490 -0.7373 -232.2173
v -24.7731 19.6157 0.0000
v 0.2706 -1.1059 -252.8987
v -18.2896 -10.1386 0.0000
v 0.2353 -0.6118 -209.4763
v -24.7734 -15.1177 0.0000
v 0.4431 -0.7961 -202.9617
v -19.8585 -84.1223 0.0000
v 0.4980 -0.3608 -195.8318
v -24.7770 -62.8652 0.0000
v 0.5294 -0.4745 -197.6200
v -22.8474 -78.6655 0.0000
v 0.4980 -0.6588 -197.2498
v -24.7741 -38.4419 0.0000
v 0.4118 -0.3137 -149.3963
v -45.4432 61.1738 0.0000
v 0.8627 -1.4275 -144.0778
v -45.4468 63.5173 0.0000
v 0.7882 -1.4627 -156.8004
v -42.1121 64.1857 0.0000
v 0.8078 -1.4510 -211.5720
v -18.2940 -87.2543 0.0000
v 0.3294 -1.3882 -228.4704
v -33.0572 55.4324 0.0000
v 0.2941 -1.3843 -228.1354
v -33.0504 40.3417 0.0000
v 0.8784 -0.5137 -126.0599
v -44.2923 86.4975 0.0000
v 1.0314 -1.6235 -117.1594
v -44.2899 100.3236 0.0000
v 1.0000 -1.7529 -122.0119
v -42.0816 106.3373 0.0000
v 1.0588 -1.7765 -130.3268
v -42.0872 89.1464 0.0000
v 0.8392 -0.1882 -170.6060
v -28.0125 110.6653 0.0000
v 0.4706 -1.6078 -149.2328
v -45.2939 -23.4556 0.0000
v 0.8627 -0.7765 -149.1666
v -45.2957 -12.6743 0.0000
v 0.8000 -1.0824 -154.9047
v -42.1005 15.7699 0.0000
v 0.8235 -1.0784 -158.7915
v -42.0903 8.4163 0.0000
v 0.7647 -1.0275 -154.2413
v -42.1054 26.7952 0.0000
v 0.5882 -0.8510 -191.8298
v -34.0702 -14.9718 0.0000
v 0.5569 -0.8431 -186.7686
v -34.0711 -22.0375 0.0000
v 0.3647 -0.9882 -216.4049
v -25.0559 5.3351 0.0000
v 0.3804 -0.9961 -215.8315
v -25.0566 -3.1844 0.0000
v 0.3882 -0.9333 -205.3383
v -24.7761 -20.0222 0.0000
v 0.4627 -0.8039 -200.7233
v -24.7741 -24.0822 0.0000
v 0.4941 -0.7725 93.4066
v -0.5732 -19.4591 0.0000
v 2.6039 -0.8078 -1.5146
v -25.0146 -30.5581 0.0000
v 1.9216 -0.7216 58.8001
v -5.3959 42.3302 0.0000
v 2.3529 -1.2824 33.8469
v -11.2901 54.3921 0.0000
v 2.1765 -1.3765 96.9536
v -0.5540 35.1882 0.0000
v 2.6275 -1.2275 35.2747
v -14.3195 -25.9652 0.0000
v 2.1843 -0.7569 59.9468
v -7.5519 -31.4692 0.0000
v 2.3608 -0.7137 2.7477
v -21.6135 73.1133 0.0000
v 1.0039 -0.5529 -27.8098
v -28.9817 81.4804 0.0000
v 1.2235 -1.2118 221.6598
v -0.5646 -38.0906 0.0000
v 3.5216 -0.6627 200.4847
v -0.5555 45.5593 0.0000
v 3.3686 -1.3059 227.9570
v -0.5586 58.8265 0.0000
v 3.5647 -1.4078 272.7995
v -5.4124 103.0531 0.0000
v 3.8863 -1.7490 186.3026
v -0.5608 -24.4089 0.0000
v 3.2667 -0.7686 273.8057
v -24.2850 98.2210 0.0000
v 3.8941 -1.7137 152.3103
v -0.5559 42.7801 0.0000
v 3.0235 -1.2863 140.9899
v -0.5659 -20.0867 0.0000
v 2.9451 -0.8039 -57.9210
v -43.5676 105.6995 0.0000
v 1.5176 -1.7686 -61.4234
v -54.1964 104.1901 0.0000
v 1.4941 -1.7569 -80.8629
v -54.1699 106.1485 0.0000
v 1.3529 -1.7725 -103.0999
v -54.2074 111.6833 0.0000
v 1.1961 -1.8157 -103.7898
v -45.0944 118.1808 0.0000
v 1.2314 -1.7490 -99.1324
v -44.3858 108.5175 0.0000
v 1.2235 -1.7922 -64.9940
v -41.9772 98.0698 0.0000
v 0.7255 -0.2745 0.0000
v 0.0000 10.4535 -27.3807
v 6.1605 286.1869 0.0000
v 0.0000 1.0000 1.0000
v 1.0000 0.0000 0.0000
v 0.4353 -0.1333 0.0000
v 0.0000 19.8147 -14.9750
v 24.8550 215.1359 0.0000
v 0.0000 1.0000 1.0000
v 1.0000 0.0000 0.0000
v 0.2157 0.0000 0.0000
v -79.6113 -45.0000 6.5611
v 194.3980 0.0000 0.0000
v 1.0000 1.0000 1.0000
v 0.7451 0.4588 0.0000
v 0.0000 112.3750 -20.0000
v 39.1796 93.2007 0.0000
v 0.0000 1.0000 1.0000
v 1.0000 0.0000 0.0000
v 0.8000 0.0000 0.0000
v 0.0000 0.0000 21.7695
v 3.7825 -11.2896 259.6544
v 0.0000 0.0000 1.0000
v 1.0000 1.0000 0.0000
v 0.1686 0.0000 0.0000
v 0.0000 0.0000 62.9648
v -43.5000 48.0103 81.1089
v 0.0000 0.0000 1.0000
v 1.0000 1.0000 0.0000
v 0.0000 0.0000 -26.6250
v -17.0000 66.3750 120.5458
v 0.0000 0.0000 1.0000
v 1.0000 1.0000 0.0000
v 1.0039 0.9059 0.0000
v 0.0000 -9.3750 -31.2501
v -73.1250 124.2987 0.0000
v 0.0000 1.0000 1.0000
v 1.0000 0.0000 0.0000
v -5.6667 0.0000 0.0000
v 0.0000 0.0000 4.7495
v 11.3932 2.4749 316.1404
v 0.0000 0.0000 1.0000
v 1.0000 1.0000 0.0000
v -0.8118 0.0000 0.0000
v 57.7275 -31.6350 21.7330
v 225.0739 0.0000 0.0000
v 1.0000 1.0000 1.0000
v -1.2118 0.0000 0.0000
v 13.3642 -23.5000 -26.0000
v 220.5124 0.0000 0.0000
v 1.0000 1.0000 1.0000
v 2.2039 -0.4275 0.0000
v 17.0642 -60.6198 0.0995
v 274.9647 0.0000 0.0000
v 1.0000 1.0000 1.0000
v 0.0000 -87.6279 33.2803
v -113.3663 -0.0000 6.4353
v -0.4235 -33.7736 34.0756
v -72.3804 0.0000 11.5804
v -4.3294 -72.4937 34.0625
v 17.4562 0.0000 7.8824
v -12.8863 -88.4476 34.4529
v -105.0118 0.0000 6.3569
v -1.2196 -12.9152 30.8286
v -18.1734 0.0000 13.5725
v -9.4941 -42.7043 34.6598
v -86.6361 0.0000 10.7255
v -2.9686 -23.0695 32.9060
v -70.9574 -0.0000 12.6039
v -4.4627 -86.8081 32.1077
v -121.7208 0.0000 6.5137
v 0.3686 -30.0867 33.7247
v -91.4897 -0.0000 11.9333
v -2.5059 -55.3023 34.8567
v -96.3692 0.0000 9.5255
v -2.0431 -54.4982 33.8049
v -0.3065 0.0000 9.6000
v -11.1961 -26.8303 32.1874
v -21.8414 -0.0000 12.2431
v -9.1412 -63.1866 32.4727
v -123.0662 0.0000 8.7725
v 0.4980 -67.4422 33.5932
v -112.9753 -0.0000 8.3647
v -0.4588 -11.1835 31.2788
v -47.3439 0.0000 13.7373
v -6.7137 -40.7455 33.5463
v -25.5094 0.0000 10.9137
v -8.7922 -102.0957 34.0745
v -101.7320 0.0000 5.0549
v -1.5333 -12.3653 31.7364
v -69.5343 0.0000 13.6235
v -4.6000 -130.2779 32.8313
v -97.8760 0.0000 2.3608
v -1.8980 -130.6768 33.1496
v -91.2279 0.0000 2.3255
v -2.5333 -101.4310 32.1497
v -117.8649 0.0000 5.1176
v 0.0000 -129.6133 32.3008
v -108.9563 0.0000 2.4275
v -0.8431 -17.9500 30.4269
v 17.1483 0.0000 13.0902
v -12.8588 -19.3056 30.4062
v 34.9771 0.0000 12.9608
v -14.5569 -22.7446 32.5158
v -50.0779 -0.0000 12.6353
v -6.4510 -71.6978 34.7137
v -102.8844 0.0000 7.9569
v -1.4235 -34.2938 33.3945
v -115.2262 0.0000 11.5294
v -0.2471 -17.4691 32.7896
v -96.3433 0.0000 13.1373
v -2.0431 -101.7633 33.1121
v -109.7985 -0.0000 5.0863
v -0.7647 -34.3056 33.7528
v -52.8120 0.0000 11.5294
v -6.1922 -44.7980 34.1256
v -105.7977 -0.0000 10.5255
v -1.1451 -36.2241 32.1159
v 8.4209 -0.0000 11.3451
v -12.0275 -45.4506 32.7656
v 33.5762 0.0000 10.4667
v -14.4235 0.0000 0.0000
v -70.9301 32.6315 -44.0445
v 99.0660 0.0000 0.0000
v 1.0000 1.0000 1.0000
v 0.0000 116.9718 -37.2564
v -164.5993 0.0000 2.9490
v 0.1294 129.8498 -37.2564
v -163.6820 0.0000 4.2471
v 0.0392 101.0808 -37.2194
v -133.6970 0.0000 1.3490
v -2.9020 99.6403 -37.2564
v -145.0492 0.0000 1.2039
v -1.7843 206.5907 -36.9516
v -54.9612 0.0000 11.9725
v -10.6275 197.3029 -36.7543
v -57.8989 0.0000 11.0392
v -10.3373 157.1667 -37.2564
v -140.9649 0.0000 6.9961
v -2.1882 154.5140 -37.1399
v -126.0128 0.0000 6.7294
v -3.6549 184.5545 -36.6972
v -74.2846 0.0000 9.7529
v -8.7294 192.9295 -36.6610
v -69.7196 0.0000 10.5961
v -9.1765 101.9607 -37.2564
v -154.7177 0.0000 1.4392
v -0.8392 107.4738 -37.2564
v -161.4664 0.0000 1.9922
v -7.6588 100.3423 -36.9513
v -102.2208 0.0000 1.2745
v -5.9882 100.8070 -37.0260
v -111.8176 0.0000 1.3216
v -5.0471 156.3647 -37.2548
v -166.1005 0.0000 6.9137
v 0.2745 157.5993 -37.2564
v -155.0485 0.0000 7.0392
v -0.8039 146.2480 -36.9388
v -116.7640 0.0000 5.8980
v -4.5608 133.4295 -36.7076
v -114.1140 0.0000 4.6078
v -4.8235 102.5430 -37.2564
v -32.0355 0.0000 1.4980
v -12.8745 141.0630 -37.2564
v -165.8096 0.0000 5.3765
v 0.2471 149.2756 -37.2548
v -169.8913 0.0000 6.2000
v -7.4863 107.9715 -36.8567
v -77.0690 0.0000 2.0431
v -8.4549 102.7726 -36.8236
v -90.0160 0.0000 1.5176
v -7.1843 159.5580 -36.7403
v -76.0396 0.0000 7.2353
v -8.5569 149.4913 -36.6608
v -70.3381 0.0000 6.2235
v -9.1176 155.2410 -36.9156
v -101.6790 0.0000 6.8039
v -6.0431 161.5199 -36.9227
v -86.9322 0.0000 7.4353
v -12.3569 107.0530 -36.9463
v -113.5764 0.0000 1.9490
v -4.8745 118.3674 -36.6403
v -106.8861 0.0000 3.0902
v -5.5294 181.2425 -36.9397
v -18.2793 0.0000 9.4196
v -14.2235 193.9024 -36.9630
v -27.6985 0.0000 10.6941
v -13.3020 162.2985 -37.1782
v -122.1182 0.0000 7.5137
v -4.0353 165.5399 -37.2446
v -133.7711 0.0000 7.8392
v -2.8941 169.0451 -37.2208
v -92.4136 0.0000 8.1922
v -6.9490 163.5626 -37.1294
v -107.5212 0.0000 7.6392
v -5.4667 195.1720 -36.8150
v -109.7118 0.0000 10.8235
v -5.2549 192.7539 -36.7163
v -99.7527 0.0000 10.5804
v -6.2314 172.8802 -37.2564
v -139.0899 0.0000 8.5804
v -2.3725 183.2892 -37.2525
v -137.3097 0.0000 9.6275
v -2.5451 166.9509 -36.9787
v -13.3764 0.0000 7.9804
v -14.7059 152.5670 -37.0779
v -13.6797 0.0000 6.5333
v -14.6784 165.2661 -36.5933
v -66.4926 0.0000 7.8118
v -9.4941 225.8518 -36.9283
v -65.8980 0.0000 13.9137
v -9.5529 131.3591 -36.4501
v -104.8617 0.0000 4.3961
v -5.7294 144.8949 -36.7814
v -108.0202 0.0000 5.7608
v -5.4196 120.3469 -36.8069
v -116.5696 0.0000 3.2902
v -4.5804 108.1561 -37.0694
v -123.9355 0.0000 2.0627
v -3.8588 191.0369 -37.1622
v -130.6009 0.0000 10.4078
v -3.2039 194.5934 -36.9871
v -120.2531 0.0000 10.7647
v -4.2196 119.1777 -36.7990
v -69.5820 0.0000 3.1725
v -9.1922 200.6094 -36.4428
v -95.2978 0.0000 11.3725
v -2.4157 228.9387 -36.8420
v -111.2426 0.0000 14.2235
v -5.1020 109.7105 -37.2564
v -25.4196 0.0000 2.2196
v -13.5255 112.6742 -37.1406
v -54.2924 0.0000 2.5176
v -10.6902 124.7092 -37.2564
v -42.5270 0.0000 3.7294
v -11.8471 203.7578 -36.5848
v -106.0058 0.0000 11.6863
v -5.6157 132.4142 -37.1866
v -30.0285 0.0000 4.5059
v -13.0706 134.9561 -37.1880
v -18.6742 0.0000 4.7608
v -14.1882 235.6174 -36.9516
v -105.9682 0.0000 14.8941
v -5.6196 97.9266 -37.2564
v -38.4787 0.0000 1.0314
v -12.2431 96.9125 -37.2564
v -46.7392 0.0000 0.9294
v -11.4314 129.8511 -37.2458
v -14.0926 0.0000 4.2471
v -14.6353 120.2513 -37.2564
v -19.1212 0.0000 3.2784
v -14.1412 99.1051 -37.2052
v -53.7761 0.0000 1.1490
v -10.7412 103.7947 -37.1392
v -58.1045 0.0000 1.6235
v -10.3176 134.5730 -37.0888
v -45.5440 0.0000 4.7216
v -11.5490 124.7960 -37.0583
v -55.4672 0.0000 3.7373
v -10.5765 143.6585 -37.0795
v -20.4118 0.0000 5.6353
v -14.0157 141.3413 -37.0026
v -33.2266 0.0000 5.4039
v -12.7569 176.4973 -36.6078
v -66.9756 0.0000 8.9412
v -9.4471 186.6947 -36.6173
v -62.0290 0.0000 9.9686
v -9.9333 208.7406 -37.1463
v -48.0238 0.0000 12.1882
v -11.3059 203.4499 -37.0624
v -38.0758 0.0000 11.6549
v -12.2824 126.8990 -36.9291
v -60.1398 0.0000 3.9490
v -10.1176 140.2884 -36.7922
v -58.3377 0.0000 5.2980
v -10.2941 153.7119 -36.6092
v -60.4805 0.0000 6.6471
v -10.0863 210.1976 -36.6088
v -112.0799 0.0000 12.3373
v -5.0196 219.0437 -36.7228
v -113.3589 0.0000 13.2275
v -4.8941 184.8373 -36.7416
v -80.1189 0.0000 9.7843
v -8.1569 194.0337 -36.5993
v -86.4304 0.0000 10.7098
v -7.5373 237.9779 -36.9618
v -96.4334 0.0000 15.1333
v -6.5569 237.4101 -36.9455
v -85.2918 0.0000 15.0745
v -7.6510 135.5058 -36.6905
v -68.1454 0.0000 4.8157
v -9.3333 215.3376 -36.8673
v -63.3007 0.0000 12.8549
v -9.8078 203.7107 -36.7241
v -65.8667 0.0000 11.6824
v -9.5569 234.5984 -36.9421
v -73.3042 0.0000 14.7922
v -8.8275 186.3311 -36.7917
v -91.6795 0.0000 9.9333
v -7.0235 177.0248 -36.9648
v -87.0060 0.0000 8.9961
v -7.4824 119.0676 -37.2564
v -160.2969 0.0005 3.1608
v -0.2902 110.0599 -37.2578
v -158.6269 0.0005 2.2549
v -0.4549 105.9287 -37.2578
v -152.3622 0.0005 1.8392
v -1.0667 103.3967 -37.2578
v -144.2314 0.0005 1.5804
v -1.8667 105.7954 -37.2266
v -134.3677 0.0005 1.8235
v -2.8353 111.7923 -37.1055
v -126.6368 0.0005 2.4275
v -3.5922 121.9204 -36.9023
v -120.6386 0.0005 3.4471
v -4.1804 132.9813 -36.8281
v -118.6393 0.0005 4.5608
v -4.3765 142.9761 -37.0117
v -120.6386 0.0005 5.5686
v -4.1804 150.3056 -37.1680
v -128.2363 0.0005 6.3059
v -3.4353 153.1042 -37.2578
v -140.6324 0.0005 6.5882
v -2.2196 153.9038 -37.2578
v -153.1619 0.0005 6.6667
v -0.9882 152.7044 -37.2539
v -163.1588 0.0005 6.5490
v -0.0078 147.9069 -37.2539
v -165.0249 0.0005 6.0627
v 0.1686 140.1776 -37.2578
v -161.5593 0.0005 5.2863
v -0.1647 129.8146 -37.2564
v -159.8290 0.0005 4.2431
v -0.3373 104.4628 -36.7773
v -99.5785 0.0005 1.6902
v -6.2471 106.9948 -36.6836
v -89.4483 0.0005 1.9451
v -7.2431 112.4586 -36.6992
v -79.3181 0.0005 2.4941
v -8.2353 121.2541 -36.6406
v -73.8531 0.0005 3.3804
v -8.7725 134.5805 -36.5508
v -72.5202 0.0005 4.7216
v -8.9020 146.1745 -36.5234
v -74.2530 0.0005 5.8902
v -8.7333 154.8366 -36.5898
v -77.9851 0.0005 6.7608
v -8.3686 156.9689 -36.7617
v -87.1823 0.0005 6.9765
v -7.4627 151.5050 -36.7578
v -99.1786 0.0005 6.4275
v -6.2863 142.9761 -36.5938
v -103.4439 0.0005 5.5686
v -5.8667 130.9824 -36.3906
v -100.7781 0.0005 4.3608
v -6.1294 119.6549 -36.5234
v -102.2443 0.0005 3.2196
v -5.9882 109.3936 -36.7188
v -108.2425 0.0005 2.1843
v -5.3961 104.4628 -36.8203
v -107.0428 0.0005 1.6902
v -5.5137 105.7151 -37.1719
v -53.0037 0.0005 1.8157
v -10.8196 112.4956 -37.1680
v -50.0900 0.0005 2.4980
v -11.1020 121.3353 -37.2578
v -40.7460 0.0005 3.3882
v -12.0196 127.3122 -37.2070
v -31.5025 0.0005 3.9922
v -12.9294 129.7230 -37.2070
v -22.0078 0.0005 4.2314
v -13.8588 127.0108 -37.2500
v -19.4960 0.0005 3.9608
v -14.1059 119.3263 -37.2578
v -23.9670 0.0005 3.1843
v -13.6667 110.9888 -37.2578
v -29.1414 0.0005 2.3451
v -13.1608 105.9662 -37.2578
v -33.5120 0.0005 1.8392
v -12.7294 102.3500 -37.2578
v -38.1839 0.0005 1.4784
v -12.2706 101.0441 -37.2578
v -44.5640 0.0005 1.3451
v -11.6471 102.0988 -37.2227
v -50.2407 0.0005 1.4510
v -11.0902 144.0312 -36.7031
v -54.5338 0.0005 5.6745
v -10.6667 133.3596 -36.7852
v -56.0183 0.0005 4.6000
v -10.5216 132.0875 -36.8828
v -53.1908 0.0005 4.4706
v -10.8000 139.7202 -36.9414
v -45.5565 0.0005 5.2392
v -11.5490 146.6461 -36.8594
v -34.3879 0.0005 5.9373
v -12.6431 148.6250 -36.8867
v -24.4916 0.0005 6.1373
v -13.6157 154.6321 -36.9102
v -18.8366 0.0005 6.7412
v -14.1725 166.4345 -36.8359
v -17.9176 0.0005 7.9294
v -14.2627 178.5902 -36.7773
v -22.3710 0.0005 9.1529
v -13.8235 189.4032 -36.8047
v -30.2173 0.0005 10.2431
v -13.0549 196.3997 -36.8555
v -38.5584 0.0005 10.9451
v -12.2353 201.1348 -36.9219
v -46.8996 0.0005 11.4235
v -11.4157 199.8627 -36.8164
v -52.2012 0.0005 11.2941
v -10.8980 192.5834 -36.6914
v -54.4632 0.0005 10.5608
v -10.6745 183.3253 -36.5781
v -58.0682 0.0005 9.6314
v -10.3216 174.9859 -36.5547
v -61.5319 0.0005 8.7922
v -9.9804 165.5157 -36.5547
v -60.8957 0.0005 7.8353
v -10.0431 155.7625 -36.5764
v -56.5647 0.0005 6.8549
v -10.4667 173.9387 -37.2148
v -135.1507 0.0005 8.6863
v -2.7569 182.1925 -37.2148
v -133.7582 0.0005 9.5176
v -2.8941 188.7558 -37.1562
v -127.9893 0.0005 10.1765
v -3.4588 191.6397 -37.0391
v -119.4353 0.0005 10.4667
v -4.2980 192.2364 -36.9219
v -110.0856 0.0005 10.5294
v -5.2157 190.0486 -36.8438
v -102.3274 0.0005 10.3059
v -5.9765 184.6786 -36.9023
v -94.7680 0.0005 9.7647
v -6.7216 177.2203 -37.0195
v -91.5852 0.0005 9.0157
v -7.0314 170.9554 -37.1953
v -96.0611 0.0005 8.3843
v -6.5922 167.1765 -37.1328
v -109.1904 0.0005 8.0039
v -5.3059 166.0827 -37.1602
v -120.4299 0.0005 7.8941
v -4.2000 167.7732 -37.1992
v -130.1775 0.0005 8.0627
v -3.2471 219.1856 -36.6562
v -109.1904 0.0005 13.2392
v -5.3059 227.3400 -36.7422
v -107.4995 0.0005 14.0627
v -5.4706 232.8094 -36.8086
v -103.0236 0.0005 14.6118
v -5.9098 234.2321 -36.8086
v -94.4289 0.0005 14.7569
v -6.7529 233.8832 -36.7891
v -85.1241 0.0005 14.7216
v -7.6667 231.6157 -36.7734
v -75.0052 0.0005 14.4941
v -8.6588 223.6501 -36.7383
v -69.5968 0.0005 13.6902
v -9.1882 215.7090 -36.7188
v -66.7157 0.0005 12.8902
v -9.4706 206.2859 -36.6406
v -68.7674 0.0005 11.9412
v -9.2706 196.1578 -36.6016
v -71.9091 0.0005 10.9216
v -8.9647 190.4527 -36.6133
v -75.5637 0.0005 10.3490
v -8.6039 190.3245 -36.6445
v -79.4106 0.0005 10.3333
v -8.2275 198.0808 -36.5664
v -84.9246 0.0005 11.1176
v -7.6863 204.2346 -36.4609
v -92.6185 0.0005 11.7373
v -6.9294 206.4782 -36.5469
v -102.4923 0.0005 11.9608
v -5.9608 211.6279 -36.5742
v -107.0022 0.0005 12.4784
v -5.5176 0.0000 0.0000
v 0.0000 0.0000 167.4452
v -36.7471 -91.6338 105.3522
v 0.0000 0.0000 1.0000
v 1.0000 1.0000 0.0000
v 0.0000 0.0000 18.1708
v -2.6253 176.1693 0.0000
v 0.0000 -0.0784 11.2329
v -2.0753 180.4935 0.0000
v 0.0000 -0.2745 30.7500
v 1.0308 119.2500 0.0000
v 0.0000 1.0000 22.7366
v 1.0310 131.8541 0.0000
v 0.0000 0.4431 28.6572
v -2.8962 164.1031 0.0000
v 0.0000 0.3059 3.9701
v -0.1976 171.9044 0.0000
v 1.0039 -0.4549 -21.6571
v -2.9006 180.0896 0.0000
v 0.0000 -1.1098 15.3693
v 3.2392 130.9892 0.0000
v 1.0039 0.1176 4.5142
v -1.8009 183.3580 0.0000
v 0.0000 -0.4510 -1.9852
v -1.8021 184.7627 0.0000
v 0.0000 -0.6118 28.7318
v -3.4335 200.8103 0.0000
v 1.0039 0.0549 -35.4163
v -2.8949 167.1757 0.0000
v 0.0000 -1.5686 47.2194
v -3.5012 155.6178 0.0000
v 1.0039 1.0000 -46.4153
v -2.8962 152.6299 0.0000
v 0.0000 -2.0078 -24.7728
v 1.8558 137.6883 0.0000
v 0.0000 -1.5333 -34.7763
v 0.6475 129.8166 0.0000
v 0.0000 -2.0078 -11.7654
v 2.1292 143.4397 0.0000
v 0.0000 -1.0000 -45.3355
v -3.5009 187.1751 0.0000
v 1.0039 -1.7098 -1.8250
v 1.6881 144.5759 0.0000
v 0.0000 -0.6235 -6.3024
v 1.9818 144.5134 0.0000
v 0.0000 -0.7922 11.9734
v -3.2274 214.4389 0.0000
v 1.0039 -0.3647 42.0250
v -2.8962 138.6500 0.0000
v 0.0000 1.0000 3.0554
v 3.4439 136.3686 0.0000
v 1.0039 -0.4275 10.7332
v 1.0293 141.8742 0.0000
v 0.0000 -0.1373 5.8203
v 1.1568 144.0121 0.0000
v 0.0000 -0.3373 2.2159
v 1.4131 144.4088 0.0000
v 0.0000 -0.4745 -16.0955
v 5.3071 107.0210 0.0000
v 0.0000 -1.4941 -24.0500
v 5.3081 101.2750 0.0000
v 0.0000 -2.0078 -7.2583
v 5.3072 111.0122 0.0000
v 0.0000 -0.9843 30.1649
v -0.9067 148.8234 0.0000
v 1.0039 0.5098 2.8661
v 5.3073 110.7667 0.0000
v 0.0000 -0.4510 -2.5089
v 5.3073 111.3917 0.0000
v 0.0000 -0.7373 12.8466
v 5.3080 107.1621 0.0000
v 0.0000 0.1020 7.9846
v 5.3076 109.3568 0.0000
v 0.0000 -0.1725 27.5000
v 5.3081 98.2000 0.0000
v 0.0000 1.0000 -21.2751
v -3.4341 212.1446 0.0000
v 1.0039 -1.0157 -8.5839
v -2.0778 184.6814 0.0000
v 0.0000 -0.7725 -15.2821
v -2.6278 183.1141 0.0000
v 0.0000 -0.9373 -5.5401
v 9.6700 76.2822 0.0000
v 0.0000 -1.5137 -10.7500
v 9.6706 69.8750 0.0000
v 0.0000 -2.0078 1.1682
v 9.6695 80.5864 0.0000
v 0.0000 -1.0314 -18.7587
v -0.6362 170.2797 0.0000
v 1.0039 -1.0824 9.9129
v 10.4944 81.1218 0.0000
v 0.0000 -0.5020 5.1879
v 9.9444 81.2468 0.0000
v 0.0000 -0.7882 12.9137
v -0.6732 168.0632 0.0000
v 1.0039 -0.1922 14.5006
v 10.7699 80.3636 0.0000
v 0.0000 -0.2235 32.9250
v 9.6706 71.6000 0.0000
v 0.0000 1.0000 24.1133
v 10.4964 76.6074 0.0000
v 0.0000 0.3922 4.1264
v 13.2083 51.2884 0.0000
v 0.0000 -1.4745 -2.3421
v 13.2081 45.5776 0.0000
v 0.0000 -2.0078 40.3788
v 13.2081 45.3885 0.0000
v 0.0000 1.0000 32.2506
v 13.2092 51.3287 0.0000
v 0.0000 0.3804 28.5138
v 7.3863 90.2319 0.0000
v 1.0039 1.0000 23.4794
v 13.2074 55.3617 0.0000
v 0.0000 -0.2118 19.3778
v 13.2067 56.0067 0.0000
v 0.0000 -0.4706 15.2159
v 13.2067 55.9278 0.0000
v 0.0000 -0.7255 11.4218
v 13.2071 55.2143 0.0000
v 0.0000 -0.9647 -3.9276
v 3.8564 136.7534 0.0000
v 1.0039 -0.7098 -10.3638
v -3.2966 215.6057 0.0000
v 1.0039 -0.7961 -40.6936
v -3.5018 176.2350 -0.0000
v 0.4706 -1.6627 -11.5038
v -0.4684 172.8705 0.0000
v 1.0039 -0.8745 9.4876
v 3.2382 134.4472 0.0000
v 1.0039 -0.1529 -26.5275
v -3.5047 194.5074 -0.0000
v 0.5333 -1.1647 -18.2090
v -3.3682 198.7283 -0.0000
v 0.5373 -0.9686 -9.6369
v -3.0932 200.8904 -0.0000
v 0.5255 -0.7843 -0.7166
v -2.9554 201.2937 -0.0000
v 0.5255 -0.5961 8.9528
v -2.9548 199.5378 -0.0000
v 0.5255 -0.3882 16.6161
v -3.0920 195.3923 -0.0000
v 0.5216 -0.2039 23.8759
v -3.3670 188.3229 -0.0000
v 0.5020 0.0039 -4.1690
v -0.1293 173.5069 0.0000
v 1.0039 -0.6784 33.7855
v -3.5024 171.0776 -0.0000
v 0.4275 0.4235 0.7190
v -3.2277 216.3705 0.0000
v 1.0039 -0.5804 44.2859
v -3.5024 145.8663 0.0000
v 0.4275 1.0000 -49.3824
v -3.5024 162.3710 0.0000
v 0.4667 -2.0078 -37.9352
v -0.2524 136.1161 0.0000
v 0.3961 -2.0078 -29.1717
v 0.1608 147.9763 -0.0000
v 0.4941 -1.5490 21.3110
v -3.2960 209.2521 0.0000
v 1.0039 -0.1569 -16.4276
v 0.2946 157.3629 -0.0000
v 0.5333 -1.0588 -9.7700
v 0.3573 159.4480 -0.0000
v 0.5333 -0.8392 -3.3877
v 0.4854 159.8931 -0.0000
v 0.5333 -0.6431 3.3854
v 0.3482 158.7691 -0.0000
v 0.5255 -0.4275 9.8814
v -0.0542 156.0761 -0.0000
v 0.5098 -0.2078 15.7877
v -0.2545 152.7769 -0.0000
v 0.5216 0.0000 -30.5653
v -3.5023 207.3255 0.0000
v 1.0039 -1.2157 26.6204
v -0.2518 139.5975 -0.0000
v 0.4706 0.5294 35.0441
v -0.2524 126.9816 0.0000
v 0.5922 1.0000 -27.3270
v 3.8538 110.7070 0.0000
v 0.4510 -2.0078 -20.0256
v 4.2658 118.0784 -0.0000
v 0.4863 -1.5333 -52.8693
v -3.5012 173.6521 0.0000
v 1.0039 -2.0078 -9.1283
v 4.4026 123.1372 -0.0000
v 0.4902 -0.9804 -3.2617
v 4.2649 123.7719 -0.0000
v 0.4902 -0.7098 3.1853
v 3.9899 123.3071 -0.0000
v 0.4941 -0.4118 9.1796
v 3.8529 121.5562 -0.0000
v 0.4902 -0.1255 14.7213
v 3.8537 118.5192 -0.0000
v 0.4824 0.1608 19.9175
v -0.9099 163.1817 0.0000
v 1.0039 0.0353 27.9572
v 3.8538 105.8388 0.0000
v 0.4863 1.0000 -14.8040
v 8.0726 79.1238 0.0000
v 0.4471 -2.0078 -9.4309
v 8.0718 86.5286 -0.0000
v 0.4627 -1.5020 40.1558
v -3.5012 180.9753 0.0000
v 1.0039 0.4941 -1.8269
v 8.0716 91.1451 -0.0000
v 0.4627 -1.0000 2.5264
v 8.2091 91.6962 -0.0000
v 0.4588 -0.7569 7.5139
v 8.4841 91.3837 -0.0000
v 0.4588 -0.4784 12.3358
v 8.6220 90.3309 -0.0000
v 0.4549 -0.2039 29.0983
v 3.2394 114.0456 0.0000
v 1.0039 1.0000 22.3039
v 8.4856 85.5299 -0.0000
v 0.4392 0.4078 30.9434
v 8.0726 79.2738 0.0000
v 0.4196 1.0000 -5.3590
v 12.0351 54.5245 0.0000
v 0.4902 -2.0078 0.3864
v 12.0349 60.6772 -0.0000
v 0.4980 -1.5059 -10.3528
v 4.0630 135.9910 0.0000
v 1.0039 -0.9686 7.3570
v 12.0341 64.8236 -0.0000
v 0.5020 -1.0196 11.2326
v 12.1713 65.4792 -0.0000
v 0.5020 -0.7882 15.6136
v 12.4463 65.3937 -0.0000
v 0.4980 -0.5255 19.9270
v 12.5845 64.6609 -0.0000
v 0.4980 -0.2667 -31.6589
v 3.2394 122.2143 0.0000
v 1.0039 -2.0078 29.3502
v 12.4486 60.5475 -0.0000
v 0.4941 0.3451 38.5139
v 12.0351 54.4174 0.0000
v 0.4863 1.0000 -8.3681
v 11.5613 64.0037 0.0000
v 1.0039 -2.0078 -2.9842
v 11.5609 70.3774 0.0000
v 1.0039 -1.5216 38.1187
v -0.9075 132.3963 0.0000
v 1.0039 1.0000 3.8240
v 11.5602 74.6339 0.0000
v 1.0039 -1.0471 7.7405
v 11.7663 75.2607 0.0000
v 1.0039 -0.8157 12.2310
v 12.1788 75.0929 0.0000
v 1.0039 -0.5529 16.6502
v 12.3857 74.3162 0.0000
v 1.0039 -0.2902 -22.2801
v 3.8579 130.3984 0.0000
v 1.0039 -1.5059 26.3995
v 12.1809 70.1626 0.0000
v 1.0039 0.3255 36.0809
v 11.5613 63.9377 0.0000
v 1.0039 1.0000 -19.7925
v 7.3863 90.8694 0.0000
v 1.0039 -2.0078 -13.2835
v 7.3854 98.8901 0.0000
v 1.0039 -1.4667 -32.7734
v -0.7002 159.0755 0.0000
v 1.0039 -1.5686 -5.2317
v 7.3854 103.6627 0.0000
v 1.0039 -0.9686 -0.7116
v 7.4542 104.1593 0.0000
v 1.0039 -0.7294 4.4072
v 7.5917 103.7530 0.0000
v 1.0039 -0.4627 9.3461
v 7.6608 102.5529 0.0000
v 1.0039 -0.1961 -42.5294
v -0.9075 145.9168 0.0000
v 1.0039 -2.0078 19.4920
v 7.5928 97.2295 0.0000
v 1.0039 0.4000 0.0000
v -2.8250 4.8523 130.8795
v 99.0613 0.0000 0.0000
v 1.0000 1.0000 1.0000
v 0.0000 57.3772 -28.1686
v -125.1432 0.0000 0.0000
v -0.9255 61.0509 -28.1677
v -122.8412 0.0000 0.0000
v -1.2157 10.8362 -1.3000
v -59.6450 0.0000 0.0000
v 1.0000 18.3687 -1.2929
v -62.6874 0.0000 0.0000
v -0.6039 16.3665 7.5827
v -38.3761 0.0000 0.0000
v -0.0314 20.5662 7.9778
v -39.3983 0.0000 0.0000
v -0.4471 49.6464 -1.3184
v -48.9506 0.0000 0.0000
v -1.3255 44.1432 5.4000
v -32.2783 0.0000 0.0000
v -0.1098 63.5785 -19.5230
v -96.4433 0.0000 0.0000
v -2.0078 55.2282 -35.7707
v -152.0325 0.0000 0.0000
v -0.4000 59.8352 -35.3707
v -150.9120 0.0000 0.0000
v -0.7137 46.9309 -35.9691
v -151.3977 0.0000 0.0000
v 0.1451 50.9268 -35.9702
v -152.1944 0.0000 0.0000
v -0.1176 3.2237 7.3750
v -29.6686 0.0000 0.0000
v 1.0000 11.5060 7.3826
v -35.8158 0.0000 0.0000
v 0.3255 25.0140 8.1753
v -39.4441 0.0000 0.0000
v -0.6078 29.7099 8.1753
v -38.5134 0.0000 0.0000
v -0.9216 33.8696 7.9728
v -36.6029 0.0000 0.0000
v -1.2235 37.4928 7.5677
v -33.7128 0.0000 0.0000
v -1.5255 35.0349 -37.2750
v -160.6894 0.0000 1.0039
v 1.0000 39.1227 -1.1114
v -61.2997 0.0000 0.0000
v -0.9294 42.5944 -0.7161
v -58.7992 0.0000 0.0000
v -1.2118 30.8081 -1.3091
v -63.9461 0.0000 0.0000
v -0.3529 35.1939 -1.3091
v -63.0153 0.0000 0.0000
v -0.6471 22.8135 -1.2952
v -63.8790 0.0000 0.0000
v 0.1686 26.6813 -1.3045
v -64.2340 0.0000 0.0000
v -0.0824 64.0706 -35.1681
v -149.3954 0.0000 0.0000
v -1.0078 67.9344 -35.1627
v -147.4828 0.0000 0.0000
v -0.6745 34.4364 -10.4582
v -89.1644 0.0000 0.0000
v -0.1412 38.3114 -10.4630
v -88.5268 0.0000 0.0000
v -0.3804 42.0654 -10.8630
v -87.0107 0.0000 0.0000
v -0.6235 45.4648 -11.0729
v -84.9949 0.0000 0.0000
v -0.8627 48.5098 -11.0928
v -82.4793 0.0000 0.0000
v -1.1020 51.2562 -11.1027
v -79.4532 0.0000 0.0000
v -0.8706 34.7059 -36.6187
v -154.2962 0.0000 0.5020
v 1.0000 59.3875 -13.3083
v -75.5335 0.0000 0.0000
v -2.0078 16.4692 -11.0750
v -83.5449 0.0000 0.0000
v 1.0000 25.4493 -11.0514
v -87.4884 0.0000 0.0000
v 0.4078 57.9745 -19.5230
v -101.7799 0.0000 0.0000
v 0.1451 23.9168 -19.5375
v -104.6962 0.0000 0.0000
v 1.0000 31.9227 -19.5117
v -108.6522 0.0000 0.0000
v 0.4078 36.4797 -19.5177
v -110.1545 0.0000 0.0000
v 0.0902 40.2564 -19.5470
v -110.5218 0.0000 0.0000
v -0.1569 44.1008 -19.3617
v -109.9570 0.0000 0.0000
v -0.4157 48.0127 -18.9617
v -108.4600 0.0000 0.0000
v -0.6941 51.7219 -18.9520
v -106.4650 0.0000 0.0000
v -0.9765 55.2283 -19.3326
v -103.9720 0.0000 0.0000
v -1.2627 64.5544 -28.1672
v -119.9078 0.0000 0.0000
v -1.5176 69.5544 -28.1672
v -114.5608 0.0000 0.0000
v -2.0078 49.5582 -28.1690
v -128.1980 0.0000 0.0000
v -0.3647 53.5463 -28.1690
v -126.9288 0.0000 0.0000
v -0.6431 42.0390 -27.5704
v -128.7574 0.0000 0.0000
v 0.1412 45.7224 -27.9695
v -128.8075 0.0000 0.0000
v -0.1020 29.8015 -28.1625
v -124.8660 0.0000 0.0000
v 0.1490 76.2244 -35.9600
v -140.4323 0.0000 0.0000
v -2.0078 34.3768 -35.9625
v -147.9029 0.0000 0.0000
v 1.0000 46.5887 5.0933
v -42.5781 0.0000 1.0039
v -2.0078 77.8648 -36.6190
v -146.7365 0.0000 0.5020
v -2.0078 40.2836 5.7869
v -48.8605 0.0000 1.0039
v -1.3961 36.8252 6.1915
v -51.3275 0.0000 1.0039
v -1.1059 32.8585 6.3944
v -52.9741 0.0000 1.0039
v -0.8118 28.3835 6.3956
v -53.8002 0.0000 1.0039
v -0.4980 24.1607 6.1956
v -53.9029 0.0000 1.0039
v -0.2078 15.6967 5.5938
v -51.4262 0.0000 1.0039
v 0.3961 20.1901 5.7944
v -53.2821 0.0000 1.0039
v 0.0627 8.1724 5.5938
v -46.7900 0.0000 1.0039
v 1.0000 61.7603 -13.3083
v -83.3216 0.0000 1.0039
v -2.0078 70.8205 -28.9835
v -122.3640 0.0000 0.5020
v -1.5412 54.4613 -12.8775
v -92.8423 0.0000 1.0039
v -1.3059 51.3928 -12.8748
v -95.7124 0.0000 1.0039
v -1.0588 48.2245 -12.8696
v -98.2387 0.0000 1.0039
v -0.8235 44.9352 -12.6670
v -100.1751 0.0000 1.0039
v -0.6000 41.5247 -12.2670
v -101.5218 0.0000 1.0039
v -0.3843 37.9065 -12.2635
v -101.8980 0.0000 1.0039
v -1.2471 29.0419 -12.8563
v -99.2037 0.0000 1.0039
v 0.3686 19.6658 -12.8656
v -93.7948 0.0000 1.0039
v 1.0000 54.5386 -2.8671
v -59.7206 0.0000 1.0039
v -1.0431 49.6501 -2.7222
v -68.6260 0.0000 1.0039
v -1.4078 44.7911 -2.5986
v -73.6028 0.0000 1.0039
v -1.0000 39.3702 -3.0212
v -76.9576 0.0000 1.0039
v -0.6275 35.1496 -3.0091
v -78.3720 0.0000 1.0039
v -0.3647 31.0067 -3.0035
v -78.8811 0.0000 1.0039
v -0.1176 26.9415 -3.0045
v -78.4851 0.0000 1.0039
v 0.1176 21.9519 -3.0053
v -76.9052 0.0000 1.0039
v 0.4235 13.0813 -3.0063
v -72.7598 0.0000 1.0039
v 1.0000 68.1596 -20.9745
v -103.9967 0.0000 1.0039
v -2.0078 31.3093 -28.9781
v -131.0148 0.0000 0.5020
v 1.0000 65.8691 -20.2487
v -100.2200 0.0000 0.5020
v -2.0078 61.2974 -21.1157
v -112.8841 0.0000 1.0039
v -1.2941 58.0986 -20.9169
v -115.3721 0.0000 1.0039
v -1.0392 54.4878 -20.5192
v -117.5842 0.0000 1.0039
v -0.7725 50.7309 -20.5203
v -119.2186 0.0000 1.0039
v -0.5137 46.8281 -20.9203
v -120.2754 0.0000 1.0039
v -0.2588 43.0616 -21.1167
v -120.7110 0.0000 1.0039
v -0.0196 39.4314 -21.1096
v -120.5254 0.0000 1.0039
v 0.2039 35.0972 -21.1076
v -119.4178 0.0000 1.0039
v 0.4863 27.5397 -21.1125
v -116.3735 0.0000 1.0039
v 1.0000 32.8170 -29.7938
v -137.1637 0.0000 1.0039
v -1.3961 44.4300 -29.2012
v -141.1319 0.0000 1.0039
v 0.1529 48.2979 -29.5972
v -141.8045 0.0000 1.0039
v -0.1176 52.4064 -29.7951
v -141.6330 0.0000 1.0039
v -0.4000 56.7555 -29.7951
v -140.6174 0.0000 1.0039
v -0.7059 60.7422 -29.7963
v -139.1736 0.0000 1.0039
v -1.0000 64.3664 -29.7987
v -137.3015 0.0000 1.0039
v -1.2824 67.6555 -29.7999
v -134.8159 0.0000 1.0039
v -1.5647 72.0867 -29.7999
v -130.1671 0.0000 1.0039
v -2.0078 79.5051 -37.2780
v -153.0408 0.0000 1.0039
v -0.0863 72.1254 -37.0402
v -161.1391 0.0000 1.0039
v -1.3569 68.5615 -37.1552
v -164.4142 0.0000 1.0039
v -1.0706 64.2349 -36.6820
v -166.3793 0.0000 1.0039
v -0.7882 59.1457 -37.0820
v -167.0345 0.0000 1.0039
v -0.4824 54.3003 -37.2811
v -166.8535 0.0000 1.0039
v -0.1961 49.6987 -37.2791
v -165.8364 0.0000 1.0039
v -1.1490 5.6980 6.4844
v -38.2293 0.0000 0.5020
v -0.3373 45.3660 5.2466
v -37.4282 0.0000 0.5020
v -2.0078 11.9587 -2.1531
v -66.2024 0.0000 0.5020
v -0.7569 52.0925 -2.0928
v -54.3356 0.0000 0.5020
v -2.0078 18.0675 -11.9703
v -88.6699 0.0000 0.5020
v 0.1098 60.5739 -13.3083
v -79.4275 0.0000 0.5020
v -2.0078 25.7283 -20.3250
v -110.5348 0.0000 0.5020
v 0.4471 0.0000 0.0000
v 0.0000 0.0000 41.3644
v -14.5529 -98.3515 78.5625
v 0.0000 0.0000 1.0000
v 1.0000 1.0000 0.0000
v 0.0000 0.0000 12.9505
v 14.8001 46.4424 0.0000
v 2.0078 1.0000 18.2843
v 14.8008 46.2179 0.0000
v 2.0078 0.0824 24.4181
v 14.8004 46.2350 0.0000
v 2.0078 -1.0039 -2.9933
v 14.9875 17.8009 0.0000
v 0.4078 1.0000 -1.1038
v 14.9625 25.4026 0.0000
v 0.7804 1.0000 37.8932
v 14.9750 25.3239 0.0000
v 0.7608 -1.0039 39.3658
v 15.0250 17.8123 0.0000
v 0.3882 -1.0039 -4.3251
v 15.0000 10.0123 0.0000
v 0.0000 1.0000 40.4920
v 14.9860 10.5317 0.0000
v 0.0000 -1.0039 32.3155
v 14.8375 40.3652 0.0000
v 1.5333 -1.0039 35.4369
v 14.9125 32.8416 0.0000
v 1.1412 -1.0039 1.8013
v 14.9125 33.0341 0.0000
v 1.1686 1.0000 6.3593
v 14.8375 40.6953 0.0000
v 1.5922 1.0000 17.7648
v 14.9930 10.2720 0.0000
v 0.4392 0.0353 17.4389
v 14.9688 25.3633 -0.0000
v 0.8431 0.0471 17.9023
v 14.9125 32.9378 -0.0000
v 1.2471 0.0392 18.0725
v 14.8359 40.4958 -0.0000
v 1.6431 0.0745 0.0000
v 18.0834 14.9125 28.2274
v 28.8778 0.0000 0.0000
v 1.0000 1.0000 1.0000
v 0.0000 17.7648 14.9930
v 10.3008 0.0000 0.0000
v 0.0039 19.4737 14.8165
v -6.5443 -0.0000 0.9686
v 0.0039 20.4937 14.6555
v -11.8464 -0.0000 1.2902
v -0.0157 21.7358 14.5745
v -17.5210 -0.0000 1.6353
v -0.0471 23.2001 14.5735
v -23.5681 0.0000 2.0078
v 0.0039 -4.5219 15.0000
v 9.9903 0.0000 0.0000
v -1.0039 -1.8191 14.9805
v -0.4314 0.0000 0.4745
v -1.0039 1.5388 14.8711
v -8.2976 0.0000 0.8784
v -1.0039 5.7977 14.6719
v -14.1972 0.0000 1.2196
v -1.0039 10.9800 14.5752
v -19.5240 0.0000 1.5686
v -1.0039 18.9554 14.5746
v -24.2747 0.0000 2.0078
v -1.0039 27.3864 14.5726
v -22.8713 0.0000 2.0078
v 1.0000 33.6711 14.5742
v -16.2877 0.0000 1.4980
v 1.0000 35.7781 14.6406
v -10.6035 0.0000 1.1608
v 1.0000 37.1751 14.7656
v -5.6538 0.0000 0.8745
v 1.0000 38.6308 14.8789
v 1.1595 0.0000 0.4863
v 1.0000 40.1441 14.9883
v 10.4726 0.0000 0.0000
v 1.0000 0.0000 0.0000
v 0.0000 0.0000 17.8111
v 14.7863 -6.9010 28.2950
v 0.0000 0.0000 1.0000
v 1.0000 1.0000 0.0000
v 24.6704 -3.3000 218.8384
v 0.0000 1.0039 0.2353
v 32.2521 -3.3000 209.0240
v 0.0000 1.0039 0.3843
v 32.6410 -1.3615 154.8940
v 0.0000 1.0039 0.6824
v 40.5750 -1.3625 137.1927
v 0.0000 1.0039 1.0000
v 38.6916 -3.3000 198.2776
v 0.0000 1.0039 0.5333
v 43.9887 -3.3000 186.5994
v 0.0000 1.0039 0.6863
v -41.7432 -3.3000 209.6616
v 0.0000 1.0039 -0.6196
v -33.5348 -3.3000 216.4041
v 0.0000 1.0039 -0.4941
v 14.4598 -3.3000 224.7992
v 0.0000 1.0039 0.0980
v 1.6205 -3.3000 226.9064
v 0.0000 1.0039 -0.0549
v -48.6419 -3.3000 193.8415
v 0.0000 1.0039 -0.8275
v -46.7789 -3.3000 202.1407
v 0.0000 1.0039 -0.7294
v -55.0206 -3.3000 180.6595
v 0.0000 1.0039 -1.0039
v -50.9352 -3.3000 187.4338
v 0.0000 1.0039 -0.9098
v -45.1137 -1.3625 151.6978
v 0.0000 1.0039 -1.0039
v -35.4403 -1.3611 166.6189
v 0.0000 1.0039 -0.7137
v -28.5072 -1.3628 174.2752
v 0.0000 1.0039 -0.5451
v -21.0898 -1.3670 179.6406
v 0.0000 1.0039 -0.3961
v -13.2376 -1.0941 182.7371
v 0.0000 1.0039 -0.2588
v -4.9503 -0.5441 183.5647
v 0.0000 1.0039 -0.1216
v 47.2157 -3.3000 175.7105
v 0.0000 1.0039 0.8196
v 48.9508 -3.3000 160.5615
v 0.0000 1.0039 1.0000
v 22.9789 -1.3652 170.6985
v 0.0000 1.0039 0.3804
v 27.6572 -1.3625 164.0958
v 0.0000 1.0039 0.5137
v 4.5549 -0.5435 181.4839
v 0.0000 1.0039 0.0314
v 15.2781 -1.0922 176.4945
v 0.0000 1.0039 0.2235
v -34.2546 2.8250 130.3828
v 0.0000 1.0039 -1.0039
v -24.4011 3.6500 139.3796
v 0.0000 1.0039 -0.6706
v -17.8923 3.9245 143.4210
v 0.0000 1.0039 -0.4824
v -11.4437 3.9234 145.5060
v 0.0000 1.0039 -0.3137
v -4.4599 3.6479 146.3961
v 0.0000 1.0039 -0.1373
v 3.0590 3.0979 146.0914
v 0.0000 1.0039 0.0471
v 9.9292 2.8235 143.9995
v 0.0000 1.0039 0.2235
v 16.1507 2.8247 140.1203
v 0.0000 1.0039 0.4078
v 21.8390 2.8252 133.7646
v 0.0000 1.0039 0.6196
v 29.5717 2.8250 120.5163
v 0.0000 1.0039 1.0000
v -23.2727 -3.3000 221.8215
v 0.0000 1.0039 -0.3569
v -10.9570 -3.3000 225.9138
v 0.0000 1.0039 -0.2039
v -22.9849 6.9000 98.7889
v 0.0000 1.0039 -1.0039
v -16.0430 6.8990 107.3474
v 0.0000 1.0039 -0.6353
v -11.6671 6.8988 110.8922
v 0.0000 1.0039 -0.4471
v -7.5433 6.8991 112.2761
v 0.0000 1.0039 -0.3020
v -2.8563 6.8993 112.7180
v 0.0000 1.0039 -0.1451
v 2.3937 6.8993 112.2180
v 0.0000 1.0039 0.0275
v 7.4496 6.8995 110.8707
v 0.0000 1.0039 0.2039
v 12.3116 6.8999 108.6759
v 0.0000 1.0039 0.3843
v 17.7732 6.9001 105.0249
v 0.0000 1.0039 0.6039
v 26.8651 6.9000 97.3639
v 0.0000 1.0039 1.0000
v -10.4401 11.2875 70.9060
v 0.0000 1.0039 -1.0039
v -5.4177 11.2869 77.5007
v 0.0000 1.0039 -0.6863
v 24.3857 12.1133 77.2009
v 0.0000 1.0039 0.5412
v 34.5849 11.2875 70.8811
v 0.0000 1.0039 1.0000
v 14.3105 12.3869 81.3946
v 0.0000 1.0039 0.1216
v 18.7608 12.3880 80.0033
v 0.0000 1.0039 0.3020
v 5.1853 11.5613 82.4653
v 0.0000 1.0039 -0.2275
v 9.7853 12.1113 82.2153
v 0.0000 1.0039 -0.0510
v -2.0864 11.2866 80.4218
v 0.0000 1.0039 -0.5176
v 1.2281 11.2864 81.8675
v 0.0000 1.0039 -0.3804
v -45.1358 -3.3020 174.7126
v 0.0000 0.0000 -0.8706
v -42.0291 -3.3018 180.5086
v 0.0000 0.0000 -0.7804
v -39.5371 -3.3016 186.7220
v 0.0000 0.0000 -0.6863
v -34.7260 -3.3025 192.6347
v 0.0000 0.0000 -0.5804
v -27.5959 -3.3047 198.2469
v 0.0000 0.0000 -0.4588
v -19.2774 -3.1682 202.4678
v 0.0000 0.0000 -0.3294
v -9.7705 -2.8932 205.2976
v 0.0000 0.0000 -0.1922
v -0.1824 -2.7554 205.8345
v 0.0000 0.0000 -0.0588
v 9.4870 -2.7548 204.0786
v 0.0000 0.0000 0.0706
v 17.9516 -2.8920 199.6659
v 0.0000 0.0000 0.2000
v 25.2115 -3.1670 192.5966
v 0.0000 0.0000 0.3412
v 31.3353 -3.3038 184.4917
v 0.0000 0.0000 0.4824
v 36.3230 -3.3024 175.3512
v 0.0000 0.0000 0.6235
v 40.4846 -3.3019 165.4872
v 0.0000 0.0000 0.7725
v 45.4879 -3.3024 149.6057
v 0.0000 0.0000 1.0000
v -50.7179 -3.3024 166.6447
v 0.0000 0.0000 -1.0039
v -39.9450 -0.0524 140.1358
v 0.0000 0.0000 -1.0039
v -30.1065 0.3608 151.5322
v 0.0000 0.0000 -0.7059
v -23.3606 0.4972 157.1936
v 0.0000 0.0000 -0.5294
v -16.4276 0.4946 160.9188
v 0.0000 0.0000 -0.3725
v -9.7700 0.5573 163.0039
v 0.0000 0.0000 -0.2353
v -3.3877 0.6854 163.4490
v 0.0000 0.0000 -0.1098
v 3.3854 0.5482 162.3250
v 0.0000 0.0000 0.0235
v 10.5492 0.1458 159.6319
v 0.0000 0.0000 0.1765
v 16.8561 -0.0545 155.6650
v 0.0000 0.0000 0.3255
v 22.3060 -0.0526 150.4241
v 0.0000 0.0000 0.4745
v 27.6888 -0.0518 142.7527
v 0.0000 0.0000 0.6588
v 35.6625 -0.0524 127.6000
v 0.0000 0.0000 1.0000
v -29.0631 4.0538 114.0458
v 0.0000 0.0000 -1.0039
v -20.1592 4.4658 121.4172
v 0.0000 0.0000 -0.6667
v -14.5481 4.6030 124.7415
v 0.0000 0.0000 -0.4745
v -9.2618 4.6026 126.4760
v 0.0000 0.0000 -0.3137
v -3.3953 4.4649 127.1108
v 0.0000 0.0000 -0.1412
v 3.0517 4.1899 126.6459
v 0.0000 0.0000 0.0471
v 9.0461 4.0529 124.8950
v 0.0000 0.0000 0.2275
v 14.5878 4.0537 121.8580
v 0.0000 0.0000 0.4118
v 20.1752 4.0540 117.1484
v 0.0000 0.0000 0.6275
v 28.6250 4.0538 107.5750
v 0.0000 0.0000 1.0000
v -16.6000 8.2726 82.9500
v 0.0000 0.0000 -1.0039
v -10.5241 8.2718 90.4328
v 0.0000 0.0000 -0.6510
v -6.6392 8.2716 93.6345
v 0.0000 0.0000 -0.4706
v -2.9201 8.2716 95.0493
v 0.0000 0.0000 -0.3255
v 1.4332 8.4091 95.6005
v 0.0000 0.0000 -0.1647
v 6.4207 8.6841 95.2880
v 0.0000 0.0000 0.0157
v 11.2426 8.8220 94.2352
v 0.0000 0.0000 0.1961
v 15.8987 8.8228 92.4421
v 0.0000 0.0000 0.3765
v 21.2107 8.6856 89.4342
v 0.0000 0.0000 0.6000
v 30.1625 8.2726 83.1000
v 0.0000 0.0000 1.0000
v -6.2960 12.2351 57.1013
v 0.0000 0.0000 -1.0039
v -0.5506 12.2349 63.2540
v 0.0000 0.0000 -0.6706
v 3.0497 12.2346 66.0034
v 0.0000 0.0000 -0.4902
v 6.4200 12.2341 67.4004
v 0.0000 0.0000 -0.3451
v 10.2956 12.3713 68.0561
v 0.0000 0.0000 -0.1882
v 14.6766 12.6463 67.9705
v 0.0000 0.0000 -0.0157
v 18.9900 12.7845 67.2377
v 0.0000 0.0000 0.1529
v 23.2358 12.7857 65.8577
v 0.0000 0.0000 0.3294
v 28.4132 12.6486 63.1243
v 0.0000 0.0000 0.5608
v 37.5769 12.2351 56.9943
v 0.0000 0.0000 1.0000
v -8.3681 11.7613 64.0037
v 0.0000 0.5020 -1.0039
v -2.9842 11.7609 70.3774
v -0.0000 0.5020 -0.6784
v 0.4817 11.7606 73.2126
v -0.0000 0.5020 -0.5059
v 3.8240 11.7602 74.6339
v -0.0000 0.5020 -0.3647
v 7.7405 11.9663 75.2607
v -0.0000 0.5020 -0.2078
v 12.2310 12.3788 75.0929
v -0.0000 0.5020 -0.0353
v 16.6502 12.5857 74.3162
v -0.0000 0.5020 0.1373
v 20.9983 12.5869 72.9305
v -0.0000 0.5020 0.3137
v 26.3995 12.3809 70.1626
v -0.0000 0.5020 0.5529
v 36.0809 11.7613 63.9377
v 0.0000 0.5020 1.0000
v -19.7925 7.5863 90.8694
v 0.0000 0.5020 -1.0039
v -13.2835 7.5854 98.8901
v -0.0000 0.5020 -0.6431
v -9.1531 7.5852 102.2634
v -0.0000 0.5020 -0.4588
v -5.2317 7.5854 103.6627
v -0.0000 0.5020 -0.3098
v -0.7116 7.6542 104.1593
v -0.0000 0.5020 -0.1529
v 4.4072 7.7917 103.7530
v -0.0000 0.5020 0.0235
v 9.3461 7.8608 102.5529
v -0.0000 0.5020 0.2000
v 14.1052 7.8614 100.5590
v -0.0000 0.5020 0.3804
v 19.4920 7.7928 97.2295
v -0.0000 0.5020 0.6000
v 28.5138 7.5863 90.2319
v 0.0000 0.5020 1.0000
v -31.6589 3.4394 122.2143
v 0.0000 0.5020 -1.0039
v -22.2801 4.0579 130.3984
v -0.0000 0.5020 -0.6706
v -16.2202 4.2637 134.0812
v -0.0000 0.5020 -0.4784
v -10.3528 4.2630 135.9910
v -0.0000 0.5020 -0.3137
v -3.9276 4.0564 136.7534
v -0.0000 0.5020 -0.1373
v 3.0554 3.6439 136.3686
v -0.0000 0.5020 0.0471
v 9.4876 3.4382 134.4472
v -0.0000 0.5020 0.2275
v 15.3693 3.4392 130.9892
v -0.0000 0.5020 0.4118
v 21.0071 3.4396 125.4565
v -0.0000 0.5020 0.6235
v 29.0983 3.4394 114.0456
v 0.0000 0.5020 1.0000
v -42.5294 -0.7075 145.9168
v 0.0000 0.5020 -1.0039
v -32.7734 -0.5002 159.0755
v -0.0000 0.5020 -0.7098
v -25.9339 -0.4328 165.7344
v -0.0000 0.5020 -0.5373
v -18.7587 -0.4362 170.2797
v -0.0000 0.5020 -0.3882
v -11.5038 -0.2684 172.8705
v -0.0000 0.5020 -0.2471
v -4.1690 0.0707 173.5069
v -0.0000 0.5020 -0.1176
v 3.9701 0.0024 171.9044
v -0.0000 0.5020 0.0275
v 12.9137 -0.4732 168.0632
v -0.0000 0.5020 0.2039
v 19.9175 -0.7099 163.1817
v -0.0000 0.5020 0.3569
v 24.9816 -0.7075 157.2600
v -0.0000 0.5020 0.4941
v 30.1649 -0.7067 148.8234
v -0.0000 0.5020 0.6745
v 38.1187 -0.7075 132.3963
v 0.0000 0.5020 1.0000
v -52.8693 -3.3012 173.6521
v 0.0000 0.5020 -1.0039
v -48.0355 -3.3010 181.0732
v -0.0000 0.5020 -0.8902
v -45.3355 -3.3009 187.1751
v -0.0000 0.5020 -0.8078
v -43.1580 -3.3008 194.4314
v -0.0000 0.5020 -0.7098
v -38.2346 -3.3013 201.1482
v -0.0000 0.5020 -0.6039
v -30.5653 -3.3023 207.3255
v -0.0000 0.5020 -0.4784
v -21.2751 -3.2341 212.1446
v -0.0000 0.5020 -0.3451
v -10.3638 -3.0966 215.6057
v 0.0005 0.5020 -0.2000
v 0.7190 -3.0277 216.3705
v 0.0005 0.5020 -0.0549
v 11.9734 -3.0274 214.4389
v 0.0005 0.5020 0.0863
v 21.3110 -3.0960 209.2521
v -0.0000 0.5020 0.2196
v 28.7318 -3.2335 200.8103
v -0.0000 0.5020 0.3647
v 35.0134 -3.3019 191.3847
v -0.0000 0.5020 0.5098
v 40.1558 -3.3012 180.9753
v -0.0000 0.5020 0.6588
v 43.8501 -3.3010 170.5989
v -0.0000 0.5020 0.7961
v 47.2194 -3.3012 155.0836
v 0.0000 0.5020 1.0000
v 0.0000 -3.0349 4.7405
v 141.9503 99.5994 0.0000
v 0.0000 1.0000 1.0000
v 1.0000 0.0000 0.0000
v 0.0000 0.0000 11.2866
v 15.1289 34.6561 0.0000
v 0.0000 -1.5137 -0.1190
v 15.1273 43.7019 0.0000
v 1.0039 -1.7490 6.3582
v 15.1070 49.7152 0.0000
v 1.0039 -1.4392 14.2872
v 15.1094 36.4261 0.0000
v 0.0000 -1.2784 32.2104
v 15.1100 49.3518 0.0000
v 1.0039 -0.4941 38.0151
v 15.1283 43.3607 0.0000
v 1.0039 -0.2000 27.5207
v 15.1289 32.9631 0.0000
v 0.0000 -0.3569 24.3662
v 15.1094 36.1952 0.0000
v 0.0000 -0.6196 29.4442
v 15.1719 29.5001 0.0000
v 0.0000 -0.0863 41.2366
v 15.1719 36.6049 0.0000
v 1.0039 0.0588 41.8750
v 15.2406 29.0843 0.0000
v 1.0039 0.3216 30.9830
v 15.2422 24.0363 0.0000
v 0.0000 0.2078 6.4395
v 15.2344 27.4223 0.0000
v 0.0000 -2.0118 -6.3267
v 15.2313 29.2258 0.0000
v 1.0039 -2.3098 -4.3473
v 15.1688 36.8721 0.0000
v 1.0039 -2.0314 8.2090
v 15.1719 31.1931 0.0000
v 0.0000 -1.7529 3.2080
v 15.3008 9.4918 0.0000
v 0.0000 -3.0118 -7.1924
v 15.3000 9.2882 0.0000
v 1.0039 -3.0118 -7.2854
v 15.2719 21.3740 0.0000
v 1.0039 -2.5882 5.0546
v 15.2734 20.9581 0.0000
v 0.0000 -2.3686 32.2140
v 15.2773 17.8029 0.0000
v 0.0000 0.5490 42.3262
v 15.2778 21.4449 0.0000
v 1.0039 0.5922 42.7221
v 15.2860 9.8076 0.0000
v 1.0039 1.0000 32.9064
v 15.2891 9.7226 0.0000
v 0.0000 1.0000 14.5246
v 15.0979 52.6282 0.0000
v 1.0039 -1.1373 24.3802
v 15.0998 52.4410 0.0000
v 1.0039 -0.7882 20.5962
v 15.1016 37.4265 0.0000
v 0.0000 -0.8784 17.4417
v 15.1016 37.1187 0.0000
v 0.0000 -1.0902 -2.1777
v 15.3008 9.1839 0.0000
v 0.4784 -3.0118 -0.5620
v 15.2734 21.1889 -0.0000
v 0.5529 -2.5098 0.5921
v 15.2305 28.1919 -0.0000
v 0.5255 -2.1961 2.6694
v 15.1680 33.7326 -0.0000
v 0.5216 -1.9255 5.5931
v 15.1289 39.1965 -0.0000
v 0.5216 -1.6627 10.1325
v 15.1094 43.4290 -0.0000
v 0.5255 -1.3843 16.1338
v 15.0977 45.7376 -0.0000
v 0.5294 -1.1294 22.5197
v 15.1016 45.7376 -0.0000
v 0.5333 -0.8314 28.5209
v 15.1094 43.3520 -0.0000
v 0.5294 -0.5490 32.5987
v 15.1289 38.8117 -0.0000
v 0.5255 -0.2667 35.4454
v 15.1719 33.4248 -0.0000
v 0.5451 0.0000 37.5228
v 15.2383 27.0376 -0.0000
v 0.5412 0.2784 39.1385
v 15.2773 20.3425 -0.0000
v 0.5647 0.5765 40.1581
v 15.2875 9.7695 0.0000
v 0.5098 1.0000 0.0000
v 0.0000 17.7184 15.1992
v 30.9061 33.1215 0.0000
v 0.0000 1.0000 1.0000
v 1.0000 0.0000 0.0000
v 0.0000 0.0000 13.4737
v 14.9961 -16.2176 0.0000
v 0.0000 -0.5373 4.4985
v 15.0010 -22.2219 0.0000
v 1.0039 -0.3059 0.5045
v 15.0545 -17.5302 0.0000
v 1.0039 -0.0706 10.3734
v 15.0430 -13.2889 0.0000
v 0.0000 -0.2980 27.0231
v 14.9727 -17.4235 0.0000
v 0.0000 -1.4392 28.4011
v 14.9727 -15.7007 0.0000
v 0.0000 -1.6118 37.8439
v 14.9732 -21.1029 0.0000
v 1.0039 -1.7961 34.5233
v 14.9713 -26.0527 0.0000
v 1.0039 -1.5686 15.4756
v 14.9771 -29.1594 0.0000
v 1.0039 -0.8039 9.4889
v 14.9752 -26.0983 0.0000
v 1.0039 -0.5451 15.8276
v 14.9727 -18.1700 0.0000
v 0.0000 -0.6980 18.8131
v 14.9727 -19.3185 0.0000
v 0.0000 -0.9020 30.6402
v 15.0234 -10.1879 0.0000
v 0.0000 -1.9490 41.4250
v 15.0152 -13.1251 0.0000
v 1.0039 -2.1333 40.1445
v 14.9879 -16.7937 0.0000
v 1.0039 -1.9843 29.6067
v 14.9883 -13.1166 0.0000
v 0.0000 -1.7804 31.6736
v 15.1289 -4.5603 0.0000
v 0.0000 -2.2392 42.4848
v 15.1117 -6.4194 0.0000
v 1.0039 -2.3922 24.7840
v 14.9727 -19.2037 0.0000
v 0.0000 -1.2510 22.4875
v 14.9727 -19.5482 0.0000
v 0.0000 -1.1020 32.4774
v 15.2461 0.0912 0.0000
v 0.0000 -2.5020 42.6851
v 15.2284 -0.2167 0.0000
v 1.0039 -2.6275 42.7221
v 15.3860 9.8076 0.0000
v 1.0039 -3.0118 33.0515
v 15.3867 9.7386 0.0000
v 0.0000 -3.0118 29.2644
v 14.9723 -29.0682 0.0000
v 1.0039 -1.3373 22.0675
v 14.9762 -30.1493 0.0000
v 1.0039 -1.0588 -7.1924
v 15.4000 9.2882 0.0000
v 1.0039 1.0000 2.9097
v 15.3984 9.3366 0.0000
v 0.0000 1.0000 -5.1022
v 15.3734 -2.1749 0.0000
v 1.0039 0.5529 5.1488
v 15.3516 -1.2296 0.0000
v 0.0000 0.4039 -3.1311
v 15.2406 -10.0158 0.0000
v 1.0039 0.2471 7.5027
v 15.2109 -8.4077 0.0000
v 0.0000 0.0157 38.3232
v 15.3867 9.6088 0.0000
v 0.5020 0.4902 -1.7033
v 15.3984 9.2346 0.0000
v 0.5020 1.0000 0.0000
v 17.7648 15.1856 -10.1709
v 31.9688 0.0000 0.0000
v 1.0000 1.0000 1.0000
v 0.0000 0.0000 65.7576
v -30.0424 -142.5031 0.0000
v 1.0039 0.2314 62.1499
v -30.0389 -144.2319 0.0000
v 1.0039 0.3216 23.3688
v -3.2761 -82.1531 0.0000
v 1.0039 0.8039 14.0521
v -3.2750 -77.6400 0.0000
v 1.0039 1.0000 25.6132
v 5.9016 -59.4371 0.0000
v 1.0039 0.6118 21.7190
v 5.4983 -58.9501 0.0000
v 1.0039 0.7020 56.3919
v -3.0833 -63.8193 0.0000
v 1.0039 0.0000 54.0214
v -3.2390 -69.2790 0.0000
v 1.0039 0.1098 47.6582
v 5.2910 -46.7107 0.0000
v 1.0039 0.0000 44.2920
v 5.2910 -51.7623 0.0000
v 1.0039 0.1333 69.9727
v -21.1583 -107.0867 0.0000
v 1.0039 0.0000 67.9467
v -21.2996 -111.2034 0.0000
v 1.0039 0.0902 65.8287
v -36.8191 -171.9484 0.0000
v 1.0039 0.3961 60.5787
v -37.2192 -172.4484 0.0000
v 1.0039 0.4980 55.5519
v -37.4180 -172.1531 0.0000
v 1.0039 0.5922 50.7485
v -37.4158 -171.0625 0.0000
v 1.0039 0.6863 17.3479
v 5.2975 -57.3291 0.0000
v 1.0039 0.8078 10.0762
v 5.3000 -53.1965 0.0000
v 1.0039 1.0000 34.1623
v 6.1008 -58.4937 0.0000
v 1.0039 0.4157 29.7610
v 6.1024 -59.2849 0.0000
v 1.0039 0.5176 41.4682
v 5.4933 -54.6091 0.0000
v 1.0039 0.2275 38.0647
v 5.8978 -56.9351 0.0000
v 1.0039 0.3216 52.2245
v -3.0909 -72.4102 0.0000
v 1.0039 0.1765 46.9030
v -2.7943 -78.2124 0.0000
v 1.0039 0.3255 78.2844
v -36.5387 -148.4247 0.0000
v 0.0000 0.0000 40.9848
v -3.2919 -82.1137 0.0000
v 1.0039 0.4588 36.8193
v -3.2758 -83.6893 0.0000
v 1.0039 0.5451 32.6711
v -3.2699 -84.2722 0.0000
v 1.0039 0.6235 28.5400
v -3.2742 -83.8624 0.0000
v 1.0039 0.7020 73.6495
v -37.3052 -166.1044 0.0000
v 1.0039 0.2078 70.1856
v -37.4567 -169.8337 0.0000
v 1.0039 0.3020 39.2856
v -12.5653 -106.6511 0.0000
v 1.0039 0.6118 35.5161
v -12.9593 -105.9391 0.0000
v 1.0039 0.6863 46.1143
v -12.9683 -105.0719 0.0000
v 1.0039 0.4784 42.8184
v -12.5683 -106.3621 0.0000
v 1.0039 0.5451 52.5763
v -13.1689 -100.6321 0.0000
v 1.0039 0.3333 49.3669
v -13.1685 -103.1619 0.0000
v 1.0039 0.4078 58.8944
v -13.1691 -94.7073 0.0000
v 1.0039 0.1686 55.7522
v -13.1691 -97.8139 0.0000
v 1.0039 0.2510 62.7737
v -13.0083 -86.4262 0.0000
v 1.0039 0.0000 61.0426
v -13.1289 -91.4721 0.0000
v 1.0039 0.0980 20.9538
v -13.1625 -97.7201 0.0000
v 1.0039 1.0000 30.4619
v -13.1579 -103.6174 0.0000
v 1.0039 0.7882 65.7446
v -21.3466 -114.1030 0.0000
v 1.0039 0.1647 62.6911
v -21.3466 -117.1577 0.0000
v 1.0039 0.2549 36.4415
v -21.3396 -123.5786 0.0000
v 1.0039 0.8392 29.0335
v -21.3375 -120.8381 0.0000
v 1.0039 1.0000 44.2827
v -21.3400 -124.6796 0.0000
v 1.0039 0.6745 40.7015
v -21.3402 -124.5546 0.0000
v 1.0039 0.7490 51.9231
v -20.7399 -123.3769 0.0000
v 1.0039 0.5137 48.0232
v -21.1399 -124.2870 0.0000
v 1.0039 0.5961 59.3415
v -21.1450 -119.7443 0.0000
v 1.0039 0.3412 55.6958
v -20.7416 -121.8627 0.0000
v 1.0039 0.4275 73.2169
v -30.0441 -135.7507 0.0000
v 1.0039 0.0000 68.9753
v -30.0441 -140.1667 0.0000
v 1.0039 0.1373 58.1114
v -30.0372 -145.5618 0.0000
v 1.0039 0.4235 53.6419
v -30.0372 -146.4928 0.0000
v 1.0039 0.5294 49.4425
v -29.8397 -146.5183 0.0000
v 1.0039 0.6235 45.5131
v -29.4449 -145.6382 0.0000
v 1.0039 0.7176 41.1884
v -29.4449 -144.3097 0.0000
v 1.0039 0.8235 34.1083
v -30.0375 -141.6444 0.0000
v 1.0039 1.0000 80.7259
v -37.4174 -157.6570 0.0000
v 1.0039 0.0000 76.7176
v -37.5047 -162.5941 0.0000
v 1.0039 0.1176 45.1055
v -37.4141 -169.2291 0.0000
v 1.0039 0.8000 35.3815
v -37.4125 -165.3648 0.0000
v 1.0039 1.0000 6.2685
v 6.4875 -40.3835 0.0000
v 0.0000 1.0000 14.0455
v 6.4901 -45.5234 0.0000
v 0.0000 0.7882 18.6613
v 6.6905 -47.6140 0.0000
v 0.0000 0.6745 22.7082
v 7.0897 -48.3687 0.0000
v 0.0000 0.5804 27.0060
v 7.2889 -48.3155 0.0000
v 0.0000 0.4824 31.5547
v 7.2881 -47.4545 0.0000
v 0.0000 0.3765 35.5857
v 7.0853 -45.7200 0.0000
v 0.0000 0.2784 42.0216
v 6.2325 -40.9673 0.0000
v 0.0000 0.0941 39.0991
v 6.6805 -43.1119 0.0000
v 0.0000 0.1765 45.5193
v 5.4955 -38.4454 0.0000
v 0.0000 0.0000 12.1104
v -2.1375 -67.8796 0.0000
v 0.0000 1.0000 20.5350
v -2.1345 -71.6573 0.0000
v 0.0000 0.8118 25.3429
v -2.1347 -73.1078 0.0000
v 0.0000 0.7098 29.3424
v -2.1372 -73.4901 0.0000
v 0.0000 0.6275 33.4799
v -2.1424 -73.0547 0.0000
v 0.0000 0.5451 37.7556
v -2.1505 -71.8015 0.0000
v 0.0000 0.4549 42.6791
v -1.8029 -68.9931 0.0000
v 0.0000 0.3373 47.0757
v -1.7535 -64.8418 0.0000
v 0.0000 0.2157 49.5066
v -1.8287 -61.5762 0.0000
v 0.0000 0.1333 52.6854
v -2.0509 -55.6220 0.0000
v 0.0000 0.0000 18.3778
v -11.9688 -89.8696 0.0000
v 0.0000 1.0000 27.6218
v -11.9547 -94.7900 0.0000
v 0.0000 0.7922 32.6446
v -11.7539 -96.6684 0.0000
v 0.0000 0.6824 36.5273
v -11.3617 -97.1448 0.0000
v 0.0000 0.6039 40.2311
v -11.3656 -96.6815 0.0000
v 0.0000 0.5294 43.7560
v -11.7656 -95.2784 0.0000
v 0.0000 0.4549 47.0821
v -11.9707 -93.3155 0.0000
v 0.0000 0.3765 50.2093
v -11.9808 -90.7927 0.0000
v 0.0000 0.2980 53.1704
v -11.9859 -87.8706 0.0000
v 0.0000 0.2157 55.9656
v -11.9859 -84.5490 0.0000
v 0.0000 0.1255 58.2091
v -12.2415 -82.2204 0.0000
v 0.0000 0.0627 60.7468
v -13.0083 -80.2169 0.0000
v 0.0000 0.0000 26.0460
v -20.2875 -111.9089 0.0000
v 0.0000 1.0000 33.7529
v -20.2756 -115.2571 0.0000
v 0.0000 0.8196 38.1614
v -20.2790 -116.4962 0.0000
v 0.0000 0.7216 41.8404
v -20.2935 -116.7424 0.0000
v 0.0000 0.6431 45.6329
v -20.1008 -116.2637 0.0000
v 0.0000 0.5608 49.5388
v -19.7008 -115.0602 0.0000
v 0.0000 0.4745 53.2797
v -19.6968 -113.3056 0.0000
v 0.0000 0.3843 56.8557
v -20.0888 -110.9999 0.0000
v 0.0000 0.2941 59.9037
v -20.2848 -108.6105 0.0000
v 0.0000 0.2118 62.4235
v -20.2848 -106.1375 0.0000
v 0.0000 0.1373 64.3491
v -20.2613 -103.9024 0.0000
v 0.0000 0.0745 66.3465
v -20.1907 -100.9067 0.0000
v 0.0000 0.0000 31.5258
v -28.9500 -132.6830 0.0000
v 0.0000 1.0000 38.9642
v -28.3568 -135.4655 0.0000
v 0.0000 0.8196 43.3469
v -28.3576 -136.6256 0.0000
v 0.0000 0.7176 47.1533
v -28.7546 -137.0907 0.0000
v 0.0000 0.6275 51.1709
v -28.9531 -136.7732 0.0000
v 0.0000 0.5373 55.3997
v -28.9531 -135.6731 0.0000
v 0.0000 0.4353 59.3344
v -28.9537 -134.1153 0.0000
v 0.0000 0.3412 62.9751
v -28.9550 -132.0999 0.0000
v 0.0000 0.2471 66.3357
v -28.9556 -129.4650 0.0000
v 0.0000 0.1490 70.9565
v -28.9556 -124.5835 0.0000
v 0.0000 0.0000 34.6884
v -36.5375 -156.0140 0.0000
v 0.0000 1.0000 43.5090
v -36.5406 -159.1073 0.0000
v 0.0000 0.8078 48.6490
v -36.5424 -160.6102 0.0000
v 0.0000 0.6980 53.0486
v -36.5441 -161.5539 0.0000
v 0.0000 0.6078 57.7127
v -36.3450 -161.6205 0.0000
v 0.0000 0.5137 62.6412
v -35.9449 -160.8103 0.0000
v 0.0000 0.4078 66.9373
v -36.2537 -158.9947 0.0000
v 0.0000 0.3137 70.6012
v -36.1753 -156.1737 0.0000
v 0.0000 0.2196 73.8960
v -36.3737 -153.1786 0.0000
v 0.0000 0.1294 8.1724
v 5.8937 -46.7900 0.0000
v 0.5020 0.1137 46.5887
v 5.3933 -42.5781 0.0000
v 0.5020 0.0000 13.0813
v -2.7063 -72.7598 0.0000
v 0.5020 0.1216 54.5386
v -2.5671 -59.7206 0.0000
v 0.5020 0.0000 19.6658
v -12.5656 -93.7948 0.0000
v 0.5020 0.0745 61.7603
v -13.0083 -83.3216 0.0000
v 0.5020 0.0000 27.5397
v -20.8125 -116.3735 0.0000
v 0.5020 0.0824 68.1596
v -20.6745 -103.9967 0.0000
v 0.5020 0.0000 32.8170
v -29.4938 -137.1637 0.0000
v 0.5020 0.1451 72.0867
v -29.4999 -130.1671 0.0000
v 0.5020 0.0000 35.0349
v -36.9750 -160.6894 0.0000
v 0.5020 0.1216 79.5051
v -36.9780 -153.0408 0.0000
v 0.5020 0.0000 0.0000
v 43.4972 -15.1079 -105.4469
v 76.6497 0.0000 0.0000
v 1.0000 1.0000 1.0000
v 0.0000 -161.8481 -43.3352
v 62.9182 0.0000 0.0902
v -0.9647 -183.3678 -43.3352
v 91.5216 0.0000 3.9255
v -1.4000 -166.3204 -43.3352
v 103.9545 0.0000 3.9255
v -1.9843 -151.1081 -43.3352
v 72.8180 0.0000 0.0902
v -1.5373 -86.0641 -43.3359
v -77.6085 0.0000 0.0902
v -16.5569 -84.9797 -43.3352
v -114.9604 0.0000 3.9255
v -16.8235 -101.5664 -43.3352
v -123.8700 0.0000 3.9255
v -17.3490 -99.5007 -43.3352
v -86.3451 0.0000 0.0902
v -17.1569 -149.1252 -43.3359
v -41.4529 0.0000 0.0902
v -20.1098 -177.1309 -43.3352
v -59.5908 0.0000 3.9255
v -20.3686 -182.4478 -43.3352
v -42.3088 0.0000 3.9255
v -20.8706 -151.4999 -43.3359
v -24.2988 0.0000 0.0902
v -20.7451 -160.9986 -43.3359
v -9.7838 0.0000 0.0902
v -21.4196 -194.8942 -43.3352
v -26.1929 0.0000 3.9255
v -21.4392 -214.4701 -43.3352
v -11.2429 0.0000 3.9255
v -22.1255 -175.2467 -43.3359
v 3.1477 0.0000 0.0902
v -22.1882 -221.8901 -43.3352
v 43.6064 0.0000 3.9255
v 0.5569 -223.2192 -43.3352
v 62.9356 0.0000 3.9255
v 0.0157 -183.4500 -43.3359
v 43.2635 0.0000 0.0902
v 0.2588 -185.3938 -43.3359
v 34.5146 0.0000 0.0902
v 0.6667 -64.4434 -43.3352
v 123.3809 0.0000 3.9255
v -5.0745 -63.3546 -43.3352
v 78.6024 0.0000 0.0902
v -5.0353 -72.6076 -43.3359
v 73.0837 0.0000 0.0902
v -4.6627 -73.2482 -43.3352
v 113.2194 0.0000 3.9255
v -4.7020 -90.8135 -43.3359
v 69.3890 0.0000 0.0902
v -3.9176 -93.5669 -43.3352
v 105.9370 0.0000 3.9255
v -4.0863 -82.9560 -43.3352
v 107.4048 0.0000 3.9255
v -4.3843 -81.3148 -43.3359
v 69.3890 0.0000 0.0902
v -4.2941 -113.3969 -43.3352
v 78.3889 0.0000 0.0902
v -3.0431 -117.6672 -43.3352
v 112.4855 0.0000 3.9255
v -3.3882 -105.1373 -43.3352
v 107.6305 0.0000 3.9255
v -3.7608 -101.1038 -43.3359
v 72.2920 0.0000 0.0902
v -3.5098 -54.0606 -43.3352
v 79.7407 0.0000 0.0902
v -5.3961 -54.3405 -43.3352
v 125.0180 0.0000 3.9255
v -5.3608 -42.9394 -43.3352
v 118.1308 0.0000 3.9255
v -5.7294 -44.5511 -43.3352
v 78.8395 0.0000 0.0902
v -5.7647 16.2053 -43.3352
v 5.6999 0.0000 0.0902
v -9.9176 50.0252 -43.3355
v 11.3539 0.0000 3.9255
v -10.1176 48.7569 -43.3362
v -1.0208 0.0000 3.9255
v -10.4627 17.3023 -43.3352
v -4.7338 0.0000 0.0902
v -10.3373 19.0600 -43.3359
v -13.3305 0.0000 0.0902
v -10.6980 52.0702 -43.3362
v -12.6291 0.0000 3.9255
v -10.8000 59.9651 -43.3355
v -23.4709 0.0000 3.9255
v -11.1725 19.0600 -43.3359
v -19.3286 0.0000 0.0902
v -11.0157 -36.0897 -43.3352
v 77.6442 0.0000 0.0902
v -6.0941 -31.4370 -43.3352
v 114.5409 0.0000 3.9255
v -6.0667 -19.8332 -43.3352
v 114.2484 0.0000 3.9255
v -6.3882 -28.6765 -43.3352
v 76.1551 0.0000 0.0902
v -6.3843 -21.3145 -43.3359
v 71.1240 0.0000 0.0902
v -6.6980 -7.7495 -43.3352
v 111.1384 0.0000 3.9255
v -6.7373 4.8143 -43.3352
v 105.2108 0.0000 3.9255
v -7.1216 -14.4922 -43.3359
v 66.5749 0.0000 0.0902
v -7.0353 -16.5993 -43.3352
v -67.1334 0.0000 0.0902
v -13.7137 6.4466 -43.3352
v -96.6702 0.0000 3.9255
v -14.0471 -3.6520 -43.3352
v -109.9902 0.0000 3.9255
v -14.5098 -23.1964 -43.3359
v -72.2861 0.0000 0.0902
v -14.0941 -7.8767 -43.3359
v 61.1986 0.0000 0.0902
v -7.3647 15.5409 -43.3352
v 96.1417 0.0000 3.9255
v -7.5137 24.4303 -43.3352
v 83.9310 0.0000 3.9255
v -7.9333 -2.2948 -43.3359
v 56.2358 0.0000 0.0902
v -7.6941 4.0809 -43.3352
v 49.2245 0.0000 0.0902
v -8.1020 33.2605 -43.3352
v 69.8234 0.0000 3.9255
v -8.3961 42.0314 -43.3352
v 53.8190 0.0000 3.9255
v -8.9020 9.3834 -43.3352
v 38.1416 0.0000 0.0902
v -8.5882 12.9401 -43.3352
v 27.1793 0.0000 0.0902
v -9.0471 47.4775 -43.3352
v 38.7479 0.0000 3.9255
v -9.3490 49.5987 -43.3352
v 24.6102 0.0000 3.9255
v -9.7490 14.7512 -43.3352
v 16.3376 0.0000 0.0902
v -9.4863 -31.3122 -43.3359
v -74.2455 0.0000 0.0902
v -14.4314 -17.1482 -43.3352
v -115.3189 0.0000 3.9255
v -14.9137 -34.0421 -43.3352
v -112.6562 0.0000 3.9255
v -15.3882 -41.7367 -43.3359
v -74.7055 0.0000 0.0902
v -14.8157 10.6643 -43.3359
v -33.9907 0.0000 0.0902
v -11.8314 48.5041 -43.3352
v -56.9292 0.0000 3.9255
v -12.2706 29.5400 -43.3352
v -60.3671 0.0000 3.9255
v -12.8078 2.2362 -43.3352
v -38.5792 0.0000 0.0902
v -12.3294 -54.9294 -43.3359
v -73.6498 0.0000 0.0902
v -15.3255 -51.0384 -43.3352
v -111.1201 0.0000 3.9255
v -15.8667 -68.1370 -43.3352
v -110.7105 0.0000 3.9255
v -16.3412 -69.4413 -43.3359
v -73.6498 0.0000 0.0902
v -15.9569 -109.3276 -43.3352
v -89.2097 0.0000 0.0902
v -17.5529 -115.3887 -43.3352
v -127.0959 0.0000 3.9255
v -17.7412 -126.4465 -43.3352
v -124.6381 0.0000 3.9255
v -18.0588 -114.9801 -43.3352
v -88.3649 0.0000 0.0902
v -17.7726 -6.4416 -43.3352
v -45.8540 0.0000 0.0902
v -12.7725 17.9174 -43.3352
v -69.0671 0.0000 3.9255
v -13.2118 13.6364 -43.3352
v -83.0292 0.0000 3.9255
v -13.6157 -11.1693 -43.3352
v -57.5659 0.0000 0.0902
v -13.2784 -120.8762 -43.3352
v -83.5311 0.0000 0.0902
v -18.0706 -136.7876 -43.3352
v -115.8309 0.0000 3.9255
v -18.4353 -146.4120 -43.3352
v -100.6744 0.0000 3.9255
v -18.9373 -127.0160 -43.3352
v -74.7081 0.0000 0.0902
v -18.4941 -134.7834 -43.3352
v -65.0940 0.0000 0.0902
v -18.9843 -157.0363 -43.3352
v -86.8801 0.0000 3.9255
v -19.4196 -168.6604 -43.3352
v -74.4479 0.0000 3.9255
v -19.8941 -144.1785 -43.3352
v -54.6886 0.0000 0.0902
v -19.5333 17.3275 -43.3359
v -24.1271 0.0000 0.0902
v -11.2588 62.4309 -43.3352
v -35.4714 0.0000 3.9255
v -11.5137 59.4678 -43.3352
v -48.6306 0.0000 3.9255
v -11.8863 15.4618 -43.3359
v -28.5258 0.0000 0.0902
v -11.4941 -179.5624 -43.3359
v 50.0683 0.0000 0.0902
v -0.0824 -215.8856 -43.3352
v 75.7764 0.0000 3.9255
v -0.3922 -199.8896 -43.3352
v 82.1289 0.0000 3.9255
v -0.8706 -171.9549 -43.3352
v 55.8818 0.0000 0.0902
v -0.4824 -139.0765 -43.3352
v 78.3889 0.0000 0.0902
v -2.0510 -149.3305 -43.3352
v 111.3565 0.0000 3.9255
v -2.5020 -132.3982 -43.3352
v 113.7275 0.0000 3.9255
v -2.9765 -125.7532 -43.3352
v 79.6306 0.0000 0.0902
v -2.5647 -184.7459 -43.3359
v 23.6594 0.0000 0.0902
v -23.1843 -183.2880 -43.3359
v 15.2345 0.0000 0.0902
v -22.7490 -223.4999 -43.3352
v 5.6595 0.0000 3.9255
v -22.6588 -221.9837 -43.3352
v 24.5144 0.0000 3.9255
v 1.0863 -205.1558 -43.3359
v 54.9288 -0.0000 2.0078
v 0.1176 -199.3244 -43.3359
v 64.3258 -0.0000 2.0078
v -0.2588 -188.4380 -43.3352
v 71.3390 -0.0000 2.0078
v -0.7059 -174.8681 -43.3352
v 79.8740 -0.0000 2.0078
v -1.2118 -160.7027 -43.3352
v 91.4911 -0.0000 2.0078
v -1.7961 -145.8876 -43.3352
v 98.2312 -0.0000 2.0078
v -2.3098 -130.4228 -43.3352
v 100.0941 -0.0000 2.0078
v -2.8039 -116.5666 -43.3352
v 98.7957 -0.0000 2.0078
v -3.2471 -104.3189 -43.3352
v 94.3359 -0.0000 2.0078
v -3.6588 -93.0025 -43.3352
v 92.6141 -0.0000 2.0078
v -4.0196 -82.6173 -43.3352
v 93.6303 -0.0000 2.0078
v -4.3529 -72.8391 -43.3352
v 97.5455 -0.0000 2.0078
v -4.6863 -63.6677 -43.3352
v 104.3599 -0.0000 2.0078
v -5.0471 -53.7341 -43.3352
v 105.7995 -0.0000 2.0078
v -5.3647 -43.0383 -43.3352
v 101.8642 -0.0000 2.0078
v -5.7294 -32.8424 -43.3352
v 99.4172 -0.0000 2.0078
v -6.0588 -23.1463 -43.3352
v 98.4585 -0.0000 2.0078
v -6.3686 -13.1128 -43.3352
v 95.4304 -0.0000 2.0078
v -6.7020 -2.7418 -43.3352
v 90.3327 -0.0000 2.0078
v -7.0667 6.0884 -43.3352
v 82.9825 -0.0000 2.0078
v -7.4314 13.3778 -43.3352
v 73.3799 -0.0000 2.0078
v -7.8157 20.6078 -43.3352
v 61.5545 -0.0000 2.0078
v -8.2549 27.7787 -43.3352
v 47.5062 -0.0000 2.0078
v -8.7529 32.3701 -43.3352
v 33.9903 -0.0000 2.0078
v -9.2039 34.3820 -43.3352
v 21.0069 -0.0000 2.0078
v -9.6235 35.3591 -43.3353
v 8.5755 -0.0000 2.0078
v -10.0157 35.3012 -43.3357
v -3.3038 -0.0000 2.0078
v -10.3922 38.3463 -43.3357
v -13.8181 -0.0000 2.0078
v -10.7412 44.4944 -43.3353
v -22.9676 -0.0000 2.0078
v -11.0902 46.1643 -43.3352
v -32.2917 -0.0000 2.0078
v -11.3922 43.3560 -43.3352
v -41.7906 -0.0000 2.0078
v -11.7059 33.8941 -43.3352
v -48.1736 -0.0000 2.0078
v -12.0667 17.7786 -43.3352
v -51.4408 -0.0000 2.0078
v -12.5882 7.8430 -43.3359
v -59.3297 -0.0000 2.0078
v -13.0078 3.2883 -43.3359
v -71.8208 -0.0000 2.0078
v -13.4588 -3.6623 -43.3352
v -85.1697 -0.0000 2.0078
v -13.8902 -12.4220 -43.3359
v -93.6995 -0.0000 2.0078
v -14.3216 -23.1964 -43.3359
v -97.8982 -0.0000 2.0078
v -14.6980 -37.5150 -43.3359
v -96.8739 -0.0000 2.0078
v -15.1333 -52.5547 -43.3359
v -95.0265 -0.0000 2.0078
v -15.6235 -69.4413 -43.3359
v -95.2905 -0.0000 2.0078
v -16.1686 -85.2726 -43.3359
v -98.7212 -0.0000 2.0078
v -16.7020 -101.2166 -43.3352
v -109.2502 -0.0000 2.0078
v -17.2588 -113.2898 -43.3352
v -112.4259 -0.0000 2.0078
v -17.6549 -121.7879 -43.3352
v -110.7361 -0.0000 2.0078
v -17.9294 -130.0556 -43.3352
v -103.6955 -0.0000 2.0078
v -18.2745 -138.0931 -43.3352
v -91.3041 -0.0000 2.0078
v -18.7412 -147.4854 -43.3352
v -79.1620 -0.0000 2.0078
v -19.2274 -158.2326 -43.3352
v -67.2694 -0.0000 2.0078
v -19.7373 -164.4287 -43.3359
v -52.5371 -0.0000 2.0078
v -20.2549 -168.9142 -43.3359
v -34.8552 -0.0000 2.0078
v -20.8157 -179.4684 -43.3359
v -18.2289 -0.0000 2.0078
v -21.4275 -195.0358 -43.3359
v -4.7695 -0.0000 2.0078
v -22.1529 -204.3459 -43.3359
v 9.8879 -0.0000 2.0078
v -22.6980 -206.6137 -43.3359
v 24.6315 -0.0000 2.0078
v 1.0863 -207.2616 -43.3359
v 39.8612 -0.0000 2.0078
v 0.6039 -206.6137 -43.3359
v 24.6315 -0.0000 2.0078
v -23.1843 -221.9837 -43.3352
v 24.5144 0.0000 3.9255
v -23.1843 -221.9837 -43.3352
v 24.5144 0.0000 3.9255
v -23.1843 -206.6137 -43.3359
v 24.6315 -0.0000 2.0078
v -23.1843 -206.6137 -43.3359
v 24.6315 -0.0000 2.0078
v -23.1843 -184.7459 -43.3359
v 23.6594 0.0000 0.0902
v 1.0863 0.0000 0.0000
v 0.0000 -80.5345 -43.3357
v -1.0390 190.6029 0.0000
v 0.0000 1.0000 1.0000
v 1.0000 0.0000 0.0000
v 4.6706 -3.5451 -202.6495
v -44.2733 36.9274 0.0000
v 5.3176 -2.8980 -200.3804
v -44.2733 55.9917 0.0000
v 3.9176 -2.9608 -179.9586
v -44.2733 70.5169 0.0000
v 2.8275 -3.6353 -191.9091
v -44.2733 -8.4639 0.0000
v 8.6275 -3.2824 -206.4313
v -44.2733 9.6926 0.0000
v 7.3176 -2.7843 -204.1622
v -44.2733 25.3526 0.0000
v 10.2157 -10.5804 42.4238
v -44.2733 -33.0509 0.0000
v 10.1373 -11.1412 39.2470
v -44.2733 -43.2639 0.0000
v 10.8863 -11.0392 22.4558
v -44.2733 -48.2570 0.0000
v 11.2745 -10.4824 34.4820
v -44.2733 1.0682 0.0000
v 7.6431 -10.8549 46.5081
v -44.2733 -18.4500 0.0000
v 9.0588 -11.2706 44.2390
v -44.2733 -26.8474 0.0000
v 8.6824 -10.7176 -171.8655
v -44.2733 -33.5804 0.0000
v 10.4431 -3.9686 -182.0008
v -44.2733 -20.8709 0.0000
v 9.5255 -3.6196 -176.7747
v -44.2733 11.5082 -0.0000
v 4.2824 -4.4431 -170.1187
v -44.2733 49.0317 -0.0000
v 4.3882 -3.9804 -164.9826
v -44.2733 79.5195 0.0000
v 2.1451 -4.1333 -148.6452
v -44.2733 87.8413 0.0000
v 1.5176 -4.6745 -153.4102
v -44.2733 -63.0848 0.0000
v 12.5843 -4.6039 -162.3353
v -44.2733 -47.6518 0.0000
v 11.4627 -4.2941 -152.2686
v -44.2733 -3.0170 -0.0000
v 8.1804 -4.6078 -141.0744
v -44.2733 -8.4639 -0.0000
v 4.2196 -4.9294 -133.7448
v -44.2733 92.9100 0.0000
v 1.1255 -5.1725 -120.2816
v -44.2733 94.7256 0.0000
v 0.9765 -5.6196 -130.5593
v -44.2733 -93.9509 0.0000
v 14.8157 -5.3843 -142.8182
v -44.2733 -78.5178 0.0000
v 13.7020 -4.9647 -127.7624
v -44.2733 -16.0291 -0.0000
v 9.5961 -5.8824 -99.3232
v -44.2733 46.3083 -0.0000
v 4.4980 -6.3490 -115.0556
v -44.2733 48.1239 -0.0000
v 4.3843 -5.8235 -106.1347
v -44.2733 94.0447 0.0000
v 1.0078 -6.0941 -91.3041
v -44.2733 90.8674 0.0000
v 1.2235 -6.5922 15.2704
v -44.2733 56.5969 0.0000
v 3.6000 -10.1804 25.4056
v -44.2733 23.9152 0.0000
v 5.9804 -10.5373 19.2744
v -44.2733 0.6143 -0.0000
v 6.9176 -9.8863 -4.3241
v -44.2733 -37.8170 -0.0000
v 10.5451 -9.5804 11.1057
v -44.2733 -35.3961 -0.0000
v 10.3451 -10.0941 7.3285
v -44.2733 -60.2857 0.0000
v 12.1765 -9.9804 -11.7318
v -44.2733 -81.0144 0.0000
v 13.7176 -9.3569 -101.9658
v -44.2733 -104.3909 0.0000
v 15.5451 -6.3490 -116.9418
v -44.2733 -102.5752 0.0000
v 15.4314 -5.8471 -100.8360
v -44.2733 -29.6465 -0.0000
v 10.3804 -6.8000 -70.2789
v -44.2733 41.4665 -0.0000
v 4.8157 -7.3255 -85.1036
v -44.2733 43.2822 -0.0000
v 4.7020 -6.8275 -75.2662
v -44.2733 92.3804 0.0000
v 1.0902 -7.1294 -58.0212
v -44.2733 98.5839 0.0000
v 0.6157 -7.7020 -67.7061
v -44.2733 -96.2205 0.0000
v 14.9059 -7.4902 -85.5539
v -44.2733 -102.2726 0.0000
v 15.3686 -6.8980 -73.0018
v -44.2733 -37.8170 -0.0000
v 10.6314 -7.2784 -56.9669
v -44.2733 -39.3300 -0.0000
v 10.7216 -7.8157 -39.4193
v -44.2733 35.1117 -0.0000
v 4.9294 -7.8627 -41.7605
v -44.2733 99.6430 0.0000
v 0.5176 -8.2471 -26.4844
v -44.2733 95.5578 0.0000
v 0.7961 -8.7608 -30.6420
v -44.2733 -91.8326 0.0000
v 14.5373 -8.7294 -49.4021
v -44.2733 -92.7404 0.0000
v 10.7216 -8.3961 -22.4768
v -44.2733 -39.6326 -0.0000
v 10.6980 -8.9725 -10.9801
v -44.2733 21.7969 -0.0000
v 5.5569 -8.8392 -11.5840
v -44.2733 88.3708 0.0000
v 1.3059 -9.2627 2.9405
v -44.2733 78.0821 0.0000
v 12.6196 -8.8431 -44.7658
v -44.2734 -67.0228 0.5000
v 13.0000 -7.0863 -94.5936
v -44.2733 -69.2883 0.5000
v 12.7490 -6.0941 -122.5049
v -44.2733 -58.4700 0.5000
v 9.8235 -4.4510 -168.1179
v -44.2733 -14.6674 0.5000
v 8.3373 -3.6980 -190.3130
v -44.2734 1.4505 0.5000
v 7.9020 -3.3294 -150.8936
v -44.2734 74.8227 0.5000
v 2.4745 -4.6078 -137.1764
v -44.2734 72.5360 0.5000
v 2.6235 -5.0667 -124.4758
v -44.2733 72.4839 0.5000
v 2.7137 -7.5137 -48.0023
v -44.2733 69.6469 0.5000
v 3.0196 -8.5608 -18.3919
v -44.2733 59.4717 0.5000
v 4.1137 -9.5373 11.1006
v -44.2734 35.9490 0.5000
v 5.1176 -10.0510 0.0000
v 0.0000 -79.9616 -44.2734
v -2.3739 162.4870 0.0000
v 0.0000 1.0000 1.0000
v 1.0000 0.0000 0.0000
v -182.2397 -32.8608 -182.1315
v 0.0000 9.8118 -5.3961
v -192.4192 -32.9181 -184.8467
v 0.0000 9.3020 -5.2471
v -226.4192 -33.3272 -239.1742
v 0.0000 7.5922 -2.2588
v 25.1853 -33.0265 -159.9146
v 0.0000 20.2274 -6.6157
v 35.4888 -33.0673 -174.9409
v 0.0000 20.7451 -5.7922
v -213.5309 -32.9743 -105.8014
v 0.0000 8.2431 -9.5922
v 32.1045 -33.1068 -67.0314
v 0.0000 20.5765 -11.7216
v 25.7436 -33.0970 -79.6891
v 0.0000 20.2549 -11.0275
v -322.1887 -34.0000 87.5750
v -32.0000 2.7843 -20.2196
v -241.6987 -33.7973 -191.0309
v -32.0000 6.8275 -4.9059
v -193.4231 -33.2485 -255.8126
v 0.0000 9.2510 -1.3451
v -181.6745 -33.2403 -78.5625
v 0.0000 9.8392 -11.0902
v 67.1818 -32.7930 -104.4720
v 0.0000 22.3373 -9.6627
v 65.4408 -32.7444 -81.4383
v 0.0000 22.2510 -10.9294
v -191.2617 -33.1315 -87.5793
v 0.0000 9.3608 -10.5922
v -356.9426 -33.5080 101.9427
v 0.0000 1.0392 -21.0118
v -360.1536 -33.5080 86.1391
v 0.0000 0.8784 -20.1412
v -304.5263 -33.7044 -33.3154
v -32.0000 3.6706 -13.5765
v -286.5564 -33.5238 88.4284
v 0.0000 4.5725 -20.2667
v -307.6891 -33.5238 97.6446
v 0.0000 3.5137 -20.7726
v -353.9132 -33.5186 75.9597
v 0.0000 1.1922 -19.5804
v -338.8928 -33.5186 73.0827
v 0.0000 1.9451 -19.4235
v -7.0467 -33.2335 -235.0612
v -32.0000 18.6118 -2.4863
v -58.8460 -33.4358 -154.5984
v -32.0000 16.0078 -6.9098
v -296.6152 -33.5149 62.4479
v 0.0000 4.0706 -18.8392
v -284.5735 -33.5149 72.7177
v 0.0000 4.6745 -19.4039
v -313.5974 -33.5325 50.3821
v 0.0000 3.2157 -18.1765
v -326.3929 -33.5325 57.7533
v 0.0000 2.5725 -18.5804
v 44.7187 -33.2224 -247.8499
v 0.0000 21.2078 -1.7843
v 40.3845 -33.1617 -261.0171
v 0.0000 20.9922 -1.0588
v -321.6210 -33.4702 8.6142
v 0.0000 2.8118 -15.8784
v -310.9796 -33.4947 15.4246
v 0.0000 3.3490 -16.2549
v 43.9677 -33.4836 -122.8058
v -32.0000 21.1725 -8.6549
v -364.2238 -33.5260 49.8712
v 0.0000 0.6745 -18.1490
v -361.4329 -33.5192 16.5625
v 0.0000 0.8157 -16.3176
v -351.5538 -33.4851 0.4934
v 0.0000 1.3098 -15.4353
v -335.5919 -33.4680 3.4729
v 0.0000 2.1137 -15.5961
v -305.7913 -33.5226 26.1124
v 0.0000 3.6078 -16.8431
v -306.5337 -33.5226 39.4660
v 0.0000 3.5725 -17.5765
v -311.9611 -32.9852 -81.9938
v 0.0000 3.2980 -10.8980
v -247.6618 -33.5200 61.0661
v 0.0000 6.5255 -18.7647
v -261.6158 -33.5200 67.1223
v 0.0000 5.8275 -19.0980
v -282.0587 -32.8470 -68.9988
v 0.0000 4.8000 -11.6157
v -261.9061 -33.3378 1.8722
v 0.0000 5.8118 -15.5098
v -247.8667 -33.3731 3.7665
v 0.0000 6.5176 -15.6157
v -264.7249 -32.7007 -71.4907
v 0.0000 5.6706 -11.4784
v -288.2949 -33.4636 13.4520
v 0.0000 4.4863 -16.1451
v -275.8832 -33.3906 5.3658
v 0.0000 5.1098 -15.7020
v -296.9348 -32.8848 -78.4126
v 0.0000 4.0549 -11.0980
v -276.2933 -33.5288 63.9171
v 0.0000 5.0902 -18.9216
v -289.2484 -33.5288 51.8102
v 0.0000 4.4392 -18.2549
v -237.3740 -33.4348 11.4869
v 0.0000 7.0431 -16.0392
v -231.2127 -33.5110 24.1107
v 0.0000 7.3529 -16.7333
v -231.1041 -33.5326 38.3695
v 0.0000 7.3569 -17.5176
v -237.3063 -33.5326 51.3482
v 0.0000 7.0471 -18.2274
v -295.7302 -33.5227 38.5576
v 0.0000 4.1137 -17.5255
v -295.2313 -33.5227 25.1976
v 0.0000 4.1373 -16.7922
v -307.2100 -33.4426 5.9103
v 0.0000 3.5373 -15.7333
v -318.0538 -33.4238 -1.0298
v 0.0000 2.9922 -15.3490
v -262.4671 -33.0224 -35.8477
v 0.0000 5.7843 -13.4353
v -271.9151 -33.2082 -18.6141
v 0.0000 5.3098 -14.3843
v -348.4477 -33.4181 -27.6108
v 0.0000 1.4667 -13.8902
v -332.1072 -33.2425 -58.9808
v 0.0000 2.2863 -12.1647
v -315.5101 -33.0645 -73.2169
v 0.0000 3.1216 -11.3843
v -299.5926 -32.9677 -69.5434
v 0.0000 3.9216 -11.5843
v -341.5230 -33.5257 63.1260
v 0.0000 1.8157 -18.8745
v -357.3792 -33.5257 65.9199
v 0.0000 1.0196 -19.0314
v -256.2411 -32.7435 -65.5468
v 0.0000 6.0980 -11.8039
v -257.1205 -32.8569 -52.0607
v 0.0000 6.0510 -12.5451
v -283.0342 -33.3286 -4.8873
v 0.0000 4.7529 -15.1373
v -295.1889 -33.4154 4.5579
v 0.0000 4.1412 -15.6588
v -332.2127 -33.4308 -6.2402
v 0.0000 2.2824 -15.0627
v -348.4785 -33.4600 -9.2765
v 0.0000 1.4667 -14.8980
v -29.2215 -32.5502 -205.0423
v 0.0000 17.4980 -4.1373
v -239.2313 -32.7502 -82.4683
v 0.0000 6.9490 -10.8745
v -229.2237 -32.8063 -91.8459
v 0.0000 7.4549 -10.3569
v -217.0262 -32.9254 -95.6198
v 0.0000 8.0667 -10.1529
v -203.4229 -33.0283 -93.4774
v 0.0000 8.7490 -10.2706
v -241.6106 -33.2633 -10.6373
v 0.0000 6.8314 -14.8235
v -254.6182 -33.2154 -12.3117
v 0.0000 6.1765 -14.7294
v -258.1097 -33.1350 -20.4554
v 0.0000 6.0039 -14.2824
v -251.6943 -33.0410 -34.1593
v 0.0000 6.3255 -13.5294
v -13.7036 -32.8592 -169.0292
v 0.0000 18.2745 -6.1176
v -179.7211 -33.2914 -65.3294
v 0.0000 9.9373 -11.8157
v -185.5340 -33.3043 -48.8061
v 0.0000 9.6471 -12.7255
v -0.3849 -32.9577 -159.3124
v 0.0000 18.9451 -6.6510
v -192.8535 -33.3320 -34.5267
v 0.0000 9.2784 -13.5098
v -201.1915 -33.3443 -23.3920
v 0.0000 8.8627 -14.1216
v -227.0774 -33.3134 -11.8959
v 0.0000 7.5608 -14.7529
v -315.6179 -33.0348 -97.2771
v 0.0000 3.1137 -10.0588
v -307.3120 -33.1094 -122.8721
v 0.0000 3.5333 -8.6549
v -259.6384 -32.6050 -82.0719
v 0.0000 5.9255 -10.8941
v -279.0026 -32.7673 -78.3607
v 0.0000 4.9529 -11.0980
v -235.2920 -32.8007 -99.7973
v 0.0000 7.1490 -9.9216
v -244.7066 -32.6670 -89.3469
v 0.0000 6.6745 -10.4941
v -237.7655 -32.9133 -123.9669
v 0.0000 7.0235 -8.5922
v -232.8818 -32.8704 -111.6146
v 0.0000 7.2706 -9.2706
v -293.9778 -33.1200 -136.9219
v 0.0000 4.2000 -7.8824
v -276.7112 -33.0477 -138.4415
v 0.0000 5.0706 -7.7961
v -176.2130 -33.2733 -87.0325
v 0.0000 10.1137 -10.6235
v -186.7877 -33.1566 -96.7953
v 0.0000 9.5843 -10.0863
v -137.7222 -33.3622 -237.0237
v -32.0000 12.0471 -2.3804
v -198.5882 -33.0131 -174.3638
v 0.0000 8.9922 -5.8235
v -183.9421 -32.9533 -170.7612
v 0.0000 9.7255 -6.0196
v -341.0212 -34.0000 34.1949
v -32.0000 1.8392 -17.2863
v 65.5292 -33.1604 -160.6036
v 0.0000 22.2549 -6.5804
v -224.8167 -33.0345 -144.3268
v 0.0000 7.6745 -7.4745
v -212.4774 -33.0645 -165.3493
v 0.0000 8.2941 -6.3176
v -30.0058 -33.2786 -119.4113
v 0.0000 17.4588 -8.8431
v -223.4173 -32.9313 -113.9133
v 0.0000 7.7451 -9.1451
v -228.5141 -32.9590 -126.7980
v 0.0000 7.4902 -8.4392
v -126.7364 -32.7816 -170.5602
v 0.0000 12.6000 -6.0314
v -130.1812 -32.9825 -148.6074
v 0.0000 12.4275 -7.2392
v -209.5652 -33.1416 -212.9156
v 0.0000 8.4392 -3.7020
v -150.1002 -33.3966 -99.7076
v 0.0000 11.4275 -9.9255
v -163.6906 -33.3725 -88.0799
v 0.0000 10.7451 -10.5647
v -214.4854 -33.1161 -192.5522
v 0.0000 8.1922 -4.8235
v -134.7579 -33.1649 -129.2213
v 0.0000 12.1961 -8.3059
v -140.2421 -33.3070 -113.6830
v 0.0000 11.9216 -9.1569
v -282.5450 -33.2628 -165.9464
v 0.0000 4.7765 -6.2863
v -270.9883 -33.4443 -191.1319
v 0.0000 5.3569 -4.9020
v -211.7671 -33.2233 -243.3954
v 0.0000 8.3294 -2.0275
v -208.7132 -33.1551 -230.8381
v 0.0000 8.4824 -2.7176
v -222.4593 -33.1012 -171.9995
v 0.0000 7.7922 -5.9529
v -232.2995 -33.0574 -152.9937
v 0.0000 7.2980 -6.9961
v -243.8027 -33.0148 -144.8926
v 0.0000 6.7216 -7.4431
v -254.6609 -33.0500 -148.9653
v 0.0000 6.1765 -7.2196
v 43.0445 -33.1332 -188.3770
v 0.0000 21.1255 -5.0510
v -250.6606 -33.4435 -217.5240
v 0.0000 6.3765 -3.4510
v -78.4887 -32.7072 -245.5752
v 0.0000 15.0235 -1.9098
v -84.7661 -32.6442 -226.0603
v 0.0000 14.7059 -2.9804
v -195.6366 -32.9644 -196.6512
v 0.0000 9.1412 -4.5961
v -190.8861 -33.0186 -216.6752
v 0.0000 9.3765 -3.4980
v -136.2753 -32.5950 -192.1705
v 0.0000 12.1216 -4.8431
v -162.7422 -32.7790 -184.5343
v 0.0000 10.7922 -5.2627
v 18.3845 -32.9570 -172.9339
v 0.0000 19.8863 -5.9020
v -177.6817 -33.2818 -271.1441
v 0.0000 10.0431 -0.5020
v -143.5185 -33.2804 -282.8039
v 0.0000 11.7569 0.1333
v 47.5844 -33.2365 -211.8340
v 0.0000 21.3529 -3.7647
v -96.8547 -32.5876 -210.8982
v 0.0000 14.1020 -3.8157
v -113.9903 -32.5377 -201.0559
v 0.0000 13.2392 -4.3569
v -58.7338 -32.6897 -279.7224
v 0.0000 16.0157 -0.0314
v -69.2527 -32.7074 -264.2802
v 0.0000 15.4863 -0.8824
v -36.0381 -32.5468 -198.3745
v 0.0000 17.1529 -4.5020
v -25.8443 -32.7127 -182.1388
v 0.0000 17.6667 -5.3961
v -69.5891 -32.5537 -207.1386
v 0.0000 15.4706 -4.0196
v -50.8171 -32.5409 -206.7446
v 0.0000 16.4118 -4.0431
v -94.3347 -33.2058 -124.5113
v 0.0000 14.2275 -8.5647
v -111.8124 -33.1154 -134.3902
v 0.0000 13.3490 -8.0196
v -71.2342 -32.8064 -288.1262
v 0.0000 15.3882 0.4275
v -104.9430 -32.5843 -192.2095
v 0.0000 13.6941 -4.8431
v -88.0602 -32.5380 -202.2077
v 0.0000 14.5412 -4.2941
v 27.4572 -32.9955 -184.2421
v 0.0000 20.3412 -5.2784
v -58.6664 -33.3230 -111.6203
v 0.0000 16.0196 -9.2706
v -76.1596 -33.2756 -116.7986
v 0.0000 15.1412 -8.9882
v -190.1996 -33.1306 -237.1462
v 0.0000 9.4118 -2.3725
v 5.6862 -33.0125 -145.9637
v 0.0000 19.2510 -7.3843
v 4.0726 -33.0756 -129.9786
v 0.0000 19.1686 -8.2627
v -3.7033 -33.1285 -121.8698
v 0.0000 18.7765 -8.7098
v -16.6640 -33.1683 -122.5477
v 0.0000 18.1255 -8.6706
v -106.1223 -33.0557 -288.7558
v 0.0000 13.6353 0.4627
v -119.0389 -32.9657 -151.4667
v 0.0000 12.9843 -7.0824
v -115.4959 -32.7501 -175.0572
v 0.0000 13.1647 -5.7843
v 7.0178 -32.9148 -170.1469
v 0.0000 19.3176 -6.0549
v -5.5443 -32.8301 -176.0104
v 0.0000 18.6863 -5.7333
v -44.4340 -32.5461 -214.3599
v 0.0000 16.7333 -3.6235
v -62.7188 -32.5735 -216.3144
v 0.0000 15.8157 -3.5176
v 41.1375 -33.2142 -228.9428
v 0.0000 21.0314 -2.8235
v 38.3684 -33.1135 -203.0494
v 0.0000 20.8902 -4.2471
v -247.2336 -32.9553 -132.6830
v 0.0000 6.5490 -8.1137
v -260.5824 -32.9700 -136.8648
v 0.0000 5.8784 -7.8824
v -69.1009 -32.6029 -226.7371
v 0.0000 15.4941 -2.9451
v -63.5780 -32.6408 -244.9631
v 0.0000 15.7725 -1.9412
v -245.3860 -32.8323 -68.4890
v 0.0000 6.6431 -11.6431
v -247.1361 -32.9629 -50.6721
v 0.0000 6.5529 -12.6196
v -21.4203 -32.5775 -289.3038
v 0.0000 17.8863 0.4902
v -2.7167 -32.7404 -288.0473
v 0.0000 18.8275 0.4235
v -17.9156 -32.7250 -188.0100
v 0.0000 18.0627 -5.0745
v -53.0494 -32.6468 -263.9216
v 0.0000 16.2980 -0.9020
v -38.4729 -32.5853 -281.1561
v 0.0000 17.0314 0.0431
v 15.8220 -32.9224 -281.7498
v 0.0000 19.7569 0.0745
v 29.7650 -33.0703 -273.0643
v 0.0000 20.4588 -0.3961
v -278.6266 -33.3226 -105.5356
v -32.0000 4.9725 -9.6078
v 68.7505 -32.9605 -130.2314
v 0.0000 22.4157 -8.2471
v 56.6280 -33.3141 -210.0336
v 0.0000 21.8078 -3.8627
v 62.4752 -33.3025 -188.0898
v 0.0000 22.1020 -5.0667
v 57.7177 -32.9017 -67.5186
v 0.0000 21.8627 -11.6941
v 44.1624 -33.0427 -62.8485
v 0.0000 21.1804 -11.9529
v 16.2662 -33.0748 -125.4411
v 0.0000 19.7804 -8.5137
v 18.7682 -33.0378 -143.4316
v 0.0000 19.9059 -7.5216
v -43.1708 -33.3424 -112.4192
v 0.0000 16.7961 -9.2275
v 20.5199 -33.0899 -93.7676
v 0.0000 19.9922 -10.2510
v 16.9468 -33.0895 -108.3721
v 0.0000 19.8157 -9.4510
v -199.3766 -33.0603 -103.1109
v 0.0000 8.9529 -9.7412
v -137.9655 -32.7118 -178.6947
v 0.0000 12.0353 -5.5843
v -163.3252 -32.8527 -172.3339
v 0.0000 10.7608 -5.9333
v -264.1071 -34.0000 33.4098
v -32.0000 5.7020 -17.2431
v -216.0107 -33.6598 -43.2484
v -32.0000 8.1176 -13.0314
v -323.7951 -33.5381 67.7714
v 0.0000 2.7059 -19.1333
v -310.1328 -33.5381 60.5997
v 0.0000 3.3922 -18.7373
v -281.6243 -33.1478 -152.4631
v 0.0000 4.8235 -7.0275
v -268.3908 -33.0903 -151.4449
v 0.0000 5.4863 -7.0824
v -212.8722 -33.3311 -15.6513
v 0.0000 8.2745 -14.5451
v -175.3122 -33.5674 -134.2054
v -32.0000 10.1608 -8.0314
v -325.4599 -33.5264 109.6275
v 0.0000 2.6196 -21.4314
v -343.7065 -33.5264 112.2619
v 0.0000 1.7059 -21.5765
v -349.9890 -33.6602 6.0291
v 0.0078 1.3882 -15.7373
v -336.7063 -33.6211 8.1353
v 0.0078 2.0549 -15.8549
v -324.0716 -33.6172 13.1579
v 0.0000 2.6902 -16.1294
v -314.8385 -33.6445 18.1804
v 0.0005 3.1529 -16.4078
v -310.4650 -33.6719 26.9294
v 0.0078 3.3725 -16.8863
v -311.4369 -33.6680 38.2706
v 0.0020 3.3255 -17.5098
v -317.7542 -33.6641 47.0195
v 0.0001 3.0078 -17.9922
v -328.9311 -33.6836 53.5002
v 0.0078 2.4471 -18.3490
v -341.5658 -33.6641 57.7127
v 0.0078 1.8118 -18.5804
v -354.6864 -33.7148 60.6290
v 0.0078 1.1529 -18.7412
v -360.1939 -33.6875 47.5056
v 0.0078 0.8784 -18.0196
v -357.4402 -33.7070 19.6385
v 0.0078 1.0157 -16.4863
v -354.4065 -33.6836 86.5640
v 8.0000 1.1686 -20.1647
v -350.8804 -33.6953 99.0551
v 512.0000 1.3451 -20.8510
v -340.0081 -33.6914 106.8437
v 2.0000 1.8902 -21.2784
v -291.6701 -33.7305 86.8578
v 128.0000 4.3176 -20.1804
v -289.4663 -33.6953 74.5137
v 128.0000 4.4275 -19.5020
v -299.6041 -33.6758 65.6964
v 128.0000 3.9176 -19.0196
v -334.7188 -33.6719 76.5710
v 0.0312 2.1569 -19.6157
v -284.5990 -33.6602 17.0859
v 32.0000 4.6745 -16.3451
v -273.9082 -33.6250 9.1471
v 2047.9999 5.2078 -15.9098
v -261.5974 -33.5781 6.8788
v 32.0000 5.8275 -15.7843
v -249.7726 -33.5820 8.1750
v 0.5000 6.4196 -15.8549
v -241.5115 -33.6328 14.1696
v 2.0000 6.8353 -16.1843
v -235.8421 -33.6602 25.8349
v 0.5000 7.1216 -16.8275
v -236.8140 -33.6914 38.4722
v 0.5000 7.0706 -17.5216
v -241.6735 -33.6719 48.6793
v 0.0005 6.8275 -18.0824
v -250.4206 -33.6680 57.1042
v 0.0078 6.3882 -18.5451
v -262.0833 -33.6680 60.9926
v 0.0020 5.8039 -18.7608
v -273.9082 -33.6562 58.5624
v 0.0000 5.2078 -18.6275
v -284.5990 -33.6758 48.6793
v 0.0078 4.6745 -18.0824
v -289.9445 -33.6914 37.6621
v 8.0000 4.4039 -17.4784
v -290.4305 -33.6758 27.1310
v 0.0312 4.3804 -16.8980
v -328.2834 -33.3984 -55.9286
v 0.1250 2.4784 -12.3333
v -314.1737 -33.2422 -68.5215
v 0.1250 3.1882 -11.6392
v -300.7151 -33.1875 -64.8305
v 0.0005 3.8627 -11.8431
v -284.0005 -33.0898 -63.9621
v 0.0000 4.7020 -11.8902
v -269.6737 -33.0742 -65.9161
v 128.0000 5.4235 -11.7843
v -261.8591 -33.0547 -62.0080
v 0.0312 5.8157 -12.0000
v -263.3786 -33.0625 -50.2836
v 0.0000 5.7373 -12.6431
v -268.5883 -33.2070 -35.5195
v 0.0020 5.4784 -13.4549
v -275.7517 -33.3516 -20.5383
v 0.0001 5.1176 -14.2784
v -285.5200 -33.4414 -8.8139
v 0.0020 4.6275 -14.9216
v -306.5761 -33.5273 -0.1291
v 0.1250 3.5686 -15.4000
v -315.4761 -33.5039 -5.9913
v 0.0001 3.1216 -15.0784
v -328.9347 -33.5039 -10.7679
v 0.0000 2.4471 -14.8157
v -342.8273 -33.5234 -12.5049
v 0.0000 1.7490 -14.7176
v -342.8273 -33.5117 -27.2689
v 0.1250 1.7490 -13.9098
v -296.5907 -33.5039 -1.2147
v 0.0020 4.0706 -15.3412
v -308.7229 -33.1523 -98.5777
v 0.0000 3.4627 -9.9882
v -307.0103 -33.1016 -86.1081
v 0.0000 3.5490 -10.6745
v -294.6371 -33.0352 -83.2856
v 0.5000 4.1686 -10.8275
v -262.9095 -32.8477 -86.2670
v 0.0000 5.7608 -10.6667
v -249.6898 -32.9062 -91.7385
v 0.0000 6.4275 -10.3647
v -241.4844 -32.9766 -100.6295
v 0.0000 6.8392 -9.8745
v -238.2935 -33.0195 -111.3443
v 0.0000 6.9961 -9.2863
v -241.7124 -33.0195 -121.3752
v 0.0000 6.8275 -8.7373
v -251.7411 -33.0664 -128.6703
v 0.0000 6.3216 -8.3333
v -262.9095 -33.0664 -130.9501
v 0.0000 5.7608 -8.2078
v -277.2690 -33.1406 -133.0019
v 0.0000 5.0392 -8.0980
v -291.1725 -33.1836 -132.0900
v 0.0000 4.3412 -8.1451
v -302.1129 -33.1602 -118.4115
v 0.0000 3.7922 -8.8980
v -248.4617 -33.5938 -210.9742
v 0.0000 6.4863 -3.8118
v -227.1724 -33.4961 -231.8051
v 32.0000 7.5569 -2.6667
v -216.3735 -33.4180 -235.5083
v 0.5000 8.0980 -2.4627
v -214.9851 -33.3359 -225.0157
v 32.0000 8.1686 -3.0392
v -216.0650 -33.3945 -209.7398
v 32.0000 8.1137 -3.8784
v -221.1559 -33.3320 -191.9950
v 0.0312 7.8588 -4.8549
v -226.7096 -33.3242 -176.7191
v 0.0312 7.5804 -5.6941
v -234.4231 -33.2578 -160.0544
v 0.0000 7.1922 -6.6078
v -242.9080 -33.2344 -153.8823
v 0.0000 6.7647 -6.9490
v -252.6269 -33.1992 -156.1969
v 0.0000 6.2784 -6.8196
v -264.9685 -33.2383 -158.3571
v 0.0000 5.6588 -6.7020
v -274.0704 -33.3242 -159.4373
v 0.0000 5.2000 -6.6431
v -274.8418 -33.3945 -169.7755
v 0.0000 5.1608 -6.0745
v -263.4258 -33.5547 -190.1434
v 0.0000 5.7373 -4.9569
v -235.0979 -33.0273 -76.1794
v 0.0020 7.1569 -11.2196
v -227.3844 -33.0156 -85.7462
v 0.0000 7.5451 -10.6941
v -216.7398 -33.0859 -88.6778
v 0.0000 8.0784 -10.5333
v -205.0153 -33.2109 -87.2892
v 0.0001 8.6706 -10.6078
v -194.6792 -33.2617 -81.7343
v 0.0000 9.1882 -10.9137
v -186.9657 -33.3477 -73.8649
v 0.0000 9.5765 -11.3451
v -186.5029 -33.3828 -62.1379
v 0.0000 9.6000 -11.9922
v -192.9822 -33.4102 -47.0163
v 0.0020 9.2745 -12.8235
v -226.4588 -33.4141 -20.0134
v 0.0005 7.5922 -14.3059
v -236.9491 -33.4141 -17.6988
v 128.0000 7.0667 -14.4353
v -246.8224 -33.3828 -18.9333
v 512.0000 6.5686 -14.3647
v -248.0565 -33.3242 -24.1795
v 8.0000 6.5059 -14.0784
v -244.0455 -33.2422 -35.7522
v 0.1250 6.7098 -13.4431
v -241.1144 -33.1406 -49.1765
v 0.0000 6.8549 -12.7020
v -238.9546 -33.0938 -63.6809
v 0.0078 6.9647 -11.9059
v -207.2420 -33.1836 -160.2294
v 0.0000 8.5569 -6.6000
v -195.3963 -33.1641 -166.8789
v 0.0000 9.1529 -6.2353
v -182.5836 -33.0977 -163.2519
v 0.0000 9.7961 -6.4353
v -165.1777 -33.0312 -164.9445
v 0.0000 10.6706 -6.3412
v -142.3324 -32.9961 -171.8358
v 0.0000 11.8157 -5.9608
v -133.8712 -33.0195 -166.0326
v 0.0020 12.2431 -6.2824
v -137.6183 -33.1445 -146.9304
v 0.0000 12.0549 -7.3294
v -141.9698 -33.2891 -130.4880
v 0.0078 11.8353 -8.2353
v -146.6839 -33.3750 -117.4308
v 0.0000 11.5961 -8.9529
v -154.9034 -33.4492 -105.4617
v 0.0005 11.1843 -9.6118
v -165.9030 -33.4297 -95.5480
v 0.0001 10.6314 -10.1569
v -176.1773 -33.3633 -95.1852
v 0.0020 10.1176 -10.1765
v -184.8802 -33.2734 -103.1646
v 0.0001 9.6784 -9.7373
v -195.3963 -33.2031 -109.3305
v 0.0001 9.1529 -9.3961
v -207.9673 -33.1953 -111.9903
v 128.0000 8.5216 -9.2510
v -215.4615 -33.1172 -118.6398
v 0.0005 8.1451 -8.8863
v -220.6591 -33.1250 -127.7073
v 0.0000 7.8824 -8.3882
v -217.6372 -33.1836 -142.9407
v 0.0000 8.0353 -7.5490
v -185.5486 -33.2891 -252.6369
v 0.5000 9.6471 -1.5216
v -182.7949 -33.1914 -237.2452
v 0.0000 9.7843 -2.3647
v -183.6048 -33.0938 -219.7474
v 0.0000 9.7451 -3.3294
v -187.6544 -33.0859 -202.4115
v 0.0020 9.5412 -4.2824
v -185.5486 -33.0352 -192.2044
v 0.0000 9.6471 -4.8431
v -176.3155 -32.9688 -190.0981
v 0.0000 10.1098 -4.9569
v -159.4693 -32.9180 -192.6904
v 0.0000 10.9569 -4.8157
v -136.6296 -32.7930 -199.4952
v 0.0000 12.1020 -4.4431
v -118.0015 -32.7812 -207.4340
v 0.0005 13.0392 -4.0039
v -103.2610 -32.8203 -214.5628
v 0.0020 13.7804 -3.6118
v -93.7040 -32.8711 -228.1722
v 0.0078 14.2588 -2.8667
v -87.8726 -32.8711 -244.8600
v 0.0000 14.5529 -1.9490
v -78.6396 -32.8633 -262.8440
v 0.0000 15.0157 -0.9608
v -68.9206 -32.9023 -276.2914
v 0.0078 15.5020 -0.2196
v -78.1536 -32.9531 -281.8000
v 0.5000 15.0392 0.0784
v -108.2825 -33.1445 -280.5039
v 0.5000 13.5255 0.0078
v -141.9751 -33.3008 -275.3193
v 0.5000 11.8353 -0.2745
v -172.4279 -33.3047 -265.2743
v 0.0020 10.3059 -0.8275
v -85.1376 -32.7695 -197.1447
v 0.0000 14.6902 -4.5725
v -68.5987 -32.7852 -201.8712
v 0.0000 15.5176 -4.3098
v -52.2567 -32.7812 -200.8865
v 0.0000 16.3412 -4.3647
v -39.2619 -32.8242 -193.4030
v 0.0078 16.9922 -4.7765
v -30.0079 -32.9102 -178.4361
v 0.0000 17.4549 -5.6000
v -19.3758 -33.0039 -166.0293
v 0.0000 17.9922 -6.2824
v -6.3809 -33.0977 -157.3642
v 0.0005 18.6431 -6.7569
v -0.4742 -33.1016 -145.9421
v 0.0000 18.9412 -7.3843
v -3.4276 -33.1680 -133.5353
v 0.0000 18.7922 -8.0667
v -9.1374 -33.2109 -126.8396
v 0.0000 18.5059 -8.4353
v -21.1478 -33.2266 -127.8242
v 0.0000 17.9020 -8.3804
v -33.5520 -33.3164 -123.6887
v 0.0000 17.2784 -8.6078
v -45.9562 -33.3711 -118.5684
v 0.0005 16.6549 -8.8902
v -58.9510 -33.3555 -117.9776
v 0.0000 16.0039 -8.9216
v -73.9148 -33.3125 -122.5070
v 0.0000 15.2510 -8.6745
v -89.8630 -33.2656 -129.0058
v 0.0000 14.4510 -8.3176
v -105.4175 -33.2031 -137.4739
v 0.0000 13.6706 -7.8510
v -111.7180 -33.0898 -152.0470
v 0.0000 13.3529 -7.0510
v -109.3553 -32.9062 -172.3312
v 0.0000 13.4706 -5.9333
v -100.4952 -32.8008 -188.4797
v 0.0000 13.9176 -5.0471
v -46.5161 -32.7891 -259.1740
v 0.0078 16.6275 -1.1608
v -56.3607 -32.7773 -243.2224
v 0.0020 16.1333 -2.0392
v -59.9047 -32.7852 -228.6493
v 8.0000 15.9569 -2.8392
v -24.8580 -32.7383 -211.9100
v 2.0000 17.7137 -3.7608
v -3.9875 -32.9492 -184.7332
v 32.0000 18.7647 -5.2510
v 6.2509 -33.0156 -179.2191
v 512.0000 19.2784 -5.5569
v 14.7172 -33.0391 -180.9915
v 8.0000 19.7020 -5.4588
v 22.7898 -33.0586 -190.8381
v 0.5000 20.1098 -4.9176
v 31.8468 -33.1445 -207.1836
v 0.0312 20.5647 -4.0196
v 33.2251 -33.2188 -229.6340
v 0.1250 20.6314 -2.7843
v 36.3753 -33.2266 -246.3733
v 32.0000 20.7922 -1.8667
v 32.8313 -33.1836 -257.9924
v 128.0000 20.6118 -1.2275
v 23.9711 -33.1250 -267.4452
v 2047.9999 20.1686 -0.7059
v 12.1576 -33.0000 -274.7317
v 0.0312 19.5725 -0.3059
v -3.7906 -32.8828 -281.2305
v 8.0000 18.7726 0.0471
v -19.1481 -32.7930 -281.2305
v 2047.9999 18.0039 0.0471
v -33.9150 -32.7734 -274.1409
v 32.0000 17.2588 -0.3373
v 23.0774 -33.1758 -140.1340
v 512.0000 20.1216 -7.7059
v 21.6414 -33.1875 -124.8140
v 2.0000 20.0510 -8.5451
v 22.3594 -33.1875 -110.4517
v 0.0078 20.0863 -9.3373
v 24.2740 -33.1914 -98.2436
v 0.1250 20.1843 -10.0078
v 28.3425 -33.2070 -86.5143
v 2.0000 20.3882 -10.6510
v 33.8469 -33.2188 -74.3062
v 32.0000 20.6627 -11.3216
v 44.3771 -33.1836 -68.8007
v 512.0000 21.1922 -11.6235
v 55.3860 -33.0547 -72.1518
v 0.1250 21.7451 -11.4392
v 62.8050 -33.2461 -156.6508
v 0.1250 22.1176 -6.7961
v 59.9331 -33.3438 -180.3488
v 0.0020 21.9725 -5.4941
v 55.3860 -33.3711 -200.4561
v 0.5000 21.7451 -4.3882
v 50.1209 -33.3203 -201.6529
v 0.5000 21.4824 -4.3216
v 44.6165 -33.2266 -181.5456
v 0.5000 21.2039 -5.4275
v 38.1547 -33.1797 -169.0981
v 0.5000 20.8784 -6.1137
v 28.5818 -33.1484 -154.4964
v 0.5000 20.4000 -6.9137
v -147.7366 -33.2688 -88.5209
v 295.2633 0.0000 0.0000
v 1.0000 1.0000 1.0000
v 161.2499 5.0000 69.7500
v 0.0000 0.0000 -0.5882
v 164.9999 5.0000 60.0000
v 0.0000 0.0000 -1.0039
v 63.9360 -37.9844 -17.1270
v 0.0000 1.0039 -0.6392
v 58.1249 -37.9750 24.8750
v 0.0000 1.0039 1.0000
v 56.5521 -37.9748 15.8171
v 0.0000 1.0039 0.6588
v 141.1183 5.0000 71.8309
v 0.0000 1.0039 -0.4078
v 62.7500 -37.2500 27.2500
v 0.0000 0.0000 1.0000
v 63.5450 -37.2074 20.2096
v 0.0000 0.0000 0.6588
v 69.5500 -30.2500 37.5500
v 0.0000 1.0039 1.0000
v 70.0620 -30.2422 29.2187
v 0.0000 1.0039 0.6118
v 120.7169 -3.2460 55.0455
v 0.0000 1.0039 -0.7804
v 76.3841 -29.5000 45.9830
v 0.0000 0.0000 1.0000
v 77.0340 -29.5125 37.1175
v 0.0000 0.0000 0.5608
v 83.3999 -20.2500 57.2500
v 0.0000 1.0039 1.0000
v 82.8185 -20.2541 46.5353
v 0.0000 1.0039 0.5098
v 106.3740 -10.7539 67.3240
v 0.0000 0.0000 0.2078
v 106.2908 -10.7539 60.8558
v 0.0000 0.0000 -0.0863
v 120.7499 -2.8500 91.2500
v 0.0000 1.0039 0.6902
v 118.2051 -2.8516 82.0623
v 0.0000 1.0039 0.3216
v 135.0000 -2.2500 96.0000
v 0.0000 0.0000 1.0000
v 133.8118 -2.2737 88.1677
v 0.0000 0.0000 0.5922
v 154.6377 5.0000 100.5140
v 0.0000 1.0039 0.6784
v 148.2311 5.0000 93.9517
v 0.0000 1.0039 0.3765
v 73.7810 -37.2926 -4.1024
v 0.0000 0.0000 -0.6941
v 79.3750 -37.2500 -7.2500
v 0.0000 0.0000 -1.0039
v 143.0540 5.0000 68.4256
v 0.0000 1.0039 -0.5333
v 71.8170 -38.3750 -23.0391
v 0.0000 1.0039 -1.0039
v 86.1976 -29.4759 13.3857
v 0.0000 0.0000 -0.7647
v 89.7500 -29.5000 10.1250
v 0.0000 0.0000 -1.0039
v 117.9944 -3.2537 58.9875
v 0.0000 1.0039 -0.5922
v 102.1141 -19.3750 29.4891
v 0.0000 0.0000 -1.0039
v 84.6249 -30.2500 0.2500
v 0.0000 1.0039 -1.0039
v 79.8543 -30.2556 2.4479
v 0.0000 1.0039 -0.7608
v 96.8568 -19.3490 31.2000
v 0.0000 0.0000 -0.7373
v 87.8749 -19.8500 24.3751
v 0.0000 1.0039 -0.5686
v 132.3588 -2.2439 64.9493
v 0.0000 0.0000 -0.7255
v 136.5000 -2.2500 61.5000
v 0.0000 0.0000 -1.0039
v 82.4775 -20.2514 39.4061
v 0.0000 1.0039 0.1843
v 101.0304 -11.3675 37.1163
v 0.0000 1.0039 -0.7529
v 97.0391 -11.3828 59.3209
v 0.0000 1.0039 0.1647
v 177.9999 5.0000 103.0000
v 0.0000 0.0000 1.0000
v 170.4999 5.0000 97.0000
v 0.0000 0.0000 0.6196
v 160.7499 5.0000 82.0000
v 0.0000 0.0000 -0.0980
v 160.2499 5.0000 76.0000
v 0.0000 0.0000 -0.3373
v 106.2987 -11.3750 33.4237
v 0.0000 1.0039 -1.0039
v 127.8780 -2.2289 71.2800
v 0.0000 0.0000 -0.3255
v 129.8780 -2.2289 67.7800
v 0.0000 0.0000 -0.5333
v 82.9775 -20.2514 32.4061
v 0.0000 1.0039 -0.1294
v 84.8749 -20.2500 27.3751
v 0.0000 1.0039 -0.3765
v 93.7884 -19.3567 33.9347
v 0.0000 0.0000 -0.5412
v 90.7884 -19.3567 37.4347
v 0.0000 0.0000 -0.3176
v 144.2174 5.0000 87.8526
v 0.0000 1.0039 0.1412
v 80.1249 -29.4999 18.6252
v 0.0000 0.0000 -0.3686
v 83.1249 -29.4999 15.6252
v 0.0000 0.0000 -0.5804
v 115.9944 -3.2537 64.4875
v 0.0000 1.0039 -0.3686
v 91.0798 -19.8475 22.1314
v 0.0000 1.0039 -0.7451
v 67.0003 -37.2599 2.0043
v 0.0000 0.0000 -0.2431
v 70.4000 -37.2000 -2.4000
v 0.0000 0.0000 -0.5098
v 146.9999 5.0000 64.0000
v 0.0000 1.0039 -0.7255
v 98.3741 -11.3745 40.7981
v 0.0000 1.0039 -0.5725
v 72.1204 -29.8516 13.9985
v 0.0000 1.0039 -0.1020
v 113.7467 -10.7264 48.0179
v 0.0000 0.0000 -0.7725
v 118.2500 -10.7500 45.6250
v 0.0000 0.0000 -1.0039
v 70.8876 -30.2500 20.1907
v 0.0000 1.0039 0.1882
v 116.8157 -2.8516 76.5036
v 0.0000 1.0039 0.0980
v 107.8310 -10.7695 56.0240
v 0.0000 0.0000 -0.3176
v 110.6541 -10.7695 51.6557
v 0.0000 0.0000 -0.5529
v 91.1250 -19.3750 64.6250
v 0.0000 0.0000 1.0000
v 90.3695 -19.3851 54.1843
v 0.0000 0.0000 0.4941
v 99.8749 -11.3750 73.8750
v 0.0000 1.0039 0.7451
v 98.2394 -11.3789 66.8081
v 0.0000 1.0039 0.4627
v 74.1052 -29.8516 9.0721
v 0.0000 1.0039 -0.3490
v 154.4027 5.0000 59.7660
v 0.0000 1.0039 -1.0039
v 141.2088 5.0000 81.5916
v 0.0000 1.0039 -0.0824
v 64.0946 -37.2601 13.8295
v 0.0000 0.0000 0.3490
v 64.8946 -37.2601 7.0295
v 0.0000 0.0000 0.0157
v 140.1183 5.0000 76.3309
v 0.0000 1.0039 -0.2549
v 115.5087 -3.2529 69.9676
v 0.0000 1.0039 -0.1529
v 77.1927 -29.5508 28.8510
v 0.0000 0.0000 0.1569
v 78.0007 -29.4830 23.2845
v 0.0000 0.0000 -0.1176
v 125.2499 -3.2500 51.3750
v 0.0000 1.0039 -1.0039
v 59.3059 -37.9844 -11.8062
v 0.0000 1.0039 -0.3804
v 56.7445 -38.3828 -5.5985
v 0.0000 1.0039 -0.1294
v 89.5522 -19.3937 47.5623
v 0.0000 0.0000 0.1725
v 89.5522 -19.3937 42.0623
v 0.0000 0.0000 -0.0863
v 55.7594 -38.3750 1.4959
v 0.0000 1.0039 0.1294
v 56.0024 -38.3742 8.8961
v 0.0000 1.0039 0.4039
v 76.8205 -30.2517 5.1244
v 0.0000 1.0039 -0.5725
v 110.2500 -10.7500 84.2500
v 0.0000 0.0000 1.0000
v 107.2709 -10.7617 73.0404
v 0.0000 0.0000 0.4706
v 96.2499 -19.8500 19.8750
v 0.0000 1.0039 -1.0039
v 131.1727 -2.2344 82.1395
v 0.0000 0.0000 0.2549
v 129.0114 -2.2344 77.1984
v 0.0000 0.0000 -0.0157
v 96.8741 -10.9745 46.2981
v 0.0000 1.0039 -0.3490
v 166.2499 5.0000 92.5000
v 0.0000 0.0000 0.3725
v 162.7499 5.0000 87.5000
v 0.0000 0.0000 0.1294
v 96.3056 -10.9805 52.1849
v 0.0000 1.0039 -0.1137
v 163.3194 5.0000 105.3592
v 0.0000 1.0039 1.0000
v 163.1255 5.0000 64.8733
v 0.0000 0.0000 -0.7961
v 126.6320 -2.9184 96.7433
v 0.0000 1.0039 1.0000
v 102.0436 -11.2643 79.9437
v 0.0000 1.0039 1.0000
v 108.7412 -10.7539 78.5025
v 0.0000 0.0000 0.7294
v 160.8035 5.0000 72.5404
v 0.0000 0.0000 -0.4784
v 77.8750 -37.8125 -16.0000
v 0.0000 0.4902 -1.0039
v 69.1300 -37.6394 -10.7297
v -0.0000 0.4980 -0.6000
v 65.2896 -37.5898 -7.0470
v -0.0000 0.4863 -0.4000
v 62.0477 -37.8203 -1.8744
v -0.0000 0.4824 -0.1647
v 60.3496 -37.8164 4.0703
v -0.0000 0.4980 0.0745
v 59.9637 -37.8164 11.0187
v -0.0000 0.5294 0.3569
v 60.1181 -37.5898 18.0443
v -0.0000 0.5333 0.6235
v 60.4375 -37.6125 27.0625
v 0.0000 0.4235 1.0000
v 72.4144 -29.7500 43.5565
v 0.0000 0.4118 1.0000
v 73.1495 -29.7539 32.8215
v -0.0000 0.5490 0.5373
v 73.9257 -29.7773 24.4806
v -0.0000 0.5098 0.1765
v 75.0609 -29.5430 18.4101
v -0.0000 0.5176 -0.0863
v 76.7516 -29.5508 13.0426
v -0.0000 0.5804 -0.3294
v 79.4727 -29.7508 9.3748
v -0.0000 0.5922 -0.5255
v 82.5259 -29.7408 6.9168
v -0.0000 0.5882 -0.6941
v 88.6875 -29.7500 3.1875
v 0.0000 0.5843 -1.0039
v 100.4320 -19.4875 22.6820
v 0.0000 0.5843 -1.0039
v 93.7183 -19.4733 26.1657
v -0.0000 0.5529 -0.6784
v 90.5816 -19.4784 28.6549
v -0.0000 0.5529 -0.5059
v 87.5816 -19.6784 31.9049
v -0.0000 0.5490 -0.3137
v 86.0149 -19.6976 36.7342
v -0.0000 0.5490 -0.0941
v 86.0373 -19.6992 43.1816
v -0.0000 0.5216 0.1804
v 86.3440 -19.6946 49.8598
v -0.0000 0.5490 0.4667
v 87.2624 -19.6875 62.1875
v 0.0000 0.4235 1.0000
v 114.0243 -11.0625 37.5243
v 0.0000 0.5137 -1.0039
v 107.1385 -11.0470 42.0671
v -0.0000 0.5333 -0.6824
v 104.2641 -11.0720 45.7269
v -0.0000 0.5333 -0.5020
v 102.0201 -10.8711 50.6320
v -0.0000 0.5412 -0.2902
v 101.1799 -10.8672 56.3041
v -0.0000 0.5176 -0.0667
v 101.3732 -11.0664 62.9890
v -0.0000 0.5412 0.1882
v 102.7902 -11.0703 70.1693
v -0.0000 0.4863 0.4745
v 104.1904 -11.0664 76.2616
v -0.0000 0.5098 0.7176
v 106.2908 -11.0078 83.1942
v 0.0000 0.4353 1.0000
v 132.1250 -2.8750 54.1875
v 0.0000 0.5373 -1.0039
v 126.2878 -2.8700 59.7474
v -0.0000 0.5255 -0.6706
v 123.6862 -2.8663 63.1337
v -0.0000 0.5255 -0.4941
v 121.6862 -2.8663 67.6337
v -0.0000 0.5294 -0.2902
v 128.2275 -2.2320 73.7392
v 0.0000 0.0000 -0.2000
v 121.6181 -2.8675 71.6034
v -0.0000 0.5255 -0.1255
v 122.8364 -2.6680 76.7352
v -0.0000 0.5098 0.0902
v 124.5345 -2.6680 82.1395
v -0.0000 0.5137 0.3255
v 127.6220 -2.6875 89.7827
v -0.0000 0.4784 0.6667
v 130.8160 -2.7092 97.1216
v 0.0000 0.5098 1.0000
v 159.7013 5.0000 59.8830
v 0.0000 0.5020 -1.0039
v 155.0627 5.0000 64.4367
v -0.0000 0.5020 -0.7686
v 152.1520 5.0000 69.0878
v -0.0000 0.5020 -0.5686
v 150.9609 5.0000 72.1856
v -0.0000 0.5020 -0.4510
v 150.1841 5.0000 76.1654
v -0.0000 0.5020 -0.3020
v 150.9794 5.0000 81.7958
v -0.0000 0.5020 -0.0980
v 153.6749 5.0000 87.5499
v -0.0000 0.4902 0.1294
v 157.0249 5.0000 93.0500
v -0.0000 0.5137 0.3608
v 162.7424 5.0000 98.6611
v -0.0000 0.4902 0.6510
v 170.6597 5.0000 104.1796
v 0.0000 0.5020 1.0000
v 0.0000 116.8797 -16.6914
v 41.1601 88.6409 0.0000
v 0.0000 1.0000 1.0000
v 1.0000 0.0000 0.0000
v 0.0000 0.0000 160.0616
v 22.9850 -47.2108 0.0000
v 2.0078 -0.4667 150.2656
v 24.0098 -53.2623 0.0000
v 2.0078 -0.2745 119.4756
v 22.3098 -0.5172 0.0000
v 0.0000 -0.3686 131.9926
v 21.3522 1.3217 0.0000
v 0.0000 -0.5294 122.6754
v 23.9670 -60.6098 0.0000
v 2.0078 0.2039 117.9622
v 23.6383 -61.4295 0.0000
v 2.0078 0.2863 75.1982
v 21.5620 -38.2015 0.0000
v 0.0000 0.4196 77.5735
v 22.4326 -26.7763 0.0000
v 0.0000 0.2706 142.5271
v 24.5809 -56.8759 0.0000
v 2.0078 -0.1294 136.8461
v 24.6984 -58.0515 0.0000
v 2.0078 -0.0314 101.1708
v 23.3260 -7.8235 0.0000
v 0.0000 -0.1176 109.2017
v 22.9677 -3.5656 0.0000
v 0.0000 -0.2314 155.1729
v 20.8717 -1.0158 0.0000
v 0.0000 -0.8275 167.6258
v 20.9470 -7.0012 0.0000
v 0.0000 -1.0039 174.5241
v 21.1440 -20.3115 0.0000
v 2.0078 -1.0039 173.4095
v 21.4284 -29.1985 0.0000
v 2.0078 -0.8549 -104.3085
v 25.4488 -48.4972 0.0000
v 2.0078 0.7804 -105.8006
v 24.9616 -54.1006 0.0000
v 2.0078 1.0000 -110.5494
v 24.9889 -54.6388 0.0000
v 0.0000 1.0000 -114.0860
v 24.9889 -50.0853 0.0000
v 0.0000 0.7804 90.2730
v 20.8244 -80.9461 0.0000
v 2.0078 0.8627 83.0948
v 20.4602 -84.9569 0.0000
v 2.0078 1.0000 75.9957
v 20.4602 -82.9547 0.0000
v 0.0000 1.0000 72.9305
v 20.4704 -77.3928 0.0000
v 0.0000 0.9176 72.4342
v 20.6371 -59.7576 0.0000
v 0.0000 0.6941 73.4851
v 20.9635 -49.1953 0.0000
v 0.0000 0.5608 112.0956
v 23.1148 -64.0318 0.0000
v 2.0078 0.3961 105.0757
v 22.3965 -68.4168 0.0000
v 2.0078 0.5333 83.3597
v 23.0272 -18.2859 0.0000
v 0.0000 0.1412 92.5568
v 23.3458 -12.7302 0.0000
v 0.0000 0.0039 131.7622
v 24.6007 -59.0295 0.0000
v 2.0078 0.0510 127.2754
v 24.2878 -59.8098 0.0000
v 2.0078 0.1255 141.4437
v 20.8667 1.9257 0.0000
v 0.0000 -0.6510 147.8292
v 20.8533 1.2948 0.0000
v 0.0000 -0.7294 171.0184
v 21.7605 -35.1669 0.0000
v 2.0078 -0.7451 166.9791
v 22.2353 -41.1790 0.0000
v 2.0078 -0.6235 -137.5748
v 21.1376 7.6601 0.0000
v 2.0078 -1.0039 -138.8512
v 21.1153 25.1550 0.0000
v 2.0078 -0.7176 -127.4619
v 22.5837 3.6566 0.0000
v 0.0000 -0.8039 -131.2619
v 21.9590 2.3687 0.0000
v 0.0000 -1.0039 -89.6817
v 21.1191 45.3638 0.0000
v 2.0078 0.6980 -89.2509
v 21.1289 26.9323 0.0000
v 2.0078 1.0000 -99.1566
v 22.2731 0.7800 0.0000
v 0.0000 1.0000 -104.3809
v 22.6572 1.0604 0.0000
v 0.0000 0.7412 -115.0803
v 22.8115 12.1581 0.0000
v 0.0000 -0.0431 -117.3346
v 22.8115 12.0131 0.0000
v 0.0000 -0.1529 -125.4022
v 21.2813 62.1747 0.0000
v 2.0078 -0.0392 -117.9522
v 21.5813 63.8747 0.0000
v 2.0078 0.0824 -107.2071
v 22.7918 3.3255 0.0000
v 0.0000 0.5647 -109.3769
v 22.8049 7.6688 0.0000
v 0.0000 0.3255 -96.4543
v 21.5696 58.2558 0.0000
v 2.0078 0.4549 -92.0349
v 21.2671 53.7570 0.0000
v 2.0078 0.5569 -135.0143
v 21.1137 52.0711 0.0000
v 2.0078 -0.2706 -131.0896
v 21.1254 58.2402 0.0000
v 2.0078 -0.1490 -119.3705
v 22.8091 11.0573 0.0000
v 0.0000 -0.2627 -121.1879
v 22.8043 9.2909 0.0000
v 0.0000 -0.3882 -123.1213
v 22.7994 7.3273 0.0000
v 0.0000 -0.5216 -125.1706
v 22.7944 5.1663 0.0000
v 0.0000 -0.6706 -138.7016
v 21.1079 35.4866 0.0000
v 2.0078 -0.5490 -137.5516
v 21.1079 44.4866 0.0000
v 2.0078 -0.4000 -110.3364
v 21.7287 63.6698 0.0000
v 2.0078 0.2078 -102.5548
v 21.7235 61.5601 0.0000
v 2.0078 0.3412 -111.3346
v 22.8115 10.4381 0.0000
v 0.0000 0.1608 -113.0803
v 22.8115 11.6331 0.0000
v 0.0000 0.0549 -123.7835
v 24.9783 -10.2162 0.0000
v 0.0000 -0.8039 -122.8835
v 24.9783 -5.0412 0.0000
v 0.0000 -1.0039 -113.6948
v 24.9962 -3.8521 0.0000
v 2.0078 -1.0039 -109.3423
v 24.9764 -8.3594 0.0000
v 2.0078 -0.7686 -123.0507
v 24.9954 -20.9640 0.0000
v 0.0000 -0.3882 -123.7392
v 24.9840 -14.9488 0.0000
v 0.0000 -0.6196 -107.1915
v 24.9698 -12.6368 0.0000
v 2.0078 -0.5843 -105.7915
v 24.9698 -18.1868 0.0000
v 2.0078 -0.3686 -120.0394
v 25.0011 -34.3800 0.0000
v 0.0000 0.1333 -121.8174
v 25.0011 -27.4411 0.0000
v 0.0000 -0.1373 -104.6714
v 25.1301 -24.4787 0.0000
v 2.0078 -0.1294 -103.8312
v 25.4508 -31.5125 0.0000
v 2.0078 0.1373 -116.2362
v 24.9920 -45.8880 0.0000
v 0.0000 0.6000 -118.1790
v 24.9980 -40.5290 0.0000
v 0.0000 0.3804 -103.5112
v 25.6112 -37.9294 0.0000
v 2.0078 0.3804 -103.7112
v 25.6112 -43.7294 0.0000
v 2.0078 0.6000 99.3408
v 21.7644 -72.8592 0.0000
v 2.0078 0.6549 94.8908
v 21.2187 -77.3592 0.0000
v 2.0078 0.7647 71.9087
v 20.4739 -72.9138 0.0000
v 0.0000 0.8627 71.9087
v 20.4739 -67.6638 0.0000
v 0.0000 0.7961 -108.1750
v 24.9753 -54.3697 0.0000
v 1.0039 -0.8000 -118.2891
v 24.9872 -4.4467 0.0000
v 1.0039 -1.0039 -134.4183
v 21.5483 5.0144 0.0000
v 1.0039 0.7451 -94.2038
v 21.7010 13.8562 0.0000
v 1.0039 1.0000 79.5453
v 20.4602 -83.9558 0.0000
v 1.0039 1.0000 81.6018
v 20.6474 -79.1694 0.0000
v 1.0039 -0.8902 171.0749
v 21.0455 -13.6563 0.0000
v 1.0039 -1.0039 0.0000
v 17.8365 23.0357 -10.5411
v 173.4610 0.0000 0.0000
v 1.0000 1.0000 1.0000
v 0.0000 -56.6768 21.4830
v -23.7672 0.0000 2.0078
v -0.7608 -56.4268 21.4830
v -28.5172 0.0000 2.0078
v -0.6392 -86.8054 21.5092
v -21.7368 0.0000 0.0000
v -0.5098 -77.3655 21.4891
v -19.1465 0.0000 0.0000
v -0.7176 -56.4090 21.4829
v -33.9484 0.0000 2.0078
v -0.5020 -56.6233 21.4828
v -40.0607 0.0000 2.0078
v -0.3451 -91.1313 21.9281
v -33.5080 0.0000 0.0000
v -0.2235 -91.3939 21.6555
v -26.5239 0.0000 0.0000
v -0.3686 -88.8672 21.4959
v -76.5746 0.0000 0.0000
v 0.7255 -92.6172 21.4959
v -70.8246 0.0000 0.0000
v 0.5765 -64.2822 21.4665
v -74.3586 0.0000 2.0078
v 0.5490 -67.5578 21.4665
v -79.9652 0.0000 2.0078
v 0.7137 -93.3691 21.6380
v -64.7122 0.0000 0.0000
v 0.4471 -91.1230 21.9222
v -58.2374 0.0000 0.0000
v 0.3020 -59.2955 21.4787
v -60.9415 0.0000 2.0078
v 0.1843 -61.5281 21.4705
v -68.0174 0.0000 2.0078
v 0.3725 -70.7447 21.4656
v -84.0529 0.0000 2.0078
v 0.8471 -75.3918 21.4630
v -87.9060 0.0000 2.0078
v 1.0000 -80.3918 21.4630
v -86.4060 0.0000 0.0000
v 1.0000 -85.3421 21.4877
v -81.1887 0.0000 0.0000
v 0.8471 -55.3956 15.6306
v 4.3486 0.0000 2.0078
v 0.0392 -56.1456 15.6306
v 0.3486 0.0000 2.0078
v 0.1529 -86.1230 17.7082
v 13.0523 0.0000 0.0000
v 0.0510 -84.7862 17.6978
v 16.0009 0.0000 0.0000
v -0.0745 -59.0757 16.1442
v -2.1904 0.0000 2.0078
v 0.2588 -64.1859 17.1714
v -3.2684 0.0000 2.0078
v 0.4039 -88.2219 17.7247
v 8.4227 0.0000 0.0000
v 0.2549 -87.2683 17.7172
v 10.5262 0.0000 0.0000
v 0.1608 -145.3007 17.3755
v 45.8903 0.0000 0.0000
v -0.6980 -146.5972 17.3991
v 38.0510 0.0000 0.0000
v -1.0039 -153.4523 16.2306
v 33.5985 0.0000 2.0078
v -1.0039 -155.2622 16.2308
v 46.4342 0.0000 2.0078
v -0.7137 -82.6008 17.6743
v 52.6375 0.0000 0.0000
v 0.2980 -83.4383 17.6743
v 55.8829 0.0000 0.0000
v 0.1373 -74.3567 16.0742
v 76.1512 0.0000 2.0078
v -0.1608 -69.0375 15.7799
v 66.1945 0.0000 2.0078
v 0.1843 -151.8618 10.9760
v 106.3450 0.0000 2.0078
v 0.8157 -143.3949 10.9828
v 103.9184 0.0000 2.0078
v 1.0000 -141.3202 11.8066
v 98.6869 0.0000 0.0000
v 1.0000 -143.3270 12.0963
v 95.2547 0.0000 0.0000
v 0.8549 -87.5968 11.1819
v 99.6474 0.0000 2.0078
v 0.7961 -87.5204 11.8111
v 95.1169 0.0000 2.0078
v 1.0000 -91.4999 12.6499
v 90.0966 0.0000 0.0000
v 1.0000 -96.7500 12.6499
v 87.8465 0.0000 0.0000
v 0.7294 -85.6793 17.6755
v 59.7609 0.0000 0.0000
v -0.0784 -89.3238 17.6779
v 64.2714 0.0000 0.0000
v -0.3608 -87.8793 16.2300
v 83.9172 0.0000 2.0078
v -0.6588 -80.6373 16.2242
v 82.0588 0.0000 2.0078
v -0.4275 -93.0022 17.4232
v 68.3270 0.0000 0.0000
v -0.6235 -98.5706 16.6558
v 73.7278 0.0000 0.0000
v -1.0039 -98.5003 15.6325
v 81.8466 0.0000 2.0078
v -1.0039 -93.2503 16.0828
v 84.0964 0.0000 2.0078
v -0.8275 -55.8049 10.9566
v 89.6589 0.0000 2.0078
v -0.4157 -49.4399 10.9556
v 84.0582 0.0000 2.0078
v -0.1686 -68.1019 12.1218
v 77.9083 0.0000 0.0000
v -0.4706 -70.2893 12.1218
v 79.9806 0.0000 0.0000
v -0.6078 -63.3938 12.1456
v 65.2281 0.0000 0.0000
v 0.1529 -64.2403 12.1400
v 67.9552 0.0000 0.0000
v 0.0196 -46.3801 10.9600
v 70.8918 0.0000 2.0078
v 0.2431 -48.1254 10.9698
v 65.1597 0.0000 2.0078
v 0.4196 -65.2497 12.1333
v 71.2071 0.0000 0.0000
v -0.1333 -66.4221 12.1256
v 74.9838 0.0000 0.0000
v -0.3137 -46.2574 10.9551
v 79.7579 0.0000 2.0078
v -0.0118 -45.7574 10.9551
v 75.7579 0.0000 2.0078
v 0.1020 -90.2500 22.0643
v -50.5000 0.0000 0.0000
v 0.1373 -90.7500 22.0643
v -41.5000 0.0000 0.0000
v -0.0510 -57.0926 21.4827
v -46.6885 0.0000 2.0078
v -0.1765 -57.8170 21.4827
v -53.8319 0.0000 2.0078
v 0.0000 -116.1339 11.1202
v 105.2188 0.0000 2.0078
v -0.5412 -111.2272 11.4165
v 106.1150 0.0000 2.0078
v -0.3216 -116.6501 12.6500
v 84.5966 0.0000 0.0000
v -0.3333 -120.9500 12.6500
v 88.7966 0.0000 0.0000
v -0.6196 -100.2500 12.6500
v 85.5965 0.0000 0.0000
v 0.5333 -103.7500 12.6500
v 82.5965 0.0000 0.0000
v 0.3137 -94.4860 11.4166
v 104.0867 0.0000 2.0078
v 0.4275 -89.9102 11.1203
v 102.1339 0.0000 2.0078
v 0.6471 -107.7500 12.6500
v 81.4465 0.0000 0.0000
v 0.1176 -112.2500 12.6500
v 82.1466 0.0000 0.0000
v -0.0941 -105.7739 11.5647
v 106.1881 0.0000 2.0078
v -0.0784 -99.7739 11.5647
v 105.4381 0.0000 2.0078
v 0.1843 -83.3678 17.6925
v 20.1002 0.0000 0.0000
v -0.2510 -81.8678 17.6925
v 25.3502 0.0000 0.0000
v -0.4706 -63.1204 16.0806
v 23.8182 0.0000 2.0078
v -0.5333 -57.7205 15.7806
v 12.1718 0.0000 2.0078
v -0.1804 -80.8026 17.6880
v 31.4828 0.0000 0.0000
v -0.7216 -80.1722 17.6788
v 38.4980 0.0000 0.0000
v 1.0000 -67.7385 16.2322
v 40.1975 0.0000 2.0078
v -1.0039 -66.4597 16.2311
v 33.1601 0.0000 2.0078
v -0.8078 -123.7323 12.4402
v 92.0071 0.0000 0.0000
v -0.8196 -125.6293 11.8110
v 95.3387 0.0000 0.0000
v -1.0039 -124.5872 10.9720
v 99.2706 0.0000 2.0078
v -1.0039 -120.0872 10.9720
v 103.3956 0.0000 2.0078
v -0.7333 -124.5582 17.3870
v 70.8537 0.0000 0.0000
v 0.6431 -127.0348 17.3870
v 70.5181 0.0000 0.0000
v 0.5451 -136.8970 16.0761
v 88.0568 0.0000 2.0078
v 0.4235 -127.6990 15.7805
v 86.4500 0.0000 2.0078
v 0.6314 -130.5992 17.3786
v 68.9596 0.0000 0.0000
v 0.3961 -135.2513 17.3617
v 66.1782 0.0000 0.0000
v 0.1882 -150.6112 15.7705
v 78.9922 0.0000 2.0078
v 0.0392 -144.5344 16.0727
v 85.5709 0.0000 2.0078
v 0.2431 -138.6285 17.3532
v 62.9278 0.0000 0.0000
v 0.0078 -140.7307 17.3532
v 59.2085 0.0000 0.0000
v -0.1529 -155.3115 15.6280
v 67.4603 0.0000 2.0078
v -0.2392 -154.2036 15.6223
v 72.9553 0.0000 2.0078
v -0.1137 -142.5535 17.3568
v 55.1375 0.0000 0.0000
v -0.3255 -144.0969 17.3640
v 50.7148 0.0000 0.0000
v -0.5059 -155.8655 16.0808
v 54.2128 0.0000 2.0078
v -0.5373 -155.8655 15.7808
v 61.2128 0.0000 2.0078
v -0.3804 -50.9980 10.9747
v 58.5436 0.0000 2.0078
v 0.6275 -56.9980 10.9747
v 47.2936 0.0000 2.0078
v 1.0000 -63.4705 12.1483
v 46.8645 0.0000 0.0000
v 1.0000 -63.0955 12.1483
v 59.6145 0.0000 0.0000
v 0.4118 -120.9500 15.6328
v 83.5465 0.0000 2.0078
v 0.7961 -114.5001 15.6328
v 77.2465 0.0000 2.0078
v 1.0000 -115.2731 17.3870
v 70.8503 0.0000 0.0000
v 1.0000 -121.3082 17.3870
v 70.9787 0.0000 0.0000
v 0.7686 -183.1612 10.9533
v 102.9057 0.0000 2.0078
v 0.1255 -180.1081 10.9519
v 105.7196 0.0000 2.0078
v 0.2118 -153.6114 12.2938
v 87.7178 0.0000 0.0000
v 0.3882 -155.3631 12.2938
v 85.0903 0.0000 0.0000
v 0.2745 -172.6072 10.9568
v 107.1334 0.0000 2.0078
v 0.3765 -160.6585 10.9681
v 107.1471 0.0000 2.0078
v 0.6275 -146.1809 12.3002
v 92.8409 0.0000 0.0000
v 0.7176 -150.5507 12.2959
v 90.3013 0.0000 0.0000
v 0.5333 -157.1131 12.2938
v 82.4653 0.0000 0.0000
v 0.1569 -158.8614 12.2938
v 79.8428 0.0000 0.0000
v 0.0431 -183.3615 11.4087
v 92.8605 0.0000 2.0078
v -0.0863 -184.2457 11.1056
v 98.6193 0.0000 2.0078
v 0.0314 -66.8779 15.7827
v 56.8412 0.0000 2.0078
v 0.4824 -67.8779 16.0827
v 48.0912 0.0000 2.0078
v 0.7569 -80.4383 17.6743
v 44.2579 0.0000 0.0000
v 0.7216 -81.6008 17.6743
v 48.7625 0.0000 0.0000
v 0.4941 -76.5532 17.7113
v -12.2961 0.0000 2.0078
v 0.8314 -81.9899 17.7904
v -15.2621 0.0000 2.0078
v 1.0000 -90.6861 17.7622
v -9.8419 0.0000 0.0000
v 1.0000 -90.3111 17.7622
v -1.5919 0.0000 0.0000
v 0.6667 -160.3327 12.2991
v 75.5157 0.0000 0.0000
v -0.1176 -161.5270 12.3097
v 69.4840 0.0000 0.0000
v -0.3451 -177.3017 11.1197
v 77.3757 0.0000 2.0078
v -0.4392 -181.0468 11.4134
v 85.7793 0.0000 2.0078
v -0.2431 -161.6241 12.3150
v 62.7182 0.0000 0.0000
v -0.5922 -160.1241 12.3150
v 51.4682 0.0000 0.0000
v -1.0039 -165.9291 10.9728
v 53.1739 0.0000 2.0078
v -1.0039 -173.0541 10.9728
v 68.1739 0.0000 2.0078
v -0.6549 -70.8956 21.4791
v -16.6014 0.0000 0.0000
v -0.8667 -65.6456 21.4791
v -12.8514 0.0000 0.0000
v -1.0039 -58.6038 21.4249
v -14.3900 0.0000 2.0078
v -1.0039 -57.2523 21.4685
v -19.6416 0.0000 2.0078
v -0.8667 -68.7410 17.6850
v -5.6824 0.0000 2.0078
v 0.5490 -72.7410 17.6850
v -9.4324 0.0000 2.0078
v 0.6980 -89.8142 17.7538
v 2.7113 0.0000 0.0000
v 0.4941 -89.0706 17.7369
v 5.8177 0.0000 0.0000
v 0.3647 -72.6643 12.1218
v 82.2306 0.0000 0.0000
v -0.7608 -76.5082 12.1218
v 85.8722 0.0000 0.0000
v -1.0039 -75.6824 10.9852
v 92.3278 0.0000 2.0078
v -1.0039 -77.8918 21.4630
v -87.1560 0.0000 1.0039
v 1.0000 -64.3486 10.9641
v 92.3013 0.0000 2.0078
v -0.6745 -147.5944 11.7002
v 100.7999 -0.0000 1.0039
v 0.8549 -153.4197 11.7982
v 99.9940 -0.0000 1.0039
v 0.6941 -161.5789 11.7904
v 98.7174 -0.0000 1.0039
v 0.4667 -166.8598 11.7869
v 96.7187 -0.0000 1.0039
v 0.3137 -169.2622 11.7876
v 93.9979 -0.0000 1.0039
v 0.2157 -170.6794 11.8638
v 90.5423 -0.0000 1.0039
v 0.1137 -171.1115 12.0153
v 86.3516 -0.0000 1.0039
v 0.0000 -170.6898 12.0203
v 80.6475 -0.0000 1.0039
v -0.1569 -169.4143 11.8787
v 73.4299 -0.0000 1.0039
v -0.3569 -167.3391 11.8079
v 65.4461 -0.0000 1.0000
v -0.5843 -162.5266 11.8079
v 50.8211 0.0000 0.7529
v -1.0039 -150.0247 16.9691
v 35.8248 0.0000 1.0000
v -1.0039 -150.2814 16.9574
v 46.1623 -0.0000 1.0000
v -0.7059 -149.9812 16.8767
v 52.4638 -0.0000 1.0000
v -0.5216 -149.2095 16.7231
v 58.1751 -0.0000 1.0000
v -0.3569 -148.0211 16.6448
v 63.3344 -0.0000 1.0039
v -0.2039 -146.4160 16.6420
v 67.9415 -0.0000 1.0039
v -0.0627 -142.9313 16.7203
v 72.5852 -0.0000 1.0039
v 0.1020 -137.5668 16.8799
v 77.2652 -0.0000 1.0039
v 0.3059 -126.1286 16.7380
v 78.6518 -0.0000 1.0039
v 0.6471 -131.9659 16.8858
v 79.2875 -0.0000 1.0039
v 0.4784 -121.1291 16.6641
v 77.2626 -0.0000 1.0000
v 0.7961 -114.8866 16.6641
v 74.0484 0.0000 0.9922
v 1.0000 -125.1082 11.3915
v 97.3047 0.0000 1.0039
v -1.0039 -121.9098 11.7061
v 97.7014 -0.0000 1.0039
v -0.8275 -118.5420 11.8851
v 97.0077 -0.0000 1.0039
v -0.6353 -113.9386 12.0332
v 95.3558 -0.0000 1.0039
v -0.3686 -109.0120 12.1073
v 94.1673 -0.0000 1.0039
v -0.0863 -103.7620 12.1073
v 93.4423 -0.0000 1.0039
v 0.2000 -99.1180 12.0333
v 93.3416 -0.0000 1.0039
v 0.4549 -95.0801 11.8851
v 93.8652 -0.0000 1.0039
v 0.6784 -92.1734 11.9159
v 93.7469 -0.0000 1.0039
v 0.8392 -89.5102 12.2305
v 92.6067 0.0000 1.0039
v 1.0000 -142.3576 11.3947
v 101.3027 0.0000 1.0039
v 1.0000 -69.0065 11.7948
v 87.2660 -0.0000 0.9529
v -0.7373 -76.0953 11.8053
v 89.1000 0.0000 0.9922
v -1.0039 -62.7971 11.7910
v 84.3197 -0.0000 0.9922
v -0.4824 -58.7709 11.7905
v 80.9833 -0.0000 1.0039
v -0.2902 -56.3397 11.7922
v 77.3709 -0.0000 1.0039
v -0.1333 -55.5036 11.7961
v 73.4825 -0.0000 1.0039
v 0.0118 -55.3102 11.8018
v 69.4235 -0.0000 1.0039
v 0.1608 -55.7596 11.8095
v 65.1939 -0.0000 1.0000
v 0.3137 -57.0468 11.8134
v 59.0790 -0.0000 1.0000
v 0.5451 -60.2343 11.8134
v 47.0790 0.0000 0.9922
v 1.0000 -98.5354 16.1442
v 77.7872 0.0000 1.0039
v -1.0039 -93.1262 16.7530
v 76.2117 -0.0000 1.0039
v -0.7804 -88.6015 16.9539
v 74.0943 -0.0000 1.0039
v -0.5843 -83.1583 16.9498
v 70.9098 -0.0000 1.0039
v -0.3373 -78.8975 16.8742
v 66.0171 -0.0000 1.0039
v -0.0784 -75.8192 16.7271
v 59.4160 -0.0000 1.0039
v 0.2039 -74.2393 16.7285
v 52.8019 -0.0000 1.0039
v 0.4706 -74.1581 16.8785
v 46.1745 -0.0000 1.0039
v 0.7294 -73.9554 16.9555
v 39.3477 -0.0000 1.0039
v -1.0039 -73.6311 16.9595
v 32.3215 -0.0000 1.0039
v -0.7608 -72.4941 16.8865
v 24.5842 -0.0000 1.0039
v -0.4902 -70.5442 16.7366
v 16.1360 -0.0000 1.0039
v -0.1922 -70.0909 16.6642
v 10.1748 -0.0000 1.0039
v 0.0078 -71.1343 16.6694
v 6.7005 -0.0000 1.0039
v 0.1333 -73.1720 16.9307
v 4.1679 -0.0000 1.0039
v 0.2471 -76.2039 17.4480
v 2.5771 -0.0000 1.0039
v 0.3686 -78.9058 17.7109
v 0.0676 -0.0000 1.0039
v 0.4941 -81.2776 17.7194
v -3.3605 -0.0000 1.0039
v 0.6392 -83.4321 17.7368
v -6.9440 -0.0000 1.0039
v 0.7804 -86.3380 17.7763
v -12.5520 0.0000 1.0039
v 1.0000 -62.1247 21.4520
v -13.6207 0.0000 1.0039
v -1.0039 -64.0740 21.4738
v -18.1215 -0.0000 1.0039
v -0.8784 -67.0212 21.4861
v -21.4569 -0.0000 1.0039
v -0.7647 -71.6161 21.4961
v -25.1270 -0.0000 1.0039
v -0.6118 -73.9015 21.5692
v -30.2362 -0.0000 1.0039
v -0.4706 -73.8773 21.7054
v -36.7843 -0.0000 1.0039
v -0.3020 -73.9213 21.7735
v -44.0943 -0.0000 1.0039
v -0.1137 -74.0335 21.7735
v -52.1659 -0.0000 1.0039
v 0.0902 -75.2093 21.7005
v -59.5894 -0.0000 1.0039
v 0.2824 -77.4486 21.5543
v -66.3648 -0.0000 1.0039
v 0.4627 -78.4497 21.4812
v -72.5916 -0.0000 1.0039
v 0.6275 -78.2125 21.4812
v -78.2699 -0.0000 1.0039
v 0.7725 -78.0434 21.4766
v -82.6208 -0.0000 1.0039
v 0.8824 -73.9554 16.9555
v 39.3477 -0.0000 1.0039
v 1.0000 -73.9554 16.9555
v 39.3477 -0.0000 1.0039
v 1.0000 -67.7385 16.2322
v 40.1975 0.0000 2.0078
v 1.0000 -67.7385 16.2322
v 40.1975 0.0000 2.0078
v 1.0000 -73.9554 16.9555
v 39.3477 -0.0000 1.0039
v 1.0000 -80.1722 17.6788
v 38.4980 0.0000 0.0000
v -1.0039 -80.1722 17.6788
v 38.4980 0.0000 0.0000
v -1.0039 0.0000 0.0000
v -115.0015 16.5081 9.6205
v 119.6084 0.0000 0.0000
v 1.0000 1.0000 1.0000
v 0.0000 16.6548 4.4453
v -128.4959 0.0000 0.4118
v -0.7529 8.8160 4.4450
v -139.6500 0.0000 0.2078
v -0.7529 26.4149 -5.4727
v -89.6596 0.0000 1.0118
v -0.7529 -9.3677 5.2119
v -144.9116 0.0000 0.2078
v 0.0235 -9.4428 5.0000
v -120.6437 -0.0000 0.5137
v -0.0392 -22.4839 -21.8452
v 134.6366 0.0000 4.4627
v 0.7490 21.5348 3.2539
v -120.2193 0.0000 0.5216
v -0.7529 -9.5247 5.0000
v -129.9767 -0.0000 0.4078
v -0.0353 -36.8135 7.0000
v -120.2193 0.0000 0.6078
v 0.7490 -27.7859 -3.7891
v 38.5299 0.0000 2.9843
v 0.7490 24.9297 -1.4297
v -108.1227 0.0000 0.7294
v 0.0157 75.0403 -11.5877
v 106.2803 0.0000 3.9373
v -0.7529 71.7860 -10.0285
v 92.3133 0.0000 3.7294
v -0.7529 75.8637 -25.9237
v 141.1925 0.0000 4.4824
v -0.7529 51.6545 -5.1757
v 45.5453 0.0000 3.0000
v -0.7529 -26.8945 6.4450
v -143.9000 0.0000 0.2078
v 0.7490 -21.1568 -35.6566
v 152.5593 0.0000 4.7961
v 0.7490 -25.1438 -1.7070
v -8.5914 0.0000 2.3020
v 0.7490 -34.0552 8.0000
v -130.1937 0.0000 0.4824
v 0.7490 28.3264 -7.3555
v -67.7276 0.0000 1.3373
v -0.7529 -31.5046 -2.0195
v -71.2128 0.0000 1.3569
v 0.0000 -37.8744 2.6523
v -108.7594 0.0000 0.8039
v -0.0314 76.5067 -14.6085
v 118.8496 0.0000 4.1216
v 0.0039 34.3429 -5.5908
v -4.0691 0.0000 2.2471
v -0.7529 -25.1438 -1.3281
v -30.0257 0.0000 1.9765
v 0.7490 63.4067 -6.8490
v 69.3343 0.0000 3.3765
v 0.0039 -35.5405 -1.4141
v -91.7818 0.0000 1.0510
v 0.0078 75.3815 -39.6976
v 157.9496 0.0000 4.7961
v -0.7529 26.4972 -39.7615
v 156.0343 0.0000 4.7961
v 0.0000 -26.5250 -3.0156
v 15.1974 0.0000 2.6392
v 0.7490 -27.0752 -5.6194
v 86.1227 0.0000 3.7020
v 0.7490 -25.4889 -7.0906
v 98.5512 0.0000 3.8863
v -0.0157 31.0827 -6.1602
v -45.0933 0.0000 1.6549
v -0.0039 -24.2533 -10.1800
v 110.7397 0.0000 4.0706
v -0.0431 32.1436 -5.3906
v -26.6301 0.0000 1.8941
v -0.7529 40.0208 -5.9919
v 21.3789 0.0000 2.6196
v -0.7529 -28.4164 -4.4336
v 64.0695 0.0000 3.3451
v 0.7490 -26.6291 -1.3516
v -48.2766 0.0000 1.7137
v 0.7490 0.0000 0.0000
v 0.0000 0.0000 19.3162
v -15.8808 6.5190 161.8703
v 0.0000 0.0000 1.0000
v 1.0000 1.0000 0.0000
v 0.0000 0.0000 -28.9639
v -16.7115 50.8967 0.0000
v 0.0000 0.6235 -27.1250
v -17.2769 60.8750 0.0000
v 0.0000 1.0000 -18.7500
v -18.2216 63.0500 0.0000
v 1.0039 1.0000 -17.9756
v -17.5242 50.3539 0.0000
v 1.0039 0.6000 -42.7750
v -9.0837 71.4500 0.0000
v 0.0000 1.0000 -34.9750
v -9.4343 63.3250 0.0000
v 1.0039 1.0000 -36.9230
v -8.9397 52.2886 0.0000
v 1.0039 0.5765 -46.2881
v -8.5919 62.2007 0.0000
v 0.0000 0.6039 -81.8757
v 10.6277 116.8923 0.0000
v 1.0039 0.3882 -84.1759
v 10.6236 112.9481 0.0000
v 1.0039 0.2157 -92.3750
v 11.0000 126.8750 0.0000
v 0.0000 0.2471 -89.6250
v 11.0000 130.6250 0.0000
v 0.0000 0.4353 -61.1338
v -1.8075 86.0736 0.0000
v 0.0000 0.5647 -57.2500
v -2.9388 96.5000 0.0000
v 0.0000 1.0000 -48.8249
v -2.2702 81.3500 0.0000
v 1.0039 1.0000 -54.1107
v -1.4706 72.7157 0.0000
v 1.0039 0.6039 -102.0101
v 10.8398 100.6844 0.0000
v 1.0039 -0.6353 -111.6250
v 10.7231 100.1250 0.0000
v 1.0039 -1.0039 -117.5000
v 11.0000 109.5000 0.0000
v 0.0000 -1.0039 -109.6250
v 11.0000 112.3125 0.0000
v 0.0000 -0.6667 26.3560
v -36.4290 61.6895 0.0000
v 0.0000 0.7451 23.1307
v -36.5113 69.8252 0.0000
v 0.0000 1.0000 29.7034
v -36.3789 78.5764 0.0000
v 1.0039 1.0000 41.9037
v -36.3765 68.7846 0.0000
v 1.0039 0.6863 -66.2128
v 4.6200 96.2878 0.0000
v 1.0039 -0.5412 -73.5478
v 5.3921 112.5183 0.0000
v 0.0000 -0.6627 -69.9500
v 5.3750 120.6500 0.0000
v 0.0000 -1.0039 -61.4500
v 3.6250 108.2000 0.0000
v 1.0039 -1.0039 21.7454
v -36.0127 8.9316 0.0000
v 1.0039 -0.8078 12.6204
v -36.0460 5.3066 0.0000
v 1.0039 -1.0039 8.1460
v -36.0037 8.6912 0.0000
v 0.0000 -1.0039 13.5210
v -35.8448 14.5662 0.0000
v 0.0000 -0.7725 29.0359
v -36.0574 40.8990 0.0000
v 0.0000 0.1255 29.6881
v -36.1633 46.2858 0.0000
v 0.0000 0.2824 50.3619
v -36.2130 39.9301 0.0000
v 1.0039 0.0667 48.1836
v -36.1463 33.5088 0.0000
v 1.0039 -0.0667 24.9598
v -35.7525 29.2056 0.0000
v 0.0000 -0.2314 27.4598
v -35.9205 35.2056 0.0000
v 0.0000 -0.0392 44.8444
v -36.0911 27.5482 0.0000
v 1.0039 -0.2039 40.3444
v -36.0475 22.0482 0.0000
v 1.0039 -0.3451 18.0370
v -35.7610 19.0698 0.0000
v 0.0000 -0.5882 21.8189
v -35.6993 23.8270 0.0000
v 0.0000 -0.4118 34.9759
v -36.0196 17.0503 0.0000
v 1.0039 -0.4941 28.7389
v -36.0077 12.5545 0.0000
v 1.0039 -0.6471 -19.1158
v -24.7257 15.9619 0.0000
v 0.0000 -0.5725 -14.5807
v -25.5794 10.5011 0.0000
v 1.0039 -0.6706 -30.6250
v -25.9249 6.1250 0.0000
v 1.0039 -1.0039 -32.4072
v -25.3400 7.5385 0.0000
v 0.0000 -1.0039 -0.5659
v -25.2595 17.5015 0.0000
v 1.0039 -0.3529 -5.5659
v -25.3960 14.2515 0.0000
v 1.0039 -0.4745 -12.6527
v -24.4671 21.9234 0.0000
v 0.0000 -0.3333 -9.0873
v -24.3595 26.2307 0.0000
v 0.0000 -0.1804 9.4705
v -25.1885 30.7233 0.0000
v 1.0039 -0.0196 4.4462
v -25.1904 22.9921 0.0000
v 1.0039 -0.2039 -6.9959
v -24.4281 31.0170 0.0000
v 0.0000 -0.0392 -4.8786
v -24.6729 35.7823 0.0000
v 0.0000 0.1020 13.0429
v -25.7478 48.0498 0.0000
v 1.0039 0.3333 12.3360
v -25.3743 39.0758 0.0000
v 1.0039 0.1529 -4.0070
v -24.9333 41.8580 0.0000
v 0.0000 0.2706 -4.3811
v -25.2091 47.7442 0.0000
v 0.0000 0.4314 -12.7500
v -25.9942 66.7500 0.0000
v 0.0000 1.0000 -0.8750
v -26.5000 78.0000 0.0000
v 1.0039 1.0000 9.8285
v -26.0759 58.9026 0.0000
v 1.0039 0.5608 -6.3636
v -25.5088 54.3279 0.0000
v 0.0000 0.6196 -30.5991
v -16.2642 41.1236 0.0000
v 0.0000 0.2549 -29.9176
v -16.4368 45.4216 0.0000
v 0.0000 0.4157 -17.7843
v -17.1548 43.8438 0.0000
v 1.0039 0.3922 -17.9178
v -16.8808 39.2878 0.0000
v 1.0039 0.2510 -32.8148
v -15.9934 32.9746 0.0000
v 0.0000 -0.0549 -31.5648
v -16.1164 36.9746 0.0000
v 0.0000 0.0941 -18.7346
v -16.6085 34.7598 0.0000
v 1.0039 0.1059 -20.2346
v -16.3377 30.2598 0.0000
v 1.0039 -0.0431 -38.2024
v -16.1027 26.6850 0.0000
v 0.0000 -0.3686 -35.0274
v -15.9889 29.5448 0.0000
v 0.0000 -0.2078 -22.5590
v -16.3096 25.9162 0.0000
v 1.0039 -0.1961 -25.7076
v -16.5240 21.7290 0.0000
v 1.0039 -0.3608 -50.7512
v -8.3689 52.9045 0.0000
v 0.0000 0.1922 -48.6676
v -8.4083 56.9355 0.0000
v 0.0000 0.3725 -37.9825
v -8.7010 46.5500 0.0000
v 1.0039 0.3569 -38.8027
v -8.5531 42.4307 0.0000
v 1.0039 0.2000 -56.2930
v -8.4159 46.0140 0.0000
v 0.0000 -0.1608 -53.2930
v -8.3715 49.2640 0.0000
v 0.0000 0.0118 -39.9629
v -8.4580 38.8710 0.0000
v 1.0039 0.0588 -41.4629
v -8.4157 35.8710 0.0000
v 1.0039 -0.0627 -63.0620
v -8.5715 41.7576 0.0000
v 0.0000 -0.4824 -59.5493
v -8.4826 43.5119 0.0000
v 0.0000 -0.3216 -43.7174
v -8.4521 33.0755 0.0000
v 1.0039 -0.1961 -46.7263
v -8.5673 30.4846 0.0000
v 1.0039 -0.3490 -75.8750
v -8.9487 39.1250 0.0000
v 0.0000 -1.0039 -67.8325
v -8.6991 40.6916 0.0000
v 0.0000 -0.6745 -51.7464
v -8.8799 27.5645 0.0000
v 1.0039 -0.5647 -62.2931
v -9.6452 22.6907 0.0000
v 1.0039 -1.0039 -92.1483
v -1.6614 69.3969 0.0000
v 0.0000 -1.0039 -84.3819
v -0.7573 68.2686 0.0000
v 0.0000 -0.6980 -75.6150
v -1.2318 51.4412 0.0000
v 1.0039 -0.6314 -85.1250
v -1.7551 50.8750 0.0000
v 1.0039 -1.0039 -65.9382
v -0.7049 75.3548 0.0000
v 0.0000 0.1059 -63.5984
v -1.1886 79.4059 0.0000
v 0.0000 0.2902 -56.8806
v -1.1214 67.7919 0.0000
v 1.0039 0.3843 -58.8965
v -0.9560 63.7006 0.0000
v 1.0039 0.2078 -71.6081
v -0.1155 70.3292 0.0000
v 0.0000 -0.1882 -68.6081
v -0.3472 72.3292 0.0000
v 0.0000 -0.0471 -61.2795
v -0.8954 60.0300 0.0000
v 1.0039 0.0353 -64.0295
v -0.9398 56.7800 0.0000
v 1.0039 -0.1255 -78.8719
v -0.3418 68.3767 0.0000
v 0.0000 -0.4824 -75.0294
v -0.1137 69.0117 0.0000
v 0.0000 -0.3294 -67.1647
v -0.9858 54.2737 0.0000
v 1.0039 -0.2824 -70.6849
v -1.0335 52.5112 0.0000
v 1.0039 -0.4353 -78.3878
v 5.3712 104.1943 0.0000
v 0.0000 -0.2980 -75.9606
v 5.3889 107.9366 0.0000
v 0.0000 -0.4667 -68.9364
v 5.2058 90.3542 0.0000
v 1.0039 -0.3059 -71.2083
v 5.7141 86.4283 0.0000
v 1.0039 -0.1451 -84.8514
v 5.7196 97.0731 0.0000
v 0.0000 0.0667 -81.3514
v 5.4814 100.5731 0.0000
v 0.0000 -0.1176 -73.8443
v 5.9992 83.3403 0.0000
v 1.0039 0.0000 -76.8443
v 6.0609 81.0903 0.0000
v 1.0039 0.1333 -92.4758
v 5.9034 92.5466 0.0000
v 0.0000 0.4078 -88.5596
v 5.8603 94.3976 0.0000
v 0.0000 0.2431 -80.2378
v 6.0087 79.5250 0.0000
v 1.0039 0.2667 -84.0248
v 5.8424 78.6444 0.0000
v 1.0039 0.4039 -89.5734
v 5.5043 78.4726 0.0000
v 1.0039 0.6039 -100.5384
v 4.7397 79.2780 0.0000
v 1.0039 1.0000 -107.8750
v 5.6085 90.8750 0.0000
v 0.0000 1.0000 -97.7942
v 5.8458 91.4346 0.0000
v 0.0000 0.6157 -30.7992
v -16.8841 16.9189 0.0000
v 1.0039 -0.5843 -41.3508
v -17.6427 8.7693 0.0000
v 1.0039 -1.0039 -53.0419
v -17.0310 18.1701 0.0000
v 0.0000 -1.0039 -43.1029
v -16.3774 23.4839 0.0000
v 0.0000 -0.5843 -86.5625
v 11.0000 135.5000 0.0000
v 0.0000 0.6667 -83.0000
v 11.0000 143.0000 0.0000
v 0.0000 1.0000 -75.3500
v 10.6250 131.5500 0.0000
v 1.0039 1.0000 -79.3817
v 10.6286 122.0358 0.0000
v 1.0039 0.6078 -93.1958
v 10.7529 103.5747 0.0000
v 1.0039 -0.2824 -96.9354
v 10.8368 101.7721 0.0000
v 1.0039 -0.4392 -105.3125
v 11.0000 114.4375 0.0000
v 0.0000 -0.4745 -101.9375
v 11.0000 116.8125 0.0000
v 0.0000 -0.3098 -86.8260
v 10.6439 109.3509 0.0000
v 1.0039 0.0431 -89.8260
v 10.6886 106.1009 0.0000
v 1.0039 -0.1216 -98.6250
v 11.0000 119.7500 0.0000
v 0.0000 -0.1294 -95.3750
v 11.0000 123.2500 0.0000
v 0.0000 0.0588 50.1642
v -36.2786 48.6941 0.0000
v 1.0039 0.2431 29.4517
v -36.2626 51.4372 0.0000
v 0.0000 0.4353 28.3268
v -36.3552 56.3530 0.0000
v 0.0000 0.5804 47.5906
v -36.3433 59.8007 0.0000
v 0.5137 -1.0039 -105.5676
v 10.9199 105.7484 -0.0000
v 0.5569 -0.6157 -100.8739
v 10.9184 107.3548 -0.0000
v 0.5529 -0.4392 -97.3167
v 10.8764 109.4436 -0.0000
v 0.5490 -0.2941 -93.9755
v 10.8443 112.1755 -0.0000
v 0.5490 -0.1412 -90.8505
v 10.8220 115.5505 -0.0000
v 0.5490 0.0196 -88.0255
v 10.8118 119.1615 -0.0000
v 0.5490 0.1804 -85.5004
v 10.8139 123.0086 -0.0000
v 0.5529 0.3451 -82.7221
v 10.8143 128.0179 -0.0000
v 0.5922 1.0000 -92.9338
v 5.6751 83.4536 -0.0000
v 0.6118 0.5843 -87.5003
v 5.8729 84.0955 -0.0000
v 0.6039 0.3961 -83.6487
v 5.9345 85.4613 -0.0000
v 0.6000 0.2549 -80.0979
v 5.8903 87.5817 -0.0000
v 0.5961 0.1137 -76.8479
v 5.7403 90.4567 -0.0000
v 0.5922 -0.0314 -74.0481
v 5.5426 93.8113 -0.0000
v 0.5882 -0.1804 -71.6985
v 5.2974 97.6454 -0.0000
v 0.5922 -0.3373 -69.1303
v 5.0060 102.9031 -0.0000
v 0.4941 -1.0039 -79.2485
v -1.2446 58.6049 -0.0000
v 0.5804 -0.5686 -74.0284
v -0.9377 58.9439 -0.0000
v 0.5961 -0.3961 -70.3470
v -0.7997 60.1427 -0.0000
v 0.6039 -0.2706 -67.0688
v -0.7776 62.0546 -0.0000
v 0.6118 -0.1451 -64.1938
v -0.8713 64.6796 -0.0000
v 0.6196 -0.0157 -61.6674
v -1.0804 68.0277 -0.0000
v 0.6235 0.1176 -59.4895
v -1.4050 72.0989 -0.0000
v 0.6275 0.2706 -56.8722
v -1.8891 77.8947 -0.0000
v 0.5020 -1.0039 -59.2895
v -9.5395 33.6281 -0.0000
v 0.5373 -0.5176 -54.3942
v -9.3194 35.6211 -0.0000
v 0.5373 -0.3333 -51.1333
v -9.2174 37.7937 -0.0000
v 0.5373 -0.1961 -48.3779
v -9.1658 40.4425 -0.0000
v 0.5412 -0.0588 -46.1279
v -9.1647 43.5675 -0.0000
v 0.5451 0.0706 -44.2770
v -9.2110 47.1676 -0.0000
v 0.5451 0.2157 -42.8250
v -9.3046 51.2428 -0.0000
v 0.5490 0.3647 -41.1056
v -9.5158 56.7447 -0.0000
v 0.4706 1.0000 -49.1963
v -17.0868 11.2197 0.0000
v 0.4941 -1.0039 -36.9511
v -16.3808 19.9514 -0.0000
v 0.5098 -0.5255 -31.9550
v -16.0634 23.9570 -0.0000
v 0.5098 -0.3176 -28.7932
v -15.8992 27.4805 -0.0000
v 0.5059 -0.1686 -26.5247
v -15.9156 31.3672 -0.0000
v 0.5059 -0.0235 -25.1497
v -16.1124 35.6172 -0.0000
v 0.5059 0.1137 -24.2585
v -16.3225 39.9557 -0.0000
v 0.5020 0.2549 -23.8510
v -16.5458 44.3827 -0.0000
v 0.5020 0.3961 -23.4698
v -16.8679 50.3753 -0.0000
v 0.5020 0.5882 -22.9375
v -17.4993 63.2125 0.0000
v 0.5333 1.0000 -21.8528
v -25.7522 8.3131 0.0000
v 1.0039 -0.8235 -25.0115
v -25.0329 11.7502 0.0000
v 0.0000 -0.7725 -31.5161
v -26.3825 6.8317 0.0000
v 0.4275 -0.8078 -17.8483
v -25.9026 13.7315 -0.0000
v 0.3804 -0.6471 -10.1093
v -25.6816 18.5875 -0.0000
v 0.4118 -0.4314 -6.0766
v -25.5595 22.3661 -0.0000
v 0.4078 -0.3020 -2.5248
v -25.5592 27.5046 -0.0000
v 0.4118 -0.1569 0.5460
v -25.6807 34.0028 -0.0000
v 0.3804 0.0078 2.1645
v -25.9038 40.9669 -0.0000
v 0.3804 0.1725 2.3309
v -26.2285 48.3970 -0.0000
v 0.3882 0.3490 -0.2676
v -26.5424 57.1152 -0.0000
v 0.5098 1.0000 9.6332
v -36.2748 7.2489 0.0000
v 0.4275 -0.7961 22.6379
v -36.1343 16.0622 -0.0000
v 0.4392 -0.6275 27.6474
v -36.1095 20.6886 -0.0000
v 0.4510 -0.4627 31.9021
v -36.1500 25.8769 -0.0000
v 0.4549 -0.3020 35.4021
v -36.2558 31.6269 -0.0000
v 0.4588 -0.1412 37.8597
v -36.3519 37.4539 -0.0000
v 0.4627 0.0039 39.2750
v -36.4381 43.3580 -0.0000
v 0.4667 0.1490 39.0580
v -36.5206 50.3156 -0.0000
v 0.4627 0.3176 37.7087
v -36.5993 58.3269 -0.0000
v 0.4902 0.5098 34.3799
v -36.6527 65.4871 -0.0000
v 0.4784 1.0000 0.0000
v -33.5691 -12.8476 74.1533
v 108.5554 0.0000 0.0000
v 1.0000 1.0000 1.0000
v 118.9737 16.4965 -45.9180
v 0.0000 1.0039 -1.0039
v -59.2567 12.6809 -147.6681
v 0.0000 0.0000 -0.4196
v -83.6825 10.1153 -110.2891
v 0.0000 2.0078 -0.2667
v 151.7268 16.4930 -45.3709
v -0.1250 1.0039 0.3686
v 113.2647 35.6234 -112.0798
v 0.0000 2.0078 0.8078
v 121.0875 35.6234 -114.3153
v 0.0000 2.0078 1.0000
v 121.7597 38.1548 -117.7048
v 0.0000 0.0000 1.0000
v 114.9285 38.1548 -119.4188
v 0.0000 0.0000 0.8000
v -142.7379 5.0141 -140.7069
v 0.0000 2.0078 0.5333
v -124.5071 5.0262 -132.3715
v 0.0000 2.0078 1.0000
v -116.7577 7.5624 -138.7965
v 0.0000 0.0000 1.0000
v -121.3255 7.5624 -152.2950
v 0.0000 0.0000 0.5451
v 70.0515 11.3921 -26.7397
v -0.1250 1.0039 -0.2588
v 73.1858 43.2685 -177.5178
v 0.0000 0.0000 -1.0039
v 45.9196 40.7185 -183.8402
v 0.0000 2.0078 -1.0039
v -109.6682 15.8560 -201.2521
v 0.0000 1.0039 -1.0039
v 68.4058 41.9838 -157.4369
v -0.0000 1.0039 -0.0627
v 227.4374 10.1185 -15.1870
v 0.0000 2.0078 1.0000
v 219.5624 12.6685 -42.5620
v 0.0000 0.0000 1.0000
v 106.9439 31.7969 -102.9816
v -0.1250 1.0039 -0.6157
v -61.1966 20.3185 -202.2839
v 0.0000 2.0078 -1.0039
v -63.7009 20.3153 -188.2083
v 0.0000 2.0078 -0.6706
v -28.6183 22.8666 -184.2147
v 0.0000 0.0000 -0.4431
v -28.2369 22.8685 -202.0574
v 0.0000 0.0000 -1.0039
v 53.2536 38.1576 -160.0290
v 0.0000 0.0000 0.7843
v 44.5296 35.6204 -152.1942
v 0.0000 2.0078 0.7686
v 49.9283 35.6204 -149.8722
v 0.0000 2.0078 1.0000
v 53.6836 38.1576 -153.2071
v 0.0000 0.0000 1.0000
v -55.4376 10.4376 -102.4770
v 0.0000 2.0078 0.8314
v -51.0006 11.3908 -102.8652
v 0.0000 2.0078 1.0000
v -49.6498 12.6616 -107.4481
v 0.0000 0.0000 1.0000
v -54.2805 12.6616 -118.0299
v 0.0000 0.0000 0.6078
v 26.8107 12.6526 -49.4655
v 0.0000 0.0000 0.4902
v 25.9718 10.1233 -35.4069
v 0.0000 2.0078 0.6039
v 36.0671 10.1233 -36.2047
v 0.0000 2.0078 1.0000
v 36.7184 12.6526 -42.2946
v 0.0000 0.0000 1.0000
v -13.2705 21.3902 -130.6971
v 0.0000 2.0078 -1.0039
v -11.7867 20.7527 -120.4053
v 0.0000 2.0078 -0.7922
v 0.3293 23.2769 -128.6647
v 0.0000 0.0000 -0.7804
v -7.5664 23.9144 -134.1754
v 0.0000 0.0000 -1.0039
v 205.0091 17.7585 -48.7687
v 0.0000 0.0000 0.4471
v 206.8529 15.2256 -37.6390
v 0.0000 2.0078 0.5255
v 219.1874 15.2185 -44.1869
v 0.0000 2.0078 1.0000
v 218.7499 17.7685 -45.6244
v 0.0000 0.0000 1.0000
v -184.9018 -12.8776 -0.7589
v -0.1250 1.0039 0.1490
v -204.3735 -13.0310 -12.6369
v -0.0000 1.0039 -0.3922
v 103.9006 15.2193 -43.0382
v 0.0000 2.0078 1.0000
v 104.1896 17.7653 -48.6844
v 0.0000 0.0000 1.0000
v 195.5309 22.8716 -67.5723
v 0.0000 0.0000 0.0353
v -27.7972 6.2892 -45.0695
v 0.0000 1.0039 1.0000
v -42.5804 11.3955 -93.9089
v 0.0000 1.0039 -1.0039
v 197.9578 20.3096 -51.4918
v 0.0000 2.0078 -0.0235
v 65.5955 20.3209 -69.6320
v 0.0000 2.0078 -1.0039
v 73.7555 20.3209 -63.1880
v 0.0000 2.0078 -0.8118
v 86.4975 22.8599 -74.6881
v 0.0000 0.0000 -0.6824
v 69.5165 22.8599 -75.5935
v 0.0000 0.0000 -1.0039
v 80.8128 45.8086 -159.1838
v 0.0000 2.0078 -1.0039
v 26.3913 11.3879 -42.4362
v -0.0000 1.0039 0.5490
v 19.8442 11.3901 -45.0720
v -0.0000 1.0039 0.2471
v 77.5970 45.8185 -176.4728
v 0.0000 0.0000 -1.0039
v -111.1032 -6.5108 -2.5232
v 0.0000 0.0000 -0.5098
v -129.5201 -6.5108 -13.0013
v 0.0000 0.0000 -1.0039
v -136.7408 -9.0428 -6.6162
v 0.0000 2.0078 -1.0039
v -128.0739 -9.0428 11.2682
v 0.0000 2.0078 -0.6000
v -220.9216 -5.1815 -107.8252
v 0.0000 2.0078 -1.0039
v -202.4272 -5.1667 -86.5573
v 0.0000 2.0078 -0.4235
v -187.8997 -2.6306 -106.9345
v 0.0000 0.0000 -0.4353
v -220.0355 -2.6315 -113.7045
v 0.0000 0.0000 -1.0039
v -43.8337 5.0198 -42.8163
v 0.0000 2.0078 0.5725
v -30.0701 5.0198 -42.0516
v 0.0000 2.0078 1.0000
v -25.5244 7.5587 -48.0873
v 0.0000 0.0000 1.0000
v -33.4740 7.5587 -56.5535
v 0.0000 0.0000 0.5451
v 28.9197 36.7988 -178.4837
v -0.1250 1.0039 -0.3294
v 9.2079 30.5344 -166.2662
v 0.0000 2.0078 1.0000
v 18.2111 31.7981 -167.6886
v 0.0000 0.0000 1.0000
v 7.0967 11.3968 -51.8800
v -0.0000 1.0039 -0.3725
v 84.6445 31.7894 -107.4691
v 0.0000 2.0078 -1.0039
v 54.9316 31.7875 -120.2155
v -0.1250 1.0039 -0.2667
v -78.2766 16.4903 -183.3350
v -0.1250 1.0039 0.0706
v 86.4920 33.0567 -109.4855
v 0.0000 0.0000 -1.0039
v 12.8956 2.2880 -4.7238
v 0.0000 0.0000 0.6353
v 2.1569 -0.0779 7.7305
v 0.0000 2.0078 0.6235
v 15.0109 -0.0779 10.6409
v 0.0000 2.0078 1.0000
v 19.6874 2.4576 4.8993
v 0.0000 0.0000 1.0000
v -16.1969 27.9539 -186.8726
v 0.0000 0.0000 -0.3569
v -23.3330 27.9685 -201.6962
v 0.0000 0.0000 -1.0039
v -25.5001 25.4185 -201.9995
v 0.0000 2.0078 -1.0039
v -27.5146 25.4166 -184.3634
v 0.0000 2.0078 -0.4863
v 157.3995 27.9626 -90.6404
v 0.0000 0.0000 -0.5020
v 142.5728 27.9626 -88.9244
v 0.0000 0.0000 -1.0039
v 138.9272 25.4260 -84.4029
v 0.0000 2.0078 -1.0039
v 156.2550 25.4167 -76.6911
v 0.0000 2.0078 -0.4941
v -170.9235 2.4750 -179.2280
v 0.0000 0.0000 -0.5451
v -184.3442 2.4685 -194.3448
v 0.0000 0.0000 -1.0039
v -197.7615 1.1935 -187.1074
v 0.0000 2.0078 -1.0039
v -209.6308 1.1935 -166.0535
v 0.0000 2.0078 -0.6275
v 65.3545 33.0640 -119.9971
v 0.0000 0.0000 0.3569
v 64.7298 30.5190 -108.9315
v 0.0000 2.0078 0.5059
v 73.8419 30.5190 -108.8632
v 0.0000 2.0078 1.0000
v 74.2987 33.0640 -113.6993
v 0.0000 0.0000 1.0000
v 23.5928 -9.0506 73.9599
v 0.0000 2.0078 -1.0039
v 40.6438 -9.0529 88.3828
v 0.0000 2.0078 -0.4431
v 47.7717 -6.5154 68.9583
v 0.0000 0.0000 -0.5059
v 30.0278 -6.5154 67.1973
v 0.0000 0.0000 -1.0039
v 211.3028 1.1921 18.3393
v -0.1250 1.0039 0.0510
v 222.6128 -9.0554 92.2531
v 0.0000 2.0078 -0.0667
v 199.8644 -6.5105 70.4718
v 0.0000 0.0000 -0.4627
v 228.0833 6.2935 -12.4629
v 0.0000 1.0039 1.0000
v -73.4694 -14.1477 77.2568
v 0.0000 2.0078 -1.0039
v -65.0046 -14.1477 93.9119
v 0.0000 2.0078 -0.6353
v -46.9765 -11.6085 72.8312
v 0.0000 0.0000 -0.5490
v -65.9340 -11.6085 67.9451
v 0.0000 0.0000 -1.0039
v -226.7740 -15.3815 -24.2416
v 0.0000 2.0078 -1.0039
v -207.6347 -14.4555 -5.2005
v 0.0000 2.0078 -0.4118
v -201.1123 -11.6065 -20.0733
v 0.0000 0.0000 -0.4157
v -225.9375 -11.6064 -27.7496
v 0.0000 0.0000 -1.0039
v -198.2639 -19.2401 46.9933
v 0.0000 2.0078 0.5686
v -187.2435 -19.2401 45.8733
v 0.0000 2.0078 1.0000
v -182.8442 -16.7068 35.7222
v 0.0000 0.0000 1.0000
v -188.4808 -16.7068 23.3424
v 0.0000 0.0000 0.6235
v 128.6249 47.0935 -155.2496
v 0.0000 0.0000 0.5725
v -5.1524 11.3948 -60.0239
v -0.0000 1.0039 -1.0039
v 211.7962 -2.8387 44.5353
v -0.1250 1.0039 0.0118
v 111.4893 45.8077 -137.9398
v 0.0000 2.0078 0.4588
v 163.0279 -2.8334 60.4058
v -0.1250 1.0039 0.4471
v 102.0149 47.0935 -169.9898
v 0.0000 0.0000 -0.2863
v 87.4286 45.8078 -148.2079
v 0.0000 2.0078 -0.5294
v 36.2799 31.7969 -147.4062
v -0.1250 1.0039 -0.0235
v 98.2410 40.7163 -134.2762
v 0.0000 2.0078 -1.0039
v 106.0689 40.7163 -126.4944
v 0.0000 2.0078 -0.6941
v 111.5612 43.2576 -137.2401
v 0.0000 0.0000 -0.5255
v 101.5833 43.2576 -138.3468
v 0.0000 0.0000 -1.0039
v 118.4087 40.7077 -119.9308
v 0.0000 2.0078 -0.3020
v 123.4693 43.2618 -138.2196
v 0.0000 0.0000 0.0471
v -28.8765 21.9639 -148.8557
v -0.0000 1.0039 0.6078
v -38.1971 21.7364 -158.9720
v -0.1250 1.0039 0.2275
v -46.1596 21.5909 -186.2115
v -0.1250 1.0039 -0.5608
v 161.5166 40.7185 -133.1544
v 0.0000 2.0078 1.0000
v 141.6810 43.2685 -146.2010
v 0.0000 0.0000 1.0000
v -42.1805 21.6655 -166.5515
v -0.1250 1.0039 -0.0039
v 132.4867 35.6191 -113.9132
v 0.0000 2.0078 -1.0039
v 141.9943 35.6191 -111.0036
v 0.0000 2.0078 -0.6941
v 140.5601 38.1594 -119.5002
v 0.0000 0.0000 -0.5059
v 131.8772 38.1594 -117.8129
v 0.0000 0.0000 -1.0039
v 150.2455 38.1574 -122.8531
v 0.0000 0.0000 0.0667
v -58.7892 16.4976 -158.9602
v 0.0000 1.0039 1.0000
v -69.3439 16.4954 -170.3394
v -0.1250 1.0039 0.5412
v 158.5684 35.6170 -108.8928
v 0.0000 2.0078 -0.1765
v 196.5245 35.6185 -110.9580
v 0.0000 2.0078 1.0000
v 164.9096 38.1685 -130.7112
v 0.0000 0.0000 1.0000
v -44.7168 21.5935 -202.1706
v 0.0000 1.0039 -1.0039
v -75.8275 16.4892 -178.5073
v -0.1250 1.0039 0.2314
v 209.0364 25.4185 -73.8169
v 0.0000 2.0078 1.0000
v 198.9205 27.9685 -106.1931
v 0.0000 0.0000 1.0000
v 183.6002 27.9690 -98.7357
v 0.0000 0.0000 0.4235
v 187.3620 25.4064 -67.1072
v 0.0000 2.0078 0.3922
v 174.4555 27.9676 -94.9905
v 0.0000 0.0000 0.0902
v -51.8259 6.2919 -58.5314
v -0.1250 1.0039 -0.0314
v -63.7284 6.2927 -71.0058
v -0.1250 1.0039 -0.6745
v 175.6106 25.4052 -67.1831
v 0.0000 2.0078 0.0784
v 180.1763 20.3230 -60.1198
v 0.0000 2.0078 -1.0039
v 66.0258 -13.0351 123.4721
v -0.0000 1.0039 0.5529
v -38.6538 6.2892 -49.6849
v -0.0000 1.0039 0.5608
v 180.0186 22.8524 -64.2552
v 0.0000 0.0000 -1.0039
v 180.7170 36.8935 -120.8346
v 0.0000 1.0039 1.0000
v 81.1933 43.2584 -156.4867
v 0.0000 0.0000 0.1176
v 71.2187 40.7078 -140.8522
v 0.0000 2.0078 0.4706
v 154.4070 36.8872 -115.8729
v -0.1250 1.0039 -0.0941
v 134.9738 -16.7034 165.4225
v 0.0000 0.0000 1.0000
v 125.1376 -16.7008 161.5376
v 0.0000 0.0000 0.6471
v 126.4999 -16.0326 183.9379
v 0.0000 2.0078 0.8235
v 130.9999 -16.0326 177.7504
v 0.0000 2.0078 1.0000
v 91.6947 -17.9265 134.3706
v 0.0000 0.0000 -0.7922
v 85.3520 -17.9302 133.3789
v 0.0000 0.0000 1.0000
v 51.5781 -18.9377 205.0004
v 0.0000 2.0078 -1.0039
v 100.2690 5.6589 1.1300
v 0.0000 1.0039 1.0000
v 132.9869 -16.3680 171.5864
v 0.0000 1.0039 1.0000
v 86.1249 -16.0326 204.8441
v 0.0000 2.0078 -0.2118
v 22.5423 -19.2319 191.5682
v 0.0000 2.0078 0.3216
v 29.8077 16.4912 -64.4145
v -0.1250 1.0039 -0.0431
v 17.9076 16.4947 -71.7558
v -0.0000 1.0039 -0.5765
v 61.1710 -17.0133 141.6697
v 0.0000 0.0000 0.3922
v 2.0169 -19.2379 176.1480
v 0.0000 2.0078 -0.2196
v 9.7794 -19.2284 183.4988
v 0.0000 2.0078 0.0039
v 49.3360 -16.7076 144.6970
v 0.0000 0.0000 0.1059
v 39.6725 -16.7087 144.8937
v 0.0000 0.0000 -0.1176
v -191.0529 1.8310 -190.7261
v 0.0000 1.0039 -1.0039
v 5.1580 -16.7150 131.8483
v 0.0000 0.0000 -1.0039
v -14.2002 -18.3539 143.3659
v 0.0000 2.0078 -1.0039
v -190.2772 1.8343 -172.6407
v -0.1250 1.0039 -0.6471
v -116.2390 -3.9073 -36.9339
v -0.1250 1.0039 -0.4824
v 97.9458 -17.6183 138.4910
v 0.0000 0.0000 -0.5412
v 91.4687 -16.0326 202.3129
v 0.0000 2.0078 -0.0784
v 84.5995 6.1353 -0.0593
v -0.0000 1.0039 0.4980
v -128.9044 -3.9009 -48.5757
v -0.1250 1.0039 -0.8549
v 121.2148 -11.6129 119.4347
v 0.0000 0.0000 -0.4863
v 103.0953 -11.6129 122.6108
v 0.0000 0.0000 -1.0039
v 95.0513 -15.3746 133.5353
v 0.0000 2.0078 -1.0039
v 113.0303 -14.4560 149.8989
v 0.0000 2.0078 -0.4314
v -21.5060 -14.1629 133.0202
v 0.0000 2.0078 0.5373
v 10.3683 -12.8830 103.0570
v -0.0000 1.0039 1.0000
v 1.8350 -14.1650 132.0296
v 0.0000 2.0078 1.0000
v 18.9015 -11.6011 74.0844
v 0.0000 0.0000 1.0000
v 10.4665 -11.6019 71.9270
v 0.0000 0.0000 0.7961
v 17.4708 -2.6830 39.4784
v -0.1250 1.0039 1.0000
v -30.9740 -14.1622 128.3362
v 0.0000 2.0078 0.3294
v 0.5667 -11.6024 72.0037
v 0.0000 0.0000 0.5647
v 187.0639 -12.3957 122.0410
v -0.1250 1.0039 -0.3529
v 48.4470 -2.6828 52.2337
v -0.1250 1.0039 -0.1765
v -50.2825 -14.1586 113.0455
v 0.0000 2.0078 -0.1569
v -22.5245 -11.6039 75.2176
v 0.0000 0.0000 0.0235
v 78.7215 -2.6824 56.6690
v -0.0000 1.0039 0.5765
v 9.0222 -2.6836 35.6728
v -0.1250 1.0039 0.7255
v 25.7517 -11.6006 78.4290
v 0.0000 0.0000 -0.8000
v 8.9292 -14.1636 131.2100
v 0.0000 2.0078 -0.8353
v -5.4822 -2.6829 28.7728
v -0.1250 1.0039 0.2510
v 42.1268 -11.6029 93.9183
v 0.0000 0.0000 -0.2314
v 36.4754 -11.6014 90.1241
v 0.0000 0.0000 -0.4000
v 23.7059 -14.1593 135.6194
v 0.0000 2.0078 -0.4706
v 31.2509 -14.1593 140.7968
v 0.0000 2.0078 -0.2549
v -28.7595 -2.6799 11.5740
v -0.0000 1.0039 -0.6039
v 50.2650 -11.6037 97.5967
v 39.8551 -14.1587 143.2871
v 0.0000 2.0078 -0.0431
v -20.6721 -2.6805 16.7596
v -0.1250 1.0039 -0.3176
v 70.6973 -11.6069 106.8122
v 0.0000 0.0000 0.5529
v 61.3542 -14.4633 140.1320
v 0.0000 2.0078 0.4667
v 82.3658 -15.3821 131.5519
v 0.0000 2.0078 1.0000
v 84.1819 -11.6165 118.4272
v 0.0000 0.0000 1.0000
v -42.2954 -16.7122 122.4789
v 0.0000 0.0000 0.5647
v -45.1383 -18.8206 151.6516
v 0.0000 2.0078 0.6784
v -27.7961 -17.5456 146.3780
v 0.0000 2.0078 1.0000
v -26.4811 -16.7122 133.4563
v 0.0000 0.0000 1.0000
v -78.7168 -16.6978 76.7860
v 0.0000 0.0000 -0.7686
v -87.5343 -16.6980 71.4308
v 0.0000 0.0000 1.0000
v -135.4100 -19.2618 133.5454
v 0.0000 2.0078 -1.0039
v -110.3382 -19.2636 146.9613
v 0.0000 2.0078 -0.5020
v -161.4642 -19.2676 114.2957
v 0.0000 2.0078 0.3137
v 65.4772 6.2909 -2.7122
v -0.1250 1.0039 -0.1137
v -220.4786 -3.9065 -110.7648
v 0.0000 1.0039 -1.0039
v -109.9430 -16.6981 68.8469
v 0.0000 0.0000 0.4471
v -180.4283 -17.5529 56.4095
v 0.0000 2.0078 -1.0039
v -176.9518 -18.8406 84.9802
v 0.0000 2.0078 -0.3961
v -146.8499 -16.7160 59.9530
v 0.0000 0.0000 -0.4824
v -166.0569 -16.7160 50.3953
v 0.0000 0.0000 -1.0039
v -155.5857 -3.9096 -69.3757
v -0.1250 1.0039 0.4784
v -134.3214 -16.7115 64.5737
v 0.0000 0.0000 -0.1569
v -173.3373 -19.2699 98.4066
v 0.0000 2.0078 -0.1020
v -173.5809 -3.9062 -82.2376
v -0.1250 1.0039 0.0510
v -159.5415 -9.0044 -28.5853
v -0.0000 1.0039 0.7255
v -71.5896 -16.6977 84.7753
v 0.0000 0.0000 -0.5255
v -91.9069 -19.2644 154.1783
v 0.0000 2.0078 -0.1490
v -169.2213 -9.0056 -33.2663
v -0.1250 1.0039 0.4784
v -193.7514 -9.0061 -45.2200
v -0.1250 1.0039 -0.1451
v -59.4674 -16.7013 105.2378
v 0.0000 0.0000 0.0118
v -68.3954 -19.2597 155.1313
v 0.0000 2.0078 0.2627
v -223.5890 -9.0065 -67.5751
v 0.0000 1.0039 -1.0039
v -208.5028 -17.0055 -3.6577
v 0.0000 0.0000 -0.3020
v -227.3675 -17.9315 -20.7933
v 0.0000 0.0000 -1.0039
v -235.3750 -19.2564 32.3754
v 0.0000 2.0078 -1.0039
v -220.9502 -19.2602 41.1596
v 0.0000 2.0078 -0.3490
v -10.4185 22.6523 -132.4363
v 0.0000 1.0039 -1.0039
v -199.2509 -16.6993 6.3446
v 0.0000 0.0000 0.0706
v -212.5908 -19.2561 44.9074
v 0.0000 2.0078 0.0039
v 39.0429 6.2900 -11.3451
v -0.1250 1.0039 1.0000
v -177.4397 -11.6008 -15.5355
v 0.0000 0.0000 0.1294
v 133.6314 45.8158 -143.1162
v 0.0000 1.0039 1.0000
v -20.8848 16.6024 -105.8319
v -0.1250 1.0039 0.3294
v -192.3638 -14.1543 14.0177
v 0.0000 2.0078 0.1255
v -157.7440 -11.5989 -15.8831
v 0.0000 0.0000 0.5765
v -24.6971 16.6024 -110.9461
v -0.1250 1.0039 0.1725
v -32.6934 16.6050 -120.3119
v -0.1250 1.0039 -0.1255
v -183.9250 -14.1568 30.7256
v 0.0000 2.0078 0.5373
v -141.2049 -11.5943 -7.7262
v 0.0000 0.0000 1.0000
v -148.9947 -11.5974 -13.3879
v 0.0000 0.0000 0.7804
v -177.9032 -14.1591 38.5331
v 0.0000 2.0078 0.7569
v -169.5096 -14.1637 45.8696
v 0.0000 2.0078 1.0000
v 134.5221 41.9866 -130.8509
v -0.1250 1.0039 0.3020
v -134.7162 -11.5928 0.7610
v 0.0000 0.0000 -0.7451
v -159.1278 -14.1660 52.4381
v 0.0000 2.0078 -0.7059
v 79.2049 45.8135 -167.8283
v 0.0000 1.0039 -1.0039
v -46.8063 16.5203 -137.6986
v -0.1250 1.0039 -0.6784
v -122.9630 -11.5990 22.7345
v 0.0000 0.0000 -0.1451
v -134.4464 -14.1615 62.5737
v 0.0000 2.0078 -0.0588
v -52.0266 16.4917 -149.9075
v 0.0000 1.0039 -1.0039
v -105.5562 -11.6175 42.2595
v 0.0000 0.0000 0.4863
v -109.8271 -14.1481 66.7952
v 0.0000 2.0078 0.5451
v -91.1044 -14.1481 66.5464
v 0.0000 2.0078 1.0000
v -89.0834 -11.6175 55.7919
v 0.0000 0.0000 1.0000
v 110.1781 -6.5076 63.3943
v 0.0000 0.0000 -0.7216
v 100.9438 -6.5041 62.0615
v 0.0000 0.0000 1.0000
v 89.0698 -9.0656 118.1132
v 0.0000 2.0078 -1.0039
v 98.5264 -9.0638 120.2051
v 0.0000 2.0078 -0.7647
v 74.7755 -9.0665 106.6400
v 0.0000 2.0078 0.5333
v -24.2002 -7.7849 61.5156
v -0.1250 1.0039 0.1294
v -35.0302 -7.7839 54.7605
v -0.1250 1.0039 -0.2000
v 80.8337 -6.5023 66.2114
v 0.0000 0.0000 0.4235
v -41.2585 -2.6799 6.3646
v 0.0000 1.0039 -1.0039
v 59.1821 -6.5121 69.1132
v 0.0000 0.0000 -0.1843
v 52.6423 -9.0569 95.6839
v 0.0000 2.0078 -0.0863
v -6.2099 -7.7837 65.6667
v -0.0000 1.0039 0.6118
v -48.9352 1.1909 -25.0583
v -0.0000 1.0039 0.6902
v 118.5431 -6.5094 66.9896
v 0.0000 0.0000 -0.4471
v 109.1297 -9.0629 120.1572
v 0.0000 2.0078 -0.5020
v 80.1265 21.5904 -68.9381
v -0.1250 1.0039 -0.7490
v 7.5263 1.1050 1.5034
v -0.0000 1.0039 0.6353
v 133.7541 -6.5098 77.3490
v 0.0000 0.0000 0.1059
v 131.6389 -9.0604 114.5744
v 0.0000 2.0078 0.0667
v -100.7835 -7.7814 18.8555
v -0.1250 1.0039 -0.0157
v 149.8716 -6.5109 82.4597
v 0.0000 0.0000 0.6157
v 150.3496 -9.3591 104.0621
v 0.0000 2.0078 0.5961
v 162.5240 -10.2779 93.2395
v 0.0000 2.0078 1.0000
v 162.5148 -6.5109 83.6371
v 0.0000 0.0000 1.0000
v 225.4162 -6.8104 49.8928
v 0.0000 0.0000 0.3882
v 243.2407 -8.0877 57.9204
v 0.0000 2.0078 0.7686
v 245.4999 -9.0065 46.9380
v 0.0000 2.0078 1.0000
v 241.0298 -7.7315 32.2405
v 0.0000 0.0000 1.0000
v 50.5068 11.3922 -33.9883
v 0.0000 1.0039 -1.0039
v 206.8877 -6.5087 65.8752
v 0.0000 0.0000 -0.2431
v 232.1178 -8.7377 83.5357
v 0.0000 2.0078 0.1961
v -5.7287 22.0148 -124.5350
v -0.0000 1.0039 -0.7922
v -167.2785 -10.2740 -17.0240
v 0.0000 2.0078 0.6039
v -152.3204 -10.2740 -17.9397
v 0.0000 2.0078 1.0000
v -145.8464 -7.7348 -28.1248
v 0.0000 0.0000 1.0000
v -151.8045 -7.7348 -40.1466
v 0.0000 0.0000 0.7490
v -1.8713 -6.5150 58.1603
v 0.0000 0.0000 0.6706
v -10.5485 -9.0524 73.1732
v 0.0000 2.0078 0.5569
v 6.7227 -9.0524 69.6451
v 0.0000 2.0078 1.0000
v 10.6076 -6.5150 62.9697
v 0.0000 0.0000 1.0000
v -88.2980 -6.5015 5.4671
v 0.0000 0.0000 0.0510
v -151.0467 6.2935 -198.6518
v 0.0000 1.0039 -1.0039
v 17.3492 1.1898 7.7701
v 0.0000 1.0039 1.0000
v -113.2691 -9.0613 32.2440
v 0.0000 2.0078 -0.0745
v -66.8988 -6.4984 5.5600
v 0.0000 0.0000 0.5529
v 68.4650 -18.4339 169.1897
v -0.1250 1.0039 -1.0039
v -6.4761 1.1665 -6.4569
v -0.0000 1.0039 0.1333
v -93.7346 -9.0675 50.1862
v 0.0000 2.0078 0.4627
v -48.0884 -6.5004 8.9333
v 0.0000 0.0000 1.0000
v -31.0320 1.1950 -17.6056
v -0.0000 1.0039 -0.7020
v -22.4520 1.1964 -13.8978
v -0.0000 1.0039 -0.4118
v -71.1850 -9.0608 63.6136
v 0.0000 2.0078 1.0000
v -23.3490 -6.5094 37.8538
v 0.0000 0.0000 -0.0627
v -39.9255 1.1922 -21.3652
v -0.0000 1.0039 -1.0039
v 155.4384 21.5981 -68.7265
v -0.0000 1.0039 0.7255
v -46.7115 -9.0585 71.6672
v 0.0000 2.0078 -0.3529
v -8.6746 -6.5143 54.1846
v 0.0000 0.0000 0.4745
v -13.9620 -6.5129 49.4396
v 0.0000 0.0000 0.3020
v -34.4384 -9.0570 73.5916
v 0.0000 2.0078 -0.0431
v -22.3498 -9.0539 74.0967
v 0.0000 2.0078 0.2588
v 224.9522 -4.2604 48.6702
v 0.0000 2.0078 0.3294
v 240.6738 -5.1815 30.7253
v 0.0000 2.0078 1.0000
v 240.0283 -2.6315 28.2902
v 0.0000 0.0000 1.0000
v 222.2332 -1.7238 30.6940
v 0.0000 0.0000 0.4627
v 215.2703 -3.9552 58.0180
v 0.0000 2.0078 -0.0471
v 208.3220 -1.7221 31.0526
v 0.0000 0.0000 0.0471
v -137.8324 6.2893 -155.9307
v -0.1250 1.0039 0.2471
v -120.6324 6.2943 -135.5840
v 0.0000 1.0039 1.0000
v -120.1692 11.3935 -200.2837
v 0.0000 1.0039 -1.0039
v 196.6964 -3.9605 70.5226
v 0.0000 2.0078 -0.6784
v 180.6804 -2.6247 30.7829
v 0.0000 0.0000 -0.7725
v -112.9756 11.3899 -172.3614
v -0.1250 1.0039 -0.1922
v 167.0420 -3.9608 80.8920
v 0.0000 2.0078 0.4745
v 176.3116 -3.9606 78.7916
v 0.0000 2.0078 0.7255
v 166.0514 -2.3185 35.9446
v 0.0000 0.0000 0.7373
v 159.0139 -1.7059 39.9196
v 0.0000 0.0000 0.4667
v 29.9650 31.7952 -156.1685
v -0.1250 1.0039 -0.5529
v 154.3145 -3.9605 80.0883
v 0.0000 2.0078 0.1373
v 151.1974 -1.4032 43.8544
v 0.0000 0.0000 0.1725
v -101.9076 11.3878 -155.9843
v -0.1250 1.0039 0.3647
v 115.0219 -3.9594 63.3429
v 0.0000 2.0078 -1.0039
v 126.2828 -3.9594 71.7304
v 0.0000 2.0078 -0.6353
v 133.1444 -1.4136 50.8693
v 0.0000 0.0000 -0.4706
v 117.6648 -1.4136 54.3881
v 0.0000 0.0000 -1.0039
v 184.2588 -0.0747 27.5999
v 0.0000 2.0078 -1.0039
v 196.7088 -0.0747 29.3436
v 0.0000 2.0078 -0.5490
v 195.7489 2.4640 14.5804
v 0.0000 0.0000 -0.5176
v 183.8332 2.4640 20.0020
v 0.0000 0.0000 -1.0039
v -141.8344 6.2952 -167.5123
v -0.1250 1.0039 -0.0941
v 239.1974 -0.0815 26.1828
v 0.0000 2.0078 1.0000
v 229.2919 2.4685 -8.9365
v 0.0000 0.0000 1.0000
v 40.0683 21.5938 -82.7952
v -0.0000 1.0039 0.6510
v 204.8445 -0.0801 30.0987
v 0.0000 2.0078 -0.2549
v 212.8158 -0.0910 30.4464
v 0.0000 2.0078 0.0314
v 209.7897 2.4752 6.2322
v 0.0000 0.0000 0.0824
v 29.4955 21.5892 -90.0608
v -0.0000 1.0039 0.3529
v -95.1737 6.2918 -98.3475
v -0.1250 1.0039 -0.0706
v 200.7010 10.1118 -14.2572
v 0.0000 2.0078 0.0157
v 200.2195 12.6736 -33.5721
v 0.0000 0.0000 0.0941
v -69.8413 6.2922 -77.2969
v -0.1250 1.0039 -1.0039
v 174.4174 10.1216 -22.9286
v 0.0000 2.0078 -1.0039
v 185.5737 10.1216 -17.9836
v 0.0000 2.0078 -0.5569
v 186.4977 12.6602 -30.0049
v 0.0000 0.0000 -0.5020
v 174.7790 12.6602 -28.3873
v 0.0000 0.0000 -1.0039
v 118.0093 15.2256 -41.8706
v 0.0000 2.0078 -1.0039
v 127.6852 15.2256 -36.5202
v 0.0000 2.0078 -0.5373
v 131.8639 17.7674 -55.0214
v 0.0000 0.0000 -0.5059
v 119.9380 17.7674 -49.9655
v 0.0000 0.0000 -1.0039
v 192.9258 15.2147 -32.4284
v 0.0000 2.0078 0.0157
v 179.6147 -8.3947 84.1873
v 0.0000 1.0039 -1.0039
v 193.6235 -7.9347 85.0271
v -0.0000 1.0039 -0.6745
v 192.2285 17.7686 -52.8796
v 0.0000 0.0000 -0.0784
v 178.4977 15.2102 -29.5441
v 0.0000 2.0078 -0.4824
v 1.3733 21.6458 -115.2174
v -0.0000 1.0039 -0.5176
v 219.5028 -7.6232 74.7055
v -0.1250 1.0039 0.0000
v 182.4074 17.7730 -57.9015
v 0.0000 0.0000 -0.5137
v 163.1709 15.2120 -28.6485
v 0.0000 2.0078 -1.0039
v 234.3285 -7.4491 53.9066
v -0.1250 1.0039 0.6000
v 243.2649 -8.3690 39.5893
v 0.0000 1.0039 1.0000
v 170.3518 17.7733 -60.9542
v 0.0000 0.0000 -1.0039
v 148.2391 15.2126 -29.9646
v 0.0000 2.0078 0.3686
v 29.5577 -17.9680 164.0979
v -0.1250 1.0039 0.0510
v 151.1320 -12.8734 136.5484
v -0.1250 1.0039 0.4824
v 155.2145 17.7734 -60.7772
v 0.0000 0.0000 0.4157
v 134.3207 15.2223 -33.6609
v 0.0000 2.0078 -0.2353
v 117.1226 -13.0345 134.6668
v -0.1250 1.0039 -0.4706
v -104.8083 1.1973 -67.7498
v 0.0000 1.0039 1.0000
v 139.6908 17.7689 -57.6618
v 0.0000 0.0000 -0.1882
v 210.0497 7.5610 -12.5327
v 0.0000 0.0000 0.3843
v 45.6001 21.5954 -80.1708
v -0.0000 1.0039 0.7922
v 228.3542 5.0185 -11.3638
v 0.0000 2.0078 1.0000
v 227.8124 7.5685 -13.5620
v 0.0000 0.0000 1.0000
v 185.2924 7.5716 -16.6165
v 0.0000 0.0000 -0.4824
v 87.1940 11.3919 -23.9263
v -0.1250 1.0039 0.3608
v 105.1161 11.3921 -23.0557
v -0.1250 1.0039 -1.0039
v 195.3957 5.0140 13.7832
v 0.0000 2.0078 -0.4157
v 200.3260 7.5618 -12.8822
v 0.0000 0.0000 0.0510
v -104.7851 6.2947 -111.0142
v -0.0000 1.0039 -0.5922
v 54.1319 21.5954 -77.2371
v 0.0000 1.0039 1.0000
v 209.4020 5.0252 5.5859
v 0.0000 2.0078 0.1333
v -63.9314 -17.9805 130.1846
v -0.1250 1.0039 0.1765
v 179.1978 5.0144 19.5435
v 0.0000 2.0078 -1.0039
v 171.0135 7.5738 -21.3687
v 0.0000 0.0000 1.0000
v -94.5275 -17.9807 111.8736
v -0.1250 1.0039 -0.5882
v 149.6535 11.3965 -22.4664
v -0.0000 1.0039 0.6118
v 161.2291 5.0156 21.7930
v 0.0000 2.0078 0.4627
v 157.8809 7.5803 -18.6674
v 0.0000 0.0000 0.5255
v 135.8188 11.3939 -21.0329
v -0.1250 1.0039 0.1059
v 160.0517 11.3965 -25.0446
v 0.0000 1.0039 1.0000
v 142.6244 5.0164 20.0303
v 0.0000 2.0078 -0.0863
v 145.6158 7.5754 -11.0536
v 0.0000 0.0000 0.0157
v 186.0357 11.3909 -23.9942
v -0.1250 1.0039 -0.5373
v 115.8381 5.0190 5.1488
v 0.0000 2.0078 -1.0039
v 126.5515 5.0190 13.1876
v 0.0000 2.0078 -0.6078
v 130.7405 7.5604 -5.8155
v 0.0000 0.0000 -0.5333
v 117.6338 7.5604 -3.2283
v 0.0000 0.0000 -1.0039
v 151.5179 2.4656 22.9222
v 0.0000 0.0000 0.5569
v 158.5139 -0.0748 38.8258
v 0.0000 2.0078 0.6431
v 169.4451 -0.0748 31.8321
v 0.0000 2.0078 1.0000
v 166.2916 2.4656 23.1680
v 0.0000 0.0000 1.0000
v 104.3523 -7.7857 91.7997
v -0.0000 1.0039 -0.7294
v 150.5724 -0.0783 43.1044
v 0.0000 2.0078 0.4000
v 142.4261 2.4664 21.4526
v 0.0000 0.0000 0.2784
v 113.8364 -7.7862 93.5734
v -0.0000 1.0039 -0.4471
v 95.0068 -7.7848 90.0874
v -0.0000 1.0039 -1.0039
v 132.6756 -0.0887 50.0991
v 0.0000 2.0078 -0.1255
v 126.3801 2.4690 14.5590
v 0.0000 0.0000 -0.2431
v 8.6652 -7.7837 66.3074
v 0.0000 1.0039 1.0000
v -15.5122 -7.7841 64.1407
v -0.1250 1.0039 0.3647
v 112.0505 -0.0884 53.2745
v 0.0000 2.0078 -0.6980
v 111.7430 2.4702 5.8158
v 0.0000 0.0000 -0.7608
v 77.8046 -7.7844 86.4257
v -0.0000 1.0039 0.5059
v 44.2077 -7.7842 78.6706
v -0.0000 1.0039 -0.4627
v 89.3051 -0.0876 50.7117
v 0.0000 2.0078 0.6941
v 95.4792 2.4738 5.7866
v 0.0000 0.0000 0.7569
v 55.9122 -7.7845 82.3986
v -0.0000 1.0039 -0.1176
v 26.8103 -7.7830 70.5786
v 0.0000 1.0039 -1.0039
v 66.4106 -0.0846 42.8999
v 0.0000 2.0078 0.0627
v 77.5096 2.4706 11.3006
v 0.0000 0.0000 0.2039
v 83.2739 -13.4993 124.9896
v 0.0000 1.0039 1.0000
v 32.5552 -0.0756 19.9885
v 0.0000 2.0078 -1.0039
v 46.2768 -0.0756 31.1727
v 0.0000 2.0078 -0.5412
v 55.4956 2.4612 12.8956
v 0.0000 0.0000 -0.4431
v 36.4302 2.4612 11.9301
v 0.0000 0.0000 -1.0039
v 96.5533 -3.9523 60.6774
v 0.0000 2.0078 1.0000
v 95.2078 -1.4125 53.2579
v 0.0000 0.0000 1.0000
v 76.8164 -1.4125 48.2106
v 0.0000 0.0000 0.4980
v 80.6266 -3.9523 65.1274
v 0.0000 2.0078 0.6353
v 41.7679 -3.9621 65.9384
v 0.0000 2.0078 -0.2235
v 64.1345 -3.9556 66.3866
v 0.0000 2.0078 0.2667
v 65.4993 -1.4095 43.8618
v 0.0000 0.0000 0.1804
v 55.1260 -1.4035 38.5290
v 0.0000 0.0000 -0.1216
v 181.2640 -12.7020 122.1331
v -0.1250 1.0039 -0.5373
v 67.7374 26.6911 -93.2726
v -0.1250 1.0039 0.7059
v 25.7296 -3.9653 64.6574
v 0.0000 2.0078 -0.5804
v 45.5110 -1.4005 32.2159
v 0.0000 0.0000 -0.4235
v -1.0230 -3.9650 57.0804
v 0.0000 2.0078 0.7647
v 7.1020 -3.9650 60.0179
v 0.0000 2.0078 1.0000
v 27.8396 -1.4011 18.9389
v 0.0000 0.0000 1.0000
v 19.0675 -1.4023 14.2651
v 0.0000 0.0000 0.7137
v -13.0166 -3.9629 48.4942
v 0.0000 2.0078 0.3569
v -144.4866 1.1972 -113.7236
v -0.1250 1.0039 1.0000
v 202.5089 -12.2420 115.1904
v -0.1250 1.0039 0.1686
v 2.0523 -1.4028 9.0513
v 0.0000 0.0000 0.2000
v -25.6908 -3.9538 27.5180
v 0.0000 2.0078 -0.3137
v 223.5888 -12.2439 98.8742
v 0.0000 1.0039 1.0000
v 116.3433 -2.6865 58.8655
v 0.0000 1.0039 -1.0039
v -15.6535 -1.4072 6.0012
v 0.0000 0.0000 -0.3137
v -42.9537 -3.9510 9.3390
v 0.0000 2.0078 -1.0039
v -32.5141 -3.9510 18.3223
v 0.0000 2.0078 -0.6275
v -25.0049 -1.4087 4.8257
v 0.0000 0.0000 -0.5843
v -39.5633 -1.4087 3.3901
v 0.0000 0.0000 -1.0039
v -72.6286 -2.6380 -15.3121
v 0.0000 0.0000 0.5922
v -77.3051 -5.1735 5.0600
v 0.0000 2.0078 0.6941
v -60.9926 -5.1735 4.2162
v 0.0000 2.0078 1.0000
v -58.5749 -2.6380 -4.5250
v 0.0000 0.0000 1.0000
v -99.3072 -2.6289 -56.0564
v 0.0000 0.0000 -0.5294
v 69.7941 16.4934 -49.7694
v -0.1250 1.0039 -0.3922
v 48.5375 16.4908 -57.4960
v -0.1250 1.0039 0.7176
v -133.1709 -5.1856 -17.8113
v 0.0000 2.0078 -0.4471
v -91.6387 -2.6329 -39.8187
v 0.0000 0.0000 -0.1176
v -107.6917 -12.8828 54.5274
v -0.0000 1.0039 0.5176
v -69.7017 -12.8781 72.6009
v 0.0000 1.0039 -1.0039
v -110.9955 -5.1859 -3.9992
v 0.0000 2.0078 0.0392
v -80.4734 -2.6368 -22.9924
v 0.0000 0.0000 0.3412
v 9.2001 16.4947 -78.7133
v 0.0000 1.0039 -1.0039
v 125.1392 26.6965 -86.2181
v 0.0000 1.0039 1.0000
v -88.2980 -5.1766 3.8421
v 0.0000 2.0078 0.4863
v 42.0119 16.4900 -59.7709
v -0.1250 1.0039 0.4549
v -147.3084 -5.1848 -33.1712
v 0.0000 2.0078 -0.8392
v -110.5004 -2.6171 -63.9803
v 0.0000 0.0000 -0.8510
v -170.8345 -12.8779 7.4213
v -0.1250 1.0039 0.5373
v 84.8015 16.4926 -46.4557
v -0.0000 1.0039 0.2235
v -156.0015 -5.1853 -48.1646
v 0.0000 2.0078 0.8235
v -124.6744 -2.6209 -67.6454
v 0.0000 0.0000 0.8627
v -12.7239 16.5176 -96.6175
v -0.0000 1.0039 0.6314
v 65.0422 31.7915 -114.4643
v -0.1250 1.0039 0.4275
v -169.2456 -5.1868 -58.9096
v 0.0000 2.0078 0.4706
v -141.9259 -2.6324 -79.8418
v 0.0000 0.0000 0.4941
v 34.7328 26.6867 -114.8958
v 0.0000 1.0039 -1.0039
v -133.1304 -7.7768 -9.8088
v 0.0000 1.0039 -1.0039
v -185.4518 -5.1806 -68.3697
v 0.0000 2.0078 0.0824
v -161.7101 -2.6318 -96.1055
v 0.0000 0.0000 0.0510
v -119.5886 -7.7768 4.3725
v -0.1250 1.0039 -0.5569
v -17.9978 2.4748 -35.6225
v 0.0000 0.0000 -0.7255
v -26.2790 2.4715 -39.1841
v 0.0000 0.0000 -1.0039
v -53.5720 -0.0870 -3.5462
v 0.0000 2.0078 -1.0039
v -44.0662 -0.0848 0.4113
v 0.0000 2.0078 -0.7098
v 67.5560 21.5904 -72.6127
v 0.0000 1.0039 -1.0039
v -10.3884 2.4765 -30.5814
v 0.0000 0.0000 -0.4431
v -34.5156 -0.0838 2.7857
v 0.0000 2.0078 -0.4275
v 112.7236 -16.3661 171.5736
v -0.1250 1.0039 0.3686
v 110.9659 21.5966 -66.4271
v -0.1250 1.0039 -0.1412
v 2.6717 2.4153 -17.5832
v 0.0000 0.0000 0.1255
v -15.6238 -0.0823 4.6693
v 0.0000 2.0078 0.1098
v 95.9715 21.5950 -66.0455
v -0.1250 1.0039 -0.4353
v 145.5473 21.5990 -69.5991
v -0.1250 1.0039 0.5294
v -62.8874 -0.0880 -8.9938
v 0.0000 2.0078 0.6824
v -34.9831 2.4698 -41.1227
v 0.0000 0.0000 0.7255
v 169.0198 21.5935 -64.6460
v 0.0000 1.0039 1.0000
v 134.8192 21.5975 -68.6239
v -0.1250 1.0039 0.3216
v -79.7351 -0.0868 -23.4846
v 0.0000 2.0078 0.0196
v -53.3297 2.4671 -42.9509
v 0.0000 0.0000 0.1529
v 125.7586 21.5967 -67.7871
v -0.1250 1.0039 0.1451
v -95.7212 -0.0829 -54.0038
v 0.0000 2.0078 -1.0039
v -90.8421 -0.0829 -40.3048
v 0.0000 2.0078 -0.5725
v -72.3929 2.4590 -49.7677
v 0.0000 0.0000 -0.4667
v -87.6755 2.4590 -58.0245
v 0.0000 0.0000 -1.0039
v -22.1424 22.1833 -142.6035
v -0.0000 1.0039 0.8627
v 107.3289 12.6709 -41.4875
v 0.0000 0.0000 1.0000
v 102.9033 10.1134 -4.6240
v 0.0000 2.0078 -1.0039
v -81.7483 -17.9811 119.4768
v -0.1250 1.0039 -0.2667
v -111.4722 -17.9799 102.4881
v -0.1250 1.0039 -1.0039
v 121.0408 12.6756 -38.8771
v 0.0000 0.0000 -0.4863
v 121.8386 10.1104 -4.8622
v 0.0000 2.0078 -0.3882
v -149.0834 -9.0044 -23.0322
v 0.0000 1.0039 1.0000
v -195.1635 -3.8987 -96.7459
v -0.1250 1.0039 -0.4471
v 133.8422 12.6723 -32.5975
v 0.0000 0.0000 0.0392
v 137.7955 10.1154 -9.4684
v 0.0000 2.0078 0.1451
v 74.0703 31.7915 -111.2812
v 0.0000 1.0039 1.0000
v 147.8802 12.6626 -29.0342
v 0.0000 0.0000 0.5765
v 151.4269 10.1303 -15.8987
v 0.0000 2.0078 0.6353
v 160.8019 10.1303 -22.0625
v 0.0000 2.0078 1.0000
v 159.3016 12.6626 -28.0267
v 0.0000 0.0000 1.0000
v 82.3051 10.1144 -9.5419
v 0.0000 2.0078 0.3059
v -4.5211 -17.5345 137.6071
v 0.0000 1.0039 -1.0039
v -43.7168 -17.7664 137.0653
v -0.1250 1.0039 0.6392
v 92.0829 12.6693 -38.3107
v 0.0000 0.0000 0.4392
v 64.9421 10.1176 -17.5209
v 0.0000 2.0078 -0.3176
v -80.3167 -7.7829 27.8731
v -0.1250 1.0039 0.4902
v 7.0941 -17.3384 147.2638
v -0.1250 1.0039 -0.6392
v 75.1610 12.6667 -35.9586
v 0.0000 0.0000 -0.1725
v 48.8559 10.1186 -30.9779
v 0.0000 2.0078 -1.0039
v 57.8857 10.1186 -22.4926
v 0.0000 2.0078 -0.6000
v 66.1562 12.6658 -35.9196
v 0.0000 0.0000 -0.4980
v 52.1577 12.6658 -36.9987
v 0.0000 0.0000 -1.0039
v 45.4208 7.5698 -31.6498
v 0.0000 0.0000 1.0000
v 39.0263 7.5721 -34.2632
v 0.0000 0.0000 0.7608
v 24.2936 5.0085 5.4443
v 0.0000 2.0078 0.7176
v 32.6650 5.0103 8.9597
v 0.0000 2.0078 1.0000
v 64.8169 -2.6825 55.1242
v -0.1250 1.0039 0.2314
v 51.5479 7.5686 -27.4501
v 0.0000 0.0000 -0.7725
v 42.9758 5.0112 10.9987
v 0.0000 2.0078 -0.6941
v -5.5198 -12.8824 102.4736
v -0.0000 1.0039 0.6353
v -36.4035 -12.8812 94.1316
v -0.0000 1.0039 -0.0941
v 64.3840 7.5676 -16.6278
v 0.0000 0.0000 -0.2431
v 66.5704 5.0143 11.2035
v 0.0000 2.0078 -0.0039
v 35.6203 -2.6829 48.4366
v -0.1250 1.0039 -0.5059
v 82.5722 7.2469 -7.8193
v 0.0000 0.0000 0.3882
v 86.6268 5.0238 7.7008
v 0.0000 2.0078 0.5882
v 99.8198 5.0238 2.9432
v 0.0000 2.0078 1.0000
v 100.7183 6.2941 -0.6832
v 0.0000 0.0000 1.0000
v -180.9061 1.6696 -131.4657
v -0.1250 1.0039 0.2039
v 18.1391 5.0076 0.5929
v 0.0000 2.0078 0.4745
v 32.5468 7.5733 -35.2374
v 0.0000 0.0000 0.5333
v 30.0906 -12.8803 112.8718
v -0.0000 1.0039 -0.4275
v 45.0600 -12.8812 120.4419
v -0.0000 1.0039 0.0039
v 9.4603 5.0123 -11.8829
v 0.0000 2.0078 0.0039
v 18.7999 7.5708 -34.6408
v 0.0000 0.0000 0.0549
v 129.7136 -2.6865 61.2999
v -0.1250 1.0039 -0.5843
v -13.5078 5.0265 -34.9285
v 0.0000 2.0078 -1.0039
v -2.5199 5.0265 -24.8322
v 0.0000 2.0078 -0.5412
v 2.5073 7.5634 -36.9661
v 0.0000 0.0000 -0.5137
v -11.2692 7.5634 -40.3321
v 0.0000 0.0000 -1.0039
v -62.3904 5.0117 -47.1356
v 0.0000 2.0078 -0.0118
v 180.0975 21.5877 -62.1875
v 0.0000 1.0039 -1.0039
v -12.3885 6.2949 -37.6303
v 0.0000 1.0039 -1.0039
v -41.2614 7.5720 -69.9272
v 0.0000 0.0000 -0.0549
v -81.9516 5.0090 -55.9108
v 0.0000 2.0078 -0.6745
v 213.9813 21.5935 -59.1979
v 0.0000 1.0039 1.0000
v 196.7444 21.5906 -59.5321
v -0.1250 1.0039 -0.0118
v -45.5052 7.5764 -86.1007
v 0.0000 0.0000 -0.7098
v 59.5527 41.9935 -180.6790
v 0.0000 1.0039 -1.0039
v -90.8603 5.0097 -61.7318
v 0.0000 2.0078 -1.0039
v -48.8223 7.5748 -92.8619
v 0.0000 0.0000 -1.0039
v 64.2062 41.9887 -168.4024
v -0.0000 1.0039 -0.5098
v -82.5917 16.3313 -186.8119
v -0.1250 1.0039 -0.0902
v -105.2128 5.0117 -75.6495
v 0.0000 2.0078 0.4078
v -60.2834 7.5699 -101.2362
v 0.0000 0.0000 0.5608
v 65.6911 41.9861 -162.7083
v -0.0000 1.0039 -0.2863
v 76.2060 41.9831 -148.6694
v -0.0000 1.0039 0.3725
v -113.8891 5.0152 -91.2986
v 0.0000 2.0078 -0.1216
v -76.4583 7.5684 -105.3964
v 0.0000 0.0000 0.0471
v 84.0438 41.9908 -143.2809
v -0.0000 1.0039 0.7333
v -115.6716 5.0256 -120.7479
v 0.0000 2.0078 -1.0039
v -116.7706 5.0256 -107.7152
v 0.0000 2.0078 -0.6157
v -92.7996 7.5637 -114.3131
v 0.0000 0.0000 -0.5216
v -105.3587 7.5637 -123.7921
v 0.0000 0.0000 -1.0039
v -103.4371 2.4617 -71.4148
v 0.0000 0.0000 1.0000
v 174.5982 11.3909 -25.6580
v 0.0000 1.0039 -1.0039
v -135.7036 -17.9829 91.5713
v -0.1250 1.0039 0.3451
v -106.1795 -0.0671 -64.0848
v 0.0000 2.0078 1.0000
v -158.0330 2.4644 -153.6091
v 0.0000 0.0000 0.1020
v 98.0911 26.6923 -84.9060
v -0.1250 1.0039 -0.0510
v 113.6615 26.6965 -84.5220
v -0.1250 1.0039 0.5490
v -218.6141 1.1935 -131.6757
v 0.0000 2.0078 -0.0706
v -119.5135 2.4758 -109.1548
v 0.0000 0.0000 -0.2980
v -121.5694 2.4760 -120.8813
v 0.0000 0.0000 -0.6706
v -151.0196 -0.0824 -90.6543
v 0.0000 2.0078 -0.6235
v -141.4571 -0.0824 -81.4668
v 0.0000 2.0078 -0.2196
v -115.2377 2.4652 -91.2193
v 0.0000 0.0000 0.2745
v 167.8684 1.1954 27.5000
v 0.0000 1.0039 1.0000
v 56.1489 26.6912 -97.4636
v -0.1250 1.0039 0.1804
v -124.2994 -0.0709 -69.1454
v 0.0000 2.0078 0.4235
v 155.8170 22.8729 -75.5171
v 0.0000 0.0000 0.6745
v 155.0599 20.3234 -61.9359
v 0.0000 2.0078 0.7725
v 167.2522 20.3234 -62.4119
v 0.0000 2.0078 1.0000
v 170.7874 22.8635 -66.8801
v 0.0000 0.0000 1.0000
v 127.8158 20.3189 -55.1618
v 0.0000 2.0078 0.2510
v 143.2691 20.3219 -59.5721
v 0.0000 2.0078 0.5490
v 147.8254 22.8760 -79.6261
v 0.0000 0.0000 0.5020
v 141.8226 22.8760 -82.0860
v 0.0000 0.0000 0.3804
v -54.8591 11.5496 -110.2534
v -0.0000 1.0039 0.7255
v 135.6606 33.0691 -112.1595
v 0.0000 0.0000 -0.1176
v 129.6325 30.5146 -89.2883
v 0.0000 2.0078 -0.1725
v -62.6250 11.3962 -117.7998
v -0.1250 1.0039 0.2902
v 17.8377 26.7263 -136.9685
v -0.1250 1.0039 0.1216
v 149.5976 33.0684 -109.0605
v 0.0000 0.0000 0.1333
v 147.4710 30.5126 -90.1699
v 0.0000 2.0078 0.1137
v -77.3876 11.3981 -135.1385
v -0.1250 1.0039 -0.6196
v 183.1134 30.5190 -99.6226
v 0.0000 2.0078 0.7176
v 198.4733 30.5185 -107.4907
v 0.0000 2.0078 1.0000
v 197.9125 33.0685 -109.1744
v 0.0000 0.0000 1.0000
v 182.7262 33.0675 -108.6285
v 0.0000 0.0000 0.7294
v 114.0600 30.5152 -90.4236
v 0.0000 2.0078 -0.4275
v -140.3380 -3.9031 -57.9050
v -0.1250 1.0039 0.8471
v 125.8187 -16.3667 172.7377
v -0.0000 1.0039 0.7765
v 123.9549 33.0723 -113.3674
v 0.0000 0.0000 -0.3255
v 100.3973 30.5203 -94.6389
v 0.0000 2.0078 -0.6627
v -50.3252 12.0262 -105.1567
v 0.0000 1.0039 1.0000
v 36.6888 -12.8811 117.3576
v -0.0000 1.0039 -0.2235
v 113.4906 33.0734 -111.3243
v 0.0000 0.0000 -0.5176
v 88.4650 30.5220 -102.3682
v 0.0000 2.0078 -0.8941
v 62.0209 11.3922 -29.2061
v -0.0000 1.0039 -0.5569
v -74.9668 -3.9058 -5.1261
v -0.0000 1.0039 0.6549
v 102.3363 33.0609 -109.5995
v 0.0000 0.0000 -0.7216
v 62.3168 17.7725 -70.2180
v 0.0000 0.0000 1.0000
v 56.2071 17.7758 -72.7101
v 0.0000 0.0000 0.7490
v 40.8679 15.2059 -42.2819
v 0.0000 2.0078 0.7137
v 48.5876 15.2125 -39.6339
v 0.0000 2.0078 -1.0039
v 73.3596 17.7709 -62.5413
v 0.0000 0.0000 -0.4353
v -155.3572 -12.8790 19.0717
v -0.1250 1.0039 1.0000
v -146.9220 -12.8794 26.5995
v -0.1250 1.0039 -0.7137
v 66.2286 15.2158 -36.9974
v 0.0000 2.0078 -0.3647
v 85.7650 17.7667 -55.1557
v 0.0000 0.0000 0.1725
v -163.4489 -12.8783 12.5726
v -0.1250 1.0039 0.7529
v 8.5621 31.7889 -170.7302
v -0.0000 1.0039 0.6471
v 83.8381 15.2184 -37.7558
v 0.0000 2.0078 0.2588
v -128.7047 -12.8802 42.6541
v -0.1250 1.0039 -0.0941
v 33.8831 15.2026 -45.7933
v 0.0000 2.0078 0.4392
v 50.1407 17.7774 -73.7484
v 0.0000 0.0000 0.5137
v 141.2772 36.8893 -115.2519
v -0.0000 1.0039 -0.6314
v -90.0939 -12.8828 61.1692
v 0.0000 1.0039 1.0000
v 21.9818 15.2095 -55.1020
v 0.0000 2.0078 -0.0863
v 37.6336 17.7729 -73.7269
v 0.0000 0.0000 0.0353
v -55.9906 -12.8781 83.3716
v -0.0000 1.0039 -0.6039
v 6.9570 15.2303 -76.3893
v 0.0000 2.0078 -1.0039
v 12.5413 15.2303 -66.6028
v 0.0000 2.0078 -0.6078
v 23.2738 17.7592 -76.9088
v 0.0000 0.0000 -0.5255
v 11.4432 17.7592 -81.0374
v 0.0000 0.0000 -1.0039
v 20.9818 12.6595 -54.6020
v 0.0000 0.0000 0.1647
v 152.7560 -2.6818 61.9713
v -0.1250 1.0039 0.1255
v -106.2050 11.3878 -160.4505
v -0.1250 1.0039 0.1882
v 18.7066 10.1208 -35.5421
v 0.0000 2.0078 0.3216
v 171.1815 -3.1395 57.3681
v -0.1250 1.0039 0.7176
v 2.5407 10.1134 -37.8257
v 0.0000 2.0078 -0.3098
v 11.6528 12.6803 -65.9343
v 0.0000 0.0000 -0.4431
v 188.6884 -3.2926 50.6528
v -0.1250 1.0039 -0.7098
v 223.5927 -2.9921 39.6821
v -0.0000 1.0039 0.4039
v -14.4198 10.1122 -43.0056
v 0.0000 2.0078 -1.0039
v 4.1150 12.6773 -77.0422
v 0.0000 0.0000 -1.0039
v -132.0317 6.2883 -146.5009
v -0.1250 1.0039 0.5569
v 240.3510 -3.9065 29.5078
v 0.0000 1.0039 1.0000
v -27.6143 10.1087 -51.5229
v 0.0000 2.0078 0.4745
v -5.5180 12.6685 -83.0076
v 0.0000 0.0000 0.5255
v 50.8862 1.1928 22.0341
v -0.0000 1.0039 -0.4980
v 162.5194 -8.3944 88.4383
v 0.0000 1.0039 1.0000
v -36.8364 10.1131 -63.1428
v 0.0000 2.0078 -0.0196
v -16.8805 12.6675 -85.5916
v 0.0000 0.0000 0.0431
v 150.1106 -7.9350 93.2609
v -0.0000 1.0039 0.6118
v -45.5232 10.1264 -91.1778
v 0.0000 2.0078 -1.0039
v -42.8613 10.1264 -78.0653
v 0.0000 2.0078 -0.5569
v -29.4407 12.6646 -90.8903
v 0.0000 0.0000 -0.5176
v -39.6376 12.6646 -96.6400
v 0.0000 0.0000 -1.0039
v 113.7518 27.9652 -89.6992
v 0.0000 0.0000 0.5059
v 113.5712 25.4278 -79.3449
v 0.0000 2.0078 0.5882
v 125.1033 25.4278 -83.8905
v 0.0000 2.0078 1.0000
v 125.1751 27.9652 -88.5458
v 0.0000 0.0000 1.0000
v 82.4030 27.9713 -104.7427
v 0.0000 0.0000 -1.0039
v 76.5289 27.9698 -106.9133
v 0.0000 0.0000 0.7373
v 58.9459 25.4125 -79.6320
v 0.0000 2.0078 0.7020
v 66.2604 25.4107 -77.4996
v 0.0000 2.0078 1.0000
v -59.6367 -7.7806 36.2735
v -0.1250 1.0039 1.0000
v 88.1838 27.9721 -101.5323
v 0.0000 0.0000 -0.7176
v 75.3476 25.4099 -76.1470
v 0.0000 2.0078 -0.6980
v 132.6965 -7.7851 95.9617
v -0.0000 1.0039 0.1020
v 92.3922 1.1931 28.2492
v -0.0000 1.0039 0.7137
v 100.0223 27.9703 -93.8889
v 0.0000 0.0000 -0.1098
v 96.1600 25.4144 -75.9230
v 0.0000 2.0078 -0.0039
v 111.8968 1.1909 29.5452
v -0.0000 1.0039 -0.7137
v 47.7713 25.4134 -86.7957
v 0.0000 2.0078 0.1804
v 146.4992 1.1941 32.2785
v -0.0000 1.0039 0.3373
v 155.0159 1.1954 30.8740
v -0.0000 1.0039 0.6000
v 64.5264 27.9690 -108.1314
v 0.0000 0.0000 0.2275
v 39.5541 25.4178 -96.9020
v 0.0000 2.0078 -0.3255
v 116.7360 6.2897 0.9603
v 0.0000 1.0039 -1.0039
v 128.6460 6.2897 3.6861
v -0.1250 1.0039 -0.5882
v 52.3807 27.9579 -110.4079
v 0.0000 0.0000 -0.2902
v 159.5550 6.2980 1.5628
v -0.1250 1.0039 0.4667
v 36.8593 27.9541 -117.0268
v 0.0000 0.0000 -1.0039
v 32.6063 25.4193 -112.7648
v 0.0000 2.0078 -1.0039
v 144.1201 6.2959 4.4884
v -0.1250 1.0039 -0.0627
v 54.3508 35.6183 -142.8949
v 0.0000 2.0078 -1.0039
v 55.6544 35.6183 -134.7919
v 0.0000 2.0078 -0.8078
v 66.3194 38.1525 -142.1194
v 0.0000 0.0000 -0.7647
v 58.7806 38.1525 -146.1725
v 0.0000 0.0000 -1.0039
v 43.6174 31.7869 -134.3437
v -0.1250 1.0039 0.7098
v 107.7851 35.6192 -110.9979
v 0.0000 2.0078 0.6745
v 110.6891 38.1577 -121.3133
v 0.0000 0.0000 0.6706
v -82.7481 6.2908 -88.4429
v -0.1250 1.0039 0.4431
v 89.9425 35.6067 -110.1814
v 0.0000 2.0078 0.2471
v 96.0935 35.6067 -110.0522
v 0.0000 2.0078 0.3922
v 103.1153 38.1663 -127.4459
v 0.0000 0.0000 0.3961
v 99.7414 38.1663 -131.7715
v 0.0000 0.0000 0.2431
v 129.7745 16.4965 -45.7708
v -0.0000 1.0039 -0.5490
v 83.8187 35.6085 -111.2995
v 0.0000 2.0078 0.0980
v 95.8544 38.1682 -135.0163
v 0.0000 0.0000 0.0980
v 223.4999 11.3935 -28.8745
v 0.0000 1.0039 1.0000
v 137.0058 16.4956 -45.6613
v -0.1250 1.0039 -0.2471
v 71.7203 35.6140 -116.4850
v 0.0000 2.0078 -0.2118
v 86.6599 38.1738 -138.2226
v 0.0000 0.0000 -0.1725
v 167.0441 -12.8548 126.9367
v -0.1250 1.0039 1.0000
v 141.0990 -12.8801 138.6339
v -0.1250 1.0039 0.2000
v 61.1674 35.6151 -124.9429
v 0.0000 2.0078 -0.5373
v 76.3663 38.1685 -138.7697
v 0.0000 0.0000 -0.4627
v 166.7614 16.4927 -44.8014
v -0.1250 1.0039 -1.0039
v -177.4165 5.0185 -196.7981
v 0.0000 2.0078 -1.0039
v -15.2037 -12.8823 100.1699
v -0.0000 1.0039 0.4078
v 17.3405 -12.8821 104.8195
v -0.0000 1.0039 -0.8196
v -124.6769 7.5685 -200.5055
v 0.0000 0.0000 -1.0039
v -159.2440 5.0230 -164.8880
v 0.0000 2.0078 -0.1490
v -152.2913 5.0144 -150.6196
v 0.0000 2.0078 0.2157
v -123.3736 7.5641 -161.2419
v 0.0000 0.0000 0.2510
v -124.4248 7.5675 -170.1365
v 0.0000 0.0000 -0.0314
v 31.6599 6.2903 -14.4095
v -0.1250 1.0039 0.7216
v -118.5431 12.6685 -200.3149
v 0.0000 0.0000 -1.0039
v -121.7954 10.1185 -200.2524
v 0.0000 2.0078 -1.0039
v 47.2618 6.2899 -8.2257
v -0.1250 1.0039 -0.7216
v 23.9547 32.4263 -163.1371
v 0.0000 1.0039 -1.0039
v -102.6514 12.6622 -174.5863
v 0.0000 0.0000 -0.0980
v -123.2998 10.1175 -170.1365
v 0.0000 2.0078 -0.2980
v 203.9785 26.6935 -90.0050
v 0.0000 1.0039 1.0000
v -86.6859 12.6632 -168.2054
v 0.0000 0.0000 0.4314
v -92.2183 12.6632 -168.4501
v 0.0000 0.0000 0.2667
v -120.1918 10.1124 -152.4508
v 0.0000 2.0078 0.1216
v -117.1293 10.1124 -143.7633
v 0.0000 2.0078 0.3373
v -75.4033 12.6777 -165.2924
v 0.0000 0.0000 0.7804
v 56.5657 36.8854 -144.5337
v 0.0000 1.0039 -1.0039
v 25.2463 26.6949 -129.2711
v -0.0000 1.0039 0.6392
v -107.0488 10.1134 -128.1663
v 0.0000 2.0078 0.7725
v -62.9248 12.6825 -155.0172
v 0.0000 0.0000 -0.6980
v 102.4554 46.4506 -154.1689
v -0.1250 1.0039 -0.1020
v 94.7218 46.4506 -159.0988
v -0.1250 1.0039 -0.4118
v -91.8504 10.1137 -115.2599
v 0.0000 2.0078 -0.6235
v -67.8749 10.1199 -103.9860
v 0.0000 2.0078 0.3647
v -0.0019 26.7976 -151.7779
v -0.1250 1.0039 1.0000
v 9.1889 26.7973 -145.6391
v -0.1250 1.0039 -0.4667
v -57.3750 12.6725 -131.6136
v 0.0000 0.0000 0.1294
v 47.2536 22.8634 -86.2204
v 0.0000 0.0000 0.7686
v 43.9467 20.3274 -74.1212
v 0.0000 2.0078 0.8078
v 53.3762 20.3274 -74.6161
v 0.0000 2.0078 1.0000
v 54.8876 22.8634 -79.8580
v 0.0000 0.0000 1.0000
v 30.0406 22.8712 -114.1591
v -27.1386 -17.1289 139.9171
v 0.0000 1.0039 1.0000
v 234.2447 1.1935 8.6232
v 0.0000 1.0039 1.0000
v 9.0224 20.3094 -84.1744
v 0.0000 2.0078 0.0667
v 35.8325 22.8693 -102.3829
v 0.0000 0.0000 0.3059
v 204.8640 6.2935 -3.6482
v -0.1250 1.0039 0.0902
v 190.3440 6.2928 -1.4167
v -0.1250 1.0039 -0.4471
v 23.1586 20.3092 -77.7386
v 0.0000 2.0078 0.3804
v 42.8051 22.8648 -91.0324
v 0.0000 0.0000 0.6157
v 175.1057 6.2941 -0.9126
v -0.1250 1.0039 -1.0039
v 121.4397 11.3930 -21.8697
v -0.1250 1.0039 -0.4118
v 37.3314 20.3229 -74.5580
v 0.0000 2.0078 0.6745
v -110.5152 6.2947 -122.2700
v 0.0000 1.0039 -1.0039
v -1.3900 20.3101 -94.2628
v 0.0000 2.0078 -0.2235
v 21.3292 22.8771 -120.5597
v 0.0000 0.0000 -0.2510
v 19.5315 21.5903 -99.1668
v -0.0000 1.0039 0.0392
v 184.0460 1.1946 23.8009
v 0.0000 1.0039 -1.0039
v -7.9436 20.3676 -107.0424
v 0.0000 2.0078 -0.5137
v 10.6903 22.9239 -123.3924
v 0.0000 0.0000 -0.5098
v 196.2289 1.1946 21.9620
v -0.0000 1.0039 -0.5333
v 22.9954 31.7938 -162.4679
v 0.0000 2.0078 -1.0039
v 185.4811 26.6877 -82.9214
v -0.1250 1.0039 0.3882
v 175.0331 26.6864 -81.0868
v -0.1250 1.0039 0.0627
v 24.9139 33.0588 -163.8063
v 0.0000 0.0000 -1.0039
v 31.7110 30.5067 -131.1564
v 0.0000 2.0078 0.3882
v 34.1880 30.5050 -124.4523
v 0.0000 2.0078 0.6902
v 53.0468 33.0688 -144.2351
v 0.0000 0.0000 0.7608
v 50.8356 33.0699 -147.7238
v 0.0000 0.0000 0.5529
v 28.2332 30.5234 -143.1411
v 0.0000 2.0078 -0.1373
v 9.9696 21.5936 -107.4113
v -0.0000 1.0039 -0.2510
v 218.9687 16.4935 -44.9056
v 0.0000 1.0039 1.0000
v 44.3266 33.0704 -151.6713
v 0.0000 0.0000 0.1569
v 23.5479 30.5287 -156.3965
v 0.0000 2.0078 -0.7294
v 71.9601 1.1930 27.1002
v -0.0000 1.0039 0.1216
v 140.7500 26.6943 -86.6637
v 0.0000 1.0039 -1.0039
v 36.3821 33.0617 -155.9405
v 0.0000 0.0000 -0.2980
v 182.9198 31.7933 -104.1256
v -0.0000 1.0039 0.7216
v 198.1929 31.7935 -108.3326
v 0.0000 1.0039 1.0000
v 13.5833 35.6185 -191.6811
v 0.0000 0.0000 -1.0039
v 12.6596 35.6173 -182.4759
v 0.0000 2.0078 -1.0039
v 166.2738 31.7904 -100.6365
v -0.1250 1.0039 0.4235
v 132.6465 31.7918 -100.7239
v -0.1250 1.0039 -0.1647
v 51.4751 38.1629 -168.8554
v 0.0000 0.0000 0.4980
v 36.5867 35.6117 -156.5030
v 0.0000 2.0078 0.4157
v -226.3558 -13.4940 -25.9956
v 0.0000 1.0039 -1.0039
v 51.8059 36.8890 -151.5397
v 0.0000 1.0039 1.0000
v 60.9869 36.8854 -138.4557
v -0.0000 1.0039 -0.8000
v 28.2220 26.6923 -121.6206
v 0.0000 2.0078 1.0000
v 30.4034 27.9575 -124.6473
v 0.0000 0.0000 1.0000
v -8.2418 27.9617 -175.1249
v 0.0000 0.0000 0.2000
v 2.8937 31.7875 -176.8074
v -0.1250 1.0039 0.1882
v 148.5343 31.7905 -99.6152
v -0.1250 1.0039 0.1137
v -25.8614 25.5681 -166.6777
v 0.0000 2.0078 0.0275
v -0.3368 27.9659 -169.1547
v 0.0000 0.0000 0.5922
v -5.4836 31.7935 -196.7748
v 0.0000 1.0039 -1.0039
v 119.0075 31.7938 -101.8955
v -0.1250 1.0039 -0.4039
v -18.8990 25.6188 -150.8358
v 0.0000 2.0078 0.5294
v 9.4843 27.9798 -165.8118
v 0.0000 0.0000 1.0000
v 121.4236 36.8891 -116.0101
v 0.0000 1.0039 1.0000
v 109.2371 36.8885 -116.1556
v -0.0000 1.0039 0.6667
v -9.4882 25.6155 -137.7439
v 0.0000 2.0078 1.0000
v 17.7290 27.9801 -161.8253
v 0.0000 0.0000 -0.6275
v 94.8420 36.8865 -120.9765
v -0.0000 1.0039 0.2510
v 200.4603 11.3927 -23.9147
v -0.1250 1.0039 0.0431
v 0.6487 25.6144 -129.4529
v 0.0000 2.0078 -0.3843
v 106.9086 46.4506 -152.2131
v -0.1250 1.0039 0.0549
v 34.4927 1.1928 15.9593
v 0.0000 1.0039 -1.0039
v -2.1943 15.2185 -83.6957
v 0.0000 2.0078 1.0000
v -0.0233 17.7601 -90.2804
v 0.0000 0.0000 1.0000
v 108.8150 41.9870 -131.8673
v -0.1250 1.0039 -0.6431
v -18.6642 17.9977 -135.4861
v 0.0000 0.0000 -0.1804
v -46.7226 15.2124 -105.1377
v 0.0000 2.0078 -0.0549
v 120.9390 41.9847 -129.0752
v -0.1250 1.0039 -0.1922
v -12.7749 17.9902 -119.8821
v 0.0000 0.0000 0.2235
v -13.5869 17.9902 -126.6105
v 0.0000 0.0000 0.0627
v -35.8072 15.2146 -95.2816
v 0.0000 2.0078 0.2510
v -28.9947 15.2146 -91.7816
v 0.0000 2.0078 0.4118
v -9.0206 17.8176 -106.5856
v 0.0000 0.0000 0.5569
v 99.9121 41.9870 -136.3115
v 0.0000 1.0039 -1.0039
v 120.0571 46.4506 -146.5947
v -0.1250 1.0039 0.5294
v -16.4272 15.2175 -86.6495
v 0.0000 2.0078 0.6941
v -53.5381 15.2116 -118.1522
v 0.0000 2.0078 -0.3647
v 90.6066 41.9908 -140.5627
v 0.0000 1.0039 1.0000
v 36.3928 11.3879 -39.2496
v 0.0000 1.0039 1.0000
v -27.2572 18.0002 -139.5400
v 0.0000 0.0000 -0.4078
v -56.5266 15.2225 -131.6462
v 0.0000 2.0078 -0.6549
v 127.5015 41.9849 -129.3758
v -0.1250 1.0039 0.0431
v -9.6179 26.7923 -159.9953
v -0.1250 1.0039 0.5608
v -37.0859 17.8181 -143.7510
v 0.0000 0.0000 -0.6627
v -55.1686 15.2261 -148.1234
v 0.0000 2.0078 -1.0039
v 132.1820 36.8893 -115.8630
v 0.0000 1.0039 -1.0039
v 151.5988 41.9935 -139.6777
v 0.0000 1.0039 1.0000
v -48.8846 17.7573 -151.6915
v 0.0000 0.0000 -1.0039
v -91.7943 15.2132 -169.0209
v 0.0000 2.0078 0.0980
v -86.4140 15.2132 -168.9178
v 0.0000 2.0078 0.2431
v -65.2410 17.7653 -188.0968
v 0.0000 0.0000 0.2627
v -64.7590 17.7674 -197.6491
v 0.0000 0.0000 0.0235
v -26.9297 20.7627 -140.3080
v 0.0000 2.0078 0.8196
v -19.4989 21.4002 -138.0458
v 0.0000 2.0078 1.0000
v -17.3278 22.6595 -140.5779
v 0.0000 0.0000 1.0000
v -17.3550 23.6040 -144.8991
v 0.0000 0.0000 0.8588
v -63.4804 17.7630 -174.6032
v 0.0000 0.0000 0.6039
v 41.2733 31.7883 -139.4401
v -0.1250 1.0039 0.4353
v 46.7333 31.7862 -129.2913
v -0.1250 1.0039 -1.0039
v -75.2075 15.2277 -166.0756
v 0.0000 2.0078 0.5529
v 205.9310 16.4921 -43.2039
v -0.1250 1.0039 0.4980
v 156.8273 26.6896 -83.6657
v -0.1250 1.0039 -0.4980
v -61.0866 15.2325 -157.4022
v 0.0000 2.0078 1.0000
v -56.4919 17.7626 -160.5182
v 0.0000 0.0000 1.0000
v -26.4208 23.0181 -166.4602
v 0.0000 0.0000 0.1216
v -1.9275 31.7857 -186.1078
v -0.1250 1.0039 -0.3843
v 114.0966 36.8891 -115.7493
v -0.0000 1.0039 0.8000
v -57.9403 20.3130 -166.6427
v 0.0000 2.0078 -0.1490
v -188.3236 1.8289 -142.6424
v -0.1250 1.0039 -0.0549
v 222.0950 -12.8814 104.3338
v 0.0000 2.0078 1.0000
v 225.0826 -11.6064 93.4146
v 0.0000 0.0000 1.0000
v -167.2013 1.3552 -125.0923
v -0.1250 1.0039 0.5020
v -136.2945 1.1968 -105.7678
v -0.1250 1.0039 -0.6314
v 204.3987 -12.8814 132.9587
v 0.0000 2.0078 0.1529
v 200.6191 -11.6026 97.4220
v 0.0000 0.0000 0.1765
v 129.5279 1.1902 32.3290
v -0.0000 1.0039 -0.1725
v 181.4015 -12.8814 152.4610
v 0.0000 2.0078 -0.6039
v 187.1338 -12.8814 149.1539
v 0.0000 2.0078 -0.4392
v 186.9940 -11.9100 94.9280
v 0.0000 0.0000 -0.2824
v 181.1266 -12.5225 91.8051
v 0.0000 0.0000 -0.5059
v 167.6338 -12.8814 160.4039
v 0.0000 2.0078 1.0000
v -130.4853 1.1967 -95.3108
v -0.1250 1.0039 -0.2392
v -119.7686 1.1971 -80.1824
v -0.0000 1.0039 0.3647
v 166.4543 -12.8282 93.4694
v 0.0000 0.0000 -1.0039
v 151.5349 -13.8377 167.5834
v 0.0000 2.0078 0.5843
v -91.6984 1.1881 -56.0142
v 0.0000 1.0039 -1.0039
v 45.9674 26.6878 -103.6549
v -0.1250 1.0039 -0.3255
v 150.7290 -11.9091 105.5134
v 0.0000 0.0000 0.4392
v -81.6175 1.1881 -45.0363
v -0.0000 1.0039 -0.5294
v 140.2908 -14.1548 165.7966
v 0.0000 2.0078 0.3137
v 141.9073 -11.6054 111.4712
v 0.0000 0.0000 0.1373
v -66.5324 1.1902 -33.2178
v -0.0000 1.0039 0.0745
v -16.5662 11.3886 -67.2653
v -0.0000 1.0039 0.4706
v 126.0884 45.8132 -139.3940
v 0.0000 2.0078 1.0000
v 141.1744 45.8185 -146.8384
v 0.0000 0.0000 1.0000
v -26.8584 11.3903 -74.3672
v -0.0000 1.0039 -0.0157
v 94.6625 45.8078 -142.1018
v 0.0000 2.0078 -0.1804
v 99.5678 45.8077 -140.0146
v 0.0000 2.0078 0.0118
v 114.2493 47.0935 -164.4117
v 0.0000 0.0000 0.0902
v 110.2482 47.0935 -166.2359
v 0.0000 0.0000 -0.0314
v 29.3127 27.3249 -123.1340
v 0.0000 1.0039 1.0000
v 166.6679 33.0665 -108.0513
v 0.0000 0.0000 0.4392
v 165.8797 30.5143 -93.2218
v 0.0000 2.0078 0.4196
v -91.2260 11.3956 -146.7293
v -0.1250 1.0039 0.7608
v 131.5538 43.2650 -141.2321
v 0.0000 0.0000 0.4588
v 128.0713 43.2638 -139.5234
v 0.0000 0.0000 0.2745
v 126.9317 40.7059 -119.2283
v 0.0000 2.0078 -0.0588
v 137.4904 40.7083 -120.4697
v 0.0000 2.0078 0.2353
v 81.4246 40.7238 -138.7912
v 0.0000 2.0078 0.7686
v 89.4405 40.7238 -138.6042
v 0.0000 2.0078 1.0000
v 91.7726 43.2578 -142.5211
v 0.0000 0.0000 1.0000
v 86.6630 43.2578 -147.7706
v 0.0000 0.0000 0.6353
v 58.6970 40.7063 -151.0131
v 0.0000 2.0078 0.0078
v 95.4007 31.7915 -105.9839
v -0.0000 1.0039 -0.8275
v 85.5682 32.4230 -108.4773
v 0.0000 1.0039 -1.0039
v 78.1146 43.2612 -163.8607
v 0.0000 0.0000 -0.2784
v 52.5063 40.7130 -166.8242
v 0.0000 2.0078 -0.4824
v 54.4090 40.7094 -158.3934
v 0.0000 2.0078 -0.2314
v 76.9732 43.2629 -167.0233
v 0.0000 0.0000 -0.4471
v 75.9060 43.2645 -169.9806
v 0.0000 0.0000 -0.6039
v 22.7309 35.6111 -167.0943
v 0.0000 2.0078 -0.2667
v -71.4696 11.3981 -128.9786
v -0.1250 1.0039 -0.2784
v 99.6044 36.8865 -118.7491
v -0.0000 1.0039 0.3922
v 45.2264 38.1675 -181.0846
v 0.0000 0.0000 0.0667
v 15.8886 35.6119 -174.7321
v 0.0000 2.0078 -0.6745
v 17.8261 35.6119 -171.7321
v 0.0000 2.0078 -0.5333
v 40.0132 37.9856 -185.2354
v 0.0000 0.0000 -0.1412
v 33.3893 37.6199 -186.8401
v 0.0000 0.0000 -0.3569
v 11.6972 33.0676 -185.0115
v 0.0000 0.0000 -0.4392
v 10.5369 33.0685 -192.4021
v 0.0000 0.0000 -1.0039
v -21.5040 30.5185 -201.1475
v 0.0000 2.0078 -1.0039
v -15.5521 30.5039 -187.2042
v 0.0000 2.0078 -0.3804
v 13.7791 33.0632 -177.8650
v 0.0000 0.0000 0.1216
v 44.0309 36.8873 -162.6792
v -0.1250 1.0039 0.4902
v 48.8916 36.8890 -156.1116
v -0.0000 1.0039 0.7961
v -7.9918 30.5117 -175.7499
v 0.0000 2.0078 0.1804
v 17.3072 33.0619 -171.6563
v 0.0000 0.0000 0.6627
v 13.1214 35.6179 -187.0785
v 0.0000 1.0039 -1.0039
v 33.9787 36.8893 -174.0895
v -0.1250 1.0039 -0.0745
v -0.1829 30.5159 -169.8041
v 0.0000 2.0078 0.5882
v 52.5686 30.5079 -111.1866
v 0.0000 2.0078 -0.1569
v 180.4526 16.4916 -43.7228
v -0.1250 1.0039 -0.4784
v 192.5772 16.4916 -42.6540
v -0.1250 1.0039 -0.0118
v 57.2947 33.0672 -129.2444
v 0.0000 0.0000 -0.3608
v 38.9518 30.5041 -118.8079
v 0.0000 2.0078 1.0000
v 46.0021 30.5041 -114.2231
v 0.0000 2.0078 -0.5490
v 55.2395 33.0683 -134.3430
v 0.0000 0.0000 -0.6824
v 54.5148 33.0683 -139.7748
v 0.0000 0.0000 -1.0039
v 24.7350 27.9787 -149.6697
v 0.0000 0.0000 -0.0510
v 89.8365 36.8884 -123.1579
v -0.0000 1.0039 0.1020
v 79.1901 36.8939 -127.3538
v -0.0000 1.0039 -0.2078
v 10.9403 25.4739 -124.2674
v 0.0000 2.0078 0.1529
v 28.6827 27.9628 -137.3499
v 0.0000 0.0000 0.4745
v 68.7668 36.8918 -131.8563
v -0.0000 1.0039 -0.5176
v 99.0733 -13.4937 128.0730
v 0.0000 1.0039 -1.0039
v 21.8100 25.4271 -121.1923
v 0.0000 2.0078 0.6824
v -17.0516 26.7649 -170.9013
v -0.1250 1.0039 0.1020
v -24.7417 23.1616 -160.7575
v 0.0000 0.0000 0.3059
v -51.6526 20.3113 -157.1865
v 0.0000 2.0078 0.1137
v -21.8557 26.6852 -185.6180
v -0.0000 1.0039 -0.4353
v -36.8901 20.3681 -144.5341
v 0.0000 2.0078 0.5647
v -24.4166 26.6935 -201.8478
v 0.0000 1.0039 -1.0039
v 24.6389 36.6159 -180.7861
v -0.1250 1.0039 -0.5098
v -20.8629 23.5597 -153.1772
v 0.0000 0.0000 0.5765
v 25.3430 6.2904 -17.3222
v -0.1250 1.0039 0.4824
v -103.1512 16.4935 -202.2329
v 0.0000 0.0000 -1.0039
v -116.1851 15.2185 -200.2713
v 0.0000 2.0078 -1.0039
v 14.1301 6.2916 -23.2619
v -0.1250 1.0039 0.0392
v 211.2386 -7.7829 81.3625
v -0.1250 1.0039 -0.2471
v -97.0401 15.2129 -171.0771
v 0.0000 2.0078 -0.0510
v -68.1434 17.4497 -202.5466
v 0.0000 0.0000 -0.1255
v 50.6208 31.7862 -124.2831
v -0.1250 1.0039 -0.6235
v -36.1510 11.3955 -84.4778
v -0.0000 1.0039 -0.5569
v 218.2499 20.3185 -46.8745
v 0.0000 2.0078 1.0000
v 209.7127 22.8685 -71.5212
v 0.0000 0.0000 1.0000
v -0.0063 6.2949 -30.8991
v -0.0000 1.0039 -0.5137
v 105.7249 22.8734 -76.2930
v 0.0000 0.0000 -0.3176
v 55.4522 16.4925 -54.9259
v -0.1250 1.0039 -1.0039
v 95.2282 -16.8242 169.4683
v -0.1250 1.0039 -0.1922
v 86.2182 20.3167 -55.7980
v 0.0000 2.0078 -0.5412
v 121.3097 22.8778 -81.3348
v -101.3171 -3.9094 -21.9090
v -0.1250 1.0039 -0.0235
v 88.9098 -16.9795 169.6074
v -0.1250 1.0039 -0.3725
v 100.6220 20.3153 -51.5194
v 0.0000 2.0078 -0.2588
v 135.3652 22.8765 -83.1878
v 0.0000 0.0000 0.2588
v 41.8566 -18.1226 166.6190
v -0.1250 1.0039 0.3529
v 20.8447 -17.9733 160.5209
v -0.1250 1.0039 -0.1725
v 116.1521 20.3169 -52.3864
v 0.0000 2.0078 0.0275
v 189.3523 -6.5105 75.4815
v 0.0000 0.0000 -0.7647
v 181.0539 -6.5105 79.4361
v 0.0000 0.0000 -1.0039
v 178.1754 -10.2788 88.9385
v 0.0000 2.0078 -1.0039
v 197.8947 -9.3588 94.5727
v 0.0000 2.0078 -0.5804
v -147.0018 2.4722 -139.5373
v 0.0000 0.0000 0.5098
v -152.4855 2.4641 -144.3452
v 0.0000 0.0000 0.3451
v -209.3268 0.8750 -118.5863
v 0.0000 2.0078 0.1765
v -187.4008 0.2382 -110.6473
v 0.0000 2.0078 0.5412
v -128.0130 2.4762 -129.3417
v 0.0000 0.0000 1.0000
v 74.3317 26.6910 -91.1212
v -0.1250 1.0039 1.0000
v 81.7657 26.6910 -88.8397
v -0.1250 1.0039 -0.7020
v -160.9601 -0.0818 -98.1055
v 0.0000 2.0078 1.0000
v -9.3947 -17.9676 157.5727
v 0.0000 2.0078 -0.6863
v -84.3857 -3.9067 -9.5752
v -0.1250 1.0039 0.4275
v -59.7837 -3.9058 -0.1544
v 0.0000 1.0039 1.0000
v 23.5830 -16.7093 136.9550
v 0.0000 0.0000 -0.5490
v 104.0451 16.4923 -45.8613
v 0.0000 1.0039 1.0000
v 110.8535 -16.6996 152.0843
v 0.0000 0.0000 0.0784
v 114.5937 -16.0326 191.0629
v 0.0000 2.0078 0.5059
v -40.3977 16.6059 -128.8461
v -0.1250 1.0039 -0.4078
v -186.4140 -7.7306 -67.8541
v 0.0000 0.0000 -0.0784
v 95.8805 -2.6824 56.9676
v 0.0000 1.0039 1.0000
v -221.2064 -7.7315 -102.8790
v 0.0000 0.0000 -1.0039
v -225.9716 -10.2815 -32.2711
v 0.0000 2.0078 -1.0039
v -201.0889 -10.2816 -22.5859
v 0.0000 2.0078 -0.2980
v -18.4133 22.0299 -139.3118
v 0.0000 1.0039 1.0000
v -177.3971 -10.2759 -17.3785
v 0.0000 2.0078 0.3373
v -161.0455 -7.7353 -49.1541
v 0.0000 0.0000 0.5059
v 13.7095 31.1663 -166.9774
v 0.0000 1.0039 1.0000
v -185.0438 -17.9735 40.7978
v 0.0000 1.0039 1.0000
v -193.3724 -17.9735 35.1678
v -0.0000 1.0039 0.6510
v -1.1088 16.4893 -86.9880
v 0.0000 1.0039 1.0000
v -205.9208 -17.9777 25.6260
v -0.1250 1.0039 0.1059
v -214.7266 -18.1328 18.7509
v -0.1250 1.0039 -0.2745
v -231.3713 -18.5940 5.7910
v 0.0000 1.0039 -1.0039
v -173.2426 -17.1344 53.4024
v 0.0000 1.0039 -1.0039
v -161.9009 -17.7783 72.4666
v -0.1250 1.0039 -0.4588
v -153.8294 -17.9907 81.4902
v -0.1250 1.0039 -0.1608
v 68.4650 -18.4339 169.1897
v -0.1250 1.0039 1.0000
v 68.4650 -18.4339 169.1897
v -0.1250 1.0039 1.0000
v 68.4650 -18.4339 169.1897
v -0.1250 1.0039 1.0000
v 51.5781 -18.9377 205.0004
v 0.0000 2.0078 1.0000
v 51.5781 -18.9377 205.0004
v 0.0000 2.0078 1.0000
v -111.4722 -17.9799 102.4881
v -0.1250 1.0039 1.0000
v -111.4722 -17.9799 102.4881
v -0.1250 1.0039 1.0000
v 95.0068 -7.7848 90.0874
v -0.0000 1.0039 1.0000
v 95.0068 -7.7848 90.0874
v -0.0000 1.0039 1.0000
v -59.6367 -7.7806 36.2735
v -0.1250 1.0039 -1.0039
v -59.6367 -7.7806 36.2735
v -0.1250 1.0039 -1.0039
v -71.1850 -9.0608 63.6136
v 0.0000 2.0078 -1.0039
v 166.7614 16.4927 -44.8014
v -0.1250 1.0039 1.0000
v 166.7614 16.4927 -44.8014
v -0.1250 1.0039 1.0000
v 170.3518 17.7733 -60.9542
v 0.0000 0.0000 1.0000
v 175.1057 6.2941 -0.9126
v -0.1250 1.0039 1.0000
v 175.1057 6.2941 -0.9126
v -0.1250 1.0039 1.0000
v 105.1161 11.3921 -23.0557
v -0.1250 1.0039 1.0000
v 105.1161 11.3921 -23.0557
v -0.1250 1.0039 1.0000
v -69.8413 6.2922 -77.2969
v -0.1250 1.0039 1.0000
v -69.8413 6.2922 -77.2969
v -0.1250 1.0039 1.0000
v -48.8223 7.5748 -92.8619
v 0.0000 0.0000 1.0000
v 48.5876 15.2125 -39.6339
v 0.0000 2.0078 1.0000
v 48.5876 15.2125 -39.6339
v 0.0000 2.0078 1.0000
v 55.4522 16.4925 -54.9259
v -0.1250 1.0039 1.0000
v -5.1524 11.3948 -60.0239
v -0.0000 1.0039 1.0000
v -5.1524 11.3948 -60.0239
v -0.0000 1.0039 1.0000
v 4.1150 12.6773 -77.0422
v 0.0000 0.0000 1.0000
v -0.0019 26.7976 -151.7779
v -0.1250 1.0039 -1.0039
v -0.0019 26.7976 -151.7779
v -0.1250 1.0039 -1.0039
v -9.4882 25.6155 -137.7439
v 0.0000 2.0078 -1.0039
v 167.0441 -12.8548 126.9367
v -0.1250 1.0039 -1.0039
v -48.0884 -6.5004 8.9333
v 0.0000 0.0000 -1.0039
v -48.0884 -6.5004 8.9333
v 0.0000 0.0000 -1.0039
v -59.6367 -7.7806 36.2735
v -0.1250 1.0039 -1.0039
v 163.1709 15.2120 -28.6485
v 0.0000 2.0078 1.0000
v 163.1709 15.2120 -28.6485
v 0.0000 2.0078 1.0000
v 166.7614 16.4927 -44.8014
v -0.1250 1.0039 1.0000
v 179.1978 5.0144 19.5435
v 0.0000 2.0078 1.0000
v 179.1978 5.0144 19.5435
v 0.0000 2.0078 1.0000
v 175.1057 6.2941 -0.9126
v -0.1250 1.0039 1.0000
v 107.3289 12.6709 -41.4875
v 0.0000 0.0000 -1.0039
v 107.3289 12.6709 -41.4875
v 0.0000 0.0000 -1.0039
v 102.9033 10.1134 -4.6240
v 0.0000 2.0078 1.0000
v 102.9033 10.1134 -4.6240
v 0.0000 2.0078 1.0000
v 105.1161 11.3921 -23.0557
v -0.1250 1.0039 1.0000
v -144.4866 1.1972 -113.7236
v -0.1250 1.0039 -1.0039
v -144.4866 1.1972 -113.7236
v -0.1250 1.0039 -1.0039
v -160.9601 -0.0818 -98.1055
v 0.0000 2.0078 -1.0039
v -14.4198 10.1122 -43.0056
v 0.0000 2.0078 1.0000
v -14.4198 10.1122 -43.0056
v 0.0000 2.0078 1.0000
v -5.1524 11.3948 -60.0239
v -0.0000 1.0039 1.0000
v 74.3317 26.6910 -91.1212
v -0.1250 1.0039 -1.0039
v 46.7333 31.7862 -129.2913
v -0.1250 1.0039 1.0000
v 46.7333 31.7862 -129.2913
v -0.1250 1.0039 1.0000
v 54.5148 33.0683 -139.7748
v 0.0000 0.0000 1.0000
v 167.0441 -12.8548 126.9367
v -0.1250 1.0039 -1.0039
v 167.0441 -12.8548 126.9367
v -0.1250 1.0039 -1.0039
v 167.6338 -12.8814 160.4039
v 0.0000 2.0078 -1.0039
v -111.4722 -17.9799 102.4881
v -0.1250 1.0039 1.0000
v -135.4100 -19.2618 133.5454
v 0.0000 2.0078 1.0000
v -135.4100 -19.2618 133.5454
v 0.0000 2.0078 1.0000
v -87.5343 -16.6980 71.4308
v 0.0000 0.0000 -1.0039
v -87.5343 -16.6980 71.4308
v 0.0000 0.0000 -1.0039
v 85.3520 -17.9302 133.3789
v 0.0000 0.0000 -1.0039
v 85.3520 -17.9302 133.3789
v 0.0000 0.0000 -1.0039
v -155.3572 -12.8790 19.0717
v -0.1250 1.0039 -1.0039
v -155.3572 -12.8790 19.0717
v -0.1250 1.0039 -1.0039
v -169.5096 -14.1637 45.8696
v 0.0000 2.0078 -1.0039
v -155.3572 -12.8790 19.0717
v -0.1250 1.0039 -1.0039
v -141.2049 -11.5943 -7.7262
v 0.0000 0.0000 -1.0039
v -141.2049 -11.5943 -7.7262
v 0.0000 0.0000 -1.0039
v 10.3683 -12.8830 103.0570
v -0.0000 1.0039 -1.0039
v 10.3683 -12.8830 103.0570
v -0.0000 1.0039 -1.0039
v 1.8350 -14.1650 132.0296
v 0.0000 2.0078 -1.0039
v 10.3683 -12.8830 103.0570
v -0.0000 1.0039 -1.0039
v 18.9015 -11.6011 74.0844
v 0.0000 0.0000 -1.0039
v 18.9015 -11.6011 74.0844
v 0.0000 0.0000 -1.0039
v 166.4543 -12.8282 93.4694
v 0.0000 0.0000 1.0000
v 95.0068 -7.7848 90.0874
v -0.0000 1.0039 1.0000
v 89.0698 -9.0656 118.1132
v 0.0000 2.0078 1.0000
v 89.0698 -9.0656 118.1132
v 0.0000 2.0078 1.0000
v 100.9438 -6.5041 62.0615
v 0.0000 0.0000 -1.0039
v 100.9438 -6.5041 62.0615
v 0.0000 0.0000 -1.0039
v 171.0135 7.5738 -21.3687
v 0.0000 0.0000 -1.0039
v 171.0135 7.5738 -21.3687
v 0.0000 0.0000 -1.0039
v -0.0019 26.7976 -151.7779
v -0.1250 1.0039 -1.0039
v 9.4843 27.9798 -165.8118
v 0.0000 0.0000 -1.0039
v 9.4843 27.9798 -165.8118
v 0.0000 0.0000 -1.0039
v 46.7333 31.7862 -129.2913
v -0.1250 1.0039 1.0000
v 38.9518 30.5041 -118.8079
v 0.0000 2.0078 -1.0039
v 55.4522 16.4925 -54.9259
v -0.1250 1.0039 1.0000
v 55.4522 16.4925 -54.9259
v -0.1250 1.0039 1.0000
v 62.3168 17.7725 -70.2180
v 0.0000 0.0000 -1.0039
v 62.3168 17.7725 -70.2180
v 0.0000 0.0000 -1.0039
v 82.4030 27.9713 -104.7427
v 0.0000 0.0000 1.0000
v 74.3317 26.6910 -91.1212
v -0.1250 1.0039 -1.0039
v 74.3317 26.6910 -91.1212
v -0.1250 1.0039 -1.0039
v 66.2604 25.4107 -77.4996
v 0.0000 2.0078 -1.0039
v 27.8396 -1.4011 18.9389
v 0.0000 0.0000 -1.0039
v 27.8396 -1.4011 18.9389
v 0.0000 0.0000 -1.0039
v 17.4708 -2.6830 39.4784
v -0.1250 1.0039 -1.0039
v 7.1020 -3.9650 60.0179
v 0.0000 2.0078 -1.0039
v 17.4708 -2.6830 39.4784
v -0.1250 1.0039 -1.0039
v 17.4708 -2.6830 39.4784
v -0.1250 1.0039 -1.0039
v -39.9255 1.1922 -21.3652
v -0.0000 1.0039 1.0000
v -39.9255 1.1922 -21.3652
v -0.0000 1.0039 1.0000
v -26.2790 2.4715 -39.1841
v 0.0000 0.0000 1.0000
v -39.9255 1.1922 -21.3652
v -0.0000 1.0039 1.0000
v -53.5720 -0.0870 -3.5462
v 0.0000 2.0078 1.0000
v -53.5720 -0.0870 -3.5462
v 0.0000 2.0078 1.0000
v -144.4866 1.1972 -113.7236
v -0.1250 1.0039 -1.0039
v -128.0130 2.4762 -129.3417
v 0.0000 0.0000 -1.0039
v -128.0130 2.4762 -129.3417
v 0.0000 0.0000 -1.0039
v -69.8413 6.2922 -77.2969
v -0.1250 1.0039 1.0000
v -90.8603 5.0097 -61.7318
v 0.0000 2.0078 1.0000
v -90.8603 5.0097 -61.7318
v 0.0000 2.0078 1.0000
v 39.0429 6.2900 -11.3451
v -0.1250 1.0039 -1.0039
v 39.0429 6.2900 -11.3451
v -0.1250 1.0039 -1.0039
v 32.6650 5.0103 8.9597
v 0.0000 2.0078 -1.0039
v 39.0429 6.2900 -11.3451
v -0.1250 1.0039 -1.0039
v 45.4208 7.5698 -31.6498
v 0.0000 0.0000 -1.0039
v 0.0000 0.0000 5.0624
v 13.9118 1.2269 315.1727
v 0.0000 0.0000 1.0000
v 1.0000 1.0000 0.0000
v 0.0000 0.0000 -119.2144
v -50.6445 -8.3746 0.0000
v 0.0235 -4.9804 -154.1015
v -50.6443 -20.9246 0.0000
v 3.9882 -4.3451 -155.2351
v -50.6443 -3.2430 0.0000
v 3.9882 -3.7451 -117.3224
v -50.6445 2.3528 0.0000
v 0.0235 -4.4588 -97.3128
v -50.6445 84.4385 0.0000
v 0.0235 -0.3725 -106.3153
v -50.6453 67.8795 0.0000
v 0.0235 -1.2353 -130.8148
v -50.6443 80.8628 0.0000
v 3.9882 -0.6941 -115.4135
v -50.6445 93.9022 0.0000
v 3.9882 -0.0078 -112.3400
v -50.6445 40.5685 0.0000
v 0.0235 -2.5804 -148.4534
v -50.6443 50.0745 0.0000
v 3.9882 -1.9098 -141.5996
v -50.6443 66.0306 0.0000
v 3.9882 -1.3176 -113.1273
v -50.6445 54.7584 0.0000
v 0.0235 -1.9490 -109.1973
v -50.6443 -63.2308 0.0000
v 3.9882 -6.5647 -124.5112
v -50.6443 -58.2999 0.0000
v 3.9882 -6.0157 -105.6969
v -50.6445 -25.8934 0.0000
v 0.0235 -6.2196 -97.1557
v -50.6445 -23.7572 0.0000
v 0.0235 -6.6157 -112.1028
v -50.6445 -23.2825 0.0000
v 0.0235 -5.8471 -137.5097
v -50.6443 -49.3171 0.0000
v 3.9882 -5.4784 -148.1930
v -50.6443 -36.2827 0.0000
v 3.9882 -4.9059 -116.8453
v -50.6445 -18.1915 0.0000
v 0.0235 -5.4392 -69.4633
v -50.6445 -57.2899 0.0000
v 3.9882 -7.9176 -90.2775
v -50.6445 -64.0603 0.0000
v 3.9882 -7.1765 -90.2752
v -50.6445 -22.3330 0.0000
v 0.0235 -7.1098 -79.1242
v -50.6445 -22.5703 0.0000
v 0.0235 -7.7412 -20.5152
v -50.6443 -8.2047 0.0000
v 3.9882 -10.4157 -22.5629
v -50.6443 -22.7468 0.0000
v 3.9882 -9.9176 -60.3810
v -50.6445 -6.1922 0.0000
v 0.0235 -9.2784 -59.1947
v -50.6445 2.3528 0.0000
v 0.0235 -9.7216 -41.1974
v -50.6443 78.3307 0.0000
v 3.9882 -13.7529 -26.0441
v -50.6443 70.1379 0.0000
v 3.9882 -13.1686 -55.2807
v -50.6445 53.6320 0.0000
v 0.0235 -12.4941 -60.6298
v -50.6445 60.9206 0.0000
v 0.0235 -12.8196 -113.5263
v -50.6445 13.5090 0.0000
v 0.0235 -3.8706 -154.8216
v -50.6443 14.7224 0.0000
v 3.9882 -3.1333 -152.8607
v -50.6443 32.9717 0.0000
v 3.9882 -2.5098 -111.6283
v -50.6445 26.8013 0.0000
v 0.0235 -3.2118 -95.2559
v -50.6445 99.6628 0.0000
v 0.0235 0.2784 -105.5404
v -50.6445 104.8061 0.0000
v 3.9882 0.5020 -69.2856
v -50.6443 101.5926 0.0000
v 3.9882 -15.0118 -80.2405
v -50.6445 96.5767 0.0000
v 0.0235 -14.8118 -17.3412
v -50.6443 25.1805 0.0000
v 3.9882 -11.5569 -18.7746
v -50.6443 7.7710 0.0000
v 3.9882 -10.9608 -56.8222
v -50.6445 11.6100 0.0000
v 0.0235 -10.2588 -53.5006
v -50.6445 24.4277 0.0000
v 0.0235 -10.8902 -32.7945
v -50.6443 -35.2144 0.0000
v 3.9882 -9.3686 -49.8335
v -50.6445 -47.6423 0.0000
v 3.9882 -8.6471 -66.5865
v -50.6445 -23.1000 0.0000
v 0.0235 -8.3137 -61.0928
v -50.6445 -15.9242 0.0000
v 0.0235 -8.8353 -18.0067
v -50.6443 58.0026 0.0000
v 3.9882 -12.6745 -17.0852
v -50.6443 41.9243 0.0000
v 3.9882 -12.1255 -50.5104
v -50.6445 37.3249 0.0000
v 0.0235 -11.4902 -51.9473
v -50.6445 46.9636 0.0000
v 0.0235 -12.0627 -66.9091
v -50.6445 69.9926 0.0000
v 0.0235 -13.4510 -75.9211
v -50.6445 82.9983 0.0000
v 0.0235 -14.1412 -62.4966
v -50.6443 92.2222 0.0000
v 3.9882 -14.6196 -53.3482
v -50.6443 85.6920 0.0000
v 3.9882 -14.2392 -99.5754
v -50.6445 102.3373 0.0000
v 2.1333 0.4157 -106.5689
v -50.6445 88.9646 -0.0000
v 2.0863 -0.1569 -117.4190
v -50.6445 74.4963 -0.0000
v 2.0078 -0.9020 -126.6519
v -50.6445 60.0284 -0.0000
v 2.0078 -1.5647 -129.1852
v -50.6445 45.5531 -0.0000
v 2.0078 -2.1765 -130.6652
v -50.6445 14.2493 -0.0000
v 2.0078 -3.4353 -128.8576
v -50.6445 29.1693 -0.0000
v 2.0078 -2.7922 -134.8793
v -50.6445 -0.0208 -0.0000
v 2.0078 -4.0392 -135.4231
v -50.6445 -14.0039 -0.0000
v 2.0078 -4.6078 -131.4222
v -50.6445 -26.1631 -0.0000
v 2.0078 -5.1294 -125.8825
v -50.6445 -36.1675 -0.0000
v 2.0078 -5.6314 -116.0341
v -50.6445 -43.2474 -0.0000
v 2.0078 -6.0980 -104.9547
v -50.6445 -47.2493 -0.0000
v 2.0078 -6.5843 -91.2593
v -50.6445 -47.4032 -0.0000
v 2.0078 -7.1451 -73.5986
v -50.6443 -42.3282 -0.0000
v 2.0078 -7.8431 -57.9416
v -50.6443 -35.4618 -0.0000
v 2.0078 -8.5098 -47.8596
v -50.6445 -25.3937 -0.0000
v 2.0078 -9.1490 -42.3157
v -50.6445 -15.5907 -0.0000
v 2.0078 -9.6510 -40.2820
v -50.6445 -3.3834 -0.0000
v 2.0078 -10.1294 -38.2484
v -50.6445 9.7281 -0.0000
v 2.0078 -10.6784 -34.0103
v -50.6445 24.3204 -0.0000
v 2.0078 -11.2902 -33.3948
v -50.6445 39.4039 -0.0000
v 2.0078 -11.8745 -35.3953
v -50.6445 52.0248 -0.0000
v 2.0078 -12.4353 -41.7044
v -50.6445 61.2596 -0.0000
v 2.0078 -12.9020 -50.1679
v -50.6445 69.1092 -0.0000
v 1.9333 -13.3804 -59.8624
v -50.6445 77.4205 -0.0000
v 1.9843 -13.9020 -68.9806
v -50.6453 87.9681 -0.0000
v 2.1843 -14.4392 -75.4521
v -50.6453 98.9222 0.0000
v 2.1137 -14.9333 0.0000
v -86.1602 -50.6448 20.3729
v 109.0886 0.0000 0.0000
v 1.0000 1.0000 1.0000
v 0.0000 0.0000 -229.6756
v -26.1992 -81.9442 0.0000
v 1.7529 -5.1216 -144.1667
v -51.3047 -42.2280 0.0000
v 4.0118 -5.8706 -214.9353
v -26.1992 0.8455 0.0000
v 6.1490 -8.1647 -181.1609
v -42.6000 101.0268 0.0000
v 11.1451 -7.0784 -134.6381
v -42.6008 85.3450 0.0000
v 10.3725 -5.5725 -239.6536
v -26.1992 -49.9624 0.0000
v 3.6157 -8.9569 -67.1048
v -51.3047 -59.0654 0.0000
v 3.1843 -3.3765 -154.2670
v -51.3047 10.9035 0.0000
v 5.8863 -8.7412 -224.0688
v -42.6016 68.5609 0.0000
v 9.5216 -8.4627 -16.2229
v -51.3047 -4.2503 0.0000
v 2.5843 -6.4314 -176.8156
v -42.6016 -87.4078 0.0000
v 1.7569 -6.9216 -145.9485
v -42.6000 -50.0638 0.0000
v 9.3137 -7.3725 -113.8879
v -42.6000 -71.2480 0.0000
v 2.5725 -4.8902 -103.9683
v -42.6000 -80.0563 0.0000
v 2.1333 -4.5686 -105.5002
v -42.6000 -92.0383 0.0000
v 1.5373 -4.6157 -127.4621
v -42.6016 -104.2125 0.0000
v 0.9255 -5.3255 -230.5827
v -26.1992 19.2180 0.0000
v 7.0627 -8.6706 -242.1054
v -26.2000 14.9500 0.0000
v 6.8471 -9.0431 -220.3779
v -26.1992 16.9498 0.0000
v 6.9529 -8.3412 -104.7342
v -42.6000 -86.0474 0.0000
v 1.8353 -4.5922 -151.7200
v -42.6000 115.3052 0.0000
v 11.8627 -6.1294 -125.4824
v -42.6008 105.8522 0.0000
v 11.3961 -5.2784 -162.0365
v -42.6000 60.6828 0.0000
v 9.1373 -6.4588 -134.5015
v -42.6008 114.0551 0.0000
v 11.8000 -5.5725 -207.7927
v -42.6016 19.7222 0.0000
v 7.0902 -7.9333 -157.3974
v -42.6000 22.1958 0.0000
v 10.6941 -6.2078 -107.3130
v -51.3047 102.5739 0.0000
v 11.2314 -4.6902 -106.7580
v -51.3047 -61.6846 0.0000
v 3.0471 -4.6588 -29.6868
v -51.3047 -37.7380 0.0000
v 4.2510 -2.1686 -251.3513
v -26.2000 -10.6036 0.0000
v 2.4196 -8.0824 -225.6440
v -42.6016 44.6667 0.0000
v 8.3333 -8.5137 -163.4515
v -42.6000 44.4822 0.0000
v 8.3294 -6.5020 -217.4141
v -26.2000 -87.2091 0.0000
v 1.7608 -8.2353 -201.6158
v -26.2000 -28.4758 0.0000
v 4.9255 -6.8431 -187.8413
v -42.6016 -62.9885 0.0000
v 2.9725 -7.2824 -155.3504
v -42.6000 -38.6509 0.0000
v 3.6431 -6.7490 -150.1521
v -51.3047 48.6942 0.0000
v 4.1725 -8.3020 -15.1006
v -51.3047 32.9792 0.0000
v 7.7804 -1.7020 -207.2251
v -26.1992 -86.7074 0.0000
v 7.0588 -3.9961 -198.8344
v -26.1992 -81.7174 0.0000
v 8.3373 -7.4784 -128.8291
v -51.3047 81.4337 0.0000
v 10.1765 -5.3843 -196.7935
v -26.1992 -67.2008 0.0000
v 2.7608 -7.5686 -59.0558
v -51.3047 91.9102 0.0000
v 10.7098 -3.1294 -24.2657
v -51.3047 76.5695 0.0000
v 9.9490 -2.0039 -82.6232
v -51.3047 103.5093 0.0000
v 11.2824 -3.8941 -189.6789
v -42.6016 -30.6919 0.0000
v 4.5804 -7.3451 -155.2890
v -42.6016 -16.7755 0.0000
v 5.2784 -6.2314 0.0000
v 0.0000 -133.2260 -38.7519
v 5.5463 161.2470 0.0000
v 0.0000 1.0000 1.0000
v 1.0000 0.0000 0.0000
v 0.0000 -109.4784 -34.8008
v -11.5191 0.0000 0.2000
v -7.9255 -116.4282 -34.8000
v -22.4319 0.0000 0.2000
v -7.3647 -175.7500 -34.8000
v -22.3750 0.0000 3.8314
v -7.8078 -169.7500 -34.8000
v -0.1250 0.0000 3.8314
v -8.4471 56.2285 -34.8000
v -71.2223 0.0000 3.8314
v 0.8000 17.7500 -34.8000
v -89.8750 0.0000 3.8314
v -0.3843 -8.2183 -34.8000
v -58.2068 0.0000 0.2000
v -1.1294 32.0605 -34.8000
v -41.5627 0.0000 0.2000
v 0.8000 -25.3337 -34.8008
v 33.5590 0.0000 0.2000
v -12.4980 -43.9399 -34.8008
v 31.6979 0.0000 0.2000
v -11.7882 -38.4375 -34.8000
v 78.2500 0.0000 3.8314
v -13.1882 -14.3125 -34.8000
v 76.2500 0.0000 3.8314
v -13.8588 -47.1250 -34.8000
v -120.5000 0.0000 3.8314
v -2.3843 -72.8750 -34.8000
v -122.5000 0.0000 3.8314
v -3.1020 -72.2628 -34.8008
v -73.3463 0.0000 0.2000
v -4.0196 -59.2384 -34.8008
v -72.5191 0.0000 0.2000
v -3.5569 46.8080 -34.8000
v 36.1333 0.0000 0.2000
v -15.8588 -3.0061 -34.8008
v 37.2810 0.0000 0.2000
v -13.6078 9.1250 -34.8000
v 73.3750 0.0000 3.8314
v -14.5137 56.3782 -34.8000
v 62.9420 0.0000 3.8314
v -15.8588 -89.8354 -34.8008
v -61.1462 0.0000 0.2000
v -5.0980 -84.2535 -34.8008
v -70.6581 0.0000 0.2000
v -4.5412 -100.6250 -34.8000
v -119.2500 0.0000 3.8314
v -3.8784 -130.3750 -34.8000
v -110.7500 0.0000 3.8314
v -4.7373 -96.6607 -34.8008
v 8.5386 0.0000 0.2000
v -9.0118 -102.2426 -34.8008
v -1.1801 0.0000 0.2000
v -8.4902 -160.1250 -34.8000
v 22.5000 0.0000 3.8314
v -9.1294 -146.8750 -34.8000
v 45.5000 0.0000 3.8314
v -9.8667 -57.9980 -34.8008
v 32.3183 0.0000 0.2000
v -11.1373 -71.4359 -34.8008
v 31.9047 0.0000 0.2000
v -10.5882 -88.7500 -34.8000
v 79.6250 0.0000 3.8314
v -11.7882 -63.2500 -34.8000
v 79.3750 0.0000 3.8314
v -12.4980 -42.9126 -34.8008
v -67.3496 0.0000 0.2000
v -2.8353 -29.4747 -34.8008
v -62.3869 0.0000 0.2000
v -2.0706 -1.6250 -34.8000
v -100.7500 0.0000 3.8314
v -1.0000 -23.3750 -34.8000
v -113.2500 0.0000 3.8314
v -1.6941 -130.5625 -34.8000
v 62.6875 0.0000 3.8314
v -10.5255 -111.1875 -34.8000
v 74.0625 0.0000 3.8314
v -11.1490 -84.0468 -34.8008
v 29.8369 0.0000 0.2000
v -10.0392 -92.3192 -34.8008
v 21.1522 0.0000 0.2000
v -9.4980 -117.1040 -34.8000
v -33.6969 0.0000 0.2000
v -6.8667 -114.4010 -34.8000
v -44.7367 0.0000 0.2000
v -6.3608 -176.8750 -34.8000
v -65.7500 0.0000 3.8314
v -6.6000 -178.1250 -34.8000
v -44.2500 0.0000 3.8314
v -7.1961 -153.0000 -34.8000
v -99.0000 0.0000 3.8314
v -5.4431 -168.5000 -34.8000
v -84.0000 0.0000 3.8314
v -6.0431 -104.5137 -34.8008
v -50.1869 0.0000 0.2000
v -5.8980 -96.4510 -34.8008
v -53.9089 0.0000 0.2000
v -5.5216 42.3722 -34.8000
v -55.7477 0.0000 1.8627
v 0.8000 3.7465 -34.8000
v -73.2954 -0.0000 1.9059
v -0.6275 -15.6234 -34.8008
v -82.0310 -0.0000 2.0667
v -1.3412 -33.6095 -34.8008
v -90.3022 -0.0000 2.1333
v -2.0000 -53.2450 -34.8000
v -97.6920 -0.0000 2.2157
v -2.7294 -72.9458 -34.8000
v -99.8032 -0.0000 2.2549
v -3.4000 -92.5293 -34.8008
v -96.9192 -0.0000 2.2706
v -4.0863 -109.6884 -34.8008
v -85.7531 -0.0000 2.1647
v -4.8392 -120.8522 -34.8008
v -73.5530 -0.0000 2.0824
v -5.4235 -132.6362 -34.8008
v -65.2819 -0.0000 2.0745
v -5.9882 -144.6269 -34.8008
v -54.5293 -0.0000 2.0863
v -6.4863 -150.1071 -34.8000
v -38.8118 -0.0000 2.1569
v -7.0667 -148.6999 -34.8000
v -21.6873 -0.0000 2.1765
v -7.6471 -144.4783 -34.8000
v -4.5628 -0.0000 2.2157
v -8.2431 -131.8059 -34.8008
v 11.4335 -0.0000 2.1373
v -8.9412 -120.6421 -34.8008
v 26.3217 -0.0000 2.0353
v -9.5843 -112.3727 -34.8008
v 42.6573 -0.0000 2.0706
v -10.2157 -98.5213 -34.8008
v 53.4098 -0.0000 2.1529
v -10.7843 -80.5322 -34.8008
v 57.5454 -0.0000 2.2863
v -11.4196 -60.0684 -34.8008
v 57.3387 -0.0000 2.4980
v -12.0706 -40.6351 -34.8008
v 56.3047 -0.0000 2.5529
v -12.7608 -19.3413 -34.8008
v 57.3387 -0.0000 2.4275
v -13.4784 3.4027 -34.8008
v 56.9251 -0.0000 2.0275
v -14.1843 50.6361 -34.8000
v 48.5802 0.0000 1.8588
v -15.8588 0.0000 0.0000
v -60.8734 -34.8004 -21.4375
v 154.7952 0.0000 0.0000
v 1.0000 1.0000 1.0000
v 0.0000 0.0000 12.1671
v -35.6758 55.8092 0.0000
v 2.5686 -3.2353 -62.1347
v -35.6758 -102.0529 0.0000
v 8.1451 -10.2510 -107.5198
v -35.6758 47.9161 0.0000
v 7.0353 -6.6667 -25.3173
v -35.6758 65.3467 0.0000
v 5.3294 -2.8000 -151.5803
v -35.6758 -39.2369 0.0000
v 14.7137 -7.4196 -104.8799
v -35.6758 -97.1197 0.0000
v 11.2980 -10.0196 -2.9489
v -35.6758 -79.3602 0.0000
v 3.7608 -9.2588 19.0814
v -35.6758 -66.5339 0.0000
v 2.1255 -8.6941 37.4948
v -35.6758 26.8678 0.0000
v 0.7137 -4.5373 -140.4008
v -35.6758 -72.1248 0.0000
v 13.9098 -8.8902 -148.6210
v -35.6758 -11.2822 0.0000
v 14.4824 -6.1765 42.7557
v -35.6758 -8.6512 0.0000
v 0.3451 -6.1216 -28.2672
v -35.6758 -93.1731 0.0000
v 5.6353 -9.8667 -69.7066
v -35.6758 60.7424 0.0000
v 8.6118 -2.9882 -131.5229
v -35.6758 17.9881 0.0000
v 13.2000 -4.8745 36.8372
v -35.6758 -39.8947 0.0000
v 11.4235 -6.3961 0.0000
v -54.4123 -35.6758 -18.3531
v 128.2469 0.0000 0.0000
v 1.0000 1.0000 1.0000
v 0.0000 185.4568 -5.8296
v -89.0788 -0.0000 0.6353
v 0.4353 183.3765 -12.4764
v -62.5671 -0.0000 1.3529
v 0.4118 141.6441 -35.5645
v 32.4062 0.0000 3.9373
v 0.2863 29.0362 -36.8984
v 37.1169 0.0000 6.0235
v 0.2784 44.1620 -36.8984
v 68.5168 0.0000 6.0235
v 0.0000 85.1916 -37.0580
v 55.4912 0.0000 5.2745
v 0.2745 179.2794 -15.4904
v -52.3389 -0.0000 1.6510
v 0.4196 201.8300 -3.2013
v -107.1767 0.0000 0.1882
v 0.0000 182.7718 -28.6279
v 5.7934 0.0000 2.8549
v 0.7059 162.3659 -6.4889
v -98.0992 0.0000 0.6902
v 1.0000 200.3036 -3.7000
v -115.5938 0.0000 0.0000
v 0.0000 189.4299 -3.7000
v -117.5469 0.0000 0.0000
v 0.7137 163.3668 -5.0084
v -103.3703 0.0000 0.4745
v 1.0000 148.5226 -27.0046
v -19.1611 -0.0000 2.8784
v 0.4510 141.9572 -26.2618
v -28.4949 -0.0000 2.8667
v 0.6902 154.4428 -13.5261
v -81.9241 0.0000 1.4353
v 1.0000 179.9722 -3.8676
v -103.2837 -0.0000 0.2745
v 0.5647 86.9221 -31.7105
v -65.8093 0.0000 4.3490
v 0.6941 160.4484 -8.4546
v -92.5869 0.0000 0.9255
v 1.0000 117.9751 -26.6170
v -64.3981 0.0000 3.1255
v 0.6980 145.0847 -19.0195
v -73.1912 0.0000 1.9725
v 1.0000 60.7149 -35.7617
v 4.2897 -0.0000 5.2863
v 0.7216 66.5537 -33.9702
v -70.1516 0.0000 5.1608
v 1.0000 39.5564 -36.8984
v -82.0063 0.0000 6.0235
v 1.0000 21.8562 -36.9000
v -35.5780 0.0000 6.0235
v 0.7216 103.7209 -29.2138
v -64.1448 0.0000 3.6863
v 1.0000 87.5419 -34.3711
v 0.0079 -0.0000 4.5373
v 0.4353 180.5283 -5.9926
v -89.4013 -0.0000 0.6667
v 0.7176 129.2386 -24.0368
v -66.5330 0.0000 2.6667
v 1.0000 184.4566 -3.7650
v -103.2422 -0.0000 0.2588
v 0.4510 172.5105 -15.7734
v -54.9746 -0.0000 1.6941
v 0.5294 125.0146 -29.4419
v -21.5995 -0.0000 3.3843
v 0.5686 106.2980 -31.7965
v -18.2044 -0.0000 3.9216
v 0.5725 203.4388 -19.0527
v -30.5155 0.0000 1.9137
v 0.2627 82.9720 -33.6750
v -15.1124 -0.0000 4.5804
v 0.5686 20.1890 -36.8984
v 11.4261 0.0000 6.0235
v 0.4353 208.1002 -11.1809
v -62.1207 0.0000 1.2000
v 0.2902 154.7334 -22.8875
v -35.1923 -0.0000 2.4588
v 0.5569 206.1614 -6.3902
v -84.4011 0.0000 0.6980
v 0.2706 207.2133 -14.5881
v -48.0510 0.0000 1.5137
v 0.0000 185.1389 -9.8417
v -72.3722 -0.0000 1.0824
v 0.4157 203.0675 -3.8159
v -100.9052 0.0000 0.3294
v 0.2863 173.2982 -3.7000
v -117.3371 0.0000 0.0000
v 0.7294 163.4314 -3.7000
v -115.4723 0.0000 0.0000
v 1.0000 178.8917 -3.7000
v -118.2241 0.0000 0.0000
v 0.5765 165.3593 -19.0940
v -45.9632 -0.0000 2.0275
v 0.5490 115.8826 -36.7062
v 43.1751 0.0000 4.5529
v 0.2706 110.9056 -32.6736
v -5.7608 -0.0000 3.9373
v 0.6902 157.7109 -10.8528
v -87.0143 0.0000 1.1843
v 1.0000 196.0341 -23.8958
v -11.0407 0.0000 2.3765
v 0.0000 185.6435 -7.5434
v -81.1136 -0.0000 0.8471
v 0.4235 180.3587 -7.8184
v -81.9527 -0.0000 0.8784
v 0.5333 204.5732 -4.8482
v -93.3133 0.0000 0.4980
v 0.0000 164.1468 -32.5185
v 20.1313 0.0000 3.3725
v 0.2941 179.2468 -10.1219
v -73.4627 -0.0000 1.1255
v 0.5255 176.6077 -12.7896
v -65.2029 -0.0000 1.3765
v 0.5333 18.0653 -36.9000
v -10.2335 0.0000 6.0235
v 0.5569 185.1196 -4.5228
v -96.7132 -0.0000 0.4314
v 0.4431 180.1910 -4.6859
v -97.0356 -0.0000 0.4510
v 0.5647 58.1635 -35.4674
v -12.9165 -0.0000 5.2784
v 0.5608 150.4391 -16.3718
v -77.3164 0.0000 1.6941
v 0.6902 207.5845 -8.5089
v -74.0861 0.0000 0.9294
v 0.2667 183.5008 -3.7000
v -118.2392 0.0000 0.0000
v 0.4549 162.0226 -23.1256
v -29.4423 -0.0000 2.4275
v 0.7098 138.1988 -21.5230
v -69.5727 0.0000 2.2902
v 1.0000 131.5800 -30.2852
v -12.2657 -0.0000 3.3647
v 0.4549 172.6485 -19.3322
v -40.2132 -0.0000 2.0235
v 0.7176 163.7527 -4.1109
v -108.1634 0.0000 0.2863
v 1.0000 0.0000 0.0000
v 0.0000 0.0000 113.0827
v -20.1296 -24.8612 133.2208
v 0.0000 0.0000 1.0000
v 1.0000 1.0000 0.0000
v 63.1768 -63.5906 6.4521
v 0.0000 0.0824 0.5059
v 32.0765 -63.5906 25.0298
v 0.0000 0.0824 -0.6039
v 59.0000 -63.5924 66.5995
v 0.0000 3.9333 -0.5216
v 84.5000 -63.5924 17.0995
v 0.0000 3.9333 0.5059
v -9.5000 -63.5924 -104.7755
v 0.0000 3.9333 -12.2549
v -41.5000 -63.5924 -107.5255
v 0.0000 3.9333 -11.6627
v -44.8898 -63.5906 -60.3298
v 0.0000 0.0824 -11.3765
v -15.2856 -63.5898 -53.1165
v 0.0000 0.0824 -12.1373
v -30.8226 -63.5898 47.9199
v 0.0000 0.0824 -2.5255
v -21.5000 -63.5924 104.0995
v 0.0000 3.9333 -2.1882
v 26.5000 -63.5924 90.0995
v 0.0000 3.9333 -1.2627
v 3.7838 -63.5906 38.6391
v 0.0000 0.0824 -1.4706
v -105.5704 -63.5906 -60.3298
v 0.0000 0.0824 -9.7098
v -76.2482 -63.5906 -62.3665
v 0.0000 0.0824 -10.5686
v -77.8750 -63.5924 -109.4005
v 0.0000 3.9333 -10.9882
v -118.6250 -63.5924 -110.4005
v 0.0000 3.9333 -10.2353
v 62.1893 -63.5924 -53.7038
v 0.0000 3.9333 -13.6157
v 25.6068 -63.5924 -87.2499
v 0.0000 3.9333 -12.7922
v 15.7884 -63.5898 -45.3445
v 0.0000 0.0824 -12.7882
v 46.5468 -63.5906 -40.2082
v 0.0000 0.0824 -13.6157
v -155.1250 -63.5924 -101.9005
v 0.0000 3.9333 -9.5412
v -187.3750 -63.5924 -83.9005
v 0.0000 3.9333 -8.8588
v -132.8489 -63.5898 -34.4636
v 0.0000 0.0824 -8.4980
v -121.9730 -63.5898 -43.7901
v 0.0000 0.0824 -9.0275
v -154.4406 -63.5906 16.6571
v 0.0000 0.0824 -6.3843
v -158.1059 -63.5906 6.0663
v 0.0000 0.0824 -6.8549
v -226.3750 -63.5924 22.3495
v 0.0000 3.9333 -6.6824
v -210.1250 -63.5924 54.8495
v 0.0000 3.9333 -6.0078
v -211.2500 -63.5924 -54.6505
v 0.0000 3.9333 -8.1569
v -226.7500 -63.5924 -14.1505
v 0.0000 3.9333 -7.3569
v -159.7349 -63.5906 -11.4492
v 0.0000 0.0824 -7.3765
v -151.4933 -63.5898 -26.6916
v 0.0000 0.0824 -7.9765
v -185.8750 -63.5924 80.4745
v 0.0000 3.9333 -5.3569
v -153.6250 -63.5924 99.2245
v 0.0000 3.9333 -4.6667
v -128.1878 -63.5898 27.7126
v 0.0000 0.0824 -5.3294
v -145.7964 -63.5898 26.6763
v 0.0000 0.0824 -5.9137
v -104.8823 -63.5898 31.3395
v 0.0000 0.0824 -4.5451
v -114.5000 -63.5924 109.2245
v 0.0000 3.9333 -3.9176
v -68.5000 -63.5924 110.4745
v 0.0000 3.9333 -3.0667
v -66.5577 -63.5898 38.0753
v 0.0000 0.0824 -3.5412
v 75.0554 -63.5906 12.5007
v 0.0000 2.0078 0.5059
v 44.8190 -63.5906 45.3357
v -0.0000 2.0078 -0.5412
v 14.5438 -63.5922 65.1309
v -0.0000 2.0078 -1.3373
v -25.8499 -63.5922 74.8192
v -0.0000 2.0078 -2.3176
v -68.6293 -63.5938 73.3085
v -0.0000 2.0078 -3.2549
v -109.5434 -63.5938 68.6453
v -0.0000 2.0078 -4.1725
v -140.0995 -63.5938 61.9095
v -0.0000 2.0078 -4.9373
v -165.9945 -63.5938 52.0650
v -0.0000 2.0078 -5.5882
v -183.3930 -63.5922 36.2491
v -0.0000 2.0078 -6.1686
v -192.6180 -63.5922 15.0468
v -0.0000 2.0078 -6.7529
v -193.9919 -63.5922 -12.6340
v -0.0000 2.0078 -7.3686
v -186.4279 -63.5933 -43.4910
v -0.0000 2.0078 -8.0902
v -158.2260 -63.5938 -57.7797
v -0.0000 2.0078 -8.7176
v -135.9563 -63.5938 -71.7694
v -0.0000 2.0078 -9.3412
v -113.1835 -63.5933 -88.2286
v -0.0000 2.0078 -10.0314
v -76.6202 -63.5933 -90.0511
v -0.0000 2.0078 -10.8314
v -43.1015 -63.5932 -89.7959
v -0.0000 2.0078 -11.5608
v -12.1782 -63.5938 -81.0958
v -0.0000 2.0078 -12.2275
v 20.4494 -63.5938 -66.5880
v -0.0000 2.0078 -12.8078
v 54.3265 -63.5922 -46.3983
v 0.0000 2.0078 -13.6157
v 0.0000 0.0000 -71.1250
v -63.5918 0.0370 190.8287
v 0.0000 0.0000 1.0000
v 1.0000 1.0000 0.0000
v -184.7627 -64.0477 -60.3074
v 0.0000 12.0392 -4.9765
v -206.4039 -64.0477 1.8393
v 0.0000 13.0510 -3.4549
v -139.0234 -64.0477 87.2408
v 0.0000 9.9529 -1.3529
v -137.0534 -64.0477 -91.1803
v 0.0000 9.8235 -5.7294
v 46.9352 -64.0477 63.9861
v 0.0000 1.3490 -1.9020
v 75.7902 -64.0477 -10.1890
v 0.0000 0.0000 -3.7176
v 46.9352 -64.0477 -56.6988
v 0.0000 1.3255 -4.8627
v 0.4465 -64.0477 -93.1849
v 0.0000 3.4667 -5.7647
v -189.5718 -64.0477 59.1746
v 0.0000 12.2863 -2.0471
v -13.9849 -64.0477 92.8541
v 0.0000 4.1725 -1.2000
v -70.4927 -64.0477 102.8778
v 0.0000 6.7882 -0.9608
v -66.8818 -64.0477 -105.2133
v 0.0000 6.5765 -6.0667
v 0.0000 -65.3069 -64.0477
v -1.1678 175.3108 0.0000
v 0.0000 1.0000 1.0000
v 1.0000 0.0000 0.0000
v 133.0733 -64.3469 -9.9348
v 0.0000 3.5373 1.0000
v 170.6497 -61.5486 -40.3202
v 0.0000 2.3608 0.0000
v 133.2123 -64.3469 -46.8923
v 0.0000 3.2471 0.0000
v 86.1145 -64.3469 -48.5485
v 0.0000 4.3451 0.0000
v 265.4740 -51.9000 -94.2778
v 0.0000 0.0000 1.0000
v 94.2146 -64.3469 0.5235
v 0.0000 4.3490 1.0000
v 71.3969 -64.3469 24.5164
v 0.0000 5.0196 1.0000
v 231.1500 -51.9000 -97.7889
v 57.9403 -64.3469 -55.4600
v 0.0000 5.0196 0.0000
v 229.2847 -55.8477 -65.6110
v 0.0000 0.7569 0.0000
v 220.9555 -56.6558 -24.7513
v 0.0000 1.7294 1.0000
v 252.9000 -53.5500 -53.9005
v 0.0000 0.8549 1.0000
v 172.8078 -61.3388 -15.8059
v 0.0000 2.7255 1.0000
v 209.4264 -57.7785 -43.1738
v 0.0000 1.4549 0.0000
v 37.5753 -64.3469 -9.7090
v 0.0000 5.0196 0.5098
v 90.1191 -64.3469 -22.4941
v -0.0000 4.0039 0.5294
v 133.3562 -64.3460 -28.1464
v -0.0000 3.1843 0.5059
v 171.9486 -61.4223 -27.9404
v -0.0000 2.4549 0.5020
v 215.1910 -57.2172 -33.9625
v -0.0000 1.6314 0.4980
v 241.0923 -54.6989 -59.7557
v -0.0000 0.9451 0.4980
v 251.1211 -51.9000 -108.8758
v 0.0000 0.0000 0.5255
v 42.1069 -64.3476 -39.2595
v 0.0000 5.0196 0.2510
v 52.2589 -64.3476 13.0867
v 0.0000 5.0196 0.7529
v 239.9464 -51.8984 -107.2056
v 0.0000 0.0000 0.2627
v 261.6272 -51.8984 -103.1523
v 0.0000 0.0000 0.7647
v 0.0000 0.0000 151.5247
v -58.1230 -42.1797 132.0334
v 0.0000 0.0000 1.0000
v 1.0000 1.0000 0.0000
v 1.0000 0.0000 0.0000
v 0.0000 0.0000 0.7071
v 0.0000 -0.7071 0.0000
v 1.0000 0.0000 0.0000
v 0.7071 0.0000 0.7071
v 0.0000 0.0000 1.0000
v 0.0000 1.0000 0.0000
v 0.0000 178.0508 52.4925
v -131.9844 0.0000 175.8070
v 42.3238 -157.2978 0.0000
v 166.4572 30.3197 -191.0787
v 0.0000 145.9194 16.2593
v -236.2228 0.0000 109.8986
v 1.6775 -291.6051 0.0000
v 66.3171 -8.1767 -340.2239
v 0.0000 27.3784 -11.7220
v -371.2469 0.0000 -12.5400
v -10.7491 -392.1723 0.0000
v -82.5672 -3.2273 -415.1515
v 0.0000 -152.9197 8.5816
v -428.1981 0.0000 -223.6024
v 24.1632 -432.5294 0.0000
v -250.0770 31.1672 -431.3947
v 0.0000 -273.1190 37.9914
v -428.6875 0.0000 -298.4623
v 46.6384 -423.0154 0.0000
v -0.4770 1.0000 0.0000
v 0.0000 -0.4770 2.5000
v 0.0000 0.0000 -0.4770
v -2.5000 0.0000 0.0000
v -0.4770 1.0000 0.0000
v 0.0000 -0.4770 2.5000
v 0.0000 0.0000 -0.4770
v -2.5000 0.0000 0.0000
v -0.4770 1.0000 0.0000
v 0.0000 -0.4770 1.5000
v 0.0000 0.0000 -0.4770
v 2.5000 0.0000 0.0000
v -0.4770 -2.5000 0.0000
v 0.0000 -0.4770 1.0000
v 0.0000 0.0000 -0.4770
v 2.5000 0.0000 0.0000
v -0.4770 -2.5000 0.0000
v 0.0000 -0.4770 1.0000
v 0.0000 0.0000 -0.4770
v 1.5000 0.0000 0.0000
v -0.4770 2.5000 0.0000
v 0.0000 -0.4770 -2.5000
v 0.0000 0.0000 -0.4770
v 1.0000 0.0000 0.0000
v -0.4770 2.5000 0.0000
v 0.0000 -0.4770 -2.5000
v 0.0000 0.0000 -0.4770
v 1.0000 0.0000 0.0000
v -0.4770 1.5000 0.0000
v 0.0000 -0.4770 2.5000
v 0.0000 0.0000 -0.4770
v -2.5000 0.0000 0.0000
v -0.4770 1.0000 0.0000
v 0.0000 -0.4770 2.5000
v 0.0000 0.0000 -0.4770
v -2.5000 0.0000 0.0000
v -0.4770 1.0000 0.0000
v 0.0000 -0.4770 1.5000
v 0.0000 0.0000 -0.4770
v 2.5000 0.0000 0.0000
v -0.4770 -2.5000 0.0000
v 0.0000 -0.4770 1.0000
v 0.0000 0.0000 -0.4770
v 2.5000 0.0000 0.0000
v -0.4770 -2.5000 0.0000
v 0.0000 -0.4770 1.0000
v 0.0000 0.0000 -0.4770
v 1.5000 0.0000 0.0000
v -0.4770 2.5000 0.0000
v 0.0000 -0.4770 -2.5000
v 0.0000 0.0000 -0.4770
v 1.0000 0.0000 0.0000
v -0.4770 2.5000 0.0000
v 0.0000 -0.4770 -2.5000
v 0.0000 0.0000 -0.4770
v 1.0000 0.0000 0.0000
v -0.4770 1.5000 0.0000
v 0.0000 -0.4770 2.5000
v 0.0000 0.0000 -0.4770
v -2.5000 0.0000 0.0000
v -0.4770 1.0000 0.0000
v 0.0000 -0.4770 2.5000
v 0.0000 0.0000 -0.4770
v -2.5000 0.0000 0.0000
v -0.4770 1.0000 0.0000
v 0.0000 -0.4770 1.5000
v 0.0000 0.0000 -0.4770
v 2.5000 0.0000 0.0000
v -0.4770 -2.5000 0.0000
v 0.0000 -0.4770 1.0000
v 0.0000 0.0000 -0.4770
v 2.5000 0.0000 0.0000
v -0.4770 -2.5000 0.0000
v 0.0000 -0.4770 1.0000
v 0.0000 0.0000 -0.4770
v 1.5000 0.0000 0.0000
v -0.4770 2.5000 0.0000
v 0.0000 -0.4770 -2.5000
v 0.0000 0.0000 -0.4770
v 1.0000 0.0000 0.0000
v -0.4770 1.5000 0.0000
v 0.0000 -0.4770 2.5000
v 0.0000 0.0000 -0.4770
v -2.5000 0.0000 0.0000
v -0.4770 1.0000 0.0000
v 0.0000 -0.4770 1.5000
v 0.0000 0.0000 -0.4770
v 2.5000 0.0000 0.0000
v -0.4770 -2.5000 0.0000
v 0.0000 -0.4770 1.0000
v 0.0000 0.0000 -0.4770
v 1.5000 0.0000 0.0000
v -0.4770 2.5000 0.0000
v 0.0000 -0.4770 -2.5000
v 0.0000 0.0000 -0.4770
v 1.0000 0.0000 0.0000
v -0.4770 1.5000 0.0000
v 0.0000 -0.4770 2.5000
v 0.0000 0.0000 -0.4770
v -1.3851 0.0000 0.0000
v -157.2109 93.4263 37.5329
v 0.0000 -125.4158 90.9075
v 18.0800 0.0000 -79.8042
v 84.1446 -19.2836 0.0000
v 4.8967 61.9423 -117.6254
v 0.0000 32.3468 47.6490
v -170.6902 0.0000 43.9744
v 32.7098 -215.1691 0.0000
v 48.2928 13.4461 -266.4196
v 0.0000 45.4434 1.6199
v -297.0607 0.0000 36.4334
v -9.5567 -326.6804 0.0000
v 26.6490 -15.2504 -342.8709
v 0.0000 10.7966 -19.5472
v -357.3253 0.0000 -20.1786
v -20.4202 -367.8387 0.0000
v -81.3656 -14.9117 -369.5530
v 0.0000 -161.1169 -2.9892
v -358.9086 0.0000 -253.2830
v 14.8579 -335.5588 0.0000
v 0.0000 -0.4770 1.0000
v 0.0000 0.0000 -0.4770
v 2.5000 0.0000 0.0000
v -0.4770 -2.5000 0.0000
v 0.0000 -0.4770 1.0000
v 0.0000 0.0000 -0.4770
v 2.5000 0.0000 0.0000
v -0.4770 -2.5000 0.0000
v 0.0000 -0.4770 1.0000
v 0.0000 0.0000 -0.4770
v 1.5000 0.0000 0.0000
v -0.4770 2.5000 0.0000
v 0.0000 -0.4770 -2.5000
v 0.0000 0.0000 -0.4770
v 1.0000 0.0000 0.0000
v -0.4770 2.5000 0.0000
v 0.0000 -0.4770 -2.5000
v 0.0000 0.0000 -0.4770
v 1.0000 0.0000 0.0000
v -0.4770 1.5000 0.0000
v 0.0000 -0.4770 2.5000
v 0.0000 0.0000 -0.4770
v -2.5000 0.0000 0.0000
v -0.4770 1.0000 0.0000
v 0.0000 -0.4770 2.5000
v 0.0000 0.0000 -0.4770
v -2.5000 0.0000 0.0000
v -0.4770 1.0000 0.0000
v 0.0000 -0.4770 1.5000
v 0.0000 0.0000 -0.4770
v 2.5000 0.0000 0.0000
v -0.4770 -2.5000 0.0000
v 0.0000 -0.4770 1.0000
v 0.0000 0.0000 -0.4770
v 2.5000 0.0000 0.0000
v -0.4770 -2.5000 0.0000
v 0.0000 -0.4770 1.0000
v 0.0000 0.0000 -0.4770
v 1.5000 0.0000 0.0000
v -0.4770 2.5000 0.0000
v 0.0000 -0.4770 -2.5000
v 0.0000 0.0000 -0.4770
v 1.0000 0.0000 0.0000
v -0.4770 2.5000 0.0000
v 0.0000 -0.4770 -2.5000
v 0.0000 0.0000 -0.4770
v 1.0000 0.0000 0.0000
v -0.4770 1.5000 0.0000
v 0.0000 -0.4770 2.5000
v 0.0000 0.0000 -0.4770
v -2.5000 0.0000 0.0000
v -0.4770 1.0000 0.0000
v 0.0000 -0.4770 2.5000
v 0.0000 0.0000 -0.4770
v -2.5000 0.0000 0.0000
v -0.4770 1.0000 0.0000
v 0.0000 -0.4770 1.5000
v 0.0000 0.0000 -0.4770
v 2.5000 0.0000 0.0000
v -0.4770 -2.5000 0.0000
v 0.0000 -0.4770 1.0000
v 0.0000 0.0000 -0.4770
v 2.5000 0.0000 0.0000
v -0.4770 -2.5000 0.0000
v 0.0000 -0.4770 1.0000
v 0.0000 0.0000 -0.4770
v 1.5000 0.0000 0.0000
v -0.4770 2.5000 0.0000
v 0.0000 -0.4770 -2.5000
v 0.0000 0.0000 -0.4770
v 1.0000 0.0000 0.0000
v -0.4770 2.5000 0.0000
v 0.0000 -0.4770 -2.5000
v 0.0000 0.0000 -0.4770
v 1.0000 0.0000 0.0000
v -0.4770 1.5000 0.0000
v 0.0000 -0.4770 2.5000
v 0.0000 0.0000 -0.4770
v -2.5000 0.0000 0.0000
v -0.4770 1.0000 0.0000
v 0.0000 -0.4770 1.5000
v 0.0000 0.0000 -0.4770
v 2.5000 0.0000 0.0000
v -0.4770 -2.5000 0.0000
v 0.0000 -0.4770 1.0000
v 0.0000 0.0000 -0.4770
v 1.5000 0.0000 0.0000
v -0.4770 2.5000 0.0000
v 0.0000 -0.4770 -2.5000
v 0.0000 0.0000 -0.4770
v 1.0000 0.0000 0.0000
v -0.4770 1.5000 0.0000
v 0.0000 -0.4770 2.5000
v 0.0000 0.0000 -0.4770
v -2.5000 0.0000 0.0000
v -0.4770 1.0000 0.0000
v 0.0000 -0.4770 1.5000
v 0.0000 0.0000 -0.4770
v 2.5000 0.0000 0.0000
v -0.4770 -1.3851 0.0000
v 0.0000 -141.3898 92.6406
v 437.4232 0.0000 -152.5161
v 86.5541 431.6107 0.0000
v -159.2297 78.4701 415.3521
v 0.0000 -156.1332 71.3020
v 391.3535 0.0000 -145.1966
v 65.4907 362.9750 0.0000
v -114.1100 58.5028 309.8594
v 0.0000 -75.1571 54.8990
v 258.1964 0.0000 -18.3868
v 54.0319 195.5781 0.0000
v 37.0504 56.3340 143.5321
v 0.0000 94.9761 60.5365
v 94.3440 0.0000 395.3539
v 92.1664 -132.2866 0.0000
v 515.7079 107.8273 -214.4559
v 0.0000 638.7867 126.1309
v -291.8719 0.0000 0.0000
v 0.0000 -0.4770 1.0000
v 0.0000 0.0000 -0.4770
v 2.5000 0.0000 0.0000
v -0.4770 -2.5000 0.0000
v 0.0000 -0.4770 0.7681
v 0.0000 0.0000 -0.4770
v 1.3226 0.0000 0.0000
v -0.4770 2.3226 0.0000
v 0.0000 -0.4770 -2.3387
v 0.0000 0.0000 -0.4770
v 1.1452 0.0000 0.0000
v -0.4770 1.6452 0.0000
v 0.0000 -0.4770 2.3680
v 0.0000 0.0000 -0.4770
v -2.3102 0.0000 0.0000
v -0.4770 0.9578 0.0000
v 0.0000 -0.4770 1.4677
v 0.0000 0.0000 -0.4770
v 2.4677 0.0000 0.0000
v -0.4770 -2.4707 0.0000
v 0.0000 -0.4770 0.7259
v 0.0000 0.0000 -0.4770
v 1.2903 0.0000 0.0000
v -0.4770 2.2903 0.0000
v 0.0000 -0.4770 -2.3094
v 0.0000 0.0000 -0.4770
v 1.1129 0.0000 0.0000
v -0.4770 1.6129 0.0000
v 0.0000 -0.4770 2.3974
v 0.0000 0.0000 -0.4770
v -2.3524 0.0000 0.0000
v -0.4770 0.9157 0.0000
v 0.0000 -0.4770 1.4355
v 0.0000 0.0000 -0.4770
v 2.4355 0.0000 0.0000
v -0.4770 -2.4414 0.0000
v 0.0000 -0.4770 0.6837
v 0.0000 0.0000 -0.4770
v 1.2581 0.0000 0.0000
v -0.4770 2.2581 0.0000
v 0.0000 -0.4770 -2.2801
v 0.0000 0.0000 -0.4770
v 1.0807 0.0000 0.0000
v -0.4770 1.5807 0.0000
v 0.0000 -0.4770 2.4267
v 0.0000 0.0000 -0.4770
v -2.3946 0.0000 0.0000
v -0.4770 0.8735 0.0000
v 0.0000 -0.4770 1.4032
v 0.0000 0.0000 -0.4770
v 2.4032 0.0000 0.0000
v -0.4770 -2.4120 0.0000
v 0.0000 -0.4770 1.2258
v 0.0000 0.0000 -0.4770
v 1.7258 0.0000 0.0000
v -0.4770 2.2947 0.0000
v 0.0000 -0.4770 -2.2048
v 0.0000 0.0000 -0.4770
v 1.0484 0.0000 0.0000
v -0.4770 1.5484 0.0000
v 0.0000 -0.4770 2.4560
v 0.0000 0.0000 -0.4770
v -2.4367 0.0000 0.0000
v -0.4770 0.8313 0.0000
v 0.0000 -0.4770 1.3710
v 0.0000 0.0000 -0.4770
v 2.3710 0.0000 0.0000
v -0.4770 -2.3827 0.0000
v 0.0000 -0.4770 1.1936
v 0.0000 0.0000 -0.4770
v 1.6936 0.0000 0.0000
v -0.4770 2.3240 0.0000
v 0.0000 -0.4770 -2.2470
v 0.0000 0.0000 -0.4770
v 1.0161 0.0000 0.0000
v -0.4770 1.5161 0.0000
v 0.0000 -0.4770 2.4853
v 0.0000 0.0000 -0.4770
v -2.4789 0.0000 0.0000
v -0.4770 0.7892 0.0000
v 0.0000 -0.4770 1.3387
v 0.0000 0.0000 -0.4770
v 2.3387 0.0000 0.0000
v -0.4770 -2.3534 0.0000
v 0.0000 -0.4770 1.1613
v 0.0000 0.0000 -0.4770
v 1.6613 0.0000 0.0000
v -0.4770 2.3534 0.0000
v 0.0000 -0.4770 -2.2891
v 0.0000 0.0000 -0.4770
v 0.9789 0.0000 0.0000
v -0.4770 1.4839 0.0000
v 0.0000 -0.4770 2.4839
v 0.0000 0.0000 -0.4770
v -2.4853 0.0000 0.0000
v -0.4770 0.7470 0.0000
v 0.0000 -0.4770 1.3065
v 0.0000 0.0000 -0.4770
v 2.3065 0.0000 0.0000
v -0.4770 -2.3241 0.0000
v 0.0000 -0.4770 1.1291
v 0.0000 0.0000 -0.4770
v 1.6290 0.0000 0.0000
v -0.4770 2.3827 0.0000
v 0.0000 -0.4770 -2.3313
v 0.0000 0.0000 -0.4770
v 0.9368 0.0000 0.0000
v -0.4770 1.4516 0.0000
v 0.0000 -0.4770 2.4516
v 0.0000 0.0000 -0.4770
v -1.5469 0.0000 0.0000
v 399.0974 100.0045 265.4270
v 0.0000 335.9383 91.4815
v 264.6201 0.0000 249.3867
v 80.5431 249.2524 0.0000
v 170.9358 71.6391 215.8752
v 0.0000 123.7495 67.2180
v 177.8194 0.0000 104.5809
v 66.0254 150.7500 0.0000
v 95.4677 65.9936 127.5807
v 0.0000 92.4680 67.0131
v 100.1371 0.0000 99.3259
v 69.6210 67.8494 0.0000
v 120.0668 74.4518 29.0157
v 0.0000 146.1517 79.8322
v -6.4498 0.0000 191.7959
v 88.6926 -57.8403 0.0000
v 273.5034 103.8029 -135.3906
v 0.0000 419.9860 129.6827
v -251.1440 0.0000 506.5280
v 144.4457 -309.3950 0.0000
v 0.0000 0.0000 -0.4770
v 1.0000 0.0000 0.0000
v -0.4770 2.5000 0.0000
v 0.0000 -0.4770 -2.5000
v 0.0000 0.0000 -0.4770
v 1.0000 0.0000 0.0000
v -0.4770 2.5000 0.0000
v 0.0000 -0.4770 -2.5000
v 0.0000 0.0000 -0.4770
v 1.0000 0.0000 0.0000
v -0.4770 1.5000 0.0000
v 0.0000 -0.4770 2.5000
v 0.0000 0.0000 -0.4770
v -2.5000 0.0000 0.0000
v -0.4770 1.0000 0.0000
v 0.0000 -0.4770 2.5000
v 0.0000 0.0000 -0.4770
v -2.5000 0.0000 0.0000
v -0.4770 1.0000 0.0000
v 0.0000 -0.4770 1.5000
v 0.0000 0.0000 -0.4770
v 2.5000 0.0000 0.0000
v -0.4770 -2.5000 0.0000
v 0.0000 -0.4770 1.0000
v 0.0000 0.0000 -0.4770
v 2.5000 0.0000 0.0000
v -0.4770 -2.5000 0.0000
v 0.0000 -0.4770 1.0000
v 0.0000 0.0000 -0.4770
v 1.5000 0.0000 0.0000
v -0.4770 2.5000 0.0000
v 0.0000 -0.4770 -2.5000
v 0.0000 0.0000 -0.4770
v 1.0000 0.0000 0.0000
v -0.4770 2.5000 0.0000
v 0.0000 -0.4770 -2.5000
v 0.0000 0.0000 -0.4770
v 1.0000 0.0000 0.0000
v -0.4770 1.5000 0.0000
v 0.0000 -0.4770 2.5000
v 0.0000 0.0000 -0.4770
v -2.5000 0.0000 0.0000
v -0.4770 1.0000 0.0000
v 0.0000 -0.4770 2.5000
v 0.0000 0.0000 -0.4770
v -2.5000 0.0000 0.0000
v -0.4770 1.0000 0.0000
v 0.0000 -0.4770 1.5000
v 0.0000 0.0000 -0.4770
v 2.5000 0.0000 0.0000
v -0.4770 -2.5000 0.0000
v 0.0000 -0.4770 1.0000
v 0.0000 0.0000 -0.4770
v 2.5000 0.0000 0.0000
v -0.4770 -2.5000 0.0000
v 0.0000 -0.4770 1.0000
v 0.0000 0.0000 -0.4770
v 1.5000 0.0000 0.0000
v -0.4770 2.5000 0.0000
v 0.0000 -0.4770 -2.5000
v 0.0000 0.0000 -0.4770
v 1.0000 0.0000 0.0000
v -0.4770 2.5000 0.0000
v 0.0000 -0.4770 -2.5000
v 0.0000 0.0000 -0.4770
v 1.0000 0.0000 0.0000
v -0.4770 1.5000 0.0000
v 0.0000 -0.4770 2.5000
v 0.0000 0.0000 -0.4770
v -2.5000 0.0000 0.0000
v -0.4770 1.0000 0.0000
v 0.0000 -0.4770 2.5000
v 0.0000 0.0000 -0.4770
v -2.5000 0.0000 0.0000
v -0.4770 1.0000 0.0000
v 0.0000 -0.4770 1.5000
v 0.0000 0.0000 -0.4770
v 2.5000 0.0000 0.0000
v -0.4770 -2.5000 0.0000
v 0.0000 -0.4770 1.0000
v 0.0000 0.0000 -0.4770
v 1.5000 0.0000 0.0000
v -0.4770 2.5000 0.0000
v 0.0000 -0.4770 -2.5000
v 0.0000 0.0000 -0.4770
v 1.0000 0.0000 0.0000
v -0.4770 1.5000 0.0000
v 0.0000 -0.4770 2.5000
v 0.0000 0.0000 -0.4770
v -2.5000 0.0000 0.0000
v -0.4770 1.0000 0.0000
v 0.0000 -0.4770 1.5000
v 0.0000 0.0000 -0.4770
v 2.5000 0.0000 0.0000
v -0.4770 -2.5000 0.0000
v 0.0000 -0.4770 1.0000
v 0.0000 0.0000 -0.4770
v 1.5000 0.0000 0.0000
v -0.4770 2.5000 0.0000
v 0.0000 -0.4770 -1.3851
vn 0.0000 1.0000 0.0000
vn 0.0000 1.0000 0.0000
vn 0.0000 1.0000 0.0000
vn 0.0000 1.0000 0.0000
vn 0.0000 1.0000 0.0000
vn 0.0000 1.0000 0.0000
vn 0.0000 1.0000 0.0000
vn 0.0000 1.0000 0.0000
vn 0.0000 1.0000 0.0000
vn 0.0000 1.0000 0.0000
vn 0.0000 1.0000 0.0000
vn 0.0000 1.0000 0.0000
vn 0.0000 1.0000 0.0000
vn 0.0000 1.0000 0.0000
vn 0.0000 1.0000 0.0000
vn 0.0000 1.0000 0.0000
vn 0.0000 1.0000 0.0000
vn 0.0000 1.0000 0.0000
vn 0.0000 1.0000 0.0000
vn 0.0000 1.0000 0.0000
vn 0.0000 1.0000 0.0000
vn 0.0000 1.0000 0.0000
vn 0.0000 1.0000 0.0000
vn 0.0000 1.0000 0.0000
vn 0.0000 1.0000 0.0000
vn 0.0000 1.0000 0.0000
vn 0.0000 1.0000 0.0000
vn 0.0000 1.0000 0.0000
vn 0.0000 1.0000 0.0000
vn 0.0000 1.0000 0.0000
vn 0.0000 1.0000 0.0000
vn 0.0000 1.0000 0.0000
vn 0.0000 1.0000 0.0000
vn 0.0000 1.0000 0.0000
vn 0.0000 1.0000 0.0000
vn 0.0000 1.0000 0.0000
vn 0.0000 1.0000 0.0000
vn 0.0000 1.0000 0.0000
vn 0.0000 1.0000 0.0000
vn 0.0000 1.0000 0.0000
vn 0.0000 1.0000 0.0000
vn 0.0000 1.0000 0.0000
vn 0.0000 1.0000 0.0000
vn 0.0000 1.0000 0.0000
vn 0.0000 1.0000 0.0000
vn 0.0000 1.0000 0.0000
vn 0.0000 1.0000 0.0000
vn 0.0000 1.0000 0.0000
vn 0.0000 1.0000 0.0000
vn 0.0000 1.0000 0.0000
vn 0.0000 1.0000 0.0000
vn 0.0000 1.0000 0.0000
vn 0.0000 1.0000 0.0000
vn 0.0000 1.0000 0.0000
vn 0.0000 1.0000 0.0000
vn 0.0000 1.0000 0.0000
vn 0.0000 1.0000 0.0000
vn 0.0000 1.0000 0.0000
vn 0.0000 1.0000 0.0000
vn 0.0000 1.0000 0.0000
vn 0.0000 1.0000 0.0000
vn 0.0000 1.0000 0.0000
vn 0.0000 1.0000 0.0000
vn 0.0000 1.0000 0.0000
vn 0.0000 1.0000 0.0000
vn 0.0000 1.0000 0.0000
vn 0.0000 1.0000 0.0000
vn 0.0000 1.0000 0.0000
vn 0.0000 1.0000 0.0000
vn 0.0000 1.0000 0.0000
vn 0.0000 1.0000 0.0000
vn 0.0000 1.0000 0.0000
vn 0.0000 1.0000 0.0000
vn 0.0000 1.0000 0.0000
vn 0.0000 1.0000 0.0000
vn 0.0000 1.0000 0.0000
vn 0.0000 1.0000 0.0000
vn 0.0000 1.0000 0.0000
vn 0.0000 1.0000 0.0000
vn 0.0000 1.0000 0.0000
vn 0.0000 1.0000 0.0000
vn 0.0000 1.0000 0.0000
vn 0.0000 1.0000 0.0000
vn 0.0000 1.0000 0.0000
vn 0.0000 1.0000 0.0000
vn 0.0000 1.0000 0.0000
vn 0.0000 1.0000 0.0000
vn 0.0000 1.0000 0.0000
vn 0.0000 1.0000 0.0000
vn 0.0000 1.0000 0.0000
vn 0.0000 1.0000 0.0000
vn 0.0000 1.0000 0.0000
vn 0.0000 1.0000 0.0000
vn 0.0000 1.0000 0.0000
vn 0.0000 1.0000 0.0000
vn 0.0000 1.0000 0.0000
vn 0.0000 1.0000 0.0000
vn 0.0000 1.0000 0.0000
vn 0.0000 1.0000 0.0000
vn 0.0000 1.0000 0.0000
vn 0.0000 1.0000 0.0000
vn 0.0000 1.0000 0.0000
vn 0.0000 1.0000 0.0000
vn 0.0000 1.0000 0.0000
vn 0.0000 1.0000 0.0000
vn 0.0000 1.0000 0.0000
vn 0.0000 1.0000 0.0000
vn 0.0000 1.0000 0.0000
vn 0.0000 1.0000 0.0000
vn 0.0000 1.0000 0.0000
vn 0.0000 1.0000 0.0000
vn 0.0000 1.0000 0.0000
vn 0.0000 1.0000 0.0000
vn 0.0000 1.0000 0.0000
vn 0.0000 1.0000 0.0000
vn 0.0000 1.0000 0.0000
vn 0.0000 1.0000 0.0000
vn 0.0000 1.0000 0.0000
vn 0.0000 1.0000 0.0000
vn 0.0000 1.0000 0.0000
vn 0.0000 1.0000 0.0000
vn 0.0000 1.0000 0.0000
vn 0.0000 1.0000 0.0000
vn 0.0000 1.0000 0.0000
vn 0.0000 1.0000 0.0000
vn 0.0000 1.0000 0.0000
vn 0.0000 1.0000 0.0000
vn 0.0000 1.0000 0.0000
vn 0.0000 1.0000 0.0000
vn 0.0000 1.0000 0.0000
vn 0.0000 1.0000 0.0000
vn 0.0000 1.0000 0.0000
vn 0.0000 1.0000 0.0000
vn 0.0000 1.0000 0.0000
vn 0.0000 1.0000 0.0000
vn 0.0000 1.0000 0.0000
vn 0.0000 1.0000 0.0000
vn 0.0000 1.0000 0.0000
vn 0.0000 1.0000 0.0000
vn 0.0000 1.0000 0.0000
vn 0.0000 1.0000 0.0000
vn 0.0000 1.0000 0.0000
vn 0.0000 1.0000 0.0000
vn 0.0000 1.0000 0.0000
vn 0.0000 1.0000 0.0000
vn 0.0000 1.0000 0.0000
vn 0.0000 1.0000 0.0000
vn 0.0000 1.0000 0.0000
vn 0.0000 1.0000 0.0000
vn 0.0000 1.0000 0.0000
vn 0.0000 1.0000 0.0000
vn 0.0000 1.0000 0.0000
vn 0.0000 1.0000 0.0000
vn 0.0000 1.0000 0.0000
vn 0.0000 1.0000 0.0000
vn 0.0000 1.0000 0.0000
vn 0.0000 1.0000 0.0000
vn 0.0000 1.0000 0.0000
vn 0.0000 1.0000 0.0000
vn 0.0000 1.0000 0.0000
vn 0.0000 1.0000 0.0000
vn 0.0000 1.0000 0.0000
vn 0.0000 1.0000 0.0000
vn 0.0000 1.0000 0.0000
vn 0.0000 1.0000 0.0000
vn 0.0000 1.0000 0.0000
vn 0.0000 1.0000 0.0000
vn 0.0000 1.0000 0.0000
vn 0.0000 1.0000 0.0000
vn 0.0000 1.0000 0.0000
vn 0.0000 1.0000 0.0000
vn 0.0000 1.0000 0.0000
vn 0.0000 1.0000 0.0000
vn 0.0000 1.0000 0.0000
vn 0.0000 1.0000 0.0000
vn 0.0000 1.0000 0.0000
vn 0.0000 1.0000 0.0000
vn 0.0000 1.0000 0.0000
vn 0.0000 1.0000 0.0000
vn 0.0000 1.0000 0.0000
vn 0.0000 1.0000 0.0000
vn 0.0000 1.0000 0.0000
vn 0.0000 1.0000 0.0000
vn 0.0000 1.0000 0.0000
vn 0.0000 1.0000 0.0000
vn 0.0000 1.0000 0.0000
vn 0.0000 1.0000 0.0000
vn 0.0000 1.0000 0.0000
vn 0.0000 1.0000 0.0000
vn 0.0000 1.0000 0.0000
vn 0.0000 1.0000 0.0000
vn 0.0000 1.0000 0.0000
vn 0.0000 1.0000 0.0000
vn 0.0000 1.0000 0.0000
vn 0.0000 1.0000 0.0000
vn 0.0000 1.0000 0.0000
vn 0.0000 1.0000 0.0000
vn 0.0000 1.0000 0.0000
vn 0.0000 1.0000 0.0000
vn 0.0000 1.0000 0.0000
vn 0.0000 1.0000 0.0000
vn 0.0000 1.0000 0.0000
vn 0.0000 1.0000 0.0000
vn 0.0000 1.0000 0.0000
vn 0.0000 1.0000 0.0000
vn 0.0000 1.0000 0.0000
vn 0.0000 1.0000 0.0000
vn 0.0000 1.0000 0.0000
vn 0.0000 1.0000 0.0000
vn 0.0000 1.0000 0.0000
vn 0.0000 1.0000 0.0000
vn 0.0000 1.0000 0.0000
vn 0.0000 1.0000 0.0000
vn 0.0000 1.0000 0.0000
vn 0.0000 1.0000 0.0000
vn 0.0000 1.0000 0.0000
vn 0.0000 1.0000 0.0000
vn 0.0000 1.0000 0.0000
vn 0.0000 1.0000 0.0000
vn 0.0000 1.0000 0.0000
vn 0.0000 1.0000 0.0000
vn 0.0000 1.0000 0.0000
vn 0.0000 1.0000 0.0000
vn 0.0000 1.0000 0.0000
vn 0.0000 1.0000 0.0000
vn 0.0000 1.0000 0.0000
vn 0.0000 1.0000 0.0000
vn 0.0000 1.0000 0.0000
vn 0.0000 1.0000 0.0000
vn 0.0000 1.0000 0.0000
vn 0.0000 1.0000 0.0000
vn 0.0000 1.0000 0.0000
vn 0.0000 1.0000 0.0000
vn 0.0000 1.0000 0.0000
vn 0.0000 1.0000 0.0000
vn 0.0000 1.0000 0.0000
vn 0.0000 1.0000 0.0000
vn 0.0000 1.0000 0.0000
vn 0.0000 1.0000 0.0000
vn 0.0000 1.0000 0.0000
vn 0.0000 1.0000 0.0000
vn 0.0000 1.0000 0.0000
vn 0.0000 1.0000 0.0000
vn 0.0000 1.0000 0.0000
vn 0.0000 1.0000 0.0000
vn 0.0000 1.0000 0.0000
vn 0.0000 1.0000 0.0000
vn 0.0000 1.0000 0.0000
vn 0.0000 1.0000 0.0000
vn 0.0000 1.0000 0.0000
vn 0.0000 1.0000 0.0000
vn 0.0000 1.0000 0.0000
vn 0.0000 1.0000 0.0000
vn 0.0000 1.0000 0.0000
vn 0.0000 1.0000 0.0000
vn 0.0000 1.0000 0.0000
vn 0.0000 1.0000 0.0000
vn 0.0000 1.0000 0.0000
vn 0.0000 1.0000 0.0000
vn 0.0000 1.0000 0.0000
vn 0.0000 1.0000 0.0000
vn 0.0000 1.0000 0.0000
vn 0.0000 1.0000 0.0000
vn 0.0000 1.0000 0.0000
vn 0.0000 1.0000 0.0000
vn 0.0000 1.0000 0.0000
vn 0.0000 1.0000 0.0000
vn 0.0000 1.0000 0.0000
vn 0.0000 1.0000 0.0000
vn 0.0000 1.0000 0.0000
vn 0.0000 1.0000 0.0000
vn 0.0000 1.0000 0.0000
vn 0.0000 1.0000 0.0000
vn 0.0000 1.0000 0.0000
vn 0.0000 1.0000 0.0000
vn 0.0000 1.0000 0.0000
vn 0.0000 1.0000 0.0000
vn 0.0000 1.0000 0.0000
vn 0.0000 1.0000 0.0000
vn 0.0000 1.0000 0.0000
vn 0.0000 1.0000 0.0000
vn 0.0000 1.0000 0.0000
vn 0.0000 1.0000 0.0000
vn 0.0000 1.0000 0.0000
vn 0.0000 1.0000 0.0000
vn 0.0000 1.0000 0.0000
vn 0.0000 1.0000 0.0000
vn 0.0000 1.0000 0.0000
vn 0.0000 1.0000 0.0000
vn 0.0000 1.0000 0.0000
vn 0.0000 1.0000 0.0000
vn 0.0000 1.0000 0.0000
vn 0.0000 1.0000 0.0000
vn 0.0000 1.0000 0.0000
vn 0.0000 1.0000 0.0000
vn 0.0000 1.0000 0.0000
vn 0.0000 1.0000 0.0000
vn 0.0000 1.0000 0.0000
vn 0.0000 1.0000 0.0000
vn 0.0000 1.0000 0.0000
vn 0.0000 1.0000 0.0000
vn 0.0000 1.0000 0.0000
vn 0.0000 1.0000 0.0000
vn 0.0000 1.0000 0.0000
vn 0.0000 1.0000 0.0000
vn 0.0000 1.0000 0.0000
vn 0.0000 1.0000 0.0000
vn 0.0000 1.0000 0.0000
vn 0.0000 1.0000 0.0000
vn 0.0000 1.0000 0.0000
vn 0.0000 1.0000 0.0000
vn 0.0000 1.0000 0.0000
vn 0.0000 1.0000 0.0000
vn 0.0000 1.0000 0.0000
vn 0.0000 1.0000 0.0000
vn 0.0000 1.0000 0.0000
vn 0.0000 1.0000 0.0000
vn 0.0000 1.0000 0.0000
vn 0.0000 1.0000 0.0000
vn 0.0000 1.0000 0.0000
vn 0.0000 1.0000 0.0000
vn 0.0000 1.0000 0.0000
vn 0.0000 1.0000 0.0000
vn 0.0000 1.0000 0.0000
vn 0.0000 1.0000 0.0000
vn 0.0000 1.0000 0.0000
vn 0.0000 1.0000 0.0000
vn 0.0000 1.0000 0.0000
vn 0.0000 1.0000 0.0000
vn 0.0000 1.0000 0.0000
vn 0.0000 1.0000 0.0000
vn 0.0000 1.0000 0.0000
vn 0.0000 1.0000 0.0000
vn 0.0000 1.0000 0.0000
vn 0.0000 1.0000 0.0000
vn 0.0000 1.0000 0.0000
vn 0.0000 1.0000 0.0000
vn 0.0000 1.0000 0.0000
vn 0.0000 1.0000 0.0000
vn 0.0000 1.0000 0.0000
vn 0.0000 1.0000 0.0000
vn 0.0000 1.0000 0.0000
vn 0.0000 1.0000 0.0000
vn 0.0000 1.0000 0.0000
vn 0.0000 1.0000 0.0000
vn 0.0000 1.0000 0.0000
vn 0.0000 1.0000 0.0000
vn 0.0000 1.0000 0.0000
vn 0.0000 1.0000 0.0000
vn 0.0000 1.0000 0.0000
vn 0.0000 1.0000 0.0000
vn 0.0000 1.0000 0.0000
vn 0.0000 1.0000 0.0000
vn 0.0000 1.0000 0.0000
vn 0.0000 1.0000 0.0000
vn 0.0000 1.0000 0.0000
vn 0.0000 1.0000 0.0000
vn 0.0000 1.0000 0.0000
vn 0.0000 1.0000 0.0000
vn 0.0000 1.0000 0.0000
vn 0.0000 1.0000 0.0000
vn 0.0000 1.0000 0.0000
vn 0.0000 1.0000 0.0000
vn 0.0000 1.0000 0.0000
vn 0.0000 1.0000 0.0000
vn 0.0000 1.0000 0.0000
vn 0.0000 1.0000 0.0000
vn 0.0000 1.0000 0.0000
vn 0.0000 1.0000 0.0000
vn 0.0000 1.0000 0.0000
vn 0.0000 1.0000 0.0000
vn 0.0000 1.0000 0.0000
vn 0.0000 1.0000 0.0000
vn 0.0000 1.0000 0.0000
vn 0.0000 1.0000 0.0000
vn 0.0000 1.0000 0.0000
vn 0.0000 1.0000 0.0000
vn 0.0000 1.0000 0.0000
vn 0.0000 1.0000 0.0000
vn 0.0000 1.0000 0.0000
vn 0.0000 1.0000 0.0000
vn 0.0000 1.0000 0.0000
vn 0.0000 1.0000 0.0000
vn 0.0000 1.0000 0.0000
vn 0.0000 1.0000 0.0000
vn 0.0000 1.0000 0.0000
vn 0.0000 1.0000 0.0000
vn 0.0000 1.0000 0.0000
vn 0.0000 1.0000 0.0000
vn 0.0000 1.0000 0.0000
vn 0.0000 1.0000 0.0000
vn 0.0000 1.0000 0.0000
vn 0.0000 1.0000 0.0000
vn 0.0000 1.0000 0.0000
vn 0.0000 1.0000 0.0000
vn 0.0000 1.0000 0.0000
vn 0.0000 1.0000 0.0000
vn 0.0000 1.0000 0.0000
vn 0.0000 1.0000 0.0000
vn 0.0000 1.0000 0.0000
vn 0.0000 1.0000 0.0000
vn 0.0000 1.0000 0.0000
vn 0.0000 1.0000 0.0000
vn 0.0000 1.0000 0.0000
vn 0.0000 1.0000 0.0000
vn 0.0000 1.0000 0.0000
vn 0.0000 1.0000 0.0000
vn 0.0000 1.0000 0.0000
vn 0.0000 1.0000 0.0000
vn 0.0000 1.0000 0.0000
vn 0.0000 1.0000 0.0000
vn 0.0000 1.0000 0.0000
vn 0.0000 1.0000 0.0000
vn 0.0000 1.0000 0.0000
vn 0.0000 1.0000 0.0000
vn 0.0000 1.0000 0.0000
vn 0.0000 1.0000 0.0000
vn 0.0000 1.0000 0.0000
vn 0.0000 1.0000 0.0000
vn 0.0000 1.0000 0.0000
vn 0.0000 1.0000 0.0000
vn 0.0000 1.0000 0.0000
vn 0.0000 1.0000 0.0000
vn 0.0000 1.0000 0.0000
vn 0.0000 1.0000 0.0000
vn 0.0000 1.0000 0.0000
vn 0.0000 1.0000 0.0000
vn 0.0000 1.0000 0.0000
vn 0.0000 1.0000 0.0000
vn 0.0000 1.0000 0.0000
vn 0.0000 1.0000 0.0000
vn 0.0000 1.0000 0.0000
vn 0.0000 1.0000 0.0000
vn 0.0000 1.0000 0.0000
vn 0.0000 1.0000 0.0000
vn 0.0000 1.0000 0.0000
vn 0.0000 1.0000 0.0000
vn 0.0000 1.0000 0.0000
vn 0.0000 1.0000 0.0000
vn 0.0000 1.0000 0.0000
vn 0.0000 1.0000 0.0000
vn 0.0000 1.0000 0.0000
vn 0.0000 1.0000 0.0000
vn 0.0000 1.0000 0.0000
vn 0.0000 1.0000 0.0000
vn 0.0000 1.0000 0.0000
vn 0.0000 1.0000 0.0000
vn 0.0000 1.0000 0.0000
vn 0.0000 1.0000 0.0000
vn 0.0000 1.0000 0.0000
vn 0.0000 1.0000 0.0000
vn 0.0000 1.0000 0.0000
vn 0.0000 1.0000 0.0000
vn 0.0000 1.0000 0.0000
vn 0.0000 1.0000 0.0000
vn 0.0000 1.0000 0.0000
vn 0.0000 1.0000 0.0000
vn 0.0000 1.0000 0.0000
vn 0.0000 1.0000 0.0000
vn 0.0000 1.0000 0.0000
vn 0.0000 1.0000 0.0000
vn 0.0000 1.0000 0.0000
vn 0.0000 1.0000 0.0000
vn 0.0000 1.0000 0.0000
vn 0.0000 1.0000 0.0000
vn 0.0000 1.0000 0.0000
vn 0.0000 1.0000 0.0000
vn 0.0000 1.0000 0.0000
vn 0.0000 1.0000 0.0000
vn 0.0000 1.0000 0.0000
vn 0.0000 1.0000 0.0000
vn 0.0000 1.0000 0.0000
vn 0.0000 1.0000 0.0000
vn 0.0000 1.0000 0.0000
vn 0.0000 1.0000 0.0000
vn 0.0000 1.0000 0.0000
vn 0.0000 1.0000 0.0000
vn 0.0000 1.0000 0.0000
vn 0.0000 1.0000 0.0000
vn 0.0000 1.0000 0.0000
vn 0.0000 1.0000 0.0000
vn 0.0000 1.0000 0.0000
vn 0.0000 1.0000 0.0000
vn 0.0000 1.0000 0.0000
vn 0.0000 1.0000 0.0000
vn 0.0000 1.0000 0.0000
vn 0.0000 1.0000 0.0000
vn 0.0000 1.0000 0.0000
vn 0.0000 1.0000 0.0000
vn 0.0000 1.0000 0.0000
vn 0.0000 1.0000 0.0000
vn 0.0000 1.0000 0.0000
vn 0.0000 1.0000 0.0000
vn 0.0000 1.0000 0.0000
vn 0.0000 1.0000 0.0000
vn 0.0000 1.0000 0.0000
vn 0.0000 1.0000 0.0000
vn 0.0000 1.0000 0.0000
vn 0.0000 1.0000 0.0000
vn 0.0000 1.0000 0.0000
vn 0.0000 1.0000 0.0000
vn 0.0000 1.0000 0.0000
vn 0.0000 1.0000 0.0000
vn 0.0000 1.0000 0.0000
vn 0.0000 1.0000 0.0000
vn 0.0000 1.0000 0.0000
vn 0.0000 1.0000 0.0000
vn 0.0000 1.0000 0.0000
vn 0.0000 1.0000 0.0000
vn 0.0000 1.0000 0.0000
vn 0.0000 1.0000 0.0000
vn 0.0000 1.0000 0.0000
vn 0.0000 1.0000 0.0000
vn 0.0000 1.0000 0.0000
vn 0.0000 1.0000 0.0000
vn 0.0000 1.0000 0.0000
vn 0.0000 1.0000 0.0000
vn 0.0000 1.0000 0.0000
vn 0.0000 1.0000 0.0000
vn 0.0000 1.0000 0.0000
vn 0.0000 1.0000 0.0000
vn 0.0000 1.0000 0.0000
vn 0.0000 1.0000 0.0000
vn 0.0000 1.0000 0.0000
vn 0.0000 1.0000 0.0000
vn 0.0000 1.0000 0.0000
vn 0.0000 1.0000 0.0000
vn 0.0000 1.0000 0.0000
vn 0.0000 1.0000 0.0000
vn 0.0000 1.0000 0.0000
vn 0.0000 1.0000 0.0000
vn 0.0000 1.0000 0.0000
vn 0.0000 1.0000 0.0000
vn 0.0000 1.0000 0.0000
vn 0.0000 1.0000 0.0000
vn 0.0000 1.0000 0.0000
vn 0.0000 1.0000 0.0000
vn 0.0000 1.0000 0.0000
vn 0.0000 1.0000 0.0000
vn 0.0000 1.0000 0.0000
vn 0.0000 1.0000 0.0000
vn 0.0000 1.0000 0.0000
vn 0.0000 1.0000 0.0000
vn 0.0000 1.0000 0.0000
vn 0.0000 1.0000 0.0000
vn 0.0000 1.0000 0.0000
vn 0.0000 1.0000 0.0000
vn 0.0000 1.0000 0.0000
vn 0.0000 1.0000 0.0000
vn 0.0000 1.0000 0.0000
vn 0.0000 1.0000 0.0000
vn 0.0000 1.0000 0.0000
vn 0.0000 1.0000 0.0000
vn 0.0000 1.0000 0.0000
vn 0.0000 1.0000 0.0000
vn 0.0000 1.0000 0.0000
vn 0.0000 1.0000 0.0000
vn 0.0000 1.0000 0.0000
vn 0.0000 1.0000 0.0000
vn 0.0000 1.0000 0.0000
vn 0.0000 1.0000 0.0000
vn 0.0000 1.0000 0.0000
vn 0.0000 1.0000 0.0000
vn 0.0000 1.0000 0.0000
vn 0.0000 1.0000 0.0000
vn 0.0000 1.0000 0.0000
vn 0.0000 1.0000 0.0000
vn 0.0000 1.0000 0.0000
vn 0.0000 1.0000 0.0000
vn 0.0000 1.0000 0.0000
vn 0.0000 1.0000 0.0000
vn 0.0000 1.0000 0.0000
vn 0.0000 1.0000 0.0000
vn 0.0000 1.0000 0.0000
vn 0.0000 1.0000 0.0000
vn 0.0000 1.0000 0.0000
vn 0.0000 1.0000 0.0000
vn 0.0000 1.0000 0.0000
vn 0.0000 1.0000 0.0000
vn 0.0000 1.0000 0.0000
vn 0.0000 1.0000 0.0000
vn 0.0000 1.0000 0.0000
vn 0.0000 1.0000 0.0000
vn 0.0000 1.0000 0.0000
vn 0.0000 1.0000 0.0000
vn 0.0000 1.0000 0.0000
vn 0.0000 1.0000 0.0000
vn 0.0000 1.0000 0.0000
vn 0.0000 1.0000 0.0000
vn 0.0000 1.0000 0.0000
vn 0.0000 1.0000 0.0000
vn 0.0000 1.0000 0.0000
vn 0.0000 1.0000 0.0000
vn 0.0000 1.0000 0.0000
vn 0.0000 1.0000 0.0000
vn 0.0000 1.0000 0.0000
vn 0.0000 1.0000 0.0000
vn 0.0000 1.0000 0.0000
vn 0.0000 1.0000 0.0000
vn 0.0000 1.0000 0.0000
vn 0.0000 1.0000 0.0000
vn 0.0000 1.0000 0.0000
vn 0.0000 1.0000 0.0000
vn 0.0000 1.0000 0.0000
vn 0.0000 1.0000 0.0000
vn 0.0000 1.0000 0.0000
vn 0.0000 1.0000 0.0000
vn 0.0000 1.0000 0.0000
vn 0.0000 1.0000 0.0000
vn 0.0000 1.0000 0.0000
vn 0.0000 1.0000 0.0000
vn 0.0000 1.0000 0.0000
vn 0.0000 1.0000 0.0000
vn 0.0000 1.0000 0.0000
vn 0.0000 1.0000 0.0000
vn 0.0000 1.0000 0.0000
vn 0.0000 1.0000 0.0000
vn 0.0000 1.0000 0.0000
vn 0.0000 1.0000 0.0000
vn 0.0000 1.0000 0.0000
vn 0.0000 1.0000 0.0000
vn 0.0000 1.0000 0.0000
vn 0.0000 1.0000 0.0000
vn 0.0000 1.0000 0.0000
vn 0.0000 1.0000 0.0000
vn 0.0000 1.0000 0.0000
vn 0.0000 1.0000 0.0000
vn 0.0000 1.0000 0.0000
vn 0.0000 1.0000 0.0000
vn 0.0000 1.0000 0.0000
vn 0.0000 1.0000 0.0000
vn 0.0000 1.0000 0.0000
vn 0.0000 1.0000 0.0000
vn 0.0000 1.0000 0.0000
vn 0.0000 1.0000 0.0000
vn 0.0000 1.0000 0.0000
vn 0.0000 1.0000 0.0000
vn 0.0000 1.0000 0.0000
vn 0.0000 1.0000 0.0000
vn 0.0000 1.0000 0.0000
vn 0.0000 1.0000 0.0000
vn 0.0000 1.0000 0.0000
vn 0.0000 1.0000 0.0000
vn 0.0000 1.0000 0.0000
vn 0.0000 1.0000 0.0000
vn 0.0000 1.0000 0.0000
vn 0.0000 1.0000 0.0000
vn 0.0000 1.0000 0.0000
vn 0.0000 1.0000 0.0000
vn 0.0000 1.0000 0.0000
vn 0.0000 1.0000 0.0000
vn 0.0000 1.0000 0.0000
vn 0.0000 1.0000 0.0000
vn 0.0000 1.0000 0.0000
vn 0.0000 1.0000 0.0000
vn 0.0000 1.0000 0.0000
vn 0.0000 1.0000 0.0000
vn 0.0000 1.0000 0.0000
vn 0.0000 1.0000 0.0000
vn 0.0000 1.0000 0.0000
vn 0.0000 1.0000 0.0000
vn 0.0000 1.0000 0.0000
vn 0.0000 1.0000 0.0000
vn 0.0000 1.0000 0.0000
vn 0.0000 1.0000 0.0000
vn 0.0000 1.0000 0.0000
vn 0.0000 1.0000 0.0000
vn 0.0000 1.0000 0.0000
vn 0.0000 1.0000 0.0000
vn 0.0000 1.0000 0.0000
vn 0.0000 1.0000 0.0000
vn 0.0000 1.0000 0.0000
vn 0.0000 1.0000 0.0000
vn 0.0000 1.0000 0.0000
vn 0.0000 1.0000 0.0000
vn 0.0000 1.0000 0.0000
vn 0.0000 1.0000 0.0000
vn 0.0000 1.0000 0.0000
vn 0.0000 1.0000 0.0000
vn 0.0000 1.0000 0.0000
vn 0.0000 1.0000 0.0000
vn 0.0000 1.0000 0.0000
vn 0.0000 1.0000 0.0000
vn 0.0000 1.0000 0.0000
vn 0.0000 1.0000 0.0000
vn 0.0000 1.0000 0.0000
vn 0.0000 1.0000 0.0000
vn 0.0000 1.0000 0.0000
vn 0.0000 1.0000 0.0000
vn 0.0000 1.0000 0.0000
vn 0.0000 1.0000 0.0000
vn 0.0000 1.0000 0.0000
vn 0.0000 1.0000 0.0000
vn 0.0000 1.0000 0.0000
vn 0.0000 1.0000 0.0000
vn 0.0000 1.0000 0.0000
vn 0.0000 1.0000 0.0000
vn 0.0000 1.0000 0.0000
vn 0.0000 1.0000 0.0000
vn 0.0000 1.0000 0.0000
vn 0.0000 1.0000 0.0000
vn 0.0000 1.0000 0.0000
vn 0.0000 1.0000 0.0000
vn 0.0000 1.0000 0.0000
vn 0.0000 1.0000 0.0000
vn 0.0000 1.0000 0.0000
vn 0.0000 1.0000 0.0000
vn 0.0000 1.0000 0.0000
vn 0.0000 1.0000 0.0000
vn 0.0000 1.0000 0.0000
vn 0.0000 1.0000 0.0000
vn 0.0000 1.0000 0.0000
vn 0.0000 1.0000 0.0000
vn 0.0000 1.0000 0.0000
vn 0.0000 1.0000 0.0000
vn 0.0000 1.0000 0.0000
vn 0.0000 1.0000 0.0000
vn 0.0000 1.0000 0.0000
vn 0.0000 1.0000 0.0000
vn 0.0000 1.0000 0.0000
vn 0.0000 1.0000 0.0000
vn 0.0000 1.0000 0.0000
vn 0.0000 1.0000 0.0000
vn 0.0000 1.0000 0.0000
vn 0.0000 1.0000 0.0000
vn 0.0000 1.0000 0.0000
vn 0.0000 1.0000 0.0000
vn 0.0000 1.0000 0.0000
vn 0.0000 1.0000 0.0000
vn 0.0000 1.0000 0.0000
vn 0.0000 1.0000 0.0000
vn 0.0000 1.0000 0.0000
vn 0.0000 1.0000 0.0000
vn 0.0000 1.0000 0.0000
vn 0.0000 1.0000 0.0000
vn 0.0000 1.0000 0.0000
vn 0.0000 1.0000 0.0000
vn 0.0000 1.0000 0.0000
vn 0.0000 1.0000 0.0000
vn 0.0000 1.0000 0.0000
vn 0.0000 1.0000 0.0000
vn 0.0000 1.0000 0.0000
vn 0.0000 1.0000 0.0000
vn 0.0000 1.0000 0.0000
vn 0.0000 1.0000 0.0000
vn 0.0000 1.0000 0.0000
vn 0.0000 1.0000 0.0000
vn 0.0000 1.0000 0.0000
vn 0.0000 1.0000 0.0000
vn 0.0000 1.0000 0.0000
vn 0.0000 1.0000 0.0000
vn 0.0000 1.0000 0.0000
vn 0.0000 1.0000 0.0000
vn 0.0000 1.0000 0.0000
vn 0.0000 1.0000 0.0000
vn 0.0000 1.0000 0.0000
vn 0.0000 1.0000 0.0000
vn 0.0000 1.0000 0.0000
vn 0.0000 1.0000 0.0000
vn 0.0000 1.0000 0.0000
vn 0.0000 1.0000 0.0000
vn 0.0000 1.0000 0.0000
vn 0.0000 1.0000 0.0000
vn 0.0000 1.0000 0.0000
vn 0.0000 1.0000 0.0000
vn 0.0000 1.0000 0.0000
vn 0.0000 1.0000 0.0000
vn 0.0000 1.0000 0.0000
vn 0.0000 1.0000 0.0000
vn 0.0000 1.0000 0.0000
vn 0.0000 1.0000 0.0000
vn 0.0000 1.0000 0.0000
vn 0.0000 1.0000 0.0000
vn 0.0000 1.0000 0.0000
vn 0.0000 1.0000 0.0000
vn 0.0000 1.0000 0.0000
vn 0.0000 1.0000 0.0000
vn 0.0000 1.0000 0.0000
vn 0.0000 1.0000 0.0000
vn 0.0000 1.0000 0.0000
vn 0.0000 1.0000 0.0000
vn 0.0000 1.0000 0.0000
vn 0.0000 1.0000 0.0000
vn 0.0000 1.0000 0.0000
vn 0.0000 1.0000 0.0000
vn 0.0000 1.0000 0.0000
vn 0.0000 1.0000 0.0000
vn 0.0000 1.0000 0.0000
vn 0.0000 1.0000 0.0000
vn 0.0000 1.0000 0.0000
vn 0.0000 1.0000 0.0000
vn 0.0000 1.0000 0.0000
vn 0.0000 1.0000 0.0000
vn 0.0000 1.0000 0.0000
vn 0.0000 1.0000 0.0000
vn 0.0000 1.0000 0.0000
vn 0.0000 1.0000 0.0000
vn 0.0000 1.0000 0.0000
vn 0.0000 1.0000 0.0000
vn 0.0000 1.0000 0.0000
vn 0.0000 1.0000 0.0000
vn 0.0000 1.0000 0.0000
vn 0.0000 1.0000 0.0000
vn 0.0000 1.0000 0.0000
vn 0.0000 1.0000 0.0000
vn 0.0000 1.0000 0.0000
vn 0.0000 1.0000 0.0000
vn 0.0000 1.0000 0.0000
vn 0.0000 1.0000 0.0000
vn 0.0000 1.0000 0.0000
vn 0.0000 1.0000 0.0000
vn 0.0000 1.0000 0.0000
vn 0.0000 1.0000 0.0000
vn 0.0000 1.0000 0.0000
vn 0.0000 1.0000 0.0000
vn 0.0000 1.0000 0.0000
vn 0.0000 1.0000 0.0000
vn 0.0000 1.0000 0.0000
vn 0.0000 1.0000 0.0000
vn 0.0000 1.0000 0.0000
vn 0.0000 1.0000 0.0000
vn 0.0000 1.0000 0.0000
vn 0.0000 1.0000 0.0000
vn 0.0000 1.0000 0.0000
vn 0.0000 1.0000 0.0000
vn 0.0000 1.0000 0.0000
vn 0.0000 1.0000 0.0000
vn 0.0000 1.0000 0.0000
vn 0.0000 1.0000 0.0000
vn 0.0000 1.0000 0.0000
vn 0.0000 1.0000 0.0000
vn 0.0000 1.0000 0.0000
vn 0.0000 1.0000 0.0000
vn 0.0000 1.0000 0.0000
vn 0.0000 1.0000 0.0000
vn 0.0000 1.0000 0.0000
vn 0.0000 1.0000 0.0000
vn 0.0000 1.0000 0.0000
vn 0.0000 1.0000 0.0000
vn 0.0000 1.0000 0.0000
vn 0.0000 1.0000 0.0000
vn 0.0000 1.0000 0.0000
vn 0.0000 1.0000 0.0000
vn 0.0000 1.0000 0.0000
vn 0.0000 1.0000 0.0000
vn 0.0000 1.0000 0.0000
vn 0.0000 1.0000 0.0000
vn 0.0000 1.0000 0.0000
vn 0.0000 1.0000 0.0000
vn 0.0000 1.0000 0.0000
vn 0.0000 1.0000 0.0000
vn 0.0000 1.0000 0.0000
vn 0.0000 1.0000 0.0000
vn 0.0000 1.0000 0.0000
vn 0.0000 1.0000 0.0000
vn 0.0000 1.0000 0.0000
vn 0.0000 1.0000 0.0000
vn 0.0000 1.0000 0.0000
vn 0.0000 1.0000 0.0000
vn 0.0000 1.0000 0.0000
vn 0.0000 1.0000 0.0000
vn 0.0000 1.0000 0.0000
vn 0.0000 1.0000 0.0000
vn 0.0000 1.0000 0.0000
vn 0.0000 1.0000 0.0000
vn 0.0000 1.0000 0.0000
vn 0.0000 1.0000 0.0000
vn 0.0000 1.0000 0.0000
vn 0.0000 1.0000 0.0000
vn 0.0000 1.0000 0.0000
vn 0.0000 1.0000 0.0000
vn 0.0000 1.0000 0.0000
vn 0.0000 1.0000 0.0000
vn 0.0000 1.0000 0.0000
vn 0.0000 1.0000 0.0000
vn 0.0000 1.0000 0.0000
vn 0.0000 1.0000 0.0000
vn 0.0000 1.0000 0.0000
vn 0.0000 1.0000 0.0000
vn 0.0000 1.0000 0.0000
vn 0.0000 1.0000 0.0000
vn 0.0000 1.0000 0.0000
vn 0.0000 1.0000 0.0000
vn 0.0000 1.0000 0.0000
vn 0.0000 1.0000 0.0000
vn 0.0000 1.0000 0.0000
vn 0.0000 1.0000 0.0000
vn 0.0000 1.0000 0.0000
vn 0.0000 1.0000 0.0000
vn 0.0000 1.0000 0.0000
vn 0.0000 1.0000 0.0000
vn 0.0000 1.0000 0.0000
vn 0.0000 1.0000 0.0000
vn 0.0000 1.0000 0.0000
vn 0.0000 1.0000 0.0000
vn 0.0000 1.0000 0.0000
vn 0.0000 1.0000 0.0000
vn 0.0000 1.0000 0.0000
vn 0.0000 1.0000 0.0000
vn 0.0000 1.0000 0.0000
vn 0.0000 1.0000 0.0000
vn 0.0000 1.0000 0.0000
vn 0.0000 1.0000 0.0000
vn 0.0000 1.0000 0.0000
vn 0.0000 1.0000 0.0000
vn 0.0000 1.0000 0.0000
vn 0.0000 1.0000 0.0000
vn 0.0000 1.0000 0.0000
vn 0.0000 1.0000 0.0000
vn 0.0000 1.0000 0.0000
vn 0.0000 1.0000 0.0000
vn 0.0000 1.0000 0.0000
vn 0.0000 1.0000 0.0000
vn 0.0000 1.0000 0.0000
vn 0.0000 1.0000 0.0000
vn 0.0000 1.0000 0.0000
vn 0.0000 1.0000 0.0000
vn 0.0000 1.0000 0.0000
vn 0.0000 1.0000 0.0000
vn 0.0000 1.0000 0.0000
vn 0.0000 1.0000 0.0000
vn 0.0000 1.0000 0.0000
vn 0.0000 1.0000 0.0000
vn 0.0000 1.0000 0.0000
vn 0.0000 1.0000 0.0000
vn 0.0000 1.0000 0.0000
vn 0.0000 1.0000 0.0000
vn 0.0000 1.0000 0.0000
vn 0.0000 1.0000 0.0000
vn 0.0000 1.0000 0.0000
vn 0.0000 1.0000 0.0000
vn 0.0000 1.0000 0.0000
vn 0.0000 1.0000 0.0000
vn 0.0000 1.0000 0.0000
vn 0.0000 1.0000 0.0000
vn 0.0000 1.0000 0.0000
vn 0.0000 1.0000 0.0000
vn 0.0000 1.0000 0.0000
vn 0.0000 1.0000 0.0000
vn 0.0000 1.0000 0.0000
vn 0.0000 1.0000 0.0000
vn 0.0000 1.0000 0.0000
vn 0.0000 1.0000 0.0000
vn 0.0000 1.0000 0.0000
vn 0.0000 1.0000 0.0000
vn 0.0000 1.0000 0.0000
vn 0.0000 1.0000 0.0000
vn 0.0000 1.0000 0.0000
vn 0.0000 1.0000 0.0000
vn 0.0000 1.0000 0.0000
vn 0.0000 1.0000 0.0000
vn 0.0000 1.0000 0.0000
vn 0.0000 1.0000 0.0000
vn 0.0000 1.0000 0.0000
vn 0.0000 1.0000 0.0000
vn 0.0000 1.0000 0.0000
vn 0.0000 1.0000 0.0000
vn 0.0000 1.0000 0.0000
vn 0.0000 1.0000 0.0000
vn 0.0000 1.0000 0.0000
vn 0.0000 1.0000 0.0000
vn 0.0000 1.0000 0.0000
vn 0.0000 1.0000 0.0000
vn 0.0000 1.0000 0.0000
vn 0.0000 1.0000 0.0000
vn 0.0000 1.0000 0.0000
vn 0.0000 1.0000 0.0000
vn 0.0000 1.0000 0.0000
vn 0.0000 1.0000 0.0000
vn 0.0000 1.0000 0.0000
vn 0.0000 1.0000 0.0000
vn 0.0000 1.0000 0.0000
vn 0.0000 1.0000 0.0000
vn 0.0000 1.0000 0.0000
vn 0.0000 1.0000 0.0000
vn 0.0000 1.0000 0.0000
vn 0.0000 1.0000 0.0000
vn 0.0000 1.0000 0.0000
vn 0.0000 1.0000 0.0000
vn 0.0000 1.0000 0.0000
vn 0.0000 1.0000 0.0000
vn 0.0000 1.0000 0.0000
vn 0.0000 1.0000 0.0000
vn 0.0000 1.0000 0.0000
vn 0.0000 1.0000 0.0000
vn 0.0000 1.0000 0.0000
vn 0.0000 1.0000 0.0000
vn 0.0000 1.0000 0.0000
vn 0.0000 1.0000 0.0000
vn 0.0000 1.0000 0.0000
vn 0.0000 1.0000 0.0000
vn 0.0000 1.0000 0.0000
vn 0.0000 1.0000 0.0000
vn 0.0000 1.0000 0.0000
vn 0.0000 1.0000 0.0000
vn 0.0000 1.0000 0.0000
vn 0.0000 1.0000 0.0000
vn 0.0000 1.0000 0.0000
vn 0.0000 1.0000 0.0000
vn 0.0000 1.0000 0.0000
vn 0.0000 1.0000 0.0000
vn 0.0000 1.0000 0.0000
vn 0.0000 1.0000 0.0000
vn 0.0000 1.0000 0.0000
vn 0.0000 1.0000 0.0000
vn 0.0000 1.0000 0.0000
vn 0.0000 1.0000 0.0000
vn 0.0000 1.0000 0.0000
vn 0.0000 1.0000 0.0000
vn 0.0000 1.0000 0.0000
vn 0.0000 1.0000 0.0000
vn 0.0000 1.0000 0.0000
vn 0.0000 1.0000 0.0000
vn 0.0000 1.0000 0.0000
vn 0.0000 1.0000 0.0000
vn 0.0000 1.0000 0.0000
vn 0.0000 1.0000 0.0000
vn 0.0000 1.0000 0.0000
vn 0.0000 1.0000 0.0000
vn 0.0000 1.0000 0.0000
vn 0.0000 1.0000 0.0000
vn 0.0000 1.0000 0.0000
vn 0.0000 1.0000 0.0000
vn 0.0000 1.0000 0.0000
vn 0.0000 1.0000 0.0000
vn 0.0000 1.0000 0.0000
vn 0.0000 1.0000 0.0000
vn 0.0000 1.0000 0.0000
vn 0.0000 1.0000 0.0000
vn 0.0000 1.0000 0.0000
vn 0.0000 1.0000 0.0000
vn 0.0000 1.0000 0.0000
vn 0.0000 1.0000 0.0000
vn 0.0000 1.0000 0.0000
vn 0.0000 1.0000 0.0000
vn 0.0000 1.0000 0.0000
vn 0.0000 1.0000 0.0000
vn 0.0000 1.0000 0.0000
vn 0.0000 1.0000 0.0000
vn 0.0000 1.0000 0.0000
vn 0.0000 1.0000 0.0000
vn 0.0000 1.0000 0.0000
vn 0.0000 1.0000 0.0000
vn 0.0000 1.0000 0.0000
vn 0.0000 1.0000 0.0000
vn 0.0000 1.0000 0.0000
vn 0.0000 1.0000 0.0000
vn 0.0000 1.0000 0.0000
vn 0.0000 1.0000 0.0000
vn 0.0000 1.0000 0.0000
vn 0.0000 1.0000 0.0000
vn 0.0000 1.0000 0.0000
vn 0.0000 1.0000 0.0000
vn 0.0000 1.0000 0.0000
vn 0.0000 1.0000 0.0000
vn 0.0000 1.0000 0.0000
vn 0.0000 1.0000 0.0000
vn 0.0000 1.0000 0.0000
vn 0.0000 1.0000 0.0000
vn 0.0000 1.0000 0.0000
vn 0.0000 1.0000 0.0000
vn 0.0000 1.0000 0.0000
vn 0.0000 1.0000 0.0000
vn 0.0000 1.0000 0.0000
vn 0.0000 1.0000 0.0000
vn 0.0000 1.0000 0.0000
vn 0.0000 1.0000 0.0000
vn 0.0000 1.0000 0.0000
vn 0.0000 1.0000 0.0000
vn 0.0000 1.0000 0.0000
vn 0.0000 1.0000 0.0000
vn 0.0000 1.0000 0.0000
vn 0.0000 1.0000 0.0000
vn 0.0000 1.0000 0.0000
vn 0.0000 1.0000 0.0000
vn 0.0000 1.0000 0.0000
vn 0.0000 1.0000 0.0000
vn 0.0000 1.0000 0.0000
vn 0.0000 1.0000 0.0000
vn 0.0000 1.0000 0.0000
vn 0.0000 1.0000 0.0000
vn 0.0000 1.0000 0.0000
vn 0.0000 1.0000 0.0000
vn 0.0000 1.0000 0.0000
vn 0.0000 1.0000 0.0000
vn 0.0000 1.0000 0.0000
vn 0.0000 1.0000 0.0000
vn 0.0000 1.0000 0.0000
vn 0.0000 1.0000 0.0000
vn 0.0000 1.0000 0.0000
vn 0.0000 1.0000 0.0000
vn 0.0000 1.0000 0.0000
vn 0.0000 1.0000 0.0000
vn 0.0000 1.0000 0.0000
vn 0.0000 1.0000 0.0000
vn 0.0000 1.0000 0.0000
vn 0.0000 1.0000 0.0000
vn 0.0000 1.0000 0.0000
vn 0.0000 1.0000 0.0000
vn 0.0000 1.0000 0.0000
vn 0.0000 1.0000 0.0000
vn 0.0000 1.0000 0.0000
vn 0.0000 1.0000 0.0000
vn 0.0000 1.0000 0.0000
vn 0.0000 1.0000 0.0000
vn 0.0000 1.0000 0.0000
vn 0.0000 1.0000 0.0000
vn 0.0000 1.0000 0.0000
vn 0.0000 1.0000 0.0000
vn 0.0000 1.0000 0.0000
vn 0.0000 1.0000 0.0000
vn 0.0000 1.0000 0.0000
vn 0.0000 1.0000 0.0000
vn 0.0000 1.0000 0.0000
vn 0.0000 1.0000 0.0000
vn 0.0000 1.0000 0.0000
vn 0.0000 1.0000 0.0000
vn 0.0000 1.0000 0.0000
vn 0.0000 1.0000 0.0000
vn 0.0000 1.0000 0.0000
vn 0.0000 1.0000 0.0000
vn 0.0000 1.0000 0.0000
vn 0.0000 1.0000 0.0000
vn 0.0000 1.0000 0.0000
vn 0.0000 1.0000 0.0000
vn 0.0000 1.0000 0.0000
vn 0.0000 1.0000 0.0000
vn 0.0000 1.0000 0.0000
vn 0.0000 1.0000 0.0000
vn 0.0000 1.0000 0.0000
vn 0.0000 1.0000 0.0000
vn 0.0000 1.0000 0.0000
vn 0.0000 1.0000 0.0000
vn 0.0000 1.0000 0.0000
vn 0.0000 1.0000 0.0000
vn 0.0000 1.0000 0.0000
vn 0.0000 1.0000 0.0000
vn 0.0000 1.0000 0.0000
vn 0.0000 1.0000 0.0000
vn 0.0000 1.0000 0.0000
vn 0.0000 1.0000 0.0000
vn 0.0000 1.0000 0.0000
vn 0.0000 1.0000 0.0000
vn 0.0000 1.0000 0.0000
vn 0.0000 1.0000 0.0000
vn 0.0000 1.0000 0.0000
vn 0.0000 1.0000 0.0000
vn 0.0000 1.0000 0.0000
vn 0.0000 1.0000 0.0000
vn 0.0000 1.0000 0.0000
vn 0.0000 1.0000 0.0000
vn 0.0000 1.0000 0.0000
vn 0.0000 1.0000 0.0000
vn 0.0000 1.0000 0.0000
vn 0.0000 1.0000 0.0000
vn 0.0000 1.0000 0.0000
vn 0.0000 1.0000 0.0000
vn 0.0000 1.0000 0.0000
vn 0.0000 1.0000 0.0000
vn 0.0000 1.0000 0.0000
vn 0.0000 1.0000 0.0000
vn 0.0000 1.0000 0.0000
vn 0.0000 1.0000 0.0000
vn 0.0000 1.0000 0.0000
vn 0.0000 1.0000 0.0000
vn 0.0000 1.0000 0.0000
vn 0.0000 1.0000 0.0000
vn 0.0000 1.0000 0.0000
vn 0.0000 1.0000 0.0000
vn 0.0000 1.0000 0.0000
vn 0.0000 1.0000 0.0000
vn 0.0000 1.0000 0.0000
vn 0.0000 1.0000 0.0000
vn 0.0000 1.0000 0.0000
vn 0.0000 1.0000 0.0000
vn 0.0000 1.0000 0.0000
vn 0.0000 1.0000 0.0000
vn 0.0000 1.0000 0.0000
vn 0.0000 1.0000 0.0000
vn 0.0000 1.0000 0.0000
vn 0.0000 1.0000 0.0000
vn 0.0000 1.0000 0.0000
vn 0.0000 1.0000 0.0000
vn 0.0000 1.0000 0.0000
vn 0.0000 1.0000 0.0000
vn 0.0000 1.0000 0.0000
vn 0.0000 1.0000 0.0000
vn 0.0000 1.0000 0.0000
vn 0.0000 1.0000 0.0000
vn 0.0000 1.0000 0.0000
vn 0.0000 1.0000 0.0000
vn 0.0000 1.0000 0.0000
vn 0.0000 1.0000 0.0000
vn 0.0000 1.0000 0.0000
vn 0.0000 1.0000 0.0000
vn 0.0000 1.0000 0.0000
vn 0.0000 1.0000 0.0000
vn 0.0000 1.0000 0.0000
vn 0.0000 1.0000 0.0000
vn 0.0000 1.0000 0.0000
vn 0.0000 1.0000 0.0000
vn 0.0000 1.0000 0.0000
vn 0.0000 1.0000 0.0000
vn 0.0000 1.0000 0.0000
vn 0.0000 1.0000 0.0000
vn 0.0000 1.0000 0.0000
vn 0.0000 1.0000 0.0000
vn 0.0000 1.0000 0.0000
vn 0.0000 1.0000 0.0000
vn 0.0000 1.0000 0.0000
vn 0.0000 1.0000 0.0000
vn 0.0000 1.0000 0.0000
vn 0.0000 1.0000 0.0000
vn 0.0000 1.0000 0.0000
vn 0.0000 1.0000 0.0000
vn 0.0000 1.0000 0.0000
vn 0.0000 1.0000 0.0000
vn 0.0000 1.0000 0.0000
vn 0.0000 1.0000 0.0000
vn 0.0000 1.0000 0.0000
vn 0.0000 1.0000 0.0000
vn 0.0000 1.0000 0.0000
vn 0.0000 1.0000 0.0000
vn 0.0000 1.0000 0.0000
vn 0.0000 1.0000 0.0000
vn 0.0000 1.0000 0.0000
vn 0.0000 1.0000 0.0000
vn 0.0000 1.0000 0.0000
vn 0.0000 1.0000 0.0000
vn 0.0000 1.0000 0.0000
vn 0.0000 1.0000 0.0000
vn 0.0000 1.0000 0.0000
vn 0.0000 1.0000 0.0000
vn 0.0000 1.0000 0.0000
vn 0.0000 1.0000 0.0000
vn 0.0000 1.0000 0.0000
vn 0.0000 1.0000 0.0000
vn 0.0000 1.0000 0.0000
vn 0.0000 1.0000 0.0000
vn 0.0000 1.0000 0.0000
vn 0.0000 1.0000 0.0000
vn 0.0000 1.0000 0.0000
vn 0.0000 1.0000 0.0000
vn 0.0000 1.0000 0.0000
vn 0.0000 1.0000 0.0000
vn 0.0000 1.0000 0.0000
vn 0.0000 1.0000 0.0000
vn 0.0000 1.0000 0.0000
vn 0.0000 1.0000 0.0000
vn 0.0000 1.0000 0.0000
vn 0.0000 1.0000 0.0000
vn 0.0000 1.0000 0.0000
vn 0.0000 1.0000 0.0000
vn 0.0000 1.0000 0.0000
vn 0.0000 1.0000 0.0000
vn 0.0000 1.0000 0.0000
vn 0.0000 1.0000 0.0000
vn 0.0000 1.0000 0.0000
vn 0.0000 1.0000 0.0000
vn 0.0000 1.0000 0.0000
vn 0.0000 1.0000 0.0000
vn 0.0000 1.0000 0.0000
vn 0.0000 1.0000 0.0000
vn 0.0000 1.0000 0.0000
vn 0.0000 1.0000 0.0000
vn 0.0000 1.0000 0.0000
vn 0.0000 1.0000 0.0000
vn 0.0000 1.0000 0.0000
vn 0.0000 1.0000 0.0000
vn 0.0000 1.0000 0.0000
vn 0.0000 1.0000 0.0000
vn 0.0000 1.0000 0.0000
vn 0.0000 1.0000 0.0000
vn 0.0000 1.0000 0.0000
vn 0.0000 1.0000 0.0000
vn 0.0000 1.0000 0.0000
vn 0.0000 1.0000 0.0000
vn 0.0000 1.0000 0.0000
vn 0.0000 1.0000 0.0000
vn 0.0000 1.0000 0.0000
vn 0.0000 1.0000 0.0000
vn 0.0000 1.0000 0.0000
vn 0.0000 1.0000 0.0000
vn 0.0000 1.0000 0.0000
vn 0.0000 1.0000 0.0000
vn 0.0000 1.0000 0.0000
vn 0.0000 1.0000 0.0000
vn 0.0000 1.0000 0.0000
vn 0.0000 1.0000 0.0000
vn 0.0000 1.0000 0.0000
vn 0.0000 1.0000 0.0000
vn 0.0000 1.0000 0.0000
vn 0.0000 1.0000 0.0000
vn 0.0000 1.0000 0.0000
vn 0.0000 1.0000 0.0000
vn 0.0000 1.0000 0.0000
vn 0.0000 1.0000 0.0000
vn 0.0000 1.0000 0.0000
vn 0.0000 1.0000 0.0000
vn 0.0000 1.0000 0.0000
vn 0.0000 1.0000 0.0000
vn 0.0000 1.0000 0.0000
vn 0.0000 1.0000 0.0000
vn 0.0000 1.0000 0.0000
vn 0.0000 1.0000 0.0000
vn 0.0000 1.0000 0.0000
vn 0.0000 1.0000 0.0000
vn 0.0000 1.0000 0.0000
vn 0.0000 1.0000 0.0000
vn 0.0000 1.0000 0.0000
vn 0.0000 1.0000 0.0000
vn 0.0000 1.0000 0.0000
vn 0.0000 1.0000 0.0000
vn 0.0000 1.0000 0.0000
vn 0.0000 1.0000 0.0000
vn 0.0000 1.0000 0.0000
vn 0.0000 1.0000 0.0000
vn 0.0000 1.0000 0.0000
vn 0.0000 1.0000 0.0000
vn 0.0000 1.0000 0.0000
vn 0.0000 1.0000 0.0000
vn 0.0000 1.0000 0.0000
vn 0.0000 1.0000 0.0000
vn 0.0000 1.0000 0.0000
vn 0.0000 1.0000 0.0000
vn 0.0000 1.0000 0.0000
vn 0.0000 1.0000 0.0000
vn 0.0000 1.0000 0.0000
vn 0.0000 1.0000 0.0000
vn 0.0000 1.0000 0.0000
vn 0.0000 1.0000 0.0000
vn 0.0000 1.0000 0.0000
vn 0.0000 1.0000 0.0000
vn 0.0000 1.0000 0.0000
vn 0.0000 1.0000 0.0000
vn 0.0000 1.0000 0.0000
vn 0.0000 1.0000 0.0000
vn 0.0000 1.0000 0.0000
vn 0.0000 1.0000 0.0000
vn 0.0000 1.0000 0.0000
vn 0.0000 1.0000 0.0000
vn 0.0000 1.0000 0.0000
vn 0.0000 1.0000 0.0000
vn 0.0000 1.0000 0.0000
vn 0.0000 1.0000 0.0000
vn 0.0000 1.0000 0.0000
vn 0.0000 1.0000 0.0000
vn 0.0000 1.0000 0.0000
vn 0.0000 1.0000 0.0000
vn 0.0000 1.0000 0.0000
vn 0.0000 1.0000 0.0000
vn 0.0000 1.0000 0.0000
vn 0.0000 1.0000 0.0000
vn 0.0000 1.0000 0.0000
vn 0.0000 1.0000 0.0000
vn 0.0000 1.0000 0.0000
vn 0.0000 1.0000 0.0000
vn 0.0000 1.0000 0.0000
vn 0.0000 1.0000 0.0000
vn 0.0000 1.0000 0.0000
vn 0.0000 1.0000 0.0000
vn 0.0000 1.0000 0.0000
vn 0.0000 1.0000 0.0000
vn 0.0000 1.0000 0.0000
vn 0.0000 1.0000 0.0000
vn 0.0000 1.0000 0.0000
vn 0.0000 1.0000 0.0000
vn 0.0000 1.0000 0.0000
vn 0.0000 1.0000 0.0000
vn 0.0000 1.0000 0.0000
vn 0.0000 1.0000 0.0000
vn 0.0000 1.0000 0.0000
vn 0.0000 1.0000 0.0000
vn 0.0000 1.0000 0.0000
vn 0.0000 1.0000 0.0000
vn 0.0000 1.0000 0.0000
vn 0.0000 1.0000 0.0000
vn 0.0000 1.0000 0.0000
vn 0.0000 1.0000 0.0000
vn 0.0000 1.0000 0.0000
vn 0.0000 1.0000 0.0000
vn 0.0000 1.0000 0.0000
vn 0.0000 1.0000 0.0000
vn 0.0000 1.0000 0.0000
vn 0.0000 1.0000 0.0000
vn 0.0000 1.0000 0.0000
vn 0.0000 1.0000 0.0000
vn 0.0000 1.0000 0.0000
vn 0.0000 1.0000 0.0000
vn 0.0000 1.0000 0.0000
vn 0.0000 1.0000 0.0000
vn 0.0000 1.0000 0.0000
vn 0.0000 1.0000 0.0000
vn 0.0000 1.0000 0.0000
vn 0.0000 1.0000 0.0000
vn 0.0000 1.0000 0.0000
vn 0.0000 1.0000 0.0000
vn 0.0000 1.0000 0.0000
vn 0.0000 1.0000 0.0000
vn 0.0000 1.0000 0.0000
vn 0.0000 1.0000 0.0000
vn 0.0000 1.0000 0.0000
vn 0.0000 1.0000 0.0000
vn 0.0000 1.0000 0.0000
vn 0.0000 1.0000 0.0000
vn 0.0000 1.0000 0.0000
vn 0.0000 1.0000 0.0000
vn 0.0000 1.0000 0.0000
vn 0.0000 1.0000 0.0000
vn 0.0000 1.0000 0.0000
vn 0.0000 1.0000 0.0000
vn 0.0000 1.0000 0.0000
vn 0.0000 1.0000 0.0000
vn 0.0000 1.0000 0.0000
vn 0.0000 1.0000 0.0000
vn 0.0000 1.0000 0.0000
vn 0.0000 1.0000 0.0000
vn 0.0000 1.0000 0.0000
vn 0.0000 1.0000 0.0000
vn 0.0000 1.0000 0.0000
vn 0.0000 1.0000 0.0000
vn 0.0000 1.0000 0.0000
vn 0.0000 1.0000 0.0000
vn 0.0000 1.0000 0.0000
vn 0.0000 1.0000 0.0000
vn 0.0000 1.0000 0.0000
vn 0.0000 1.0000 0.0000
vn 0.0000 1.0000 0.0000
vn 0.0000 1.0000 0.0000
vn 0.0000 1.0000 0.0000
vn 0.0000 1.0000 0.0000
vn 0.0000 1.0000 0.0000
vn 0.0000 1.0000 0.0000
vn 0.0000 1.0000 0.0000
vn 0.0000 1.0000 0.0000
vn 0.0000 1.0000 0.0000
vn 0.0000 1.0000 0.0000
vn 0.0000 1.0000 0.0000
vn 0.0000 1.0000 0.0000
vn 0.0000 1.0000 0.0000
vn 0.0000 1.0000 0.0000
vn 0.0000 1.0000 0.0000
vn 0.0000 1.0000 0.0000
vn 0.0000 1.0000 0.0000
vn 0.0000 1.0000 0.0000
vn 0.0000 1.0000 0.0000
vn 0.0000 1.0000 0.0000
vn 0.0000 1.0000 0.0000
vn 0.0000 1.0000 0.0000
vn 0.0000 1.0000 0.0000
vn 0.0000 1.0000 0.0000
vn 0.0000 1.0000 0.0000
vn 0.0000 1.0000 0.0000
vn 0.0000 1.0000 0.0000
vn 0.0000 1.0000 0.0000
vn 0.0000 1.0000 0.0000
vn 0.0000 1.0000 0.0000
vn 0.0000 1.0000 0.0000
vn 0.0000 1.0000 0.0000
vn 0.0000 1.0000 0.0000
vn 0.0000 1.0000 0.0000
vn 0.0000 1.0000 0.0000
vn 0.0000 1.0000 0.0000
vn 0.0000 1.0000 0.0000
vn 0.0000 1.0000 0.0000
vn 0.0000 1.0000 0.0000
vn 0.0000 1.0000 0.0000
vn 0.0000 1.0000 0.0000
vn 0.0000 1.0000 0.0000
vn 0.0000 1.0000 0.0000
vn 0.0000 1.0000 0.0000
vn 0.0000 1.0000 0.0000
vn 0.0000 1.0000 0.0000
vn 0.0000 1.0000 0.0000
vn 0.0000 1.0000 0.0000
vn 0.0000 1.0000 0.0000
vn 0.0000 1.0000 0.0000
vn 0.0000 1.0000 0.0000
vn 0.0000 1.0000 0.0000
vn 0.0000 1.0000 0.0000
vn 0.0000 1.0000 0.0000
vn 0.0000 1.0000 0.0000
vn 0.0000 1.0000 0.0000
vn 0.0000 1.0000 0.0000
vn 0.0000 1.0000 0.0000
vn 0.0000 1.0000 0.0000
vn 0.0000 1.0000 0.0000
vn 0.0000 1.0000 0.0000
vn 0.0000 1.0000 0.0000
vn 0.0000 1.0000 0.0000
vn 0.0000 1.0000 0.0000
vn 0.0000 1.0000 0.0000
vn 0.0000 1.0000 0.0000
vn 0.0000 1.0000 0.0000
vn 0.0000 1.0000 0.0000
vn 0.0000 1.0000 0.0000
vn 0.0000 1.0000 0.0000
vn 0.0000 1.0000 0.0000
vn 0.0000 1.0000 0.0000
vn 0.0000 1.0000 0.0000
vn 0.0000 1.0000 0.0000
vn 0.0000 1.0000 0.0000
vn 0.0000 1.0000 0.0000
vn 0.0000 1.0000 0.0000
vn 0.0000 1.0000 0.0000
vn 0.0000 1.0000 0.0000
vn 0.0000 1.0000 0.0000
vn 0.0000 1.0000 0.0000
vn 0.0000 1.0000 0.0000
vn 0.0000 1.0000 0.0000
vn 0.0000 1.0000 0.0000
vn 0.0000 1.0000 0.0000
vn 0.0000 1.0000 0.0000
vn 0.0000 1.0000 0.0000
vn 0.0000 1.0000 0.0000
vn 0.0000 1.0000 0.0000
vn 0.0000 1.0000 0.0000
vn 0.0000 1.0000 0.0000
vn 0.0000 1.0000 0.0000
vn 0.0000 1.0000 0.0000
vn 0.0000 1.0000 0.0000
vn 0.0000 1.0000 0.0000
vn 0.0000 1.0000 0.0000
vn 0.0000 1.0000 0.0000
vn 0.0000 1.0000 0.0000
vn 0.0000 1.0000 0.0000
vn 0.0000 1.0000 0.0000
vn 0.0000 1.0000 0.0000
vn 0.0000 1.0000 0.0000
vn 0.0000 1.0000 0.0000
vn 0.0000 1.0000 0.0000
vn 0.0000 1.0000 0.0000
vn 0.0000 1.0000 0.0000
vn 0.0000 1.0000 0.0000
vn 0.0000 1.0000 0.0000
vn 0.0000 1.0000 0.0000
vn 0.0000 1.0000 0.0000
vn 0.0000 1.0000 0.0000
vn 0.0000 1.0000 0.0000
vn 0.0000 1.0000 0.0000
vn 0.0000 1.0000 0.0000
vn 0.0000 1.0000 0.0000
vn 0.0000 1.0000 0.0000
vn 0.0000 1.0000 0.0000
vn 0.0000 1.0000 0.0000
vn 0.0000 1.0000 0.0000
vn 0.0000 1.0000 0.0000
vn 0.0000 1.0000 0.0000
vn 0.0000 1.0000 0.0000
vn 0.0000 1.0000 0.0000
vn 0.0000 1.0000 0.0000
vn 0.0000 1.0000 0.0000
vn 0.0000 1.0000 0.0000
vn 0.0000 1.0000 0.0000
vn 0.0000 1.0000 0.0000
vn 0.0000 1.0000 0.0000
vn 0.0000 1.0000 0.0000
vn 0.0000 1.0000 0.0000
vn 0.0000 1.0000 0.0000
vn 0.0000 1.0000 0.0000
vn 0.0000 1.0000 0.0000
vn 0.0000 1.0000 0.0000
vn 0.0000 1.0000 0.0000
vn 0.0000 1.0000 0.0000
vn 0.0000 1.0000 0.0000
vn 0.0000 1.0000 0.0000
vn 0.0000 1.0000 0.0000
vn 0.0000 1.0000 0.0000
vn 0.0000 1.0000 0.0000
vn 0.0000 1.0000 0.0000
vn 0.0000 1.0000 0.0000
vn 0.0000 1.0000 0.0000
vn 0.0000 1.0000 0.0000
vn 0.0000 1.0000 0.0000
vn 0.0000 1.0000 0.0000
vn 0.0000 1.0000 0.0000
vn 0.0000 1.0000 0.0000
vn 0.0000 1.0000 0.0000
vn 0.0000 1.0000 0.0000
vn 0.0000 1.0000 0.0000
vn 0.0000 1.0000 0.0000
vn 0.0000 1.0000 0.0000
vn 0.0000 1.0000 0.0000
vn 0.0000 1.0000 0.0000
vn 0.0000 1.0000 0.0000
vn 0.0000 1.0000 0.0000
vn 0.0000 1.0000 0.0000
vn 0.0000 1.0000 0.0000
vn 0.0000 1.0000 0.0000
vn 0.0000 1.0000 0.0000
vn 0.0000 1.0000 0.0000
vn 0.0000 1.0000 0.0000
vn 0.0000 1.0000 0.0000
vn 0.0000 1.0000 0.0000
vn 0.0000 1.0000 0.0000
vn 0.0000 1.0000 0.0000
vn 0.0000 1.0000 0.0000
vn 0.0000 1.0000 0.0000
vn 0.0000 1.0000 0.0000
vn 0.0000 1.0000 0.0000
vn 0.0000 1.0000 0.0000
vn 0.0000 1.0000 0.0000
vn 0.0000 1.0000 0.0000
vn 0.0000 1.0000 0.0000
vn 0.0000 1.0000 0.0000
vn 0.0000 1.0000 0.0000
vn 0.0000 1.0000 0.0000
vn 0.0000 1.0000 0.0000
vn 0.0000 1.0000 0.0000
vn 0.0000 1.0000 0.0000
vn 0.0000 1.0000 0.0000
vn 0.0000 1.0000 0.0000
vn 0.0000 1.0000 0.0000
vn 0.0000 1.0000 0.0000
vn 0.0000 1.0000 0.0000
vn 0.0000 1.0000 0.0000
vn 0.0000 1.0000 0.0000
vn 0.0000 1.0000 0.0000
vn 0.0000 1.0000 0.0000
vn 0.0000 1.0000 0.0000
vn 0.0000 1.0000 0.0000
vn 0.0000 1.0000 0.0000
vn 0.0000 1.0000 0.0000
vn 0.0000 1.0000 0.0000
vn 0.0000 1.0000 0.0000
vn 0.0000 1.0000 0.0000
vn 0.0000 1.0000 0.0000
vn 0.0000 1.0000 0.0000
vn 0.0000 1.0000 0.0000
vn 0.0000 1.0000 0.0000
vn 0.0000 1.0000 0.0000
vn 0.0000 1.0000 0.0000
vn 0.0000 1.0000 0.0000
vn 0.0000 1.0000 0.0000
vn 0.0000 1.0000 0.0000
vn 0.0000 1.0000 0.0000
vn 0.0000 1.0000 0.0000
vn 0.0000 1.0000 0.0000
vn 0.0000 1.0000 0.0000
vn 0.0000 1.0000 0.0000
vn 0.0000 1.0000 0.0000
vn 0.0000 1.0000 0.0000
vn 0.0000 1.0000 0.0000
vn 0.0000 1.0000 0.0000
vn 0.0000 1.0000 0.0000
vn 0.0000 1.0000 0.0000
vn 0.0000 1.0000 0.0000
vn 0.0000 1.0000 0.0000
vn 0.0000 1.0000 0.0000
vn 0.0000 1.0000 0.0000
vn 0.0000 1.0000 0.0000
vn 0.0000 1.0000 0.0000
vn 0.0000 1.0000 0.0000
vn 0.0000 1.0000 0.0000
vn 0.0000 1.0000 0.0000
vn 0.0000 1.0000 0.0000
vn 0.0000 1.0000 0.0000
vn 0.0000 1.0000 0.0000
vn 0.0000 1.0000 0.0000
vn 0.0000 1.0000 0.0000
vn 0.0000 1.0000 0.0000
vn 0.0000 1.0000 0.0000
vn 0.0000 1.0000 0.0000
vn 0.0000 1.0000 0.0000
vn 0.0000 1.0000 0.0000
vn 0.0000 1.0000 0.0000
vn 0.0000 1.0000 0.0000
vn 0.0000 1.0000 0.0000
vn 0.0000 1.0000 0.0000
vn 0.0000 1.0000 0.0000
vn 0.0000 1.0000 0.0000
vn 0.0000 1.0000 0.0000
vn 0.0000 1.0000 0.0000
vn 0.0000 1.0000 0.0000
vn 0.0000 1.0000 0.0000
vn 0.0000 1.0000 0.0000
vn 0.0000 1.0000 0.0000
vn 0.0000 1.0000 0.0000
vn 0.0000 1.0000 0.0000
vn 0.0000 1.0000 0.0000
vn 0.0000 1.0000 0.0000
vn 0.0000 1.0000 0.0000
vn 0.0000 1.0000 0.0000
vn 0.0000 1.0000 0.0000
vn 0.0000 1.0000 0.0000
vn 0.0000 1.0000 0.0000
vn 0.0000 1.0000 0.0000
vn 0.0000 1.0000 0.0000
vn 0.0000 1.0000 0.0000
vn 0.0000 1.0000 0.0000
vn 0.0000 1.0000 0.0000
vn 0.0000 1.0000 0.0000
vn 0.0000 1.0000 0.0000
vn 0.0000 1.0000 0.0000
vn 0.0000 1.0000 0.0000
vn 0.0000 1.0000 0.0000
vn 0.0000 1.0000 0.0000
vn 0.0000 1.0000 0.0000
vn 0.0000 1.0000 0.0000
vn 0.0000 1.0000 0.0000
vn 0.0000 1.0000 0.0000
vn 0.0000 1.0000 0.0000
vn 0.0000 1.0000 0.0000
vn 0.0000 1.0000 0.0000
vn 0.0000 1.0000 0.0000
vn 0.0000 1.0000 0.0000
vn 0.0000 1.0000 0.0000
vn 0.0000 1.0000 0.0000
vn 0.0000 1.0000 0.0000
vn 0.0000 1.0000 0.0000
vn 0.0000 1.0000 0.0000
vn 0.0000 1.0000 0.0000
vn 0.0000 1.0000 0.0000
vn 0.0000 1.0000 0.0000
vn 0.0000 1.0000 0.0000
vn 0.0000 1.0000 0.0000
vn 0.0000 1.0000 0.0000
vn 0.0000 1.0000 0.0000
vn 0.0000 1.0000 0.0000
vn 0.0000 1.0000 0.0000
vn 0.0000 1.0000 0.0000
vn 0.0000 1.0000 0.0000
vn 0.0000 1.0000 0.0000
vn 0.0000 1.0000 0.0000
vn 0.0000 1.0000 0.0000
vn 0.0000 1.0000 0.0000
vn 0.0000 1.0000 0.0000
vn 0.0000 1.0000 0.0000
vn 0.0000 1.0000 0.0000
vn 0.0000 1.0000 0.0000
vn 0.0000 1.0000 0.0000
vn 0.0000 1.0000 0.0000
vn 0.0000 1.0000 0.0000
vn 0.0000 1.0000 0.0000
vn 0.0000 1.0000 0.0000
vn 0.0000 1.0000 0.0000
vn 0.0000 1.0000 0.0000
vn 0.0000 1.0000 0.0000
vn 0.0000 1.0000 0.0000
vn 0.0000 1.0000 0.0000
vn 0.0000 1.0000 0.0000
vn 0.0000 1.0000 0.0000
vn 0.0000 1.0000 0.0000
vn 0.0000 1.0000 0.0000
vn 0.0000 1.0000 0.0000
vn 0.0000 1.0000 0.0000
vn 0.0000 1.0000 0.0000
vn 0.0000 1.0000 0.0000
vn 0.0000 1.0000 0.0000
vn 0.0000 1.0000 0.0000
vn 0.0000 1.0000 0.0000
vn 0.0000 1.0000 0.0000
vn 0.0000 1.0000 0.0000
vn 0.0000 1.0000 0.0000
vn 0.0000 1.0000 0.0000
vn 0.0000 1.0000 0.0000
vn 0.0000 1.0000 0.0000
vn 0.0000 1.0000 0.0000
vn 0.0000 1.0000 0.0000
vn 0.0000 1.0000 0.0000
vn 0.0000 1.0000 0.0000
vn 0.0000 1.0000 0.0000
vn 0.0000 1.0000 0.0000
vn 0.0000 1.0000 0.0000
vn 0.0000 1.0000 0.0000
vn 0.0000 1.0000 0.0000
vn 0.0000 1.0000 0.0000
vn 0.0000 1.0000 0.0000
vn 0.0000 1.0000 0.0000
vn 0.0000 1.0000 0.0000
vn 0.0000 1.0000 0.0000
vn 0.0000 1.0000 0.0000
vn 0.0000 1.0000 0.0000
vn 0.0000 1.0000 0.0000
vn 0.0000 1.0000 0.0000
vn 0.0000 1.0000 0.0000
vn 0.0000 1.0000 0.0000
vn 0.0000 1.0000 0.0000
vn 0.0000 1.0000 0.0000
vn 0.0000 1.0000 0.0000
vn 0.0000 1.0000 0.0000
vn 0.0000 1.0000 0.0000
vn 0.0000 1.0000 0.0000
vn 0.0000 1.0000 0.0000
vn 0.0000 1.0000 0.0000
vn 0.0000 1.0000 0.0000
vn 0.0000 1.0000 0.0000
vn 0.0000 1.0000 0.0000
vn 0.0000 1.0000 0.0000
vn 0.0000 1.0000 0.0000
vn 0.0000 1.0000 0.0000
vn 0.0000 1.0000 0.0000
vn 0.0000 1.0000 0.0000
vn 0.0000 1.0000 0.0000
vn 0.0000 1.0000 0.0000
vn 0.0000 1.0000 0.0000
vn 0.0000 1.0000 0.0000
vn 0.0000 1.0000 0.0000
vn 0.0000 1.0000 0.0000
vn 0.0000 1.0000 0.0000
vn 0.0000 1.0000 0.0000
vn 0.0000 1.0000 0.0000
vn 0.0000 1.0000 0.0000
vn 0.0000 1.0000 0.0000
vn 0.0000 1.0000 0.0000
vn 0.0000 1.0000 0.0000
vn 0.0000 1.0000 0.0000
vn 0.0000 1.0000 0.0000
vn 0.0000 1.0000 0.0000
vn 0.0000 1.0000 0.0000
vn 0.0000 1.0000 0.0000
vn 0.0000 1.0000 0.0000
vn 0.0000 1.0000 0.0000
vn 0.0000 1.0000 0.0000
vn 0.0000 1.0000 0.0000
vn 0.0000 1.0000 0.0000
vn 0.0000 1.0000 0.0000
vn 0.0000 1.0000 0.0000
vn 0.0000 1.0000 0.0000
vn 0.0000 1.0000 0.0000
vn 0.0000 1.0000 0.0000
vn 0.0000 1.0000 0.0000
vn 0.0000 1.0000 0.0000
vn 0.0000 1.0000 0.0000
vn 0.0000 1.0000 0.0000
vn 0.0000 1.0000 0.0000
vn 0.0000 1.0000 0.0000
vn 0.0000 1.0000 0.0000
vn 0.0000 1.0000 0.0000
vn 0.0000 1.0000 0.0000
vn 0.0000 1.0000 0.0000
vn 0.0000 1.0000 0.0000
vn 0.0000 1.0000 0.0000
vn 0.0000 1.0000 0.0000
vn 0.0000 1.0000 0.0000
vn 0.0000 1.0000 0.0000
vn 0.0000 1.0000 0.0000
vn 0.0000 1.0000 0.0000
vn 0.0000 1.0000 0.0000
vn 0.0000 1.0000 0.0000
vn 0.0000 1.0000 0.0000
vn 0.0000 1.0000 0.0000
vn 0.0000 1.0000 0.0000
vn 0.0000 1.0000 0.0000
vn 0.0000 1.0000 0.0000
vn 0.0000 1.0000 0.0000
vn 0.0000 1.0000 0.0000
vn 0.0000 1.0000 0.0000
vn 0.0000 1.0000 0.0000
vn 0.0000 1.0000 0.0000
vn 0.0000 1.0000 0.0000
vn 0.0000 1.0000 0.0000
vn 0.0000 1.0000 0.0000
vn 0.0000 1.0000 0.0000
vn 0.0000 1.0000 0.0000
vn 0.0000 1.0000 0.0000
vn 0.0000 1.0000 0.0000
vn 0.0000 1.0000 0.0000
vn 0.0000 1.0000 0.0000
vn 0.0000 1.0000 0.0000
vn 0.0000 1.0000 0.0000
vn 0.0000 1.0000 0.0000
vn 0.0000 1.0000 0.0000
vn 0.0000 1.0000 0.0000
vn 0.0000 1.0000 0.0000
vn 0.0000 1.0000 0.0000
vn 0.0000 1.0000 0.0000
vn 0.0000 1.0000 0.0000
vn 0.0000 1.0000 0.0000
vn 0.0000 1.0000 0.0000
vn 0.0000 1.0000 0.0000
vn 0.0000 1.0000 0.0000
vn 0.0000 1.0000 0.0000
vn 0.0000 1.0000 0.0000
vn 0.0000 1.0000 0.0000
vn 0.0000 1.0000 0.0000
vn 0.0000 1.0000 0.0000
vn 0.0000 1.0000 0.0000
vn 0.0000 1.0000 0.0000
vn 0.0000 1.0000 0.0000
vn 0.0000 1.0000 0.0000
vn 0.0000 1.0000 0.0000
vn 0.0000 1.0000 0.0000
vn 0.0000 1.0000 0.0000
vn 0.0000 1.0000 0.0000
vn 0.0000 1.0000 0.0000
vn 0.0000 1.0000 0.0000
vn 0.0000 1.0000 0.0000
vn 0.0000 1.0000 0.0000
vn 0.0000 1.0000 0.0000
vn 0.0000 1.0000 0.0000
vn 0.0000 1.0000 0.0000
vn 0.0000 1.0000 0.0000
vn 0.0000 1.0000 0.0000
vn 0.0000 1.0000 0.0000
vn 0.0000 1.0000 0.0000
vn 0.0000 1.0000 0.0000
vn 0.0000 1.0000 0.0000
vn 0.0000 1.0000 0.0000
vn 0.0000 1.0000 0.0000
vn 0.0000 1.0000 0.0000
vn 0.0000 1.0000 0.0000
vn 0.0000 1.0000 0.0000
vn 0.0000 1.0000 0.0000
vn 0.0000 1.0000 0.0000
vn 0.0000 1.0000 0.0000
vn 0.0000 1.0000 0.0000
vn 0.0000 1.0000 0.0000
vn 0.0000 1.0000 0.0000
vn 0.0000 1.0000 0.0000
vn 0.0000 1.0000 0.0000
vn 0.0000 1.0000 0.0000
vn 0.0000 1.0000 0.0000
vn 0.0000 1.0000 0.0000
vn 0.0000 1.0000 0.0000
vn 0.0000 1.0000 0.0000
vn 0.0000 1.0000 0.0000
vn 0.0000 1.0000 0.0000
vn 0.0000 1.0000 0.0000
vn 0.0000 1.0000 0.0000
vn 0.0000 1.0000 0.0000
vn 0.0000 1.0000 0.0000
vn 0.0000 1.0000 0.0000
vn 0.0000 1.0000 0.0000
vn 0.0000 1.0000 0.0000
vn 0.0000 1.0000 0.0000
vn 0.0000 1.0000 0.0000
vn 0.0000 1.0000 0.0000
vn 0.0000 1.0000 0.0000
vn 0.0000 1.0000 0.0000
vn 0.0000 1.0000 0.0000
vn 0.0000 1.0000 0.0000
vn 0.0000 1.0000 0.0000
vn 0.0000 1.0000 0.0000
vn 0.0000 1.0000 0.0000
vn 0.0000 1.0000 0.0000
vn 0.0000 1.0000 0.0000
vn 0.0000 1.0000 0.0000
vn 0.0000 1.0000 0.0000
vn 0.0000 1.0000 0.0000
vn 0.0000 1.0000 0.0000
vn 0.0000 1.0000 0.0000
vn 0.0000 1.0000 0.0000
vn 0.0000 1.0000 0.0000
vn 0.0000 1.0000 0.0000
vn 0.0000 1.0000 0.0000
vn 0.0000 1.0000 0.0000
vn 0.0000 1.0000 0.0000
vn 0.0000 1.0000 0.0000
vn 0.0000 1.0000 0.0000
vn 0.0000 1.0000 0.0000
vn 0.0000 1.0000 0.0000
vn 0.0000 1.0000 0.0000
vn 0.0000 1.0000 0.0000
vn 0.0000 1.0000 0.0000
vn 0.0000 1.0000 0.0000
vn 0.0000 1.0000 0.0000
vn 0.0000 1.0000 0.0000
vn 0.0000 1.0000 0.0000
vn 0.0000 1.0000 0.0000
vn 0.0000 1.0000 0.0000
vn 0.0000 1.0000 0.0000
vn 0.0000 1.0000 0.0000
vn 0.0000 1.0000 0.0000
vn 0.0000 1.0000 0.0000
vn 0.0000 1.0000 0.0000
vn 0.0000 1.0000 0.0000
vn 0.0000 1.0000 0.0000
vn 0.0000 1.0000 0.0000
vn 0.0000 1.0000 0.0000
vn 0.0000 1.0000 0.0000
vn 0.0000 1.0000 0.0000
vn 0.0000 1.0000 0.0000
vn 0.0000 1.0000 0.0000
vn 0.0000 1.0000 0.0000
vn 0.0000 1.0000 0.0000
vn 0.0000 1.0000 0.0000
vn 0.0000 1.0000 0.0000
vn 0.0000 1.0000 0.0000
vn 0.0000 1.0000 0.0000
vn 0.0000 1.0000 0.0000
vn 0.0000 1.0000 0.0000
vn 0.0000 1.0000 0.0000
vn 0.0000 1.0000 0.0000
vn 0.0000 1.0000 0.0000
vn 0.0000 1.0000 0.0000
vn 0.0000 1.0000 0.0000
vn 0.0000 1.0000 0.0000
vn 0.0000 1.0000 0.0000
vn 0.0000 1.0000 0.0000
vn 0.0000 1.0000 0.0000
vn 0.0000 1.0000 0.0000
vn 0.0000 1.0000 0.0000
vn 0.0000 1.0000 0.0000
vn 0.0000 1.0000 0.0000
vn 0.0000 1.0000 0.0000
vn 0.0000 1.0000 0.0000
vn 0.0000 1.0000 0.0000
vn 0.0000 1.0000 0.0000
vn 0.0000 1.0000 0.0000
vn 0.0000 1.0000 0.0000
vn 0.0000 1.0000 0.0000
vn 0.0000 1.0000 0.0000
vn 0.0000 1.0000 0.0000
vn 0.0000 1.0000 0.0000
vn 0.0000 1.0000 0.0000
vn 0.0000 1.0000 0.0000
vn 0.0000 1.0000 0.0000
vn 0.0000 1.0000 0.0000
vn 0.0000 1.0000 0.0000
vn 0.0000 1.0000 0.0000
vn 0.0000 1.0000 0.0000
vn 0.0000 1.0000 0.0000
vn 0.0000 1.0000 0.0000
vn 0.0000 1.0000 0.0000
vn 0.0000 1.0000 0.0000
vn 0.0000 1.0000 0.0000
vn 0.0000 1.0000 0.0000
vn 0.0000 1.0000 0.0000
vn 0.0000 1.0000 0.0000
vn 0.0000 1.0000 0.0000
vn 0.0000 1.0000 0.0000
vn 0.0000 1.0000 0.0000
vn 0.0000 1.0000 0.0000
vn 0.0000 1.0000 0.0000
vn 0.0000 1.0000 0.0000
vn 0.0000 1.0000 0.0000
vn 0.0000 1.0000 0.0000
vn 0.0000 1.0000 0.0000
vn 0.0000 1.0000 0.0000
vn 0.0000 1.0000 0.0000
vn 0.0000 1.0000 0.0000
vn 0.0000 1.0000 0.0000
vn 0.0000 1.0000 0.0000
vn 0.0000 1.0000 0.0000
vn 0.0000 1.0000 0.0000
vn 0.0000 1.0000 0.0000
vn 0.0000 1.0000 0.0000
vn 0.0000 1.0000 0.0000
vn 0.0000 1.0000 0.0000
vn 0.0000 1.0000 0.0000
vn 0.0000 1.0000 0.0000
vn 0.0000 1.0000 0.0000
vn 0.0000 1.0000 0.0000
vn 0.0000 1.0000 0.0000
vn 0.0000 1.0000 0.0000
vn 0.0000 1.0000 0.0000
vn 0.0000 1.0000 0.0000
vn 0.0000 1.0000 0.0000
vn 0.0000 1.0000 0.0000
vn 0.0000 1.0000 0.0000
vn 0.0000 1.0000 0.0000
vn 0.0000 1.0000 0.0000
vn 0.0000 1.0000 0.0000
vn 0.0000 1.0000 0.0000
vn 0.0000 1.0000 0.0000
vn 0.0000 1.0000 0.0000
vn 0.0000 1.0000 0.0000
vn 0.0000 1.0000 0.0000
vn 0.0000 1.0000 0.0000
vn 0.0000 1.0000 0.0000
vn 0.0000 1.0000 0.0000
vn 0.0000 1.0000 0.0000
vn 0.0000 1.0000 0.0000
vn 0.0000 1.0000 0.0000
vn 0.0000 1.0000 0.0000
vn 0.0000 1.0000 0.0000
vn 0.0000 1.0000 0.0000
vn 0.0000 1.0000 0.0000
vn 0.0000 1.0000 0.0000
vn 0.0000 1.0000 0.0000
vn 0.0000 1.0000 0.0000
vn 0.0000 1.0000 0.0000
vn 0.0000 1.0000 0.0000
vn 0.0000 1.0000 0.0000
vn 0.0000 1.0000 0.0000
vn 0.0000 1.0000 0.0000
vn 0.0000 1.0000 0.0000
vn 0.0000 1.0000 0.0000
vn 0.0000 1.0000 0.0000
vn 0.0000 1.0000 0.0000
vn 0.0000 1.0000 0.0000
vn 0.0000 1.0000 0.0000
vn 0.0000 1.0000 0.0000
vn 0.0000 1.0000 0.0000
vn 0.0000 1.0000 0.0000
vn 0.0000 1.0000 0.0000
vn 0.0000 1.0000 0.0000
vn 0.0000 1.0000 0.0000
vn 0.0000 1.0000 0.0000
vn 0.0000 1.0000 0.0000
vn 0.0000 1.0000 0.0000
vn 0.0000 1.0000 0.0000
vn 0.0000 1.0000 0.0000
vn 0.0000 1.0000 0.0000
vn 0.0000 1.0000 0.0000
vn 0.0000 1.0000 0.0000
vn 0.0000 1.0000 0.0000
vn 0.0000 1.0000 0.0000
vn 0.0000 1.0000 0.0000
vn 0.0000 1.0000 0.0000
vn 0.0000 1.0000 0.0000
vn 0.0000 1.0000 0.0000
vn 0.0000 1.0000 0.0000
vn 0.0000 1.0000 0.0000
vn 0.0000 1.0000 0.0000
vn 0.0000 1.0000 0.0000
vn 0.0000 1.0000 0.0000
vn 0.0000 1.0000 0.0000
vn 0.0000 1.0000 0.0000
vn 0.0000 1.0000 0.0000
vn 0.0000 1.0000 0.0000
vn 0.0000 1.0000 0.0000
vn 0.0000 1.0000 0.0000
vn 0.0000 1.0000 0.0000
vn 0.0000 1.0000 0.0000
vn 0.0000 1.0000 0.0000
vn 0.0000 1.0000 0.0000
vn 0.0000 1.0000 0.0000
vn 0.0000 1.0000 0.0000
vn 0.0000 1.0000 0.0000
vn 0.0000 1.0000 0.0000
vn 0.0000 1.0000 0.0000
vn 0.0000 1.0000 0.0000
vn 0.0000 1.0000 0.0000
vn 0.0000 1.0000 0.0000
vn 0.0000 1.0000 0.0000
vn 0.0000 1.0000 0.0000
vn 0.0000 1.0000 0.0000
vn 0.0000 1.0000 0.0000
vn 0.0000 1.0000 0.0000
vn 0.0000 1.0000 0.0000
vn 0.0000 1.0000 0.0000
vn 0.0000 1.0000 0.0000
vn 0.0000 1.0000 0.0000
vn 0.0000 1.0000 0.0000
vn 0.0000 1.0000 0.0000
vn 0.0000 1.0000 0.0000
vn 0.0000 1.0000 0.0000
vn 0.0000 1.0000 0.0000
vn 0.0000 1.0000 0.0000
vn 0.0000 1.0000 0.0000
vn 0.0000 1.0000 0.0000
vn 0.0000 1.0000 0.0000
vn 0.0000 1.0000 0.0000
vn 0.0000 1.0000 0.0000
vn 0.0000 1.0000 0.0000
vn 0.0000 1.0000 0.0000
vn 0.0000 1.0000 0.0000
vn 0.0000 1.0000 0.0000
vn 0.0000 1.0000 0.0000
vn 0.0000 1.0000 0.0000
vn 0.0000 1.0000 0.0000
vn 0.0000 1.0000 0.0000
vn 0.0000 1.0000 0.0000
vn 0.0000 1.0000 0.0000
vn 0.0000 1.0000 0.0000
vn 0.0000 1.0000 0.0000
vn 0.0000 1.0000 0.0000
vn 0.0000 1.0000 0.0000
vn 0.0000 1.0000 0.0000
vn 0.0000 1.0000 0.0000
vn 0.0000 1.0000 0.0000
vn 0.0000 1.0000 0.0000
vn 0.0000 1.0000 0.0000
vn 0.0000 1.0000 0.0000
vn 0.0000 1.0000 0.0000
vn 0.0000 1.0000 0.0000
vn 0.0000 1.0000 0.0000
vn 0.0000 1.0000 0.0000
vn 0.0000 1.0000 0.0000
vn 0.0000 1.0000 0.0000
vn 0.0000 1.0000 0.0000
vn 0.0000 1.0000 0.0000
vn 0.0000 1.0000 0.0000
vn 0.0000 1.0000 0.0000
vn 0.0000 1.0000 0.0000
vn 0.0000 1.0000 0.0000
vn 0.0000 1.0000 0.0000
vn 0.0000 1.0000 0.0000
vn 0.0000 1.0000 0.0000
vn 0.0000 1.0000 0.0000
vn 0.0000 1.0000 0.0000
vn 0.0000 1.0000 0.0000
vn 0.0000 1.0000 0.0000
vn 0.0000 1.0000 0.0000
vn 0.0000 1.0000 0.0000
vn 0.0000 1.0000 0.0000
vn 0.0000 1.0000 0.0000
vn 0.0000 1.0000 0.0000
vn 0.0000 1.0000 0.0000
vn 0.0000 1.0000 0.0000
vn 0.0000 1.0000 0.0000
vn 0.0000 1.0000 0.0000
vn 0.0000 1.0000 0.0000
vn 0.0000 1.0000 0.0000
vn 0.0000 1.0000 0.0000
vn 0.0000 1.0000 0.0000
vn 0.0000 1.0000 0.0000
vn 0.0000 1.0000 0.0000
vn 0.0000 1.0000 0.0000
vn 0.0000 1.0000 0.0000
vn 0.0000 1.0000 0.0000
vn 0.0000 1.0000 0.0000
vn 0.0000 1.0000 0.0000
vn 0.0000 1.0000 0.0000
vn 0.0000 1.0000 0.0000
vn 0.0000 1.0000 0.0000
vn 0.0000 1.0000 0.0000
vn 0.0000 1.0000 0.0000
vn 0.0000 1.0000 0.0000
vn 0.0000 1.0000 0.0000
vn 0.0000 1.0000 0.0000
vn 0.0000 1.0000 0.0000
vn 0.0000 1.0000 0.0000
vn 0.0000 1.0000 0.0000
vn 0.0000 1.0000 0.0000
vn 0.0000 1.0000 0.0000
vn 0.0000 1.0000 0.0000
vn 0.0000 1.0000 0.0000
vn 0.0000 1.0000 0.0000
vn 0.0000 1.0000 0.0000
vn 0.0000 1.0000 0.0000
vn 0.0000 1.0000 0.0000
vn 0.0000 1.0000 0.0000
vn 0.0000 1.0000 0.0000
vn 0.0000 1.0000 0.0000
vn 0.0000 1.0000 0.0000
vn 0.0000 1.0000 0.0000
vn 0.0000 1.0000 0.0000
vn 0.0000 1.0000 0.0000
vn 0.0000 1.0000 0.0000
vn 0.0000 1.0000 0.0000
vn 0.0000 1.0000 0.0000
vn 0.0000 1.0000 0.0000
vn 0.0000 1.0000 0.0000
vn 0.0000 1.0000 0.0000
vn 0.0000 1.0000 0.0000
vn 0.0000 1.0000 0.0000
vn 0.0000 1.0000 0.0000
vn 0.0000 1.0000 0.0000
vn 0.0000 1.0000 0.0000
vn 0.0000 1.0000 0.0000
vn 0.0000 1.0000 0.0000
vn 0.0000 1.0000 0.0000
vn 0.0000 1.0000 0.0000
vn 0.0000 1.0000 0.0000
vn 0.0000 1.0000 0.0000
vn 0.0000 1.0000 0.0000
vn 0.0000 1.0000 0.0000
vn 0.0000 1.0000 0.0000
vn 0.0000 1.0000 0.0000
vn 0.0000 1.0000 0.0000
vn 0.0000 1.0000 0.0000
vn 0.0000 1.0000 0.0000
vn 0.0000 1.0000 0.0000
vn 0.0000 1.0000 0.0000
vn 0.0000 1.0000 0.0000
vn 0.0000 1.0000 0.0000
vn 0.0000 1.0000 0.0000
vn 0.0000 1.0000 0.0000
vn 0.0000 1.0000 0.0000
vn 0.0000 1.0000 0.0000
vn 0.0000 1.0000 0.0000
vn 0.0000 1.0000 0.0000
vn 0.0000 1.0000 0.0000
vn 0.0000 1.0000 0.0000
vn 0.0000 1.0000 0.0000
vn 0.0000 1.0000 0.0000
vn 0.0000 1.0000 0.0000
vn 0.0000 1.0000 0.0000
vn 0.0000 1.0000 0.0000
vn 0.0000 1.0000 0.0000
vn 0.0000 1.0000 0.0000
vn 0.0000 1.0000 0.0000
vn 0.0000 1.0000 0.0000
vn 0.0000 1.0000 0.0000
vn 0.0000 1.0000 0.0000
vn 0.0000 1.0000 0.0000
vn 0.0000 1.0000 0.0000
vn 0.0000 1.0000 0.0000
vn 0.0000 1.0000 0.0000
vn 0.0000 1.0000 0.0000
vn 0.0000 1.0000 0.0000
vn 0.0000 1.0000 0.0000
vn 0.0000 1.0000 0.0000
vn 0.0000 1.0000 0.0000
vn 0.0000 1.0000 0.0000
vn 0.0000 1.0000 0.0000
vn 0.0000 1.0000 0.0000
vn 0.0000 1.0000 0.0000
vn 0.0000 1.0000 0.0000
vn 0.0000 1.0000 0.0000
vn 0.0000 1.0000 0.0000
vn 0.0000 1.0000 0.0000
vn 0.0000 1.0000 0.0000
vn 0.0000 1.0000 0.0000
vn 0.0000 1.0000 0.0000
vn 0.0000 1.0000 0.0000
vn 0.0000 1.0000 0.0000
vn 0.0000 1.0000 0.0000
vn 0.0000 1.0000 0.0000
vn 0.0000 1.0000 0.0000
vn 0.0000 1.0000 0.0000
vn 0.0000 1.0000 0.0000
vn 0.0000 1.0000 0.0000
vn 0.0000 1.0000 0.0000
vn 0.0000 1.0000 0.0000
vn 0.0000 1.0000 0.0000
vn 0.0000 1.0000 0.0000
vn 0.0000 1.0000 0.0000
vn 0.0000 1.0000 0.0000
vn 0.0000 1.0000 0.0000
vn 0.0000 1.0000 0.0000
vn 0.0000 1.0000 0.0000
vn 0.0000 1.0000 0.0000
vn 0.0000 1.0000 0.0000
vn 0.0000 1.0000 0.0000
vn 0.0000 1.0000 0.0000
vn 0.0000 1.0000 0.0000
vn 0.0000 1.0000 0.0000
vn 0.0000 1.0000 0.0000
vn 0.0000 1.0000 0.0000
vn 0.0000 1.0000 0.0000
vn 0.0000 1.0000 0.0000
vn 0.0000 1.0000 0.0000
vn 0.0000 1.0000 0.0000
vn 0.0000 1.0000 0.0000
vn 0.0000 1.0000 0.0000
vn 0.0000 1.0000 0.0000
vn 0.0000 1.0000 0.0000
vn 0.0000 1.0000 0.0000
vn 0.0000 1.0000 0.0000
vn 0.0000 1.0000 0.0000
vn 0.0000 1.0000 0.0000
vn 0.0000 1.0000 0.0000
vn 0.0000 1.0000 0.0000
vn 0.0000 1.0000 0.0000
vn 0.0000 1.0000 0.0000
vn 0.0000 1.0000 0.0000
vn 0.0000 1.0000 0.0000
vn 0.0000 1.0000 0.0000
vn 0.0000 1.0000 0.0000
vn 0.0000 1.0000 0.0000
vn 0.0000 1.0000 0.0000
vn 0.0000 1.0000 0.0000
vn 0.0000 1.0000 0.0000
vn 0.0000 1.0000 0.0000
vn 0.0000 1.0000 0.0000
vn 0.0000 1.0000 0.0000
vn 0.0000 1.0000 0.0000
vn 0.0000 1.0000 0.0000
vn 0.0000 1.0000 0.0000
vn 0.0000 1.0000 0.0000
vn 0.0000 1.0000 0.0000
vn 0.0000 1.0000 0.0000
vn 0.0000 1.0000 0.0000
vn 0.0000 1.0000 0.0000
vn 0.0000 1.0000 0.0000
vn 0.0000 1.0000 0.0000
vn 0.0000 1.0000 0.0000
vn 0.0000 1.0000 0.0000
vn 0.0000 1.0000 0.0000
vn 0.0000 1.0000 0.0000
vn 0.0000 1.0000 0.0000
vn 0.0000 1.0000 0.0000
vn 0.0000 1.0000 0.0000
vn 0.0000 1.0000 0.0000
vn 0.0000 1.0000 0.0000
vn 0.0000 1.0000 0.0000
vn 0.0000 1.0000 0.0000
vn 0.0000 1.0000 0.0000
vn 0.0000 1.0000 0.0000
vn 0.0000 1.0000 0.0000
vn 0.0000 1.0000 0.0000
vn 0.0000 1.0000 0.0000
vn 0.0000 1.0000 0.0000
vn 0.0000 1.0000 0.0000
vn 0.0000 1.0000 0.0000
vn 0.0000 1.0000 0.0000
vn 0.0000 1.0000 0.0000
vn 0.0000 1.0000 0.0000
vn 0.0000 1.0000 0.0000
vn 0.0000 1.0000 0.0000
vn 0.0000 1.0000 0.0000
vn 0.0000 1.0000 0.0000
vn 0.0000 1.0000 0.0000
vn 0.0000 1.0000 0.0000
vn 0.0000 1.0000 0.0000
vn 0.0000 1.0000 0.0000
vn 0.0000 1.0000 0.0000
vn 0.0000 1.0000 0.0000
vn 0.0000 1.0000 0.0000
vn 0.0000 1.0000 0.0000
vn 0.0000 1.0000 0.0000
vn 0.0000 1.0000 0.0000
vn 0.0000 1.0000 0.0000
vn 0.0000 1.0000 0.0000
vn 0.0000 1.0000 0.0000
vn 0.0000 1.0000 0.0000
vn 0.0000 1.0000 0.0000
vn 0.0000 1.0000 0.0000
vn 0.0000 1.0000 0.0000
vn 0.0000 1.0000 0.0000
vn 0.0000 1.0000 0.0000
vn 0.0000 1.0000 0.0000
vn 0.0000 1.0000 0.0000
vn 0.0000 1.0000 0.0000
vn 0.0000 1.0000 0.0000
vn 0.0000 1.0000 0.0000
vn 0.0000 1.0000 0.0000
vn 0.0000 1.0000 0.0000
vn 0.0000 1.0000 0.0000
vn 0.0000 1.0000 0.0000
vn 0.0000 1.0000 0.0000
vn 0.0000 1.0000 0.0000
vn 0.0000 1.0000 0.0000
vn 0.0000 1.0000 0.0000
vn 0.0000 1.0000 0.0000
vn 0.0000 1.0000 0.0000
vn 0.0000 1.0000 0.0000
vn 0.0000 1.0000 0.0000
vn 0.0000 1.0000 0.0000
vn 0.0000 1.0000 0.0000
vn 0.0000 1.0000 0.0000
vn 0.0000 1.0000 0.0000
vn 0.0000 1.0000 0.0000
vn 0.0000 1.0000 0.0000
vn 0.0000 1.0000 0.0000
vn 0.0000 1.0000 0.0000
vn 0.0000 1.0000 0.0000
vn 0.0000 1.0000 0.0000
vn 0.0000 1.0000 0.0000
vn 0.0000 1.0000 0.0000
vn 0.0000 1.0000 0.0000
vn 0.0000 1.0000 0.0000
vn 0.0000 1.0000 0.0000
vn 0.0000 1.0000 0.0000
vn 0.0000 1.0000 0.0000
vn 0.0000 1.0000 0.0000
vn 0.0000 1.0000 0.0000
vn 0.0000 1.0000 0.0000
vn 0.0000 1.0000 0.0000
vn 0.0000 1.0000 0.0000
vn 0.0000 1.0000 0.0000
vn 0.0000 1.0000 0.0000
vn 0.0000 1.0000 0.0000
vn 0.0000 1.0000 0.0000
vn 0.0000 1.0000 0.0000
vn 0.0000 1.0000 0.0000
vn 0.0000 1.0000 0.0000
vn 0.0000 1.0000 0.0000
vn 0.0000 1.0000 0.0000
vn 0.0000 1.0000 0.0000
vn 0.0000 1.0000 0.0000
vn 0.0000 1.0000 0.0000
vn 0.0000 1.0000 0.0000
vn 0.0000 1.0000 0.0000
vn 0.0000 1.0000 0.0000
vn 0.0000 1.0000 0.0000
vn 0.0000 1.0000 0.0000
vn 0.0000 1.0000 0.0000
vn 0.0000 1.0000 0.0000
vn 0.0000 1.0000 0.0000
vn 0.0000 1.0000 0.0000
vn 0.0000 1.0000 0.0000
vn 0.0000 1.0000 0.0000
vn 0.0000 1.0000 0.0000
vn 0.0000 1.0000 0.0000
vn 0.0000 1.0000 0.0000
vn 0.0000 1.0000 0.0000
vn 0.0000 1.0000 0.0000
vn 0.0000 1.0000 0.0000
vn 0.0000 1.0000 0.0000
vn 0.0000 1.0000 0.0000
vn 0.0000 1.0000 0.0000
vn 0.0000 1.0000 0.0000
vn 0.0000 1.0000 0.0000
vn 0.0000 1.0000 0.0000
vn 0.0000 1.0000 0.0000
vn 0.0000 1.0000 0.0000
vn 0.0000 1.0000 0.0000
vn 0.0000 1.0000 0.0000
vn 0.0000 1.0000 0.0000
vn 0.0000 1.0000 0.0000
vn 0.0000 1.0000 0.0000
vn 0.0000 1.0000 0.0000
vn 0.0000 1.0000 0.0000
vn 0.0000 1.0000 0.0000
vn 0.0000 1.0000 0.0000
vn 0.0000 1.0000 0.0000
vn 0.0000 1.0000 0.0000
vn 0.0000 1.0000 0.0000
vn 0.0000 1.0000 0.0000
vn 0.0000 1.0000 0.0000
vn 0.0000 1.0000 0.0000
vn 0.0000 1.0000 0.0000
vn 0.0000 1.0000 0.0000
vn 0.0000 1.0000 0.0000
vn 0.0000 1.0000 0.0000
vn 0.0000 1.0000 0.0000
vn 0.0000 1.0000 0.0000
vn 0.0000 1.0000 0.0000
vn 0.0000 1.0000 0.0000
vn 0.0000 1.0000 0.0000
vn 0.0000 1.0000 0.0000
vn 0.0000 1.0000 0.0000
vn 0.0000 1.0000 0.0000
vn 0.0000 1.0000 0.0000
vn 0.0000 1.0000 0.0000
vn 0.0000 1.0000 0.0000
vn 0.0000 1.0000 0.0000
vn 0.0000 1.0000 0.0000
vn 0.0000 1.0000 0.0000
vn 0.0000 1.0000 0.0000
vn 0.0000 1.0000 0.0000
vn 0.0000 1.0000 0.0000
vn 0.0000 1.0000 0.0000
vn 0.0000 1.0000 0.0000
vn 0.0000 1.0000 0.0000
vn 0.0000 1.0000 0.0000
vn 0.0000 1.0000 0.0000
vn 0.0000 1.0000 0.0000
vn 0.0000 1.0000 0.0000
vn 0.0000 1.0000 0.0000
vn 0.0000 1.0000 0.0000
vn 0.0000 1.0000 0.0000
vn 0.0000 1.0000 0.0000
vn 0.0000 1.0000 0.0000
vn 0.0000 1.0000 0.0000
vn 0.0000 1.0000 0.0000
vn 0.0000 1.0000 0.0000
vn 0.0000 1.0000 0.0000
vn 0.0000 1.0000 0.0000
vn 0.0000 1.0000 0.0000
vn 0.0000 1.0000 0.0000
vn 0.0000 1.0000 0.0000
vn 0.0000 1.0000 0.0000
vn 0.0000 1.0000 0.0000
vn 0.0000 1.0000 0.0000
vn 0.0000 1.0000 0.0000
vn 0.0000 1.0000 0.0000
vn 0.0000 1.0000 0.0000
vn 0.0000 1.0000 0.0000
vn 0.0000 1.0000 0.0000
vn 0.0000 1.0000 0.0000
vn 0.0000 1.0000 0.0000
vn 0.0000 1.0000 0.0000
vn 0.0000 1.0000 0.0000
vn 0.0000 1.0000 0.0000
vn 0.0000 1.0000 0.0000
vn 0.0000 1.0000 0.0000
vn 0.0000 1.0000 0.0000
vn 0.0000 1.0000 0.0000
vn 0.0000 1.0000 0.0000
vn 0.0000 1.0000 0.0000
vn 0.0000 1.0000 0.0000
vn 0.0000 1.0000 0.0000
vn 0.0000 1.0000 0.0000
vn 0.0000 1.0000 0.0000
vn 0.0000 1.0000 0.0000
vn 0.0000 1.0000 0.0000
vn 0.0000 1.0000 0.0000
vn 0.0000 1.0000 0.0000
vn 0.0000 1.0000 0.0000
vn 0.0000 1.0000 0.0000
vn 0.0000 1.0000 0.0000
vn 0.0000 1.0000 0.0000
vn 0.0000 1.0000 0.0000
vn 0.0000 1.0000 0.0000
vn 0.0000 1.0000 0.0000
vn 0.0000 1.0000 0.0000
vn 0.0000 1.0000 0.0000
vn 0.0000 1.0000 0.0000
vn 0.0000 1.0000 0.0000
vn 0.0000 1.0000 0.0000
vn 0.0000 1.0000 0.0000
vn 0.0000 1.0000 0.0000
vn 0.0000 1.0000 0.0000
vn 0.0000 1.0000 0.0000
vn 0.0000 1.0000 0.0000
vn 0.0000 1.0000 0.0000
vn 0.0000 1.0000 0.0000
vn 0.0000 1.0000 0.0000
vn 0.0000 1.0000 0.0000
vn 0.0000 1.0000 0.0000
vn 0.0000 1.0000 0.0000
vn 0.0000 1.0000 0.0000
vn 0.0000 1.0000 0.0000
vn 0.0000 1.0000 0.0000
vn 0.0000 1.0000 0.0000
vn 0.0000 1.0000 0.0000
vn 0.0000 1.0000 0.0000
vn 0.0000 1.0000 0.0000
vn 0.0000 1.0000 0.0000
vn 0.0000 1.0000 0.0000
vn 0.0000 1.0000 0.0000
vn 0.0000 1.0000 0.0000
vn 0.0000 1.0000 0.0000
vn 0.0000 1.0000 0.0000
vn 0.0000 1.0000 0.0000
vn 0.0000 1.0000 0.0000
vn 0.0000 1.0000 0.0000
vn 0.0000 1.0000 0.0000
vn 0.0000 1.0000 0.0000
vn 0.0000 1.0000 0.0000
vn 0.0000 1.0000 0.0000
vn 0.0000 1.0000 0.0000
vn 0.0000 1.0000 0.0000
vn 0.0000 1.0000 0.0000
vn 0.0000 1.0000 0.0000
vn 0.0000 1.0000 0.0000
vn 0.0000 1.0000 0.0000
vn 0.0000 1.0000 0.0000
vn 0.0000 1.0000 0.0000
vn 0.0000 1.0000 0.0000
vn 0.0000 1.0000 0.0000
vn 0.0000 1.0000 0.0000
vn 0.0000 1.0000 0.0000
vn 0.0000 1.0000 0.0000
vn 0.0000 1.0000 0.0000
vn 0.0000 1.0000 0.0000
vn 0.0000 1.0000 0.0000
vn 0.0000 1.0000 0.0000
vn 0.0000 1.0000 0.0000
vn 0.0000 1.0000 0.0000
vn 0.0000 1.0000 0.0000
vn 0.0000 1.0000 0.0000
vn 0.0000 1.0000 0.0000
vn 0.0000 1.0000 0.0000
vn 0.0000 1.0000 0.0000
vn 0.0000 1.0000 0.0000
vn 0.0000 1.0000 0.0000
vn 0.0000 1.0000 0.0000
vn 0.0000 1.0000 0.0000
vn 0.0000 1.0000 0.0000
vn 0.0000 1.0000 0.0000
vn 0.0000 1.0000 0.0000
vn 0.0000 1.0000 0.0000
vn 0.0000 1.0000 0.0000
vn 0.0000 1.0000 0.0000
vn 0.0000 1.0000 0.0000
vn 0.0000 1.0000 0.0000
vn 0.0000 1.0000 0.0000
vn 0.0000 1.0000 0.0000
vn 0.0000 1.0000 0.0000
vn 0.0000 1.0000 0.0000
vn 0.0000 1.0000 0.0000
vn 0.0000 1.0000 0.0000
vn 0.0000 1.0000 0.0000
vn 0.0000 1.0000 0.0000
vn 0.0000 1.0000 0.0000
vn 0.0000 1.0000 0.0000
vn 0.0000 1.0000 0.0000
vn 0.0000 1.0000 0.0000
vn 0.0000 1.0000 0.0000
vn 0.0000 1.0000 0.0000
vn 0.0000 1.0000 0.0000
vn 0.0000 1.0000 0.0000
vn 0.0000 1.0000 0.0000
vn 0.0000 1.0000 0.0000
vn 0.0000 1.0000 0.0000
vn 0.0000 1.0000 0.0000
vn 0.0000 1.0000 0.0000
vn 0.0000 1.0000 0.0000
vn 0.0000 1.0000 0.0000
vn 0.0000 1.0000 0.0000
vn 0.0000 1.0000 0.0000
vn 0.0000 1.0000 0.0000
vn 0.0000 1.0000 0.0000
vn 0.0000 1.0000 0.0000
vn 0.0000 1.0000 0.0000
vn 0.0000 1.0000 0.0000
vn 0.0000 1.0000 0.0000
vn 0.0000 1.0000 0.0000
vn 0.0000 1.0000 0.0000
vn 0.0000 1.0000 0.0000
vn 0.0000 1.0000 0.0000
vn 0.0000 1.0000 0.0000
vn 0.0000 1.0000 0.0000
vn 0.0000 1.0000 0.0000
vn 0.0000 1.0000 0.0000
vn 0.0000 1.0000 0.0000
vn 0.0000 1.0000 0.0000
vn 0.0000 1.0000 0.0000
vn 0.0000 1.0000 0.0000
vn 0.0000 1.0000 0.0000
vn 0.0000 1.0000 0.0000
vn 0.0000 1.0000 0.0000
vn 0.0000 1.0000 0.0000
vn 0.0000 1.0000 0.0000
vn 0.0000 1.0000 0.0000
vn 0.0000 1.0000 0.0000
vn 0.0000 1.0000 0.0000
vn 0.0000 1.0000 0.0000
vn 0.0000 1.0000 0.0000
vn 0.0000 1.0000 0.0000
vn 0.0000 1.0000 0.0000
vn 0.0000 1.0000 0.0000
vn 0.0000 1.0000 0.0000
vn 0.0000 1.0000 0.0000
vn 0.0000 1.0000 0.0000
vn 0.0000 1.0000 0.0000
vn 0.0000 1.0000 0.0000
vn 0.0000 1.0000 0.0000
vn 0.0000 1.0000 0.0000
vn 0.0000 1.0000 0.0000
vn 0.0000 1.0000 0.0000
vn 0.0000 1.0000 0.0000
vn 0.0000 1.0000 0.0000
vn 0.0000 1.0000 0.0000
vn 0.0000 1.0000 0.0000
vn 0.0000 1.0000 0.0000
vn 0.0000 1.0000 0.0000
vn 0.0000 1.0000 0.0000
vn 0.0000 1.0000 0.0000
vn 0.0000 1.0000 0.0000
vn 0.0000 1.0000 0.0000
vn 0.0000 1.0000 0.0000
vn 0.0000 1.0000 0.0000
vn 0.0000 1.0000 0.0000
vn 0.0000 1.0000 0.0000
vn 0.0000 1.0000 0.0000
vn 0.0000 1.0000 0.0000
vn 0.0000 1.0000 0.0000
vn 0.0000 1.0000 0.0000
vn 0.0000 1.0000 0.0000
vn 0.0000 1.0000 0.0000
vn 0.0000 1.0000 0.0000
vn 0.0000 1.0000 0.0000
vn 0.0000 1.0000 0.0000
vn 0.0000 1.0000 0.0000
vn 0.0000 1.0000 0.0000
vn 0.0000 1.0000 0.0000
vn 0.0000 1.0000 0.0000
vn 0.0000 1.0000 0.0000
vn 0.0000 1.0000 0.0000
vn 0.0000 1.0000 0.0000
vn 0.0000 1.0000 0.0000
vn 0.0000 1.0000 0.0000
vn 0.0000 1.0000 0.0000
vn 0.0000 1.0000 0.0000
vn 0.0000 1.0000 0.0000
vn 0.0000 1.0000 0.0000
vn 0.0000 1.0000 0.0000
vn 0.0000 1.0000 0.0000
vn 0.0000 1.0000 0.0000
vn 0.0000 1.0000 0.0000
vn 0.0000 1.0000 0.0000
vn 0.0000 1.0000 0.0000
vn 0.0000 1.0000 0.0000
vn 0.0000 1.0000 0.0000
vn 0.0000 1.0000 0.0000
vn 0.0000 1.0000 0.0000
vn 0.0000 1.0000 0.0000
vn 0.0000 1.0000 0.0000
vn 0.0000 1.0000 0.0000
vn 0.0000 1.0000 0.0000
vn 0.0000 1.0000 0.0000
vn 0.0000 1.0000 0.0000
vn 0.0000 1.0000 0.0000
vn 0.0000 1.0000 0.0000
vn 0.0000 1.0000 0.0000
vn 0.0000 1.0000 0.0000
vn 0.0000 1.0000 0.0000
vn 0.0000 1.0000 0.0000
vn 0.0000 1.0000 0.0000
vn 0.0000 1.0000 0.0000
vn 0.0000 1.0000 0.0000
vn 0.0000 1.0000 0.0000
vn 0.0000 1.0000 0.0000
vn 0.0000 1.0000 0.0000
vn 0.0000 1.0000 0.0000
vn 0.0000 1.0000 0.0000
vn 0.0000 1.0000 0.0000
vn 0.0000 1.0000 0.0000
vn 0.0000 1.0000 0.0000
vn 0.0000 1.0000 0.0000
vn 0.0000 1.0000 0.0000
vn 0.0000 1.0000 0.0000
vn 0.0000 1.0000 0.0000
vn 0.0000 1.0000 0.0000
vn 0.0000 1.0000 0.0000
vn 0.0000 1.0000 0.0000
vn 0.0000 1.0000 0.0000
vn 0.0000 1.0000 0.0000
vn 0.0000 1.0000 0.0000
vn 0.0000 1.0000 0.0000
vn 0.0000 1.0000 0.0000
vn 0.0000 1.0000 0.0000
vn 0.0000 1.0000 0.0000
vn 0.0000 1.0000 0.0000
vn 0.0000 1.0000 0.0000
vn 0.0000 1.0000 0.0000
vn 0.0000 1.0000 0.0000
vn 0.0000 1.0000 0.0000
vn 0.0000 1.0000 0.0000
vn 0.0000 1.0000 0.0000
vn 0.0000 1.0000 0.0000
vn 0.0000 1.0000 0.0000
vn 0.0000 1.0000 0.0000
vn 0.0000 1.0000 0.0000
vn 0.0000 1.0000 0.0000
vn 0.0000 1.0000 0.0000
vn 0.0000 1.0000 0.0000
vn 0.0000 1.0000 0.0000
vn 0.0000 1.0000 0.0000
vn 0.0000 1.0000 0.0000
vn 0.0000 1.0000 0.0000
vn 0.0000 1.0000 0.0000
vn 0.0000 1.0000 0.0000
vn 0.0000 1.0000 0.0000
vn 0.0000 1.0000 0.0000
vn 0.0000 1.0000 0.0000
vn 0.0000 1.0000 0.0000
vn 0.0000 1.0000 0.0000
vn 0.0000 1.0000 0.0000
vn 0.0000 1.0000 0.0000
vn 0.0000 1.0000 0.0000
vn 0.0000 1.0000 0.0000
vn 0.0000 1.0000 0.0000
vn 0.0000 1.0000 0.0000
vn 0.0000 1.0000 0.0000
vn 0.0000 1.0000 0.0000
vn 0.0000 1.0000 0.0000
vn 0.0000 1.0000 0.0000
vn 0.0000 1.0000 0.0000
vn 0.0000 1.0000 0.0000
vn 0.0000 1.0000 0.0000
vn 0.0000 1.0000 0.0000
vn 0.0000 1.0000 0.0000
vn 0.0000 1.0000 0.0000
vn 0.0000 1.0000 0.0000
vn 0.0000 1.0000 0.0000
vn 0.0000 1.0000 0.0000
vn 0.0000 1.0000 0.0000
vn 0.0000 1.0000 0.0000
vn 0.0000 1.0000 0.0000
vn 0.0000 1.0000 0.0000
vn 0.0000 1.0000 0.0000
vn 0.0000 1.0000 0.0000
vn 0.0000 1.0000 0.0000
vn 0.0000 1.0000 0.0000
vn 0.0000 1.0000 0.0000
vn 0.0000 1.0000 0.0000
vn 0.0000 1.0000 0.0000
vn 0.0000 1.0000 0.0000
vn 0.0000 1.0000 0.0000
vn 0.0000 1.0000 0.0000
vn 0.0000 1.0000 0.0000
vn 0.0000 1.0000 0.0000
vn 0.0000 1.0000 0.0000
vn 0.0000 1.0000 0.0000
vn 0.0000 1.0000 0.0000
vn 0.0000 1.0000 0.0000
vn 0.0000 1.0000 0.0000
vn 0.0000 1.0000 0.0000
vn 0.0000 1.0000 0.0000
vn 0.0000 1.0000 0.0000
vn 0.0000 1.0000 0.0000
vn 0.0000 1.0000 0.0000
vn 0.0000 1.0000 0.0000
vn 0.0000 1.0000 0.0000
vn 0.0000 1.0000 0.0000
vn 0.0000 1.0000 0.0000
vn 0.0000 1.0000 0.0000
vn 0.0000 1.0000 0.0000
vn 0.0000 1.0000 0.0000
vn 0.0000 1.0000 0.0000
vn 0.0000 1.0000 0.0000
vn 0.0000 1.0000 0.0000
vn 0.0000 1.0000 0.0000
vn 0.0000 1.0000 0.0000
vn 0.0000 1.0000 0.0000
vn 0.0000 1.0000 0.0000
vn 0.0000 1.0000 0.0000
vn 0.0000 1.0000 0.0000
vn 0.0000 1.0000 0.0000
vn 0.0000 1.0000 0.0000
vn 0.0000 1.0000 0.0000
vn 0.0000 1.0000 0.0000
vn 0.0000 1.0000 0.0000
vn 0.0000 1.0000 0.0000
vn 0.0000 1.0000 0.0000
vn 0.0000 1.0000 0.0000
vn 0.0000 1.0000 0.0000
vn 0.0000 1.0000 0.0000
vn 0.0000 1.0000 0.0000
vn 0.0000 1.0000 0.0000
vn 0.0000 1.0000 0.0000
vn 0.0000 1.0000 0.0000
vn 0.0000 1.0000 0.0000
vn 0.0000 1.0000 0.0000
vn 0.0000 1.0000 0.0000
vn 0.0000 1.0000 0.0000
vn 0.0000 1.0000 0.0000
vn 0.0000 1.0000 0.0000
vn 0.0000 1.0000 0.0000
vn 0.0000 1.0000 0.0000
vn 0.0000 1.0000 0.0000
vn 0.0000 1.0000 0.0000
vn 0.0000 1.0000 0.0000
vn 0.0000 1.0000 0.0000
vn 0.0000 1.0000 0.0000
vn 0.0000 1.0000 0.0000
vn 0.0000 1.0000 0.0000
vn 0.0000 1.0000 0.0000
vn 0.0000 1.0000 0.0000
vn 0.0000 1.0000 0.0000
vn 0.0000 1.0000 0.0000
vn 0.0000 1.0000 0.0000
vn 0.0000 1.0000 0.0000
vn 0.0000 1.0000 0.0000
vn 0.0000 1.0000 0.0000
vn 0.0000 1.0000 0.0000
vn 0.0000 1.0000 0.0000
vn 0.0000 1.0000 0.0000
vn 0.0000 1.0000 0.0000
vn 0.0000 1.0000 0.0000
vn 0.0000 1.0000 0.0000
vn 0.0000 1.0000 0.0000
vn 0.0000 1.0000 0.0000
vn 0.0000 1.0000 0.0000
vn 0.0000 1.0000 0.0000
vn 0.0000 1.0000 0.0000
vn 0.0000 1.0000 0.0000
vn 0.0000 1.0000 0.0000
vn 0.0000 1.0000 0.0000
vn 0.0000 1.0000 0.0000
vn 0.0000 1.0000 0.0000
vn 0.0000 1.0000 0.0000
vn 0.0000 1.0000 0.0000
vn 0.0000 1.0000 0.0000
vn 0.0000 1.0000 0.0000
vn 0.0000 1.0000 0.0000
vn 0.0000 1.0000 0.0000
vn 0.0000 1.0000 0.0000
vn 0.0000 1.0000 0.0000
vn 0.0000 1.0000 0.0000
vn 0.0000 1.0000 0.0000
vn 0.0000 1.0000 0.0000
vn 0.0000 1.0000 0.0000
vn 0.0000 1.0000 0.0000
vn 0.0000 1.0000 0.0000
vn 0.0000 1.0000 0.0000
vn 0.0000 1.0000 0.0000
vn 0.0000 1.0000 0.0000
vn 0.0000 1.0000 0.0000
vn 0.0000 1.0000 0.0000
vn 0.0000 1.0000 0.0000
vn 0.0000 1.0000 0.0000
vn 0.0000 1.0000 0.0000
vn 0.0000 1.0000 0.0000
vn 0.0000 1.0000 0.0000
vn 0.0000 1.0000 0.0000
vn 0.0000 1.0000 0.0000
vn 0.0000 1.0000 0.0000
vn 0.0000 1.0000 0.0000
vn 0.0000 1.0000 0.0000
vn 0.0000 1.0000 0.0000
vn 0.0000 1.0000 0.0000
vn 0.0000 1.0000 0.0000
vn 0.0000 1.0000 0.0000
vn 0.0000 1.0000 0.0000
vn 0.0000 1.0000 0.0000
vn 0.0000 1.0000 0.0000
vn 0.0000 1.0000 0.0000
vn 0.0000 1.0000 0.0000
vn 0.0000 1.0000 0.0000
vn 0.0000 1.0000 0.0000
vn 0.0000 1.0000 0.0000
vn 0.0000 1.0000 0.0000
vn 0.0000 1.0000 0.0000
vn 0.0000 1.0000 0.0000
vn 0.0000 1.0000 0.0000
vn 0.0000 1.0000 0.0000
vn 0.0000 1.0000 0.0000
vn 0.0000 1.0000 0.0000
vn 0.0000 1.0000 0.0000
vn 0.0000 1.0000 0.0000
vn 0.0000 1.0000 0.0000
vn 0.0000 1.0000 0.0000
vn 0.0000 1.0000 0.0000
vn 0.0000 1.0000 0.0000
vn 0.0000 1.0000 0.0000
vn 0.0000 1.0000 0.0000
vn 0.0000 1.0000 0.0000
vn 0.0000 1.0000 0.0000
vn 0.0000 1.0000 0.0000
vn 0.0000 1.0000 0.0000
vn 0.0000 1.0000 0.0000
vn 0.0000 1.0000 0.0000
vn 0.0000 1.0000 0.0000
vn 0.0000 1.0000 0.0000
vn 0.0000 1.0000 0.0000
vn 0.0000 1.0000 0.0000
vn 0.0000 1.0000 0.0000
vn 0.0000 1.0000 0.0000
vn 0.0000 1.0000 0.0000
vn 0.0000 1.0000 0.0000
vn 0.0000 1.0000 0.0000
vn 0.0000 1.0000 0.0000
vn 0.0000 1.0000 0.0000
vn 0.0000 1.0000 0.0000
vn 0.0000 1.0000 0.0000
vn 0.0000 1.0000 0.0000
vn 0.0000 1.0000 0.0000
vn 0.0000 1.0000 0.0000
vn 0.0000 1.0000 0.0000
vn 0.0000 1.0000 0.0000
vn 0.0000 1.0000 0.0000
vn 0.0000 1.0000 0.0000
vn 0.0000 1.0000 0.0000
vn 0.0000 1.0000 0.0000
vn 0.0000 1.0000 0.0000
vn 0.0000 1.0000 0.0000
vn 0.0000 1.0000 0.0000
vn 0.0000 1.0000 0.0000
vn 0.0000 1.0000 0.0000
vn 0.0000 1.0000 0.0000
vn 0.0000 1.0000 0.0000
vn 0.0000 1.0000 0.0000
vn 0.0000 1.0000 0.0000
vn 0.0000 1.0000 0.0000
vn 0.0000 1.0000 0.0000
vn 0.0000 1.0000 0.0000
vn 0.0000 1.0000 0.0000
vn 0.0000 1.0000 0.0000
vn 0.0000 1.0000 0.0000
vn 0.0000 1.0000 0.0000
vn 0.0000 1.0000 0.0000
vn 0.0000 1.0000 0.0000
vn 0.0000 1.0000 0.0000
vn 0.0000 1.0000 0.0000
vn 0.0000 1.0000 0.0000
vn 0.0000 1.0000 0.0000
vn 0.0000 1.0000 0.0000
vn 0.0000 1.0000 0.0000
vn 0.0000 1.0000 0.0000
vn 0.0000 1.0000 0.0000
vn 0.0000 1.0000 0.0000
vn 0.0000 1.0000 0.0000
vn 0.0000 1.0000 0.0000
vn 0.0000 1.0000 0.0000
vn 0.0000 1.0000 0.0000
vn 0.0000 1.0000 0.0000
vn 0.0000 1.0000 0.0000
vn 0.0000 1.0000 0.0000
vn 0.0000 1.0000 0.0000
vn 0.0000 1.0000 0.0000
vn 0.0000 1.0000 0.0000
vn 0.0000 1.0000 0.0000
vn 0.0000 1.0000 0.0000
vn 0.0000 1.0000 0.0000
vn 0.0000 1.0000 0.0000
vn 0.0000 1.0000 0.0000
vn 0.0000 1.0000 0.0000
vn 0.0000 1.0000 0.0000
vn 0.0000 1.0000 0.0000
vn 0.0000 1.0000 0.0000
vn 0.0000 1.0000 0.0000
vn 0.0000 1.0000 0.0000
vn 0.0000 1.0000 0.0000
vn 0.0000 1.0000 0.0000
vn 0.0000 1.0000 0.0000
vn 0.0000 1.0000 0.0000
vn 0.0000 1.0000 0.0000
vn 0.0000 1.0000 0.0000
vn 0.0000 1.0000 0.0000
vn 0.0000 1.0000 0.0000
vn 0.0000 1.0000 0.0000
vn 0.0000 1.0000 0.0000
vn 0.0000 1.0000 0.0000
vn 0.0000 1.0000 0.0000
vn 0.0000 1.0000 0.0000
vn 0.0000 1.0000 0.0000
vn 0.0000 1.0000 0.0000
vn 0.0000 1.0000 0.0000
vn 0.0000 1.0000 0.0000
vn 0.0000 1.0000 0.0000
vn 0.0000 1.0000 0.0000
vn 0.0000 1.0000 0.0000
vn 0.0000 1.0000 0.0000
vn 0.0000 1.0000 0.0000
vn 0.0000 1.0000 0.0000
vn 0.0000 1.0000 0.0000
vn 0.0000 1.0000 0.0000
vn 0.0000 1.0000 0.0000
vn 0.0000 1.0000 0.0000
vn 0.0000 1.0000 0.0000
vn 0.0000 1.0000 0.0000
vn 0.0000 1.0000 0.0000
vn 0.0000 1.0000 0.0000
vn 0.0000 1.0000 0.0000
vn 0.0000 1.0000 0.0000
vn 0.0000 1.0000 0.0000
vn 0.0000 1.0000 0.0000
vn 0.0000 1.0000 0.0000
vn 0.0000 1.0000 0.0000
vn 0.0000 1.0000 0.0000
vn 0.0000 1.0000 0.0000
vn 0.0000 1.0000 0.0000
vn 0.0000 1.0000 0.0000
vn 0.0000 1.0000 0.0000
vn 0.0000 1.0000 0.0000
vn 0.0000 1.0000 0.0000
vn 0.0000 1.0000 0.0000
vn 0.0000 1.0000 0.0000
vn 0.0000 1.0000 0.0000
vn 0.0000 1.0000 0.0000
vn 0.0000 1.0000 0.0000
vn 0.0000 1.0000 0.0000
vn 0.0000 1.0000 0.0000
vn 0.0000 1.0000 0.0000
vn 0.0000 1.0000 0.0000
vn 0.0000 1.0000 0.0000
vn 0.0000 1.0000 0.0000
vn 0.0000 1.0000 0.0000
vn 0.0000 1.0000 0.0000
vn 0.0000 1.0000 0.0000
vn 0.0000 1.0000 0.0000
vn 0.0000 1.0000 0.0000
vn 0.0000 1.0000 0.0000
vn 0.0000 1.0000 0.0000
vn 0.0000 1.0000 0.0000
vn 0.0000 1.0000 0.0000
vn 0.0000 1.0000 0.0000
vn 0.0000 1.0000 0.0000
vn 0.0000 1.0000 0.0000
vn 0.0000 1.0000 0.0000
vn 0.0000 1.0000 0.0000
vn 0.0000 1.0000 0.0000
vn 0.0000 1.0000 0.0000
vn 0.0000 1.0000 0.0000
vn 0.0000 1.0000 0.0000
vn 0.0000 1.0000 0.0000
vn 0.0000 1.0000 0.0000
vn 0.0000 1.0000 0.0000
vn 0.0000 1.0000 0.0000
vn 0.0000 1.0000 0.0000
vn 0.0000 1.0000 0.0000
vn 0.0000 1.0000 0.0000
vn 0.0000 1.0000 0.0000
vn 0.0000 1.0000 0.0000
vn 0.0000 1.0000 0.0000
vn 0.0000 1.0000 0.0000
vn 0.0000 1.0000 0.0000
vn 0.0000 1.0000 0.0000
vn 0.0000 1.0000 0.0000
vn 0.0000 1.0000 0.0000
vn 0.0000 1.0000 0.0000
vn 0.0000 1.0000 0.0000
vn 0.0000 1.0000 0.0000
vn 0.0000 1.0000 0.0000
vn 0.0000 1.0000 0.0000
vn 0.0000 1.0000 0.0000
vn 0.0000 1.0000 0.0000
vn 0.0000 1.0000 0.0000
vn 0.0000 1.0000 0.0000
vn 0.0000 1.0000 0.0000
vn 0.0000 1.0000 0.0000
vn 0.0000 1.0000 0.0000
vn 0.0000 1.0000 0.0000
vn 0.0000 1.0000 0.0000
vn 0.0000 1.0000 0.0000
vn 0.0000 1.0000 0.0000
vn 0.0000 1.0000 0.0000
vn 0.0000 1.0000 0.0000
vn 0.0000 1.0000 0.0000
vn 0.0000 1.0000 0.0000
vn 0.0000 1.0000 0.0000
vn 0.0000 1.0000 0.0000
vn 0.0000 1.0000 0.0000
vn 0.0000 1.0000 0.0000
vn 0.0000 1.0000 0.0000
vn 0.0000 1.0000 0.0000
vn 0.0000 1.0000 0.0000
vn 0.0000 1.0000 0.0000
vn 0.0000 1.0000 0.0000
vn 0.0000 1.0000 0.0000
vn 0.0000 1.0000 0.0000
vn 0.0000 1.0000 0.0000
vn 0.0000 1.0000 0.0000
vn 0.0000 1.0000 0.0000
vn 0.0000 1.0000 0.0000
vn 0.0000 1.0000 0.0000
vn 0.0000 1.0000 0.0000
vn 0.0000 1.0000 0.0000
vn 0.0000 1.0000 0.0000
vn 0.0000 1.0000 0.0000
vn 0.0000 1.0000 0.0000
vn 0.0000 1.0000 0.0000
vn 0.0000 1.0000 0.0000
vn 0.0000 1.0000 0.0000
vn 0.0000 1.0000 0.0000
vn 0.0000 1.0000 0.0000
vn 0.0000 1.0000 0.0000
vn 0.0000 1.0000 0.0000
vn 0.0000 1.0000 0.0000
vn 0.0000 1.0000 0.0000
vn 0.0000 1.0000 0.0000
vn 0.0000 1.0000 0.0000
vn 0.0000 1.0000 0.0000
vn 0.0000 1.0000 0.0000
vn 0.0000 1.0000 0.0000
vn 0.0000 1.0000 0.0000
vn 0.0000 1.0000 0.0000
vn 0.0000 1.0000 0.0000
vn 0.0000 1.0000 0.0000
vn 0.0000 1.0000 0.0000
vn 0.0000 1.0000 0.0000
vn 0.0000 1.0000 0.0000
vn 0.0000 1.0000 0.0000
vn 0.0000 1.0000 0.0000
vn 0.0000 1.0000 0.0000
vn 0.0000 1.0000 0.0000
vn 0.0000 1.0000 0.0000
vn 0.0000 1.0000 0.0000
vn 0.0000 1.0000 0.0000
vn 0.0000 1.0000 0.0000
vn 0.0000 1.0000 0.0000
vn 0.0000 1.0000 0.0000
vn 0.0000 1.0000 0.0000
vn 0.0000 1.0000 0.0000
vn 0.0000 1.0000 0.0000
vn 0.0000 1.0000 0.0000
vn 0.0000 1.0000 0.0000
vn 0.0000 1.0000 0.0000
vn 0.0000 1.0000 0.0000
vn 0.0000 1.0000 0.0000
vn 0.0000 1.0000 0.0000
vn 0.0000 1.0000 0.0000
vn 0.0000 1.0000 0.0000
vn 0.0000 1.0000 0.0000
vn 0.0000 1.0000 0.0000
vn 0.0000 1.0000 0.0000
vn 0.0000 1.0000 0.0000
vn 0.0000 1.0000 0.0000
vn 0.0000 1.0000 0.0000
vn 0.0000 1.0000 0.0000
vn 0.0000 1.0000 0.0000
vn 0.0000 1.0000 0.0000
vn 0.0000 1.0000 0.0000
vn 0.0000 1.0000 0.0000
vn 0.0000 1.0000 0.0000
vn 0.0000 1.0000 0.0000
vn 0.0000 1.0000 0.0000
vn 0.0000 1.0000 0.0000
vn 0.0000 1.0000 0.0000
vn 0.0000 1.0000 0.0000
vn 0.0000 1.0000 0.0000
vn 0.0000 1.0000 0.0000
vn 0.0000 1.0000 0.0000
vn 0.0000 1.0000 0.0000
vn 0.0000 1.0000 0.0000
vn 0.0000 1.0000 0.0000
vn 0.0000 1.0000 0.0000
vn 0.0000 1.0000 0.0000
vn 0.0000 1.0000 0.0000
vn 0.0000 1.0000 0.0000
vn 0.0000 1.0000 0.0000
vn 0.0000 1.0000 0.0000
vn 0.0000 1.0000 0.0000
vn 0.0000 1.0000 0.0000
vn 0.0000 1.0000 0.0000
vn 0.0000 1.0000 0.0000
vn 0.0000 1.0000 0.0000
vn 0.0000 1.0000 0.0000
vn 0.0000 1.0000 0.0000
vn 0.0000 1.0000 0.0000
vn 0.0000 1.0000 0.0000
vn 0.0000 1.0000 0.0000
vn 0.0000 1.0000 0.0000
vn 0.0000 1.0000 0.0000
vn 0.0000 1.0000 0.0000
vn 0.0000 1.0000 0.0000
vn 0.0000 1.0000 0.0000
vn 0.0000 1.0000 0.0000
vn 0.0000 1.0000 0.0000
vn 0.0000 1.0000 0.0000
vn 0.0000 1.0000 0.0000
vn 0.0000 1.0000 0.0000
vn 0.0000 1.0000 0.0000
vn 0.0000 1.0000 0.0000
vn 0.0000 1.0000 0.0000
vn 0.0000 1.0000 0.0000
vn 0.0000 1.0000 0.0000
vn 0.0000 1.0000 0.0000
vn 0.0000 1.0000 0.0000
vn 0.0000 1.0000 0.0000
vn 0.0000 1.0000 0.0000
vn 0.0000 1.0000 0.0000
vn 0.0000 1.0000 0.0000
vn 0.0000 1.0000 0.0000
vn 0.0000 1.0000 0.0000
vn 0.0000 1.0000 0.0000
vn 0.0000 1.0000 0.0000
vn 0.0000 1.0000 0.0000
vn 0.0000 1.0000 0.0000
vn 0.0000 1.0000 0.0000
vn 0.0000 1.0000 0.0000
vn 0.0000 1.0000 0.0000
vn 0.0000 1.0000 0.0000
vn 0.0000 1.0000 0.0000
vn 0.0000 1.0000 0.0000
vn 0.0000 1.0000 0.0000
vn 0.0000 1.0000 0.0000
vn 0.0000 1.0000 0.0000
vn 0.0000 1.0000 0.0000
vn 0.0000 1.0000 0.0000
vn 0.0000 1.0000 0.0000
vn 0.0000 1.0000 0.0000
vn 0.0000 1.0000 0.0000
vn 0.0000 1.0000 0.0000
vn 0.0000 1.0000 0.0000
vn 0.0000 1.0000 0.0000
vn 0.0000 1.0000 0.0000
vn 0.0000 1.0000 0.0000
vn 0.0000 1.0000 0.0000
vn 0.0000 1.0000 0.0000
vn 0.0000 1.0000 0.0000
vn 0.0000 1.0000 0.0000
vn 0.0000 1.0000 0.0000
vn 0.0000 1.0000 0.0000
vn 0.0000 1.0000 0.0000
vn 0.0000 1.0000 0.0000
vn 0.0000 1.0000 0.0000
vn 0.0000 1.0000 0.0000
vn 0.0000 1.0000 0.0000
vn 0.0000 1.0000 0.0000
vn 0.0000 1.0000 0.0000
vn 0.0000 1.0000 0.0000
vn 0.0000 1.0000 0.0000
vn 0.0000 1.0000 0.0000
vn 0.0000 1.0000 0.0000
vn 0.0000 1.0000 0.0000
vn 0.0000 1.0000 0.0000
vn 0.0000 1.0000 0.0000
vn 0.0000 1.0000 0.0000
vn 0.0000 1.0000 0.0000
vn 0.0000 1.0000 0.0000
vn 0.0000 1.0000 0.0000
vn 0.0000 1.0000 0.0000
vn 0.0000 1.0000 0.0000
vn 0.0000 1.0000 0.0000
vn 0.0000 1.0000 0.0000
vn 0.0000 1.0000 0.0000
vn 0.0000 1.0000 0.0000
vn 0.0000 1.0000 0.0000
vn 0.0000 1.0000 0.0000
vn 0.0000 1.0000 0.0000
vn 0.0000 1.0000 0.0000
vn 0.0000 1.0000 0.0000
vn 0.0000 1.0000 0.0000
vn 0.0000 1.0000 0.0000
vn 0.0000 1.0000 0.0000
vn 0.0000 1.0000 0.0000
vn 0.0000 1.0000 0.0000
vn 0.0000 1.0000 0.0000
vn 0.0000 1.0000 0.0000
vn 0.0000 1.0000 0.0000
vn 0.0000 1.0000 0.0000
vn 0.0000 1.0000 0.0000
vn 0.0000 1.0000 0.0000
vn 0.0000 1.0000 0.0000
vn 0.0000 1.0000 0.0000
vn 0.0000 1.0000 0.0000
vn 0.0000 1.0000 0.0000
vn 0.0000 1.0000 0.0000
vn 0.0000 1.0000 0.0000
vn 0.0000 1.0000 0.0000
vn 0.0000 1.0000 0.0000
vn 0.0000 1.0000 0.0000
vn 0.0000 1.0000 0.0000
vn 0.0000 1.0000 0.0000
vn 0.0000 1.0000 0.0000
vn 0.0000 1.0000 0.0000
vn 0.0000 1.0000 0.0000
vn 0.0000 1.0000 0.0000
vn 0.0000 1.0000 0.0000
vn 0.0000 1.0000 0.0000
vn 0.0000 1.0000 0.0000
vn 0.0000 1.0000 0.0000
vn 0.0000 1.0000 0.0000
vn 0.0000 1.0000 0.0000
vn 0.0000 1.0000 0.0000
vn 0.0000 1.0000 0.0000
vn 0.0000 1.0000 0.0000
vn 0.0000 1.0000 0.0000
vn 0.0000 1.0000 0.0000
vn 0.0000 1.0000 0.0000
vn 0.0000 1.0000 0.0000
vn 0.0000 1.0000 0.0000
vn 0.0000 1.0000 0.0000
vn 0.0000 1.0000 0.0000
vn 0.0000 1.0000 0.0000
vn 0.0000 1.0000 0.0000
vn 0.0000 1.0000 0.0000
vn 0.0000 1.0000 0.0000
vn 0.0000 1.0000 0.0000
vn 0.0000 1.0000 0.0000
vn 0.0000 1.0000 0.0000
vn 0.0000 1.0000 0.0000
vn 0.0000 1.0000 0.0000
vn 0.0000 1.0000 0.0000
vn 0.0000 1.0000 0.0000
vn 0.0000 1.0000 0.0000
vn 0.0000 1.0000 0.0000
vn 0.0000 1.0000 0.0000
vn 0.0000 1.0000 0.0000
vn 0.0000 1.0000 0.0000
vn 0.0000 1.0000 0.0000
vn 0.0000 1.0000 0.0000
vn 0.0000 1.0000 0.0000
vn 0.0000 1.0000 0.0000
vn 0.0000 1.0000 0.0000
vn 0.0000 1.0000 0.0000
vn 0.0000 1.0000 0.0000
vn 0.0000 1.0000 0.0000
vn 0.0000 1.0000 0.0000
vn 0.0000 1.0000 0.0000
vn 0.0000 1.0000 0.0000
vn 0.0000 1.0000 0.0000
vn 0.0000 1.0000 0.0000
vn 0.0000 1.0000 0.0000
vn 0.0000 1.0000 0.0000
vn 0.0000 1.0000 0.0000
vn 0.0000 1.0000 0.0000
vn 0.0000 1.0000 0.0000
vn 0.0000 1.0000 0.0000
vn 0.0000 1.0000 0.0000
vn 0.0000 1.0000 0.0000
vn 0.0000 1.0000 0.0000
vn 0.0000 1.0000 0.0000
vn 0.0000 1.0000 0.0000
vn 0.0000 1.0000 0.0000
vn 0.0000 1.0000 0.0000
vn 0.0000 1.0000 0.0000
vn 0.0000 1.0000 0.0000
vn 0.0000 1.0000 0.0000
vn 0.0000 1.0000 0.0000
vn 0.0000 1.0000 0.0000
vn 0.0000 1.0000 0.0000
vn 0.0000 1.0000 0.0000
vn 0.0000 1.0000 0.0000
vn 0.0000 1.0000 0.0000
vn 0.0000 1.0000 0.0000
vn 0.0000 1.0000 0.0000
vn 0.0000 1.0000 0.0000
vn 0.0000 1.0000 0.0000
vn 0.0000 1.0000 0.0000
vn 0.0000 1.0000 0.0000
vn 0.0000 1.0000 0.0000
vn 0.0000 1.0000 0.0000
vn 0.0000 1.0000 0.0000
vn 0.0000 1.0000 0.0000
vn 0.0000 1.0000 0.0000
vn 0.0000 1.0000 0.0000
vn 0.0000 1.0000 0.0000
vn 0.0000 1.0000 0.0000
vn 0.0000 1.0000 0.0000
vn 0.0000 1.0000 0.0000
vn 0.0000 1.0000 0.0000
vn 0.0000 1.0000 0.0000
vn 0.0000 1.0000 0.0000
vn 0.0000 1.0000 0.0000
vn 0.0000 1.0000 0.0000
vn 0.0000 1.0000 0.0000
vn 0.0000 1.0000 0.0000
vn 0.0000 1.0000 0.0000
vn 0.0000 1.0000 0.0000
vn 0.0000 1.0000 0.0000
vn 0.0000 1.0000 0.0000
vn 0.0000 1.0000 0.0000
vn 0.0000 1.0000 0.0000
vn 0.0000 1.0000 0.0000
vn 0.0000 1.0000 0.0000
vn 0.0000 1.0000 0.0000
vn 0.0000 1.0000 0.0000
vn 0.0000 1.0000 0.0000
vn 0.0000 1.0000 0.0000
vn 0.0000 1.0000 0.0000
vn 0.0000 1.0000 0.0000
vn 0.0000 1.0000 0.0000
vn 0.0000 1.0000 0.0000
vn 0.0000 1.0000 0.0000
vn 0.0000 1.0000 0.0000
vn 0.0000 1.0000 0.0000
vn 0.0000 1.0000 0.0000
vn 0.0000 1.0000 0.0000
vn 0.0000 1.0000 0.0000
vn 0.0000 1.0000 0.0000
vn 0.0000 1.0000 0.0000
vn 0.0000 1.0000 0.0000
vn 0.0000 1.0000 0.0000
vn 0.0000 1.0000 0.0000
vn 0.0000 1.0000 0.0000
vn 0.0000 1.0000 0.0000
vn 0.0000 1.0000 0.0000
vn 0.0000 1.0000 0.0000
vn 0.0000 1.0000 0.0000
vn 0.0000 1.0000 0.0000
vn 0.0000 1.0000 0.0000
vn 0.0000 1.0000 0.0000
vn 0.0000 1.0000 0.0000
vn 0.0000 1.0000 0.0000
vn 0.0000 1.0000 0.0000
vn 0.0000 1.0000 0.0000
vn 0.0000 1.0000 0.0000
vn 0.0000 1.0000 0.0000
vn 0.0000 1.0000 0.0000
vn 0.0000 1.0000 0.0000
vn 0.0000 1.0000 0.0000
vn 0.0000 1.0000 0.0000
vn 0.0000 1.0000 0.0000
vn 0.0000 1.0000 0.0000
vn 0.0000 1.0000 0.0000
vn 0.0000 1.0000 0.0000
vn 0.0000 1.0000 0.0000
vn 0.0000 1.0000 0.0000
vn 0.0000 1.0000 0.0000
vn 0.0000 1.0000 0.0000
vn 0.0000 1.0000 0.0000
vn 0.0000 1.0000 0.0000
vn 0.0000 1.0000 0.0000
vn 0.0000 1.0000 0.0000
vn 0.0000 1.0000 0.0000
vn 0.0000 1.0000 0.0000
vn 0.0000 1.0000 0.0000
vn 0.0000 1.0000 0.0000
vn 0.0000 1.0000 0.0000
vn 0.0000 1.0000 0.0000
vn 0.0000 1.0000 0.0000
vn 0.0000 1.0000 0.0000
vn 0.0000 1.0000 0.0000
vn 0.0000 1.0000 0.0000
vn 0.0000 1.0000 0.0000
vn 0.0000 1.0000 0.0000
vn 0.0000 1.0000 0.0000
vn 0.0000 1.0000 0.0000
vn 0.0000 1.0000 0.0000
vn 0.0000 1.0000 0.0000
vn 0.0000 1.0000 0.0000
vn 0.0000 1.0000 0.0000
vn 0.0000 1.0000 0.0000
vn 0.0000 1.0000 0.0000
vn 0.0000 1.0000 0.0000
vn 0.0000 1.0000 0.0000
vn 0.0000 1.0000 0.0000
vn 0.0000 1.0000 0.0000
vn 0.0000 1.0000 0.0000
vn 0.0000 1.0000 0.0000
vn 0.0000 1.0000 0.0000
vn 0.0000 1.0000 0.0000
vn 0.0000 1.0000 0.0000
vn 0.0000 1.0000 0.0000
vn 0.0000 1.0000 0.0000
vn 0.0000 1.0000 0.0000
vn 0.0000 1.0000 0.0000
vn 0.0000 1.0000 0.0000
vn 0.0000 1.0000 0.0000
vn 0.0000 1.0000 0.0000
vn 0.0000 1.0000 0.0000
vn 0.0000 1.0000 0.0000
vn 0.0000 1.0000 0.0000
vn 0.0000 1.0000 0.0000
vn 0.0000 1.0000 0.0000
vn 0.0000 1.0000 0.0000
vn 0.0000 1.0000 0.0000
vn 0.0000 1.0000 0.0000
vn 0.0000 1.0000 0.0000
vn 0.0000 1.0000 0.0000
vn 0.0000 1.0000 0.0000
vn 0.0000 1.0000 0.0000
vn 0.0000 1.0000 0.0000
vn 0.0000 1.0000 0.0000
vn 0.0000 1.0000 0.0000
vn 0.0000 1.0000 0.0000
vn 0.0000 1.0000 0.0000
vn 0.0000 1.0000 0.0000
vn 0.0000 1.0000 0.0000
vn 0.0000 1.0000 0.0000
vn 0.0000 1.0000 0.0000
vn 0.0000 1.0000 0.0000
vn 0.0000 1.0000 0.0000
vn 0.0000 1.0000 0.0000
vn 0.0000 1.0000 0.0000
vn 0.0000 1.0000 0.0000
vn 0.0000 1.0000 0.0000
vn 0.0000 1.0000 0.0000
vn 0.0000 1.0000 0.0000
vn 0.0000 1.0000 0.0000
vn 0.0000 1.0000 0.0000
vn 0.0000 1.0000 0.0000
vn 0.0000 1.0000 0.0000
vn 0.0000 1.0000 0.0000
vn 0.0000 1.0000 0.0000
vn 0.0000 1.0000 0.0000
vn 0.0000 1.0000 0.0000
vn 0.0000 1.0000 0.0000
vn 0.0000 1.0000 0.0000
vn 0.0000 1.0000 0.0000
vn 0.0000 1.0000 0.0000
vn 0.0000 1.0000 0.0000
vn 0.0000 1.0000 0.0000
vn 0.0000 1.0000 0.0000
vn 0.0000 1.0000 0.0000
vn 0.0000 1.0000 0.0000
vn 0.0000 1.0000 0.0000
vn 0.0000 1.0000 0.0000
vn 0.0000 1.0000 0.0000
vn 0.0000 1.0000 0.0000
vn 0.0000 1.0000 0.0000
vn 0.0000 1.0000 0.0000
vn 0.0000 1.0000 0.0000
vn 0.0000 1.0000 0.0000
vn 0.0000 1.0000 0.0000
vn 0.0000 1.0000 0.0000
vn 0.0000 1.0000 0.0000
vn 0.0000 1.0000 0.0000
vn 0.0000 1.0000 0.0000
vn 0.0000 1.0000 0.0000
vn 0.0000 1.0000 0.0000
vn 0.0000 1.0000 0.0000
vn 0.0000 1.0000 0.0000
vn 0.0000 1.0000 0.0000
vn 0.0000 1.0000 0.0000
vn 0.0000 1.0000 0.0000
vn 0.0000 1.0000 0.0000
vn 0.0000 1.0000 0.0000
vn 0.0000 1.0000 0.0000
vn 0.0000 1.0000 0.0000
vn 0.0000 1.0000 0.0000
vn 0.0000 1.0000 0.0000
vn 0.0000 1.0000 0.0000
vn 0.0000 1.0000 0.0000
vn 0.0000 1.0000 0.0000
vn 0.0000 1.0000 0.0000
vn 0.0000 1.0000 0.0000
vn 0.0000 1.0000 0.0000
vn 0.0000 1.0000 0.0000
vn 0.0000 1.0000 0.0000
vn 0.0000 1.0000 0.0000
vn 0.0000 1.0000 0.0000
vn 0.0000 1.0000 0.0000
vn 0.0000 1.0000 0.0000
vn 0.0000 1.0000 0.0000
vn 0.0000 1.0000 0.0000
vn 0.0000 1.0000 0.0000
vn 0.0000 1.0000 0.0000
vn 0.0000 1.0000 0.0000
vn 0.0000 1.0000 0.0000
vn 0.0000 1.0000 0.0000
vn 0.0000 1.0000 0.0000
vn 0.0000 1.0000 0.0000
vn 0.0000 1.0000 0.0000
vn 0.0000 1.0000 0.0000
vn 0.0000 1.0000 0.0000
vn 0.0000 1.0000 0.0000
vn 0.0000 1.0000 0.0000
vn 0.0000 1.0000 0.0000
vn 0.0000 1.0000 0.0000
vn 0.0000 1.0000 0.0000
vn 0.0000 1.0000 0.0000
vn 0.0000 1.0000 0.0000
vn 0.0000 1.0000 0.0000
vn 0.0000 1.0000 0.0000
vn 0.0000 1.0000 0.0000
vn 0.0000 1.0000 0.0000
vn 0.0000 1.0000 0.0000
vn 0.0000 1.0000 0.0000
vn 0.0000 1.0000 0.0000
vn 0.0000 1.0000 0.0000
vn 0.0000 1.0000 0.0000
vn 0.0000 1.0000 0.0000
vn 0.0000 1.0000 0.0000
vn 0.0000 1.0000 0.0000
vn 0.0000 1.0000 0.0000
vn 0.0000 1.0000 0.0000
vn 0.0000 1.0000 0.0000
vn 0.0000 1.0000 0.0000
vn 0.0000 1.0000 0.0000
vn 0.0000 1.0000 0.0000
vn 0.0000 1.0000 0.0000
vn 0.0000 1.0000 0.0000
vn 0.0000 1.0000 0.0000
vn 0.0000 1.0000 0.0000
vn 0.0000 1.0000 0.0000
vn 0.0000 1.0000 0.0000
vn 0.0000 1.0000 0.0000
vn 0.0000 1.0000 0.0000
vn 0.0000 1.0000 0.0000
vn 0.0000 1.0000 0.0000
vn 0.0000 1.0000 0.0000
vn 0.0000 1.0000 0.0000
vn 0.0000 1.0000 0.0000
vn 0.0000 1.0000 0.0000
vn 0.0000 1.0000 0.0000
vn 0.0000 1.0000 0.0000
vn 0.0000 1.0000 0.0000
vn 0.0000 1.0000 0.0000
vn 0.0000 1.0000 0.0000
vn 0.0000 1.0000 0.0000
vn 0.0000 1.0000 0.0000
vn 0.0000 1.0000 0.0000
vn 0.0000 1.0000 0.0000
vn 0.0000 1.0000 0.0000
vn 0.0000 1.0000 0.0000
vn 0.0000 1.0000 0.0000
vn 0.0000 1.0000 0.0000
vn 0.0000 1.0000 0.0000
vn 0.0000 1.0000 0.0000
vn 0.0000 1.0000 0.0000
vn 0.0000 1.0000 0.0000
vn 0.0000 1.0000 0.0000
vn 0.0000 1.0000 0.0000
vn 0.0000 1.0000 0.0000
vn 0.0000 1.0000 0.0000
vn 0.0000 1.0000 0.0000
vn 0.0000 1.0000 0.0000
vn 0.0000 1.0000 0.0000
vn 0.0000 1.0000 0.0000
vn 0.0000 1.0000 0.0000
vn 0.0000 1.0000 0.0000
vn 0.0000 1.0000 0.0000
vn 0.0000 1.0000 0.0000
vn 0.0000 1.0000 0.0000
vn 0.0000 1.0000 0.0000
vn 0.0000 1.0000 0.0000
vn 0.0000 1.0000 0.0000
vn 0.0000 1.0000 0.0000
vn 0.0000 1.0000 0.0000
vn 0.0000 1.0000 0.0000
vn 0.0000 1.0000 0.0000
vn 0.0000 1.0000 0.0000
vn 0.0000 1.0000 0.0000
vn 0.0000 1.0000 0.0000
vn 0.0000 1.0000 0.0000
vn 0.0000 1.0000 0.0000
vn 0.0000 1.0000 0.0000
vn 0.0000 1.0000 0.0000
vn 0.0000 1.0000 0.0000
vn 0.0000 1.0000 0.0000
vn 0.0000 1.0000 0.0000
vn 0.0000 1.0000 0.0000
vn 0.0000 1.0000 0.0000
vn 0.0000 1.0000 0.0000
vn 0.0000 1.0000 0.0000
vn 0.0000 1.0000 0.0000
vn 0.0000 1.0000 0.0000
vn 0.0000 1.0000 0.0000
vn 0.0000 1.0000 0.0000
vn 0.0000 1.0000 0.0000
vn 0.0000 1.0000 0.0000
vn 0.0000 1.0000 0.0000
vn 0.0000 1.0000 0.0000
vn 0.0000 1.0000 0.0000
vn 0.0000 1.0000 0.0000
vn 0.0000 1.0000 0.0000
vn 0.0000 1.0000 0.0000
vn 0.0000 1.0000 0.0000
vn 0.0000 1.0000 0.0000
vn 0.0000 1.0000 0.0000
vn 0.0000 1.0000 0.0000
vn 0.0000 1.0000 0.0000
vn 0.0000 1.0000 0.0000
vn 0.0000 1.0000 0.0000
vn 0.0000 1.0000 0.0000
vn 0.0000 1.0000 0.0000
vn 0.0000 1.0000 0.0000
vn 0.0000 1.0000 0.0000
vn 0.0000 1.0000 0.0000
vn 0.0000 1.0000 0.0000
vn 0.0000 1.0000 0.0000
vn 0.0000 1.0000 0.0000
vn 0.0000 1.0000 0.0000
vn 0.0000 1.0000 0.0000
vn 0.0000 1.0000 0.0000
vn 0.0000 1.0000 0.0000
vn 0.0000 1.0000 0.0000
vn 0.0000 1.0000 0.0000
vn 0.0000 1.0000 0.0000
vn 0.0000 1.0000 0.0000
vn 0.0000 1.0000 0.0000
vn 0.0000 1.0000 0.0000
vn 0.0000 1.0000 0.0000
vn 0.0000 1.0000 0.0000
vn 0.0000 1.0000 0.0000
vn 0.0000 1.0000 0.0000
vn 0.0000 1.0000 0.0000
vn 0.0000 1.0000 0.0000
vn 0.0000 1.0000 0.0000
vn 0.0000 1.0000 0.0000
vn 0.0000 1.0000 0.0000
vn 0.0000 1.0000 0.0000
vn 0.0000 1.0000 0.0000
vn 0.0000 1.0000 0.0000
vn 0.0000 1.0000 0.0000
vn 0.0000 1.0000 0.0000
vn 0.0000 1.0000 0.0000
vn 0.0000 1.0000 0.0000
vn 0.0000 1.0000 0.0000
vn 0.0000 1.0000 0.0000
vn 0.0000 1.0000 0.0000
vn 0.0000 1.0000 0.0000
vn 0.0000 1.0000 0.0000
vn 0.0000 1.0000 0.0000
vn 0.0000 1.0000 0.0000
vn 0.0000 1.0000 0.0000
vn 0.0000 1.0000 0.0000
vn 0.0000 1.0000 0.0000
vn 0.0000 1.0000 0.0000
vn 0.0000 1.0000 0.0000
vn 0.0000 1.0000 0.0000
vn 0.0000 1.0000 0.0000
vn 0.0000 1.0000 0.0000
vn 0.0000 1.0000 0.0000
vn 0.0000 1.0000 0.0000
vn 0.0000 1.0000 0.0000
vn 0.0000 1.0000 0.0000
vn 0.0000 1.0000 0.0000
vn 0.0000 1.0000 0.0000
vn 0.0000 1.0000 0.0000
vn 0.0000 1.0000 0.0000
vn 0.0000 1.0000 0.0000
vn 0.0000 1.0000 0.0000
vn 0.0000 1.0000 0.0000
vn 0.0000 1.0000 0.0000
vn 0.0000 1.0000 0.0000
vn 0.0000 1.0000 0.0000
vn 0.0000 1.0000 0.0000
vn 0.0000 1.0000 0.0000
vn 0.0000 1.0000 0.0000
vn 0.0000 1.0000 0.0000
vn 0.0000 1.0000 0.0000
vn 0.0000 1.0000 0.0000
vn 0.0000 1.0000 0.0000
vn 0.0000 1.0000 0.0000
vn 0.0000 1.0000 0.0000
vn 0.0000 1.0000 0.0000
vn 0.0000 1.0000 0.0000
vn 0.0000 1.0000 0.0000
vn 0.0000 1.0000 0.0000
vn 0.0000 1.0000 0.0000
vn 0.0000 1.0000 0.0000
vn 0.0000 1.0000 0.0000
vn 0.0000 1.0000 0.0000
vn 0.0000 1.0000 0.0000
vn 0.0000 1.0000 0.0000
vn 0.0000 1.0000 0.0000
vn 0.0000 1.0000 0.0000
vn 0.0000 1.0000 0.0000
vn 0.0000 1.0000 0.0000
vn 0.0000 1.0000 0.0000
vn 0.0000 1.0000 0.0000
vn 0.0000 1.0000 0.0000
vn 0.0000 1.0000 0.0000
vn 0.0000 1.0000 0.0000
vn 0.0000 1.0000 0.0000
vn 0.0000 1.0000 0.0000
vn 0.0000 1.0000 0.0000
vn 0.0000 1.0000 0.0000
vn 0.0000 1.0000 0.0000
vn 0.0000 1.0000 0.0000
vn 0.0000 1.0000 0.0000
vn 0.0000 1.0000 0.0000
vn 0.0000 1.0000 0.0000
vn 0.0000 1.0000 0.0000
vn 0.0000 1.0000 0.0000
vn 0.0000 1.0000 0.0000
vn 0.0000 1.0000 0.0000
vn 0.0000 1.0000 0.0000
vn 0.0000 1.0000 0.0000
vn 0.0000 1.0000 0.0000
vn 0.0000 1.0000 0.0000
vn 0.0000 1.0000 0.0000
vn 0.0000 1.0000 0.0000
vn 0.0000 1.0000 0.0000
vn 0.0000 1.0000 0.0000
vn 0.0000 1.0000 0.0000
vn 0.0000 1.0000 0.0000
vn 0.0000 1.0000 0.0000
vn 0.0000 1.0000 0.0000
vn 0.0000 1.0000 0.0000
vn 0.0000 1.0000 0.0000
vn 0.0000 1.0000 0.0000
vn 0.0000 1.0000 0.0000
vn 0.0000 1.0000 0.0000
vn 0.0000 1.0000 0.0000
vn 0.0000 1.0000 0.0000
vn 0.0000 1.0000 0.0000
vn 0.0000 1.0000 0.0000
vn 0.0000 1.0000 0.0000
vn 0.0000 1.0000 0.0000
vn 0.0000 1.0000 0.0000
vn 0.0000 1.0000 0.0000
vn 0.0000 1.0000 0.0000
vn 0.0000 1.0000 0.0000
vn 0.0000 1.0000 0.0000
vn 0.0000 1.0000 0.0000
vn 0.0000 1.0000 0.0000
vn 0.0000 1.0000 0.0000
vn 0.0000 1.0000 0.0000
vn 0.0000 1.0000 0.0000
vn 0.0000 1.0000 0.0000
vn 0.0000 1.0000 0.0000
vn 0.0000 1.0000 0.0000
vn 0.0000 1.0000 0.0000
vn 0.0000 1.0000 0.0000
vn 0.0000 1.0000 0.0000
vn 0.0000 1.0000 0.0000
vn 0.0000 1.0000 0.0000
vn 0.0000 1.0000 0.0000
vn 0.0000 1.0000 0.0000
vn 0.0000 1.0000 0.0000
vn 0.0000 1.0000 0.0000
vn 0.0000 1.0000 0.0000
vn 0.0000 1.0000 0.0000
vn 0.0000 1.0000 0.0000
vn 0.0000 1.0000 0.0000
vn 0.0000 1.0000 0.0000
vn 0.0000 1.0000 0.0000
vn 0.0000 1.0000 0.0000
vn 0.0000 1.0000 0.0000
vn 0.0000 1.0000 0.0000
vn 0.0000 1.0000 0.0000
vn 0.0000 1.0000 0.0000
vn 0.0000 1.0000 0.0000
vn 0.0000 1.0000 0.0000
vn 0.0000 1.0000 0.0000
vn 0.0000 1.0000 0.0000
vn 0.0000 1.0000 0.0000
vn 0.0000 1.0000 0.0000
vn 0.0000 1.0000 0.0000
vn 0.0000 1.0000 0.0000
vn 0.0000 1.0000 0.0000
vn 0.0000 1.0000 0.0000
vn 0.0000 1.0000 0.0000
vn 0.0000 1.0000 0.0000
vn 0.0000 1.0000 0.0000
vn 0.0000 1.0000 0.0000
vn 0.0000 1.0000 0.0000
vn 0.0000 1.0000 0.0000
vn 0.0000 1.0000 0.0000
vn 0.0000 1.0000 0.0000
vn 0.0000 1.0000 0.0000
vn 0.0000 1.0000 0.0000
vn 0.0000 1.0000 0.0000
vn 0.0000 1.0000 0.0000
vn 0.0000 1.0000 0.0000
vn 0.0000 1.0000 0.0000
vn 0.0000 1.0000 0.0000
vn 0.0000 1.0000 0.0000
vn 0.0000 1.0000 0.0000
vn 0.0000 1.0000 0.0000
vn 0.0000 1.0000 0.0000
vn 0.0000 1.0000 0.0000
vn 0.0000 1.0000 0.0000
vn 0.0000 1.0000 0.0000
vn 0.0000 1.0000 0.0000
vn 0.0000 1.0000 0.0000
vn 0.0000 1.0000 0.0000
vn 0.0000 1.0000 0.0000
vn 0.0000 1.0000 0.0000
vn 0.0000 1.0000 0.0000
vn 0.0000 1.0000 0.0000
vn 0.0000 1.0000 0.0000
vn 0.0000 1.0000 0.0000
vn 0.0000 1.0000 0.0000
vn 0.0000 1.0000 0.0000
vn 0.0000 1.0000 0.0000
vn 0.0000 1.0000 0.0000
vn 0.0000 1.0000 0.0000
vn 0.0000 1.0000 0.0000
vn 0.0000 1.0000 0.0000
vn 0.0000 1.0000 0.0000
vn 0.0000 1.0000 0.0000
vn 0.0000 1.0000 0.0000
vn 0.0000 1.0000 0.0000
vn 0.0000 1.0000 0.0000
vn 0.0000 1.0000 0.0000
vn 0.0000 1.0000 0.0000
vn 0.0000 1.0000 0.0000
vn 0.0000 1.0000 0.0000
vn 0.0000 1.0000 0.0000
vn 0.0000 1.0000 0.0000
vn 0.0000 1.0000 0.0000
vn 0.0000 1.0000 0.0000
vn 0.0000 1.0000 0.0000
vn 0.0000 1.0000 0.0000
vn 0.0000 1.0000 0.0000
vn 0.0000 1.0000 0.0000
vn 0.0000 1.0000 0.0000
vn 0.0000 1.0000 0.0000
vn 0.0000 1.0000 0.0000
vn 0.0000 1.0000 0.0000
vn 0.0000 1.0000 0.0000
vn 0.0000 1.0000 0.0000
vn 0.0000 1.0000 0.0000
vn 0.0000 1.0000 0.0000
vn 0.0000 1.0000 0.0000
vn 0.0000 1.0000 0.0000
vn 0.0000 1.0000 0.0000
vn 0.0000 1.0000 0.0000
vn 0.0000 1.0000 0.0000
vn 0.0000 1.0000 0.0000
vn 0.0000 1.0000 0.0000
vn 0.0000 1.0000 0.0000
vn 0.0000 1.0000 0.0000
vn 0.0000 1.0000 0.0000
vn 0.0000 1.0000 0.0000
vn 0.0000 1.0000 0.0000
vn 0.0000 1.0000 0.0000
vn 0.0000 1.0000 0.0000
vn 0.0000 1.0000 0.0000
vn 0.0000 1.0000 0.0000
vn 0.0000 1.0000 0.0000
vn 0.0000 1.0000 0.0000
vn 0.0000 1.0000 0.0000
vn 0.0000 1.0000 0.0000
vn 0.0000 1.0000 0.0000
vn 0.0000 1.0000 0.0000
vn 0.0000 1.0000 0.0000
vn 0.0000 1.0000 0.0000
vn 0.0000 1.0000 0.0000
vn 0.0000 1.0000 0.0000
vn 0.0000 1.0000 0.0000
vn 0.0000 1.0000 0.0000
vn 0.0000 1.0000 0.0000
vn 0.0000 1.0000 0.0000
vn 0.0000 1.0000 0.0000
vn 0.0000 1.0000 0.0000
vn 0.0000 1.0000 0.0000
vn 0.0000 1.0000 0.0000
vn 0.0000 1.0000 0.0000
vn 0.0000 1.0000 0.0000
vn 0.0000 1.0000 0.0000
vn 0.0000 1.0000 0.0000
vn 0.0000 1.0000 0.0000
vn 0.0000 1.0000 0.0000
vn 0.0000 1.0000 0.0000
vn 0.0000 1.0000 0.0000
vn 0.0000 1.0000 0.0000
vn 0.0000 1.0000 0.0000
vn 0.0000 1.0000 0.0000
vn 0.0000 1.0000 0.0000
vn 0.0000 1.0000 0.0000
vn 0.0000 1.0000 0.0000
vn 0.0000 1.0000 0.0000
vn 0.0000 1.0000 0.0000
vn 0.0000 1.0000 0.0000
vn 0.0000 1.0000 0.0000
vn 0.0000 1.0000 0.0000
vn 0.0000 1.0000 0.0000
vn 0.0000 1.0000 0.0000
vn 0.0000 1.0000 0.0000
vn 0.0000 1.0000 0.0000
vn 0.0000 1.0000 0.0000
vn 0.0000 1.0000 0.0000
vn 0.0000 1.0000 0.0000
vn 0.0000 1.0000 0.0000
vn 0.0000 1.0000 0.0000
vn 0.0000 1.0000 0.0000
vn 0.0000 1.0000 0.0000
vn 0.0000 1.0000 0.0000
vn 0.0000 1.0000 0.0000
vn 0.0000 1.0000 0.0000
vn 0.0000 1.0000 0.0000
vn 0.0000 1.0000 0.0000
vn 0.0000 1.0000 0.0000
vn 0.0000 1.0000 0.0000
vn 0.0000 1.0000 0.0000
vn 0.0000 1.0000 0.0000
vn 0.0000 1.0000 0.0000
vn 0.0000 1.0000 0.0000
vn 0.0000 1.0000 0.0000
vn 0.0000 1.0000 0.0000
vn 0.0000 1.0000 0.0000
vn 0.0000 1.0000 0.0000
vn 0.0000 1.0000 0.0000
vn 0.0000 1.0000 0.0000
vn 0.0000 1.0000 0.0000
vn 0.0000 1.0000 0.0000
vn 0.0000 1.0000 0.0000
vn 0.0000 1.0000 0.0000
vn 0.0000 1.0000 0.0000
vn 0.0000 1.0000 0.0000
vn 0.0000 1.0000 0.0000
vn 0.0000 1.0000 0.0000
vn 0.0000 1.0000 0.0000
vn 0.0000 1.0000 0.0000
vn 0.0000 1.0000 0.0000
vn 0.0000 1.0000 0.0000
vn 0.0000 1.0000 0.0000
vn 0.0000 1.0000 0.0000
vn 0.0000 1.0000 0.0000
vn 0.0000 1.0000 0.0000
vn 0.0000 1.0000 0.0000
vn 0.0000 1.0000 0.0000
vn 0.0000 1.0000 0.0000
vn 0.0000 1.0000 0.0000
vn 0.0000 1.0000 0.0000
vn 0.0000 1.0000 0.0000
vn 0.0000 1.0000 0.0000
vn 0.0000 1.0000 0.0000
vn 0.0000 1.0000 0.0000
vn 0.0000 1.0000 0.0000
vn 0.0000 1.0000 0.0000
vn 0.0000 1.0000 0.0000
vn 0.0000 1.0000 0.0000
vn 0.0000 1.0000 0.0000
vn 0.0000 1.0000 0.0000
vn 0.0000 1.0000 0.0000
vn 0.0000 1.0000 0.0000
vn 0.0000 1.0000 0.0000
vn 0.0000 1.0000 0.0000
vn 0.0000 1.0000 0.0000
vn 0.0000 1.0000 0.0000
vn 0.0000 1.0000 0.0000
vn 0.0000 1.0000 0.0000
vn 0.0000 1.0000 0.0000
vn 0.0000 1.0000 0.0000
vn 0.0000 1.0000 0.0000
vn 0.0000 1.0000 0.0000
vn 0.0000 1.0000 0.0000
vn 0.0000 1.0000 0.0000
vn 0.0000 1.0000 0.0000
vn 0.0000 1.0000 0.0000
vn 0.0000 1.0000 0.0000
vn 0.0000 1.0000 0.0000
vn 0.0000 1.0000 0.0000
vn 0.0000 1.0000 0.0000
vn 0.0000 1.0000 0.0000
vn 0.0000 1.0000 0.0000
vn 0.0000 1.0000 0.0000
vn 0.0000 1.0000 0.0000
vn 0.0000 1.0000 0.0000
vn 0.0000 1.0000 0.0000
vn 0.0000 1.0000 0.0000
vn 0.0000 1.0000 0.0000
vn 0.0000 1.0000 0.0000
vn 0.0000 1.0000 0.0000
vn 0.0000 1.0000 0.0000
vn 0.0000 1.0000 0.0000
vn 0.0000 1.0000 0.0000
vn 0.0000 1.0000 0.0000
vn 0.0000 1.0000 0.0000
vn 0.0000 1.0000 0.0000
vn 0.0000 1.0000 0.0000
vn 0.0000 1.0000 0.0000
vn 0.0000 1.0000 0.0000
vn 0.0000 1.0000 0.0000
vn 0.0000 1.0000 0.0000
vn 0.0000 1.0000 0.0000
vn 0.0000 1.0000 0.0000
vn 0.0000 1.0000 0.0000
vn 0.0000 1.0000 0.0000
vn 0.0000 1.0000 0.0000
vn 0.0000 1.0000 0.0000
vn 0.0000 1.0000 0.0000
vn 0.0000 1.0000 0.0000
vn 0.0000 1.0000 0.0000
vn 0.0000 1.0000 0.0000
vn 0.0000 1.0000 0.0000
vn 0.0000 1.0000 0.0000
vn 0.0000 1.0000 0.0000
vn 0.0000 1.0000 0.0000
vn 0.0000 1.0000 0.0000
vn 0.0000 1.0000 0.0000
vn 0.0000 1.0000 0.0000
vn 0.0000 1.0000 0.0000
vn 0.0000 1.0000 0.0000
vn 0.0000 1.0000 0.0000
vn 0.0000 1.0000 0.0000
vn 0.0000 1.0000 0.0000
vn 0.0000 1.0000 0.0000
vn 0.0000 1.0000 0.0000
vn 0.0000 1.0000 0.0000
vn 0.0000 1.0000 0.0000
vn 0.0000 1.0000 0.0000
vn 0.0000 1.0000 0.0000
vn 0.0000 1.0000 0.0000
vn 0.0000 1.0000 0.0000
vn 0.0000 1.0000 0.0000
vn 0.0000 1.0000 0.0000
vn 0.0000 1.0000 0.0000
vn 0.0000 1.0000 0.0000
vn 0.0000 1.0000 0.0000
vn 0.0000 1.0000 0.0000
vn 0.0000 1.0000 0.0000
vn 0.0000 1.0000 0.0000
vn 0.0000 1.0000 0.0000
vn 0.0000 1.0000 0.0000
vn 0.0000 1.0000 0.0000
vn 0.0000 1.0000 0.0000
vn 0.0000 1.0000 0.0000
vn 0.0000 1.0000 0.0000
vn 0.0000 1.0000 0.0000
vn 0.0000 1.0000 0.0000
vn 0.0000 1.0000 0.0000
vn 0.0000 1.0000 0.0000
vn 0.0000 1.0000 0.0000
vn 0.0000 1.0000 0.0000
vn 0.0000 1.0000 0.0000
vn 0.0000 1.0000 0.0000
vn 0.0000 1.0000 0.0000
vn 0.0000 1.0000 0.0000
vn 0.0000 1.0000 0.0000
vn 0.0000 1.0000 0.0000
vn 0.0000 1.0000 0.0000
vn 0.0000 1.0000 0.0000
vn 0.0000 1.0000 0.0000
vn 0.0000 1.0000 0.0000
vn 0.0000 1.0000 0.0000
vn 0.0000 1.0000 0.0000
vn 0.0000 1.0000 0.0000
vn 0.0000 1.0000 0.0000
vn 0.0000 1.0000 0.0000
vn 0.0000 1.0000 0.0000
vn 0.0000 1.0000 0.0000
vn 0.0000 1.0000 0.0000
vn 0.0000 1.0000 0.0000
vn 0.0000 1.0000 0.0000
vn 0.0000 1.0000 0.0000
vn 0.0000 1.0000 0.0000
vn 0.0000 1.0000 0.0000
vn 0.0000 1.0000 0.0000
vn 0.0000 1.0000 0.0000
vn 0.0000 1.0000 0.0000
vn 0.0000 1.0000 0.0000
vn 0.0000 1.0000 0.0000
vn 0.0000 1.0000 0.0000
vn 0.0000 1.0000 0.0000
vn 0.0000 1.0000 0.0000
vn 0.0000 1.0000 0.0000
vn 0.0000 1.0000 0.0000
vn 0.0000 1.0000 0.0000
vn 0.0000 1.0000 0.0000
vn 0.0000 1.0000 0.0000
vn 0.0000 1.0000 0.0000
vn 0.0000 1.0000 0.0000
vn 0.0000 1.0000 0.0000
vn 0.0000 1.0000 0.0000
vn 0.0000 1.0000 0.0000
vn 0.0000 1.0000 0.0000
vn 0.0000 1.0000 0.0000
vn 0.0000 1.0000 0.0000
vn 0.0000 1.0000 0.0000
vn 0.0000 1.0000 0.0000
vn 0.0000 1.0000 0.0000
vn 0.0000 1.0000 0.0000
vn 0.0000 1.0000 0.0000
vn 0.0000 1.0000 0.0000
vn 0.0000 1.0000 0.0000
vn 0.0000 1.0000 0.0000
vn 0.0000 1.0000 0.0000
vn 0.0000 1.0000 0.0000
vn 0.0000 1.0000 0.0000
vn 0.0000 1.0000 0.0000
vn 0.0000 1.0000 0.0000
vn 0.0000 1.0000 0.0000
vn 0.0000 1.0000 0.0000
vn 0.0000 1.0000 0.0000
vn 0.0000 1.0000 0.0000
vn 0.0000 1.0000 0.0000
vn 0.0000 1.0000 0.0000
vn 0.0000 1.0000 0.0000
vn 0.0000 1.0000 0.0000
vn 0.0000 1.0000 0.0000
vn 0.0000 1.0000 0.0000
vn 0.0000 1.0000 0.0000
vn 0.0000 1.0000 0.0000
vn 0.0000 1.0000 0.0000
vn 0.0000 1.0000 0.0000
vn 0.0000 1.0000 0.0000
vn 0.0000 1.0000 0.0000
vn 0.0000 1.0000 0.0000
vn 0.0000 1.0000 0.0000
vn 0.0000 1.0000 0.0000
vn 0.0000 1.0000 0.0000
vn 0.0000 1.0000 0.0000
vn 0.0000 1.0000 0.0000
vn 0.0000 1.0000 0.0000
vn 0.0000 1.0000 0.0000
vn 0.0000 1.0000 0.0000
vn 0.0000 1.0000 0.0000
vn 0.0000 1.0000 0.0000
vn 0.0000 1.0000 0.0000
vn 0.0000 1.0000 0.0000
vn 0.0000 1.0000 0.0000
vn 0.0000 1.0000 0.0000
vn 0.0000 1.0000 0.0000
vn 0.0000 1.0000 0.0000
vn 0.0000 1.0000 0.0000
vn 0.0000 1.0000 0.0000
vn 0.0000 1.0000 0.0000
vn 0.0000 1.0000 0.0000
vn 0.0000 1.0000 0.0000
vn 0.0000 1.0000 0.0000
vn 0.0000 1.0000 0.0000
vn 0.0000 1.0000 0.0000
vn 0.0000 1.0000 0.0000
vn 0.0000 1.0000 0.0000
vn 0.0000 1.0000 0.0000
vn 0.0000 1.0000 0.0000
vn 0.0000 1.0000 0.0000
vn 0.0000 1.0000 0.0000
vn 0.0000 1.0000 0.0000
vn 0.0000 1.0000 0.0000
vn 0.0000 1.0000 0.0000
vn 0.0000 1.0000 0.0000
vn 0.0000 1.0000 0.0000
vn 0.0000 1.0000 0.0000
vn 0.0000 1.0000 0.0000
vn 0.0000 1.0000 0.0000
vn 0.0000 1.0000 0.0000
vn 0.0000 1.0000 0.0000
vn 0.0000 1.0000 0.0000
vn 0.0000 1.0000 0.0000
vn 0.0000 1.0000 0.0000
vn 0.0000 1.0000 0.0000
vn 0.0000 1.0000 0.0000
vn 0.0000 1.0000 0.0000
vn 0.0000 1.0000 0.0000
vn 0.0000 1.0000 0.0000
vn 0.0000 1.0000 0.0000
vn 0.0000 1.0000 0.0000
vn 0.0000 1.0000 0.0000
vn 0.0000 1.0000 0.0000
vn 0.0000 1.0000 0.0000
vn 0.0000 1.0000 0.0000
vn 0.0000 1.0000 0.0000
vn 0.0000 1.0000 0.0000
vn 0.0000 1.0000 0.0000
vn 0.0000 1.0000 0.0000
vn 0.0000 1.0000 0.0000
vn 0.0000 1.0000 0.0000
vn 0.0000 1.0000 0.0000
vn 0.0000 1.0000 0.0000
vn 0.0000 1.0000 0.0000
vn 0.0000 1.0000 0.0000
vn 0.0000 1.0000 0.0000
vn 0.0000 1.0000 0.0000
vn 0.0000 1.0000 0.0000
vn 0.0000 1.0000 0.0000
vn 0.0000 1.0000 0.0000
vn 0.0000 1.0000 0.0000
vn 0.0000 1.0000 0.0000
vn 0.0000 1.0000 0.0000
vn 0.0000 1.0000 0.0000
vn 0.0000 1.0000 0.0000
vn 0.0000 1.0000 0.0000
vn 0.0000 1.0000 0.0000
vn 0.0000 1.0000 0.0000
vn 0.0000 1.0000 0.0000
vn 0.0000 1.0000 0.0000
vn 0.0000 1.0000 0.0000
vn 0.0000 1.0000 0.0000
vn 0.0000 1.0000 0.0000
vn 0.0000 1.0000 0.0000
vn 0.0000 1.0000 0.0000
vn 0.0000 1.0000 0.0000
vn 0.0000 1.0000 0.0000
vn 0.0000 1.0000 0.0000
vn 0.0000 1.0000 0.0000
vn 0.0000 1.0000 0.0000
vn 0.0000 1.0000 0.0000
vn 0.0000 1.0000 0.0000
vn 0.0000 1.0000 0.0000
vn 0.0000 1.0000 0.0000
vn 0.0000 1.0000 0.0000
vn 0.0000 1.0000 0.0000
vn 0.0000 1.0000 0.0000
vn 0.0000 1.0000 0.0000
vn 0.0000 1.0000 0.0000
vn 0.0000 1.0000 0.0000
vn 0.0000 1.0000 0.0000
vn 0.0000 1.0000 0.0000
vn 0.0000 1.0000 0.0000
vn 0.0000 1.0000 0.0000
vn 0.0000 1.0000 0.0000
vn 0.0000 1.0000 0.0000
vn 0.0000 1.0000 0.0000
vn 0.0000 1.0000 0.0000
vn 0.0000 1.0000 0.0000
vn 0.0000 1.0000 0.0000
vn 0.0000 1.0000 0.0000
vn 0.0000 1.0000 0.0000
vn 0.0000 1.0000 0.0000
vn 0.0000 1.0000 0.0000
vn 0.0000 1.0000 0.0000
vn 0.0000 1.0000 0.0000
vn 0.0000 1.0000 0.0000
vn 0.0000 1.0000 0.0000
vn 0.0000 1.0000 0.0000
vn 0.0000 1.0000 0.0000
vn 0.0000 1.0000 0.0000
vn 0.0000 1.0000 0.0000
vn 0.0000 1.0000 0.0000
vn 0.0000 1.0000 0.0000
vn 0.0000 1.0000 0.0000
vn 0.0000 1.0000 0.0000
vn 0.0000 1.0000 0.0000
vn 0.0000 1.0000 0.0000
vn 0.0000 1.0000 0.0000
vn 0.0000 1.0000 0.0000
vn 0.0000 1.0000 0.0000
vn 0.0000 1.0000 0.0000
vn 0.0000 1.0000 0.0000
vn 0.0000 1.0000 0.0000
vn 0.0000 1.0000 0.0000
vn 0.0000 1.0000 0.0000
vn 0.0000 1.0000 0.0000
vn 0.0000 1.0000 0.0000
vn 0.0000 1.0000 0.0000
vn 0.0000 1.0000 0.0000
vn 0.0000 1.0000 0.0000
vn 0.0000 1.0000 0.0000
vn 0.0000 1.0000 0.0000
vn 0.0000 1.0000 0.0000
vn 0.0000 1.0000 0.0000
vn 0.0000 1.0000 0.0000
vn 0.0000 1.0000 0.0000
vn 0.0000 1.0000 0.0000
vn 0.0000 1.0000 0.0000
vn 0.0000 1.0000 0.0000
vn 0.0000 1.0000 0.0000
vn 0.0000 1.0000 0.0000
vn 0.0000 1.0000 0.0000
vn 0.0000 1.0000 0.0000
vn 0.0000 1.0000 0.0000
vn 0.0000 1.0000 0.0000
vn 0.0000 1.0000 0.0000
vn 0.0000 1.0000 0.0000
vn 0.0000 1.0000 0.0000
vn 0.0000 1.0000 0.0000
vn 0.0000 1.0000 0.0000
vn 0.0000 1.0000 0.0000
vn 0.0000 1.0000 0.0000
vn 0.0000 1.0000 0.0000
vn 0.0000 1.0000 0.0000
vn 0.0000 1.0000 0.0000
vn 0.0000 1.0000 0.0000
vn 0.0000 1.0000 0.0000
vn 0.0000 1.0000 0.0000
vn 0.0000 1.0000 0.0000
vn 0.0000 1.0000 0.0000
vn 0.0000 1.0000 0.0000
vn 0.0000 1.0000 0.0000
vn 0.0000 1.0000 0.0000
vn 0.0000 1.0000 0.0000
vn 0.0000 1.0000 0.0000
vn 0.0000 1.0000 0.0000
vn 0.0000 1.0000 0.0000
vn 0.0000 1.0000 0.0000
vn 0.0000 1.0000 0.0000
vn 0.0000 1.0000 0.0000
vn 0.0000 1.0000 0.0000
vn 0.0000 1.0000 0.0000
vn 0.0000 1.0000 0.0000
vn 0.0000 1.0000 0.0000
vn 0.0000 1.0000 0.0000
vn 0.0000 1.0000 0.0000
vn 0.0000 1.0000 0.0000
vn 0.0000 1.0000 0.0000
vn 0.0000 1.0000 0.0000
vn 0.0000 1.0000 0.0000
vn 0.0000 1.0000 0.0000
vn 0.0000 1.0000 0.0000
vn 0.0000 1.0000 0.0000
vn 0.0000 1.0000 0.0000
vn 0.0000 1.0000 0.0000
vn 0.0000 1.0000 0.0000
vn 0.0000 1.0000 0.0000
vn 0.0000 1.0000 0.0000
vn 0.0000 1.0000 0.0000
vn 0.0000 1.0000 0.0000
vn 0.0000 1.0000 0.0000
vn 0.0000 1.0000 0.0000
vn 0.0000 1.0000 0.0000
vn 0.0000 1.0000 0.0000
vn 0.0000 1.0000 0.0000
vn 0.0000 1.0000 0.0000
vn 0.0000 1.0000 0.0000
vn 0.0000 1.0000 0.0000
vn 0.0000 1.0000 0.0000
vn 0.0000 1.0000 0.0000
vn 0.0000 1.0000 0.0000
vn 0.0000 1.0000 0.0000
vn 0.0000 1.0000 0.0000
vn 0.0000 1.0000 0.0000
vn 0.0000 1.0000 0.0000
vn 0.0000 1.0000 0.0000
vn 0.0000 1.0000 0.0000
vn 0.0000 1.0000 0.0000
vn 0.0000 1.0000 0.0000
vn 0.0000 1.0000 0.0000
vn 0.0000 1.0000 0.0000
vn 0.0000 1.0000 0.0000
vn 0.0000 1.0000 0.0000
vn 0.0000 1.0000 0.0000
vn 0.0000 1.0000 0.0000
vn 0.0000 1.0000 0.0000
vn 0.0000 1.0000 0.0000
vn 0.0000 1.0000 0.0000
vn 0.0000 1.0000 0.0000
vn 0.0000 1.0000 0.0000
vn 0.0000 1.0000 0.0000
vn 0.0000 1.0000 0.0000
vn 0.0000 1.0000 0.0000
vn 0.0000 1.0000 0.0000
vn 0.0000 1.0000 0.0000
vn 0.0000 1.0000 0.0000
vn 0.0000 1.0000 0.0000
vn 0.0000 1.0000 0.0000
vn 0.0000 1.0000 0.0000
vn 0.0000 1.0000 0.0000
vn 0.0000 1.0000 0.0000
vn 0.0000 1.0000 0.0000
vn 0.0000 1.0000 0.0000
vn 0.0000 1.0000 0.0000
vn 0.0000 1.0000 0.0000
vn 0.0000 1.0000 0.0000
vn 0.0000 1.0000 0.0000
vn 0.0000 1.0000 0.0000
vn 0.0000 1.0000 0.0000
vn 0.0000 1.0000 0.0000
vn 0.0000 1.0000 0.0000
vn 0.0000 1.0000 0.0000
vn 0.0000 1.0000 0.0000
vn 0.0000 1.0000 0.0000
vn 0.0000 1.0000 0.0000
vn 0.0000 1.0000 0.0000
vn 0.0000 1.0000 0.0000
vn 0.0000 1.0000 0.0000
vn 0.0000 1.0000 0.0000
vn 0.0000 1.0000 0.0000
vn 0.0000 1.0000 0.0000
vn 0.0000 1.0000 0.0000
vn 0.0000 1.0000 0.0000
vn 0.0000 1.0000 0.0000
vn 0.0000 1.0000 0.0000
vn 0.0000 1.0000 0.0000
vn 0.0000 1.0000 0.0000
vn 0.0000 1.0000 0.0000
vn 0.0000 1.0000 0.0000
vn 0.0000 1.0000 0.0000
vn 0.0000 1.0000 0.0000
vn 0.0000 1.0000 0.0000
vn 0.0000 1.0000 0.0000
vn 0.0000 1.0000 0.0000
vn 0.0000 1.0000 0.0000
vn 0.0000 1.0000 0.0000
vn 0.0000 1.0000 0.0000
vn 0.0000 1.0000 0.0000
vn 0.0000 1.0000 0.0000
vn 0.0000 1.0000 0.0000
vn 0.0000 1.0000 0.0000
vn 0.0000 1.0000 0.0000
vn 0.0000 1.0000 0.0000
vn 0.0000 1.0000 0.0000
vn 0.0000 1.0000 0.0000
vn 0.0000 1.0000 0.0000
vn 0.0000 1.0000 0.0000
vn 0.0000 1.0000 0.0000
vn 0.0000 1.0000 0.0000
vn 0.0000 1.0000 0.0000
vn 0.0000 1.0000 0.0000
vn 0.0000 1.0000 0.0000
vn 0.0000 1.0000 0.0000
vn 0.0000 1.0000 0.0000
vn 0.0000 1.0000 0.0000
vn 0.0000 1.0000 0.0000
vn 0.0000 1.0000 0.0000
vn 0.0000 1.0000 0.0000
vn 0.0000 1.0000 0.0000
vn 0.0000 1.0000 0.0000
vn 0.0000 1.0000 0.0000
vn 0.0000 1.0000 0.0000
vn 0.0000 1.0000 0.0000
vn 0.0000 1.0000 0.0000
vn 0.0000 1.0000 0.0000
vn 0.0000 1.0000 0.0000
vn 0.0000 1.0000 0.0000
vn 0.0000 1.0000 0.0000
vn 0.0000 1.0000 0.0000
vn 0.0000 1.0000 0.0000
vn 0.0000 1.0000 0.0000
vn 0.0000 1.0000 0.0000
vn 0.0000 1.0000 0.0000
vn 0.0000 1.0000 0.0000
vn 0.0000 1.0000 0.0000
vn 0.0000 1.0000 0.0000
vn 0.0000 1.0000 0.0000
vn 0.0000 1.0000 0.0000
vn 0.0000 1.0000 0.0000
vn 0.0000 1.0000 0.0000
vn 0.0000 1.0000 0.0000
vn 0.0000 1.0000 0.0000
vn 0.0000 1.0000 0.0000
vn 0.0000 1.0000 0.0000
vn 0.0000 1.0000 0.0000
vn 0.0000 1.0000 0.0000
vn 0.0000 1.0000 0.0000
vn 0.0000 1.0000 0.0000
vn 0.0000 1.0000 0.0000
vn 0.0000 1.0000 0.0000
vn 0.0000 1.0000 0.0000
vn 0.0000 1.0000 0.0000
vn 0.0000 1.0000 0.0000
vn 0.0000 1.0000 0.0000
vn 0.0000 1.0000 0.0000
vn 0.0000 1.0000 0.0000
vn 0.0000 1.0000 0.0000
vn 0.0000 1.0000 0.0000
vn 0.0000 1.0000 0.0000
vn 0.0000 1.0000 0.0000
vn 0.0000 1.0000 0.0000
vn 0.0000 1.0000 0.0000
vn 0.0000 1.0000 0.0000
vn 0.0000 1.0000 0.0000
vn 0.0000 1.0000 0.0000
vn 0.0000 1.0000 0.0000
vn 0.0000 1.0000 0.0000
vn 0.0000 1.0000 0.0000
vn 0.0000 1.0000 0.0000
vn 0.0000 1.0000 0.0000
vn 0.0000 1.0000 0.0000
vn 0.0000 1.0000 0.0000
vn 0.0000 1.0000 0.0000
vn 0.0000 1.0000 0.0000
vn 0.0000 1.0000 0.0000
vn 0.0000 1.0000 0.0000
vn 0.0000 1.0000 0.0000
vn 0.0000 1.0000 0.0000
vn 0.0000 1.0000 0.0000
vn 0.0000 1.0000 0.0000
vn 0.0000 1.0000 0.0000
vn 0.0000 1.0000 0.0000
vn 0.0000 1.0000 0.0000
vn 0.0000 1.0000 0.0000
vn 0.0000 1.0000 0.0000
vn 0.0000 1.0000 0.0000
vn 0.0000 1.0000 0.0000
vn 0.0000 1.0000 0.0000
vn 0.0000 1.0000 0.0000
vn 0.0000 1.0000 0.0000
vn 0.0000 1.0000 0.0000
vn 0.0000 1.0000 0.0000
vn 0.0000 1.0000 0.0000
vn 0.0000 1.0000 0.0000
vn 0.0000 1.0000 0.0000
vn 0.0000 1.0000 0.0000
vn 0.0000 1.0000 0.0000
vn 0.0000 1.0000 0.0000
vn 0.0000 1.0000 0.0000
vn 0.0000 1.0000 0.0000
vn 0.0000 1.0000 0.0000
vn 0.0000 1.0000 0.0000
vn 0.0000 1.0000 0.0000
vn 0.0000 1.0000 0.0000
vn 0.0000 1.0000 0.0000
vn 0.0000 1.0000 0.0000
vn 0.0000 1.0000 0.0000
vn 0.0000 1.0000 0.0000
vn 0.0000 1.0000 0.0000
vn 0.0000 1.0000 0.0000
vn 0.0000 1.0000 0.0000
vn 0.0000 1.0000 0.0000
vn 0.0000 1.0000 0.0000
vn 0.0000 1.0000 0.0000
vn 0.0000 1.0000 0.0000
vn 0.0000 1.0000 0.0000
vn 0.0000 1.0000 0.0000
vn 0.0000 1.0000 0.0000
vn 0.0000 1.0000 0.0000
vn 0.0000 1.0000 0.0000
vn 0.0000 1.0000 0.0000
vn 0.0000 1.0000 0.0000
vn 0.0000 1.0000 0.0000
vn 0.0000 1.0000 0.0000
vn 0.0000 1.0000 0.0000
vn 0.0000 1.0000 0.0000
vn 0.0000 1.0000 0.0000
vn 0.0000 1.0000 0.0000
vn 0.0000 1.0000 0.0000
vn 0.0000 1.0000 0.0000
vn 0.0000 1.0000 0.0000
vn 0.0000 1.0000 0.0000
vn 0.0000 1.0000 0.0000
vn 0.0000 1.0000 0.0000
vn 0.0000 1.0000 0.0000
vn 0.0000 1.0000 0.0000
vn 0.0000 1.0000 0.0000
vn 0.0000 1.0000 0.0000
vn 0.0000 1.0000 0.0000
vn 0.0000 1.0000 0.0000
vn 0.0000 1.0000 0.0000
vn 0.0000 1.0000 0.0000
vn 0.0000 1.0000 0.0000
vn 0.0000 1.0000 0.0000
vn 0.0000 1.0000 0.0000
vn 0.0000 1.0000 0.0000
vn 0.0000 1.0000 0.0000
vn 0.0000 1.0000 0.0000
vn 0.0000 1.0000 0.0000
vn 0.0000 1.0000 0.0000
vn 0.0000 1.0000 0.0000
vn 0.0000 1.0000 0.0000
vn 0.0000 1.0000 0.0000
vn 0.0000 1.0000 0.0000
vn 0.0000 1.0000 0.0000
vn 0.0000 1.0000 0.0000
vn 0.0000 1.0000 0.0000
vn 0.0000 1.0000 0.0000
vn 0.0000 1.0000 0.0000
vn 0.0000 1.0000 0.0000
vn 0.0000 1.0000 0.0000
vn 0.0000 1.0000 0.0000
vn 0.0000 1.0000 0.0000
vn 0.0000 1.0000 0.0000
vn 0.0000 1.0000 0.0000
vn 0.0000 1.0000 0.0000
vn 0.0000 1.0000 0.0000
vn 0.0000 1.0000 0.0000
vn 0.0000 1.0000 0.0000
vn 0.0000 1.0000 0.0000
vn 0.0000 1.0000 0.0000
vn 0.0000 1.0000 0.0000
vn 0.0000 1.0000 0.0000
vn 0.0000 1.0000 0.0000
vn 0.0000 1.0000 0.0000
vn 0.0000 1.0000 0.0000
vn 0.0000 1.0000 0.0000
vn 0.0000 1.0000 0.0000
vn 0.0000 1.0000 0.0000
vn 0.0000 1.0000 0.0000
vn 0.0000 1.0000 0.0000
vn 0.0000 1.0000 0.0000
vn 0.0000 1.0000 0.0000
vn 0.0000 1.0000 0.0000
vn 0.0000 1.0000 0.0000
vn 0.0000 1.0000 0.0000
vn 0.0000 1.0000 0.0000
vn 0.0000 1.0000 0.0000
vn 0.0000 1.0000 0.0000
vn 0.0000 1.0000 0.0000
vn 0.0000 1.0000 0.0000
vn 0.0000 1.0000 0.0000
vn 0.0000 1.0000 0.0000
vn 0.0000 1.0000 0.0000
vn 0.0000 1.0000 0.0000
vn 0.0000 1.0000 0.0000
vn 0.0000 1.0000 0.0000
vn 0.0000 1.0000 0.0000
vn 0.0000 1.0000 0.0000
vn 0.0000 1.0000 0.0000
vn 0.0000 1.0000 0.0000
vn 0.0000 1.0000 0.0000
vn 0.0000 1.0000 0.0000
vn 0.0000 1.0000 0.0000
vn 0.0000 1.0000 0.0000
vn 0.0000 1.0000 0.0000
vn 0.0000 1.0000 0.0000
vn 0.0000 1.0000 0.0000
vn 0.0000 1.0000 0.0000
vn 0.0000 1.0000 0.0000
vn 0.0000 1.0000 0.0000
vn 0.0000 1.0000 0.0000
vn 0.0000 1.0000 0.0000
vn 0.0000 1.0000 0.0000
vn 0.0000 1.0000 0.0000
vn 0.0000 1.0000 0.0000
vn 0.0000 1.0000 0.0000
vn 0.0000 1.0000 0.0000
vn 0.0000 1.0000 0.0000
vn 0.0000 1.0000 0.0000
vn 0.0000 1.0000 0.0000
vn 0.0000 1.0000 0.0000
vn 0.0000 1.0000 0.0000
vn 0.0000 1.0000 0.0000
vn 0.0000 1.0000 0.0000
vn 0.0000 1.0000 0.0000
vn 0.0000 1.0000 0.0000
vn 0.0000 1.0000 0.0000
vn 0.0000 1.0000 0.0000
vn 0.0000 1.0000 0.0000
vn 0.0000 1.0000 0.0000
vn 0.0000 1.0000 0.0000
vn 0.0000 1.0000 0.0000
vn 0.0000 1.0000 0.0000
vn 0.0000 1.0000 0.0000
vn 0.0000 1.0000 0.0000
vn 0.0000 1.0000 0.0000
vn 0.0000 1.0000 0.0000
vn 0.0000 1.0000 0.0000
vn 0.0000 1.0000 0.0000
vn 0.0000 1.0000 0.0000
vn 0.0000 1.0000 0.0000
vn 0.0000 1.0000 0.0000
vn 0.0000 1.0000 0.0000
vn 0.0000 1.0000 0.0000
vn 0.0000 1.0000 0.0000
vn 0.0000 1.0000 0.0000
vn 0.0000 1.0000 0.0000
vn 0.0000 1.0000 0.0000
vn 0.0000 1.0000 0.0000
vn 0.0000 1.0000 0.0000
vn 0.0000 1.0000 0.0000
vn 0.0000 1.0000 0.0000
vn 0.0000 1.0000 0.0000
vn 0.0000 1.0000 0.0000
vn 0.0000 1.0000 0.0000
vn 0.0000 1.0000 0.0000
vn 0.0000 1.0000 0.0000
vn 0.0000 1.0000 0.0000
vn 0.0000 1.0000 0.0000
vn 0.0000 1.0000 0.0000
vn 0.0000 1.0000 0.0000
vn 0.0000 1.0000 0.0000
vn 0.0000 1.0000 0.0000
vn 0.0000 1.0000 0.0000
vn 0.0000 1.0000 0.0000
vn 0.0000 1.0000 0.0000
vn 0.0000 1.0000 0.0000
vn 0.0000 1.0000 0.0000
vn 0.0000 1.0000 0.0000
vn 0.0000 1.0000 0.0000
vn 0.0000 1.0000 0.0000
vn 0.0000 1.0000 0.0000
vn 0.0000 1.0000 0.0000
vn 0.0000 1.0000 0.0000
vn 0.0000 1.0000 0.0000
vn 0.0000 1.0000 0.0000
vn 0.0000 1.0000 0.0000
vn 0.0000 1.0000 0.0000
vn 0.0000 1.0000 0.0000
vn 0.0000 1.0000 0.0000
vn 0.0000 1.0000 0.0000
vn 0.0000 1.0000 0.0000
vn 0.0000 1.0000 0.0000
vn 0.0000 1.0000 0.0000
vn 0.0000 1.0000 0.0000
vn 0.0000 1.0000 0.0000
vn 0.0000 1.0000 0.0000
vn 0.0000 1.0000 0.0000
vn 0.0000 1.0000 0.0000
vn 0.0000 1.0000 0.0000
vn 0.0000 1.0000 0.0000
vn 0.0000 1.0000 0.0000
vn 0.0000 1.0000 0.0000
vn 0.0000 1.0000 0.0000
vn 0.0000 1.0000 0.0000
vn 0.0000 1.0000 0.0000
vn 0.0000 1.0000 0.0000
vn 0.0000 1.0000 0.0000
vn 0.0000 1.0000 0.0000
vn 0.0000 1.0000 0.0000
vn 0.0000 1.0000 0.0000
vn 0.0000 1.0000 0.0000
vn 0.0000 1.0000 0.0000
vn 0.0000 1.0000 0.0000
vn 0.0000 1.0000 0.0000
vn 0.0000 1.0000 0.0000
vn 0.0000 1.0000 0.0000
vn 0.0000 1.0000 0.0000
vn 0.0000 1.0000 0.0000
vn 0.0000 1.0000 0.0000
vn 0.0000 1.0000 0.0000
vn 0.0000 1.0000 0.0000
vn 0.0000 1.0000 0.0000
vn 0.0000 1.0000 0.0000
vn 0.0000 1.0000 0.0000
vn 0.0000 1.0000 0.0000
vn 0.0000 1.0000 0.0000
vn 0.0000 1.0000 0.0000
vn 0.0000 1.0000 0.0000
vn 0.0000 1.0000 0.0000
vn 0.0000 1.0000 0.0000
vn 0.0000 1.0000 0.0000
vn 0.0000 1.0000 0.0000
vn 0.0000 1.0000 0.0000
vn 0.0000 1.0000 0.0000
vn 0.0000 1.0000 0.0000
vn 0.0000 1.0000 0.0000
vn 0.0000 1.0000 0.0000
vn 0.0000 1.0000 0.0000
vn 0.0000 1.0000 0.0000
vn 0.0000 1.0000 0.0000
vn 0.0000 1.0000 0.0000
vn 0.0000 1.0000 0.0000
vn 0.0000 1.0000 0.0000
vn 0.0000 1.0000 0.0000
vn 0.0000 1.0000 0.0000
vn 0.0000 1.0000 0.0000
vn 0.0000 1.0000 0.0000
vn 0.0000 1.0000 0.0000
vn 0.0000 1.0000 0.0000
vn 0.0000 1.0000 0.0000
vn 0.0000 1.0000 0.0000
vn 0.0000 1.0000 0.0000
vn 0.0000 1.0000 0.0000
vn 0.0000 1.0000 0.0000
vn 0.0000 1.0000 0.0000
vn 0.0000 1.0000 0.0000
vn 0.0000 1.0000 0.0000
vn 0.0000 1.0000 0.0000
vn 0.0000 1.0000 0.0000
vn 0.0000 1.0000 0.0000
vn 0.0000 1.0000 0.0000
vn 0.0000 1.0000 0.0000
vn 0.0000 1.0000 0.0000
vn 0.0000 1.0000 0.0000
vn 0.0000 1.0000 0.0000
vn 0.0000 1.0000 0.0000
vn 0.0000 1.0000 0.0000
vn 0.0000 1.0000 0.0000
vn 0.0000 1.0000 0.0000
vn 0.0000 1.0000 0.0000
vn 0.0000 1.0000 0.0000
vn 0.0000 1.0000 0.0000
vn 0.0000 1.0000 0.0000
vn 0.0000 1.0000 0.0000
vn 0.0000 1.0000 0.0000
vn 0.0000 1.0000 0.0000
vn 0.0000 1.0000 0.0000
vn 0.0000 1.0000 0.0000
vn 0.0000 1.0000 0.0000
vn 0.0000 1.0000 0.0000
vn 0.0000 1.0000 0.0000
vn 0.0000 1.0000 0.0000
vn 0.0000 1.0000 0.0000
vn 0.0000 1.0000 0.0000
vn 0.0000 1.0000 0.0000
vn 0.0000 1.0000 0.0000
vn 0.0000 1.0000 0.0000
vn 0.0000 1.0000 0.0000
vn 0.0000 1.0000 0.0000
vn 0.0000 1.0000 0.0000
vn 0.0000 1.0000 0.0000
vn 0.0000 1.0000 0.0000
vn 0.0000 1.0000 0.0000
vn 0.0000 1.0000 0.0000
vn 0.0000 1.0000 0.0000
vn 0.0000 1.0000 0.0000
vn 0.0000 1.0000 0.0000
vn 0.0000 1.0000 0.0000
vn 0.0000 1.0000 0.0000
vn 0.0000 1.0000 0.0000
vn 0.0000 1.0000 0.0000
vn 0.0000 1.0000 0.0000
vn 0.0000 1.0000 0.0000
vn 0.0000 1.0000 0.0000
vn 0.0000 1.0000 0.0000
vn 0.0000 1.0000 0.0000
vn 0.0000 1.0000 0.0000
vn 0.0000 1.0000 0.0000
vn 0.0000 1.0000 0.0000
vn 0.0000 1.0000 0.0000
vn 0.0000 1.0000 0.0000
vn 0.0000 1.0000 0.0000
vn 0.0000 1.0000 0.0000
vn 0.0000 1.0000 0.0000
vn 0.0000 1.0000 0.0000
vn 0.0000 1.0000 0.0000
vn 0.0000 1.0000 0.0000
vn 0.0000 1.0000 0.0000
vn 0.0000 1.0000 0.0000
vn 0.0000 1.0000 0.0000
vn 0.0000 1.0000 0.0000
vn 0.0000 1.0000 0.0000
vn 0.0000 1.0000 0.0000
vn 0.0000 1.0000 0.0000
vn 0.0000 1.0000 0.0000
vn 0.0000 1.0000 0.0000
vn 0.0000 1.0000 0.0000
vn 0.0000 1.0000 0.0000
vn 0.0000 1.0000 0.0000
vn 0.0000 1.0000 0.0000
vn 0.0000 1.0000 0.0000
vn 0.0000 1.0000 0.0000
vn 0.0000 1.0000 0.0000
vn 0.0000 1.0000 0.0000
vn 0.0000 1.0000 0.0000
vn 0.0000 1.0000 0.0000
vn 0.0000 1.0000 0.0000
vn 0.0000 1.0000 0.0000
vn 0.0000 1.0000 0.0000
vn 0.0000 1.0000 0.0000
vn 0.0000 1.0000 0.0000
vn 0.0000 1.0000 0.0000
vn 0.0000 1.0000 0.0000
vn 0.0000 1.0000 0.0000
vn 0.0000 1.0000 0.0000
vn 0.0000 1.0000 0.0000
vn 0.0000 1.0000 0.0000
vn 0.0000 1.0000 0.0000
vn 0.0000 1.0000 0.0000
vn 0.0000 1.0000 0.0000
vn 0.0000 1.0000 0.0000
vn 0.0000 1.0000 0.0000
vn 0.0000 1.0000 0.0000
vn 0.0000 1.0000 0.0000
vn 0.0000 1.0000 0.0000
vn 0.0000 1.0000 0.0000
vn 0.0000 1.0000 0.0000
vn 0.0000 1.0000 0.0000
vn 0.0000 1.0000 0.0000
vn 0.0000 1.0000 0.0000
vn 0.0000 1.0000 0.0000
vn 0.0000 1.0000 0.0000
vn 0.0000 1.0000 0.0000
vn 0.0000 1.0000 0.0000
vn 0.0000 1.0000 0.0000
vn 0.0000 1.0000 0.0000
vn 0.0000 1.0000 0.0000
vn 0.0000 1.0000 0.0000
vn 0.0000 1.0000 0.0000
vn 0.0000 1.0000 0.0000
vn 0.0000 1.0000 0.0000
vn 0.0000 1.0000 0.0000
vn 0.0000 1.0000 0.0000
vn 0.0000 1.0000 0.0000
vn 0.0000 1.0000 0.0000
vn 0.0000 1.0000 0.0000
vn 0.0000 1.0000 0.0000
vn 0.0000 1.0000 0.0000
vn 0.0000 1.0000 0.0000
vn 0.0000 1.0000 0.0000
vn 0.0000 1.0000 0.0000
vn 0.0000 1.0000 0.0000
vn 0.0000 1.0000 0.0000
vn 0.0000 1.0000 0.0000
vn 0.0000 1.0000 0.0000
vn 0.0000 1.0000 0.0000
vn 0.0000 1.0000 0.0000
vn 0.0000 1.0000 0.0000
vn 0.0000 1.0000 0.0000
vn 0.0000 1.0000 0.0000
vn 0.0000 1.0000 0.0000
vn 0.0000 1.0000 0.0000
vn 0.0000 1.0000 0.0000
vn 0.0000 1.0000 0.0000
vn 0.0000 1.0000 0.0000
vn 0.0000 1.0000 0.0000
vn 0.0000 1.0000 0.0000
vn 0.0000 1.0000 0.0000
vn 0.0000 1.0000 0.0000
vn 0.0000 1.0000 0.0000
vn 0.0000 1.0000 0.0000
vn 0.0000 1.0000 0.0000
vn 0.0000 1.0000 0.0000
vn 0.0000 1.0000 0.0000
vn 0.0000 1.0000 0.0000
vn 0.0000 1.0000 0.0000
vn 0.0000 1.0000 0.0000
vn 0.0000 1.0000 0.0000
vn 0.0000 1.0000 0.0000
vn 0.0000 1.0000 0.0000
vn 0.0000 1.0000 0.0000
vn 0.0000 1.0000 0.0000
vn 0.0000 1.0000 0.0000
vn 0.0000 1.0000 0.0000
vn 0.0000 1.0000 0.0000
vn 0.0000 1.0000 0.0000
vn 0.0000 1.0000 0.0000
vn 0.0000 1.0000 0.0000
vn 0.0000 1.0000 0.0000
vn 0.0000 1.0000 0.0000
vn 0.0000 1.0000 0.0000
vn 0.0000 1.0000 0.0000
vn 0.0000 1.0000 0.0000
vn 0.0000 1.0000 0.0000
vn 0.0000 1.0000 0.0000
vn 0.0000 1.0000 0.0000
vn 0.0000 1.0000 0.0000
vn 0.0000 1.0000 0.0000
vn 0.0000 1.0000 0.0000
vn 0.0000 1.0000 0.0000
vn 0.0000 1.0000 0.0000
vn 0.0000 1.0000 0.0000
vn 0.0000 1.0000 0.0000
vn 0.0000 1.0000 0.0000
vn 0.0000 1.0000 0.0000
vn 0.0000 1.0000 0.0000
vn 0.0000 1.0000 0.0000
vn 0.0000 1.0000 0.0000
vn 0.0000 1.0000 0.0000
vn 0.0000 1.0000 0.0000
vn 0.0000 1.0000 0.0000
vn 0.0000 1.0000 0.0000
vn 0.0000 1.0000 0.0000
vn 0.0000 1.0000 0.0000
vn 0.0000 1.0000 0.0000
vn 0.0000 1.0000 0.0000
vn 0.0000 1.0000 0.0000
vn 0.0000 1.0000 0.0000
vn 0.0000 1.0000 0.0000
vn 0.0000 1.0000 0.0000
vn 0.0000 1.0000 0.0000
vn 0.0000 1.0000 0.0000
vn 0.0000 1.0000 0.0000
vn 0.0000 1.0000 0.0000
vn 0.0000 1.0000 0.0000
vn 0.0000 1.0000 0.0000
vn 0.0000 1.0000 0.0000
vn 0.0000 1.0000 0.0000
vn 0.0000 1.0000 0.0000
vn 0.0000 1.0000 0.0000
vn 0.0000 1.0000 0.0000
vn 0.0000 1.0000 0.0000
vn 0.0000 1.0000 0.0000
vn 0.0000 1.0000 0.0000
vn 0.0000 1.0000 0.0000
vn 0.0000 1.0000 0.0000
vn 0.0000 1.0000 0.0000
vn 0.0000 1.0000 0.0000
vn 0.0000 1.0000 0.0000
vn 0.0000 1.0000 0.0000
vn 0.0000 1.0000 0.0000
vn 0.0000 1.0000 0.0000
vn 0.0000 1.0000 0.0000
vn 0.0000 1.0000 0.0000
vn 0.0000 1.0000 0.0000
vn 0.0000 1.0000 0.0000
vn 0.0000 1.0000 0.0000
vn 0.0000 1.0000 0.0000
vn 0.0000 1.0000 0.0000
vn 0.0000 1.0000 0.0000
vn 0.0000 1.0000 0.0000
vn 0.0000 1.0000 0.0000
vn 0.0000 1.0000 0.0000
vn 0.0000 1.0000 0.0000
vn 0.0000 1.0000 0.0000
vn 0.0000 1.0000 0.0000
vn 0.0000 1.0000 0.0000
vn 0.0000 1.0000 0.0000
vn 0.0000 1.0000 0.0000
vn 0.0000 1.0000 0.0000
vn 0.0000 1.0000 0.0000
vn 0.0000 1.0000 0.0000
vn 0.0000 1.0000 0.0000
vn 0.0000 1.0000 0.0000
vn 0.0000 1.0000 0.0000
vn 0.0000 1.0000 0.0000
vn 0.0000 1.0000 0.0000
vn 0.0000 1.0000 0.0000
vn 0.0000 1.0000 0.0000
vn 0.0000 1.0000 0.0000
vn 0.0000 1.0000 0.0000
vn 0.0000 1.0000 0.0000
vn 0.0000 1.0000 0.0000
vn 0.0000 1.0000 0.0000
vn 0.0000 1.0000 0.0000
vn 0.0000 1.0000 0.0000
vn 0.0000 1.0000 0.0000
vn 0.0000 1.0000 0.0000
vn 0.0000 1.0000 0.0000
vn 0.0000 1.0000 0.0000
vn 0.0000 1.0000 0.0000
vn 0.0000 1.0000 0.0000
vn 0.0000 1.0000 0.0000
vn 0.0000 1.0000 0.0000
vn 0.0000 1.0000 0.0000
vn 0.0000 1.0000 0.0000
vn 0.0000 1.0000 0.0000
vn 0.0000 1.0000 0.0000
vn 0.0000 1.0000 0.0000
vn 0.0000 1.0000 0.0000
vn 0.0000 1.0000 0.0000
vn 0.0000 1.0000 0.0000
vn 0.0000 1.0000 0.0000
vn 0.0000 1.0000 0.0000
vn 0.0000 1.0000 0.0000
vn 0.0000 1.0000 0.0000
vn 0.0000 1.0000 0.0000
vn 0.0000 1.0000 0.0000
vn 0.0000 1.0000 0.0000
vn 0.0000 1.0000 0.0000
vn 0.0000 1.0000 0.0000
vn 0.0000 1.0000 0.0000
vn 0.0000 1.0000 0.0000
vn 0.0000 1.0000 0.0000
vn 0.0000 1.0000 0.0000
vn 0.0000 1.0000 0.0000
vn 0.0000 1.0000 0.0000
vn 0.0000 1.0000 0.0000
vn 0.0000 1.0000 0.0000
vn 0.0000 1.0000 0.0000
vn 0.0000 1.0000 0.0000
vn 0.0000 1.0000 0.0000
vn 0.0000 1.0000 0.0000
vn 0.0000 1.0000 0.0000
vn 0.0000 1.0000 0.0000
vn 0.0000 1.0000 0.0000
vn 0.0000 1.0000 0.0000
vn 0.0000 1.0000 0.0000
vn 0.0000 1.0000 0.0000
vn 0.0000 1.0000 0.0000
vn 0.0000 1.0000 0.0000
vn 0.0000 1.0000 0.0000
vn 0.0000 1.0000 0.0000
vn 0.0000 1.0000 0.0000
vn 0.0000 1.0000 0.0000
vn 0.0000 1.0000 0.0000
vn 0.0000 1.0000 0.0000
vn 0.0000 1.0000 0.0000
vn 0.0000 1.0000 0.0000
vn 0.0000 1.0000 0.0000
vn 0.0000 1.0000 0.0000
vn 0.0000 1.0000 0.0000
vn 0.0000 1.0000 0.0000
vn 0.0000 1.0000 0.0000
vn 0.0000 1.0000 0.0000
vn 0.0000 1.0000 0.0000
vn 0.0000 1.0000 0.0000
vn 0.0000 1.0000 0.0000
vn 0.0000 1.0000 0.0000
vn 0.0000 1.0000 0.0000
vn 0.0000 1.0000 0.0000
vn 0.0000 1.0000 0.0000
vn 0.0000 1.0000 0.0000
vn 0.0000 1.0000 0.0000
vn 0.0000 1.0000 0.0000
vn 0.0000 1.0000 0.0000
vn 0.0000 1.0000 0.0000
vn 0.0000 1.0000 0.0000
vn 0.0000 1.0000 0.0000
vn 0.0000 1.0000 0.0000
vn 0.0000 1.0000 0.0000
vn 0.0000 1.0000 0.0000
vn 0.0000 1.0000 0.0000
vn 0.0000 1.0000 0.0000
vn 0.0000 1.0000 0.0000
vn 0.0000 1.0000 0.0000
vn 0.0000 1.0000 0.0000
vn 0.0000 1.0000 0.0000
vn 0.0000 1.0000 0.0000
vn 0.0000 1.0000 0.0000
vn 0.0000 1.0000 0.0000
vn 0.0000 1.0000 0.0000
vn 0.0000 1.0000 0.0000
vn 0.0000 1.0000 0.0000
vn 0.0000 1.0000 0.0000
vn 0.0000 1.0000 0.0000
vn 0.0000 1.0000 0.0000
vn 0.0000 1.0000 0.0000
vn 0.0000 1.0000 0.0000
vn 0.0000 1.0000 0.0000
vn 0.0000 1.0000 0.0000
vn 0.0000 1.0000 0.0000
vn 0.0000 1.0000 0.0000
vn 0.0000 1.0000 0.0000
vn 0.0000 1.0000 0.0000
vn 0.0000 1.0000 0.0000
vn 0.0000 1.0000 0.0000
vn 0.0000 1.0000 0.0000
vn 0.0000 1.0000 0.0000
vn 0.0000 1.0000 0.0000
vn 0.0000 1.0000 0.0000
vn 0.0000 1.0000 0.0000
vn 0.0000 1.0000 0.0000
vn 0.0000 1.0000 0.0000
vn 0.0000 1.0000 0.0000
vn 0.0000 1.0000 0.0000
vn 0.0000 1.0000 0.0000
vn 0.0000 1.0000 0.0000
vn 0.0000 1.0000 0.0000
vn 0.0000 1.0000 0.0000
vn 0.0000 1.0000 0.0000
vn 0.0000 1.0000 0.0000
vn 0.0000 1.0000 0.0000
vn 0.0000 1.0000 0.0000
vn 0.0000 1.0000 0.0000
vn 0.0000 1.0000 0.0000
vn 0.0000 1.0000 0.0000
vn 0.0000 1.0000 0.0000
vn 0.0000 1.0000 0.0000
vn 0.0000 1.0000 0.0000
vn 0.0000 1.0000 0.0000
vn 0.0000 1.0000 0.0000
vn 0.0000 1.0000 0.0000
vn 0.0000 1.0000 0.0000
vn 0.0000 1.0000 0.0000
vn 0.0000 1.0000 0.0000
vn 0.0000 1.0000 0.0000
vn 0.0000 1.0000 0.0000
vn 0.0000 1.0000 0.0000
vn 0.0000 1.0000 0.0000
vn 0.0000 1.0000 0.0000
vn 0.0000 1.0000 0.0000
vn 0.0000 1.0000 0.0000
vn 0.0000 1.0000 0.0000
vn 0.0000 1.0000 0.0000
vn 0.0000 1.0000 0.0000
vn 0.0000 1.0000 0.0000
vn 0.0000 1.0000 0.0000
vn 0.0000 1.0000 0.0000
vn 0.0000 1.0000 0.0000
vn 0.0000 1.0000 0.0000
vn 0.0000 1.0000 0.0000
vn 0.0000 1.0000 0.0000
vn 0.0000 1.0000 0.0000
vn 0.0000 1.0000 0.0000
vn 0.0000 1.0000 0.0000
vn 0.0000 1.0000 0.0000
vn 0.0000 1.0000 0.0000
vn 0.0000 1.0000 0.0000
vn 0.0000 1.0000 0.0000
vn 0.0000 1.0000 0.0000
vn 0.0000 1.0000 0.0000
vn 0.0000 1.0000 0.0000
vn 0.0000 1.0000 0.0000
vn 0.0000 1.0000 0.0000
vn 0.0000 1.0000 0.0000
vn 0.0000 1.0000 0.0000
vn 0.0000 1.0000 0.0000
vn 0.0000 1.0000 0.0000
vn 0.0000 1.0000 0.0000
vn 0.0000 1.0000 0.0000
vn 0.0000 1.0000 0.0000
vn 0.0000 1.0000 0.0000
vn 0.0000 1.0000 0.0000
vn 0.0000 1.0000 0.0000
vn 0.0000 1.0000 0.0000
vn 0.0000 1.0000 0.0000
vn 0.0000 1.0000 0.0000
vn 0.0000 1.0000 0.0000
vn 0.0000 1.0000 0.0000
vn 0.0000 1.0000 0.0000
vn 0.0000 1.0000 0.0000
vn 0.0000 1.0000 0.0000
vn 0.0000 1.0000 0.0000
vn 0.0000 1.0000 0.0000
vn 0.0000 1.0000 0.0000
vn 0.0000 1.0000 0.0000
vn 0.0000 1.0000 0.0000
vn 0.0000 1.0000 0.0000
vn 0.0000 1.0000 0.0000
vn 0.0000 1.0000 0.0000
vn 0.0000 1.0000 0.0000
vn 0.0000 1.0000 0.0000
vn 0.0000 1.0000 0.0000
vn 0.0000 1.0000 0.0000
vn 0.0000 1.0000 0.0000
vn 0.0000 1.0000 0.0000
vn 0.0000 1.0000 0.0000
vn 0.0000 1.0000 0.0000
vn 0.0000 1.0000 0.0000
vn 0.0000 1.0000 0.0000
vn 0.0000 1.0000 0.0000
vn 0.0000 1.0000 0.0000
vn 0.0000 1.0000 0.0000
vn 0.0000 1.0000 0.0000
vn 0.0000 1.0000 0.0000
vn 0.0000 1.0000 0.0000
vn 0.0000 1.0000 0.0000
vn 0.0000 1.0000 0.0000
vn 0.0000 1.0000 0.0000
vn 0.0000 1.0000 0.0000
vn 0.0000 1.0000 0.0000
vn 0.0000 1.0000 0.0000
vn 0.0000 1.0000 0.0000
vn 0.0000 1.0000 0.0000
vn 0.0000 1.0000 0.0000
vn 0.0000 1.0000 0.0000
vn 0.0000 1.0000 0.0000
vn 0.0000 1.0000 0.0000
vn 0.0000 1.0000 0.0000
vn 0.0000 1.0000 0.0000
vn 0.0000 1.0000 0.0000
vn 0.0000 1.0000 0.0000
vn 0.0000 1.0000 0.0000
vn 0.0000 1.0000 0.0000
vn 0.0000 1.0000 0.0000
vn 0.0000 1.0000 0.0000
vn 0.0000 1.0000 0.0000
vn 0.0000 1.0000 0.0000
vn 0.0000 1.0000 0.0000
vn 0.0000 1.0000 0.0000
vn 0.0000 1.0000 0.0000
vn 0.0000 1.0000 0.0000
vn 0.0000 1.0000 0.0000
vn 0.0000 1.0000 0.0000
vn 0.0000 1.0000 0.0000
vn 0.0000 1.0000 0.0000
vn 0.0000 1.0000 0.0000
vn 0.0000 1.0000 0.0000
vn 0.0000 1.0000 0.0000
vn 0.0000 1.0000 0.0000
vn 0.0000 1.0000 0.0000
vn 0.0000 1.0000 0.0000
vn 0.0000 1.0000 0.0000
vn 0.0000 1.0000 0.0000
vn 0.0000 1.0000 0.0000
vn 0.0000 1.0000 0.0000
vn 0.0000 1.0000 0.0000
vn 0.0000 1.0000 0.0000
vn 0.0000 1.0000 0.0000
vn 0.0000 1.0000 0.0000
vn 0.0000 1.0000 0.0000
vn 0.0000 1.0000 0.0000
vn 0.0000 1.0000 0.0000
vn 0.0000 1.0000 0.0000
vn 0.0000 1.0000 0.0000
vn 0.0000 1.0000 0.0000
vn 0.0000 1.0000 0.0000
vn 0.0000 1.0000 0.0000
vn 0.0000 1.0000 0.0000
vn 0.0000 1.0000 0.0000
vn 0.0000 1.0000 0.0000
vn 0.0000 1.0000 0.0000
vn 0.0000 1.0000 0.0000
vn 0.0000 1.0000 0.0000
vn 0.0000 1.0000 0.0000
vn 0.0000 1.0000 0.0000
vn 0.0000 1.0000 0.0000
vn 0.0000 1.0000 0.0000
vn 0.0000 1.0000 0.0000
vn 0.0000 1.0000 0.0000
vn 0.0000 1.0000 0.0000
vn 0.0000 1.0000 0.0000
vn 0.0000 1.0000 0.0000
vn 0.0000 1.0000 0.0000
vn 0.0000 1.0000 0.0000
vn 0.0000 1.0000 0.0000
vn 0.0000 1.0000 0.0000
vn 0.0000 1.0000 0.0000
vn 0.0000 1.0000 0.0000
vn 0.0000 1.0000 0.0000
vn 0.0000 1.0000 0.0000
vn 0.0000 1.0000 0.0000
vn 0.0000 1.0000 0.0000
vn 0.0000 1.0000 0.0000
vn 0.0000 1.0000 0.0000
vn 0.0000 1.0000 0.0000
vn 0.0000 1.0000 0.0000
vn 0.0000 1.0000 0.0000
vn 0.0000 1.0000 0.0000
vn 0.0000 1.0000 0.0000
vn 0.0000 1.0000 0.0000
vn 0.0000 1.0000 0.0000
vn 0.0000 1.0000 0.0000
vn 0.0000 1.0000 0.0000
vn 0.0000 1.0000 0.0000
vn 0.0000 1.0000 0.0000
vn 0.0000 1.0000 0.0000
vn 0.0000 1.0000 0.0000
vn 0.0000 1.0000 0.0000
vn 0.0000 1.0000 0.0000
vn 0.0000 1.0000 0.0000
vn 0.0000 1.0000 0.0000
vn 0.0000 1.0000 0.0000
vn 0.0000 1.0000 0.0000
vn 0.0000 1.0000 0.0000
vn 0.0000 1.0000 0.0000
vn 0.0000 1.0000 0.0000
vn 0.0000 1.0000 0.0000
vn 0.0000 1.0000 0.0000
vn 0.0000 1.0000 0.0000
vn 0.0000 1.0000 0.0000
vn 0.0000 1.0000 0.0000
vn 0.0000 1.0000 0.0000
vn 0.0000 1.0000 0.0000
vn 0.0000 1.0000 0.0000
vn 0.0000 1.0000 0.0000
vn 0.0000 1.0000 0.0000
vn 0.0000 1.0000 0.0000
vn 0.0000 1.0000 0.0000
vn 0.0000 1.0000 0.0000
vn 0.0000 1.0000 0.0000
vn 0.0000 1.0000 0.0000
vn 0.0000 1.0000 0.0000
vn 0.0000 1.0000 0.0000
vn 0.0000 1.0000 0.0000
vn 0.0000 1.0000 0.0000
vn 0.0000 1.0000 0.0000
vn 0.0000 1.0000 0.0000
vn 0.0000 1.0000 0.0000
vn 0.0000 1.0000 0.0000
vn 0.0000 1.0000 0.0000
vn 0.0000 1.0000 0.0000
vn 0.0000 1.0000 0.0000
vn 0.0000 1.0000 0.0000
vn 0.0000 1.0000 0.0000
vn 0.0000 1.0000 0.0000
vn 0.0000 1.0000 0.0000
vn 0.0000 1.0000 0.0000
vn 0.0000 1.0000 0.0000
vn 0.0000 1.0000 0.0000
vn 0.0000 1.0000 0.0000
vn 0.0000 1.0000 0.0000
vn 0.0000 1.0000 0.0000
vn 0.0000 1.0000 0.0000
vn 0.0000 1.0000 0.0000
vn 0.0000 1.0000 0.0000
vn 0.0000 1.0000 0.0000
vn 0.0000 1.0000 0.0000
vn 0.0000 1.0000 0.0000
vn 0.0000 1.0000 0.0000
vn 0.0000 1.0000 0.0000
vn 0.0000 1.0000 0.0000
vn 0.0000 1.0000 0.0000
vn 0.0000 1.0000 0.0000
vn 0.0000 1.0000 0.0000
vn 0.0000 1.0000 0.0000
vn 0.0000 1.0000 0.0000
vn 0.0000 1.0000 0.0000
vn 0.0000 1.0000 0.0000
vn 0.0000 1.0000 0.0000
vn 0.0000 1.0000 0.0000
vn 0.0000 1.0000 0.0000
vn 0.0000 1.0000 0.0000
vn 0.0000 1.0000 0.0000
vn 0.0000 1.0000 0.0000
vn 0.0000 1.0000 0.0000
vn 0.0000 1.0000 0.0000
vn 0.0000 1.0000 0.0000
vn 0.0000 1.0000 0.0000
vn 0.0000 1.0000 0.0000
vn 0.0000 1.0000 0.0000
vn 0.0000 1.0000 0.0000
vn 0.0000 1.0000 0.0000
vn 0.0000 1.0000 0.0000
vn 0.0000 1.0000 0.0000
vn 0.0000 1.0000 0.0000
vn 0.0000 1.0000 0.0000
vn 0.0000 1.0000 0.0000
vn 0.0000 1.0000 0.0000
vn 0.0000 1.0000 0.0000
vn 0.0000 1.0000 0.0000
vn 0.0000 1.0000 0.0000
vn 0.0000 1.0000 0.0000
vn 0.0000 1.0000 0.0000
vn 0.0000 1.0000 0.0000
vn 0.0000 1.0000 0.0000
vn 0.0000 1.0000 0.0000
vn 0.0000 1.0000 0.0000
vn 0.0000 1.0000 0.0000
vn 0.0000 1.0000 0.0000
vn 0.0000 1.0000 0.0000
vn 0.0000 1.0000 0.0000
vn 0.0000 1.0000 0.0000
vn 0.0000 1.0000 0.0000
vn 0.0000 1.0000 0.0000
vn 0.0000 1.0000 0.0000
vn 0.0000 1.0000 0.0000
vn 0.0000 1.0000 0.0000
vn 0.0000 1.0000 0.0000
vn 0.0000 1.0000 0.0000
vn 0.0000 1.0000 0.0000
vn 0.0000 1.0000 0.0000
vn 0.0000 1.0000 0.0000
vn 0.0000 1.0000 0.0000
vn 0.0000 1.0000 0.0000
vn 0.0000 1.0000 0.0000
vn 0.0000 1.0000 0.0000
vn 0.0000 1.0000 0.0000
vn 0.0000 1.0000 0.0000
vn 0.0000 1.0000 0.0000
vn 0.0000 1.0000 0.0000
vn 0.0000 1.0000 0.0000
vn 0.0000 1.0000 0.0000
vn 0.0000 1.0000 0.0000
vn 0.0000 1.0000 0.0000
vn 0.0000 1.0000 0.0000
vn 0.0000 1.0000 0.0000
vn 0.0000 1.0000 0.0000
vn 0.0000 1.0000 0.0000
vn 0.0000 1.0000 0.0000
vn 0.0000 1.0000 0.0000
vn 0.0000 1.0000 0.0000
vn 0.0000 1.0000 0.0000
vn 0.0000 1.0000 0.0000
vn 0.0000 1.0000 0.0000
vn 0.0000 1.0000 0.0000
vn 0.0000 1.0000 0.0000
vn 0.0000 1.0000 0.0000
vn 0.0000 1.0000 0.0000
vn 0.0000 1.0000 0.0000
vn 0.0000 1.0000 0.0000
vn 0.0000 1.0000 0.0000
vn 0.0000 1.0000 0.0000
vn 0.0000 1.0000 0.0000
vn 0.0000 1.0000 0.0000
vn 0.0000 1.0000 0.0000
vn 0.0000 1.0000 0.0000
vn 0.0000 1.0000 0.0000
vn 0.0000 1.0000 0.0000
vn 0.0000 1.0000 0.0000
vn 0.0000 1.0000 0.0000
vn 0.0000 1.0000 0.0000
vn 0.0000 1.0000 0.0000
vn 0.0000 1.0000 0.0000
vn 0.0000 1.0000 0.0000
vn 0.0000 1.0000 0.0000
vn 0.0000 1.0000 0.0000
vn 0.0000 1.0000 0.0000
vn 0.0000 1.0000 0.0000
vn 0.0000 1.0000 0.0000
vn 0.0000 1.0000 0.0000
vn 0.0000 1.0000 0.0000
vn 0.0000 1.0000 0.0000
vn 0.0000 1.0000 0.0000
vn 0.0000 1.0000 0.0000
vn 0.0000 1.0000 0.0000
vn 0.0000 1.0000 0.0000
vn 0.0000 1.0000 0.0000
vn 0.0000 1.0000 0.0000
vn 0.0000 1.0000 0.0000
vn 0.0000 1.0000 0.0000
vn 0.0000 1.0000 0.0000
vn 0.0000 1.0000 0.0000
vn 0.0000 1.0000 0.0000
vn 0.0000 1.0000 0.0000
vn 0.0000 1.0000 0.0000
vn 0.0000 1.0000 0.0000
vn 0.0000 1.0000 0.0000
vn 0.0000 1.0000 0.0000
vn 0.0000 1.0000 0.0000
vn 0.0000 1.0000 0.0000
vn 0.0000 1.0000 0.0000
vn 0.0000 1.0000 0.0000
vn 0.0000 1.0000 0.0000
vn 0.0000 1.0000 0.0000
vn 0.0000 1.0000 0.0000
vn 0.0000 1.0000 0.0000
vn 0.0000 1.0000 0.0000
vn 0.0000 1.0000 0.0000
vn 0.0000 1.0000 0.0000
vn 0.0000 1.0000 0.0000
vn 0.0000 1.0000 0.0000
vn 0.0000 1.0000 0.0000
vn 0.0000 1.0000 0.0000
vn 0.0000 1.0000 0.0000
vn 0.0000 1.0000 0.0000
vn 0.0000 1.0000 0.0000
vn 0.0000 1.0000 0.0000
vn 0.0000 1.0000 0.0000
vn 0.0000 1.0000 0.0000
vn 0.0000 1.0000 0.0000
vn 0.0000 1.0000 0.0000
vn 0.0000 1.0000 0.0000
vn 0.0000 1.0000 0.0000
vn 0.0000 1.0000 0.0000
vn 0.0000 1.0000 0.0000
vn 0.0000 1.0000 0.0000
vn 0.0000 1.0000 0.0000
vn 0.0000 1.0000 0.0000
vn 0.0000 1.0000 0.0000
vn 0.0000 1.0000 0.0000
vn 0.0000 1.0000 0.0000
vn 0.0000 1.0000 0.0000
vn 0.0000 1.0000 0.0000
vn 0.0000 1.0000 0.0000
vn 0.0000 1.0000 0.0000
vn 0.0000 1.0000 0.0000
vn 0.0000 1.0000 0.0000
vn 0.0000 1.0000 0.0000
vn 0.0000 1.0000 0.0000
vn 0.0000 1.0000 0.0000
vn 0.0000 1.0000 0.0000
vn 0.0000 1.0000 0.0000
vn 0.0000 1.0000 0.0000
vn 0.0000 1.0000 0.0000
vn 0.0000 1.0000 0.0000
vn 0.0000 1.0000 0.0000
vn 0.0000 1.0000 0.0000
vn 0.0000 1.0000 0.0000
vn 0.0000 1.0000 0.0000
vn 0.0000 1.0000 0.0000
vn 0.0000 1.0000 0.0000
vn 0.0000 1.0000 0.0000
vn 0.0000 1.0000 0.0000
vn 0.0000 1.0000 0.0000
vn 0.0000 1.0000 0.0000
vn 0.0000 1.0000 0.0000
vn 0.0000 1.0000 0.0000
vn 0.0000 1.0000 0.0000
vn 0.0000 1.0000 0.0000
vn 0.0000 1.0000 0.0000
vn 0.0000 1.0000 0.0000
vn 0.0000 1.0000 0.0000
vn 0.0000 1.0000 0.0000
vn 0.0000 1.0000 0.0000
vn 0.0000 1.0000 0.0000
vn 0.0000 1.0000 0.0000
vn 0.0000 1.0000 0.0000
vn 0.0000 1.0000 0.0000
vn 0.0000 1.0000 0.0000
vn 0.0000 1.0000 0.0000
vn 0.0000 1.0000 0.0000
vn 0.0000 1.0000 0.0000
vn 0.0000 1.0000 0.0000
vn 0.0000 1.0000 0.0000
vn 0.0000 1.0000 0.0000
vn 0.0000 1.0000 0.0000
vn 0.0000 1.0000 0.0000
vn 0.0000 1.0000 0.0000
vn 0.0000 1.0000 0.0000
vn 0.0000 1.0000 0.0000
vn 0.0000 1.0000 0.0000
vn 0.0000 1.0000 0.0000
vn 0.0000 1.0000 0.0000
vn 0.0000 1.0000 0.0000
vn 0.0000 1.0000 0.0000
vn 0.0000 1.0000 0.0000
vn 0.0000 1.0000 0.0000
vn 0.0000 1.0000 0.0000
vn 0.0000 1.0000 0.0000
vn 0.0000 1.0000 0.0000
vn 0.0000 1.0000 0.0000
vn 0.0000 1.0000 0.0000
vn 0.0000 1.0000 0.0000
vn 0.0000 1.0000 0.0000
vn 0.0000 1.0000 0.0000
vn 0.0000 1.0000 0.0000
vn 0.0000 1.0000 0.0000
vn 0.0000 1.0000 0.0000
vn 0.0000 1.0000 0.0000
vn 0.0000 1.0000 0.0000
vn 0.0000 1.0000 0.0000
vn 0.0000 1.0000 0.0000
vn 0.0000 1.0000 0.0000
vn 0.0000 1.0000 0.0000
vn 0.0000 1.0000 0.0000
vn 0.0000 1.0000 0.0000
vn 0.0000 1.0000 0.0000
vn 0.0000 1.0000 0.0000
vn 0.0000 1.0000 0.0000
vn 0.0000 1.0000 0.0000
vn 0.0000 1.0000 0.0000
vn 0.0000 1.0000 0.0000
vn 0.0000 1.0000 0.0000
vn 0.0000 1.0000 0.0000
vn 0.0000 1.0000 0.0000
vn 0.0000 1.0000 0.0000
vn 0.0000 1.0000 0.0000
vn 0.0000 1.0000 0.0000
vn 0.0000 1.0000 0.0000
vn 0.0000 1.0000 0.0000
vn 0.0000 1.0000 0.0000
vn 0.0000 1.0000 0.0000
vn 0.0000 1.0000 0.0000
vn 0.0000 1.0000 0.0000
vn 0.0000 1.0000 0.0000
vn 0.0000 1.0000 0.0000
vn 0.0000 1.0000 0.0000
vn 0.0000 1.0000 0.0000
vn 0.0000 1.0000 0.0000
vn 0.0000 1.0000 0.0000
vn 0.0000 1.0000 0.0000
vn 0.0000 1.0000 0.0000
vn 0.0000 1.0000 0.0000
vn 0.0000 1.0000 0.0000
vn 0.0000 1.0000 0.0000
vn 0.0000 1.0000 0.0000
vn 0.0000 1.0000 0.0000
vn 0.0000 1.0000 0.0000
vn 0.0000 1.0000 0.0000
vn 0.0000 1.0000 0.0000
vn 0.0000 1.0000 0.0000
vn 0.0000 1.0000 0.0000
vn 0.0000 1.0000 0.0000
vn 0.0000 1.0000 0.0000
vn 0.0000 1.0000 0.0000
vn 0.0000 1.0000 0.0000
vn 0.0000 1.0000 0.0000
vn 0.0000 1.0000 0.0000
vn 0.0000 1.0000 0.0000
vn 0.0000 1.0000 0.0000
vn 0.0000 1.0000 0.0000
vn 0.0000 1.0000 0.0000
vn 0.0000 1.0000 0.0000
vn 0.0000 1.0000 0.0000
vn 0.0000 1.0000 0.0000
vn 0.0000 1.0000 0.0000
vn 0.0000 1.0000 0.0000
vn 0.0000 1.0000 0.0000
vn 0.0000 1.0000 0.0000
vn 0.0000 1.0000 0.0000
vn 0.0000 1.0000 0.0000
vn 0.0000 1.0000 0.0000
vn 0.0000 1.0000 0.0000
vn 0.0000 1.0000 0.0000
vn 0.0000 1.0000 0.0000
vn 0.0000 1.0000 0.0000
vn 0.0000 1.0000 0.0000
vn 0.0000 1.0000 0.0000
vn 0.0000 1.0000 0.0000
vn 0.0000 1.0000 0.0000
vn 0.0000 1.0000 0.0000
vn 0.0000 1.0000 0.0000
vn 0.0000 1.0000 0.0000
vn 0.0000 1.0000 0.0000
vn 0.0000 1.0000 0.0000
vn 0.0000 1.0000 0.0000
vn 0.0000 1.0000 0.0000
vn 0.0000 1.0000 0.0000
vn 0.0000 1.0000 0.0000
vn 0.0000 1.0000 0.0000
vn 0.0000 1.0000 0.0000
vn 0.0000 1.0000 0.0000
vn 0.0000 1.0000 0.0000
vn 0.0000 1.0000 0.0000
vn 0.0000 1.0000 0.0000
vn 0.0000 1.0000 0.0000
vn 0.0000 1.0000 0.0000
vn 0.0000 1.0000 0.0000
vn 0.0000 1.0000 0.0000
vn 0.0000 1.0000 0.0000
vn 0.0000 1.0000 0.0000
vn 0.0000 1.0000 0.0000
vn 0.0000 1.0000 0.0000
vn 0.0000 1.0000 0.0000
vn 0.0000 1.0000 0.0000
vn 0.0000 1.0000 0.0000
vn 0.0000 1.0000 0.0000
vn 0.0000 1.0000 0.0000
vn 0.0000 1.0000 0.0000
vn 0.0000 1.0000 0.0000
vn 0.0000 1.0000 0.0000
vn 0.0000 1.0000 0.0000
vn 0.0000 1.0000 0.0000
vn 0.0000 1.0000 0.0000
vn 0.0000 1.0000 0.0000
vn 0.0000 1.0000 0.0000
vn 0.0000 1.0000 0.0000
vn 0.0000 1.0000 0.0000
vn 0.0000 1.0000 0.0000
vn 0.0000 1.0000 0.0000
vn 0.0000 1.0000 0.0000
vn 0.0000 1.0000 0.0000
vn 0.0000 1.0000 0.0000
vn 0.0000 1.0000 0.0000
vn 0.0000 1.0000 0.0000
vn 0.0000 1.0000 0.0000
vn 0.0000 1.0000 0.0000
vn 0.0000 1.0000 0.0000
vn 0.0000 1.0000 0.0000
vn 0.0000 1.0000 0.0000
vn 0.0000 1.0000 0.0000
vn 0.0000 1.0000 0.0000
vn 0.0000 1.0000 0.0000
vn 0.0000 1.0000 0.0000
vn 0.0000 1.0000 0.0000
vn 0.0000 1.0000 0.0000
vn 0.0000 1.0000 0.0000
vn 0.0000 1.0000 0.0000
vn 0.0000 1.0000 0.0000
vn 0.0000 1.0000 0.0000
vn 0.0000 1.0000 0.0000
vn 0.0000 1.0000 0.0000
vn 0.0000 1.0000 0.0000
vn 0.0000 1.0000 0.0000
vn 0.0000 1.0000 0.0000
vn 0.0000 1.0000 0.0000
vn 0.0000 1.0000 0.0000
vn 0.0000 1.0000 0.0000
vn 0.0000 1.0000 0.0000
vn 0.0000 1.0000 0.0000
vn 0.0000 1.0000 0.0000
vn 0.0000 1.0000 0.0000
vn 0.0000 1.0000 0.0000
vn 0.0000 1.0000 0.0000
vn 0.0000 1.0000 0.0000
vn 0.0000 1.0000 0.0000
vn 0.0000 1.0000 0.0000
vn 0.0000 1.0000 0.0000
vn 0.0000 1.0000 0.0000
vn 0.0000 1.0000 0.0000
vn 0.0000 1.0000 0.0000
vn 0.0000 1.0000 0.0000
vn 0.0000 1.0000 0.0000
vn 0.0000 1.0000 0.0000
vn 0.0000 1.0000 0.0000
vn 0.0000 1.0000 0.0000
vn 0.0000 1.0000 0.0000
vn 0.0000 1.0000 0.0000
vn 0.0000 1.0000 0.0000
vn 0.0000 1.0000 0.0000
vn 0.0000 1.0000 0.0000
vn 0.0000 1.0000 0.0000
vn 0.0000 1.0000 0.0000
vn 0.0000 1.0000 0.0000
vn 0.0000 1.0000 0.0000
vn 0.0000 1.0000 0.0000
vn 0.0000 1.0000 0.0000
vn 0.0000 1.0000 0.0000
vn 0.0000 1.0000 0.0000
vn 0.0000 1.0000 0.0000
vn 0.0000 1.0000 0.0000
vn 0.0000 1.0000 0.0000
vn 0.0000 1.0000 0.0000
vn 0.0000 1.0000 0.0000
vn 0.0000 1.0000 0.0000
vn 0.0000 1.0000 0.0000
vn 0.0000 1.0000 0.0000
vn 0.0000 1.0000 0.0000
vn 0.0000 1.0000 0.0000
vn 0.0000 1.0000 0.0000
vn 0.0000 1.0000 0.0000
vn 0.0000 1.0000 0.0000
vn 0.0000 1.0000 0.0000
vn 0.0000 1.0000 0.0000
vn 0.0000 1.0000 0.0000
vn 0.0000 1.0000 0.0000
vn 0.0000 1.0000 0.0000
vn 0.0000 1.0000 0.0000
vn 0.0000 1.0000 0.0000
vn 0.0000 1.0000 0.0000
vn 0.0000 1.0000 0.0000
vn 0.0000 1.0000 0.0000
vn 0.0000 1.0000 0.0000
vn 0.0000 1.0000 0.0000
vn 0.0000 1.0000 0.0000
vn 0.0000 1.0000 0.0000
vn 0.0000 1.0000 0.0000
vn 0.0000 1.0000 0.0000
vn 0.0000 1.0000 0.0000
vn 0.0000 1.0000 0.0000
vn 0.0000 1.0000 0.0000
vn 0.0000 1.0000 0.0000
vn 0.0000 1.0000 0.0000
vn 0.0000 1.0000 0.0000
vn 0.0000 1.0000 0.0000
vn 0.0000 1.0000 0.0000
vn 0.0000 1.0000 0.0000
vn 0.0000 1.0000 0.0000
vn 0.0000 1.0000 0.0000
vn 0.0000 1.0000 0.0000
vn 0.0000 1.0000 0.0000
vn 0.0000 1.0000 0.0000
vn 0.0000 1.0000 0.0000
vn 0.0000 1.0000 0.0000
vn 0.0000 1.0000 0.0000
vn 0.0000 1.0000 0.0000
vn 0.0000 1.0000 0.0000
vn 0.0000 1.0000 0.0000
vn 0.0000 1.0000 0.0000
vn 0.0000 1.0000 0.0000
vn 0.0000 1.0000 0.0000
vn 0.0000 1.0000 0.0000
vn 0.0000 1.0000 0.0000
vn 0.0000 1.0000 0.0000
vn 0.0000 1.0000 0.0000
vn 0.0000 1.0000 0.0000
vn 0.0000 1.0000 0.0000
vn 0.0000 1.0000 0.0000
vn 0.0000 1.0000 0.0000
vn 0.0000 1.0000 0.0000
vn 0.0000 1.0000 0.0000
vn 0.0000 1.0000 0.0000
vn 0.0000 1.0000 0.0000
vn 0.0000 1.0000 0.0000
vn 0.0000 1.0000 0.0000
vn 0.0000 1.0000 0.0000
vn 0.0000 1.0000 0.0000
vn 0.0000 1.0000 0.0000
vn 0.0000 1.0000 0.0000
vn 0.0000 1.0000 0.0000
vn 0.0000 1.0000 0.0000
vn 0.0000 1.0000 0.0000
vn 0.0000 1.0000 0.0000
vn 0.0000 1.0000 0.0000
vn 0.0000 1.0000 0.0000
vn 0.0000 1.0000 0.0000
vn 0.0000 1.0000 0.0000
vn 0.0000 1.0000 0.0000
vn 0.0000 1.0000 0.0000
vn 0.0000 1.0000 0.0000
vn 0.0000 1.0000 0.0000
vn 0.0000 1.0000 0.0000
vn 0.0000 1.0000 0.0000
vn 0.0000 1.0000 0.0000
vn 0.0000 1.0000 0.0000
vn 0.0000 1.0000 0.0000
vn 0.0000 1.0000 0.0000
vn 0.0000 1.0000 0.0000
vn 0.0000 1.0000 0.0000
vn 0.0000 1.0000 0.0000
vn 0.0000 1.0000 0.0000
vn 0.0000 1.0000 0.0000
vn 0.0000 1.0000 0.0000
vn 0.0000 1.0000 0.0000
vn 0.0000 1.0000 0.0000
vn 0.0000 1.0000 0.0000
vn 0.0000 1.0000 0.0000
vn 0.0000 1.0000 0.0000
vn 0.0000 1.0000 0.0000
vn 0.0000 1.0000 0.0000
vn 0.0000 1.0000 0.0000
vn 0.0000 1.0000 0.0000
vn 0.0000 1.0000 0.0000
vn 0.0000 1.0000 0.0000
vn 0.0000 1.0000 0.0000
vn 0.0000 1.0000 0.0000
vn 0.0000 1.0000 0.0000
vn 0.0000 1.0000 0.0000
vn 0.0000 1.0000 0.0000
vn 0.0000 1.0000 0.0000
vn 0.0000 1.0000 0.0000
vn 0.0000 1.0000 0.0000
vn 0.0000 1.0000 0.0000
vn 0.0000 1.0000 0.0000
vn 0.0000 1.0000 0.0000
vn 0.0000 1.0000 0.0000
vn 0.0000 1.0000 0.0000
vn 0.0000 1.0000 0.0000
vn 0.0000 1.0000 0.0000
vn 0.0000 1.0000 0.0000
vn 0.0000 1.0000 0.0000
vn 0.0000 1.0000 0.0000
vn 0.0000 1.0000 0.0000
vn 0.0000 1.0000 0.0000
vn 0.0000 1.0000 0.0000
vn 0.0000 1.0000 0.0000
vn 0.0000 1.0000 0.0000
vn 0.0000 1.0000 0.0000
vn 0.0000 1.0000 0.0000
vn 0.0000 1.0000 0.0000
vn 0.0000 1.0000 0.0000
vn 0.0000 1.0000 0.0000
vn 0.0000 1.0000 0.0000
vn 0.0000 1.0000 0.0000
vn 0.0000 1.0000 0.0000
vn 0.0000 1.0000 0.0000
vn 0.0000 1.0000 0.0000
vn 0.0000 1.0000 0.0000
vn 0.0000 1.0000 0.0000
vn 0.0000 1.0000 0.0000
vn 0.0000 1.0000 0.0000
vn 0.0000 1.0000 0.0000
vn 0.0000 1.0000 0.0000
vn 0.0000 1.0000 0.0000
vn 0.0000 1.0000 0.0000
vn 0.0000 1.0000 0.0000
vn 0.0000 1.0000 0.0000
vn 0.0000 1.0000 0.0000
vn 0.0000 1.0000 0.0000
vn 0.0000 1.0000 0.0000
vn 0.0000 1.0000 0.0000
vn 0.0000 1.0000 0.0000
vn 0.0000 1.0000 0.0000
vn 0.0000 1.0000 0.0000
vn 0.0000 1.0000 0.0000
vn 0.0000 1.0000 0.0000
vn 0.0000 1.0000 0.0000
vn 0.0000 1.0000 0.0000
vn 0.0000 1.0000 0.0000
vn 0.0000 1.0000 0.0000
vn 0.0000 1.0000 0.0000
vn 0.0000 1.0000 0.0000
vn 0.0000 1.0000 0.0000
vn 0.0000 1.0000 0.0000
vn 0.0000 1.0000 0.0000
vn 0.0000 1.0000 0.0000
vn 0.0000 1.0000 0.0000
vn 0.0000 1.0000 0.0000
vn 0.0000 1.0000 0.0000
vn 0.0000 1.0000 0.0000
vn 0.0000 1.0000 0.0000
vn 0.0000 1.0000 0.0000
vn 0.0000 1.0000 0.0000
vn 0.0000 1.0000 0.0000
vn 0.0000 1.0000 0.0000
vn 0.0000 1.0000 0.0000
vn 0.0000 1.0000 0.0000
vn 0.0000 1.0000 0.0000
vn 0.0000 1.0000 0.0000
vn 0.0000 1.0000 0.0000
vn 0.0000 1.0000 0.0000
vn 0.0000 1.0000 0.0000
vn 0.0000 1.0000 0.0000
vn 0.0000 1.0000 0.0000
vn 0.0000 1.0000 0.0000
vn 0.0000 1.0000 0.0000
vn 0.0000 1.0000 0.0000
vn 0.0000 1.0000 0.0000
vn 0.0000 1.0000 0.0000
vn 0.0000 1.0000 0.0000
vn 0.0000 1.0000 0.0000
vn 0.0000 1.0000 0.0000
vn 0.0000 1.0000 0.0000
vn 0.0000 1.0000 0.0000
vn 0.0000 1.0000 0.0000
vn 0.0000 1.0000 0.0000
vn 0.0000 1.0000 0.0000
vn 0.0000 1.0000 0.0000
vn 0.0000 1.0000 0.0000
vn 0.0000 1.0000 0.0000
vn 0.0000 1.0000 0.0000
vn 0.0000 1.0000 0.0000
vn 0.0000 1.0000 0.0000
vn 0.0000 1.0000 0.0000
vn 0.0000 1.0000 0.0000
vn 0.0000 1.0000 0.0000
vn 0.0000 1.0000 0.0000
vn 0.0000 1.0000 0.0000
vn 0.0000 1.0000 0.0000
vn 0.0000 1.0000 0.0000
vn 0.0000 1.0000 0.0000
vn 0.0000 1.0000 0.0000
vn 0.0000 1.0000 0.0000
vn 0.0000 1.0000 0.0000
vn 0.0000 1.0000 0.0000
vn 0.0000 1.0000 0.0000
vn 0.0000 1.0000 0.0000
vn 0.0000 1.0000 0.0000
vn 0.0000 1.0000 0.0000
vn 0.0000 1.0000 0.0000
vn 0.0000 1.0000 0.0000
vn 0.0000 1.0000 0.0000
vn 0.0000 1.0000 0.0000
vn 0.0000 1.0000 0.0000
vn 0.0000 1.0000 0.0000
vn 0.0000 1.0000 0.0000
vn 0.0000 1.0000 0.0000
vn 0.0000 1.0000 0.0000
vn 0.0000 1.0000 0.0000
vn 0.0000 1.0000 0.0000
vn 0.0000 1.0000 0.0000
vn 0.0000 1.0000 0.0000
vn 0.0000 1.0000 0.0000
vn 0.0000 1.0000 0.0000
vn 0.0000 1.0000 0.0000
vn 0.0000 1.0000 0.0000
vn 0.0000 1.0000 0.0000
vn 0.0000 1.0000 0.0000
vn 0.0000 1.0000 0.0000
vn 0.0000 1.0000 0.0000
vn 0.0000 1.0000 0.0000
vn 0.0000 1.0000 0.0000
vn 0.0000 1.0000 0.0000
vn 0.0000 1.0000 0.0000
vn 0.0000 1.0000 0.0000
vn 0.0000 1.0000 0.0000
vn 0.0000 1.0000 0.0000
vn 0.0000 1.0000 0.0000
vn 0.0000 1.0000 0.0000
vn 0.0000 1.0000 0.0000
vn 0.0000 1.0000 0.0000
vn 0.0000 1.0000 0.0000
vn 0.0000 1.0000 0.0000
vn 0.0000 1.0000 0.0000
vn 0.0000 1.0000 0.0000
vn 0.0000 1.0000 0.0000
vn 0.0000 1.0000 0.0000
vn 0.0000 1.0000 0.0000
vn 0.0000 1.0000 0.0000
vn 0.0000 1.0000 0.0000
vn 0.0000 1.0000 0.0000
vn 0.0000 1.0000 0.0000
vn 0.0000 1.0000 0.0000
vn 0.0000 1.0000 0.0000
vn 0.0000 1.0000 0.0000
vn 0.0000 1.0000 0.0000
vn 0.0000 1.0000 0.0000
vn 0.0000 1.0000 0.0000
vn 0.0000 1.0000 0.0000
vn 0.0000 1.0000 0.0000
vn 0.0000 1.0000 0.0000
vn 0.0000 1.0000 0.0000
vn 0.0000 1.0000 0.0000
vn 0.0000 1.0000 0.0000
vn 0.0000 1.0000 0.0000
vn 0.0000 1.0000 0.0000
vn 0.0000 1.0000 0.0000
vn 0.0000 1.0000 0.0000
vn 0.0000 1.0000 0.0000
vn 0.0000 1.0000 0.0000
vn 0.0000 1.0000 0.0000
vn 0.0000 1.0000 0.0000
vn 0.0000 1.0000 0.0000
vn 0.0000 1.0000 0.0000
vn 0.0000 1.0000 0.0000
vn 0.0000 1.0000 0.0000
vn 0.0000 1.0000 0.0000
vn 0.0000 1.0000 0.0000
vn 0.0000 1.0000 0.0000
vn 0.0000 1.0000 0.0000
vn 0.0000 1.0000 0.0000
vn 0.0000 1.0000 0.0000
vn 0.0000 1.0000 0.0000
vn 0.0000 1.0000 0.0000
vn 0.0000 1.0000 0.0000
vn 0.0000 1.0000 0.0000
vn 0.0000 1.0000 0.0000
vn 0.0000 1.0000 0.0000
vn 0.0000 1.0000 0.0000
vn 0.0000 1.0000 0.0000
vn 0.0000 1.0000 0.0000
vn 0.0000 1.0000 0.0000
vn 0.0000 1.0000 0.0000
vn 0.0000 1.0000 0.0000
vn 0.0000 1.0000 0.0000
vn 0.0000 1.0000 0.0000
vn 0.0000 1.0000 0.0000
vn 0.0000 1.0000 0.0000
vn 0.0000 1.0000 0.0000
vn 0.0000 1.0000 0.0000
vn 0.0000 1.0000 0.0000
vn 0.0000 1.0000 0.0000
vn 0.0000 1.0000 0.0000
vn 0.0000 1.0000 0.0000
vn 0.0000 1.0000 0.0000
vn 0.0000 1.0000 0.0000
vn 0.0000 1.0000 0.0000
vn 0.0000 1.0000 0.0000
vn 0.0000 1.0000 0.0000
vn 0.0000 1.0000 0.0000
vn 0.0000 1.0000 0.0000
vn 0.0000 1.0000 0.0000
vn 0.0000 1.0000 0.0000
vn 0.0000 1.0000 0.0000
vn 0.0000 1.0000 0.0000
vn 0.0000 1.0000 0.0000
vn 0.0000 1.0000 0.0000
vn 0.0000 1.0000 0.0000
vn 0.0000 1.0000 0.0000
vn 0.0000 1.0000 0.0000
vn 0.0000 1.0000 0.0000
vn 0.0000 1.0000 0.0000
vn 0.0000 1.0000 0.0000
vn 0.0000 1.0000 0.0000
vn 0.0000 1.0000 0.0000
vn 0.0000 1.0000 0.0000
vn 0.0000 1.0000 0.0000
vn 0.0000 1.0000 0.0000
vn 0.0000 1.0000 0.0000
vn 0.0000 1.0000 0.0000
vn 0.0000 1.0000 0.0000
vn 0.0000 1.0000 0.0000
vn 0.0000 1.0000 0.0000
vn 0.0000 1.0000 0.0000
vn 0.0000 1.0000 0.0000
vn 0.0000 1.0000 0.0000
vn 0.0000 1.0000 0.0000
vn 0.0000 1.0000 0.0000
vn 0.0000 1.0000 0.0000
vn 0.0000 1.0000 0.0000
vn 0.0000 1.0000 0.0000
vn 0.0000 1.0000 0.0000
vn 0.0000 1.0000 0.0000
vn 0.0000 1.0000 0.0000
vn 0.0000 1.0000 0.0000
vn 0.0000 1.0000 0.0000
vn 0.0000 1.0000 0.0000
vn 0.0000 1.0000 0.0000
vn 0.0000 1.0000 0.0000
vn 0.0000 1.0000 0.0000
vn 0.0000 1.0000 0.0000
vn 0.0000 1.0000 0.0000
vn 0.0000 1.0000 0.0000
vn 0.0000 1.0000 0.0000
vn 0.0000 1.0000 0.0000
vn 0.0000 1.0000 0.0000
vn 0.0000 1.0000 0.0000
vn 0.0000 1.0000 0.0000
vn 0.0000 1.0000 0.0000
vn 0.0000 1.0000 0.0000
vn 0.0000 1.0000 0.0000
vn 0.0000 1.0000 0.0000
vn 0.0000 1.0000 0.0000
vn 0.0000 1.0000 0.0000
vn 0.0000 1.0000 0.0000
vn 0.0000 1.0000 0.0000
vn 0.0000 1.0000 0.0000
vn 0.0000 1.0000 0.0000
vn 0.0000 1.0000 0.0000
vn 0.0000 1.0000 0.0000
vn 0.0000 1.0000 0.0000
vn 0.0000 1.0000 0.0000
vn 0.0000 1.0000 0.0000
vn 0.0000 1.0000 0.0000
vn 0.0000 1.0000 0.0000
vn 0.0000 1.0000 0.0000
vn 0.0000 1.0000 0.0000
vn 0.0000 1.0000 0.0000
vn 0.0000 1.0000 0.0000
vn 0.0000 1.0000 0.0000
vn 0.0000 1.0000 0.0000
vn 0.0000 1.0000 0.0000
vn 0.0000 1.0000 0.0000
vn 0.0000 1.0000 0.0000
vn 0.0000 1.0000 0.0000
vn 0.0000 1.0000 0.0000
vn 0.0000 1.0000 0.0000
vn 0.0000 1.0000 0.0000
vn 0.0000 1.0000 0.0000
vn 0.0000 1.0000 0.0000
vn 0.0000 1.0000 0.0000
vn 0.0000 1.0000 0.0000
vn 0.0000 1.0000 0.0000
vn 0.0000 1.0000 0.0000
vn 0.0000 1.0000 0.0000
vn 0.0000 1.0000 0.0000
vn 0.0000 1.0000 0.0000
vn 0.0000 1.0000 0.0000
vn 0.0000 1.0000 0.0000
vn 0.0000 1.0000 0.0000
vn 0.0000 1.0000 0.0000
vn 0.0000 1.0000 0.0000
vn 0.0000 1.0000 0.0000
vn 0.0000 1.0000 0.0000
vn 0.0000 1.0000 0.0000
vn 0.0000 1.0000 0.0000
vn 0.0000 1.0000 0.0000
vn 0.0000 1.0000 0.0000
vn 0.0000 1.0000 0.0000
vn 0.0000 1.0000 0.0000
vn 0.0000 1.0000 0.0000
vn 0.0000 1.0000 0.0000
vn 0.0000 1.0000 0.0000
vn 0.0000 1.0000 0.0000
vn 0.0000 1.0000 0.0000
vn 0.0000 1.0000 0.0000
vn 0.0000 1.0000 0.0000
vn 0.0000 1.0000 0.0000
vn 0.0000 1.0000 0.0000
vn 0.0000 1.0000 0.0000
vn 0.0000 1.0000 0.0000
vn 0.0000 1.0000 0.0000
vn 0.0000 1.0000 0.0000
vn 0.0000 1.0000 0.0000
vn 0.0000 1.0000 0.0000
vn 0.0000 1.0000 0.0000
vn 0.0000 1.0000 0.0000
vn 0.0000 1.0000 0.0000
vn 0.0000 1.0000 0.0000
vn 0.0000 1.0000 0.0000
vn 0.0000 1.0000 0.0000
vn 0.0000 1.0000 0.0000
vn 0.0000 1.0000 0.0000
vn 0.0000 1.0000 0.0000
vn 0.0000 1.0000 0.0000
vn 0.0000 1.0000 0.0000
vn 0.0000 1.0000 0.0000
vn 0.0000 1.0000 0.0000
vn 0.0000 1.0000 0.0000
vn 0.0000 1.0000 0.0000
vn 0.0000 1.0000 0.0000
vn 0.0000 1.0000 0.0000
vn 0.0000 1.0000 0.0000
vn 0.0000 1.0000 0.0000
vn 0.0000 1.0000 0.0000
vn 0.0000 1.0000 0.0000
vn 0.0000 1.0000 0.0000
vn 0.0000 1.0000 0.0000
vn 0.0000 1.0000 0.0000
vn 0.0000 1.0000 0.0000
vn 0.0000 1.0000 0.0000
vn 0.0000 1.0000 0.0000
vn 0.0000 1.0000 0.0000
vn 0.0000 1.0000 0.0000
vn 0.0000 1.0000 0.0000
vn 0.0000 1.0000 0.0000
vn 0.0000 1.0000 0.0000
vn 0.0000 1.0000 0.0000
vn 0.0000 1.0000 0.0000
vn 0.0000 1.0000 0.0000
vn 0.0000 1.0000 0.0000
vn 0.0000 1.0000 0.0000
vn 0.0000 1.0000 0.0000
vn 0.0000 1.0000 0.0000
vn 0.0000 1.0000 0.0000
vn 0.0000 1.0000 0.0000
vn 0.0000 1.0000 0.0000
vn 0.0000 1.0000 0.0000
vn 0.0000 1.0000 0.0000
vn 0.0000 1.0000 0.0000
vn 0.0000 1.0000 0.0000
vn 0.0000 1.0000 0.0000
vn 0.0000 1.0000 0.0000
vn 0.0000 1.0000 0.0000
vn 0.0000 1.0000 0.0000
vn 0.0000 1.0000 0.0000
vn 0.0000 1.0000 0.0000
vn 0.0000 1.0000 0.0000
vn 0.0000 1.0000 0.0000
vn 0.0000 1.0000 0.0000
vn 0.0000 1.0000 0.0000
vn 0.0000 1.0000 0.0000
vn 0.0000 1.0000 0.0000
vn 0.0000 1.0000 0.0000
vn 0.0000 1.0000 0.0000
vn 0.0000 1.0000 0.0000
vn 0.0000 1.0000 0.0000
vn 0.0000 1.0000 0.0000
vn 0.0000 1.0000 0.0000
vn 0.0000 1.0000 0.0000
vn 0.0000 1.0000 0.0000
vn 0.0000 1.0000 0.0000
vn 0.0000 1.0000 0.0000
vn 0.0000 1.0000 0.0000
vn 0.0000 1.0000 0.0000
vn 0.0000 1.0000 0.0000
vn 0.0000 1.0000 0.0000
vn 0.0000 1.0000 0.0000
vn 0.0000 1.0000 0.0000
vn 0.0000 1.0000 0.0000
vn 0.0000 1.0000 0.0000
vn 0.0000 1.0000 0.0000
vn 0.0000 1.0000 0.0000
vn 0.0000 1.0000 0.0000
vn 0.0000 1.0000 0.0000
vn 0.0000 1.0000 0.0000
vn 0.0000 1.0000 0.0000
vn 0.0000 1.0000 0.0000
vn 0.0000 1.0000 0.0000
vn 0.0000 1.0000 0.0000
vn 0.0000 1.0000 0.0000
vn 0.0000 1.0000 0.0000
vn 0.0000 1.0000 0.0000
vn 0.0000 1.0000 0.0000
vn 0.0000 1.0000 0.0000
vn 0.0000 1.0000 0.0000
vn 0.0000 1.0000 0.0000
vn 0.0000 1.0000 0.0000
vn 0.0000 1.0000 0.0000
vn 0.0000 1.0000 0.0000
vn 0.0000 1.0000 0.0000
vn 0.0000 1.0000 0.0000
vn 0.0000 1.0000 0.0000
vn 0.0000 1.0000 0.0000
vn 0.0000 1.0000 0.0000
vn 0.0000 1.0000 0.0000
vn 0.0000 1.0000 0.0000
vn 0.0000 1.0000 0.0000
vn 0.0000 1.0000 0.0000
vn 0.0000 1.0000 0.0000
vn 0.0000 1.0000 0.0000
vn 0.0000 1.0000 0.0000
vn 0.0000 1.0000 0.0000
vn 0.0000 1.0000 0.0000
vn 0.0000 1.0000 0.0000
vn 0.0000 1.0000 0.0000
vn 0.0000 1.0000 0.0000
vn 0.0000 1.0000 0.0000
vn 0.0000 1.0000 0.0000
vn 0.0000 1.0000 0.0000
vn 0.0000 1.0000 0.0000
vn 0.0000 1.0000 0.0000
vn 0.0000 1.0000 0.0000
vn 0.0000 1.0000 0.0000
vn 0.0000 1.0000 0.0000
vn 0.0000 1.0000 0.0000
vn 0.0000 1.0000 0.0000
vn 0.0000 1.0000 0.0000
vn 0.0000 1.0000 0.0000
vn 0.0000 1.0000 0.0000
vn 0.0000 1.0000 0.0000
vn 0.0000 1.0000 0.0000
vn 0.0000 1.0000 0.0000
vn 0.0000 1.0000 0.0000
vn 0.0000 1.0000 0.0000
vn 0.0000 1.0000 0.0000
vn 0.0000 1.0000 0.0000
vn 0.0000 1.0000 0.0000
vn 0.0000 1.0000 0.0000
vn 0.0000 1.0000 0.0000
vn 0.0000 1.0000 0.0000
vn 0.0000 1.0000 0.0000
vn 0.0000 1.0000 0.0000
vn 0.0000 1.0000 0.0000
vn 0.0000 1.0000 0.0000
vn 0.0000 1.0000 0.0000
vn 0.0000 1.0000 0.0000
vn 0.0000 1.0000 0.0000
vn 0.0000 1.0000 0.0000
vn 0.0000 1.0000 0.0000
vn 0.0000 1.0000 0.0000
vn 0.0000 1.0000 0.0000
vn 0.0000 1.0000 0.0000
vn 0.0000 1.0000 0.0000
vn 0.0000 1.0000 0.0000
vn 0.0000 1.0000 0.0000
vn 0.0000 1.0000 0.0000
vn 0.0000 1.0000 0.0000
vn 0.0000 1.0000 0.0000
vn 0.0000 1.0000 0.0000
vn 0.0000 1.0000 0.0000
vn 0.0000 1.0000 0.0000
vn 0.0000 1.0000 0.0000
vn 0.0000 1.0000 0.0000
vn 0.0000 1.0000 0.0000
vn 0.0000 1.0000 0.0000
vn 0.0000 1.0000 0.0000
vn 0.0000 1.0000 0.0000
vn 0.0000 1.0000 0.0000
vn 0.0000 1.0000 0.0000
vn 0.0000 1.0000 0.0000
vn 0.0000 1.0000 0.0000
vn 0.0000 1.0000 0.0000
vn 0.0000 1.0000 0.0000
vn 0.0000 1.0000 0.0000
vn 0.0000 1.0000 0.0000
vn 0.0000 1.0000 0.0000
vn 0.0000 1.0000 0.0000
vn 0.0000 1.0000 0.0000
vn 0.0000 1.0000 0.0000
vn 0.0000 1.0000 0.0000
vn 0.0000 1.0000 0.0000
vn 0.0000 1.0000 0.0000
vn 0.0000 1.0000 0.0000
vn 0.0000 1.0000 0.0000
vn 0.0000 1.0000 0.0000
vn 0.0000 1.0000 0.0000
vn 0.0000 1.0000 0.0000
vn 0.0000 1.0000 0.0000
vn 0.0000 1.0000 0.0000
vn 0.0000 1.0000 0.0000
vn 0.0000 1.0000 0.0000
vn 0.0000 1.0000 0.0000
vn 0.0000 1.0000 0.0000
vn 0.0000 1.0000 0.0000
vn 0.0000 1.0000 0.0000
vn 0.0000 1.0000 0.0000
vn 0.0000 1.0000 0.0000
vn 0.0000 1.0000 0.0000
vn 0.0000 1.0000 0.0000
vn 0.0000 1.0000 0.0000
vn 0.0000 1.0000 0.0000
vn 0.0000 1.0000 0.0000
vn 0.0000 1.0000 0.0000
vn 0.0000 1.0000 0.0000
vn 0.0000 1.0000 0.0000
vn 0.0000 1.0000 0.0000
vn 0.0000 1.0000 0.0000
vn 0.0000 1.0000 0.0000
vn 0.0000 1.0000 0.0000
vn 0.0000 1.0000 0.0000
vn 0.0000 1.0000 0.0000
vn 0.0000 1.0000 0.0000
vn 0.0000 1.0000 0.0000
vn 0.0000 1.0000 0.0000
vn 0.0000 1.0000 0.0000
vn 0.0000 1.0000 0.0000
vn 0.0000 1.0000 0.0000
vn 0.0000 1.0000 0.0000
vn 0.0000 1.0000 0.0000
vn 0.0000 1.0000 0.0000
vn 0.0000 1.0000 0.0000
vn 0.0000 1.0000 0.0000
vn 0.0000 1.0000 0.0000
vn 0.0000 1.0000 0.0000
vn 0.0000 1.0000 0.0000
vn 0.0000 1.0000 0.0000
vn 0.0000 1.0000 0.0000
vn 0.0000 1.0000 0.0000
vn 0.0000 1.0000 0.0000
vn 0.0000 1.0000 0.0000
vn 0.0000 1.0000 0.0000
vn 0.0000 1.0000 0.0000
vn 0.0000 1.0000 0.0000
vn 0.0000 1.0000 0.0000
vn 0.0000 1.0000 0.0000
vn 0.0000 1.0000 0.0000
vn 0.0000 1.0000 0.0000
vn 0.0000 1.0000 0.0000
vn 0.0000 1.0000 0.0000
vn 0.0000 1.0000 0.0000
vn 0.0000 1.0000 0.0000
vn 0.0000 1.0000 0.0000
vn 0.0000 1.0000 0.0000
vn 0.0000 1.0000 0.0000
vn 0.0000 1.0000 0.0000
vn 0.0000 1.0000 0.0000
vn 0.0000 1.0000 0.0000
vn 0.0000 1.0000 0.0000
vn 0.0000 1.0000 0.0000
vn 0.0000 1.0000 0.0000
vn 0.0000 1.0000 0.0000
vn 0.0000 1.0000 0.0000
vn 0.0000 1.0000 0.0000
vn 0.0000 1.0000 0.0000
vn 0.0000 1.0000 0.0000
vn 0.0000 1.0000 0.0000
vn 0.0000 1.0000 0.0000
vn 0.0000 1.0000 0.0000
vn 0.0000 1.0000 0.0000
vn 0.0000 1.0000 0.0000
vn 0.0000 1.0000 0.0000
vn 0.0000 1.0000 0.0000
vn 0.0000 1.0000 0.0000
vn 0.0000 1.0000 0.0000
vn 0.0000 1.0000 0.0000
vn 0.0000 1.0000 0.0000
vn 0.0000 1.0000 0.0000
vn 0.0000 1.0000 0.0000
vn 0.0000 1.0000 0.0000
vn 0.0000 1.0000 0.0000
vn 0.0000 1.0000 0.0000
vn 0.0000 1.0000 0.0000
vn 0.0000 1.0000 0.0000
vn 0.0000 1.0000 0.0000
vn 0.0000 1.0000 0.0000
vn 0.0000 1.0000 0.0000
vn 0.0000 1.0000 0.0000
vn 0.0000 1.0000 0.0000
vn 0.0000 1.0000 0.0000
vn 0.0000 1.0000 0.0000
vn 0.0000 1.0000 0.0000
vn 0.0000 1.0000 0.0000
vn 0.0000 1.0000 0.0000
vn 0.0000 1.0000 0.0000
vn 0.0000 1.0000 0.0000
vn 0.0000 1.0000 0.0000
vn 0.0000 1.0000 0.0000
vn 0.0000 1.0000 0.0000
vn 0.0000 1.0000 0.0000
vn 0.0000 1.0000 0.0000
vn 0.0000 1.0000 0.0000
vn 0.0000 1.0000 0.0000
vn 0.0000 1.0000 0.0000
vn 0.0000 1.0000 0.0000
vn 0.0000 1.0000 0.0000
vn 0.0000 1.0000 0.0000
vn 0.0000 1.0000 0.0000
vn 0.0000 1.0000 0.0000
vn 0.0000 1.0000 0.0000
vn 0.0000 1.0000 0.0000
vn 0.0000 1.0000 0.0000
vn 0.0000 1.0000 0.0000
vn 0.0000 1.0000 0.0000
vn 0.0000 1.0000 0.0000
vn 0.0000 1.0000 0.0000
vn 0.0000 1.0000 0.0000
vn 0.0000 1.0000 0.0000
vn 0.0000 1.0000 0.0000
vn 0.0000 1.0000 0.0000
vn 0.0000 1.0000 0.0000
vn 0.0000 1.0000 0.0000
vn 0.0000 1.0000 0.0000
vn 0.0000 1.0000 0.0000
vn 0.0000 1.0000 0.0000
vn 0.0000 1.0000 0.0000
vn 0.0000 1.0000 0.0000
vn 0.0000 1.0000 0.0000
vn 0.0000 1.0000 0.0000
vn 0.0000 1.0000 0.0000
vn 0.0000 1.0000 0.0000
vn 0.0000 1.0000 0.0000
vn 0.0000 1.0000 0.0000
vn 0.0000 1.0000 0.0000
vn 0.0000 1.0000 0.0000
vn 0.0000 1.0000 0.0000
vn 0.0000 1.0000 0.0000
vn 0.0000 1.0000 0.0000
vn 0.0000 1.0000 0.0000
vn 0.0000 1.0000 0.0000
vn 0.0000 1.0000 0.0000
vn 0.0000 1.0000 0.0000
vn 0.0000 1.0000 0.0000
vn 0.0000 1.0000 0.0000
vn 0.0000 1.0000 0.0000
vn 0.0000 1.0000 0.0000
vn 0.0000 1.0000 0.0000
vn 0.0000 1.0000 0.0000
vn 0.0000 1.0000 0.0000
vn 0.0000 1.0000 0.0000
vn 0.0000 1.0000 0.0000
vn 0.0000 1.0000 0.0000
vn 0.0000 1.0000 0.0000
vn 0.0000 1.0000 0.0000
vn 0.0000 1.0000 0.0000
vn 0.0000 1.0000 0.0000
vn 0.0000 1.0000 0.0000
vn 0.0000 1.0000 0.0000
vn 0.0000 1.0000 0.0000
vn 0.0000 1.0000 0.0000
vn 0.0000 1.0000 0.0000
vn 0.0000 1.0000 0.0000
vn 0.0000 1.0000 0.0000
vn 0.0000 1.0000 0.0000
vn 0.0000 1.0000 0.0000
vn 0.0000 1.0000 0.0000
vn 0.0000 1.0000 0.0000
vn 0.0000 1.0000 0.0000
vn 0.0000 1.0000 0.0000
vn 0.0000 1.0000 0.0000
vn 0.0000 1.0000 0.0000
vn 0.0000 1.0000 0.0000
vn 0.0000 1.0000 0.0000
vn 0.0000 1.0000 0.0000
vn 0.0000 1.0000 0.0000
vn 0.0000 1.0000 0.0000
vn 0.0000 1.0000 0.0000
vn 0.0000 1.0000 0.0000
vn 0.0000 1.0000 0.0000
vn 0.0000 1.0000 0.0000
vn 0.0000 1.0000 0.0000
vn 0.0000 1.0000 0.0000
vn 0.0000 1.0000 0.0000
vn 0.0000 1.0000 0.0000
vn 0.0000 1.0000 0.0000
vn 0.0000 1.0000 0.0000
vn 0.0000 1.0000 0.0000
vn 0.0000 1.0000 0.0000
vn 0.0000 1.0000 0.0000
vn 0.0000 1.0000 0.0000
vn 0.0000 1.0000 0.0000
vn 0.0000 1.0000 0.0000
vn 0.0000 1.0000 0.0000
vn 0.0000 1.0000 0.0000
vn 0.0000 1.0000 0.0000
vn 0.0000 1.0000 0.0000
vn 0.0000 1.0000 0.0000
vn 0.0000 1.0000 0.0000
vn 0.0000 1.0000 0.0000
vn 0.0000 1.0000 0.0000
vn 0.0000 1.0000 0.0000
vn 0.0000 1.0000 0.0000
vn 0.0000 1.0000 0.0000
vn 0.0000 1.0000 0.0000
vn 0.0000 1.0000 0.0000
vn 0.0000 1.0000 0.0000
vn 0.0000 1.0000 0.0000
vn 0.0000 1.0000 0.0000
vn 0.0000 1.0000 0.0000
vn 0.0000 1.0000 0.0000
vn 0.0000 1.0000 0.0000
vn 0.0000 1.0000 0.0000
vn 0.0000 1.0000 0.0000
vn 0.0000 1.0000 0.0000
vn 0.0000 1.0000 0.0000
vn 0.0000 1.0000 0.0000
vn 0.0000 1.0000 0.0000
vn 0.0000 1.0000 0.0000
vn 0.0000 1.0000 0.0000
vn 0.0000 1.0000 0.0000
vn 0.0000 1.0000 0.0000
vn 0.0000 1.0000 0.0000
vn 0.0000 1.0000 0.0000
vn 0.0000 1.0000 0.0000
vn 0.0000 1.0000 0.0000
vn 0.0000 1.0000 0.0000
vn 0.0000 1.0000 0.0000
vn 0.0000 1.0000 0.0000
vn 0.0000 1.0000 0.0000
vn 0.0000 1.0000 0.0000
vn 0.0000 1.0000 0.0000
vn 0.0000 1.0000 0.0000
vn 0.0000 1.0000 0.0000
vn 0.0000 1.0000 0.0000
vn 0.0000 1.0000 0.0000
vn 0.0000 1.0000 0.0000
vn 0.0000 1.0000 0.0000
vn 0.0000 1.0000 0.0000
vn 0.0000 1.0000 0.0000
vn 0.0000 1.0000 0.0000
vn 0.0000 1.0000 0.0000
vn 0.0000 1.0000 0.0000
vn 0.0000 1.0000 0.0000
vn 0.0000 1.0000 0.0000
vn 0.0000 1.0000 0.0000
vn 0.0000 1.0000 0.0000
vn 0.0000 1.0000 0.0000
vn 0.0000 1.0000 0.0000
vn 0.0000 1.0000 0.0000
vn 0.0000 1.0000 0.0000
vn 0.0000 1.0000 0.0000
vn 0.0000 1.0000 0.0000
vn 0.0000 1.0000 0.0000
vn 0.0000 1.0000 0.0000
vn 0.0000 1.0000 0.0000
vn 0.0000 1.0000 0.0000
vn 0.0000 1.0000 0.0000
vn 0.0000 1.0000 0.0000
vn 0.0000 1.0000 0.0000
vn 0.0000 1.0000 0.0000
vn 0.0000 1.0000 0.0000
vn 0.0000 1.0000 0.0000
vn 0.0000 1.0000 0.0000
vn 0.0000 1.0000 0.0000
vn 0.0000 1.0000 0.0000
vn 0.0000 1.0000 0.0000
vn 0.0000 1.0000 0.0000
vn 0.0000 1.0000 0.0000
vn 0.0000 1.0000 0.0000
vn 0.0000 1.0000 0.0000
vn 0.0000 1.0000 0.0000
vn 0.0000 1.0000 0.0000
vn 0.0000 1.0000 0.0000
vn 0.0000 1.0000 0.0000
vn 0.0000 1.0000 0.0000
vn 0.0000 1.0000 0.0000
vn 0.0000 1.0000 0.0000
vn 0.0000 1.0000 0.0000
vn 0.0000 1.0000 0.0000
vn 0.0000 1.0000 0.0000
vn 0.0000 1.0000 0.0000
vn 0.0000 1.0000 0.0000
vn 0.0000 1.0000 0.0000
vn 0.0000 1.0000 0.0000
vn 0.0000 1.0000 0.0000
vn 0.0000 1.0000 0.0000
vn 0.0000 1.0000 0.0000
vn 0.0000 1.0000 0.0000
vn 0.0000 1.0000 0.0000
vn 0.0000 1.0000 0.0000
vn 0.0000 1.0000 0.0000
vn 0.0000 1.0000 0.0000
vn 0.0000 1.0000 0.0000
vn 0.0000 1.0000 0.0000
vn 0.0000 1.0000 0.0000
vn 0.0000 1.0000 0.0000
vn 0.0000 1.0000 0.0000
vn 0.0000 1.0000 0.0000
vn 0.0000 1.0000 0.0000
vn 0.0000 1.0000 0.0000
vn 0.0000 1.0000 0.0000
vn 0.0000 1.0000 0.0000
vn 0.0000 1.0000 0.0000
vn 0.0000 1.0000 0.0000
vn 0.0000 1.0000 0.0000
vn 0.0000 1.0000 0.0000
vn 0.0000 1.0000 0.0000
vn 0.0000 1.0000 0.0000
vn 0.0000 1.0000 0.0000
vn 0.0000 1.0000 0.0000
vn 0.0000 1.0000 0.0000
vn 0.0000 1.0000 0.0000
vn 0.0000 1.0000 0.0000
vn 0.0000 1.0000 0.0000
vn 0.0000 1.0000 0.0000
vn 0.0000 1.0000 0.0000
vn 0.0000 1.0000 0.0000
vn 0.0000 1.0000 0.0000
vn 0.0000 1.0000 0.0000
vn 0.0000 1.0000 0.0000
vn 0.0000 1.0000 0.0000
vn 0.0000 1.0000 0.0000
vn 0.0000 1.0000 0.0000
vn 0.0000 1.0000 0.0000
vn 0.0000 1.0000 0.0000
vn 0.0000 1.0000 0.0000
vn 0.0000 1.0000 0.0000
vn 0.0000 1.0000 0.0000
vn 0.0000 1.0000 0.0000
vn 0.0000 1.0000 0.0000
vn 0.0000 1.0000 0.0000
vn 0.0000 1.0000 0.0000
vn 0.0000 1.0000 0.0000
vn 0.0000 1.0000 0.0000
vn 0.0000 1.0000 0.0000
vn 0.0000 1.0000 0.0000
vn 0.0000 1.0000 0.0000
vn 0.0000 1.0000 0.0000
vn 0.0000 1.0000 0.0000
vn 0.0000 1.0000 0.0000
vn 0.0000 1.0000 0.0000
vn 0.0000 1.0000 0.0000
vn 0.0000 1.0000 0.0000
vn 0.0000 1.0000 0.0000
vn 0.0000 1.0000 0.0000
vn 0.0000 1.0000 0.0000
vn 0.0000 1.0000 0.0000
vn 0.0000 1.0000 0.0000
vn 0.0000 1.0000 0.0000
vn 0.0000 1.0000 0.0000
vn 0.0000 1.0000 0.0000
vn 0.0000 1.0000 0.0000
vn 0.0000 1.0000 0.0000
vn 0.0000 1.0000 0.0000
vn 0.0000 1.0000 0.0000
vn 0.0000 1.0000 0.0000
vn 0.0000 1.0000 0.0000
vn 0.0000 1.0000 0.0000
vn 0.0000 1.0000 0.0000
vn 0.0000 1.0000 0.0000
vn 0.0000 1.0000 0.0000
vn 0.0000 1.0000 0.0000
vn 0.0000 1.0000 0.0000
vn 0.0000 1.0000 0.0000
vn 0.0000 1.0000 0.0000
vn 0.0000 1.0000 0.0000
vn 0.0000 1.0000 0.0000
vn 0.0000 1.0000 0.0000
vn 0.0000 1.0000 0.0000
vn 0.0000 1.0000 0.0000
vn 0.0000 1.0000 0.0000
vn 0.0000 1.0000 0.0000
vn 0.0000 1.0000 0.0000
vn 0.0000 1.0000 0.0000
vn 0.0000 1.0000 0.0000
vn 0.0000 1.0000 0.0000
vn 0.0000 1.0000 0.0000
vn 0.0000 1.0000 0.0000
vn 0.0000 1.0000 0.0000
vn 0.0000 1.0000 0.0000
vn 0.0000 1.0000 0.0000
vn 0.0000 1.0000 0.0000
vn 0.0000 1.0000 0.0000
vn 0.0000 1.0000 0.0000
vn 0.0000 1.0000 0.0000
vn 0.0000 1.0000 0.0000
vn 0.0000 1.0000 0.0000
vn 0.0000 1.0000 0.0000
vn 0.0000 1.0000 0.0000
vn 0.0000 1.0000 0.0000
vn 0.0000 1.0000 0.0000
vn 0.0000 1.0000 0.0000
vn 0.0000 1.0000 0.0000
vn 0.0000 1.0000 0.0000
vn 0.0000 1.0000 0.0000
vn 0.0000 1.0000 0.0000
vn 0.0000 1.0000 0.0000
vn 0.0000 1.0000 0.0000
vn 0.0000 1.0000 0.0000
vn 0.0000 1.0000 0.0000
vn 0.0000 1.0000 0.0000
vn 0.0000 1.0000 0.0000
vn 0.0000 1.0000 0.0000
vn 0.0000 1.0000 0.0000
vn 0.0000 1.0000 0.0000
vn 0.0000 1.0000 0.0000
vn 0.0000 1.0000 0.0000
vn 0.0000 1.0000 0.0000
vn 0.0000 1.0000 0.0000
vn 0.0000 1.0000 0.0000
vn 0.0000 1.0000 0.0000
vn 0.0000 1.0000 0.0000
vn 0.0000 1.0000 0.0000
vn 0.0000 1.0000 0.0000
vn 0.0000 1.0000 0.0000
vn 0.0000 1.0000 0.0000
vn 0.0000 1.0000 0.0000
vn 0.0000 1.0000 0.0000
vn 0.0000 1.0000 0.0000
vn 0.0000 1.0000 0.0000
vn 0.0000 1.0000 0.0000
vn 0.0000 1.0000 0.0000
vn 0.0000 1.0000 0.0000
vn 0.0000 1.0000 0.0000
vn 0.0000 1.0000 0.0000
vn 0.0000 1.0000 0.0000
vn 0.0000 1.0000 0.0000
vn 0.0000 1.0000 0.0000
vn 0.0000 1.0000 0.0000
vn 0.0000 1.0000 0.0000
vn 0.0000 1.0000 0.0000
vn 0.0000 1.0000 0.0000
vn 0.0000 1.0000 0.0000
vn 0.0000 1.0000 0.0000
vn 0.0000 1.0000 0.0000
vn 0.0000 1.0000 0.0000
vn 0.0000 1.0000 0.0000
vn 0.0000 1.0000 0.0000
vn 0.0000 1.0000 0.0000
vn 0.0000 1.0000 0.0000
vn 0.0000 1.0000 0.0000
vn 0.0000 1.0000 0.0000
vn 0.0000 1.0000 0.0000
vn 0.0000 1.0000 0.0000
vn 0.0000 1.0000 0.0000
vn 0.0000 1.0000 0.0000
vn 0.0000 1.0000 0.0000
vn 0.0000 1.0000 0.0000
vn 0.0000 1.0000 0.0000
vn 0.0000 1.0000 0.0000
vn 0.0000 1.0000 0.0000
vn 0.0000 1.0000 0.0000
vn 0.0000 1.0000 0.0000
vn 0.0000 1.0000 0.0000
vn 0.0000 1.0000 0.0000
vn 0.0000 1.0000 0.0000
vn 0.0000 1.0000 0.0000
vn 0.0000 1.0000 0.0000
vn 0.0000 1.0000 0.0000
vn 0.0000 1.0000 0.0000
vn 0.0000 1.0000 0.0000
vn 0.0000 1.0000 0.0000
vn 0.0000 1.0000 0.0000
vn 0.0000 1.0000 0.0000
vn 0.0000 1.0000 0.0000
vn 0.0000 1.0000 0.0000
vn 0.0000 1.0000 0.0000
vn 0.0000 1.0000 0.0000
vn 0.0000 1.0000 0.0000
vn 0.0000 1.0000 0.0000
vn 0.0000 1.0000 0.0000
vn 0.0000 1.0000 0.0000
vn 0.0000 1.0000 0.0000
vn 0.0000 1.0000 0.0000
vn 0.0000 1.0000 0.0000
vn 0.0000 1.0000 0.0000
vn 0.0000 1.0000 0.0000
vn 0.0000 1.0000 0.0000
vn 0.0000 1.0000 0.0000
vn 0.0000 1.0000 0.0000
vn 0.0000 1.0000 0.0000
vn 0.0000 1.0000 0.0000
vn 0.0000 1.0000 0.0000
vn 0.0000 1.0000 0.0000
vn 0.0000 1.0000 0.0000
vn 0.0000 1.0000 0.0000
vn 0.0000 1.0000 0.0000
vn 0.0000 1.0000 0.0000
vn 0.0000 1.0000 0.0000
vn 0.0000 1.0000 0.0000
vn 0.0000 1.0000 0.0000
vn 0.0000 1.0000 0.0000
vn 0.0000 1.0000 0.0000
vn 0.0000 1.0000 0.0000
vn 0.0000 1.0000 0.0000
vn 0.0000 1.0000 0.0000
vn 0.0000 1.0000 0.0000
vn 0.0000 1.0000 0.0000
vn 0.0000 1.0000 0.0000
vn 0.0000 1.0000 0.0000
vn 0.0000 1.0000 0.0000
vn 0.0000 1.0000 0.0000
vn 0.0000 1.0000 0.0000
vn 0.0000 1.0000 0.0000
vn 0.0000 1.0000 0.0000
vn 0.0000 1.0000 0.0000
vn 0.0000 1.0000 0.0000
vn 0.0000 1.0000 0.0000
vn 0.0000 1.0000 0.0000
vn 0.0000 1.0000 0.0000
vn 0.0000 1.0000 0.0000
vn 0.0000 1.0000 0.0000
vn 0.0000 1.0000 0.0000
vn 0.0000 1.0000 0.0000
vn 0.0000 1.0000 0.0000
vn 0.0000 1.0000 0.0000
vn 0.0000 1.0000 0.0000
vn 0.0000 1.0000 0.0000
vn 0.0000 1.0000 0.0000
vn 0.0000 1.0000 0.0000
vn 0.0000 1.0000 0.0000
vn 0.0000 1.0000 0.0000
vn 0.0000 1.0000 0.0000
vn 0.0000 1.0000 0.0000
vn 0.0000 1.0000 0.0000
vn 0.0000 1.0000 0.0000
vn 0.0000 1.0000 0.0000
vn 0.0000 1.0000 0.0000
vn 0.0000 1.0000 0.0000
vn 0.0000 1.0000 0.0000
vn 0.0000 1.0000 0.0000
vn 0.0000 1.0000 0.0000
vn 0.0000 1.0000 0.0000
vn 0.0000 1.0000 0.0000
vn 0.0000 1.0000 0.0000
vn 0.0000 1.0000 0.0000
vn 0.0000 1.0000 0.0000
vn 0.0000 1.0000 0.0000
vn 0.0000 1.0000 0.0000
vn 0.0000 1.0000 0.0000
vn 0.0000 1.0000 0.0000
vn 0.0000 1.0000 0.0000
vn 0.0000 1.0000 0.0000
vn 0.0000 1.0000 0.0000
vn 0.0000 1.0000 0.0000
vn 0.0000 1.0000 0.0000
vn 0.0000 1.0000 0.0000
vn 0.0000 1.0000 0.0000
vn 0.0000 1.0000 0.0000
vn 0.0000 1.0000 0.0000
vn 0.0000 1.0000 0.0000
vn 0.0000 1.0000 0.0000
vn 0.0000 1.0000 0.0000
vn 0.0000 1.0000 0.0000
vn 0.0000 1.0000 0.0000
vn 0.0000 1.0000 0.0000
vn 0.0000 1.0000 0.0000
vn 0.0000 1.0000 0.0000
vn 0.0000 1.0000 0.0000
vn 0.0000 1.0000 0.0000
vn 0.0000 1.0000 0.0000
vn 0.0000 1.0000 0.0000
vn 0.0000 1.0000 0.0000
vn 0.0000 1.0000 0.0000
vn 0.0000 1.0000 0.0000
vn 0.0000 1.0000 0.0000
vn 0.0000 1.0000 0.0000
vn 0.0000 1.0000 0.0000
vn 0.0000 1.0000 0.0000
vn 0.0000 1.0000 0.0000
vn 0.0000 1.0000 0.0000
vn 0.0000 1.0000 0.0000
vn 0.0000 1.0000 0.0000
vn 0.0000 1.0000 0.0000
vn 0.0000 1.0000 0.0000
vn 0.0000 1.0000 0.0000
vn 0.0000 1.0000 0.0000
vn 0.0000 1.0000 0.0000
vn 0.0000 1.0000 0.0000
vn 0.0000 1.0000 0.0000
vn 0.0000 1.0000 0.0000
vn 0.0000 1.0000 0.0000
vn 0.0000 1.0000 0.0000
vn 0.0000 1.0000 0.0000
vn 0.0000 1.0000 0.0000
vn 0.0000 1.0000 0.0000
vn 0.0000 1.0000 0.0000
vn 0.0000 1.0000 0.0000
vn 0.0000 1.0000 0.0000
vn 0.0000 1.0000 0.0000
vn 0.0000 1.0000 0.0000
vn 0.0000 1.0000 0.0000
vn 0.0000 1.0000 0.0000
vn 0.0000 1.0000 0.0000
vn 0.0000 1.0000 0.0000
vn 0.0000 1.0000 0.0000
vn 0.0000 1.0000 0.0000
vn 0.0000 1.0000 0.0000
vn 0.0000 1.0000 0.0000
vn 0.0000 1.0000 0.0000
vn 0.0000 1.0000 0.0000
vn 0.0000 1.0000 0.0000
vn 0.0000 1.0000 0.0000
vn 0.0000 1.0000 0.0000
vn 0.0000 1.0000 0.0000
vn 0.0000 1.0000 0.0000
vn 0.0000 1.0000 0.0000
vn 0.0000 1.0000 0.0000
vn 0.0000 1.0000 0.0000
vn 0.0000 1.0000 0.0000
vn 0.0000 1.0000 0.0000
vn 0.0000 1.0000 0.0000
vn 0.0000 1.0000 0.0000
vn 0.0000 1.0000 0.0000
vn 0.0000 1.0000 0.0000
vn 0.0000 1.0000 0.0000
vn 0.0000 1.0000 0.0000
vn 0.0000 1.0000 0.0000
vn 0.0000 1.0000 0.0000
vn 0.0000 1.0000 0.0000
vn 0.0000 1.0000 0.0000
vn 0.0000 1.0000 0.0000
vn 0.0000 1.0000 0.0000
vn 0.0000 1.0000 0.0000
vn 0.0000 1.0000 0.0000
vn 0.0000 1.0000 0.0000
vn 0.0000 1.0000 0.0000
vn 0.0000 1.0000 0.0000
vn 0.0000 1.0000 0.0000
vn 0.0000 1.0000 0.0000
vn 0.0000 1.0000 0.0000
vn 0.0000 1.0000 0.0000
vn 0.0000 1.0000 0.0000
vn 0.0000 1.0000 0.0000
vn 0.0000 1.0000 0.0000
vn 0.0000 1.0000 0.0000
vn 0.0000 1.0000 0.0000
vn 0.0000 1.0000 0.0000
vn 0.0000 1.0000 0.0000
vn 0.0000 1.0000 0.0000
vn 0.0000 1.0000 0.0000
vn 0.0000 1.0000 0.0000
vn 0.0000 1.0000 0.0000
vn 0.0000 1.0000 0.0000
vn 0.0000 1.0000 0.0000
vn 0.0000 1.0000 0.0000
vn 0.0000 1.0000 0.0000
vn 0.0000 1.0000 0.0000
vn 0.0000 1.0000 0.0000
vn 0.0000 1.0000 0.0000
vn 0.0000 1.0000 0.0000
vn 0.0000 1.0000 0.0000
vn 0.0000 1.0000 0.0000
vn 0.0000 1.0000 0.0000
vn 0.0000 1.0000 0.0000
vn 0.0000 1.0000 0.0000
vn 0.0000 1.0000 0.0000
vn 0.0000 1.0000 0.0000
vn 0.0000 1.0000 0.0000
vn 0.0000 1.0000 0.0000
vn 0.0000 1.0000 0.0000
vn 0.0000 1.0000 0.0000
vn 0.0000 1.0000 0.0000
vn 0.0000 1.0000 0.0000
vn 0.0000 1.0000 0.0000
vn 0.0000 1.0000 0.0000
vn 0.0000 1.0000 0.0000
vn 0.0000 1.0000 0.0000
vn 0.0000 1.0000 0.0000
vn 0.0000 1.0000 0.0000
vn 0.0000 1.0000 0.0000
vn 0.0000 1.0000 0.0000
vn 0.0000 1.0000 0.0000
vn 0.0000 1.0000 0.0000
vn 0.0000 1.0000 0.0000
vn 0.0000 1.0000 0.0000
vn 0.0000 1.0000 0.0000
vn 0.0000 1.0000 0.0000
vn 0.0000 1.0000 0.0000
vn 0.0000 1.0000 0.0000
vn 0.0000 1.0000 0.0000
vn 0.0000 1.0000 0.0000
vn 0.0000 1.0000 0.0000
vn 0.0000 1.0000 0.0000
vn 0.0000 1.0000 0.0000
vn 0.0000 1.0000 0.0000
vn 0.0000 1.0000 0.0000
vn 0.0000 1.0000 0.0000
vn 0.0000 1.0000 0.0000
vn 0.0000 1.0000 0.0000
vn 0.0000 1.0000 0.0000
vn 0.0000 1.0000 0.0000
vn 0.0000 1.0000 0.0000
vn 0.0000 1.0000 0.0000
vn 0.0000 1.0000 0.0000
vn 0.0000 1.0000 0.0000
vn 0.0000 1.0000 0.0000
vn 0.0000 1.0000 0.0000
vn 0.0000 1.0000 0.0000
vn 0.0000 1.0000 0.0000
vn 0.0000 1.0000 0.0000
vn 0.0000 1.0000 0.0000
vn 0.0000 1.0000 0.0000
vn 0.0000 1.0000 0.0000
vn 0.0000 1.0000 0.0000
vn 0.0000 1.0000 0.0000
vn 0.0000 1.0000 0.0000
vn 0.0000 1.0000 0.0000
vn 0.0000 1.0000 0.0000
vn 0.0000 1.0000 0.0000
vn 0.0000 1.0000 0.0000
vn 0.0000 1.0000 0.0000
vn 0.0000 1.0000 0.0000
vn 0.0000 1.0000 0.0000
vn 0.0000 1.0000 0.0000
vn 0.0000 1.0000 0.0000
vn 0.0000 1.0000 0.0000
vn 0.0000 1.0000 0.0000
vn 0.0000 1.0000 0.0000
vn 0.0000 1.0000 0.0000
vn 0.0000 1.0000 0.0000
vn 0.0000 1.0000 0.0000
vn 0.0000 1.0000 0.0000
vn 0.0000 1.0000 0.0000
vn 0.0000 1.0000 0.0000
vn 0.0000 1.0000 0.0000
vn 0.0000 1.0000 0.0000
vn 0.0000 1.0000 0.0000
vn 0.0000 1.0000 0.0000
vn 0.0000 1.0000 0.0000
vn 0.0000 1.0000 0.0000
vn 0.0000 1.0000 0.0000
vn 0.0000 1.0000 0.0000
vn 0.0000 1.0000 0.0000
vn 0.0000 1.0000 0.0000
vn 0.0000 1.0000 0.0000
vn 0.0000 1.0000 0.0000
vn 0.0000 1.0000 0.0000
vn 0.0000 1.0000 0.0000
vn 0.0000 1.0000 0.0000
vn 0.0000 1.0000 0.0000
vn 0.0000 1.0000 0.0000
vn 0.0000 1.0000 0.0000
vn 0.0000 1.0000 0.0000
vn 0.0000 1.0000 0.0000
vn 0.0000 1.0000 0.0000
vn 0.0000 1.0000 0.0000
vn 0.0000 1.0000 0.0000
vn 0.0000 1.0000 0.0000
vn 0.0000 1.0000 0.0000
vn 0.0000 1.0000 0.0000
vn 0.0000 1.0000 0.0000
vn 0.0000 1.0000 0.0000
vn 0.0000 1.0000 0.0000
vn 0.0000 1.0000 0.0000
vn 0.0000 1.0000 0.0000
vn 0.0000 1.0000 0.0000
vn 0.0000 1.0000 0.0000
vn 0.0000 1.0000 0.0000
vn 0.0000 1.0000 0.0000
vn 0.0000 1.0000 0.0000
vn 0.0000 1.0000 0.0000
vn 0.0000 1.0000 0.0000
vn 0.0000 1.0000 0.0000
vn 0.0000 1.0000 0.0000
vn 0.0000 1.0000 0.0000
vn 0.0000 1.0000 0.0000
vn 0.0000 1.0000 0.0000
vn 0.0000 1.0000 0.0000
vn 0.0000 1.0000 0.0000
vn 0.0000 1.0000 0.0000
vn 0.0000 1.0000 0.0000
vn 0.0000 1.0000 0.0000
vn 0.0000 1.0000 0.0000
vn 0.0000 1.0000 0.0000
vn 0.0000 1.0000 0.0000
vn 0.0000 1.0000 0.0000
vn 0.0000 1.0000 0.0000
vn 0.0000 1.0000 0.0000
vn 0.0000 1.0000 0.0000
vn 0.0000 1.0000 0.0000
vn 0.0000 1.0000 0.0000
vn 0.0000 1.0000 0.0000
vn 0.0000 1.0000 0.0000
vn 0.0000 1.0000 0.0000
vn 0.0000 1.0000 0.0000
vn 0.0000 1.0000 0.0000
vn 0.0000 1.0000 0.0000
vn 0.0000 1.0000 0.0000
vn 0.0000 1.0000 0.0000
vn 0.0000 1.0000 0.0000
vn 0.0000 1.0000 0.0000
vn 0.0000 1.0000 0.0000
vn 0.0000 1.0000 0.0000
vn 0.0000 1.0000 0.0000
vn 0.0000 1.0000 0.0000
vn 0.0000 1.0000 0.0000
vn 0.0000 1.0000 0.0000
vn 0.0000 1.0000 0.0000
vn 0.0000 1.0000 0.0000
vn 0.0000 1.0000 0.0000
vn 0.0000 1.0000 0.0000
vn 0.0000 1.0000 0.0000
vn 0.0000 1.0000 0.0000
vn 0.0000 1.0000 0.0000
vn 0.0000 1.0000 0.0000
vn 0.0000 1.0000 0.0000
vn 0.0000 1.0000 0.0000
vn 0.0000 1.0000 0.0000
vn 0.0000 1.0000 0.0000
vn 0.0000 1.0000 0.0000
vn 0.0000 1.0000 0.0000
vn 0.0000 1.0000 0.0000
vn 0.0000 1.0000 0.0000
vn 0.0000 1.0000 0.0000
vn 0.0000 1.0000 0.0000
vn 0.0000 1.0000 0.0000
vn 0.0000 1.0000 0.0000
vn 0.0000 1.0000 0.0000
vn 0.0000 1.0000 0.0000
vn 0.0000 1.0000 0.0000
vn 0.0000 1.0000 0.0000
vn 0.0000 1.0000 0.0000
vn 0.0000 1.0000 0.0000
vn 0.0000 1.0000 0.0000
vn 0.0000 1.0000 0.0000
vn 0.0000 1.0000 0.0000
vn 0.0000 1.0000 0.0000
vn 0.0000 1.0000 0.0000
vn 0.0000 1.0000 0.0000
vn 0.0000 1.0000 0.0000
vn 0.0000 1.0000 0.0000
vn 0.0000 1.0000 0.0000
vn 0.0000 1.0000 0.0000
vn 0.0000 1.0000 0.0000
vn 0.0000 1.0000 0.0000
vn 0.0000 1.0000 0.0000
vn 0.0000 1.0000 0.0000
vn 0.0000 1.0000 0.0000
vn 0.0000 1.0000 0.0000
vn 0.0000 1.0000 0.0000
vn 0.0000 1.0000 0.0000
vn 0.0000 1.0000 0.0000
vn 0.0000 1.0000 0.0000
vn 0.0000 1.0000 0.0000
vn 0.0000 1.0000 0.0000
vn 0.0000 1.0000 0.0000
vn 0.0000 1.0000 0.0000
vn 0.0000 1.0000 0.0000
vn 0.0000 1.0000 0.0000
vn 0.0000 1.0000 0.0000
vn 0.0000 1.0000 0.0000
vn 0.0000 1.0000 0.0000
vn 0.0000 1.0000 0.0000
vn 0.0000 1.0000 0.0000
vn 0.0000 1.0000 0.0000
vn 0.0000 1.0000 0.0000
vn 0.0000 1.0000 0.0000
vn 0.0000 1.0000 0.0000
vn 0.0000 1.0000 0.0000
vn 0.0000 1.0000 0.0000
vn 0.0000 1.0000 0.0000
vn 0.0000 1.0000 0.0000
vn 0.0000 1.0000 0.0000
vn 0.0000 1.0000 0.0000
vn 0.0000 1.0000 0.0000
vn 0.0000 1.0000 0.0000
vn 0.0000 1.0000 0.0000
vn 0.0000 1.0000 0.0000
vn 0.0000 1.0000 0.0000
vn 0.0000 1.0000 0.0000
vn 0.0000 1.0000 0.0000
vn 0.0000 1.0000 0.0000
vn 0.0000 1.0000 0.0000
vn 0.0000 1.0000 0.0000
vn 0.0000 1.0000 0.0000
vn 0.0000 1.0000 0.0000
vn 0.0000 1.0000 0.0000
vn 0.0000 1.0000 0.0000
vn 0.0000 1.0000 0.0000
vn 0.0000 1.0000 0.0000
vn 0.0000 1.0000 0.0000
vn 0.0000 1.0000 0.0000
vn 0.0000 1.0000 0.0000
vn 0.0000 1.0000 0.0000
vn 0.0000 1.0000 0.0000
vn 0.0000 1.0000 0.0000
vn 0.0000 1.0000 0.0000
vn 0.0000 1.0000 0.0000
vn 0.0000 1.0000 0.0000
vn 0.0000 1.0000 0.0000
vn 0.0000 1.0000 0.0000
vn 0.0000 1.0000 0.0000
vn 0.0000 1.0000 0.0000
vn 0.0000 1.0000 0.0000
vn 0.0000 1.0000 0.0000
vn 0.0000 1.0000 0.0000
vn 0.0000 1.0000 0.0000
vn 0.0000 1.0000 0.0000
vn 0.0000 1.0000 0.0000
vn 0.0000 1.0000 0.0000
vn 0.0000 1.0000 0.0000
vn 0.0000 1.0000 0.0000
vn 0.0000 1.0000 0.0000
vn 0.0000 1.0000 0.0000
vn 0.0000 1.0000 0.0000
vn 0.0000 1.0000 0.0000
vn 0.0000 1.0000 0.0000
vn 0.0000 1.0000 0.0000
vn 0.0000 1.0000 0.0000
vn 0.0000 1.0000 0.0000
vn 0.0000 1.0000 0.0000
vn 0.0000 1.0000 0.0000
vn 0.0000 1.0000 0.0000
vn 0.0000 1.0000 0.0000
vn 0.0000 1.0000 0.0000
vn 0.0000 1.0000 0.0000
vn 0.0000 1.0000 0.0000
vn 0.0000 1.0000 0.0000
vn 0.0000 1.0000 0.0000
vn 0.0000 1.0000 0.0000
vn 0.0000 1.0000 0.0000
vn 0.0000 1.0000 0.0000
vn 0.0000 1.0000 0.0000
vn 0.0000 1.0000 0.0000
vn 0.0000 1.0000 0.0000
vn 0.0000 1.0000 0.0000
vn 0.0000 1.0000 0.0000
vn 0.0000 1.0000 0.0000
vn 0.0000 1.0000 0.0000
vn 0.0000 1.0000 0.0000
vn 0.0000 1.0000 0.0000
vn 0.0000 1.0000 0.0000
vn 0.0000 1.0000 0.0000
vn 0.0000 1.0000 0.0000
vn 0.0000 1.0000 0.0000
vn 0.0000 1.0000 0.0000
vn 0.0000 1.0000 0.0000
vn 0.0000 1.0000 0.0000
vn 0.0000 1.0000 0.0000
vn 0.0000 1.0000 0.0000
vn 0.0000 1.0000 0.0000
vn 0.0000 1.0000 0.0000
vn 0.0000 1.0000 0.0000
vn 0.0000 1.0000 0.0000
vn 0.0000 1.0000 0.0000
vn 0.0000 1.0000 0.0000
vn 0.0000 1.0000 0.0000
vn 0.0000 1.0000 0.0000
vn 0.0000 1.0000 0.0000
vn 0.0000 1.0000 0.0000
vn 0.0000 1.0000 0.0000
vn 0.0000 1.0000 0.0000
vn 0.0000 1.0000 0.0000
vn 0.0000 1.0000 0.0000
vn 0.0000 1.0000 0.0000
vn 0.0000 1.0000 0.0000
vn 0.0000 1.0000 0.0000
vn 0.0000 1.0000 0.0000
vn 0.0000 1.0000 0.0000
vn 0.0000 1.0000 0.0000
vn 0.0000 1.0000 0.0000
vn 0.0000 1.0000 0.0000
vn 0.0000 1.0000 0.0000
vn 0.0000 1.0000 0.0000
vn 0.0000 1.0000 0.0000
vn 0.0000 1.0000 0.0000
vn 0.0000 1.0000 0.0000
vn 0.0000 1.0000 0.0000
vn 0.0000 1.0000 0.0000
vn 0.0000 1.0000 0.0000
vn 0.0000 1.0000 0.0000
vn 0.0000 1.0000 0.0000
vn 0.0000 1.0000 0.0000
vn 0.0000 1.0000 0.0000
vn 0.0000 1.0000 0.0000
vn 0.0000 1.0000 0.0000
vn 0.0000 1.0000 0.0000
vn 0.0000 1.0000 0.0000
vn 0.0000 1.0000 0.0000
vn 0.0000 1.0000 0.0000
vn 0.0000 1.0000 0.0000
vn 0.0000 1.0000 0.0000
vn 0.0000 1.0000 0.0000
vn 0.0000 1.0000 0.0000
vn 0.0000 1.0000 0.0000
vn 0.0000 1.0000 0.0000
vn 0.0000 1.0000 0.0000
vn 0.0000 1.0000 0.0000
vn 0.0000 1.0000 0.0000
vn 0.0000 1.0000 0.0000
vn 0.0000 1.0000 0.0000
vn 0.0000 1.0000 0.0000
vn 0.0000 1.0000 0.0000
vn 0.0000 1.0000 0.0000
vn 0.0000 1.0000 0.0000
vn 0.0000 1.0000 0.0000
vn 0.0000 1.0000 0.0000
vn 0.0000 1.0000 0.0000
vn 0.0000 1.0000 0.0000
vn 0.0000 1.0000 0.0000
vn 0.0000 1.0000 0.0000
vn 0.0000 1.0000 0.0000
vn 0.0000 1.0000 0.0000
vn 0.0000 1.0000 0.0000
vn 0.0000 1.0000 0.0000
vn 0.0000 1.0000 0.0000
vn 0.0000 1.0000 0.0000
vn 0.0000 1.0000 0.0000
vn 0.0000 1.0000 0.0000
vn 0.0000 1.0000 0.0000
vn 0.0000 1.0000 0.0000
vn 0.0000 1.0000 0.0000
vn 0.0000 1.0000 0.0000
vn 0.0000 1.0000 0.0000
vn 0.0000 1.0000 0.0000
vn 0.0000 1.0000 0.0000
vn 0.0000 1.0000 0.0000
vn 0.0000 1.0000 0.0000
vn 0.0000 1.0000 0.0000
vn 0.0000 1.0000 0.0000
vn 0.0000 1.0000 0.0000
vn 0.0000 1.0000 0.0000
vn 0.0000 1.0000 0.0000
vn 0.0000 1.0000 0.0000
vn 0.0000 1.0000 0.0000
vn 0.0000 1.0000 0.0000
vn 0.0000 1.0000 0.0000
vn 0.0000 1.0000 0.0000
vn 0.0000 1.0000 0.0000
vn 0.0000 1.0000 0.0000
vn 0.0000 1.0000 0.0000
vn 0.0000 1.0000 0.0000
vn 0.0000 1.0000 0.0000
vn 0.0000 1.0000 0.0000
vn 0.0000 1.0000 0.0000
vn 0.0000 1.0000 0.0000
vn 0.0000 1.0000 0.0000
vn 0.0000 1.0000 0.0000
vn 0.0000 1.0000 0.0000
vn 0.0000 1.0000 0.0000
vn 0.0000 1.0000 0.0000
vn 0.0000 1.0000 0.0000
vn 0.0000 1.0000 0.0000
vn 0.0000 1.0000 0.0000
vn 0.0000 1.0000 0.0000
vn 0.0000 1.0000 0.0000
vn 0.0000 1.0000 0.0000
vn 0.0000 1.0000 0.0000
vn 0.0000 1.0000 0.0000
vn 0.0000 1.0000 0.0000
vn 0.0000 1.0000 0.0000
vn 0.0000 1.0000 0.0000
vn 0.0000 1.0000 0.0000
vn 0.0000 1.0000 0.0000
vn 0.0000 1.0000 0.0000
vn 0.0000 1.0000 0.0000
vn 0.0000 1.0000 0.0000
vn 0.0000 1.0000 0.0000
vn 0.0000 1.0000 0.0000
vn 0.0000 1.0000 0.0000
vn 0.0000 1.0000 0.0000
vn 0.0000 1.0000 0.0000
vn 0.0000 1.0000 0.0000
vn 0.0000 1.0000 0.0000
vn 0.0000 1.0000 0.0000
vn 0.0000 1.0000 0.0000
vn 0.0000 1.0000 0.0000
vn 0.0000 1.0000 0.0000
vn 0.0000 1.0000 0.0000
vn 0.0000 1.0000 0.0000
vn 0.0000 1.0000 0.0000
vn 0.0000 1.0000 0.0000
vn 0.0000 1.0000 0.0000
vn 0.0000 1.0000 0.0000
vn 0.0000 1.0000 0.0000
vn 0.0000 1.0000 0.0000
vn 0.0000 1.0000 0.0000
vn 0.0000 1.0000 0.0000
vn 0.0000 1.0000 0.0000
vn 0.0000 1.0000 0.0000
vn 0.0000 1.0000 0.0000
vn 0.0000 1.0000 0.0000
vn 0.0000 1.0000 0.0000
vn 0.0000 1.0000 0.0000
vn 0.0000 1.0000 0.0000
vn 0.0000 1.0000 0.0000
vn 0.0000 1.0000 0.0000
vn 0.0000 1.0000 0.0000
vn 0.0000 1.0000 0.0000
vn 0.0000 1.0000 0.0000
vn 0.0000 1.0000 0.0000
vn 0.0000 1.0000 0.0000
vn 0.0000 1.0000 0.0000
vn 0.0000 1.0000 0.0000
vn 0.0000 1.0000 0.0000
vn 0.0000 1.0000 0.0000
vn 0.0000 1.0000 0.0000
vn 0.0000 1.0000 0.0000
vn 0.0000 1.0000 0.0000
vn 0.0000 1.0000 0.0000
vn 0.0000 1.0000 0.0000
vn 0.0000 1.0000 0.0000
vn 0.0000 1.0000 0.0000
vn 0.0000 1.0000 0.0000
vn 0.0000 1.0000 0.0000
vn 0.0000 1.0000 0.0000
vn 0.0000 1.0000 0.0000
vn 0.0000 1.0000 0.0000
vn 0.0000 1.0000 0.0000
vn 0.0000 1.0000 0.0000
vn 0.0000 1.0000 0.0000
vn 0.0000 1.0000 0.0000
vn 0.0000 1.0000 0.0000
vn 0.0000 1.0000 0.0000
vn 0.0000 1.0000 0.0000
vn 0.0000 1.0000 0.0000
vn 0.0000 1.0000 0.0000
vn 0.0000 1.0000 0.0000
vn 0.0000 1.0000 0.0000
vn 0.0000 1.0000 0.0000
vn 0.0000 1.0000 0.0000
vn 0.0000 1.0000 0.0000
vn 0.0000 1.0000 0.0000
vn 0.0000 1.0000 0.0000
vn 0.0000 1.0000 0.0000
vn 0.0000 1.0000 0.0000
vn 0.0000 1.0000 0.0000
vn 0.0000 1.0000 0.0000
vn 0.0000 1.0000 0.0000
vn 0.0000 1.0000 0.0000
vn 0.0000 1.0000 0.0000
vn 0.0000 1.0000 0.0000
vn 0.0000 1.0000 0.0000
vn 0.0000 1.0000 0.0000
vn 0.0000 1.0000 0.0000
vn 0.0000 1.0000 0.0000
vn 0.0000 1.0000 0.0000
vn 0.0000 1.0000 0.0000
vn 0.0000 1.0000 0.0000
vn 0.0000 1.0000 0.0000
vn 0.0000 1.0000 0.0000
vn 0.0000 1.0000 0.0000
vn 0.0000 1.0000 0.0000
vn 0.0000 1.0000 0.0000
vn 0.0000 1.0000 0.0000
vn 0.0000 1.0000 0.0000
vn 0.0000 1.0000 0.0000
vn 0.0000 1.0000 0.0000
vn 0.0000 1.0000 0.0000
vn 0.0000 1.0000 0.0000
vn 0.0000 1.0000 0.0000
vn 0.0000 1.0000 0.0000
vn 0.0000 1.0000 0.0000
vn 0.0000 1.0000 0.0000
vn 0.0000 1.0000 0.0000
vn 0.0000 1.0000 0.0000
vn 0.0000 1.0000 0.0000
vn 0.0000 1.0000 0.0000
vn 0.0000 1.0000 0.0000
vn 0.0000 1.0000 0.0000
vn 0.0000 1.0000 0.0000
vn 0.0000 1.0000 0.0000
vn 0.0000 1.0000 0.0000
vn 0.0000 1.0000 0.0000
vn 0.0000 1.0000 0.0000
vn 0.0000 1.0000 0.0000
vn 0.0000 1.0000 0.0000
vn 0.0000 1.0000 0.0000
vn 0.0000 1.0000 0.0000
vn 0.0000 1.0000 0.0000
vn 0.0000 1.0000 0.0000
vn 0.0000 1.0000 0.0000
vn 0.0000 1.0000 0.0000
vn 0.0000 1.0000 0.0000
vn 0.0000 1.0000 0.0000
vn 0.0000 1.0000 0.0000
vn 0.0000 1.0000 0.0000
vn 0.0000 1.0000 0.0000
vn 0.0000 1.0000 0.0000
vn 0.0000 1.0000 0.0000
vn 0.0000 1.0000 0.0000
vn 0.0000 1.0000 0.0000
vn 0.0000 1.0000 0.0000
vn 0.0000 1.0000 0.0000
vn 0.0000 1.0000 0.0000
vn 0.0000 1.0000 0.0000
vn 0.0000 1.0000 0.0000
vn 0.0000 1.0000 0.0000
vn 0.0000 1.0000 0.0000
vn 0.0000 1.0000 0.0000
vn 0.0000 1.0000 0.0000
vn 0.0000 1.0000 0.0000
vn 0.0000 1.0000 0.0000
vn 0.0000 1.0000 0.0000
vn 0.0000 1.0000 0.0000
vn 0.0000 1.0000 0.0000
vn 0.0000 1.0000 0.0000
vn 0.0000 1.0000 0.0000
vn 0.0000 1.0000 0.0000
vn 0.0000 1.0000 0.0000
vn 0.0000 1.0000 0.0000
vn 0.0000 1.0000 0.0000
vn 0.0000 1.0000 0.0000
vn 0.0000 1.0000 0.0000
vn 0.0000 1.0000 0.0000
vn 0.0000 1.0000 0.0000
vn 0.0000 1.0000 0.0000
vn 0.0000 1.0000 0.0000
vn 0.0000 1.0000 0.0000
vn 0.0000 1.0000 0.0000
vn 0.0000 1.0000 0.0000
vn 0.0000 1.0000 0.0000
vn 0.0000 1.0000 0.0000
vn 0.0000 1.0000 0.0000
vn 0.0000 1.0000 0.0000
vn 0.0000 1.0000 0.0000
vn 0.0000 1.0000 0.0000
vn 0.0000 1.0000 0.0000
vn 0.0000 1.0000 0.0000
vn 0.0000 1.0000 0.0000
vn 0.0000 1.0000 0.0000
vn 0.0000 1.0000 0.0000
vn 0.0000 1.0000 0.0000
vn 0.0000 1.0000 0.0000
vn 0.0000 1.0000 0.0000
vn 0.0000 1.0000 0.0000
vn 0.0000 1.0000 0.0000
vn 0.0000 1.0000 0.0000
vn 0.0000 1.0000 0.0000
vn 0.0000 1.0000 0.0000
vn 0.0000 1.0000 0.0000
vn 0.0000 1.0000 0.0000
vn 0.0000 1.0000 0.0000
vn 0.0000 1.0000 0.0000
vn 0.0000 1.0000 0.0000
vn 0.0000 1.0000 0.0000
vn 0.0000 1.0000 0.0000
vn 0.0000 1.0000 0.0000
vn 0.0000 1.0000 0.0000
vn 0.0000 1.0000 0.0000
vn 0.0000 1.0000 0.0000
vn 0.0000 1.0000 0.0000
vn 0.0000 1.0000 0.0000
vn 0.0000 1.0000 0.0000
vn 0.0000 1.0000 0.0000
vn 0.0000 1.0000 0.0000
vn 0.0000 1.0000 0.0000
vn 0.0000 1.0000 0.0000
vn 0.0000 1.0000 0.0000
vn 0.0000 1.0000 0.0000
vn 0.0000 1.0000 0.0000
vn 0.0000 1.0000 0.0000
vn 0.0000 1.0000 0.0000
vn 0.0000 1.0000 0.0000
vn 0.0000 1.0000 0.0000
vn 0.0000 1.0000 0.0000
vn 0.0000 1.0000 0.0000
vn 0.0000 1.0000 0.0000
vn 0.0000 1.0000 0.0000
vn 0.0000 1.0000 0.0000
vn 0.0000 1.0000 0.0000
vn 0.0000 1.0000 0.0000
vn 0.0000 1.0000 0.0000
vn 0.0000 1.0000 0.0000
vn 0.0000 1.0000 0.0000
vn 0.0000 1.0000 0.0000
vn 0.0000 1.0000 0.0000
vn 0.0000 1.0000 0.0000
vn 0.0000 1.0000 0.0000
vn 0.0000 1.0000 0.0000
vn 0.0000 1.0000 0.0000
vn 0.0000 1.0000 0.0000
vn 0.0000 1.0000 0.0000
vn 0.0000 1.0000 0.0000
vn 0.0000 1.0000 0.0000
vn 0.0000 1.0000 0.0000
vn 0.0000 1.0000 0.0000
vn 0.0000 1.0000 0.0000
vn 0.0000 1.0000 0.0000
vn 0.0000 1.0000 0.0000
vn 0.0000 1.0000 0.0000
vn 0.0000 1.0000 0.0000
vn 0.0000 1.0000 0.0000
vn 0.0000 1.0000 0.0000
vn 0.0000 1.0000 0.0000
vn 0.0000 1.0000 0.0000
vn 0.0000 1.0000 0.0000
vn 0.0000 1.0000 0.0000
vn 0.0000 1.0000 0.0000
vn 0.0000 1.0000 0.0000
vn 0.0000 1.0000 0.0000
vn 0.0000 1.0000 0.0000
vn 0.0000 1.0000 0.0000
vn 0.0000 1.0000 0.0000
vn 0.0000 1.0000 0.0000
vn 0.0000 1.0000 0.0000
vn 0.0000 1.0000 0.0000
vn 0.0000 1.0000 0.0000
vn 0.0000 1.0000 0.0000
vn 0.0000 1.0000 0.0000
vn 0.0000 1.0000 0.0000
vn 0.0000 1.0000 0.0000
vn 0.0000 1.0000 0.0000
vn 0.0000 1.0000 0.0000
vn 0.0000 1.0000 0.0000
vn 0.0000 1.0000 0.0000
vn 0.0000 1.0000 0.0000
vn 0.0000 1.0000 0.0000
vn 0.0000 1.0000 0.0000
vn 0.0000 1.0000 0.0000
vn 0.0000 1.0000 0.0000
vn 0.0000 1.0000 0.0000
vn 0.0000 1.0000 0.0000
vn 0.0000 1.0000 0.0000
vn 0.0000 1.0000 0.0000
vn 0.0000 1.0000 0.0000
vn 0.0000 1.0000 0.0000
vn 0.0000 1.0000 0.0000
vn 0.0000 1.0000 0.0000
vn 0.0000 1.0000 0.0000
vn 0.0000 1.0000 0.0000
vn 0.0000 1.0000 0.0000
vn 0.0000 1.0000 0.0000
vn 0.0000 1.0000 0.0000
vn 0.0000 1.0000 0.0000
vn 0.0000 1.0000 0.0000
vn 0.0000 1.0000 0.0000
vn 0.0000 1.0000 0.0000
vn 0.0000 1.0000 0.0000
vn 0.0000 1.0000 0.0000
vn 0.0000 1.0000 0.0000
vn 0.0000 1.0000 0.0000
vn 0.0000 1.0000 0.0000
vn 0.0000 1.0000 0.0000
vn 0.0000 1.0000 0.0000
vn 0.0000 1.0000 0.0000
vn 0.0000 1.0000 0.0000
vn 0.0000 1.0000 0.0000
vn 0.0000 1.0000 0.0000
vn 0.0000 1.0000 0.0000
vn 0.0000 1.0000 0.0000
vn 0.0000 1.0000 0.0000
vn 0.0000 1.0000 0.0000
vn 0.0000 1.0000 0.0000
vn 0.0000 1.0000 0.0000
vn 0.0000 1.0000 0.0000
vn 0.0000 1.0000 0.0000
vn 0.0000 1.0000 0.0000
vn 0.0000 1.0000 0.0000
vn 0.0000 1.0000 0.0000
vn 0.0000 1.0000 0.0000
vn 0.0000 1.0000 0.0000
vn 0.0000 1.0000 0.0000
vn 0.0000 1.0000 0.0000
vn 0.0000 1.0000 0.0000
vn 0.0000 1.0000 0.0000
vn 0.0000 1.0000 0.0000
vn 0.0000 1.0000 0.0000
vn 0.0000 1.0000 0.0000
vn 0.0000 1.0000 0.0000
vn 0.0000 1.0000 0.0000
vn 0.0000 1.0000 0.0000
vn 0.0000 1.0000 0.0000
vn 0.0000 1.0000 0.0000
vn 0.0000 1.0000 0.0000
vn 0.0000 1.0000 0.0000
vn 0.0000 1.0000 0.0000
vn 0.0000 1.0000 0.0000
vn 0.0000 1.0000 0.0000
vn 0.0000 1.0000 0.0000
vn 0.0000 1.0000 0.0000
vn 0.0000 1.0000 0.0000
vn 0.0000 1.0000 0.0000
vn 0.0000 1.0000 0.0000
vn 0.0000 1.0000 0.0000
vn 0.0000 1.0000 0.0000
vn 0.0000 1.0000 0.0000
vn 0.0000 1.0000 0.0000
vn 0.0000 1.0000 0.0000
vn 0.0000 1.0000 0.0000
vn 0.0000 1.0000 0.0000
vn 0.0000 1.0000 0.0000
vn 0.0000 1.0000 0.0000
vn 0.0000 1.0000 0.0000
vn 0.0000 1.0000 0.0000
vn 0.0000 1.0000 0.0000
vn 0.0000 1.0000 0.0000
vn 0.0000 1.0000 0.0000
vn 0.0000 1.0000 0.0000
vn 0.0000 1.0000 0.0000
vn 0.0000 1.0000 0.0000
vn 0.0000 1.0000 0.0000
vn 0.0000 1.0000 0.0000
vn 0.0000 1.0000 0.0000
vn 0.0000 1.0000 0.0000
vn 0.0000 1.0000 0.0000
vn 0.0000 1.0000 0.0000
vn 0.0000 1.0000 0.0000
vn 0.0000 1.0000 0.0000
vn 0.0000 1.0000 0.0000
vn 0.0000 1.0000 0.0000
vn 0.0000 1.0000 0.0000
vn 0.0000 1.0000 0.0000
vn 0.0000 1.0000 0.0000
vn 0.0000 1.0000 0.0000
vn 0.0000 1.0000 0.0000
vn 0.0000 1.0000 0.0000
vn 0.0000 1.0000 0.0000
vn 0.0000 1.0000 0.0000
vn 0.0000 1.0000 0.0000
vn 0.0000 1.0000 0.0000
vn 0.0000 1.0000 0.0000
vn 0.0000 1.0000 0.0000
vn 0.0000 1.0000 0.0000
vn 0.0000 1.0000 0.0000
vn 0.0000 1.0000 0.0000
vn 0.0000 1.0000 0.0000
vn 0.0000 1.0000 0.0000
vn 0.0000 1.0000 0.0000
vn 0.0000 1.0000 0.0000
vn 0.0000 1.0000 0.0000
vn 0.0000 1.0000 0.0000
vn 0.0000 1.0000 0.0000
vn 0.0000 1.0000 0.0000
vn 0.0000 1.0000 0.0000
vn 0.0000 1.0000 0.0000
vn 0.0000 1.0000 0.0000
vn 0.0000 1.0000 0.0000
vn 0.0000 1.0000 0.0000
vn 0.0000 1.0000 0.0000
vn 0.0000 1.0000 0.0000
vn 0.0000 1.0000 0.0000
vn 0.0000 1.0000 0.0000
vn 0.0000 1.0000 0.0000
vn 0.0000 1.0000 0.0000
vn 0.0000 1.0000 0.0000
vn 0.0000 1.0000 0.0000
vn 0.0000 1.0000 0.0000
vn 0.0000 1.0000 0.0000
vn 0.0000 1.0000 0.0000
vn 0.0000 1.0000 0.0000
vn 0.0000 1.0000 0.0000
vn 0.0000 1.0000 0.0000
vn 0.0000 1.0000 0.0000
vn 0.0000 1.0000 0.0000
vn 0.0000 1.0000 0.0000
vn 0.0000 1.0000 0.0000
vn 0.0000 1.0000 0.0000
vn 0.0000 1.0000 0.0000
vn 0.0000 1.0000 0.0000
vn 0.0000 1.0000 0.0000
vn 0.0000 1.0000 0.0000
vn 0.0000 1.0000 0.0000
vn 0.0000 1.0000 0.0000
vn 0.0000 1.0000 0.0000
vn 0.0000 1.0000 0.0000
vn 0.0000 1.0000 0.0000
vn 0.0000 1.0000 0.0000
vn 0.0000 1.0000 0.0000
vn 0.0000 1.0000 0.0000
vn 0.0000 1.0000 0.0000
vn 0.0000 1.0000 0.0000
vn 0.0000 1.0000 0.0000
vn 0.0000 1.0000 0.0000
vn 0.0000 1.0000 0.0000
vn 0.0000 1.0000 0.0000
vn 0.0000 1.0000 0.0000
vn 0.0000 1.0000 0.0000
vn 0.0000 1.0000 0.0000
vn 0.0000 1.0000 0.0000
vn 0.0000 1.0000 0.0000
vn 0.0000 1.0000 0.0000
vn 0.0000 1.0000 0.0000
vn 0.0000 1.0000 0.0000
vn 0.0000 1.0000 0.0000
vn 0.0000 1.0000 0.0000
vn 0.0000 1.0000 0.0000
vn 0.0000 1.0000 0.0000
vn 0.0000 1.0000 0.0000
vn 0.0000 1.0000 0.0000
vn 0.0000 1.0000 0.0000
vn 0.0000 1.0000 0.0000
vn 0.0000 1.0000 0.0000
vn 0.0000 1.0000 0.0000
vn 0.0000 1.0000 0.0000
vn 0.0000 1.0000 0.0000
vn 0.0000 1.0000 0.0000
vn 0.0000 1.0000 0.0000
vn 0.0000 1.0000 0.0000
vn 0.0000 1.0000 0.0000
vn 0.0000 1.0000 0.0000
vn 0.0000 1.0000 0.0000
vn 0.0000 1.0000 0.0000
vn 0.0000 1.0000 0.0000
vn 0.0000 1.0000 0.0000
vn 0.0000 1.0000 0.0000
vn 0.0000 1.0000 0.0000
vn 0.0000 1.0000 0.0000
vn 0.0000 1.0000 0.0000
vn 0.0000 1.0000 0.0000
vn 0.0000 1.0000 0.0000
vn 0.0000 1.0000 0.0000
vn 0.0000 1.0000 0.0000
vn 0.0000 1.0000 0.0000
vn 0.0000 1.0000 0.0000
vn 0.0000 1.0000 0.0000
vn 0.0000 1.0000 0.0000
vn 0.0000 1.0000 0.0000
vn 0.0000 1.0000 0.0000
vn 0.0000 1.0000 0.0000
vn 0.0000 1.0000 0.0000
vn 0.0000 1.0000 0.0000
vn 0.0000 1.0000 0.0000
vn 0.0000 1.0000 0.0000
vn 0.0000 1.0000 0.0000
vn 0.0000 1.0000 0.0000
vn 0.0000 1.0000 0.0000
vn 0.0000 1.0000 0.0000
vn 0.0000 1.0000 0.0000
vn 0.0000 1.0000 0.0000
vn 0.0000 1.0000 0.0000
vn 0.0000 1.0000 0.0000
vn 0.0000 1.0000 0.0000
vn 0.0000 1.0000 0.0000
vn 0.0000 1.0000 0.0000
vn 0.0000 1.0000 0.0000
vn 0.0000 1.0000 0.0000
vn 0.0000 1.0000 0.0000
vn 0.0000 1.0000 0.0000
vn 0.0000 1.0000 0.0000
vn 0.0000 1.0000 0.0000
vn 0.0000 1.0000 0.0000
vn 0.0000 1.0000 0.0000
vn 0.0000 1.0000 0.0000
vn 0.0000 1.0000 0.0000
vn 0.0000 1.0000 0.0000
vn 0.0000 1.0000 0.0000
vn 0.0000 1.0000 0.0000
vn 0.0000 1.0000 0.0000
vn 0.0000 1.0000 0.0000
vn 0.0000 1.0000 0.0000
vn 0.0000 1.0000 0.0000
vn 0.0000 1.0000 0.0000
vn 0.0000 1.0000 0.0000
vn 0.0000 1.0000 0.0000
vn 0.0000 1.0000 0.0000
vn 0.0000 1.0000 0.0000
vn 0.0000 1.0000 0.0000
vn 0.0000 1.0000 0.0000
vn 0.0000 1.0000 0.0000
vn 0.0000 1.0000 0.0000
vn 0.0000 1.0000 0.0000
vn 0.0000 1.0000 0.0000
vn 0.0000 1.0000 0.0000
vn 0.0000 1.0000 0.0000
vn 0.0000 1.0000 0.0000
vn 0.0000 1.0000 0.0000
vn 0.0000 1.0000 0.0000
vn 0.0000 1.0000 0.0000
vn 0.0000 1.0000 0.0000
vn 0.0000 1.0000 0.0000
vn 0.0000 1.0000 0.0000
vn 0.0000 1.0000 0.0000
vn 0.0000 1.0000 0.0000
vn 0.0000 1.0000 0.0000
vn 0.0000 1.0000 0.0000
vn 0.0000 1.0000 0.0000
vn 0.0000 1.0000 0.0000
vn 0.0000 1.0000 0.0000
vn 0.0000 1.0000 0.0000
vn 0.0000 1.0000 0.0000
vn 0.0000 1.0000 0.0000
vn 0.0000 1.0000 0.0000
vn 0.0000 1.0000 0.0000
vn 0.0000 1.0000 0.0000
vn 0.0000 1.0000 0.0000
vn 0.0000 1.0000 0.0000
vn 0.0000 1.0000 0.0000
vn 0.0000 1.0000 0.0000
vn 0.0000 1.0000 0.0000
vn 0.0000 1.0000 0.0000
vn 0.0000 1.0000 0.0000
vn 0.0000 1.0000 0.0000
vn 0.0000 1.0000 0.0000
vn 0.0000 1.0000 0.0000
vn 0.0000 1.0000 0.0000
vn 0.0000 1.0000 0.0000
vn 0.0000 1.0000 0.0000
vn 0.0000 1.0000 0.0000
vn 0.0000 1.0000 0.0000
vn 0.0000 1.0000 0.0000
vn 0.0000 1.0000 0.0000
vn 0.0000 1.0000 0.0000
vn 0.0000 1.0000 0.0000
vn 0.0000 1.0000 0.0000
vn 0.0000 1.0000 0.0000
vn 0.0000 1.0000 0.0000
vn 0.0000 1.0000 0.0000
vn 0.0000 1.0000 0.0000
vn 0.0000 1.0000 0.0000
vn 0.0000 1.0000 0.0000
vn 0.0000 1.0000 0.0000
vn 0.0000 1.0000 0.0000
vn 0.0000 1.0000 0.0000
vn 0.0000 1.0000 0.0000
vn 0.0000 1.0000 0.0000
vn 0.0000 1.0000 0.0000
vn 0.0000 1.0000 0.0000
vn 0.0000 1.0000 0.0000
vn 0.0000 1.0000 0.0000
vn 0.0000 1.0000 0.0000
vn 0.0000 1.0000 0.0000
vn 0.0000 1.0000 0.0000
vn 0.0000 1.0000 0.0000
vn 0.0000 1.0000 0.0000
vn 0.0000 1.0000 0.0000
vn 0.0000 1.0000 0.0000
vn 0.0000 1.0000 0.0000
vn 0.0000 1.0000 0.0000
vn 0.0000 1.0000 0.0000
vn 0.0000 1.0000 0.0000
vn 0.0000 1.0000 0.0000
vn 0.0000 1.0000 0.0000
vn 0.0000 1.0000 0.0000
vn 0.0000 1.0000 0.0000
vn 0.0000 1.0000 0.0000
vn 0.0000 1.0000 0.0000
vn 0.0000 1.0000 0.0000
vn 0.0000 1.0000 0.0000
vn 0.0000 1.0000 0.0000
vn 0.0000 1.0000 0.0000
vn 0.0000 1.0000 0.0000
vn 0.0000 1.0000 0.0000
vn 0.0000 1.0000 0.0000
vn 0.0000 1.0000 0.0000
vn 0.0000 1.0000 0.0000
vn 0.0000 1.0000 0.0000
vn 0.0000 1.0000 0.0000
vn 0.0000 1.0000 0.0000
vn 0.0000 1.0000 0.0000
vn 0.0000 1.0000 0.0000
vn 0.0000 1.0000 0.0000
vn 0.0000 1.0000 0.0000
vn 0.0000 1.0000 0.0000
vn 0.0000 1.0000 0.0000
vn 0.0000 1.0000 0.0000
vn 0.0000 1.0000 0.0000
vn 0.0000 1.0000 0.0000
vn 0.0000 1.0000 0.0000
vn 0.0000 1.0000 0.0000
vn 0.0000 1.0000 0.0000
vn 0.0000 1.0000 0.0000
vn 0.0000 1.0000 0.0000
vn 0.0000 1.0000 0.0000
vn 0.0000 1.0000 0.0000
vn 0.0000 1.0000 0.0000
vn 0.0000 1.0000 0.0000
vn 0.0000 1.0000 0.0000
vn 0.0000 1.0000 0.0000
vn 0.0000 1.0000 0.0000
vn 0.0000 1.0000 0.0000
vn 0.0000 1.0000 0.0000
vn 0.0000 1.0000 0.0000
vn 0.0000 1.0000 0.0000
vn 0.0000 1.0000 0.0000
vn 0.0000 1.0000 0.0000
vn 0.0000 1.0000 0.0000
vn 0.0000 1.0000 0.0000
vn 0.0000 1.0000 0.0000
vn 0.0000 1.0000 0.0000
vn 0.0000 1.0000 0.0000
vn 0.0000 1.0000 0.0000
vn 0.0000 1.0000 0.0000
vn 0.0000 1.0000 0.0000
vn 0.0000 1.0000 0.0000
vn 0.0000 1.0000 0.0000
vn 0.0000 1.0000 0.0000
vn 0.0000 1.0000 0.0000
vn 0.0000 1.0000 0.0000
vn 0.0000 1.0000 0.0000
vn 0.0000 1.0000 0.0000
vn 0.0000 1.0000 0.0000
vn 0.0000 1.0000 0.0000
vn 0.0000 1.0000 0.0000
vn 0.0000 1.0000 0.0000
vn 0.0000 1.0000 0.0000
vn 0.0000 1.0000 0.0000
vn 0.0000 1.0000 0.0000
vn 0.0000 1.0000 0.0000
vn 0.0000 1.0000 0.0000
vn 0.0000 1.0000 0.0000
vn 0.0000 1.0000 0.0000
vn 0.0000 1.0000 0.0000
vn 0.0000 1.0000 0.0000
vn 0.0000 1.0000 0.0000
vn 0.0000 1.0000 0.0000
vn 0.0000 1.0000 0.0000
vn 0.0000 1.0000 0.0000
vn 0.0000 1.0000 0.0000
vn 0.0000 1.0000 0.0000
vn 0.0000 1.0000 0.0000
vn 0.0000 1.0000 0.0000
vn 0.0000 1.0000 0.0000
vn 0.0000 1.0000 0.0000
vn 0.0000 1.0000 0.0000
vn 0.0000 1.0000 0.0000
vn 0.0000 1.0000 0.0000
vn 0.0000 1.0000 0.0000
vn 0.0000 1.0000 0.0000
vn 0.0000 1.0000 0.0000
vn 0.0000 1.0000 0.0000
vn 0.0000 1.0000 0.0000
vn 0.0000 1.0000 0.0000
vn 0.0000 1.0000 0.0000
vn 0.0000 1.0000 0.0000
vn 0.0000 1.0000 0.0000
vn 0.0000 1.0000 0.0000
vn 0.0000 1.0000 0.0000
vn 0.0000 1.0000 0.0000
vn 0.0000 1.0000 0.0000
vn 0.0000 1.0000 0.0000
vn 0.0000 1.0000 0.0000
vn 0.0000 1.0000 0.0000
vn 0.0000 1.0000 0.0000
vn 0.0000 1.0000 0.0000
vn 0.0000 1.0000 0.0000
vn 0.0000 1.0000 0.0000
vn 0.0000 1.0000 0.0000
vn 0.0000 1.0000 0.0000
vn 0.0000 1.0000 0.0000
vn 0.0000 1.0000 0.0000
vn 0.0000 1.0000 0.0000
vn 0.0000 1.0000 0.0000
vn 0.0000 1.0000 0.0000
vn 0.0000 1.0000 0.0000
vn 0.0000 1.0000 0.0000
vn 0.0000 1.0000 0.0000
vn 0.0000 1.0000 0.0000
vn 0.0000 1.0000 0.0000
vn 0.0000 1.0000 0.0000
vn 0.0000 1.0000 0.0000
vn 0.0000 1.0000 0.0000
vn 0.0000 1.0000 0.0000
vn 0.0000 1.0000 0.0000
vn 0.0000 1.0000 0.0000
vn 0.0000 1.0000 0.0000
vn 0.0000 1.0000 0.0000
vn 0.0000 1.0000 0.0000
vn 0.0000 1.0000 0.0000
vn 0.0000 1.0000 0.0000
vn 0.0000 1.0000 0.0000
vn 0.0000 1.0000 0.0000
vn 0.0000 1.0000 0.0000
vn 0.0000 1.0000 0.0000
vn 0.0000 1.0000 0.0000
vn 0.0000 1.0000 0.0000
vn 0.0000 1.0000 0.0000
vn 0.0000 1.0000 0.0000
vn 0.0000 1.0000 0.0000
vn 0.0000 1.0000 0.0000
vn 0.0000 1.0000 0.0000
vn 0.0000 1.0000 0.0000
vn 0.0000 1.0000 0.0000
vn 0.0000 1.0000 0.0000
vn 0.0000 1.0000 0.0000
vn 0.0000 1.0000 0.0000
vn 0.0000 1.0000 0.0000
vn 0.0000 1.0000 0.0000
vn 0.0000 1.0000 0.0000
vn 0.0000 1.0000 0.0000
vn 0.0000 1.0000 0.0000
vn 0.0000 1.0000 0.0000
vn 0.0000 1.0000 0.0000
vn 0.0000 1.0000 0.0000
vn 0.0000 1.0000 0.0000
vn 0.0000 1.0000 0.0000
vn 0.0000 1.0000 0.0000
vn 0.0000 1.0000 0.0000
vn 0.0000 1.0000 0.0000
vn 0.0000 1.0000 0.0000
vn 0.0000 1.0000 0.0000
vn 0.0000 1.0000 0.0000
vn 0.0000 1.0000 0.0000
vn 0.0000 1.0000 0.0000
vn 0.0000 1.0000 0.0000
vn 0.0000 1.0000 0.0000
vn 0.0000 1.0000 0.0000
vn 0.0000 1.0000 0.0000
vn 0.0000 1.0000 0.0000
vn 0.0000 1.0000 0.0000
vn 0.0000 1.0000 0.0000
vn 0.0000 1.0000 0.0000
vn 0.0000 1.0000 0.0000
vn 0.0000 1.0000 0.0000
vn 0.0000 1.0000 0.0000
vn 0.0000 1.0000 0.0000
vn 0.0000 1.0000 0.0000
vn 0.0000 1.0000 0.0000
vn 0.0000 1.0000 0.0000
vn 0.0000 1.0000 0.0000
vn 0.0000 1.0000 0.0000
vn 0.0000 1.0000 0.0000
vn 0.0000 1.0000 0.0000
vn 0.0000 1.0000 0.0000
vn 0.0000 1.0000 0.0000
vn 0.0000 1.0000 0.0000
vn 0.0000 1.0000 0.0000
vn 0.0000 1.0000 0.0000
vn 0.0000 1.0000 0.0000
vn 0.0000 1.0000 0.0000
vn 0.0000 1.0000 0.0000
vn 0.0000 1.0000 0.0000
vn 0.0000 1.0000 0.0000
vn 0.0000 1.0000 0.0000
vn 0.0000 1.0000 0.0000
vn 0.0000 1.0000 0.0000
vn 0.0000 1.0000 0.0000
vn 0.0000 1.0000 0.0000
vn 0.0000 1.0000 0.0000
vn 0.0000 1.0000 0.0000
vn 0.0000 1.0000 0.0000
vn 0.0000 1.0000 0.0000
vn 0.0000 1.0000 0.0000
vn 0.0000 1.0000 0.0000
vn 0.0000 1.0000 0.0000
vn 0.0000 1.0000 0.0000
vn 0.0000 1.0000 0.0000
vn 0.0000 1.0000 0.0000
vn 0.0000 1.0000 0.0000
vn 0.0000 1.0000 0.0000
vn 0.0000 1.0000 0.0000
vn 0.0000 1.0000 0.0000
vn 0.0000 1.0000 0.0000
vn 0.0000 1.0000 0.0000
vn 0.0000 1.0000 0.0000
vn 0.0000 1.0000 0.0000
vn 0.0000 1.0000 0.0000
vn 0.0000 1.0000 0.0000
vn 0.0000 1.0000 0.0000
vn 0.0000 1.0000 0.0000
vn 0.0000 1.0000 0.0000
vn 0.0000 1.0000 0.0000
vn 0.0000 1.0000 0.0000
vn 0.0000 1.0000 0.0000
vn 0.0000 1.0000 0.0000
vn 0.0000 1.0000 0.0000
vn 0.0000 1.0000 0.0000
vn 0.0000 1.0000 0.0000
vn 0.0000 1.0000 0.0000
vn 0.0000 1.0000 0.0000
vn 0.0000 1.0000 0.0000
vn 0.0000 1.0000 0.0000
vn 0.0000 1.0000 0.0000
vn 0.0000 1.0000 0.0000
vn 0.0000 1.0000 0.0000
vn 0.0000 1.0000 0.0000
vn 0.0000 1.0000 0.0000
vn 0.0000 1.0000 0.0000
vn 0.0000 1.0000 0.0000
vn 0.0000 1.0000 0.0000
vn 0.0000 1.0000 0.0000
vn 0.0000 1.0000 0.0000
vn 0.0000 1.0000 0.0000
vn 0.0000 1.0000 0.0000
vn 0.0000 1.0000 0.0000
vn 0.0000 1.0000 0.0000
vn 0.0000 1.0000 0.0000
vn 0.0000 1.0000 0.0000
vn 0.0000 1.0000 0.0000
vn 0.0000 1.0000 0.0000
vn 0.0000 1.0000 0.0000
vn 0.0000 1.0000 0.0000
vn 0.0000 1.0000 0.0000
vn 0.0000 1.0000 0.0000
vn 0.0000 1.0000 0.0000
vn 0.0000 1.0000 0.0000
vn 0.0000 1.0000 0.0000
vn 0.0000 1.0000 0.0000
vn 0.0000 1.0000 0.0000
vn 0.0000 1.0000 0.0000
vn 0.0000 1.0000 0.0000
vn 0.0000 1.0000 0.0000
vn 0.0000 1.0000 0.0000
vn 0.0000 1.0000 0.0000
vn 0.0000 1.0000 0.0000
vn 0.0000 1.0000 0.0000
vn 0.0000 1.0000 0.0000
vn 0.0000 1.0000 0.0000
vn 0.0000 1.0000 0.0000
vn 0.0000 1.0000 0.0000
vn 0.0000 1.0000 0.0000
vn 0.0000 1.0000 0.0000
vn 0.0000 1.0000 0.0000
vn 0.0000 1.0000 0.0000
vn 0.0000 1.0000 0.0000
vn 0.0000 1.0000 0.0000
vn 0.0000 1.0000 0.0000
vn 0.0000 1.0000 0.0000
vn 0.0000 1.0000 0.0000
vn 0.0000 1.0000 0.0000
vn 0.0000 1.0000 0.0000
vn 0.0000 1.0000 0.0000
vn 0.0000 1.0000 0.0000
vn 0.0000 1.0000 0.0000
vn 0.0000 1.0000 0.0000
vn 0.0000 1.0000 0.0000
vn 0.0000 1.0000 0.0000
vn 0.0000 1.0000 0.0000
vn 0.0000 1.0000 0.0000
vn 0.0000 1.0000 0.0000
vn 0.0000 1.0000 0.0000
vn 0.0000 1.0000 0.0000
vn 0.0000 1.0000 0.0000
vn 0.0000 1.0000 0.0000
vn 0.0000 1.0000 0.0000
vn 0.0000 1.0000 0.0000
vn 0.0000 1.0000 0.0000
vn 0.0000 1.0000 0.0000
vn 0.0000 1.0000 0.0000
vn 0.0000 1.0000 0.0000
vn 0.0000 1.0000 0.0000
vn 0.0000 1.0000 0.0000
vn 0.0000 1.0000 0.0000
vn 0.0000 1.0000 0.0000
vn 0.0000 1.0000 0.0000
vn 0.0000 1.0000 0.0000
vn 0.0000 1.0000 0.0000
vn 0.0000 1.0000 0.0000
vn 0.0000 1.0000 0.0000
vn 0.0000 1.0000 0.0000
vn 0.0000 1.0000 0.0000
vn 0.0000 1.0000 0.0000
vn 0.0000 1.0000 0.0000
vn 0.0000 1.0000 0.0000
vn 0.0000 1.0000 0.0000
vn 0.0000 1.0000 0.0000
vn 0.0000 1.0000 0.0000
vn 0.0000 1.0000 0.0000
vn 0.0000 1.0000 0.0000
vn 0.0000 1.0000 0.0000
vn 0.0000 1.0000 0.0000
vn 0.0000 1.0000 0.0000
vn 0.0000 1.0000 0.0000
vn 0.0000 1.0000 0.0000
vn 0.0000 1.0000 0.0000
vn 0.0000 1.0000 0.0000
vn 0.0000 1.0000 0.0000
vn 0.0000 1.0000 0.0000
vn 0.0000 1.0000 0.0000
vn 0.0000 1.0000 0.0000
vn 0.0000 1.0000 0.0000
vn 0.0000 1.0000 0.0000
vn 0.0000 1.0000 0.0000
vn 0.0000 1.0000 0.0000
vn 0.0000 1.0000 0.0000
vn 0.0000 1.0000 0.0000
vn 0.0000 1.0000 0.0000
vn 0.0000 1.0000 0.0000
vn 0.0000 1.0000 0.0000
vn 0.0000 1.0000 0.0000
vn 0.0000 1.0000 0.0000
vn 0.0000 1.0000 0.0000
vn 0.0000 1.0000 0.0000
vn 0.0000 1.0000 0.0000
vn 0.0000 1.0000 0.0000
vn 0.0000 1.0000 0.0000
vn 0.0000 1.0000 0.0000
vn 0.0000 1.0000 0.0000
vn 0.0000 1.0000 0.0000
vn 0.0000 1.0000 0.0000
vn 0.0000 1.0000 0.0000
vn 0.0000 1.0000 0.0000
vn 0.0000 1.0000 0.0000
vn 0.0000 1.0000 0.0000
vn 0.0000 1.0000 0.0000
vn 0.0000 1.0000 0.0000
vn 0.0000 1.0000 0.0000
vn 0.0000 1.0000 0.0000
vn 0.0000 1.0000 0.0000
vn 0.0000 1.0000 0.0000
vn 0.0000 1.0000 0.0000
vn 0.0000 1.0000 0.0000
vn 0.0000 1.0000 0.0000
vn 0.0000 1.0000 0.0000
vn 0.0000 1.0000 0.0000
vn 0.0000 1.0000 0.0000
vn 0.0000 1.0000 0.0000
vn 0.0000 1.0000 0.0000
vn 0.0000 1.0000 0.0000
vn 0.0000 1.0000 0.0000
vn 0.0000 1.0000 0.0000
vn 0.0000 1.0000 0.0000
vn 0.0000 1.0000 0.0000
vn 0.0000 1.0000 0.0000
vn 0.0000 1.0000 0.0000
vn 0.0000 1.0000 0.0000
vn 0.0000 1.0000 0.0000
vn 0.0000 1.0000 0.0000
vn 0.0000 1.0000 0.0000
vn 0.0000 1.0000 0.0000
vn 0.0000 1.0000 0.0000
vn 0.0000 1.0000 0.0000
vn 0.0000 1.0000 0.0000
vn 0.0000 1.0000 0.0000
vn 0.0000 1.0000 0.0000
vn 0.0000 1.0000 0.0000
vn 0.0000 1.0000 0.0000
vn 0.0000 1.0000 0.0000
vn 0.0000 1.0000 0.0000
vn 0.0000 1.0000 0.0000
vn 0.0000 1.0000 0.0000
vn 0.0000 1.0000 0.0000
vn 0.0000 1.0000 0.0000
vn 0.0000 1.0000 0.0000
vn 0.0000 1.0000 0.0000
vn 0.0000 1.0000 0.0000
vn 0.0000 1.0000 0.0000
vn 0.0000 1.0000 0.0000
vn 0.0000 1.0000 0.0000
vn 0.0000 1.0000 0.0000
vn 0.0000 1.0000 0.0000
vn 0.0000 1.0000 0.0000
vn 0.0000 1.0000 0.0000
vn 0.0000 1.0000 0.0000
vn 0.0000 1.0000 0.0000
vn 0.0000 1.0000 0.0000
vn 0.0000 1.0000 0.0000
vn 0.0000 1.0000 0.0000
vn 0.0000 1.0000 0.0000
vn 0.0000 1.0000 0.0000
vn 0.0000 1.0000 0.0000
vn 0.0000 1.0000 0.0000
vn 0.0000 1.0000 0.0000
vn 0.0000 1.0000 0.0000
vn 0.0000 1.0000 0.0000
vn 0.0000 1.0000 0.0000
vn 0.0000 1.0000 0.0000
vn 0.0000 1.0000 0.0000
vn 0.0000 1.0000 0.0000
vn 0.0000 1.0000 0.0000
vn 0.0000 1.0000 0.0000
vn 0.0000 1.0000 0.0000
vn 0.0000 1.0000 0.0000
vn 0.0000 1.0000 0.0000
vn 0.0000 1.0000 0.0000
vn 0.0000 1.0000 0.0000
vn 0.0000 1.0000 0.0000
vn 0.0000 1.0000 0.0000
vn 0.0000 1.0000 0.0000
vn 0.0000 1.0000 0.0000
vn 0.0000 1.0000 0.0000
vn 0.0000 1.0000 0.0000
vn 0.0000 1.0000 0.0000
vn 0.0000 1.0000 0.0000
vn 0.0000 1.0000 0.0000
vn 0.0000 1.0000 0.0000
vn 0.0000 1.0000 0.0000
vn 0.0000 1.0000 0.0000
vn 0.0000 1.0000 0.0000
vn 0.0000 1.0000 0.0000
vn 0.0000 1.0000 0.0000
vn 0.0000 1.0000 0.0000
vn 0.0000 1.0000 0.0000
vn 0.0000 1.0000 0.0000
vn 0.0000 1.0000 0.0000
vn 0.0000 1.0000 0.0000
vn 0.0000 1.0000 0.0000
vn 0.0000 1.0000 0.0000
vn 0.0000 1.0000 0.0000
vn 0.0000 1.0000 0.0000
vn 0.0000 1.0000 0.0000
vn 0.0000 1.0000 0.0000
vn 0.0000 1.0000 0.0000
vn 0.0000 1.0000 0.0000
vn 0.0000 1.0000 0.0000
vn 0.0000 1.0000 0.0000
vn 0.0000 1.0000 0.0000
vn 0.0000 1.0000 0.0000
vn 0.0000 1.0000 0.0000
vn 0.0000 1.0000 0.0000
vn 0.0000 1.0000 0.0000
vn 0.0000 1.0000 0.0000
vn 0.0000 1.0000 0.0000
vn 0.0000 1.0000 0.0000
vn 0.0000 1.0000 0.0000
vn 0.0000 1.0000 0.0000
vn 0.0000 1.0000 0.0000
vn 0.0000 1.0000 0.0000
vn 0.0000 1.0000 0.0000
vn 0.0000 1.0000 0.0000
vn 0.0000 1.0000 0.0000
vn 0.0000 1.0000 0.0000
vn 0.0000 1.0000 0.0000
vn 0.0000 1.0000 0.0000
vn 0.0000 1.0000 0.0000
vn 0.0000 1.0000 0.0000
vn 0.0000 1.0000 0.0000
vn 0.0000 1.0000 0.0000
vn 0.0000 1.0000 0.0000
vn 0.0000 1.0000 0.0000
vn 0.0000 1.0000 0.0000
vn 0.0000 1.0000 0.0000
vn 0.0000 1.0000 0.0000
vn 0.0000 1.0000 0.0000
vn 0.0000 1.0000 0.0000
vn 0.0000 1.0000 0.0000
vn 0.0000 1.0000 0.0000
vn 0.0000 1.0000 0.0000
vn 0.0000 1.0000 0.0000
vn 0.0000 1.0000 0.0000
vn 0.0000 1.0000 0.0000
vn 0.0000 1.0000 0.0000
vn 0.0000 1.0000 0.0000
vn 0.0000 1.0000 0.0000
vn 0.0000 1.0000 0.0000
vn 0.0000 1.0000 0.0000
vn 0.0000 1.0000 0.0000
vn 0.0000 1.0000 0.0000
vn 0.0000 1.0000 0.0000
vn 0.0000 1.0000 0.0000
vn 0.0000 1.0000 0.0000
vn 0.0000 1.0000 0.0000
vn 0.0000 1.0000 0.0000
vn 0.0000 1.0000 0.0000
vn 0.0000 1.0000 0.0000
vn 0.0000 1.0000 0.0000
vn 0.0000 1.0000 0.0000
vn 0.0000 1.0000 0.0000
vn 0.0000 1.0000 0.0000
vn 0.0000 1.0000 0.0000
vn 0.0000 1.0000 0.0000
vn 0.0000 1.0000 0.0000
vn 0.0000 1.0000 0.0000
vn 0.0000 1.0000 0.0000
vn 0.0000 1.0000 0.0000
vn 0.0000 1.0000 0.0000
vn 0.0000 1.0000 0.0000
vn 0.0000 1.0000 0.0000
vn 0.0000 1.0000 0.0000
vn 0.0000 1.0000 0.0000
vn 0.0000 1.0000 0.0000
vn 0.0000 1.0000 0.0000
vn 0.0000 1.0000 0.0000
vn 0.0000 1.0000 0.0000
vn 0.0000 1.0000 0.0000
vn 0.0000 1.0000 0.0000
vn 0.0000 1.0000 0.0000
vn 0.0000 1.0000 0.0000
vn 0.0000 1.0000 0.0000
vn 0.0000 1.0000 0.0000
vn 0.0000 1.0000 0.0000
vn 0.0000 1.0000 0.0000
vn 0.0000 1.0000 0.0000
vn 0.0000 1.0000 0.0000
vn 0.0000 1.0000 0.0000
vn 0.0000 1.0000 0.0000
vn 0.0000 1.0000 0.0000
vn 0.0000 1.0000 0.0000
vn 0.0000 1.0000 0.0000
vn 0.0000 1.0000 0.0000
vn 0.0000 1.0000 0.0000
vn 0.0000 1.0000 0.0000
vn 0.0000 1.0000 0.0000
vn 0.0000 1.0000 0.0000
vn 0.0000 1.0000 0.0000
vn 0.0000 1.0000 0.0000
vn 0.0000 1.0000 0.0000
vn 0.0000 1.0000 0.0000
vn 0.0000 1.0000 0.0000
vn 0.0000 1.0000 0.0000
vn 0.0000 1.0000 0.0000
vn 0.0000 1.0000 0.0000
vn 0.0000 1.0000 0.0000
vn 0.0000 1.0000 0.0000
vn 0.0000 1.0000 0.0000
vn 0.0000 1.0000 0.0000
vn 0.0000 1.0000 0.0000
vn 0.0000 1.0000 0.0000
vn 0.0000 1.0000 0.0000
vn 0.0000 1.0000 0.0000
vn 0.0000 1.0000 0.0000
vn 0.0000 1.0000 0.0000
vn 0.0000 1.0000 0.0000
vn 0.0000 1.0000 0.0000
vn 0.0000 1.0000 0.0000
vn 0.0000 1.0000 0.0000
vn 0.0000 1.0000 0.0000
vn 0.0000 1.0000 0.0000
vn 0.0000 1.0000 0.0000
vn 0.0000 1.0000 0.0000
vn 0.0000 1.0000 0.0000
vn 0.0000 1.0000 0.0000
vn 0.0000 1.0000 0.0000
vn 0.0000 1.0000 0.0000
vn 0.0000 1.0000 0.0000
vn 0.0000 1.0000 0.0000
vn 0.0000 1.0000 0.0000
vn 0.0000 1.0000 0.0000
vn 0.0000 1.0000 0.0000
vn 0.0000 1.0000 0.0000
vn 0.0000 1.0000 0.0000
vn 0.0000 1.0000 0.0000
vn 0.0000 1.0000 0.0000
vn 0.0000 1.0000 0.0000
vn 0.0000 1.0000 0.0000
vn 0.0000 1.0000 0.0000
vn 0.0000 1.0000 0.0000
vn 0.0000 1.0000 0.0000
vn 0.0000 1.0000 0.0000
vn 0.0000 1.0000 0.0000
vn 0.0000 1.0000 0.0000
vn 0.0000 1.0000 0.0000
vn 0.0000 1.0000 0.0000
vn 0.0000 1.0000 0.0000
vn 0.0000 1.0000 0.0000
vn 0.0000 1.0000 0.0000
vn 0.0000 1.0000 0.0000
vn 0.0000 1.0000 0.0000
vn 0.0000 1.0000 0.0000
vn 0.0000 1.0000 0.0000
vn 0.0000 1.0000 0.0000
vn 0.0000 1.0000 0.0000
vn 0.0000 1.0000 0.0000
vn 0.0000 1.0000 0.0000
vn 0.0000 1.0000 0.0000
vn 0.0000 1.0000 0.0000
vn 0.0000 1.0000 0.0000
vn 0.0000 1.0000 0.0000
vn 0.0000 1.0000 0.0000
vn 0.0000 1.0000 0.0000
vn 0.0000 1.0000 0.0000
vn 0.0000 1.0000 0.0000
vn 0.0000 1.0000 0.0000
vn 0.0000 1.0000 0.0000
vn 0.0000 1.0000 0.0000
vn 0.0000 1.0000 0.0000
vn 0.0000 1.0000 0.0000
vn 0.0000 1.0000 0.0000
vn 0.0000 1.0000 0.0000
vn 0.0000 1.0000 0.0000
vn 0.0000 1.0000 0.0000
vn 0.0000 1.0000 0.0000
vn 0.0000 1.0000 0.0000
vn 0.0000 1.0000 0.0000
vn 0.0000 1.0000 0.0000
vn 0.0000 1.0000 0.0000
vn 0.0000 1.0000 0.0000
vn 0.0000 1.0000 0.0000
vn 0.0000 1.0000 0.0000
vn 0.0000 1.0000 0.0000
vn 0.0000 1.0000 0.0000
vn 0.0000 1.0000 0.0000
vn 0.0000 1.0000 0.0000
vn 0.0000 1.0000 0.0000
vn 0.0000 1.0000 0.0000
vn 0.0000 1.0000 0.0000
vn 0.0000 1.0000 0.0000
vn 0.0000 1.0000 0.0000
vn 0.0000 1.0000 0.0000
vn 0.0000 1.0000 0.0000
vn 0.0000 1.0000 0.0000
vn 0.0000 1.0000 0.0000
vn 0.0000 1.0000 0.0000
vn 0.0000 1.0000 0.0000
vn 0.0000 1.0000 0.0000
vn 0.0000 1.0000 0.0000
vn 0.0000 1.0000 0.0000
vn 0.0000 1.0000 0.0000
vn 0.0000 1.0000 0.0000
vn 0.0000 1.0000 0.0000
vn 0.0000 1.0000 0.0000
vn 0.0000 1.0000 0.0000
vn 0.0000 1.0000 0.0000
vn 0.0000 1.0000 0.0000
vn 0.0000 1.0000 0.0000
vn 0.0000 1.0000 0.0000
vn 0.0000 1.0000 0.0000
vn 0.0000 1.0000 0.0000
vn 0.0000 1.0000 0.0000
vn 0.0000 1.0000 0.0000
vn 0.0000 1.0000 0.0000
vn 0.0000 1.0000 0.0000
vn 0.0000 1.0000 0.0000
vn 0.0000 1.0000 0.0000
vn 0.0000 1.0000 0.0000
vn 0.0000 1.0000 0.0000
vn 0.0000 1.0000 0.0000
vn 0.0000 1.0000 0.0000
vn 0.0000 1.0000 0.0000
vn 0.0000 1.0000 0.0000
vn 0.0000 1.0000 0.0000
vn 0.0000 1.0000 0.0000
vn 0.0000 1.0000 0.0000
vn 0.0000 1.0000 0.0000
vn 0.0000 1.0000 0.0000
vn 0.0000 1.0000 0.0000
vn 0.0000 1.0000 0.0000
vn 0.0000 1.0000 0.0000
vn 0.0000 1.0000 0.0000
vn 0.0000 1.0000 0.0000
vn 0.0000 1.0000 0.0000
vn 0.0000 1.0000 0.0000
vn 0.0000 1.0000 0.0000
vn 0.0000 1.0000 0.0000
vn 0.0000 1.0000 0.0000
vn 0.0000 1.0000 0.0000
vn 0.0000 1.0000 0.0000
vn 0.0000 1.0000 0.0000
vn 0.0000 1.0000 0.0000
vn 0.0000 1.0000 0.0000
vn 0.0000 1.0000 0.0000
vn 0.0000 1.0000 0.0000
vn 0.0000 1.0000 0.0000
vn 0.0000 1.0000 0.0000
vn 0.0000 1.0000 0.0000
vn 0.0000 1.0000 0.0000
vn 0.0000 1.0000 0.0000
vn 0.0000 1.0000 0.0000
vn 0.0000 1.0000 0.0000
vn 0.0000 1.0000 0.0000
vn 0.0000 1.0000 0.0000
vn 0.0000 1.0000 0.0000
vn 0.0000 1.0000 0.0000
vn 0.0000 1.0000 0.0000
vn 0.0000 1.0000 0.0000
vn 0.0000 1.0000 0.0000
vn 0.0000 1.0000 0.0000
vn 0.0000 1.0000 0.0000
vn 0.0000 1.0000 0.0000
vn 0.0000 1.0000 0.0000
vn 0.0000 1.0000 0.0000
vn 0.0000 1.0000 0.0000
vn 0.0000 1.0000 0.0000
vn 0.0000 1.0000 0.0000
vn 0.0000 1.0000 0.0000
vn 0.0000 1.0000 0.0000
vn 0.0000 1.0000 0.0000
vn 0.0000 1.0000 0.0000
vn 0.0000 1.0000 0.0000
vn 0.0000 1.0000 0.0000
vn 0.0000 1.0000 0.0000
vn 0.0000 1.0000 0.0000
vn 0.0000 1.0000 0.0000
vn 0.0000 1.0000 0.0000
vn 0.0000 1.0000 0.0000
vn 0.0000 1.0000 0.0000
vn 0.0000 1.0000 0.0000
vn 0.0000 1.0000 0.0000
vn 0.0000 1.0000 0.0000
vn 0.0000 1.0000 0.0000
vn 0.0000 1.0000 0.0000
vn 0.0000 1.0000 0.0000
vn 0.0000 1.0000 0.0000
vn 0.0000 1.0000 0.0000
vn 0.0000 1.0000 0.0000
vn 0.0000 1.0000 0.0000
vn 0.0000 1.0000 0.0000
vn 0.0000 1.0000 0.0000
vn 0.0000 1.0000 0.0000
vn 0.0000 1.0000 0.0000
vn 0.0000 1.0000 0.0000
vn 0.0000 1.0000 0.0000
vn 0.0000 1.0000 0.0000
vn 0.0000 1.0000 0.0000
vn 0.0000 1.0000 0.0000
vn 0.0000 1.0000 0.0000
vn 0.0000 1.0000 0.0000
vn 0.0000 1.0000 0.0000
vn 0.0000 1.0000 0.0000
vn 0.0000 1.0000 0.0000
vn 0.0000 1.0000 0.0000
vn 0.0000 1.0000 0.0000
vn 0.0000 1.0000 0.0000
vn 0.0000 1.0000 0.0000
vn 0.0000 1.0000 0.0000
vn 0.0000 1.0000 0.0000
vn 0.0000 1.0000 0.0000
vn 0.0000 1.0000 0.0000
vn 0.0000 1.0000 0.0000
vn 0.0000 1.0000 0.0000
vn 0.0000 1.0000 0.0000
vn 0.0000 1.0000 0.0000
vn 0.0000 1.0000 0.0000
vn 0.0000 1.0000 0.0000
vn 0.0000 1.0000 0.0000
vn 0.0000 1.0000 0.0000
vn 0.0000 1.0000 0.0000
vn 0.0000 1.0000 0.0000
vn 0.0000 1.0000 0.0000
vn 0.0000 1.0000 0.0000
vn 0.0000 1.0000 0.0000
vn 0.0000 1.0000 0.0000
vn 0.0000 1.0000 0.0000
vn 0.0000 1.0000 0.0000
vn 0.0000 1.0000 0.0000
vn 0.0000 1.0000 0.0000
vn 0.0000 1.0000 0.0000
vn 0.0000 1.0000 0.0000
vn 0.0000 1.0000 0.0000
vn 0.0000 1.0000 0.0000
vn 0.0000 1.0000 0.0000
vn 0.0000 1.0000 0.0000
vn 0.0000 1.0000 0.0000
vn 0.0000 1.0000 0.0000
vn 0.0000 1.0000 0.0000
vn 0.0000 1.0000 0.0000
vn 0.0000 1.0000 0.0000
vn 0.0000 1.0000 0.0000
vn 0.0000 1.0000 0.0000
vn 0.0000 1.0000 0.0000
vn 0.0000 1.0000 0.0000
vn 0.0000 1.0000 0.0000
vn 0.0000 1.0000 0.0000
vn 0.0000 1.0000 0.0000
vn 0.0000 1.0000 0.0000
vn 0.0000 1.0000 0.0000
vn 0.0000 1.0000 0.0000
vn 0.0000 1.0000 0.0000
vn 0.0000 1.0000 0.0000
vn 0.0000 1.0000 0.0000
vn 0.0000 1.0000 0.0000
vn 0.0000 1.0000 0.0000
vn 0.0000 1.0000 0.0000
vn 0.0000 1.0000 0.0000
vn 0.0000 1.0000 0.0000
vn 0.0000 1.0000 0.0000
vn 0.0000 1.0000 0.0000
vn 0.0000 1.0000 0.0000
vn 0.0000 1.0000 0.0000
vn 0.0000 1.0000 0.0000
vn 0.0000 1.0000 0.0000
vn 0.0000 1.0000 0.0000
vn 0.0000 1.0000 0.0000
vn 0.0000 1.0000 0.0000
vn 0.0000 1.0000 0.0000
vn 0.0000 1.0000 0.0000
vn 0.0000 1.0000 0.0000
vn 0.0000 1.0000 0.0000
vn 0.0000 1.0000 0.0000
vn 0.0000 1.0000 0.0000
vn 0.0000 1.0000 0.0000
vn 0.0000 1.0000 0.0000
vn 0.0000 1.0000 0.0000
vn 0.0000 1.0000 0.0000
vn 0.0000 1.0000 0.0000
vn 0.0000 1.0000 0.0000
vn 0.0000 1.0000 0.0000
vn 0.0000 1.0000 0.0000
vn 0.0000 1.0000 0.0000
vn 0.0000 1.0000 0.0000
vn 0.0000 1.0000 0.0000
vn 0.0000 1.0000 0.0000
vn 0.0000 1.0000 0.0000
vn 0.0000 1.0000 0.0000
vn 0.0000 1.0000 0.0000
vn 0.0000 1.0000 0.0000
vn 0.0000 1.0000 0.0000
vn 0.0000 1.0000 0.0000
vn 0.0000 1.0000 0.0000
vn 0.0000 1.0000 0.0000
vn 0.0000 1.0000 0.0000
vn 0.0000 1.0000 0.0000
vn 0.0000 1.0000 0.0000
vn 0.0000 1.0000 0.0000
vn 0.0000 1.0000 0.0000
vn 0.0000 1.0000 0.0000
vn 0.0000 1.0000 0.0000
vn 0.0000 1.0000 0.0000
vn 0.0000 1.0000 0.0000
vn 0.0000 1.0000 0.0000
vn 0.0000 1.0000 0.0000
vn 0.0000 1.0000 0.0000
vn 0.0000 1.0000 0.0000
vn 0.0000 1.0000 0.0000
vn 0.0000 1.0000 0.0000
vn 0.0000 1.0000 0.0000
vn 0.0000 1.0000 0.0000
vn 0.0000 1.0000 0.0000
vn 0.0000 1.0000 0.0000
vn 0.0000 1.0000 0.0000
vn 0.0000 1.0000 0.0000
vn 0.0000 1.0000 0.0000
vn 0.0000 1.0000 0.0000
vn 0.0000 1.0000 0.0000
vn 0.0000 1.0000 0.0000
vn 0.0000 1.0000 0.0000
vn 0.0000 1.0000 0.0000
vn 0.0000 1.0000 0.0000
vn 0.0000 1.0000 0.0000
vn 0.0000 1.0000 0.0000
vn 0.0000 1.0000 0.0000
vn 0.0000 1.0000 0.0000
vn 0.0000 1.0000 0.0000
vn 0.0000 1.0000 0.0000
vn 0.0000 1.0000 0.0000
vn 0.0000 1.0000 0.0000
vn 0.0000 1.0000 0.0000
vn 0.0000 1.0000 0.0000
vn 0.0000 1.0000 0.0000
vn 0.0000 1.0000 0.0000
vn 0.0000 1.0000 0.0000
vn 0.0000 1.0000 0.0000
vn 0.0000 1.0000 0.0000
vn 0.0000 1.0000 0.0000
vn 0.0000 1.0000 0.0000
vn 0.0000 1.0000 0.0000
vn 0.0000 1.0000 0.0000
vn 0.0000 1.0000 0.0000
vn 0.0000 1.0000 0.0000
vn 0.0000 1.0000 0.0000
vn 0.0000 1.0000 0.0000
vn 0.0000 1.0000 0.0000
vn 0.0000 1.0000 0.0000
vn 0.0000 1.0000 0.0000
vn 0.0000 1.0000 0.0000
vn 0.0000 1.0000 0.0000
vn 0.0000 1.0000 0.0000
vn 0.0000 1.0000 0.0000
vn 0.0000 1.0000 0.0000
vn 0.0000 1.0000 0.0000
vn 0.0000 1.0000 0.0000
vn 0.0000 1.0000 0.0000
vn 0.0000 1.0000 0.0000
vn 0.0000 1.0000 0.0000
vn 0.0000 1.0000 0.0000
vn 0.0000 1.0000 0.0000
vn 0.0000 1.0000 0.0000
vn 0.0000 1.0000 0.0000
vn 0.0000 1.0000 0.0000
vn 0.0000 1.0000 0.0000
vn 0.0000 1.0000 0.0000
vn 0.0000 1.0000 0.0000
vn 0.0000 1.0000 0.0000
vn 0.0000 1.0000 0.0000
vn 0.0000 1.0000 0.0000
vn 0.0000 1.0000 0.0000
vn 0.0000 1.0000 0.0000
vn 0.0000 1.0000 0.0000
vn 0.0000 1.0000 0.0000
vn 0.0000 1.0000 0.0000
vn 0.0000 1.0000 0.0000
vn 0.0000 1.0000 0.0000
vn 0.0000 1.0000 0.0000
vn 0.0000 1.0000 0.0000
vn 0.0000 1.0000 0.0000
vn 0.0000 1.0000 0.0000
vn 0.0000 1.0000 0.0000
vn 0.0000 1.0000 0.0000
vn 0.0000 1.0000 0.0000
vn 0.0000 1.0000 0.0000
vn 0.0000 1.0000 0.0000
vn 0.0000 1.0000 0.0000
vn 0.0000 1.0000 0.0000
vn 0.0000 1.0000 0.0000
vn 0.0000 1.0000 0.0000
vn 0.0000 1.0000 0.0000
vn 0.0000 1.0000 0.0000
vn 0.0000 1.0000 0.0000
vn 0.0000 1.0000 0.0000
vn 0.0000 1.0000 0.0000
vn 0.0000 1.0000 0.0000
vn 0.0000 1.0000 0.0000
vn 0.0000 1.0000 0.0000
vn 0.0000 1.0000 0.0000
vn 0.0000 1.0000 0.0000
vn 0.0000 1.0000 0.0000
vn 0.0000 1.0000 0.0000
vn 0.0000 1.0000 0.0000
vn 0.0000 1.0000 0.0000
vn 0.0000 1.0000 0.0000
vn 0.0000 1.0000 0.0000
vn 0.0000 1.0000 0.0000
vn 0.0000 1.0000 0.0000
vn 0.0000 1.0000 0.0000
vn 0.0000 1.0000 0.0000
vn 0.0000 1.0000 0.0000
vn 0.0000 1.0000 0.0000
vn 0.0000 1.0000 0.0000
vn 0.0000 1.0000 0.0000
vn 0.0000 1.0000 0.0000
vn 0.0000 1.0000 0.0000
vn 0.0000 1.0000 0.0000
vn 0.0000 1.0000 0.0000
vn 0.0000 1.0000 0.0000
vn 0.0000 1.0000 0.0000
vn 0.0000 1.0000 0.0000
vn 0.0000 1.0000 0.0000
vn 0.0000 1.0000 0.0000
vn 0.0000 1.0000 0.0000
vn 0.0000 1.0000 0.0000
vn 0.0000 1.0000 0.0000
vn 0.0000 1.0000 0.0000
vn 0.0000 1.0000 0.0000
vn 0.0000 1.0000 0.0000
vn 0.0000 1.0000 0.0000
vn 0.0000 1.0000 0.0000
vn 0.0000 1.0000 0.0000
vn 0.0000 1.0000 0.0000
vn 0.0000 1.0000 0.0000
vn 0.0000 1.0000 0.0000
vn 0.0000 1.0000 0.0000
vn 0.0000 1.0000 0.0000
vn 0.0000 1.0000 0.0000
vn 0.0000 1.0000 0.0000
vn 0.0000 1.0000 0.0000
vn 0.0000 1.0000 0.0000
vn 0.0000 1.0000 0.0000
vn 0.0000 1.0000 0.0000
vn 0.0000 1.0000 0.0000
vn 0.0000 1.0000 0.0000
vn 0.0000 1.0000 0.0000
vn 0.0000 1.0000 0.0000
vn 0.0000 1.0000 0.0000
vn 0.0000 1.0000 0.0000
vn 0.0000 1.0000 0.0000
vn 0.0000 1.0000 0.0000
vn 0.0000 1.0000 0.0000
vn 0.0000 1.0000 0.0000
vn 0.0000 1.0000 0.0000
vn 0.0000 1.0000 0.0000
vn 0.0000 1.0000 0.0000
vn 0.0000 1.0000 0.0000
vn 0.0000 1.0000 0.0000
vn 0.0000 1.0000 0.0000
vn 0.0000 1.0000 0.0000
vn 0.0000 1.0000 0.0000
vn 0.0000 1.0000 0.0000
vn 0.0000 1.0000 0.0000
vn 0.0000 1.0000 0.0000
vn 0.0000 1.0000 0.0000
vn 0.0000 1.0000 0.0000
vn 0.0000 1.0000 0.0000
vn 0.0000 1.0000 0.0000
vn 0.0000 1.0000 0.0000
vn 0.0000 1.0000 0.0000
vn 0.0000 1.0000 0.0000
vn 0.0000 1.0000 0.0000
vn 0.0000 1.0000 0.0000
vn 0.0000 1.0000 0.0000
vn 0.0000 1.0000 0.0000
vn 0.0000 1.0000 0.0000
vn 0.0000 1.0000 0.0000
vn 0.0000 1.0000 0.0000
vn 0.0000 1.0000 0.0000
vn 0.0000 1.0000 0.0000
vn 0.0000 1.0000 0.0000
vn 0.0000 1.0000 0.0000
vn 0.0000 1.0000 0.0000
vn 0.0000 1.0000 0.0000
vn 0.0000 1.0000 0.0000
vn 0.0000 1.0000 0.0000
vn 0.0000 1.0000 0.0000
vn 0.0000 1.0000 0.0000
vn 0.0000 1.0000 0.0000
vn 0.0000 1.0000 0.0000
vn 0.0000 1.0000 0.0000
vn 0.0000 1.0000 0.0000
vn 0.0000 1.0000 0.0000
vn 0.0000 1.0000 0.0000
vn 0.0000 1.0000 0.0000
vn 0.0000 1.0000 0.0000
vn 0.0000 1.0000 0.0000
vn 0.0000 1.0000 0.0000
vn 0.0000 1.0000 0.0000
vn 0.0000 1.0000 0.0000
vn 0.0000 1.0000 0.0000
vn 0.0000 1.0000 0.0000
vn 0.0000 1.0000 0.0000
vn 0.0000 1.0000 0.0000
vn 0.0000 1.0000 0.0000
vn 0.0000 1.0000 0.0000
vn 0.0000 1.0000 0.0000
vn 0.0000 1.0000 0.0000
vn 0.0000 1.0000 0.0000
vn 0.0000 1.0000 0.0000
vn 0.0000 1.0000 0.0000
vn 0.0000 1.0000 0.0000
vn 0.0000 1.0000 0.0000
vn 0.0000 1.0000 0.0000
vn 0.0000 1.0000 0.0000
vn 0.0000 1.0000 0.0000
vn 0.0000 1.0000 0.0000
vn 0.0000 1.0000 0.0000
vn 0.0000 1.0000 0.0000
vn 0.0000 1.0000 0.0000
vn 0.0000 1.0000 0.0000
vn 0.0000 1.0000 0.0000
vn 0.0000 1.0000 0.0000
vn 0.0000 1.0000 0.0000
vn 0.0000 1.0000 0.0000
vn 0.0000 1.0000 0.0000
vn 0.0000 1.0000 0.0000
vn 0.0000 1.0000 0.0000
vn 0.0000 1.0000 0.0000
vn 0.0000 1.0000 0.0000
vn 0.0000 1.0000 0.0000
vn 0.0000 1.0000 0.0000
vn 0.0000 1.0000 0.0000
vn 0.0000 1.0000 0.0000
vn 0.0000 1.0000 0.0000
vn 0.0000 1.0000 0.0000
vn 0.0000 1.0000 0.0000
vn 0.0000 1.0000 0.0000
vn 0.0000 1.0000 0.0000
vn 0.0000 1.0000 0.0000
vn 0.0000 1.0000 0.0000
vn 0.0000 1.0000 0.0000
vn 0.0000 1.0000 0.0000
vn 0.0000 1.0000 0.0000
vn 0.0000 1.0000 0.0000
vn 0.0000 1.0000 0.0000
vn 0.0000 1.0000 0.0000
vn 0.0000 1.0000 0.0000
vn 0.0000 1.0000 0.0000
vn 0.0000 1.0000 0.0000
vn 0.0000 1.0000 0.0000
vn 0.0000 1.0000 0.0000
vn 0.0000 1.0000 0.0000
vn 0.0000 1.0000 0.0000
vn 0.0000 1.0000 0.0000
vn 0.0000 1.0000 0.0000
vn 0.0000 1.0000 0.0000
vn 0.0000 1.0000 0.0000
vn 0.0000 1.0000 0.0000
vn 0.0000 1.0000 0.0000
vn 0.0000 1.0000 0.0000
vn 0.0000 1.0000 0.0000
vn 0.0000 1.0000 0.0000
vn 0.0000 1.0000 0.0000
vn 0.0000 1.0000 0.0000
vn 0.0000 1.0000 0.0000
vn 0.0000 1.0000 0.0000
vn 0.0000 1.0000 0.0000
vn 0.0000 1.0000 0.0000
vn 0.0000 1.0000 0.0000
vn 0.0000 1.0000 0.0000
vn 0.0000 1.0000 0.0000
vn 0.0000 1.0000 0.0000
vn 0.0000 1.0000 0.0000
vn 0.0000 1.0000 0.0000
vn 0.0000 1.0000 0.0000
vn 0.0000 1.0000 0.0000
vn 0.0000 1.0000 0.0000
vn 0.0000 1.0000 0.0000
vn 0.0000 1.0000 0.0000
vn 0.0000 1.0000 0.0000
vn 0.0000 1.0000 0.0000
vn 0.0000 1.0000 0.0000
vn 0.0000 1.0000 0.0000
vn 0.0000 1.0000 0.0000
vn 0.0000 1.0000 0.0000
vn 0.0000 1.0000 0.0000
vn 0.0000 1.0000 0.0000
vn 0.0000 1.0000 0.0000
vn 0.0000 1.0000 0.0000
vn 0.0000 1.0000 0.0000
vn 0.0000 1.0000 0.0000
vn 0.0000 1.0000 0.0000
vn 0.0000 1.0000 0.0000
vn 0.0000 1.0000 0.0000
vn 0.0000 1.0000 0.0000
vn 0.0000 1.0000 0.0000
vn 0.0000 1.0000 0.0000
vn 0.0000 1.0000 0.0000
vn 0.0000 1.0000 0.0000
vn 0.0000 1.0000 0.0000
vn 0.0000 1.0000 0.0000
vn 0.0000 1.0000 0.0000
vn 0.0000 1.0000 0.0000
vn 0.0000 1.0000 0.0000
vn 0.0000 1.0000 0.0000
vn 0.0000 1.0000 0.0000
vn 0.0000 1.0000 0.0000
vn 0.0000 1.0000 0.0000
vn 0.0000 1.0000 0.0000
vn 0.0000 1.0000 0.0000
vn 0.0000 1.0000 0.0000
vn 0.0000 1.0000 0.0000
vn 0.0000 1.0000 0.0000
vn 0.0000 1.0000 0.0000
vn 0.0000 1.0000 0.0000
vn 0.0000 1.0000 0.0000
vn 0.0000 1.0000 0.0000
vn 0.0000 1.0000 0.0000
vn 0.0000 1.0000 0.0000
vn 0.0000 1.0000 0.0000
vn 0.0000 1.0000 0.0000
vn 0.0000 1.0000 0.0000
vn 0.0000 1.0000 0.0000
vn 0.0000 1.0000 0.0000
vn 0.0000 1.0000 0.0000
vn 0.0000 1.0000 0.0000
vn 0.0000 1.0000 0.0000
vn 0.0000 1.0000 0.0000
vn 0.0000 1.0000 0.0000
vn 0.0000 1.0000 0.0000
vn 0.0000 1.0000 0.0000
vn 0.0000 1.0000 0.0000
vn 0.0000 1.0000 0.0000
vn 0.0000 1.0000 0.0000
vn 0.0000 1.0000 0.0000
vn 0.0000 1.0000 0.0000
vn 0.0000 1.0000 0.0000
vn 0.0000 1.0000 0.0000
vn 0.0000 1.0000 0.0000
vn 0.0000 1.0000 0.0000
vn 0.0000 1.0000 0.0000
vn 0.0000 1.0000 0.0000
vn 0.0000 1.0000 0.0000
vn 0.0000 1.0000 0.0000
vn 0.0000 1.0000 0.0000
vn 0.0000 1.0000 0.0000
vn 0.0000 1.0000 0.0000
vn 0.0000 1.0000 0.0000
vn 0.0000 1.0000 0.0000
vn 0.0000 1.0000 0.0000
vn 0.0000 1.0000 0.0000
vn 0.0000 1.0000 0.0000
vn 0.0000 1.0000 0.0000
vn 0.0000 1.0000 0.0000
vn 0.0000 1.0000 0.0000
vn 0.0000 1.0000 0.0000
vn 0.0000 1.0000 0.0000
vn 0.0000 1.0000 0.0000
vn 0.0000 1.0000 0.0000
vn 0.0000 1.0000 0.0000
vn 0.0000 1.0000 0.0000
vn 0.0000 1.0000 0.0000
vn 0.0000 1.0000 0.0000
vn 0.0000 1.0000 0.0000
vn 0.0000 1.0000 0.0000
vn 0.0000 1.0000 0.0000
vn 0.0000 1.0000 0.0000
vn 0.0000 1.0000 0.0000
vn 0.0000 1.0000 0.0000
vn 0.0000 1.0000 0.0000
vn 0.0000 1.0000 0.0000
vn 0.0000 1.0000 0.0000
vn 0.0000 1.0000 0.0000
vn 0.0000 1.0000 0.0000
vn 0.0000 1.0000 0.0000
vn 0.0000 1.0000 0.0000
vn 0.0000 1.0000 0.0000
vn 0.0000 1.0000 0.0000
vn 0.0000 1.0000 0.0000
vn 0.0000 1.0000 0.0000
vn 0.0000 1.0000 0.0000
vn 0.0000 1.0000 0.0000
vn 0.0000 1.0000 0.0000
vn 0.0000 1.0000 0.0000
vn 0.0000 1.0000 0.0000
vn 0.0000 1.0000 0.0000
vn 0.0000 1.0000 0.0000
vn 0.0000 1.0000 0.0000
vn 0.0000 1.0000 0.0000
vn 0.0000 1.0000 0.0000
vn 0.0000 1.0000 0.0000
vn 0.0000 1.0000 0.0000
vn 0.0000 1.0000 0.0000
vn 0.0000 1.0000 0.0000
vn 0.0000 1.0000 0.0000
vn 0.0000 1.0000 0.0000
vn 0.0000 1.0000 0.0000
vn 0.0000 1.0000 0.0000
vn 0.0000 1.0000 0.0000
vn 0.0000 1.0000 0.0000
vn 0.0000 1.0000 0.0000
vn 0.0000 1.0000 0.0000
vn 0.0000 1.0000 0.0000
vn 0.0000 1.0000 0.0000
vn 0.0000 1.0000 0.0000
vn 0.0000 1.0000 0.0000
vn 0.0000 1.0000 0.0000
vn 0.0000 1.0000 0.0000
vn 0.0000 1.0000 0.0000
vn 0.0000 1.0000 0.0000
vn 0.0000 1.0000 0.0000
vn 0.0000 1.0000 0.0000
vn 0.0000 1.0000 0.0000
vn 0.0000 1.0000 0.0000
vn 0.0000 1.0000 0.0000
vn 0.0000 1.0000 0.0000
vn 0.0000 1.0000 0.0000
vn 0.0000 1.0000 0.0000
vn 0.0000 1.0000 0.0000
vn 0.0000 1.0000 0.0000
vn 0.0000 1.0000 0.0000
vn 0.0000 1.0000 0.0000
vn 0.0000 1.0000 0.0000
vn 0.0000 1.0000 0.0000
vn 0.0000 1.0000 0.0000
vn 0.0000 1.0000 0.0000
vn 0.0000 1.0000 0.0000
vn 0.0000 1.0000 0.0000
vn 0.0000 1.0000 0.0000
vn 0.0000 1.0000 0.0000
vn 0.0000 1.0000 0.0000
vn 0.0000 1.0000 0.0000
vn 0.0000 1.0000 0.0000
vn 0.0000 1.0000 0.0000
vn 0.0000 1.0000 0.0000
vn 0.0000 1.0000 0.0000
vn 0.0000 1.0000 0.0000
vn 0.0000 1.0000 0.0000
vn 0.0000 1.0000 0.0000
vn 0.0000 1.0000 0.0000
vn 0.0000 1.0000 0.0000
vn 0.0000 1.0000 0.0000
vn 0.0000 1.0000 0.0000
vn 0.0000 1.0000 0.0000
vn 0.0000 1.0000 0.0000
vn 0.0000 1.0000 0.0000
vn 0.0000 1.0000 0.0000
vn 0.0000 1.0000 0.0000
vn 0.0000 1.0000 0.0000
vn 0.0000 1.0000 0.0000
vn 0.0000 1.0000 0.0000
vn 0.0000 1.0000 0.0000
vn 0.0000 1.0000 0.0000
vn 0.0000 1.0000 0.0000
vn 0.0000 1.0000 0.0000
vn 0.0000 1.0000 0.0000
vn 0.0000 1.0000 0.0000
vn 0.0000 1.0000 0.0000
vn 0.0000 1.0000 0.0000
vn 0.0000 1.0000 0.0000
vn 0.0000 1.0000 0.0000
vn 0.0000 1.0000 0.0000
vn 0.0000 1.0000 0.0000
vn 0.0000 1.0000 0.0000
vn 0.0000 1.0000 0.0000
vn 0.0000 1.0000 0.0000
vn 0.0000 1.0000 0.0000
vn 0.0000 1.0000 0.0000
vn 0.0000 1.0000 0.0000
vn 0.0000 1.0000 0.0000
vn 0.0000 1.0000 0.0000
vn 0.0000 1.0000 0.0000
vn 0.0000 1.0000 0.0000
vn 0.0000 1.0000 0.0000
vn 0.0000 1.0000 0.0000
vn 0.0000 1.0000 0.0000
vn 0.0000 1.0000 0.0000
vn 0.0000 1.0000 0.0000
vn 0.0000 1.0000 0.0000
vn 0.0000 1.0000 0.0000
vn 0.0000 1.0000 0.0000
vn 0.0000 1.0000 0.0000
vn 0.0000 1.0000 0.0000
vn 0.0000 1.0000 0.0000
vn 0.0000 1.0000 0.0000
vn 0.0000 1.0000 0.0000
vn 0.0000 1.0000 0.0000
vn 0.0000 1.0000 0.0000
vn 0.0000 1.0000 0.0000
vn 0.0000 1.0000 0.0000
vn 0.0000 1.0000 0.0000
vn 0.0000 1.0000 0.0000
vn 0.0000 1.0000 0.0000
vn 0.0000 1.0000 0.0000
vn 0.0000 1.0000 0.0000
vn 0.0000 1.0000 0.0000
vn 0.0000 1.0000 0.0000
vn 0.0000 1.0000 0.0000
vn 0.0000 1.0000 0.0000
vn 0.0000 1.0000 0.0000
vn 0.0000 1.0000 0.0000
vn 0.0000 1.0000 0.0000
vn 0.0000 1.0000 0.0000
vn 0.0000 1.0000 0.0000
vn 0.0000 1.0000 0.0000
vn 0.0000 1.0000 0.0000
vn 0.0000 1.0000 0.0000
vn 0.0000 1.0000 0.0000
vn 0.0000 1.0000 0.0000
vn 0.0000 1.0000 0.0000
vn 0.0000 1.0000 0.0000
vn 0.0000 1.0000 0.0000
vn 0.0000 1.0000 0.0000
vn 0.0000 1.0000 0.0000
vn 0.0000 1.0000 0.0000
vn 0.0000 1.0000 0.0000
vn 0.0000 1.0000 0.0000
vn 0.0000 1.0000 0.0000
vn 0.0000 1.0000 0.0000
vn 0.0000 1.0000 0.0000
vn 0.0000 1.0000 0.0000
vn 0.0000 1.0000 0.0000
vn 0.0000 1.0000 0.0000
vn 0.0000 1.0000 0.0000
vn 0.0000 1.0000 0.0000
vn 0.0000 1.0000 0.0000
vn 0.0000 1.0000 0.0000
vn 0.0000 1.0000 0.0000
vn 0.0000 1.0000 0.0000
vn 0.0000 1.0000 0.0000
vn 0.0000 1.0000 0.0000
vn 0.0000 1.0000 0.0000
vn 0.0000 1.0000 0.0000
vn 0.0000 1.0000 0.0000
vn 0.0000 1.0000 0.0000
vn 0.0000 1.0000 0.0000
vn 0.0000 1.0000 0.0000
vn 0.0000 1.0000 0.0000
vn 0.0000 1.0000 0.0000
vn 0.0000 1.0000 0.0000
vn 0.0000 1.0000 0.0000
vn 0.0000 1.0000 0.0000
vn 0.0000 1.0000 0.0000
vn 0.0000 1.0000 0.0000
vn 0.0000 1.0000 0.0000
vn 0.0000 1.0000 0.0000
vn 0.0000 1.0000 0.0000
vn 0.0000 1.0000 0.0000
vn 0.0000 1.0000 0.0000
vn 0.0000 1.0000 0.0000
vn 0.0000 1.0000 0.0000
vn 0.0000 1.0000 0.0000
vn 0.0000 1.0000 0.0000
vn 0.0000 1.0000 0.0000
vn 0.0000 1.0000 0.0000
vn 0.0000 1.0000 0.0000
vn 0.0000 1.0000 0.0000
vn 0.0000 1.0000 0.0000
vn 0.0000 1.0000 0.0000
vn 0.0000 1.0000 0.0000
vn 0.0000 1.0000 0.0000
vn 0.0000 1.0000 0.0000
vn 0.0000 1.0000 0.0000
vn 0.0000 1.0000 0.0000
vn 0.0000 1.0000 0.0000
vn 0.0000 1.0000 0.0000
vn 0.0000 1.0000 0.0000
vn 0.0000 1.0000 0.0000
vn 0.0000 1.0000 0.0000
vn 0.0000 1.0000 0.0000
vn 0.0000 1.0000 0.0000
vn 0.0000 1.0000 0.0000
vn 0.0000 1.0000 0.0000
vn 0.0000 1.0000 0.0000
vn 0.0000 1.0000 0.0000
vn 0.0000 1.0000 0.0000
vn 0.0000 1.0000 0.0000
vn 0.0000 1.0000 0.0000
vn 0.0000 1.0000 0.0000
vn 0.0000 1.0000 0.0000
vn 0.0000 1.0000 0.0000
vn 0.0000 1.0000 0.0000
vn 0.0000 1.0000 0.0000
vn 0.0000 1.0000 0.0000
vn 0.0000 1.0000 0.0000
vn 0.0000 1.0000 0.0000
vn 0.0000 1.0000 0.0000
vn 0.0000 1.0000 0.0000
vn 0.0000 1.0000 0.0000
vn 0.0000 1.0000 0.0000
vn 0.0000 1.0000 0.0000
vn 0.0000 1.0000 0.0000
vn 0.0000 1.0000 0.0000
vn 0.0000 1.0000 0.0000
vn 0.0000 1.0000 0.0000
vn 0.0000 1.0000 0.0000
vn 0.0000 1.0000 0.0000
vn 0.0000 1.0000 0.0000
vn 0.0000 1.0000 0.0000
vn 0.0000 1.0000 0.0000
vn 0.0000 1.0000 0.0000
vn 0.0000 1.0000 0.0000
vn 0.0000 1.0000 0.0000
vn 0.0000 1.0000 0.0000
vn 0.0000 1.0000 0.0000
vn 0.0000 1.0000 0.0000
vn 0.0000 1.0000 0.0000
vn 0.0000 1.0000 0.0000
vn 0.0000 1.0000 0.0000
vn 0.0000 1.0000 0.0000
vn 0.0000 1.0000 0.0000
vn 0.0000 1.0000 0.0000
vn 0.0000 1.0000 0.0000
vn 0.0000 1.0000 0.0000
vn 0.0000 1.0000 0.0000
vn 0.0000 1.0000 0.0000
vn 0.0000 1.0000 0.0000
vn 0.0000 1.0000 0.0000
vn 0.0000 1.0000 0.0000
vn 0.0000 1.0000 0.0000
vn 0.0000 1.0000 0.0000
vn 0.0000 1.0000 0.0000
vn 0.0000 1.0000 0.0000
vn 0.0000 1.0000 0.0000
vn 0.0000 1.0000 0.0000
vn 0.0000 1.0000 0.0000
vn 0.0000 1.0000 0.0000
vn 0.0000 1.0000 0.0000
vn 0.0000 1.0000 0.0000
vn 0.0000 1.0000 0.0000
vn 0.0000 1.0000 0.0000
vn 0.0000 1.0000 0.0000
vn 0.0000 1.0000 0.0000
vn 0.0000 1.0000 0.0000
vn 0.0000 1.0000 0.0000
vn 0.0000 1.0000 0.0000
vn 0.0000 1.0000 0.0000
vn 0.0000 1.0000 0.0000
vn 0.0000 1.0000 0.0000
vn 0.0000 1.0000 0.0000
vn 0.0000 1.0000 0.0000
vn 0.0000 1.0000 0.0000
vn 0.0000 1.0000 0.0000
vn 0.0000 1.0000 0.0000
vn 0.0000 1.0000 0.0000
vn 0.0000 1.0000 0.0000
vn 0.0000 1.0000 0.0000
vn 0.0000 1.0000 0.0000
vn 0.0000 1.0000 0.0000
vn 0.0000 1.0000 0.0000
vn 0.0000 1.0000 0.0000
vn 0.0000 1.0000 0.0000
vn 0.0000 1.0000 0.0000
vn 0.0000 1.0000 0.0000
vn 0.0000 1.0000 0.0000
vn 0.0000 1.0000 0.0000
vn 0.0000 1.0000 0.0000
vn 0.0000 1.0000 0.0000
vn 0.0000 1.0000 0.0000
vn 0.0000 1.0000 0.0000
vn 0.0000 1.0000 0.0000
vn 0.0000 1.0000 0.0000
vn 0.0000 1.0000 0.0000
vn 0.0000 1.0000 0.0000
vn 0.0000 1.0000 0.0000
vn 0.0000 1.0000 0.0000
vn 0.0000 1.0000 0.0000
vn 0.0000 1.0000 0.0000
vn 0.0000 1.0000 0.0000
vn 0.0000 1.0000 0.0000
vn 0.0000 1.0000 0.0000
vn 0.0000 1.0000 0.0000
vn 0.0000 1.0000 0.0000
vn 0.0000 1.0000 0.0000
vn 0.0000 1.0000 0.0000
vn 0.0000 1.0000 0.0000
vn 0.0000 1.0000 0.0000
vn 0.0000 1.0000 0.0000
vn 0.0000 1.0000 0.0000
vn 0.0000 1.0000 0.0000
vn 0.0000 1.0000 0.0000
vn 0.0000 1.0000 0.0000
vn 0.0000 1.0000 0.0000
vn 0.0000 1.0000 0.0000
vn 0.0000 1.0000 0.0000
vn 0.0000 1.0000 0.0000
vn 0.0000 1.0000 0.0000
vn 0.0000 1.0000 0.0000
vn 0.0000 1.0000 0.0000
vn 0.0000 1.0000 0.0000
vn 0.0000 1.0000 0.0000
vn 0.0000 1.0000 0.0000
vn 0.0000 1.0000 0.0000
vn 0.0000 1.0000 0.0000
vn 0.0000 1.0000 0.0000
vn 0.0000 1.0000 0.0000
vn 0.0000 1.0000 0.0000
vn 0.0000 1.0000 0.0000
vn 0.0000 1.0000 0.0000
vn 0.0000 1.0000 0.0000
vn 0.0000 1.0000 0.0000
vn 0.0000 1.0000 0.0000
vn 0.0000 1.0000 0.0000
vn 0.0000 1.0000 0.0000
vn 0.0000 1.0000 0.0000
vn 0.0000 1.0000 0.0000
vn 0.0000 1.0000 0.0000
vn 0.0000 1.0000 0.0000
vn 0.0000 1.0000 0.0000
vn 0.0000 1.0000 0.0000
vn 0.0000 1.0000 0.0000
vn 0.0000 1.0000 0.0000
vn 0.0000 1.0000 0.0000
vn 0.0000 1.0000 0.0000
vn 0.0000 1.0000 0.0000
vn 0.0000 1.0000 0.0000
vn 0.0000 1.0000 0.0000
vn 0.0000 1.0000 0.0000
vn 0.0000 1.0000 0.0000
vn 0.0000 1.0000 0.0000
vn 0.0000 1.0000 0.0000
vn 0.0000 1.0000 0.0000
vn 0.0000 1.0000 0.0000
vn 0.0000 1.0000 0.0000
vn 0.0000 1.0000 0.0000
vn 0.0000 1.0000 0.0000
vn 0.0000 1.0000 0.0000
vn 0.0000 1.0000 0.0000
vn 0.0000 1.0000 0.0000
vn 0.0000 1.0000 0.0000
vn 0.0000 1.0000 0.0000
vn 0.0000 1.0000 0.0000
vn 0.0000 1.0000 0.0000
vn 0.0000 1.0000 0.0000
vn 0.0000 1.0000 0.0000
vn 0.0000 1.0000 0.0000
vn 0.0000 1.0000 0.0000
vn 0.0000 1.0000 0.0000
vn 0.0000 1.0000 0.0000
vn 0.0000 1.0000 0.0000
vn 0.0000 1.0000 0.0000
vn 0.0000 1.0000 0.0000
vn 0.0000 1.0000 0.0000
vn 0.0000 1.0000 0.0000
vn 0.0000 1.0000 0.0000
vn 0.0000 1.0000 0.0000
vn 0.0000 1.0000 0.0000
vn 0.0000 1.0000 0.0000
vn 0.0000 1.0000 0.0000
vn 0.0000 1.0000 0.0000
vn 0.0000 1.0000 0.0000
vn 0.0000 1.0000 0.0000
vn 0.0000 1.0000 0.0000
vn 0.0000 1.0000 0.0000
vn 0.0000 1.0000 0.0000
vn 0.0000 1.0000 0.0000
vn 0.0000 1.0000 0.0000
vn 0.0000 1.0000 0.0000
vn 0.0000 1.0000 0.0000
vn 0.0000 1.0000 0.0000
vn 0.0000 1.0000 0.0000
vn 0.0000 1.0000 0.0000
vn 0.0000 1.0000 0.0000
vn 0.0000 1.0000 0.0000
vn 0.0000 1.0000 0.0000
vn 0.0000 1.0000 0.0000
vn 0.0000 1.0000 0.0000
vn 0.0000 1.0000 0.0000
vn 0.0000 1.0000 0.0000
vn 0.0000 1.0000 0.0000
vn 0.0000 1.0000 0.0000
vn 0.0000 1.0000 0.0000
vn 0.0000 1.0000 0.0000
vn 0.0000 1.0000 0.0000
vn 0.0000 1.0000 0.0000
vn 0.0000 1.0000 0.0000
vn 0.0000 1.0000 0.0000
vn 0.0000 1.0000 0.0000
vn 0.0000 1.0000 0.0000
vn 0.0000 1.0000 0.0000
vn 0.0000 1.0000 0.0000
vn 0.0000 1.0000 0.0000
vn 0.0000 1.0000 0.0000
vn 0.0000 1.0000 0.0000
vn 0.0000 1.0000 0.0000
vn 0.0000 1.0000 0.0000
vn 0.0000 1.0000 0.0000
vn 0.0000 1.0000 0.0000
vn 0.0000 1.0000 0.0000
vn 0.0000 1.0000 0.0000
vn 0.0000 1.0000 0.0000
vn 0.0000 1.0000 0.0000
vn 0.0000 1.0000 0.0000
vn 0.0000 1.0000 0.0000
vn 0.0000 1.0000 0.0000
vn 0.0000 1.0000 0.0000
vn 0.0000 1.0000 0.0000
vn 0.0000 1.0000 0.0000
vn 0.0000 1.0000 0.0000
vn 0.0000 1.0000 0.0000
vn 0.0000 1.0000 0.0000
vn 0.0000 1.0000 0.0000
vn 0.0000 1.0000 0.0000
vn 0.0000 1.0000 0.0000
vn 0.0000 1.0000 0.0000
vn 0.0000 1.0000 0.0000
vn 0.0000 1.0000 0.0000
vn 0.0000 1.0000 0.0000
vn 0.0000 1.0000 0.0000
vn 0.0000 1.0000 0.0000
vn 0.0000 1.0000 0.0000
vn 0.0000 1.0000 0.0000
vn 0.0000 1.0000 0.0000
vn 0.0000 1.0000 0.0000
vn 0.0000 1.0000 0.0000
vn 0.0000 1.0000 0.0000
vn 0.0000 1.0000 0.0000
vn 0.0000 1.0000 0.0000
vn 0.0000 1.0000 0.0000
vn 0.0000 1.0000 0.0000
vn 0.0000 1.0000 0.0000
vn 0.0000 1.0000 0.0000
vn 0.0000 1.0000 0.0000
vn 0.0000 1.0000 0.0000
vn 0.0000 1.0000 0.0000
vn 0.0000 1.0000 0.0000
vn 0.0000 1.0000 0.0000
vn 0.0000 1.0000 0.0000
vn 0.0000 1.0000 0.0000
vn 0.0000 1.0000 0.0000
vn 0.0000 1.0000 0.0000
vn 0.0000 1.0000 0.0000
vn 0.0000 1.0000 0.0000
vn 0.0000 1.0000 0.0000
vn 0.0000 1.0000 0.0000
vn 0.0000 1.0000 0.0000
vn 0.0000 1.0000 0.0000
vn 0.0000 1.0000 0.0000
vn 0.0000 1.0000 0.0000
vn 0.0000 1.0000 0.0000
vn 0.0000 1.0000 0.0000
vn 0.0000 1.0000 0.0000
vn 0.0000 1.0000 0.0000
vn 0.0000 1.0000 0.0000
vn 0.0000 1.0000 0.0000
vn 0.0000 1.0000 0.0000
vn 0.0000 1.0000 0.0000
vn 0.0000 1.0000 0.0000
vn 0.0000 1.0000 0.0000
vn 0.0000 1.0000 0.0000
vn 0.0000 1.0000 0.0000
vn 0.0000 1.0000 0.0000
vn 0.0000 1.0000 0.0000
vn 0.0000 1.0000 0.0000
vn 0.0000 1.0000 0.0000
vn 0.0000 1.0000 0.0000
vn 0.0000 1.0000 0.0000
vn 0.0000 1.0000 0.0000
vn 0.0000 1.0000 0.0000
vn 0.0000 1.0000 0.0000
vn 0.0000 1.0000 0.0000
vn 0.0000 1.0000 0.0000
vn 0.0000 1.0000 0.0000
vn 0.0000 1.0000 0.0000
vn 0.0000 1.0000 0.0000
vn 0.0000 1.0000 0.0000
vn 0.0000 1.0000 0.0000
vn 0.0000 1.0000 0.0000
vn 0.0000 1.0000 0.0000
vn 0.0000 1.0000 0.0000
vn 0.0000 1.0000 0.0000
vn 0.0000 1.0000 0.0000
vn 0.0000 1.0000 0.0000
vn 0.0000 1.0000 0.0000
vn 0.0000 1.0000 0.0000
vn 0.0000 1.0000 0.0000
vn 0.0000 1.0000 0.0000
vn 0.0000 1.0000 0.0000
vn 0.0000 1.0000 0.0000
vn 0.0000 1.0000 0.0000
vn 0.0000 1.0000 0.0000
vn 0.0000 1.0000 0.0000
vn 0.0000 1.0000 0.0000
vn 0.0000 1.0000 0.0000
vn 0.0000 1.0000 0.0000
vn 0.0000 1.0000 0.0000
vn 0.0000 1.0000 0.0000
vn 0.0000 1.0000 0.0000
vn 0.0000 1.0000 0.0000
vn 0.0000 1.0000 0.0000
vn 0.0000 1.0000 0.0000
vn 0.0000 1.0000 0.0000
vn 0.0000 1.0000 0.0000
vn 0.0000 1.0000 0.0000
vn 0.0000 1.0000 0.0000
vn 0.0000 1.0000 0.0000
vn 0.0000 1.0000 0.0000
vn 0.0000 1.0000 0.0000
vn 0.0000 1.0000 0.0000
vn 0.0000 1.0000 0.0000
vn 0.0000 1.0000 0.0000
vn 0.0000 1.0000 0.0000
vn 0.0000 1.0000 0.0000
vn 0.0000 1.0000 0.0000
vn 0.0000 1.0000 0.0000
vn 0.0000 1.0000 0.0000
vn 0.0000 1.0000 0.0000
vn 0.0000 1.0000 0.0000
vn 0.0000 1.0000 0.0000
vn 0.0000 1.0000 0.0000
vn 0.0000 1.0000 0.0000
vn 0.0000 1.0000 0.0000
vn 0.0000 1.0000 0.0000
vn 0.0000 1.0000 0.0000
vn 0.0000 1.0000 0.0000
vn 0.0000 1.0000 0.0000
vn 0.0000 1.0000 0.0000
vn 0.0000 1.0000 0.0000
vn 0.0000 1.0000 0.0000
vn 0.0000 1.0000 0.0000
vn 0.0000 1.0000 0.0000
vn 0.0000 1.0000 0.0000
vn 0.0000 1.0000 0.0000
vn 0.0000 1.0000 0.0000
vn 0.0000 1.0000 0.0000
vn 0.0000 1.0000 0.0000
vn 0.0000 1.0000 0.0000
vn 0.0000 1.0000 0.0000
vn 0.0000 1.0000 0.0000
vn 0.0000 1.0000 0.0000
vn 0.0000 1.0000 0.0000
vn 0.0000 1.0000 0.0000
vn 0.0000 1.0000 0.0000
vn 0.0000 1.0000 0.0000
vn 0.0000 1.0000 0.0000
vn 0.0000 1.0000 0.0000
vn 0.0000 1.0000 0.0000
vn 0.0000 1.0000 0.0000
vn 0.0000 1.0000 0.0000
vn 0.0000 1.0000 0.0000
vn 0.0000 1.0000 0.0000
vn 0.0000 1.0000 0.0000
vn 0.0000 1.0000 0.0000
vn 0.0000 1.0000 0.0000
vn 0.0000 1.0000 0.0000
vn 0.0000 1.0000 0.0000
vn 0.0000 1.0000 0.0000
vn 0.0000 1.0000 0.0000
vn 0.0000 1.0000 0.0000
vn 0.0000 1.0000 0.0000
vn 0.0000 1.0000 0.0000
vn 0.0000 1.0000 0.0000
vn 0.0000 1.0000 0.0000
vn 0.0000 1.0000 0.0000
vn 0.0000 1.0000 0.0000
vn 0.0000 1.0000 0.0000
vn 0.0000 1.0000 0.0000
vn 0.0000 1.0000 0.0000
vn 0.0000 1.0000 0.0000
vn 0.0000 1.0000 0.0000
vn 0.0000 1.0000 0.0000
vn 0.0000 1.0000 0.0000
vn 0.0000 1.0000 0.0000
vn 0.0000 1.0000 0.0000
vn 0.0000 1.0000 0.0000
vn 0.0000 1.0000 0.0000
vn 0.0000 1.0000 0.0000
vn 0.0000 1.0000 0.0000
vn 0.0000 1.0000 0.0000
vn 0.0000 1.0000 0.0000
vn 0.0000 1.0000 0.0000
vn 0.0000 1.0000 0.0000
vn 0.0000 1.0000 0.0000
vn 0.0000 1.0000 0.0000
vn 0.0000 1.0000 0.0000
vn 0.0000 1.0000 0.0000
vn 0.0000 1.0000 0.0000
vn 0.0000 1.0000 0.0000
vn 0.0000 1.0000 0.0000
vn 0.0000 1.0000 0.0000
vn 0.0000 1.0000 0.0000
vn 0.0000 1.0000 0.0000
vn 0.0000 1.0000 0.0000
vn 0.0000 1.0000 0.0000
vn 0.0000 1.0000 0.0000
vn 0.0000 1.0000 0.0000
vn 0.0000 1.0000 0.0000
vn 0.0000 1.0000 0.0000
vn 0.0000 1.0000 0.0000
vn 0.0000 1.0000 0.0000
vn 0.0000 1.0000 0.0000
vn 0.0000 1.0000 0.0000
vn 0.0000 1.0000 0.0000
vn 0.0000 1.0000 0.0000
vn 0.0000 1.0000 0.0000
vn 0.0000 1.0000 0.0000
vn 0.0000 1.0000 0.0000
vn 0.0000 1.0000 0.0000
vn 0.0000 1.0000 0.0000
vn 0.0000 1.0000 0.0000
vn 0.0000 1.0000 0.0000
vn 0.0000 1.0000 0.0000
vn 0.0000 1.0000 0.0000
vn 0.0000 1.0000 0.0000
vn 0.0000 1.0000 0.0000
vn 0.0000 1.0000 0.0000
vn 0.0000 1.0000 0.0000
vn 0.0000 1.0000 0.0000
vn 0.0000 1.0000 0.0000
vn 0.0000 1.0000 0.0000
vn 0.0000 1.0000 0.0000
vn 0.0000 1.0000 0.0000
vn 0.0000 1.0000 0.0000
vn 0.0000 1.0000 0.0000
vn 0.0000 1.0000 0.0000
vn 0.0000 1.0000 0.0000
vn 0.0000 1.0000 0.0000
vn 0.0000 1.0000 0.0000
vn 0.0000 1.0000 0.0000
vn 0.0000 1.0000 0.0000
vn 0.0000 1.0000 0.0000
vn 0.0000 1.0000 0.0000
vn 0.0000 1.0000 0.0000
vn 0.0000 1.0000 0.0000
vn 0.0000 1.0000 0.0000
vn 0.0000 1.0000 0.0000
vn 0.0000 1.0000 0.0000
vn 0.0000 1.0000 0.0000
vn 0.0000 1.0000 0.0000
vn 0.0000 1.0000 0.0000
vn 0.0000 1.0000 0.0000
vn 0.0000 1.0000 0.0000
vn 0.0000 1.0000 0.0000
vn 0.0000 1.0000 0.0000
vn 0.0000 1.0000 0.0000
vn 0.0000 1.0000 0.0000
vn 0.0000 1.0000 0.0000
vn 0.0000 1.0000 0.0000
vn 0.0000 1.0000 0.0000
vn 0.0000 1.0000 0.0000
vn 0.0000 1.0000 0.0000
vn 0.0000 1.0000 0.0000
vn 0.0000 1.0000 0.0000
vn 0.0000 1.0000 0.0000
vn 0.0000 1.0000 0.0000
vn 0.0000 1.0000 0.0000
vn 0.0000 1.0000 0.0000
vn 0.0000 1.0000 0.0000
vn 0.0000 1.0000 0.0000
vn 0.0000 1.0000 0.0000
vn 0.0000 1.0000 0.0000
vn 0.0000 1.0000 0.0000
vn 0.0000 1.0000 0.0000
vn 0.0000 1.0000 0.0000
vn 0.0000 1.0000 0.0000
vn 0.0000 1.0000 0.0000
vn 0.0000 1.0000 0.0000
vn 0.0000 1.0000 0.0000
vn 0.0000 1.0000 0.0000
vn 0.0000 1.0000 0.0000
vn 0.0000 1.0000 0.0000
vn 0.0000 1.0000 0.0000
vn 0.0000 1.0000 0.0000
vn 0.0000 1.0000 0.0000
vn 0.0000 1.0000 0.0000
vn 0.0000 1.0000 0.0000
vn 0.0000 1.0000 0.0000
vn 0.0000 1.0000 0.0000
vn 0.0000 1.0000 0.0000
vn 0.0000 1.0000 0.0000
vn 0.0000 1.0000 0.0000
vn 0.0000 1.0000 0.0000
vn 0.0000 1.0000 0.0000
vn 0.0000 1.0000 0.0000
vn 0.0000 1.0000 0.0000
vn 0.0000 1.0000 0.0000
vn 0.0000 1.0000 0.0000
vn 0.0000 1.0000 0.0000
vn 0.0000 1.0000 0.0000
vn 0.0000 1.0000 0.0000
vn 0.0000 1.0000 0.0000
vn 0.0000 1.0000 0.0000
vn 0.0000 1.0000 0.0000
vn 0.0000 1.0000 0.0000
vn 0.0000 1.0000 0.0000
vn 0.0000 1.0000 0.0000
vn 0.0000 1.0000 0.0000
vn 0.0000 1.0000 0.0000
vn 0.0000 1.0000 0.0000
vn 0.0000 1.0000 0.0000
vn 0.0000 1.0000 0.0000
vn 0.0000 1.0000 0.0000
vn 0.0000 1.0000 0.0000
vn 0.0000 1.0000 0.0000
vn 0.0000 1.0000 0.0000
vn 0.0000 1.0000 0.0000
vn 0.0000 1.0000 0.0000
vn 0.0000 1.0000 0.0000
vn 0.0000 1.0000 0.0000
vn 0.0000 1.0000 0.0000
vn 0.0000 1.0000 0.0000
vn 0.0000 1.0000 0.0000
vn 0.0000 1.0000 0.0000
vn 0.0000 1.0000 0.0000
vn 0.0000 1.0000 0.0000
vn 0.0000 1.0000 0.0000
vn 0.0000 1.0000 0.0000
vn 0.0000 1.0000 0.0000
vn 0.0000 1.0000 0.0000
vn 0.0000 1.0000 0.0000
vn 0.0000 1.0000 0.0000
vn 0.0000 1.0000 0.0000
vn 0.0000 1.0000 0.0000
vn 0.0000 1.0000 0.0000
vn 0.0000 1.0000 0.0000
vn 0.0000 1.0000 0.0000
vn 0.0000 1.0000 0.0000
vn 0.0000 1.0000 0.0000
vn 0.0000 1.0000 0.0000
vn 0.0000 1.0000 0.0000
vn 0.0000 1.0000 0.0000
vn 0.0000 1.0000 0.0000
vn 0.0000 1.0000 0.0000
vn 0.0000 1.0000 0.0000
vn 0.0000 1.0000 0.0000
vn 0.0000 1.0000 0.0000
vn 0.0000 1.0000 0.0000
vn 0.0000 1.0000 0.0000
vn 0.0000 1.0000 0.0000
vn 0.0000 1.0000 0.0000
vn 0.0000 1.0000 0.0000
vn 0.0000 1.0000 0.0000
vn 0.0000 1.0000 0.0000
vn 0.0000 1.0000 0.0000
vn 0.0000 1.0000 0.0000
vn 0.0000 1.0000 0.0000
vn 0.0000 1.0000 0.0000
vn 0.0000 1.0000 0.0000
vn 0.0000 1.0000 0.0000
vn 0.0000 1.0000 0.0000
vn 0.0000 1.0000 0.0000
vn 0.0000 1.0000 0.0000
vn 0.0000 1.0000 0.0000
vn 0.0000 1.0000 0.0000
vn 0.0000 1.0000 0.0000
vn 0.0000 1.0000 0.0000
vn 0.0000 1.0000 0.0000
vn 0.0000 1.0000 0.0000
vn 0.0000 1.0000 0.0000
vn 0.0000 1.0000 0.0000
vn 0.0000 1.0000 0.0000
vn 0.0000 1.0000 0.0000
vn 0.0000 1.0000 0.0000
vn 0.0000 1.0000 0.0000
vn 0.0000 1.0000 0.0000
vn 0.0000 1.0000 0.0000
vn 0.0000 1.0000 0.0000
vn 0.0000 1.0000 0.0000
vn 0.0000 1.0000 0.0000
vn 0.0000 1.0000 0.0000
vn 0.0000 1.0000 0.0000
vn 0.0000 1.0000 0.0000
vn 0.0000 1.0000 0.0000
vn 0.0000 1.0000 0.0000
vn 0.0000 1.0000 0.0000
vn 0.0000 1.0000 0.0000
vn 0.0000 1.0000 0.0000
vn 0.0000 1.0000 0.0000
vn 0.0000 1.0000 0.0000
vn 0.0000 1.0000 0.0000
vn 0.0000 1.0000 0.0000
vn 0.0000 1.0000 0.0000
vn 0.0000 1.0000 0.0000
vn 0.0000 1.0000 0.0000
vn 0.0000 1.0000 0.0000
vn 0.0000 1.0000 0.0000
vn 0.0000 1.0000 0.0000
vn 0.0000 1.0000 0.0000
vn 0.0000 1.0000 0.0000
vn 0.0000 1.0000 0.0000
vn 0.0000 1.0000 0.0000
vn 0.0000 1.0000 0.0000
vn 0.0000 1.0000 0.0000
vn 0.0000 1.0000 0.0000
vn 0.0000 1.0000 0.0000
vn 0.0000 1.0000 0.0000
vn 0.0000 1.0000 0.0000
vn 0.0000 1.0000 0.0000
vn 0.0000 1.0000 0.0000
vn 0.0000 1.0000 0.0000
vn 0.0000 1.0000 0.0000
vn 0.0000 1.0000 0.0000
vn 0.0000 1.0000 0.0000
vn 0.0000 1.0000 0.0000
vn 0.0000 1.0000 0.0000
vn 0.0000 1.0000 0.0000
vn 0.0000 1.0000 0.0000
vn 0.0000 1.0000 0.0000
vn 0.0000 1.0000 0.0000
vn 0.0000 1.0000 0.0000
vn 0.0000 1.0000 0.0000
vn 0.0000 1.0000 0.0000
vn 0.0000 1.0000 0.0000
vn 0.0000 1.0000 0.0000
vn 0.0000 1.0000 0.0000
vn 0.0000 1.0000 0.0000
vn 0.0000 1.0000 0.0000
vn 0.0000 1.0000 0.0000
vn 0.0000 1.0000 0.0000
vn 0.0000 1.0000 0.0000
vn 0.0000 1.0000 0.0000
vn 0.0000 1.0000 0.0000
vn 0.0000 1.0000 0.0000
vn 0.0000 1.0000 0.0000
vn 0.0000 1.0000 0.0000
vn 0.0000 1.0000 0.0000
vn 0.0000 1.0000 0.0000
vn 0.0000 1.0000 0.0000
vn 0.0000 1.0000 0.0000
vn 0.0000 1.0000 0.0000
vn 0.0000 1.0000 0.0000
vn 0.0000 1.0000 0.0000
vn 0.0000 1.0000 0.0000
vn 0.0000 1.0000 0.0000
vn 0.0000 1.0000 0.0000
vn 0.0000 1.0000 0.0000
vn 0.0000 1.0000 0.0000
vn 0.0000 1.0000 0.0000
vn 0.0000 1.0000 0.0000
vn 0.0000 1.0000 0.0000
vn 0.0000 1.0000 0.0000
vn 0.0000 1.0000 0.0000
vn 0.0000 1.0000 0.0000
vn 0.0000 1.0000 0.0000
vn 0.0000 1.0000 0.0000
vn 0.0000 1.0000 0.0000
vn 0.0000 1.0000 0.0000
vn 0.0000 1.0000 0.0000
vn 0.0000 1.0000 0.0000
vn 0.0000 1.0000 0.0000
vn 0.0000 1.0000 0.0000
vn 0.0000 1.0000 0.0000
vn 0.0000 1.0000 0.0000
vn 0.0000 1.0000 0.0000
vn 0.0000 1.0000 0.0000
vn 0.0000 1.0000 0.0000
vn 0.0000 1.0000 0.0000
vn 0.0000 1.0000 0.0000
vn 0.0000 1.0000 0.0000
vn 0.0000 1.0000 0.0000
vn 0.0000 1.0000 0.0000
vn 0.0000 1.0000 0.0000
vn 0.0000 1.0000 0.0000
vn 0.0000 1.0000 0.0000
vn 0.0000 1.0000 0.0000
vn 0.0000 1.0000 0.0000
vn 0.0000 1.0000 0.0000
vn 0.0000 1.0000 0.0000
vn 0.0000 1.0000 0.0000
vn 0.0000 1.0000 0.0000
vn 0.0000 1.0000 0.0000
vn 0.0000 1.0000 0.0000
vn 0.0000 1.0000 0.0000
vn 0.0000 1.0000 0.0000
vn 0.0000 1.0000 0.0000
vn 0.0000 1.0000 0.0000
vn 0.0000 1.0000 0.0000
vn 0.0000 1.0000 0.0000
vn 0.0000 1.0000 0.0000
vn 0.0000 1.0000 0.0000
vn 0.0000 1.0000 0.0000
vn 0.0000 1.0000 0.0000
vn 0.0000 1.0000 0.0000
vn 0.0000 1.0000 0.0000
vn 0.0000 1.0000 0.0000
vn 0.0000 1.0000 0.0000
vn 0.0000 1.0000 0.0000
vn 0.0000 1.0000 0.0000
vn 0.0000 1.0000 0.0000
vn 0.0000 1.0000 0.0000
vn 0.0000 1.0000 0.0000
vn 0.0000 1.0000 0.0000
vn 0.0000 1.0000 0.0000
vn 0.0000 1.0000 0.0000
vn 0.0000 1.0000 0.0000
vn 0.0000 1.0000 0.0000
vn 0.0000 1.0000 0.0000
vn 0.0000 1.0000 0.0000
vn 0.0000 1.0000 0.0000
vn 0.0000 1.0000 0.0000
vn 0.0000 1.0000 0.0000
vn 0.0000 1.0000 0.0000
vn 0.0000 1.0000 0.0000
vn 0.0000 1.0000 0.0000
vn 0.0000 1.0000 0.0000
vn 0.0000 1.0000 0.0000
vn 0.0000 1.0000 0.0000
vn 0.0000 1.0000 0.0000
vn 0.0000 1.0000 0.0000
vn 0.0000 1.0000 0.0000
vn 0.0000 1.0000 0.0000
vn 0.0000 1.0000 0.0000
vn 0.0000 1.0000 0.0000
vn 0.0000 1.0000 0.0000
vn 0.0000 1.0000 0.0000
vn 0.0000 1.0000 0.0000
vn 0.0000 1.0000 0.0000
vn 0.0000 1.0000 0.0000
vn 0.0000 1.0000 0.0000
vn 0.0000 1.0000 0.0000
vn 0.0000 1.0000 0.0000
vn 0.0000 1.0000 0.0000
vn 0.0000 1.0000 0.0000
vn 0.0000 1.0000 0.0000
vn 0.0000 1.0000 0.0000
vn 0.0000 1.0000 0.0000
vn 0.0000 1.0000 0.0000
vn 0.0000 1.0000 0.0000
vn 0.0000 1.0000 0.0000
vn 0.0000 1.0000 0.0000
vn 0.0000 1.0000 0.0000
vn 0.0000 1.0000 0.0000
vn 0.0000 1.0000 0.0000
vn 0.0000 1.0000 0.0000
vn 0.0000 1.0000 0.0000
vn 0.0000 1.0000 0.0000
vn 0.0000 1.0000 0.0000
vn 0.0000 1.0000 0.0000
vn 0.0000 1.0000 0.0000
vn 0.0000 1.0000 0.0000
vn 0.0000 1.0000 0.0000
vn 0.0000 1.0000 0.0000
vn 0.0000 1.0000 0.0000
vn 0.0000 1.0000 0.0000
vn 0.0000 1.0000 0.0000
vn 0.0000 1.0000 0.0000
vn 0.0000 1.0000 0.0000
vn 0.0000 1.0000 0.0000
vn 0.0000 1.0000 0.0000
vn 0.0000 1.0000 0.0000
vn 0.0000 1.0000 0.0000
vn 0.0000 1.0000 0.0000
vn 0.0000 1.0000 0.0000
vn 0.0000 1.0000 0.0000
vn 0.0000 1.0000 0.0000
vn 0.0000 1.0000 0.0000
vn 0.0000 1.0000 0.0000
vn 0.0000 1.0000 0.0000
vn 0.0000 1.0000 0.0000
vn 0.0000 1.0000 0.0000
vn 0.0000 1.0000 0.0000
vn 0.0000 1.0000 0.0000
vn 0.0000 1.0000 0.0000
vn 0.0000 1.0000 0.0000
vn 0.0000 1.0000 0.0000
vn 0.0000 1.0000 0.0000
vn 0.0000 1.0000 0.0000
vn 0.0000 1.0000 0.0000
vn 0.0000 1.0000 0.0000
vn 0.0000 1.0000 0.0000
vn 0.0000 1.0000 0.0000
vn 0.0000 1.0000 0.0000
vn 0.0000 1.0000 0.0000
vn 0.0000 1.0000 0.0000
vn 0.0000 1.0000 0.0000
vn 0.0000 1.0000 0.0000
vn 0.0000 1.0000 0.0000
vn 0.0000 1.0000 0.0000
vn 0.0000 1.0000 0.0000
vn 0.0000 1.0000 0.0000
vn 0.0000 1.0000 0.0000
vn 0.0000 1.0000 0.0000
vn 0.0000 1.0000 0.0000
vn 0.0000 1.0000 0.0000
vn 0.0000 1.0000 0.0000
vn 0.0000 1.0000 0.0000
vn 0.0000 1.0000 0.0000
vn 0.0000 1.0000 0.0000
vn 0.0000 1.0000 0.0000
vn 0.0000 1.0000 0.0000
vn 0.0000 1.0000 0.0000
vn 0.0000 1.0000 0.0000
vn 0.0000 1.0000 0.0000
vn 0.0000 1.0000 0.0000
vn 0.0000 1.0000 0.0000
vn 0.0000 1.0000 0.0000
vn 0.0000 1.0000 0.0000
vn 0.0000 1.0000 0.0000
vn 0.0000 1.0000 0.0000
vn 0.0000 1.0000 0.0000
vn 0.0000 1.0000 0.0000
vn 0.0000 1.0000 0.0000
vn 0.0000 1.0000 0.0000
vn 0.0000 1.0000 0.0000
vn 0.0000 1.0000 0.0000
vn 0.0000 1.0000 0.0000
vn 0.0000 1.0000 0.0000
vn 0.0000 1.0000 0.0000
vn 0.0000 1.0000 0.0000
vn 0.0000 1.0000 0.0000
vn 0.0000 1.0000 0.0000
vn 0.0000 1.0000 0.0000
vn 0.0000 1.0000 0.0000
vn 0.0000 1.0000 0.0000
vn 0.0000 1.0000 0.0000
vn 0.0000 1.0000 0.0000
vn 0.0000 1.0000 0.0000
vn 0.0000 1.0000 0.0000
vn 0.0000 1.0000 0.0000
vn 0.0000 1.0000 0.0000
vn 0.0000 1.0000 0.0000
vn 0.0000 1.0000 0.0000
vn 0.0000 1.0000 0.0000
vn 0.0000 1.0000 0.0000
vn 0.0000 1.0000 0.0000
vn 0.0000 1.0000 0.0000
vn 0.0000 1.0000 0.0000
vn 0.0000 1.0000 0.0000
vn 0.0000 1.0000 0.0000
vn 0.0000 1.0000 0.0000
vn 0.0000 1.0000 0.0000
vn 0.0000 1.0000 0.0000
vn 0.0000 1.0000 0.0000
vn 0.0000 1.0000 0.0000
vn 0.0000 1.0000 0.0000
vn 0.0000 1.0000 0.0000
vn 0.0000 1.0000 0.0000
vn 0.0000 1.0000 0.0000
vn 0.0000 1.0000 0.0000
vn 0.0000 1.0000 0.0000
vn 0.0000 1.0000 0.0000
vn 0.0000 1.0000 0.0000
vn 0.0000 1.0000 0.0000
vn 0.0000 1.0000 0.0000
vn 0.0000 1.0000 0.0000
vn 0.0000 1.0000 0.0000
vn 0.0000 1.0000 0.0000
vn 0.0000 1.0000 0.0000
vn 0.0000 1.0000 0.0000
vn 0.0000 1.0000 0.0000
vn 0.0000 1.0000 0.0000
vn 0.0000 1.0000 0.0000
vn 0.0000 1.0000 0.0000
vn 0.0000 1.0000 0.0000
vn 0.0000 1.0000 0.0000
vn 0.0000 1.0000 0.0000
vn 0.0000 1.0000 0.0000
vn 0.0000 1.0000 0.0000
vn 0.0000 1.0000 0.0000
vn 0.0000 1.0000 0.0000
vn 0.0000 1.0000 0.0000
vn 0.0000 1.0000 0.0000
vn 0.0000 1.0000 0.0000
vn 0.0000 1.0000 0.0000
vn 0.0000 1.0000 0.0000
vn 0.0000 1.0000 0.0000
vn 0.0000 1.0000 0.0000
vn 0.0000 1.0000 0.0000
vn 0.0000 1.0000 0.0000
vn 0.0000 1.0000 0.0000
vn 0.0000 1.0000 0.0000
vn 0.0000 1.0000 0.0000
vn 0.0000 1.0000 0.0000
vn 0.0000 1.0000 0.0000
vn 0.0000 1.0000 0.0000
vn 0.0000 1.0000 0.0000
vn 0.0000 1.0000 0.0000
vn 0.0000 1.0000 0.0000
vn 0.0000 1.0000 0.0000
vn 0.0000 1.0000 0.0000
vn 0.0000 1.0000 0.0000
vn 0.0000 1.0000 0.0000
vn 0.0000 1.0000 0.0000
vn 0.0000 1.0000 0.0000
vn 0.0000 1.0000 0.0000
vn 0.0000 1.0000 0.0000
vn 0.0000 1.0000 0.0000
vn 0.0000 1.0000 0.0000
vn 0.0000 1.0000 0.0000
vn 0.0000 1.0000 0.0000
vn 0.0000 1.0000 0.0000
vn 0.0000 1.0000 0.0000
vn 0.0000 1.0000 0.0000
vn 0.0000 1.0000 0.0000
vn 0.0000 1.0000 0.0000
vn 0.0000 1.0000 0.0000
vn 0.0000 1.0000 0.0000
vn 0.0000 1.0000 0.0000
vn 0.0000 1.0000 0.0000
vn 0.0000 1.0000 0.0000
vn 0.0000 1.0000 0.0000
vn 0.0000 1.0000 0.0000
vn 0.0000 1.0000 0.0000
vn 0.0000 1.0000 0.0000
vn 0.0000 1.0000 0.0000
vn 0.0000 1.0000 0.0000
vn 0.0000 1.0000 0.0000
vn 0.0000 1.0000 0.0000
vn 0.0000 1.0000 0.0000
vn 0.0000 1.0000 0.0000
vn 0.0000 1.0000 0.0000
vn 0.0000 1.0000 0.0000
vn 0.0000 1.0000 0.0000
vn 0.0000 1.0000 0.0000
vn 0.0000 1.0000 0.0000
vn 0.0000 1.0000 0.0000
vn 0.0000 1.0000 0.0000
vn 0.0000 1.0000 0.0000
vn 0.0000 1.0000 0.0000
vn 0.0000 1.0000 0.0000
vn 0.0000 1.0000 0.0000
vn 0.0000 1.0000 0.0000
vn 0.0000 1.0000 0.0000
vn 0.0000 1.0000 0.0000
vn 0.0000 1.0000 0.0000
vn 0.0000 1.0000 0.0000
vn 0.0000 1.0000 0.0000
vn 0.0000 1.0000 0.0000
vn 0.0000 1.0000 0.0000
vn 0.0000 1.0000 0.0000
vn 0.0000 1.0000 0.0000
vn 0.0000 1.0000 0.0000
vn 0.0000 1.0000 0.0000
vn 0.0000 1.0000 0.0000
vn 0.0000 1.0000 0.0000
vn 0.0000 1.0000 0.0000
vn 0.0000 1.0000 0.0000
vn 0.0000 1.0000 0.0000
vn 0.0000 1.0000 0.0000
vn 0.0000 1.0000 0.0000
vn 0.0000 1.0000 0.0000
vn 0.0000 1.0000 0.0000
vn 0.0000 1.0000 0.0000
vn 0.0000 1.0000 0.0000
vn 0.0000 1.0000 0.0000
vn 0.0000 1.0000 0.0000
vn 0.0000 1.0000 0.0000
vn 0.0000 1.0000 0.0000
vn 0.0000 1.0000 0.0000
vn 0.0000 1.0000 0.0000
vn 0.0000 1.0000 0.0000
vn 0.0000 1.0000 0.0000
vn 0.0000 1.0000 0.0000
vn 0.0000 1.0000 0.0000
vn 0.0000 1.0000 0.0000
vn 0.0000 1.0000 0.0000
vn 0.0000 1.0000 0.0000
vn 0.0000 1.0000 0.0000
vn 0.0000 1.0000 0.0000
vn 0.0000 1.0000 0.0000
vn 0.0000 1.0000 0.0000
vn 0.0000 1.0000 0.0000
vn 0.0000 1.0000 0.0000
vn 0.0000 1.0000 0.0000
vn 0.0000 1.0000 0.0000
vn 0.0000 1.0000 0.0000
vn 0.0000 1.0000 0.0000
vn 0.0000 1.0000 0.0000
vn 0.0000 1.0000 0.0000
vn 0.0000 1.0000 0.0000
vn 0.0000 1.0000 0.0000
vn 0.0000 1.0000 0.0000
vn 0.0000 1.0000 0.0000
vn 0.0000 1.0000 0.0000
vn 0.0000 1.0000 0.0000
vn 0.0000 1.0000 0.0000
vn 0.0000 1.0000 0.0000
vn 0.0000 1.0000 0.0000
vn 0.0000 1.0000 0.0000
vn 0.0000 1.0000 0.0000
vn 0.0000 1.0000 0.0000
vn 0.0000 1.0000 0.0000
vn 0.0000 1.0000 0.0000
vn 0.0000 1.0000 0.0000
vn 0.0000 1.0000 0.0000
vn 0.0000 1.0000 0.0000
vn 0.0000 1.0000 0.0000
vn 0.0000 1.0000 0.0000
vn 0.0000 1.0000 0.0000
vn 0.0000 1.0000 0.0000
vn 0.0000 1.0000 0.0000
vn 0.0000 1.0000 0.0000
vn 0.0000 1.0000 0.0000
vn 0.0000 1.0000 0.0000
vn 0.0000 1.0000 0.0000
vn 0.0000 1.0000 0.0000
vn 0.0000 1.0000 0.0000
vn 0.0000 1.0000 0.0000
vn 0.0000 1.0000 0.0000
vn 0.0000 1.0000 0.0000
vn 0.0000 1.0000 0.0000
vn 0.0000 1.0000 0.0000
vn 0.0000 1.0000 0.0000
vn 0.0000 1.0000 0.0000
vn 0.0000 1.0000 0.0000
vn 0.0000 1.0000 0.0000
vn 0.0000 1.0000 0.0000
vn 0.0000 1.0000 0.0000
vn 0.0000 1.0000 0.0000
vn 0.0000 1.0000 0.0000
vn 0.0000 1.0000 0.0000
vn 0.0000 1.0000 0.0000
vn 0.0000 1.0000 0.0000
vn 0.0000 1.0000 0.0000
vn 0.0000 1.0000 0.0000
vn 0.0000 1.0000 0.0000
vn 0.0000 1.0000 0.0000
vn 0.0000 1.0000 0.0000
vn 0.0000 1.0000 0.0000
vn 0.0000 1.0000 0.0000
vn 0.0000 1.0000 0.0000
vn 0.0000 1.0000 0.0000
vn 0.0000 1.0000 0.0000
vn 0.0000 1.0000 0.0000
vn 0.0000 1.0000 0.0000
vn 0.0000 1.0000 0.0000
vn 0.0000 1.0000 0.0000
vn 0.0000 1.0000 0.0000
vn 0.0000 1.0000 0.0000
vn 0.0000 1.0000 0.0000
vn 0.0000 1.0000 0.0000
vn 0.0000 1.0000 0.0000
vn 0.0000 1.0000 0.0000
vn 0.0000 1.0000 0.0000
vn 0.0000 1.0000 0.0000
vn 0.0000 1.0000 0.0000
vn 0.0000 1.0000 0.0000
vn 0.0000 1.0000 0.0000
vn 0.0000 1.0000 0.0000
vn 0.0000 1.0000 0.0000
vn 0.0000 1.0000 0.0000
vn 0.0000 1.0000 0.0000
vn 0.0000 1.0000 0.0000
vn 0.0000 1.0000 0.0000
vn 0.0000 1.0000 0.0000
vn 0.0000 1.0000 0.0000
vn 0.0000 1.0000 0.0000
vn 0.0000 1.0000 0.0000
vn 0.0000 1.0000 0.0000
vn 0.0000 1.0000 0.0000
vn 0.0000 1.0000 0.0000
vn 0.0000 1.0000 0.0000
vn 0.0000 1.0000 0.0000
vn 0.0000 1.0000 0.0000
vn 0.0000 1.0000 0.0000
vn 0.0000 1.0000 0.0000
vn 0.0000 1.0000 0.0000
vn 0.0000 1.0000 0.0000
vn 0.0000 1.0000 0.0000
vn 0.0000 1.0000 0.0000
vn 0.0000 1.0000 0.0000
vn 0.0000 1.0000 0.0000
vn 0.0000 1.0000 0.0000
vn 0.0000 1.0000 0.0000
vn 0.0000 1.0000 0.0000
vn 0.0000 1.0000 0.0000
vn 0.0000 1.0000 0.0000
vn 0.0000 1.0000 0.0000
vn 0.0000 1.0000 0.0000
vn 0.0000 1.0000 0.0000
vn 0.0000 1.0000 0.0000
vn 0.0000 1.0000 0.0000
vn 0.0000 1.0000 0.0000
vn 0.0000 1.0000 0.0000
vn 0.0000 1.0000 0.0000
vn 0.0000 1.0000 0.0000
vn 0.0000 1.0000 0.0000
vn 0.0000 1.0000 0.0000
vn 0.0000 1.0000 0.0000
vn 0.0000 1.0000 0.0000
vn 0.0000 1.0000 0.0000
vn 0.0000 1.0000 0.0000
vn 0.0000 1.0000 0.0000
vn 0.0000 1.0000 0.0000
vn 0.0000 1.0000 0.0000
vn 0.0000 1.0000 0.0000
vn 0.0000 1.0000 0.0000
vn 0.0000 1.0000 0.0000
vn 0.0000 1.0000 0.0000
vn 0.0000 1.0000 0.0000
vn 0.0000 1.0000 0.0000
vn 0.0000 1.0000 0.0000
vn 0.0000 1.0000 0.0000
vn 0.0000 1.0000 0.0000
vn 0.0000 1.0000 0.0000
vn 0.0000 1.0000 0.0000
vn 0.0000 1.0000 0.0000
vn 0.0000 1.0000 0.0000
vn 0.0000 1.0000 0.0000
vn 0.0000 1.0000 0.0000
vn 0.0000 1.0000 0.0000
vn 0.0000 1.0000 0.0000
vn 0.0000 1.0000 0.0000
vn 0.0000 1.0000 0.0000
vn 0.0000 1.0000 0.0000
vn 0.0000 1.0000 0.0000
vn 0.0000 1.0000 0.0000
vn 0.0000 1.0000 0.0000
vn 0.0000 1.0000 0.0000
vn 0.0000 1.0000 0.0000
vn 0.0000 1.0000 0.0000
vn 0.0000 1.0000 0.0000
vn 0.0000 1.0000 0.0000
vn 0.0000 1.0000 0.0000
vn 0.0000 1.0000 0.0000
vn 0.0000 1.0000 0.0000
vn 0.0000 1.0000 0.0000
vn 0.0000 1.0000 0.0000
vn 0.0000 1.0000 0.0000
vn 0.0000 1.0000 0.0000
vn 0.0000 1.0000 0.0000
vn 0.0000 1.0000 0.0000
vn 0.0000 1.0000 0.0000
vn 0.0000 1.0000 0.0000
vn 0.0000 1.0000 0.0000
vn 0.0000 1.0000 0.0000
vn 0.0000 1.0000 0.0000
vn 0.0000 1.0000 0.0000
vn 0.0000 1.0000 0.0000
vn 0.0000 1.0000 0.0000
vn 0.0000 1.0000 0.0000
vn 0.0000 1.0000 0.0000
vn 0.0000 1.0000 0.0000
vn 0.0000 1.0000 0.0000
vn 0.0000 1.0000 0.0000
vn 0.0000 1.0000 0.0000
vn 0.0000 1.0000 0.0000
vn 0.0000 1.0000 0.0000
vn 0.0000 1.0000 0.0000
vn 0.0000 1.0000 0.0000
vn 0.0000 1.0000 0.0000
vn 0.0000 1.0000 0.0000
vn 0.0000 1.0000 0.0000
vn 0.0000 1.0000 0.0000
vn 0.0000 1.0000 0.0000
vn 0.0000 1.0000 0.0000
vn 0.0000 1.0000 0.0000
vn 0.0000 1.0000 0.0000
vn 0.0000 1.0000 0.0000
vn 0.0000 1.0000 0.0000
vn 0.0000 1.0000 0.0000
vn 0.0000 1.0000 0.0000
vn 0.0000 1.0000 0.0000
vn 0.0000 1.0000 0.0000
vn 0.0000 1.0000 0.0000
vn 0.0000 1.0000 0.0000
vn 0.0000 1.0000 0.0000
vn 0.0000 1.0000 0.0000
vn 0.0000 1.0000 0.0000
vn 0.0000 1.0000 0.0000
vn 0.0000 1.0000 0.0000
vn 0.0000 1.0000 0.0000
vn 0.0000 1.0000 0.0000
vn 0.0000 1.0000 0.0000
vn 0.0000 1.0000 0.0000
vn 0.0000 1.0000 0.0000
vn 0.0000 1.0000 0.0000
vn 0.0000 1.0000 0.0000
vn 0.0000 1.0000 0.0000
vn 0.0000 1.0000 0.0000
vn 0.0000 1.0000 0.0000
vn 0.0000 1.0000 0.0000
vn 0.0000 1.0000 0.0000
vn 0.0000 1.0000 0.0000
vn 0.0000 1.0000 0.0000
vn 0.0000 1.0000 0.0000
vn 0.0000 1.0000 0.0000
vn 0.0000 1.0000 0.0000
vn 0.0000 1.0000 0.0000
vn 0.0000 1.0000 0.0000
vn 0.0000 1.0000 0.0000
vn 0.0000 1.0000 0.0000
vn 0.0000 1.0000 0.0000
vn 0.0000 1.0000 0.0000
vn 0.0000 1.0000 0.0000
vn 0.0000 1.0000 0.0000
vn 0.0000 1.0000 0.0000
vn 0.0000 1.0000 0.0000
vn 0.0000 1.0000 0.0000
vn 0.0000 1.0000 0.0000
vn 0.0000 1.0000 0.0000
vn 0.0000 1.0000 0.0000
vn 0.0000 1.0000 0.0000
vn 0.0000 1.0000 0.0000
vn 0.0000 1.0000 0.0000
vn 0.0000 1.0000 0.0000
vn 0.0000 1.0000 0.0000
vn 0.0000 1.0000 0.0000
vn 0.0000 1.0000 0.0000
vn 0.0000 1.0000 0.0000
vn 0.0000 1.0000 0.0000
vn 0.0000 1.0000 0.0000
vn 0.0000 1.0000 0.0000
vn 0.0000 1.0000 0.0000
vn 0.0000 1.0000 0.0000
vn 0.0000 1.0000 0.0000
vn 0.0000 1.0000 0.0000
vn 0.0000 1.0000 0.0000
vn 0.0000 1.0000 0.0000
vn 0.0000 1.0000 0.0000
vn 0.0000 1.0000 0.0000
vn 0.0000 1.0000 0.0000
vn 0.0000 1.0000 0.0000
vn 0.0000 1.0000 0.0000
vn 0.0000 1.0000 0.0000
vn 0.0000 1.0000 0.0000
vn 0.0000 1.0000 0.0000
vn 0.0000 1.0000 0.0000
vn 0.0000 1.0000 0.0000
vn 0.0000 1.0000 0.0000
vn 0.0000 1.0000 0.0000
vn 0.0000 1.0000 0.0000
vn 0.0000 1.0000 0.0000
vn 0.0000 1.0000 0.0000
vn 0.0000 1.0000 0.0000
vn 0.0000 1.0000 0.0000
vn 0.0000 1.0000 0.0000
vn 0.0000 1.0000 0.0000
vn 0.0000 1.0000 0.0000
vn 0.0000 1.0000 0.0000
vn 0.0000 1.0000 0.0000
vn 0.0000 1.0000 0.0000
vn 0.0000 1.0000 0.0000
vn 0.0000 1.0000 0.0000
vn 0.0000 1.0000 0.0000
vn 0.0000 1.0000 0.0000
vn 0.0000 1.0000 0.0000
vn 0.0000 1.0000 0.0000
vn 0.0000 1.0000 0.0000
vn 0.0000 1.0000 0.0000
vn 0.0000 1.0000 0.0000
vn 0.0000 1.0000 0.0000
vn 0.0000 1.0000 0.0000
vn 0.0000 1.0000 0.0000
vn 0.0000 1.0000 0.0000
vn 0.0000 1.0000 0.0000
vn 0.0000 1.0000 0.0000
vn 0.0000 1.0000 0.0000
vn 0.0000 1.0000 0.0000
vn 0.0000 1.0000 0.0000
vn 0.0000 1.0000 0.0000
vn 0.0000 1.0000 0.0000
vn 0.0000 1.0000 0.0000
vn 0.0000 1.0000 0.0000
vn 0.0000 1.0000 0.0000
vn 0.0000 1.0000 0.0000
vn 0.0000 1.0000 0.0000
vn 0.0000 1.0000 0.0000
vn 0.0000 1.0000 0.0000
vn 0.0000 1.0000 0.0000
vn 0.0000 1.0000 0.0000
vn 0.0000 1.0000 0.0000
vn 0.0000 1.0000 0.0000
vn 0.0000 1.0000 0.0000
vn 0.0000 1.0000 0.0000
vn 0.0000 1.0000 0.0000
vn 0.0000 1.0000 0.0000
vn 0.0000 1.0000 0.0000
vn 0.0000 1.0000 0.0000
vn 0.0000 1.0000 0.0000
vn 0.0000 1.0000 0.0000
vn 0.0000 1.0000 0.0000
vn 0.0000 1.0000 0.0000
vn 0.0000 1.0000 0.0000
vn 0.0000 1.0000 0.0000
vn 0.0000 1.0000 0.0000
vn 0.0000 1.0000 0.0000
vn 0.0000 1.0000 0.0000
vn 0.0000 1.0000 0.0000
vn 0.0000 1.0000 0.0000
vn 0.0000 1.0000 0.0000
vn 0.0000 1.0000 0.0000
vn 0.0000 1.0000 0.0000
vn 0.0000 1.0000 0.0000
vn 0.0000 1.0000 0.0000
vn 0.0000 1.0000 0.0000
vn 0.0000 1.0000 0.0000
vn 0.0000 1.0000 0.0000
vn 0.0000 1.0000 0.0000
vn 0.0000 1.0000 0.0000
vn 0.0000 1.0000 0.0000
vn 0.0000 1.0000 0.0000
vn 0.0000 1.0000 0.0000
vn 0.0000 1.0000 0.0000
vn 0.0000 1.0000 0.0000
vn 0.0000 1.0000 0.0000
vn 0.0000 1.0000 0.0000
vn 0.0000 1.0000 0.0000
vn 0.0000 1.0000 0.0000
vn 0.0000 1.0000 0.0000
vn 0.0000 1.0000 0.0000
vn 0.0000 1.0000 0.0000
vn 0.0000 1.0000 0.0000
vn 0.0000 1.0000 0.0000
vn 0.0000 1.0000 0.0000
vn 0.0000 1.0000 0.0000
vn 0.0000 1.0000 0.0000
vn 0.0000 1.0000 0.0000
vn 0.0000 1.0000 0.0000
vn 0.0000 1.0000 0.0000
vn 0.0000 1.0000 0.0000
vn 0.0000 1.0000 0.0000
vn 0.0000 1.0000 0.0000
vn 0.0000 1.0000 0.0000
vn 0.0000 1.0000 0.0000
vn 0.0000 1.0000 0.0000
vn 0.0000 1.0000 0.0000
vn 0.0000 1.0000 0.0000
vn 0.0000 1.0000 0.0000
vn 0.0000 1.0000 0.0000
vn 0.0000 1.0000 0.0000
vn 0.0000 1.0000 0.0000
vn 0.0000 1.0000 0.0000
vn 0.0000 1.0000 0.0000
vn 0.0000 1.0000 0.0000
vn 0.0000 1.0000 0.0000
vn 0.0000 1.0000 0.0000
vn 0.0000 1.0000 0.0000
vn 0.0000 1.0000 0.0000
vn 0.0000 1.0000 0.0000
vn 0.0000 1.0000 0.0000
vn 0.0000 1.0000 0.0000
vn 0.0000 1.0000 0.0000
vn 0.0000 1.0000 0.0000
vn 0.0000 1.0000 0.0000
vn 0.0000 1.0000 0.0000
vn 0.0000 1.0000 0.0000
vn 0.0000 1.0000 0.0000
vn 0.0000 1.0000 0.0000
vn 0.0000 1.0000 0.0000
vn 0.0000 1.0000 0.0000
vn 0.0000 1.0000 0.0000
vn 0.0000 1.0000 0.0000
vn 0.0000 1.0000 0.0000
vn 0.0000 1.0000 0.0000
vn 0.0000 1.0000 0.0000
vn 0.0000 1.0000 0.0000
vn 0.0000 1.0000 0.0000
vn 0.0000 1.0000 0.0000
vn 0.0000 1.0000 0.0000
vn 0.0000 1.0000 0.0000
vn 0.0000 1.0000 0.0000
vn 0.0000 1.0000 0.0000
vn 0.0000 1.0000 0.0000
vn 0.0000 1.0000 0.0000
vn 0.0000 1.0000 0.0000
vn 0.0000 1.0000 0.0000
vn 0.0000 1.0000 0.0000
vn 0.0000 1.0000 0.0000
vn 0.0000 1.0000 0.0000
vn 0.0000 1.0000 0.0000
vn 0.0000 1.0000 0.0000
vn 0.0000 1.0000 0.0000
vn 0.0000 1.0000 0.0000
vn 0.0000 1.0000 0.0000
vn 0.0000 1.0000 0.0000
vn 0.0000 1.0000 0.0000
vn 0.0000 1.0000 0.0000
vn 0.0000 1.0000 0.0000
vn 0.0000 1.0000 0.0000
vn 0.0000 1.0000 0.0000
vn 0.0000 1.0000 0.0000
vn 0.0000 1.0000 0.0000
vn 0.0000 1.0000 0.0000
vn 0.0000 1.0000 0.0000
vn 0.0000 1.0000 0.0000
vn 0.0000 1.0000 0.0000
vn 0.0000 1.0000 0.0000
vn 0.0000 1.0000 0.0000
vn 0.0000 1.0000 0.0000
vn 0.0000 1.0000 0.0000
vn 0.0000 1.0000 0.0000
vn 0.0000 1.0000 0.0000
vn 0.0000 1.0000 0.0000
vn 0.0000 1.0000 0.0000
vn 0.0000 1.0000 0.0000
vn 0.0000 1.0000 0.0000
vn 0.0000 1.0000 0.0000
vn 0.0000 1.0000 0.0000
vn 0.0000 1.0000 0.0000
vn 0.0000 1.0000 0.0000
vn 0.0000 1.0000 0.0000
vn 0.0000 1.0000 0.0000
vn 0.0000 1.0000 0.0000
vn 0.0000 1.0000 0.0000
vn 0.0000 1.0000 0.0000
vn 0.0000 1.0000 0.0000
vn 0.0000 1.0000 0.0000
vn 0.0000 1.0000 0.0000
vn 0.0000 1.0000 0.0000
vn 0.0000 1.0000 0.0000
vn 0.0000 1.0000 0.0000
vn 0.0000 1.0000 0.0000
vn 0.0000 1.0000 0.0000
vn 0.0000 1.0000 0.0000
vn 0.0000 1.0000 0.0000
vn 0.0000 1.0000 0.0000
vn 0.0000 1.0000 0.0000
vn 0.0000 1.0000 0.0000
vn 0.0000 1.0000 0.0000
vn 0.0000 1.0000 0.0000
vn 0.0000 1.0000 0.0000
vn 0.0000 1.0000 0.0000
vn 0.0000 1.0000 0.0000
vn 0.0000 1.0000 0.0000
vn 0.0000 1.0000 0.0000
vn 0.0000 1.0000 0.0000
vn 0.0000 1.0000 0.0000
vn 0.0000 1.0000 0.0000
vn 0.0000 1.0000 0.0000
vn 0.0000 1.0000 0.0000
vn 0.0000 1.0000 0.0000
vn 0.0000 1.0000 0.0000
vn 0.0000 1.0000 0.0000
vn 0.0000 1.0000 0.0000
vn 0.0000 1.0000 0.0000
vn 0.0000 1.0000 0.0000
vn 0.0000 1.0000 0.0000
vn 0.0000 1.0000 0.0000
vn 0.0000 1.0000 0.0000
vn 0.0000 1.0000 0.0000
vn 0.0000 1.0000 0.0000
vn 0.0000 1.0000 0.0000
vn 0.0000 1.0000 0.0000
vn 0.0000 1.0000 0.0000
vn 0.0000 1.0000 0.0000
vn 0.0000 1.0000 0.0000
vn 0.0000 1.0000 0.0000
vn 0.0000 1.0000 0.0000
vn 0.0000 1.0000 0.0000
vn 0.0000 1.0000 0.0000
vn 0.0000 1.0000 0.0000
vn 0.0000 1.0000 0.0000
vn 0.0000 1.0000 0.0000
vn 0.0000 1.0000 0.0000
vn 0.0000 1.0000 0.0000
vn 0.0000 1.0000 0.0000
vn 0.0000 1.0000 0.0000
vn 0.0000 1.0000 0.0000
vn 0.0000 1.0000 0.0000
vn 0.0000 1.0000 0.0000
vn 0.0000 1.0000 0.0000
vn 0.0000 1.0000 0.0000
vn 0.0000 1.0000 0.0000
vn 0.0000 1.0000 0.0000
vn 0.0000 1.0000 0.0000
vn 0.0000 1.0000 0.0000
vn 0.0000 1.0000 0.0000
vn 0.0000 1.0000 0.0000
vn 0.0000 1.0000 0.0000
vn 0.0000 1.0000 0.0000
vn 0.0000 1.0000 0.0000
vn 0.0000 1.0000 0.0000
vn 0.0000 1.0000 0.0000
vn 0.0000 1.0000 0.0000
vn 0.0000 1.0000 0.0000
vn 0.0000 1.0000 0.0000
vn 0.0000 1.0000 0.0000
vn 0.0000 1.0000 0.0000
vn 0.0000 1.0000 0.0000
vn 0.0000 1.0000 0.0000
vn 0.0000 1.0000 0.0000
vn 0.0000 1.0000 0.0000
vn 0.0000 1.0000 0.0000
vn 0.0000 1.0000 0.0000
vn 0.0000 1.0000 0.0000
vn 0.0000 1.0000 0.0000
vn 0.0000 1.0000 0.0000
vn 0.0000 1.0000 0.0000
vn 0.0000 1.0000 0.0000
vn 0.0000 1.0000 0.0000
vn 0.0000 1.0000 0.0000
vn 0.0000 1.0000 0.0000
vn 0.0000 1.0000 0.0000
vn 0.0000 1.0000 0.0000
vn 0.0000 1.0000 0.0000
vn 0.0000 1.0000 0.0000
vn 0.0000 1.0000 0.0000
vn 0.0000 1.0000 0.0000
vn 0.0000 1.0000 0.0000
vn 0.0000 1.0000 0.0000
vn 0.0000 1.0000 0.0000
vn 0.0000 1.0000 0.0000
vn 0.0000 1.0000 0.0000
vn 0.0000 1.0000 0.0000
vn 0.0000 1.0000 0.0000
vn 0.0000 1.0000 0.0000
vn 0.0000 1.0000 0.0000
vn 0.0000 1.0000 0.0000
vn 0.0000 1.0000 0.0000
vn 0.0000 1.0000 0.0000
vn 0.0000 1.0000 0.0000
vn 0.0000 1.0000 0.0000
vn 0.0000 1.0000 0.0000
vn 0.0000 1.0000 0.0000
vn 0.0000 1.0000 0.0000
vn 0.0000 1.0000 0.0000
vn 0.0000 1.0000 0.0000
vn 0.0000 1.0000 0.0000
vn 0.0000 1.0000 0.0000
vn 0.0000 1.0000 0.0000
vn 0.0000 1.0000 0.0000
vn 0.0000 1.0000 0.0000
vn 0.0000 1.0000 0.0000
vn 0.0000 1.0000 0.0000
vn 0.0000 1.0000 0.0000
vn 0.0000 1.0000 0.0000
vn 0.0000 1.0000 0.0000
vn 0.0000 1.0000 0.0000
vn 0.0000 1.0000 0.0000
vn 0.0000 1.0000 0.0000
vn 0.0000 1.0000 0.0000
vn 0.0000 1.0000 0.0000
vn 0.0000 1.0000 0.0000
vn 0.0000 1.0000 0.0000
vn 0.0000 1.0000 0.0000
vn 0.0000 1.0000 0.0000
vn 0.0000 1.0000 0.0000
vn 0.0000 1.0000 0.0000
vn 0.0000 1.0000 0.0000
vn 0.0000 1.0000 0.0000
vn 0.0000 1.0000 0.0000
vn 0.0000 1.0000 0.0000
vn 0.0000 1.0000 0.0000
vn 0.0000 1.0000 0.0000
vn 0.0000 1.0000 0.0000
vn 0.0000 1.0000 0.0000
vn 0.0000 1.0000 0.0000
vn 0.0000 1.0000 0.0000
vn 0.0000 1.0000 0.0000
vn 0.0000 1.0000 0.0000
vn 0.0000 1.0000 0.0000
vn 0.0000 1.0000 0.0000
vn 0.0000 1.0000 0.0000
vn 0.0000 1.0000 0.0000
vn 0.0000 1.0000 0.0000
vn 0.0000 1.0000 0.0000
vn 0.0000 1.0000 0.0000
vn 0.0000 1.0000 0.0000
vn 0.0000 1.0000 0.0000
vn 0.0000 1.0000 0.0000
vn 0.0000 1.0000 0.0000
vn 0.0000 1.0000 0.0000
vn 0.0000 1.0000 0.0000
vn 0.0000 1.0000 0.0000
vn 0.0000 1.0000 0.0000
vn 0.0000 1.0000 0.0000
vn 0.0000 1.0000 0.0000
vn 0.0000 1.0000 0.0000
vn 0.0000 1.0000 0.0000
vn 0.0000 1.0000 0.0000
vn 0.0000 1.0000 0.0000
vn 0.0000 1.0000 0.0000
vn 0.0000 1.0000 0.0000
vn 0.0000 1.0000 0.0000
vn 0.0000 1.0000 0.0000
vn 0.0000 1.0000 0.0000
vn 0.0000 1.0000 0.0000
vn 0.0000 1.0000 0.0000
vn 0.0000 1.0000 0.0000
vn 0.0000 1.0000 0.0000
vn 0.0000 1.0000 0.0000
vn 0.0000 1.0000 0.0000
vn 0.0000 1.0000 0.0000
vn 0.0000 1.0000 0.0000
vn 0.0000 1.0000 0.0000
vn 0.0000 1.0000 0.0000
vn 0.0000 1.0000 0.0000
vn 0.0000 1.0000 0.0000
vn 0.0000 1.0000 0.0000
vn 0.0000 1.0000 0.0000
vn 0.0000 1.0000 0.0000
vn 0.0000 1.0000 0.0000
vn 0.0000 1.0000 0.0000
vn 0.0000 1.0000 0.0000
vn 0.0000 1.0000 0.0000
vn 0.0000 1.0000 0.0000
vn 0.0000 1.0000 0.0000
vn 0.0000 1.0000 0.0000
vn 0.0000 1.0000 0.0000
vn 0.0000 1.0000 0.0000
vn 0.0000 1.0000 0.0000
vn 0.0000 1.0000 0.0000
vn 0.0000 1.0000 0.0000
vn 0.0000 1.0000 0.0000
vn 0.0000 1.0000 0.0000
vn 0.0000 1.0000 0.0000
vn 0.0000 1.0000 0.0000
vn 0.0000 1.0000 0.0000
vn 0.0000 1.0000 0.0000
vn 0.0000 1.0000 0.0000
vn 0.0000 1.0000 0.0000
vn 0.0000 1.0000 0.0000
vn 0.0000 1.0000 0.0000
vn 0.0000 1.0000 0.0000
vn 0.0000 1.0000 0.0000
vn 0.0000 1.0000 0.0000
vn 0.0000 1.0000 0.0000
vn 0.0000 1.0000 0.0000
vn 0.0000 1.0000 0.0000
vn 0.0000 1.0000 0.0000
vn 0.0000 1.0000 0.0000
vn 0.0000 1.0000 0.0000
vn 0.0000 1.0000 0.0000
vn 0.0000 1.0000 0.0000
vn 0.0000 1.0000 0.0000
vn 0.0000 1.0000 0.0000
vn 0.0000 1.0000 0.0000
vn 0.0000 1.0000 0.0000
vn 0.0000 1.0000 0.0000
vn 0.0000 1.0000 0.0000
vn 0.0000 1.0000 0.0000
vn 0.0000 1.0000 0.0000
vn 0.0000 1.0000 0.0000
vn 0.0000 1.0000 0.0000
vn 0.0000 1.0000 0.0000
vn 0.0000 1.0000 0.0000
vn 0.0000 1.0000 0.0000
vn 0.0000 1.0000 0.0000
vn 0.0000 1.0000 0.0000
vn 0.0000 1.0000 0.0000
vn 0.0000 1.0000 0.0000
vn 0.0000 1.0000 0.0000
vn 0.0000 1.0000 0.0000
vn 0.0000 1.0000 0.0000
vn 0.0000 1.0000 0.0000
vn 0.0000 1.0000 0.0000
vn 0.0000 1.0000 0.0000
vn 0.0000 1.0000 0.0000
vn 0.0000 1.0000 0.0000
vn 0.0000 1.0000 0.0000
vn 0.0000 1.0000 0.0000
vn 0.0000 1.0000 0.0000
vn 0.0000 1.0000 0.0000
vn 0.0000 1.0000 0.0000
vn 0.0000 1.0000 0.0000
vn 0.0000 1.0000 0.0000
vn 0.0000 1.0000 0.0000
vn 0.0000 1.0000 0.0000
vn 0.0000 1.0000 0.0000
vn 0.0000 1.0000 0.0000
vn 0.0000 1.0000 0.0000
vn 0.0000 1.0000 0.0000
vn 0.0000 1.0000 0.0000
vn 0.0000 1.0000 0.0000
vn 0.0000 1.0000 0.0000
vn 0.0000 1.0000 0.0000
vn 0.0000 1.0000 0.0000
vn 0.0000 1.0000 0.0000
vn 0.0000 1.0000 0.0000
vn 0.0000 1.0000 0.0000
vn 0.0000 1.0000 0.0000
vn 0.0000 1.0000 0.0000
vn 0.0000 1.0000 0.0000
vn 0.0000 1.0000 0.0000
vn 0.0000 1.0000 0.0000
vn 0.0000 1.0000 0.0000
vn 0.0000 1.0000 0.0000
vn 0.0000 1.0000 0.0000
vn 0.0000 1.0000 0.0000
vn 0.0000 1.0000 0.0000
vn 0.0000 1.0000 0.0000
vn 0.0000 1.0000 0.0000
vn 0.0000 1.0000 0.0000
vn 0.0000 1.0000 0.0000
vn 0.0000 1.0000 0.0000
vn 0.0000 1.0000 0.0000
vn 0.0000 1.0000 0.0000
vn 0.0000 1.0000 0.0000
vn 0.0000 1.0000 0.0000
vn 0.0000 1.0000 0.0000
vn 0.0000 1.0000 0.0000
vn 0.0000 1.0000 0.0000
vn 0.0000 1.0000 0.0000
vn 0.0000 1.0000 0.0000
vn 0.0000 1.0000 0.0000
vn 0.0000 1.0000 0.0000
vn 0.0000 1.0000 0.0000
vn 0.0000 1.0000 0.0000
vn 0.0000 1.0000 0.0000
vn 0.0000 1.0000 0.0000
vn 0.0000 1.0000 0.0000
vn 0.0000 1.0000 0.0000
vn 0.0000 1.0000 0.0000
vn 0.0000 1.0000 0.0000
vn 0.0000 1.0000 0.0000
vn 0.0000 1.0000 0.0000
vn 0.0000 1.0000 0.0000
vn 0.0000 1.0000 0.0000
vn 0.0000 1.0000 0.0000
vn 0.0000 1.0000 0.0000
vn 0.0000 1.0000 0.0000
vn 0.0000 1.0000 0.0000
vn 0.0000 1.0000 0.0000
vn 0.0000 1.0000 0.0000
vn 0.0000 1.0000 0.0000
vn 0.0000 1.0000 0.0000
vn 0.0000 1.0000 0.0000
vn 0.0000 1.0000 0.0000
vn 0.0000 1.0000 0.0000
vn 0.0000 1.0000 0.0000
vn 0.0000 1.0000 0.0000
vn 0.0000 1.0000 0.0000
vn 0.0000 1.0000 0.0000
vn 0.0000 1.0000 0.0000
vn 0.0000 1.0000 0.0000
vn 0.0000 1.0000 0.0000
vn 0.0000 1.0000 0.0000
vn 0.0000 1.0000 0.0000
vn 0.0000 1.0000 0.0000
vn 0.0000 1.0000 0.0000
vn 0.0000 1.0000 0.0000
vn 0.0000 1.0000 0.0000
vn 0.0000 1.0000 0.0000
vn 0.0000 1.0000 0.0000
vn 0.0000 1.0000 0.0000
vn 0.0000 1.0000 0.0000
vn 0.0000 1.0000 0.0000
vn 0.0000 1.0000 0.0000
vn 0.0000 1.0000 0.0000
vn 0.0000 1.0000 0.0000
vn 0.0000 1.0000 0.0000
vn 0.0000 1.0000 0.0000
vn 0.0000 1.0000 0.0000
vn 0.0000 1.0000 0.0000
vn 0.0000 1.0000 0.0000
vn 0.0000 1.0000 0.0000
vn 0.0000 1.0000 0.0000
vn 0.0000 1.0000 0.0000
vn 0.0000 1.0000 0.0000
vn 0.0000 1.0000 0.0000
vn 0.0000 1.0000 0.0000
vn 0.0000 1.0000 0.0000
vn 0.0000 1.0000 0.0000
vn 0.0000 1.0000 0.0000
vn 0.0000 1.0000 0.0000
vn 0.0000 1.0000 0.0000
vn 0.0000 1.0000 0.0000
vn 0.0000 1.0000 0.0000
vn 0.0000 1.0000 0.0000
vn 0.0000 1.0000 0.0000
vn 0.0000 1.0000 0.0000
vn 0.0000 1.0000 0.0000
vn 0.0000 1.0000 0.0000
vn 0.0000 1.0000 0.0000
vn 0.0000 1.0000 0.0000
vn 0.0000 1.0000 0.0000
vn 0.0000 1.0000 0.0000
vn 0.0000 1.0000 0.0000
vn 0.0000 1.0000 0.0000
vn 0.0000 1.0000 0.0000
vn 0.0000 1.0000 0.0000
vn 0.0000 1.0000 0.0000
vn 0.0000 1.0000 0.0000
vn 0.0000 1.0000 0.0000
vn 0.0000 1.0000 0.0000
vn 0.0000 1.0000 0.0000
vn 0.0000 1.0000 0.0000
vn 0.0000 1.0000 0.0000
vn 0.0000 1.0000 0.0000
vn 0.0000 1.0000 0.0000
vn 0.0000 1.0000 0.0000
vn 0.0000 1.0000 0.0000
vn 0.0000 1.0000 0.0000
vn 0.0000 1.0000 0.0000
vn 0.0000 1.0000 0.0000
vn 0.0000 1.0000 0.0000
vn 0.0000 1.0000 0.0000
vn 0.0000 1.0000 0.0000
vn 0.0000 1.0000 0.0000
vn 0.0000 1.0000 0.0000
vn 0.0000 1.0000 0.0000
vn 0.0000 1.0000 0.0000
vn 0.0000 1.0000 0.0000
vn 0.0000 1.0000 0.0000
vn 0.0000 1.0000 0.0000
vn 0.0000 1.0000 0.0000
vn 0.0000 1.0000 0.0000
vn 0.0000 1.0000 0.0000
vn 0.0000 1.0000 0.0000
vn 0.0000 1.0000 0.0000
vn 0.0000 1.0000 0.0000
vn 0.0000 1.0000 0.0000
vn 0.0000 1.0000 0.0000
vn 0.0000 1.0000 0.0000
vn 0.0000 1.0000 0.0000
vn 0.0000 1.0000 0.0000
vn 0.0000 1.0000 0.0000
vn 0.0000 1.0000 0.0000
vn 0.0000 1.0000 0.0000
vn 0.0000 1.0000 0.0000
vn 0.0000 1.0000 0.0000
vn 0.0000 1.0000 0.0000
vn 0.0000 1.0000 0.0000
vn 0.0000 1.0000 0.0000
vn 0.0000 1.0000 0.0000
vn 0.0000 1.0000 0.0000
vn 0.0000 1.0000 0.0000
vn 0.0000 1.0000 0.0000
vn 0.0000 1.0000 0.0000
vn 0.0000 1.0000 0.0000
vn 0.0000 1.0000 0.0000
vn 0.0000 1.0000 0.0000
vn 0.0000 1.0000 0.0000
vn 0.0000 1.0000 0.0000
vn 0.0000 1.0000 0.0000
vn 0.0000 1.0000 0.0000
vn 0.0000 1.0000 0.0000
vn 0.0000 1.0000 0.0000
vn 0.0000 1.0000 0.0000
vn 0.0000 1.0000 0.0000
vn 0.0000 1.0000 0.0000
vn 0.0000 1.0000 0.0000
vn 0.0000 1.0000 0.0000
vn 0.0000 1.0000 0.0000
vn 0.0000 1.0000 0.0000
vn 0.0000 1.0000 0.0000
vn 0.0000 1.0000 0.0000
vn 0.0000 1.0000 0.0000
vn 0.0000 1.0000 0.0000
vn 0.0000 1.0000 0.0000
vn 0.0000 1.0000 0.0000
vn 0.0000 1.0000 0.0000
vn 0.0000 1.0000 0.0000
vn 0.0000 1.0000 0.0000
vn 0.0000 1.0000 0.0000
vn 0.0000 1.0000 0.0000
vn 0.0000 1.0000 0.0000
vn 0.0000 1.0000 0.0000
vn 0.0000 1.0000 0.0000
vn 0.0000 1.0000 0.0000
vn 0.0000 1.0000 0.0000
vn 0.0000 1.0000 0.0000
vn 0.0000 1.0000 0.0000
vn 0.0000 1.0000 0.0000
vn 0.0000 1.0000 0.0000
vn 0.0000 1.0000 0.0000
vn 0.0000 1.0000 0.0000
vn 0.0000 1.0000 0.0000
vn 0.0000 1.0000 0.0000
vn 0.0000 1.0000 0.0000
vn 0.0000 1.0000 0.0000
vn 0.0000 1.0000 0.0000
vn 0.0000 1.0000 0.0000
vn 0.0000 1.0000 0.0000
vn 0.0000 1.0000 0.0000
vn 0.0000 1.0000 0.0000
vn 0.0000 1.0000 0.0000
vn 0.0000 1.0000 0.0000
vn 0.0000 1.0000 0.0000
vn 0.0000 1.0000 0.0000
vn 0.0000 1.0000 0.0000
vn 0.0000 1.0000 0.0000
vn 0.0000 1.0000 0.0000
vn 0.0000 1.0000 0.0000
vn 0.0000 1.0000 0.0000
vn 0.0000 1.0000 0.0000
vn 0.0000 1.0000 0.0000
vn 0.0000 1.0000 0.0000
vn 0.0000 1.0000 0.0000
vn 0.0000 1.0000 0.0000
vn 0.0000 1.0000 0.0000
vn 0.0000 1.0000 0.0000
vn 0.0000 1.0000 0.0000
vn 0.0000 1.0000 0.0000
vn 0.0000 1.0000 0.0000
vn 0.0000 1.0000 0.0000
vn 0.0000 1.0000 0.0000
vn 0.0000 1.0000 0.0000
vn 0.0000 1.0000 0.0000
vn 0.0000 1.0000 0.0000
vn 0.0000 1.0000 0.0000
vn 0.0000 1.0000 0.0000
vn 0.0000 1.0000 0.0000
vn 0.0000 1.0000 0.0000
vn 0.0000 1.0000 0.0000
vn 0.0000 1.0000 0.0000
vn 0.0000 1.0000 0.0000
vn 0.0000 1.0000 0.0000
vn 0.0000 1.0000 0.0000
vn 0.0000 1.0000 0.0000
vn 0.0000 1.0000 0.0000
vn 0.0000 1.0000 0.0000
vn 0.0000 1.0000 0.0000
vn 0.0000 1.0000 0.0000
vn 0.0000 1.0000 0.0000
vn 0.0000 1.0000 0.0000
vn 0.0000 1.0000 0.0000
vn 0.0000 1.0000 0.0000
vn 0.0000 1.0000 0.0000
vn 0.0000 1.0000 0.0000
vn 0.0000 1.0000 0.0000
vn 0.0000 1.0000 0.0000
vn 0.0000 1.0000 0.0000
vn 0.0000 1.0000 0.0000
vn 0.0000 1.0000 0.0000
vn 0.0000 1.0000 0.0000
vn 0.0000 1.0000 0.0000
vn 0.0000 1.0000 0.0000
vn 0.0000 1.0000 0.0000
vn 0.0000 1.0000 0.0000
vn 0.0000 1.0000 0.0000
vn 0.0000 1.0000 0.0000
vn 0.0000 1.0000 0.0000
vn 0.0000 1.0000 0.0000
vn 0.0000 1.0000 0.0000
vn 0.0000 1.0000 0.0000
vn 0.0000 1.0000 0.0000
vn 0.0000 1.0000 0.0000
vn 0.0000 1.0000 0.0000
vn 0.0000 1.0000 0.0000
vn 0.0000 1.0000 0.0000
vn 0.0000 1.0000 0.0000
vn 0.0000 1.0000 0.0000
vn 0.0000 1.0000 0.0000
vn 0.0000 1.0000 0.0000
vn 0.0000 1.0000 0.0000
vn 0.0000 1.0000 0.0000
vn 0.0000 1.0000 0.0000
vn 0.0000 1.0000 0.0000
vn 0.0000 1.0000 0.0000
vn 0.0000 1.0000 0.0000
vn 0.0000 1.0000 0.0000
vn 0.0000 1.0000 0.0000
vn 0.0000 1.0000 0.0000
vn 0.0000 1.0000 0.0000
vn 0.0000 1.0000 0.0000
vn 0.0000 1.0000 0.0000
vn 0.0000 1.0000 0.0000
vn 0.0000 1.0000 0.0000
vn 0.0000 1.0000 0.0000
vn 0.0000 1.0000 0.0000
vn 0.0000 1.0000 0.0000
vn 0.0000 1.0000 0.0000
vn 0.0000 1.0000 0.0000
vn 0.0000 1.0000 0.0000
vn 0.0000 1.0000 0.0000
vn 0.0000 1.0000 0.0000
vn 0.0000 1.0000 0.0000
vn 0.0000 1.0000 0.0000
vn 0.0000 1.0000 0.0000
vn 0.0000 1.0000 0.0000
vn 0.0000 1.0000 0.0000
vn 0.0000 1.0000 0.0000
vn 0.0000 1.0000 0.0000
vn 0.0000 1.0000 0.0000
vn 0.0000 1.0000 0.0000
vn 0.0000 1.0000 0.0000
vn 0.0000 1.0000 0.0000
vn 0.0000 1.0000 0.0000
vn 0.0000 1.0000 0.0000
vn 0.0000 1.0000 0.0000
vn 0.0000 1.0000 0.0000
vn 0.0000 1.0000 0.0000
vn 0.0000 1.0000 0.0000
vn 0.0000 1.0000 0.0000
vn 0.0000 1.0000 0.0000
vn 0.0000 1.0000 0.0000
vn 0.0000 1.0000 0.0000
vn 0.0000 1.0000 0.0000
vn 0.0000 1.0000 0.0000
vn 0.0000 1.0000 0.0000
vn 0.0000 1.0000 0.0000
vn 0.0000 1.0000 0.0000
vn 0.0000 1.0000 0.0000
vn 0.0000 1.0000 0.0000
vn 0.0000 1.0000 0.0000
vn 0.0000 1.0000 0.0000
vn 0.0000 1.0000 0.0000
vn 0.0000 1.0000 0.0000
vn 0.0000 1.0000 0.0000
vn 0.0000 1.0000 0.0000
vn 0.0000 1.0000 0.0000
vn 0.0000 1.0000 0.0000
vn 0.0000 1.0000 0.0000
vn 0.0000 1.0000 0.0000
vn 0.0000 1.0000 0.0000
vn 0.0000 1.0000 0.0000
vn 0.0000 1.0000 0.0000
vn 0.0000 1.0000 0.0000
vn 0.0000 1.0000 0.0000
vn 0.0000 1.0000 0.0000
vn 0.0000 1.0000 0.0000
vn 0.0000 1.0000 0.0000
vn 0.0000 1.0000 0.0000
vn 0.0000 1.0000 0.0000
vn 0.0000 1.0000 0.0000
vn 0.0000 1.0000 0.0000
vn 0.0000 1.0000 0.0000
vn 0.0000 1.0000 0.0000
vn 0.0000 1.0000 0.0000
vn 0.0000 1.0000 0.0000
vn 0.0000 1.0000 0.0000
vn 0.0000 1.0000 0.0000
vn 0.0000 1.0000 0.0000
vn 0.0000 1.0000 0.0000
vn 0.0000 1.0000 0.0000
vn 0.0000 1.0000 0.0000
vn 0.0000 1.0000 0.0000
vn 0.0000 1.0000 0.0000
vn 0.0000 1.0000 0.0000
vn 0.0000 1.0000 0.0000
vn 0.0000 1.0000 0.0000
vn 0.0000 1.0000 0.0000
vn 0.0000 1.0000 0.0000
vn 0.0000 1.0000 0.0000
vn 0.0000 1.0000 0.0000
vn 0.0000 1.0000 0.0000
vn 0.0000 1.0000 0.0000
vn 0.0000 1.0000 0.0000
vn 0.0000 1.0000 0.0000
vn 0.0000 1.0000 0.0000
vn 0.0000 1.0000 0.0000
vn 0.0000 1.0000 0.0000
vn 0.0000 1.0000 0.0000
vn 0.0000 1.0000 0.0000
vn 0.0000 1.0000 0.0000
vn 0.0000 1.0000 0.0000
vn 0.0000 1.0000 0.0000
vn 0.0000 1.0000 0.0000
vn 0.0000 1.0000 0.0000
vn 0.0000 1.0000 0.0000
vn 0.0000 1.0000 0.0000
vn 0.0000 1.0000 0.0000
vn 0.0000 1.0000 0.0000
vn 0.0000 1.0000 0.0000
vn 0.0000 1.0000 0.0000
vn 0.0000 1.0000 0.0000
vn 0.0000 1.0000 0.0000
vn 0.0000 1.0000 0.0000
vn 0.0000 1.0000 0.0000
vn 0.0000 1.0000 0.0000
vn 0.0000 1.0000 0.0000
vn 0.0000 1.0000 0.0000
vn 0.0000 1.0000 0.0000
vn 0.0000 1.0000 0.0000
vn 0.0000 1.0000 0.0000
vn 0.0000 1.0000 0.0000
vn 0.0000 1.0000 0.0000
vn 0.0000 1.0000 0.0000
vn 0.0000 1.0000 0.0000
vn 0.0000 1.0000 0.0000
vn 0.0000 1.0000 0.0000
vn 0.0000 1.0000 0.0000
vn 0.0000 1.0000 0.0000
vn 0.0000 1.0000 0.0000
vn 0.0000 1.0000 0.0000
vn 0.0000 1.0000 0.0000
vn 0.0000 1.0000 0.0000
vn 0.0000 1.0000 0.0000
vn 0.0000 1.0000 0.0000
vn 0.0000 1.0000 0.0000
vn 0.0000 1.0000 0.0000
vn 0.0000 1.0000 0.0000
vn 0.0000 1.0000 0.0000
vn 0.0000 1.0000 0.0000
vn 0.0000 1.0000 0.0000
vn 0.0000 1.0000 0.0000
vn 0.0000 1.0000 0.0000
vn 0.0000 1.0000 0.0000
vn 0.0000 1.0000 0.0000
vn 0.0000 1.0000 0.0000
vn 0.0000 1.0000 0.0000
vn 0.0000 1.0000 0.0000
vn 0.0000 1.0000 0.0000
vn 0.0000 1.0000 0.0000
vn 0.0000 1.0000 0.0000
vn 0.0000 1.0000 0.0000
vn 0.0000 1.0000 0.0000
vn 0.0000 1.0000 0.0000
vn 0.0000 1.0000 0.0000
vn 0.0000 1.0000 0.0000
vn 0.0000 1.0000 0.0000
vn 0.0000 1.0000 0.0000
vn 0.0000 1.0000 0.0000
vn 0.0000 1.0000 0.0000
vn 0.0000 1.0000 0.0000
vn 0.0000 1.0000 0.0000
vn 0.0000 1.0000 0.0000
vn 0.0000 1.0000 0.0000
vn 0.0000 1.0000 0.0000
vn 0.0000 1.0000 0.0000
vn 0.0000 1.0000 0.0000
vn 0.0000 1.0000 0.0000
vn 0.0000 1.0000 0.0000
vn 0.0000 1.0000 0.0000
vn 0.0000 1.0000 0.0000
vn 0.0000 1.0000 0.0000
vn 0.0000 1.0000 0.0000
vn 0.0000 1.0000 0.0000
vn 0.0000 1.0000 0.0000
vn 0.0000 1.0000 0.0000
vn 0.0000 1.0000 0.0000
vn 0.0000 1.0000 0.0000
vn 0.0000 1.0000 0.0000
vn 0.0000 1.0000 0.0000
vn 0.0000 1.0000 0.0000
vn 0.0000 1.0000 0.0000
vn 0.0000 1.0000 0.0000
vn 0.0000 1.0000 0.0000
vn 0.0000 1.0000 0.0000
vn 0.0000 1.0000 0.0000
vn 0.0000 1.0000 0.0000
vn 0.0000 1.0000 0.0000
vn 0.0000 1.0000 0.0000
vn 0.0000 1.0000 0.0000
vn 0.0000 1.0000 0.0000
vn 0.0000 1.0000 0.0000
vn 0.0000 1.0000 0.0000
vn 0.0000 1.0000 0.0000
vn 0.0000 1.0000 0.0000
vn 0.0000 1.0000 0.0000
vn 0.0000 1.0000 0.0000
vn 0.0000 1.0000 0.0000
vn 0.0000 1.0000 0.0000
vn 0.0000 1.0000 0.0000
vn 0.0000 1.0000 0.0000
vn 0.0000 1.0000 0.0000
vn 0.0000 1.0000 0.0000
vn 0.0000 1.0000 0.0000
vn 0.0000 1.0000 0.0000
vn 0.0000 1.0000 0.0000
vn 0.0000 1.0000 0.0000
vn 0.0000 1.0000 0.0000
vn 0.0000 1.0000 0.0000
vn 0.0000 1.0000 0.0000
vn 0.0000 1.0000 0.0000
vn 0.0000 1.0000 0.0000
vn 0.0000 1.0000 0.0000
vn 0.0000 1.0000 0.0000
vn 0.0000 1.0000 0.0000
vn 0.0000 1.0000 0.0000
vn 0.0000 1.0000 0.0000
vn 0.0000 1.0000 0.0000
vn 0.0000 1.0000 0.0000
vn 0.0000 1.0000 0.0000
vn 0.0000 1.0000 0.0000
vn 0.0000 1.0000 0.0000
vn 0.0000 1.0000 0.0000
vn 0.0000 1.0000 0.0000
vn 0.0000 1.0000 0.0000
vn 0.0000 1.0000 0.0000
vn 0.0000 1.0000 0.0000
vn 0.0000 1.0000 0.0000
vn 0.0000 1.0000 0.0000
vn 0.0000 1.0000 0.0000
vn 0.0000 1.0000 0.0000
vn 0.0000 1.0000 0.0000
vn 0.0000 1.0000 0.0000
vn 0.0000 1.0000 0.0000
vn 0.0000 1.0000 0.0000
vn 0.0000 1.0000 0.0000
vn 0.0000 1.0000 0.0000
vn 0.0000 1.0000 0.0000
vn 0.0000 1.0000 0.0000
vn 0.0000 1.0000 0.0000
vn 0.0000 1.0000 0.0000
vn 0.0000 1.0000 0.0000
vn 0.0000 1.0000 0.0000
vn 0.0000 1.0000 0.0000
vn 0.0000 1.0000 0.0000
vn 0.0000 1.0000 0.0000
vn 0.0000 1.0000 0.0000
vn 0.0000 1.0000 0.0000
vn 0.0000 1.0000 0.0000
vn 0.0000 1.0000 0.0000
vn 0.0000 1.0000 0.0000
vn 0.0000 1.0000 0.0000
vn 0.0000 1.0000 0.0000
vn 0.0000 1.0000 0.0000
vn 0.0000 1.0000 0.0000
vn 0.0000 1.0000 0.0000
vn 0.0000 1.0000 0.0000
vn 0.0000 1.0000 0.0000
vn 0.0000 1.0000 0.0000
vn 0.0000 1.0000 0.0000
vn 0.0000 1.0000 0.0000
vn 0.0000 1.0000 0.0000
vn 0.0000 1.0000 0.0000
vn 0.0000 1.0000 0.0000
vn 0.0000 1.0000 0.0000
vn 0.0000 1.0000 0.0000
vn 0.0000 1.0000 0.0000
vn 0.0000 1.0000 0.0000
vn 0.0000 1.0000 0.0000
vn 0.0000 1.0000 0.0000
vn 0.0000 1.0000 0.0000
vn 0.0000 1.0000 0.0000
vn 0.0000 1.0000 0.0000
vn 0.0000 1.0000 0.0000
vn 0.0000 1.0000 0.0000
vn 0.0000 1.0000 0.0000
vn 0.0000 1.0000 0.0000
vn 0.0000 1.0000 0.0000
vn 0.0000 1.0000 0.0000
vn 0.0000 1.0000 0.0000
vn 0.0000 1.0000 0.0000
vn 0.0000 1.0000 0.0000
vn 0.0000 1.0000 0.0000
vn 0.0000 1.0000 0.0000
vn 0.0000 1.0000 0.0000
vn 0.0000 1.0000 0.0000
vn 0.0000 1.0000 0.0000
vn 0.0000 1.0000 0.0000
vn 0.0000 1.0000 0.0000
vn 0.0000 1.0000 0.0000
vn 0.0000 1.0000 0.0000
vn 0.0000 1.0000 0.0000
vn 0.0000 1.0000 0.0000
vn 0.0000 1.0000 0.0000
vn 0.0000 1.0000 0.0000
vn 0.0000 1.0000 0.0000
vn 0.0000 1.0000 0.0000
vn 0.0000 1.0000 0.0000
vn 0.0000 1.0000 0.0000
vn 0.0000 1.0000 0.0000
vn 0.0000 1.0000 0.0000
vn 0.0000 1.0000 0.0000
vn 0.0000 1.0000 0.0000
vn 0.0000 1.0000 0.0000
vn 0.0000 1.0000 0.0000
vn 0.0000 1.0000 0.0000
vn 0.0000 1.0000 0.0000
vn 0.0000 1.0000 0.0000
vn 0.0000 1.0000 0.0000
vn 0.0000 1.0000 0.0000
vn 0.0000 1.0000 0.0000
vn 0.0000 1.0000 0.0000
vn 0.0000 1.0000 0.0000
vn 0.0000 1.0000 0.0000
vn 0.0000 1.0000 0.0000
vn 0.0000 1.0000 0.0000
vn 0.0000 1.0000 0.0000
vn 0.0000 1.0000 0.0000
vn 0.0000 1.0000 0.0000
vn 0.0000 1.0000 0.0000
vn 0.0000 1.0000 0.0000
vn 0.0000 1.0000 0.0000
vn 0.0000 1.0000 0.0000
vn 0.0000 1.0000 0.0000
vn 0.0000 1.0000 0.0000
vn 0.0000 1.0000 0.0000
vn 0.0000 1.0000 0.0000
vn 0.0000 1.0000 0.0000
vn 0.0000 1.0000 0.0000
vn 0.0000 1.0000 0.0000
vn 0.0000 1.0000 0.0000
vn 0.0000 1.0000 0.0000
vn 0.0000 1.0000 0.0000
vn 0.0000 1.0000 0.0000
vn 0.0000 1.0000 0.0000
vn 0.0000 1.0000 0.0000
vn 0.0000 1.0000 0.0000
vn 0.0000 1.0000 0.0000
vn 0.0000 1.0000 0.0000
vn 0.0000 1.0000 0.0000
vn 0.0000 1.0000 0.0000
vn 0.0000 1.0000 0.0000
vn 0.0000 1.0000 0.0000
vn 0.0000 1.0000 0.0000
vn 0.0000 1.0000 0.0000
vn 0.0000 1.0000 0.0000
vn 0.0000 1.0000 0.0000
vn 0.0000 1.0000 0.0000
vn 0.0000 1.0000 0.0000
vn 0.0000 1.0000 0.0000
vn 0.0000 1.0000 0.0000
vn 0.0000 1.0000 0.0000
vn 0.0000 1.0000 0.0000
vn 0.0000 1.0000 0.0000
vn 0.0000 1.0000 0.0000
vn 0.0000 1.0000 0.0000
vn 0.0000 1.0000 0.0000
vn 0.0000 1.0000 0.0000
vn 0.0000 1.0000 0.0000
vn 0.0000 1.0000 0.0000
vn 0.0000 1.0000 0.0000
vn 0.0000 1.0000 0.0000
vn 0.0000 1.0000 0.0000
vn 0.0000 1.0000 0.0000
vn 0.0000 1.0000 0.0000
vn 0.0000 1.0000 0.0000
vn 0.0000 1.0000 0.0000
vn 0.0000 1.0000 0.0000
vn 0.0000 1.0000 0.0000
vn 0.0000 1.0000 0.0000
vn 0.0000 1.0000 0.0000
vn 0.0000 1.0000 0.0000
vn 0.0000 1.0000 0.0000
vn 0.0000 1.0000 0.0000
vn 0.0000 1.0000 0.0000
vn 0.0000 1.0000 0.0000
vn 0.0000 1.0000 0.0000
vn 0.0000 1.0000 0.0000
vn 0.0000 1.0000 0.0000
vn 0.0000 1.0000 0.0000
vn 0.0000 1.0000 0.0000
vn 0.0000 1.0000 0.0000
vn 0.0000 1.0000 0.0000
vn 0.0000 1.0000 0.0000
vn 0.0000 1.0000 0.0000
vn 0.0000 1.0000 0.0000
vn 0.0000 1.0000 0.0000
vn 0.0000 1.0000 0.0000
vn 0.0000 1.0000 0.0000
vn 0.0000 1.0000 0.0000
vn 0.0000 1.0000 0.0000
vn 0.0000 1.0000 0.0000
vn 0.0000 1.0000 0.0000
vn 0.0000 1.0000 0.0000
vn 0.0000 1.0000 0.0000
vn 0.0000 1.0000 0.0000
vn 0.0000 1.0000 0.0000
vn 0.0000 1.0000 0.0000
vn 0.0000 1.0000 0.0000
vn 0.0000 1.0000 0.0000
vn 0.0000 1.0000 0.0000
vn 0.0000 1.0000 0.0000
vn 0.0000 1.0000 0.0000
vn 0.0000 1.0000 0.0000
vn 0.0000 1.0000 0.0000
vn 0.0000 1.0000 0.0000
vn 0.0000 1.0000 0.0000
vn 0.0000 1.0000 0.0000
vn 0.0000 1.0000 0.0000
vn 0.0000 1.0000 0.0000
vn 0.0000 1.0000 0.0000
vn 0.0000 1.0000 0.0000
vn 0.0000 1.0000 0.0000
vn 0.0000 1.0000 0.0000
vn 0.0000 1.0000 0.0000
vn 0.0000 1.0000 0.0000
vn 0.0000 1.0000 0.0000
vn 0.0000 1.0000 0.0000
vn 0.0000 1.0000 0.0000
vn 0.0000 1.0000 0.0000
vn 0.0000 1.0000 0.0000
vn 0.0000 1.0000 0.0000
vn 0.0000 1.0000 0.0000
vn 0.0000 1.0000 0.0000
vn 0.0000 1.0000 0.0000
vn 0.0000 1.0000 0.0000
vn 0.0000 1.0000 0.0000
vn 0.0000 1.0000 0.0000
vn 0.0000 1.0000 0.0000
vn 0.0000 1.0000 0.0000
vn 0.0000 1.0000 0.0000
vn 0.0000 1.0000 0.0000
vn 0.0000 1.0000 0.0000
vn 0.0000 1.0000 0.0000
vn 0.0000 1.0000 0.0000
vn 0.0000 1.0000 0.0000
vn 0.0000 1.0000 0.0000
vn 0.0000 1.0000 0.0000
vn 0.0000 1.0000 0.0000
vn 0.0000 1.0000 0.0000
vn 0.0000 1.0000 0.0000
vn 0.0000 1.0000 0.0000
vn 0.0000 1.0000 0.0000
vn 0.0000 1.0000 0.0000
vn 0.0000 1.0000 0.0000
vn 0.0000 1.0000 0.0000
vn 0.0000 1.0000 0.0000
vn 0.0000 1.0000 0.0000
vn 0.0000 1.0000 0.0000
vn 0.0000 1.0000 0.0000
vn 0.0000 1.0000 0.0000
vn 0.0000 1.0000 0.0000
vn 0.0000 1.0000 0.0000
vn 0.0000 1.0000 0.0000
vn 0.0000 1.0000 0.0000
vn 0.0000 1.0000 0.0000
vn 0.0000 1.0000 0.0000
vn 0.0000 1.0000 0.0000
vn 0.0000 1.0000 0.0000
vn 0.0000 1.0000 0.0000
vn 0.0000 1.0000 0.0000
vn 0.0000 1.0000 0.0000
vn 0.0000 1.0000 0.0000
vn 0.0000 1.0000 0.0000
vn 0.0000 1.0000 0.0000
vn 0.0000 1.0000 0.0000
vn 0.0000 1.0000 0.0000
vn 0.0000 1.0000 0.0000
vn 0.0000 1.0000 0.0000
vn 0.0000 1.0000 0.0000
vn 0.0000 1.0000 0.0000
vn 0.0000 1.0000 0.0000
vn 0.0000 1.0000 0.0000
vn 0.0000 1.0000 0.0000
vn 0.0000 1.0000 0.0000
vn 0.0000 1.0000 0.0000
vn 0.0000 1.0000 0.0000
vn 0.0000 1.0000 0.0000
vn 0.0000 1.0000 0.0000
vn 0.0000 1.0000 0.0000
vn 0.0000 1.0000 0.0000
vn 0.0000 1.0000 0.0000
vn 0.0000 1.0000 0.0000
vn 0.0000 1.0000 0.0000
vn 0.0000 1.0000 0.0000
vn 0.0000 1.0000 0.0000
vn 0.0000 1.0000 0.0000
vn 0.0000 1.0000 0.0000
vn 0.0000 1.0000 0.0000
vn 0.0000 1.0000 0.0000
vn 0.0000 1.0000 0.0000
vn 0.0000 1.0000 0.0000
vn 0.0000 1.0000 0.0000
vn 0.0000 1.0000 0.0000
vn 0.0000 1.0000 0.0000
vn 0.0000 1.0000 0.0000
vn 0.0000 1.0000 0.0000
vn 0.0000 1.0000 0.0000
vn 0.0000 1.0000 0.0000
vn 0.0000 1.0000 0.0000
vn 0.0000 1.0000 0.0000
vn 0.0000 1.0000 0.0000
vn 0.0000 1.0000 0.0000
vn 0.0000 1.0000 0.0000
vn 0.0000 1.0000 0.0000
vn 0.0000 1.0000 0.0000
vn 0.0000 1.0000 0.0000
vn 0.0000 1.0000 0.0000
vn 0.0000 1.0000 0.0000
vn 0.0000 1.0000 0.0000
vn 0.0000 1.0000 0.0000
vn 0.0000 1.0000 0.0000
vn 0.0000 1.0000 0.0000
vn 0.0000 1.0000 0.0000
vn 0.0000 1.0000 0.0000
vn 0.0000 1.0000 0.0000
vn 0.0000 1.0000 0.0000
vn 0.0000 1.0000 0.0000
vn 0.0000 1.0000 0.0000
vn 0.0000 1.0000 0.0000
vn 0.0000 1.0000 0.0000
vn 0.0000 1.0000 0.0000
vn 0.0000 1.0000 0.0000
vn 0.0000 1.0000 0.0000
vn 0.0000 1.0000 0.0000
vn 0.0000 1.0000 0.0000
vn 0.0000 1.0000 0.0000
vn 0.0000 1.0000 0.0000
vn 0.0000 1.0000 0.0000
vn 0.0000 1.0000 0.0000
vn 0.0000 1.0000 0.0000
vn 0.0000 1.0000 0.0000
vn 0.0000 1.0000 0.0000
vn 0.0000 1.0000 0.0000
vn 0.0000 1.0000 0.0000
vn 0.0000 1.0000 0.0000
vn 0.0000 1.0000 0.0000
vn 0.0000 1.0000 0.0000
vn 0.0000 1.0000 0.0000
vn 0.0000 1.0000 0.0000
vn 0.0000 1.0000 0.0000
vn 0.0000 1.0000 0.0000
vn 0.0000 1.0000 0.0000
vn 0.0000 1.0000 0.0000
vn 0.0000 1.0000 0.0000
vn 0.0000 1.0000 0.0000
vn 0.0000 1.0000 0.0000
vn 0.0000 1.0000 0.0000
vn 0.0000 1.0000 0.0000
vn 0.0000 1.0000 0.0000
vn 0.0000 1.0000 0.0000
vn 0.0000 1.0000 0.0000
vn 0.0000 1.0000 0.0000
vn 0.0000 1.0000 0.0000
vn 0.0000 1.0000 0.0000
vn 0.0000 1.0000 0.0000
vn 0.0000 1.0000 0.0000
vn 0.0000 1.0000 0.0000
vn 0.0000 1.0000 0.0000
vn 0.0000 1.0000 0.0000
vn 0.0000 1.0000 0.0000
vn 0.0000 1.0000 0.0000
vn 0.0000 1.0000 0.0000
vn 0.0000 1.0000 0.0000
vn 0.0000 1.0000 0.0000
vn 0.0000 1.0000 0.0000
vn 0.0000 1.0000 0.0000
vn 0.0000 1.0000 0.0000
vn 0.0000 1.0000 0.0000
vn 0.0000 1.0000 0.0000
vn 0.0000 1.0000 0.0000
vn 0.0000 1.0000 0.0000
vn 0.0000 1.0000 0.0000
vn 0.0000 1.0000 0.0000
vn 0.0000 1.0000 0.0000
vn 0.0000 1.0000 0.0000
vn 0.0000 1.0000 0.0000
vn 0.0000 1.0000 0.0000
vn 0.0000 1.0000 0.0000
vn 0.0000 1.0000 0.0000
vn 0.0000 1.0000 0.0000
vn 0.0000 1.0000 0.0000
vn 0.0000 1.0000 0.0000
vn 0.0000 1.0000 0.0000
vn 0.0000 1.0000 0.0000
vn 0.0000 1.0000 0.0000
vn 0.0000 1.0000 0.0000
vn 0.0000 1.0000 0.0000
vn 0.0000 1.0000 0.0000
vn 0.0000 1.0000 0.0000
vn 0.0000 1.0000 0.0000
vn 0.0000 1.0000 0.0000
vn 0.0000 1.0000 0.0000
vn 0.0000 1.0000 0.0000
vn 0.0000 1.0000 0.0000
vn 0.0000 1.0000 0.0000
vn 0.0000 1.0000 0.0000
vn 0.0000 1.0000 0.0000
vn 0.0000 1.0000 0.0000
vn 0.0000 1.0000 0.0000
vn 0.0000 1.0000 0.0000
vn 0.0000 1.0000 0.0000
vn 0.0000 1.0000 0.0000
vn 0.0000 1.0000 0.0000
vn 0.0000 1.0000 0.0000
vn 0.0000 1.0000 0.0000
vn 0.0000 1.0000 0.0000
vn 0.0000 1.0000 0.0000
vn 0.0000 1.0000 0.0000
vn 0.0000 1.0000 0.0000
vn 0.0000 1.0000 0.0000
vn 0.0000 1.0000 0.0000
vn 0.0000 1.0000 0.0000
vn 0.0000 1.0000 0.0000
vn 0.0000 1.0000 0.0000
vn 0.0000 1.0000 0.0000
vn 0.0000 1.0000 0.0000
vn 0.0000 1.0000 0.0000
vn 0.0000 1.0000 0.0000
vn 0.0000 1.0000 0.0000
vn 0.0000 1.0000 0.0000
vn 0.0000 1.0000 0.0000
vn 0.0000 1.0000 0.0000
vn 0.0000 1.0000 0.0000
vn 0.0000 1.0000 0.0000
vn 0.0000 1.0000 0.0000
vn 0.0000 1.0000 0.0000
vn 0.0000 1.0000 0.0000
vn 0.0000 1.0000 0.0000
vn 0.0000 1.0000 0.0000
vn 0.0000 1.0000 0.0000
vn 0.0000 1.0000 0.0000
vn 0.0000 1.0000 0.0000
vn 0.0000 1.0000 0.0000
vn 0.0000 1.0000 0.0000
vn 0.0000 1.0000 0.0000
vn 0.0000 1.0000 0.0000
vn 0.0000 1.0000 0.0000
vn 0.0000 1.0000 0.0000
vn 0.0000 1.0000 0.0000
vn 0.0000 1.0000 0.0000
vn 0.0000 1.0000 0.0000
vn 0.0000 1.0000 0.0000
vn 0.0000 1.0000 0.0000
vn 0.0000 1.0000 0.0000
vn 0.0000 1.0000 0.0000
vn 0.0000 1.0000 0.0000
vn 0.0000 1.0000 0.0000
vn 0.0000 1.0000 0.0000
vn 0.0000 1.0000 0.0000
vn 0.0000 1.0000 0.0000
vn 0.0000 1.0000 0.0000
vn 0.0000 1.0000 0.0000
vn 0.0000 1.0000 0.0000
vn 0.0000 1.0000 0.0000
vn 0.0000 1.0000 0.0000
vn 0.0000 1.0000 0.0000
vn 0.0000 1.0000 0.0000
vn 0.0000 1.0000 0.0000
vn 0.0000 1.0000 0.0000
vn 0.0000 1.0000 0.0000
vn 0.0000 1.0000 0.0000
vn 0.0000 1.0000 0.0000
vn 0.0000 1.0000 0.0000
vn 0.0000 1.0000 0.0000
vn 0.0000 1.0000 0.0000
vn 0.0000 1.0000 0.0000
vn 0.0000 1.0000 0.0000
vn 0.0000 1.0000 0.0000
vn 0.0000 1.0000 0.0000
vn 0.0000 1.0000 0.0000
vn 0.0000 1.0000 0.0000
vn 0.0000 1.0000 0.0000
vn 0.0000 1.0000 0.0000
vn 0.0000 1.0000 0.0000
vn 0.0000 1.0000 0.0000
vn 0.0000 1.0000 0.0000
vn 0.0000 1.0000 0.0000
vn 0.0000 1.0000 0.0000
vn 0.0000 1.0000 0.0000
vn 0.0000 1.0000 0.0000
vn 0.0000 1.0000 0.0000
vn 0.0000 1.0000 0.0000
vn 0.0000 1.0000 0.0000
vn 0.0000 1.0000 0.0000
vn 0.0000 1.0000 0.0000
vn 0.0000 1.0000 0.0000
vn 0.0000 1.0000 0.0000
vn 0.0000 1.0000 0.0000
vn 0.0000 1.0000 0.0000
vn 0.0000 1.0000 0.0000
vn 0.0000 1.0000 0.0000
vn 0.0000 1.0000 0.0000
vn 0.0000 1.0000 0.0000
vn 0.0000 1.0000 0.0000
vn 0.0000 1.0000 0.0000
vn 0.0000 1.0000 0.0000
vn 0.0000 1.0000 0.0000
vn 0.0000 1.0000 0.0000
vn 0.0000 1.0000 0.0000
vn 0.0000 1.0000 0.0000
vn 0.0000 1.0000 0.0000
vn 0.0000 1.0000 0.0000
vn 0.0000 1.0000 0.0000
vn 0.0000 1.0000 0.0000
vn 0.0000 1.0000 0.0000
vn 0.0000 1.0000 0.0000
vn 0.0000 1.0000 0.0000
vn 0.0000 1.0000 0.0000
vn 0.0000 1.0000 0.0000
vn 0.0000 1.0000 0.0000
vn 0.0000 1.0000 0.0000
vn 0.0000 1.0000 0.0000
vn 0.0000 1.0000 0.0000
vn 0.0000 1.0000 0.0000
vn 0.0000 1.0000 0.0000
vn 0.0000 1.0000 0.0000
vn 0.0000 1.0000 0.0000
vn 0.0000 1.0000 0.0000
vn 0.0000 1.0000 0.0000
vn 0.0000 1.0000 0.0000
vn 0.0000 1.0000 0.0000
vn 0.0000 1.0000 0.0000
vn 0.0000 1.0000 0.0000
vn 0.0000 1.0000 0.0000
vn 0.0000 1.0000 0.0000
vn 0.0000 1.0000 0.0000
vn 0.0000 1.0000 0.0000
vn 0.0000 1.0000 0.0000
vn 0.0000 1.0000 0.0000
vn 0.0000 1.0000 0.0000
vn 0.0000 1.0000 0.0000
vn 0.0000 1.0000 0.0000
vn 0.0000 1.0000 0.0000
vn 0.0000 1.0000 0.0000
vn 0.0000 1.0000 0.0000
vn 0.0000 1.0000 0.0000
vn 0.0000 1.0000 0.0000
vn 0.0000 1.0000 0.0000
vn 0.0000 1.0000 0.0000
vn 0.0000 1.0000 0.0000
vn 0.0000 1.0000 0.0000
vn 0.0000 1.0000 0.0000
vn 0.0000 1.0000 0.0000
vn 0.0000 1.0000 0.0000
vn 0.0000 1.0000 0.0000
vn 0.0000 1.0000 0.0000
vn 0.0000 1.0000 0.0000
vn 0.0000 1.0000 0.0000
vn 0.0000 1.0000 0.0000
vn 0.0000 1.0000 0.0000
vn 0.0000 1.0000 0.0000
vn 0.0000 1.0000 0.0000
vn 0.0000 1.0000 0.0000
vn 0.0000 1.0000 0.0000
vn 0.0000 1.0000 0.0000
vn 0.0000 1.0000 0.0000
vn 0.0000 1.0000 0.0000
vn 0.0000 1.0000 0.0000
vn 0.0000 1.0000 0.0000
vn 0.0000 1.0000 0.0000
vn 0.0000 1.0000 0.0000
vn 0.0000 1.0000 0.0000
vn 0.0000 1.0000 0.0000
vn 0.0000 1.0000 0.0000
vn 0.0000 1.0000 0.0000
vn 0.0000 1.0000 0.0000
vn 0.0000 1.0000 0.0000
vn 0.0000 1.0000 0.0000
vn 0.0000 1.0000 0.0000
vn 0.0000 1.0000 0.0000
vn 0.0000 1.0000 0.0000
vn 0.0000 1.0000 0.0000
vn 0.0000 1.0000 0.0000
vn 0.0000 1.0000 0.0000
vn 0.0000 1.0000 0.0000
vn 0.0000 1.0000 0.0000
vn 0.0000 1.0000 0.0000
vn 0.0000 1.0000 0.0000
vn 0.0000 1.0000 0.0000
vn 0.0000 1.0000 0.0000
vn 0.0000 1.0000 0.0000
vn 0.0000 1.0000 0.0000
vn 0.0000 1.0000 0.0000
vn 0.0000 1.0000 0.0000
vn 0.0000 1.0000 0.0000
vn 0.0000 1.0000 0.0000
vn 0.0000 1.0000 0.0000
vn 0.0000 1.0000 0.0000
vn 0.0000 1.0000 0.0000
vn 0.0000 1.0000 0.0000
vn 0.0000 1.0000 0.0000
vn 0.0000 1.0000 0.0000
vn 0.0000 1.0000 0.0000
vn 0.0000 1.0000 0.0000
vn 0.0000 1.0000 0.0000
vn 0.0000 1.0000 0.0000
vn 0.0000 1.0000 0.0000
vn 0.0000 1.0000 0.0000
vn 0.0000 1.0000 0.0000
vn 0.0000 1.0000 0.0000
vn 0.0000 1.0000 0.0000
vn 0.0000 1.0000 0.0000
vn 0.0000 1.0000 0.0000
vn 0.0000 1.0000 0.0000
vn 0.0000 1.0000 0.0000
vn 0.0000 1.0000 0.0000
vn 0.0000 1.0000 0.0000
vn 0.0000 1.0000 0.0000
vn 0.0000 1.0000 0.0000
vn 0.0000 1.0000 0.0000
vn 0.0000 1.0000 0.0000
vn 0.0000 1.0000 0.0000
vn 0.0000 1.0000 0.0000
vn 0.0000 1.0000 0.0000
vn 0.0000 1.0000 0.0000
vn 0.0000 1.0000 0.0000
vn 0.0000 1.0000 0.0000
vn 0.0000 1.0000 0.0000
vn 0.0000 1.0000 0.0000
vn 0.0000 1.0000 0.0000
vn 0.0000 1.0000 0.0000
vn 0.0000 1.0000 0.0000
vn 0.0000 1.0000 0.0000
vn 0.0000 1.0000 0.0000
vn 0.0000 1.0000 0.0000
vn 0.0000 1.0000 0.0000
vn 0.0000 1.0000 0.0000
vn 0.0000 1.0000 0.0000
vn 0.0000 1.0000 0.0000
vn 0.0000 1.0000 0.0000
vn 0.0000 1.0000 0.0000
vn 0.0000 1.0000 0.0000
vn 0.0000 1.0000 0.0000
vn 0.0000 1.0000 0.0000
vn 0.0000 1.0000 0.0000
vn 0.0000 1.0000 0.0000
vn 0.0000 1.0000 0.0000
vn 0.0000 1.0000 0.0000
vn 0.0000 1.0000 0.0000
vn 0.0000 1.0000 0.0000
vn 0.0000 1.0000 0.0000
vn 0.0000 1.0000 0.0000
vn 0.0000 1.0000 0.0000
vn 0.0000 1.0000 0.0000
vn 0.0000 1.0000 0.0000
vn 0.0000 1.0000 0.0000
vn 0.0000 1.0000 0.0000
vn 0.0000 1.0000 0.0000
vn 0.0000 1.0000 0.0000
vn 0.0000 1.0000 0.0000
vn 0.0000 1.0000 0.0000
vn 0.0000 1.0000 0.0000
vn 0.0000 1.0000 0.0000
vn 0.0000 1.0000 0.0000
vn 0.0000 1.0000 0.0000
vn 0.0000 1.0000 0.0000
vn 0.0000 1.0000 0.0000
vn 0.0000 1.0000 0.0000
vn 0.0000 1.0000 0.0000
vn 0.0000 1.0000 0.0000
vn 0.0000 1.0000 0.0000
vn 0.0000 1.0000 0.0000
vn 0.0000 1.0000 0.0000
vn 0.0000 1.0000 0.0000
vn 0.0000 1.0000 0.0000
vn 0.0000 1.0000 0.0000
vn 0.0000 1.0000 0.0000
vn 0.0000 1.0000 0.0000
vn 0.0000 1.0000 0.0000
vn 0.0000 1.0000 0.0000
vn 0.0000 1.0000 0.0000
vn 0.0000 1.0000 0.0000
vn 0.0000 1.0000 0.0000
vn 0.0000 1.0000 0.0000
vn 0.0000 1.0000 0.0000
vn 0.0000 1.0000 0.0000
vn 0.0000 1.0000 0.0000
vn 0.0000 1.0000 0.0000
vn 0.0000 1.0000 0.0000
vn 0.0000 1.0000 0.0000
vn 0.0000 1.0000 0.0000
vn 0.0000 1.0000 0.0000
vn 0.0000 1.0000 0.0000
vn 0.0000 1.0000 0.0000
vn 0.0000 1.0000 0.0000
vn 0.0000 1.0000 0.0000
vn 0.0000 1.0000 0.0000
vn 0.0000 1.0000 0.0000
vn 0.0000 1.0000 0.0000
vn 0.0000 1.0000 0.0000
vn 0.0000 1.0000 0.0000
vn 0.0000 1.0000 0.0000
vn 0.0000 1.0000 0.0000
vn 0.0000 1.0000 0.0000
vn 0.0000 1.0000 0.0000
vn 0.0000 1.0000 0.0000
vn 0.0000 1.0000 0.0000
vn 0.0000 1.0000 0.0000
vn 0.0000 1.0000 0.0000
vn 0.0000 1.0000 0.0000
vn 0.0000 1.0000 0.0000
vn 0.0000 1.0000 0.0000
vn 0.0000 1.0000 0.0000
vn 0.0000 1.0000 0.0000
vn 0.0000 1.0000 0.0000
vn 0.0000 1.0000 0.0000
vn 0.0000 1.0000 0.0000
vn 0.0000 1.0000 0.0000
vn 0.0000 1.0000 0.0000
vn 0.0000 1.0000 0.0000
vn 0.0000 1.0000 0.0000
vn 0.0000 1.0000 0.0000
vn 0.0000 1.0000 0.0000
vn 0.0000 1.0000 0.0000
vn 0.0000 1.0000 0.0000
vn 0.0000 1.0000 0.0000
vn 0.0000 1.0000 0.0000
vn 0.0000 1.0000 0.0000
vn 0.0000 1.0000 0.0000
vn 0.0000 1.0000 0.0000
vn 0.0000 1.0000 0.0000
vn 0.0000 1.0000 0.0000
vn 0.0000 1.0000 0.0000
vn 0.0000 1.0000 0.0000
vn 0.0000 1.0000 0.0000
vn 0.0000 1.0000 0.0000
vn 0.0000 1.0000 0.0000
vn 0.0000 1.0000 0.0000
vn 0.0000 1.0000 0.0000
vn 0.0000 1.0000 0.0000
vn 0.0000 1.0000 0.0000
vn 0.0000 1.0000 0.0000
vn 0.0000 1.0000 0.0000
vn 0.0000 1.0000 0.0000
vn 0.0000 1.0000 0.0000
vn 0.0000 1.0000 0.0000
vn 0.0000 1.0000 0.0000
vn 0.0000 1.0000 0.0000
vn 0.0000 1.0000 0.0000
vn 0.0000 1.0000 0.0000
vn 0.0000 1.0000 0.0000
vn 0.0000 1.0000 0.0000
vn 0.0000 1.0000 0.0000
vn 0.0000 1.0000 0.0000
vn 0.0000 1.0000 0.0000
vn 0.0000 1.0000 0.0000
vn 0.0000 1.0000 0.0000
vn 0.0000 1.0000 0.0000
vn 0.0000 1.0000 0.0000
vn 0.0000 1.0000 0.0000
vn 0.0000 1.0000 0.0000
vn 0.0000 1.0000 0.0000
vn 0.0000 1.0000 0.0000
vn 0.0000 1.0000 0.0000
vn 0.0000 1.0000 0.0000
vn 0.0000 1.0000 0.0000
vn 0.0000 1.0000 0.0000
vn 0.0000 1.0000 0.0000
vn 0.0000 1.0000 0.0000
vn 0.0000 1.0000 0.0000
vn 0.0000 1.0000 0.0000
vn 0.0000 1.0000 0.0000
vn 0.0000 1.0000 0.0000
vn 0.0000 1.0000 0.0000
vn 0.0000 1.0000 0.0000
vn 0.0000 1.0000 0.0000
vn 0.0000 1.0000 0.0000
vn 0.0000 1.0000 0.0000
vn 0.0000 1.0000 0.0000
vn 0.0000 1.0000 0.0000
vn 0.0000 1.0000 0.0000
vn 0.0000 1.0000 0.0000
vn 0.0000 1.0000 0.0000
vn 0.0000 1.0000 0.0000
vn 0.0000 1.0000 0.0000
vn 0.0000 1.0000 0.0000
vn 0.0000 1.0000 0.0000
vn 0.0000 1.0000 0.0000
vn 0.0000 1.0000 0.0000
vn 0.0000 1.0000 0.0000
vn 0.0000 1.0000 0.0000
vn 0.0000 1.0000 0.0000
vn 0.0000 1.0000 0.0000
vn 0.0000 1.0000 0.0000
vn 0.0000 1.0000 0.0000
vn 0.0000 1.0000 0.0000
vn 0.0000 1.0000 0.0000
vn 0.0000 1.0000 0.0000
vn 0.0000 1.0000 0.0000
vn 0.0000 1.0000 0.0000
vn 0.0000 1.0000 0.0000
vn 0.0000 1.0000 0.0000
vn 0.0000 1.0000 0.0000
vn 0.0000 1.0000 0.0000
vn 0.0000 1.0000 0.0000
vn 0.0000 1.0000 0.0000
vn 0.0000 1.0000 0.0000
vn 0.0000 1.0000 0.0000
vn 0.0000 1.0000 0.0000
vn 0.0000 1.0000 0.0000
vn 0.0000 1.0000 0.0000
vn 0.0000 1.0000 0.0000
vn 0.0000 1.0000 0.0000
vn 0.0000 1.0000 0.0000
vn 0.0000 1.0000 0.0000
vn 0.0000 1.0000 0.0000
vn 0.0000 1.0000 0.0000
vn 0.0000 1.0000 0.0000
vn 0.0000 1.0000 0.0000
vn 0.0000 1.0000 0.0000
vn 0.0000 1.0000 0.0000
vn 0.0000 1.0000 0.0000
vn 0.0000 1.0000 0.0000
vn 0.0000 1.0000 0.0000
vn 0.0000 1.0000 0.0000
vn 0.0000 1.0000 0.0000
vn 0.0000 1.0000 0.0000
vn 0.0000 1.0000 0.0000
vn 0.0000 1.0000 0.0000
vn 0.0000 1.0000 0.0000
vn 0.0000 1.0000 0.0000
vn 0.0000 1.0000 0.0000
vn 0.0000 1.0000 0.0000
vn 0.0000 1.0000 0.0000
vn 0.0000 1.0000 0.0000
vn 0.0000 1.0000 0.0000
vn 0.0000 1.0000 0.0000
vn 0.0000 1.0000 0.0000
vn 0.0000 1.0000 0.0000
vn 0.0000 1.0000 0.0000
vn 0.0000 1.0000 0.0000
vn 0.0000 1.0000 0.0000
vn 0.0000 1.0000 0.0000
vn 0.0000 1.0000 0.0000
vn 0.0000 1.0000 0.0000
vn 0.0000 1.0000 0.0000
vn 0.0000 1.0000 0.0000
vn 0.0000 1.0000 0.0000
vn 0.0000 1.0000 0.0000
vn 0.0000 1.0000 0.0000
vn 0.0000 1.0000 0.0000
vn 0.0000 1.0000 0.0000
vn 0.0000 1.0000 0.0000
vn 0.0000 1.0000 0.0000
vn 0.0000 1.0000 0.0000
vn 0.0000 1.0000 0.0000
vn 0.0000 1.0000 0.0000
vn 0.0000 1.0000 0.0000
vn 0.0000 1.0000 0.0000
vn 0.0000 1.0000 0.0000
vn 0.0000 1.0000 0.0000
vn 0.0000 1.0000 0.0000
vn 0.0000 1.0000 0.0000
vn 0.0000 1.0000 0.0000
vn 0.0000 1.0000 0.0000
vn 0.0000 1.0000 0.0000
vn 0.0000 1.0000 0.0000
vn 0.0000 1.0000 0.0000
vn 0.0000 1.0000 0.0000
vn 0.0000 1.0000 0.0000
vn 0.0000 1.0000 0.0000
vn 0.0000 1.0000 0.0000
vn 0.0000 1.0000 0.0000
vn 0.0000 1.0000 0.0000
vn 0.0000 1.0000 0.0000
vn 0.0000 1.0000 0.0000
vn 0.0000 1.0000 0.0000
vn 0.0000 1.0000 0.0000
vn 0.0000 1.0000 0.0000
vn 0.0000 1.0000 0.0000
vn 0.0000 1.0000 0.0000
vn 0.0000 1.0000 0.0000
vn 0.0000 1.0000 0.0000
vn 0.0000 1.0000 0.0000
vn 0.0000 1.0000 0.0000
vn 0.0000 1.0000 0.0000
vn 0.0000 1.0000 0.0000
vn 0.0000 1.0000 0.0000
vn 0.0000 1.0000 0.0000
vn 0.0000 1.0000 0.0000
vn 0.0000 1.0000 0.0000
vn 0.0000 1.0000 0.0000
vn 0.0000 1.0000 0.0000
vn 0.0000 1.0000 0.0000
vn 0.0000 1.0000 0.0000
vn 0.0000 1.0000 0.0000
vn 0.0000 1.0000 0.0000
vn 0.0000 1.0000 0.0000
vn 0.0000 1.0000 0.0000
vn 0.0000 1.0000 0.0000
vn 0.0000 1.0000 0.0000
vn 0.0000 1.0000 0.0000
vn 0.0000 1.0000 0.0000
vn 0.0000 1.0000 0.0000
vn 0.0000 1.0000 0.0000
vn 0.0000 1.0000 0.0000
vn 0.0000 1.0000 0.0000
vn 0.0000 1.0000 0.0000
vn 0.0000 1.0000 0.0000
vn 0.0000 1.0000 0.0000
vn 0.0000 1.0000 0.0000
vn 0.0000 1.0000 0.0000
vn 0.0000 1.0000 0.0000
vn 0.0000 1.0000 0.0000
vn 0.0000 1.0000 0.0000
vn 0.0000 1.0000 0.0000
vn 0.0000 1.0000 0.0000
vn 0.0000 1.0000 0.0000
vn 0.0000 1.0000 0.0000
vn 0.0000 1.0000 0.0000
vn 0.0000 1.0000 0.0000
vn 0.0000 1.0000 0.0000
vn 0.0000 1.0000 0.0000
vn 0.0000 1.0000 0.0000
vn 0.0000 1.0000 0.0000
vn 0.0000 1.0000 0.0000
vn 0.0000 1.0000 0.0000
vn 0.0000 1.0000 0.0000
vn 0.0000 1.0000 0.0000
vn 0.0000 1.0000 0.0000
vn 0.0000 1.0000 0.0000
vn 0.0000 1.0000 0.0000
vn 0.0000 1.0000 0.0000
vn 0.0000 1.0000 0.0000
vn 0.0000 1.0000 0.0000
vn 0.0000 1.0000 0.0000
vn 0.0000 1.0000 0.0000
vn 0.0000 1.0000 0.0000
vn 0.0000 1.0000 0.0000
vn 0.0000 1.0000 0.0000
vn 0.0000 1.0000 0.0000
vn 0.0000 1.0000 0.0000
vn 0.0000 1.0000 0.0000
vn 0.0000 1.0000 0.0000
vn 0.0000 1.0000 0.0000
vn 0.0000 1.0000 0.0000
vn 0.0000 1.0000 0.0000
vn 0.0000 1.0000 0.0000
vn 0.0000 1.0000 0.0000
vn 0.0000 1.0000 0.0000
vn 0.0000 1.0000 0.0000
vn 0.0000 1.0000 0.0000
vn 0.0000 1.0000 0.0000
vn 0.0000 1.0000 0.0000
vn 0.0000 1.0000 0.0000
vn 0.0000 1.0000 0.0000
vn 0.0000 1.0000 0.0000
vn 0.0000 1.0000 0.0000
vn 0.0000 1.0000 0.0000
vn 0.0000 1.0000 0.0000
vn 0.0000 1.0000 0.0000
vn 0.0000 1.0000 0.0000
vn 0.0000 1.0000 0.0000
vn 0.0000 1.0000 0.0000
vn 0.0000 1.0000 0.0000
vn 0.0000 1.0000 0.0000
vn 0.0000 1.0000 0.0000
vn 0.0000 1.0000 0.0000
vn 0.0000 1.0000 0.0000
vn 0.0000 1.0000 0.0000
vn 0.0000 1.0000 0.0000
vn 0.0000 1.0000 0.0000
vn 0.0000 1.0000 0.0000
vn 0.0000 1.0000 0.0000
vn 0.0000 1.0000 0.0000
vn 0.0000 1.0000 0.0000
vn 0.0000 1.0000 0.0000
vn 0.0000 1.0000 0.0000
vn 0.0000 1.0000 0.0000
vn 0.0000 1.0000 0.0000
vn 0.0000 1.0000 0.0000
vn 0.0000 1.0000 0.0000
vn 0.0000 1.0000 0.0000
vn 0.0000 1.0000 0.0000
vn 0.0000 1.0000 0.0000
vn 0.0000 1.0000 0.0000
vn 0.0000 1.0000 0.0000
vn 0.0000 1.0000 0.0000
vn 0.0000 1.0000 0.0000
vn 0.0000 1.0000 0.0000
vn 0.0000 1.0000 0.0000
vn 0.0000 1.0000 0.0000
vn 0.0000 1.0000 0.0000
vn 0.0000 1.0000 0.0000
vn 0.0000 1.0000 0.0000
vn 0.0000 1.0000 0.0000
vn 0.0000 1.0000 0.0000
vn 0.0000 1.0000 0.0000
vn 0.0000 1.0000 0.0000
vn 0.0000 1.0000 0.0000
vn 0.0000 1.0000 0.0000
vn 0.0000 1.0000 0.0000
vn 0.0000 1.0000 0.0000
vn 0.0000 1.0000 0.0000
vn 0.0000 1.0000 0.0000
vn 0.0000 1.0000 0.0000
vn 0.0000 1.0000 0.0000
vn 0.0000 1.0000 0.0000
vn 0.0000 1.0000 0.0000
vn 0.0000 1.0000 0.0000
vn 0.0000 1.0000 0.0000
vn 0.0000 1.0000 0.0000
vn 0.0000 1.0000 0.0000
vn 0.0000 1.0000 0.0000
vn 0.0000 1.0000 0.0000
vn 0.0000 1.0000 0.0000
vn 0.0000 1.0000 0.0000
vn 0.0000 1.0000 0.0000
vn 0.0000 1.0000 0.0000
vn 0.0000 1.0000 0.0000
vn 0.0000 1.0000 0.0000
vn 0.0000 1.0000 0.0000
vn 0.0000 1.0000 0.0000
vn 0.0000 1.0000 0.0000
vn 0.0000 1.0000 0.0000
vn 0.0000 1.0000 0.0000
vn 0.0000 1.0000 0.0000
vn 0.0000 1.0000 0.0000
vn 0.0000 1.0000 0.0000
vn 0.0000 1.0000 0.0000
vn 0.0000 1.0000 0.0000
vn 0.0000 1.0000 0.0000
vn 0.0000 1.0000 0.0000
vn 0.0000 1.0000 0.0000
vn 0.0000 1.0000 0.0000
vn 0.0000 1.0000 0.0000
vn 0.0000 1.0000 0.0000
vn 0.0000 1.0000 0.0000
vn 0.0000 1.0000 0.0000
vn 0.0000 1.0000 0.0000
vn 0.0000 1.0000 0.0000
vn 0.0000 1.0000 0.0000
vn 0.0000 1.0000 0.0000
vn 0.0000 1.0000 0.0000
vn 0.0000 1.0000 0.0000
vn 0.0000 1.0000 0.0000
vn 0.0000 1.0000 0.0000
vn 0.0000 1.0000 0.0000
vn 0.0000 1.0000 0.0000
vn 0.0000 1.0000 0.0000
vn 0.0000 1.0000 0.0000
vn 0.0000 1.0000 0.0000
vn 0.0000 1.0000 0.0000
vn 0.0000 1.0000 0.0000
vn 0.0000 1.0000 0.0000
vn 0.0000 1.0000 0.0000
vn 0.0000 1.0000 0.0000
vn 0.0000 1.0000 0.0000
vn 0.0000 1.0000 0.0000
vn 0.0000 1.0000 0.0000
vn 0.0000 1.0000 0.0000
vn 0.0000 1.0000 0.0000
vn 0.0000 1.0000 0.0000
vn 0.0000 1.0000 0.0000
vn 0.0000 1.0000 0.0000
vn 0.0000 1.0000 0.0000
vn 0.0000 1.0000 0.0000
vn 0.0000 1.0000 0.0000
vn 0.0000 1.0000 0.0000
vn 0.0000 1.0000 0.0000
vn 0.0000 1.0000 0.0000
vn 0.0000 1.0000 0.0000
vn 0.0000 1.0000 0.0000
vn 0.0000 1.0000 0.0000
vn 0.0000 1.0000 0.0000
vn 0.0000 1.0000 0.0000
vn 0.0000 1.0000 0.0000
vn 0.0000 1.0000 0.0000
vn 0.0000 1.0000 0.0000
vn 0.0000 1.0000 0.0000
vn 0.0000 1.0000 0.0000
vn 0.0000 1.0000 0.0000
vn 0.0000 1.0000 0.0000
vn 0.0000 1.0000 0.0000
vn 0.0000 1.0000 0.0000
vn 0.0000 1.0000 0.0000
vn 0.0000 1.0000 0.0000
vn 0.0000 1.0000 0.0000
vn 0.0000 1.0000 0.0000
vn 0.0000 1.0000 0.0000
vn 0.0000 1.0000 0.0000
vn 0.0000 1.0000 0.0000
vn 0.0000 1.0000 0.0000
vn 0.0000 1.0000 0.0000
vn 0.0000 1.0000 0.0000
vn 0.0000 1.0000 0.0000
vn 0.0000 1.0000 0.0000
vn 0.0000 1.0000 0.0000
vn 0.0000 1.0000 0.0000
vn 0.0000 1.0000 0.0000
vn 0.0000 1.0000 0.0000
vn 0.0000 1.0000 0.0000
vn 0.0000 1.0000 0.0000
vn 0.0000 1.0000 0.0000
vn 0.0000 1.0000 0.0000
vn 0.0000 1.0000 0.0000
vn 0.0000 1.0000 0.0000
vn 0.0000 1.0000 0.0000
vn 0.0000 1.0000 0.0000
vn 0.0000 1.0000 0.0000
vn 0.0000 1.0000 0.0000
vn 0.0000 1.0000 0.0000
vn 0.0000 1.0000 0.0000
vn 0.0000 1.0000 0.0000
vn 0.0000 1.0000 0.0000
vn 0.0000 1.0000 0.0000
vn 0.0000 1.0000 0.0000
vn 0.0000 1.0000 0.0000
vn 0.0000 1.0000 0.0000
vn 0.0000 1.0000 0.0000
vn 0.0000 1.0000 0.0000
vn 0.0000 1.0000 0.0000
vn 0.0000 1.0000 0.0000
vn 0.0000 1.0000 0.0000
vn 0.0000 1.0000 0.0000
vn 0.0000 1.0000 0.0000
vn 0.0000 1.0000 0.0000
vn 0.0000 1.0000 0.0000
vn 0.0000 1.0000 0.0000
vn 0.0000 1.0000 0.0000
vn 0.0000 1.0000 0.0000
vn 0.0000 1.0000 0.0000
vn 0.0000 1.0000 0.0000
vn 0.0000 1.0000 0.0000
vn 0.0000 1.0000 0.0000
vn 0.0000 1.0000 0.0000
vn 0.0000 1.0000 0.0000
vn 0.0000 1.0000 0.0000
vn 0.0000 1.0000 0.0000
vn 0.0000 1.0000 0.0000
vn 0.0000 1.0000 0.0000
vn 0.0000 1.0000 0.0000
vn 0.0000 1.0000 0.0000
vn 0.0000 1.0000 0.0000
vn 0.0000 1.0000 0.0000
vn 0.0000 1.0000 0.0000
vn 0.0000 1.0000 0.0000
vn 0.0000 1.0000 0.0000
vn 0.0000 1.0000 0.0000
vn 0.0000 1.0000 0.0000
vn 0.0000 1.0000 0.0000
vn 0.0000 1.0000 0.0000
vn 0.0000 1.0000 0.0000
vn 0.0000 1.0000 0.0000
vn 0.0000 1.0000 0.0000
vn 0.0000 1.0000 0.0000
vn 0.0000 1.0000 0.0000
vn 0.0000 1.0000 0.0000
vn 0.0000 1.0000 0.0000
vn 0.0000 1.0000 0.0000
vn 0.0000 1.0000 0.0000
vn 0.0000 1.0000 0.0000
vn 0.0000 1.0000 0.0000
vn 0.0000 1.0000 0.0000
vn 0.0000 1.0000 0.0000
vn 0.0000 1.0000 0.0000
vn 0.0000 1.0000 0.0000
vn 0.0000 1.0000 0.0000
vn 0.0000 1.0000 0.0000
vn 0.0000 1.0000 0.0000
vn 0.0000 1.0000 0.0000
vn 0.0000 1.0000 0.0000
vn 0.0000 1.0000 0.0000
vn 0.0000 1.0000 0.0000
vn 0.0000 1.0000 0.0000
vn 0.0000 1.0000 0.0000
vn 0.0000 1.0000 0.0000
vn 0.0000 1.0000 0.0000
vn 0.0000 1.0000 0.0000
vn 0.0000 1.0000 0.0000
vn 0.0000 1.0000 0.0000
vn 0.0000 1.0000 0.0000
vn 0.0000 1.0000 0.0000
vn 0.0000 1.0000 0.0000
vn 0.0000 1.0000 0.0000
vn 0.0000 1.0000 0.0000
vn 0.0000 1.0000 0.0000
vn 0.0000 1.0000 0.0000
vn 0.0000 1.0000 0.0000
vn 0.0000 1.0000 0.0000
vn 0.0000 1.0000 0.0000
vn 0.0000 1.0000 0.0000
vn 0.0000 1.0000 0.0000
vn 0.0000 1.0000 0.0000
vn 0.0000 1.0000 0.0000
vn 0.0000 1.0000 0.0000
vn 0.0000 1.0000 0.0000
vn 0.0000 1.0000 0.0000
vn 0.0000 1.0000 0.0000
vn 0.0000 1.0000 0.0000
vn 0.0000 1.0000 0.0000
vn 0.0000 1.0000 0.0000
vn 0.0000 1.0000 0.0000
vn 0.0000 1.0000 0.0000
vn 0.0000 1.0000 0.0000
vn 0.0000 1.0000 0.0000
vn 0.0000 1.0000 0.0000
vn 0.0000 1.0000 0.0000
vn 0.0000 1.0000 0.0000
vn 0.0000 1.0000 0.0000
vn 0.0000 1.0000 0.0000
vn 0.0000 1.0000 0.0000
vn 0.0000 1.0000 0.0000
vn 0.0000 1.0000 0.0000
vn 0.0000 1.0000 0.0000
vn 0.0000 1.0000 0.0000
vn 0.0000 1.0000 0.0000
vn 0.0000 1.0000 0.0000
vn 0.0000 1.0000 0.0000
vn 0.0000 1.0000 0.0000
vn 0.0000 1.0000 0.0000
vn 0.0000 1.0000 0.0000
vn 0.0000 1.0000 0.0000
vn 0.0000 1.0000 0.0000
vn 0.0000 1.0000 0.0000
vn 0.0000 1.0000 0.0000
vn 0.0000 1.0000 0.0000
vn 0.0000 1.0000 0.0000
vn 0.0000 1.0000 0.0000
vn 0.0000 1.0000 0.0000
vn 0.0000 1.0000 0.0000
vn 0.0000 1.0000 0.0000
vn 0.0000 1.0000 0.0000
vn 0.0000 1.0000 0.0000
vn 0.0000 1.0000 0.0000
vn 0.0000 1.0000 0.0000
vn 0.0000 1.0000 0.0000
vn 0.0000 1.0000 0.0000
vn 0.0000 1.0000 0.0000
vn 0.0000 1.0000 0.0000
vn 0.0000 1.0000 0.0000
vn 0.0000 1.0000 0.0000
vn 0.0000 1.0000 0.0000
vn 0.0000 1.0000 0.0000
vn 0.0000 1.0000 0.0000
vn 0.0000 1.0000 0.0000
vn 0.0000 1.0000 0.0000
vn 0.0000 1.0000 0.0000
vn 0.0000 1.0000 0.0000
vn 0.0000 1.0000 0.0000
vn 0.0000 1.0000 0.0000
vn 0.0000 1.0000 0.0000
vn 0.0000 1.0000 0.0000
vn 0.0000 1.0000 0.0000
vn 0.0000 1.0000 0.0000
vn 0.0000 1.0000 0.0000
vn 0.0000 1.0000 0.0000
vn 0.0000 1.0000 0.0000
vn 0.0000 1.0000 0.0000
vn 0.0000 1.0000 0.0000
vn 0.0000 1.0000 0.0000
vn 0.0000 1.0000 0.0000
vn 0.0000 1.0000 0.0000
vn 0.0000 1.0000 0.0000
vn 0.0000 1.0000 0.0000
vn 0.0000 1.0000 0.0000
vn 0.0000 1.0000 0.0000
vn 0.0000 1.0000 0.0000
vn 0.0000 1.0000 0.0000
vn 0.0000 1.0000 0.0000
vn 0.0000 1.0000 0.0000
vn 0.0000 1.0000 0.0000
vn 0.0000 1.0000 0.0000
vn 0.0000 1.0000 0.0000
vn 0.0000 1.0000 0.0000
vn 0.0000 1.0000 0.0000
vn 0.0000 1.0000 0.0000
vn 0.0000 1.0000 0.0000
vn 0.0000 1.0000 0.0000
vn 0.0000 1.0000 0.0000
vn 0.0000 1.0000 0.0000
vn 0.0000 1.0000 0.0000
vn 0.0000 1.0000 0.0000
vn 0.0000 1.0000 0.0000
vn 0.0000 1.0000 0.0000
vn 0.0000 1.0000 0.0000
vn 0.0000 1.0000 0.0000
vn 0.0000 1.0000 0.0000
vn 0.0000 1.0000 0.0000
vn 0.0000 1.0000 0.0000
vn 0.0000 1.0000 0.0000
vn 0.0000 1.0000 0.0000
vn 0.0000 1.0000 0.0000
vn 0.0000 1.0000 0.0000
vn 0.0000 1.0000 0.0000
vn 0.0000 1.0000 0.0000
vn 0.0000 1.0000 0.0000
vn 0.0000 1.0000 0.0000
vn 0.0000 1.0000 0.0000
vn 0.0000 1.0000 0.0000
vn 0.0000 1.0000 0.0000
vn 0.0000 1.0000 0.0000
vn 0.0000 1.0000 0.0000
vn 0.0000 1.0000 0.0000
vn 0.0000 1.0000 0.0000
vn 0.0000 1.0000 0.0000
vn 0.0000 1.0000 0.0000
vn 0.0000 1.0000 0.0000
vn 0.0000 1.0000 0.0000
vn 0.0000 1.0000 0.0000
vn 0.0000 1.0000 0.0000
vn 0.0000 1.0000 0.0000
vn 0.0000 1.0000 0.0000
vn 0.0000 1.0000 0.0000
vn 0.0000 1.0000 0.0000
vn 0.0000 1.0000 0.0000
vn 0.0000 1.0000 0.0000
vn 0.0000 1.0000 0.0000
vn 0.0000 1.0000 0.0000
vn 0.0000 1.0000 0.0000
vn 0.0000 1.0000 0.0000
vn 0.0000 1.0000 0.0000
vn 0.0000 1.0000 0.0000
vn 0.0000 1.0000 0.0000
vn 0.0000 1.0000 0.0000
vn 0.0000 1.0000 0.0000
vn 0.0000 1.0000 0.0000
vn 0.0000 1.0000 0.0000
vn 0.0000 1.0000 0.0000
vn 0.0000 1.0000 0.0000
vn 0.0000 1.0000 0.0000
vn 0.0000 1.0000 0.0000
vn 0.0000 1.0000 0.0000
vn 0.0000 1.0000 0.0000
vn 0.0000 1.0000 0.0000
vn 0.0000 1.0000 0.0000
vn 0.0000 1.0000 0.0000
vn 0.0000 1.0000 0.0000
vn 0.0000 1.0000 0.0000
vn 0.0000 1.0000 0.0000
vn 0.0000 1.0000 0.0000
vn 0.0000 1.0000 0.0000
vn 0.0000 1.0000 0.0000
vn 0.0000 1.0000 0.0000
vn 0.0000 1.0000 0.0000
vn 0.0000 1.0000 0.0000
vn 0.0000 1.0000 0.0000
vn 0.0000 1.0000 0.0000
vn 0.0000 1.0000 0.0000
vn 0.0000 1.0000 0.0000
vn 0.0000 1.0000 0.0000
vn 0.0000 1.0000 0.0000
vn 0.0000 1.0000 0.0000
vn 0.0000 1.0000 0.0000
vn 0.0000 1.0000 0.0000
vn 0.0000 1.0000 0.0000
vn 0.0000 1.0000 0.0000
vn 0.0000 1.0000 0.0000
vn 0.0000 1.0000 0.0000
vn 0.0000 1.0000 0.0000
vn 0.0000 1.0000 0.0000
vn 0.0000 1.0000 0.0000
vn 0.0000 1.0000 0.0000
vn 0.0000 1.0000 0.0000
vn 0.0000 1.0000 0.0000
vn 0.0000 1.0000 0.0000
vn 0.0000 1.0000 0.0000
vn 0.0000 1.0000 0.0000
vn 0.0000 1.0000 0.0000
vn 0.0000 1.0000 0.0000
vn 0.0000 1.0000 0.0000
vn 0.0000 1.0000 0.0000
vn 0.0000 1.0000 0.0000
vn 0.0000 1.0000 0.0000
vn 0.0000 1.0000 0.0000
vn 0.0000 1.0000 0.0000
vn 0.0000 1.0000 0.0000
vn 0.0000 1.0000 0.0000
vn 0.0000 1.0000 0.0000
vn 0.0000 1.0000 0.0000
vn 0.0000 1.0000 0.0000
vn 0.0000 1.0000 0.0000
vn 0.0000 1.0000 0.0000
vn 0.0000 1.0000 0.0000
vn 0.0000 1.0000 0.0000
vn 0.0000 1.0000 0.0000
vn 0.0000 1.0000 0.0000
vn 0.0000 1.0000 0.0000
vn 0.0000 1.0000 0.0000
vn 0.0000 1.0000 0.0000
vn 0.0000 1.0000 0.0000
vn 0.0000 1.0000 0.0000
vn 0.0000 1.0000 0.0000
vn 0.0000 1.0000 0.0000
vn 0.0000 1.0000 0.0000
vn 0.0000 1.0000 0.0000
vn 0.0000 1.0000 0.0000
vn 0.0000 1.0000 0.0000
vn 0.0000 1.0000 0.0000
vn 0.0000 1.0000 0.0000
vn 0.0000 1.0000 0.0000
vn 0.0000 1.0000 0.0000
vn 0.0000 1.0000 0.0000
vn 0.0000 1.0000 0.0000
vn 0.0000 1.0000 0.0000
vn 0.0000 1.0000 0.0000
vn 0.0000 1.0000 0.0000
vn 0.0000 1.0000 0.0000
vn 0.0000 1.0000 0.0000
vn 0.0000 1.0000 0.0000
vn 0.0000 1.0000 0.0000
vn 0.0000 1.0000 0.0000
vn 0.0000 1.0000 0.0000
vn 0.0000 1.0000 0.0000
vn 0.0000 1.0000 0.0000
vn 0.0000 1.0000 0.0000
vn 0.0000 1.0000 0.0000
vn 0.0000 1.0000 0.0000
vn 0.0000 1.0000 0.0000
vn 0.0000 1.0000 0.0000
vn 0.0000 1.0000 0.0000
vn 0.0000 1.0000 0.0000
vn 0.0000 1.0000 0.0000
vn 0.0000 1.0000 0.0000
vn 0.0000 1.0000 0.0000
vn 0.0000 1.0000 0.0000
vn 0.0000 1.0000 0.0000
vn 0.0000 1.0000 0.0000
vn 0.0000 1.0000 0.0000
vn 0.0000 1.0000 0.0000
vn 0.0000 1.0000 0.0000
vn 0.0000 1.0000 0.0000
vn 0.0000 1.0000 0.0000
vn 0.0000 1.0000 0.0000
vn 0.0000 1.0000 0.0000
vn 0.0000 1.0000 0.0000
vn 0.0000 1.0000 0.0000
vn 0.0000 1.0000 0.0000
vn 0.0000 1.0000 0.0000
vn 0.0000 1.0000 0.0000
vn 0.0000 1.0000 0.0000
vn 0.0000 1.0000 0.0000
vn 0.0000 1.0000 0.0000
vn 0.0000 1.0000 0.0000
vn 0.0000 1.0000 0.0000
vn 0.0000 1.0000 0.0000
vn 0.0000 1.0000 0.0000
vn 0.0000 1.0000 0.0000
vn 0.0000 1.0000 0.0000
vn 0.0000 1.0000 0.0000
vn 0.0000 1.0000 0.0000
vn 0.0000 1.0000 0.0000
vn 0.0000 1.0000 0.0000
vn 0.0000 1.0000 0.0000
vn 0.0000 1.0000 0.0000
vn 0.0000 1.0000 0.0000
vn 0.0000 1.0000 0.0000
vn 0.0000 1.0000 0.0000
vn 0.0000 1.0000 0.0000
vn 0.0000 1.0000 0.0000
vn 0.0000 1.0000 0.0000
vn 0.0000 1.0000 0.0000
vn 0.0000 1.0000 0.0000
vn 0.0000 1.0000 0.0000
vn 0.0000 1.0000 0.0000
vn 0.0000 1.0000 0.0000
vn 0.0000 1.0000 0.0000
vn 0.0000 1.0000 0.0000
vn 0.0000 1.0000 0.0000
vn 0.0000 1.0000 0.0000
vn 0.0000 1.0000 0.0000
vn 0.0000 1.0000 0.0000
vn 0.0000 1.0000 0.0000
vn 0.0000 1.0000 0.0000
vn 0.0000 1.0000 0.0000
vn 0.0000 1.0000 0.0000
vn 0.0000 1.0000 0.0000
vn 0.0000 1.0000 0.0000
vn 0.0000 1.0000 0.0000
vn 0.0000 1.0000 0.0000
vn 0.0000 1.0000 0.0000
vn 0.0000 1.0000 0.0000
vn 0.0000 1.0000 0.0000
vn 0.0000 1.0000 0.0000
vn 0.0000 1.0000 0.0000
vn 0.0000 1.0000 0.0000
vn 0.0000 1.0000 0.0000
vn 0.0000 1.0000 0.0000
vn 0.0000 1.0000 0.0000
vn 0.0000 1.0000 0.0000
vn 0.0000 1.0000 0.0000
vn 0.0000 1.0000 0.0000
vn 0.0000 1.0000 0.0000
vn 0.0000 1.0000 0.0000
vn 0.0000 1.0000 0.0000
vn 0.0000 1.0000 0.0000
vn 0.0000 1.0000 0.0000
vn 0.0000 1.0000 0.0000
vn 0.0000 1.0000 0.0000
vn 0.0000 1.0000 0.0000
vn 0.0000 1.0000 0.0000
vn 0.0000 1.0000 0.0000
vn 0.0000 1.0000 0.0000
vn 0.0000 1.0000 0.0000
vn 0.0000 1.0000 0.0000
vn 0.0000 1.0000 0.0000
vn 0.0000 1.0000 0.0000
vn 0.0000 1.0000 0.0000
vn 0.0000 1.0000 0.0000
vn 0.0000 1.0000 0.0000
vn 0.0000 1.0000 0.0000
vn 0.0000 1.0000 0.0000
vn 0.0000 1.0000 0.0000
vn 0.0000 1.0000 0.0000
vn 0.0000 1.0000 0.0000
vn 0.0000 1.0000 0.0000
vn 0.0000 1.0000 0.0000
vn 0.0000 1.0000 0.0000
vn 0.0000 1.0000 0.0000
vn 0.0000 1.0000 0.0000
vn 0.0000 1.0000 0.0000
vn 0.0000 1.0000 0.0000
vn 0.0000 1.0000 0.0000
vn 0.0000 1.0000 0.0000
vn 0.0000 1.0000 0.0000
vn 0.0000 1.0000 0.0000
vn 0.0000 1.0000 0.0000
vn 0.0000 1.0000 0.0000
vn 0.0000 1.0000 0.0000
vn 0.0000 1.0000 0.0000
vn 0.0000 1.0000 0.0000
vn 0.0000 1.0000 0.0000
vn 0.0000 1.0000 0.0000
vn 0.0000 1.0000 0.0000
vn 0.0000 1.0000 0.0000
vn 0.0000 1.0000 0.0000
vn 0.0000 1.0000 0.0000
vn 0.0000 1.0000 0.0000
vn 0.0000 1.0000 0.0000
vn 0.0000 1.0000 0.0000
vn 0.0000 1.0000 0.0000
vn 0.0000 1.0000 0.0000
vn 0.0000 1.0000 0.0000
vn 0.0000 1.0000 0.0000
vn 0.0000 1.0000 0.0000
vn 0.0000 1.0000 0.0000
vn 0.0000 1.0000 0.0000
vn 0.0000 1.0000 0.0000
vn 0.0000 1.0000 0.0000
vn 0.0000 1.0000 0.0000
vn 0.0000 1.0000 0.0000
vn 0.0000 1.0000 0.0000
vn 0.0000 1.0000 0.0000
vn 0.0000 1.0000 0.0000
vn 0.0000 1.0000 0.0000
vn 0.0000 1.0000 0.0000
vn 0.0000 1.0000 0.0000
vn 0.0000 1.0000 0.0000
vn 0.0000 1.0000 0.0000
vn 0.0000 1.0000 0.0000
vn 0.0000 1.0000 0.0000
vn 0.0000 1.0000 0.0000
vn 0.0000 1.0000 0.0000
vn 0.0000 1.0000 0.0000
vn 0.0000 1.0000 0.0000
vn 0.0000 1.0000 0.0000
vn 0.0000 1.0000 0.0000
vn 0.0000 1.0000 0.0000
vn 0.0000 1.0000 0.0000
vn 0.0000 1.0000 0.0000
vn 0.0000 1.0000 0.0000
vn 0.0000 1.0000 0.0000
vn 0.0000 1.0000 0.0000
vn 0.0000 1.0000 0.0000
vn 0.0000 1.0000 0.0000
vn 0.0000 1.0000 0.0000
vn 0.0000 1.0000 0.0000
vn 0.0000 1.0000 0.0000
vn 0.0000 1.0000 0.0000
vn 0.0000 1.0000 0.0000
vn 0.0000 1.0000 0.0000
vn 0.0000 1.0000 0.0000
vn 0.0000 1.0000 0.0000
vn 0.0000 1.0000 0.0000
vn 0.0000 1.0000 0.0000
vn 0.0000 1.0000 0.0000
vn 0.0000 1.0000 0.0000
vn 0.0000 1.0000 0.0000
vn 0.0000 1.0000 0.0000
vn 0.0000 1.0000 0.0000
vn 0.0000 1.0000 0.0000
vn 0.0000 1.0000 0.0000
vn 0.0000 1.0000 0.0000
vn 0.0000 1.0000 0.0000
vn 0.0000 1.0000 0.0000
vn 0.0000 1.0000 0.0000
vn 0.0000 1.0000 0.0000
vn 0.0000 1.0000 0.0000
vn 0.0000 1.0000 0.0000
vn 0.0000 1.0000 0.0000
vn 0.0000 1.0000 0.0000
vn 0.0000 1.0000 0.0000
vn 0.0000 1.0000 0.0000
vn 0.0000 1.0000 0.0000
vn 0.0000 1.0000 0.0000
vn 0.0000 1.0000 0.0000
vn 0.0000 1.0000 0.0000
vn 0.0000 1.0000 0.0000
vn 0.0000 1.0000 0.0000
vn 0.0000 1.0000 0.0000
vn 0.0000 1.0000 0.0000
vn 0.0000 1.0000 0.0000
vn 0.0000 1.0000 0.0000
vn 0.0000 1.0000 0.0000
vn 0.0000 1.0000 0.0000
vn 0.0000 1.0000 0.0000
vn 0.0000 1.0000 0.0000
vn 0.0000 1.0000 0.0000
vn 0.0000 1.0000 0.0000
vn 0.0000 1.0000 0.0000
vn 0.0000 1.0000 0.0000
vn 0.0000 1.0000 0.0000
vn 0.0000 1.0000 0.0000
vn 0.0000 1.0000 0.0000
vn 0.0000 1.0000 0.0000
vn 0.0000 1.0000 0.0000
vn 0.0000 1.0000 0.0000
vn 0.0000 1.0000 0.0000
vn 0.0000 1.0000 0.0000
vn 0.0000 1.0000 0.0000
vn 0.0000 1.0000 0.0000
vn 0.0000 1.0000 0.0000
vn 0.0000 1.0000 0.0000
vn 0.0000 1.0000 0.0000
vn 0.0000 1.0000 0.0000
vn 0.0000 1.0000 0.0000
vn 0.0000 1.0000 0.0000
vn 0.0000 1.0000 0.0000
vn 0.0000 1.0000 0.0000
vn 0.0000 1.0000 0.0000
vn 0.0000 1.0000 0.0000
vn 0.0000 1.0000 0.0000
vn 0.0000 1.0000 0.0000
vn 0.0000 1.0000 0.0000
vn 0.0000 1.0000 0.0000
vn 0.0000 1.0000 0.0000
vn 0.0000 1.0000 0.0000
vn 0.0000 1.0000 0.0000
vn 0.0000 1.0000 0.0000
vn 0.0000 1.0000 0.0000
vn 0.0000 1.0000 0.0000
vn 0.0000 1.0000 0.0000
vn 0.0000 1.0000 0.0000
vn 0.0000 1.0000 0.0000
vn 0.0000 1.0000 0.0000
vn 0.0000 1.0000 0.0000
vn 0.0000 1.0000 0.0000
vn 0.0000 1.0000 0.0000
vn 0.0000 1.0000 0.0000
vn 0.0000 1.0000 0.0000
vn 0.0000 1.0000 0.0000
vn 0.0000 1.0000 0.0000
vn 0.0000 1.0000 0.0000
vn 0.0000 1.0000 0.0000
vn 0.0000 1.0000 0.0000
vn 0.0000 1.0000 0.0000
vn 0.0000 1.0000 0.0000
vn 0.0000 1.0000 0.0000
vn 0.0000 1.0000 0.0000
vn 0.0000 1.0000 0.0000
vn 0.0000 1.0000 0.0000
vn 0.0000 1.0000 0.0000
vn 0.0000 1.0000 0.0000
vn 0.0000 1.0000 0.0000
vn 0.0000 1.0000 0.0000
vn 0.0000 1.0000 0.0000
vn 0.0000 1.0000 0.0000
vn 0.0000 1.0000 0.0000
vn 0.0000 1.0000 0.0000
vn 0.0000 1.0000 0.0000
vn 0.0000 1.0000 0.0000
vn 0.0000 1.0000 0.0000
vn 0.0000 1.0000 0.0000
vn 0.0000 1.0000 0.0000
vn 0.0000 1.0000 0.0000
vn 0.0000 1.0000 0.0000
vn 0.0000 1.0000 0.0000
vn 0.0000 1.0000 0.0000
vn 0.0000 1.0000 0.0000
vn 0.0000 1.0000 0.0000
vn 0.0000 1.0000 0.0000
vn 0.0000 1.0000 0.0000
vn 0.0000 1.0000 0.0000
vn 0.0000 1.0000 0.0000
vn 0.0000 1.0000 0.0000
vn 0.0000 1.0000 0.0000
vn 0.0000 1.0000 0.0000
vn 0.0000 1.0000 0.0000
vn 0.0000 1.0000 0.0000
vn 0.0000 1.0000 0.0000
vn 0.0000 1.0000 0.0000
vn 0.0000 1.0000 0.0000
vn 0.0000 1.0000 0.0000
vn 0.0000 1.0000 0.0000
vn 0.0000 1.0000 0.0000
vn 0.0000 1.0000 0.0000
vn 0.0000 1.0000 0.0000
vn 0.0000 1.0000 0.0000
vn 0.0000 1.0000 0.0000
vn 0.0000 1.0000 0.0000
vn 0.0000 1.0000 0.0000
vn 0.0000 1.0000 0.0000
vn 0.0000 1.0000 0.0000
vn 0.0000 1.0000 0.0000
vn 0.0000 1.0000 0.0000
vn 0.0000 1.0000 0.0000
vn 0.0000 1.0000 0.0000
vn 0.0000 1.0000 0.0000
vn 0.0000 1.0000 0.0000
vn 0.0000 1.0000 0.0000
vn 0.0000 1.0000 0.0000
vn 0.0000 1.0000 0.0000
vn 0.0000 1.0000 0.0000
vn 0.0000 1.0000 0.0000
vn 0.0000 1.0000 0.0000
vn 0.0000 1.0000 0.0000
vn 0.0000 1.0000 0.0000
vn 0.0000 1.0000 0.0000
vn 0.0000 1.0000 0.0000
vn 0.0000 1.0000 0.0000
vn 0.0000 1.0000 0.0000
vn 0.0000 1.0000 0.0000
vn 0.0000 1.0000 0.0000
vn 0.0000 1.0000 0.0000
vn 0.0000 1.0000 0.0000
vn 0.0000 1.0000 0.0000
vn 0.0000 1.0000 0.0000
vn 0.0000 1.0000 0.0000
vn 0.0000 1.0000 0.0000
vn 0.0000 1.0000 0.0000
vn 0.0000 1.0000 0.0000
vn 0.0000 1.0000 0.0000
vn 0.0000 1.0000 0.0000
vn 0.0000 1.0000 0.0000
vn 0.0000 1.0000 0.0000
vn 0.0000 1.0000 0.0000
vn 0.0000 1.0000 0.0000
vn 0.0000 1.0000 0.0000
vn 0.0000 1.0000 0.0000
vn 0.0000 1.0000 0.0000
vn 0.0000 1.0000 0.0000
vn 0.0000 1.0000 0.0000
vn 0.0000 1.0000 0.0000
vn 0.0000 1.0000 0.0000
vn 0.0000 1.0000 0.0000
vn 0.0000 1.0000 0.0000
vn 0.0000 1.0000 0.0000
vn 0.0000 1.0000 0.0000
vn 0.0000 1.0000 0.0000
vn 0.0000 1.0000 0.0000
vn 0.0000 1.0000 0.0000
vn 0.0000 1.0000 0.0000
vn 0.0000 1.0000 0.0000
vn 0.0000 1.0000 0.0000
vn 0.0000 1.0000 0.0000
vn 0.0000 1.0000 0.0000
vn 0.0000 1.0000 0.0000
vn 0.0000 1.0000 0.0000
vn 0.0000 1.0000 0.0000
vn 0.0000 1.0000 0.0000
vn 0.0000 1.0000 0.0000
vn 0.0000 1.0000 0.0000
vn 0.0000 1.0000 0.0000
vn 0.0000 1.0000 0.0000
vn 0.0000 1.0000 0.0000
vn 0.0000 1.0000 0.0000
vn 0.0000 1.0000 0.0000
vn 0.0000 1.0000 0.0000
vn 0.0000 1.0000 0.0000
vn 0.0000 1.0000 0.0000
vn 0.0000 1.0000 0.0000
vn 0.0000 1.0000 0.0000
vn 0.0000 1.0000 0.0000
vn 0.0000 1.0000 0.0000
vn 0.0000 1.0000 0.0000
vn 0.0000 1.0000 0.0000
vn 0.0000 1.0000 0.0000
vn 0.0000 1.0000 0.0000
vn 0.0000 1.0000 0.0000
vn 0.0000 1.0000 0.0000
vn 0.0000 1.0000 0.0000
vn 0.0000 1.0000 0.0000
vn 0.0000 1.0000 0.0000
vn 0.0000 1.0000 0.0000
vn 0.0000 1.0000 0.0000
vn 0.0000 1.0000 0.0000
vn 0.0000 1.0000 0.0000
vn 0.0000 1.0000 0.0000
vn 0.0000 1.0000 0.0000
vn 0.0000 1.0000 0.0000
vn 0.0000 1.0000 0.0000
vn 0.0000 1.0000 0.0000
vn 0.0000 1.0000 0.0000
vn 0.0000 1.0000 0.0000
vn 0.0000 1.0000 0.0000
vn 0.0000 1.0000 0.0000
vn 0.0000 1.0000 0.0000
vn 0.0000 1.0000 0.0000
vn 0.0000 1.0000 0.0000
vn 0.0000 1.0000 0.0000
vn 0.0000 1.0000 0.0000
vn 0.0000 1.0000 0.0000
vn 0.0000 1.0000 0.0000
vn 0.0000 1.0000 0.0000
vn 0.0000 1.0000 0.0000
vn 0.0000 1.0000 0.0000
vn 0.0000 1.0000 0.0000
vn 0.0000 1.0000 0.0000
vn 0.0000 1.0000 0.0000
vn 0.0000 1.0000 0.0000
vn 0.0000 1.0000 0.0000
vn 0.0000 1.0000 0.0000
vn 0.0000 1.0000 0.0000
vn 0.0000 1.0000 0.0000
vn 0.0000 1.0000 0.0000
vn 0.0000 1.0000 0.0000
vn 0.0000 1.0000 0.0000
vn 0.0000 1.0000 0.0000
vn 0.0000 1.0000 0.0000
vn 0.0000 1.0000 0.0000
vn 0.0000 1.0000 0.0000
vn 0.0000 1.0000 0.0000
vn 0.0000 1.0000 0.0000
vn 0.0000 1.0000 0.0000
vn 0.0000 1.0000 0.0000
vn 0.0000 1.0000 0.0000
vn 0.0000 1.0000 0.0000
vn 0.0000 1.0000 0.0000
vn 0.0000 1.0000 0.0000
vn 0.0000 1.0000 0.0000
vn 0.0000 1.0000 0.0000
vn 0.0000 1.0000 0.0000
vn 0.0000 1.0000 0.0000
vn 0.0000 1.0000 0.0000
vn 0.0000 1.0000 0.0000
vn 0.0000 1.0000 0.0000
vn 0.0000 1.0000 0.0000
vn 0.0000 1.0000 0.0000
vn 0.0000 1.0000 0.0000
vn 0.0000 1.0000 0.0000
vn 0.0000 1.0000 0.0000
vn 0.0000 1.0000 0.0000
vn 0.0000 1.0000 0.0000
vn 0.0000 1.0000 0.0000
vn 0.0000 1.0000 0.0000
vn 0.0000 1.0000 0.0000
vn 0.0000 1.0000 0.0000
vn 0.0000 1.0000 0.0000
vn 0.0000 1.0000 0.0000
vn 0.0000 1.0000 0.0000
vn 0.0000 1.0000 0.0000
vn 0.0000 1.0000 0.0000
vn 0.0000 1.0000 0.0000
vn 0.0000 1.0000 0.0000
vn 0.0000 1.0000 0.0000
vn 0.0000 1.0000 0.0000
vn 0.0000 1.0000 0.0000
vn 0.0000 1.0000 0.0000
vn 0.0000 1.0000 0.0000
vn 0.0000 1.0000 0.0000
vn 0.0000 1.0000 0.0000
vn 0.0000 1.0000 0.0000
vn 0.0000 1.0000 0.0000
vn 0.0000 1.0000 0.0000
vn 0.0000 1.0000 0.0000
vn 0.0000 1.0000 0.0000
vn 0.0000 1.0000 0.0000
vn 0.0000 1.0000 0.0000
vn 0.0000 1.0000 0.0000
vn 0.0000 1.0000 0.0000
vn 0.0000 1.0000 0.0000
vn 0.0000 1.0000 0.0000
vn 0.0000 1.0000 0.0000
vn 0.0000 1.0000 0.0000
vn 0.0000 1.0000 0.0000
vn 0.0000 1.0000 0.0000
vn 0.0000 1.0000 0.0000
vn 0.0000 1.0000 0.0000
vn 0.0000 1.0000 0.0000
vn 0.0000 1.0000 0.0000
vn 0.0000 1.0000 0.0000
vn 0.0000 1.0000 0.0000
vn 0.0000 1.0000 0.0000
vn 0.0000 1.0000 0.0000
vn 0.0000 1.0000 0.0000
vn 0.0000 1.0000 0.0000
vn 0.0000 1.0000 0.0000
vn 0.0000 1.0000 0.0000
vn 0.0000 1.0000 0.0000
vn 0.0000 1.0000 0.0000
vn 0.0000 1.0000 0.0000
vn 0.0000 1.0000 0.0000
vn 0.0000 1.0000 0.0000
vn 0.0000 1.0000 0.0000
vn 0.0000 1.0000 0.0000
vn 0.0000 1.0000 0.0000
vn 0.0000 1.0000 0.0000
vn 0.0000 1.0000 0.0000
vn 0.0000 1.0000 0.0000
vn 0.0000 1.0000 0.0000
vn 0.0000 1.0000 0.0000
vn 0.0000 1.0000 0.0000
vn 0.0000 1.0000 0.0000
vn 0.0000 1.0000 0.0000
vn 0.0000 1.0000 0.0000
vn 0.0000 1.0000 0.0000
vn 0.0000 1.0000 0.0000
vn 0.0000 1.0000 0.0000
vn 0.0000 1.0000 0.0000
vn 0.0000 1.0000 0.0000
vn 0.0000 1.0000 0.0000
vn 0.0000 1.0000 0.0000
vn 0.0000 1.0000 0.0000
vn 0.0000 1.0000 0.0000
vn 0.0000 1.0000 0.0000
vn 0.0000 1.0000 0.0000
vn 0.0000 1.0000 0.0000
vn 0.0000 1.0000 0.0000
vn 0.0000 1.0000 0.0000
vn 0.0000 1.0000 0.0000
vn 0.0000 1.0000 0.0000
vn 0.0000 1.0000 0.0000
vn 0.0000 1.0000 0.0000
vn 0.0000 1.0000 0.0000
vn 0.0000 1.0000 0.0000
vn 0.0000 1.0000 0.0000
vn 0.0000 1.0000 0.0000
vn 0.0000 1.0000 0.0000
vn 0.0000 1.0000 0.0000
vn 0.0000 1.0000 0.0000
vn 0.0000 1.0000 0.0000
vn 0.0000 1.0000 0.0000
vn 0.0000 1.0000 0.0000
vn 0.0000 1.0000 0.0000
vn 0.0000 1.0000 0.0000
vn 0.0000 1.0000 0.0000
vn 0.0000 1.0000 0.0000
vn 0.0000 1.0000 0.0000
vn 0.0000 1.0000 0.0000
vn 0.0000 1.0000 0.0000
vn 0.0000 1.0000 0.0000
vn 0.0000 1.0000 0.0000
vn 0.0000 1.0000 0.0000
vn 0.0000 1.0000 0.0000
vn 0.0000 1.0000 0.0000
vn 0.0000 1.0000 0.0000
vn 0.0000 1.0000 0.0000
vn 0.0000 1.0000 0.0000
vn 0.0000 1.0000 0.0000
vn 0.0000 1.0000 0.0000
vn 0.0000 1.0000 0.0000
vn 0.0000 1.0000 0.0000
vn 0.0000 1.0000 0.0000
vn 0.0000 1.0000 0.0000
vn 0.0000 1.0000 0.0000
vn 0.0000 1.0000 0.0000
vn 0.0000 1.0000 0.0000
vn 0.0000 1.0000 0.0000
vn 0.0000 1.0000 0.0000
vn 0.0000 1.0000 0.0000
vn 0.0000 1.0000 0.0000
vn 0.0000 1.0000 0.0000
vn 0.0000 1.0000 0.0000
vn 0.0000 1.0000 0.0000
vn 0.0000 1.0000 0.0000
vn 0.0000 1.0000 0.0000
vn 0.0000 1.0000 0.0000
vn 0.0000 1.0000 0.0000
vn 0.0000 1.0000 0.0000
vn 0.0000 1.0000 0.0000
vn 0.0000 1.0000 0.0000
vn 0.0000 1.0000 0.0000
vn 0.0000 1.0000 0.0000
vn 0.0000 1.0000 0.0000
vn 0.0000 1.0000 0.0000
vn 0.0000 1.0000 0.0000
vn 0.0000 1.0000 0.0000
vn 0.0000 1.0000 0.0000
vn 0.0000 1.0000 0.0000
vn 0.0000 1.0000 0.0000
vn 0.0000 1.0000 0.0000
vn 0.0000 1.0000 0.0000
vn 0.0000 1.0000 0.0000
vn 0.0000 1.0000 0.0000
vn 0.0000 1.0000 0.0000
vn 0.0000 1.0000 0.0000
vn 0.0000 1.0000 0.0000
vn 0.0000 1.0000 0.0000
vn 0.0000 1.0000 0.0000
vn 0.0000 1.0000 0.0000
vn 0.0000 1.0000 0.0000
vn 0.0000 1.0000 0.0000
vn 0.0000 1.0000 0.0000
vn 0.0000 1.0000 0.0000
vn 0.0000 1.0000 0.0000
vn 0.0000 1.0000 0.0000
vn 0.0000 1.0000 0.0000
vn 0.0000 1.0000 0.0000
vn 0.0000 1.0000 0.0000
vn 0.0000 1.0000 0.0000
vn 0.0000 1.0000 0.0000
vn 0.0000 1.0000 0.0000
vn 0.0000 1.0000 0.0000
vn 0.0000 1.0000 0.0000
vn 0.0000 1.0000 0.0000
vn 0.0000 1.0000 0.0000
vn 0.0000 1.0000 0.0000
vn 0.0000 1.0000 0.0000
vn 0.0000 1.0000 0.0000
vn 0.0000 1.0000 0.0000
vn 0.0000 1.0000 0.0000
vn 0.0000 1.0000 0.0000
vn 0.0000 1.0000 0.0000
vn 0.0000 1.0000 0.0000
vn 0.0000 1.0000 0.0000
vn 0.0000 1.0000 0.0000
vn 0.0000 1.0000 0.0000
vn 0.0000 1.0000 0.0000
vn 0.0000 1.0000 0.0000
vn 0.0000 1.0000 0.0000
vn 0.0000 1.0000 0.0000
vn 0.0000 1.0000 0.0000
vn 0.0000 1.0000 0.0000
vn 0.0000 1.0000 0.0000
vn 0.0000 1.0000 0.0000
vn 0.0000 1.0000 0.0000
vn 0.0000 1.0000 0.0000
vn 0.0000 1.0000 0.0000
vn 0.0000 1.0000 0.0000
vn 0.0000 1.0000 0.0000
vn 0.0000 1.0000 0.0000
vn 0.0000 1.0000 0.0000
vn 0.0000 1.0000 0.0000
vn 0.0000 1.0000 0.0000
vn 0.0000 1.0000 0.0000
vn 0.0000 1.0000 0.0000
vn 0.0000 1.0000 0.0000
vn 0.0000 1.0000 0.0000
vn 0.0000 1.0000 0.0000
vn 0.0000 1.0000 0.0000
vn 0.0000 1.0000 0.0000
vn 0.0000 1.0000 0.0000
vn 0.0000 1.0000 0.0000
vn 0.0000 1.0000 0.0000
vn 0.0000 1.0000 0.0000
vn 0.0000 1.0000 0.0000
vn 0.0000 1.0000 0.0000
vn 0.0000 1.0000 0.0000
vn 0.0000 1.0000 0.0000
vn 0.0000 1.0000 0.0000
vn 0.0000 1.0000 0.0000
vn 0.0000 1.0000 0.0000
vn 0.0000 1.0000 0.0000
vn 0.0000 1.0000 0.0000
vn 0.0000 1.0000 0.0000
vn 0.0000 1.0000 0.0000
vn 0.0000 1.0000 0.0000
vn 0.0000 1.0000 0.0000
vn 0.0000 1.0000 0.0000
vn 0.0000 1.0000 0.0000
vn 0.0000 1.0000 0.0000
vn 0.0000 1.0000 0.0000
vn 0.0000 1.0000 0.0000
vn 0.0000 1.0000 0.0000
vn 0.0000 1.0000 0.0000
vn 0.0000 1.0000 0.0000
vn 0.0000 1.0000 0.0000
vn 0.0000 1.0000 0.0000
vn 0.0000 1.0000 0.0000
vn 0.0000 1.0000 0.0000
vn 0.0000 1.0000 0.0000
vn 0.0000 1.0000 0.0000
vn 0.0000 1.0000 0.0000
vn 0.0000 1.0000 0.0000
vn 0.0000 1.0000 0.0000
vn 0.0000 1.0000 0.0000
vn 0.0000 1.0000 0.0000
vn 0.0000 1.0000 0.0000
vn 0.0000 1.0000 0.0000
vn 0.0000 1.0000 0.0000
vn 0.0000 1.0000 0.0000
vn 0.0000 1.0000 0.0000
vn 0.0000 1.0000 0.0000
vn 0.0000 1.0000 0.0000
vn 0.0000 1.0000 0.0000
vn 0.0000 1.0000 0.0000
vn 0.0000 1.0000 0.0000
vn 0.0000 1.0000 0.0000
vn 0.0000 1.0000 0.0000
vn 0.0000 1.0000 0.0000
vn 0.0000 1.0000 0.0000
vn 0.0000 1.0000 0.0000
vn 0.0000 1.0000 0.0000
vn 0.0000 1.0000 0.0000
vn 0.0000 1.0000 0.0000
vn 0.0000 1.0000 0.0000
vn 0.0000 1.0000 0.0000
vn 0.0000 1.0000 0.0000
vn 0.0000 1.0000 0.0000
vn 0.0000 1.0000 0.0000
vn 0.0000 1.0000 0.0000
vn 0.0000 1.0000 0.0000
vn 0.0000 1.0000 0.0000
vn 0.0000 1.0000 0.0000
vn 0.0000 1.0000 0.0000
vn 0.0000 1.0000 0.0000
vn 0.0000 1.0000 0.0000
vn 0.0000 1.0000 0.0000
vn 0.0000 1.0000 0.0000
vn 0.0000 1.0000 0.0000
vn 0.0000 1.0000 0.0000
vn 0.0000 1.0000 0.0000
vn 0.0000 1.0000 0.0000
vn 0.0000 1.0000 0.0000
vn 0.0000 1.0000 0.0000
vn 0.0000 1.0000 0.0000
vn 0.0000 1.0000 0.0000
vn 0.0000 1.0000 0.0000
vn 0.0000 1.0000 0.0000
vn 0.0000 1.0000 0.0000
vn 0.0000 1.0000 0.0000
vn 0.0000 1.0000 0.0000
vn 0.0000 1.0000 0.0000
vn 0.0000 1.0000 0.0000
vn 0.0000 1.0000 0.0000
vn 0.0000 1.0000 0.0000
vn 0.0000 1.0000 0.0000
vn 0.0000 1.0000 0.0000
vn 0.0000 1.0000 0.0000
vn 0.0000 1.0000 0.0000
vn 0.0000 1.0000 0.0000
vn 0.0000 1.0000 0.0000
vn 0.0000 1.0000 0.0000
vn 0.0000 1.0000 0.0000
vn 0.0000 1.0000 0.0000
vn 0.0000 1.0000 0.0000
vn 0.0000 1.0000 0.0000
vn 0.0000 1.0000 0.0000
vn 0.0000 1.0000 0.0000
vn 0.0000 1.0000 0.0000
vn 0.0000 1.0000 0.0000
vn 0.0000 1.0000 0.0000
vn 0.0000 1.0000 0.0000
vn 0.0000 1.0000 0.0000
vn 0.0000 1.0000 0.0000
vn 0.0000 1.0000 0.0000
vn 0.0000 1.0000 0.0000
vn 0.0000 1.0000 0.0000
vn 0.0000 1.0000 0.0000
vn 0.0000 1.0000 0.0000
vn 0.0000 1.0000 0.0000
vn 0.0000 1.0000 0.0000
vn 0.0000 1.0000 0.0000
vn 0.0000 1.0000 0.0000
vn 0.0000 1.0000 0.0000
vn 0.0000 1.0000 0.0000
vn 0.0000 1.0000 0.0000
vn 0.0000 1.0000 0.0000
vn 0.0000 1.0000 0.0000
vn 0.0000 1.0000 0.0000
vn 0.0000 1.0000 0.0000
f 1 2 3
f 4 5 6
f 7 8 9
f 10 11 12
f 13 14 15
f 16 17 18
f 19 20 21
f 22 23 24
f 25 26 27
f 28 29 30
f 31 32 33
f 34 35 36
f 37 38 39
f 40 41 42
f 43 44 45
f 46 47 48
f 49 50 51
f 52 53 54
f 55 56 57
f 58 59 60
f 61 62 63
f 64 65 66
f 67 68 69
f 70 71 72
f 73 74 75
f 76 77 78
f 79 80 81
f 82 83 84
f 85 86 87
f 88 89 90
f 91 92 93
f 94 95 96
f 97 98 99
f 100 101 102
f 103 104 105
f 106 107 108
f 109 110 111
f 112 113 114
f 115 116 117
f 118 119 120
f 121 122 123
f 124 125 126
f 127 128 129
f 130 131 132
f 133 134 135
f 136 137 138
f 139 140 141
f 142 143 144
f 145 146 147
f 148 149 150
f 151 152 153
f 154 155 156
f 157 158 159
f 160 161 162
f 163 164 165
f 166 167 168
f 169 170 171
f 172 173 174
f 175 176 177
f 178 179 180
f 181 182 183
f 184 185 186
f 187 188 189
f 190 191 192
f 193 194 195
f 196 197 198
f 199 200 201
f 202 203 204
f 205 206 207
f 208 209 210
f 211 212 213
f 214 215 216
f 217 218 219
f 220 221 222
f 223 224 225
f 226 227 228
f 229 230 231
f 232 233 234
f 235 236 237
f 238 239 240
f 241 242 243
f 244 245 246
f 247 248 249
f 250 251 252
f 253 254 255
f 256 257 258
f 259 260 261
f 262 263 264
f 265 266 267
f 268 269 270
f 271 272 273
f 274 275 276
f 277 278 279
f 280 281 282
f 283 284 285
f 286 287 288
f 289 290 291
f 292 293 294
f 295 296 297
f 298 299 300
f 301 302 303
f 304 305 306
f 307 308 309
f 310 311 312
f 313 314 315
f 316 317 318
f 319 320 321
f 322 323 324
f 325 326 327
f 328 329 330
f 331 332 333
f 334 335 336
f 337 338 339
f 340 341 342
f 343 344 345
f 346 347 348
f 349 350 351
f 352 353 354
f 355 356 357
f 358 359 360
f 361 362 363
f 364 365 366
f 367 368 369
f 370 371 372
f 373 374 375
f 376 377 378
f 379 380 381
f 382 383 384
f 385 386 387
f 388 389 390
f 391 392 393
f 394 395 396
f 397 398 399
f 400 401 402
f 403 404 405
f 406 407 408
f 409 410 411
f 412 413 414
f 415 416 417
f 418 419 420
f 421 422 423
f 424 425 426
f 427 428 429
f 430 431 432
f 433 434 435
f 436 437 438
f 439 440 441
f 442 443 444
f 445 446 447
f 448 449 450
f 451 452 453
f 454 455 456
f 457 458 459
f 460 461 462
f 463 464 465
f 466 467 468
f 469 470 471
f 472 473 474
f 475 476 477
f 478 479 480
f 481 482 483
f 484 485 486
f 487 488 489
f 490 491 492
f 493 494 495
f 496 497 498
f 499 500 501
f 502 503 504
f 505 506 507
f 508 509 510
f 511 512 513
f 514 515 516
f 517 518 519
f 520 521 522
f 523 524 525
f 526 527 528
f 529 530 531
f 532 533 534
f 535 536 537
f 538 539 540
f 541 542 543
f 544 545 546
f 547 548 549
f 550 551 552
f 553 554 555
f 556 557 558
f 559 560 561
f 562 563 564
f 565 566 567
f 568 569 570
f 571 572 573
f 574 575 576
f 577 578 579
f 580 581 582
f 583 584 585
f 586 587 588
f 589 590 591
f 592 593 594
f 595 596 597
f 598 599 600
f 601 602 603
f 604 605 606
f 607 608 609
f 610 611 612
f 613 614 615
f 616 617 618
f 619 620 621
f 622 623 624
f 625 626 627
f 628 629 630
f 631 632 633
f 634 635 636
f 637 638 639
f 640 641 642
f 643 644 645
f 646 647 648
f 649 650 651
f 652 653 654
f 655 656 657
f 658 659 660
f 661 662 663
f 664 665 666
f 667 668 669
f 670 671 672
f 673 674 675
f 676 677 678
f 679 680 681
f 682 683 684
f 685 686 687
f 688 689 690
f 691 692 693
f 694 695 696
f 697 698 699
f 700 701 702
f 703 704 705
f 706 707 708
f 709 710 711
f 712 713 714
f 715 716 717
f 718 719 720
f 721 722 723
f 724 725 726
f 727 728 729
f 730 731 732
f 733 734 735
f 736 737 738
f 739 740 741
f 742 743 744
f 745 746 747
f 748 749 750
f 751 752 753
f 754 755 756
f 757 758 759
f 760 761 762
f 763 764 765
f 766 767 768
f 769 770 771
f 772 773 774
f 775 776 777
f 778 779 780
f 781 782 783
f 784 785 786
f 787 788 789
f 790 791 792
f 793 794 795
f 796 797 798
f 799 800 801
f 802 803 804
f 805 806 807
f 808 809 810
f 811 812 813
f 814 815 816
f 817 818 819
f 820 821 822
f 823 824 825
f 826 827 828
f 829 830 831
f 832 833 834
f 835 836 837
f 838 839 840
f 841 842 843
f 844 845 846
f 847 848 849
f 850 851 852
f 853 854 855
f 856 857 858
f 859 860 861
f 862 863 864
f 865 866 867
f 868 869 870
f 871 872 873
f 874 875 876
f 877 878 879
f 880 881 882
f 883 884 885
f 886 887 888
f 889 890 891
f 892 893 894
f 895 896 897
f 898 899 900
f 901 902 903
f 904 905 906
f 907 908 909
f 910 911 912
f 913 914 915
f 916 917 918
f 919 920 921
f 922 923 924
f 925 926 927
f 928 929 930
f 931 932 933
f 934 935 936
f 937 938 939
f 940 941 942
f 943 944 945
f 946 947 948
f 949 950 951
f 952 953 954
f 955 956 957
f 958 959 960
f 961 962 963
f 964 965 966
f 967 968 969
f 970 971 972
f 973 974 975
f 976 977 978
f 979 980 981
f 982 983 984
f 985 986 987
f 988 989 990
f 991 992 993
f 994 995 996
f 997 998 999
f 1000 1001 1002
f 1003 1004 1005
f 1006 1007 1008
f 1009 1010 1011
f 1012 1013 1014
f 1015 1016 1017
f 1018 1019 1020
f 1021 1022 1023
f 1024 1025 1026
f 1027 1028 1029
f 1030 1031 1032
f 1033 1034 1035
f 1036 1037 1038
f 1039 1040 1041
f 1042 1043 1044
f 1045 1046 1047
f 1048 1049 1050
f 1051 1052 1053
f 1054 1055 1056
f 1057 1058 1059
f 1060 1061 1062
f 1063 1064 1065
f 1066 1067 1068
f 1069 1070 1071
f 1072 1073 1074
f 1075 1076 1077
f 1078 1079 1080
f 1081 1082 1083
f 1084 1085 1086
f 1087 1088 1089
f 1090 1091 1092
f 1093 1094 1095
f 1096 1097 1098
f 1099 1100 1101
f 1102 1103 1104
f 1105 1106 1107
f 1108 1109 1110
f 1111 1112 1113
f 1114 1115 1116
f 1117 1118 1119
f 1120 1121 1122
f 1123 1124 1125
f 1126 1127 1128
f 1129 1130 1131
f 1132 1133 1134
f 1135 1136 1137
f 1138 1139 1140
f 1141 1142 1143
f 1144 1145 1146
f 1147 1148 1149
f 1150 1151 1152
f 1153 1154 1155
f 1156 1157 1158
f 1159 1160 1161
f 1162 1163 1164
f 1165 1166 1167
f 1168 1169 1170
f 1171 1172 1173
f 1174 1175 1176
f 1177 1178 1179
f 1180 1181 1182
f 1183 1184 1185
f 1186 1187 1188
f 1189 1190 1191
f 1192 1193 1194
f 1195 1196 1197
f 1198 1199 1200
f 1201 1202 1203
f 1204 1205 1206
f 1207 1208 1209
f 1210 1211 1212
f 1213 1214 1215
f 1216 1217 1218
f 1219 1220 1221
f 1222 1223 1224
f 1225 1226 1227
f 1228 1229 1230
f 1231 1232 1233
f 1234 1235 1236
f 1237 1238 1239
f 1240 1241 1242
f 1243 1244 1245
f 1246 1247 1248
f 1249 1250 1251
f 1252 1253 1254
f 1255 1256 1257
f 1258 1259 1260
f 1261 1262 1263
f 1264 1265 1266
f 1267 1268 1269
f 1270 1271 1272
f 1273 1274 1275
f 1276 1277 1278
f 1279 1280 1281
f 1282 1283 1284
f 1285 1286 1287
f 1288 1289 1290
f 1291 1292 1293
f 1294 1295 1296
f 1297 1298 1299
f 1300 1301 1302
f 1303 1304 1305
f 1306 1307 1308
f 1309 1310 1311
f 1312 1313 1314
f 1315 1316 1317
f 1318 1319 1320
f 1321 1322 1323
f 1324 1325 1326
f 1327 1328 1329
f 1330 1331 1332
f 1333 1334 1335
f 1336 1337 1338
f 1339 1340 1341
f 1342 1343 1344
f 1345 1346 1347
f 1348 1349 1350
f 1351 1352 1353
f 1354 1355 1356
f 1357 1358 1359
f 1360 1361 1362
f 1363 1364 1365
f 1366 1367 1368
f 1369 1370 1371
f 1372 1373 1374
f 1375 1376 1377
f 1378 1379 1380
f 1381 1382 1383
f 1384 1385 1386
f 1387 1388 1389
f 1390 1391 1392
f 1393 1394 1395
f 1396 1397 1398
f 1399 1400 1401
f 1402 1403 1404
f 1405 1406 1407
f 1408 1409 1410
f 1411 1412 1413
f 1414 1415 1416
f 1417 1418 1419
f 1420 1421 1422
f 1423 1424 1425
f 1426 1427 1428
f 1429 1430 1431
f 1432 1433 1434
f 1435 1436 1437
f 1438 1439 1440
f 1441 1442 1443
f 1444 1445 1446
f 1447 1448 1449
f 1450 1451 1452
f 1453 1454 1455
f 1456 1457 1458
f 1459 1460 1461
f 1462 1463 1464
f 1465 1466 1467
f 1468 1469 1470
f 1471 1472 1473
f 1474 1475 1476
f 1477 1478 1479
f 1480 1481 1482
f 1483 1484 1485
f 1486 1487 1488
f 1489 1490 1491
f 1492 1493 1494
f 1495 1496 1497
f 1498 1499 1500
f 1501 1502 1503
f 1504 1505 1506
f 1507 1508 1509
f 1510 1511 1512
f 1513 1514 1515
f 1516 1517 1518
f 1519 1520 1521
f 1522 1523 1524
f 1525 1526 1527
f 1528 1529 1530
f 1531 1532 1533
f 1534 1535 1536
f 1537 1538 1539
f 1540 1541 1542
f 1543 1544 1545
f 1546 1547 1548
f 1549 1550 1551
f 1552 1553 1554
f 1555 1556 1557
f 1558 1559 1560
f 1561 1562 1563
f 1564 1565 1566
f 1567 1568 1569
f 1570 1571 1572
f 1573 1574 1575
f 1576 1577 1578
f 1579 1580 1581
f 1582 1583 1584
f 1585 1586 1587
f 1588 1589 1590
f 1591 1592 1593
f 1594 1595 1596
f 1597 1598 1599
f 1600 1601 1602
f 1603 1604 1605
f 1606 1607 1608
f 1609 1610 1611
f 1612 1613 1614
f 1615 1616 1617
f 1618 1619 1620
f 1621 1622 1623
f 1624 1625 1626
f 1627 1628 1629
f 1630 1631 1632
f 1633 1634 1635
f 1636 1637 1638
f 1639 1640 1641
f 1642 1643 1644
f 1645 1646 1647
f 1648 1649 1650
f 1651 1652 1653
f 1654 1655 1656
f 1657 1658 1659
f 1660 1661 1662
f 1663 1664 1665
f 1666 1667 1668
f 1669 1670 1671
f 1672 1673 1674
f 1675 1676 1677
f 1678 1679 1680
f 1681 1682 1683
f 1684 1685 1686
f 1687 1688 1689
f 1690 1691 1692
f 1693 1694 1695
f 1696 1697 1698
f 1699 1700 1701
f 1702 1703 1704
f 1705 1706 1707
f 1708 1709 1710
f 1711 1712 1713
f 1714 1715 1716
f 1717 1718 1719
f 1720 1721 1722
f 1723 1724 1725
f 1726 1727 1728
f 1729 1730 1731
f 1732 1733 1734
f 1735 1736 1737
f 1738 1739 1740
f 1741 1742 1743
f 1744 1745 1746
f 1747 1748 1749
f 1750 1751 1752
f 1753 1754 1755
f 1756 1757 1758
f 1759 1760 1761
f 1762 1763 1764
f 1765 1766 1767
f 1768 1769 1770
f 1771 1772 1773
f 1774 1775 1776
f 1777 1778 1779
f 1780 1781 1782
f 1783 1784 1785
f 1786 1787 1788
f 1789 1790 1791
f 1792 1793 1794
f 1795 1796 1797
f 1798 1799 1800
f 1801 1802 1803
f 1804 1805 1806
f 1807 1808 1809
f 1810 1811 1812
f 1813 1814 1815
f 1816 1817 1818
f 1819 1820 1821
f 1822 1823 1824
f 1825 1826 1827
f 1828 1829 1830
f 1831 1832 1833
f 1834 1835 1836
f 1837 1838 1839
f 1840 1841 1842
f 1843 1844 1845
f 1846 1847 1848
f 1849 1850 1851
f 1852 1853 1854
f 1855 1856 1857
f 1858 1859 1860
f 1861 1862 1863
f 1864 1865 1866
f 1867 1868 1869
f 1870 1871 1872
f 1873 1874 1875
f 1876 1877 1878
f 1879 1880 1881
f 1882 1883 1884
f 1885 1886 1887
f 1888 1889 1890
f 1891 1892 1893
f 1894 1895 1896
f 1897 1898 1899
f 1900 1901 1902
f 1903 1904 1905
f 1906 1907 1908
f 1909 1910 1911
f 1912 1913 1914
f 1915 1916 1917
f 1918 1919 1920
f 1921 1922 1923
f 1924 1925 1926
f 1927 1928 1929
f 1930 1931 1932
f 1933 1934 1935
f 1936 1937 1938
f 1939 1940 1941
f 1942 1943 1944
f 1945 1946 1947
f 1948 1949 1950
f 1951 1952 1953
f 1954 1955 1956
f 1957 1958 1959
f 1960 1961 1962
f 1963 1964 1965
f 1966 1967 1968
f 1969 1970 1971
f 1972 1973 1974
f 1975 1976 1977
f 1978 1979 1980
f 1981 1982 1983
f 1984 1985 1986
f 1987 1988 1989
f 1990 1991 1992
f 1993 1994 1995
f 1996 1997 1998
f 1999 2000 2001
f 2002 2003 2004
f 2005 2006 2007
f 2008 2009 2010
f 2011 2012 2013
f 2014 2015 2016
f 2017 2018 2019
f 2020 2021 2022
f 2023 2024 2025
f 2026 2027 2028
f 2029 2030 2031
f 2032 2033 2034
f 2035 2036 2037
f 2038 2039 2040
f 2041 2042 2043
f 2044 2045 2046
f 2047 2048 2049
f 2050 2051 2052
f 2053 2054 2055
f 2056 2057 2058
f 2059 2060 2061
f 2062 2063 2064
f 2065 2066 2067
f 2068 2069 2070
f 2071 2072 2073
f 2074 2075 2076
f 2077 2078 2079
f 2080 2081 2082
f 2083 2084 2085
f 2086 2087 2088
f 2089 2090 2091
f 2092 2093 2094
f 2095 2096 2097
f 2098 2099 2100
f 2101 2102 2103
f 2104 2105 2106
f 2107 2108 2109
f 2110 2111 2112
f 2113 2114 2115
f 2116 2117 2118
f 2119 2120 2121
f 2122 2123 2124
f 2125 2126 2127
f 2128 2129 2130
f 2131 2132 2133
f 2134 2135 2136
f 2137 2138 2139
f 2140 2141 2142
f 2143 2144 2145
f 2146 2147 2148
f 2149 2150 2151
f 2152 2153 2154
f 2155 2156 2157
f 2158 2159 2160
f 2161 2162 2163
f 2164 2165 2166
f 2167 2168 2169
f 2170 2171 2172
f 2173 2174 2175
f 2176 2177 2178
f 2179 2180 2181
f 2182 2183 2184
f 2185 2186 2187
f 2188 2189 2190
f 2191 2192 2193
f 2194 2195 2196
f 2197 2198 2199
f 2200 2201 2202
f 2203 2204 2205
f 2206 2207 2208
f 2209 2210 2211
f 2212 2213 2214
f 2215 2216 2217
f 2218 2219 2220
f 2221 2222 2223
f 2224 2225 2226
f 2227 2228 2229
f 2230 2231 2232
f 2233 2234 2235
f 2236 2237 2238
f 2239 2240 2241
f 2242 2243 2244
f 2245 2246 2247
f 2248 2249 2250
f 2251 2252 2253
f 2254 2255 2256
f 2257 2258 2259
f 2260 2261 2262
f 2263 2264 2265
f 2266 2267 2268
f 2269 2270 2271
f 2272 2273 2274
f 2275 2276 2277
f 2278 2279 2280
f 2281 2282 2283
f 2284 2285 2286
f 2287 2288 2289
f 2290 2291 2292
f 2293 2294 2295
f 2296 2297 2298
f 2299 2300 2301
f 2302 2303 2304
f 2305 2306 2307
f 2308 2309 2310
f 2311 2312 2313
f 2314 2315 2316
f 2317 2318 2319
f 2320 2321 2322
f 2323 2324 2325
f 2326 2327 2328
f 2329 2330 2331
f 2332 2333 2334
f 2335 2336 2337
f 2338 2339 2340
f 2341 2342 2343
f 2344 2345 2346
f 2347 2348 2349
f 2350 2351 2352
f 2353 2354 2355
f 2356 2357 2358
f 2359 2360 2361
f 2362 2363 2364
f 2365 2366 2367
f 2368 2369 2370
f 2371 2372 2373
f 2374 2375 2376
f 2377 2378 2379
f 2380 2381 2382
f 2383 2384 2385
f 2386 2387 2388
f 2389 2390 2391
f 2392 2393 2394
f 2395 2396 2397
f 2398 2399 2400
f 2401 2402 2403
f 2404 2405 2406
f 2407 2408 2409
f 2410 2411 2412
f 2413 2414 2415
f 2416 2417 2418
f 2419 2420 2421
f 2422 2423 2424
f 2425 2426 2427
f 2428 2429 2430
f 2431 2432 2433
f 2434 2435 2436
f 2437 2438 2439
f 2440 2441 2442
f 2443 2444 2445
f 2446 2447 2448
f 2449 2450 2451
f 2452 2453 2454
f 2455 2456 2457
f 2458 2459 2460
f 2461 2462 2463
f 2464 2465 2466
f 2467 2468 2469
f 2470 2471 2472
f 2473 2474 2475
f 2476 2477 2478
f 2479 2480 2481
f 2482 2483 2484
f 2485 2486 2487
f 2488 2489 2490
f 2491 2492 2493
f 2494 2495 2496
f 2497 2498 2499
f 2500 2501 2502
f 2503 2504 2505
f 2506 2507 2508
f 2509 2510 2511
f 2512 2513 2514
f 2515 2516 2517
f 2518 2519 2520
f 2521 2522 2523
f 2524 2525 2526
f 2527 2528 2529
f 2530 2531 2532
f 2533 2534 2535
f 2536 2537 2538
f 2539 2540 2541
f 2542 2543 2544
f 2545 2546 2547
f 2548 2549 2550
f 2551 2552 2553
f 2554 2555 2556
f 2557 2558 2559
f 2560 2561 2562
f 2563 2564 2565
f 2566 2567 2568
f 2569 2570 2571
f 2572 2573 2574
f 2575 2576 2577
f 2578 2579 2580
f 2581 2582 2583
f 2584 2585 2586
f 2587 2588 2589
f 2590 2591 2592
f 2593 2594 2595
f 2596 2597 2598
f 2599 2600 2601
f 2602 2603 2604
f 2605 2606 2607
f 2608 2609 2610
f 2611 2612 2613
f 2614 2615 2616
f 2617 2618 2619
f 2620 2621 2622
f 2623 2624 2625
f 2626 2627 2628
f 2629 2630 2631
f 2632 2633 2634
f 2635 2636 2637
f 2638 2639 2640
f 2641 2642 2643
f 2644 2645 2646
f 2647 2648 2649
f 2650 2651 2652
f 2653 2654 2655
f 2656 2657 2658
f 2659 2660 2661
f 2662 2663 2664
f 2665 2666 2667
f 2668 2669 2670
f 2671 2672 2673
f 2674 2675 2676
f 2677 2678 2679
f 2680 2681 2682
f 2683 2684 2685
f 2686 2687 2688
f 2689 2690 2691
f 2692 2693 2694
f 2695 2696 2697
f 2698 2699 2700
f 2701 2702 2703
f 2704 2705 2706
f 2707 2708 2709
f 2710 2711 2712
f 2713 2714 2715
f 2716 2717 2718
f 2719 2720 2721
f 2722 2723 2724
f 2725 2726 2727
f 2728 2729 2730
f 2731 2732 2733
f 2734 2735 2736
f 2737 2738 2739
f 2740 2741 2742
f 2743 2744 2745
f 2746 2747 2748
f 2749 2750 2751
f 2752 2753 2754
f 2755 2756 2757
f 2758 2759 2760
f 2761 2762 2763
f 2764 2765 2766
f 2767 2768 2769
f 2770 2771 2772
f 2773 2774 2775
f 2776 2777 2778
f 2779 2780 2781
f 2782 2783 2784
f 2785 2786 2787
f 2788 2789 2790
f 2791 2792 2793
f 2794 2795 2796
f 2797 2798 2799
f 2800 2801 2802
f 2803 2804 2805
f 2806 2807 2808
f 2809 2810 2811
f 2812 2813 2814
f 2815 2816 2817
f 2818 2819 2820
f 2821 2822 2823
f 2824 2825 2826
f 2827 2828 2829
f 2830 2831 2832
f 2833 2834 2835
f 2836 2837 2838
f 2839 2840 2841
f 2842 2843 2844
f 2845 2846 2847
f 2848 2849 2850
f 2851 2852 2853
f 2854 2855 2856
f 2857 2858 2859
f 2860 2861 2862
f 2863 2864 2865
f 2866 2867 2868
f 2869 2870 2871
f 2872 2873 2874
f 2875 2876 2877
f 2878 2879 2880
f 2881 2882 2883
f 2884 2885 2886
f 2887 2888 2889
f 2890 2891 2892
f 2893 2894 2895
f 2896 2897 2898
f 2899 2900 2901
f 2902 2903 2904
f 2905 2906 2907
f 2908 2909 2910
f 2911 2912 2913
f 2914 2915 2916
f 2917 2918 2919
f 2920 2921 2922
f 2923 2924 2925
f 2926 2927 2928
f 2929 2930 2931
f 2932 2933 2934
f 2935 2936 2937
f 2938 2939 2940
f 2941 2942 2943
f 2944 2945 2946
f 2947 2948 2949
f 2950 2951 2952
f 2953 2954 2955
f 2956 2957 2958
f 2959 2960 2961
f 2962 2963 2964
f 2965 2966 2967
f 2968 2969 2970
f 2971 2972 2973
f 2974 2975 2976
f 2977 2978 2979
f 2980 2981 2982
f 2983 2984 2985
f 2986 2987 2988
f 2989 2990 2991
f 2992 2993 2994
f 2995 2996 2997
f 2998 2999 3000
f 3001 3002 3003
f 3004 3005 3006
f 3007 3008 3009
f 3010 3011 3012
f 3013 3014 3015
f 3016 3017 3018
f 3019 3020 3021
f 3022 3023 3024
f 3025 3026 3027
f 3028 3029 3030
f 3031 3032 3033
f 3034 3035 3036
f 3037 3038 3039
f 3040 3041 3042
f 3043 3044 3045
f 3046 3047 3048
f 3049 3050 3051
f 3052 3053 3054
f 3055 3056 3057
f 3058 3059 3060
f 3061 3062 3063
f 3064 3065 3066
f 3067 3068 3069
f 3070 3071 3072
f 3073 3074 3075
f 3076 3077 3078
f 3079 3080 3081
f 3082 3083 3084
f 3085 3086 3087
f 3088 3089 3090
f 3091 3092 3093
f 3094 3095 3096
f 3097 3098 3099
f 3100 3101 3102
f 3103 3104 3105
f 3106 3107 3108
f 3109 3110 3111
f 3112 3113 3114
f 3115 3116 3117
f 3118 3119 3120
f 3121 3122 3123
f 3124 3125 3126
f 3127 3128 3129
f 3130 3131 3132
f 3133 3134 3135
f 3136 3137 3138
f 3139 3140 3141
f 3142 3143 3144
f 3145 3146 3147
f 3148 3149 3150
f 3151 3152 3153
f 3154 3155 3156
f 3157 3158 3159
f 3160 3161 3162
f 3163 3164 3165
f 3166 3167 3168
f 3169 3170 3171
f 3172 3173 3174
f 3175 3176 3177
f 3178 3179 3180
f 3181 3182 3183
f 3184 3185 3186
f 3187 3188 3189
f 3190 3191 3192
f 3193 3194 3195
f 3196 3197 3198
f 3199 3200 3201
f 3202 3203 3204
f 3205 3206 3207
f 3208 3209 3210
f 3211 3212 3213
f 3214 3215 3216
f 3217 3218 3219
f 3220 3221 3222
f 3223 3224 3225
f 3226 3227 3228
f 3229 3230 3231
f 3232 3233 3234
f 3235 3236 3237
f 3238 3239 3240
f 3241 3242 3243
f 3244 3245 3246
f 3247 3248 3249
f 3250 3251 3252
f 3253 3254 3255
f 3256 3257 3258
f 3259 3260 3261
f 3262 3263 3264
f 3265 3266 3267
f 3268 3269 3270
f 3271 3272 3273
f 3274 3275 3276
f 3277 3278 3279
f 3280 3281 3282
f 3283 3284 3285
f 3286 3287 3288
f 3289 3290 3291
f 3292 3293 3294
f 3295 3296 3297
f 3298 3299 3300
f 3301 3302 3303
f 3304 3305 3306
f 3307 3308 3309
f 3310 3311 3312
f 3313 3314 3315
f 3316 3317 3318
f 3319 3320 3321
f 3322 3323 3324
f 3325 3326 3327
f 3328 3329 3330
f 3331 3332 3333
f 3334 3335 3336
f 3337 3338 3339
f 3340 3341 3342
f 3343 3344 3345
f 3346 3347 3348
f 3349 3350 3351
f 3352 3353 3354
f 3355 3356 3357
f 3358 3359 3360
f 3361 3362 3363
f 3364 3365 3366
f 3367 3368 3369
f 3370 3371 3372
f 3373 3374 3375
f 3376 3377 3378
f 3379 3380 3381
f 3382 3383 3384
f 3385 3386 3387
f 3388 3389 3390
f 3391 3392 3393
f 3394 3395 3396
f 3397 3398 3399
f 3400 3401 3402
f 3403 3404 3405
f 3406 3407 3408
f 3409 3410 3411
f 3412 3413 3414
f 3415 3416 3417
f 3418 3419 3420
f 3421 3422 3423
f 3424 3425 3426
f 3427 3428 3429
f 3430 3431 3432
f 3433 3434 3435
f 3436 3437 3438
f 3439 3440 3441
f 3442 3443 3444
f 3445 3446 3447
f 3448 3449 3450
f 3451 3452 3453
f 3454 3455 3456
f 3457 3458 3459
f 3460 3461 3462
f 3463 3464 3465
f 3466 3467 3468
f 3469 3470 3471
f 3472 3473 3474
f 3475 3476 3477
f 3478 3479 3480
f 3481 3482 3483
f 3484 3485 3486
f 3487 3488 3489
f 3490 3491 3492
f 3493 3494 3495
f 3496 3497 3498
f 3499 3500 3501
f 3502 3503 3504
f 3505 3506 3507
f 3508 3509 3510
f 3511 3512 3513
f 3514 3515 3516
f 3517 3518 3519
f 3520 3521 3522
f 3523 3524 3525
f 3526 3527 3528
f 3529 3530 3531
f 3532 3533 3534
f 3535 3536 3537
f 3538 3539 3540
f 3541 3542 3543
f 3544 3545 3546
f 3547 3548 3549
f 3550 3551 3552
f 3553 3554 3555
f 3556 3557 3558
f 3559 3560 3561
f 3562 3563 3564
f 3565 3566 3567
f 3568 3569 3570
f 3571 3572 3573
f 3574 3575 3576
f 3577 3578 3579
f 3580 3581 3582
f 3583 3584 3585
f 3586 3587 3588
f 3589 3590 3591
f 3592 3593 3594
f 3595 3596 3597
f 3598 3599 3600
f 3601 3602 3603
f 3604 3605 3606
f 3607 3608 3609
f 3610 3611 3612
f 3613 3614 3615
f 3616 3617 3618
f 3619 3620 3621
f 3622 3623 3624
f 3625 3626 3627
f 3628 3629 3630
f 3631 3632 3633
f 3634 3635 3636
f 3637 3638 3639
f 3640 3641 3642
f 3643 3644 3645
f 3646 3647 3648
f 3649 3650 3651
f 3652 3653 3654
f 3655 3656 3657
f 3658 3659 3660
f 3661 3662 3663
f 3664 3665 3666
f 3667 3668 3669
f 3670 3671 3672
f 3673 3674 3675
f 3676 3677 3678
f 3679 3680 3681
f 3682 3683 3684
f 3685 3686 3687
f 3688 3689 3690
f 3691 3692 3693
f 3694 3695 3696
f 3697 3698 3699
f 3700 3701 3702
f 3703 3704 3705
f 3706 3707 3708
f 3709 3710 3711
f 3712 3713 3714
f 3715 3716 3717
f 3718 3719 3720
f 3721 3722 3723
f 3724 3725 3726
f 3727 3728 3729
f 3730 3731 3732
f 3733 3734 3735
f 3736 3737 3738
f 3739 3740 3741
f 3742 3743 3744
f 3745 3746 3747
f 3748 3749 3750
f 3751 3752 3753
f 3754 3755 3756
f 3757 3758 3759
f 3760 3761 3762
f 3763 3764 3765
f 3766 3767 3768
f 3769 3770 3771
f 3772 3773 3774
f 3775 3776 3777
f 3778 3779 3780
f 3781 3782 3783
f 3784 3785 3786
f 3787 3788 3789
f 3790 3791 3792
f 3793 3794 3795
f 3796 3797 3798
f 3799 3800 3801
f 3802 3803 3804
f 3805 3806 3807
f 3808 3809 3810
f 3811 3812 3813
f 3814 3815 3816
f 3817 3818 3819
f 3820 3821 3822
f 3823 3824 3825
f 3826 3827 3828
f 3829 3830 3831
f 3832 3833 3834
f 3835 3836 3837
f 3838 3839 3840
f 3841 3842 3843
f 3844 3845 3846
f 3847 3848 3849
f 3850 3851 3852
f 3853 3854 3855
f 3856 3857 3858
f 3859 3860 3861
f 3862 3863 3864
f 3865 3866 3867
f 3868 3869 3870
f 3871 3872 3873
f 3874 3875 3876
f 3877 3878 3879
f 3880 3881 3882
f 3883 3884 3885
f 3886 3887 3888
f 3889 3890 3891
f 3892 3893 3894
f 3895 3896 3897
f 3898 3899 3900
f 3901 3902 3903
f 3904 3905 3906
f 3907 3908 3909
f 3910 3911 3912
f 3913 3914 3915
f 3916 3917 3918
f 3919 3920 3921
f 3922 3923 3924
f 3925 3926 3927
f 3928 3929 3930
f 3931 3932 3933
f 3934 3935 3936
f 3937 3938 3939
f 3940 3941 3942
f 3943 3944 3945
f 3946 3947 3948
f 3949 3950 3951
f 3952 3953 3954
f 3955 3956 3957
f 3958 3959 3960
f 3961 3962 3963
f 3964 3965 3966
f 3967 3968 3969
f 3970 3971 3972
f 3973 3974 3975
f 3976 3977 3978
f 3979 3980 3981
f 3982 3983 3984
f 3985 3986 3987
f 3988 3989 3990
f 3991 3992 3993
f 3994 3995 3996
f 3997 3998 3999
f 4000 4001 4002
f 4003 4004 4005
f 4006 4007 4008
f 4009 4010 4011
f 4012 4013 4014
f 4015 4016 4017
f 4018 4019 4020
f 4021 4022 4023
f 4024 4025 4026
f 4027 4028 4029
f 4030 4031 4032
f 4033 4034 4035
f 4036 4037 4038
f 4039 4040 4041
f 4042 4043 4044
f 4045 4046 4047
f 4048 4049 4050
f 4051 4052 4053
f 4054 4055 4056
f 4057 4058 4059
f 4060 4061 4062
f 4063 4064 4065
f 4066 4067 4068
f 4069 4070 4071
f 4072 4073 4074
f 4075 4076 4077
f 4078 4079 4080
f 4081 4082 4083
f 4084 4085 4086
f 4087 4088 4089
f 4090 4091 4092
f 4093 4094 4095
f 4096 4097 4098
f 4099 4100 4101
f 4102 4103 4104
f 4105 4106 4107
f 4108 4109 4110
f 4111 4112 4113
f 4114 4115 4116
f 4117 4118 4119
f 4120 4121 4122
f 4123 4124 4125
f 4126 4127 4128
f 4129 4130 4131
f 4132 4133 4134
f 4135 4136 4137
f 4138 4139 4140
f 4141 4142 4143
f 4144 4145 4146
f 4147 4148 4149
f 4150 4151 4152
f 4153 4154 4155
f 4156 4157 4158
f 4159 4160 4161
f 4162 4163 4164
f 4165 4166 4167
f 4168 4169 4170
f 4171 4172 4173
f 4174 4175 4176
f 4177 4178 4179
f 4180 4181 4182
f 4183 4184 4185
f 4186 4187 4188
f 4189 4190 4191
f 4192 4193 4194
f 4195 4196 4197
f 4198 4199 4200
f 4201 4202 4203
f 4204 4205 4206
f 4207 4208 4209
f 4210 4211 4212
f 4213 4214 4215
f 4216 4217 4218
f 4219 4220 4221
f 4222 4223 4224
f 4225 4226 4227
f 4228 4229 4230
f 4231 4232 4233
f 4234 4235 4236
f 4237 4238 4239
f 4240 4241 4242
f 4243 4244 4245
f 4246 4247 4248
f 4249 4250 4251
f 4252 4253 4254
f 4255 4256 4257
f 4258 4259 4260
f 4261 4262 4263
f 4264 4265 4266
f 4267 4268 4269
f 4270 4271 4272
f 4273 4274 4275
f 4276 4277 4278
f 4279 4280 4281
f 4282 4283 4284
f 4285 4286 4287
f 4288 4289 4290
f 4291 4292 4293
f 4294 4295 4296
f 4297 4298 4299
f 4300 4301 4302
f 4303 4304 4305
f 4306 4307 4308
f 4309 4310 4311
f 4312 4313 4314
f 4315 4316 4317
f 4318 4319 4320
f 4321 4322 4323
f 4324 4325 4326
f 4327 4328 4329
f 4330 4331 4332
f 4333 4334 4335
f 4336 4337 4338
f 4339 4340 4341
f 4342 4343 4344
f 4345 4346 4347
f 4348 4349 4350
f 4351 4352 4353
f 4354 4355 4356
f 4357 4358 4359
f 4360 4361 4362
f 4363 4364 4365
f 4366 4367 4368
f 4369 4370 4371
f 4372 4373 4374
f 4375 4376 4377
f 4378 4379 4380
f 4381 4382 4383
f 4384 4385 4386
f 4387 4388 4389
f 4390 4391 4392
f 4393 4394 4395
f 4396 4397 4398
f 4399 4400 4401
f 4402 4403 4404
f 4405 4406 4407
f 4408 4409 4410
f 4411 4412 4413
f 4414 4415 4416
f 4417 4418 4419
f 4420 4421 4422
f 4423 4424 4425
f 4426 4427 4428
f 4429 4430 4431
f 4432 4433 4434
f 4435 4436 4437
f 4438 4439 4440
f 4441 4442 4443
f 4444 4445 4446
f 4447 4448 4449
f 4450 4451 4452
f 4453 4454 4455
f 4456 4457 4458
f 4459 4460 4461
f 4462 4463 4464
f 4465 4466 4467
f 4468 4469 4470
f 4471 4472 4473
f 4474 4475 4476
f 4477 4478 4479
f 4480 4481 4482
f 4483 4484 4485
f 4486 4487 4488
f 4489 4490 4491
f 4492 4493 4494
f 4495 4496 4497
f 4498 4499 4500
f 4501 4502 4503
f 4504 4505 4506
f 4507 4508 4509
f 4510 4511 4512
f 4513 4514 4515
f 4516 4517 4518
f 4519 4520 4521
f 4522 4523 4524
f 4525 4526 4527
f 4528 4529 4530
f 4531 4532 4533
f 4534 4535 4536
f 4537 4538 4539
f 4540 4541 4542
f 4543 4544 4545
f 4546 4547 4548
f 4549 4550 4551
f 4552 4553 4554
f 4555 4556 4557
f 4558 4559 4560
f 4561 4562 4563
f 4564 4565 4566
f 4567 4568 4569
f 4570 4571 4572
f 4573 4574 4575
f 4576 4577 4578
f 4579 4580 4581
f 4582 4583 4584
f 4585 4586 4587
f 4588 4589 4590
f 4591 4592 4593
f 4594 4595 4596
f 4597 4598 4599
f 4600 4601 4602
f 4603 4604 4605
f 4606 4607 4608
f 4609 4610 4611
f 4612 4613 4614
f 4615 4616 4617
f 4618 4619 4620
f 4621 4622 4623
f 4624 4625 4626
f 4627 4628 4629
f 4630 4631 4632
f 4633 4634 4635
f 4636 4637 4638
f 4639 4640 4641
f 4642 4643 4644
f 4645 4646 4647
f 4648 4649 4650
f 4651 4652 4653
f 4654 4655 4656
f 4657 4658 4659
f 4660 4661 4662
f 4663 4664 4665
f 4666 4667 4668
f 4669 4670 4671
f 4672 4673 4674
f 4675 4676 4677
f 4678 4679 4680
f 4681 4682 4683
f 4684 4685 4686
f 4687 4688 4689
f 4690 4691 4692
f 4693 4694 4695
f 4696 4697 4698
f 4699 4700 4701
f 4702 4703 4704
f 4705 4706 4707
f 4708 4709 4710
f 4711 4712 4713
f 4714 4715 4716
f 4717 4718 4719
f 4720 4721 4722
f 4723 4724 4725
f 4726 4727 4728
f 4729 4730 4731
f 4732 4733 4734
f 4735 4736 4737
f 4738 4739 4740
f 4741 4742 4743
f 4744 4745 4746
f 4747 4748 4749
f 4750 4751 4752
f 4753 4754 4755
f 4756 4757 4758
f 4759 4760 4761
f 4762 4763 4764
f 4765 4766 4767
f 4768 4769 4770
f 4771 4772 4773
f 4774 4775 4776
f 4777 4778 4779
f 4780 4781 4782
f 4783 4784 4785
f 4786 4787 4788
f 4789 4790 4791
f 4792 4793 4794
f 4795 4796 4797
f 4798 4799 4800
f 4801 4802 4803
f 4804 4805 4806
f 4807 4808 4809
f 4810 4811 4812
f 4813 4814 4815
f 4816 4817 4818
f 4819 4820 4821
f 4822 4823 4824
f 4825 4826 4827
f 4828 4829 4830
f 4831 4832 4833
f 4834 4835 4836
f 4837 4838 4839
f 4840 4841 4842
f 4843 4844 4845
f 4846 4847 4848
f 4849 4850 4851
f 4852 4853 4854
f 4855 4856 4857
f 4858 4859 4860
f 4861 4862 4863
f 4864 4865 4866
f 4867 4868 4869
f 4870 4871 4872
f 4873 4874 4875
f 4876 4877 4878
f 4879 4880 4881
f 4882 4883 4884
f 4885 4886 4887
f 4888 4889 4890
f 4891 4892 4893
f 4894 4895 4896
f 4897 4898 4899
f 4900 4901 4902
f 4903 4904 4905
f 4906 4907 4908
f 4909 4910 4911
f 4912 4913 4914
f 4915 4916 4917
f 4918 4919 4920
f 4921 4922 4923
f 4924 4925 4926
f 4927 4928 4929
f 4930 4931 4932
f 4933 4934 4935
f 4936 4937 4938
f 4939 4940 4941
f 4942 4943 4944
f 4945 4946 4947
f 4948 4949 4950
f 4951 4952 4953
f 4954 4955 4956
f 4957 4958 4959
f 4960 4961 4962
f 4963 4964 4965
f 4966 4967 4968
f 4969 4970 4971
f 4972 4973 4974
f 4975 4976 4977
f 4978 4979 4980
f 4981 4982 4983
f 4984 4985 4986
f 4987 4988 4989
f 4990 4991 4992
f 4993 4994 4995
f 4996 4997 4998
f 4999 5000 5001
f 5002 5003 5004
f 5005 5006 5007
f 5008 5009 5010
f 5011 5012 5013
f 5014 5015 5016
f 5017 5018 5019
f 5020 5021 5022
f 5023 5024 5025
f 5026 5027 5028
f 5029 5030 5031
f 5032 5033 5034
f 5035 5036 5037
f 5038 5039 5040
f 5041 5042 5043
f 5044 5045 5046
f 5047 5048 5049
f 5050 5051 5052
f 5053 5054 5055
f 5056 5057 5058
f 5059 5060 5061
f 5062 5063 5064
f 5065 5066 5067
f 5068 5069 5070
f 5071 5072 5073
f 5074 5075 5076
f 5077 5078 5079
f 5080 5081 5082
f 5083 5084 5085
f 5086 5087 5088
f 5089 5090 5091
f 5092 5093 5094
f 5095 5096 5097
f 5098 5099 5100
f 5101 5102 5103
f 5104 5105 5106
f 5107 5108 5109
f 5110 5111 5112
f 5113 5114 5115
f 5116 5117 5118
f 5119 5120 5121
f 5122 5123 5124
f 5125 5126 5127
f 5128 5129 5130
f 5131 5132 5133
f 5134 5135 5136
f 5137 5138 5139
f 5140 5141 5142
f 5143 5144 5145
f 5146 5147 5148
f 5149 5150 5151
f 5152 5153 5154
f 5155 5156 5157
f 5158 5159 5160
f 5161 5162 5163
f 5164 5165 5166
f 5167 5168 5169
f 5170 5171 5172
f 5173 5174 5175
f 5176 5177 5178
f 5179 5180 5181
f 5182 5183 5184
f 5185 5186 5187
f 5188 5189 5190
f 5191 5192 5193
f 5194 5195 5196
f 5197 5198 5199
f 5200 5201 5202
f 5203 5204 5205
f 5206 5207 5208
f 5209 5210 5211
f 5212 5213 5214
f 5215 5216 5217
f 5218 5219 5220
f 5221 5222 5223
f 5224 5225 5226
f 5227 5228 5229
f 5230 5231 5232
f 5233 5234 5235
f 5236 5237 5238
f 5239 5240 5241
f 5242 5243 5244
f 5245 5246 5247
f 5248 5249 5250
f 5251 5252 5253
f 5254 5255 5256
f 5257 5258 5259
f 5260 5261 5262
f 5263 5264 5265
f 5266 5267 5268
f 5269 5270 5271
f 5272 5273 5274
f 5275 5276 5277
f 5278 5279 5280
f 5281 5282 5283
f 5284 5285 5286
f 5287 5288 5289
f 5290 5291 5292
f 5293 5294 5295
f 5296 5297 5298
f 5299 5300 5301
f 5302 5303 5304
f 5305 5306 5307
f 5308 5309 5310
f 5311 5312 5313
f 5314 5315 5316
f 5317 5318 5319
f 5320 5321 5322
f 5323 5324 5325
f 5326 5327 5328
f 5329 5330 5331
f 5332 5333 5334
f 5335 5336 5337
f 5338 5339 5340
f 5341 5342 5343
f 5344 5345 5346
f 5347 5348 5349
f 5350 5351 5352
f 5353 5354 5355
f 5356 5357 5358
f 5359 5360 5361
f 5362 5363 5364
f 5365 5366 5367
f 5368 5369 5370
f 5371 5372 5373
f 5374 5375 5376
f 5377 5378 5379
f 5380 5381 5382
f 5383 5384 5385
f 5386 5387 5388
f 5389 5390 5391
f 5392 5393 5394
f 5395 5396 5397
f 5398 5399 5400
f 5401 5402 5403
f 5404 5405 5406
f 5407 5408 5409
f 5410 5411 5412
f 5413 5414 5415
f 5416 5417 5418
f 5419 5420 5421
f 5422 5423 5424
f 5425 5426 5427
f 5428 5429 5430
f 5431 5432 5433
f 5434 5435 5436
f 5437 5438 5439
f 5440 5441 5442
f 5443 5444 5445
f 5446 5447 5448
f 5449 5450 5451
f 5452 5453 5454
f 5455 5456 5457
f 5458 5459 5460
f 5461 5462 5463
f 5464 5465 5466
f 5467 5468 5469
f 5470 5471 5472
f 5473 5474 5475
f 5476 5477 5478
f 5479 5480 5481
f 5482 5483 5484
f 5485 5486 5487
f 5488 5489 5490
f 5491 5492 5493
f 5494 5495 5496
f 5497 5498 5499
f 5500 5501 5502
f 5503 5504 5505
f 5506 5507 5508
f 5509 5510 5511
f 5512 5513 5514
f 5515 5516 5517
f 5518 5519 5520
f 5521 5522 5523
f 5524 5525 5526
f 5527 5528 5529
f 5530 5531 5532
f 5533 5534 5535
f 5536 5537 5538
f 5539 5540 5541
f 5542 5543 5544
f 5545 5546 5547
f 5548 5549 5550
f 5551 5552 5553
f 5554 5555 5556
f 5557 5558 5559
f 5560 5561 5562
f 5563 5564 5565
f 5566 5567 5568
f 5569 5570 5571
f 5572 5573 5574
f 5575 5576 5577
f 5578 5579 5580
f 5581 5582 5583
f 5584 5585 5586
f 5587 5588 5589
f 5590 5591 5592
f 5593 5594 5595
f 5596 5597 5598
f 5599 5600 5601
f 5602 5603 5604
f 5605 5606 5607
f 5608 5609 5610
f 5611 5612 5613
f 5614 5615 5616
f 5617 5618 5619
f 5620 5621 5622
f 5623 5624 5625
f 5626 5627 5628
f 5629 5630 5631
f 5632 5633 5634
f 5635 5636 5637
f 5638 5639 5640
f 5641 5642 5643
f 5644 5645 5646
f 5647 5648 5649
f 5650 5651 5652
f 5653 5654 5655
f 5656 5657 5658
f 5659 5660 5661
f 5662 5663 5664
f 5665 5666 5667
f 5668 5669 5670
f 5671 5672 5673
f 5674 5675 5676
f 5677 5678 5679
f 5680 5681 5682
f 5683 5684 5685
f 5686 5687 5688
f 5689 5690 5691
f 5692 5693 5694
f 5695 5696 5697
f 5698 5699 5700
f 5701 5702 5703
f 5704 5705 5706
f 5707 5708 5709
f 5710 5711 5712
f 5713 5714 5715
f 5716 5717 5718
f 5719 5720 5721
f 5722 5723 5724
f 5725 5726 5727
f 5728 5729 5730
f 5731 5732 5733
f 5734 5735 5736
f 5737 5738 5739
f 5740 5741 5742
f 5743 5744 5745
f 5746 5747 5748
f 5749 5750 5751
f 5752 5753 5754
f 5755 5756 5757
f 5758 5759 5760
f 5761 5762 5763
f 5764 5765 5766
f 5767 5768 5769
f 5770 5771 5772
f 5773 5774 5775
f 5776 5777 5778
f 5779 5780 5781
f 5782 5783 5784
f 5785 5786 5787
f 5788 5789 5790
f 5791 5792 5793
f 5794 5795 5796
f 5797 5798 5799
f 5800 5801 5802
f 5803 5804 5805
f 5806 5807 5808
f 5809 5810 5811
f 5812 5813 5814
f 5815 5816 5817
f 5818 5819 5820
f 5821 5822 5823
f 5824 5825 5826
f 5827 5828 5829
f 5830 5831 5832
f 5833 5834 5835
f 5836 5837 5838
f 5839 5840 5841
f 5842 5843 5844
f 5845 5846 5847
f 5848 5849 5850
f 5851 5852 5853
f 5854 5855 5856
f 5857 5858 5859
f 5860 5861 5862
f 5863 5864 5865
f 5866 5867 5868
f 5869 5870 5871
f 5872 5873 5874
f 5875 5876 5877
f 5878 5879 5880
f 5881 5882 5883
f 5884 5885 5886
f 5887 5888 5889
f 5890 5891 5892
f 5893 5894 5895
f 5896 5897 5898
f 5899 5900 5901
f 5902 5903 5904
f 5905 5906 5907
f 5908 5909 5910
f 5911 5912 5913
f 5914 5915 5916
f 5917 5918 5919
f 5920 5921 5922
f 5923 5924 5925
f 5926 5927 5928
f 5929 5930 5931
f 5932 5933 5934
f 5935 5936 5937
f 5938 5939 5940
f 5941 5942 5943
f 5944 5945 5946
f 5947 5948 5949
f 5950 5951 5952
f 5953 5954 5955
f 5956 5957 5958
f 5959 5960 5961
f 5962 5963 5964
f 5965 5966 5967
f 5968 5969 5970
f 5971 5972 5973
f 5974 5975 5976
f 5977 5978 5979
f 5980 5981 5982
f 5983 5984 5985
f 5986 5987 5988
f 5989 5990 5991
f 5992 5993 5994
f 5995 5996 5997
f 5998 5999 6000
f 6001 6002 6003
f 6004 6005 6006
f 6007 6008 6009
f 6010 6011 6012
f 6013 6014 6015
f 6016 6017 6018
f 6019 6020 6021
f 6022 6023 6024
f 6025 6026 6027
f 6028 6029 6030
f 6031 6032 6033
f 6034 6035 6036
f 6037 6038 6039
f 6040 6041 6042
f 6043 6044 6045
f 6046 6047 6048
f 6049 6050 6051
f 6052 6053 6054
f 6055 6056 6057
f 6058 6059 6060
f 6061 6062 6063
f 6064 6065 6066
f 6067 6068 6069
f 6070 6071 6072
f 6073 6074 6075
f 6076 6077 6078
f 6079 6080 6081
f 6082 6083 6084
f 6085 6086 6087
f 6088 6089 6090
f 6091 6092 6093
f 6094 6095 6096
f 6097 6098 6099
f 6100 6101 6102
f 6103 6104 6105
f 6106 6107 6108
f 6109 6110 6111
f 6112 6113 6114
f 6115 6116 6117
f 6118 6119 6120
f 6121 6122 6123
f 6124 6125 6126
f 6127 6128 6129
f 6130 6131 6132
f 6133 6134 6135
f 6136 6137 6138
f 6139 6140 6141
f 6142 6143 6144
f 6145 6146 6147
f 6148 6149 6150
f 6151 6152 6153
f 6154 6155 6156
f 6157 6158 6159
f 6160 6161 6162
f 6163 6164 6165
f 6166 6167 6168
f 6169 6170 6171
f 6172 6173 6174
f 6175 6176 6177
f 6178 6179 6180
f 6181 6182 6183
f 6184 6185 6186
f 6187 6188 6189
f 6190 6191 6192
f 6193 6194 6195
f 6196 6197 6198
f 6199 6200 6201
f 6202 6203 6204
f 6205 6206 6207
f 6208 6209 6210
f 6211 6212 6213
f 6214 6215 6216
f 6217 6218 6219
f 6220 6221 6222
f 6223 6224 6225
f 6226 6227 6228
f 6229 6230 6231
f 6232 6233 6234
f 6235 6236 6237
f 6238 6239 6240
f 6241 6242 6243
f 6244 6245 6246
f 6247 6248 6249
f 6250 6251 6252
f 6253 6254 6255
f 6256 6257 6258
f 6259 6260 6261
f 6262 6263 6264
f 6265 6266 6267
f 6268 6269 6270
f 6271 6272 6273
f 6274 6275 6276
f 6277 6278 6279
f 6280 6281 6282
f 6283 6284 6285
f 6286 6287 6288
f 6289 6290 6291
f 6292 6293 6294
f 6295 6296 6297
f 6298 6299 6300
f 6301 6302 6303
f 6304 6305 6306
f 6307 6308 6309
f 6310 6311 6312
f 6313 6314 6315
f 6316 6317 6318
f 6319 6320 6321
f 6322 6323 6324
f 6325 6326 6327
f 6328 6329 6330
f 6331 6332 6333
f 6334 6335 6336
f 6337 6338 6339
f 6340 6341 6342
f 6343 6344 6345
f 6346 6347 6348
f 6349 6350 6351
f 6352 6353 6354
f 6355 6356 6357
f 6358 6359 6360
f 6361 6362 6363
f 6364 6365 6366
f 6367 6368 6369
f 6370 6371 6372
f 6373 6374 6375
f 6376 6377 6378
f 6379 6380 6381
f 6382 6383 6384
f 6385 6386 6387
f 6388 6389 6390
f 6391 6392 6393
f 6394 6395 6396
f 6397 6398 6399
f 6400 6401 6402
f 6403 6404 6405
f 6406 6407 6408
f 6409 6410 6411
f 6412 6413 6414
f 6415 6416 6417
f 6418 6419 6420
f 6421 6422 6423
f 6424 6425 6426
f 6427 6428 6429
f 6430 6431 6432
f 6433 6434 6435
f 6436 6437 6438
f 6439 6440 6441
f 6442 6443 6444
f 6445 6446 6447
f 6448 6449 6450
f 6451 6452 6453
f 6454 6455 6456
f 6457 6458 6459
f 6460 6461 6462
f 6463 6464 6465
f 6466 6467 6468
f 6469 6470 6471
f 6472 6473 6474
f 6475 6476 6477
f 6478 6479 6480
f 6481 6482 6483
f 6484 6485 6486
f 6487 6488 6489
f 6490 6491 6492
f 6493 6494 6495
f 6496 6497 6498
f 6499 6500 6501
f 6502 6503 6504
f 6505 6506 6507
f 6508 6509 6510
f 6511 6512 6513
f 6514 6515 6516
f 6517 6518 6519
f 6520 6521 6522
f 6523 6524 6525
f 6526 6527 6528
f 6529 6530 6531
f 6532 6533 6534
f 6535 6536 6537
f 6538 6539 6540
f 6541 6542 6543
f 6544 6545 6546
f 6547 6548 6549
f 6550 6551 6552
f 6553 6554 6555
f 6556 6557 6558
f 6559 6560 6561
f 6562 6563 6564
f 6565 6566 6567
f 6568 6569 6570
f 6571 6572 6573
f 6574 6575 6576
f 6577 6578 6579
f 6580 6581 6582
f 6583 6584 6585
f 6586 6587 6588
f 6589 6590 6591
f 6592 6593 6594
f 6595 6596 6597
f 6598 6599 6600
f 6601 6602 6603
f 6604 6605 6606
f 6607 6608 6609
f 6610 6611 6612
f 6613 6614 6615
f 6616 6617 6618
f 6619 6620 6621
f 6622 6623 6624
f 6625 6626 6627
f 6628 6629 6630
f 6631 6632 6633
f 6634 6635 6636
f 6637 6638 6639
f 6640 6641 6642
f 6643 6644 6645
f 6646 6647 6648
f 6649 6650 6651
f 6652 6653 6654
f 6655 6656 6657
f 6658 6659 6660
f 6661 6662 6663
f 6664 6665 6666
f 6667 6668 6669
f 6670 6671 6672
f 6673 6674 6675
f 6676 6677 6678
f 6679 6680 6681
f 6682 6683 6684
f 6685 6686 6687
f 6688 6689 6690
f 6691 6692 6693
f 6694 6695 6696
f 6697 6698 6699
f 6700 6701 6702
f 6703 6704 6705
f 6706 6707 6708
f 6709 6710 6711
f 6712 6713 6714
f 6715 6716 6717
f 6718 6719 6720
f 6721 6722 6723
f 6724 6725 6726
f 6727 6728 6729
f 6730 6731 6732
f 6733 6734 6735
f 6736 6737 6738
f 6739 6740 6741
f 6742 6743 6744
f 6745 6746 6747
f 6748 6749 6750
f 6751 6752 6753
f 6754 6755 6756
f 6757 6758 6759
f 6760 6761 6762
f 6763 6764 6765
f 6766 6767 6768
f 6769 6770 6771
f 6772 6773 6774
f 6775 6776 6777
f 6778 6779 6780
f 6781 6782 6783
f 6784 6785 6786
f 6787 6788 6789
f 6790 6791 6792
f 6793 6794 6795
f 6796 6797 6798
f 6799 6800 6801
f 6802 6803 6804
f 6805 6806 6807
f 6808 6809 6810
f 6811 6812 6813
f 6814 6815 6816
f 6817 6818 6819
f 6820 6821 6822
f 6823 6824 6825
f 6826 6827 6828
f 6829 6830 6831
f 6832 6833 6834
f 6835 6836 6837
f 6838 6839 6840
f 6841 6842 6843
f 6844 6845 6846
f 6847 6848 6849
f 6850 6851 6852
f 6853 6854 6855
f 6856 6857 6858
f 6859 6860 6861
f 6862 6863 6864
f 6865 6866 6867
f 6868 6869 6870
f 6871 6872 6873
f 6874 6875 6876
f 6877 6878 6879
f 6880 6881 6882
f 6883 6884 6885
f 6886 6887 6888
f 6889 6890 6891
f 6892 6893 6894
f 6895 6896 6897
f 6898 6899 6900
f 6901 6902 6903
f 6904 6905 6906
f 6907 6908 6909
f 6910 6911 6912
f 6913 6914 6915
f 6916 6917 6918
f 6919 6920 6921
f 6922 6923 6924
f 6925 6926 6927
f 6928 6929 6930
f 6931 6932 6933
f 6934 6935 6936
f 6937 6938 6939
f 6940 6941 6942
f 6943 6944 6945
f 6946 6947 6948
f 6949 6950 6951
f 6952 6953 6954
f 6955 6956 6957
f 6958 6959 6960
f 6961 6962 6963
f 6964 6965 6966
f 6967 6968 6969
f 6970 6971 6972
f 6973 6974 6975
f 6976 6977 6978
f 6979 6980 6981
f 6982 6983 6984
f 6985 6986 6987
f 6988 6989 6990
f 6991 6992 6993
f 6994 6995 6996
f 6997 6998 6999
f 7000 7001 7002
f 7003 7004 7005
f 7006 7007 7008
f 7009 7010 7011
f 7012 7013 7014
f 7015 7016 7017
f 7018 7019 7020
f 7021 7022 7023
f 7024 7025 7026
f 7027 7028 7029
f 7030 7031 7032
f 7033 7034 7035
f 7036 7037 7038
f 7039 7040 7041
f 7042 7043 7044
f 7045 7046 7047
f 7048 7049 7050
f 7051 7052 7053
f 7054 7055 7056
f 7057 7058 7059
f 7060 7061 7062
f 7063 7064 7065
f 7066 7067 7068
f 7069 7070 7071
f 7072 7073 7074
f 7075 7076 7077
f 7078 7079 7080
f 7081 7082 7083
f 7084 7085 7086
f 7087 7088 7089
f 7090 7091 7092
f 7093 7094 7095
f 7096 7097 7098
f 7099 7100 7101
f 7102 7103 7104
f 7105 7106 7107
f 7108 7109 7110
f 7111 7112 7113
f 7114 7115 7116
f 7117 7118 7119
f 7120 7121 7122
f 7123 7124 7125
f 7126 7127 7128
f 7129 7130 7131
f 7132 7133 7134
f 7135 7136 7137
f 7138 7139 7140
f 7141 7142 7143
f 7144 7145 7146
f 7147 7148 7149
f 7150 7151 7152
f 7153 7154 7155
f 7156 7157 7158
f 7159 7160 7161
f 7162 7163 7164
f 7165 7166 7167
f 7168 7169 7170
f 7171 7172 7173
f 7174 7175 7176
f 7177 7178 7179
f 7180 7181 7182
f 7183 7184 7185
f 7186 7187 7188
f 7189 7190 7191
f 7192 7193 7194
f 7195 7196 7197
f 7198 7199 7200
f 7201 7202 7203
f 7204 7205 7206
f 7207 7208 7209
f 7210 7211 7212
f 7213 7214 7215
f 7216 7217 7218
f 7219 7220 7221
f 7222 7223 7224
f 7225 7226 7227
f 7228 7229 7230
f 7231 7232 7233
f 7234 7235 7236
f 7237 7238 7239
f 7240 7241 7242
f 7243 7244 7245
f 7246 7247 7248
f 7249 7250 7251
f 7252 7253 7254
f 7255 7256 7257
f 7258 7259 7260
f 7261 7262 7263
f 7264 7265 7266
f 7267 7268 7269
f 7270 7271 7272
f 7273 7274 7275
f 7276 7277 7278
f 7279 7280 7281
f 7282 7283 7284
f 7285 7286 7287
f 7288 7289 7290
f 7291 7292 7293
f 7294 7295 7296
f 7297 7298 7299
f 7300 7301 7302
f 7303 7304 7305
f 7306 7307 7308
f 7309 7310 7311
f 7312 7313 7314
f 7315 7316 7317
f 7318 7319 7320
f 7321 7322 7323
f 7324 7325 7326
f 7327 7328 7329
f 7330 7331 7332
f 7333 7334 7335
f 7336 7337 7338
f 7339 7340 7341
f 7342 7343 7344
f 7345 7346 7347
f 7348 7349 7350
f 7351 7352 7353
f 7354 7355 7356
f 7357 7358 7359
f 7360 7361 7362
f 7363 7364 7365
f 7366 7367 7368
f 7369 7370 7371
f 7372 7373 7374
f 7375 7376 7377
f 7378 7379 7380
f 7381 7382 7383
f 7384 7385 7386
f 7387 7388 7389
f 7390 7391 7392
f 7393 7394 7395
f 7396 7397 7398
f 7399 7400 7401
f 7402 7403 7404
f 7405 7406 7407
f 7408 7409 7410
f 7411 7412 7413
f 7414 7415 7416
f 7417 7418 7419
f 7420 7421 7422
f 7423 7424 7425
f 7426 7427 7428
f 7429 7430 7431
f 7432 7433 7434
f 7435 7436 7437
f 7438 7439 7440
f 7441 7442 7443
f 7444 7445 7446
f 7447 7448 7449
f 7450 7451 7452
f 7453 7454 7455
f 7456 7457 7458
f 7459 7460 7461
f 7462 7463 7464
f 7465 7466 7467
f 7468 7469 7470
f 7471 7472 7473
f 7474 7475 7476
f 7477 7478 7479
f 7480 7481 7482
f 7483 7484 7485
f 7486 7487 7488
f 7489 7490 7491
f 7492 7493 7494
f 7495 7496 7497
f 7498 7499 7500
f 7501 7502 7503
f 7504 7505 7506
f 7507 7508 7509
f 7510 7511 7512
f 7513 7514 7515
f 7516 7517 7518
f 7519 7520 7521
f 7522 7523 7524
f 7525 7526 7527
f 7528 7529 7530
f 7531 7532 7533
f 7534 7535 7536
f 7537 7538 7539
f 7540 7541 7542
f 7543 7544 7545
f 7546 7547 7548
f 7549 7550 7551
f 7552 7553 7554
f 7555 7556 7557
f 7558 7559 7560
f 7561 7562 7563
f 7564 7565 7566
f 7567 7568 7569
f 7570 7571 7572
f 7573 7574 7575
f 7576 7577 7578
f 7579 7580 7581
f 7582 7583 7584
f 7585 7586 7587
f 7588 7589 7590
f 7591 7592 7593
f 7594 7595 7596
f 7597 7598 7599
f 7600 7601 7602
f 7603 7604 7605
f 7606 7607 7608
f 7609 7610 7611
f 7612 7613 7614
f 7615 7616 7617
f 7618 7619 7620
f 7621 7622 7623
f 7624 7625 7626
f 7627 7628 7629
f 7630 7631 7632
f 7633 7634 7635
f 7636 7637 7638
f 7639 7640 7641
f 7642 7643 7644
f 7645 7646 7647
f 7648 7649 7650
f 7651 7652 7653
f 7654 7655 7656
f 7657 7658 7659
f 7660 7661 7662
f 7663 7664 7665
f 7666 7667 7668
f 7669 7670 7671
f 7672 7673 7674
f 7675 7676 7677
f 7678 7679 7680
f 7681 7682 7683
f 7684 7685 7686
f 7687 7688 7689
f 7690 7691 7692
f 7693 7694 7695
f 7696 7697 7698
f 7699 7700 7701
f 7702 7703 7704
f 7705 7706 7707
f 7708 7709 7710
f 7711 7712 7713
f 7714 7715 7716
f 7717 7718 7719
f 7720 7721 7722
f 7723 7724 7725
f 7726 7727 7728
f 7729 7730 7731
f 7732 7733 7734
f 7735 7736 7737
f 7738 7739 7740
f 7741 7742 7743
f 7744 7745 7746
f 7747 7748 7749
f 7750 7751 7752
f 7753 7754 7755
f 7756 7757 7758
f 7759 7760 7761
f 7762 7763 7764
f 7765 7766 7767
f 7768 7769 7770
f 7771 7772 7773
f 7774 7775 7776
f 7777 7778 7779
f 7780 7781 7782
f 7783 7784 7785
f 7786 7787 7788
f 7789 7790 7791
f 7792 7793 7794
f 7795 7796 7797
f 7798 7799 7800
f 7801 7802 7803
f 7804 7805 7806
f 7807 7808 7809
f 7810 7811 7812
f 7813 7814 7815
f 7816 7817 7818
f 7819 7820 7821
f 7822 7823 7824
f 7825 7826 7827
f 7828 7829 7830
f 7831 7832 7833
f 7834 7835 7836
f 7837 7838 7839
f 7840 7841 7842
f 7843 7844 7845
f 7846 7847 7848
f 7849 7850 7851
f 7852 7853 7854
f 7855 7856 7857
f 7858 7859 7860
f 7861 7862 7863
f 7864 7865 7866
f 7867 7868 7869
f 7870 7871 7872
f 7873 7874 7875
f 7876 7877 7878
f 7879 7880 7881
f 7882 7883 7884
f 7885 7886 7887
f 7888 7889 7890
f 7891 7892 7893
f 7894 7895 7896
f 7897 7898 7899
f 7900 7901 7902
f 7903 7904 7905
f 7906 7907 7908
f 7909 7910 7911
f 7912 7913 7914
f 7915 7916 7917
f 7918 7919 7920
f 7921 7922 7923
f 7924 7925 7926
f 7927 7928 7929
f 7930 7931 7932
f 7933 7934 7935
f 7936 7937 7938
f 7939 7940 7941
f 7942 7943 7944
f 7945 7946 7947
f 7948 7949 7950
f 7951 7952 7953
f 7954 7955 7956
f 7957 7958 7959
f 7960 7961 7962
f 7963 7964 7965
f 7966 7967 7968
f 7969 7970 7971
f 7972 7973 7974
f 7975 7976 7977
f 7978 7979 7980
f 7981 7982 7983
f 7984 7985 7986
f 7987 7988 7989
f 7990 7991 7992
f 7993 7994 7995
f 7996 7997 7998
f 7999 8000 8001
f 8002 8003 8004
f 8005 8006 8007
f 8008 8009 8010
f 8011 8012 8013
f 8014 8015 8016
f 8017 8018 8019
f 8020 8021 8022
f 8023 8024 8025
f 8026 8027 8028
f 8029 8030 8031
f 8032 8033 8034
f 8035 8036 8037
f 8038 8039 8040
f 8041 8042 8043
f 8044 8045 8046
f 8047 8048 8049
f 8050 8051 8052
f 8053 8054 8055
f 8056 8057 8058
f 8059 8060 8061
f 8062 8063 8064
f 8065 8066 8067
f 8068 8069 8070
f 8071 8072 8073
f 8074 8075 8076
f 8077 8078 8079
f 8080 8081 8082
f 8083 8084 8085
f 8086 8087 8088
f 8089 8090 8091
f 8092 8093 8094
f 8095 8096 8097
f 8098 8099 8100
f 8101 8102 8103
f 8104 8105 8106
f 8107 8108 8109
f 8110 8111 8112
f 8113 8114 8115
f 8116 8117 8118
f 8119 8120 8121
f 8122 8123 8124
f 8125 8126 8127
f 8128 8129 8130
f 8131 8132 8133
f 8134 8135 8136
f 8137 8138 8139
f 8140 8141 8142
f 8143 8144 8145
f 8146 8147 8148
f 8149 8150 8151
f 8152 8153 8154
f 8155 8156 8157
f 8158 8159 8160
f 8161 8162 8163
f 8164 8165 8166
f 8167 8168 8169
f 8170 8171 8172
f 8173 8174 8175
f 8176 8177 8178
f 8179 8180 8181
f 8182 8183 8184
f 8185 8186 8187
f 8188 8189 8190
f 8191 8192 8193
f 8194 8195 8196
f 8197 8198 8199
f 8200 8201 8202
f 8203 8204 8205
f 8206 8207 8208
f 8209 8210 8211
f 8212 8213 8214
f 8215 8216 8217
f 8218 8219 8220
f 8221 8222 8223
f 8224 8225 8226
f 8227 8228 8229
f 8230 8231 8232
f 8233 8234 8235
f 8236 8237 8238
f 8239 8240 8241
f 8242 8243 8244
f 8245 8246 8247
f 8248 8249 8250
f 8251 8252 8253
f 8254 8255 8256
f 8257 8258 8259
f 8260 8261 8262
f 8263 8264 8265
f 8266 8267 8268
f 8269 8270 8271
f 8272 8273 8274
f 8275 8276 8277
f 8278 8279 8280
f 8281 8282 8283
f 8284 8285 8286
f 8287 8288 8289
f 8290 8291 8292
f 8293 8294 8295
f 8296 8297 8298
f 8299 8300 8301
f 8302 8303 8304
f 8305 8306 8307
f 8308 8309 8310
f 8311 8312 8313
f 8314 8315 8316
f 8317 8318 8319
f 8320 8321 8322
f 8323 8324 8325
f 8326 8327 8328
f 8329 8330 8331
f 8332 8333 8334
f 8335 8336 8337
f 8338 8339 8340
f 8341 8342 8343
f 8344 8345 8346
f 8347 8348 8349
f 8350 8351 8352
f 8353 8354 8355
f 8356 8357 8358
f 8359 8360 8361
f 8362 8363 8364
f 8365 8366 8367
f 8368 8369 8370
f 8371 8372 8373
f 8374 8375 8376
f 8377 8378 8379
f 8380 8381 8382
f 8383 8384 8385
f 8386 8387 8388
f 8389 8390 8391
f 8392 8393 8394
f 8395 8396 8397
f 8398 8399 8400
f 8401 8402 8403
f 8404 8405 8406
f 8407 8408 8409
f 8410 8411 8412
f 8413 8414 8415
f 8416 8417 8418
f 8419 8420 8421
f 8422 8423 8424
f 8425 8426 8427
f 8428 8429 8430
f 8431 8432 8433
f 8434 8435 8436
f 8437 8438 8439
f 8440 8441 8442
f 8443 8444 8445
f 8446 8447 8448
f 8449 8450 8451
f 8452 8453 8454
f 8455 8456 8457
f 8458 8459 8460
f 8461 8462 8463
f 8464 8465 8466
f 8467 8468 8469
f 8470 8471 8472
f 8473 8474 8475
f 8476 8477 8478
f 8479 8480 8481
f 8482 8483 8484
f 8485 8486 8487
f 8488 8489 8490
f 8491 8492 8493
f 8494 8495 8496
f 8497 8498 8499
f 8500 8501 8502
f 8503 8504 8505
f 8506 8507 8508
f 8509 8510 8511
f 8512 8513 8514
f 8515 8516 8517
f 8518 8519 8520
f 8521 8522 8523
f 8524 8525 8526
f 8527 8528 8529
f 8530 8531 8532
f 8533 8534 8535
f 8536 8537 8538
f 8539 8540 8541
f 8542 8543 8544
f 8545 8546 8547
f 8548 8549 8550
f 8551 8552 8553
f 8554 8555 8556
f 8557 8558 8559
f 8560 8561 8562
f 8563 8564 8565
f 8566 8567 8568
f 8569 8570 8571
f 8572 8573 8574
f 8575 8576 8577
f 8578 8579 8580
f 8581 8582 8583
f 8584 8585 8586
f 8587 8588 8589
f 8590 8591 8592
f 8593 8594 8595
f 8596 8597 8598
f 8599 8600 8601
f 8602 8603 8604
f 8605 8606 8607
f 8608 8609 8610
f 8611 8612 8613
f 8614 8615 8616
f 8617 8618 8619
f 8620 8621 8622
f 8623 8624 8625
f 8626 8627 8628
f 8629 8630 8631
f 8632 8633 8634
f 8635 8636 8637
f 8638 8639 8640
f 8641 8642 8643
f 8644 8645 8646
f 8647 8648 8649
f 8650 8651 8652
f 8653 8654 8655
f 8656 8657 8658
f 8659 8660 8661
f 8662 8663 8664
f 8665 8666 8667
f 8668 8669 8670
f 8671 8672 8673
f 8674 8675 8676
f 8677 8678 8679
f 8680 8681 8682
f 8683 8684 8685
f 8686 8687 8688
f 8689 8690 8691
f 8692 8693 8694
f 8695 8696 8697
f 8698 8699 8700
f 8701 8702 8703
f 8704 8705 8706
f 8707 8708 8709
f 8710 8711 8712
f 8713 8714 8715
f 8716 8717 8718
f 8719 8720 8721
f 8722 8723 8724
f 8725 8726 8727
f 8728 8729 8730
f 8731 8732 8733
f 8734 8735 8736
f 8737 8738 8739
f 8740 8741 8742
f 8743 8744 8745
f 8746 8747 8748
f 8749 8750 8751
f 8752 8753 8754
f 8755 8756 8757
f 8758 8759 8760
f 8761 8762 8763
f 8764 8765 8766
f 8767 8768 8769
f 8770 8771 8772
f 8773 8774 8775
f 8776 8777 8778
f 8779 8780 8781
f 8782 8783 8784
f 8785 8786 8787
f 8788 8789 8790
f 8791 8792 8793
f 8794 8795 8796
f 8797 8798 8799
f 8800 8801 8802
f 8803 8804 8805
f 8806 8807 8808
f 8809 8810 8811
f 8812 8813 8814
f 8815 8816 8817
f 8818 8819 8820
f 8821 8822 8823
f 8824 8825 8826
f 8827 8828 8829
f 8830 8831 8832
f 8833 8834 8835
f 8836 8837 8838
f 8839 8840 8841
f 8842 8843 8844
f 8845 8846 8847
f 8848 8849 8850
f 8851 8852 8853
f 8854 8855 8856
f 8857 8858 8859
f 8860 8861 8862
f 8863 8864 8865
f 8866 8867 8868
f 8869 8870 8871
f 8872 8873 8874
f 8875 8876 8877
f 8878 8879 8880
f 8881 8882 8883
f 8884 8885 8886
f 8887 8888 8889
f 8890 8891 8892
f 8893 8894 8895
f 8896 8897 8898
f 8899 8900 8901
f 8902 8903 8904
f 8905 8906 8907
f 8908 8909 8910
f 8911 8912 8913
f 8914 8915 8916
f 8917 8918 8919
f 8920 8921 8922
f 8923 8924 8925
f 8926 8927 8928
f 8929 8930 8931
f 8932 8933 8934
f 8935 8936 8937
f 8938 8939 8940
f 8941 8942 8943
f 8944 8945 8946
f 8947 8948 8949
f 8950 8951 8952
f 8953 8954 8955
f 8956 8957 8958
f 8959 8960 8961
f 8962 8963 8964
f 8965 8966 8967
f 8968 8969 8970
f 8971 8972 8973
f 8974 8975 8976
f 8977 8978 8979
f 8980 8981 8982
f 8983 8984 8985
f 8986 8987 8988
f 8989 8990 8991
f 8992 8993 8994
f 8995 8996 8997
f 8998 8999 9000
f 9001 9002 9003
f 9004 9005 9006
f 9007 9008 9009
f 9010 9011 9012
f 9013 9014 9015
f 9016 9017 9018
f 9019 9020 9021
f 9022 9023 9024
f 9025 9026 9027
f 9028 9029 9030
f 9031 9032 9033
f 9034 9035 9036
f 9037 9038 9039
f 9040 9041 9042
f 9043 9044 9045
f 9046 9047 9048
f 9049 9050 9051
f 9052 9053 9054
f 9055 9056 9057
f 9058 9059 9060
f 9061 9062 9063
f 9064 9065 9066
f 9067 9068 9069
f 9070 9071 9072
f 9073 9074 9075
f 9076 9077 9078
f 9079 9080 9081
f 9082 9083 9084
f 9085 9086 9087
f 9088 9089 9090
f 9091 9092 9093
f 9094 9095 9096
f 9097 9098 9099
f 9100 9101 9102
f 9103 9104 9105
f 9106 9107 9108
f 9109 9110 9111
f 9112 9113 9114
f 9115 9116 9117
f 9118 9119 9120
f 9121 9122 9123
f 9124 9125 9126
f 9127 9128 9129
f 9130 9131 9132
f 9133 9134 9135
f 9136 9137 9138
f 9139 9140 9141
f 9142 9143 9144
f 9145 9146 9147
f 9148 9149 9150
f 9151 9152 9153
f 9154 9155 9156
f 9157 9158 9159
f 9160 9161 9162
f 9163 9164 9165
f 9166 9167 9168
f 9169 9170 9171
f 9172 9173 9174
f 9175 9176 9177
f 9178 9179 9180
f 9181 9182 9183
f 9184 9185 9186
f 9187 9188 9189
f 9190 9191 9192
f 9193 9194 9195
f 9196 9197 9198
f 9199 9200 9201
f 9202 9203 9204
f 9205 9206 9207
f 9208 9209 9210
f 9211 9212 9213
f 9214 9215 9216
f 9217 9218 9219
f 9220 9221 9222
f 9223 9224 9225
f 9226 9227 9228
f 9229 9230 9231
f 9232 9233 9234
f 9235 9236 9237
f 9238 9239 9240
f 9241 9242 9243
f 9244 9245 9246
f 9247 9248 9249
f 9250 9251 9252
f 9253 9254 9255
f 9256 9257 9258
f 9259 9260 9261
f 9262 9263 9264
f 9265 9266 9267
f 9268 9269 9270
f 9271 9272 9273
f 9274 9275 9276
f 9277 9278 9279
f 9280 9281 9282
f 9283 9284 9285
f 9286 9287 9288
f 9289 9290 9291
f 9292 9293 9294
f 9295 9296 9297
f 9298 9299 9300
f 9301 9302 9303
f 9304 9305 9306
f 9307 9308 9309
f 9310 9311 9312
f 9313 9314 9315
f 9316 9317 9318
f 9319 9320 9321
f 9322 9323 9324
f 9325 9326 9327
f 9328 9329 9330
f 9331 9332 9333
f 9334 9335 9336
f 9337 9338 9339
f 9340 9341 9342
f 9343 9344 9345
f 9346 9347 9348
f 9349 9350 9351
f 9352 9353 9354
f 9355 9356 9357
f 9358 9359 9360
f 9361 9362 9363
f 9364 9365 9366
f 9367 9368 9369
f 9370 9371 9372
f 9373 9374 9375
f 9376 9377 9378
f 9379 9380 9381
f 9382 9383 9384
f 9385 9386 9387
f 9388 9389 9390
f 9391 9392 9393
f 9394 9395 9396
f 9397 9398 9399
f 9400 9401 9402
f 9403 9404 9405
f 9406 9407 9408
f 9409 9410 9411
f 9412 9413 9414
f 9415 9416 9417
f 9418 9419 9420
f 9421 9422 9423
f 9424 9425 9426
f 9427 9428 9429
f 9430 9431 9432
f 9433 9434 9435
f 9436 9437 9438
f 9439 9440 9441
f 9442 9443 9444
f 9445 9446 9447
f 9448 9449 9450
f 9451 9452 9453
f 9454 9455 9456
f 9457 9458 9459
f 9460 9461 9462
f 9463 9464 9465
f 9466 9467 9468
f 9469 9470 9471
f 9472 9473 9474
f 9475 9476 9477
f 9478 9479 9480
f 9481 9482 9483
f 9484 9485 9486
f 9487 9488 9489
f 9490 9491 9492
f 9493 9494 9495
f 9496 9497 9498
f 9499 9500 9501
f 9502 9503 9504
f 9505 9506 9507
f 9508 9509 9510
f 9511 9512 9513
f 9514 9515 9516
f 9517 9518 9519
f 9520 9521 9522
f 9523 9524 9525
f 9526 9527 9528
f 9529 9530 9531
f 9532 9533 9534
f 9535 9536 9537
f 9538 9539 9540
f 9541 9542 9543
f 9544 9545 9546
f 9547 9548 9549
f 9550 9551 9552
f 9553 9554 9555
f 9556 9557 9558
f 9559 9560 9561
f 9562 9563 9564
f 9565 9566 9567
f 9568 9569 9570
f 9571 9572 9573
f 9574 9575 9576
f 9577 9578 9579
f 9580 9581 9582
f 9583 9584 9585
f 9586 9587 9588
f 9589 9590 9591
f 9592 9593 9594
f 9595 9596 9597
f 9598 9599 9600
f 9601 9602 9603
f 9604 9605 9606
f 9607 9608 9609
f 9610 9611 9612
f 9613 9614 9615
f 9616 9617 9618
f 9619 9620 9621
f 9622 9623 9624
f 9625 9626 9627
f 9628 9629 9630
f 9631 9632 9633
f 9634 9635 9636
f 9637 9638 9639
f 9640 9641 9642
f 9643 9644 9645
f 9646 9647 9648
f 9649 9650 9651
f 9652 9653 9654
f 9655 9656 9657
f 9658 9659 9660
f 9661 9662 9663
f 9664 9665 9666
f 9667 9668 9669
f 9670 9671 9672
f 9673 9674 9675
f 9676 9677 9678
f 9679 9680 9681
f 9682 9683 9684
f 9685 9686 9687
f 9688 9689 9690
f 9691 9692 9693
f 9694 9695 9696
f 9697 9698 9699
f 9700 9701 9702
f 9703 9704 9705
f 9706 9707 9708
f 9709 9710 9711
f 9712 9713 9714
f 9715 9716 9717
f 9718 9719 9720
f 9721 9722 9723
f 9724 9725 9726
f 9727 9728 9729
f 9730 9731 9732
f 9733 9734 9735
f 9736 9737 9738
f 9739 9740 9741
f 9742 9743 9744
f 9745 9746 9747
f 9748 9749 9750
f 9751 9752 9753
f 9754 9755 9756
f 9757 9758 9759
f 9760 9761 9762
f 9763 9764 9765
f 9766 9767 9768
f 9769 9770 9771
f 9772 9773 9774
f 9775 9776 9777
f 9778 9779 9780
f 9781 9782 9783
f 9784 9785 9786
f 9787 9788 9789
f 9790 9791 9792
f 9793 9794 9795
f 9796 9797 9798
f 9799 9800 9801
f 9802 9803 9804
f 9805 9806 9807
f 9808 9809 9810
f 9811 9812 9813
f 9814 9815 9816
f 9817 9818 9819
f 9820 9821 9822
f 9823 9824 9825
f 9826 9827 9828
f 9829 9830 9831
f 9832 9833 9834
f 9835 9836 9837
f 9838 9839 9840
f 9841 9842 9843
f 9844 9845 9846
f 9847 9848 9849
f 9850 9851 9852
f 9853 9854 9855
f 9856 9857 9858
f 9859 9860 9861
f 9862 9863 9864
f 9865 9866 9867
f 9868 9869 9870
f 9871 9872 9873
f 9874 9875 9876
f 9877 9878 9879
f 9880 9881 9882
f 9883 9884 9885
f 9886 9887 9888
f 9889 9890 9891
f 9892 9893 9894
f 9895 9896 9897
f 9898 9899 9900
f 9901 9902 9903
f 9904 9905 9906
f 9907 9908 9909
f 9910 9911 9912
f 9913 9914 9915
f 9916 9917 9918
f 9919 9920 9921
f 9922 9923 9924
f 9925 9926 9927
f 9928 9929 9930
f 9931 9932 9933
f 9934 9935 9936
f 9937 9938 9939
f 9940 9941 9942
f 9943 9944 9945
f 9946 9947 9948
f 9949 9950 9951
f 9952 9953 9954
f 9955 9956 9957
f 9958 9959 9960
f 9961 9962 9963
f 9964 9965 9966
f 9967 9968 9969
f 9970 9971 9972
f 9973 9974 9975
f 9976 9977 9978
f 9979 9980 9981
f 9982 9983 9984
f 9985 9986 9987
f 9988 9989 9990
f 9991 9992 9993
f 9994 9995 9996
f 9997 9998 9999
f 10000 10001 10002
f 10003 10004 10005
f 10006 10007 10008
f 10009 10010 10011
f 10012 10013 10014
f 10015 10016 10017
f 10018 10019 10020
f 10021 10022 10023
f 10024 10025 10026
f 10027 10028 10029
f 10030 10031 10032
f 10033 10034 10035
f 10036 10037 10038
f 10039 10040 10041
f 10042 10043 10044
f 10045 10046 10047
f 10048 10049 10050
f 10051 10052 10053
f 10054 10055 10056
f 10057 10058 10059
f 10060 10061 10062
f 10063 10064 10065
f 10066 10067 10068
f 10069 10070 10071
f 10072 10073 10074
f 10075 10076 10077
f 10078 10079 10080
f 10081 10082 10083
f 10084 10085 10086
f 10087 10088 10089
f 10090 10091 10092
f 10093 10094 10095
f 10096 10097 10098
f 10099 10100 10101
f 10102 10103 10104
f 10105 10106 10107
f 10108 10109 10110
f 10111 10112 10113
f 10114 10115 10116
f 10117 10118 10119
f 10120 10121 10122
f 10123 10124 10125
f 10126 10127 10128
f 10129 10130 10131
f 10132 10133 10134
f 10135 10136 10137
f 10138 10139 10140
f 10141 10142 10143
f 10144 10145 10146
f 10147 10148 10149
f 10150 10151 10152
f 10153 10154 10155
f 10156 10157 10158
f 10159 10160 10161
f 10162 10163 10164
f 10165 10166 10167
f 10168 10169 10170
f 10171 10172 10173
f 10174 10175 10176
f 10177 10178 10179
f 10180 10181 10182
f 10183 10184 10185
f 10186 10187 10188
f 10189 10190 10191
f 10192 10193 10194
f 10195 10196 10197
f 10198 10199 10200
f 10201 10202 10203
f 10204 10205 10206
f 10207 10208 10209
f 10210 10211 10212
f 10213 10214 10215
f 10216 10217 10218
f 10219 10220 10221
f 10222 10223 10224
f 10225 10226 10227
f 10228 10229 10230
f 10231 10232 10233
f 10234 10235 10236
f 10237 10238 10239
f 10240 10241 10242
f 10243 10244 10245
f 10246 10247 10248
f 10249 10250 10251
f 10252 10253 10254
f 10255 10256 10257
f 10258 10259 10260
f 10261 10262 10263
f 10264 10265 10266
f 10267 10268 10269
f 10270 10271 10272
f 10273 10274 10275
f 10276 10277 10278
f 10279 10280 10281
f 10282 10283 10284
f 10285 10286 10287
f 10288 10289 10290
f 10291 10292 10293
f 10294 10295 10296
f 10297 10298 10299
f 10300 10301 10302
f 10303 10304 10305
f 10306 10307 10308
f 10309 10310 10311
f 10312 10313 10314
f 10315 10316 10317
f 10318 10319 10320
f 10321 10322 10323
f 10324 10325 10326
f 10327 10328 10329
f 10330 10331 10332
f 10333 10334 10335
f 10336 10337 10338
f 10339 10340 10341
f 10342 10343 10344
f 10345 10346 10347
f 10348 10349 10350
f 10351 10352 10353
f 10354 10355 10356
f 10357 10358 10359
f 10360 10361 10362
f 10363 10364 10365
f 10366 10367 10368
f 10369 10370 10371
f 10372 10373 10374
f 10375 10376 10377
f 10378 10379 10380
f 10381 10382 10383
f 10384 10385 10386
f 10387 10388 10389
f 10390 10391 10392
f 10393 10394 10395
f 10396 10397 10398
f 10399 10400 10401
f 10402 10403 10404
f 10405 10406 10407
f 10408 10409 10410
f 10411 10412 10413
f 10414 10415 10416
f 10417 10418 10419
f 10420 10421 10422
f 10423 10424 10425
f 10426 10427 10428
f 10429 10430 10431
f 10432 10433 10434
f 10435 10436 10437
f 10438 10439 10440
f 10441 10442 10443
f 10444 10445 10446
f 10447 10448 10449
f 10450 10451 10452
f 10453 10454 10455
f 10456 10457 10458
f 10459 10460 10461
f 10462 10463 10464
f 10465 10466 10467
f 10468 10469 10470
f 10471 10472 10473
f 10474 10475 10476
f 10477 10478 10479
f 10480 10481 10482
f 10483 10484 10485
f 10486 10487 10488
f 10489 10490 10491
f 10492 10493 10494
f 10495 10496 10497
f 10498 10499 10500
f 10501 10502 10503
f 10504 10505 10506
f 10507 10508 10509
f 10510 10511 10512
f 10513 10514 10515
f 10516 10517 10518
f 10519 10520 10521
f 10522 10523 10524
f 10525 10526 10527
f 10528 10529 10530
f 10531 10532 10533
f 10534 10535 10536
f 10537 10538 10539
f 10540 10541 10542
f 10543 10544 10545
f 10546 10547 10548
f 10549 10550 10551
f 10552 10553 10554
f 10555 10556 10557
f 10558 10559 10560
f 10561 10562 10563
f 10564 10565 10566
f 10567 10568 10569
f 10570 10571 10572
f 10573 10574 10575
f 10576 10577 10578
f 10579 10580 10581
f 10582 10583 10584
f 10585 10586 10587
f 10588 10589 10590
f 10591 10592 10593
f 10594 10595 10596
f 10597 10598 10599
f 10600 10601 10602
f 10603 10604 10605
f 10606 10607 10608
f 10609 10610 10611
f 10612 10613 10614
f 10615 10616 10617
f 10618 10619 10620
f 10621 10622 10623
f 10624 10625 10626
f 10627 10628 10629
f 10630 10631 10632
f 10633 10634 10635
f 10636 10637 10638
f 10639 10640 10641
f 10642 10643 10644
f 10645 10646 10647
f 10648 10649 10650
f 10651 10652 10653
f 10654 10655 10656
f 10657 10658 10659
f 10660 10661 10662
f 10663 10664 10665
f 10666 10667 10668
f 10669 10670 10671
f 10672 10673 10674
f 10675 10676 10677
f 10678 10679 10680
f 10681 10682 10683
f 10684 10685 10686
f 10687 10688 10689
f 10690 10691 10692
f 10693 10694 10695
f 10696 10697 10698
f 10699 10700 10701
f 10702 10703 10704
f 10705 10706 10707
f 10708 10709 10710
f 10711 10712 10713
f 10714 10715 10716
f 10717 10718 10719
f 10720 10721 10722
f 10723 10724 10725
f 10726 10727 10728
f 10729 10730 10731
f 10732 10733 10734
f 10735 10736 10737
f 10738 10739 10740
f 10741 10742 10743
f 10744 10745 10746
f 10747 10748 10749
f 10750 10751 10752
f 10753 10754 10755
f 10756 10757 10758
f 10759 10760 10761
f 10762 10763 10764
f 10765 10766 10767
f 10768 10769 10770
f 10771 10772 10773
f 10774 10775 10776
f 10777 10778 10779
f 10780 10781 10782
f 10783 10784 10785
f 10786 10787 10788
f 10789 10790 10791
f 10792 10793 10794
f 10795 10796 10797
f 10798 10799 10800
f 10801 10802 10803
f 10804 10805 10806
f 10807 10808 10809
f 10810 10811 10812
f 10813 10814 10815
f 10816 10817 10818
f 10819 10820 10821
f 10822 10823 10824
f 10825 10826 10827
f 10828 10829 10830
f 10831 10832 10833
f 10834 10835 10836
f 10837 10838 10839
f 10840 10841 10842
f 10843 10844 10845
f 10846 10847 10848
f 10849 10850 10851
f 10852 10853 10854
f 10855 10856 10857
f 10858 10859 10860
f 10861 10862 10863
f 10864 10865 10866
f 10867 10868 10869
f 10870 10871 10872
f 10873 10874 10875
f 10876 10877 10878
f 10879 10880 10881
f 10882 10883 10884
f 10885 10886 10887
f 10888 10889 10890
f 10891 10892 10893
f 10894 10895 10896
f 10897 10898 10899
f 10900 10901 10902
f 10903 10904 10905
f 10906 10907 10908
f 10909 10910 10911
f 10912 10913 10914
f 10915 10916 10917
f 10918 10919 10920
f 10921 10922 10923
f 10924 10925 10926
f 10927 10928 10929
f 10930 10931 10932
f 10933 10934 10935
f 10936 10937 10938
f 10939 10940 10941
f 10942 10943 10944
f 10945 10946 10947
f 10948 10949 10950
f 10951 10952 10953
f 10954 10955 10956
f 10957 10958 10959
f 10960 10961 10962
f 10963 10964 10965
f 10966 10967 10968
f 10969 10970 10971
f 10972 10973 10974
f 10975 10976 10977
f 10978 10979 10980
f 10981 10982 10983
f 10984 10985 10986
f 10987 10988 10989
f 10990 10991 10992
f 10993 10994 10995
f 10996 10997 10998
f 10999 11000 11001
f 11002 11003 11004
f 11005 11006 11007
f 11008 11009 11010
f 11011 11012 11013
f 11014 11015 11016
f 11017 11018 11019
f 11020 11021 11022
f 11023 11024 11025
f 11026 11027 11028
f 11029 11030 11031
f 11032 11033 11034
f 11035 11036 11037
f 11038 11039 11040
f 11041 11042 11043
f 11044 11045 11046
f 11047 11048 11049
f 11050 11051 11052
f 11053 11054 11055
f 11056 11057 11058
f 11059 11060 11061
f 11062 11063 11064
f 11065 11066 11067
f 11068 11069 11070
f 11071 11072 11073
f 11074 11075 11076
f 11077 11078 11079
f 11080 11081 11082
f 11083 11084 11085
f 11086 11087 11088
f 11089 11090 11091
f 11092 11093 11094
f 11095 11096 11097
f 11098 11099 11100
f 11101 11102 11103
f 11104 11105 11106
f 11107 11108 11109
f 11110 11111 11112
f 11113 11114 11115
f 11116 11117 11118
f 11119 11120 11121
f 11122 11123 11124
f 11125 11126 11127
f 11128 11129 11130
f 11131 11132 11133
f 11134 11135 11136
f 11137 11138 11139
f 11140 11141 11142
f 11143 11144 11145
f 11146 11147 11148
f 11149 11150 11151
f 11152 11153 11154
f 11155 11156 11157
f 11158 11159 11160
f 11161 11162 11163
f 11164 11165 11166
f 11167 11168 11169
f 11170 11171 11172
f 11173 11174 11175
f 11176 11177 11178
f 11179 11180 11181
f 11182 11183 11184
f 11185 11186 11187
f 11188 11189 11190
f 11191 11192 11193
f 11194 11195 11196
f 11197 11198 11199
f 11200 11201 11202
f 11203 11204 11205
f 11206 11207 11208
f 11209 11210 11211
f 11212 11213 11214
f 11215 11216 11217
f 11218 11219 11220
f 11221 11222 11223
f 11224 11225 11226
f 11227 11228 11229
f 11230 11231 11232
f 11233 11234 11235
f 11236 11237 11238
f 11239 11240 11241
f 11242 11243 11244
f 11245 11246 11247
f 11248 11249 11250
f 11251 11252 11253
f 11254 11255 11256
f 11257 11258 11259
f 11260 11261 11262
f 11263 11264 11265
f 11266 11267 11268
f 11269 11270 11271
f 11272 11273 11274
f 11275 11276 11277
f 11278 11279 11280
f 11281 11282 11283
f 11284 11285 11286
f 11287 11288 11289
f 11290 11291 11292
f 11293 11294 11295
f 11296 11297 11298
f 11299 11300 11301
f 11302 11303 11304
f 11305 11306 11307
f 11308 11309 11310
f 11311 11312 11313
f 11314 11315 11316
f 11317 11318 11319
f 11320 11321 11322
f 11323 11324 11325
f 11326 11327 11328
f 11329 11330 11331
f 11332 11333 11334
f 11335 11336 11337
f 11338 11339 11340
f 11341 11342 11343
f 11344 11345 11346
f 11347 11348 11349
f 11350 11351 11352
f 11353 11354 11355
f 11356 11357 11358
f 11359 11360 11361
f 11362 11363 11364
f 11365 11366 11367
f 11368 11369 11370
f 11371 11372 11373
f 11374 11375 11376
f 11377 11378 11379
f 11380 11381 11382
f 11383 11384 11385
f 11386 11387 11388
f 11389 11390 11391
f 11392 11393 11394
f 11395 11396 11397
f 11398 11399 11400
f 11401 11402 11403
f 11404 11405 11406
f 11407 11408 11409
f 11410 11411 11412
f 11413 11414 11415
f 11416 11417 11418
f 11419 11420 11421
f 11422 11423 11424
f 11425 11426 11427
f 11428 11429 11430
f 11431 11432 11433
f 11434 11435 11436
f 11437 11438 11439
f 11440 11441 11442
f 11443 11444 11445
f 11446 11447 11448
f 11449 11450 11451
f 11452 11453 11454
f 11455 11456 11457
f 11458 11459 11460
f 11461 11462 11463
f 11464 11465 11466
f 11467 11468 11469
f 11470 11471 11472
f 11473 11474 11475
f 11476 11477 11478
f 11479 11480 11481
f 11482 11483 11484
f 11485 11486 11487
f 11488 11489 11490
f 11491 11492 11493
f 11494 11495 11496
f 11497 11498 11499
f 11500 11501 11502
f 11503 11504 11505
f 11506 11507 11508
f 11509 11510 11511
f 11512 11513 11514
f 11515 11516 11517
f 11518 11519 11520
f 11521 11522 11523
f 11524 11525 11526
f 11527 11528 11529
f 11530 11531 11532
f 11533 11534 11535
f 11536 11537 11538
f 11539 11540 11541
f 11542 11543 11544
f 11545 11546 11547
f 11548 11549 11550
f 11551 11552 11553
f 11554 11555 11556
f 11557 11558 11559
f 11560 11561 11562
f 11563 11564 11565
f 11566 11567 11568
f 11569 11570 11571
f 11572 11573 11574
f 11575 11576 11577
f 11578 11579 11580
f 11581 11582 11583
f 11584 11585 11586
f 11587 11588 11589
f 11590 11591 11592
f 11593 11594 11595
f 11596 11597 11598
f 11599 11600 11601
f 11602 11603 11604
f 11605 11606 11607
f 11608 11609 11610
f 11611 11612 11613
f 11614 11615 11616
f 11617 11618 11619
f 11620 11621 11622
f 11623 11624 11625
f 11626 11627 11628
f 11629 11630 11631
f 11632 11633 11634
f 11635 11636 11637
f 11638 11639 11640
f 11641 11642 11643
f 11644 11645 11646
f 11647 11648 11649
f 11650 11651 11652
f 11653 11654 11655
f 11656 11657 11658
f 11659 11660 11661
f 11662 11663 11664
f 11665 11666 11667
f 11668 11669 11670
f 11671 11672 11673
f 11674 11675 11676
f 11677 11678 11679
f 11680 11681 11682
f 11683 11684 11685
f 11686 11687 11688
f 11689 11690 11691
f 11692 11693 11694
f 11695 11696 11697
f 11698 11699 11700
f 11701 11702 11703
f 11704 11705 11706
f 11707 11708 11709
f 11710 11711 11712
f 11713 11714 11715
f 11716 11717 11718
f 11719 11720 11721
f 11722 11723 11724
f 11725 11726 11727
f 11728 11729 11730
f 11731 11732 11733
f 11734 11735 11736
f 11737 11738 11739
f 11740 11741 11742
f 11743 11744 11745
f 11746 11747 11748
f 11749 11750 11751
f 11752 11753 11754
f 11755 11756 11757
f 11758 11759 11760
f 11761 11762 11763
f 11764 11765 11766
f 11767 11768 11769
f 11770 11771 11772
f 11773 11774 11775
f 11776 11777 11778
f 11779 11780 11781
f 11782 11783 11784
f 11785 11786 11787
f 11788 11789 11790
f 11791 11792 11793
f 11794 11795 11796
f 11797 11798 11799
f 11800 11801 11802
f 11803 11804 11805
f 11806 11807 11808
f 11809 11810 11811
f 11812 11813 11814
f 11815 11816 11817
f 11818 11819 11820
f 11821 11822 11823
f 11824 11825 11826
f 11827 11828 11829
f 11830 11831 11832
f 11833 11834 11835
f 11836 11837 11838
f 11839 11840 11841
f 11842 11843 11844
f 11845 11846 11847
f 11848 11849 11850
f 11851 11852 11853
f 11854 11855 11856
f 11857 11858 11859
f 11860 11861 11862
f 11863 11864 11865
f 11866 11867 11868
f 11869 11870 11871
f 11872 11873 11874
f 11875 11876 11877
f 11878 11879 11880
f 11881 11882 11883
f 11884 11885 11886
f 11887 11888 11889
f 11890 11891 11892
f 11893 11894 11895
f 11896 11897 11898
f 11899 11900 11901
f 11902 11903 11904
f 11905 11906 11907
f 11908 11909 11910
f 11911 11912 11913
f 11914 11915 11916
f 11917 11918 11919
f 11920 11921 11922
f 11923 11924 11925
f 11926 11927 11928
f 11929 11930 11931
f 11932 11933 11934
f 11935 11936 11937
f 11938 11939 11940
f 11941 11942 11943
f 11944 11945 11946
f 11947 11948 11949
f 11950 11951 11952
f 11953 11954 11955
f 11956 11957 11958
f 11959 11960 11961
f 11962 11963 11964
f 11965 11966 11967
f 11968 11969 11970
f 11971 11972 11973
f 11974 11975 11976
f 11977 11978 11979
f 11980 11981 11982
f 11983 11984 11985
f 11986 11987 11988
f 11989 11990 11991
f 11992 11993 11994
f 11995 11996 11997
f 11998 11999 12000
f 12001 12002 12003
f 12004 12005 12006
f 12007 12008 12009
f 12010 12011 12012
f 12013 12014 12015
f 12016 12017 12018
f 12019 12020 12021
f 12022 12023 12024
f 12025 12026 12027
f 12028 12029 12030
f 12031 12032 12033
f 12034 12035 12036
f 12037 12038 12039
f 12040 12041 12042
f 12043 12044 12045
f 12046 12047 12048
f 12049 12050 12051
f 12052 12053 12054
f 12055 12056 12057
f 12058 12059 12060
f 12061 12062 12063
f 12064 12065 12066
f 12067 12068 12069
f 12070 12071 12072
f 12073 12074 12075
f 12076 12077 12078
f 12079 12080 12081
f 12082 12083 12084
f 12085 12086 12087
f 12088 12089 12090
f 12091 12092 12093
f 12094 12095 12096
f 12097 12098 12099
f 12100 12101 12102
f 12103 12104 12105
f 12106 12107 12108
f 12109 12110 12111
f 12112 12113 12114
f 12115 12116 12117
f 12118 12119 12120
f 12121 12122 12123
f 12124 12125 12126
f 12127 12128 12129
f 12130 12131 12132
f 12133 12134 12135
f 12136 12137 12138
f 12139 12140 12141
f 12142 12143 12144
f 12145 12146 12147
f 12148 12149 12150
f 12151 12152 12153
f 12154 12155 12156
f 12157 12158 12159
f 12160 12161 12162
f 12163 12164 12165
f 12166 12167 12168
f 12169 12170 12171
f 12172 12173 12174
f 12175 12176 12177
f 12178 12179 12180
f 12181 12182 12183
f 12184 12185 12186
f 12187 12188 12189
f 12190 12191 12192
f 12193 12194 12195
f 12196 12197 12198
f 12199 12200 12201
f 12202 12203 12204
f 12205 12206 12207
f 12208 12209 12210
f 12211 12212 12213
f 12214 12215 12216
f 12217 12218 12219
f 12220 12221 12222
f 12223 12224 12225
f 12226 12227 12228
f 12229 12230 12231
f 12232 12233 12234
f 12235 12236 12237
f 12238 12239 12240
f 12241 12242 12243
f 12244 12245 12246
f 12247 12248 12249
f 12250 12251 12252
f 12253 12254 12255
f 12256 12257 12258
f 12259 12260 12261
f 12262 12263 12264
f 12265 12266 12267
f 12268 12269 12270
f 12271 12272 12273
f 12274 12275 12276
f 12277 12278 12279
f 12280 12281 12282
f 12283 12284 12285
f 12286 12287 12288
f 12289 12290 12291
f 12292 12293 12294
f 12295 12296 12297
f 12298 12299 12300
f 12301 12302 12303
f 12304 12305 12306
f 12307 12308 12309
f 12310 12311 12312
f 12313 12314 12315
f 12316 12317 12318
f 12319 12320 12321
f 12322 12323 12324
f 12325 12326 12327
f 12328 12329 12330
f 12331 12332 12333
f 12334 12335 12336
f 12337 12338 12339
f 12340 12341 12342
f 12343 12344 12345
f 12346 12347 12348
f 12349 12350 12351
f 12352 12353 12354
f 12355 12356 12357
f 12358 12359 12360
f 12361 12362 12363
f 12364 12365 12366
f 12367 12368 12369
f 12370 12371 12372
f 12373 12374 12375
f 12376 12377 12378
f 12379 12380 12381
f 12382 12383 12384
f 12385 12386 12387
f 12388 12389 12390
f 12391 12392 12393
f 12394 12395 12396
f 12397 12398 12399
f 12400 12401 12402
f 12403 12404 12405
f 12406 12407 12408
f 12409 12410 12411
f 12412 12413 12414
f 12415 12416 12417
f 12418 12419 12420
f 12421 12422 12423
f 12424 12425 12426
f 12427 12428 12429
f 12430 12431 12432
f 12433 12434 12435
f 12436 12437 12438
f 12439 12440 12441
f 12442 12443 12444
f 12445 12446 12447
f 12448 12449 12450
f 12451 12452 12453
f 12454 12455 12456
f 12457 12458 12459
f 12460 12461 12462
f 12463 12464 12465
f 12466 12467 12468
f 12469 12470 12471
f 12472 12473 12474
f 12475 12476 12477
f 12478 12479 12480
f 12481 12482 12483
f 12484 12485 12486
f 12487 12488 12489
f 12490 12491 12492
f 12493 12494 12495
f 12496 12497 12498
f 12499 12500 12501
f 12502 12503 12504
f 12505 12506 12507
f 12508 12509 12510
f 12511 12512 12513
f 12514 12515 12516
f 12517 12518 12519
f 12520 12521 12522
f 12523 12524 12525
f 12526 12527 12528
f 12529 12530 12531
f 12532 12533 12534
f 12535 12536 12537
f 12538 12539 12540
f 12541 12542 12543
f 12544 12545 12546
f 12547 12548 12549
f 12550 12551 12552
f 12553 12554 12555
f 12556 12557 12558
f 12559 12560 12561
f 12562 12563 12564
f 12565 12566 12567
f 12568 12569 12570
f 12571 12572 12573
f 12574 12575 12576
f 12577 12578 12579
f 12580 12581 12582
f 12583 12584 12585
f 12586 12587 12588
f 12589 12590 12591
f 12592 12593 12594
f 12595 12596 12597
f 12598 12599 12600
f 12601 12602 12603
f 12604 12605 12606
f 12607 12608 12609
f 12610 12611 12612
f 12613 12614 12615
f 12616 12617 12618
f 12619 12620 12621
f 12622 12623 12624
f 12625 12626 12627
f 12628 12629 12630
f 12631 12632 12633
f 12634 12635 12636
f 12637 12638 12639
f 12640 12641 12642
f 12643 12644 12645
f 12646 12647 12648
f 12649 12650 12651
f 12652 12653 12654
f 12655 12656 12657
f 12658 12659 12660
f 12661 12662 12663
f 12664 12665 12666
f 12667 12668 12669
f 12670 12671 12672
f 12673 12674 12675
f 12676 12677 12678
f 12679 12680 12681
f 12682 12683 12684
f 12685 12686 12687
f 12688 12689 12690
f 12691 12692 12693
f 12694 12695 12696
f 12697 12698 12699
f 12700 12701 12702
f 12703 12704 12705
f 12706 12707 12708
f 12709 12710 12711
f 12712 12713 12714
f 12715 12716 12717
f 12718 12719 12720
f 12721 12722 12723
f 12724 12725 12726
f 12727 12728 12729
f 12730 12731 12732
f 12733 12734 12735
f 12736 12737 12738
f 12739 12740 12741
f 12742 12743 12744
f 12745 12746 12747
f 12748 12749 12750
f 12751 12752 12753
f 12754 12755 12756
f 12757 12758 12759
f 12760 12761 12762
f 12763 12764 12765
f 12766 12767 12768
f 12769 12770 12771
f 12772 12773 12774
f 12775 12776 12777
f 12778 12779 12780
f 12781 12782 12783
f 12784 12785 12786
f 12787 12788 12789
f 12790 12791 12792
f 12793 12794 12795
f 12796 12797 12798
f 12799 12800 12801
f 12802 12803 12804
f 12805 12806 12807
f 12808 12809 12810
f 12811 12812 12813
f 12814 12815 12816
f 12817 12818 12819
f 12820 12821 12822
f 12823 12824 12825
f 12826 12827 12828
f 12829 12830 12831
f 12832 12833 12834
f 12835 12836 12837
f 12838 12839 12840
f 12841 12842 12843
f 12844 12845 12846
f 12847 12848 12849
f 12850 12851 12852
f 12853 12854 12855
f 12856 12857 12858
f 12859 12860 12861
f 12862 12863 12864
f 12865 12866 12867
f 12868 12869 12870
f 12871 12872 12873
f 12874 12875 12876
f 12877 12878 12879
f 12880 12881 12882
f 12883 12884 12885
f 12886 12887 12888
f 12889 12890 12891
f 12892 12893 12894
f 12895 12896 12897
f 12898 12899 12900
f 12901 12902 12903
f 12904 12905 12906
f 12907 12908 12909
f 12910 12911 12912
f 12913 12914 12915
f 12916 12917 12918
f 12919 12920 12921
f 12922 12923 12924
f 12925 12926 12927
f 12928 12929 12930
f 12931 12932 12933
f 12934 12935 12936
f 12937 12938 12939
f 12940 12941 12942
f 12943 12944 12945
f 12946 12947 12948
f 12949 12950 12951
f 12952 12953 12954
f 12955 12956 12957
f 12958 12959 12960
f 12961 12962 12963
f 12964 12965 12966
f 12967 12968 12969
f 12970 12971 12972
f 12973 12974 12975
f 12976 12977 12978
f 12979 12980 12981
f 12982 12983 12984
f 12985 12986 12987
f 12988 12989 12990
f 12991 12992 12993
f 12994 12995 12996
f 12997 12998 12999
f 13000 13001 13002
f 13003 13004 13005
f 13006 13007 13008
f 13009 13010 13011
f 13012 13013 13014
f 13015 13016 13017
f 13018 13019 13020
f 13021 13022 13023
f 13024 13025 13026
f 13027 13028 13029
f 13030 13031 13032
f 13033 13034 13035
f 13036 13037 13038
f 13039 13040 13041
f 13042 13043 13044
f 13045 13046 13047
f 13048 13049 13050
f 13051 13052 13053
f 13054 13055 13056
f 13057 13058 13059
f 13060 13061 13062
f 13063 13064 13065
f 13066 13067 13068
f 13069 13070 13071
f 13072 13073 13074
f 13075 13076 13077
f 13078 13079 13080
f 13081 13082 13083
f 13084 13085 13086
f 13087 13088 13089
f 13090 13091 13092
f 13093 13094 13095
f 13096 13097 13098
f 13099 13100 13101
f 13102 13103 13104
f 13105 13106 13107
f 13108 13109 13110
f 13111 13112 13113
f 13114 13115 13116
f 13117 13118 13119
f 13120 13121 13122
f 13123 13124 13125
f 13126 13127 13128
f 13129 13130 13131
f 13132 13133 13134
f 13135 13136 13137
f 13138 13139 13140
f 13141 13142 13143
f 13144 13145 13146
f 13147 13148 13149
f 13150 13151 13152
f 13153 13154 13155
f 13156 13157 13158
f 13159 13160 13161
f 13162 13163 13164
f 13165 13166 13167
f 13168 13169 13170
f 13171 13172 13173
f 13174 13175 13176
f 13177 13178 13179
f 13180 13181 13182
f 13183 13184 13185
f 13186 13187 13188
f 13189 13190 13191
f 13192 13193 13194
f 13195 13196 13197
f 13198 13199 13200
f 13201 13202 13203
f 13204 13205 13206
f 13207 13208 13209
f 13210 13211 13212
f 13213 13214 13215
f 13216 13217 13218
f 13219 13220 13221
f 13222 13223 13224
f 13225 13226 13227
f 13228 13229 13230
f 13231 13232 13233
f 13234 13235 13236
f 13237 13238 13239
f 13240 13241 13242
f 13243 13244 13245
f 13246 13247 13248
f 13249 13250 13251
f 13252 13253 13254
f 13255 13256 13257
f 13258 13259 13260
f 13261 13262 13263
f 13264 13265 13266
f 13267 13268 13269
f 13270 13271 13272
f 13273 13274 13275
f 13276 13277 13278
f 13279 13280 13281
f 13282 13283 13284
f 13285 13286 13287
f 13288 13289 13290
f 13291 13292 13293
f 13294 13295 13296
f 13297 13298 13299
f 13300 13301 13302
f 13303 13304 13305
f 13306 13307 13308
f 13309 13310 13311
f 13312 13313 13314
f 13315 13316 13317
f 13318 13319 13320
f 13321 13322 13323
f 13324 13325 13326
f 13327 13328 13329
f 13330 13331 13332
f 13333 13334 13335
f 13336 13337 13338
f 13339 13340 13341
f 13342 13343 13344
f 13345 13346 13347
f 13348 13349 13350
f 13351 13352 13353
f 13354 13355 13356
f 13357 13358 13359
f 13360 13361 13362
f 13363 13364 13365
f 13366 13367 13368
f 13369 13370 13371
f 13372 13373 13374
f 13375 13376 13377
f 13378 13379 13380
f 13381 13382 13383
f 13384 13385 13386
f 13387 13388 13389
f 13390 13391 13392
f 13393 13394 13395
f 13396 13397 13398
f 13399 13400 13401
f 13402 13403 13404
f 13405 13406 13407
f 13408 13409 13410
f 13411 13412 13413
f 13414 13415 13416
f 13417 13418 13419
f 13420 13421 13422
f 13423 13424 13425
f 13426 13427 13428
f 13429 13430 13431
f 13432 13433 13434
f 13435 13436 13437
f 13438 13439 13440
f 13441 13442 13443
f 13444 13445 13446
f 13447 13448 13449
f 13450 13451 13452
f 13453 13454 13455
f 13456 13457 13458
f 13459 13460 13461
f 13462 13463 13464
f 13465 13466 13467
f 13468 13469 13470
f 13471 13472 13473
f 13474 13475 13476
f 13477 13478 13479
f 13480 13481 13482
f 13483 13484 13485
f 13486 13487 13488
f 13489 13490 13491
f 13492 13493 13494
f 13495 13496 13497
f 13498 13499 13500
f 13501 13502 13503
f 13504 13505 13506
f 13507 13508 13509
f 13510 13511 13512
f 13513 13514 13515
f 13516 13517 13518
f 13519 13520 13521
f 13522 13523 13524
f 13525 13526 13527
f 13528 13529 13530
f 13531 13532 13533
f 13534 13535 13536
f 13537 13538 13539
f 13540 13541 13542
f 13543 13544 13545
f 13546 13547 13548
f 13549 13550 13551
f 13552 13553 13554
f 13555 13556 13557
f 13558 13559 13560
f 13561 13562 13563
f 13564 13565 13566
f 13567 13568 13569
f 13570 13571 13572
f 13573 13574 13575
f 13576 13577 13578
f 13579 13580 13581
f 13582 13583 13584
f 13585 13586 13587
f 13588 13589 13590
f 13591 13592 13593
f 13594 13595 13596
f 13597 13598 13599
f 13600 13601 13602
f 13603 13604 13605
f 13606 13607 13608
f 13609 13610 13611
f 13612 13613 13614
f 13615 13616 13617
f 13618 13619 13620
f 13621 13622 13623
f 13624 13625 13626
f 13627 13628 13629
f 13630 13631 13632
f 13633 13634 13635
f 13636 13637 13638
f 13639 13640 13641
f 13642 13643 13644
f 13645 13646 13647
f 13648 13649 13650
f 13651 13652 13653
f 13654 13655 13656
f 13657 13658 13659
f 13660 13661 13662
f 13663 13664 13665
f 13666 13667 13668
f 13669 13670 13671
f 13672 13673 13674
f 13675 13676 13677
f 13678 13679 13680
f 13681 13682 13683
f 13684 13685 13686
f 13687 13688 13689
f 13690 13691 13692
f 13693 13694 13695
f 13696 13697 13698
f 13699 13700 13701
f 13702 13703 13704
f 13705 13706 13707
f 13708 13709 13710
f 13711 13712 13713
f 13714 13715 13716
f 13717 13718 13719
f 13720 13721 13722
f 13723 13724 13725
f 13726 13727 13728
f 13729 13730 13731
f 13732 13733 13734
f 13735 13736 13737
f 13738 13739 13740
f 13741 13742 13743
f 13744 13745 13746
f 13747 13748 13749
f 13750 13751 13752
f 13753 13754 13755
f 13756 13757 13758
f 13759 13760 13761
f 13762 13763 13764
f 13765 13766 13767
f 13768 13769 13770
f 13771 13772 13773
f 13774 13775 13776
f 13777 13778 13779
f 13780 13781 13782
f 13783 13784 13785
f 13786 13787 13788
f 13789 13790 13791
f 13792 13793 13794
f 13795 13796 13797
f 13798 13799 13800
f 13801 13802 13803
f 13804 13805 13806
f 13807 13808 13809
f 13810 13811 13812
f 13813 13814 13815
f 13816 13817 13818
f 13819 13820 13821
f 13822 13823 13824
f 13825 13826 13827
f 13828 13829 13830
f 13831 13832 13833
f 13834 13835 13836
f 13837 13838 13839
f 13840 13841 13842
f 13843 13844 13845
f 13846 13847 13848
f 13849 13850 13851
f 13852 13853 13854
