# PSO Extracted Authentic Geometry
v 0.0000 0.0000 0.2000
v 0.0000 0.2000 0.0000
v 0.2000 0.0000 0.0000
v 0.0000 0.0000 0.2000
v 0.0000 0.0000 0.2000
v 0.0000 0.2000 0.0000
v 0.2000 0.0000 0.0000
v 0.0000 0.0000 0.2000
v 0.0000 0.2000 0.0000
v 0.2000 0.0000 0.0000
v 0.0000 0.0000 0.2000
v 0.0000 0.2000 0.0000
v 0.2000 0.0000 0.0000
v 0.0000 0.0000 0.2000
v 0.0000 0.2000 0.0000
v 0.2000 0.0000 0.0000
v 0.0000 0.0000 0.2000
v 0.0000 0.2000 0.0000
v 0.0000 0.0000 548.1809
v 1029.3199 0.0000 0.0000
v 0.0000 786.6647 0.0000
v 0.0000 800.0000 0.0000
v 24.0941 1.0000 0.0000
v 415.0000 -0.0000 1174.6172
v 0.0000 0.0000 0.9300
v 1.0000 0.9300 0.0000
v 1.0000 0.0000 0.0000
v 0.0000 -232.7614 34.5550
v -282.1350 68.5117 0.0000
v 0.0000 1.0000 1.0000
v 1.0000 0.0000 0.0000
v 0.0549 0.0000 0.0000
v 140.0000 26.5000 -240.0000
v 11.1915 0.0000 0.0000
v 1.0000 1.0000 1.0000
v 0.0000 0.0000 140.0000
v 21.0000 -240.0000 12.2474
v 0.0000 0.0000 1.0000
v 1.0000 1.0000 0.0000
v 24.0941 1.0000 0.0000
v 0.0000 -140.0000 7.5000
v -20.0000 152.5000 0.0000
v 0.0000 1.0000 1.0000
v 1.0000 0.0000 0.0000
v -221.5694 60.4000 -579.0605
v 882.1121 0.0000 0.0000
v 1.0000 1.0000 1.0000
v 6.0235 0.0000 0.0000
v 137.0000 13.0000 -246.0000
v 108.5265 0.0000 0.0000
v 1.0000 1.0000 1.0000
v 0.0000 -260.0000 8.7500
v -20.0000 65.1042 0.0000
v 0.0000 1.0000 1.0000
v 1.0000 0.0000 0.0000
v 2.0078 1.0000 0.0000
v 0.0000 -20.0000 4.0000
v -20.0000 64.6374 0.0000
v 0.0000 1.0000 1.0000
v 1.0000 0.0000 0.0000
v 1.0000 0.0000 0.0000
v 0.0000 140.0000 117.4500
v -242.5000 150.9876 0.0000
v 0.0000 1.0000 1.0000
v 1.0000 0.0000 0.0000
v 1.0000 0.0000 0.0000
v 0.0002 674.4406 0.0000
v 4148.7441 0.0000 0.0000
v 1.0000 1.0000 1.0000
v 1.0000 0.0000 0.0000
v 12.6555 38.0981 -91.3334
v 505.8808 0.0000 0.0000
v 1.0000 1.0000 1.0000
v 0.0000 1.0000 0.0000
v 0.0005 103.7524 -0.0004
v 1816.4951 0.0000 0.0000
v 1.0000 1.0000 1.0000
v 0.0000 15.6000 99.4500
v 319.2000 618.1633 0.0000
v 89.0000 0.0000 0.0000
v 0.0000 1.0000 1.0000
v 1.0000 0.0000 0.0000
v 0.0000 0.0000 -30.0000
v 0.0000 1.4142 0.0000
v 0.0000 1.0000 1.0000
v 1.0000 0.0000 0.0000
v 0.0000 320.4246 72.9456
v -251.5904 512.6773 0.0000
v 89.0000 0.0000 0.0000
v 0.0000 1.0000 1.0000
v 1.0000 0.0000 0.0000
v 0.2667 0.9216 0.0000
v 0.0000 0.0000 80.9462
v 66.9634 289.3831 484.8721
v 0.0000 89.0000 0.0000
v 0.0000 0.0000 1.0000
v 1.0000 1.0000 0.0000
v 3.0039 1.0000 0.0000
v -266.2743 53.7151 -268.4535
v 413.7470 0.0000 0.0000
v 0.0000 0.0000 89.0000
v 1.0000 1.0000 1.0000
v 0.5098 1.0000 0.0000
v 8.1285 70.5286 -247.4869
v 647.9239 0.0000 0.0000
v 0.0000 0.0000 89.0000
v 1.0000 1.0000 1.0000
v 0.0588 0.0000 0.0000
v 0.0000 -291.5359 0.0000
v 3374.3962 0.0000 0.0000
v 1.0000 1.0000 1.0000
v 1.0000 0.0000 0.0000
v 0.0000 13.0867 36.0981
v -125.2942 632.3235 0.0000
v 89.0000 0.0000 0.0000
v 0.0000 1.0000 1.0000
v 1.0000 0.0000 0.0000
v 43.3501 89.9604 -199.0574
v 816.1077 0.0000 0.0000
v 0.0000 0.0000 89.0000
v 1.0000 1.0000 1.0000
v 1.0000 0.0000 0.0000
v 0.0000 12.2877 59.2108
v -124.4204 643.2450 0.0000
v 89.0000 0.0000 0.0000
v 0.0000 1.0000 1.0000
v 1.0000 0.0000 0.0000
v 0.0000 1.0000 0.0000
v -8.7337 115.8732 325.0936
v 492.9073 0.0000 0.0000
v 0.0000 0.0000 89.0000
v 1.0000 1.0000 1.0000
v 1.0000 0.0000 0.0000
v 0.0000 0.0000 -17.4143
v -61.5647 10.6320 1225.4507
v 0.0000 0.0000 1.0000
v 1.0000 1.0000 0.0000
v 0.0000 0.0000 126.2500
v 174.1500 -510.3000 76.9562
v 0.0000 0.0000 1.0000
v 1.0000 1.0000 0.0000
v 5.6235 0.1098 0.0000
v 0.0000 1.0000 1.0000
v 1.0000 0.0000 0.0000
v 0.0000 856.4588 0.0000
v 3009.3867 0.0000 0.0000
v 1.0000 1.0000 1.0000
v 1.0000 0.0000 0.0000
v 42.4264 0.0000 0.0000
v -233.0000 0.0500 0.0000
v 1.0000 1.0000 1.0000
v 0.0000 -0.0000 42.4264
v 0.0000 0.0000 165.0000
v 0.0500 -165.0000 0.0000
v 0.0000 0.0000 1.0000
v 1.0000 1.0000 0.0000
v 0.0000 1.0000 0.0000
v 0.0000 42.4264 0.0000
v 0.0000 0.0000 0.0500
v -234.0000 0.0000 0.0000
v 0.0000 1.0000 1.0000
v 1.0000 0.0000 0.0000
v 1.0000 0.0000 0.0000
v 42.4264 0.0000 0.0000
v 233.0000 0.0500 0.0000
v 1.0000 1.0000 1.0000
v 0.0000 0.0000 42.4264
v 0.0500 234.0000 0.0000
v 0.0000 0.0000 1.0000
v 1.0000 1.0000 0.0000
v 0.0000 1.0000 0.0000
v -0.0000 42.4264 0.0000
v 0.0000 165.0000 0.0500
v 165.0000 0.0000 0.0000
v 0.0000 1.0000 1.0000
v 1.0000 0.0000 0.0000
v 1.0000 0.0000 0.0000
v 42.4264 0.0000 0.0000
v -165.0000 0.0500 165.0000
v 1.0000 1.0000 1.0000
v 0.0000 0.0000 42.4264
v 0.0000 0.0000 -165.0000
v 0.0500 -165.0000 0.0000
v 0.0000 0.0000 1.0000
v 1.0000 1.0000 0.0000
v 0.0000 0.0000 -275.0000
v 8.1000 -319.0000 0.0218
v 2.5529 -0.6471 -284.0000
v 8.1000 -299.0000 0.0218
v 2.5373 -0.6706 -264.1826
v 31.1000 -310.9153 0.0218
v 2.5686 -0.6588 -270.5371
v 31.1000 -296.7941 0.0218
v 2.5608 -0.6745 -230.5000
v 8.1000 -314.0000 0.0218
v 2.6275 -0.6549 -263.0000
v 8.1000 -279.0000 0.0218
v 2.5725 -0.6941 -230.6767
v 31.1000 -304.5910 0.0218
v 2.6275 -0.6627 -255.7099
v 31.1000 -282.6730 0.0218
v 2.5843 -0.6902 -183.0000
v 8.1000 -296.0000 0.0218
v 2.7059 -0.6745 -237.0000
v 8.1000 -253.0000 0.0218
v 2.6157 -0.7216 -197.7255
v 31.1000 -293.6759 0.0218
v 2.6824 -0.6745 -235.8525
v 31.1000 -263.3156 0.0218
v 2.6157 -0.7098 -255.4481
v 48.1000 -303.0626 0.0218
v 2.5843 -0.6667 -260.0095
v 48.1000 -292.9262 0.0218
v 2.5765 -0.6784 -230.7161
v 48.1000 -298.5353 0.0218
v 2.6275 -0.6706 -249.3662
v 48.1000 -282.7897 0.0218
v 2.5961 -0.6902 -205.8204
v 48.1000 -289.4057 0.0218
v 2.6667 -0.6824 -233.1888
v 48.1000 -267.6123 0.0218
v 2.6235 -0.7059 -238.5155
v 64.2100 -291.4420 0.0218
v 2.6118 -0.6784 -241.2226
v 64.2100 -285.4261 0.0218
v 2.6078 -0.6863 -228.2885
v 64.2100 -290.2388 0.0218
v 2.6314 -0.6784 -234.9059
v 64.2100 -279.4102 0.0218
v 2.6196 -0.6941 -211.8425
v 59.2100 -284.5237 0.0218
v 2.6588 -0.6863 -228.0853
v 59.2100 -271.5895 0.0218
v 2.6314 -0.7020 -187.0000
v 8.1000 -274.0000 0.0218
v 2.6980 -0.6980 -210.0000
v 8.1000 -246.0000 0.0218
v 2.6588 -0.7294 -192.2255
v 31.1000 -276.6759 0.0218
v 2.6902 -0.6941 -210.3525
v 31.1000 -252.3156 0.0218
v 2.6588 -0.7216 -199.8204
v 48.1000 -275.4057 0.0218
v 2.6784 -0.6980 -211.1888
v 48.1000 -258.6123 0.0218
v 2.6588 -0.7137 -206.8425
v 56.2100 -275.5237 0.0218
v 2.6667 -0.6980 -213.0853
v 56.2100 -264.5895 0.0218
v 2.6549 -0.7098 -279.4400
v 5.1000 -322.6500 0.0218
v 2.5451 -0.6431 -289.4300
v 5.1000 -300.4500 0.0218
v 2.5294 -0.6706 -230.0480
v 5.1000 -318.9584 0.0218
v 2.6275 -0.6471 -267.4448
v 5.1000 -277.9000 0.0218
v 2.5647 -0.6941 -176.0928
v 5.1000 -298.6825 0.0218
v 2.7176 -0.6706 -237.4304
v 5.1000 -247.8856 0.0218
v 2.6157 -0.7255 -181.7600
v 5.1000 -272.7000 0.0218
v 2.7059 -0.6980 -207.2900
v 5.1000 -241.6200 0.0218
v 2.6667 -0.7333 -269.5913
v 19.1000 -314.9576 0.0218
v 2.5608 -0.6510 -277.2686
v 19.1000 -297.8970 0.0218
v 2.5490 -0.6706 -259.3549
v 19.1000 -280.8365 0.0218
v 2.5765 -0.6902 -230.0883
v 19.1000 -310.5455 0.0218
v 2.6275 -0.6588 -191.1127
v 19.1000 -295.3380 0.0218
v 2.6902 -0.6745 -237.1762
v 19.1000 -258.6578 0.0218
v 2.6157 -0.7137 -189.6127
v 19.1000 -275.3380 0.0218
v 2.6941 -0.6980 -210.1762
v 19.1000 -249.1578 0.0218
v 3.2275 -0.7294 129.9000
v 26.1000 -234.9000 0.0218
v 3.2275 -0.7412 130.9000
v 27.1000 -244.1000 0.0218
v 3.2314 -0.7333 130.9000
v 27.1000 -235.9000 0.0218
v 3.2314 -0.7412 150.1000
v 26.1000 -245.1000 0.0218
v 3.2627 -0.7294 150.1000
v 26.1000 -234.9000 0.0218
v 3.2627 -0.7412 149.1000
v 27.1000 -244.1000 0.0218
v 3.2627 -0.7333 149.1000
v 27.1000 -235.9000 0.0218
v 3.2627 -0.7412 129.9000
v 16.1000 -245.1000 0.0218
v 3.2275 -0.7294 129.9000
v 16.1000 -234.9000 0.0218
v 3.2275 -0.7412 129.9000
v 26.1000 -245.1000 0.0218
v 3.2275 -0.7294 129.9000
v 26.1000 -234.9000 0.0218
v 3.2275 -0.7412 150.1000
v 16.1000 -245.1000 0.0218
v 3.2627 -0.7294 150.1000
v 16.1000 -234.9000 0.0218
v 3.2627 -0.7412 150.1000
v 26.1000 -245.1000 0.0218
v 3.2627 -0.7294 150.1000
v 26.1000 -234.9000 0.0218
v 3.2627 -0.7412 130.9000
v 26.1000 -244.1000 0.0218
v 3.2314 -0.7333 130.9000
v 26.1000 -235.9000 0.0218
v 3.2627 -0.7412 130.9000
v 18.1000 -244.1000 0.0218
v 3.2627 -0.7412 -400.0000
v 0.1000 -120.0000 0.0218
v 2.3412 -0.8706 -400.0000
v 0.1000 -80.0000 0.0218
v 2.3412 -0.9137 -400.0000
v 0.1000 -40.0000 0.0218
v 2.3412 -0.9608 -400.0000
v 5.1000 0.0000 0.0218
v 2.3412 -1.0039 -400.0000
v 5.1000 40.0000 0.0218
v 2.3412 -1.0471 -400.0000
v 5.1000 80.0000 0.0218
v 2.3412 -1.0941 -400.0000
v 0.1000 120.0000 0.0218
v 2.3412 -1.1373 -400.0000
v 0.1000 160.0000 0.0218
v 2.3412 -1.1843 -360.0000
v 0.1000 -360.0000 0.0218
v 2.4078 -0.6039 -360.0000
v 5.1000 -320.0000 0.0218
v 2.4078 -0.6471 -360.0000
v 0.1000 -280.0000 0.0218
v 2.4078 -0.6902 -360.0000
v 0.1000 -200.0000 0.0218
v 2.4078 -0.7804 -360.0000
v 5.1000 -160.0000 0.0218
v 2.4078 -0.8235 -360.0000
v 5.1000 -120.0000 0.0218
v 2.4078 -0.8706 -360.0000
v 5.1000 -80.0000 0.0218
v 2.4078 -0.9137 -360.0000
v 5.1000 -40.0000 0.0218
v 2.4078 -0.9608 -360.0000
v 5.1000 0.0000 0.0218
v 2.4078 -1.0039 -360.0000
v 5.1000 40.0000 0.0218
v 2.4078 -1.0471 -360.0000
v 5.1000 80.0000 0.0218
v 2.4078 -1.0941 -360.0000
v 5.1000 120.0000 0.0218
v 2.4078 -1.1373 -360.0000
v 0.1000 160.0000 0.0218
v 2.4078 -1.1843 -320.0000
v 0.1000 -400.0000 0.0218
v 2.4745 -0.5569 -320.0000
v 0.1000 -360.0000 0.0218
v 2.4745 -0.6039 -320.0000
v 5.1000 -320.0000 0.0218
v 2.4745 -0.6471 -320.0000
v 5.1000 -280.0000 0.0218
v 2.4745 -0.6902 -320.0000
v 0.1000 -240.0000 0.0218
v 2.4745 -0.7373 -320.0000
v 5.1000 -200.0000 0.0218
v 2.4745 -0.7804 -320.0000
v 5.1000 -160.0000 0.0218
v 2.4745 -0.8235 -320.0000
v 5.1000 -120.0000 0.0218
v 2.4745 -0.8706 -320.0000
v 5.1000 -80.0000 0.0218
v 2.4745 -0.9137 -320.0000
v 5.1000 -40.0000 0.0218
v 2.4745 -0.9608 -320.0000
v 5.1000 0.0000 0.0218
v 2.4745 -1.0039 -320.0000
v 5.1000 40.0000 0.0218
v 2.4745 -1.0471 -320.0000
v 5.1000 80.0000 0.0218
v 2.4745 -1.0941 -320.0000
v 5.1000 120.0000 0.0218
v 2.4745 -1.1373 -320.0000
v 5.1000 160.0000 0.0218
v 2.4745 -1.1843 -320.0000
v 5.1000 200.0000 0.0218
v 2.4745 -1.2275 -280.0000
v 0.1000 -400.0000 0.0218
v 2.5451 -0.5569 -280.0000
v 0.1000 -360.0000 0.0218
v 2.5451 -0.6039 -280.0000
v 5.1000 -320.0000 0.0218
v 2.5451 -0.6471 -280.0000
v 5.1000 -280.0000 0.0218
v 2.5451 -0.6902 -280.0000
v 5.1000 -240.0000 0.0218
v 2.5451 -0.7373 -280.0000
v 5.1000 -200.0000 0.0218
v 2.5451 -0.7804 -280.0000
v 5.1000 -160.0000 0.0218
v 2.5451 -0.8235 -280.0000
v 5.1000 -120.0000 0.0218
v 2.5451 -0.8706 -280.2000
v 5.1000 -80.2000 0.0218
v 2.5451 -0.9137 -280.2000
v 5.1000 -40.0000 0.0218
v 2.5451 -0.9608 -280.2000
v 0.1000 0.0000 0.0218
v 2.5451 -1.0039 -280.2000
v 0.1000 40.2000 0.0218
v 2.5451 -1.0471 -280.0000
v 5.1000 80.0000 0.0218
v 2.5451 -1.0941 -280.0000
v 5.1000 120.0000 0.0218
v 2.5451 -1.1373 -280.0000
v 5.1000 160.0000 0.0218
v 2.5451 -1.1843 -280.0000
v 5.1000 200.0000 0.0218
v 2.5451 -1.2275 -280.0000
v 5.1000 240.0000 0.0218
v 2.5451 -1.2706 -240.0000
v 0.1000 -400.0000 0.0218
v 2.6118 -0.5569 -240.0000
v 5.1000 -360.0000 0.0218
v 2.6118 -0.6039 -240.0000
v 5.1000 -320.0000 0.0218
v 2.6118 -0.6471 -240.0000
v 5.1000 -280.0000 0.0218
v 2.6118 -0.6902 -240.0000
v 5.1000 -240.0000 0.0218
v 2.6118 -0.7373 -240.0000
v 5.1000 -200.0000 0.0218
v 2.6118 -0.7804 -240.0000
v 5.1000 -160.0000 0.0218
v 2.6118 -0.8235 -240.0000
v 5.1000 -120.0000 0.0218
v 2.6118 -0.8706 -239.8000
v 5.1000 -80.2000 0.0218
v 2.6118 -0.9137 -239.8000
v 5.1000 -40.0000 0.0218
v 2.6118 -0.9608 -239.8000
v 5.1000 0.0000 0.0218
v 2.6118 -1.0039 -239.8000
v 5.1000 40.2000 0.0218
v 2.6118 -1.0471 -240.0000
v 0.1000 80.0000 0.0218
v 2.6118 -1.0941 -240.0000
v 5.1000 120.0000 0.0218
v 2.6118 -1.1373 -240.0000
v 5.1000 160.0000 0.0218
v 2.6118 -1.1843 -240.0000
v 5.1000 200.0000 0.0218
v 2.6118 -1.2275 -240.0000
v 5.1000 240.0000 0.0218
v 2.6118 -1.2706 -200.0000
v 0.1000 -400.0000 0.0218
v 2.6784 -0.5569 -200.0000
v 5.1000 -360.0000 0.0218
v 2.6784 -0.6039 -200.0000
v 5.1000 -320.0000 0.0218
v 2.6784 -0.6471 -200.0000
v 5.1000 -280.0000 0.0218
v 2.6784 -0.6902 -200.0000
v 5.1000 -240.0000 0.0218
v 2.6784 -0.7373 -200.0000
v 5.1000 -200.0000 0.0218
v 2.6784 -0.7804 -200.0000
v 5.1000 -160.0000 0.0218
v 2.6784 -0.8235 -200.0000
v 5.1000 -120.0000 0.0218
v 2.6784 -0.8706 -200.0000
v 5.1000 -80.0000 0.0218
v 2.6784 -0.9137 -200.0000
v 5.1000 -40.0000 0.0218
v 2.6784 -0.9608 -200.0000
v 5.1000 0.0000 0.0218
v 2.6784 -1.0039 -200.0000
v 5.1000 40.0000 0.0218
v 2.6784 -1.0471 -200.0000
v 0.1000 80.0000 0.0218
v 2.6784 -1.0941 -200.0000
v 5.1000 120.0000 0.0218
v 2.6784 -1.1373 -200.0000
v 5.1000 160.0000 0.0218
v 2.6784 -1.1843 -200.0000
v 5.1000 200.0000 0.0218
v 2.6784 -1.2275 -200.0000
v 5.1000 240.0000 0.0218
v 2.6784 -1.2706 -160.0000
v 0.1000 -400.0000 0.0218
v 2.7451 -0.5569 -160.0000
v 5.1000 -360.0000 0.0218
v 2.7451 -0.6039 -160.0000
v 5.1000 -320.0000 0.0218
v 2.7451 -0.6471 -160.0000
v 5.1000 -280.0000 0.0218
v 2.7451 -0.6902 -160.0000
v 5.1000 -240.0000 0.0218
v 2.7451 -0.7373 -160.0000
v 5.1000 -200.0000 0.0218
v 2.7451 -0.7804 -160.0000
v 5.1000 -160.0000 0.0218
v 2.7451 -0.8235 -160.0000
v 5.1000 -120.0000 0.0218
v 2.7451 -0.8706 -160.0000
v 5.1000 -80.0000 0.0218
v 2.7451 -0.9137 -160.0000
v 5.1000 -40.0000 0.0218
v 2.7451 -0.9608 -160.0000
v 0.1000 0.0000 0.0218
v 2.7451 -1.0039 -160.0000
v 0.1000 40.0000 0.0218
v 2.7451 -1.0471 -160.0000
v 0.1000 80.0000 0.0218
v 2.7451 -1.0941 -160.0000
v 5.1000 120.0000 0.0218
v 2.7451 -1.1373 -160.0000
v 5.1000 160.0000 0.0218
v 2.7451 -1.1843 -160.0000
v 5.1000 200.0000 0.0218
v 2.7451 -1.2275 -160.0000
v 5.1000 240.0000 0.0218
v 2.7451 -1.2706 -120.0000
v 5.1000 -400.0000 0.0218
v 2.8118 -0.5569 -120.0000
v 5.1000 -360.0000 0.0218
v 2.8118 -0.6039 -120.0000
v 5.1000 -320.0000 0.0218
v 2.8118 -0.6471 -120.0000
v 5.1000 -280.0000 0.0218
v 2.8118 -0.6902 -120.0000
v 5.1000 -240.0000 0.0218
v 2.8118 -0.7373 -120.0000
v 5.1000 -200.0000 0.0218
v 2.8118 -0.7804 -120.0000
v 5.1000 -160.0000 0.0218
v 2.8118 -0.8235 -120.0000
v 5.1000 -120.0000 0.0218
v 2.8118 -0.8706 -120.0000
v 5.1000 -80.0000 0.0218
v 2.8118 -0.9137 -120.0000
v 0.1000 -40.0000 0.0218
v 2.8118 -0.9608 -120.0000
v 0.1000 0.0000 0.0218
v 2.8118 -1.0039 -120.0000
v 0.1000 40.0000 0.0218
v 2.8118 -1.0471 -120.0000
v 0.1000 80.0000 0.0218
v 2.8118 -1.0941 -120.0000
v 5.1000 120.0000 0.0218
v 2.8118 -1.1373 -120.0000
v 5.1000 160.0000 0.0218
v 2.8118 -1.1843 -120.0000
v 5.1000 200.0000 0.0218
v 2.8118 -1.2275 -120.0000
v 5.1000 240.0000 0.0218
v 2.8118 -1.2706 -120.0000
v 5.1000 280.0000 0.0218
v 2.8118 -1.3176 -80.0000
v 5.1000 -400.0000 0.0218
v 2.8784 -0.5569 -80.0000
v 5.1000 -360.0000 0.0218
v 2.8784 -0.6039 -80.0000
v 5.1000 -320.0000 0.0218
v 2.8784 -0.6471 -80.0000
v 5.1000 -280.0000 0.0218
v 2.8784 -0.6902 -80.0000
v 5.1000 -240.0000 0.0218
v 2.8784 -0.7373 -80.0000
v 5.1000 -200.0000 0.0218
v 2.8784 -0.7804 -80.0000
v 5.1000 -160.0000 0.0218
v 2.8784 -0.8235 -80.0000
v 0.1000 -120.0000 0.0218
v 2.8784 -0.8706 -80.0000
v 0.1000 -80.0000 0.0218
v 2.8784 -0.9137 -80.0000
v 0.1000 -40.0000 0.0218
v 2.8784 -0.9608 -80.0000
v 0.1000 0.0000 0.0218
v 2.8784 -1.0039 -80.0000
v 0.1000 40.0000 0.0218
v 2.8784 -1.0471 -80.0000
v 0.1000 80.0000 0.0218
v 2.8784 -1.0941 -80.0000
v 5.1000 120.0000 0.0218
v 2.8784 -1.1373 -80.0000
v 5.1000 160.0000 0.0218
v 2.8784 -1.1843 -80.0000
v 5.1000 200.0000 0.0218
v 2.8784 -1.2275 -80.0000
v 5.1000 240.0000 0.0218
v 2.8784 -1.2706 -80.0000
v 5.1000 280.0000 0.0218
v 2.8784 -1.3176 -40.0000
v 5.1000 -400.0000 0.0218
v 2.9451 -0.5569 -40.0000
v 5.1000 -360.0000 0.0218
v 2.9451 -0.6039 -40.0000
v 5.1000 -320.0000 0.0218
v 2.9451 -0.6471 -40.0000
v 5.1000 -280.0000 0.0218
v 2.9451 -0.6902 -40.0000
v 5.1000 -240.0000 0.0218
v 2.9451 -0.7373 -40.0000
v 5.1000 -200.0000 0.0218
v 2.9451 -0.7804 -40.0000
v 0.1000 -160.0000 0.0218
v 2.9451 -0.8235 -40.0000
v 0.1000 -120.0000 0.0218
v 2.9451 -0.8706 -40.2000
v 0.1000 -80.1000 0.0218
v 2.9451 -0.9137 -40.2000
v 0.1000 -40.0000 0.0218
v 2.9451 -0.9608 -40.2000
v 0.1000 0.0000 0.0218
v 2.9451 -1.0039 -40.2000
v 0.1000 40.1000 0.0218
v 2.9451 -1.0471 -40.0000
v 0.1000 80.0000 0.0218
v 2.9451 -1.0941 -40.0000
v 5.1000 120.0000 0.0218
v 2.9451 -1.1373 -40.0000
v 5.1000 160.0000 0.0218
v 2.9451 -1.1843 -40.0000
v 5.1000 200.0000 0.0218
v 2.9451 -1.2275 -40.0000
v 5.1000 240.0000 0.0218
v 2.9451 -1.2706 -40.0000
v 5.1000 280.0000 0.0218
v 2.9451 -1.3176 0.0000
v 5.1000 -400.0000 0.0218
v 3.0118 -0.5569 0.0000
v 5.1000 -360.0000 0.0218
v 3.0118 -0.6039 0.0000
v 5.1000 -320.0000 0.0218
v 3.0118 -0.6471 0.0000
v 5.1000 -280.0000 0.0218
v 3.0118 -0.6902 0.0000
v 5.1000 -240.0000 0.0218
v 3.0118 -0.7373 0.0000
v 5.1000 -200.0000 0.0218
v 3.0118 -0.7804 0.0000
v 5.1000 -160.0000 0.0218
v 3.0118 -0.8235 0.0000
v 0.1000 -120.0000 0.0218
v 3.0118 -0.8706 0.2000
v 0.1000 -80.1000 0.0218
v 3.0118 -0.9137 0.2000
v 0.1000 -40.0000 0.0218
v 3.0118 -0.9608 0.2000
v 0.1000 0.0000 0.0218
v 3.0118 -1.0039 0.2000
v 0.1000 40.1000 0.0218
v 3.0118 -1.0471 0.0000
v 5.1000 80.0000 0.0218
v 3.0118 -1.0941 0.0000
v 5.1000 120.0000 0.0218
v 3.0118 -1.1373 0.0000
v 5.1000 160.0000 0.0218
v 3.0118 -1.1843 0.0000
v 5.1000 200.0000 0.0218
v 3.0118 -1.2275 0.0000
v 5.1000 240.0000 0.0218
v 3.0118 -1.2706 0.0000
v 5.1000 280.0000 0.0218
v 3.0118 -1.3176 40.0000
v 5.1000 -400.0000 0.0218
v 3.0784 -0.5569 40.0000
v 5.1000 -360.0000 0.0218
v 3.0784 -0.6039 40.0000
v 5.1000 -320.0000 0.0218
v 3.0784 -0.6471 40.0000
v 5.1000 -280.0000 0.0218
v 3.0784 -0.6902 40.0000
v 5.1000 -240.0000 0.0218
v 3.0784 -0.7373 40.0000
v 5.1000 -200.0000 0.0218
v 3.0784 -0.7804 40.0000
v 5.1000 -160.0000 0.0218
v 3.0784 -0.8235 40.0000
v 5.1000 -120.0000 0.0218
v 3.0784 -0.8706 40.0000
v 0.1000 -80.0000 0.0218
v 3.0784 -0.9137 40.0000
v 0.1000 -40.0000 0.0218
v 3.0784 -0.9608 40.0000
v 0.1000 0.0000 0.0218
v 3.0784 -1.0039 40.0000
v 5.1000 40.0000 0.0218
v 3.0784 -1.0471 40.0000
v 5.1000 80.0000 0.0218
v 3.0784 -1.0941 40.0000
v 5.1000 120.0000 0.0218
v 3.0784 -1.1373 40.0000
v 5.1000 160.0000 0.0218
v 3.0784 -1.1843 40.0000
v 5.1000 200.0000 0.0218
v 3.0784 -1.2275 40.0000
v 5.1000 240.0000 0.0218
v 3.0784 -1.2706 40.0000
v 5.1000 280.0000 0.0218
v 3.0784 -1.3176 80.0000
v 5.1000 -400.0000 0.0218
v 3.1451 -0.5569 80.0000
v 5.1000 -360.0000 0.0218
v 3.1451 -0.6039 80.0000
v 5.1000 -320.0000 0.0218
v 3.1451 -0.6471 80.0000
v 5.1000 -280.0000 0.0218
v 3.1451 -0.6902 80.0000
v 5.1000 -240.0000 0.0218
v 3.1451 -0.7373 80.0000
v 5.1000 -200.0000 0.0218
v 3.1451 -0.7804 79.9000
v 5.1000 -160.0000 0.0218
v 3.1451 -0.8235 80.0000
v 5.1000 -120.0000 0.0218
v 3.1451 -0.8706 80.0000
v 5.1000 -80.0000 0.0218
v 3.1451 -0.9137 80.0000
v 5.1000 -40.0000 0.0218
v 3.1451 -0.9608 80.0000
v 5.1000 0.0000 0.0218
v 3.1451 -1.0039 80.0000
v 5.1000 40.0000 0.0218
v 3.1451 -1.0471 80.0000
v 5.1000 80.0000 0.0218
v 3.1451 -1.0941 80.0000
v 5.1000 120.0000 0.0218
v 3.1451 -1.1373 80.0000
v 5.1000 160.0000 0.0218
v 3.1451 -1.1843 80.0000
v 5.1000 200.0000 0.0218
v 3.1451 -1.2275 80.0000
v 5.1000 240.0000 0.0218
v 3.1451 -1.2706 80.0000
v 5.1000 280.0000 0.0218
v 3.1451 -1.3176 120.0000
v 5.1000 -400.0000 0.0218
v 3.2118 -0.5569 120.0000
v 5.1000 -360.0000 0.0218
v 3.2118 -0.6039 120.0000
v 5.1000 -319.9000 0.0218
v 3.2118 -0.6471 120.0000
v 5.1000 -280.0000 0.0218
v 3.2118 -0.6902 120.0000
v 5.1000 -240.0000 0.0218
v 3.2118 -0.7373 120.0000
v 5.1000 -200.0000 0.0218
v 3.2118 -0.7804 120.0000
v 5.1000 -160.0000 0.0218
v 3.2118 -0.8235 120.0000
v 5.1000 -120.0000 0.0218
v 3.2118 -0.8706 120.0000
v 5.1000 -80.0000 0.0218
v 3.2118 -0.9137 120.0000
v 5.1000 -40.0000 0.0218
v 3.2118 -0.9608 120.0000
v 5.1000 0.0000 0.0218
v 3.2118 -1.0039 120.0000
v 5.1000 40.0000 0.0218
v 3.2118 -1.0471 120.0000
v 5.1000 80.0000 0.0218
v 3.2118 -1.0941 120.0000
v 5.1000 120.0000 0.0218
v 3.2118 -1.1373 120.0000
v 5.1000 160.0000 0.0218
v 3.2118 -1.1843 120.0000
v 5.1000 200.0000 0.0218
v 3.2118 -1.2275 120.0000
v 5.1000 240.0000 0.0218
v 3.2118 -1.2706 120.0000
v 5.1000 280.0000 0.0218
v 3.2118 -1.3176 160.0000
v 0.1000 -400.0000 0.0218
v 3.2784 -0.5569 160.0000
v 5.1000 -360.0000 0.0218
v 3.2784 -0.6039 160.0000
v 5.1000 -319.9000 0.0218
v 3.2784 -0.6471 160.0000
v 5.1000 -280.0000 0.0218
v 3.2784 -0.6902 160.0000
v 5.1000 -240.0000 0.0218
v 3.2784 -0.7373 160.0000
v 5.1000 -200.0000 0.0218
v 3.2784 -0.7804 160.0000
v 5.1000 -160.0000 0.0218
v 3.2784 -0.8235 160.0000
v 5.1000 -120.0000 0.0218
v 3.2784 -0.8706 160.0000
v 5.1000 -80.0000 0.0218
v 3.2784 -0.9137 160.0000
v 5.1000 -40.0000 0.0218
v 3.2784 -0.9608 160.0000
v 5.1000 0.0000 0.0218
v 3.2784 -1.0039 160.0000
v 5.1000 40.0000 0.0218
v 3.2784 -1.0471 160.0000
v 5.1000 80.0000 0.0218
v 3.2784 -1.0941 160.0000
v 5.1000 120.0000 0.0218
v 3.2784 -1.1373 160.0000
v 5.1000 160.0000 0.0218
v 3.2784 -1.1843 160.0000
v 5.1000 200.0000 0.0218
v 3.2784 -1.2275 160.0000
v 5.1000 240.0000 0.0218
v 3.2784 -1.2706 200.0000
v 0.1000 -400.0000 0.0218
v 3.3451 -0.5569 200.0000
v 5.1000 -360.0000 0.0218
v 3.3451 -0.6039 200.0000
v 5.1000 -320.0000 0.0218
v 3.3451 -0.6471 200.0000
v 5.1000 -280.0000 0.0218
v 3.3451 -0.6902 200.0000
v 5.1000 -240.0000 0.0218
v 3.3451 -0.7373 200.0000
v 5.1000 -200.0000 0.0218
v 3.3451 -0.7804 200.0000
v 5.1000 -160.0000 0.0218
v 3.3451 -0.8235 200.0000
v 5.1000 -120.0000 0.0218
v 3.3451 -0.8706 200.0000
v 5.1000 -80.0000 0.0218
v 3.3451 -0.9137 200.0000
v 5.1000 -40.0000 0.0218
v 3.3451 -0.9608 200.0000
v 5.1000 0.0000 0.0218
v 3.3451 -1.0039 200.0000
v 5.1000 40.0000 0.0218
v 3.3451 -1.0471 200.0000
v 5.1000 80.0000 0.0218
v 3.3451 -1.0941 200.0000
v 5.1000 120.0000 0.0218
v 3.3451 -1.1373 200.0000
v 5.1000 160.0000 0.0218
v 3.3451 -1.1843 200.0000
v 5.1000 200.0000 0.0218
v 3.3451 -1.2275 200.0000
v 5.1000 240.0000 0.0218
v 3.3451 -1.2706 240.0000
v 0.1000 -400.0000 0.0218
v 3.4118 -0.5569 240.0000
v 5.1000 -360.0000 0.0218
v 3.4118 -0.6039 240.0000
v 5.1000 -320.0000 0.0218
v 3.4118 -0.6471 240.0000
v 5.1000 -280.0000 0.0218
v 3.4118 -0.6902 240.0000
v 5.1000 -240.0000 0.0218
v 3.4118 -0.7373 240.0000
v 5.1000 -200.0000 0.0218
v 3.4118 -0.7804 240.0000
v 5.1000 -160.0000 0.0218
v 3.4118 -0.8235 240.0000
v 5.1000 -120.0000 0.0218
v 3.4118 -0.8706 240.0000
v 5.1000 -80.0000 0.0218
v 3.4118 -0.9137 240.0000
v 7.1000 -40.0000 0.0218
v 3.4118 -0.9608 240.0000
v 7.1000 0.0000 0.0218
v 3.4118 -1.0039 240.0000
v 5.1000 40.0000 0.0218
v 3.4118 -1.0471 240.0000
v 5.1000 80.0000 0.0218
v 3.4118 -1.0941 240.0000
v 5.1000 120.0000 0.0218
v 3.4118 -1.1373 240.0000
v 5.1000 160.0000 0.0218
v 3.4118 -1.1843 240.0000
v 5.1000 200.0000 0.0218
v 3.4118 -1.2275 240.0000
v 5.1000 240.0000 0.0218
v 3.4118 -1.2706 280.0000
v 0.1000 -360.0000 0.0218
v 3.4784 -0.6039 280.0000
v 5.1000 -320.0000 0.0218
v 3.4784 -0.6471 280.0000
v 5.1000 -280.0000 0.0218
v 3.4784 -0.6902 280.0000
v 5.1000 -240.0000 0.0218
v 3.4784 -0.7373 280.0000
v 5.1000 -200.0000 0.0218
v 3.4784 -0.7804 280.0000
v 0.1000 -160.0000 0.0218
v 3.4784 -0.8235 280.0000
v 0.1000 -120.0000 0.0218
v 3.4784 -0.8706 280.0000
v 5.1000 -80.0000 0.0218
v 3.4784 -0.9137 280.0000
v 10.1000 -40.0000 0.0218
v 3.4784 -0.9608 280.0000
v 10.1000 0.0000 0.0218
v 3.4784 -1.0039 280.0000
v 5.1000 40.0000 0.0218
v 3.4784 -1.0471 280.0000
v 5.1000 80.0000 0.0218
v 3.4784 -1.0941 280.0000
v 5.1000 120.0000 0.0218
v 3.4784 -1.1373 280.0000
v 5.1000 160.0000 0.0218
v 3.4784 -1.1843 280.0000
v 5.1000 200.0000 0.0218
v 3.4784 -1.2275 280.0000
v 0.1000 240.0000 0.0218
v 3.4784 -1.2706 320.0000
v 0.1000 -360.0000 0.0218
v 3.5490 -0.6039 320.0000
v 5.1000 -320.0000 0.0218
v 3.5490 -0.6471 320.0000
v 9.1000 -280.0000 0.0218
v 3.5490 -0.6902 320.0000
v 9.1000 -240.0000 0.0218
v 3.5490 -0.7373 320.0000
v 9.1000 -200.0000 0.0218
v 3.5490 -0.7804 320.0000
v 0.1000 -160.0000 0.0218
v 3.5490 -0.8235 320.0000
v 0.1000 -120.0000 0.0218
v 3.5490 -0.8706 320.0000
v 4.1000 -80.0000 0.0218
v 3.5490 -0.9137 320.0000
v 12.1000 -40.0000 0.0218
v 3.5490 -0.9608 320.0000
v 12.1000 0.0000 0.0218
v 3.5490 -1.0039 320.0000
v 3.1000 40.0000 0.0218
v 3.5490 -1.0471 320.0000
v 5.1000 80.0000 0.0218
v 3.5490 -1.0941 320.0000
v 5.1000 120.0000 0.0218
v 3.5490 -1.1373 320.0000
v 5.1000 160.0000 0.0218
v 3.5490 -1.1843 320.0000
v 5.1000 200.0000 0.0218
v 3.5490 -1.2275 320.0000
v 0.1000 240.0000 0.0218
v 3.5490 -1.2706 360.0000
v 9.1000 -280.0000 0.0218
v 3.6157 -0.6902 360.0000
v 9.1000 -240.0000 0.0218
v 3.6157 -0.7373 360.0000
v 9.1000 -200.0000 0.0218
v 3.6157 -0.7804 360.0000
v 3.1000 -160.0000 0.0218
v 3.6157 -0.8235 360.0000
v 2.1000 -120.0000 0.0218
v 3.6157 -0.8706 360.0000
v 6.1000 -80.0000 0.0218
v 3.6157 -0.9137 360.0000
v 14.1000 -40.0000 0.0218
v 3.6157 -0.9608 360.0000
v 14.1000 0.0000 0.0218
v 3.6157 -1.0039 360.0000
v 2.1000 40.0000 0.0218
v 3.6157 -1.0471 360.0000
v 0.1000 80.0000 0.0218
v 3.6157 -1.0941 360.0000
v 5.1000 120.0000 0.0218
v 3.6157 -1.1373 360.0000
v 5.1000 160.0000 0.0218
v 3.6157 -1.1843 360.0000
v 5.1000 200.0000 0.0218
v 3.6157 -1.2275 400.0000
v 9.1000 -280.0000 0.0218
v 3.6824 -0.6902 400.0000
v 9.1000 -240.0000 0.0218
v 3.6824 -0.7373 400.0000
v 9.1000 -200.0000 0.0218
v 3.6824 -0.7804 400.0000
v 3.1000 -160.0000 0.0218
v 3.6824 -0.8235 400.0000
v 2.1000 -120.0000 0.0218
v 3.6824 -0.8706 400.0000
v 6.1000 -80.0000 0.0218
v 3.6824 -0.9137 400.0000
v 14.1000 -40.0000 0.0218
v 3.6824 -0.9608 400.0000
v 14.1000 0.0000 0.0218
v 3.6824 -1.0039 400.0000
v 2.1000 40.0000 0.0218
v 3.6824 -1.0471 400.0000
v 0.1000 80.0000 0.0218
v 3.6824 -1.0941 400.0000
v 0.1000 120.0000 0.0218
v 3.6824 -1.1373 400.0000
v 5.1000 160.0000 0.0218
v 3.6824 -1.1843 400.0000
v 5.1000 200.0000 0.0218
v 3.6824 -1.2275 -40.2000
v 4.1000 40.1000 0.0218
v 2.9451 -1.0471 0.2000
v 10.1000 40.1000 0.0218
v 3.0118 -1.0471 0.2000
v 10.1000 0.0000 0.0218
v 3.0118 -1.0039 -40.2000
v 4.1000 0.0000 0.0218
v 2.9451 -1.0039 0.2000
v 10.1000 -40.0000 0.0218
v 3.0118 -0.9608 -40.2000
v 4.1000 -40.0000 0.0218
v 2.9451 -0.9608 0.2000
v 10.1000 -80.1000 0.0218
v 3.0118 -0.9137 -40.2000
v 4.1000 -80.1000 0.0218
v 2.9451 -0.9137 -280.2000
v 15.1000 40.2000 0.0218
v 2.5451 -1.0471 -239.8000
v 9.1000 40.2000 0.0218
v 2.6118 -1.0471 -239.8000
v 9.1000 0.0000 0.0218
v 2.6118 -1.0039 -280.2000
v 15.1000 0.0000 0.0218
v 2.5451 -1.0039 -239.8000
v 9.1000 -40.0000 0.0218
v 2.6118 -0.9608 -280.2000
v 15.1000 -40.0000 0.0218
v 2.5451 -0.9608 -239.8000
v 9.1000 -80.2000 0.0218
v 2.6118 -0.9137 -280.2000
v 15.1000 -80.2000 0.0218
v 2.5451 -0.9137 -454.0000
v 5.1000 65.0000 0.0218
v 2.2510 -1.0745 -454.0000
v 29.1000 88.0000 0.0218
v 2.2510 -1.1020 -454.0000
v 83.1000 121.0000 0.0218
v 2.2510 -1.1373 -454.0000
v 135.1000 201.0000 0.0218
v 2.2510 -1.2275 -454.0000
v 175.1000 281.0000 0.0218
v 2.2510 -1.3176 -380.0000
v 5.1000 90.5000 0.0218
v 2.3765 -1.1059 -380.0000
v 29.1000 113.5000 0.0218
v 2.3765 -1.1294 -380.0000
v 83.1000 146.5000 0.0218
v 2.3765 -1.1686 -380.0000
v 135.1000 226.5000 0.0218
v 2.3765 -1.2549 -380.0000
v 175.1000 306.5000 0.0218
v 2.3765 -1.3451 -309.0000
v 5.1000 141.0000 0.0218
v 2.4941 -1.1608 -309.0000
v 29.1000 164.0000 0.0218
v 2.4941 -1.1882 -309.0000
v 75.1000 197.0000 0.0218
v 2.4941 -1.2235 -309.0000
v 115.1000 277.0000 0.0218
v 2.4941 -1.3137 -309.0000
v 155.1000 357.0000 0.0218
v 2.4941 -1.4039 -240.0000
v 5.1000 210.0000 0.0218
v 2.6118 -1.2392 -240.0000
v 29.1000 233.0000 0.0218
v 2.6118 -1.2627 -240.0000
v 55.1000 266.0000 0.0218
v 2.6118 -1.3020 -240.0000
v 95.1000 331.0000 0.0218
v 2.6118 -1.3725 -240.0000
v 135.1000 409.0000 0.0218
v 2.6118 -1.4588 -144.0000
v 5.1000 234.5000 0.0218
v 2.7725 -1.2667 -144.0000
v 29.1000 257.5000 0.0218
v 2.7725 -1.2902 -144.0000
v 55.1000 290.5000 0.0218
v 2.7725 -1.3294 -152.5000
v 95.1000 350.0000 0.0218
v 2.7569 -1.3961 -160.0000
v 148.1000 433.0000 0.0218
v 2.7451 -1.4863 -86.5000
v 5.1500 236.5000 0.0218
v 2.8667 -1.2667 -86.5000
v 29.1000 259.5000 0.0218
v 2.8667 -1.2941 -67.5000
v 62.1000 287.5000 0.0218
v 2.8980 -1.3255 -75.0000
v 133.1000 366.0000 0.0218
v 2.8863 -1.4118 -75.0000
v 183.1000 452.5000 0.0218
v 2.8863 -1.5098 0.0000
v 5.1000 238.0000 0.0218
v 3.0118 -1.2706 0.0000
v 86.2000 288.0000 0.0218
v 3.0118 -1.3255 0.0000
v 150.1000 366.0000 0.0218
v 3.0118 -1.4118 0.0000
v 204.1000 452.5000 0.0218
v 3.0118 -1.5098 85.0000
v 5.1500 230.0000 0.0218
v 3.1529 -1.2588 92.0000
v 29.1000 253.0000 0.0218
v 3.1647 -1.2863 66.5000
v 66.1000 280.0000 0.0218
v 3.1216 -1.3176 80.0000
v 153.1000 356.0000 0.0218
v 3.1451 -1.4000 80.0000
v 203.1000 442.5000 0.0218
v 3.1451 -1.4980 145.5000
v 5.1000 211.0000 0.0218
v 3.2549 -1.2392 145.5000
v 29.1000 234.0000 0.0218
v 3.2549 -1.2667 145.5000
v 79.1000 267.0000 0.0218
v 3.2549 -1.3020 155.0000
v 149.1000 356.5000 0.0218
v 3.2706 -1.4000 160.0000
v 188.1000 433.0000 0.0218
v 3.2784 -1.4863 226.5000
v 5.1000 190.0000 0.0218
v 3.3922 -1.2157 226.5000
v 29.1000 213.0000 0.0218
v 3.3922 -1.2431 231.0000
v 75.1000 244.0000 0.0218
v 3.4000 -1.2745 240.0000
v 118.1000 323.0000 0.0218
v 3.4118 -1.3647 240.0000
v 158.1000 410.0000 0.0218
v 3.4118 -1.4627 320.0000
v 5.1000 183.0000 0.0218
v 3.5490 -1.2078 320.0000
v 29.1000 206.0000 0.0218
v 3.5490 -1.2353 320.0000
v 75.1000 239.0000 0.0218
v 3.5490 -1.2706 320.0000
v 102.1000 319.0000 0.0218
v 3.5490 -1.3608 320.0000
v 150.1000 403.5000 0.0218
v 3.5490 -1.4549 400.0000
v 5.1000 200.0000 0.0218
v 3.6824 -1.2275 400.0000
v 29.1000 223.0000 0.0218
v 3.6824 -1.2510 400.0000
v 70.1000 256.0000 0.0218
v 3.6824 -1.2902 400.0000
v 97.1000 336.0000 0.0218
v 3.6824 -1.3804 400.0000
v 133.1000 416.0000 0.0218
v 3.6824 -1.4667 480.0000
v 5.1000 251.0000 0.0218
v 3.8157 -1.2824 480.0000
v 29.1000 274.0000 0.0218
v 3.8157 -1.3098 480.0000
v 65.1000 307.0000 0.0218
v 3.8157 -1.3451 480.0000
v 92.1000 387.0000 0.0218
v 3.8157 -1.4353 480.0000
v 118.1000 467.0000 0.0218
v 3.8157 -1.5255 -76.0000
v 5.1500 250.5000 0.0218
v 2.8863 -1.2824 -76.0000
v 29.1000 272.5000 0.0218
v 2.8863 -1.3098 -63.5000
v 53.0000 286.9000 0.0218
v 2.9059 -1.3255 0.0000
v 5.1500 260.0000 0.0218
v 3.0118 -1.2941 73.0000
v 5.1500 243.0000 0.0218
v 3.1333 -1.2745 80.0000
v 29.1000 269.0000 0.0218
v 3.1451 -1.3059 59.5000
v 57.0000 284.9000 0.0218
v 3.1098 -1.3216 259.4471
v -105.9000 -734.4410 0.0218
v 3.4510 -0.1843 258.2440
v -1.2333 -733.6978 0.0218
v 3.4471 -0.1843 285.8870
v -1.2333 -802.8616 0.0218
v 3.4941 -0.1059 287.0901
v -105.9000 -803.6049 0.0218
v 3.4941 -0.1059 596.3972
v 14.7667 -667.3453 0.0218
v 4.0078 -0.2588 596.3972
v -105.9000 -667.3453 0.0218
v 4.0078 -0.2588 611.7255
v -105.9000 -732.2258 0.0218
v 4.0353 -0.1843 611.7255
v 14.7667 -732.2258 0.0218
v 4.0353 -0.1843 246.3890
v 88.4333 -731.3609 0.0218
v 3.4275 -0.1882 267.2564
v 109.1000 -732.6882 0.0218
v 3.4588 -0.1882 300.7388
v 133.1000 -800.4725 0.0218
v 3.5137 -0.1098 276.1549
v 101.4333 -805.1609 0.0218
v 3.4784 -0.1059 399.3983
v 149.1000 -780.2465 0.0218
v 3.6784 -0.1333 382.4605
v 134.1000 -708.5535 0.0218
v 3.6510 -0.2118 595.2972
v 154.1000 -668.5452 0.0218
v 4.0078 -0.2588 618.8345
v 128.4334 -657.9342 0.0218
v 4.0471 -0.2706 632.3927
v 152.4334 -728.3705 0.0218
v 4.0667 -0.1882 610.6254
v 170.1001 -733.4257 0.0218
v 4.0353 -0.1843 508.5331
v 172.1001 -756.5179 0.0218
v 3.8627 -0.1608 486.7828
v 148.1000 -681.8518 0.0218
v 3.8275 -0.2431 266.7940
v -1.2333 -669.8547 0.0218
v 3.4627 -0.2549 279.7371
v -105.9000 -672.4482 0.0218
v 3.4824 -0.2549 300.2233
v -105.9000 -624.0270 0.0218
v 3.5176 -0.3059 291.3683
v -17.2333 -614.8162 0.0218
v 3.5020 -0.3176 374.4673
v -16.2333 -578.7433 0.0218
v 3.6392 -0.3569 374.4673
v -105.9000 -578.7433 0.0218
v 3.6392 -0.3569 519.3558
v 0.7667 -559.9257 0.0218
v 3.8824 -0.3804 439.3478
v -11.2333 -563.4150 0.0218
v 3.7490 -0.3765 439.3478
v -98.9000 -563.4150 0.0218
v 3.7490 -0.3765 519.3558
v -93.9000 -559.9257 0.0218
v 3.8824 -0.3804 571.5667
v -98.9000 -605.7371 0.0218
v 3.9647 -0.3255 571.5667
v 14.7667 -605.7371 0.0218
v 3.9647 -0.3255 276.0979
v 93.1000 -674.4278 0.0218
v 3.4745 -0.2510 255.2305
v 72.4334 -673.1005 0.0218
v 3.4431 -0.2510 284.0533
v 51.4334 -599.0764 0.0218
v 3.4902 -0.3333 290.2117
v 68.1000 -621.0870 0.0218
v 3.4980 -0.3098 369.4089
v 57.4334 -557.3327 0.0218
v 3.6314 -0.3804 375.5673
v 72.1000 -579.3433 0.0218
v 3.6392 -0.3569 367.1322
v 109.1000 -643.6729 0.0218
v 3.6275 -0.2863 434.2895
v 71.4333 -542.0045 0.0218
v 3.7412 -0.4000 514.2974
v 90.4333 -538.5152 0.0218
v 3.8745 -0.4039 520.4558
v 107.1000 -560.5258 0.0218
v 3.8824 -0.3804 440.4478
v 86.1000 -564.0150 0.0218
v 3.7490 -0.3765 594.0040
v 118.4333 -596.3262 0.0218
v 4.0039 -0.3373 570.4667
v 132.1000 -606.9371 0.0218
v 3.9647 -0.3255 460.6957
v 123.1000 -623.6232 0.0218
v 3.7843 -0.3098 -1019.5698
v 38.4333 -369.3932 0.0218
v 1.3098 -0.5882 -410.8140
v -16.5667 -797.4977 0.0218
v 2.3176 -0.1176 -410.8140
v -175.1000 -797.4977 0.0218
v 2.3176 -0.1176 -466.7479
v -175.1000 -872.7034 0.0218
v 2.2235 -0.0314 -466.7479
v -8.5667 -872.7034 0.0218
v 2.2235 -0.0314 -1028.4142
v 227.9667 -354.9731 0.0218
v 1.2941 -0.6039 -838.3201
v 262.4999 -499.0333 0.0218
v 1.6078 -0.4471 -903.0693
v 296.1000 -569.0186 0.0218
v 1.5020 -0.3686 -722.4964
v 269.7001 -696.0392 0.0218
v 1.8039 -0.2275 -663.5457
v 242.7000 -615.3403 0.0218
v 1.9020 -0.3176 -415.2139
v 167.7000 -795.7976 0.0218
v 2.3176 -0.1176 -386.2433
v 142.9667 -807.5467 0.0218
v 2.3569 -0.1059 -445.8784
v 174.3667 -888.3431 0.0218
v 2.2588 -0.0157 -471.1479
v 205.3000 -871.0034 0.0218
v 2.2235 -0.0314 -594.5087
v 226.3000 -785.8563 0.0218
v 2.0157 -0.1255 -538.2935
v 192.7000 -692.6138 0.0218
v 2.1098 -0.2314 -946.4716
v 38.4333 -316.4518 0.0218
v 1.4314 -0.6471 -727.5988
v -149.1000 -392.7467 0.0218
v 1.7922 -0.5647 -727.5988
v 17.4333 -392.7467 0.0218
v 1.7922 -0.5647 -536.5178
v 1.4333 -478.2624 0.0218
v 2.1098 -0.4667 -536.5178
v -149.1000 -478.2624 0.0218
v 2.1098 -0.4667 -388.1147
v -45.5667 -599.5059 0.0218
v 2.3608 -0.3333 -459.1718
v -24.5667 -530.4991 0.0218
v 2.2392 -0.4078 -459.1718
v -175.1000 -530.4991 0.0218
v 2.2392 -0.4078 -388.1147
v -175.1000 -599.5059 0.0218
v 2.3608 -0.3333 -370.9626
v -175.1000 -713.4761 0.0218
v 2.3843 -0.2118 -370.9626
v -16.5667 -713.4761 0.0218
v 2.3843 -0.2118 -772.9127
v 240.0999 -443.2278 0.0218
v 1.7176 -0.5098 -960.0557
v 205.5667 -308.7875 0.0218
v 1.4078 -0.6549 -709.3764
v 151.5667 -359.8305 0.0218
v 1.8235 -0.6000 -728.4146
v 177.8999 -387.9547 0.0218
v 1.7922 -0.5725 -519.2797
v 111.1667 -452.7381 0.0218
v 2.1412 -0.4941 -538.3179
v 141.6999 -480.8623 0.0218
v 2.1098 -0.4667 -605.8845
v 203.8999 -538.9030 0.0218
v 1.9961 -0.4039 -441.9336
v 74.5667 -504.9749 0.0218
v 2.2706 -0.4392 -362.4185
v 46.5666 -584.0173 0.0218
v 2.4039 -0.3490 -389.9147
v 75.9000 -602.1060 0.0218
v 2.3608 -0.3333 -460.9717
v 101.1000 -533.0991 0.0218
v 2.2392 -0.4078 -346.3920
v 98.9667 -723.5252 0.0218
v 2.4235 -0.2000 -375.3626
v 118.9000 -711.7761 0.0218
v 2.3843 -0.2118 -503.1133
v 163.2999 -610.5058 0.0218
v 2.1686 -0.3216 -1019.1932
v -149.1000 -371.3369 0.0218
v 1.3098 -0.5843 -1064.5295
v 38.4333 -463.4796 0.0218
v 1.2353 -0.4824 -1064.1530
v -149.1000 -465.4233 0.0218
v 1.2353 -0.4784 -1002.7872
v 262.4999 -383.9793 0.0218
v 1.3333 -0.5765 -1047.7469
v 296.1000 -478.0657 0.0218
v 1.2588 -0.4706 -1076.1317
v 251.7666 -455.6440 0.0218
v 1.2157 -0.4902 -936.1287
v -149.1000 -333.3937 0.0218
v 1.4471 -0.6275 -867.8915
v -149.1000 -307.3988 0.0218
v 1.5608 -0.6549 -867.8915
v 38.4333 -307.3988 0.0218
v 1.5608 -0.6549 -934.4288
v 240.0999 -337.7937 0.0218
v 1.4471 -0.6275 -857.5540
v 143.5667 -267.0778 0.0218
v 1.5804 -0.7020 -873.0921
v 177.8999 -297.0020 0.0218
v 1.5490 -0.6745 82.9000
v 5.1000 -184.0000 0.0218
v 3.1490 -0.8000 82.9000
v 13.1000 -184.0000 0.0218
v 3.1490 -0.8000 75.9000
v 9.1000 -174.0000 0.0218
v 3.1373 -0.8118 75.9000
v 5.1000 -174.0000 0.0218
v 3.1373 -0.8118 75.9000
v 5.1000 -194.0000 0.0218
v 3.1373 -0.7882 75.9000
v 10.1000 -194.0000 0.0218
v 3.1373 -0.7882 82.9000
v 13.1000 -204.0000 0.0218
v 3.1490 -0.7765 82.9000
v 5.1000 -204.0000 0.0218
v 3.1490 -0.7765 77.9000
v 5.1000 -213.9000 0.0218
v 3.1412 -0.7647 77.9000
v 11.1000 -213.9000 0.0218
v 3.1412 -0.7647 75.9000
v 5.1000 -184.0000 0.0218
v 3.1373 -0.8000 75.9000
v 11.1000 -184.0000 0.0218
v 3.1373 -0.8000 82.9000
v 9.1000 -174.0000 0.0218
v 3.1490 -0.8118 82.9000
v 5.1000 -174.0000 0.0218
v 3.1490 -0.8118 82.9000
v 5.1000 -194.0000 0.0218
v 3.1490 -0.7882 82.9000
v 10.1000 -194.0000 0.0218
v 3.1490 -0.7882 75.9000
v 11.1000 -204.0000 0.0218
v 3.1373 -0.7765 75.9000
v 5.1000 -204.0000 0.0218
v 3.1373 -0.7765 83.9000
v 5.1000 -213.9000 0.0218
v 3.1529 -0.7647 83.9000
v 11.1000 -213.9000 0.0218
v 3.1529 -0.7647 52.9000
v 5.1000 -236.1000 0.0218
v 3.1020 -0.7412 52.9000
v 5.1000 -213.9000 0.0218
v 3.1020 -0.7647 52.9000
v 9.1000 -236.1000 0.0218
v 3.1020 -0.7412 52.9000
v 9.1000 -213.9000 0.0218
v 3.1020 -0.7647 83.9000
v 5.1000 -236.1000 0.0218
v 3.1529 -0.7412 52.9000
v 5.1000 -236.1000 0.0218
v 3.1020 -0.7412 83.9000
v 11.1000 -236.1000 0.0218
v 3.1529 -0.7412 52.9000
v 9.1000 -236.1000 0.0218
v 3.1020 -0.7412 52.9000
v 5.1000 -213.9000 0.0218
v 3.1020 -0.7647 83.9000
v 5.1000 -213.9000 0.0218
v 3.1529 -0.7647 52.9000
v 9.1000 -213.9000 0.0218
v 3.1020 -0.7647 83.9000
v 11.1000 -213.9000 0.0218
v 3.1529 -0.7647 52.9000
v 5.1000 -296.1000 0.0218
v 3.1020 -0.6745 52.9000
v 5.1000 -273.9000 0.0218
v 3.1020 -0.6980 52.9000
v 9.1000 -296.1000 0.0218
v 3.1020 -0.6745 52.9000
v 9.1000 -273.9000 0.0218
v 3.1020 -0.6980 83.9000
v 5.1000 -296.1000 0.0218
v 3.1529 -0.6745 52.9000
v 5.1000 -296.1000 0.0218
v 3.1020 -0.6745 83.9000
v 9.1000 -296.1000 0.0218
v 3.1529 -0.6745 52.9000
v 9.1000 -296.1000 0.0218
v 3.1020 -0.6745 52.9000
v 5.1000 -273.9000 0.0218
v 3.1020 -0.6980 83.9000
v 5.1000 -273.9000 0.0218
v 3.1529 -0.6980 52.9000
v 9.1000 -273.9000 0.0218
v 3.1020 -0.6980 83.9000
v 9.1000 -273.9000 0.0218
v 3.1529 -0.6980 217.1000
v 5.1000 -251.1000 0.0218
v 3.3765 -0.7255 217.1000
v 5.1000 -281.1000 0.0218
v 3.3765 -0.6902 217.1000
v 9.1000 -251.1000 0.0218
v 3.3765 -0.7255 217.1000
v 9.1000 -281.1000 0.0218
v 3.3765 -0.6902 217.1000
v 5.1000 -281.1000 0.0218
v 3.3765 -0.6902 196.1000
v 5.1000 -281.1000 0.0218
v 3.3412 -0.6902 217.1000
v 9.1000 -281.1000 0.0218
v 3.3765 -0.6902 196.1000
v 9.1000 -281.1000 0.0218
v 3.3412 -0.6902 113.4000
v 16.1000 -303.6000 0.0218
v 3.2000 -0.6667 113.4000
v 16.1000 -256.4000 0.0218
v 3.2000 -0.7176 113.4000
v 20.1000 -303.6000 0.0218
v 3.2000 -0.6667 113.4000
v 20.1000 -256.4000 0.0218
v 3.2000 -0.7176 166.7000
v 16.1000 -303.6000 0.0218
v 3.2902 -0.6667 166.7000
v 16.1000 -256.4000 0.0218
v 3.2902 -0.7176 166.7000
v 20.1000 -303.6000 0.0218
v 3.2902 -0.6667 166.7000
v 20.1000 -256.4000 0.0218
v 3.2902 -0.7176 90.1000
v 5.1000 -160.0000 0.0218
v 3.1608 -0.8235 90.1000
v 16.1000 -200.0000 0.0218
v 3.1608 -0.7804 90.1000
v 6.1000 -160.0000 0.0218
v 3.1608 -0.8235 90.1000
v 20.1000 -200.0000 0.0218
v 3.1608 -0.7804 197.1000
v 5.1000 -160.0000 0.0218
v 3.3412 -0.8235 197.1000
v 5.1000 -228.0000 0.0218
v 3.3412 -0.7490 197.1000
v 9.1000 -160.0000 0.0218
v 3.3412 -0.8235 197.1000
v 9.1000 -228.0000 0.0218
v 3.3412 -0.7490 227.1000
v 5.1000 -228.9000 0.0218
v 3.3922 -0.7490 227.1000
v 5.1000 -251.1000 0.0218
v 3.3922 -0.7255 227.1000
v 9.1000 -228.9000 0.0218
v 3.3922 -0.7490 227.1000
v 9.1000 -251.1000 0.0218
v 3.3922 -0.7255 197.1000
v 5.1000 -228.9000 0.0218
v 3.3412 -0.7490 227.1000
v 5.1000 -228.9000 0.0218
v 3.3922 -0.7490 197.1000
v 9.1000 -228.9000 0.0218
v 3.3412 -0.7490 227.1000
v 9.1000 -228.9000 0.0218
v 3.3922 -0.7490 227.1000
v 5.1000 -251.1000 0.0218
v 3.3922 -0.7255 216.1000
v 5.1000 -251.1000 0.0218
v 3.3725 -0.7255 227.1000
v 9.1000 -251.1000 0.0218
v 3.3922 -0.7255 216.1000
v 9.1000 -251.1000 0.0218
v 3.3725 -0.7255 90.1000
v 16.1000 -318.9000 0.0218
v 3.1608 -0.6471 189.9000
v 16.1000 -318.9000 0.0218
v 3.3294 -0.6471 90.1000
v 20.1000 -318.9000 0.0218
v 3.1608 -0.6471 189.9000
v 20.1000 -318.9000 0.0218
v 3.3294 -0.6471 90.1000
v 16.1000 -200.0000 0.0218
v 3.1608 -0.7804 90.1000
v 16.1000 -318.9000 0.0218
v 3.1608 -0.6471 90.1000
v 20.1000 -200.0000 0.0218
v 3.1608 -0.7804 90.1000
v 20.1000 -318.9000 0.0218
v 3.1608 -0.6471 189.9000
v 16.1000 -318.9000 0.0218
v 3.3294 -0.6471 189.9000
v 16.1000 -200.0000 0.0218
v 3.3294 -0.7804 189.9000
v 20.1000 -318.9000 0.0218
v 3.3294 -0.6471 189.9000
v 20.1000 -200.0000 0.0218
v 3.3294 -0.7804 197.1000
v 5.1000 -197.0000 0.0218
v 3.3412 -0.7843 197.1000
v 9.1000 -197.0000 0.0218
v 3.3412 -0.7843 204.1000
v 9.1000 -185.0000 0.0218
v 3.3529 -0.7961 204.1000
v 5.1000 -185.0000 0.0218
v 3.3529 -0.7961 204.1000
v 5.1000 -210.0000 0.0218
v 3.3529 -0.7686 204.1000
v 9.1000 -210.0000 0.0218
v 3.3529 -0.7686 197.1000
v 9.1000 -220.0000 0.0218
v 3.3412 -0.7569 197.1000
v 5.1000 -220.0000 0.0218
v 3.3412 -0.7569 204.1000
v 5.1000 -229.9000 0.0218
v 3.3529 -0.7490 204.1000
v 9.1000 -229.9000 0.0218
v 3.3529 -0.7490 204.1000
v 5.1000 -197.0000 0.0218
v 3.3529 -0.7843 204.1000
v 9.1000 -197.0000 0.0218
v 3.3529 -0.7843 197.1000
v 9.1000 -185.0000 0.0218
v 3.3412 -0.7961 197.1000
v 5.1000 -185.0000 0.0218
v 3.3412 -0.7961 197.1000
v 5.1000 -210.0000 0.0218
v 3.3412 -0.7686 197.1000
v 9.1000 -210.0000 0.0218
v 3.3412 -0.7686 204.1000
v 9.1000 -220.0000 0.0218
v 3.3529 -0.7569 204.1000
v 5.1000 -220.0000 0.0218
v 3.3529 -0.7569 197.1000
v 5.1000 -229.9000 0.0218
v 3.3412 -0.7490 197.1000
v 9.1000 -229.9000 0.0218
v 3.3412 -0.7490 222.6000
v 5.1000 -267.0000 0.0218
v 3.3843 -0.7059 222.6000
v 9.1000 -267.0000 0.0218
v 3.3843 -0.7059 217.6000
v 5.1000 -280.5000 0.0218
v 3.3765 -0.6902 217.6000
v 9.1000 -280.5000 0.0218
v 3.3765 -0.6902 208.6000
v 9.1000 -288.0000 0.0218
v 3.3608 -0.6824 208.6000
v 5.1000 -288.0000 0.0218
v 3.3608 -0.6824 196.6000
v 5.1000 -281.5000 0.0218
v 3.3412 -0.6902 196.6000
v 9.1000 -281.5000 0.0218
v 3.3412 -0.6902 223.6000
v 5.1000 -274.5000 0.0218
v 3.3843 -0.6980 223.6000
v 9.1000 -274.5000 0.0218
v 3.3843 -0.6980 217.6000
v 9.1000 -266.5000 0.0218
v 3.3765 -0.7059 217.6000
v 5.1000 -266.5000 0.0218
v 3.3765 -0.7059 220.1000
v 5.1000 -286.0000 0.0218
v 3.3804 -0.6863 220.1000
v 9.1000 -286.0000 0.0218
v 3.3804 -0.6863 208.1000
v 9.1000 -281.0000 0.0218
v 3.3608 -0.6902 208.1000
v 5.1000 -281.0000 0.0218
v 3.3608 -0.6902 197.1000
v 5.1000 -288.0000 0.0218
v 3.3412 -0.6824 197.1000
v 9.1000 -288.0000 0.0218
v 3.3412 -0.6824 74.9000
v 5.1000 -245.0000 0.0218
v 3.1373 -0.7294 74.9000
v 9.1000 -245.0000 0.0218
v 3.1373 -0.7294 83.9000
v 11.1000 -236.1000 0.0218
v 3.1529 -0.7412 83.9000
v 5.1000 -236.1000 0.0218
v 3.1529 -0.7412 81.9000
v 5.1000 -255.0000 0.0218
v 3.1490 -0.7176 81.9000
v 9.1000 -255.0000 0.0218
v 3.1490 -0.7176 74.9000
v 9.1000 -265.0000 0.0218
v 3.1373 -0.7098 74.9000
v 5.1000 -265.0000 0.0218
v 3.1373 -0.7098 81.9000
v 5.1000 -274.9000 0.0218
v 3.1490 -0.6980 81.9000
v 9.1000 -274.9000 0.0218
v 3.1490 -0.6980 81.9000
v 5.1000 -245.0000 0.0218
v 3.1490 -0.7294 81.9000
v 9.1000 -245.0000 0.0218
v 3.1490 -0.7294 74.9000
v 11.1000 -236.1000 0.0218
v 3.1373 -0.7412 74.9000
v 5.1000 -236.1000 0.0218
v 3.1373 -0.7412 74.9000
v 5.1000 -255.0000 0.0218
v 3.1373 -0.7176 74.9000
v 9.1000 -255.0000 0.0218
v 3.1373 -0.7176 81.9000
v 9.1000 -265.0000 0.0218
v 3.1490 -0.7098 81.9000
v 5.1000 -265.0000 0.0218
v 3.1490 -0.7098 74.9000
v 5.1000 -274.9000 0.0218
v 3.1373 -0.6980 74.9000
v 9.1000 -274.9000 0.0218
v 3.1373 -0.6980 67.9000
v 5.1000 -213.9000 0.0218
v 3.1255 -0.7647 67.9000
v 9.1000 -213.9000 0.0218
v 3.1255 -0.7647 78.4000
v 9.1000 -207.5000 0.0218
v 3.1412 -0.7725 78.4000
v 5.1000 -207.5000 0.0218
v 3.1412 -0.7725 57.9000
v 5.1000 -208.0000 0.0218
v 3.1098 -0.7725 57.9000
v 9.1000 -208.0000 0.0218
v 3.1098 -0.7725 46.9000
v 9.1000 -218.0000 0.0218
v 3.0902 -0.7608 46.9000
v 5.1000 -218.0000 0.0218
v 3.0902 -0.7608 52.9000
v 5.1000 -224.0000 0.0218
v 3.1020 -0.7529 52.9000
v 9.1000 -224.0000 0.0218
v 3.1020 -0.7529 110.0000
v 5.1000 -325.1000 0.0218
v 3.1961 -0.6431 110.0000
v 9.1000 -325.1000 0.0218
v 3.1961 -0.6431 120.0000
v 9.1000 -332.1000 0.0218
v 3.2118 -0.6353 120.0000
v 5.1000 -332.1000 0.0218
v 3.2118 -0.6353 100.0000
v 5.1000 -332.1000 0.0218
v 3.1804 -0.6353 100.0000
v 9.1000 -332.1000 0.0218
v 3.1804 -0.6353 90.0000
v 11.1000 -325.1000 0.0218
v 3.1608 -0.6431 90.0000
v 5.1000 -325.1000 0.0218
v 3.1608 -0.6431 79.9000
v 5.1000 -332.1000 0.0218
v 3.1451 -0.6353 79.9000
v 9.1000 -332.1000 0.0218
v 3.1451 -0.6353 110.0000
v 5.1000 -332.1000 0.0218
v 3.1961 -0.6353 110.0000
v 9.1000 -332.1000 0.0218
v 3.1961 -0.6353 120.0000
v 9.1000 -325.1000 0.0218
v 3.2118 -0.6431 120.0000
v 5.1000 -325.1000 0.0218
v 3.2118 -0.6431 100.0000
v 5.1000 -325.1000 0.0218
v 3.1804 -0.6431 100.0000
v 11.1000 -325.1000 0.0218
v 3.1804 -0.6431 90.0000
v 11.1000 -332.1000 0.0218
v 3.1608 -0.6353 90.0000
v 5.1000 -332.1000 0.0218
v 3.1608 -0.6353 79.9000
v 5.1000 -325.1000 0.0218
v 3.1451 -0.6431 79.9000
v 9.1000 -325.1000 0.0218
v 3.1451 -0.6431 150.0000
v 5.1000 -332.1000 0.0218
v 3.2627 -0.6353 150.0000
v 9.1000 -332.1000 0.0218
v 3.2627 -0.6353 160.0000
v 9.1000 -325.1000 0.0218
v 3.2784 -0.6431 160.0000
v 5.1000 -325.1000 0.0218
v 3.2784 -0.6431 140.0000
v 5.1000 -325.1000 0.0218
v 3.2471 -0.6431 140.0000
v 11.1000 -325.1000 0.0218
v 3.2471 -0.6431 130.0000
v 10.1000 -332.1000 0.0218
v 3.2275 -0.6353 130.0000
v 5.1000 -332.1000 0.0218
v 3.2275 -0.6353 120.0000
v 5.1000 -325.1000 0.0218
v 3.2118 -0.6431 120.0000
v 9.1000 -325.1000 0.0218
v 3.2118 -0.6431 150.0000
v 5.1000 -325.1000 0.0218
v 3.2627 -0.6431 150.0000
v 12.1000 -325.1000 0.0218
v 3.2627 -0.6431 160.0000
v 9.1000 -332.1000 0.0218
v 3.2784 -0.6353 160.0000
v 5.1000 -332.1000 0.0218
v 3.2784 -0.6353 140.0000
v 5.1000 -332.1000 0.0218
v 3.2471 -0.6353 140.0000
v 12.1000 -332.1000 0.0218
v 3.2471 -0.6353 130.0000
v 12.1000 -325.1000 0.0218
v 3.2275 -0.6431 130.0000
v 5.1000 -325.1000 0.0218
v 3.2275 -0.6431 120.0000
v 5.1000 -332.1000 0.0218
v 3.2118 -0.6353 120.0000
v 9.1000 -332.1000 0.0218
v 3.2118 -0.6353 190.0000
v 5.1000 -325.1000 0.0218
v 3.3294 -0.6431 190.0000
v 12.1000 -325.1000 0.0218
v 3.3294 -0.6431 200.0000
v 9.1000 -332.1000 0.0218
v 3.3451 -0.6353 200.0000
v 5.1000 -332.1000 0.0218
v 3.3451 -0.6353 180.0000
v 5.1000 -332.1000 0.0218
v 3.3137 -0.6353 180.0000
v 11.1000 -332.1000 0.0218
v 3.3137 -0.6353 170.0000
v 11.1000 -325.1000 0.0218
v 3.2980 -0.6431 170.0000
v 5.1000 -325.1000 0.0218
v 3.2980 -0.6431 160.0000
v 5.1000 -332.1000 0.0218
v 3.2784 -0.6353 160.0000
v 9.1000 -332.1000 0.0218
v 3.2784 -0.6353 190.0000
v 5.1000 -332.1000 0.0218
v 3.3294 -0.6353 190.0000
v 9.1000 -332.1000 0.0218
v 3.3294 -0.6353 200.0000
v 9.1000 -325.1000 0.0218
v 3.3451 -0.6431 200.0000
v 5.1000 -325.1000 0.0218
v 3.3451 -0.6431 180.0000
v 5.1000 -325.1000 0.0218
v 3.3137 -0.6431 180.0000
v 11.1000 -325.1000 0.0218
v 3.3137 -0.6431 170.0000
v 9.1000 -332.1000 0.0218
v 3.2980 -0.6353 170.0000
v 5.1000 -332.1000 0.0218
v 3.2980 -0.6353 160.0000
v 5.1000 -325.1000 0.0218
v 3.2784 -0.6431 160.0000
v 9.1000 -325.1000 0.0218
v 3.2784 -0.6431 72.9000
v 5.1000 -321.0000 0.0218
v 3.1333 -0.6471 72.9000
v 9.1000 -321.0000 0.0218
v 3.1333 -0.6471 79.9000
v 9.1000 -331.1000 0.0218
v 3.1451 -0.6353 79.9000
v 5.1000 -331.1000 0.0218
v 3.1451 -0.6353 79.9000
v 5.1000 -311.0000 0.0218
v 3.1451 -0.6588 79.9000
v 9.1000 -311.0000 0.0218
v 3.1451 -0.6588 72.9000
v 9.1000 -301.0000 0.0218
v 3.1333 -0.6667 72.9000
v 5.1000 -301.0000 0.0218
v 3.1333 -0.6667 79.9000
v 5.1000 -291.0000 0.0218
v 3.1451 -0.6784 79.9000
v 9.1000 -291.0000 0.0218
v 3.1451 -0.6784 205.6000
v 5.1000 -322.0000 0.0218
v 3.3569 -0.6431 205.6000
v 10.1000 -322.0000 0.0218
v 3.3569 -0.6431 199.6000
v 9.1000 -331.1000 0.0218
v 3.3451 -0.6353 199.6000
v 5.1000 -331.1000 0.0218
v 3.3451 -0.6353 196.6000
v 5.1000 -310.0000 0.0218
v 3.3412 -0.6588 196.6000
v 9.1000 -310.0000 0.0218
v 3.3412 -0.6588 204.6000
v 9.1000 -299.0000 0.0218
v 3.3529 -0.6706 204.6000
v 5.1000 -299.0000 0.0218
v 3.3529 -0.6706 197.1000
v 5.1000 -288.0000 0.0218
v 3.3412 -0.6824 197.1000
v 9.1000 -288.0000 0.0218
v 3.3412 -0.6824 197.1000
v 5.1000 -322.0000 0.0218
v 3.3412 -0.6431 197.1000
v 9.1000 -322.0000 0.0218
v 3.3412 -0.6431 204.1000
v 9.1000 -331.1000 0.0218
v 3.3529 -0.6353 204.1000
v 5.1000 -331.1000 0.0218
v 3.3529 -0.6353 204.6000
v 5.1000 -309.5000 0.0218
v 3.3529 -0.6588 204.6000
v 9.1000 -309.5000 0.0218
v 3.3529 -0.6588 196.6000
v 9.1000 -299.0000 0.0218
v 3.3412 -0.6706 196.6000
v 5.1000 -299.0000 0.0218
v 3.3412 -0.6706 204.1000
v 5.1000 -288.0000 0.0218
v 3.3529 -0.6824 204.1000
v 9.1000 -288.0000 0.0218
v 3.3529 -0.6824 81.9000
v 5.1000 -321.0000 0.0218
v 3.1490 -0.6471 81.9000
v 9.1000 -321.0000 0.0218
v 3.1490 -0.6471 74.9000
v 9.1000 -331.1000 0.0218
v 3.1373 -0.6353 74.9000
v 5.1000 -331.1000 0.0218
v 3.1373 -0.6353 74.9000
v 5.1000 -311.0000 0.0218
v 3.1373 -0.6588 74.9000
v 9.1000 -311.0000 0.0218
v 3.1373 -0.6588 81.9000
v 9.1000 -301.0000 0.0218
v 3.1490 -0.6667 81.9000
v 5.1000 -301.0000 0.0218
v 3.1490 -0.6667 74.9000
v 5.1000 -291.0000 0.0218
v 3.1373 -0.6784 74.9000
v 9.1000 -291.0000 0.0218
v 3.1373 -0.6784 67.9000
v 5.1000 -207.0000 0.0218
v 3.1255 -0.7725 67.9000
v 9.1000 -207.0000 0.0218
v 3.1255 -0.7725 77.9000
v 9.1000 -213.9000 0.0218
v 3.1412 -0.7647 77.9000
v 5.1000 -213.9000 0.0218
v 3.1412 -0.7647 58.9000
v 5.1000 -213.9000 0.0218
v 3.1098 -0.7647 58.9000
v 9.1000 -213.9000 0.0218
v 3.1098 -0.7647 50.9000
v 9.1000 -212.0000 0.0218
v 3.0980 -0.7686 50.9000
v 5.1000 -212.0000 0.0218
v 3.0980 -0.7686 46.9000
v 5.1000 -224.0000 0.0218
v 3.0902 -0.7529 46.9000
v 9.1000 -224.0000 0.0218
v 3.0902 -0.7529 189.9000
v 16.1000 -200.0000 0.0218
v 3.3294 -0.7804 189.9000
v 5.1000 -160.0000 0.0218
v 3.3294 -0.8235 189.9000
v 20.1000 -200.0000 0.0218
v 3.3294 -0.7804 189.9000
v 6.1000 -160.0000 0.0218
v 3.3294 -0.8235 -238.8000
v 5.1000 -45.0000 0.0218
v 2.6118 -0.9529 -238.8000
v 6.6000 -45.0000 0.0218
v 2.6118 -0.9529 -238.8000
v 4.6000 41.2000 0.0218
v 2.6118 -1.0510 -238.8000
v 11.6000 41.2000 0.0218
v 2.6118 -1.0510 -281.2000
v 1.1000 -7.0000 0.0218
v 2.5412 -0.9961 -281.2000
v 2.6000 -7.0000 0.0218
v 2.5412 -0.9961 -238.8000
v 5.1000 41.2000 0.0218
v 2.6118 -1.0510 -238.8000
v 5.1000 29.0000 0.0218
v 2.6118 -1.0353 -238.8000
v 11.6000 41.2000 0.0218
v 2.6118 -1.0510 -238.8000
v 6.1000 29.0000 0.0218
v 2.6118 -1.0353 -238.8000
v 5.1000 17.0000 0.0218
v 2.6118 -1.0235 -238.8000
v 6.1000 17.0000 0.0218
v 2.6118 -1.0235 -281.2000
v 3.6000 -25.0000 0.0218
v 2.5412 -0.9765 -281.2000
v 5.1000 -25.0000 0.0218
v 2.5412 -0.9765 -238.8000
v 5.1000 -20.0000 0.0218
v 2.6118 -0.9804 -238.8000
v 6.1000 -20.0000 0.0218
v 2.6118 -0.9804 -238.8000
v 5.1000 -57.0000 0.0218
v 2.6118 -0.9412 -238.8000
v 5.1000 -81.2000 0.0218
v 2.6118 -0.9137 -238.8000
v 12.1000 -57.0000 0.0218
v 2.6118 -0.9412 -238.8000
v 11.1000 -81.2000 0.0218
v 2.6118 -0.9137 -281.2000
v 5.1000 -81.2000 0.0218
v 2.5412 -0.9137 -281.2000
v 16.6000 -81.2000 0.0218
v 2.5412 -0.9137 -281.2000
v 0.1000 41.2000 0.0218
v 2.5412 -1.0510 -281.2000
v 9.1000 41.2000 0.0218
v 2.5412 -1.0510 -281.2000
v 0.1000 6.0000 0.0218
v 2.5412 -1.0118 -281.2000
v 8.6000 6.0000 0.0218
v 2.5412 -1.0118 -238.8000
v 5.1000 5.0000 0.0218
v 2.6118 -1.0078 -238.8000
v 12.1000 5.0000 0.0218
v 2.6118 -1.0078 -281.2000
v 5.1000 -40.0000 0.0218
v 2.5412 -0.9608 -281.2000
v 14.6000 -40.0000 0.0218
v 2.5412 -0.9608 -238.8000
v 5.1000 -8.0000 0.0218
v 2.6118 -0.9961 -238.8000
v 10.6000 -8.0000 0.0218
v 2.6118 -0.9961 -41.2000
v 0.1000 -47.0000 0.0218
v 2.9451 -0.9529 -41.2000
v 1.1000 -47.0000 0.0218
v 2.9451 -0.9529 -41.2000
v 0.1000 -65.0000 0.0218
v 2.9451 -0.9333 -41.2000
v 1.1000 -65.0000 0.0218
v 2.9451 -0.9333 1.2000
v 0.1000 -33.0000 0.0218
v 3.0118 -0.9686 1.2000
v 2.1000 -33.0000 0.0218
v 3.0118 -0.9686 1.2000
v 0.1000 -7.0000 0.0218
v 3.0118 -0.9961 1.2000
v 2.1000 -7.0000 0.0218
v 3.0118 -0.9961 -41.2000
v 0.1000 0.0000 0.0218
v 2.9451 -1.0039 -41.2000
v 0.1000 41.1000 0.0218
v 2.9451 -1.0510 -41.2000
v 7.1000 0.0000 0.0218
v 2.9451 -1.0039 -41.2000
v 7.1000 41.1000 0.0218
v 2.9451 -1.0510 1.2000
v 0.1000 41.1000 0.0218
v 3.0118 -1.0510 1.2000
v 7.1000 41.1000 0.0218
v 3.0118 -1.0510 -41.2000
v 0.1000 -35.0000 0.0218
v 2.9451 -0.9647 -41.2000
v 7.1000 -35.0000 0.0218
v 2.9451 -0.9647 -41.2000
v 0.1000 -81.1000 0.0218
v 2.9451 -0.9137 -41.2000
v 7.1000 -81.1000 0.0218
v 2.9451 -0.9137 1.2000
v 0.1000 -81.1000 0.0218
v 3.0118 -0.9137 1.2000
v 7.1000 -81.1000 0.0218
v 3.0118 -0.9137 1.2000
v 0.1000 -45.0000 0.0218
v 3.0118 -0.9529 1.2000
v 7.1000 -45.0000 0.0218
v 3.0118 -0.9529 1.2000
v 0.1000 5.0000 0.0218
v 3.0118 -1.0078 1.2000
v 7.1000 5.0000 0.0218
v 3.0118 -1.0078 120.5505
v 44.3141 -296.1000 0.0218
v 3.2118 -0.6745 120.5505
v 44.3141 -263.9000 0.0218
v 3.2118 -0.7098 128.1505
v 221.1141 -271.5000 0.0218
v 3.2275 -0.7020 128.1505
v 221.1141 -288.5000 0.0218
v 3.2275 -0.6824 123.9000
v 44.3141 -260.5505 0.0218
v 3.2196 -0.7137 156.1000
v 44.3141 -260.5505 0.0218
v 3.2745 -0.7137 148.5000
v 221.1141 -268.1505 0.0218
v 3.2588 -0.7059 131.5000
v 221.1141 -268.1505 0.0218
v 3.2314 -0.7059 159.4495
v 44.3141 -263.9000 0.0218
v 3.2784 -0.7098 159.4495
v 44.3141 -296.1000 0.0218
v 3.2784 -0.6745 151.8495
v 221.1141 -288.5000 0.0218
v 3.2667 -0.6824 151.8495
v 221.1141 -271.5000 0.0218
v 3.2667 -0.7020 156.1000
v 44.3141 -299.4495 0.0218
v 3.2745 -0.6706 123.9000
v 44.3141 -299.4495 0.0218
v 3.2196 -0.6706 131.5000
v 221.1141 -291.8495 0.0218
v 3.2314 -0.6784 148.5000
v 221.1141 -291.8495 0.0218
v 3.2588 -0.6784 131.5000
v 230.1000 -288.5000 0.0218
v 3.2314 -0.6824 131.5000
v 230.1000 -271.5000 0.0218
v 3.2314 -0.7020 148.5000
v 230.1000 -271.5000 0.0218
v 3.2588 -0.7020 148.5000
v 230.1000 -288.5000 0.0218
v 3.2588 -0.6824 120.5505
v 34.3141 -296.1000 0.0218
v 3.2118 -0.6745 120.5505
v 34.3141 -263.9000 0.0218
v 3.2118 -0.7098 123.9000
v 34.3141 -260.5505 0.0218
v 3.2196 -0.7137 156.1000
v 34.3141 -260.5505 0.0218
v 3.2745 -0.7137 159.4495
v 34.3141 -263.9000 0.0218
v 3.2784 -0.7098 159.4495
v 34.3141 -296.1000 0.0218
v 3.2784 -0.6745 156.1000
v 34.3141 -299.4495 0.0218
v 3.2745 -0.6706 123.9000
v 34.3141 -299.4495 0.0218
v 3.2196 -0.6706 83.9000
v 5.1000 -320.0000 0.0218
v 3.1529 -0.6471 83.9000
v 4.1000 -200.0000 0.0218
v 3.1529 -0.7804 83.9000
v 16.1000 -200.0000 0.0218
v 3.1529 -0.7804 83.9000
v 16.1000 -320.0000 0.0218
v 3.1529 -0.6471 120.3333
v 5.1000 -160.0000 0.0218
v 3.2118 -0.8235 89.1000
v 5.1000 -160.0000 0.0218
v 3.1608 -0.8235 120.3333
v 16.1000 -325.1000 0.0218
v 3.2118 -0.6431 120.3333
v 5.1000 -325.1000 0.0218
v 3.2118 -0.6431 89.0000
v 5.1000 -325.1000 0.0218
v 3.1608 -0.6431 89.0000
v 16.1000 -325.1000 0.0218
v 3.1608 -0.6431 120.3333
v 16.1000 -200.0000 0.0218
v 3.2118 -0.7804 120.3333
v 16.1000 -319.9000 0.0218
v 3.2118 -0.6471 89.1000
v 16.1000 -319.9000 0.0218
v 3.1608 -0.6471 89.1000
v 16.1000 -200.0000 0.0218
v 3.1608 -0.7804 83.9000
v 5.0000 -160.0000 0.0218
v 3.1529 -0.8235 83.9000
v 5.1000 -160.0000 0.0218
v 3.1529 -0.8235 89.1000
v 26.1000 -200.0000 0.0218
v 3.1608 -0.7804 89.1000
v 26.1000 -319.9000 0.0218
v 3.1608 -0.6471 83.9000
v 26.1000 -320.0000 0.0218
v 3.1529 -0.6471 83.9000
v 26.1000 -200.0000 0.0218
v 3.1529 -0.7804 83.9000
v 5.1000 -325.1000 0.0218
v 3.1529 -0.6431 83.9000
v 16.1000 -325.1000 0.0218
v 3.1529 -0.6431 89.1000
v 16.1000 -160.0000 0.0218
v 3.1608 -0.8235 83.9000
v 16.1000 -160.0000 0.0218
v 3.1529 -0.8235 120.3333
v 26.1000 -319.9000 0.0218
v 3.2118 -0.6471 120.3333
v 26.1000 -325.1000 0.0218
v 3.2118 -0.6431 89.0000
v 26.1000 -325.1000 0.0218
v 3.1608 -0.6431 83.9000
v 26.1000 -325.1000 0.0218
v 3.1529 -0.6431 159.6667
v 5.1000 -160.0000 0.0218
v 3.2784 -0.8235 190.9000
v 5.1000 -160.0000 0.0218
v 3.3294 -0.8235 196.1000
v 5.1000 -200.0000 0.0218
v 3.3412 -0.7804 196.1000
v 5.1000 -320.0000 0.0218
v 3.3412 -0.6471 196.1000
v 16.1000 -320.0000 0.0218
v 3.3412 -0.6471 196.1000
v 16.1000 -200.0000 0.0218
v 3.3412 -0.7804 159.6667
v 5.1000 -325.1000 0.0218
v 3.2784 -0.6431 159.6667
v 16.1000 -325.1000 0.0218
v 3.2784 -0.6431 191.0000
v 16.1000 -325.1000 0.0218
v 3.3294 -0.6431 191.0000
v 5.1000 -325.1000 0.0218
v 3.3294 -0.6431 159.6667
v 16.1000 -319.9000 0.0218
v 3.2784 -0.6471 159.6667
v 16.1000 -200.0000 0.0218
v 3.2784 -0.7804 190.9000
v 16.1000 -200.0000 0.0218
v 3.3294 -0.7804 190.9000
v 16.1000 -319.9000 0.0218
v 3.3294 -0.6471 196.1000
v 5.1000 -160.0000 0.0218
v 3.3412 -0.8235 196.1000
v 5.0000 -160.0000 0.0218
v 3.3412 -0.8235 190.9000
v 26.1000 -319.9000 0.0218
v 3.3294 -0.6471 190.9000
v 26.1000 -200.0000 0.0218
v 3.3294 -0.7804 196.1000
v 26.1000 -200.0000 0.0218
v 3.3412 -0.7804 196.1000
v 26.1000 -320.0000 0.0218
v 3.3412 -0.6471 196.1000
v 16.1000 -325.1000 0.0218
v 3.3412 -0.6431 196.1000
v 5.1000 -325.1000 0.0218
v 3.3412 -0.6431 190.9000
v 16.1000 -160.0000 0.0218
v 3.3294 -0.8235 196.1000
v 16.1000 -160.0000 0.0218
v 3.3412 -0.8235 159.6667
v 26.1000 -325.1000 0.0218
v 3.2784 -0.6431 159.6667
v 26.1000 -319.9000 0.0218
v 3.2784 -0.6471 191.0000
v 26.1000 -325.1000 0.0218
v 3.3294 -0.6431 196.1000
v 26.1000 -325.1000 0.0218
v 3.3412 -0.6431 53.9000
v 5.1000 -235.1000 0.0218
v 3.1020 -0.7412 53.9000
v 5.1000 -214.9000 0.0218
v 3.1020 -0.7647 53.9000
v 25.1000 -235.1000 0.0218
v 3.1020 -0.7412 53.9000
v 25.1000 -214.9000 0.0218
v 3.1020 -0.7647 83.9000
v 5.1000 -235.1000 0.0218
v 3.1529 -0.7412 83.9000
v 5.1000 -214.9000 0.0218
v 3.1529 -0.7647 83.9000
v 25.1000 -235.1000 0.0218
v 3.1529 -0.7412 83.9000
v 25.1000 -214.9000 0.0218
v 3.1529 -0.7647 53.9000
v 5.1000 -295.1000 0.0218
v 3.1020 -0.6745 53.9000
v 5.1000 -274.9000 0.0218
v 3.1020 -0.6980 53.9000
v 25.1000 -295.1000 0.0218
v 3.1020 -0.6745 53.9000
v 25.1000 -274.9000 0.0218
v 3.1020 -0.6980 83.9000
v 5.1000 -295.1000 0.0218
v 3.1529 -0.6745 83.9000
v 5.1000 -274.9000 0.0218
v 3.1529 -0.6980 83.9000
v 25.1000 -295.1000 0.0218
v 3.1529 -0.6745 83.9000
v 25.1000 -274.9000 0.0218
v 3.1529 -0.6980 226.1000
v 5.1000 -229.9000 0.0218
v 3.3882 -0.7490 226.1000
v 5.1000 -250.1000 0.0218
v 3.3882 -0.7255 226.1000
v 25.1000 -229.9000 0.0218
v 3.3882 -0.7490 226.1000
v 25.1000 -250.1000 0.0218
v 3.3882 -0.7255 196.1000
v 5.1000 -229.9000 0.0218
v 3.3412 -0.7490 196.1000
v 5.1000 -250.1000 0.0218
v 3.3412 -0.7255 196.1000
v 25.1000 -229.9000 0.0218
v 3.3412 -0.7490 196.1000
v 25.1000 -250.1000 0.0218
v 3.3412 -0.7255 216.1000
v 5.1000 -280.1000 0.0218
v 3.3725 -0.6902 196.1000
v 5.1000 -280.1000 0.0218
v 3.3412 -0.6902 216.1000
v 25.1000 -280.1000 0.0218
v 3.3725 -0.6902 196.1000
v 25.1000 -280.1000 0.0218
v 3.3412 -0.6902 216.1000
v 5.1000 -250.1000 0.0218
v 3.3725 -0.7255 196.1000
v 5.1000 -250.1000 0.0218
v 3.3412 -0.7255 216.1000
v 25.1000 -250.1000 0.0218
v 3.3725 -0.7255 196.1000
v 25.1000 -250.1000 0.0218
v 3.3412 -0.7255 113.9000
v 16.1000 -303.1000 0.0218
v 3.2039 -0.6667 113.9000
v 16.1000 -256.9000 0.0218
v 3.2039 -0.7176 113.9000
v 34.1000 -303.1000 0.0218
v 3.2039 -0.6667 113.9000
v 34.1000 -256.9000 0.0218
v 3.2039 -0.7176 166.2000
v 16.1000 -303.1000 0.0218
v 3.2902 -0.6667 166.2000
v 16.1000 -256.9000 0.0218
v 3.2902 -0.7176 166.2000
v 34.1000 -303.1000 0.0218
v 3.2902 -0.6667 166.2000
v 34.1000 -256.9000 0.0218
v 3.2902 -0.7176 442.4999
v 38.2697 21.4000 0.0218
v 3.7647 -1.0314 421.7892
v 31.3976 21.4000 0.0218
v 3.7294 -1.0314 400.4974
v 22.4416 21.4000 0.0218
v 3.7020 -1.0314 390.5074
v 8.6522 21.4000 0.0218
v 3.6863 -1.0314 387.0999
v 0.1000 21.4000 0.0218
v 3.6824 -1.0314 440.8666
v 25.3804 -113.0686 0.0218
v 3.7451 -0.8784 420.8616
v 19.3401 -107.7082 0.0218
v 3.7137 -0.8863 400.1112
v 14.6784 -103.5951 0.0218
v 3.6863 -0.8902 390.4616
v 5.5113 -101.0095 0.0218
v 3.6706 -0.8941 387.1703
v -0.9000 -100.1276 0.0218
v 3.6667 -0.8941 411.0114
v 39.2697 -248.3000 0.0218
v 3.7137 -0.7255 393.0753
v 32.3975 -237.9446 0.0218
v 3.6824 -0.7373 379.3126
v 23.4416 -229.9987 0.0218
v 3.6627 -0.7451 370.6609
v 15.6522 -225.0037 0.0218
v 3.6471 -0.7529 367.7101
v 7.1000 -223.3000 0.0218
v 3.6431 -0.7529 340.1980
v 40.9735 -345.1980 0.0218
v 3.5804 -0.6196 325.5533
v 33.4217 -330.5533 0.0218
v 3.5569 -0.6353 314.3161
v 23.5800 -319.3161 0.0218
v 3.5373 -0.6471 307.2521
v 14.7591 -312.2521 0.0218
v 3.5255 -0.6549 304.8427
v 5.1000 -309.8427 0.0218
v 3.5216 -0.6588 247.0000
v 29.7798 -406.7114 0.0218
v 3.4235 -0.5490 236.6446
v 24.2820 -388.7754 0.0218
v 3.4078 -0.5686 228.6987
v 19.7573 -375.0127 0.0218
v 3.3961 -0.5843 223.7037
v 11.4137 -366.3610 0.0218
v 3.3843 -0.5961 222.0000
v 5.1000 -363.4101 0.0218
v 3.3843 -0.6000 116.4685
v 20.3957 -439.6666 0.0218
v 3.2078 -0.5137 111.1082
v 19.9565 -419.6616 0.0218
v 3.1961 -0.5373 106.9951
v 16.5567 -403.3112 0.0218
v 3.1922 -0.5529 104.4095
v 9.6681 -393.6616 0.0218
v 3.1882 -0.5647 103.5276
v 4.1000 -387.3703 0.0218
v 3.1843 -0.5725 -0.0000
v 21.8453 -433.9999 0.0218
v 3.0118 -0.5216 -0.0000
v 18.5001 -413.2892 0.0218
v 3.0118 -0.5412 0.0000
v 17.3937 -396.3974 0.0218
v 3.0118 -0.5608 -0.0000
v 10.1013 -386.4073 0.0218
v 3.0118 -0.5725 -0.0000
v 4.1000 -380.0000 0.0218
v 3.0118 -0.5804 -100.4686
v 29.3608 -417.6666 0.0218
v 2.8431 -0.5373 -98.1082
v 24.8199 -397.6615 0.0218
v 2.8471 -0.5608 -95.9951
v 19.5154 -381.3112 0.0218
v 2.8510 -0.5804 -94.4095
v 11.2885 -371.6616 0.0218
v 2.8549 -0.5882 -93.5276
v 5.1000 -365.3703 0.0218
v 2.8549 -0.5961 -206.5000
v 40.9735 -396.7114 0.0218
v 2.6667 -0.5608 -202.6446
v 31.8760 -380.7753 0.0218
v 2.6745 -0.5804 -199.6987
v 22.4870 -369.0127 0.0218
v 2.6784 -0.5922 -198.2037
v 14.1933 -362.3610 0.0218
v 2.6784 -0.6000 -197.0000
v 5.1000 -355.4101 0.0218
v 2.6824 -0.6078 -351.6980
v 52.1389 -387.1980 0.0218
v 2.4235 -0.5725 -337.0533
v 41.4812 -372.5533 0.0218
v 2.4471 -0.5882 -326.8161
v 27.5917 -361.8161 0.0218
v 2.4667 -0.6000 -317.7520
v 15.1429 -355.2520 0.0218
v 2.4784 -0.6078 -310.8427
v 1.1000 -348.8427 0.0218
v 2.4902 -0.6157 -407.7114
v 46.9591 -322.9999 0.0218
v 2.3294 -0.6431 -383.7754
v 38.0489 -320.6446 0.0218
v 2.3686 -0.6471 -367.5127
v 28.0264 -319.6986 0.0218
v 2.3961 -0.6471 -354.8610
v 18.6085 -317.7036 0.0218
v 2.4196 -0.6510 -343.4101
v 5.1000 -315.0000 0.0218
v 2.4353 -0.6510 -339.6666
v 48.3308 -246.4685 0.0218
v 2.4431 -0.7294 -313.1615
v 35.2877 -243.1082 0.0218
v 2.4863 -0.7333 -297.3112
v 23.5800 -240.9951 0.0218
v 2.5137 -0.7333 -286.1616
v 14.7591 -239.4095 0.0218
v 2.5333 -0.7373 -279.3703
v 5.1000 -238.5276 0.0218
v 2.5451 -0.7373 -386.9999
v 40.7041 -158.9999 0.0218
v 2.3647 -0.8275 -371.2892
v 30.2827 -158.9999 0.0218
v 2.3922 -0.8275 -358.3973
v 19.6354 -159.0000 0.0218
v 2.4118 -0.8275 -348.4073
v 12.2964 -159.0000 0.0218
v 2.4275 -0.8275 -342.0000
v 5.1000 -159.0000 0.0218
v 2.4392 -0.8275 -413.6665
v 37.4059 -63.0314 0.0218
v 2.3216 -0.9333 -397.6615
v 29.6058 -63.3917 0.0218
v 2.3451 -0.9333 -385.3112
v 21.6078 -64.5049 0.0218
v 2.3686 -0.9333 -375.6615
v 11.4959 -65.0905 0.0218
v 2.3843 -0.9294 -370.3703
v 4.1000 -65.9724 0.0218
v 2.3922 -0.9294 -379.7113
v 78.2963 169.0000 0.0218
v 2.3765 -1.1922 -361.7753
v 57.7515 164.6446 0.0218
v 2.4078 -1.1882 -348.0126
v 37.4009 160.6987 0.0218
v 2.4314 -1.1843 -339.3610
v 20.2221 158.7037 0.0218
v 2.4431 -1.1804 -334.4101
v 5.1000 157.0000 0.0218
v 2.4510 -1.1804 378.7113
v 62.3335 256.9998 0.0218
v 3.6471 -1.2902 358.7753
v 48.6217 246.6445 0.0218
v 3.6118 -1.2784 344.0126
v 33.5000 238.6986 0.0218
v 3.5882 -1.2706 333.3609
v 19.3991 233.7036 0.0218
v 3.5686 -1.2627 329.4101
v 7.1000 232.0000 0.0218
v 3.5647 -1.2627 421.5664
v 41.2535 143.9684 0.0218
v 3.7412 -1.1647 400.5614
v 31.0617 138.6081 0.0218
v 3.7059 -1.1608 384.2111
v 18.5800 134.4951 0.0218
v 3.6784 -1.1529 374.5614
v 7.7591 131.9094 0.0218
v 3.6627 -1.1529 371.2703
v -1.9000 131.0276 0.0218
v 3.6588 -1.1490 -417.1889
v 60.0340 40.2343 0.0218
v 2.3137 -1.0471 -403.2184
v 45.5022 38.3765 0.0218
v 2.3373 -1.0471 -390.6619
v 29.7890 36.3469 0.0218
v 2.3569 -1.0431 -381.5113
v 16.1191 34.5566 0.0218
v 2.3725 -1.0431 -376.3903
v 4.1000 33.2638 0.0218
v 2.3804 -1.0392 -314.9754
v 35.4802 -222.0540 0.0218
v 2.4863 -0.7569 -342.3333
v 50.0860 -223.2342 0.0218
v 2.4392 -0.7569 -297.3543
v 20.4806 -220.9975 0.0218
v 2.5137 -0.7569 -287.5345
v 12.8241 -220.2047 0.0218
v 2.5294 -0.7569 -279.6852
v 5.1000 -219.7638 0.0218
v 2.5451 -0.7569 1800.0000
v 278.5001 0.0000 0.0218
v 6.0235 -1.0039 1627.7924
v 185.2639 0.0000 0.0218
v 5.7373 -1.0039 1481.8019
v 106.2320 0.0000 0.0218
v 5.4902 -1.0039 1384.2540
v -88.8950 0.0000 0.0218
v 5.3294 -1.0039 0.0003
v 222.7639 1627.7911 0.0218
v 3.0118 -2.8196 0.0006
v 266.6001 1799.9985 0.0218
v 3.0118 -3.0118 0.0002
v -45.3950 1384.2532 0.0218
v 3.0118 -2.5490 0.0002
v 140.7319 1481.8009 0.0218
v 3.0118 -2.6549 1662.9829
v 200.0000 -688.8301 0.0218
v 5.7961 -0.2353 1503.8839
v 124.7638 -622.9291 0.0218
v 5.5294 -0.3098 1369.0063
v 45.7320 -567.0610 0.0218
v 5.3020 -0.3725 1278.8839
v -140.3950 -529.7311 0.0218
v 5.1529 -0.4118 1272.7915
v 303.6003 1272.7905 0.0218
v 5.1412 -2.4235 1151.0222
v 231.7639 1151.0217 0.0218
v 4.9373 -2.2863 1047.7916
v 166.7320 1047.7913 0.0218
v 4.7647 -2.1725 978.8148
v -37.3950 978.8143 0.0218
v 4.6510 -2.0941 1272.7919
v 151.7998 -1272.7920 0.0218
v 5.1412 0.4118 1151.0227
v 87.7636 -1151.0228 0.0218
v 4.9373 0.2745 1047.7920
v 33.7319 -1047.7920 0.0218
v 4.7647 0.1608 978.8154
v -130.3950 -978.8154 0.0218
v 4.6510 0.0824 -622.9285
v 222.7639 1503.8832 0.0218
v 1.9686 -2.6824 -567.0605
v 144.7319 1369.0057 0.0218
v 2.0627 -2.5294 1662.9818
v 343.0002 688.8289 0.0218
v 5.7961 -1.7725 -529.7307
v -45.3950 1278.8834 0.0218
v 2.1255 -2.4314 688.8298
v 140.7996 -1662.9828 0.0218
v 4.1647 0.8471 622.9290
v 97.7637 -1503.8837 0.0218
v 4.0549 0.6706 567.0609
v 43.7319 -1369.0063 0.0218
v 3.9608 0.5176 529.7309
v -110.8950 -1278.8837 0.0218
v 3.8980 0.4196 1369.0055
v 166.7320 567.0604 0.0218
v 5.3020 -1.6353 1503.8828
v 252.7640 622.9282 0.0218
v 5.5294 -1.6980 -688.8292
v 266.6001 1662.9822 0.0218
v 1.8588 -2.8588 1278.8829
v -37.3950 529.7303 0.0218
v 5.1529 -1.5961 567.0609
v 166.7320 1369.0054 0.0218
v 3.9608 -2.5294 -0.0002
v 149.7996 -1799.9995 0.0218
v 3.0118 1.0000 -0.0001
v 106.7635 -1627.7919 0.0218
v 3.0118 0.8078 -0.0001
v 52.7320 -1481.8016 0.0218
v 3.0118 0.6431 -0.0001
v -113.3951 -1384.2538 0.0218
v 3.0118 0.5373 688.8301
v 285.6002 1662.9814 0.0218
v 4.1647 -2.8588 529.7309
v -37.3950 1278.8829 0.0218
v 3.8980 -2.4314 622.9289
v 231.7639 1503.8824 0.0218
v 4.0549 -2.6824 -688.8301
v 202.7999 -1662.9825 0.0218
v 1.8588 0.8471 -622.9291
v 154.7637 -1503.8835 0.0218
v 1.9686 0.6706 -567.0610
v 94.7319 -1369.0061 0.0218
v 2.0627 0.5176 -529.7310
v -83.8950 -1278.8837 0.0218
v 2.1255 0.4196 -1384.2534
v -47.3950 0.0001 0.0218
v 0.6941 -1.0039 -1481.8013
v 169.7322 0.0002 0.0218
v 0.5333 -1.0039 -1627.7916
v 261.7639 0.0002 0.0218
v 0.2863 -1.0039 -1799.9989
v 333.5997 0.0004 0.0218
v 0.0000 -1.0039 -1272.7919
v 259.3000 -1272.7914 0.0218
v 0.8824 0.4118 -1151.0226
v 211.2639 -1151.0225 0.0218
v 1.0863 0.2745 -1047.7919
v 146.2320 -1047.7916 0.0218
v 1.2588 0.1608 -978.8152
v -86.8950 -978.8150 0.0218
v 1.3725 0.0824 -1047.7915
v 91.7319 1047.7917 0.0218
v 1.2588 -2.1725 -978.8148
v -78.3950 978.8152 0.0218
v 1.3725 -2.0941 -1151.0222
v 170.7638 1151.0225 0.0218
v 1.0863 -2.2863 -1272.7910
v 221.5999 1272.7916 0.0218
v 0.8824 -2.4235 -1662.9825
v 348.0998 -688.8295 0.0218
v 0.2275 -0.2353 -1503.8834
v 276.2640 -622.9287 0.0218
v 0.4941 -0.3098 -1369.0061
v 184.2322 -567.0607 0.0218
v 0.7216 -0.3725 -1278.8835
v -54.8950 -529.7308 0.0218
v 0.8706 -0.4118 -1278.8834
v -51.3950 529.7310 0.0218
v 0.8706 -1.5961 -1369.0057
v 114.7320 567.0610 0.0218
v 0.7216 -1.6353 -1503.8832
v 171.7638 622.9290 0.0218
v 0.4941 -1.6980 -1662.9819
v 222.5999 688.8301 0.0218
v 0.2275 -1.7725 33.2500
v 83.1000 284.0000 0.0218
v 3.0667 -1.3216 -33.7500
v 79.6000 287.7500 0.0218
v 2.9569 -1.3255 0.0000
v 0.0005 86.4999 -0.0004
v 1818.9097 0.0000 0.0000
v 1.0000 1.0000 1.0000
v -16.0627 0.0000 0.0000
v 0.0000 0.0000 7.0000
v 0.0000 565.7288 0.0000
v 0.0000 1.0000 1.0000
v 1.0000 0.0000 0.0000
v 4.0157 -0.5922 0.0000
v 0.0000 13.0000 104.5000
v 266.0000 518.0640 0.0000
v 0.0000 1.0000 1.0000
v 1.0000 0.0000 0.0000
v -25.3933 4.0000 -23.7423
v 87.3810 0.0000 0.0000
v 1.0000 1.0000 1.0000
v 0.0000 0.0000 -259.9258
v 4.7500 -16.5619 76.2246
v 0.0000 0.0000 1.0000
v 1.0000 1.0000 0.0000
v 0.0000 141.2232 12.2500
v -247.1194 117.9314 0.0000
v 0.0000 1.0000 1.0000
v 1.0000 0.0000 0.0000
v 0.0000 -0.4817 6.7500
v 233.7430 101.3847 0.0000
v 0.0000 1.0000 1.0000
v 1.0000 0.0000 0.0000
v 2.0078 1.0000 0.0000
v 0.0000 140.0000 10.5000
v -240.0000 95.0329 0.0000
v 0.0000 1.0000 1.0000
v 1.0000 0.0000 0.0000
v 0.0000 0.0000 -0.6416
v 0.0500 -0.0461 234.4410
v 0.0000 0.0000 1.0000
v 1.0000 1.0000 0.0000
v 11.1255 -8.7451 0.0000
v -40.0000 0.0000 586.3658
v 0.0000 0.0000 1.0000
v 1.0000 1.0000 0.0000
v 263.3341 0.0000 0.0000
v 1.0000 1.0000 1.0000
v 162.8044 0.0000 0.0000
v 1.0000 1.0000 1.0000
v 0.2471 0.0000 0.0000
v 283.9946 0.0000 0.0000
v 1.0000 1.0000 1.0000
v 1.0000 0.0000 0.0000
v -0.0000 0.0500 0.0000
v 267.5911 0.0000 0.0000
v 1.0000 1.0000 1.0000
v 0.0600 0.0000 177.0521
v 0.0000 0.0000 1.0000
v 1.0000 1.0000 0.0000
v 4.0157 0.2471 0.0000
v 0.0000 -158.4915 0.0200
v -65.6493 164.6510 0.0000
v 0.0000 1.0000 1.0000
v 1.0000 0.0000 0.0000
v 0.2471 0.0000 0.0000
v -158.4915 0.0400 65.6493
v 164.6510 0.0000 0.0000
v 1.0000 1.0000 1.0000
v 0.0000 0.0000 65.6493
v 0.0200 -158.4915 164.6510
v 0.0000 0.0000 1.0000
v 1.0000 1.0000 0.0000
v 4.0157 0.2471 0.0000
v 0.0000 -65.6493 0.0400
v -158.4915 164.6510 0.0000
v 0.0000 1.0000 1.0000
v 1.0000 0.0000 0.0000
v 0.2471 0.0000 0.0000
v 158.4915 0.0200 65.6493
v 164.6510 0.0000 0.0000
v 1.0000 1.0000 1.0000
v 0.0000 0.0000 158.4915
v 0.0400 -65.6493 164.6510
v 0.0000 0.0000 1.0000
v 1.0000 1.0000 0.0000
v 4.0157 0.2471 0.0000
v 0.0000 -65.6493 0.0200
v 158.4915 164.6510 0.0000
v 0.0000 1.0000 1.0000
v 1.0000 0.0000 0.0000
v 0.2471 0.0000 0.0000
v 65.6493 0.0400 158.4915
v 164.6510 0.0000 0.0000
v 1.0000 1.0000 1.0000
v 1.0000 1.0000 1.0000
v 0.2471 0.0000 0.0000
v -158.4915 155.9600 65.6493
v 164.6510 0.0000 0.0000
v 1.0000 1.0000 1.0000
v 0.0000 1.0000 1.0000
v 1.0000 0.0000 0.0000
v 1.0039 0.0000 0.0000
v 0.0000 605.5001 1741.5000
v -3838.0000 769.5614 0.0000
v 0.0000 61.0000 0.0000
v -517.0000 0.0000 0.0000
v 0.0000 1.0000 1.0000
v 1.0000 0.0000 0.0000
v 1.0000 0.0000 0.0000
v 89.4101 0.0000 0.0000
v 195.0000 155.9500 -195.0000
v 1.0000 1.0000 1.0000
v 0.0000 -0.0000 89.4101
v 0.0000 0.0000 195.0000
v 155.9500 195.0000 0.0000
v 0.0000 0.0000 1.0000
v 1.0000 1.0000 0.0000
v 0.0000 1.0000 0.0000
v 0.0000 89.4101 0.0000
v 0.0000 -195.0000 155.9500
v 195.0000 0.0000 0.0000
v 0.0000 1.0000 1.0000
v 1.0000 0.0000 0.0000
v 1.0000 0.0000 0.0000
v 89.4101 0.0000 0.0000
v -195.0000 155.9500 -195.0000
v 1.0000 1.0000 1.0000
v 426.6439 0.0000 0.0000
v 1.0000 1.0000 1.0000
v 0.3725 0.0000 0.0000
v 0.0000 403.4306 0.0000
v 0.0000 1.0000 1.0000
v 1.0000 0.0000 0.0000
v 0.0000 1.0000 0.0000
v 0.0000 0.0000 78.0001
v 0.0000 264.3422 0.0000
v 0.0000 1.0000 1.0000
v 1.0000 0.0000 0.0000
v 0.3725 0.0000 0.0000
v -0.0000 441.5951 0.0000
v 0.0000 1.0000 1.0000
v 1.0000 0.0000 0.0000
v 48.1882 1.0000 0.0000
v -35.0000 -0.0001 2500.0449
v 0.0000 0.0000 1.0000
v 1.0000 1.0000 0.0000
v 0.2471 0.0000 0.0000
v -65.6493 155.9599 -158.4915
v 164.6510 0.0000 0.0000
v 1.0000 1.0000 1.0000
v 0.0000 0.0000 158.4915
v 155.9600 -65.6493 164.6510
v 0.0000 0.0000 1.0000
v 1.0000 1.0000 0.0000
v 4.0157 0.2471 0.0000
v 0.0000 65.6493 155.9601
v 158.4915 164.6510 0.0000
v 0.0000 1.0000 1.0000
v 1.0000 0.0000 0.0000
v 0.2471 0.0000 0.0000
v -65.6493 155.9801 158.4915
v 164.6510 0.0000 0.0000
v 1.0000 1.0000 1.0000
v 0.0000 0.0000 158.4915
v 155.9800 65.6493 164.6510
v 0.0000 0.0000 1.0000
v 1.0000 1.0000 0.0000
v 4.0157 0.2471 0.0000
v 0.0000 65.6493 155.9799
v -158.4915 164.6510 0.0000
v 0.0000 1.0000 1.0000
v 1.0000 0.0000 0.0000
v 0.2471 0.0000 0.0000
v -158.4915 155.9799 -65.6493
v 164.6510 0.0000 0.0000
v 1.0000 1.0000 1.0000
v 0.0001 -390.0000 0.0000
v 2959.2607 0.0000 0.0000
v 1.0000 1.0000 1.0000
v 0.0000 0.2471 0.0000
v 0.0000 0.0000 156.0000
v 0.0000 142.7669 0.0000
v 0.0000 1.0000 1.0000
v 1.0000 0.0000 0.0000
vn 0.0000 1.0000 0.0000
vn 0.0000 1.0000 0.0000
vn 0.0000 1.0000 0.0000
vn 0.0000 1.0000 0.0000
vn 0.0000 1.0000 0.0000
vn 0.0000 1.0000 0.0000
vn 0.0000 1.0000 0.0000
vn 0.0000 1.0000 0.0000
vn 0.0000 1.0000 0.0000
vn 0.0000 1.0000 0.0000
vn 0.0000 1.0000 0.0000
vn 0.0000 1.0000 0.0000
vn 0.0000 1.0000 0.0000
vn 0.0000 1.0000 0.0000
vn 0.0000 1.0000 0.0000
vn 0.0000 1.0000 0.0000
vn 0.0000 1.0000 0.0000
vn 0.0000 1.0000 0.0000
vn 0.0000 1.0000 0.0000
vn 0.0000 1.0000 0.0000
vn 0.0000 1.0000 0.0000
vn 0.0000 1.0000 0.0000
vn 0.0000 1.0000 0.0000
vn 0.0000 1.0000 0.0000
vn 0.0000 1.0000 0.0000
vn 0.0000 1.0000 0.0000
vn 0.0000 1.0000 0.0000
vn 0.0000 1.0000 0.0000
vn 0.0000 1.0000 0.0000
vn 0.0000 1.0000 0.0000
vn 0.0000 1.0000 0.0000
vn 0.0000 1.0000 0.0000
vn 0.0000 1.0000 0.0000
vn 0.0000 1.0000 0.0000
vn 0.0000 1.0000 0.0000
vn 0.0000 1.0000 0.0000
vn 0.0000 1.0000 0.0000
vn 0.0000 1.0000 0.0000
vn 0.0000 1.0000 0.0000
vn 0.0000 1.0000 0.0000
vn 0.0000 1.0000 0.0000
vn 0.0000 1.0000 0.0000
vn 0.0000 1.0000 0.0000
vn 0.0000 1.0000 0.0000
vn 0.0000 1.0000 0.0000
vn 0.0000 1.0000 0.0000
vn 0.0000 1.0000 0.0000
vn 0.0000 1.0000 0.0000
vn 0.0000 1.0000 0.0000
vn 0.0000 1.0000 0.0000
vn 0.0000 1.0000 0.0000
vn 0.0000 1.0000 0.0000
vn 0.0000 1.0000 0.0000
vn 0.0000 1.0000 0.0000
vn 0.0000 1.0000 0.0000
vn 0.0000 1.0000 0.0000
vn 0.0000 1.0000 0.0000
vn 0.0000 1.0000 0.0000
vn 0.0000 1.0000 0.0000
vn 0.0000 1.0000 0.0000
vn 0.0000 1.0000 0.0000
vn 0.0000 1.0000 0.0000
vn 0.0000 1.0000 0.0000
vn 0.0000 1.0000 0.0000
vn 0.0000 1.0000 0.0000
vn 0.0000 1.0000 0.0000
vn 0.0000 1.0000 0.0000
vn 0.0000 1.0000 0.0000
vn 0.0000 1.0000 0.0000
vn 0.0000 1.0000 0.0000
vn 0.0000 1.0000 0.0000
vn 0.0000 1.0000 0.0000
vn 0.0000 1.0000 0.0000
vn 0.0000 1.0000 0.0000
vn 0.0000 1.0000 0.0000
vn 0.0000 1.0000 0.0000
vn 0.0000 1.0000 0.0000
vn 0.0000 1.0000 0.0000
vn 0.0000 1.0000 0.0000
vn 0.0000 1.0000 0.0000
vn 0.0000 1.0000 0.0000
vn 0.0000 1.0000 0.0000
vn 0.0000 1.0000 0.0000
vn 0.0000 1.0000 0.0000
vn 0.0000 1.0000 0.0000
vn 0.0000 1.0000 0.0000
vn 0.0000 1.0000 0.0000
vn 0.0000 1.0000 0.0000
vn 0.0000 1.0000 0.0000
vn 0.0000 1.0000 0.0000
vn 0.0000 1.0000 0.0000
vn 0.0000 1.0000 0.0000
vn 0.0000 1.0000 0.0000
vn 0.0000 1.0000 0.0000
vn 0.0000 1.0000 0.0000
vn 0.0000 1.0000 0.0000
vn 0.0000 1.0000 0.0000
vn 0.0000 1.0000 0.0000
vn 0.0000 1.0000 0.0000
vn 0.0000 1.0000 0.0000
vn 0.0000 1.0000 0.0000
vn 0.0000 1.0000 0.0000
vn 0.0000 1.0000 0.0000
vn 0.0000 1.0000 0.0000
vn 0.0000 1.0000 0.0000
vn 0.0000 1.0000 0.0000
vn 0.0000 1.0000 0.0000
vn 0.0000 1.0000 0.0000
vn 0.0000 1.0000 0.0000
vn 0.0000 1.0000 0.0000
vn 0.0000 1.0000 0.0000
vn 0.0000 1.0000 0.0000
vn 0.0000 1.0000 0.0000
vn 0.0000 1.0000 0.0000
vn 0.0000 1.0000 0.0000
vn 0.0000 1.0000 0.0000
vn 0.0000 1.0000 0.0000
vn 0.0000 1.0000 0.0000
vn 0.0000 1.0000 0.0000
vn 0.0000 1.0000 0.0000
vn 0.0000 1.0000 0.0000
vn 0.0000 1.0000 0.0000
vn 0.0000 1.0000 0.0000
vn 0.0000 1.0000 0.0000
vn 0.0000 1.0000 0.0000
vn 0.0000 1.0000 0.0000
vn 0.0000 1.0000 0.0000
vn 0.0000 1.0000 0.0000
vn 0.0000 1.0000 0.0000
vn 0.0000 1.0000 0.0000
vn 0.0000 1.0000 0.0000
vn 0.0000 1.0000 0.0000
vn 0.0000 1.0000 0.0000
vn 0.0000 1.0000 0.0000
vn 0.0000 1.0000 0.0000
vn 0.0000 1.0000 0.0000
vn 0.0000 1.0000 0.0000
vn 0.0000 1.0000 0.0000
vn 0.0000 1.0000 0.0000
vn 0.0000 1.0000 0.0000
vn 0.0000 1.0000 0.0000
vn 0.0000 1.0000 0.0000
vn 0.0000 1.0000 0.0000
vn 0.0000 1.0000 0.0000
vn 0.0000 1.0000 0.0000
vn 0.0000 1.0000 0.0000
vn 0.0000 1.0000 0.0000
vn 0.0000 1.0000 0.0000
vn 0.0000 1.0000 0.0000
vn 0.0000 1.0000 0.0000
vn 0.0000 1.0000 0.0000
vn 0.0000 1.0000 0.0000
vn 0.0000 1.0000 0.0000
vn 0.0000 1.0000 0.0000
vn 0.0000 1.0000 0.0000
vn 0.0000 1.0000 0.0000
vn 0.0000 1.0000 0.0000
vn 0.0000 1.0000 0.0000
vn 0.0000 1.0000 0.0000
vn 0.0000 1.0000 0.0000
vn 0.0000 1.0000 0.0000
vn 0.0000 1.0000 0.0000
vn 0.0000 1.0000 0.0000
vn 0.0000 1.0000 0.0000
vn 0.0000 1.0000 0.0000
vn 0.0000 1.0000 0.0000
vn 0.0000 1.0000 0.0000
vn 0.0000 1.0000 0.0000
vn 0.0000 1.0000 0.0000
vn 0.0000 1.0000 0.0000
vn 0.0000 1.0000 0.0000
vn 0.0000 1.0000 0.0000
vn 0.0000 1.0000 0.0000
vn 0.0000 1.0000 0.0000
vn 0.0000 1.0000 0.0000
vn 0.0000 1.0000 0.0000
vn 0.0000 1.0000 0.0000
vn 0.0000 1.0000 0.0000
vn 0.0000 1.0000 0.0000
vn 0.0000 1.0000 0.0000
vn 0.0000 1.0000 0.0000
vn 0.0000 1.0000 0.0000
vn 0.0000 1.0000 0.0000
vn 0.0000 1.0000 0.0000
vn 0.0000 1.0000 0.0000
vn 0.0000 1.0000 0.0000
vn 0.0000 1.0000 0.0000
vn 0.0000 1.0000 0.0000
vn 0.0000 1.0000 0.0000
vn 0.0000 1.0000 0.0000
vn 0.0000 1.0000 0.0000
vn 0.0000 1.0000 0.0000
vn 0.0000 1.0000 0.0000
vn 0.0000 1.0000 0.0000
vn 0.0000 1.0000 0.0000
vn 0.0000 1.0000 0.0000
vn 0.0000 1.0000 0.0000
vn 0.0000 1.0000 0.0000
vn 0.0000 1.0000 0.0000
vn 0.0000 1.0000 0.0000
vn 0.0000 1.0000 0.0000
vn 0.0000 1.0000 0.0000
vn 0.0000 1.0000 0.0000
vn 0.0000 1.0000 0.0000
vn 0.0000 1.0000 0.0000
vn 0.0000 1.0000 0.0000
vn 0.0000 1.0000 0.0000
vn 0.0000 1.0000 0.0000
vn 0.0000 1.0000 0.0000
vn 0.0000 1.0000 0.0000
vn 0.0000 1.0000 0.0000
vn 0.0000 1.0000 0.0000
vn 0.0000 1.0000 0.0000
vn 0.0000 1.0000 0.0000
vn 0.0000 1.0000 0.0000
vn 0.0000 1.0000 0.0000
vn 0.0000 1.0000 0.0000
vn 0.0000 1.0000 0.0000
vn 0.0000 1.0000 0.0000
vn 0.0000 1.0000 0.0000
vn 0.0000 1.0000 0.0000
vn 0.0000 1.0000 0.0000
vn 0.0000 1.0000 0.0000
vn 0.0000 1.0000 0.0000
vn 0.0000 1.0000 0.0000
vn 0.0000 1.0000 0.0000
vn 0.0000 1.0000 0.0000
vn 0.0000 1.0000 0.0000
vn 0.0000 1.0000 0.0000
vn 0.0000 1.0000 0.0000
vn 0.0000 1.0000 0.0000
vn 0.0000 1.0000 0.0000
vn 0.0000 1.0000 0.0000
vn 0.0000 1.0000 0.0000
vn 0.0000 1.0000 0.0000
vn 0.0000 1.0000 0.0000
vn 0.0000 1.0000 0.0000
vn 0.0000 1.0000 0.0000
vn 0.0000 1.0000 0.0000
vn 0.0000 1.0000 0.0000
vn 0.0000 1.0000 0.0000
vn 0.0000 1.0000 0.0000
vn 0.0000 1.0000 0.0000
vn 0.0000 1.0000 0.0000
vn 0.0000 1.0000 0.0000
vn 0.0000 1.0000 0.0000
vn 0.0000 1.0000 0.0000
vn 0.0000 1.0000 0.0000
vn 0.0000 1.0000 0.0000
vn 0.0000 1.0000 0.0000
vn 0.0000 1.0000 0.0000
vn 0.0000 1.0000 0.0000
vn 0.0000 1.0000 0.0000
vn 0.0000 1.0000 0.0000
vn 0.0000 1.0000 0.0000
vn 0.0000 1.0000 0.0000
vn 0.0000 1.0000 0.0000
vn 0.0000 1.0000 0.0000
vn 0.0000 1.0000 0.0000
vn 0.0000 1.0000 0.0000
vn 0.0000 1.0000 0.0000
vn 0.0000 1.0000 0.0000
vn 0.0000 1.0000 0.0000
vn 0.0000 1.0000 0.0000
vn 0.0000 1.0000 0.0000
vn 0.0000 1.0000 0.0000
vn 0.0000 1.0000 0.0000
vn 0.0000 1.0000 0.0000
vn 0.0000 1.0000 0.0000
vn 0.0000 1.0000 0.0000
vn 0.0000 1.0000 0.0000
vn 0.0000 1.0000 0.0000
vn 0.0000 1.0000 0.0000
vn 0.0000 1.0000 0.0000
vn 0.0000 1.0000 0.0000
vn 0.0000 1.0000 0.0000
vn 0.0000 1.0000 0.0000
vn 0.0000 1.0000 0.0000
vn 0.0000 1.0000 0.0000
vn 0.0000 1.0000 0.0000
vn 0.0000 1.0000 0.0000
vn 0.0000 1.0000 0.0000
vn 0.0000 1.0000 0.0000
vn 0.0000 1.0000 0.0000
vn 0.0000 1.0000 0.0000
vn 0.0000 1.0000 0.0000
vn 0.0000 1.0000 0.0000
vn 0.0000 1.0000 0.0000
vn 0.0000 1.0000 0.0000
vn 0.0000 1.0000 0.0000
vn 0.0000 1.0000 0.0000
vn 0.0000 1.0000 0.0000
vn 0.0000 1.0000 0.0000
vn 0.0000 1.0000 0.0000
vn 0.0000 1.0000 0.0000
vn 0.0000 1.0000 0.0000
vn 0.0000 1.0000 0.0000
vn 0.0000 1.0000 0.0000
vn 0.0000 1.0000 0.0000
vn 0.0000 1.0000 0.0000
vn 0.0000 1.0000 0.0000
vn 0.0000 1.0000 0.0000
vn 0.0000 1.0000 0.0000
vn 0.0000 1.0000 0.0000
vn 0.0000 1.0000 0.0000
vn 0.0000 1.0000 0.0000
vn 0.0000 1.0000 0.0000
vn 0.0000 1.0000 0.0000
vn 0.0000 1.0000 0.0000
vn 0.0000 1.0000 0.0000
vn 0.0000 1.0000 0.0000
vn 0.0000 1.0000 0.0000
vn 0.0000 1.0000 0.0000
vn 0.0000 1.0000 0.0000
vn 0.0000 1.0000 0.0000
vn 0.0000 1.0000 0.0000
vn 0.0000 1.0000 0.0000
vn 0.0000 1.0000 0.0000
vn 0.0000 1.0000 0.0000
vn 0.0000 1.0000 0.0000
vn 0.0000 1.0000 0.0000
vn 0.0000 1.0000 0.0000
vn 0.0000 1.0000 0.0000
vn 0.0000 1.0000 0.0000
vn 0.0000 1.0000 0.0000
vn 0.0000 1.0000 0.0000
vn 0.0000 1.0000 0.0000
vn 0.0000 1.0000 0.0000
vn 0.0000 1.0000 0.0000
vn 0.0000 1.0000 0.0000
vn 0.0000 1.0000 0.0000
vn 0.0000 1.0000 0.0000
vn 0.0000 1.0000 0.0000
vn 0.0000 1.0000 0.0000
vn 0.0000 1.0000 0.0000
vn 0.0000 1.0000 0.0000
vn 0.0000 1.0000 0.0000
vn 0.0000 1.0000 0.0000
vn 0.0000 1.0000 0.0000
vn 0.0000 1.0000 0.0000
vn 0.0000 1.0000 0.0000
vn 0.0000 1.0000 0.0000
vn 0.0000 1.0000 0.0000
vn 0.0000 1.0000 0.0000
vn 0.0000 1.0000 0.0000
vn 0.0000 1.0000 0.0000
vn 0.0000 1.0000 0.0000
vn 0.0000 1.0000 0.0000
vn 0.0000 1.0000 0.0000
vn 0.0000 1.0000 0.0000
vn 0.0000 1.0000 0.0000
vn 0.0000 1.0000 0.0000
vn 0.0000 1.0000 0.0000
vn 0.0000 1.0000 0.0000
vn 0.0000 1.0000 0.0000
vn 0.0000 1.0000 0.0000
vn 0.0000 1.0000 0.0000
vn 0.0000 1.0000 0.0000
vn 0.0000 1.0000 0.0000
vn 0.0000 1.0000 0.0000
vn 0.0000 1.0000 0.0000
vn 0.0000 1.0000 0.0000
vn 0.0000 1.0000 0.0000
vn 0.0000 1.0000 0.0000
vn 0.0000 1.0000 0.0000
vn 0.0000 1.0000 0.0000
vn 0.0000 1.0000 0.0000
vn 0.0000 1.0000 0.0000
vn 0.0000 1.0000 0.0000
vn 0.0000 1.0000 0.0000
vn 0.0000 1.0000 0.0000
vn 0.0000 1.0000 0.0000
vn 0.0000 1.0000 0.0000
vn 0.0000 1.0000 0.0000
vn 0.0000 1.0000 0.0000
vn 0.0000 1.0000 0.0000
vn 0.0000 1.0000 0.0000
vn 0.0000 1.0000 0.0000
vn 0.0000 1.0000 0.0000
vn 0.0000 1.0000 0.0000
vn 0.0000 1.0000 0.0000
vn 0.0000 1.0000 0.0000
vn 0.0000 1.0000 0.0000
vn 0.0000 1.0000 0.0000
vn 0.0000 1.0000 0.0000
vn 0.0000 1.0000 0.0000
vn 0.0000 1.0000 0.0000
vn 0.0000 1.0000 0.0000
vn 0.0000 1.0000 0.0000
vn 0.0000 1.0000 0.0000
vn 0.0000 1.0000 0.0000
vn 0.0000 1.0000 0.0000
vn 0.0000 1.0000 0.0000
vn 0.0000 1.0000 0.0000
vn 0.0000 1.0000 0.0000
vn 0.0000 1.0000 0.0000
vn 0.0000 1.0000 0.0000
vn 0.0000 1.0000 0.0000
vn 0.0000 1.0000 0.0000
vn 0.0000 1.0000 0.0000
vn 0.0000 1.0000 0.0000
vn 0.0000 1.0000 0.0000
vn 0.0000 1.0000 0.0000
vn 0.0000 1.0000 0.0000
vn 0.0000 1.0000 0.0000
vn 0.0000 1.0000 0.0000
vn 0.0000 1.0000 0.0000
vn 0.0000 1.0000 0.0000
vn 0.0000 1.0000 0.0000
vn 0.0000 1.0000 0.0000
vn 0.0000 1.0000 0.0000
vn 0.0000 1.0000 0.0000
vn 0.0000 1.0000 0.0000
vn 0.0000 1.0000 0.0000
vn 0.0000 1.0000 0.0000
vn 0.0000 1.0000 0.0000
vn 0.0000 1.0000 0.0000
vn 0.0000 1.0000 0.0000
vn 0.0000 1.0000 0.0000
vn 0.0000 1.0000 0.0000
vn 0.0000 1.0000 0.0000
vn 0.0000 1.0000 0.0000
vn 0.0000 1.0000 0.0000
vn 0.0000 1.0000 0.0000
vn 0.0000 1.0000 0.0000
vn 0.0000 1.0000 0.0000
vn 0.0000 1.0000 0.0000
vn 0.0000 1.0000 0.0000
vn 0.0000 1.0000 0.0000
vn 0.0000 1.0000 0.0000
vn 0.0000 1.0000 0.0000
vn 0.0000 1.0000 0.0000
vn 0.0000 1.0000 0.0000
vn 0.0000 1.0000 0.0000
vn 0.0000 1.0000 0.0000
vn 0.0000 1.0000 0.0000
vn 0.0000 1.0000 0.0000
vn 0.0000 1.0000 0.0000
vn 0.0000 1.0000 0.0000
vn 0.0000 1.0000 0.0000
vn 0.0000 1.0000 0.0000
vn 0.0000 1.0000 0.0000
vn 0.0000 1.0000 0.0000
vn 0.0000 1.0000 0.0000
vn 0.0000 1.0000 0.0000
vn 0.0000 1.0000 0.0000
vn 0.0000 1.0000 0.0000
vn 0.0000 1.0000 0.0000
vn 0.0000 1.0000 0.0000
vn 0.0000 1.0000 0.0000
vn 0.0000 1.0000 0.0000
vn 0.0000 1.0000 0.0000
vn 0.0000 1.0000 0.0000
vn 0.0000 1.0000 0.0000
vn 0.0000 1.0000 0.0000
vn 0.0000 1.0000 0.0000
vn 0.0000 1.0000 0.0000
vn 0.0000 1.0000 0.0000
vn 0.0000 1.0000 0.0000
vn 0.0000 1.0000 0.0000
vn 0.0000 1.0000 0.0000
vn 0.0000 1.0000 0.0000
vn 0.0000 1.0000 0.0000
vn 0.0000 1.0000 0.0000
vn 0.0000 1.0000 0.0000
vn 0.0000 1.0000 0.0000
vn 0.0000 1.0000 0.0000
vn 0.0000 1.0000 0.0000
vn 0.0000 1.0000 0.0000
vn 0.0000 1.0000 0.0000
vn 0.0000 1.0000 0.0000
vn 0.0000 1.0000 0.0000
vn 0.0000 1.0000 0.0000
vn 0.0000 1.0000 0.0000
vn 0.0000 1.0000 0.0000
vn 0.0000 1.0000 0.0000
vn 0.0000 1.0000 0.0000
vn 0.0000 1.0000 0.0000
vn 0.0000 1.0000 0.0000
vn 0.0000 1.0000 0.0000
vn 0.0000 1.0000 0.0000
vn 0.0000 1.0000 0.0000
vn 0.0000 1.0000 0.0000
vn 0.0000 1.0000 0.0000
vn 0.0000 1.0000 0.0000
vn 0.0000 1.0000 0.0000
vn 0.0000 1.0000 0.0000
vn 0.0000 1.0000 0.0000
vn 0.0000 1.0000 0.0000
vn 0.0000 1.0000 0.0000
vn 0.0000 1.0000 0.0000
vn 0.0000 1.0000 0.0000
vn 0.0000 1.0000 0.0000
vn 0.0000 1.0000 0.0000
vn 0.0000 1.0000 0.0000
vn 0.0000 1.0000 0.0000
vn 0.0000 1.0000 0.0000
vn 0.0000 1.0000 0.0000
vn 0.0000 1.0000 0.0000
vn 0.0000 1.0000 0.0000
vn 0.0000 1.0000 0.0000
vn 0.0000 1.0000 0.0000
vn 0.0000 1.0000 0.0000
vn 0.0000 1.0000 0.0000
vn 0.0000 1.0000 0.0000
vn 0.0000 1.0000 0.0000
vn 0.0000 1.0000 0.0000
vn 0.0000 1.0000 0.0000
vn 0.0000 1.0000 0.0000
vn 0.0000 1.0000 0.0000
vn 0.0000 1.0000 0.0000
vn 0.0000 1.0000 0.0000
vn 0.0000 1.0000 0.0000
vn 0.0000 1.0000 0.0000
vn 0.0000 1.0000 0.0000
vn 0.0000 1.0000 0.0000
vn 0.0000 1.0000 0.0000
vn 0.0000 1.0000 0.0000
vn 0.0000 1.0000 0.0000
vn 0.0000 1.0000 0.0000
vn 0.0000 1.0000 0.0000
vn 0.0000 1.0000 0.0000
vn 0.0000 1.0000 0.0000
vn 0.0000 1.0000 0.0000
vn 0.0000 1.0000 0.0000
vn 0.0000 1.0000 0.0000
vn 0.0000 1.0000 0.0000
vn 0.0000 1.0000 0.0000
vn 0.0000 1.0000 0.0000
vn 0.0000 1.0000 0.0000
vn 0.0000 1.0000 0.0000
vn 0.0000 1.0000 0.0000
vn 0.0000 1.0000 0.0000
vn 0.0000 1.0000 0.0000
vn 0.0000 1.0000 0.0000
vn 0.0000 1.0000 0.0000
vn 0.0000 1.0000 0.0000
vn 0.0000 1.0000 0.0000
vn 0.0000 1.0000 0.0000
vn 0.0000 1.0000 0.0000
vn 0.0000 1.0000 0.0000
vn 0.0000 1.0000 0.0000
vn 0.0000 1.0000 0.0000
vn 0.0000 1.0000 0.0000
vn 0.0000 1.0000 0.0000
vn 0.0000 1.0000 0.0000
vn 0.0000 1.0000 0.0000
vn 0.0000 1.0000 0.0000
vn 0.0000 1.0000 0.0000
vn 0.0000 1.0000 0.0000
vn 0.0000 1.0000 0.0000
vn 0.0000 1.0000 0.0000
vn 0.0000 1.0000 0.0000
vn 0.0000 1.0000 0.0000
vn 0.0000 1.0000 0.0000
vn 0.0000 1.0000 0.0000
vn 0.0000 1.0000 0.0000
vn 0.0000 1.0000 0.0000
vn 0.0000 1.0000 0.0000
vn 0.0000 1.0000 0.0000
vn 0.0000 1.0000 0.0000
vn 0.0000 1.0000 0.0000
vn 0.0000 1.0000 0.0000
vn 0.0000 1.0000 0.0000
vn 0.0000 1.0000 0.0000
vn 0.0000 1.0000 0.0000
vn 0.0000 1.0000 0.0000
vn 0.0000 1.0000 0.0000
vn 0.0000 1.0000 0.0000
vn 0.0000 1.0000 0.0000
vn 0.0000 1.0000 0.0000
vn 0.0000 1.0000 0.0000
vn 0.0000 1.0000 0.0000
vn 0.0000 1.0000 0.0000
vn 0.0000 1.0000 0.0000
vn 0.0000 1.0000 0.0000
vn 0.0000 1.0000 0.0000
vn 0.0000 1.0000 0.0000
vn 0.0000 1.0000 0.0000
vn 0.0000 1.0000 0.0000
vn 0.0000 1.0000 0.0000
vn 0.0000 1.0000 0.0000
vn 0.0000 1.0000 0.0000
vn 0.0000 1.0000 0.0000
vn 0.0000 1.0000 0.0000
vn 0.0000 1.0000 0.0000
vn 0.0000 1.0000 0.0000
vn 0.0000 1.0000 0.0000
vn 0.0000 1.0000 0.0000
vn 0.0000 1.0000 0.0000
vn 0.0000 1.0000 0.0000
vn 0.0000 1.0000 0.0000
vn 0.0000 1.0000 0.0000
vn 0.0000 1.0000 0.0000
vn 0.0000 1.0000 0.0000
vn 0.0000 1.0000 0.0000
vn 0.0000 1.0000 0.0000
vn 0.0000 1.0000 0.0000
vn 0.0000 1.0000 0.0000
vn 0.0000 1.0000 0.0000
vn 0.0000 1.0000 0.0000
vn 0.0000 1.0000 0.0000
vn 0.0000 1.0000 0.0000
vn 0.0000 1.0000 0.0000
vn 0.0000 1.0000 0.0000
vn 0.0000 1.0000 0.0000
vn 0.0000 1.0000 0.0000
vn 0.0000 1.0000 0.0000
vn 0.0000 1.0000 0.0000
vn 0.0000 1.0000 0.0000
vn 0.0000 1.0000 0.0000
vn 0.0000 1.0000 0.0000
vn 0.0000 1.0000 0.0000
vn 0.0000 1.0000 0.0000
vn 0.0000 1.0000 0.0000
vn 0.0000 1.0000 0.0000
vn 0.0000 1.0000 0.0000
vn 0.0000 1.0000 0.0000
vn 0.0000 1.0000 0.0000
vn 0.0000 1.0000 0.0000
vn 0.0000 1.0000 0.0000
vn 0.0000 1.0000 0.0000
vn 0.0000 1.0000 0.0000
vn 0.0000 1.0000 0.0000
vn 0.0000 1.0000 0.0000
vn 0.0000 1.0000 0.0000
vn 0.0000 1.0000 0.0000
vn 0.0000 1.0000 0.0000
vn 0.0000 1.0000 0.0000
vn 0.0000 1.0000 0.0000
vn 0.0000 1.0000 0.0000
vn 0.0000 1.0000 0.0000
vn 0.0000 1.0000 0.0000
vn 0.0000 1.0000 0.0000
vn 0.0000 1.0000 0.0000
vn 0.0000 1.0000 0.0000
vn 0.0000 1.0000 0.0000
vn 0.0000 1.0000 0.0000
vn 0.0000 1.0000 0.0000
vn 0.0000 1.0000 0.0000
vn 0.0000 1.0000 0.0000
vn 0.0000 1.0000 0.0000
vn 0.0000 1.0000 0.0000
vn 0.0000 1.0000 0.0000
vn 0.0000 1.0000 0.0000
vn 0.0000 1.0000 0.0000
vn 0.0000 1.0000 0.0000
vn 0.0000 1.0000 0.0000
vn 0.0000 1.0000 0.0000
vn 0.0000 1.0000 0.0000
vn 0.0000 1.0000 0.0000
vn 0.0000 1.0000 0.0000
vn 0.0000 1.0000 0.0000
vn 0.0000 1.0000 0.0000
vn 0.0000 1.0000 0.0000
vn 0.0000 1.0000 0.0000
vn 0.0000 1.0000 0.0000
vn 0.0000 1.0000 0.0000
vn 0.0000 1.0000 0.0000
vn 0.0000 1.0000 0.0000
vn 0.0000 1.0000 0.0000
vn 0.0000 1.0000 0.0000
vn 0.0000 1.0000 0.0000
vn 0.0000 1.0000 0.0000
vn 0.0000 1.0000 0.0000
vn 0.0000 1.0000 0.0000
vn 0.0000 1.0000 0.0000
vn 0.0000 1.0000 0.0000
vn 0.0000 1.0000 0.0000
vn 0.0000 1.0000 0.0000
vn 0.0000 1.0000 0.0000
vn 0.0000 1.0000 0.0000
vn 0.0000 1.0000 0.0000
vn 0.0000 1.0000 0.0000
vn 0.0000 1.0000 0.0000
vn 0.0000 1.0000 0.0000
vn 0.0000 1.0000 0.0000
vn 0.0000 1.0000 0.0000
vn 0.0000 1.0000 0.0000
vn 0.0000 1.0000 0.0000
vn 0.0000 1.0000 0.0000
vn 0.0000 1.0000 0.0000
vn 0.0000 1.0000 0.0000
vn 0.0000 1.0000 0.0000
vn 0.0000 1.0000 0.0000
vn 0.0000 1.0000 0.0000
vn 0.0000 1.0000 0.0000
vn 0.0000 1.0000 0.0000
vn 0.0000 1.0000 0.0000
vn 0.0000 1.0000 0.0000
vn 0.0000 1.0000 0.0000
vn 0.0000 1.0000 0.0000
vn 0.0000 1.0000 0.0000
vn 0.0000 1.0000 0.0000
vn 0.0000 1.0000 0.0000
vn 0.0000 1.0000 0.0000
vn 0.0000 1.0000 0.0000
vn 0.0000 1.0000 0.0000
vn 0.0000 1.0000 0.0000
vn 0.0000 1.0000 0.0000
vn 0.0000 1.0000 0.0000
vn 0.0000 1.0000 0.0000
vn 0.0000 1.0000 0.0000
vn 0.0000 1.0000 0.0000
vn 0.0000 1.0000 0.0000
vn 0.0000 1.0000 0.0000
vn 0.0000 1.0000 0.0000
vn 0.0000 1.0000 0.0000
vn 0.0000 1.0000 0.0000
vn 0.0000 1.0000 0.0000
vn 0.0000 1.0000 0.0000
vn 0.0000 1.0000 0.0000
vn 0.0000 1.0000 0.0000
vn 0.0000 1.0000 0.0000
vn 0.0000 1.0000 0.0000
vn 0.0000 1.0000 0.0000
vn 0.0000 1.0000 0.0000
vn 0.0000 1.0000 0.0000
vn 0.0000 1.0000 0.0000
vn 0.0000 1.0000 0.0000
vn 0.0000 1.0000 0.0000
vn 0.0000 1.0000 0.0000
vn 0.0000 1.0000 0.0000
vn 0.0000 1.0000 0.0000
vn 0.0000 1.0000 0.0000
vn 0.0000 1.0000 0.0000
vn 0.0000 1.0000 0.0000
vn 0.0000 1.0000 0.0000
vn 0.0000 1.0000 0.0000
vn 0.0000 1.0000 0.0000
vn 0.0000 1.0000 0.0000
vn 0.0000 1.0000 0.0000
vn 0.0000 1.0000 0.0000
vn 0.0000 1.0000 0.0000
vn 0.0000 1.0000 0.0000
vn 0.0000 1.0000 0.0000
vn 0.0000 1.0000 0.0000
vn 0.0000 1.0000 0.0000
vn 0.0000 1.0000 0.0000
vn 0.0000 1.0000 0.0000
vn 0.0000 1.0000 0.0000
vn 0.0000 1.0000 0.0000
vn 0.0000 1.0000 0.0000
vn 0.0000 1.0000 0.0000
vn 0.0000 1.0000 0.0000
vn 0.0000 1.0000 0.0000
vn 0.0000 1.0000 0.0000
vn 0.0000 1.0000 0.0000
vn 0.0000 1.0000 0.0000
vn 0.0000 1.0000 0.0000
vn 0.0000 1.0000 0.0000
vn 0.0000 1.0000 0.0000
vn 0.0000 1.0000 0.0000
vn 0.0000 1.0000 0.0000
vn 0.0000 1.0000 0.0000
vn 0.0000 1.0000 0.0000
vn 0.0000 1.0000 0.0000
vn 0.0000 1.0000 0.0000
vn 0.0000 1.0000 0.0000
vn 0.0000 1.0000 0.0000
vn 0.0000 1.0000 0.0000
vn 0.0000 1.0000 0.0000
vn 0.0000 1.0000 0.0000
vn 0.0000 1.0000 0.0000
vn 0.0000 1.0000 0.0000
vn 0.0000 1.0000 0.0000
vn 0.0000 1.0000 0.0000
vn 0.0000 1.0000 0.0000
vn 0.0000 1.0000 0.0000
vn 0.0000 1.0000 0.0000
vn 0.0000 1.0000 0.0000
vn 0.0000 1.0000 0.0000
vn 0.0000 1.0000 0.0000
vn 0.0000 1.0000 0.0000
vn 0.0000 1.0000 0.0000
vn 0.0000 1.0000 0.0000
vn 0.0000 1.0000 0.0000
vn 0.0000 1.0000 0.0000
vn 0.0000 1.0000 0.0000
vn 0.0000 1.0000 0.0000
vn 0.0000 1.0000 0.0000
vn 0.0000 1.0000 0.0000
vn 0.0000 1.0000 0.0000
vn 0.0000 1.0000 0.0000
vn 0.0000 1.0000 0.0000
vn 0.0000 1.0000 0.0000
vn 0.0000 1.0000 0.0000
vn 0.0000 1.0000 0.0000
vn 0.0000 1.0000 0.0000
vn 0.0000 1.0000 0.0000
vn 0.0000 1.0000 0.0000
vn 0.0000 1.0000 0.0000
vn 0.0000 1.0000 0.0000
vn 0.0000 1.0000 0.0000
vn 0.0000 1.0000 0.0000
vn 0.0000 1.0000 0.0000
vn 0.0000 1.0000 0.0000
vn 0.0000 1.0000 0.0000
vn 0.0000 1.0000 0.0000
vn 0.0000 1.0000 0.0000
vn 0.0000 1.0000 0.0000
vn 0.0000 1.0000 0.0000
vn 0.0000 1.0000 0.0000
vn 0.0000 1.0000 0.0000
vn 0.0000 1.0000 0.0000
vn 0.0000 1.0000 0.0000
vn 0.0000 1.0000 0.0000
vn 0.0000 1.0000 0.0000
vn 0.0000 1.0000 0.0000
vn 0.0000 1.0000 0.0000
vn 0.0000 1.0000 0.0000
vn 0.0000 1.0000 0.0000
vn 0.0000 1.0000 0.0000
vn 0.0000 1.0000 0.0000
vn 0.0000 1.0000 0.0000
vn 0.0000 1.0000 0.0000
vn 0.0000 1.0000 0.0000
vn 0.0000 1.0000 0.0000
vn 0.0000 1.0000 0.0000
vn 0.0000 1.0000 0.0000
vn 0.0000 1.0000 0.0000
vn 0.0000 1.0000 0.0000
vn 0.0000 1.0000 0.0000
vn 0.0000 1.0000 0.0000
vn 0.0000 1.0000 0.0000
vn 0.0000 1.0000 0.0000
vn 0.0000 1.0000 0.0000
vn 0.0000 1.0000 0.0000
vn 0.0000 1.0000 0.0000
vn 0.0000 1.0000 0.0000
vn 0.0000 1.0000 0.0000
vn 0.0000 1.0000 0.0000
vn 0.0000 1.0000 0.0000
vn 0.0000 1.0000 0.0000
vn 0.0000 1.0000 0.0000
vn 0.0000 1.0000 0.0000
vn 0.0000 1.0000 0.0000
vn 0.0000 1.0000 0.0000
vn 0.0000 1.0000 0.0000
vn 0.0000 1.0000 0.0000
vn 0.0000 1.0000 0.0000
vn 0.0000 1.0000 0.0000
vn 0.0000 1.0000 0.0000
vn 0.0000 1.0000 0.0000
vn 0.0000 1.0000 0.0000
vn 0.0000 1.0000 0.0000
vn 0.0000 1.0000 0.0000
vn 0.0000 1.0000 0.0000
vn 0.0000 1.0000 0.0000
vn 0.0000 1.0000 0.0000
vn 0.0000 1.0000 0.0000
vn 0.0000 1.0000 0.0000
vn 0.0000 1.0000 0.0000
vn 0.0000 1.0000 0.0000
vn 0.0000 1.0000 0.0000
vn 0.0000 1.0000 0.0000
vn 0.0000 1.0000 0.0000
vn 0.0000 1.0000 0.0000
vn 0.0000 1.0000 0.0000
vn 0.0000 1.0000 0.0000
vn 0.0000 1.0000 0.0000
vn 0.0000 1.0000 0.0000
vn 0.0000 1.0000 0.0000
vn 0.0000 1.0000 0.0000
vn 0.0000 1.0000 0.0000
vn 0.0000 1.0000 0.0000
vn 0.0000 1.0000 0.0000
vn 0.0000 1.0000 0.0000
vn 0.0000 1.0000 0.0000
vn 0.0000 1.0000 0.0000
vn 0.0000 1.0000 0.0000
vn 0.0000 1.0000 0.0000
vn 0.0000 1.0000 0.0000
vn 0.0000 1.0000 0.0000
vn 0.0000 1.0000 0.0000
vn 0.0000 1.0000 0.0000
vn 0.0000 1.0000 0.0000
vn 0.0000 1.0000 0.0000
vn 0.0000 1.0000 0.0000
vn 0.0000 1.0000 0.0000
vn 0.0000 1.0000 0.0000
vn 0.0000 1.0000 0.0000
vn 0.0000 1.0000 0.0000
vn 0.0000 1.0000 0.0000
vn 0.0000 1.0000 0.0000
vn 0.0000 1.0000 0.0000
vn 0.0000 1.0000 0.0000
vn 0.0000 1.0000 0.0000
vn 0.0000 1.0000 0.0000
vn 0.0000 1.0000 0.0000
vn 0.0000 1.0000 0.0000
vn 0.0000 1.0000 0.0000
vn 0.0000 1.0000 0.0000
vn 0.0000 1.0000 0.0000
vn 0.0000 1.0000 0.0000
vn 0.0000 1.0000 0.0000
vn 0.0000 1.0000 0.0000
vn 0.0000 1.0000 0.0000
vn 0.0000 1.0000 0.0000
vn 0.0000 1.0000 0.0000
vn 0.0000 1.0000 0.0000
vn 0.0000 1.0000 0.0000
vn 0.0000 1.0000 0.0000
vn 0.0000 1.0000 0.0000
vn 0.0000 1.0000 0.0000
vn 0.0000 1.0000 0.0000
vn 0.0000 1.0000 0.0000
vn 0.0000 1.0000 0.0000
vn 0.0000 1.0000 0.0000
vn 0.0000 1.0000 0.0000
vn 0.0000 1.0000 0.0000
vn 0.0000 1.0000 0.0000
vn 0.0000 1.0000 0.0000
vn 0.0000 1.0000 0.0000
vn 0.0000 1.0000 0.0000
vn 0.0000 1.0000 0.0000
vn 0.0000 1.0000 0.0000
vn 0.0000 1.0000 0.0000
vn 0.0000 1.0000 0.0000
vn 0.0000 1.0000 0.0000
vn 0.0000 1.0000 0.0000
vn 0.0000 1.0000 0.0000
vn 0.0000 1.0000 0.0000
vn 0.0000 1.0000 0.0000
vn 0.0000 1.0000 0.0000
vn 0.0000 1.0000 0.0000
vn 0.0000 1.0000 0.0000
vn 0.0000 1.0000 0.0000
vn 0.0000 1.0000 0.0000
vn 0.0000 1.0000 0.0000
vn 0.0000 1.0000 0.0000
vn 0.0000 1.0000 0.0000
vn 0.0000 1.0000 0.0000
vn 0.0000 1.0000 0.0000
vn 0.0000 1.0000 0.0000
vn 0.0000 1.0000 0.0000
vn 0.0000 1.0000 0.0000
vn 0.0000 1.0000 0.0000
vn 0.0000 1.0000 0.0000
vn 0.0000 1.0000 0.0000
vn 0.0000 1.0000 0.0000
vn 0.0000 1.0000 0.0000
vn 0.0000 1.0000 0.0000
vn 0.0000 1.0000 0.0000
vn 0.0000 1.0000 0.0000
vn 0.0000 1.0000 0.0000
vn 0.0000 1.0000 0.0000
vn 0.0000 1.0000 0.0000
vn 0.0000 1.0000 0.0000
vn 0.0000 1.0000 0.0000
vn 0.0000 1.0000 0.0000
vn 0.0000 1.0000 0.0000
vn 0.0000 1.0000 0.0000
vn 0.0000 1.0000 0.0000
vn 0.0000 1.0000 0.0000
vn 0.0000 1.0000 0.0000
vn 0.0000 1.0000 0.0000
vn 0.0000 1.0000 0.0000
vn 0.0000 1.0000 0.0000
vn 0.0000 1.0000 0.0000
vn 0.0000 1.0000 0.0000
vn 0.0000 1.0000 0.0000
vn 0.0000 1.0000 0.0000
vn 0.0000 1.0000 0.0000
vn 0.0000 1.0000 0.0000
vn 0.0000 1.0000 0.0000
vn 0.0000 1.0000 0.0000
vn 0.0000 1.0000 0.0000
vn 0.0000 1.0000 0.0000
vn 0.0000 1.0000 0.0000
vn 0.0000 1.0000 0.0000
vn 0.0000 1.0000 0.0000
vn 0.0000 1.0000 0.0000
vn 0.0000 1.0000 0.0000
vn 0.0000 1.0000 0.0000
vn 0.0000 1.0000 0.0000
vn 0.0000 1.0000 0.0000
vn 0.0000 1.0000 0.0000
vn 0.0000 1.0000 0.0000
vn 0.0000 1.0000 0.0000
vn 0.0000 1.0000 0.0000
vn 0.0000 1.0000 0.0000
vn 0.0000 1.0000 0.0000
vn 0.0000 1.0000 0.0000
vn 0.0000 1.0000 0.0000
vn 0.0000 1.0000 0.0000
vn 0.0000 1.0000 0.0000
vn 0.0000 1.0000 0.0000
vn 0.0000 1.0000 0.0000
vn 0.0000 1.0000 0.0000
vn 0.0000 1.0000 0.0000
vn 0.0000 1.0000 0.0000
vn 0.0000 1.0000 0.0000
vn 0.0000 1.0000 0.0000
vn 0.0000 1.0000 0.0000
vn 0.0000 1.0000 0.0000
vn 0.0000 1.0000 0.0000
vn 0.0000 1.0000 0.0000
vn 0.0000 1.0000 0.0000
vn 0.0000 1.0000 0.0000
vn 0.0000 1.0000 0.0000
vn 0.0000 1.0000 0.0000
vn 0.0000 1.0000 0.0000
vn 0.0000 1.0000 0.0000
vn 0.0000 1.0000 0.0000
vn 0.0000 1.0000 0.0000
vn 0.0000 1.0000 0.0000
vn 0.0000 1.0000 0.0000
vn 0.0000 1.0000 0.0000
vn 0.0000 1.0000 0.0000
vn 0.0000 1.0000 0.0000
vn 0.0000 1.0000 0.0000
vn 0.0000 1.0000 0.0000
vn 0.0000 1.0000 0.0000
vn 0.0000 1.0000 0.0000
vn 0.0000 1.0000 0.0000
vn 0.0000 1.0000 0.0000
vn 0.0000 1.0000 0.0000
vn 0.0000 1.0000 0.0000
vn 0.0000 1.0000 0.0000
vn 0.0000 1.0000 0.0000
vn 0.0000 1.0000 0.0000
vn 0.0000 1.0000 0.0000
vn 0.0000 1.0000 0.0000
vn 0.0000 1.0000 0.0000
vn 0.0000 1.0000 0.0000
vn 0.0000 1.0000 0.0000
vn 0.0000 1.0000 0.0000
vn 0.0000 1.0000 0.0000
vn 0.0000 1.0000 0.0000
vn 0.0000 1.0000 0.0000
vn 0.0000 1.0000 0.0000
vn 0.0000 1.0000 0.0000
vn 0.0000 1.0000 0.0000
vn 0.0000 1.0000 0.0000
vn 0.0000 1.0000 0.0000
vn 0.0000 1.0000 0.0000
vn 0.0000 1.0000 0.0000
vn 0.0000 1.0000 0.0000
vn 0.0000 1.0000 0.0000
vn 0.0000 1.0000 0.0000
vn 0.0000 1.0000 0.0000
vn 0.0000 1.0000 0.0000
vn 0.0000 1.0000 0.0000
vn 0.0000 1.0000 0.0000
vn 0.0000 1.0000 0.0000
vn 0.0000 1.0000 0.0000
vn 0.0000 1.0000 0.0000
vn 0.0000 1.0000 0.0000
vn 0.0000 1.0000 0.0000
vn 0.0000 1.0000 0.0000
vn 0.0000 1.0000 0.0000
vn 0.0000 1.0000 0.0000
vn 0.0000 1.0000 0.0000
vn 0.0000 1.0000 0.0000
vn 0.0000 1.0000 0.0000
vn 0.0000 1.0000 0.0000
vn 0.0000 1.0000 0.0000
vn 0.0000 1.0000 0.0000
vn 0.0000 1.0000 0.0000
vn 0.0000 1.0000 0.0000
vn 0.0000 1.0000 0.0000
vn 0.0000 1.0000 0.0000
vn 0.0000 1.0000 0.0000
vn 0.0000 1.0000 0.0000
vn 0.0000 1.0000 0.0000
vn 0.0000 1.0000 0.0000
vn 0.0000 1.0000 0.0000
vn 0.0000 1.0000 0.0000
vn 0.0000 1.0000 0.0000
vn 0.0000 1.0000 0.0000
vn 0.0000 1.0000 0.0000
vn 0.0000 1.0000 0.0000
vn 0.0000 1.0000 0.0000
vn 0.0000 1.0000 0.0000
vn 0.0000 1.0000 0.0000
vn 0.0000 1.0000 0.0000
vn 0.0000 1.0000 0.0000
vn 0.0000 1.0000 0.0000
vn 0.0000 1.0000 0.0000
vn 0.0000 1.0000 0.0000
vn 0.0000 1.0000 0.0000
vn 0.0000 1.0000 0.0000
vn 0.0000 1.0000 0.0000
vn 0.0000 1.0000 0.0000
vn 0.0000 1.0000 0.0000
vn 0.0000 1.0000 0.0000
vn 0.0000 1.0000 0.0000
vn 0.0000 1.0000 0.0000
vn 0.0000 1.0000 0.0000
vn 0.0000 1.0000 0.0000
vn 0.0000 1.0000 0.0000
vn 0.0000 1.0000 0.0000
vn 0.0000 1.0000 0.0000
vn 0.0000 1.0000 0.0000
vn 0.0000 1.0000 0.0000
vn 0.0000 1.0000 0.0000
vn 0.0000 1.0000 0.0000
vn 0.0000 1.0000 0.0000
vn 0.0000 1.0000 0.0000
vn 0.0000 1.0000 0.0000
vn 0.0000 1.0000 0.0000
vn 0.0000 1.0000 0.0000
vn 0.0000 1.0000 0.0000
vn 0.0000 1.0000 0.0000
vn 0.0000 1.0000 0.0000
vn 0.0000 1.0000 0.0000
vn 0.0000 1.0000 0.0000
vn 0.0000 1.0000 0.0000
vn 0.0000 1.0000 0.0000
vn 0.0000 1.0000 0.0000
vn 0.0000 1.0000 0.0000
vn 0.0000 1.0000 0.0000
vn 0.0000 1.0000 0.0000
vn 0.0000 1.0000 0.0000
vn 0.0000 1.0000 0.0000
vn 0.0000 1.0000 0.0000
vn 0.0000 1.0000 0.0000
vn 0.0000 1.0000 0.0000
vn 0.0000 1.0000 0.0000
vn 0.0000 1.0000 0.0000
vn 0.0000 1.0000 0.0000
vn 0.0000 1.0000 0.0000
vn 0.0000 1.0000 0.0000
vn 0.0000 1.0000 0.0000
vn 0.0000 1.0000 0.0000
vn 0.0000 1.0000 0.0000
vn 0.0000 1.0000 0.0000
vn 0.0000 1.0000 0.0000
vn 0.0000 1.0000 0.0000
vn 0.0000 1.0000 0.0000
vn 0.0000 1.0000 0.0000
vn 0.0000 1.0000 0.0000
vn 0.0000 1.0000 0.0000
vn 0.0000 1.0000 0.0000
vn 0.0000 1.0000 0.0000
vn 0.0000 1.0000 0.0000
vn 0.0000 1.0000 0.0000
vn 0.0000 1.0000 0.0000
vn 0.0000 1.0000 0.0000
vn 0.0000 1.0000 0.0000
vn 0.0000 1.0000 0.0000
vn 0.0000 1.0000 0.0000
vn 0.0000 1.0000 0.0000
vn 0.0000 1.0000 0.0000
vn 0.0000 1.0000 0.0000
vn 0.0000 1.0000 0.0000
vn 0.0000 1.0000 0.0000
vn 0.0000 1.0000 0.0000
vn 0.0000 1.0000 0.0000
vn 0.0000 1.0000 0.0000
vn 0.0000 1.0000 0.0000
vn 0.0000 1.0000 0.0000
vn 0.0000 1.0000 0.0000
vn 0.0000 1.0000 0.0000
vn 0.0000 1.0000 0.0000
vn 0.0000 1.0000 0.0000
vn 0.0000 1.0000 0.0000
vn 0.0000 1.0000 0.0000
vn 0.0000 1.0000 0.0000
vn 0.0000 1.0000 0.0000
vn 0.0000 1.0000 0.0000
vn 0.0000 1.0000 0.0000
vn 0.0000 1.0000 0.0000
vn 0.0000 1.0000 0.0000
vn 0.0000 1.0000 0.0000
vn 0.0000 1.0000 0.0000
vn 0.0000 1.0000 0.0000
vn 0.0000 1.0000 0.0000
vn 0.0000 1.0000 0.0000
vn 0.0000 1.0000 0.0000
vn 0.0000 1.0000 0.0000
vn 0.0000 1.0000 0.0000
vn 0.0000 1.0000 0.0000
vn 0.0000 1.0000 0.0000
vn 0.0000 1.0000 0.0000
vn 0.0000 1.0000 0.0000
vn 0.0000 1.0000 0.0000
vn 0.0000 1.0000 0.0000
vn 0.0000 1.0000 0.0000
vn 0.0000 1.0000 0.0000
vn 0.0000 1.0000 0.0000
vn 0.0000 1.0000 0.0000
vn 0.0000 1.0000 0.0000
vn 0.0000 1.0000 0.0000
vn 0.0000 1.0000 0.0000
vn 0.0000 1.0000 0.0000
vn 0.0000 1.0000 0.0000
vn 0.0000 1.0000 0.0000
vn 0.0000 1.0000 0.0000
vn 0.0000 1.0000 0.0000
vn 0.0000 1.0000 0.0000
vn 0.0000 1.0000 0.0000
vn 0.0000 1.0000 0.0000
vn 0.0000 1.0000 0.0000
vn 0.0000 1.0000 0.0000
vn 0.0000 1.0000 0.0000
vn 0.0000 1.0000 0.0000
vn 0.0000 1.0000 0.0000
vn 0.0000 1.0000 0.0000
vn 0.0000 1.0000 0.0000
vn 0.0000 1.0000 0.0000
vn 0.0000 1.0000 0.0000
vn 0.0000 1.0000 0.0000
vn 0.0000 1.0000 0.0000
vn 0.0000 1.0000 0.0000
vn 0.0000 1.0000 0.0000
vn 0.0000 1.0000 0.0000
vn 0.0000 1.0000 0.0000
vn 0.0000 1.0000 0.0000
vn 0.0000 1.0000 0.0000
vn 0.0000 1.0000 0.0000
vn 0.0000 1.0000 0.0000
vn 0.0000 1.0000 0.0000
vn 0.0000 1.0000 0.0000
vn 0.0000 1.0000 0.0000
vn 0.0000 1.0000 0.0000
vn 0.0000 1.0000 0.0000
vn 0.0000 1.0000 0.0000
vn 0.0000 1.0000 0.0000
vn 0.0000 1.0000 0.0000
vn 0.0000 1.0000 0.0000
vn 0.0000 1.0000 0.0000
vn 0.0000 1.0000 0.0000
vn 0.0000 1.0000 0.0000
vn 0.0000 1.0000 0.0000
vn 0.0000 1.0000 0.0000
vn 0.0000 1.0000 0.0000
vn 0.0000 1.0000 0.0000
vn 0.0000 1.0000 0.0000
vn 0.0000 1.0000 0.0000
vn 0.0000 1.0000 0.0000
vn 0.0000 1.0000 0.0000
vn 0.0000 1.0000 0.0000
vn 0.0000 1.0000 0.0000
vn 0.0000 1.0000 0.0000
vn 0.0000 1.0000 0.0000
vn 0.0000 1.0000 0.0000
vn 0.0000 1.0000 0.0000
vn 0.0000 1.0000 0.0000
vn 0.0000 1.0000 0.0000
vn 0.0000 1.0000 0.0000
vn 0.0000 1.0000 0.0000
vn 0.0000 1.0000 0.0000
vn 0.0000 1.0000 0.0000
vn 0.0000 1.0000 0.0000
vn 0.0000 1.0000 0.0000
vn 0.0000 1.0000 0.0000
vn 0.0000 1.0000 0.0000
vn 0.0000 1.0000 0.0000
vn 0.0000 1.0000 0.0000
vn 0.0000 1.0000 0.0000
vn 0.0000 1.0000 0.0000
vn 0.0000 1.0000 0.0000
vn 0.0000 1.0000 0.0000
vn 0.0000 1.0000 0.0000
vn 0.0000 1.0000 0.0000
vn 0.0000 1.0000 0.0000
vn 0.0000 1.0000 0.0000
vn 0.0000 1.0000 0.0000
vn 0.0000 1.0000 0.0000
vn 0.0000 1.0000 0.0000
vn 0.0000 1.0000 0.0000
vn 0.0000 1.0000 0.0000
vn 0.0000 1.0000 0.0000
vn 0.0000 1.0000 0.0000
vn 0.0000 1.0000 0.0000
vn 0.0000 1.0000 0.0000
vn 0.0000 1.0000 0.0000
vn 0.0000 1.0000 0.0000
vn 0.0000 1.0000 0.0000
vn 0.0000 1.0000 0.0000
vn 0.0000 1.0000 0.0000
vn 0.0000 1.0000 0.0000
vn 0.0000 1.0000 0.0000
vn 0.0000 1.0000 0.0000
vn 0.0000 1.0000 0.0000
vn 0.0000 1.0000 0.0000
vn 0.0000 1.0000 0.0000
vn 0.0000 1.0000 0.0000
vn 0.0000 1.0000 0.0000
vn 0.0000 1.0000 0.0000
vn 0.0000 1.0000 0.0000
vn 0.0000 1.0000 0.0000
vn 0.0000 1.0000 0.0000
vn 0.0000 1.0000 0.0000
vn 0.0000 1.0000 0.0000
vn 0.0000 1.0000 0.0000
vn 0.0000 1.0000 0.0000
vn 0.0000 1.0000 0.0000
vn 0.0000 1.0000 0.0000
vn 0.0000 1.0000 0.0000
vn 0.0000 1.0000 0.0000
vn 0.0000 1.0000 0.0000
vn 0.0000 1.0000 0.0000
vn 0.0000 1.0000 0.0000
vn 0.0000 1.0000 0.0000
vn 0.0000 1.0000 0.0000
vn 0.0000 1.0000 0.0000
vn 0.0000 1.0000 0.0000
vn 0.0000 1.0000 0.0000
vn 0.0000 1.0000 0.0000
vn 0.0000 1.0000 0.0000
vn 0.0000 1.0000 0.0000
vn 0.0000 1.0000 0.0000
vn 0.0000 1.0000 0.0000
vn 0.0000 1.0000 0.0000
vn 0.0000 1.0000 0.0000
vn 0.0000 1.0000 0.0000
vn 0.0000 1.0000 0.0000
vn 0.0000 1.0000 0.0000
vn 0.0000 1.0000 0.0000
vn 0.0000 1.0000 0.0000
vn 0.0000 1.0000 0.0000
vn 0.0000 1.0000 0.0000
vn 0.0000 1.0000 0.0000
vn 0.0000 1.0000 0.0000
vn 0.0000 1.0000 0.0000
vn 0.0000 1.0000 0.0000
vn 0.0000 1.0000 0.0000
vn 0.0000 1.0000 0.0000
vn 0.0000 1.0000 0.0000
vn 0.0000 1.0000 0.0000
vn 0.0000 1.0000 0.0000
vn 0.0000 1.0000 0.0000
vn 0.0000 1.0000 0.0000
vn 0.0000 1.0000 0.0000
vn 0.0000 1.0000 0.0000
vn 0.0000 1.0000 0.0000
vn 0.0000 1.0000 0.0000
vn 0.0000 1.0000 0.0000
vn 0.0000 1.0000 0.0000
vn 0.0000 1.0000 0.0000
vn 0.0000 1.0000 0.0000
vn 0.0000 1.0000 0.0000
vn 0.0000 1.0000 0.0000
vn 0.0000 1.0000 0.0000
vn 0.0000 1.0000 0.0000
vn 0.0000 1.0000 0.0000
vn 0.0000 1.0000 0.0000
vn 0.0000 1.0000 0.0000
vn 0.0000 1.0000 0.0000
vn 0.0000 1.0000 0.0000
vn 0.0000 1.0000 0.0000
vn 0.0000 1.0000 0.0000
vn 0.0000 1.0000 0.0000
vn 0.0000 1.0000 0.0000
vn 0.0000 1.0000 0.0000
vn 0.0000 1.0000 0.0000
vn 0.0000 1.0000 0.0000
vn 0.0000 1.0000 0.0000
vn 0.0000 1.0000 0.0000
vn 0.0000 1.0000 0.0000
vn 0.0000 1.0000 0.0000
vn 0.0000 1.0000 0.0000
vn 0.0000 1.0000 0.0000
vn 0.0000 1.0000 0.0000
vn 0.0000 1.0000 0.0000
vn 0.0000 1.0000 0.0000
vn 0.0000 1.0000 0.0000
vn 0.0000 1.0000 0.0000
vn 0.0000 1.0000 0.0000
vn 0.0000 1.0000 0.0000
vn 0.0000 1.0000 0.0000
vn 0.0000 1.0000 0.0000
vn 0.0000 1.0000 0.0000
vn 0.0000 1.0000 0.0000
vn 0.0000 1.0000 0.0000
vn 0.0000 1.0000 0.0000
vn 0.0000 1.0000 0.0000
vn 0.0000 1.0000 0.0000
vn 0.0000 1.0000 0.0000
vn 0.0000 1.0000 0.0000
vn 0.0000 1.0000 0.0000
vn 0.0000 1.0000 0.0000
vn 0.0000 1.0000 0.0000
vn 0.0000 1.0000 0.0000
vn 0.0000 1.0000 0.0000
vn 0.0000 1.0000 0.0000
vn 0.0000 1.0000 0.0000
vn 0.0000 1.0000 0.0000
vn 0.0000 1.0000 0.0000
vn 0.0000 1.0000 0.0000
vn 0.0000 1.0000 0.0000
vn 0.0000 1.0000 0.0000
vn 0.0000 1.0000 0.0000
vn 0.0000 1.0000 0.0000
vn 0.0000 1.0000 0.0000
vn 0.0000 1.0000 0.0000
vn 0.0000 1.0000 0.0000
vn 0.0000 1.0000 0.0000
vn 0.0000 1.0000 0.0000
vn 0.0000 1.0000 0.0000
vn 0.0000 1.0000 0.0000
vn 0.0000 1.0000 0.0000
vn 0.0000 1.0000 0.0000
vn 0.0000 1.0000 0.0000
vn 0.0000 1.0000 0.0000
vn 0.0000 1.0000 0.0000
vn 0.0000 1.0000 0.0000
vn 0.0000 1.0000 0.0000
vn 0.0000 1.0000 0.0000
vn 0.0000 1.0000 0.0000
vn 0.0000 1.0000 0.0000
vn 0.0000 1.0000 0.0000
vn 0.0000 1.0000 0.0000
vn 0.0000 1.0000 0.0000
vn 0.0000 1.0000 0.0000
vn 0.0000 1.0000 0.0000
vn 0.0000 1.0000 0.0000
vn 0.0000 1.0000 0.0000
vn 0.0000 1.0000 0.0000
vn 0.0000 1.0000 0.0000
vn 0.0000 1.0000 0.0000
vn 0.0000 1.0000 0.0000
vn 0.0000 1.0000 0.0000
vn 0.0000 1.0000 0.0000
vn 0.0000 1.0000 0.0000
vn 0.0000 1.0000 0.0000
vn 0.0000 1.0000 0.0000
vn 0.0000 1.0000 0.0000
vn 0.0000 1.0000 0.0000
vn 0.0000 1.0000 0.0000
vn 0.0000 1.0000 0.0000
vn 0.0000 1.0000 0.0000
vn 0.0000 1.0000 0.0000
vn 0.0000 1.0000 0.0000
vn 0.0000 1.0000 0.0000
vn 0.0000 1.0000 0.0000
vn 0.0000 1.0000 0.0000
vn 0.0000 1.0000 0.0000
vn 0.0000 1.0000 0.0000
vn 0.0000 1.0000 0.0000
vn 0.0000 1.0000 0.0000
vn 0.0000 1.0000 0.0000
vn 0.0000 1.0000 0.0000
vn 0.0000 1.0000 0.0000
vn 0.0000 1.0000 0.0000
vn 0.0000 1.0000 0.0000
vn 0.0000 1.0000 0.0000
vn 0.0000 1.0000 0.0000
vn 0.0000 1.0000 0.0000
vn 0.0000 1.0000 0.0000
vn 0.0000 1.0000 0.0000
vn 0.0000 1.0000 0.0000
vn 0.0000 1.0000 0.0000
vn 0.0000 1.0000 0.0000
vn 0.0000 1.0000 0.0000
vn 0.0000 1.0000 0.0000
vn 0.0000 1.0000 0.0000
vn 0.0000 1.0000 0.0000
vn 0.0000 1.0000 0.0000
vn 0.0000 1.0000 0.0000
vn 0.0000 1.0000 0.0000
vn 0.0000 1.0000 0.0000
vn 0.0000 1.0000 0.0000
vn 0.0000 1.0000 0.0000
vn 0.0000 1.0000 0.0000
vn 0.0000 1.0000 0.0000
vn 0.0000 1.0000 0.0000
vn 0.0000 1.0000 0.0000
vn 0.0000 1.0000 0.0000
vn 0.0000 1.0000 0.0000
vn 0.0000 1.0000 0.0000
vn 0.0000 1.0000 0.0000
vn 0.0000 1.0000 0.0000
vn 0.0000 1.0000 0.0000
vn 0.0000 1.0000 0.0000
vn 0.0000 1.0000 0.0000
vn 0.0000 1.0000 0.0000
vn 0.0000 1.0000 0.0000
vn 0.0000 1.0000 0.0000
vn 0.0000 1.0000 0.0000
vn 0.0000 1.0000 0.0000
vn 0.0000 1.0000 0.0000
vn 0.0000 1.0000 0.0000
vn 0.0000 1.0000 0.0000
vn 0.0000 1.0000 0.0000
vn 0.0000 1.0000 0.0000
vn 0.0000 1.0000 0.0000
vn 0.0000 1.0000 0.0000
vn 0.0000 1.0000 0.0000
vn 0.0000 1.0000 0.0000
vn 0.0000 1.0000 0.0000
vn 0.0000 1.0000 0.0000
vn 0.0000 1.0000 0.0000
vn 0.0000 1.0000 0.0000
vn 0.0000 1.0000 0.0000
vn 0.0000 1.0000 0.0000
vn 0.0000 1.0000 0.0000
vn 0.0000 1.0000 0.0000
vn 0.0000 1.0000 0.0000
vn 0.0000 1.0000 0.0000
vn 0.0000 1.0000 0.0000
vn 0.0000 1.0000 0.0000
vn 0.0000 1.0000 0.0000
vn 0.0000 1.0000 0.0000
vn 0.0000 1.0000 0.0000
vn 0.0000 1.0000 0.0000
vn 0.0000 1.0000 0.0000
vn 0.0000 1.0000 0.0000
vn 0.0000 1.0000 0.0000
vn 0.0000 1.0000 0.0000
vn 0.0000 1.0000 0.0000
vn 0.0000 1.0000 0.0000
vn 0.0000 1.0000 0.0000
vn 0.0000 1.0000 0.0000
vn 0.0000 1.0000 0.0000
vn 0.0000 1.0000 0.0000
vn 0.0000 1.0000 0.0000
vn 0.0000 1.0000 0.0000
vn 0.0000 1.0000 0.0000
vn 0.0000 1.0000 0.0000
vn 0.0000 1.0000 0.0000
vn 0.0000 1.0000 0.0000
vn 0.0000 1.0000 0.0000
vn 0.0000 1.0000 0.0000
vn 0.0000 1.0000 0.0000
vn 0.0000 1.0000 0.0000
vn 0.0000 1.0000 0.0000
vn 0.0000 1.0000 0.0000
vn 0.0000 1.0000 0.0000
vn 0.0000 1.0000 0.0000
vn 0.0000 1.0000 0.0000
vn 0.0000 1.0000 0.0000
vn 0.0000 1.0000 0.0000
vn 0.0000 1.0000 0.0000
vn 0.0000 1.0000 0.0000
vn 0.0000 1.0000 0.0000
vn 0.0000 1.0000 0.0000
vn 0.0000 1.0000 0.0000
vn 0.0000 1.0000 0.0000
vn 0.0000 1.0000 0.0000
vn 0.0000 1.0000 0.0000
vn 0.0000 1.0000 0.0000
vn 0.0000 1.0000 0.0000
vn 0.0000 1.0000 0.0000
vn 0.0000 1.0000 0.0000
vn 0.0000 1.0000 0.0000
vn 0.0000 1.0000 0.0000
vn 0.0000 1.0000 0.0000
vn 0.0000 1.0000 0.0000
vn 0.0000 1.0000 0.0000
vn 0.0000 1.0000 0.0000
vn 0.0000 1.0000 0.0000
vn 0.0000 1.0000 0.0000
vn 0.0000 1.0000 0.0000
vn 0.0000 1.0000 0.0000
vn 0.0000 1.0000 0.0000
vn 0.0000 1.0000 0.0000
vn 0.0000 1.0000 0.0000
vn 0.0000 1.0000 0.0000
vn 0.0000 1.0000 0.0000
vn 0.0000 1.0000 0.0000
vn 0.0000 1.0000 0.0000
vn 0.0000 1.0000 0.0000
vn 0.0000 1.0000 0.0000
vn 0.0000 1.0000 0.0000
vn 0.0000 1.0000 0.0000
vn 0.0000 1.0000 0.0000
vn 0.0000 1.0000 0.0000
vn 0.0000 1.0000 0.0000
vn 0.0000 1.0000 0.0000
vn 0.0000 1.0000 0.0000
vn 0.0000 1.0000 0.0000
vn 0.0000 1.0000 0.0000
vn 0.0000 1.0000 0.0000
vn 0.0000 1.0000 0.0000
vn 0.0000 1.0000 0.0000
vn 0.0000 1.0000 0.0000
vn 0.0000 1.0000 0.0000
vn 0.0000 1.0000 0.0000
vn 0.0000 1.0000 0.0000
vn 0.0000 1.0000 0.0000
vn 0.0000 1.0000 0.0000
vn 0.0000 1.0000 0.0000
vn 0.0000 1.0000 0.0000
vn 0.0000 1.0000 0.0000
vn 0.0000 1.0000 0.0000
vn 0.0000 1.0000 0.0000
vn 0.0000 1.0000 0.0000
vn 0.0000 1.0000 0.0000
vn 0.0000 1.0000 0.0000
vn 0.0000 1.0000 0.0000
vn 0.0000 1.0000 0.0000
vn 0.0000 1.0000 0.0000
vn 0.0000 1.0000 0.0000
vn 0.0000 1.0000 0.0000
vn 0.0000 1.0000 0.0000
vn 0.0000 1.0000 0.0000
vn 0.0000 1.0000 0.0000
vn 0.0000 1.0000 0.0000
vn 0.0000 1.0000 0.0000
vn 0.0000 1.0000 0.0000
vn 0.0000 1.0000 0.0000
vn 0.0000 1.0000 0.0000
vn 0.0000 1.0000 0.0000
vn 0.0000 1.0000 0.0000
vn 0.0000 1.0000 0.0000
vn 0.0000 1.0000 0.0000
vn 0.0000 1.0000 0.0000
vn 0.0000 1.0000 0.0000
vn 0.0000 1.0000 0.0000
vn 0.0000 1.0000 0.0000
vn 0.0000 1.0000 0.0000
vn 0.0000 1.0000 0.0000
vn 0.0000 1.0000 0.0000
vn 0.0000 1.0000 0.0000
vn 0.0000 1.0000 0.0000
vn 0.0000 1.0000 0.0000
vn 0.0000 1.0000 0.0000
vn 0.0000 1.0000 0.0000
vn 0.0000 1.0000 0.0000
vn 0.0000 1.0000 0.0000
vn 0.0000 1.0000 0.0000
vn 0.0000 1.0000 0.0000
vn 0.0000 1.0000 0.0000
vn 0.0000 1.0000 0.0000
vn 0.0000 1.0000 0.0000
vn 0.0000 1.0000 0.0000
vn 0.0000 1.0000 0.0000
vn 0.0000 1.0000 0.0000
vn 0.0000 1.0000 0.0000
vn 0.0000 1.0000 0.0000
vn 0.0000 1.0000 0.0000
vn 0.0000 1.0000 0.0000
vn 0.0000 1.0000 0.0000
vn 0.0000 1.0000 0.0000
vn 0.0000 1.0000 0.0000
vn 0.0000 1.0000 0.0000
vn 0.0000 1.0000 0.0000
vn 0.0000 1.0000 0.0000
vn 0.0000 1.0000 0.0000
vn 0.0000 1.0000 0.0000
vn 0.0000 1.0000 0.0000
vn 0.0000 1.0000 0.0000
vn 0.0000 1.0000 0.0000
vn 0.0000 1.0000 0.0000
vn 0.0000 1.0000 0.0000
vn 0.0000 1.0000 0.0000
vn 0.0000 1.0000 0.0000
vn 0.0000 1.0000 0.0000
vn 0.0000 1.0000 0.0000
vn 0.0000 1.0000 0.0000
vn 0.0000 1.0000 0.0000
vn 0.0000 1.0000 0.0000
vn 0.0000 1.0000 0.0000
vn 0.0000 1.0000 0.0000
vn 0.0000 1.0000 0.0000
vn 0.0000 1.0000 0.0000
vn 0.0000 1.0000 0.0000
vn 0.0000 1.0000 0.0000
vn 0.0000 1.0000 0.0000
vn 0.0000 1.0000 0.0000
vn 0.0000 1.0000 0.0000
vn 0.0000 1.0000 0.0000
vn 0.0000 1.0000 0.0000
vn 0.0000 1.0000 0.0000
vn 0.0000 1.0000 0.0000
vn 0.0000 1.0000 0.0000
vn 0.0000 1.0000 0.0000
vn 0.0000 1.0000 0.0000
vn 0.0000 1.0000 0.0000
vn 0.0000 1.0000 0.0000
vn 0.0000 1.0000 0.0000
vn 0.0000 1.0000 0.0000
vn 0.0000 1.0000 0.0000
vn 0.0000 1.0000 0.0000
vn 0.0000 1.0000 0.0000
vn 0.0000 1.0000 0.0000
vn 0.0000 1.0000 0.0000
vn 0.0000 1.0000 0.0000
vn 0.0000 1.0000 0.0000
vn 0.0000 1.0000 0.0000
vn 0.0000 1.0000 0.0000
vn 0.0000 1.0000 0.0000
vn 0.0000 1.0000 0.0000
vn 0.0000 1.0000 0.0000
vn 0.0000 1.0000 0.0000
vn 0.0000 1.0000 0.0000
vn 0.0000 1.0000 0.0000
vn 0.0000 1.0000 0.0000
vn 0.0000 1.0000 0.0000
vn 0.0000 1.0000 0.0000
vn 0.0000 1.0000 0.0000
vn 0.0000 1.0000 0.0000
vn 0.0000 1.0000 0.0000
vn 0.0000 1.0000 0.0000
vn 0.0000 1.0000 0.0000
vn 0.0000 1.0000 0.0000
vn 0.0000 1.0000 0.0000
vn 0.0000 1.0000 0.0000
vn 0.0000 1.0000 0.0000
vn 0.0000 1.0000 0.0000
vn 0.0000 1.0000 0.0000
vn 0.0000 1.0000 0.0000
vn 0.0000 1.0000 0.0000
vn 0.0000 1.0000 0.0000
vn 0.0000 1.0000 0.0000
vn 0.0000 1.0000 0.0000
vn 0.0000 1.0000 0.0000
vn 0.0000 1.0000 0.0000
vn 0.0000 1.0000 0.0000
vn 0.0000 1.0000 0.0000
vn 0.0000 1.0000 0.0000
vn 0.0000 1.0000 0.0000
vn 0.0000 1.0000 0.0000
vn 0.0000 1.0000 0.0000
vn 0.0000 1.0000 0.0000
vn 0.0000 1.0000 0.0000
vn 0.0000 1.0000 0.0000
vn 0.0000 1.0000 0.0000
vn 0.0000 1.0000 0.0000
vn 0.0000 1.0000 0.0000
vn 0.0000 1.0000 0.0000
vn 0.0000 1.0000 0.0000
vn 0.0000 1.0000 0.0000
vn 0.0000 1.0000 0.0000
vn 0.0000 1.0000 0.0000
vn 0.0000 1.0000 0.0000
vn 0.0000 1.0000 0.0000
vn 0.0000 1.0000 0.0000
vn 0.0000 1.0000 0.0000
vn 0.0000 1.0000 0.0000
vn 0.0000 1.0000 0.0000
vn 0.0000 1.0000 0.0000
vn 0.0000 1.0000 0.0000
vn 0.0000 1.0000 0.0000
vn 0.0000 1.0000 0.0000
vn 0.0000 1.0000 0.0000
vn 0.0000 1.0000 0.0000
vn 0.0000 1.0000 0.0000
vn 0.0000 1.0000 0.0000
vn 0.0000 1.0000 0.0000
vn 0.0000 1.0000 0.0000
vn 0.0000 1.0000 0.0000
vn 0.0000 1.0000 0.0000
vn 0.0000 1.0000 0.0000
vn 0.0000 1.0000 0.0000
vn 0.0000 1.0000 0.0000
vn 0.0000 1.0000 0.0000
vn 0.0000 1.0000 0.0000
vn 0.0000 1.0000 0.0000
vn 0.0000 1.0000 0.0000
vn 0.0000 1.0000 0.0000
vn 0.0000 1.0000 0.0000
vn 0.0000 1.0000 0.0000
vn 0.0000 1.0000 0.0000
vn 0.0000 1.0000 0.0000
vn 0.0000 1.0000 0.0000
vn 0.0000 1.0000 0.0000
vn 0.0000 1.0000 0.0000
vn 0.0000 1.0000 0.0000
vn 0.0000 1.0000 0.0000
vn 0.0000 1.0000 0.0000
vn 0.0000 1.0000 0.0000
vn 0.0000 1.0000 0.0000
vn 0.0000 1.0000 0.0000
vn 0.0000 1.0000 0.0000
vn 0.0000 1.0000 0.0000
vn 0.0000 1.0000 0.0000
vn 0.0000 1.0000 0.0000
vn 0.0000 1.0000 0.0000
vn 0.0000 1.0000 0.0000
vn 0.0000 1.0000 0.0000
vn 0.0000 1.0000 0.0000
vn 0.0000 1.0000 0.0000
vn 0.0000 1.0000 0.0000
vn 0.0000 1.0000 0.0000
vn 0.0000 1.0000 0.0000
vn 0.0000 1.0000 0.0000
vn 0.0000 1.0000 0.0000
vn 0.0000 1.0000 0.0000
vn 0.0000 1.0000 0.0000
vn 0.0000 1.0000 0.0000
vn 0.0000 1.0000 0.0000
vn 0.0000 1.0000 0.0000
vn 0.0000 1.0000 0.0000
vn 0.0000 1.0000 0.0000
vn 0.0000 1.0000 0.0000
vn 0.0000 1.0000 0.0000
vn 0.0000 1.0000 0.0000
vn 0.0000 1.0000 0.0000
vn 0.0000 1.0000 0.0000
vn 0.0000 1.0000 0.0000
vn 0.0000 1.0000 0.0000
vn 0.0000 1.0000 0.0000
vn 0.0000 1.0000 0.0000
vn 0.0000 1.0000 0.0000
vn 0.0000 1.0000 0.0000
vn 0.0000 1.0000 0.0000
vn 0.0000 1.0000 0.0000
vn 0.0000 1.0000 0.0000
vn 0.0000 1.0000 0.0000
vn 0.0000 1.0000 0.0000
vn 0.0000 1.0000 0.0000
vn 0.0000 1.0000 0.0000
vn 0.0000 1.0000 0.0000
vn 0.0000 1.0000 0.0000
vn 0.0000 1.0000 0.0000
vn 0.0000 1.0000 0.0000
vn 0.0000 1.0000 0.0000
vn 0.0000 1.0000 0.0000
vn 0.0000 1.0000 0.0000
vn 0.0000 1.0000 0.0000
vn 0.0000 1.0000 0.0000
vn 0.0000 1.0000 0.0000
vn 0.0000 1.0000 0.0000
vn 0.0000 1.0000 0.0000
vn 0.0000 1.0000 0.0000
vn 0.0000 1.0000 0.0000
vn 0.0000 1.0000 0.0000
vn 0.0000 1.0000 0.0000
vn 0.0000 1.0000 0.0000
vn 0.0000 1.0000 0.0000
vn 0.0000 1.0000 0.0000
vn 0.0000 1.0000 0.0000
vn 0.0000 1.0000 0.0000
vn 0.0000 1.0000 0.0000
vn 0.0000 1.0000 0.0000
vn 0.0000 1.0000 0.0000
vn 0.0000 1.0000 0.0000
vn 0.0000 1.0000 0.0000
vn 0.0000 1.0000 0.0000
vn 0.0000 1.0000 0.0000
vn 0.0000 1.0000 0.0000
vn 0.0000 1.0000 0.0000
vn 0.0000 1.0000 0.0000
vn 0.0000 1.0000 0.0000
vn 0.0000 1.0000 0.0000
vn 0.0000 1.0000 0.0000
vn 0.0000 1.0000 0.0000
vn 0.0000 1.0000 0.0000
vn 0.0000 1.0000 0.0000
vn 0.0000 1.0000 0.0000
vn 0.0000 1.0000 0.0000
vn 0.0000 1.0000 0.0000
vn 0.0000 1.0000 0.0000
vn 0.0000 1.0000 0.0000
vn 0.0000 1.0000 0.0000
vn 0.0000 1.0000 0.0000
vn 0.0000 1.0000 0.0000
vn 0.0000 1.0000 0.0000
vn 0.0000 1.0000 0.0000
vn 0.0000 1.0000 0.0000
vn 0.0000 1.0000 0.0000
vn 0.0000 1.0000 0.0000
vn 0.0000 1.0000 0.0000
vn 0.0000 1.0000 0.0000
vn 0.0000 1.0000 0.0000
vn 0.0000 1.0000 0.0000
vn 0.0000 1.0000 0.0000
vn 0.0000 1.0000 0.0000
vn 0.0000 1.0000 0.0000
vn 0.0000 1.0000 0.0000
vn 0.0000 1.0000 0.0000
vn 0.0000 1.0000 0.0000
vn 0.0000 1.0000 0.0000
vn 0.0000 1.0000 0.0000
vn 0.0000 1.0000 0.0000
vn 0.0000 1.0000 0.0000
vn 0.0000 1.0000 0.0000
vn 0.0000 1.0000 0.0000
vn 0.0000 1.0000 0.0000
vn 0.0000 1.0000 0.0000
vn 0.0000 1.0000 0.0000
vn 0.0000 1.0000 0.0000
vn 0.0000 1.0000 0.0000
vn 0.0000 1.0000 0.0000
vn 0.0000 1.0000 0.0000
vn 0.0000 1.0000 0.0000
vn 0.0000 1.0000 0.0000
vn 0.0000 1.0000 0.0000
vn 0.0000 1.0000 0.0000
vn 0.0000 1.0000 0.0000
vn 0.0000 1.0000 0.0000
vn 0.0000 1.0000 0.0000
vn 0.0000 1.0000 0.0000
vn 0.0000 1.0000 0.0000
vn 0.0000 1.0000 0.0000
vn 0.0000 1.0000 0.0000
vn 0.0000 1.0000 0.0000
vn 0.0000 1.0000 0.0000
vn 0.0000 1.0000 0.0000
vn 0.0000 1.0000 0.0000
vn 0.0000 1.0000 0.0000
vn 0.0000 1.0000 0.0000
vn 0.0000 1.0000 0.0000
vn 0.0000 1.0000 0.0000
vn 0.0000 1.0000 0.0000
vn 0.0000 1.0000 0.0000
vn 0.0000 1.0000 0.0000
vn 0.0000 1.0000 0.0000
vn 0.0000 1.0000 0.0000
vn 0.0000 1.0000 0.0000
vn 0.0000 1.0000 0.0000
vn 0.0000 1.0000 0.0000
vn 0.0000 1.0000 0.0000
vn 0.0000 1.0000 0.0000
vn 0.0000 1.0000 0.0000
vn 0.0000 1.0000 0.0000
vn 0.0000 1.0000 0.0000
vn 0.0000 1.0000 0.0000
vn 0.0000 1.0000 0.0000
vn 0.0000 1.0000 0.0000
vn 0.0000 1.0000 0.0000
vn 0.0000 1.0000 0.0000
vn 0.0000 1.0000 0.0000
vn 0.0000 1.0000 0.0000
vn 0.0000 1.0000 0.0000
vn 0.0000 1.0000 0.0000
vn 0.0000 1.0000 0.0000
vn 0.0000 1.0000 0.0000
vn 0.0000 1.0000 0.0000
vn 0.0000 1.0000 0.0000
vn 0.0000 1.0000 0.0000
vn 0.0000 1.0000 0.0000
vn 0.0000 1.0000 0.0000
vn 0.0000 1.0000 0.0000
vn 0.0000 1.0000 0.0000
vn 0.0000 1.0000 0.0000
vn 0.0000 1.0000 0.0000
vn 0.0000 1.0000 0.0000
vn 0.0000 1.0000 0.0000
vn 0.0000 1.0000 0.0000
vn 0.0000 1.0000 0.0000
vn 0.0000 1.0000 0.0000
vn 0.0000 1.0000 0.0000
vn 0.0000 1.0000 0.0000
vn 0.0000 1.0000 0.0000
vn 0.0000 1.0000 0.0000
vn 0.0000 1.0000 0.0000
vn 0.0000 1.0000 0.0000
vn 0.0000 1.0000 0.0000
vn 0.0000 1.0000 0.0000
vn 0.0000 1.0000 0.0000
vn 0.0000 1.0000 0.0000
vn 0.0000 1.0000 0.0000
vn 0.0000 1.0000 0.0000
vn 0.0000 1.0000 0.0000
vn 0.0000 1.0000 0.0000
vn 0.0000 1.0000 0.0000
vn 0.0000 1.0000 0.0000
vn 0.0000 1.0000 0.0000
vn 0.0000 1.0000 0.0000
vn 0.0000 1.0000 0.0000
vn 0.0000 1.0000 0.0000
vn 0.0000 1.0000 0.0000
vn 0.0000 1.0000 0.0000
vn 0.0000 1.0000 0.0000
vn 0.0000 1.0000 0.0000
vn 0.0000 1.0000 0.0000
vn 0.0000 1.0000 0.0000
vn 0.0000 1.0000 0.0000
vn 0.0000 1.0000 0.0000
vn 0.0000 1.0000 0.0000
vn 0.0000 1.0000 0.0000
vn 0.0000 1.0000 0.0000
vn 0.0000 1.0000 0.0000
vn 0.0000 1.0000 0.0000
vn 0.0000 1.0000 0.0000
vn 0.0000 1.0000 0.0000
vn 0.0000 1.0000 0.0000
vn 0.0000 1.0000 0.0000
vn 0.0000 1.0000 0.0000
vn 0.0000 1.0000 0.0000
vn 0.0000 1.0000 0.0000
vn 0.0000 1.0000 0.0000
vn 0.0000 1.0000 0.0000
vn 0.0000 1.0000 0.0000
vn 0.0000 1.0000 0.0000
vn 0.0000 1.0000 0.0000
vn 0.0000 1.0000 0.0000
vn 0.0000 1.0000 0.0000
vn 0.0000 1.0000 0.0000
vn 0.0000 1.0000 0.0000
vn 0.0000 1.0000 0.0000
vn 0.0000 1.0000 0.0000
vn 0.0000 1.0000 0.0000
vn 0.0000 1.0000 0.0000
vn 0.0000 1.0000 0.0000
vn 0.0000 1.0000 0.0000
vn 0.0000 1.0000 0.0000
vn 0.0000 1.0000 0.0000
vn 0.0000 1.0000 0.0000
vn 0.0000 1.0000 0.0000
vn 0.0000 1.0000 0.0000
vn 0.0000 1.0000 0.0000
vn 0.0000 1.0000 0.0000
vn 0.0000 1.0000 0.0000
vn 0.0000 1.0000 0.0000
vn 0.0000 1.0000 0.0000
vn 0.0000 1.0000 0.0000
vn 0.0000 1.0000 0.0000
vn 0.0000 1.0000 0.0000
vn 0.0000 1.0000 0.0000
vn 0.0000 1.0000 0.0000
vn 0.0000 1.0000 0.0000
vn 0.0000 1.0000 0.0000
vn 0.0000 1.0000 0.0000
vn 0.0000 1.0000 0.0000
vn 0.0000 1.0000 0.0000
vn 0.0000 1.0000 0.0000
vn 0.0000 1.0000 0.0000
vn 0.0000 1.0000 0.0000
vn 0.0000 1.0000 0.0000
vn 0.0000 1.0000 0.0000
vn 0.0000 1.0000 0.0000
vn 0.0000 1.0000 0.0000
vn 0.0000 1.0000 0.0000
vn 0.0000 1.0000 0.0000
vn 0.0000 1.0000 0.0000
vn 0.0000 1.0000 0.0000
vn 0.0000 1.0000 0.0000
vn 0.0000 1.0000 0.0000
vn 0.0000 1.0000 0.0000
vn 0.0000 1.0000 0.0000
vn 0.0000 1.0000 0.0000
vn 0.0000 1.0000 0.0000
vn 0.0000 1.0000 0.0000
vn 0.0000 1.0000 0.0000
vn 0.0000 1.0000 0.0000
vn 0.0000 1.0000 0.0000
vn 0.0000 1.0000 0.0000
vn 0.0000 1.0000 0.0000
vn 0.0000 1.0000 0.0000
vn 0.0000 1.0000 0.0000
vn 0.0000 1.0000 0.0000
vn 0.0000 1.0000 0.0000
vn 0.0000 1.0000 0.0000
vn 0.0000 1.0000 0.0000
vn 0.0000 1.0000 0.0000
vn 0.0000 1.0000 0.0000
vn 0.0000 1.0000 0.0000
vn 0.0000 1.0000 0.0000
vn 0.0000 1.0000 0.0000
vn 0.0000 1.0000 0.0000
vn 0.0000 1.0000 0.0000
vn 0.0000 1.0000 0.0000
vn 0.0000 1.0000 0.0000
vn 0.0000 1.0000 0.0000
vn 0.0000 1.0000 0.0000
vn 0.0000 1.0000 0.0000
vn 0.0000 1.0000 0.0000
vn 0.0000 1.0000 0.0000
vn 0.0000 1.0000 0.0000
vn 0.0000 1.0000 0.0000
vn 0.0000 1.0000 0.0000
vn 0.0000 1.0000 0.0000
vn 0.0000 1.0000 0.0000
vn 0.0000 1.0000 0.0000
vn 0.0000 1.0000 0.0000
vn 0.0000 1.0000 0.0000
vn 0.0000 1.0000 0.0000
vn 0.0000 1.0000 0.0000
vn 0.0000 1.0000 0.0000
vn 0.0000 1.0000 0.0000
vn 0.0000 1.0000 0.0000
vn 0.0000 1.0000 0.0000
vn 0.0000 1.0000 0.0000
vn 0.0000 1.0000 0.0000
vn 0.0000 1.0000 0.0000
vn 0.0000 1.0000 0.0000
vn 0.0000 1.0000 0.0000
vn 0.0000 1.0000 0.0000
vn 0.0000 1.0000 0.0000
vn 0.0000 1.0000 0.0000
vn 0.0000 1.0000 0.0000
vn 0.0000 1.0000 0.0000
vn 0.0000 1.0000 0.0000
vn 0.0000 1.0000 0.0000
vn 0.0000 1.0000 0.0000
vn 0.0000 1.0000 0.0000
vn 0.0000 1.0000 0.0000
vn 0.0000 1.0000 0.0000
vn 0.0000 1.0000 0.0000
vn 0.0000 1.0000 0.0000
vn 0.0000 1.0000 0.0000
vn 0.0000 1.0000 0.0000
vn 0.0000 1.0000 0.0000
vn 0.0000 1.0000 0.0000
vn 0.0000 1.0000 0.0000
vn 0.0000 1.0000 0.0000
vn 0.0000 1.0000 0.0000
vn 0.0000 1.0000 0.0000
vn 0.0000 1.0000 0.0000
vn 0.0000 1.0000 0.0000
vn 0.0000 1.0000 0.0000
vn 0.0000 1.0000 0.0000
vn 0.0000 1.0000 0.0000
vn 0.0000 1.0000 0.0000
vn 0.0000 1.0000 0.0000
vn 0.0000 1.0000 0.0000
vn 0.0000 1.0000 0.0000
vn 0.0000 1.0000 0.0000
vn 0.0000 1.0000 0.0000
vn 0.0000 1.0000 0.0000
vn 0.0000 1.0000 0.0000
vn 0.0000 1.0000 0.0000
vn 0.0000 1.0000 0.0000
vn 0.0000 1.0000 0.0000
vn 0.0000 1.0000 0.0000
vn 0.0000 1.0000 0.0000
vn 0.0000 1.0000 0.0000
vn 0.0000 1.0000 0.0000
vn 0.0000 1.0000 0.0000
vn 0.0000 1.0000 0.0000
vn 0.0000 1.0000 0.0000
vn 0.0000 1.0000 0.0000
vn 0.0000 1.0000 0.0000
vn 0.0000 1.0000 0.0000
vn 0.0000 1.0000 0.0000
vn 0.0000 1.0000 0.0000
vn 0.0000 1.0000 0.0000
vn 0.0000 1.0000 0.0000
vn 0.0000 1.0000 0.0000
vn 0.0000 1.0000 0.0000
vn 0.0000 1.0000 0.0000
vn 0.0000 1.0000 0.0000
vn 0.0000 1.0000 0.0000
vn 0.0000 1.0000 0.0000
vn 0.0000 1.0000 0.0000
vn 0.0000 1.0000 0.0000
vn 0.0000 1.0000 0.0000
vn 0.0000 1.0000 0.0000
vn 0.0000 1.0000 0.0000
vn 0.0000 1.0000 0.0000
vn 0.0000 1.0000 0.0000
vn 0.0000 1.0000 0.0000
vn 0.0000 1.0000 0.0000
vn 0.0000 1.0000 0.0000
vn 0.0000 1.0000 0.0000
vn 0.0000 1.0000 0.0000
vn 0.0000 1.0000 0.0000
vn 0.0000 1.0000 0.0000
vn 0.0000 1.0000 0.0000
vn 0.0000 1.0000 0.0000
vn 0.0000 1.0000 0.0000
vn 0.0000 1.0000 0.0000
vn 0.0000 1.0000 0.0000
vn 0.0000 1.0000 0.0000
vn 0.0000 1.0000 0.0000
vn 0.0000 1.0000 0.0000
vn 0.0000 1.0000 0.0000
vn 0.0000 1.0000 0.0000
vn 0.0000 1.0000 0.0000
vn 0.0000 1.0000 0.0000
vn 0.0000 1.0000 0.0000
vn 0.0000 1.0000 0.0000
vn 0.0000 1.0000 0.0000
vn 0.0000 1.0000 0.0000
vn 0.0000 1.0000 0.0000
vn 0.0000 1.0000 0.0000
vn 0.0000 1.0000 0.0000
vn 0.0000 1.0000 0.0000
vn 0.0000 1.0000 0.0000
vn 0.0000 1.0000 0.0000
vn 0.0000 1.0000 0.0000
vn 0.0000 1.0000 0.0000
vn 0.0000 1.0000 0.0000
vn 0.0000 1.0000 0.0000
vn 0.0000 1.0000 0.0000
vn 0.0000 1.0000 0.0000
vn 0.0000 1.0000 0.0000
vn 0.0000 1.0000 0.0000
vn 0.0000 1.0000 0.0000
vn 0.0000 1.0000 0.0000
vn 0.0000 1.0000 0.0000
vn 0.0000 1.0000 0.0000
vn 0.0000 1.0000 0.0000
vn 0.0000 1.0000 0.0000
vn 0.0000 1.0000 0.0000
vn 0.0000 1.0000 0.0000
vn 0.0000 1.0000 0.0000
vn 0.0000 1.0000 0.0000
vn 0.0000 1.0000 0.0000
vn 0.0000 1.0000 0.0000
vn 0.0000 1.0000 0.0000
vn 0.0000 1.0000 0.0000
vn 0.0000 1.0000 0.0000
vn 0.0000 1.0000 0.0000
vn 0.0000 1.0000 0.0000
vn 0.0000 1.0000 0.0000
vn 0.0000 1.0000 0.0000
vn 0.0000 1.0000 0.0000
vn 0.0000 1.0000 0.0000
vn 0.0000 1.0000 0.0000
vn 0.0000 1.0000 0.0000
vn 0.0000 1.0000 0.0000
vn 0.0000 1.0000 0.0000
vn 0.0000 1.0000 0.0000
vn 0.0000 1.0000 0.0000
vn 0.0000 1.0000 0.0000
vn 0.0000 1.0000 0.0000
vn 0.0000 1.0000 0.0000
vn 0.0000 1.0000 0.0000
vn 0.0000 1.0000 0.0000
vn 0.0000 1.0000 0.0000
vn 0.0000 1.0000 0.0000
vn 0.0000 1.0000 0.0000
vn 0.0000 1.0000 0.0000
vn 0.0000 1.0000 0.0000
vn 0.0000 1.0000 0.0000
vn 0.0000 1.0000 0.0000
vn 0.0000 1.0000 0.0000
vn 0.0000 1.0000 0.0000
vn 0.0000 1.0000 0.0000
vn 0.0000 1.0000 0.0000
vn 0.0000 1.0000 0.0000
vn 0.0000 1.0000 0.0000
vn 0.0000 1.0000 0.0000
vn 0.0000 1.0000 0.0000
vn 0.0000 1.0000 0.0000
vn 0.0000 1.0000 0.0000
vn 0.0000 1.0000 0.0000
vn 0.0000 1.0000 0.0000
vn 0.0000 1.0000 0.0000
vn 0.0000 1.0000 0.0000
vn 0.0000 1.0000 0.0000
vn 0.0000 1.0000 0.0000
vn 0.0000 1.0000 0.0000
vn 0.0000 1.0000 0.0000
vn 0.0000 1.0000 0.0000
vn 0.0000 1.0000 0.0000
vn 0.0000 1.0000 0.0000
vn 0.0000 1.0000 0.0000
vn 0.0000 1.0000 0.0000
vn 0.0000 1.0000 0.0000
vn 0.0000 1.0000 0.0000
vn 0.0000 1.0000 0.0000
vn 0.0000 1.0000 0.0000
vn 0.0000 1.0000 0.0000
vn 0.0000 1.0000 0.0000
vn 0.0000 1.0000 0.0000
vn 0.0000 1.0000 0.0000
vn 0.0000 1.0000 0.0000
vn 0.0000 1.0000 0.0000
vn 0.0000 1.0000 0.0000
vn 0.0000 1.0000 0.0000
vn 0.0000 1.0000 0.0000
vn 0.0000 1.0000 0.0000
vn 0.0000 1.0000 0.0000
vn 0.0000 1.0000 0.0000
vn 0.0000 1.0000 0.0000
vn 0.0000 1.0000 0.0000
vn 0.0000 1.0000 0.0000
vn 0.0000 1.0000 0.0000
vn 0.0000 1.0000 0.0000
vn 0.0000 1.0000 0.0000
vn 0.0000 1.0000 0.0000
vn 0.0000 1.0000 0.0000
vn 0.0000 1.0000 0.0000
vn 0.0000 1.0000 0.0000
vn 0.0000 1.0000 0.0000
vn 0.0000 1.0000 0.0000
vn 0.0000 1.0000 0.0000
vn 0.0000 1.0000 0.0000
vn 0.0000 1.0000 0.0000
vn 0.0000 1.0000 0.0000
vn 0.0000 1.0000 0.0000
vn 0.0000 1.0000 0.0000
vn 0.0000 1.0000 0.0000
vn 0.0000 1.0000 0.0000
vn 0.0000 1.0000 0.0000
vn 0.0000 1.0000 0.0000
vn 0.0000 1.0000 0.0000
vn 0.0000 1.0000 0.0000
vn 0.0000 1.0000 0.0000
vn 0.0000 1.0000 0.0000
vn 0.0000 1.0000 0.0000
vn 0.0000 1.0000 0.0000
vn 0.0000 1.0000 0.0000
vn 0.0000 1.0000 0.0000
vn 0.0000 1.0000 0.0000
vn 0.0000 1.0000 0.0000
vn 0.0000 1.0000 0.0000
vn 0.0000 1.0000 0.0000
vn 0.0000 1.0000 0.0000
vn 0.0000 1.0000 0.0000
vn 0.0000 1.0000 0.0000
vn 0.0000 1.0000 0.0000
vn 0.0000 1.0000 0.0000
vn 0.0000 1.0000 0.0000
vn 0.0000 1.0000 0.0000
vn 0.0000 1.0000 0.0000
vn 0.0000 1.0000 0.0000
vn 0.0000 1.0000 0.0000
vn 0.0000 1.0000 0.0000
vn 0.0000 1.0000 0.0000
vn 0.0000 1.0000 0.0000
vn 0.0000 1.0000 0.0000
vn 0.0000 1.0000 0.0000
vn 0.0000 1.0000 0.0000
vn 0.0000 1.0000 0.0000
vn 0.0000 1.0000 0.0000
vn 0.0000 1.0000 0.0000
vn 0.0000 1.0000 0.0000
vn 0.0000 1.0000 0.0000
vn 0.0000 1.0000 0.0000
vn 0.0000 1.0000 0.0000
vn 0.0000 1.0000 0.0000
vn 0.0000 1.0000 0.0000
vn 0.0000 1.0000 0.0000
vn 0.0000 1.0000 0.0000
vn 0.0000 1.0000 0.0000
vn 0.0000 1.0000 0.0000
vn 0.0000 1.0000 0.0000
vn 0.0000 1.0000 0.0000
vn 0.0000 1.0000 0.0000
vn 0.0000 1.0000 0.0000
vn 0.0000 1.0000 0.0000
vn 0.0000 1.0000 0.0000
vn 0.0000 1.0000 0.0000
vn 0.0000 1.0000 0.0000
vn 0.0000 1.0000 0.0000
vn 0.0000 1.0000 0.0000
vn 0.0000 1.0000 0.0000
vn 0.0000 1.0000 0.0000
vn 0.0000 1.0000 0.0000
vn 0.0000 1.0000 0.0000
vn 0.0000 1.0000 0.0000
vn 0.0000 1.0000 0.0000
vn 0.0000 1.0000 0.0000
vn 0.0000 1.0000 0.0000
vn 0.0000 1.0000 0.0000
vn 0.0000 1.0000 0.0000
vn 0.0000 1.0000 0.0000
vn 0.0000 1.0000 0.0000
vn 0.0000 1.0000 0.0000
vn 0.0000 1.0000 0.0000
vn 0.0000 1.0000 0.0000
vn 0.0000 1.0000 0.0000
vn 0.0000 1.0000 0.0000
vn 0.0000 1.0000 0.0000
vn 0.0000 1.0000 0.0000
vn 0.0000 1.0000 0.0000
vn 0.0000 1.0000 0.0000
vn 0.0000 1.0000 0.0000
vn 0.0000 1.0000 0.0000
vn 0.0000 1.0000 0.0000
vn 0.0000 1.0000 0.0000
vn 0.0000 1.0000 0.0000
vn 0.0000 1.0000 0.0000
vn 0.0000 1.0000 0.0000
vn 0.0000 1.0000 0.0000
vn 0.0000 1.0000 0.0000
vn 0.0000 1.0000 0.0000
vn 0.0000 1.0000 0.0000
vn 0.0000 1.0000 0.0000
vn 0.0000 1.0000 0.0000
vn 0.0000 1.0000 0.0000
vn 0.0000 1.0000 0.0000
vn 0.0000 1.0000 0.0000
vn 0.0000 1.0000 0.0000
vn 0.0000 1.0000 0.0000
vn 0.0000 1.0000 0.0000
vn 0.0000 1.0000 0.0000
vn 0.0000 1.0000 0.0000
vn 0.0000 1.0000 0.0000
vn 0.0000 1.0000 0.0000
vn 0.0000 1.0000 0.0000
vn 0.0000 1.0000 0.0000
vn 0.0000 1.0000 0.0000
vn 0.0000 1.0000 0.0000
vn 0.0000 1.0000 0.0000
vn 0.0000 1.0000 0.0000
vn 0.0000 1.0000 0.0000
vn 0.0000 1.0000 0.0000
vn 0.0000 1.0000 0.0000
vn 0.0000 1.0000 0.0000
vn 0.0000 1.0000 0.0000
vn 0.0000 1.0000 0.0000
vn 0.0000 1.0000 0.0000
vn 0.0000 1.0000 0.0000
vn 0.0000 1.0000 0.0000
vn 0.0000 1.0000 0.0000
vn 0.0000 1.0000 0.0000
vn 0.0000 1.0000 0.0000
vn 0.0000 1.0000 0.0000
vn 0.0000 1.0000 0.0000
vn 0.0000 1.0000 0.0000
vn 0.0000 1.0000 0.0000
vn 0.0000 1.0000 0.0000
vn 0.0000 1.0000 0.0000
vn 0.0000 1.0000 0.0000
vn 0.0000 1.0000 0.0000
vn 0.0000 1.0000 0.0000
vn 0.0000 1.0000 0.0000
vn 0.0000 1.0000 0.0000
vn 0.0000 1.0000 0.0000
vn 0.0000 1.0000 0.0000
vn 0.0000 1.0000 0.0000
vn 0.0000 1.0000 0.0000
vn 0.0000 1.0000 0.0000
vn 0.0000 1.0000 0.0000
vn 0.0000 1.0000 0.0000
vn 0.0000 1.0000 0.0000
vn 0.0000 1.0000 0.0000
vn 0.0000 1.0000 0.0000
vn 0.0000 1.0000 0.0000
vn 0.0000 1.0000 0.0000
vn 0.0000 1.0000 0.0000
vn 0.0000 1.0000 0.0000
vn 0.0000 1.0000 0.0000
vn 0.0000 1.0000 0.0000
vn 0.0000 1.0000 0.0000
vn 0.0000 1.0000 0.0000
vn 0.0000 1.0000 0.0000
vn 0.0000 1.0000 0.0000
vn 0.0000 1.0000 0.0000
vn 0.0000 1.0000 0.0000
vn 0.0000 1.0000 0.0000
vn 0.0000 1.0000 0.0000
vn 0.0000 1.0000 0.0000
vn 0.0000 1.0000 0.0000
vn 0.0000 1.0000 0.0000
vn 0.0000 1.0000 0.0000
vn 0.0000 1.0000 0.0000
vn 0.0000 1.0000 0.0000
vn 0.0000 1.0000 0.0000
vn 0.0000 1.0000 0.0000
vn 0.0000 1.0000 0.0000
vn 0.0000 1.0000 0.0000
vn 0.0000 1.0000 0.0000
vn 0.0000 1.0000 0.0000
vn 0.0000 1.0000 0.0000
vn 0.0000 1.0000 0.0000
vn 0.0000 1.0000 0.0000
vn 0.0000 1.0000 0.0000
vn 0.0000 1.0000 0.0000
vn 0.0000 1.0000 0.0000
vn 0.0000 1.0000 0.0000
vn 0.0000 1.0000 0.0000
vn 0.0000 1.0000 0.0000
vn 0.0000 1.0000 0.0000
vn 0.0000 1.0000 0.0000
vn 0.0000 1.0000 0.0000
vn 0.0000 1.0000 0.0000
vn 0.0000 1.0000 0.0000
vn 0.0000 1.0000 0.0000
vn 0.0000 1.0000 0.0000
vn 0.0000 1.0000 0.0000
vn 0.0000 1.0000 0.0000
vn 0.0000 1.0000 0.0000
vn 0.0000 1.0000 0.0000
vn 0.0000 1.0000 0.0000
vn 0.0000 1.0000 0.0000
vn 0.0000 1.0000 0.0000
vn 0.0000 1.0000 0.0000
vn 0.0000 1.0000 0.0000
vn 0.0000 1.0000 0.0000
vn 0.0000 1.0000 0.0000
vn 0.0000 1.0000 0.0000
vn 0.0000 1.0000 0.0000
vn 0.0000 1.0000 0.0000
vn 0.0000 1.0000 0.0000
vn 0.0000 1.0000 0.0000
vn 0.0000 1.0000 0.0000
vn 0.0000 1.0000 0.0000
vn 0.0000 1.0000 0.0000
vn 0.0000 1.0000 0.0000
vn 0.0000 1.0000 0.0000
vn 0.0000 1.0000 0.0000
vn 0.0000 1.0000 0.0000
vn 0.0000 1.0000 0.0000
vn 0.0000 1.0000 0.0000
vn 0.0000 1.0000 0.0000
vn 0.0000 1.0000 0.0000
vn 0.0000 1.0000 0.0000
vn 0.0000 1.0000 0.0000
vn 0.0000 1.0000 0.0000
vn 0.0000 1.0000 0.0000
vn 0.0000 1.0000 0.0000
vn 0.0000 1.0000 0.0000
vn 0.0000 1.0000 0.0000
vn 0.0000 1.0000 0.0000
vn 0.0000 1.0000 0.0000
vn 0.0000 1.0000 0.0000
vn 0.0000 1.0000 0.0000
vn 0.0000 1.0000 0.0000
vn 0.0000 1.0000 0.0000
vn 0.0000 1.0000 0.0000
vn 0.0000 1.0000 0.0000
vn 0.0000 1.0000 0.0000
vn 0.0000 1.0000 0.0000
vn 0.0000 1.0000 0.0000
vn 0.0000 1.0000 0.0000
vn 0.0000 1.0000 0.0000
vn 0.0000 1.0000 0.0000
vn 0.0000 1.0000 0.0000
vn 0.0000 1.0000 0.0000
vn 0.0000 1.0000 0.0000
vn 0.0000 1.0000 0.0000
vn 0.0000 1.0000 0.0000
vn 0.0000 1.0000 0.0000
vn 0.0000 1.0000 0.0000
vn 0.0000 1.0000 0.0000
vn 0.0000 1.0000 0.0000
vn 0.0000 1.0000 0.0000
vn 0.0000 1.0000 0.0000
vn 0.0000 1.0000 0.0000
vn 0.0000 1.0000 0.0000
vn 0.0000 1.0000 0.0000
vn 0.0000 1.0000 0.0000
vn 0.0000 1.0000 0.0000
vn 0.0000 1.0000 0.0000
vn 0.0000 1.0000 0.0000
vn 0.0000 1.0000 0.0000
vn 0.0000 1.0000 0.0000
vn 0.0000 1.0000 0.0000
vn 0.0000 1.0000 0.0000
vn 0.0000 1.0000 0.0000
vn 0.0000 1.0000 0.0000
vn 0.0000 1.0000 0.0000
vn 0.0000 1.0000 0.0000
vn 0.0000 1.0000 0.0000
vn 0.0000 1.0000 0.0000
vn 0.0000 1.0000 0.0000
vn 0.0000 1.0000 0.0000
vn 0.0000 1.0000 0.0000
vn 0.0000 1.0000 0.0000
vn 0.0000 1.0000 0.0000
vn 0.0000 1.0000 0.0000
vn 0.0000 1.0000 0.0000
vn 0.0000 1.0000 0.0000
vn 0.0000 1.0000 0.0000
vn 0.0000 1.0000 0.0000
vn 0.0000 1.0000 0.0000
vn 0.0000 1.0000 0.0000
vn 0.0000 1.0000 0.0000
vn 0.0000 1.0000 0.0000
vn 0.0000 1.0000 0.0000
vn 0.0000 1.0000 0.0000
vn 0.0000 1.0000 0.0000
vn 0.0000 1.0000 0.0000
vn 0.0000 1.0000 0.0000
vn 0.0000 1.0000 0.0000
vn 0.0000 1.0000 0.0000
vn 0.0000 1.0000 0.0000
vn 0.0000 1.0000 0.0000
vn 0.0000 1.0000 0.0000
vn 0.0000 1.0000 0.0000
vn 0.0000 1.0000 0.0000
vn 0.0000 1.0000 0.0000
vn 0.0000 1.0000 0.0000
vn 0.0000 1.0000 0.0000
vn 0.0000 1.0000 0.0000
vn 0.0000 1.0000 0.0000
vn 0.0000 1.0000 0.0000
vn 0.0000 1.0000 0.0000
vn 0.0000 1.0000 0.0000
vn 0.0000 1.0000 0.0000
vn 0.0000 1.0000 0.0000
vn 0.0000 1.0000 0.0000
vn 0.0000 1.0000 0.0000
vn 0.0000 1.0000 0.0000
vn 0.0000 1.0000 0.0000
vn 0.0000 1.0000 0.0000
vn 0.0000 1.0000 0.0000
vn 0.0000 1.0000 0.0000
vn 0.0000 1.0000 0.0000
vn 0.0000 1.0000 0.0000
vn 0.0000 1.0000 0.0000
vn 0.0000 1.0000 0.0000
vn 0.0000 1.0000 0.0000
vn 0.0000 1.0000 0.0000
vn 0.0000 1.0000 0.0000
vn 0.0000 1.0000 0.0000
vn 0.0000 1.0000 0.0000
vn 0.0000 1.0000 0.0000
vn 0.0000 1.0000 0.0000
vn 0.0000 1.0000 0.0000
vn 0.0000 1.0000 0.0000
vn 0.0000 1.0000 0.0000
vn 0.0000 1.0000 0.0000
vn 0.0000 1.0000 0.0000
vn 0.0000 1.0000 0.0000
vn 0.0000 1.0000 0.0000
vn 0.0000 1.0000 0.0000
vn 0.0000 1.0000 0.0000
vn 0.0000 1.0000 0.0000
vn 0.0000 1.0000 0.0000
vn 0.0000 1.0000 0.0000
vn 0.0000 1.0000 0.0000
vn 0.0000 1.0000 0.0000
vn 0.0000 1.0000 0.0000
vn 0.0000 1.0000 0.0000
vn 0.0000 1.0000 0.0000
vn 0.0000 1.0000 0.0000
vn 0.0000 1.0000 0.0000
vn 0.0000 1.0000 0.0000
vn 0.0000 1.0000 0.0000
vn 0.0000 1.0000 0.0000
vn 0.0000 1.0000 0.0000
vn 0.0000 1.0000 0.0000
vn 0.0000 1.0000 0.0000
vn 0.0000 1.0000 0.0000
vn 0.0000 1.0000 0.0000
vn 0.0000 1.0000 0.0000
vn 0.0000 1.0000 0.0000
vn 0.0000 1.0000 0.0000
vn 0.0000 1.0000 0.0000
vn 0.0000 1.0000 0.0000
vn 0.0000 1.0000 0.0000
vn 0.0000 1.0000 0.0000
vn 0.0000 1.0000 0.0000
vn 0.0000 1.0000 0.0000
vn 0.0000 1.0000 0.0000
vn 0.0000 1.0000 0.0000
vn 0.0000 1.0000 0.0000
vn 0.0000 1.0000 0.0000
vn 0.0000 1.0000 0.0000
vn 0.0000 1.0000 0.0000
vn 0.0000 1.0000 0.0000
vn 0.0000 1.0000 0.0000
vn 0.0000 1.0000 0.0000
vn 0.0000 1.0000 0.0000
vn 0.0000 1.0000 0.0000
vn 0.0000 1.0000 0.0000
vn 0.0000 1.0000 0.0000
vn 0.0000 1.0000 0.0000
vn 0.0000 1.0000 0.0000
vn 0.0000 1.0000 0.0000
vn 0.0000 1.0000 0.0000
vn 0.0000 1.0000 0.0000
vn 0.0000 1.0000 0.0000
vn 0.0000 1.0000 0.0000
vn 0.0000 1.0000 0.0000
vn 0.0000 1.0000 0.0000
vn 0.0000 1.0000 0.0000
vn 0.0000 1.0000 0.0000
vn 0.0000 1.0000 0.0000
vn 0.0000 1.0000 0.0000
vn 0.0000 1.0000 0.0000
vn 0.0000 1.0000 0.0000
vn 0.0000 1.0000 0.0000
vn 0.0000 1.0000 0.0000
vn 0.0000 1.0000 0.0000
vn 0.0000 1.0000 0.0000
vn 0.0000 1.0000 0.0000
vn 0.0000 1.0000 0.0000
vn 0.0000 1.0000 0.0000
vn 0.0000 1.0000 0.0000
vn 0.0000 1.0000 0.0000
vn 0.0000 1.0000 0.0000
vn 0.0000 1.0000 0.0000
vn 0.0000 1.0000 0.0000
vn 0.0000 1.0000 0.0000
vn 0.0000 1.0000 0.0000
vn 0.0000 1.0000 0.0000
vn 0.0000 1.0000 0.0000
vn 0.0000 1.0000 0.0000
vn 0.0000 1.0000 0.0000
vn 0.0000 1.0000 0.0000
vn 0.0000 1.0000 0.0000
vn 0.0000 1.0000 0.0000
vn 0.0000 1.0000 0.0000
vn 0.0000 1.0000 0.0000
vn 0.0000 1.0000 0.0000
vn 0.0000 1.0000 0.0000
vn 0.0000 1.0000 0.0000
vn 0.0000 1.0000 0.0000
vn 0.0000 1.0000 0.0000
vn 0.0000 1.0000 0.0000
vn 0.0000 1.0000 0.0000
vn 0.0000 1.0000 0.0000
vn 0.0000 1.0000 0.0000
vn 0.0000 1.0000 0.0000
vn 0.0000 1.0000 0.0000
vn 0.0000 1.0000 0.0000
vn 0.0000 1.0000 0.0000
vn 0.0000 1.0000 0.0000
vn 0.0000 1.0000 0.0000
vn 0.0000 1.0000 0.0000
vn 0.0000 1.0000 0.0000
vn 0.0000 1.0000 0.0000
vn 0.0000 1.0000 0.0000
vn 0.0000 1.0000 0.0000
vn 0.0000 1.0000 0.0000
vn 0.0000 1.0000 0.0000
vn 0.0000 1.0000 0.0000
vn 0.0000 1.0000 0.0000
vn 0.0000 1.0000 0.0000
vn 0.0000 1.0000 0.0000
vn 0.0000 1.0000 0.0000
vn 0.0000 1.0000 0.0000
vn 0.0000 1.0000 0.0000
vn 0.0000 1.0000 0.0000
vn 0.0000 1.0000 0.0000
vn 0.0000 1.0000 0.0000
vn 0.0000 1.0000 0.0000
vn 0.0000 1.0000 0.0000
vn 0.0000 1.0000 0.0000
vn 0.0000 1.0000 0.0000
vn 0.0000 1.0000 0.0000
vn 0.0000 1.0000 0.0000
vn 0.0000 1.0000 0.0000
vn 0.0000 1.0000 0.0000
vn 0.0000 1.0000 0.0000
vn 0.0000 1.0000 0.0000
vn 0.0000 1.0000 0.0000
vn 0.0000 1.0000 0.0000
vn 0.0000 1.0000 0.0000
vn 0.0000 1.0000 0.0000
vn 0.0000 1.0000 0.0000
vn 0.0000 1.0000 0.0000
vn 0.0000 1.0000 0.0000
vn 0.0000 1.0000 0.0000
vn 0.0000 1.0000 0.0000
vn 0.0000 1.0000 0.0000
vn 0.0000 1.0000 0.0000
vn 0.0000 1.0000 0.0000
vn 0.0000 1.0000 0.0000
vn 0.0000 1.0000 0.0000
vn 0.0000 1.0000 0.0000
vn 0.0000 1.0000 0.0000
vn 0.0000 1.0000 0.0000
vn 0.0000 1.0000 0.0000
vn 0.0000 1.0000 0.0000
vn 0.0000 1.0000 0.0000
vn 0.0000 1.0000 0.0000
vn 0.0000 1.0000 0.0000
vn 0.0000 1.0000 0.0000
vn 0.0000 1.0000 0.0000
vn 0.0000 1.0000 0.0000
vn 0.0000 1.0000 0.0000
vn 0.0000 1.0000 0.0000
vn 0.0000 1.0000 0.0000
vn 0.0000 1.0000 0.0000
vn 0.0000 1.0000 0.0000
vn 0.0000 1.0000 0.0000
vn 0.0000 1.0000 0.0000
vn 0.0000 1.0000 0.0000
vn 0.0000 1.0000 0.0000
vn 0.0000 1.0000 0.0000
vn 0.0000 1.0000 0.0000
vn 0.0000 1.0000 0.0000
vn 0.0000 1.0000 0.0000
vn 0.0000 1.0000 0.0000
vn 0.0000 1.0000 0.0000
vn 0.0000 1.0000 0.0000
vn 0.0000 1.0000 0.0000
vn 0.0000 1.0000 0.0000
vn 0.0000 1.0000 0.0000
vn 0.0000 1.0000 0.0000
vn 0.0000 1.0000 0.0000
vn 0.0000 1.0000 0.0000
vn 0.0000 1.0000 0.0000
vn 0.0000 1.0000 0.0000
vn 0.0000 1.0000 0.0000
vn 0.0000 1.0000 0.0000
vn 0.0000 1.0000 0.0000
vn 0.0000 1.0000 0.0000
vn 0.0000 1.0000 0.0000
vn 0.0000 1.0000 0.0000
vn 0.0000 1.0000 0.0000
vn 0.0000 1.0000 0.0000
vn 0.0000 1.0000 0.0000
vn 0.0000 1.0000 0.0000
vn 0.0000 1.0000 0.0000
vn 0.0000 1.0000 0.0000
vn 0.0000 1.0000 0.0000
vn 0.0000 1.0000 0.0000
vn 0.0000 1.0000 0.0000
vn 0.0000 1.0000 0.0000
vn 0.0000 1.0000 0.0000
vn 0.0000 1.0000 0.0000
vn 0.0000 1.0000 0.0000
vn 0.0000 1.0000 0.0000
vn 0.0000 1.0000 0.0000
vn 0.0000 1.0000 0.0000
vn 0.0000 1.0000 0.0000
vn 0.0000 1.0000 0.0000
vn 0.0000 1.0000 0.0000
vn 0.0000 1.0000 0.0000
vn 0.0000 1.0000 0.0000
vn 0.0000 1.0000 0.0000
vn 0.0000 1.0000 0.0000
vn 0.0000 1.0000 0.0000
vn 0.0000 1.0000 0.0000
f 1 2 3
f 4 5 6
f 7 8 9
f 10 11 12
f 13 14 15
f 16 17 18
f 19 20 21
f 22 23 24
f 25 26 27
f 28 29 30
f 31 32 33
f 34 35 36
f 37 38 39
f 40 41 42
f 43 44 45
f 46 47 48
f 49 50 51
f 52 53 54
f 55 56 57
f 58 59 60
f 61 62 63
f 64 65 66
f 67 68 69
f 70 71 72
f 73 74 75
f 76 77 78
f 79 80 81
f 82 83 84
f 85 86 87
f 88 89 90
f 91 92 93
f 94 95 96
f 97 98 99
f 100 101 102
f 103 104 105
f 106 107 108
f 109 110 111
f 112 113 114
f 115 116 117
f 118 119 120
f 121 122 123
f 124 125 126
f 127 128 129
f 130 131 132
f 133 134 135
f 136 137 138
f 139 140 141
f 142 143 144
f 145 146 147
f 148 149 150
f 151 152 153
f 154 155 156
f 157 158 159
f 160 161 162
f 163 164 165
f 166 167 168
f 169 170 171
f 172 173 174
f 175 176 177
f 178 179 180
f 181 182 183
f 184 185 186
f 187 188 189
f 190 191 192
f 193 194 195
f 196 197 198
f 199 200 201
f 202 203 204
f 205 206 207
f 208 209 210
f 211 212 213
f 214 215 216
f 217 218 219
f 220 221 222
f 223 224 225
f 226 227 228
f 229 230 231
f 232 233 234
f 235 236 237
f 238 239 240
f 241 242 243
f 244 245 246
f 247 248 249
f 250 251 252
f 253 254 255
f 256 257 258
f 259 260 261
f 262 263 264
f 265 266 267
f 268 269 270
f 271 272 273
f 274 275 276
f 277 278 279
f 280 281 282
f 283 284 285
f 286 287 288
f 289 290 291
f 292 293 294
f 295 296 297
f 298 299 300
f 301 302 303
f 304 305 306
f 307 308 309
f 310 311 312
f 313 314 315
f 316 317 318
f 319 320 321
f 322 323 324
f 325 326 327
f 328 329 330
f 331 332 333
f 334 335 336
f 337 338 339
f 340 341 342
f 343 344 345
f 346 347 348
f 349 350 351
f 352 353 354
f 355 356 357
f 358 359 360
f 361 362 363
f 364 365 366
f 367 368 369
f 370 371 372
f 373 374 375
f 376 377 378
f 379 380 381
f 382 383 384
f 385 386 387
f 388 389 390
f 391 392 393
f 394 395 396
f 397 398 399
f 400 401 402
f 403 404 405
f 406 407 408
f 409 410 411
f 412 413 414
f 415 416 417
f 418 419 420
f 421 422 423
f 424 425 426
f 427 428 429
f 430 431 432
f 433 434 435
f 436 437 438
f 439 440 441
f 442 443 444
f 445 446 447
f 448 449 450
f 451 452 453
f 454 455 456
f 457 458 459
f 460 461 462
f 463 464 465
f 466 467 468
f 469 470 471
f 472 473 474
f 475 476 477
f 478 479 480
f 481 482 483
f 484 485 486
f 487 488 489
f 490 491 492
f 493 494 495
f 496 497 498
f 499 500 501
f 502 503 504
f 505 506 507
f 508 509 510
f 511 512 513
f 514 515 516
f 517 518 519
f 520 521 522
f 523 524 525
f 526 527 528
f 529 530 531
f 532 533 534
f 535 536 537
f 538 539 540
f 541 542 543
f 544 545 546
f 547 548 549
f 550 551 552
f 553 554 555
f 556 557 558
f 559 560 561
f 562 563 564
f 565 566 567
f 568 569 570
f 571 572 573
f 574 575 576
f 577 578 579
f 580 581 582
f 583 584 585
f 586 587 588
f 589 590 591
f 592 593 594
f 595 596 597
f 598 599 600
f 601 602 603
f 604 605 606
f 607 608 609
f 610 611 612
f 613 614 615
f 616 617 618
f 619 620 621
f 622 623 624
f 625 626 627
f 628 629 630
f 631 632 633
f 634 635 636
f 637 638 639
f 640 641 642
f 643 644 645
f 646 647 648
f 649 650 651
f 652 653 654
f 655 656 657
f 658 659 660
f 661 662 663
f 664 665 666
f 667 668 669
f 670 671 672
f 673 674 675
f 676 677 678
f 679 680 681
f 682 683 684
f 685 686 687
f 688 689 690
f 691 692 693
f 694 695 696
f 697 698 699
f 700 701 702
f 703 704 705
f 706 707 708
f 709 710 711
f 712 713 714
f 715 716 717
f 718 719 720
f 721 722 723
f 724 725 726
f 727 728 729
f 730 731 732
f 733 734 735
f 736 737 738
f 739 740 741
f 742 743 744
f 745 746 747
f 748 749 750
f 751 752 753
f 754 755 756
f 757 758 759
f 760 761 762
f 763 764 765
f 766 767 768
f 769 770 771
f 772 773 774
f 775 776 777
f 778 779 780
f 781 782 783
f 784 785 786
f 787 788 789
f 790 791 792
f 793 794 795
f 796 797 798
f 799 800 801
f 802 803 804
f 805 806 807
f 808 809 810
f 811 812 813
f 814 815 816
f 817 818 819
f 820 821 822
f 823 824 825
f 826 827 828
f 829 830 831
f 832 833 834
f 835 836 837
f 838 839 840
f 841 842 843
f 844 845 846
f 847 848 849
f 850 851 852
f 853 854 855
f 856 857 858
f 859 860 861
f 862 863 864
f 865 866 867
f 868 869 870
f 871 872 873
f 874 875 876
f 877 878 879
f 880 881 882
f 883 884 885
f 886 887 888
f 889 890 891
f 892 893 894
f 895 896 897
f 898 899 900
f 901 902 903
f 904 905 906
f 907 908 909
f 910 911 912
f 913 914 915
f 916 917 918
f 919 920 921
f 922 923 924
f 925 926 927
f 928 929 930
f 931 932 933
f 934 935 936
f 937 938 939
f 940 941 942
f 943 944 945
f 946 947 948
f 949 950 951
f 952 953 954
f 955 956 957
f 958 959 960
f 961 962 963
f 964 965 966
f 967 968 969
f 970 971 972
f 973 974 975
f 976 977 978
f 979 980 981
f 982 983 984
f 985 986 987
f 988 989 990
f 991 992 993
f 994 995 996
f 997 998 999
f 1000 1001 1002
f 1003 1004 1005
f 1006 1007 1008
f 1009 1010 1011
f 1012 1013 1014
f 1015 1016 1017
f 1018 1019 1020
f 1021 1022 1023
f 1024 1025 1026
f 1027 1028 1029
f 1030 1031 1032
f 1033 1034 1035
f 1036 1037 1038
f 1039 1040 1041
f 1042 1043 1044
f 1045 1046 1047
f 1048 1049 1050
f 1051 1052 1053
f 1054 1055 1056
f 1057 1058 1059
f 1060 1061 1062
f 1063 1064 1065
f 1066 1067 1068
f 1069 1070 1071
f 1072 1073 1074
f 1075 1076 1077
f 1078 1079 1080
f 1081 1082 1083
f 1084 1085 1086
f 1087 1088 1089
f 1090 1091 1092
f 1093 1094 1095
f 1096 1097 1098
f 1099 1100 1101
f 1102 1103 1104
f 1105 1106 1107
f 1108 1109 1110
f 1111 1112 1113
f 1114 1115 1116
f 1117 1118 1119
f 1120 1121 1122
f 1123 1124 1125
f 1126 1127 1128
f 1129 1130 1131
f 1132 1133 1134
f 1135 1136 1137
f 1138 1139 1140
f 1141 1142 1143
f 1144 1145 1146
f 1147 1148 1149
f 1150 1151 1152
f 1153 1154 1155
f 1156 1157 1158
f 1159 1160 1161
f 1162 1163 1164
f 1165 1166 1167
f 1168 1169 1170
f 1171 1172 1173
f 1174 1175 1176
f 1177 1178 1179
f 1180 1181 1182
f 1183 1184 1185
f 1186 1187 1188
f 1189 1190 1191
f 1192 1193 1194
f 1195 1196 1197
f 1198 1199 1200
f 1201 1202 1203
f 1204 1205 1206
f 1207 1208 1209
f 1210 1211 1212
f 1213 1214 1215
f 1216 1217 1218
f 1219 1220 1221
f 1222 1223 1224
f 1225 1226 1227
f 1228 1229 1230
f 1231 1232 1233
f 1234 1235 1236
f 1237 1238 1239
f 1240 1241 1242
f 1243 1244 1245
f 1246 1247 1248
f 1249 1250 1251
f 1252 1253 1254
f 1255 1256 1257
f 1258 1259 1260
f 1261 1262 1263
f 1264 1265 1266
f 1267 1268 1269
f 1270 1271 1272
f 1273 1274 1275
f 1276 1277 1278
f 1279 1280 1281
f 1282 1283 1284
f 1285 1286 1287
f 1288 1289 1290
f 1291 1292 1293
f 1294 1295 1296
f 1297 1298 1299
f 1300 1301 1302
f 1303 1304 1305
f 1306 1307 1308
f 1309 1310 1311
f 1312 1313 1314
f 1315 1316 1317
f 1318 1319 1320
f 1321 1322 1323
f 1324 1325 1326
f 1327 1328 1329
f 1330 1331 1332
f 1333 1334 1335
f 1336 1337 1338
f 1339 1340 1341
f 1342 1343 1344
f 1345 1346 1347
f 1348 1349 1350
f 1351 1352 1353
f 1354 1355 1356
f 1357 1358 1359
f 1360 1361 1362
f 1363 1364 1365
f 1366 1367 1368
f 1369 1370 1371
f 1372 1373 1374
f 1375 1376 1377
f 1378 1379 1380
f 1381 1382 1383
f 1384 1385 1386
f 1387 1388 1389
f 1390 1391 1392
f 1393 1394 1395
f 1396 1397 1398
f 1399 1400 1401
f 1402 1403 1404
f 1405 1406 1407
f 1408 1409 1410
f 1411 1412 1413
f 1414 1415 1416
f 1417 1418 1419
f 1420 1421 1422
f 1423 1424 1425
f 1426 1427 1428
f 1429 1430 1431
f 1432 1433 1434
f 1435 1436 1437
f 1438 1439 1440
f 1441 1442 1443
f 1444 1445 1446
f 1447 1448 1449
f 1450 1451 1452
f 1453 1454 1455
f 1456 1457 1458
f 1459 1460 1461
f 1462 1463 1464
f 1465 1466 1467
f 1468 1469 1470
f 1471 1472 1473
f 1474 1475 1476
f 1477 1478 1479
f 1480 1481 1482
f 1483 1484 1485
f 1486 1487 1488
f 1489 1490 1491
f 1492 1493 1494
f 1495 1496 1497
f 1498 1499 1500
f 1501 1502 1503
f 1504 1505 1506
f 1507 1508 1509
f 1510 1511 1512
f 1513 1514 1515
f 1516 1517 1518
f 1519 1520 1521
f 1522 1523 1524
f 1525 1526 1527
f 1528 1529 1530
f 1531 1532 1533
f 1534 1535 1536
f 1537 1538 1539
f 1540 1541 1542
f 1543 1544 1545
f 1546 1547 1548
f 1549 1550 1551
f 1552 1553 1554
f 1555 1556 1557
f 1558 1559 1560
f 1561 1562 1563
f 1564 1565 1566
f 1567 1568 1569
f 1570 1571 1572
f 1573 1574 1575
f 1576 1577 1578
f 1579 1580 1581
f 1582 1583 1584
f 1585 1586 1587
f 1588 1589 1590
f 1591 1592 1593
f 1594 1595 1596
f 1597 1598 1599
f 1600 1601 1602
f 1603 1604 1605
f 1606 1607 1608
f 1609 1610 1611
f 1612 1613 1614
f 1615 1616 1617
f 1618 1619 1620
f 1621 1622 1623
f 1624 1625 1626
f 1627 1628 1629
f 1630 1631 1632
f 1633 1634 1635
f 1636 1637 1638
f 1639 1640 1641
f 1642 1643 1644
f 1645 1646 1647
f 1648 1649 1650
f 1651 1652 1653
f 1654 1655 1656
f 1657 1658 1659
f 1660 1661 1662
f 1663 1664 1665
f 1666 1667 1668
f 1669 1670 1671
f 1672 1673 1674
f 1675 1676 1677
f 1678 1679 1680
f 1681 1682 1683
f 1684 1685 1686
f 1687 1688 1689
f 1690 1691 1692
f 1693 1694 1695
f 1696 1697 1698
f 1699 1700 1701
f 1702 1703 1704
f 1705 1706 1707
f 1708 1709 1710
f 1711 1712 1713
f 1714 1715 1716
f 1717 1718 1719
f 1720 1721 1722
f 1723 1724 1725
f 1726 1727 1728
f 1729 1730 1731
f 1732 1733 1734
f 1735 1736 1737
f 1738 1739 1740
f 1741 1742 1743
f 1744 1745 1746
f 1747 1748 1749
f 1750 1751 1752
f 1753 1754 1755
f 1756 1757 1758
f 1759 1760 1761
f 1762 1763 1764
f 1765 1766 1767
f 1768 1769 1770
f 1771 1772 1773
f 1774 1775 1776
f 1777 1778 1779
f 1780 1781 1782
f 1783 1784 1785
f 1786 1787 1788
f 1789 1790 1791
f 1792 1793 1794
f 1795 1796 1797
f 1798 1799 1800
f 1801 1802 1803
f 1804 1805 1806
f 1807 1808 1809
f 1810 1811 1812
f 1813 1814 1815
f 1816 1817 1818
f 1819 1820 1821
f 1822 1823 1824
f 1825 1826 1827
f 1828 1829 1830
f 1831 1832 1833
f 1834 1835 1836
f 1837 1838 1839
f 1840 1841 1842
f 1843 1844 1845
f 1846 1847 1848
f 1849 1850 1851
f 1852 1853 1854
f 1855 1856 1857
f 1858 1859 1860
f 1861 1862 1863
f 1864 1865 1866
f 1867 1868 1869
f 1870 1871 1872
f 1873 1874 1875
f 1876 1877 1878
f 1879 1880 1881
f 1882 1883 1884
f 1885 1886 1887
f 1888 1889 1890
f 1891 1892 1893
f 1894 1895 1896
f 1897 1898 1899
f 1900 1901 1902
f 1903 1904 1905
f 1906 1907 1908
f 1909 1910 1911
f 1912 1913 1914
f 1915 1916 1917
f 1918 1919 1920
f 1921 1922 1923
f 1924 1925 1926
f 1927 1928 1929
f 1930 1931 1932
f 1933 1934 1935
f 1936 1937 1938
f 1939 1940 1941
f 1942 1943 1944
f 1945 1946 1947
f 1948 1949 1950
f 1951 1952 1953
f 1954 1955 1956
f 1957 1958 1959
f 1960 1961 1962
f 1963 1964 1965
f 1966 1967 1968
f 1969 1970 1971
f 1972 1973 1974
f 1975 1976 1977
f 1978 1979 1980
f 1981 1982 1983
f 1984 1985 1986
f 1987 1988 1989
f 1990 1991 1992
f 1993 1994 1995
f 1996 1997 1998
f 1999 2000 2001
f 2002 2003 2004
f 2005 2006 2007
f 2008 2009 2010
f 2011 2012 2013
f 2014 2015 2016
f 2017 2018 2019
f 2020 2021 2022
f 2023 2024 2025
f 2026 2027 2028
f 2029 2030 2031
f 2032 2033 2034
f 2035 2036 2037
f 2038 2039 2040
f 2041 2042 2043
f 2044 2045 2046
f 2047 2048 2049
f 2050 2051 2052
f 2053 2054 2055
f 2056 2057 2058
f 2059 2060 2061
f 2062 2063 2064
f 2065 2066 2067
f 2068 2069 2070
f 2071 2072 2073
f 2074 2075 2076
f 2077 2078 2079
f 2080 2081 2082
f 2083 2084 2085
f 2086 2087 2088
f 2089 2090 2091
f 2092 2093 2094
f 2095 2096 2097
f 2098 2099 2100
f 2101 2102 2103
f 2104 2105 2106
f 2107 2108 2109
f 2110 2111 2112
f 2113 2114 2115
f 2116 2117 2118
f 2119 2120 2121
f 2122 2123 2124
f 2125 2126 2127
f 2128 2129 2130
f 2131 2132 2133
f 2134 2135 2136
f 2137 2138 2139
f 2140 2141 2142
f 2143 2144 2145
f 2146 2147 2148
f 2149 2150 2151
f 2152 2153 2154
f 2155 2156 2157
f 2158 2159 2160
f 2161 2162 2163
f 2164 2165 2166
f 2167 2168 2169
f 2170 2171 2172
f 2173 2174 2175
f 2176 2177 2178
f 2179 2180 2181
f 2182 2183 2184
f 2185 2186 2187
f 2188 2189 2190
f 2191 2192 2193
f 2194 2195 2196
f 2197 2198 2199
f 2200 2201 2202
f 2203 2204 2205
f 2206 2207 2208
f 2209 2210 2211
f 2212 2213 2214
f 2215 2216 2217
f 2218 2219 2220
f 2221 2222 2223
f 2224 2225 2226
f 2227 2228 2229
f 2230 2231 2232
f 2233 2234 2235
f 2236 2237 2238
f 2239 2240 2241
f 2242 2243 2244
f 2245 2246 2247
f 2248 2249 2250
f 2251 2252 2253
f 2254 2255 2256
f 2257 2258 2259
f 2260 2261 2262
f 2263 2264 2265
f 2266 2267 2268
f 2269 2270 2271
f 2272 2273 2274
f 2275 2276 2277
f 2278 2279 2280
f 2281 2282 2283
f 2284 2285 2286
f 2287 2288 2289
f 2290 2291 2292
f 2293 2294 2295
f 2296 2297 2298
f 2299 2300 2301
f 2302 2303 2304
f 2305 2306 2307
f 2308 2309 2310
f 2311 2312 2313
f 2314 2315 2316
f 2317 2318 2319
f 2320 2321 2322
f 2323 2324 2325
f 2326 2327 2328
f 2329 2330 2331
f 2332 2333 2334
f 2335 2336 2337
f 2338 2339 2340
f 2341 2342 2343
f 2344 2345 2346
f 2347 2348 2349
f 2350 2351 2352
f 2353 2354 2355
f 2356 2357 2358
f 2359 2360 2361
f 2362 2363 2364
f 2365 2366 2367
f 2368 2369 2370
f 2371 2372 2373
f 2374 2375 2376
f 2377 2378 2379
f 2380 2381 2382
f 2383 2384 2385
f 2386 2387 2388
f 2389 2390 2391
f 2392 2393 2394
f 2395 2396 2397
f 2398 2399 2400
f 2401 2402 2403
f 2404 2405 2406
f 2407 2408 2409
f 2410 2411 2412
f 2413 2414 2415
f 2416 2417 2418
f 2419 2420 2421
f 2422 2423 2424
f 2425 2426 2427
f 2428 2429 2430
f 2431 2432 2433
f 2434 2435 2436
f 2437 2438 2439
f 2440 2441 2442
f 2443 2444 2445
f 2446 2447 2448
f 2449 2450 2451
f 2452 2453 2454
f 2455 2456 2457
f 2458 2459 2460
f 2461 2462 2463
f 2464 2465 2466
f 2467 2468 2469
f 2470 2471 2472
f 2473 2474 2475
f 2476 2477 2478
f 2479 2480 2481
f 2482 2483 2484
f 2485 2486 2487
f 2488 2489 2490
f 2491 2492 2493
f 2494 2495 2496
f 2497 2498 2499
f 2500 2501 2502
f 2503 2504 2505
f 2506 2507 2508
f 2509 2510 2511
f 2512 2513 2514
f 2515 2516 2517
f 2518 2519 2520
f 2521 2522 2523
f 2524 2525 2526
f 2527 2528 2529
f 2530 2531 2532
f 2533 2534 2535
f 2536 2537 2538
f 2539 2540 2541
f 2542 2543 2544
f 2545 2546 2547
f 2548 2549 2550
f 2551 2552 2553
f 2554 2555 2556
f 2557 2558 2559
f 2560 2561 2562
f 2563 2564 2565
f 2566 2567 2568
f 2569 2570 2571
f 2572 2573 2574
f 2575 2576 2577
f 2578 2579 2580
f 2581 2582 2583
f 2584 2585 2586
f 2587 2588 2589
f 2590 2591 2592
f 2593 2594 2595
f 2596 2597 2598
f 2599 2600 2601
f 2602 2603 2604
f 2605 2606 2607
f 2608 2609 2610
f 2611 2612 2613
f 2614 2615 2616
f 2617 2618 2619
f 2620 2621 2622
f 2623 2624 2625
f 2626 2627 2628
f 2629 2630 2631
f 2632 2633 2634
f 2635 2636 2637
f 2638 2639 2640
f 2641 2642 2643
f 2644 2645 2646
f 2647 2648 2649
f 2650 2651 2652
f 2653 2654 2655
f 2656 2657 2658
f 2659 2660 2661
f 2662 2663 2664
f 2665 2666 2667
f 2668 2669 2670
f 2671 2672 2673
f 2674 2675 2676
f 2677 2678 2679
f 2680 2681 2682
f 2683 2684 2685
f 2686 2687 2688
f 2689 2690 2691
f 2692 2693 2694
f 2695 2696 2697
f 2698 2699 2700
f 2701 2702 2703
f 2704 2705 2706
f 2707 2708 2709
f 2710 2711 2712
f 2713 2714 2715
f 2716 2717 2718
f 2719 2720 2721
f 2722 2723 2724
f 2725 2726 2727
f 2728 2729 2730
f 2731 2732 2733
f 2734 2735 2736
f 2737 2738 2739
f 2740 2741 2742
f 2743 2744 2745
f 2746 2747 2748
f 2749 2750 2751
f 2752 2753 2754
f 2755 2756 2757
f 2758 2759 2760
f 2761 2762 2763
f 2764 2765 2766
f 2767 2768 2769
f 2770 2771 2772
f 2773 2774 2775
f 2776 2777 2778
