# PSO Extracted Authentic Geometry
v 0.0000 0.0000 -200.0000
v 0.0000 -390.0000 0.0000
v 0.0000 0.0000 75.0422
v 0.0000 0.0000 -190.0000
v 75.0422 0.0000 0.0000
v 0.0000 -750.0000 0.0000
v -315.0000 0.0000 0.0000
v 0.0000 120.9601 0.0000
v 0.0000 0.0000 0.1000
v 0.0000 390.0000 0.0000
v 0.0000 0.0000 149.8040
v 0.1000 0.0000 -390.0000
v 149.8040 0.0000 0.0000
v 0.0000 -450.0000 0.0000
v -390.0000 0.0000 0.0000
v 0.0000 211.7501 0.0000
v 0.0000 0.0000 450.0000
v 0.0000 390.0000 0.0000
v 0.0000 0.0000 211.7501
v -1195.0000 0.0000 -315.0000
v 39.3393 0.0000 0.0000
v 1475.0000 0.0000 0.0000
v 0.0000 39.3393 0.0000
v 0.0000 -945.0000 0.0000
v 0.0000 0.0000 39.3393
v 1045.0000 0.0000 950.0000
v 39.3393 0.0000 0.0000
v 1140.0000 0.0000 0.0000
v 0.0000 39.3393 0.0000
v 0.0000 1150.0000 0.0000
v 0.0000 0.0000 39.3393
v 230.0000 0.0000 840.0000
v 39.3393 0.0000 0.0000
v 555.0000 0.0000 0.0000
v 0.0000 39.3393 0.0000
v 0.0000 320.0000 0.0000
v 0.0000 0.0000 39.3393
v -770.0000 0.0000 -75.0000
v 39.3393 0.0000 0.0000
v 315.0000 0.0000 0.0000
v 0.0000 39.3393 0.0000
v 0.0000 -1080.0000 0.0000
v 0.0000 0.0000 39.3393
v -915.0000 0.0000 -1080.0000
v 39.3393 0.0000 0.0000
v -1210.0000 0.0000 0.0000
v 0.0000 39.3393 0.0000
v 0.0000 -580.0000 0.0000
v 0.0000 0.0000 39.3393
v -1030.0000 0.0000 185.0000
v 39.3393 0.0000 0.0000
v 655.0000 0.0000 0.0000
v 0.0000 39.3393 0.0000
v 0.0000 815.0000 0.0000
v 0.0000 0.0000 39.3393
v 600.0000 0.0000 580.0000
v 39.3393 0.0000 0.0000
v 675.0000 0.0000 0.0000
v 0.0000 39.3393 0.0000
v 0.0000 0.0000 -425.0000
v 0.0000 -840.0000 0.0000
v 0.0000 0.0000 74.8938
v 750.0000 0.0000 1015.0000
v 74.8938 0.0000 0.0000
v 0.0000 -1030.0000 0.0000
v -510.0000 0.0000 0.0000
v 0.0000 74.8938 0.0000
v 0.0000 0.0000 1030.0000
v 0.0000 120.0000 0.0000
v 0.0000 0.0000 74.8938
v -275.0000 0.0000 -840.0000
v 86.6401 0.0000 0.0000
v 0.0000 1030.0000 0.0000
v -30.0000 0.0000 0.0000
v 0.0000 86.6401 0.0000
v 0.0000 0.0000 750.0000
v 0.0000 1165.0000 0.0000
v 0.0000 0.0000 86.6401
v -1030.0000 0.0000 -660.0000
v 86.6401 0.0000 0.0000
v 0.0000 200.0000 0.0000
v 390.0000 0.0000 0.0000
v 0.0000 77.4631 0.0000
v 0.0000 190.0000 0.0000
v 0.0000 0.0000 77.4631
v 750.0000 0.0000 315.0000
v 121.3984 0.0000 0.0000
v 0.0000 -750.0000 0.0000
v -465.0000 0.0000 0.0000
v 0.0000 113.2450 0.0000
v 0.0000 0.0000 750.0000
v 0.0000 465.0000 0.0000
v 0.0000 0.0000 113.2450
v -750.0000 0.0000 -1080.0000
v 172.9467 0.0000 0.0000
v 0.0000 1030.0000 0.0000
v 315.0000 0.0000 0.0000
v 0.0000 172.9467 0.0000
v 0.0000 0.0000 -1030.0000
v 0.0000 -315.0000 0.0000
v 0.0000 0.0000 172.9467
v 360.0000 0.0000 840.0000
v 172.9467 0.0000 0.0000
v 0.0000 580.0000 0.0000
v 1340.0000 0.0000 0.0000
v 0.0000 86.6401 0.0000
v 0.0000 0.0000 1180.0000
v 0.0000 1370.0000 0.0000
v 0.0000 0.0000 86.6401
v -660.0000 0.0000 520.0000
v 86.6401 0.0000 0.0000
v 0.0000 -250.0000 0.0000
v -1300.0000 0.0000 0.0000
v 0.0000 86.6401 0.0000
v 0.0000 0.0000 134.0141
v -675.0000 0.0000 -765.0000
v 221.2606 0.0000 0.0000
v 0.0000 675.0000 0.0000
v 765.0000 0.0000 0.0000
v 0.0000 221.2606 0.0000
v 0.0000 0.0000 1105.0000
v 0.0000 630.0000 0.0000
v 0.0000 0.0000 221.2606
v -955.0000 0.0000 0.0000
v 221.2606 0.0000 0.0000
v 0.0000 -350.0000 0.0000
v -1080.0000 0.0000 0.0000
v 0.0000 246.1476 0.0000
v 0.0000 0.0000 -880.0000
v 0.0000 420.0000 0.0000
v 0.0000 0.0000 246.1476
v 360.0000 0.0000 1240.0000
v 246.1476 0.0000 0.0000
v 0.0000 1180.0000 0.0000
v 1050.0000 0.0000 0.0000
v 0.0000 246.1476 0.0000
v 0.0000 800.0000 0.0000
v 45.0000 -25.0000 30.0000
v 20.5000 0.0000 0.0000
v 1.0000 1.0000 1.0000
v -0.2941 0.0000 0.0000
v 0.0000 0.0000 45.0000
v -25.0000 -14.5000 25.8940
v 0.0000 0.0000 1.0000
v 1.0000 1.0000 0.0000
v -0.6039 0.0000 0.0000
v 40.0000 25.0000 70.0000
v 0.0000 0.0000 1.0000
v 1.0000 1.0000 0.0000
v 45.0000 -25.0000 -44.5000
v 5.8524 0.0000 0.0000
v 1.0000 1.0000 1.0000
v -45.0000 -25.0000 44.5000
v 5.8524 0.0000 0.0000
v 1.0000 1.0000 1.0000
v 0.0000 -45.0000 25.0000
v 19.5000 5.8524 0.0000
v 0.0000 1.0000 1.0000
v 1.0000 0.0000 0.0000
v 0.7961 0.0000 0.0000
v -20.0000 -63.4500 0.0000
v 25.4951 0.0000 0.0000
v 1.0000 1.0000 1.0000
v 0.0000 0.0000 20.0000
v -63.4500 0.0000 25.4951
v 0.0000 0.0000 1.0000
v 1.0000 1.0000 0.0000
v -20.0000 2.0000 0.0000
v 2.8284 0.0000 0.0000
v 1.0000 1.0000 1.0000
v 1.0039 0.8588 0.0000
v 0.0000 0.0000 -67.0000
v 0.0000 50.9902 0.0000
v 0.0000 1.0000 1.0000
v 1.0000 0.0000 0.0000
v 0.0000 0.0000 -63.0000
v 0.0000 25.4951 0.0000
v 0.0000 1.0000 1.0000
v 1.0000 0.0000 0.0000
v 0.0000 0.0000 20.0000
v 2.0000 0.0000 2.8284
v 0.0000 0.0000 1.0000
v 1.0000 1.0000 0.0000
v -7.0275 0.0000 0.0000
v 0.0000 -20.0000 -64.1340
v 0.0000 50.0400 0.0000
v 0.0000 1.0000 1.0000
v 1.0000 0.0000 0.0000
v 0.2510 -7.0275 0.0000
v 0.0000 0.0000 20.0000
v -64.1340 0.0000 50.0400
v 0.0000 0.0000 1.0000
v 1.0000 1.0000 0.0000
v -20.0000 69.1000 0.0000
v 25.0799 0.0000 0.0000
v 1.0000 1.0000 1.0000
v 0.0000 0.0000 -40.0000
v -50.0000 70.0000 0.0000
v 0.0000 1.0000 1.0000
v 1.0000 0.0000 0.0000
v 0.9255 0.6000 0.0000
v 0.0000 -40.0000 50.0000
v 70.0000 0.0000 0.0000
v 1.0000 1.0000 1.0000
v -6.0235 0.0000 0.0000
v 0.0000 20.0000 69.1000
v 0.0000 25.0799 0.0000
v 0.0000 1.0000 1.0000
v 1.0000 0.0000 0.0000
v 1.0000 0.0000 0.0000
v 0.0000 0.0000 20.0000
v 2.0000 -25.0000 2.8284
v 0.0000 0.0000 1.0000
v 1.0000 1.0000 0.0000
v 0.0000 20.0000 2.0000
v 25.0000 2.8284 0.0000
v 0.0000 1.0000 1.0000
v 1.0000 0.0000 0.0000
v 1.0039 0.4824 0.0000
v 0.0000 0.0000 68.0000
v 0.0000 26.9258 0.0000
v 0.0000 1.0000 1.0000
v 1.0000 0.0000 0.0000
v 1.0000 0.0000 0.0000
v 20.0000 2.0000 75.0000
v 2.8284 0.0000 0.0000
v 1.0000 1.0000 1.0000
v 1.0000 0.0000 0.0000
v 0.0000 0.0000 -20.0000
v 2.0000 25.0000 2.8284
v 0.0000 0.0000 1.0000
v 1.0000 1.0000 0.0000
v 0.0000 0.0000 -45.0000
v 25.0000 -5.0000 20.5000
v 0.0000 0.0000 1.0000
v 1.0000 1.0000 0.0000
v 0.0000 -20.0000 2.0000
v -25.0000 2.8284 0.0000
v 0.0000 1.0000 1.0000
v 1.0000 0.0000 0.0000
v 0.0000 1.0000 0.0000
v 0.0000 -20.0000 2.0000
v -75.0000 2.8284 0.0000
v 0.0000 1.0000 1.0000
v 1.0000 0.0000 0.0000
v 0.2510 1.0000 0.0000
v 45.0000 25.0000 5.0000
v 20.5000 0.0000 0.0000
v 1.0000 1.0000 1.0000
v 1.0000 0.0000 0.0000
v 0.0000 20.0000 2.0000
v -75.0000 2.8284 0.0000
v 0.0000 1.0000 1.0000
v 1.0000 0.0000 0.0000
v 0.0000 0.0000 -45.0000
v 0.0000 126.1111 0.0000
v 0.0000 1.0000 1.0000
v 1.0000 0.0000 0.0000
v 0.0000 45.0000 25.0000
v -19.5000 5.8524 0.0000
v 0.0000 1.0000 1.0000
v 1.0000 0.0000 0.0000
v 1.0000 0.0000 0.0000
v 0.0000 0.0000 -45.0000
v 25.0000 82.0000 18.1108
v 0.0000 0.0000 1.0000
v 1.0000 1.0000 0.0000
v -0.2471 -0.1098 0.0000
v 0.0000 -45.0000 25.0000
v -67.5000 32.8101 0.0000
v 0.0000 1.0000 1.0000
v 1.0000 0.0000 0.0000
v 0.9255 -0.6039 0.0000
v 0.0000 40.0000 -25.0000
v 70.0000 0.0000 0.0000
v 1.0000 1.0000 1.0000
v -1.0039 0.0000 0.0000
v 0.0000 0.0000 45.0000
v 25.0000 -82.0000 18.1108
v 0.0000 0.0000 1.0000
v 1.0000 1.0000 0.0000
v 0.2510 1.0000 0.0000
v 0.0000 0.0000 45.0000
v 25.0000 10.5000 25.8940
v 0.0000 0.0000 1.0000
v 1.0000 1.0000 0.0000
v 0.0000 0.0000 64.0000
v 0.0000 25.4951 0.0000
v 0.0000 1.0000 1.0000
v 1.0000 0.0000 0.0000
v 1.0000 0.0000 0.0000
v 0.0000 45.0000 25.0000
v -39.5000 25.8940 0.0000
v 0.0000 1.0000 1.0000
v 1.0000 0.0000 0.0000
v -0.2471 -1.0039 0.0000
v 0.0000 0.0000 45.0000
v 25.0000 67.5000 32.8101
v 0.0000 0.0000 1.0000
v 1.0000 1.0000 0.0000
v 0.2980 0.0000 0.0000
v 64.0000 0.0000 25.4951
v 0.0000 0.0000 1.0000
v 1.0000 1.0000 0.0000
v 0.2510 -0.2941 0.0000
v 0.0000 0.0000 -45.0000
v 25.0000 39.5000 25.8940
v 0.0000 0.0000 1.0000
v 1.0000 1.0000 0.0000
v -0.2941 0.0000 0.0000
v 0.0000 0.0000 -45.0000
v 25.0000 -10.5000 25.8940
v 0.0000 0.0000 1.0000
v 1.0000 1.0000 0.0000
v 0.7961 0.0000 0.0000
v 0.0000 0.0000 -20.0000
v 67.5500 0.0000 25.4951
v 0.0000 0.0000 1.0000
v 1.0000 1.0000 0.0000
v 0.0000 0.7961 0.0000
v 0.0000 -20.0000 63.4500
v -50.0000 25.4951 0.0000
v 0.0000 1.0000 1.0000
v 1.0000 0.0000 0.0000
v 0.7961 0.0000 0.0000
v 20.0000 63.4500 -50.0000
v 25.4951 0.0000 0.0000
v 1.0000 1.0000 1.0000
v 0.0000 20.0000 67.5500
v 0.0000 25.4951 0.0000
v 0.0000 1.0000 1.0000
v 1.0000 0.0000 0.0000
v 0.7961 0.0000 0.0000
v 20.0000 63.4500 50.0000
v 25.4951 0.0000 0.0000
v 1.0000 1.0000 1.0000
v 0.0000 0.0000 -20.0000
v 63.4500 50.0000 25.4951
v 0.0000 0.0000 1.0000
v 1.0000 1.0000 0.0000
v 0.0000 1.0000 0.0000
v 0.0000 20.0000 2.0000
v 25.0000 2.8284 0.0000
v 0.0000 1.0000 1.0000
v 1.0000 0.0000 0.0000
v 0.0000 0.4824 0.0000
v 67.0000 0.0000 100.4987
v 0.0000 0.0000 1.0000
v 1.0000 1.0000 0.0000
v 0.4078 0.2980 0.0000
v 0.0000 63.0000 -50.0000
v 25.4951 0.0000 0.0000
v 1.0000 1.0000 1.0000
v -20.0000 2.0000 25.0000
v 2.8284 0.0000 0.0000
v 1.0000 1.0000 1.0000
v 0.2980 0.0000 0.0000
v 63.0000 50.0000 25.4951
v 0.0000 0.0000 1.0000
v 1.0000 1.0000 0.0000
v 0.2510 -11.0431 0.0000
v 0.0000 -20.0000 64.1340
v 0.0000 100.0200 0.0000
v 0.0000 1.0000 1.0000
v 1.0000 0.0000 0.0000
v 0.0000 1.0000 0.0000
v 0.0000 -20.0000 2.0000
v -25.0000 2.8284 0.0000
v 0.0000 1.0000 1.0000
v 1.0000 0.0000 0.0000
v 0.2510 -11.0431 0.0000
v 0.0000 20.0000 64.1340
v 0.0000 100.0200 0.0000
v 0.0000 1.0000 1.0000
v 1.0000 0.0000 0.0000
v 0.0000 1.0000 0.0000
v 0.0000 0.0000 -20.0000
v 2.0000 75.0000 2.8284
v 0.0000 0.0000 1.0000
v 1.0000 1.0000 0.0000
v 20.0000 2.0000 -25.0000
v 2.8284 0.0000 0.0000
v 1.0000 1.0000 1.0000
v -0.6039 0.0000 0.0000
v 40.0000 -100.0000 70.0000
v 0.0000 0.0000 1.0000
v 1.0000 1.0000 0.0000
v 0.0000 0.0000 40.0000
v 100.0000 70.0000 0.0000
v 0.0000 1.0000 1.0000
v 1.0000 0.0000 0.0000
v 0.0000 0.0000 -45.0000
v 0.0000 88.9607 0.0000
v 0.0000 1.0000 1.0000
v 1.0000 0.0000 0.0000
v 0.0000 20.0000 -2.0000
v -25.0000 2.8284 0.0000
v 0.0000 1.0000 1.0000
v 1.0000 0.0000 0.0000
v 0.0000 1.0000 0.0000
v 20.0000 -2.0000 25.0000
v 2.8284 0.0000 0.0000
v 1.0000 1.0000 1.0000
v -0.2941 0.0000 0.0000
v -45.0000 25.0000 14.5000
v 25.8940 0.0000 0.0000
v 1.0000 1.0000 1.0000
v 0.0000 0.0000 20.0000
v -2.0000 75.0000 2.8284
v 0.0000 0.0000 1.0000
v 1.0000 1.0000 0.0000
v 0.0000 -20.0000 -2.0000
v 25.0000 2.8284 0.0000
v 0.0000 1.0000 1.0000
v 1.0000 0.0000 0.0000
v 0.1255 0.3490 0.0000
v 0.0000 0.0000 -45.0000
v 25.0000 -30.0000 20.5000
v 0.0000 0.0000 1.0000
v 1.0000 1.0000 0.0000
v 0.0000 -20.0000 -2.0000
v -25.0000 2.8284 0.0000
v 0.0000 1.0000 1.0000
v 1.0000 0.0000 0.0000
v 0.0000 1.0000 0.0000
v 0.0000 -20.0000 -2.0000
v -75.0000 2.8284 0.0000
v 0.0000 1.0000 1.0000
v 1.0000 0.0000 0.0000
v 0.2510 0.3490 0.0000
v 0.0000 0.0000 45.0000
v 25.0000 30.0000 20.5000
v 0.0000 0.0000 1.0000
v 1.0000 1.0000 0.0000
v 20.0000 -2.0000 -75.0000
v 2.8284 0.0000 0.0000
v 1.0000 1.0000 1.0000
v 0.0000 -0.5902 -41.6970
v 0.0000 117.8020 0.0000
v 0.0000 1.0000 1.0000
v 1.0000 0.0000 0.0000
v -0.2941 0.0000 0.0000
v 0.0000 0.0000 45.0000
v 25.0000 -14.5000 25.8940
v 0.0000 0.0000 1.0000
v 1.0000 1.0000 0.0000
v 0.0196 0.0000 0.0000
v 0.0000 -40.0000 -97.5000
v 43.6606 0.0000 0.0000
v 1.0000 1.0000 1.0000
v 0.0196 0.0000 0.0000
v 0.0000 -40.0000 97.5000
v 43.6606 0.0000 0.0000
v 1.0000 1.0000 1.0000
v 1.0000 0.0000 0.0000
v 0.0000 45.0000 25.0000
v -44.5000 5.8524 0.0000
v 0.0000 1.0000 1.0000
v 1.0000 0.0000 0.0000
v 1.0000 0.0000 0.0000
v 0.0000 0.0000 -45.0000
v -25.0000 82.0000 18.1108
v 0.0000 0.0000 1.0000
v 1.0000 1.0000 0.0000
v 2.7608 -0.1098 0.0000
v 0.0000 -45.0000 -25.0000
v -67.5000 32.8101 0.0000
v 0.0000 1.0000 1.0000
v 1.0000 0.0000 0.0000
v 0.2510 1.0000 0.0000
v 0.0000 0.0000 -45.0000
v 25.0000 44.5000 5.8524
v 0.0000 0.0000 1.0000
v 1.0000 1.0000 0.0000
v 0.2510 -1.0039 0.0000
v 45.0000 -25.0000 -82.0000
v 18.1108 0.0000 0.0000
v 1.0000 1.0000 1.0000
v 45.0000 -25.0000 10.5000
v 25.8940 0.0000 0.0000
v 1.0000 1.0000 1.0000
v 0.7961 0.0000 0.0000
v -20.0000 63.4500 0.0000
v 25.4951 0.0000 0.0000
v 1.0000 1.0000 1.0000
v 45.0000 -25.0000 -39.5000
v 25.8940 0.0000 0.0000
v 1.0000 1.0000 1.0000
v -1.0039 0.0000 0.0000
v 0.0000 45.0000 -25.0000
v 67.5000 32.8101 0.0000
v 0.0000 1.0000 1.0000
v 1.0000 0.0000 0.0000
v 0.0000 0.0000 20.0000
v 63.4500 0.0000 25.4951
v 0.0000 0.0000 1.0000
v 1.0000 1.0000 0.0000
v 3.2627 -0.2941 0.0000
v 0.0000 0.0000 -45.0000
v -25.0000 39.5000 25.8940
v 0.0000 0.0000 1.0000
v 1.0000 1.0000 0.0000
v -0.2941 0.0000 0.0000
v 0.0000 0.0000 -45.0000
v -25.0000 -10.5000 25.8940
v 0.0000 0.0000 1.0000
v 1.0000 1.0000 0.0000
v 0.8588 0.0000 0.0000
v 0.0000 67.0000 0.0000
v 50.9902 0.0000 0.0000
v 1.0000 1.0000 1.0000
v 0.0000 0.7961 0.0000
v 0.0000 -20.0000 -63.4500
v -50.0000 25.4951 0.0000
v 0.0000 1.0000 1.0000
v 1.0000 0.0000 0.0000
v 0.7961 0.0000 0.0000
v 20.0000 -63.4500 -50.0000
v 25.4951 0.0000 0.0000
v 1.0000 1.0000 1.0000
v 0.0000 0.0000 63.0000
v 0.0000 25.4951 0.0000
v 0.0000 1.0000 1.0000
v 1.0000 0.0000 0.0000
v 0.7961 0.0000 0.0000
v 20.0000 -63.4500 50.0000
v 25.4951 0.0000 0.0000
v 1.0000 1.0000 1.0000
v 0.0000 0.0000 -20.0000
v -63.4500 50.0000 25.4951
v 0.0000 0.0000 1.0000
v 1.0000 1.0000 0.0000
v 0.2510 -7.0275 0.0000
v 0.0000 0.0000 -20.0000
v 64.1340 0.0000 50.0400
v 0.0000 0.0000 1.0000
v 1.0000 1.0000 0.0000
v 0.0000 -67.0000 0.0000
v 100.4987 0.0000 0.0000
v 1.0000 1.0000 1.0000
v 0.0000 0.0000 -63.0000
v -50.0000 25.4951 0.0000
v 0.0000 1.0000 1.0000
v 1.0000 0.0000 0.0000
v -7.0275 0.0000 0.0000
v 0.0000 20.0000 64.1340
v 0.0000 50.0400 0.0000
v 0.0000 1.0000 1.0000
v 1.0000 0.0000 0.0000
v 0.4078 0.2980 0.0000
v 0.0000 -63.0000 50.0000
v 25.4951 0.0000 0.0000
v 1.0000 1.0000 1.0000
v 0.0000 0.0000 -20.0000
v -64.1340 0.0000 100.0200
v 0.0000 0.0000 1.0000
v 1.0000 1.0000 0.0000
v 0.0000 0.0000 40.0000
v -50.0000 70.0000 0.0000
v 0.0000 1.0000 1.0000
v 1.0000 0.0000 0.0000
v 0.2510 -11.0431 0.0000
v 0.0000 20.0000 -64.1340
v 0.0000 100.0200 0.0000
v 0.0000 1.0000 1.0000
v 1.0000 0.0000 0.0000
v 0.0000 1.0000 0.0000
v 0.0000 0.0000 -20.0000
v -2.0000 75.0000 2.8284
v 0.0000 0.0000 1.0000
v 1.0000 1.0000 0.0000
v 0.0000 0.0000 40.0000
v 50.0000 70.0000 0.0000
v 0.0000 1.0000 1.0000
v 1.0000 0.0000 0.0000
v 0.9255 0.6000 0.0000
v 0.0000 -40.0000 -100.0000
v 70.0000 0.0000 0.0000
v 1.0000 1.0000 1.0000
v 0.6000 0.0000 0.0000
v -40.0000 100.0000 70.0000
v 0.0000 0.0000 1.0000
v 1.0000 1.0000 0.0000
v 0.0000 0.0000 20.0000
v -2.0000 25.0000 2.8284
v 0.0000 0.0000 1.0000
v 1.0000 1.0000 0.0000
v 0.0000 -1.1142 -79.2985
v -5.1839 204.9553 0.0000
v 0.0000 1.0000 1.0000
v 1.0000 0.0000 0.0000
v 0.0000 0.0000 -45.0000
v -30.0000 45.0000 106.0660
v 0.0000 0.0000 1.0000
v 1.0000 1.0000 0.0000
v 1.0000 0.0000 0.0000
v 0.0000 -20.0000 -2.0000
v 25.0000 2.8284 0.0000
v 0.0000 1.0000 1.0000
v 1.0000 0.0000 0.0000
v 0.7529 1.0000 0.0000
v 0.0000 0.0000 70.0000
v -111.5000 70.0000 55.8659
v 0.0000 0.0000 1.0000
v 1.0000 1.0000 0.0000
v 0.7529 0.0000 0.0000
v 0.0000 0.0000 70.0000
v 111.5000 70.0000 55.8659
v 0.0000 0.0000 1.0000
v 1.0000 1.0000 0.0000
v 0.0000 1.0000 0.0000
v 0.0000 -20.0000 -2.0000
v -25.0000 2.8284 0.0000
v 0.0000 1.0000 1.0000
v 1.0000 0.0000 0.0000
v 0.7529 0.0000 0.0000
v 0.0000 0.0000 -70.0000
v 111.5000 70.0000 55.8659
v 0.0000 0.0000 1.0000
v 1.0000 1.0000 0.0000
v 0.7529 1.0000 0.0000
v 0.0000 0.0000 -70.0000
v -111.5000 70.0000 55.8659
v 0.0000 0.0000 1.0000
v 1.0000 1.0000 0.0000
v 0.0000 1.0000 0.0000
v 0.0000 0.0000 20.0000
v -2.0000 -25.0000 2.8284
v 0.0000 0.0000 1.0000
v 1.0000 1.0000 0.0000
v -70.0000 -111.5000 -70.0000
v 55.8659 0.0000 0.0000
v 1.0000 1.0000 1.0000
v -70.0000 111.5000 -70.0000
v 55.8659 0.0000 0.0000
v 1.0000 1.0000 1.0000
v -1.6445 -41.6970 0.0000
v 78.3831 0.0000 0.0000
v 1.0000 1.0000 1.0000
v 0.0000 0.0000 95.0000
v -56.5000 70.0000 0.0000
v 82.5000 -56.5000 91.6507
v -56.5000 48.3494 0.0000
v 57.5000 -56.5000 91.6506
v 0.0000 70.0000 -59.7500
v 70.0000 33.0719 0.0000
v 0.0000 1.0000 1.0000
v 1.0000 0.0000 0.0000
v 0.0000 95.0000 56.5000
v 82.5000 56.5000 48.3494
v 56.5000 91.6507 0.0000
v 45.0000 56.5000 70.0000
v 56.5000 91.6506 0.0000
v 70.0000 59.7500 70.0000
v 33.0719 0.0000 0.0000
v 1.0000 1.0000 1.0000
v -45.0000 56.5000 70.0000
v 56.5000 48.3494 0.0000
v -82.5000 56.5000 48.3494
v 56.5000 70.0000 0.0000
v 0.0000 0.0000 -70.0000
v 59.7500 70.0000 33.0719
v 0.0000 0.0000 1.0000
v 1.0000 1.0000 0.0000
v 0.0000 0.0196 0.0000
v 0.0000 0.0000 -40.0000
v -47.5000 43.6606 0.0000
v 0.0000 1.0000 1.0000
v 1.0000 0.0000 0.0000
v 0.0000 0.0000 -45.0000
v -56.5000 70.0000 0.0000
v -57.5000 -56.5000 91.6507
v -56.5000 48.3494 0.0000
v -82.5000 -56.5000 91.6506
v 0.0000 -70.0000 -59.7500
v 70.0000 33.0719 0.0000
v 0.0000 1.0000 1.0000
v 1.0000 0.0000 0.0000
v 1.0000 0.0000 0.0000
v 0.0000 -60.0000 0.0000
v 212.1320 0.0000 0.0000
v 1.0000 1.0000 1.0000
v 0.0000 1.0000 0.0000
v 0.0000 60.0000 0.0000
v 212.1320 0.0000 0.0000
v 1.0000 1.0000 1.0000
v 0.0000 0.0196 0.0000
v 0.0000 0.0000 -40.0000
v 47.5000 43.6606 0.0000
v 0.0000 1.0000 1.0000
v 1.0000 0.0000 0.0000
v 0.8863 1.0000 0.0000
v 0.0000 -111.5000 -0.0000
v 71.7792 0.0000 0.0000
v 1.0000 1.0000 1.0000
v 0.8863 0.0000 0.0000
v 0.0000 111.5000 -0.0000
v 71.7792 0.0000 0.0000
v 1.0000 1.0000 1.0000
v 3.2627 -0.2941 0.0000
v 0.0000 -45.0000 -25.0000
v 14.5000 25.8940 0.0000
v 0.0000 1.0000 1.0000
v 1.0000 0.0000 0.0000
v 0.0000 -45.0000 -56.5000
v -57.5000 -56.5000 -91.6506
v -56.5000 -48.3493 0.0000
v -95.0000 -56.5000 -70.0000
v -56.5000 -48.3493 0.0000
v -70.0000 -59.7500 -70.0000
v 33.0719 0.0000 0.0000
v 1.0000 1.0000 1.0000
v 50.0000 -50.0000 0.0000
v -50.0000 -35.3553 0.0000
v -35.3553 -50.0000 -35.3553
v -50.0000 0.0000 0.0000
v 0.0000 -50.0000 50.0000
v -50.0000 35.3553 0.0000
v -56.5000 -0.0000 70.7107
v 0.0000 0.0000 1.0000
v 1.0000 1.0000 0.0000
v -45.0000 -25.0000 -30.0000
v 20.5000 0.0000 0.0000
v 1.0000 1.0000 1.0000
v 0.0000 50.0000 50.0000
v 35.3553 50.0000 -35.3553
v 50.0000 -50.0000 0.0000
v -50.0000 50.0000 0.0000
v 50.0000 35.3553 0.0000
v 35.3553 50.0000 35.3553
v 0.0000 56.5000 -0.0000
v 70.7107 0.0000 0.0000
v 1.0000 1.0000 1.0000
v -2.9961 0.0000 0.0000
v -0.0000 50.9042 0.0000
v 180.0792 0.0000 0.0000
v 1.0000 1.0000 1.0000
v 0.0000 -59.9561 -0.0000
v 59.8569 56.7008 0.0000
v 0.0000 1.0000 1.0000
v 1.0000 0.0000 0.0000
v 0.0000 -33.4561 -0.0000
v 33.3569 94.1774 0.0000
v 0.0000 1.0000 1.0000
v 1.0000 0.0000 0.0000
v 0.0000 -45.0000 56.5000
v -57.5000 56.5000 -91.6506
v 56.5000 -48.3493 0.0000
v -95.0000 56.5000 -70.0000
v 56.5000 -48.3493 0.0000
v -70.0000 59.7500 -70.0000
v 33.0719 0.0000 0.0000
v 1.0000 1.0000 1.0000
v 0.0000 50.9042 -26.1267
v 155.8825 0.0000 0.0000
v 1.0000 1.0000 1.0000
v -0.0000 50.9042 56.9744
v 155.8195 0.0000 0.0000
v 1.0000 1.0000 1.0000
v 70.0000 105.0000 -70.0000
v 55.8659 0.0000 0.0000
v 1.0000 1.0000 1.0000
v 0.0000 -0.0000 50.9042
v 0.0000 180.0792 0.0000
v 0.0000 1.0000 1.0000
v 1.0000 0.0000 0.0000
v 3.0118 -2.9961 0.0000
v 50.9042 -0.0000 180.0793
v 0.0000 0.0000 1.0000
v 1.0000 1.0000 0.0000
v 0.7529 1.0000 0.0000
v 0.0000 0.0000 70.0000
v -105.0000 -70.0000 55.8659
v 0.0000 0.0000 1.0000
v 1.0000 1.0000 0.0000
v 2.0000 0.9922 0.0000
v -31.5000 100.3852 0.0000
v 0.0000 1.0000 1.0000
v 1.0000 0.0000 0.0000
v 0.0000 -0.0000 59.8569
v 107.7565 0.0000 0.0000
v 1.0000 1.0000 1.0000
v 2.6784 1.0000 0.0000
v 0.0000 0.0000 70.0000
v -26.7500 -70.0000 36.3791
v 0.0000 0.0000 1.0000
v 1.0000 1.0000 0.0000
v -0.0000 51.0675 0.0000
v 179.8959 0.0000 0.0000
v 1.0000 1.0000 1.0000
v -0.0000 51.0675 -0.0000
v 179.8959 0.0000 0.0000
v 1.0000 1.0000 1.0000
v 13.3843 0.3804 0.0000
v 70.0000 26.7500 -70.0000
v 36.3791 0.0000 0.0000
v 1.0000 1.0000 1.0000
v 51.0675 -0.0000 179.8959
v 0.0000 0.0000 1.0000
v 1.0000 1.0000 0.0000
v 0.0000 141.4213 0.0000
v 0.0000 1.0000 1.0000
v 1.0000 0.0000 0.0000
v 1.0039 1.0000 0.0000
v 51.3339 0.1516 183.1736
v 0.0000 0.0000 1.0000
v 1.0000 1.0000 0.0000
v 3.5490 0.6392 0.0000
v 0.0000 -117.5000 -40.0000
v 0.0000 56.5685 0.0000
v 0.0000 1.0000 1.0000
v 1.0000 0.0000 0.0000
v 0.0551 7.7342 -0.0061
v 180.3303 0.0000 0.0000
v 0.1203 43.3333 0.0592
v 0.9212 1.0000 1.2925
v 0.0000 0.1575 51.0675
v -0.0214 194.8091 0.0000
v 0.0000 1.0000 1.0000
v 1.0000 0.0000 0.0000
v 0.0111 0.0000 0.2500
v 180.8218 0.0000 0.0000
v 0.0000 0.0000 -0.0728
v 1.0000 1.0000 1.0000
v -40.0000 117.5000 43.6606
v 0.0000 0.0000 1.0000
v 1.0000 1.0000 0.0000
v 1.0000 0.0000 0.0000
v -0.0000 42.0000 0.0000
v 114.7112 0.0000 0.0000
v 1.0000 1.0000 1.0000
v 42.0000 -0.0000 114.7112
v 0.0000 0.0000 1.0000
v 1.0000 1.0000 0.0000
v 1.0039 -4.6863 0.0000
v 0.0000 60.0000 122.5000
v 86.6386 0.0000 0.0000
v 1.0000 1.0000 1.0000
v 1.0039 0.0000 0.0000
v -0.0000 82.4500 0.0000
v 28.9776 0.0000 0.0000
v 1.0000 1.0000 1.0000
v 0.0000 0.0000 12.9600
v 61.0000 0.0000 1.2500
v 6.4800 61.0000 -11.2237
v 1.2500 -6.4800 61.0000
v -11.2237 1.2500 -12.9600
v 61.0000 0.0000 1.2500
v -6.4800 61.0000 11.2237
v 1.2500 6.4800 61.0000
v 11.2237 1.2500 -59.4864
v 30.0000 0.0000 0.0000
v -29.7432 30.0000 -51.5167
v 0.0000 -29.7432 30.0000
v 51.5167 0.0000 29.7432
v 30.0000 51.5167 0.0000
v 59.4864 30.0000 0.0000
v 0.0000 29.7432 30.0000
v -51.5167 0.0000 0.0000
v 0.0000 -0.0000 45.5000
v 0.0000 78.6931 0.0000
v 0.0000 1.0000 1.0000
v 1.0000 0.0000 0.0000
v 0.0000 -35.0000 0.0000
v 73.0000 0.0000 -35.0000
v 0.0000 185.0000 0.0000
v 35.0000 0.0000 73.0000
v 0.0000 35.0000 0.0000
v 185.0000 0.0000 0.0000
v -0.0000 54.0000 0.0000
v -28.0000 3.0000 185.0000
v -0.0000 28.0000 3.0000
v 185.0000 -0.0000 20.0000
v 0.0000 60.0000 0.0000
v -20.0000 0.0000 60.0000
v 0.0000 0.0000 3.0000
v 62.0000 -0.0000 17.0000
v 3.0000 66.0000 -0.0000
v -17.0000 3.0000 66.0000
v -0.0000 -28.0000 3.0000
v 77.0000 -0.0000 28.0000
v 3.0000 77.0000 -0.0000
v -27.0000 9.0000 78.0000
v -0.0000 -27.0000 9.0000
v 162.0000 -0.0000 27.0000
v 9.0000 78.0000 -0.0000
v 27.0000 9.0000 162.0000
v -0.0000 -0.0000 9.0000
v 65.0000 -0.0000 17.0000
v 9.0000 69.0000 -0.0000
v -17.0000 9.0000 69.0000
v -0.0000 -27.0000 91.0000
v 78.0000 -0.0000 -27.0000
v 91.0000 162.0000 -0.0000
v 27.0000 91.0000 78.0000
v -0.0000 27.0000 91.0000
v 162.0000 -0.0000 0.0000
v 91.0000 65.0000 -0.0000
v 17.0000 91.0000 69.0000
v -0.0000 -17.0000 91.0000
v 69.0000 -0.0000 0.0000
v 0.0000 0.0000 45.5000
v 119.5000 79.7527 0.0000
v 0.0000 1.0000 1.0000
v 1.0000 0.0000 0.0000
v 1.0039 0.1059 0.0000
v 60.0000 0.0000 39.6863
v 0.0000 0.0000 1.0000
v 1.0000 1.0000 0.0000
v 0.0000 0.0000 38.5994
v 38.5994 125.0000 -19.2715
v 2.0735 66.5885 1.4145
v 2.0735 66.5885 1.4145
v -21.7441 125.0000 -20.0155
v -13.7351 87.6855 -9.5581
v -13.7351 87.6855 -9.5581
v 7.2801 96.2062 9.9218
v 7.2801 96.2062 9.9218
v -19.5698 125.0000 9.2475
v 15.7019 125.0000 -42.5478
v 31.9182 97.7616 -27.0325
v 31.9182 97.7616 -27.0325
v 32.2111 125.0000 13.8569
v -14.1880 105.9734 -15.3344
v -14.1880 105.9734 -15.3344
v -13.5566 78.7747 -3.2826
v 13.4301 76.5627 5.4541
v 13.4301 76.5627 5.4541
v -2.4103 109.1226 17.8256
v -2.4103 109.1226 17.8256
v -16.0062 125.0000 18.8335
v -21.9772 125.0000 -2.2584
v -5.8362 125.0000 -42.8481
v 30.5873 125.0000 -36.3718
v 34.8396 112.2478 -22.2354
v 34.8396 112.2478 -22.2354
v 31.9243 84.6025 -13.6036
v 37.5786 125.0000 -0.2370
v 15.1289 125.0000 29.8913
v -18.4528 101.8340 -1.4919
v -18.4528 101.8340 -1.4919
v -16.3249 88.2073 3.7140
v -16.3249 88.2073 3.7140
v -16.3249 88.2073 3.7140
v -9.1846 106.2683 7.7422
v -9.1846 106.2683 7.7422
v 13.8664 93.7081 -25.3255
v 13.8664 93.7081 -25.3255
v 4.7865 107.8719 -21.0187
v 4.7865 107.8719 -21.0187
v 27.3571 104.3431 -38.2306
v 27.3571 104.3431 -38.2306
v 33.0084 109.9877 -3.4457
v 33.0084 109.9877 -3.4457
v 22.8154 108.0254 17.5354
v 22.8154 108.0254 17.5354
v 26.2130 94.5691 -3.8263
v 26.2130 94.5691 -3.8263
v 0.0000 0.0000 8.3111
v 95.7942 -6.4784 48.7430
v 0.0000 0.0000 1.0000
v 1.0000 1.0000 0.0000
v 0.0000 150.0000 60.0000
v 122.5000 86.6386 0.0000
v 0.0000 1.0000 1.0000
v 1.0000 0.0000 0.0000
v -110.1898 2.4801 49.7317
v -107.2216 14.3331 52.0975
v -98.0043 5.3670 51.4699
v -107.8015 9.0116 57.9684
v -109.2363 3.6356 56.0800
v -104.0970 8.4066 52.2165
v 8.8554 0.0000 0.0000
v 1.0000 1.0000 1.0000
v 0.0000 0.0000 -62.0708
v -62.0708 14.2892 99.5804
v -53.3368 19.3556 91.9718
v -53.3368 19.3556 91.9718
v -55.8428 22.0554 103.7162
v -64.9076 18.8224 97.0061
v 0.0000 0.0000 -59.1222
v 20.4780 97.8440 8.3195
v 0.0000 0.0000 1.0000
v 1.0000 1.0000 0.0000
v -4.6863 0.0000 0.0000
v 0.0000 0.0000 -150.0000
v 60.0000 122.5000 86.6386
v 0.0000 0.0000 1.0000
v 1.0000 1.0000 0.0000
v 0.0000 53.5381 25.3762
v 55.0662 36.5425 114.9907
v 53.4646 35.5847 102.2525
v 53.4646 35.5847 102.2525
v 59.6492 27.6011 109.2111
v 50.0329 29.1996 112.5950
v 0.0000 55.5849 30.9594
v 108.6216 8.4856 0.0000
v 0.0000 1.0000 1.0000
v 1.0000 0.0000 0.0000
v 95.7274 12.0972 69.0879
v 98.6427 24.1953 69.2754
v 88.9669 19.9955 61.8940
v 101.1703 19.4693 63.4105
v 99.3969 13.8991 64.0053
v 95.0686 18.1463 67.2991
v 8.3585 0.0000 0.0000
v 1.0000 1.0000 1.0000
v 0.0000 0.0000 115.0000
v 0.0000 73.0000 0.0000
v 115.0000 0.0000 185.0000
v 0.0000 185.0000 0.0000
v 73.0000 0.0000 185.0000
v 0.0000 185.0000 0.0000
v 150.0000 -0.0000 54.0000
v 0.0000 122.0000 3.0000
v 185.0000 -0.0000 178.0000
v 3.0000 185.0000 -0.0000
v 170.0000 0.0000 60.0000
v 0.0000 130.0000 0.0000
v 60.0000 0.0000 150.0000
v 3.0000 62.0000 -0.0000
v 167.0000 3.0000 66.0000
v -0.0000 133.0000 3.0000
v 66.0000 -0.0000 122.0000
v 3.0000 77.0000 -0.0000
v 178.0000 3.0000 77.0000
v -0.0000 123.0000 9.0000
v 78.0000 -0.0000 123.0000
v 9.0000 162.0000 -0.0000
v 177.0000 9.0000 78.0000
v -0.0000 177.0000 9.0000
v 162.0000 -0.0000 150.0000
v 9.0000 65.0000 -0.0000
v 167.0000 9.0000 69.0000
v -0.0000 133.0000 9.0000
v 69.0000 -0.0000 123.0000
v 91.0000 78.0000 -0.0000
v 123.0000 91.0000 162.0000
v -0.0000 177.0000 91.0000
v 78.0000 -0.0000 177.0000
v 91.0000 162.0000 -0.0000
v 150.0000 91.0000 65.0000
v -0.0000 167.0000 91.0000
v 69.0000 -0.0000 133.0000
v 91.0000 69.0000 -0.0000
v 0.0000 0.0000 150.0000
v 45.5000 119.5000 79.7527
v 0.0000 0.0000 1.0000
v 1.0000 1.0000 0.0000
v 105.6612 26.2736 59.0624
v 105.7084 38.3766 56.1616
v 97.1294 30.4644 50.7265
v 109.1505 33.0185 51.4114
v 108.7218 27.5202 53.4389
v 103.1399 32.3251 56.1480
v 8.3055 0.0000 0.0000
v 1.0000 1.0000 1.0000
v 0.0000 0.0000 104.8867
v 104.8867 -1.4038 51.6804
v 97.7409 5.9306 44.2653
v 97.7409 5.9306 44.2653
v 110.0125 5.3332 45.0062
v 104.0412 3.4866 54.9351
v 0.0000 0.0000 103.8767
v 4.6032 49.6002 8.2384
v 0.0000 0.0000 1.0000
v 1.0000 1.0000 0.0000
v 0.0000 -185.0000 0.0000
v 73.0000 0.0000 -185.0000
v 0.0000 185.0000 0.0000
v -115.0000 0.0000 73.0000
v 0.0000 -115.0000 0.0000
v 185.0000 0.0000 -150.0000
v -0.0000 54.0000 0.0000
v -178.0000 3.0000 185.0000
v -0.0000 -122.0000 3.0000
v 185.0000 -0.0000 -130.0000
v 0.0000 60.0000 0.0000
v -170.0000 0.0000 60.0000
v 0.0000 -150.0000 3.0000
v 62.0000 -0.0000 -133.0000
v 3.0000 66.0000 -0.0000
v -167.0000 3.0000 66.0000
v -0.0000 -178.0000 3.0000
v 77.0000 -0.0000 -122.0000
v 3.0000 77.0000 -0.0000
v -177.0000 9.0000 78.0000
v -0.0000 -177.0000 9.0000
v 162.0000 -0.0000 -123.0000
v 9.0000 78.0000 -0.0000
v -123.0000 9.0000 162.0000
v -0.0000 -150.0000 9.0000
v 65.0000 -0.0000 -133.0000
v 9.0000 69.0000 -0.0000
v -167.0000 9.0000 69.0000
v -0.0000 -177.0000 91.0000
v 78.0000 -0.0000 -177.0000
v 91.0000 162.0000 -0.0000
v -123.0000 91.0000 78.0000
v -0.0000 -123.0000 91.0000
v 162.0000 -0.0000 -150.0000
v 91.0000 65.0000 -0.0000
v -133.0000 91.0000 69.0000
v -0.0000 -167.0000 91.0000
v 69.0000 -0.0000 0.0000
v 0.0000 -150.0000 45.5000
v 119.5000 79.7527 0.0000
v 0.0000 1.0000 1.0000
v 1.0000 0.0000 0.0000
v 0.0000 0.0000 81.8624
v 81.8624 70.6317 69.7024
v 66.5053 57.4549 40.9756
v 99.2042 75.0935 40.6261
v 82.9510 65.6780 38.9004
v 82.9510 65.6780 38.9004
v 70.1699 73.0896 44.2118
v 70.1699 73.0896 44.2118
v 88.8571 82.3418 41.3006
v 94.2326 71.1162 53.5014
v 75.2896 63.7342 55.8772
v 75.2896 63.7342 55.8772
v 72.7915 83.1389 59.9417
v 0.0000 82.8548 73.1776
v 54.3014 26.3074 0.0000
v 0.0000 1.0000 1.0000
v 1.0000 0.0000 0.0000
v 0.0000 0.0000 -107.3389
v -107.3389 12.7313 65.1264
v -82.7181 29.8538 46.8145
v -92.8571 39.0566 81.3538
v -86.2419 35.7129 64.0086
v -86.2419 35.7129 64.0086
v -96.9386 35.6516 52.5162
v -96.9386 35.6516 52.5162
v -100.5642 42.7209 72.0141
v -97.2630 26.2356 76.6085
v -94.9237 20.6469 57.0567
v -94.9237 20.6469 57.0567
v -113.5158 27.9702 57.1512
v 0.0000 -98.1169 28.5713
v 64.0841 23.1735 0.0000
v 0.0000 1.0000 1.0000
v 1.0000 0.0000 0.0000
v 1.0039 0.0000 0.0000
v 0.0000 -0.0000 29.9000
v 0.0000 30.2914 0.0000
v 0.0000 1.0000 1.0000
v 1.0000 0.0000 0.0000
v 46.9965 88.9968 73.8398
v 13.6709 104.4679 53.8133
v 37.0523 68.2219 40.6990
v 47.5665 105.4610 41.2736
v 40.1070 85.1062 41.5607
v 40.1070 85.1062 41.5607
v 27.1413 83.4298 48.7846
v 27.1413 83.4298 48.7846
v 25.0352 106.4964 46.2737
v 61.8212 96.8716 53.7185
v 53.2993 77.0338 60.6092
v 53.2993 77.0338 60.6092
v 24.6854 91.4484 75.9851
v 40.2649 96.9145 42.4582
v 40.2649 96.9145 42.4582
v 38.5056 75.0253 40.0619
v 38.5056 75.0253 40.0619
v 32.3934 73.1825 43.0791
v 22.0533 91.4362 51.8286
v 22.0533 91.4362 51.8286
v 18.7882 105.0349 51.0996
v 34.9399 106.2786 43.6086
v 52.5794 103.1191 44.3149
v 55.8793 90.9186 67.2850
v 49.7525 85.9963 68.6795
v 49.7525 85.9963 68.6795
v 43.8209 72.6057 51.0342
v 43.8209 72.6057 51.0342
v 33.1930 89.7476 76.6738
v 17.8186 98.1004 65.0439
v 31.9179 94.1747 39.7770
v 31.9179 94.1747 39.7770
v 32.2255 82.5533 40.0665
v 32.2255 82.5533 40.0665
v 27.3321 92.9446 46.6865
v 27.3321 92.9446 46.6865
v 50.4064 80.0705 50.2475
v 50.4064 80.0705 50.2475
v 51.2452 91.6790 49.0254
v 51.2452 91.6790 49.0254
v 58.7332 85.2691 60.8896
v 58.7332 85.2691 60.8896
v 38.6784 83.0945 68.2567
v 38.6784 83.0945 68.2567
v 25.3042 82.7865 63.9421
v 25.3042 82.7865 63.9421
v 36.6090 74.6149 59.2919
v 36.6090 74.6149 59.2919
v 37.7460 87.3591 58.2254
v 29.8628 0.0000 0.0000
v 1.0000 1.0000 1.0000
v 0.0000 79.0546 -25.7486
v 78.4027 -60.3541 43.7455
v 36.3823 -7.9875 44.3115
v 39.8060 -76.2880 73.3827
v 34.9237 -42.8836 56.5453
v 34.9237 -42.8836 56.5453
v 60.7150 -29.9257 44.1801
v 60.7150 -29.9257 44.1801
v 58.2744 -69.8547 57.3281
v 52.4054 -55.3409 88.4727
v 57.1455 -17.6926 73.1090
v 57.1455 -17.6926 73.1090
v 92.1724 -34.8359 64.3664
v 63.5481 -42.1377 70.4973
v 50.8912 0.0000 0.0000
v 1.0000 1.0000 1.0000
v 1.0000 0.0000 0.0000
v 0.0000 0.0000 -20.0000
v 2.0000 25.0000 2.8284
v 0.0000 0.0000 1.0000
v 1.0000 1.0000 0.0000
v 87.9021 -71.8197 -7.8711
v 60.2550 -47.9518 -60.0875
v 39.0095 -21.6740 -2.0669
v 30.4769 -51.7316 -21.8979
v 30.4769 -51.7316 -21.8979
v 53.9979 -32.2563 -29.2099
v 53.9979 -32.2563 -29.2099
v 43.2825 -66.0132 -51.9870
v 51.9891 -83.6023 -23.1790
v 63.3879 -49.1642 -4.2055
v 63.3879 -49.1642 -4.2055
v 86.8919 -49.1557 -36.5285
v 0.0000 0.0000 58.7080
v -52.9437 -31.0772 46.9833
v 0.0000 0.0000 1.0000
v 1.0000 1.0000 0.0000
v -38.9308 -87.0517 7.7884
v -42.3169 -80.6586 -55.5223
v -18.0266 -27.3173 -22.7661
v -51.8672 -39.8476 -30.9720
v -51.8672 -39.8476 -30.9720
v -25.5285 -55.8097 -37.0938
v -25.5285 -55.8097 -37.0938
v -64.1753 -69.1930 -47.1172
v -69.1991 -68.8844 -12.6245
v -30.4239 -57.5985 -5.9153
v -30.4239 -57.5985 -5.9153
v -25.8786 -91.8415 -26.0143
v 0.0000 0.0000 -51.0397
v -59.5794 -23.8670 46.1727
v 0.0000 0.0000 1.0000
v 1.0000 1.0000 0.0000
v -20.0000 2.0000 -25.0000
v 2.8284 0.0000 0.0000
v 1.0000 1.0000 1.0000
v 0.0000 59.7315 15.9141
v 63.1627 4.5082 -95.6962
v 58.3489 12.8218 -87.1256
v 58.3489 12.8218 -87.1256
v 65.6333 15.8022 -96.5311
v 57.2862 10.5096 -99.4964
v 0.0000 62.6089 10.2112
v -93.3110 8.7604 0.0000
v 0.0000 1.0000 1.0000
v 1.0000 0.0000 0.0000
v -86.1469 -77.7298 60.1780
v -109.7455 -29.7918 25.4555
v -43.0750 -29.0919 33.3836
v -71.9540 -17.3203 53.3076
v -71.9540 -17.3203 53.3076
v -74.8068 -33.8539 26.7653
v -74.8068 -33.8539 26.7653
v -107.3448 -19.4025 49.2504
v -94.7135 -40.3614 74.0748
v -65.1604 -53.9229 49.2030
v -65.1604 -53.9229 49.2030
v -98.2588 -63.2951 28.8592
v 0.0000 0.0000 -76.4102
v -45.3847 49.7652 48.4192
v 0.0000 0.0000 1.0000
v 1.0000 1.0000 0.0000
v 0.0000 20.0000 2.0000
v -25.0000 2.8284 0.0000
v 0.0000 1.0000 1.0000
v 1.0000 0.0000 0.0000
v 0.0000 0.0000 39.2312
v 39.2312 60.2473 -105.4969
v 36.9350 52.5875 -95.7043
v 36.9350 52.5875 -95.7043
v 47.7651 56.2856 -100.2354
v 39.0440 54.8464 -107.9502
v 0.0000 0.0000 42.3501
v 55.3118 -101.8273 8.6160
v 0.0000 0.0000 1.0000
v 1.0000 1.0000 0.0000
v 0.0000 -11.8417 60.1972
v -2.3693 52.5363 -116.6623
v -5.7345 54.8101 -104.4455
v -5.7345 54.8101 -104.4455
v -6.0200 63.0741 -113.5028
v -11.3278 54.5192 -115.7655
v 0.0000 -6.4563 57.8052
v -110.5539 9.0431 0.0000
v 0.0000 1.0000 1.0000
v 1.0000 0.0000 0.0000
v 20.0000 2.0000 25.0000
v 2.8284 0.0000 0.0000
v 1.0000 1.0000 1.0000
v 0.0000 -41.1604 14.2318
v -30.5646 8.5433 -114.9223
v -34.6231 8.2370 -102.7085
v -34.6231 8.2370 -102.7085
v -35.8616 17.7707 -110.3232
v -39.7437 9.0426 -114.2255
v 0.0000 -35.8238 13.0039
v -108.8154 9.2114 0.0000
v 0.0000 1.0000 1.0000
v 1.0000 0.0000 0.0000
v -92.5724 21.8288 -72.2548
v -85.3858 26.4443 -81.3074
v -80.4124 24.1210 -69.6622
v -88.4739 31.1767 -75.7227
v -91.7497 28.2831 -71.7956
v -86.4924 25.3731 -75.4848
v 8.5110 0.0000 0.0000
v 1.0000 1.0000 1.0000
v 0.2510 -0.2941 0.0000
v 0.0000 -45.0000 25.0000
v 39.5000 25.8940 0.0000
v 0.0000 1.0000 1.0000
v 1.0000 0.0000 0.0000
v 0.0000 -83.6166 87.6481
v -79.0349 93.7434 -55.4792
v -72.2506 84.2601 -50.0218
v -72.2506 84.2601 -50.0218
v -79.3159 92.2639 -43.9863
v -84.3981 87.3755 -51.5198
v 0.0000 -78.3244 89.9122
v -49.7328 8.3019 0.0000
v 0.0000 1.0000 1.0000
v 1.0000 0.0000 0.0000
v 65.8441 34.7524 67.7252
v -0.0000 0.4039 1.0000
v 61.1545 41.5205 79.2308
v -0.0000 1.9098 0.5843
v 74.7607 35.2231 78.1150
v -0.0000 0.2784 0.2235
v 70.3519 56.5335 63.1085
v -0.0000 1.0000 0.1569
v 63.0038 38.0241 72.8689
v -0.0000 0.1608 0.8392
v 68.5231 33.2768 72.3839
v -0.0000 0.3059 0.7725
v 67.8931 46.5509 64.5990
v -0.0000 0.8392 0.5843
v 65.2543 34.7056 79.9038
v -0.0000 0.1020 0.6196
v 63.9007 53.8298 68.6636
v -0.0000 1.1843 0.3686
v 78.1427 44.4319 64.8086
v -0.0000 0.6627 0.1804
v 65.2543 34.7056 79.9038
v -0.0000 2.1098 0.6196
v 63.0038 38.0241 72.8689
v -0.0000 2.1686 0.8392
v 63.0038 38.0241 72.8689
v -0.0000 2.1686 0.8392
v 63.0038 38.0241 72.8689
v -0.0000 2.1686 0.8392
v 78.1215 55.0045 82.6959
v 28.0179 0.0000 0.0000
v 1.0000 1.0000 1.0000
v 0.2510 -0.2941 0.0000
v 0.0000 0.0000 -45.0000
v 25.0000 -10.5000 25.8940
v 0.0000 0.0000 1.0000
v 1.0000 1.0000 0.0000
v 0.1961 -1.0039 -37.8165
v 39.1297 77.4566 -0.0000
v 1.7490 -1.0039 -49.4188
v 31.9612 81.2219 -0.0000
v 1.9098 0.5843 -39.9535
v 38.3985 90.9686 -0.0000
v 1.3569 -1.0039 -54.2648
v 54.7190 75.8825 -0.0000
v 1.8039 0.1255 -43.4102
v 35.5672 78.5740 -0.0000
v 0.1608 0.8392 -37.6096
v 37.2091 82.6841 -0.0000
v 0.9686 -0.5294 -46.5864
v 47.7217 75.8940 -0.0000
v 1.9961 0.1961 -42.5831
v 31.0437 85.2388 -0.0000
v 2.1333 -0.0353 -55.6197
v 45.9236 75.1124 -0.0000
v 0.4902 -0.3216 -42.1904
v 53.0924 83.7309 -0.0000
v 0.6627 0.1804 -42.5831
v 31.0437 85.2388 -0.0000
v 2.1098 0.6196 -43.4102
v 35.5672 78.5740 -0.0000
v 0.1255 -0.0353 -43.4102
v 35.5672 78.5740 -0.0000
v 2.1686 0.8392 -43.4102
v 35.5672 78.5740 -0.0000
v 2.1686 0.8392 0.0000
v 0.0000 0.0000 -57.5804
v 47.3740 93.7047 26.8809
v 0.0000 0.0000 1.0000
v 1.0000 1.0000 0.0000
v -1.0039 -44.2926 38.4315
v -83.7628 -0.0000 0.4039
v -1.0039 -39.8385 29.8538
v -94.0954 -0.0000 1.9098
v 0.5843 -53.4081 36.3183
v -93.7688 -0.0000 0.2784
v -1.0039 -32.7587 52.4017
v -97.4688 -0.0000 1.0000
v 0.1255 -41.6038 34.2514
v -88.2934 -0.0000 0.1608
v 0.8392 -48.4639 36.0924
v -86.6242 -0.0000 0.3059
v -0.5294 -37.5839 46.2208
v -90.6546 -0.0000 0.8392
v 0.1961 -47.2671 29.2677
v -91.2358 -0.0000 0.1020
v -0.0353 -31.2589 43.6164
v -96.8719 -0.0000 1.1843
v -0.3216 -46.4638 51.2950
v -92.8883 -0.0000 0.6627
v 0.1804 -47.2671 29.2677
v -91.2358 -0.0000 2.1098
v 0.6196 -41.6038 34.2514
v -88.2934 -0.0000 2.1686
v -0.0353 -41.6038 34.2514
v -88.2934 -0.0000 2.1686
v 0.8392 -41.6038 34.2514
v -88.2934 -0.0000 2.1686
v 0.8392 0.0000 0.0000
v 0.0000 -46.5055 42.6468
v -102.9812 29.9076 0.0000
v 0.0000 1.0000 1.0000
v 1.0000 0.0000 0.0000
v 0.0000 0.0000 -45.0000
v 25.0000 -50.0000 15.6605
v 0.0000 0.0000 1.0000
v 1.0000 1.0000 0.0000
v 0.1961 -1.0039 19.5675
v 65.0340 -78.3600 -0.0000
v 1.7490 -1.0039 27.1870
v 60.0649 -89.1964 -0.0000
v 1.9098 0.5843 14.0037
v 67.1333 -90.7015 -0.0000
v 1.3569 -1.0039 34.3711
v 81.7882 -82.3849 -0.0000
v 1.8039 0.1255 23.6197
v 62.4016 -83.0376 -0.0000
v 0.1608 0.8392 16.5323
v 64.1327 -82.9463 -0.0000
v 0.9686 -0.5294 27.8566
v 74.1025 -79.8530 -0.0000
v 1.9961 0.1961 19.2579
v 59.1657 -89.0434 -0.0000
v 2.1333 -0.0353 35.8443
v 73.2164 -84.4197 -0.0000
v 0.4902 -0.3216 19.9554
v 80.3375 -82.7313 -0.0000
v 0.6627 0.1804 19.2579
v 59.1657 -89.0434 -0.0000
v 2.1098 0.6196 23.6197
v 62.4016 -83.0376 -0.0000
v 0.1255 -0.0353 23.6197
v 62.4016 -83.0376 -0.0000
v 2.1686 0.8392 23.6197
v 62.4016 -83.0376 -0.0000
v 2.1686 0.8392 0.0000
v 0.0000 0.0000 27.1038
v 77.5106 -97.1977 26.4223
v 0.0000 0.0000 1.0000
v 1.0000 1.0000 0.0000
v -1.0039 74.0794 25.6806
v -59.8060 -0.0000 0.4039
v -1.0039 82.7524 14.9525
v -62.9465 -0.0000 1.9098
v 0.5843 75.2391 22.9939
v -73.1893 -0.0000 0.2784
v -1.0039 94.5493 35.5235
v -60.1937 -0.0000 1.0000
v 0.1255 78.2621 20.4767
v -60.6148 -0.0000 0.1608
v 0.8392 73.0461 23.4098
v -64.7894 -0.0000 0.3059
v -0.5294 85.1137 31.2652
v -59.3243 -0.0000 0.8392
v 0.1961 75.7769 15.7915
v -66.7337 -0.0000 0.1020
v -0.0353 93.1971 26.8598
v -58.4909 -0.0000 1.1843
v -0.3216 82.1899 36.9255
v -67.6309 -0.0000 0.6627
v 0.1804 75.7769 15.7915
v -66.7337 -0.0000 2.1098
v 0.6196 78.2621 20.4767
v -60.6148 -0.0000 2.1686
v -0.0353 78.2621 20.4767
v -60.6148 -0.0000 2.1686
v 0.8392 78.2621 20.4767
v -60.6148 -0.0000 2.1686
v 0.8392 0.0000 0.0000
v 0.0000 93.9074 24.0902
v -76.3734 26.5436 0.0000
v 0.0000 1.0000 1.0000
v 1.0000 0.0000 0.0000
v 0.0000 45.0000 25.0000
v 50.0000 15.6605 0.0000
v 0.0000 1.0000 1.0000
v 1.0000 0.0000 0.0000
v 0.0000 86.8938 64.1173
v 88.2020 36.4865 94.8692
v 65.9983 35.0173 67.9307
v 65.9983 35.0173 67.9307
v 61.4007 41.6526 79.2107
v 61.4007 41.6526 79.2107
v 74.7401 35.4788 78.1168
v 74.7401 35.4788 78.1168
v 76.7279 45.2095 101.2475
v 68.4377 73.6171 82.0126
v 70.4178 56.3713 63.4046
v 70.4178 56.3713 63.4046
v 94.8282 47.8181 73.5293
v 61.4259 47.0235 86.8164
v 61.4259 47.0235 86.8164
v 63.2137 38.2249 72.9736
v 63.2137 38.2249 72.9736
v 68.6249 33.5706 72.4981
v 79.6986 34.8603 84.1483
v 79.6986 34.8603 84.1483
v 84.0406 40.1042 96.6927
v 72.1574 50.4099 101.9267
v 65.5673 66.8297 93.2831
v 75.9373 76.2985 68.8015
v 78.7158 61.8841 66.2138
v 78.7158 61.8841 66.2138
v 68.0072 46.5844 64.8659
v 68.0072 46.5844 64.8659
v 91.3496 55.3302 70.2128
v 92.6989 43.1537 81.4902
v 65.9188 39.2277 86.9762
v 65.9188 39.2277 86.9762
v 65.4202 34.9714 79.8705
v 65.4202 34.9714 79.8705
v 73.0524 37.5817 85.8230
v 73.0524 37.5817 85.8230
v 64.0930 53.7207 68.8508
v 64.0930 53.7207 68.8508
v 62.7632 57.2788 77.5719
v 62.7632 57.2788 77.5719
v 67.5740 64.2134 67.1347
v 67.5740 64.2134 67.1347
v 83.9798 52.0064 67.2334
v 83.9798 52.0064 67.2334
v 87.4030 39.5589 72.2708
v 87.4030 39.5589 72.2708
v 78.0558 44.5070 65.0713
v 78.0558 44.5070 65.0713
v 78.0558 44.5070 65.0713
v 0.0000 78.1145 54.9345
v 82.6656 27.5793 0.0000
v 0.0000 1.0000 1.0000
v 1.0000 0.0000 0.0000
v 0.0000 0.0000 -36.0644
v -36.0644 77.5241 101.0693
v -13.0265 72.5791 68.3036
v -13.0265 72.5791 68.3036
v -16.4669 87.4754 76.1404
v -16.4669 87.4754 76.1404
v -29.4722 83.6208 69.8867
v -29.4722 83.6208 69.8867
v -35.5963 105.7767 73.6832
v -14.4609 92.2028 103.1843
v -19.2093 71.7127 94.7432
v -19.2093 71.7127 94.7432
v -52.6530 79.9525 85.9922
v -20.3566 97.8678 80.2797
v -20.3566 97.8678 80.2797
v -13.5703 78.9723 71.0666
v -13.5703 78.9723 71.0666
v -19.1264 76.3540 67.5835
v -19.1264 76.3540 67.5835
v -37.1852 89.9223 70.1236
v -37.1852 89.9223 70.1236
v -42.6324 102.7746 71.2478
v -27.2627 106.1911 79.6525
v -15.5072 102.1777 92.5883
v -26.2336 81.5251 104.6622
v -29.7717 76.7617 99.3234
v -29.7717 76.7617 99.3234
v -17.2542 72.0355 80.7004
v -17.2542 72.0355 80.7004
v -47.1803 77.7135 92.3783
v -51.1926 90.8098 76.4477
v -23.0493 96.8634 71.5557
v -23.0493 96.8634 71.5557
v -19.7561 86.1348 68.5082
v -19.7561 86.1348 68.5082
v -30.5613 93.1425 71.6524
v -30.5613 93.1425 71.6524
v -14.5744 78.8472 87.4924
v -14.5744 78.8472 87.4924
v -16.4633 89.8895 90.8766
v -16.4633 89.8895 90.8766
v -18.2481 78.8466 101.4966
v -18.2481 78.8466 101.4966
v -35.7789 74.8188 89.7645
v -35.7789 74.8188 89.7645
v -41.2396 76.9385 76.9869
v -41.2396 76.9385 76.9869
v -28.3352 70.8439 80.5264
v -28.3352 70.8439 80.5264
v 0.0000 0.0000 -32.8398
v 88.5175 86.1229 31.0504
v 0.0000 0.0000 1.0000
v 1.0000 1.0000 0.0000
v 0.0000 45.0000 25.0000
v 10.5000 25.8940 0.0000
v 0.0000 1.0000 1.0000
v 1.0000 0.0000 0.0000
v 0.0000 0.0000 74.1953
v 74.1953 4.9776 99.6472
v 58.8177 18.4802 71.0832
v 90.8469 -0.3343 70.3116
v 74.6298 9.1660 68.7158
v 74.6298 9.1660 68.7158
v 73.4711 22.2008 77.3904
v 73.4711 22.2008 77.3904
v 91.4337 11.7073 74.1470
v 83.2085 -1.2270 82.4428
v 66.7555 10.5193 85.6524
v 66.7555 10.5193 85.6524
v 81.2422 21.0424 94.5240
v 0.0000 75.1257 11.1175
v 84.1815 23.8888 0.0000
v 0.0000 1.0000 1.0000
v 1.0000 0.0000 0.0000
v 0.0000 0.0000 -17.7585
v -17.7585 46.9926 128.6496
v -9.2057 35.4080 96.5975
v 15.3249 49.6244 120.6099
v 4.4277 41.9106 107.2853
v 4.4277 41.9106 107.2853
v -7.7759 50.5927 102.5745
v -7.7759 50.5927 102.5745
v 8.1002 57.8897 114.3215
v 2.4333 46.1921 125.9328
v -13.1076 40.7809 113.7601
v -13.1076 40.7809 113.7601
v -16.3225 60.3448 116.2545
v 0.0000 -1.2168 50.4711
v 112.6236 23.3999 0.0000
v 0.0000 1.0000 1.0000
v 1.0000 0.0000 0.0000
v 0.2510 -0.2941 0.0000
v 0.0000 45.0000 25.0000
v -39.5000 25.8940 0.0000
v 0.0000 1.0000 1.0000
v 1.0000 0.0000 0.0000
v 0.0000 0.0000 -33.0110
v -33.0110 7.4593 122.3652
v -17.0889 18.8224 93.1751
v 1.0674 8.8667 124.0246
v -6.3719 14.0386 107.4805
v -6.3719 14.0386 107.4805
v -16.9448 25.6299 108.0742
v -16.9448 25.6299 108.0742
v -4.2989 20.3235 124.0495
v -12.7771 5.1154 123.2725
v -24.9686 12.0152 108.3481
v -24.9686 12.0152 108.3481
v -28.4234 25.1373 123.0171
v 0.0000 -15.9718 18.0933
v 108.6123 24.7589 0.0000
v 0.0000 1.0000 1.0000
v 1.0000 0.0000 0.0000
v 0.0000 0.0000 -12.0285
v -12.0285 62.7013 109.4566
v -9.9653 67.7224 98.0386
v -9.9653 67.7224 98.0386
v -3.4296 69.1118 108.3755
v -15.0253 67.8218 109.6100
v 0.0000 0.0000 -9.2274
v 68.7285 103.8243 8.7118
v 0.0000 0.0000 1.0000
v 1.0000 1.0000 0.0000
v 0.7961 0.0000 0.0000
v -20.0000 63.4500 0.0000
v 25.4951 0.0000 0.0000
v 1.0000 1.0000 1.0000
v -70.5372 75.1698 70.1557
v -64.3364 84.5699 64.8560
v -62.3892 72.4845 60.8692
v -60.9399 80.0698 70.4536
v -64.4792 75.8392 72.4790
v -66.3498 78.5272 66.6741
v 9.2681 0.0000 0.0000
v 1.0000 1.0000 1.0000
v 0.0000 0.0000 -89.6634
v -89.6634 54.5909 74.6803
v -79.8573 54.1930 66.7102
v -79.8573 54.1930 66.7102
v -80.8734 60.2068 77.4013
v -90.6521 59.1457 71.0061
v 0.0000 0.0000 -85.2547
v 59.7180 72.4161 9.6029
v 0.0000 0.0000 1.0000
v 1.0000 1.0000 0.0000
v 0.7961 0.0000 0.0000
v 20.0000 63.4500 0.0000
v 25.4951 0.0000 0.0000
v 1.0000 1.0000 1.0000
v -77.7575 52.3462 -83.5270
v -58.5551 73.1637 -98.1232
v -45.2545 57.8578 -71.3669
v -56.0590 72.6520 -73.9700
v -56.0590 72.6520 -73.9700
v -51.7490 62.9337 -85.5232
v -51.7490 62.9337 -85.5232
v -63.6227 80.0953 -88.3128
v -74.8599 71.7389 -77.9365
v -62.6243 55.3619 -76.9086
v -62.6243 55.3619 -76.9086
v -65.8275 57.0025 -96.5644
v 0.0000 0.0000 -61.5060
v 68.7152 -84.7450 23.6848
v 0.0000 0.0000 1.0000
v 1.0000 1.0000 0.0000
v -80.7162 -1.4206 -103.2154
v -61.5476 19.4056 -117.8435
v -51.7910 10.2682 -87.0476
v -63.4816 22.8770 -93.8836
v -63.4816 22.8770 -93.8836
v -56.0936 12.2184 -102.7329
v -56.0936 12.2184 -102.7329
v -69.0526 26.9700 -110.3316
v -81.0232 18.8040 -100.6470
v -67.4731 4.6055 -94.8356
v -67.4731 4.6055 -94.8356
v -67.1776 2.8181 -114.7359
v 0.0000 0.0000 -66.4071
v 15.5598 -102.4455 22.2189
v 0.0000 0.0000 1.0000
v 1.0000 1.0000 0.0000
v 0.0000 67.0000 0.0000
v 50.9902 0.0000 0.0000
v 1.0000 1.0000 1.0000
v 0.0000 0.0000 25.7663
v 25.7663 26.5023 -121.3180
v 19.0232 35.8306 -88.1185
v 24.7391 60.1550 -115.6159
v 21.3235 49.3615 -100.5285
v 21.3235 49.3615 -100.5285
v 32.4731 38.9029 -96.9506
v 32.4731 38.9029 -96.9506
v 35.0111 54.6757 -110.6642
v 22.4038 46.5324 -119.5250
v 21.7240 31.3882 -105.7712
v 21.7240 31.3882 -105.7712
v 40.7682 30.7630 -111.7906
v 0.0000 31.9125 43.3286
v -104.7182 24.4224 0.0000
v 0.0000 1.0000 1.0000
v 1.0000 0.0000 0.0000
v 0.0000 0.0000 77.6927
v 77.6927 97.1557 9.9511
v 61.9605 72.8329 -9.9384
v 96.1912 85.7581 -16.3923
v 79.1680 77.8488 -14.5347
v 79.1680 77.8488 -14.5347
v 67.0091 87.7798 -14.3486
v 67.0091 87.7798 -14.3486
v 86.5687 93.1316 -20.0111
v 90.5028 88.8696 -3.5755
v 70.8822 84.9078 0.7035
v 70.8822 84.9078 0.7035
v 70.1354 103.9756 -5.2265
v 0.0000 79.0758 88.4043
v -5.8531 23.4966 0.0000
v 0.0000 1.0000 1.0000
v 1.0000 0.0000 0.0000
v 0.4078 0.2980 0.0000
v 0.0000 63.0000 0.0000
v 25.4951 0.0000 0.0000
v 1.0000 1.0000 1.0000
v -22.3450 113.9827 -34.3806
v -63.5575 107.8564 -38.2548
v -31.9457 77.2377 -48.0343
v -40.4097 110.5059 -65.9009
v -36.9868 92.2117 -54.7811
v -36.9868 92.2117 -54.7811
v -44.4278 91.4113 -41.8545
v -44.4278 91.4113 -41.8545
v -57.6990 108.3817 -50.7252
v -20.5692 113.5485 -60.5208
v -16.0490 98.8680 -43.8566
v -16.0490 98.8680 -43.8566
v -41.0656 111.5739 -22.0464
v -42.0367 102.3479 -58.2485
v -42.0367 102.3479 -58.2485
v -34.1238 82.8114 -51.6390
v -34.1238 82.8114 -51.6390
v -37.2730 81.3728 -45.4850
v -51.2985 98.2707 -39.6185
v -51.2985 98.2707 -39.6185
v -60.5308 108.1671 -43.2162
v -50.3650 109.2646 -57.8447
v -34.1940 111.4305 -65.2904
v -18.1431 114.3213 -44.7629
v -20.4180 109.5192 -38.8068
v -20.4180 109.5192 -38.8068
v -24.9712 87.8979 -44.9413
v -24.9712 87.8979 -44.9413
v -33.0677 112.6564 -25.3035
v -53.4443 109.5699 -29.3856
v -48.5087 96.6421 -55.0980
v -48.5087 96.6421 -55.0980
v -42.7667 87.3948 -51.0050
v -42.7667 87.3948 -51.0050
v -49.3883 98.1181 -46.8925
v -49.3883 98.1181 -46.8925
v -23.2966 95.2047 -51.5382
v -23.2966 95.2047 -51.5382
v -28.4042 104.2376 -56.9487
v -28.4042 104.2376 -56.9487
v -15.3196 107.0760 -49.2902
v -15.3196 107.0760 -49.2902
v -28.2963 104.1872 -32.4243
v -28.2963 104.1872 -32.4243
v -40.5665 98.3632 -28.8047
v -40.5665 98.3632 -28.8047
v -29.0572 92.0696 -35.4471
v -29.0572 92.0696 -35.4471
v -39.4386 95.7795 -43.9736
v 30.7505 0.0000 0.0000
v 1.0000 1.0000 1.0000
v 0.0000 -37.3417 40.8241
v -31.1210 50.9895 109.7376
v -27.9141 39.4508 105.0135
v -27.9141 39.4508 105.0135
v -31.6872 41.5826 116.4864
v -38.2747 45.1837 109.4071
v 0.0000 -33.0944 45.2201
v 110.7499 9.6451 0.0000
v 0.0000 1.0000 1.0000
v 1.0000 0.0000 0.0000
v -20.0000 64.1340 0.0000
v 50.0400 0.0000 0.0000
v 1.0000 1.0000 1.0000
v 0.0000 -58.2558 66.1943
v -44.0847 36.8563 112.0286
v -38.0915 39.2167 77.6869
v -38.0915 39.2167 77.6869
v -49.4663 32.1887 81.3784
v -49.4663 32.1887 81.3784
v -40.1866 38.4998 90.9340
v -40.1866 38.4998 90.9340
v -57.1793 29.5334 107.1979
v -77.1617 49.2824 85.8350
v -54.2173 54.5003 76.1436
v -54.2173 54.5003 76.1436
v -44.3139 59.6279 101.5832
v -57.1421 29.8245 86.0884
v -57.1421 29.8245 86.0884
v -43.5755 35.7240 78.7824
v -43.5755 35.7240 78.7824
v -37.8887 37.3338 82.8119
v -40.6898 37.5355 98.6906
v -40.6898 37.5355 98.6906
v -49.0499 34.7148 109.9095
v -63.2167 28.5713 103.8784
v -76.1682 37.2901 91.8788
v -72.5929 63.5648 82.2144
v -58.0912 60.4438 83.6806
v -58.0912 60.4438 83.6806
v -46.6895 47.6402 76.1549
v -46.6895 47.6402 76.1549
v -50.6005 62.9215 96.1831
v -43.7533 51.1515 105.7669
v -49.1390 29.0361 90.1276
v -49.1390 29.0361 90.1276
v -42.7646 31.2892 85.3166
v -42.7646 31.2892 85.3166
v -45.4303 33.5174 94.7201
v -45.4303 33.5174 94.7201
v -55.5456 45.8774 75.3887
v -55.5456 45.8774 75.3887
v -62.3802 41.1362 80.0035
v -62.3802 41.1362 80.0035
v -63.3324 53.8916 75.9339
v -63.3324 53.8916 75.9339
v -48.3719 58.6586 89.0348
v -48.3719 58.6586 89.0348
v -38.3719 52.0150 95.9556
v -38.3719 52.0150 95.9556
v -42.3796 52.9056 83.8382
v -42.3796 52.9056 83.8382
v -42.3796 52.9056 83.8382
v 0.0000 -57.5252 47.3828
v 93.7086 26.4774 0.0000
v 0.0000 1.0000 1.0000
v 1.0000 0.0000 0.0000
v 0.0000 0.0000 -41.1908
v -41.1908 62.1584 -110.8468
v -44.2977 38.4706 -84.1298
v -44.2977 38.4706 -84.1298
v -39.7220 23.9791 -121.1772
v -39.9310 30.0610 -94.2598
v -39.9310 30.0610 -94.2598
v -53.2345 36.3987 -93.9396
v -53.2345 36.3987 -93.9396
v -55.0484 24.4180 -116.0040
v -25.9688 43.8884 -120.5838
v -32.9900 52.1668 -97.5671
v -32.9900 52.1668 -97.5671
v -58.9894 56.0081 -106.5565
v -38.7163 26.5503 -102.7974
v -38.7163 26.5503 -102.7974
v -41.6616 34.3724 -88.5716
v -48.3872 36.1773 -86.9351
v -48.3872 36.1773 -86.9351
v -58.9217 34.7171 -99.0558
v -58.9217 34.7171 -99.0558
v -62.3156 30.1191 -112.1345
v -48.6549 23.1586 -118.4395
v -31.2164 31.5714 -122.0275
v -26.1270 58.8125 -116.6830
v -36.4130 57.0199 -106.0446
v -36.4130 57.0199 -106.0446
v -37.7206 46.1071 -90.8864
v -50.8488 59.1244 -108.4406
v -62.5407 47.2960 -107.6307
v -46.9006 26.2054 -99.0715
v -46.9006 26.2054 -99.0715
v -47.2138 29.4864 -91.4562
v -47.2138 29.4864 -91.4562
v -47.2138 29.4864 -91.4562
v -52.8272 30.6128 -99.6853
v -52.8272 30.6128 -99.6853
v -31.5196 43.5537 -96.9818
v -31.5196 43.5537 -96.9818
v -30.7502 37.7780 -104.5009
v -30.7502 37.7780 -104.5009
v -27.0626 50.6834 -104.3616
v -27.0626 50.6834 -104.3616
v -46.6958 55.7412 -101.6918
v -46.6958 55.7412 -101.6918
v -58.3443 49.5376 -97.4654
v -58.3443 49.5376 -97.4654
v -46.4263 51.0818 -93.0764
v -46.4263 51.0818 -93.0764
v 0.0000 0.0000 -46.5381
v 42.6585 -103.0787 29.3707
v 0.0000 0.0000 1.0000
v 1.0000 1.0000 0.0000
v 20.0000 64.1340 0.0000
v 50.0400 0.0000 0.0000
v 1.0000 1.0000 1.0000
v 0.0000 30.1799 96.1046
v 5.9998 70.1028 -110.4522
v 19.6737 65.1936 -78.6754
v 19.6737 65.1936 -78.6754
v 27.1439 60.3219 -89.2993
v 27.1439 60.3219 -89.2993
v 14.2190 67.2517 -90.7749
v 14.2190 67.2517 -90.7749
v 19.5459 63.5147 -115.0921
v 48.1182 80.9565 -103.9071
v 34.1871 81.6193 -82.6214
v 34.1871 81.6193 -82.6214
v 12.0876 90.3482 -97.0074
v 31.0001 59.7762 -97.7565
v 31.0001 59.7762 -97.7565
v 23.6465 62.6129 -83.2613
v 23.6465 62.6129 -83.2613
v 16.6981 64.3100 -83.1718
v 10.4129 67.8444 -97.5948
v 10.4129 67.8444 -97.5948
v 11.2985 68.1695 -111.8363
v 26.4082 62.6237 -115.8054
v 43.8845 70.2996 -110.9667
v 46.3881 93.6823 -95.3613
v 33.3934 89.2862 -89.5299
v 33.3934 89.2862 -89.5299
v 27.8003 74.0843 -80.1391
v 27.8003 74.0843 -80.1391
v 20.3307 93.2397 -95.2129
v 9.2619 82.8150 -102.0006
v 22.0805 58.8759 -96.9718
v 22.0805 58.8759 -96.9718
v 19.3702 59.4403 -89.1493
v 19.3702 59.4403 -89.1493
v 16.5126 63.7032 -97.7609
v 16.5126 63.7032 -97.7609
v 35.6314 73.2155 -84.6163
v 35.6314 73.2155 -84.6163
v 38.8113 70.2391 -93.0731
v 38.8113 70.2391 -93.0731
v 41.9435 82.0112 -87.4363
v 41.9435 82.0112 -87.4363
v 22.3093 87.4709 -89.1265
v 22.3093 87.4709 -89.1265
v 10.0916 81.1841 -90.9272
v 10.0916 81.1841 -90.9272
v 20.0541 80.1970 -82.9610
v 20.0541 80.1970 -82.9610
v 20.0541 80.1970 -82.9610
v 0.0000 27.0590 77.4903
v -97.2404 25.9348 0.0000
v 0.0000 1.0000 1.0000
v 1.0000 0.0000 0.0000
v 0.0000 0.0000 101.1633
v 101.1633 43.7623 -75.4790
v 74.3564 25.6555 -60.0487
v 74.3564 25.6555 -60.0487
v 101.6485 4.4809 -80.3028
v 82.8594 15.1377 -63.1276
v 82.8594 15.1377 -63.1276
v 75.4934 23.0214 -73.1696
v 75.4934 23.0214 -73.1696
v 88.1451 7.6956 -88.6201
v 114.1964 22.3444 -69.8468
v 94.4249 35.3053 -60.4287
v 94.4249 35.3053 -60.4287
v 85.3405 40.6896 -86.1196
v 89.2147 10.0711 -67.6699
v 89.2147 10.0711 -67.6699
v 78.4571 20.5536 -60.8416
v 73.3434 23.4291 -64.9343
v 73.3434 23.4291 -64.9343
v 75.3050 21.1865 -80.7818
v 75.3050 21.1865 -80.7818
v 81.8589 14.8334 -91.7543
v 93.7553 5.2547 -85.3091
v 109.3086 10.7045 -74.5320
v 114.3735 37.6242 -67.7337
v 99.5572 38.9910 -68.6272
v 99.5572 38.9910 -68.6272
v 85.1743 31.1306 -59.5764
v 92.5839 42.4049 -81.2081
v 82.0247 32.4274 -89.3458
v 81.1669 11.3896 -71.4752
v 81.1669 11.3896 -71.4752
v 76.0207 15.9602 -66.8405
v 76.0207 15.9602 -66.8405
v 76.0207 15.9602 -66.8405
v 78.7822 16.3176 -76.4708
v 78.7822 16.3176 -76.4708
v 93.0993 26.8115 -58.7594
v 93.0993 26.8115 -58.7594
v 97.9351 19.7642 -62.9351
v 97.9351 19.7642 -62.9351
v 102.9208 31.9435 -60.2946
v 102.9208 31.9435 -60.2946
v 89.5099 39.7645 -73.6043
v 89.5099 39.7645 -73.6043
v 77.6407 35.8722 -79.6051
v 77.6407 35.8722 -79.6051
v 82.3078 36.6799 -67.7201
v 82.3078 36.6799 -67.7201
v 0.0000 0.0000 93.8584
v 24.1216 -76.3883 26.0401
v 0.0000 0.0000 1.0000
v 1.0000 1.0000 0.0000
v 0.0000 0.0000 40.0000
v 50.0000 70.0000 0.0000
v 0.0000 1.0000 1.0000
v 1.0000 0.0000 0.0000
v 0.6706 0.0471 1.9066
v 65.3539 1.6380 -0.0000
v 1.5647 0.0471 -14.3763
v 87.0838 -9.6638 -0.0000
v 1.3882 -2.2314 7.2694
v 95.8601 10.4006 -0.0000
v 2.4431 0.7059 32.6467
v 97.4622 -27.6624 -0.0000
v 3.6745 0.0471 -14.8427
v 105.9204 -15.6133 -0.0000
v 1.5216 -0.9255 -14.1924
v 77.9057 -3.2000 -0.0000
v 1.2471 -2.8745 13.6039
v 75.6273 5.7989 -0.0000
v 0.3529 -3.2667 -2.7116
v 109.1641 18.5415 -0.0000
v 2.6980 0.0471 35.6557
v 112.3830 -22.7214 -0.0000
v 2.9255 -0.8627 32.6530
v 83.9083 -13.8307 -0.0000
v 0.2549 0.3765 -19.2355
v 101.6567 -1.3556 -0.0000
v 1.2039 -1.2078 -17.0438
v 87.6212 4.0065 -0.0000
v 1.1020 -2.2000 -9.6892
v 106.2241 8.1556 -0.0000
v 0.9098 -0.9882 14.0533
v 93.2871 -25.9042 -0.0000
v 2.3843 -1.9961 4.7011
v 107.8757 -21.4682 -0.0000
v 2.0863 -0.9333 27.9487
v 104.2412 -39.1964 -0.0000
v 2.6000 -1.3294 33.7696
v 110.0551 -3.3680 -0.0000
v 3.3412 -1.0431 23.2708
v 108.0339 18.2425 -0.0000
v 3.8863 -1.1451 26.7703
v 94.1739 -3.7600 -0.0000
v 3.3725 -2.0784 13.6039
v 75.6273 5.7989 -0.0000
v 4.1569 -3.2667 1.9066
v 65.3539 1.6380 -0.0000
v 4.7725 -3.8706 1.9066
v 65.3539 1.6380 -0.0000
v 4.7725 -3.8706 7.2694
v 95.8601 10.4006 -0.0000
v 4.2980 -1.8353 13.6039
v 75.6273 5.7989 -0.0000
v 4.1569 -3.2667 13.6039
v 75.6273 5.7989 -0.0000
v 4.0549 0.3765 23.2708
v 108.0339 18.2425 -0.0000
v 0.0863 -1.1451 0.0000
v 8.3314 95.1769 -6.4917
v 50.0506 0.0000 0.0000
v 1.0000 1.0000 1.0000
v 0.2549 0.9529 58.2008
v 12.8664 -86.7891 8.0000
v 1.2588 0.9529 0.0000
v 62.6328 10.1502 -93.2244
v 9.1144 0.0000 0.0000
v 1.0000 1.0000 1.0000
v -0.6039 0.0000 0.0000
v 40.0000 -50.0000 70.0000
v 0.0000 0.0000 1.0000
v 1.0000 1.0000 0.0000
v 36.7232 52.4591 -95.4290
v 8.0000 0.7255 0.0000
v 0.0000 42.3570 55.2935
v -101.7993 8.9641 0.0000
v 0.0000 1.0000 1.0000
v 1.0000 0.0000 0.0000
v 0.2549 0.9529 -5.7079
v 54.7000 -104.0930 8.0000
v 1.2588 0.9529 0.0000
v -6.4588 57.8160 -110.4481
v 9.4084 0.0000 0.0000
v 1.0000 1.0000 1.0000
v 1.0000 0.0000 0.0000
v 0.0000 20.0000 2.0000
v 25.0000 2.8284 0.0000
v 0.0000 1.0000 1.0000
v 1.0000 0.0000 0.0000
v 0.2549 0.9529 -34.5915
v 8.0745 -102.3772 8.0000
v 1.2588 0.9529 0.0000
v -35.8407 13.0339 -108.7308
v 9.5836 0.0000 0.0000
v 1.0000 1.0000 1.0000
v 0.9529 -80.1040 24.0759
v -69.4623 8.0000 0.7255
v 0.9529 0.0000 0.0000
v 0.0000 0.0000 -86.4296
v 25.3785 -75.5201 8.8548
v 0.0000 0.0000 1.0000
v 1.0000 1.0000 0.0000
v -20.0000 2.0000 25.0000
v 2.8284 0.0000 0.0000
v 1.0000 1.0000 1.0000
v 0.9529 -71.9689 84.0224
v -50.0580 8.0000 0.7255
v 0.9529 0.0000 0.0000
v 0.0000 0.0000 -78.2880
v 89.9029 -49.7573 8.6373
v 0.0000 0.0000 1.0000
v 1.0000 1.0000 0.0000
v -12.7261 72.2883 68.0060
v -0.0000 0.9647 -2.0078
v -16.2353 87.4826 75.9995
v -0.0000 1.3490 -0.8627
v -29.5007 83.5508 69.6208
v -0.0000 0.5922 -0.6588
v -19.0326 71.4046 94.9744
v -0.0000 2.2824 -0.8784
v -13.2808 78.8094 70.8243
v -0.0000 1.2314 -1.5804
v -18.9481 76.1387 67.2715
v -0.0000 0.7098 -1.5686
v -17.0383 71.7338 80.6507
v -0.0000 2.3098 -1.4235
v -19.5903 86.1151 68.2147
v -0.0000 0.9843 -1.0314
v -14.3050 78.6817 87.5786
v -0.0000 2.0039 -0.9882
v -28.3410 70.5185 80.4733
v -0.0000 2.8000 -0.9765
v -12.7261 72.2883 68.0060
v -0.0000 3.9765 -2.0078
v -12.7261 72.2883 68.0060
v -0.0000 3.9765 -2.0078
v -18.9481 76.1387 67.2715
v -0.0000 3.7216 -1.5686
v -18.9481 76.1387 67.2715
v -0.0000 3.7216 -1.5686
v -29.5007 83.5508 69.6208
v -0.0000 3.6039 -0.6588
v -18.9481 76.1387 67.2715
v -0.0000 3.7216 -1.5686
v -12.7261 72.2883 68.0060
v -0.0000 3.9765 -2.0078
v 0.0000 0.0000 -32.9357
v 88.5455 86.1817 31.6714
v 0.0000 0.0000 1.0000
v 1.0000 1.0000 0.0000
v -20.0000 2.0000 -25.0000
v 2.8284 0.0000 0.0000
v 1.0000 1.0000 1.0000
v 0.7529 58.4758 18.5970
v 70.9298 -0.0000 0.6863
v 1.0000 74.5374 9.1128
v 68.4741 -0.0000 0.8667
v -0.0431 73.3555 22.4083
v 77.3223 -0.0000 0.3725
v 0.7961 66.5056 10.4931
v 85.7495 -0.0000 1.6549
v 0.5059 73.3555 22.4083
v 77.3223 -0.0000 2.3804
v 0.5059 0.0000 0.0000
v 75.0198 11.1310 84.2144
v 24.3276 0.0000 0.0000
v 1.0000 1.0000 1.0000
v 0.7529 -9.3122 35.1677
v 96.3059 -0.0000 0.6863
v 1.0000 4.5838 41.7470
v 107.1488 -0.0000 0.8667
v -0.0431 -7.8638 50.6027
v 102.3438 -0.0000 0.3725
v 0.7961 -13.3022 40.5947
v 113.7531 -0.0000 1.6549
v 0.5059 -7.8638 50.6027
v 102.3438 -0.0000 2.3804
v 0.5059 0.0000 0.0000
v -1.1905 50.4600 112.5733
v 23.7580 0.0000 0.0000
v 1.0000 1.0000 1.0000
v 1.0000 0.0000 0.0000
v 0.0000 20.0000 2.0000
v -25.0000 2.8284 0.0000
v 0.0000 1.0000 1.0000
v 1.0000 0.0000 0.0000
v 0.3843 0.7529 -17.1247
v 18.8603 92.7861 -0.0000
v 0.9373 1.0000 -6.1895
v 13.9829 107.2977 -0.0000
v 0.8667 -0.0431 -16.9739
v 25.8060 107.9033 -0.0000
v 1.2510 0.7961 -25.1582
v 11.9190 108.1827 -0.0000
v 0.0353 0.5059 -16.9739
v 25.8060 107.9033 -0.0000
v 2.0431 0.5059 0.0000
v 0.0000 -15.9750 18.1219
v 108.4242 25.1871 0.0000
v 0.0000 1.0000 1.0000
v 1.0000 0.0000 0.0000
v 0.2549 0.9529 -9.9971
v 67.7261 97.6696 8.0000
v 1.2588 0.9529 0.0000
v -9.2294 68.7728 103.6891
v 9.0638 0.0000 0.0000
v 1.0000 1.0000 1.0000
v -0.2941 0.0000 0.0000
v -45.0000 25.0000 -10.5000
v 25.8940 0.0000 0.0000
v 1.0000 1.0000 1.0000
v -62.2538 72.2660 60.6026
v 8.0000 0.7255 0.0000
v 0.0000 -66.3744 78.5528
v 66.6420 9.6425 0.0000
v 0.0000 1.0000 1.0000
v 1.0000 0.0000 0.0000
v 0.2549 0.9529 -79.6560
v 54.0339 66.4431 8.0000
v 1.2588 0.9529 0.0000
v -85.2715 59.7821 72.3795
v 9.9908 0.0000 0.0000
v 1.0000 1.0000 1.0000
v 0.3490 0.0000 0.0000
v -45.0000 25.0000 -55.0000
v 20.5000 0.0000 0.0000
v 1.0000 1.0000 1.0000
v 0.7529 -44.9555 57.6963
v -71.1704 -0.0000 0.6863
v 1.0000 -55.9157 72.7638
v -73.7783 -0.0000 0.8667
v -0.0431 -51.5195 62.8512
v -85.5626 -0.0000 0.3725
v 0.7961 -62.6122 55.1278
v -76.7757 -0.0000 1.6549
v 0.5059 -51.5195 62.8512
v -85.5626 -0.0000 2.3804
v 0.5059 0.0000 0.0000
v -61.4505 68.7097 -84.7523
v 24.0384 0.0000 0.0000
v 1.0000 1.0000 1.0000
v 0.7529 -51.5173 10.1807
v -86.7801 -0.0000 0.6863
v 1.0000 -63.3889 23.0349
v -93.6932 -0.0000 0.8667
v -0.0431 -55.8531 12.1631
v -102.7195 -0.0000 0.3725
v 0.7961 -67.4602 4.3980
v -94.6642 -0.0000 1.6549
v 0.5059 -55.8531 12.1631
v -102.7195 -0.0000 2.3804
v 0.5059 0.0000 0.0000
v -66.3544 15.5599 -102.4055
v 22.6147 0.0000 0.0000
v 1.0000 1.0000 1.0000
v 0.3490 0.0000 0.0000
v 0.0000 45.0000 25.0000
v 55.0000 20.5000 0.0000
v 0.0000 1.0000 1.0000
v 1.0000 0.0000 0.0000
v 0.3843 0.7529 18.8589
v 35.7147 -87.7814 -0.0000
v 0.9373 1.0000 21.1655
v 49.5034 -100.3713 -0.0000
v 0.8667 -0.0431 32.5381
v 38.8356 -96.7219 -0.0000
v 1.2510 0.7961 21.5741
v 31.1706 -105.7189 -0.0000
v 0.0353 0.5059 32.5381
v 38.8356 -96.7219 -0.0000
v 2.0431 0.5059 0.0000
v 0.0000 31.9524 43.3281
v -104.6210 24.8619 0.0000
v 0.0000 1.0000 1.0000
v 1.0000 0.0000 0.0000
v 0.2549 0.9529 96.8119
v 30.4368 50.5379 8.0000
v 1.2588 0.9529 0.0000
v 103.0653 32.3727 56.1785
v 8.6411 0.0000 0.0000
v 1.0000 1.0000 1.0000
v 1.0000 0.0000 0.0000
v 0.0000 45.0000 25.0000
v 10.5000 25.8940 0.0000
v 0.0000 1.0000 1.0000
v 1.0000 0.0000 0.0000
v 0.2549 0.9529 97.4285
v 6.0098 44.0829 8.0000
v 1.2588 0.9529 0.0000
v 103.8122 4.6287 49.6333
v 8.5712 0.0000 0.0000
v 1.0000 1.0000 1.0000
v 0.7529 66.2498 57.1875
v 40.8445 -0.0000 0.6863
v 1.0000 82.9814 65.5169
v 38.6932 -0.0000 0.8667
v -0.0431 69.9448 73.0768
v 44.1108 -0.0000 0.3725
v 0.7961 75.1668 63.5343
v 56.0096 -0.0000 1.6549
v 0.5059 69.9448 73.0768
v 44.1108 -0.0000 2.3804
v 0.5059 0.0000 0.0000
v 82.8683 73.1462 54.3729
v 26.7185 0.0000 0.0000
v 1.0000 1.0000 1.0000
v 1.0000 0.0000 0.0000
v 0.0000 0.0000 45.0000
v 25.0000 -39.5000 25.8940
v 0.0000 0.0000 1.0000
v 1.0000 1.0000 0.0000
v -82.4584 29.8225 46.5218
v -0.0000 0.6863 -1.0039
v -85.9914 35.7967 64.0085
v -0.0000 0.8667 -0.0431
v -96.9020 35.7342 52.2862
v -0.0000 0.3725 -0.1843
v -94.8469 20.4294 56.9175
v -0.0000 1.6549 -0.2235
v -96.9020 35.7342 52.2862
v -0.0000 2.3804 -0.1843
v 0.0000 0.0000 -98.0825
v 28.5088 64.0675 23.5306
v 0.0000 0.0000 1.0000
v 1.0000 1.0000 0.0000
v 61.6843 72.5541 -9.9429
v -0.0000 0.6863 -1.0039
v 79.1887 77.6059 -14.6364
v -0.0000 0.8667 -0.0431
v 66.7866 87.7355 -14.4467
v -0.0000 0.3725 -0.1843
v 70.7372 84.8060 0.9065
v -0.0000 1.6549 -0.2235
v 66.7866 87.7355 -14.4467
v -0.0000 2.3804 -0.1843
v 0.0000 0.0000 79.0782
v 88.3500 -5.7904 23.8600
v 0.0000 0.0000 1.0000
v 1.0000 1.0000 0.0000
v 45.0000 25.0000 -69.5000
v 5.8524 0.0000 0.0000
v 1.0000 1.0000 1.0000
v 37.0324 67.7832 40.4336
v -0.0000 0.9647 -2.0078
v 40.1483 85.0051 41.3125
v -0.0000 1.3490 -0.8627
v 26.9233 83.2953 48.6809
v -0.0000 0.5922 -0.6588
v 53.6044 76.7713 60.7420
v -0.0000 2.2824 -0.8784
v 38.5148 74.7226 39.7837
v -0.0000 1.2314 -1.5804
v 32.2804 72.8430 42.8613
v -0.0000 0.7098 -1.5686
v 43.9365 72.2546 50.9755
v -0.0000 2.3098 -1.4235
v 32.1092 82.4012 39.7884
v -0.0000 0.9843 -1.0314
v 50.6537 79.8688 50.1730
v -0.0000 2.0039 -0.9882
v 36.5803 74.3041 59.3984
v -0.0000 2.8000 -0.9765
v 37.0324 67.7832 40.4336
v -0.0000 3.9765 -2.0078
v 37.0324 67.7832 40.4336
v -0.0000 3.9765 -2.0078
v 32.2804 72.8430 42.8613
v -0.0000 3.7216 -1.5686
v 32.2804 72.8430 42.8613
v -0.0000 3.7216 -1.5686
v 26.9233 83.2953 48.6809
v -0.0000 3.6039 -0.6588
v 32.2804 72.8430 42.8613
v -0.0000 3.7216 -1.5686
v 37.0324 67.7832 40.4336
v -0.0000 3.9765 -2.0078
v 0.0000 0.0000 37.7400
v 87.3031 58.3105 30.4601
v 0.0000 0.0000 1.0000
v 1.0000 1.0000 0.0000
v 36.0078 -7.3902 43.9662
v -0.0000 0.6863 -1.0039
v 34.4232 -42.8768 56.3763
v -0.0000 0.8667 -0.0431
v 60.7302 -29.6597 43.7639
v -0.0000 0.3725 -0.1843
v 57.0893 -17.1820 73.2713
v -0.0000 1.6549 -0.2235
v 60.7302 -29.6597 43.7639
v -0.0000 2.3804 -0.1843
v 0.0000 0.0000 63.5377
v -42.0784 70.4912 51.6212
v 0.0000 0.0000 1.0000
v 1.0000 1.0000 0.0000
v -45.0000 25.0000 69.5000
v 5.8524 0.0000 0.0000
v 1.0000 1.0000 1.0000
v 38.7548 -21.0790 -1.6226
v -0.0000 0.6863 -1.0039
v 29.9773 -51.6278 -21.7608
v -0.0000 0.8667 -0.0431
v 53.9688 -31.7630 -29.2190
v -0.0000 0.3725 -0.1843
v 63.5466 -49.0091 -3.7145
v -0.0000 1.6549 -0.2235
v 53.9688 -31.7630 -29.2190
v -0.0000 2.3804 -0.1843
v 0.0000 0.0000 58.6469
v -52.8257 -31.0923 47.6657
v 0.0000 0.0000 1.0000
v 1.0000 1.0000 0.0000
v -17.5472 -26.6993 -22.6985
v -0.0000 0.6863 -1.0039
v -51.9874 -39.3405 -31.0585
v -0.0000 0.8667 -0.0431
v -25.1220 -55.6218 -37.3028
v -0.0000 0.3725 -0.1843
v -30.1152 -57.4463 -5.5007
v -0.0000 1.6549 -0.2235
v -25.1220 -55.6218 -37.3028
v -0.0000 2.3804 -0.1843
v 0.0000 0.0000 -51.1164
v -59.4179 -23.7944 46.8892
v 0.0000 0.0000 1.0000
v 1.0000 1.0000 0.0000
v 0.0000 -45.0000 25.0000
v 39.5000 25.8940 0.0000
v 0.0000 1.0000 1.0000
v 1.0000 0.0000 0.0000
v 0.7529 -42.3442 -28.9555
v 33.1316 -0.0000 0.6863
v 1.0000 -71.6522 -16.9011
v 53.4184 -0.0000 0.8667
v -0.0431 -74.5620 -33.7654
v 26.3452 -0.0000 0.3725
v 0.7961 -64.7227 -54.2357
v 49.2317 -0.0000 1.6549
v 0.5059 -74.5620 -33.7654
v 26.3452 -0.0000 2.3804
v 0.5059 0.0000 0.0000
v -76.1455 -45.4463 49.7445
v 49.2754 0.0000 0.0000
v 1.0000 1.0000 1.0000
v 1.0000 -31.8472 76.7362
v -48.0801 -0.0000 0.9647
v 0.4510 -36.9891 92.0096
v -54.9619 -0.0000 1.3490
v -0.8627 -44.5789 91.1933
v -41.7768 -0.0000 0.5922
v 0.1804 -15.6325 98.7991
v -43.8189 -0.0000 2.2824
v -0.0392 -34.0688 82.4213
v -51.7569 -0.0000 1.2314
v -1.5804 -37.2810 80.9540
v -45.4799 -0.0000 0.7098
v 0.0039 -24.7332 87.6095
v -44.9253 -0.0000 2.3098
v -0.2549 -42.8846 87.0964
v -51.1102 -0.0000 0.9843
v -0.0863 -23.0251 95.0625
v -51.6541 -0.0000 2.0039
v -0.2039 -28.9009 91.8647
v -35.2413 -0.0000 2.8000
v -0.9765 -31.8472 76.7362
v -48.0801 -0.0000 3.9765
v -2.0078 -31.8472 76.7362
v -48.0801 -0.0000 3.9765
v -0.2039 -37.2810 80.9540
v -45.4799 -0.0000 3.7216
v -1.5686 -37.2810 80.9540
v -45.4799 -0.0000 3.7216
v -1.5686 -44.5789 91.1933
v -41.7768 -0.0000 3.6039
v -0.6588 -37.2810 80.9540
v -45.4799 -0.0000 3.7216
v -1.5686 -31.8472 76.7362
v -48.0801 -0.0000 3.9765
v -2.0078 0.0000 0.0000
v -39.4899 95.6488 -43.9383
v 31.3656 0.0000 0.0000
v 1.0000 1.0000 1.0000
v 0.7961 0.0000 0.0000
v -20.0000 63.4500 0.0000
v 25.4951 0.0000 0.0000
v 1.0000 1.0000 1.0000
v -27.7319 39.2657 104.7494
v 8.0000 0.7255 0.0000
v 0.0000 -33.1215 45.2681
v 110.7176 10.0348 0.0000
v 0.0000 1.0000 1.0000
v 1.0000 0.0000 0.0000
v 0.2549 0.9529 -97.6417
v 5.2996 51.4363 8.0000
v 1.2588 0.9529 0.0000
v -103.9806 8.4620 52.2130
v 9.2132 0.0000 0.0000
v 1.0000 1.0000 1.0000
v 0.7961 0.0000 0.0000
v 20.0000 63.4500 0.0000
v 25.4951 0.0000 0.0000
v 1.0000 1.0000 1.0000
v -53.1079 19.3463 91.6808
v 8.0000 0.7255 0.0000
v 0.0000 -59.1270 20.5140
v 97.7903 8.6556 0.0000
v 0.0000 1.0000 1.0000
v 1.0000 0.0000 0.0000
v 0.2549 0.9529 53.3831
v 35.7623 101.9380 8.0000
v 1.2588 0.9529 0.0000
v 55.5891 30.9502 108.5644
v 8.8284 0.0000 0.0000
v 1.0000 1.0000 1.0000
v 0.4824 0.0000 0.0000
v 67.0000 0.0000 75.6637
v 0.0000 0.0000 1.0000
v 1.0000 1.0000 0.0000
v 0.2549 0.9529 88.6661
v 20.0874 61.6986 8.0000
v 1.2588 0.9529 0.0000
v 95.0143 18.1635 67.3221
v 8.6962 0.0000 0.0000
v 1.0000 1.0000 1.0000
v -1.1451 0.0000 0.0000
v 0.0000 0.0000 -0.2309
v 17.5370 1.9721 171.1303
v 0.0000 0.0000 1.0000
v 1.0000 1.0000 0.0000
v 0.0000 0.0000 63.0000
v 0.0000 25.4951 0.0000
v 0.0000 1.0000 1.0000
v 1.0000 0.0000 0.0000
v -2.5294 0.0000 0.0000
v 0.0097 137.7973 0.1327
v 248.6670 0.0000 0.0000
v 1.0000 1.0000 1.0000
v 0.0000 -140.0000 45.0000
v -140.0000 54.0833 0.0000
v 0.0000 1.0000 1.0000
v 1.0000 0.0000 0.0000
v 0.2510 -9.0353 0.0000
v 0.0000 -20.0000 64.1340
v 0.0000 75.0267 0.0000
v 0.0000 1.0000 1.0000
v 1.0000 0.0000 0.0000
v 0.2549 1.0000 0.0000
v -0.0000 95.0000 0.0000
v 275.7716 0.0000 0.0000
v 1.0000 1.0000 1.0000
v 0.4118 0.4902 0.0000
v 135.0000 0.0000 70.7107
v 0.0000 0.0000 1.0000
v 1.0000 1.0000 0.0000
v 0.0000 0.0000 20.0000
v 64.1340 0.0000 75.0267
v 0.0000 0.0000 1.0000
v 1.0000 1.0000 0.0000
v 0.0000 0.0000 -140.0000
v 45.0000 140.0000 54.0833
v 0.0000 0.0000 1.0000
v 1.0000 1.0000 0.0000
v 140.0000 45.0000 140.0000
v 54.0833 0.0000 0.0000
v 1.0000 1.0000 1.0000
v -0.6039 0.0000 0.0000
v 40.0000 -75.0000 70.0000
v 0.0000 0.0000 1.0000
v 1.0000 1.0000 0.0000
v 140.0000 45.0000 -140.0000
v 54.0833 0.0000 0.0000
v 1.0000 1.0000 1.0000
v 0.0000 -37.5000 90.0000
v -64.9519 0.0000 37.5000
v 90.0000 -64.9519 0.0000
v 64.9519 90.0000 -37.5000
v 0.0000 64.9519 90.0000
v 37.5000 0.0000 37.5000
v 90.0000 64.9519 0.0000
v -37.5000 90.0000 64.9519
v 0.0000 -64.9519 90.0000
v 37.5000 0.0000 -64.9519
v 90.0000 -37.5000 0.0000
v -37.5000 95.0000 64.9519
v 0.0000 -64.9519 95.0000
v 37.5000 0.0000 -64.9519
v 95.0000 -37.5000 0.0000
v 37.5000 95.0000 -64.9519
v 0.0000 64.9519 95.0000
v -37.5000 0.0000 37.5000
v 95.0000 64.9519 0.0000
v 64.9519 95.0000 37.5000
v 0.0000 -37.5000 95.0000
v -64.9519 0.0000 -40.0000
v 92.5000 -69.2820 0.0000
v -35.0000 92.5000 -60.6218
v 0.0000 -60.6218 92.5000
v -35.0000 0.0000 -69.2820
v 92.5000 -40.0000 0.0000
v 40.0000 92.5000 69.2820
v 0.0000 35.0000 92.5000
v 60.6218 0.0000 -35.0000
v 92.5000 60.6218 0.0000
v -40.0000 92.5000 69.2820
v 0.0000 60.6218 92.5000
v 35.0000 0.0000 69.2820
v 92.5000 40.0000 0.0000
v 69.2820 92.5000 -40.0000
v 0.0000 60.6218 92.5000
v -35.0000 0.0000 35.0000
v 92.5000 -60.6218 0.0000
v 40.0000 92.5000 -69.2820
v 0.0000 -69.2820 92.5000
v 40.0000 0.0000 -60.6218
v 92.5000 35.0000 0.0000
v 0.0000 92.5000 -0.0000
v 97.9796 0.0000 0.0000
v 1.0000 1.0000 1.0000
v 0.0000 0.0000 40.0000
v 75.0000 70.0000 0.0000
v 0.0000 1.0000 1.0000
v 1.0000 0.0000 0.0000
v 1.0039 0.0000 0.0000
v 0.0000 92.5000 -0.0000
v 113.1371 0.0000 0.0000
v 1.0000 1.0000 1.0000
v -59.2838 96.5218 66.7079
v -64.7340 96.8680 77.8916
v -58.9683 86.0916 73.8460
v -68.4295 93.6488 71.6385
v -65.2351 93.8521 66.7109
v -63.1020 92.3160 72.2998
v 8.1959 0.0000 0.0000
v 1.0000 1.0000 1.0000
v 7.5765 1.0000 0.0000
v -0.0000 42.0000 -0.0000
v 114.7112 0.0000 0.0000
v 1.0000 1.0000 1.0000
v -100.4870 66.0288 25.3220
v -95.2658 72.9091 16.3610
v -90.2474 61.4693 19.4738
v -92.2849 72.8392 23.7251
v -95.2792 69.3635 27.3966
v -95.9189 67.1892 21.8788
v 8.4064 0.0000 0.0000
v 1.0000 1.0000 1.0000
v 0.0000 0.0000 -97.5657
v -97.5657 87.1613 182.9318
v -88.7185 79.4721 187.6692
v -88.7185 79.4721 187.6692
v -92.6868 90.2785 192.0250
v -92.5544 89.0309 180.3599
v 0.0000 0.0000 -92.2361
v 85.8341 186.1924 8.3315
v 0.0000 0.0000 1.0000
v 1.0000 1.0000 0.0000
v 1.0000 0.0000 0.0000
v -0.0000 42.0000 0.0000
v 114.7112 0.0000 0.0000
v 1.0000 1.0000 1.0000
v 81.7899 94.1055 -169.0195
v 82.8579 91.8650 -181.2153
v 83.9387 82.2202 -172.7563
v 89.2922 92.6103 -176.6147
v 87.9947 93.6571 -170.9802
v 83.6453 88.1629 -175.1174
v 8.7145 0.0000 0.0000
v 1.0000 1.0000 1.0000
v 0.0000 0.0000 81.2896
v 81.2896 93.4389 -187.3289
v 84.5584 81.2266 -187.4532
v 84.5584 81.2266 -187.4532
v 89.0093 90.4763 -194.2452
v 77.6508 91.0503 -191.3636
v 0.0000 0.0000 83.3301
v 87.3327 -192.8389 8.4739
v 0.0000 0.0000 1.0000
v 1.0000 1.0000 0.0000
v 1.0000 0.0000 0.0000
v 30.0000 -0.0000 141.4214
v 0.0000 0.0000 1.0000
v 1.0000 1.0000 0.0000
v 0.0000 121.1384 20.0643
v 123.7217 20.9110 -119.8467
v 112.2971 24.8234 -115.3840
v 112.2971 24.8234 -115.3840
v 118.5897 15.1719 -111.1818
v 124.1482 23.8655 -111.1243
v 0.0000 118.2226 19.8581
v -113.7741 8.2598 0.0000
v 0.0000 1.0000 1.0000
v 1.0000 0.0000 0.0000
v -119.6443 79.0534 -183.1864
v -117.4134 80.8039 -195.3049
v -109.8623 72.9817 -188.4102
v -113.2737 84.7289 -189.7751
v -114.8901 83.3810 -184.2891
v -115.8663 78.8553 -189.2456
v 8.4407 0.0000 0.0000
v 1.0000 1.0000 1.0000
v 1.0039 0.0000 0.0000
v 82.4500 0.0000 28.9776
v 0.0000 0.0000 1.0000
v 1.0000 1.0000 0.0000
v -125.2474 74.1152 -213.7699
v -129.8600 62.9780 -216.8661
v -117.1427 64.6051 -215.6969
v -126.9364 67.8756 -222.3967
v -124.9446 72.9390 -220.1785
v -123.5014 68.5466 -216.6043
v 8.4564 0.0000 0.0000
v 1.0000 1.0000 1.0000
v 0.0000 0.0000 -70.7884
v -70.7884 89.2908 58.8391
v -68.1560 81.1904 68.1823
v -68.1560 81.1904 68.1823
v -76.6403 90.1015 67.8560
v -66.6587 92.1179 62.0293
v 0.0000 0.0000 -71.6495
v 87.4552 64.6432 8.6871
v 0.0000 0.0000 1.0000
v 1.0000 1.0000 0.0000
v 0.0000 12.9600 61.0000
v 0.0000 1.9922 6.4800
v 61.0000 -11.2237 1.9922
v -6.4800 61.0000 -11.2237
v 1.9922 -12.9600 61.0000
v 0.0000 1.9922 -6.4800
v 61.0000 11.2237 1.9922
v 6.4800 61.0000 11.2237
v 1.9922 -59.4864 30.0000
v 0.0000 0.0000 -29.7432
v 30.0000 -51.5167 0.0000
v -29.7432 30.0000 51.5167
v 0.0000 29.7432 30.0000
v 51.5167 0.0000 59.4864
v 30.0000 0.0000 0.0000
v 29.7432 30.0000 -51.5167
v -0.0000 45.5000 0.0000
v 78.6931 0.0000 0.0000
v 1.0000 1.0000 1.0000
v -138.3589 37.8230 87.7735
v -133.5024 42.5401 77.3301
v -127.7542 44.6497 88.6549
v -137.9402 47.0190 82.1641
v -139.8775 44.1037 86.8837
v -133.8159 41.3759 82.9925
v 8.9176 0.0000 0.0000
v 1.0000 1.0000 1.0000
v 0.0000 0.0000 -89.1595
v -89.1595 72.6575 23.2615
v -78.6896 68.4515 17.5578
v -78.6896 68.4515 17.5578
v -80.1373 78.3835 24.6824
v -89.2661 75.3421 17.9694
v 0.0000 0.0000 -83.9779
v 74.6792 22.0872 9.3416
v 0.0000 0.0000 1.0000
v 1.0000 1.0000 0.0000
v 0.1059 0.0000 0.0000
v 0.0000 0.0000 60.0000
v 0.0000 39.6863 0.0000
v 0.0000 1.0000 1.0000
v 1.0000 0.0000 0.0000
v 0.0000 112.3551 75.4689
v 124.3556 73.5834 206.6695
v 115.9226 63.9011 205.7305
v 115.9226 63.9011 205.7305
v 115.6529 72.6954 214.2742
v 115.8350 76.4868 204.6788
v 0.0000 118.3553 70.1940
v 209.4765 8.3048 0.0000
v 0.0000 1.0000 1.0000
v 1.0000 0.0000 0.0000
v -80.4550 91.9175 191.3879
v -75.9145 94.3787 180.0642
v -73.7582 82.9286 185.5404
v -71.3263 94.9542 186.5246
v -74.1649 93.6403 191.4987
v -76.9814 88.9414 185.7815
v 8.2877 0.0000 0.0000
v 1.0000 1.0000 1.0000
v 2.5098 -1.5059 0.0000
v 0.0000 0.0000 -44.2712
v 50.0000 0.2500 160.2001
v 0.0000 0.0000 1.0000
v 1.0000 1.0000 0.0000
v 84.8616 85.7818 200.5988
v 94.3280 87.1398 192.6337
v 85.3491 78.1577 190.5252
v 94.4235 81.4389 198.1665
v 89.6189 81.4217 201.5490
v 89.6425 83.8085 196.0371
v 8.9859 0.0000 0.0000
v 1.0000 1.0000 1.0000
v 0.0000 0.0000 -98.1384
v -98.1384 69.8746 -224.2898
v -96.7717 67.0752 -212.0368
v -96.7717 67.0752 -212.0368
v -103.3201 76.1278 -217.2008
v -93.3960 73.0412 -222.6445
v 0.0000 0.0000 -98.4602
v 73.1359 -218.1633 8.7816
v 0.0000 0.0000 1.0000
v 1.0000 1.0000 0.0000
v -2.0078 0.0000 0.0000
v 42.0837 50.0000 0.2500
v 160.2001 0.0000 0.0000
v 1.0000 1.0000 1.0000
v 0.0000 0.0000 -135.8725
v -135.8725 29.2476 93.3134
v -125.3159 32.6618 99.3750
v -125.3159 32.6618 99.3750
v -128.7034 21.4914 95.4703
v -137.2860 28.6468 99.0462
v 0.0000 0.0000 -131.3010
v 27.0766 97.1379 8.4865
v 0.0000 0.0000 1.0000
v 1.0000 1.0000 0.0000
v 0.0000 -146.2386 32.9737
v -139.5216 22.5269 119.1737
v -133.6332 33.9401 118.2734
v -133.6332 33.9401 118.2734
v -144.0628 30.9075 112.5783
v -144.5197 29.3860 122.7742
v 0.0000 -139.9359 28.2335
v 117.4674 8.5404 0.0000
v 0.0000 1.0000 1.0000
v 1.0000 0.0000 0.0000
v 20.0000 0.0000 -0.0000
v 7.0711 0.0000 0.0000
v 1.0000 1.0000 1.0000
v 0.0000 0.0000 -66.1138
v -66.1138 97.2351 -174.9110
v -82.7873 75.9498 -177.3102
v -86.1015 91.4164 -201.9795
v -86.1277 77.8032 -188.9228
v -86.1277 77.8032 -188.9228
v -89.9710 82.2994 -174.3794
v -89.9710 82.2994 -174.3794
v -96.9839 91.6342 -195.0361
v -75.3286 93.2766 -192.6633
v -74.1929 82.5211 -175.2850
v -74.1929 82.5211 -175.2850
v -90.6245 97.5615 -166.3851
v 0.0000 -85.4668 86.7557
v -184.1823 23.8813 0.0000
v 0.0000 1.0000 1.0000
v 1.0000 0.0000 0.0000
v 0.0000 0.0000 108.7527
v 108.7527 90.7963 198.3321
v 94.1249 62.9082 182.7445
v 122.1583 82.3846 168.0731
v 108.1975 71.1935 174.0441
v 108.1975 71.1935 174.0441
v 94.6404 78.3765 177.3769
v 94.6404 78.3765 177.3769
v 110.6027 87.4340 167.0594
v 119.2836 84.7878 181.9393
v 102.6273 77.0169 190.9482
v 102.6273 77.0169 190.9482
v 96.4140 95.2419 185.6052
v 0.0000 108.1416 79.0750
v 182.6957 22.0820 0.0000
v 0.0000 1.0000 1.0000
v 1.0000 0.0000 0.0000
v 0.3333 1.0000 0.0000
v 0.0000 0.0000 -20.0000
v 0.0000 0.0000 7.0711
v 0.0000 0.0000 1.0000
v 1.0000 1.0000 0.0000
v 0.0000 -147.3173 61.1856
v -146.0997 31.6947 113.5543
v -116.1633 47.2995 105.9024
v -144.1242 29.9697 88.0864
v -128.8604 36.4058 97.1081
v -128.8604 36.4058 97.1081
v -131.4087 45.1380 113.9649
v -131.4087 45.1380 113.9649
v -145.0284 29.7731 100.7039
v -145.3954 49.4826 90.4830
v -132.5425 53.7667 104.7312
v -132.5425 53.7667 104.7312
v -148.4020 53.5359 121.8710
v -132.2827 45.4794 104.9787
v 25.8093 0.0000 0.0000
v 1.0000 1.0000 1.0000
v 0.0000 -89.9366 89.5545
v -115.9476 89.4452 -196.4994
v -95.0650 63.5832 -191.7935
v -120.4622 74.3533 -216.6821
v -108.7775 67.3628 -203.6285
v -108.7775 67.3628 -203.6285
v -103.2925 77.6838 -193.1456
v -103.2925 77.6838 -193.1456
v -119.2016 81.5798 -206.3746
v -107.0955 79.2131 -218.6877
v -92.4773 76.5292 -204.6136
v -92.4773 76.5292 -204.6136
v -99.3564 94.7453 -200.1243
v -105.1994 79.1643 -205.2406
v 22.9412 0.0000 0.0000
v 1.0000 1.0000 1.0000
v -2.0078 0.0000 0.0000
v 0.0000 0.0000 -25.0000
v 0.0000 0.2500 56.3299
v 0.0000 0.0000 1.0000
v 1.0000 1.0000 0.0000
v -82.8921 69.2057 85.5827
v -0.0000 0.4039 1.0000
v -81.6877 77.9676 74.5393
v -0.0000 1.9098 0.5843
v -93.0247 78.3502 84.4062
v -0.0000 0.2784 0.2235
v -69.2625 85.5908 93.4447
v -0.0000 1.0000 0.1569
v -81.7657 72.9971 80.1434
v -0.0000 0.1608 0.8392
v -87.7476 71.4546 84.0258
v -0.0000 0.3059 0.7725
v -74.9645 77.6134 90.0144
v -0.0000 0.8392 0.5843
v -88.7537 74.7979 76.4703
v -0.0000 0.1020 0.6196
v -70.0661 83.4709 84.8048
v -0.0000 1.1843 0.3686
v -82.3618 80.4218 96.8686
v -0.0000 0.6627 0.1804
v -88.7537 74.7979 76.4703
v -0.0000 2.1098 0.6196
v -81.7657 72.9971 80.1434
v -0.0000 2.1686 0.8392
v -81.7657 72.9971 80.1434
v -0.0000 2.1686 0.8392
v -81.7657 72.9971 80.1434
v -0.0000 2.1686 0.8392
v -85.5920 88.1866 83.6501
v 31.3653 0.0000 0.0000
v 1.0000 1.0000 1.0000
v 0.1961 -1.0039 -93.9622
v 57.7084 -2.7250 -0.0000
v 1.7490 -1.0039 -96.1305
v 70.3960 -8.5987 -0.0000
v 1.9098 0.5843 -106.5654
v 62.7665 -0.9220 -0.0000
v 1.3569 -1.0039 -86.1324
v 72.0983 13.0127 -0.0000
v 1.8039 0.1255 -94.3554
v 63.6833 -5.7870 -0.0000
v 0.1608 0.8392 -99.3443
v 58.7934 -3.6809 -0.0000
v 0.9686 -0.5294 -89.0468
v 65.2017 5.8112 -0.0000
v 1.9961 0.1961 -101.6894
v 64.6880 -9.0688 -0.0000
v 2.1333 -0.0353 -86.5443
v 73.9688 4.2880 -0.0000
v 0.4902 -0.3216 -96.6751
v 62.1788 12.3120 -0.0000
v 0.6627 0.1804 -101.6894
v 64.6880 -9.0688 -0.0000
v 2.1098 0.6196 -94.3554
v 63.6833 -5.7870 -0.0000
v 0.1255 -0.0353 -94.3554
v 63.6833 -5.7870 -0.0000
v 2.1686 0.8392 -94.3554
v 63.6833 -5.7870 -0.0000
v 2.1686 0.8392 0.0000
v 0.0000 0.0000 -105.1845
v 78.1726 8.5759 27.4880
v 0.0000 0.0000 1.0000
v 1.0000 1.0000 0.0000
v 0.0000 50.0000 -0.0000
v 158.0823 0.0000 0.0000
v 1.0000 1.0000 1.0000
v -1.0039 103.5333 66.5427
v -182.3996 -0.0000 0.4039
v -1.0039 106.9172 78.3033
v -175.2992 -0.0000 1.9098
v 0.5843 114.6333 73.0600
v -187.0890 -0.0000 0.2784
v -1.0039 90.3925 82.3663
v -192.0424 -0.0000 1.0000
v 0.1255 104.6293 71.9716
v -178.5844 -0.0000 0.1608
v 0.8392 108.8806 67.9986
v -182.9864 -0.0000 0.3059
v -0.5294 95.7879 74.7520
v -187.4783 -0.0000 0.8392
v 0.1961 112.5782 73.1792
v -177.6232 -0.0000 0.1020
v -0.0353 93.5240 82.8752
v -183.6925 -0.0000 1.1843
v -0.3216 101.0264 73.5684
v -196.4641 -0.0000 0.6627
v 0.1804 112.5782 73.1792
v -177.6232 -0.0000 2.1098
v 0.6196 104.6293 71.9716
v -178.5844 -0.0000 2.1686
v -0.0353 104.6293 71.9716
v -178.5844 -0.0000 2.1686
v 0.8392 104.6293 71.9716
v -178.5844 -0.0000 2.1686
v 0.8392 0.0000 0.0000
v 0.0000 109.1783 87.0854
v -191.6525 28.6613 0.0000
v 0.0000 1.0000 1.0000
v 1.0000 0.0000 0.0000
v 103.7952 38.8948 -102.3782
v -0.0000 0.4039 1.0000
v 112.0927 27.8301 -105.3619
v -0.0000 1.9098 0.5843
v 117.2271 41.3635 -101.2981
v -0.0000 0.2784 0.2235
v 104.4928 27.5086 -82.7334
v -0.0000 1.0000 0.1569
v 107.1607 33.2957 -103.9760
v -0.0000 0.1608 0.8392
v 108.9725 40.3619 -103.8279
v -0.0000 0.3059 0.7725
v 103.4396 32.6505 -91.6984
v -0.0000 0.8392 0.5843
v 113.9618 35.1400 -107.9648
v -0.0000 0.1020 0.6196
v 105.7470 23.7510 -90.7393
v -0.0000 1.1843 0.3686
v 108.5009 40.6751 -87.2738
v -0.0000 0.6627 0.1804
v 113.9618 35.1400 -107.9648
v -0.0000 2.1098 0.6196
v 107.1607 33.2957 -103.9760
v -0.0000 2.1686 0.8392
v 107.1607 33.2957 -103.9760
v -0.0000 2.1686 0.8392
v 107.1607 33.2957 -103.9760
v -0.0000 2.1686 0.8392
v 121.4294 28.2679 -87.9331
v 26.6963 0.0000 0.0000
v 1.0000 1.0000 1.0000
v 1.0039 1.0000 0.0000
v 0.0000 0.0000 -19.0000
v -29.5000 0.0000 50.8035
v 0.0000 0.0000 1.0000
v 1.0000 1.0000 0.0000
v 0.0000 0.0000 -75.8249
v -75.8249 100.2470 102.6693
v -82.8301 69.6065 85.4458
v -82.8301 69.6065 85.4458
v -85.2237 103.5675 64.3656
v -81.6494 78.1967 74.6190
v -81.6494 78.1967 74.6190
v -92.7641 78.5717 84.2925
v -92.7641 78.5717 84.2925
v -99.4307 98.0392 69.7929
v -66.7465 107.0426 79.6104
v -69.4678 85.6704 93.1537
v -69.4678 85.6704 93.1537
v -94.2026 94.3144 102.3738
v -82.0916 85.9977 69.5554
v -82.0916 85.9977 69.5554
v -81.7259 73.3236 80.1132
v -87.5905 71.8113 83.9194
v -87.5905 71.8113 83.9194
v -99.0893 83.1041 83.3995
v -99.0893 83.1041 83.3995
v -104.6172 95.0160 77.8083
v -93.8078 100.4241 66.4626
v -75.1284 106.0620 69.1169
v -62.6837 105.8938 94.4475
v -72.1814 94.7626 97.2899
v -72.1814 94.7626 97.2899
v -75.0581 77.8494 89.7906
v -85.7115 97.0057 102.8094
v -99.9813 93.6784 94.8992
v -89.7512 81.9941 72.0627
v -89.7512 81.9941 72.0627
v -88.5769 75.0891 76.5121
v -88.5769 75.0891 76.5121
v -88.5769 75.0891 76.5121
v -94.3505 83.1904 77.7498
v -94.3505 83.1904 77.7498
v -70.2557 83.5920 84.6832
v -70.2557 83.5920 84.6832
v -71.6351 89.9681 77.7601
v -71.6351 89.9681 77.7601
v -64.7060 92.2840 89.0202
v -64.7060 92.2840 89.0202
v -82.0523 89.9029 99.5845
v -82.0523 89.9029 99.5845
v -94.5336 84.2329 97.5586
v -94.5336 84.2329 97.5586
v -82.3103 80.6028 96.5105
v -82.3103 80.6028 96.5105
v 0.0000 0.0000 -85.5482
v 88.3245 83.5875 30.8125
v 0.0000 0.0000 1.0000
v 1.0000 1.0000 0.0000
v -96.7933 78.0639 27.0531
v -126.0718 71.4445 1.5908
v -94.0843 58.0013 -2.5225
v -108.2867 95.2050 -6.7199
v -96.2101 70.4401 -8.2810
v -96.2101 70.4401 -8.2810
v -106.4403 62.9602 -0.7547
v -106.4403 62.9602 -0.7547
v -119.6777 83.7396 -5.9175
v -91.3650 96.9531 10.4989
v -86.4080 72.1090 12.9066
v -86.4080 72.1090 12.9066
v -112.2195 67.5505 22.1006
v -99.3797 79.1191 -9.4304
v -99.3797 79.1191 -9.4304
v -94.4698 63.8590 -5.5244
v -94.4698 63.8590 -5.5244
v -99.3609 59.0650 -3.4596
v -113.9298 65.2043 -0.2857
v -113.9298 65.2043 -0.2857
v -123.2661 75.9926 -0.6837
v -115.2810 88.9752 -7.2032
v -99.3793 98.2718 -0.2419
v -86.5593 90.5589 23.6893
v -91.7760 77.0210 20.2685
v -91.7760 77.0210 20.2685
v -89.2653 65.3476 5.8463
v -89.2653 65.3476 5.8463
v -105.0639 72.2315 24.6337
v -117.7674 68.6014 14.4990
v -105.2035 72.2695 -9.8193
v -105.2035 72.2695 -9.8193
v -101.6599 64.8440 -8.7419
v -101.6599 64.8440 -8.7419
v -109.7096 69.2871 -4.7470
v -109.7096 69.2871 -4.7470
v -86.8118 73.9428 4.3531
v -86.8118 73.9428 4.3531
v -90.4752 81.9769 0.8148
v -90.4752 81.9769 0.8148
v -84.2385 80.9821 12.6588
v -84.2385 80.9821 12.6588
v -99.4166 68.8671 19.0634
v -99.4166 68.8671 19.0634
v -109.4302 61.1753 13.3536
v -109.4302 61.1753 13.3536
v -96.7440 62.3841 12.2197
v -96.7440 62.3841 12.2197
v -105.1551 78.1365 8.6169
v 26.9684 0.0000 0.0000
v 1.0000 1.0000 1.0000
v -2.0078 0.0000 0.0000
v 0.0000 19.0000 -29.5000
v 0.0000 50.8035 0.0000
v 0.0000 1.0000 1.0000
v 1.0000 0.0000 0.0000
v 0.0000 95.7877 91.4531
v 132.0004 83.8890 -193.8434
v 103.7050 66.8257 -182.4831
v 103.7050 66.8257 -182.4831
v 107.0226 78.3557 -175.5219
v 107.0226 78.3557 -175.5219
v 114.5874 73.2152 -187.0805
v 114.5874 73.2152 -187.0805
v 127.8396 94.1481 -182.6244
v 95.1747 106.8671 -186.7389
v 90.8219 82.3390 -191.9369
v 90.8219 82.3390 -191.9369
v 112.4405 81.8940 -209.3719
v 110.0020 87.0202 -173.8660
v 110.0020 87.0202 -173.8660
v 104.7795 72.1481 -178.7427
v 104.7795 72.1481 -178.7427
v 108.9475 68.2531 -183.0585
v 121.4129 76.2451 -189.4430
v 121.4129 76.2451 -189.4430
v 129.8821 87.7187 -190.0256
v 123.8668 98.6489 -179.1095
v 106.1684 107.2803 -178.9736
v 86.6467 102.1740 -198.7062
v 93.2904 88.8596 -199.5872
v 93.2904 88.8596 -199.5872
v 96.1115 74.8740 -187.4622
v 96.1115 74.8740 -187.4622
v 104.6483 86.1728 -208.6615
v 120.0986 82.2895 -203.8163
v 115.9381 80.8138 -176.5547
v 115.9381 80.8138 -176.5547
v 112.5726 73.3321 -177.8003
v 112.5726 73.3321 -177.8003
v 118.6870 79.1324 -183.2288
v 118.6870 79.1324 -183.2288
v 93.8920 82.8380 -183.7507
v 93.8920 82.8380 -183.7507
v 98.1406 90.5433 -180.1363
v 98.1406 90.5433 -180.1363
v 88.4548 90.8000 -189.4253
v 88.4548 90.8000 -189.4253
v 101.2663 81.4259 -202.3158
v 101.2663 81.4259 -202.3158
v 112.9230 73.9771 -201.4965
v 112.9230 73.9771 -201.4965
v 101.2473 73.7136 -196.2719
v 101.2473 73.7136 -196.2719
v 101.2473 73.7136 -196.2719
v 0.0000 109.3235 87.0530
v -191.6189 28.1623 0.0000
v 0.0000 1.0000 1.0000
v 1.0000 0.0000 0.0000
v 0.0000 0.0000 116.8388
v 116.8388 31.6453 -69.5276
v 104.0977 38.7545 -102.2643
v 104.0977 38.7545 -102.2643
v 135.2567 13.7409 -99.6400
v 112.2324 27.9067 -105.1895
v 112.2324 27.9067 -105.1895
v 117.2662 41.1748 -101.2053
v 117.2662 41.1748 -101.2053
v 139.2156 29.0167 -103.2225
v 121.6970 8.7856 -80.2115
v 104.7816 27.5916 -83.0047
v 104.7816 27.5916 -83.0047
v 124.7189 46.5140 -79.0066
v 119.3767 21.9544 -104.7199
v 119.3767 21.9544 -104.7199
v 107.3972 33.2652 -103.8308
v 109.1734 40.1928 -103.6855
v 109.1734 40.1928 -103.6855
v 124.8560 43.1057 -101.3211
v 124.8560 43.1057 -101.3211
v 138.3853 38.6277 -100.5345
v 138.0946 22.1803 -102.5875
v 129.1975 8.6414 -91.3943
v 114.3843 15.3749 -68.3341
v 111.9491 28.1828 -75.5603
v 111.9491 28.1828 -75.5603
v 103.7491 32.6326 -91.7939
v 120.9653 39.8442 -74.4290
v 129.9804 46.2540 -86.8752
v 120.8923 30.3610 -107.5513
v 120.8923 30.3610 -107.5513
v 114.0649 35.0734 -107.7414
v 114.0649 35.0734 -107.7414
v 114.0649 35.0734 -107.7414
v 123.2795 36.4322 -104.0344
v 123.2795 36.4322 -104.0344
v 106.0111 23.9076 -90.8536
v 106.0111 23.9076 -90.8536
v 113.2367 18.0701 -92.9033
v 113.2367 18.0701 -92.9033
v 107.4373 19.1195 -80.8437
v 107.4373 19.1195 -80.8437
v 114.3576 38.3309 -79.7475
v 114.3576 38.3309 -79.7475
v 119.0153 48.0110 -88.5018
v 119.0153 48.0110 -88.5018
v 108.7111 40.4999 -87.4560
v 108.7111 40.4999 -87.4560
v 0.0000 0.0000 121.4823
v 28.3262 -88.0377 26.2000
v 0.0000 0.0000 1.0000
v 1.0000 1.0000 0.0000
v 0.0000 0.0000 25.0000
v 0.0000 0.2500 56.3299
v 0.0000 0.0000 1.0000
v 1.0000 1.0000 0.0000
v 0.4902 -82.7948 75.5874
v -177.1598 -0.0000 1.1569
v 1.0000 -86.1797 77.5785
v -189.0515 -0.0000 0.9647
v -0.4196 -90.0999 82.1646
v -174.2173 -0.0000 0.3412
v 0.7216 -74.0062 82.3908
v -175.1410 -0.0000 1.5804
v 0.1569 -90.0999 82.1646
v -174.2173 -0.0000 2.3490
v -0.6118 -90.0999 82.1646
v -174.2173 -0.0000 2.3490
v -0.6118 -90.0999 82.1646
v -174.2173 -0.0000 2.3490
v 0.1569 0.0000 0.0000
v 0.0000 -85.4381 86.6102
v -184.2135 24.2975 0.0000
v 0.0000 1.0000 1.0000
v 1.0000 0.0000 0.0000
v -115.7837 47.3631 105.9795
v -0.0000 0.8941 -1.0039
v -128.6529 36.2900 96.9926
v -0.0000 0.8980 -0.0314
v -131.2455 45.1086 114.1480
v -0.0000 0.3294 -0.2510
v -132.4048 53.9981 104.7376
v -0.0000 1.5569 -0.2196
v -131.2455 45.1086 114.1480
v -0.0000 2.3373 -0.2510
v 0.0000 0.0000 -132.1078
v 45.5547 104.9664 26.2381
v 0.0000 0.0000 1.0000
v 1.0000 1.0000 0.0000
v 0.0000 0.0000 -1.0000
v -0.5000 0.0000 2.8284
v 0.0000 0.0000 21.0000
v 4.5000 25.0000 0.0000
v 0.0000 0.0000 1.0000
v 1.0000 1.0000 0.0000
v -94.8948 63.3035 -191.5892
v -0.0000 0.6863 -1.0039
v -108.8527 67.0960 -203.6204
v -0.0000 0.8667 -0.0431
v -103.2580 77.6233 -192.9278
v -0.0000 0.3725 -0.1843
v -92.2265 76.4456 -204.6252
v -0.0000 1.6549 -0.2235
v -103.2580 77.6233 -192.9278
v -0.0000 2.3804 -0.1843
v 0.0000 0.0000 -105.1539
v 79.1115 -205.2506 23.2761
v 0.0000 0.0000 1.0000
v 1.0000 1.0000 0.0000
v 93.9218 62.5780 182.8062
v -0.0000 0.6863 -1.0039
v 108.2435 70.9561 173.9377
v -0.0000 0.8667 -0.0431
v 94.4153 78.2828 177.3372
v -0.0000 0.3725 -0.1843
v 102.5619 76.8960 191.1798
v -0.0000 1.6549 -0.2235
v 94.4153 78.2828 177.3372
v -0.0000 2.3804 -0.1843
v 0.0000 0.0000 108.1751
v 78.9697 182.7724 22.4813
v 0.0000 0.0000 1.0000
v 1.0000 1.0000 0.0000
v -1.0000 -0.5000 0.0000
v 2.8284 0.0000 0.0000
v -21.0000 4.5000 25.0000
v 1.0000 1.0000 1.0000
v 0.9529 -127.4453 44.7576
v 88.8284 8.0000 0.7255
v 0.9529 0.0000 0.0000
v 0.0000 0.0000 -133.7518
v 41.3516 82.9372 9.2779
v 0.0000 0.0000 1.0000
v 1.0000 1.0000 0.0000
v -68.0240 80.8701 68.3133
v 8.0000 0.7255 0.0000
v 0.0000 -71.6587 87.3880
v 64.6312 9.0380 0.0000
v 0.0000 1.0000 1.0000
v 1.0000 0.0000 0.0000
v 0.0000 1.0000 0.0000
v 0.0000 -1.0000 -0.5000
v 0.0000 2.8284 0.0000
v 0.0000 -21.0000 4.5000
v -25.0000 0.0000 0.0000
v 0.0000 1.0000 1.0000
v 1.0000 0.0000 0.0000
v 0.2549 0.9529 -116.8131
v 64.4404 -215.6595 8.0000
v 1.2588 0.9529 0.0000
v -123.4287 68.5411 -216.6037
v 8.7980 0.0000 0.0000
v 1.0000 1.0000 1.0000
v 0.9529 85.1970 77.9257
v 190.2799 8.0000 0.7255
v 0.9529 0.0000 0.0000
v 0.0000 0.0000 89.6638
v 83.8048 196.0145 9.3489
v 0.0000 0.0000 1.0000
v 1.0000 1.0000 0.0000
v -1.0000 -0.5000 0.0000
v 2.8284 0.0000 0.0000
v 21.0000 4.5000 -25.0000
v 1.0000 1.0000 1.0000
v 0.9529 -73.6525 82.5774
v 185.4890 8.0000 0.7255
v 0.9529 0.0000 0.0000
v 0.0000 0.0000 -77.0059
v 88.8331 185.7398 8.6226
v 0.0000 0.0000 1.0000
v 1.0000 1.0000 0.0000
v -96.7005 66.8420 -211.7580
v 8.0000 0.7255 0.0000
v 0.0000 -98.4572 73.1475
v -218.1320 9.1364 0.0000
v 0.0000 1.0000 1.0000
v 1.0000 0.0000 0.0000
v 0.0000 0.7961 0.0000
v -20.0000 63.4500 0.0000
v 25.4951 0.0000 0.0000
v 1.0000 1.0000 1.0000
v 115.8555 63.5630 205.5953
v 8.0000 0.7255 0.0000
v 0.0000 118.3865 70.1100
v 209.4927 8.6403 0.0000
v 0.0000 1.0000 1.0000
v 1.0000 0.0000 0.0000
v 0.2549 0.9529 -78.4805
v 68.1853 17.4077 8.0000
v 1.2588 0.9529 0.0000
v -83.9824 74.6646 22.1201
v 9.7190 0.0000 0.0000
v 1.0000 1.0000 1.0000
v 0.7961 0.0000 0.0000
v 0.0000 0.0000 20.0000
v 63.4500 0.0000 25.4951
v 0.0000 0.0000 1.0000
v 1.0000 1.0000 0.0000
v 0.2549 0.9529 -90.0206
v 61.1945 19.3727 8.0000
v 1.2588 0.9529 0.0000
v -95.9213 67.1455 21.8749
v 8.7461 0.0000 0.0000
v 1.0000 1.0000 1.0000
v 0.9529 -58.8295 85.7618
v 73.9416 8.0000 0.7255
v 0.9529 0.0000 0.0000
v 0.0000 0.0000 -63.1302
v 92.2377 72.3329 8.5270
v 0.0000 0.0000 1.0000
v 1.0000 1.0000 0.0000
v 0.0000 0.0000 -20.0000
v 64.1340 0.0000 75.0267
v 0.0000 0.0000 1.0000
v 1.0000 1.0000 0.0000
v -109.6079 72.7126 -188.4186
v 8.0000 0.7255 0.0000
v 0.0000 -115.8545 78.8236
v -189.2878 8.7817 0.0000
v 0.0000 1.0000 1.0000
v 1.0000 0.0000 0.0000
v 0.2549 0.9529 111.9907
v 25.0201 -115.4518 8.0000
v 1.2588 0.9529 0.0000
v 118.1557 19.8542 -113.7768
v 8.5936 0.0000 0.0000
v 1.0000 1.0000 1.0000
v -9.0353 0.0000 0.0000
v 20.0000 64.1340 0.0000
v 75.0267 0.0000 0.0000
v 1.0000 1.0000 1.0000
v 0.9529 84.5892 80.8921
v -187.2972 8.0000 0.7255
v 0.9529 0.0000 0.0000
v 0.0000 0.0000 83.3112
v 87.2449 -192.9005 8.8163
v 0.0000 0.0000 1.0000
v 1.0000 1.0000 0.0000
v 83.9371 81.8534 -172.7053
v 8.0000 0.7255 0.0000
v 0.0000 83.6319 88.0361
v -175.1618 9.0665 0.0000
v 0.0000 1.0000 1.0000
v 1.0000 0.0000 0.0000
v 0.2549 0.9529 -133.3168
v 34.1278 118.3159 8.0000
v 1.2588 0.9529 0.0000
v -139.8741 28.1907 117.4773
v 8.8855 0.0000 0.0000
v 1.0000 1.0000 1.0000
v -0.6039 0.0000 0.0000
v 40.0000 75.0000 70.0000
v 0.0000 0.0000 1.0000
v 1.0000 1.0000 0.0000
v -88.5601 79.1404 187.7143
v 8.0000 0.7255 0.0000
v 0.0000 -92.2198 85.7595
v 186.1779 8.6681 0.0000
v 0.0000 1.0000 1.0000
v 1.0000 0.0000 0.0000
v 0.2549 0.9529 -125.0582
v 32.9084 99.4744 8.0000
v 1.2588 0.9529 0.0000
v -131.2850 27.0976 97.1469
v 8.8293 0.0000 0.0000
v 1.0000 1.0000 1.0000
v 0.0000 -15.0287 60.0000
v -138.5635 0.0000 -29.8973
v 60.0000 -113.1971 0.0000
v -49.2359 60.0000 -110.3000
v 0.0000 -57.5800 60.0000
v -93.1389 0.0000 -53.2967
v 60.0000 -70.6762 0.0000
v -50.3835 60.0000 -52.3628
v 0.0000 -37.8639 60.0000
v -43.5340 0.0000 -25.3443
v 60.0000 -34.7052 0.0000
v -8.4114 60.0000 -36.9401
v 0.0000 35.5592 60.0000
v -64.5431 0.0000 42.7797
v 60.0000 -89.6474 0.0000
v 40.7117 60.0000 -108.1263
v 0.0000 27.5808 60.0000
v -117.2218 0.0000 13.2186
v 60.0000 -121.6156 0.0000
v 12.0163 123.0000 -98.7455
v 2.0000 -13.6625 122.0000
v -114.1487 2.0000 25.0748
v 123.0000 -94.7376 2.0000
v 37.0154 123.0000 -86.4463
v 2.0000 38.9012 123.0000
v -69.6087 2.0000 32.4158
v 113.0000 -46.2619 2.0000
v -7.5582 114.0000 -21.1726
v 2.0000 -22.9518 114.0000
v -19.1415 2.0000 -34.3330
v 113.5000 -27.1659 2.0000
v -45.7142 113.0000 -35.1903
v 2.0000 -48.4395 123.0000
v -52.3528 2.0000 -52.3405
v 123.0000 -72.8209 2.0000
v -27.1793 123.0000 -91.0882
v 2.0000 -44.7599 123.0000
v -88.4546 2.0000 0.0000
v 0.0000 0.0000 -7.4002
v 91.5000 -78.8525 77.9963
v 0.0000 0.0000 1.0000
v 1.0000 1.0000 0.0000
v -0.6039 0.0000 0.0000
v 40.0000 -75.0000 70.0000
v 0.0000 0.0000 1.0000
v 1.0000 1.0000 0.0000
v -18.6169 60.0000 50.0902
v 0.0000 -44.9910 60.0000
v 63.4762 0.0000 -55.9651
v 60.0000 76.8623 0.0000
v -42.3540 60.0000 92.1858
v 0.0000 -33.7566 60.0000
v 106.7530 0.0000 -10.8466
v 60.0000 116.4071 0.0000
v 13.7317 60.0000 100.9563
v 0.0000 31.5195 60.0000
v 112.9342 0.0000 54.9339
v 60.0000 109.0944 0.0000
v 62.1700 60.0000 92.6831
v 0.0000 48.8121 60.0000
v 69.9517 0.0000 26.8317
v 60.0000 52.8819 0.0000
v -0.2055 60.0000 47.5089
v 0.0000 -0.1868 114.0000
v 69.5536 2.0000 -16.9245
v 114.0000 71.9001 2.0000
v 24.3924 114.0000 74.4381
v 2.0000 44.3746 113.0000
v 89.9561 2.0000 56.5182
v 123.0000 110.6210 2.0000
v 49.9399 123.0000 125.5404
v 2.0000 28.6541 123.0000
v 129.0311 2.0000 12.4834
v 123.0000 118.1421 2.0000
v -9.8606 123.0000 132.1882
v 2.0000 -30.6878 123.0000
v 123.4118 2.0000 -38.5036
v 123.0000 110.1689 2.0000
v -40.9009 113.5000 84.0693
v 2.0000 -50.8774 113.0000
v 96.2384 2.0000 0.0000
v 3.1025 91.5000 89.8486
v 72.6748 0.0000 0.0000
v 1.0000 1.0000 1.0000
v 0.0000 0.0000 -103.8097
v -1.0000 -66.7724 0.0000
v 0.2235 1.0000 -75.0000
v -1.0000 -64.2500 0.0000
v 1.0392 0.9294 -33.0000
v -1.0000 -48.2500 0.0000
v 2.2314 0.4902 -19.0000
v -1.0000 -9.0000 0.0000
v 2.6275 -0.5882 19.0000
v -1.0000 9.0000 0.0000
v 3.7059 -1.0824 30.0000
v -1.0000 32.6250 0.0000
v 4.0157 -1.7333 17.0000
v -1.0000 56.2500 0.0000
v 3.6471 -2.3843 6.0000
v -1.0000 90.5000 0.0000
v 3.3373 -3.3294 -17.0000
v -1.0000 110.5000 0.0000
v 2.6824 -3.8784 -25.0000
v -1.0000 168.7500 0.0000
v 2.4588 -5.4863 -23.1484
v -1.0000 211.7716 0.0000
v 2.5098 -6.6706 -78.5595
v -1.0000 224.7235 0.0000
v 0.9412 -7.0275 -103.4396
v -1.0000 219.5681 0.0000
v 0.2353 -6.8863 -108.3432
v -1.0000 169.8483 0.0000
v 0.0941 -5.5137 -111.7163
v -1.0000 111.1038 0.0000
v 0.0000 -3.8980 -90.7498
v -1.0000 68.4875 0.0000
v 0.5922 -2.7216 -81.7428
v -1.0000 30.4749 0.0000
v 0.8510 -1.6745 -80.7358
v -1.0000 3.4623 0.0000
v 0.8784 -0.9294 -98.2728
v -1.0000 -31.6550 0.0000
v 0.3804 0.0314 -78.4513
v -1.0000 214.2859 0.7984
v 0.9412 -6.7412 -98.3973
v -1.0000 169.0671 0.7984
v 0.3765 -5.4941 -35.7257
v -1.0000 168.5180 0.7984
v 2.1529 -5.4784 -74.6364
v -1.0000 -56.9525 0.7984
v 1.0510 0.7294 -72.8019
v -1.0000 -2.4658 0.7984
v 1.1020 -0.7686 -27.3581
v -1.0000 108.8019 0.7984
v 2.3922 -3.8353 -102.0372
v -1.0000 109.9528 0.7984
v 0.2745 -3.8667 -82.3749
v -1.0000 72.4938 0.7984
v 0.8314 -2.8314 -0.1875
v -1.0000 85.9969 2.0000
v 3.1608 -3.2039 -34.0885
v -1.0000 204.4019 0.7984
v 2.2000 -6.4667 8.3143
v -1.0000 53.8062 2.0000
v 3.4000 -2.3176 -72.8714
v -1.0000 32.5500 0.7984
v 1.1020 -1.7333 21.0643
v -1.0000 33.0875 0.7984
v 3.7608 -1.7490 -92.9243
v -1.0000 206.6765 0.7984
v 0.5333 -6.5294 9.8143
v -1.0000 15.3687 0.7984
v 3.4431 -1.2588 -39.8679
v -1.0000 -40.3938 0.7984
v 2.0353 0.2745 -27.4340
v -1.0000 -4.8844 0.7984
v 2.3882 -0.7020 -92.4546
v -1.0000 -35.8038 0.7984
v 0.5451 0.1451 -95.5455
v -1.0000 -57.8781 0.7984
v 0.4588 0.7569 -32.2786
v -1.0000 43.1781 2.0000
v 2.2510 -2.0235 -41.2812
v -1.0000 79.2453 2.0000
v 1.9961 -3.0196 -64.6977
v -1.0000 109.3774 0.7984
v 1.3333 -3.8510 -67.0615
v -1.0000 168.7926 0.7984
v 1.2667 -5.4863 0.0000
v 0.0000 -40.8581 -1.0000
v 78.9755 162.0597 0.0000
v 0.0000 1.0000 1.0000
v 1.0000 0.0000 0.0000
v 2.5098 -1.5059 0.0000
v 0.0000 0.0000 -45.5581
v 50.0000 0.0000 187.5000
v 0.0000 0.0000 1.0000
v 1.0000 1.0000 0.0000
v 0.0000 0.0000 33.1143
v -1.0000 -211.7170 0.0000
v 0.4235 0.8235 13.0000
v -1.0000 -163.7500 0.0000
v 0.0000 -0.3176 25.0000
v -1.0000 -112.5000 0.0000
v 0.2510 -1.5451 21.0000
v -1.0000 -66.2500 0.0000
v 0.1686 -2.6510 43.0000
v -1.0000 -51.2500 0.0000
v 0.6314 -3.0118 68.7271
v -1.0000 -63.2348 0.0000
v 1.1725 -2.7255 92.1233
v -1.0000 -98.0028 0.0000
v 1.6667 -1.8941 108.3352
v -1.0000 -154.6251 0.0000
v 2.0078 -0.5373 101.0493
v -1.0000 -201.8117 0.0000
v 1.8549 0.5882 74.2971
v -1.0000 -219.0459 0.0000
v 1.2902 1.0000 44.8635
v -1.0000 -64.7424 0.7984
v 0.6706 -2.6902 81.5616
v -1.0000 -102.2514 0.7984
v 1.4431 -1.7922 37.7808
v -1.0000 -109.8757 0.7984
v 0.5216 -1.6078 97.6676
v -1.0000 -155.1875 0.7984
v 1.7843 -0.5255 24.8338
v -1.0000 -162.4688 0.7984
v 0.2510 -0.3490 71.0818
v -1.0000 -206.7644 0.7984
v 1.2235 0.7059 42.0980
v -1.0000 -200.2407 0.7984
v 0.6118 0.5490 61.7953
v -1.0000 -71.9886 0.7984
v 1.0275 -2.5137 35.9318
v -1.0000 -79.4962 2.0000
v 0.4824 -2.3373 91.0656
v -1.0000 -190.2880 0.7984
v 1.6431 0.3137 59.6712
v -1.0000 -106.0636 0.7984
v 0.9843 -1.6980 61.2507
v -1.0000 -158.8282 0.7984
v 1.0157 -0.4353 0.0000
v 0.0000 0.0000 60.6676
v -1.0000 -135.1479 96.4939
v 0.0000 0.0000 1.0000
v 1.0000 1.0000 0.0000
v 0.0000 5.0000 147.5000
v 25.0000 237.1708 0.0000
v 0.0000 1.0000 1.0000
v 1.0000 0.0000 0.0000
v -1.5059 0.0000 0.0000
v 0.0000 42.0837 50.0000
v 0.0000 187.5000 0.0000
v 0.0000 1.0000 1.0000
v 1.0000 0.0000 0.0000
v 0.0000 0.0000 -59.6737
v -10.0000 -56.0964 -0.0000
v 0.0000 1.0000 -35.8042
v -10.0000 -56.0964 -0.0000
v 0.4000 1.0000 -11.9347
v -10.0000 -56.0964 -0.0000
v 0.8039 1.0000 11.9347
v -10.0000 -56.0964 -0.0000
v 1.2039 1.0000 35.8042
v -10.0000 -56.0964 -0.0000
v 1.6078 1.0000 35.8042
v -10.0000 -56.0964 -0.0000
v 1.6078 1.0000 59.6737
v -10.0000 -56.0964 -0.0000
v 2.0078 1.0000 -59.6737
v -10.0000 -18.6988 -0.0000
v 0.0000 0.0000 -35.8042
v -10.0000 -18.6988 -0.0000
v 0.4000 0.0000 -11.9347
v -10.0000 -18.6988 -0.0000
v 0.8039 0.0000 -11.9347
v -10.0000 -18.6988 -0.0000
v 0.8039 0.0000 11.9347
v -10.0000 -18.6988 -0.0000
v 1.2039 0.0000 35.8042
v -10.0000 -18.6988 -0.0000
v 1.6078 0.0000 35.8042
v -10.0000 -18.6988 -0.0000
v 1.6078 0.0000 59.6737
v -10.0000 -18.6988 -0.0000
v 2.0078 0.0000 -59.6737
v -10.0000 18.6988 -0.0000
v 0.0000 -1.0039 -35.8042
v -10.0000 18.6988 -0.0000
v 0.4000 -1.0039 -11.9347
v -10.0000 18.6988 -0.0000
v 0.8039 -1.0039 11.9347
v -10.0000 18.6988 -0.0000
v 1.2039 -1.0039 11.9347
v -10.0000 18.6988 -0.0000
v 1.2039 -1.0039 35.8042
v -10.0000 18.6988 -0.0000
v 1.6078 -1.0039 59.6737
v -10.0000 18.6988 -0.0000
v 2.0078 -1.0039 -35.8042
v -10.0000 56.0964 -0.0000
v 0.4000 -2.0078 -59.6737
v -10.0000 56.0964 -0.0000
v 0.0000 -2.0078 -11.9347
v -10.0000 56.0964 -0.0000
v 0.8039 -2.0078 11.9347
v -10.0000 56.0964 -0.0000
v 1.2039 -2.0078 59.6737
v -10.0000 56.0964 -0.0000
v 2.0078 -2.0078 35.8042
v -10.0000 56.0964 -0.0000
v 1.6078 -2.0078 0.0000
v 0.0000 -0.0000 -10.0000
v -0.0000 81.9009 0.0000
v 0.0000 1.0000 1.0000
v 1.0000 0.0000 0.0000
v 0.0000 -68.2609 -10.0000
v -59.1360 -0.0000 0.0000
v 0.3961 -40.9566 -10.0000
v -59.1360 -0.0000 0.4000
v 0.3961 -40.9566 -10.0000
v -98.5600 -0.0000 0.4000
v 1.0000 -68.2609 -10.0000
v -98.5600 -0.0000 0.0000
v 1.0000 -13.6522 -10.0000
v -59.1360 -0.0000 0.8039
v 0.3961 -13.6522 -10.0000
v -98.5600 -0.0000 0.8039
v 1.0000 13.6522 -10.0000
v -59.1360 -0.0000 1.2039
v 0.3961 13.6522 -10.0000
v -98.5600 -0.0000 1.2039
v 1.0000 40.9566 -10.0000
v -59.1360 -0.0000 1.6078
v 0.3961 68.2609 -10.0000
v -59.1360 -0.0000 2.0078
v 0.3961 68.2609 -10.0000
v -98.5600 -0.0000 2.0078
v 1.0000 40.9566 -10.0000
v -98.5600 -0.0000 1.6078
v 1.0000 -68.2609 -10.0000
v -19.7120 -0.0000 0.0000
v -0.2000 -40.9566 -10.0000
v -19.7120 -0.0000 0.4000
v -0.2000 -13.6522 -10.0000
v -19.7120 -0.0000 0.8039
v -0.2000 13.6522 -10.0000
v -19.7120 -0.0000 1.2039
v -0.2000 40.9566 -10.0000
v -19.7120 -0.0000 1.6078
v -0.2000 68.2609 -10.0000
v -19.7120 -0.0000 2.0078
v -0.2000 -68.2609 -10.0000
v 19.7120 -0.0000 0.0000
v -0.8039 -40.9566 -10.0000
v 19.7120 -0.0000 0.4000
v -0.8039 -13.6522 -10.0000
v 19.7120 -0.0000 0.8039
v -0.8039 13.6522 -10.0000
v 19.7120 -0.0000 1.2039
v -0.8039 40.9566 -10.0000
v 19.7120 -0.0000 1.6078
v -0.8039 68.2609 -10.0000
v 19.7120 -0.0000 2.0078
v -0.8039 -40.9566 -10.0000
v 59.1360 -0.0000 0.4000
v -1.4039 -68.2609 -10.0000
v 59.1360 -0.0000 0.0000
v -1.4039 -68.2609 -10.0000
v 98.5600 -0.0000 0.0000
v -2.0078 -40.9566 -10.0000
v 98.5600 -0.0000 0.4000
v -2.0078 -13.6522 -10.0000
v 59.1360 -0.0000 0.8039
v -1.4039 -13.6522 -10.0000
v 98.5600 -0.0000 0.8039
v -2.0078 13.6522 -10.0000
v 59.1360 -0.0000 1.2039
v -1.4039 13.6522 -10.0000
v 98.5600 -0.0000 1.2039
v -2.0078 68.2609 -10.0000
v 59.1360 -0.0000 2.0078
v -1.4039 40.9566 -10.0000
v 59.1360 -0.0000 1.6078
v -1.4039 40.9566 -10.0000
v 98.5600 -0.0000 1.6078
v -2.0078 68.2609 -10.0000
v 98.5600 -0.0000 2.0078
v -2.0078 0.0000 0.0000
v -10.0000 -0.0000 119.8901
v 0.0000 0.0000 1.0000
v 1.0000 1.0000 0.0000
v 0.3333 1.0000 0.0000
v 0.0000 0.0000 20.0000
v 0.0000 -0.0000 7.0711
v 0.0000 0.0000 1.0000
v 1.0000 1.0000 0.0000
v 0.0000 -100.0000 -10.0000
v -60.0000 -0.0000 0.0000
v 0.0000 -60.0000 -10.0000
v -60.0000 -0.0000 1.0039
v 0.0000 -60.0000 -10.0000
v -100.0000 -0.0000 1.0039
v 1.0000 -100.0000 -10.0000
v -100.0000 -0.0000 0.0000
v 1.0000 -20.0000 -10.0000
v -60.0000 -0.0000 2.0078
v 0.0000 -20.0000 -10.0000
v -100.0000 -0.0000 2.0078
v 1.0000 20.0000 -10.0000
v -60.0000 -0.0000 3.0118
v 0.0000 20.0000 -10.0000
v -100.0000 -0.0000 3.0118
v 1.0000 60.0000 -10.0000
v -60.0000 -0.0000 4.0157
v 0.0000 100.0000 -10.0000
v -60.0000 -0.0000 5.0196
v 0.0000 100.0000 -10.0000
v -100.0000 -0.0000 5.0196
v 1.0000 60.0000 -10.0000
v -100.0000 -0.0000 4.0157
v 1.0000 -100.0000 -10.0000
v -20.0000 -0.0000 0.0000
v -1.0039 -60.0000 -10.0000
v -20.0000 -0.0000 1.0039
v -1.0039 -20.0000 -10.0000
v -20.0000 -0.0000 2.0078
v -1.0039 20.0000 -10.0000
v -20.0000 -0.0000 3.0118
v -1.0039 60.0000 -10.0000
v -20.0000 -0.0000 4.0157
v -1.0039 100.0000 -10.0000
v -20.0000 -0.0000 5.0196
v -1.0039 -100.0000 -10.0000
v 20.0000 -0.0000 0.0000
v -2.0078 -60.0000 -10.0000
v 20.0000 -0.0000 1.0039
v -2.0078 -20.0000 -10.0000
v 20.0000 -0.0000 2.0078
v -2.0078 20.0000 -10.0000
v 20.0000 -0.0000 3.0118
v -2.0078 60.0000 -10.0000
v 20.0000 -0.0000 4.0157
v -2.0078 100.0000 -10.0000
v 20.0000 -0.0000 5.0196
v -2.0078 -60.0000 -10.0000
v 60.0000 -0.0000 1.0039
v -3.0118 -100.0000 -10.0000
v 60.0000 -0.0000 0.0000
v -3.0118 -100.0000 -10.0000
v 100.0000 -0.0000 0.0000
v -4.0157 -60.0000 -10.0000
v 100.0000 -0.0000 1.0039
v -4.0157 -20.0000 -10.0000
v 60.0000 -0.0000 2.0078
v -3.0118 -20.0000 -10.0000
v 100.0000 -0.0000 2.0078
v -4.0157 20.0000 -10.0000
v 60.0000 -0.0000 3.0118
v -3.0118 20.0000 -10.0000
v 100.0000 -0.0000 3.0118
v -4.0157 100.0000 -10.0000
v 60.0000 -0.0000 5.0196
v -3.0118 60.0000 -10.0000
v 60.0000 -0.0000 4.0157
v -3.0118 60.0000 -10.0000
v 100.0000 -0.0000 4.0157
v -4.0157 100.0000 -10.0000
v 100.0000 -0.0000 5.0196
v -4.0157 0.0000 0.0000
v -10.0000 -0.0000 141.4214
v 0.0000 0.0000 1.0000
v 1.0000 1.0000 0.0000
v 0.0000 0.0000 -100.0000
v -10.0000 -60.0000 -0.0000
v 0.0000 0.0000 -60.0000
v -10.0000 -60.0000 -0.0000
v 1.0039 0.0000 -60.0000
v -10.0000 -100.0000 -0.0000
v 1.0039 1.0000 -100.0000
v -10.0000 -100.0000 -0.0000
v 0.0000 1.0000 -20.0000
v -10.0000 -60.0000 -0.0000
v 2.0078 0.0000 -20.0000
v -10.0000 -60.0000 -0.0000
v 2.0078 0.0000 -20.0000
v -10.0000 -100.0000 -0.0000
v 2.0078 1.0000 20.0000
v -10.0000 -60.0000 -0.0000
v 3.0118 0.0000 20.0000
v -10.0000 -60.0000 -0.0000
v 3.0118 0.0000 20.0000
v -10.0000 -100.0000 -0.0000
v 3.0118 1.0000 60.0000
v -10.0000 -60.0000 -0.0000
v 4.0157 0.0000 100.0000
v -10.0000 -60.0000 -0.0000
v 5.0196 0.0000 100.0000
v -10.0000 -100.0000 -0.0000
v 5.0196 1.0000 60.0000
v -10.0000 -100.0000 -0.0000
v 4.0157 1.0000 -100.0000
v -10.0000 -20.0000 -0.0000
v 0.0000 -1.0039 -60.0000
v -10.0000 -20.0000 -0.0000
v 1.0039 -1.0039 -20.0000
v -10.0000 -20.0000 -0.0000
v 2.0078 -1.0039 -20.0000
v -10.0000 -20.0000 -0.0000
v 2.0078 -1.0039 20.0000
v -10.0000 -20.0000 -0.0000
v 3.0118 -1.0039 20.0000
v -10.0000 -20.0000 -0.0000
v 3.0118 -1.0039 60.0000
v -10.0000 -20.0000 -0.0000
v 4.0157 -1.0039 100.0000
v -10.0000 -20.0000 -0.0000
v 5.0196 -1.0039 100.0000
v -10.0000 -20.0000 -0.0000
v 5.0196 -1.0039 -100.0000
v -10.0000 20.0000 -0.0000
v 0.0000 -2.0078 -60.0000
v -10.0000 20.0000 -0.0000
v 1.0039 -2.0078 -20.0000
v -10.0000 20.0000 -0.0000
v 2.0078 -2.0078 -20.0000
v -10.0000 20.0000 -0.0000
v 2.0078 -2.0078 20.0000
v -10.0000 20.0000 -0.0000
v 3.0118 -2.0078 60.0000
v -10.0000 20.0000 -0.0000
v 4.0157 -2.0078 100.0000
v -10.0000 20.0000 -0.0000
v 5.0196 -2.0078 -60.0000
v -10.0000 60.0000 -0.0000
v 1.0039 -3.0118 -60.0000
v -10.0000 60.0000 -0.0000
v 1.0039 -3.0118 -100.0000
v -10.0000 60.0000 -0.0000
v 0.0000 -3.0118 -100.0000
v -10.0000 100.0000 -0.0000
v 0.0000 -4.0157 -60.0000
v -10.0000 100.0000 -0.0000
v 1.0039 -4.0157 -20.0000
v -10.0000 60.0000 -0.0000
v 2.0078 -3.0118 -20.0000
v -10.0000 60.0000 -0.0000
v 2.0078 -3.0118 -20.0000
v -10.0000 100.0000 -0.0000
v 2.0078 -4.0157 20.0000
v -10.0000 60.0000 -0.0000
v 3.0118 -3.0118 20.0000
v -10.0000 60.0000 -0.0000
v 3.0118 -3.0118 20.0000
v -10.0000 100.0000 -0.0000
v 3.0118 -4.0157 20.0000
v -10.0000 100.0000 -0.0000
v 3.0118 -4.0157 100.0000
v -10.0000 60.0000 -0.0000
v 5.0196 -3.0118 60.0000
v -10.0000 60.0000 -0.0000
v 4.0157 -3.0118 60.0000
v -10.0000 100.0000 -0.0000
v 4.0157 -4.0157 60.0000
v -10.0000 100.0000 -0.0000
v 4.0157 -4.0157 100.0000
v -10.0000 100.0000 -0.0000
v 5.0196 -4.0157 0.0000
v -10.0000 -0.0000 141.4214
v 0.0000 0.0000 1.0000
v 1.0000 1.0000 0.0000
v 0.3333 1.0000 0.0000
v 0.0000 0.0000 20.0000
v 0.0000 75.0000 7.0711
v 0.0000 0.0000 1.0000
v 1.0000 1.0000 0.0000
v 0.0000 -100.0000 -10.0000
v -60.0000 -0.0000 0.0000
v 0.0000 -60.0000 -10.0000
v -60.0000 -0.0000 1.0039
v 0.0000 -60.0000 -10.0000
v -100.0000 -0.0000 1.0039
v 1.0000 -100.0000 -10.0000
v -100.0000 -0.0000 0.0000
v 1.0000 -20.0000 -10.0000
v -60.0000 -0.0000 2.0078
v 0.0000 -20.0000 -10.0000
v -60.0000 -0.0000 2.0078
v 0.0000 -20.0000 -10.0000
v -100.0000 -0.0000 2.0078
v 1.0000 20.0000 -10.0000
v -60.0000 -0.0000 3.0118
v 0.0000 20.0000 -10.0000
v -60.0000 -0.0000 3.0118
v 0.0000 20.0000 -10.0000
v -100.0000 -0.0000 3.0118
v 1.0000 60.0000 -10.0000
v -60.0000 -0.0000 4.0157
v 0.0000 100.0000 -10.0000
v -60.0000 -0.0000 5.0196
v 0.0000 100.0000 -10.0000
v -100.0000 -0.0000 5.0196
v 1.0000 60.0000 -10.0000
v -100.0000 -0.0000 4.0157
v 1.0000 -100.0000 -10.0000
v -20.0000 -0.0000 0.0000
v -1.0039 -60.0000 -10.0000
v -20.0000 -0.0000 1.0039
v -1.0039 -20.0000 -10.0000
v -20.0000 -0.0000 2.0078
v -1.0039 -20.0000 -10.0000
v -20.0000 -0.0000 2.0078
v -1.0039 20.0000 -10.0000
v -20.0000 -0.0000 3.0118
v -1.0039 20.0000 -10.0000
v -20.0000 -0.0000 3.0118
v -1.0039 60.0000 -10.0000
v -20.0000 -0.0000 4.0157
v -1.0039 100.0000 -10.0000
v -20.0000 -0.0000 5.0196
v -1.0039 100.0000 -10.0000
v -20.0000 -0.0000 5.0196
v -1.0039 -100.0000 -10.0000
v 20.0000 -0.0000 0.0000
v -2.0078 -60.0000 -10.0000
v 20.0000 -0.0000 1.0039
v -2.0078 -20.0000 -10.0000
v 20.0000 -0.0000 2.0078
v -2.0078 -20.0000 -10.0000
v 20.0000 -0.0000 2.0078
v -2.0078 20.0000 -10.0000
v 20.0000 -0.0000 3.0118
v -2.0078 60.0000 -10.0000
v 20.0000 -0.0000 4.0157
v -2.0078 100.0000 -10.0000
v 20.0000 -0.0000 5.0196
v -2.0078 -60.0000 -10.0000
v 60.0000 -0.0000 1.0039
v -3.0118 -60.0000 -10.0000
v 60.0000 -0.0000 1.0039
v -3.0118 -100.0000 -10.0000
v 60.0000 -0.0000 0.0000
v -3.0118 -100.0000 -10.0000
v 100.0000 -0.0000 0.0000
v -4.0157 -60.0000 -10.0000
v 100.0000 -0.0000 1.0039
v -4.0157 -20.0000 -10.0000
v 60.0000 -0.0000 2.0078
v -3.0118 -20.0000 -10.0000
v 60.0000 -0.0000 2.0078
v -3.0118 -20.0000 -10.0000
v 100.0000 -0.0000 2.0078
v -4.0157 20.0000 -10.0000
v 60.0000 -0.0000 3.0118
v -3.0118 20.0000 -10.0000
v 60.0000 -0.0000 3.0118
v -3.0118 20.0000 -10.0000
v 100.0000 -0.0000 3.0118
v -4.0157 20.0000 -10.0000
v 100.0000 -0.0000 3.0118
v -4.0157 100.0000 -10.0000
v 60.0000 -0.0000 5.0196
v -3.0118 60.0000 -10.0000
v 60.0000 -0.0000 4.0157
v -3.0118 60.0000 -10.0000
v 100.0000 -0.0000 4.0157
v -4.0157 60.0000 -10.0000
v 100.0000 -0.0000 4.0157
v -4.0157 100.0000 -10.0000
v 100.0000 -0.0000 5.0196
v -4.0157 0.0000 0.0000
v 0.0000 -0.0000 -10.0000
v -0.0000 141.4214 0.0000
v 0.0000 1.0000 1.0000
v 1.0000 0.0000 0.0000
v 0.0000 -140.0000 -10.0000
v -60.0000 -0.0000 0.0000
v -0.6039 -60.0000 -10.0000
v -60.0000 -0.0000 2.2941
v -0.6039 -60.0000 -10.0000
v -100.0000 -0.0000 2.2941
v 1.0000 -140.0000 -10.0000
v -100.0000 -0.0000 0.0000
v 1.0000 -20.0000 -10.0000
v -60.0000 -0.0000 3.4431
v -0.6039 -20.0000 -10.0000
v -60.0000 -0.0000 3.4431
v -0.6039 -20.0000 -10.0000
v -60.0000 -0.0000 3.4431
v -0.6039 -20.0000 -10.0000
v -100.0000 -0.0000 3.4431
v 1.0000 20.0000 -10.0000
v -60.0000 -0.0000 4.5882
v -0.6039 20.0000 -10.0000
v -60.0000 -0.0000 4.5882
v -0.6039 20.0000 -10.0000
v -100.0000 -0.0000 4.5882
v 1.0000 60.0000 -10.0000
v -60.0000 -0.0000 5.7373
v -0.6039 140.0000 -10.0000
v -60.0000 -0.0000 8.0314
v -0.6039 140.0000 -10.0000
v -100.0000 -0.0000 8.0314
v 1.0000 60.0000 -10.0000
v -100.0000 -0.0000 5.7373
v 1.0000 -140.0000 -10.0000
v -20.0000 -0.0000 0.0000
v -2.2078 -60.0000 -10.0000
v -20.0000 -0.0000 2.2941
v -2.2078 -20.0000 -10.0000
v -20.0000 -0.0000 3.4431
v -2.2078 20.0000 -10.0000
v -20.0000 -0.0000 4.5882
v -2.2078 60.0000 -10.0000
v -20.0000 -0.0000 5.7373
v -2.2078 140.0000 -10.0000
v -20.0000 -0.0000 8.0314
v -2.2078 -140.0000 -10.0000
v 20.0000 -0.0000 0.0000
v -3.8157 -60.0000 -10.0000
v 20.0000 -0.0000 2.2941
v -3.8157 -20.0000 -10.0000
v 20.0000 -0.0000 3.4431
v -3.8157 20.0000 -10.0000
v 20.0000 -0.0000 4.5882
v -3.8157 60.0000 -10.0000
v 20.0000 -0.0000 5.7373
v -3.8157 140.0000 -10.0000
v 20.0000 -0.0000 8.0314
v -3.8157 -60.0000 -10.0000
v 60.0000 -0.0000 2.2941
v -5.4196 -60.0000 -10.0000
v 60.0000 -0.0000 2.2941
v -5.4196 -140.0000 -10.0000
v 60.0000 -0.0000 0.0000
v -5.4196 -140.0000 -10.0000
v 100.0000 -0.0000 0.0000
v -7.0275 -60.0000 -10.0000
v 100.0000 -0.0000 2.2941
v -7.0275 -20.0000 -10.0000
v 60.0000 -0.0000 3.4431
v -5.4196 -20.0000 -10.0000
v 100.0000 -0.0000 3.4431
v -7.0275 -20.0000 -10.0000
v 100.0000 -0.0000 3.4431
v -7.0275 20.0000 -10.0000
v 60.0000 -0.0000 4.5882
v -5.4196 20.0000 -10.0000
v 100.0000 -0.0000 4.5882
v -7.0275 140.0000 -10.0000
v 60.0000 -0.0000 8.0314
v -5.4196 60.0000 -10.0000
v 60.0000 -0.0000 5.7373
v -5.4196 60.0000 -10.0000
v 100.0000 -0.0000 5.7373
v -7.0275 60.0000 -10.0000
v 100.0000 -0.0000 5.7373
v -7.0275 140.0000 -10.0000
v 100.0000 -0.0000 8.0314
v -7.0275 -100.0000 -10.0000
v 100.0000 -0.0000 1.1490
v -7.0275 -100.0000 -10.0000
v 60.0000 -0.0000 1.1490
v -5.4196 -100.0000 -10.0000
v 20.0000 -0.0000 1.1490
v -3.8157 -100.0000 -10.0000
v -20.0000 -0.0000 1.1490
v -2.2078 -100.0000 -10.0000
v -60.0000 -0.0000 1.1490
v -0.6039 -100.0000 -10.0000
v -100.0000 -0.0000 1.1490
v 1.0000 100.0000 -10.0000
v -100.0000 -0.0000 6.8824
v 1.0000 100.0000 -10.0000
v -60.0000 -0.0000 6.8824
v -0.6039 100.0000 -10.0000
v -20.0000 -0.0000 6.8824
v -2.2078 100.0000 -10.0000
v 20.0000 -0.0000 6.8824
v -3.8157 100.0000 -10.0000
v 60.0000 -0.0000 6.8824
v -5.4196 100.0000 -10.0000
v 100.0000 -0.0000 6.8824
v -7.0275 0.0000 0.0000
v 0.0000 0.0000 -10.0000
v -0.0000 172.0465 0.0000
v 0.0000 1.0000 1.0000
v 1.0000 0.0000 0.0000
v 1.0000 0.0000 0.0000
v 0.0000 -20.0000 0.0000
v 75.0000 7.0711 0.0000
v 0.0000 1.0000 1.0000
v 1.0000 0.0000 0.0000
v -125.0000 -10.0000 -125.0000
v -0.0000 0.0000 1.0000
v -125.0000 -10.0000 -75.0000
v -0.0000 0.0000 -0.2000
v -125.0000 -10.0000 -25.0000
v -0.0000 0.0000 -1.4039
v -125.0000 -10.0000 25.0000
v -0.0000 0.0000 -2.6118
v -125.0000 -10.0000 75.0000
v -0.0000 0.0000 -3.8157
v -125.0000 -10.0000 125.0000
v -0.0000 0.0000 -5.0196
v -75.0000 -10.0000 -125.0000
v -0.0000 1.2039 1.0000
v -75.0000 -10.0000 -75.0000
v -0.0000 1.2039 -0.2000
v -75.0000 -10.0000 -25.0000
v -0.0000 1.2039 -1.4039
v -75.0000 -10.0000 25.0000
v -0.0000 1.2039 -2.6118
v -75.0000 -10.0000 75.0000
v -0.0000 1.2039 -3.8157
v -75.0000 -10.0000 125.0000
v -0.0000 1.2039 -5.0196
v -25.0000 -10.0000 -125.0000
v -0.0000 2.4078 1.0000
v -25.0000 -10.0000 -75.0000
v -0.0000 2.4078 -0.2000
v -25.0000 -10.0000 -25.0000
v -0.0000 2.4078 -1.4039
v -25.0000 -10.0000 25.0000
v -0.0000 2.4078 -2.6118
v -25.0000 -10.0000 75.0000
v -0.0000 2.4078 -3.8157
v -25.0000 -10.0000 125.0000
v -0.0000 2.4078 -5.0196
v 25.0000 -10.0000 -125.0000
v -0.0000 3.6157 1.0000
v 25.0000 -10.0000 -125.0000
v -0.0000 3.6157 1.0000
v 25.0000 -10.0000 -75.0000
v -0.0000 3.6157 -0.2000
v 25.0000 -10.0000 -25.0000
v -0.0000 3.6157 -1.4039
v 25.0000 -10.0000 25.0000
v -0.0000 3.6157 -2.6118
v 25.0000 -10.0000 75.0000
v -0.0000 3.6157 -3.8157
v 25.0000 -10.0000 125.0000
v -0.0000 3.6157 -5.0196
v 75.0000 -10.0000 -125.0000
v -0.0000 4.8196 1.0000
v 75.0000 -10.0000 -75.0000
v -0.0000 4.8196 -0.2000
v 75.0000 -10.0000 -25.0000
v -0.0000 4.8196 -1.4039
v 75.0000 -10.0000 25.0000
v -0.0000 4.8196 -2.6118
v 75.0000 -10.0000 75.0000
v -0.0000 4.8196 -3.8157
v 75.0000 -10.0000 125.0000
v -0.0000 4.8196 -5.0196
v 125.0000 -10.0000 -125.0000
v -0.0000 6.0235 1.0000
v 125.0000 -10.0000 -75.0000
v -0.0000 6.0235 -0.2000
v 125.0000 -10.0000 -25.0000
v -0.0000 6.0235 -1.4039
v 125.0000 -10.0000 25.0000
v -0.0000 6.0235 -2.6118
v 125.0000 -10.0000 75.0000
v -0.0000 6.0235 -3.8157
v 125.0000 -10.0000 125.0000
v -0.0000 6.0235 -5.0196
v -10.0000 0.0000 176.7767
v 0.0000 0.0000 1.0000
v 1.0000 1.0000 0.0000
v 0.0000 0.0000 -101.8097
v -0.8910 -64.7724 0.0000
v 0.1725 1.0000 -74.0000
v -0.8910 -62.2500 0.0000
v 0.7882 0.9490 -35.0000
v -0.8910 -46.2500 0.0000
v 1.6471 0.6118 -20.0000
v -0.8910 -7.0000 0.0000
v 1.9765 -0.2078 16.0000
v -0.8910 10.0000 0.0000
v 2.7686 -0.5608 27.0000
v -0.8910 32.6250 0.0000
v 3.0118 -1.0353 15.0000
v -0.8910 56.2500 0.0000
v 2.7490 -1.5333 3.0000
v -0.8910 90.5000 0.0000
v 2.4824 -2.2510 -18.0000
v -0.8910 109.5000 0.0000
v 2.0196 -2.6471 -27.0000
v -0.8910 168.7500 0.0000
v 1.8235 -3.8902 -26.1484
v -0.8910 209.7716 0.0000
v 1.8392 -4.7490 -78.5595
v -0.8910 222.7235 0.0000
v 0.6863 -5.0196 -100.4396
v -0.8910 216.5681 0.0000
v 0.2039 -4.8902 -106.3432
v -0.8910 169.8483 0.0000
v 0.0745 -3.9137 -109.7163
v -0.8910 111.1038 0.0000
v 0.0000 -2.6824 -84.7498
v -0.8910 56.4875 0.0000
v 0.5490 -1.5373 -97.2728
v -0.8910 -31.6550 0.0000
v 0.2745 0.3059 -77.7358
v -0.8910 3.4623 0.0000
v 0.7255 -4.7686 0.0000
v 0.0000 -41.3581 -0.8910
v 78.9755 155.9418 0.0000
v 0.0000 1.0000 1.0000
v 1.0000 0.0000 0.0000
v 1.0000 0.0000 0.0000
v 0.0000 -20.0000 0.0000
v 0.0000 7.0711 0.0000
v 0.0000 1.0000 1.0000
v 1.0000 0.0000 0.0000
v 99.0000 -0.8910 -199.5000
v 0.0000 1.8549 0.5451
v 106.0000 -0.8910 -152.5000
v 0.0000 2.0078 -0.5882
v 92.0000 -0.8910 -99.2500
v 0.0000 1.7020 -1.8745
v 67.8516 -0.8910 -63.2284
v 0.0000 1.1725 -2.7451
v 42.4405 -0.8910 -52.2765
v 0.0000 0.6157 -3.0118
v 21.5603 -0.8910 -67.4319
v 0.0000 0.1608 -2.6431
v 25.6568 -0.8910 -112.1516
v 0.0000 0.2471 -1.5647
v 14.2837 -0.8910 -163.8962
v 0.0000 0.0000 -0.3098
v 38.2502 -0.8910 -207.5125
v 0.0000 0.5255 0.7412
v 55.1634 -0.8910 -217.9481
v 0.0000 0.8941 0.9922
v 75.5946 -0.8910 -218.2424
v 0.0000 1.3412 1.0000
v 60.1419 -0.8910 -135.2594
v 84.8499 0.0000 0.0000
v 1.0000 1.0000 1.0000
v 0.0000 25.0000 0.0000
v 0.0000 112.5400 0.0000
v 0.0000 1.0000 1.0000
v 1.0000 0.0000 0.0000
v 0.0000 -25.0000 0.0000
v 0.0000 112.5400 0.0000
v 0.0000 1.0000 1.0000
v 1.0000 0.0000 0.0000
v 0.0000 0.0000 50.0000
v -0.0000 180.2221 0.0000
v 0.0000 1.0000 1.0000
v 1.0000 0.0000 0.0000
v 0.3333 1.0000 0.0000
v 0.0000 0.0000 -20.0000
v 0.0000 -75.0000 7.0711
v 0.0000 0.0000 1.0000
v 1.0000 1.0000 0.0000
v 1.0000 0.0000 0.0000
v 0.0000 0.0000 -19.0000
v -29.5000 0.0000 100.4042
v 0.0000 0.0000 1.0000
v 1.0000 1.0000 0.0000
v 0.5686 1.0000 0.0000
v 19.0000 -29.5000 0.0000
v 100.4042 0.0000 0.0000
v 1.0000 1.0000 1.0000
v 20.0000 0.0000 -75.0000
v 7.0711 0.0000 0.0000
v 1.0000 1.0000 1.0000
v 0.2275 -0.0863 0.0000
v 0.0000 -5.3146 50.7589
v 20.3102 169.8123 0.0000
v 0.0000 1.0000 1.0000
v 1.0000 0.0000 0.0000
v 0.0000 0.0157 0.0000
v 0.0000 0.0000 -100.0000
v 50.9042 -0.0000 180.0793
v 0.0000 0.0000 1.0000
v 1.0000 1.0000 0.0000
v 7.0588 1.0000 0.0000
v 0.0000 -3.3871 41.6970
v 0.0000 63.7304 0.0000
v 0.0000 1.0000 1.0000
v 1.0000 0.0000 0.0000
v 0.0000 0.0000 35.5000
v -22.5000 47.8174 0.0000
v 0.0000 1.0000 1.0000
v 1.0000 0.0000 0.0000
v 0.0000 0.6157 0.0000
v 0.0000 35.5000 22.5000
v 47.8174 0.0000 0.0000
v 1.0000 1.0000 1.0000
v -1.0039 0.0000 0.0000
v 0.0000 -1.6445 41.6970
v 0.0000 78.3831 0.0000
v 0.0000 1.0000 1.0000
v 1.0000 0.0000 0.0000
v 0.0000 0.6157 0.0000
v 0.0000 0.0000 35.5000
v -47.5000 47.8174 0.0000
v 0.0000 1.0000 1.0000
v 1.0000 0.0000 0.0000
v 0.6157 0.0000 0.0000
v 0.0000 0.0000 35.5000
v 47.5000 47.8174 0.0000
v 0.0000 1.0000 1.0000
v 1.0000 0.0000 0.0000
v -1.0039 0.0000 0.0000
v -0.5902 41.6970 0.0000
v 117.8020 0.0000 0.0000
v 1.0000 1.0000 1.0000
v 0.6157 0.0000 0.0000
v 0.0000 35.5000 -97.5000
v 47.8174 0.0000 0.0000
v 1.0000 1.0000 1.0000
v 0.0000 35.5000 97.5000
v 47.8174 0.0000 0.0000
v 1.0000 1.0000 1.0000
v -111.3433 0.0000 -34.9555
v 0.0000 1.0392 -2.1647
v -109.3407 0.0000 34.9532
v 0.0000 1.0941 -4.1529
v -35.0000 0.0000 110.0001
v 0.0000 3.1020 -6.2902
v 35.0000 0.0000 110.0001
v 0.0000 4.9922 -6.2902
v -0.0000 0.0000 -70.0000
v 0.0000 4.0471 -1.1647
v -108.8852 0.0000 -0.0000
v 0.0000 1.1059 -3.1608
v -70.0000 0.0000 40.0000
v 0.0000 2.1569 -4.2980
v -70.0000 0.0000 40.0000
v 0.0000 2.1569 -4.2980
v -40.0000 0.0000 70.0000
v 0.0000 2.9647 -5.1529
v -40.0000 0.0000 70.0000
v 0.0000 2.9647 -5.1529
v -70.0000 0.0000 -0.0000
v 0.0000 2.1569 -3.1608
v -0.0000 0.0000 110.0001
v 0.0000 4.0471 -6.2902
v 70.0000 0.0000 0.0000
v 0.0000 5.9373 -3.1608
v -0.0000 0.0000 70.0000
v 0.0000 4.0471 -5.1529
v 1.2981 0.0000 0.5571
v 157.0536 0.0000 0.0000
v 1.0000 1.0000 1.0000
v -6.0275 0.0000 0.0000
v 0.0000 0.0000 -1.1142
v 79.2985 -5.1839 204.9553
v 0.0000 0.0000 1.0000
v 1.0000 1.0000 0.0000
v 1.0000 0.0000 0.0000
v 0.0000 70.0000 0.5000
v 70.0000 33.0719 0.0000
v 0.0000 1.0000 1.0000
v 1.0000 0.0000 0.0000
v 1.0000 0.0000 0.0000
v 0.0000 0.0000 -70.0000
v 0.5000 70.0000 33.0719
v 0.0000 0.0000 1.0000
v 1.0000 1.0000 0.0000
v 1.0039 1.0000 0.0000
v 0.0000 0.0000 -70.0000
v 0.5000 -70.0000 33.0719
v 0.0000 0.0000 1.0000
v 1.0000 1.0000 0.0000
v 0.2235 0.0000 0.0000
v 0.0000 1.2500 -0.0000
v 70.7107 0.0000 0.0000
v 1.0000 1.0000 1.0000
v 0.0000 0.6157 0.0000
v -0.0000 35.5000 117.5000
v 47.8174 0.0000 0.0000
v 1.0000 1.0000 1.0000
v 1.0000 0.0000 0.0000
v 0.0000 -59.5000 -0.5000
v -28.0000 49.9525 0.0000
v 0.0000 1.0000 1.0000
v 1.0000 0.0000 0.0000
v 0.0000 0.0000 86.3338
v -0.5000 -148.9283 35.8527
v 0.0000 0.0000 1.0000
v 1.0000 1.0000 0.0000
v -33.0000 -0.5000 116.0000
v 35.4683 0.0000 0.0000
v 1.0000 1.0000 1.0000
v -67.1031 -1.0000 34.6897
v 37.7644 0.0000 0.0000
v 1.0000 1.0000 1.0000
v 3.6441 -1.0000 60.7954
v 39.5947 0.0000 0.0000
v 1.0000 1.0000 1.0000
v 0.6157 0.0000 0.0000
v 0.0000 0.0000 -117.5000
v 35.5000 0.0000 59.8352
v 0.0000 0.0000 1.0000
v 1.0000 1.0000 0.0000
v 1.0293 63.7071 -0.5962
v 266.3994 0.0000 0.0000
v 1.0000 1.0000 1.0000
v 0.6627 -6.4588 -32.0000
v 0.0000 155.0000 0.0000
v 0.0000 -6.4588 -37.0000
v 0.0000 135.0000 0.0000
v 1.4353 0.3882 47.0000
v 0.0000 -140.0000 0.0000
v 0.0000 0.4549 40.0000
v 0.0000 -157.0000 0.0000
v 0.0000 1.0000 119.0000
v 0.0000 121.0000 0.0000
v 0.0000 -8.0196 115.0000
v 0.0000 155.0000 0.0000
v 0.0000 -9.0353 -34.0000
v 0.0000 -157.0000 0.0000
v 2.0078 1.0000 -40.0000
v 0.0000 -136.0000 0.0000
v 2.0078 0.3412 34.0000
v 0.0000 121.0000 0.0000
v 2.0078 -8.0078 36.0000
v 0.0000 155.0000 0.0000
v 1.3686 -6.4588 -119.0000
v 0.0000 130.0000 0.0000
v 2.0078 -5.5804 -117.0000
v 0.0000 155.0000 0.0000
v 1.4157 -6.0863 43.0419
v 0.0000 59.0000 0.0000
v 1.3843 -3.3098 -5.6587
v 0.0000 -19.0000 0.0000
v 2.0078 -3.3490 1.1081
v 0.1000 -88.0000 -0.9867
v 1.0431 -1.1882 -31.9767
v 0.0000 -87.0000 0.0000
v 2.0078 -1.1490 76.3514
v 0.0000 59.0000 0.0000
v 0.6000 -5.9647 34.6607
v 0.0000 -19.0000 0.0000
v 1.1647 -3.1216 36.7471
v 0.0000 -90.0000 0.0000
v 0.0000 -1.0549 11.2395
v 0.1000 -89.0000 -0.9867
v 0.7451 -1.0392 -36.0000
v 0.0000 97.0000 0.0000
v 0.0000 -4.3020 -118.0000
v 0.0000 96.0000 0.0000
v 0.5882 -4.5020 -67.0000
v 0.0000 43.0000 0.0000
v 1.0196 -2.6941 -44.0000
v 0.0000 54.0000 0.0000
v 0.0000 -2.6941 -59.1296
v 0.0000 40.9677 0.0000
v 0.7255 -2.6941 -91.0000
v 0.0000 56.0000 0.0000
v 2.0078 -2.6941 0.0000
v 0.0000 0.0500 -1.0000
v 196.2065 0.0000 0.0000
v 1.0000 1.0000 1.0000
v 0.0000 0.6157 0.0000
v 35.5000 -167.5000 47.8174
v 0.0000 0.0000 1.0000
v 1.0000 1.0000 0.0000
v 0.0000 0.6157 0.0000
v 0.0000 0.0000 75.0000
v 35.5000 167.5000 47.8174
v 0.0000 0.0000 1.0000
v 1.0000 1.0000 0.0000
v 0.0000 0.6157 0.0000
v 0.0000 0.0000 -75.0000
v 35.5000 167.5000 47.8174
v 0.0000 0.0000 1.0000
v 1.0000 1.0000 0.0000
v 0.0000 -13.0510 0.0000
v 0.0000 0.0000 30.0000
v -0.0000 30.4138 0.0000
v 0.0000 1.0000 1.0000
v 1.0000 0.0000 0.0000
v 30.0000 -0.0000 30.1040
v 0.0000 0.0000 1.0000
v 1.0000 1.0000 0.0000
v 1.0000 0.0000 0.0000
v 0.0000 -0.0000 44.5000
v 0.0000 70.1783 0.0000
v 0.0000 1.0000 1.0000
v 1.0000 0.0000 0.0000
v 1.9843 0.0000 0.0000
v 0.0000 -1.8891 41.6970
v 0.0000 78.1949 0.0000
v 0.0000 1.0000 1.0000
v 1.0000 0.0000 0.0000
v 0.0000 35.5000 -47.5000
v 47.8174 0.0000 0.0000
v 1.0000 1.0000 1.0000
v 0.0000 35.5000 47.5000
v 47.8174 0.0000 0.0000
v 1.0000 1.0000 1.0000
v 44.5000 50.0000 70.1783
v 0.0000 0.0000 1.0000
v 1.0000 1.0000 0.0000
v 0.0000 -0.0000 44.5000
v -50.0000 70.1783 0.0000
v 0.0000 1.0000 1.0000
v 1.0000 0.0000 0.0000
v 6.0627 1.0000 0.0000
v 0.0000 -1.6445 41.6970
v 0.0000 96.2752 0.0000
v 0.0000 1.0000 1.0000
v 1.0000 0.0000 0.0000
v 0.6157 0.0000 0.0000
v 0.0000 0.0000 35.5000
v -72.5000 47.8174 0.0000
v 0.0000 1.0000 1.0000
v 1.0000 0.0000 0.0000
v 0.6157 0.0000 0.0000
v 0.0000 0.0000 35.5000
v 72.5000 47.8174 0.0000
v 0.0000 1.0000 1.0000
v 1.0000 0.0000 0.0000
v 1.0000 0.0000 0.0000
v 0.0000 -0.3179 55.9074
v 6.4674 135.8263 0.0000
v 0.0000 1.0000 1.0000
v 1.0000 0.0000 0.0000
v 0.0000 0.0000 17.7500
v 0.3000 -57.7500 30.1683
v 0.0000 0.0000 1.0000
v 1.0000 1.0000 0.0000
v 0.0000 0.0000 24.3713
v 0.3000 52.3950 17.9251
v 0.0000 0.0000 1.0000
v 1.0000 1.0000 0.0000
v 0.0000 0.0000 -41.3121
v 0.3000 -43.7863 15.7380
v 0.0000 0.0000 1.0000
v 1.0000 1.0000 0.0000
v 35.5000 -67.5000 56.2183
v 0.0000 0.0000 1.0000
v 1.0000 1.0000 0.0000
v 1.8275 1.0000 0.0000
v 0.0000 52.1873 0.1000
v -16.1813 45.9339 0.0000
v 0.0000 1.0000 1.0000
v 1.0000 0.0000 0.0000
v 0.0000 -48.0508 0.1000
v 9.2827 49.9725 0.0000
v 0.0000 1.0000 1.0000
v 1.0000 0.0000 0.0000
v 0.0000 -0.2500 59.6998
v 0.0000 0.0000 1.0000
v 1.0000 1.0000 0.0000
v 0.0000 35.5000 -47.5000
v 47.8174 0.0000 0.0000
v 1.0000 1.0000 1.0000
v 35.5000 47.5000 47.8174
v 0.0000 0.0000 1.0000
v 1.0000 1.0000 0.0000
v 0.0000 0.0000 -1.6445
v 41.6970 0.0000 96.2752
v 0.0000 0.0000 1.0000
v 1.0000 1.0000 0.0000
v 0.0000 0.0000 35.5000
v -72.5000 47.8174 0.0000
v 0.0000 1.0000 1.0000
v 1.0000 0.0000 0.0000
v 0.0000 0.6157 0.0000
v 0.0000 35.5000 72.5000
v 47.8174 0.0000 0.0000
v 1.0000 1.0000 1.0000
v -6.0235 0.0000 0.0000
v 0.0000 114.2639 0.0000
v 0.0000 1.0000 1.0000
v 1.0000 0.0000 0.0000
v 2.4784 0.6157 0.0000
v 0.0000 35.5000 -97.5000
v 47.8174 0.0000 0.0000
v 1.0000 1.0000 1.0000
v 0.0000 35.5000 97.5000
v 47.8174 0.0000 0.0000
v 1.0000 1.0000 1.0000
v -0.0000 35.5000 97.5000
v 47.8174 0.0000 0.0000
v 1.0000 1.0000 1.0000
v 0.0000 0.0000 -97.5000
v 35.5000 0.0000 59.8352
v 0.0000 0.0000 1.0000
v 1.0000 1.0000 0.0000
v 1.0039 0.7451 0.0000
v 0.0000 -37.6910 0.0273
v 37.7566 88.0719 0.0000
v 0.0000 1.0000 1.0000
v 1.0000 0.0000 0.0000
v 97.5000 35.5000 0.0000
v 59.8352 0.0000 0.0000
v 1.0000 1.0000 1.0000
v -97.5000 35.5000 0.0000
v 59.8352 0.0000 0.0000
v 1.0000 1.0000 1.0000
v 0.0000 35.5000 97.5000
v 47.8174 0.0000 0.0000
v 1.0000 1.0000 1.0000
v 0.0000 0.0000 0.0273
v 37.7566 117.7890 0.0000
v 0.0000 1.0000 1.0000
v 1.0000 0.0000 0.0000
v 0.0000 35.5000 97.5000
v 47.8174 0.0000 0.0000
v 1.0000 1.0000 1.0000
v 0.0000 35.5000 -97.5000
v 47.8174 0.0000 0.0000
v 1.0000 1.0000 1.0000
v 97.5000 35.5000 0.0000
v 59.8352 0.0000 0.0000
v 1.0000 1.0000 1.0000
v 0.0000 -97.5000 35.5000
v 0.0000 59.8352 0.0000
v 0.0000 1.0000 1.0000
v 1.0000 0.0000 0.0000
v 0.7451 0.0000 0.0000
v 0.0000 -0.0000 0.0273
v 0.0000 141.4213 0.0000
v 0.0000 1.0000 1.0000
v 1.0000 0.0000 0.0000
v 2.4784 0.6157 0.0000
v 0.0000 -147.5000 35.5000
v 0.0000 56.2183 0.0000
v 0.0000 1.0000 1.0000
v 1.0000 0.0000 0.0000
v 0.6157 0.0000 0.0000
v 0.0000 0.0000 35.5000
v 112.5000 56.2183 0.0000
v 0.0000 1.0000 1.0000
v 1.0000 0.0000 0.0000
v 0.6157 0.0000 0.0000
v 0.0000 -0.0000 35.5000
v -112.5000 56.2183 0.0000
v 0.0000 1.0000 1.0000
v 1.0000 0.0000 0.0000
v 0.6157 0.0000 0.0000
v 0.0000 147.5000 35.5000
v 0.0000 56.2183 0.0000
v 0.0000 1.0000 1.0000
v 1.0000 0.0000 0.0000
v -2.6431 0.0000 0.0000
v 0.0000 0.3540 -0.0180
v 0.0000 150.8629 0.0000
v 0.0000 1.0000 1.0000
v 1.0000 0.0000 0.0000
v -1.0151 0.0000 141.4206
v 1.0000 0.0000 0.0000
v 0.0000 0.0000 1.0000
v 1.0000 1.0000 0.0000
v 0.2627 0.0000 0.0000
v 0.0000 -4.5000 0.0000
v 141.4272 0.0000 0.0000
v 1.0000 1.0000 1.0000
v 0.0000 0.0000 -0.3179
v 55.9074 6.4674 135.8263
v 0.0000 0.0000 1.0000
v 1.0000 1.0000 0.0000
v 0.4941 0.0000 0.0000
v 17.7500 0.3000 -57.7500
v 30.1683 0.0000 0.0000
v 1.0000 1.0000 1.0000
v 1.0000 0.0000 0.0000
v 24.3713 0.3000 52.3950
v 17.9251 0.0000 0.0000
v 1.0000 1.0000 1.0000
v 1.0000 0.0000 0.0000
v -41.3121 0.3000 -43.7863
v 15.7380 0.0000 0.0000
v 1.0000 1.0000 1.0000
v 0.6157 0.0000 0.0000
v 0.0000 35.5000 -68.5000
v 47.8174 0.0000 0.0000
v 1.0000 1.0000 1.0000
v 0.0000 0.0000 52.1873
v 0.1000 -16.1813 45.9339
v 0.0000 0.0000 1.0000
v 1.0000 1.0000 0.0000
v 1.0000 0.0000 0.0000
v -48.0508 0.1000 9.2827
v 49.9725 0.0000 0.0000
v 1.0000 1.0000 1.0000
v 0.9451 0.6824 0.0000
v 0.0000 -2.5000 0.0000
v 130.6563 0.0000 0.0000
v 1.0000 1.0000 1.0000
v 0.6157 0.0000 0.0000
v 0.0000 0.0000 -107.5000
v 35.5000 -0.0000 59.8352
v 0.0000 0.0000 1.0000
v 1.0000 1.0000 0.0000
v 0.0000 0.0000 107.5000
v 35.5000 -0.0000 59.8352
v 0.0000 0.0000 1.0000
v 1.0000 1.0000 0.0000
v 2.8471 1.0000 0.0000
v 0.0000 -1.2085 44.5000
v -5.4776 271.3135 0.0000
v 0.0000 1.0000 1.0000
v 1.0000 0.0000 0.0000
v 0.0000 -120.0000 -2.0000
v -0.5000 106.5610 0.0000
v 0.0000 1.0000 1.0000
v 1.0000 0.0000 0.0000
v 1.0039 1.0000 0.0000
v -2.0000 45.0000 101.9657
v 0.0000 0.0000 1.0000
v 1.0000 1.0000 0.0000
v 0.0000 0.0000 119.6000
v -2.0000 29.6000 77.1927
v 0.0000 0.0000 1.0000
v 1.0000 1.0000 0.0000
v 0.0000 30.0000 -2.0000
v -120.0000 77.6660 0.0000
v 0.0000 1.0000 1.0000
v 1.0000 0.0000 0.0000
v 0.0000 0.0196 0.0000
v 0.0000 -75.0000 35.5000
v -167.5000 47.8174 0.0000
v 0.0000 1.0000 1.0000
v 1.0000 0.0000 0.0000
v 0.0196 0.0000 0.0000
v -75.0000 35.5000 167.5000
v 47.8174 0.0000 0.0000
v 1.0000 1.0000 1.0000
v 0.0000 0.0000 167.5000
v 35.5000 -75.0000 59.8352
v 0.0000 0.0000 1.0000
v 1.0000 1.0000 0.0000
v 0.0000 0.0196 0.0000
v 0.0000 75.0000 35.5000
v 167.5000 47.8174 0.0000
v 0.0000 1.0000 1.0000
v 1.0000 0.0000 0.0000
v 1.0000 0.0000 0.0000
v -54.0000 -0.2500 -96.0001
v 5.9529 0.0000 0.0000
v 1.0000 1.0000 1.0000
v 1.0000 0.0000 0.0000
v 54.0000 -0.2500 -96.0001
v 5.9529 0.0000 0.0000
v 1.0000 1.0000 1.0000
v 1.0000 0.0000 0.0000
v 0.0000 0.0000 96.0000
v -0.2500 -96.0001 5.9529
v 0.0000 0.0000 1.0000
v 1.0000 1.0000 0.0000
v 96.0000 -0.2500 -54.0001
v 5.9529 0.0000 0.0000
v 1.0000 1.0000 1.0000
v 1.0000 0.0000 0.0000
v 54.0000 -0.2500 -54.0001
v 5.9529 0.0000 0.0000
v 1.0000 1.0000 1.0000
v 1.0000 0.0000 0.0000
v -96.0000 -0.2500 -96.0001
v 5.9529 0.0000 0.0000
v 1.0000 1.0000 1.0000
v 1.0000 0.0000 0.0000
v -96.0000 -0.2500 -54.0001
v 5.9529 0.0000 0.0000
v 1.0000 1.0000 1.0000
v 1.0000 0.0000 0.0000
v 0.0000 0.0000 -54.0000
v -0.2500 -54.0001 5.9529
v 0.0000 0.0000 1.0000
v 1.0000 1.0000 0.0000
v -0.4796 78.5000 0.9836
v 282.0174 0.0000 0.0000
v 1.0000 1.0000 1.0000
v 0.0000 0.6157 0.0000
v 35.5000 217.5000 47.8174
v 0.0000 0.0000 1.0000
v 1.0000 1.0000 0.0000
v 0.0000 0.6157 0.0000
v 0.0000 0.0000 117.5000
v 35.5000 100.0000 59.8352
v 0.0000 0.0000 1.0000
v 1.0000 1.0000 0.0000
v 0.0000 0.6157 0.0000
v 35.5000 -217.5000 47.8174
v 0.0000 0.0000 1.0000
v 1.0000 1.0000 0.0000
v 0.0000 0.6157 0.0000
v 0.0000 0.0000 -117.5000
v 35.5000 -100.0000 59.8352
v 0.0000 0.0000 1.0000
v 1.0000 1.0000 0.0000
v 0.0000 -79.0000 -0.5000
v 151.5000 72.5483 0.0000
v 0.0000 1.0000 1.0000
v 1.0000 0.0000 0.0000
v 8.0314 1.0000 0.0000
v 43.1259 -0.5000 -159.4742
v 50.7469 0.0000 0.0000
v 1.0000 1.0000 1.0000
vn 0.0000 1.0000 0.0000
vn 0.0000 1.0000 0.0000
vn 0.0000 1.0000 0.0000
vn 0.0000 1.0000 0.0000
vn 0.0000 1.0000 0.0000
vn 0.0000 1.0000 0.0000
vn 0.0000 1.0000 0.0000
vn 0.0000 1.0000 0.0000
vn 0.0000 1.0000 0.0000
vn 0.0000 1.0000 0.0000
vn 0.0000 1.0000 0.0000
vn 0.0000 1.0000 0.0000
vn 0.0000 1.0000 0.0000
vn 0.0000 1.0000 0.0000
vn 0.0000 1.0000 0.0000
vn 0.0000 1.0000 0.0000
vn 0.0000 1.0000 0.0000
vn 0.0000 1.0000 0.0000
vn 0.0000 1.0000 0.0000
vn 0.0000 1.0000 0.0000
vn 0.0000 1.0000 0.0000
vn 0.0000 1.0000 0.0000
vn 0.0000 1.0000 0.0000
vn 0.0000 1.0000 0.0000
vn 0.0000 1.0000 0.0000
vn 0.0000 1.0000 0.0000
vn 0.0000 1.0000 0.0000
vn 0.0000 1.0000 0.0000
vn 0.0000 1.0000 0.0000
vn 0.0000 1.0000 0.0000
vn 0.0000 1.0000 0.0000
vn 0.0000 1.0000 0.0000
vn 0.0000 1.0000 0.0000
vn 0.0000 1.0000 0.0000
vn 0.0000 1.0000 0.0000
vn 0.0000 1.0000 0.0000
vn 0.0000 1.0000 0.0000
vn 0.0000 1.0000 0.0000
vn 0.0000 1.0000 0.0000
vn 0.0000 1.0000 0.0000
vn 0.0000 1.0000 0.0000
vn 0.0000 1.0000 0.0000
vn 0.0000 1.0000 0.0000
vn 0.0000 1.0000 0.0000
vn 0.0000 1.0000 0.0000
vn 0.0000 1.0000 0.0000
vn 0.0000 1.0000 0.0000
vn 0.0000 1.0000 0.0000
vn 0.0000 1.0000 0.0000
vn 0.0000 1.0000 0.0000
vn 0.0000 1.0000 0.0000
vn 0.0000 1.0000 0.0000
vn 0.0000 1.0000 0.0000
vn 0.0000 1.0000 0.0000
vn 0.0000 1.0000 0.0000
vn 0.0000 1.0000 0.0000
vn 0.0000 1.0000 0.0000
vn 0.0000 1.0000 0.0000
vn 0.0000 1.0000 0.0000
vn 0.0000 1.0000 0.0000
vn 0.0000 1.0000 0.0000
vn 0.0000 1.0000 0.0000
vn 0.0000 1.0000 0.0000
vn 0.0000 1.0000 0.0000
vn 0.0000 1.0000 0.0000
vn 0.0000 1.0000 0.0000
vn 0.0000 1.0000 0.0000
vn 0.0000 1.0000 0.0000
vn 0.0000 1.0000 0.0000
vn 0.0000 1.0000 0.0000
vn 0.0000 1.0000 0.0000
vn 0.0000 1.0000 0.0000
vn 0.0000 1.0000 0.0000
vn 0.0000 1.0000 0.0000
vn 0.0000 1.0000 0.0000
vn 0.0000 1.0000 0.0000
vn 0.0000 1.0000 0.0000
vn 0.0000 1.0000 0.0000
vn 0.0000 1.0000 0.0000
vn 0.0000 1.0000 0.0000
vn 0.0000 1.0000 0.0000
vn 0.0000 1.0000 0.0000
vn 0.0000 1.0000 0.0000
vn 0.0000 1.0000 0.0000
vn 0.0000 1.0000 0.0000
vn 0.0000 1.0000 0.0000
vn 0.0000 1.0000 0.0000
vn 0.0000 1.0000 0.0000
vn 0.0000 1.0000 0.0000
vn 0.0000 1.0000 0.0000
vn 0.0000 1.0000 0.0000
vn 0.0000 1.0000 0.0000
vn 0.0000 1.0000 0.0000
vn 0.0000 1.0000 0.0000
vn 0.0000 1.0000 0.0000
vn 0.0000 1.0000 0.0000
vn 0.0000 1.0000 0.0000
vn 0.0000 1.0000 0.0000
vn 0.0000 1.0000 0.0000
vn 0.0000 1.0000 0.0000
vn 0.0000 1.0000 0.0000
vn 0.0000 1.0000 0.0000
vn 0.0000 1.0000 0.0000
vn 0.0000 1.0000 0.0000
vn 0.0000 1.0000 0.0000
vn 0.0000 1.0000 0.0000
vn 0.0000 1.0000 0.0000
vn 0.0000 1.0000 0.0000
vn 0.0000 1.0000 0.0000
vn 0.0000 1.0000 0.0000
vn 0.0000 1.0000 0.0000
vn 0.0000 1.0000 0.0000
vn 0.0000 1.0000 0.0000
vn 0.0000 1.0000 0.0000
vn 0.0000 1.0000 0.0000
vn 0.0000 1.0000 0.0000
vn 0.0000 1.0000 0.0000
vn 0.0000 1.0000 0.0000
vn 0.0000 1.0000 0.0000
vn 0.0000 1.0000 0.0000
vn 0.0000 1.0000 0.0000
vn 0.0000 1.0000 0.0000
vn 0.0000 1.0000 0.0000
vn 0.0000 1.0000 0.0000
vn 0.0000 1.0000 0.0000
vn 0.0000 1.0000 0.0000
vn 0.0000 1.0000 0.0000
vn 0.0000 1.0000 0.0000
vn 0.0000 1.0000 0.0000
vn 0.0000 1.0000 0.0000
vn 0.0000 1.0000 0.0000
vn 0.0000 1.0000 0.0000
vn 0.0000 1.0000 0.0000
vn 0.0000 1.0000 0.0000
vn 0.0000 1.0000 0.0000
vn 0.0000 1.0000 0.0000
vn 0.0000 1.0000 0.0000
vn 0.0000 1.0000 0.0000
vn 0.0000 1.0000 0.0000
vn 0.0000 1.0000 0.0000
vn 0.0000 1.0000 0.0000
vn 0.0000 1.0000 0.0000
vn 0.0000 1.0000 0.0000
vn 0.0000 1.0000 0.0000
vn 0.0000 1.0000 0.0000
vn 0.0000 1.0000 0.0000
vn 0.0000 1.0000 0.0000
vn 0.0000 1.0000 0.0000
vn 0.0000 1.0000 0.0000
vn 0.0000 1.0000 0.0000
vn 0.0000 1.0000 0.0000
vn 0.0000 1.0000 0.0000
vn 0.0000 1.0000 0.0000
vn 0.0000 1.0000 0.0000
vn 0.0000 1.0000 0.0000
vn 0.0000 1.0000 0.0000
vn 0.0000 1.0000 0.0000
vn 0.0000 1.0000 0.0000
vn 0.0000 1.0000 0.0000
vn 0.0000 1.0000 0.0000
vn 0.0000 1.0000 0.0000
vn 0.0000 1.0000 0.0000
vn 0.0000 1.0000 0.0000
vn 0.0000 1.0000 0.0000
vn 0.0000 1.0000 0.0000
vn 0.0000 1.0000 0.0000
vn 0.0000 1.0000 0.0000
vn 0.0000 1.0000 0.0000
vn 0.0000 1.0000 0.0000
vn 0.0000 1.0000 0.0000
vn 0.0000 1.0000 0.0000
vn 0.0000 1.0000 0.0000
vn 0.0000 1.0000 0.0000
vn 0.0000 1.0000 0.0000
vn 0.0000 1.0000 0.0000
vn 0.0000 1.0000 0.0000
vn 0.0000 1.0000 0.0000
vn 0.0000 1.0000 0.0000
vn 0.0000 1.0000 0.0000
vn 0.0000 1.0000 0.0000
vn 0.0000 1.0000 0.0000
vn 0.0000 1.0000 0.0000
vn 0.0000 1.0000 0.0000
vn 0.0000 1.0000 0.0000
vn 0.0000 1.0000 0.0000
vn 0.0000 1.0000 0.0000
vn 0.0000 1.0000 0.0000
vn 0.0000 1.0000 0.0000
vn 0.0000 1.0000 0.0000
vn 0.0000 1.0000 0.0000
vn 0.0000 1.0000 0.0000
vn 0.0000 1.0000 0.0000
vn 0.0000 1.0000 0.0000
vn 0.0000 1.0000 0.0000
vn 0.0000 1.0000 0.0000
vn 0.0000 1.0000 0.0000
vn 0.0000 1.0000 0.0000
vn 0.0000 1.0000 0.0000
vn 0.0000 1.0000 0.0000
vn 0.0000 1.0000 0.0000
vn 0.0000 1.0000 0.0000
vn 0.0000 1.0000 0.0000
vn 0.0000 1.0000 0.0000
vn 0.0000 1.0000 0.0000
vn 0.0000 1.0000 0.0000
vn 0.0000 1.0000 0.0000
vn 0.0000 1.0000 0.0000
vn 0.0000 1.0000 0.0000
vn 0.0000 1.0000 0.0000
vn 0.0000 1.0000 0.0000
vn 0.0000 1.0000 0.0000
vn 0.0000 1.0000 0.0000
vn 0.0000 1.0000 0.0000
vn 0.0000 1.0000 0.0000
vn 0.0000 1.0000 0.0000
vn 0.0000 1.0000 0.0000
vn 0.0000 1.0000 0.0000
vn 0.0000 1.0000 0.0000
vn 0.0000 1.0000 0.0000
vn 0.0000 1.0000 0.0000
vn 0.0000 1.0000 0.0000
vn 0.0000 1.0000 0.0000
vn 0.0000 1.0000 0.0000
vn 0.0000 1.0000 0.0000
vn 0.0000 1.0000 0.0000
vn 0.0000 1.0000 0.0000
vn 0.0000 1.0000 0.0000
vn 0.0000 1.0000 0.0000
vn 0.0000 1.0000 0.0000
vn 0.0000 1.0000 0.0000
vn 0.0000 1.0000 0.0000
vn 0.0000 1.0000 0.0000
vn 0.0000 1.0000 0.0000
vn 0.0000 1.0000 0.0000
vn 0.0000 1.0000 0.0000
vn 0.0000 1.0000 0.0000
vn 0.0000 1.0000 0.0000
vn 0.0000 1.0000 0.0000
vn 0.0000 1.0000 0.0000
vn 0.0000 1.0000 0.0000
vn 0.0000 1.0000 0.0000
vn 0.0000 1.0000 0.0000
vn 0.0000 1.0000 0.0000
vn 0.0000 1.0000 0.0000
vn 0.0000 1.0000 0.0000
vn 0.0000 1.0000 0.0000
vn 0.0000 1.0000 0.0000
vn 0.0000 1.0000 0.0000
vn 0.0000 1.0000 0.0000
vn 0.0000 1.0000 0.0000
vn 0.0000 1.0000 0.0000
vn 0.0000 1.0000 0.0000
vn 0.0000 1.0000 0.0000
vn 0.0000 1.0000 0.0000
vn 0.0000 1.0000 0.0000
vn 0.0000 1.0000 0.0000
vn 0.0000 1.0000 0.0000
vn 0.0000 1.0000 0.0000
vn 0.0000 1.0000 0.0000
vn 0.0000 1.0000 0.0000
vn 0.0000 1.0000 0.0000
vn 0.0000 1.0000 0.0000
vn 0.0000 1.0000 0.0000
vn 0.0000 1.0000 0.0000
vn 0.0000 1.0000 0.0000
vn 0.0000 1.0000 0.0000
vn 0.0000 1.0000 0.0000
vn 0.0000 1.0000 0.0000
vn 0.0000 1.0000 0.0000
vn 0.0000 1.0000 0.0000
vn 0.0000 1.0000 0.0000
vn 0.0000 1.0000 0.0000
vn 0.0000 1.0000 0.0000
vn 0.0000 1.0000 0.0000
vn 0.0000 1.0000 0.0000
vn 0.0000 1.0000 0.0000
vn 0.0000 1.0000 0.0000
vn 0.0000 1.0000 0.0000
vn 0.0000 1.0000 0.0000
vn 0.0000 1.0000 0.0000
vn 0.0000 1.0000 0.0000
vn 0.0000 1.0000 0.0000
vn 0.0000 1.0000 0.0000
vn 0.0000 1.0000 0.0000
vn 0.0000 1.0000 0.0000
vn 0.0000 1.0000 0.0000
vn 0.0000 1.0000 0.0000
vn 0.0000 1.0000 0.0000
vn 0.0000 1.0000 0.0000
vn 0.0000 1.0000 0.0000
vn 0.0000 1.0000 0.0000
vn 0.0000 1.0000 0.0000
vn 0.0000 1.0000 0.0000
vn 0.0000 1.0000 0.0000
vn 0.0000 1.0000 0.0000
vn 0.0000 1.0000 0.0000
vn 0.0000 1.0000 0.0000
vn 0.0000 1.0000 0.0000
vn 0.0000 1.0000 0.0000
vn 0.0000 1.0000 0.0000
vn 0.0000 1.0000 0.0000
vn 0.0000 1.0000 0.0000
vn 0.0000 1.0000 0.0000
vn 0.0000 1.0000 0.0000
vn 0.0000 1.0000 0.0000
vn 0.0000 1.0000 0.0000
vn 0.0000 1.0000 0.0000
vn 0.0000 1.0000 0.0000
vn 0.0000 1.0000 0.0000
vn 0.0000 1.0000 0.0000
vn 0.0000 1.0000 0.0000
vn 0.0000 1.0000 0.0000
vn 0.0000 1.0000 0.0000
vn 0.0000 1.0000 0.0000
vn 0.0000 1.0000 0.0000
vn 0.0000 1.0000 0.0000
vn 0.0000 1.0000 0.0000
vn 0.0000 1.0000 0.0000
vn 0.0000 1.0000 0.0000
vn 0.0000 1.0000 0.0000
vn 0.0000 1.0000 0.0000
vn 0.0000 1.0000 0.0000
vn 0.0000 1.0000 0.0000
vn 0.0000 1.0000 0.0000
vn 0.0000 1.0000 0.0000
vn 0.0000 1.0000 0.0000
vn 0.0000 1.0000 0.0000
vn 0.0000 1.0000 0.0000
vn 0.0000 1.0000 0.0000
vn 0.0000 1.0000 0.0000
vn 0.0000 1.0000 0.0000
vn 0.0000 1.0000 0.0000
vn 0.0000 1.0000 0.0000
vn 0.0000 1.0000 0.0000
vn 0.0000 1.0000 0.0000
vn 0.0000 1.0000 0.0000
vn 0.0000 1.0000 0.0000
vn 0.0000 1.0000 0.0000
vn 0.0000 1.0000 0.0000
vn 0.0000 1.0000 0.0000
vn 0.0000 1.0000 0.0000
vn 0.0000 1.0000 0.0000
vn 0.0000 1.0000 0.0000
vn 0.0000 1.0000 0.0000
vn 0.0000 1.0000 0.0000
vn 0.0000 1.0000 0.0000
vn 0.0000 1.0000 0.0000
vn 0.0000 1.0000 0.0000
vn 0.0000 1.0000 0.0000
vn 0.0000 1.0000 0.0000
vn 0.0000 1.0000 0.0000
vn 0.0000 1.0000 0.0000
vn 0.0000 1.0000 0.0000
vn 0.0000 1.0000 0.0000
vn 0.0000 1.0000 0.0000
vn 0.0000 1.0000 0.0000
vn 0.0000 1.0000 0.0000
vn 0.0000 1.0000 0.0000
vn 0.0000 1.0000 0.0000
vn 0.0000 1.0000 0.0000
vn 0.0000 1.0000 0.0000
vn 0.0000 1.0000 0.0000
vn 0.0000 1.0000 0.0000
vn 0.0000 1.0000 0.0000
vn 0.0000 1.0000 0.0000
vn 0.0000 1.0000 0.0000
vn 0.0000 1.0000 0.0000
vn 0.0000 1.0000 0.0000
vn 0.0000 1.0000 0.0000
vn 0.0000 1.0000 0.0000
vn 0.0000 1.0000 0.0000
vn 0.0000 1.0000 0.0000
vn 0.0000 1.0000 0.0000
vn 0.0000 1.0000 0.0000
vn 0.0000 1.0000 0.0000
vn 0.0000 1.0000 0.0000
vn 0.0000 1.0000 0.0000
vn 0.0000 1.0000 0.0000
vn 0.0000 1.0000 0.0000
vn 0.0000 1.0000 0.0000
vn 0.0000 1.0000 0.0000
vn 0.0000 1.0000 0.0000
vn 0.0000 1.0000 0.0000
vn 0.0000 1.0000 0.0000
vn 0.0000 1.0000 0.0000
vn 0.0000 1.0000 0.0000
vn 0.0000 1.0000 0.0000
vn 0.0000 1.0000 0.0000
vn 0.0000 1.0000 0.0000
vn 0.0000 1.0000 0.0000
vn 0.0000 1.0000 0.0000
vn 0.0000 1.0000 0.0000
vn 0.0000 1.0000 0.0000
vn 0.0000 1.0000 0.0000
vn 0.0000 1.0000 0.0000
vn 0.0000 1.0000 0.0000
vn 0.0000 1.0000 0.0000
vn 0.0000 1.0000 0.0000
vn 0.0000 1.0000 0.0000
vn 0.0000 1.0000 0.0000
vn 0.0000 1.0000 0.0000
vn 0.0000 1.0000 0.0000
vn 0.0000 1.0000 0.0000
vn 0.0000 1.0000 0.0000
vn 0.0000 1.0000 0.0000
vn 0.0000 1.0000 0.0000
vn 0.0000 1.0000 0.0000
vn 0.0000 1.0000 0.0000
vn 0.0000 1.0000 0.0000
vn 0.0000 1.0000 0.0000
vn 0.0000 1.0000 0.0000
vn 0.0000 1.0000 0.0000
vn 0.0000 1.0000 0.0000
vn 0.0000 1.0000 0.0000
vn 0.0000 1.0000 0.0000
vn 0.0000 1.0000 0.0000
vn 0.0000 1.0000 0.0000
vn 0.0000 1.0000 0.0000
vn 0.0000 1.0000 0.0000
vn 0.0000 1.0000 0.0000
vn 0.0000 1.0000 0.0000
vn 0.0000 1.0000 0.0000
vn 0.0000 1.0000 0.0000
vn 0.0000 1.0000 0.0000
vn 0.0000 1.0000 0.0000
vn 0.0000 1.0000 0.0000
vn 0.0000 1.0000 0.0000
vn 0.0000 1.0000 0.0000
vn 0.0000 1.0000 0.0000
vn 0.0000 1.0000 0.0000
vn 0.0000 1.0000 0.0000
vn 0.0000 1.0000 0.0000
vn 0.0000 1.0000 0.0000
vn 0.0000 1.0000 0.0000
vn 0.0000 1.0000 0.0000
vn 0.0000 1.0000 0.0000
vn 0.0000 1.0000 0.0000
vn 0.0000 1.0000 0.0000
vn 0.0000 1.0000 0.0000
vn 0.0000 1.0000 0.0000
vn 0.0000 1.0000 0.0000
vn 0.0000 1.0000 0.0000
vn 0.0000 1.0000 0.0000
vn 0.0000 1.0000 0.0000
vn 0.0000 1.0000 0.0000
vn 0.0000 1.0000 0.0000
vn 0.0000 1.0000 0.0000
vn 0.0000 1.0000 0.0000
vn 0.0000 1.0000 0.0000
vn 0.0000 1.0000 0.0000
vn 0.0000 1.0000 0.0000
vn 0.0000 1.0000 0.0000
vn 0.0000 1.0000 0.0000
vn 0.0000 1.0000 0.0000
vn 0.0000 1.0000 0.0000
vn 0.0000 1.0000 0.0000
vn 0.0000 1.0000 0.0000
vn 0.0000 1.0000 0.0000
vn 0.0000 1.0000 0.0000
vn 0.0000 1.0000 0.0000
vn 0.0000 1.0000 0.0000
vn 0.0000 1.0000 0.0000
vn 0.0000 1.0000 0.0000
vn 0.0000 1.0000 0.0000
vn 0.0000 1.0000 0.0000
vn 0.0000 1.0000 0.0000
vn 0.0000 1.0000 0.0000
vn 0.0000 1.0000 0.0000
vn 0.0000 1.0000 0.0000
vn 0.0000 1.0000 0.0000
vn 0.0000 1.0000 0.0000
vn 0.0000 1.0000 0.0000
vn 0.0000 1.0000 0.0000
vn 0.0000 1.0000 0.0000
vn 0.0000 1.0000 0.0000
vn 0.0000 1.0000 0.0000
vn 0.0000 1.0000 0.0000
vn 0.0000 1.0000 0.0000
vn 0.0000 1.0000 0.0000
vn 0.0000 1.0000 0.0000
vn 0.0000 1.0000 0.0000
vn 0.0000 1.0000 0.0000
vn 0.0000 1.0000 0.0000
vn 0.0000 1.0000 0.0000
vn 0.0000 1.0000 0.0000
vn 0.0000 1.0000 0.0000
vn 0.0000 1.0000 0.0000
vn 0.0000 1.0000 0.0000
vn 0.0000 1.0000 0.0000
vn 0.0000 1.0000 0.0000
vn 0.0000 1.0000 0.0000
vn 0.0000 1.0000 0.0000
vn 0.0000 1.0000 0.0000
vn 0.0000 1.0000 0.0000
vn 0.0000 1.0000 0.0000
vn 0.0000 1.0000 0.0000
vn 0.0000 1.0000 0.0000
vn 0.0000 1.0000 0.0000
vn 0.0000 1.0000 0.0000
vn 0.0000 1.0000 0.0000
vn 0.0000 1.0000 0.0000
vn 0.0000 1.0000 0.0000
vn 0.0000 1.0000 0.0000
vn 0.0000 1.0000 0.0000
vn 0.0000 1.0000 0.0000
vn 0.0000 1.0000 0.0000
vn 0.0000 1.0000 0.0000
vn 0.0000 1.0000 0.0000
vn 0.0000 1.0000 0.0000
vn 0.0000 1.0000 0.0000
vn 0.0000 1.0000 0.0000
vn 0.0000 1.0000 0.0000
vn 0.0000 1.0000 0.0000
vn 0.0000 1.0000 0.0000
vn 0.0000 1.0000 0.0000
vn 0.0000 1.0000 0.0000
vn 0.0000 1.0000 0.0000
vn 0.0000 1.0000 0.0000
vn 0.0000 1.0000 0.0000
vn 0.0000 1.0000 0.0000
vn 0.0000 1.0000 0.0000
vn 0.0000 1.0000 0.0000
vn 0.0000 1.0000 0.0000
vn 0.0000 1.0000 0.0000
vn 0.0000 1.0000 0.0000
vn 0.0000 1.0000 0.0000
vn 0.0000 1.0000 0.0000
vn 0.0000 1.0000 0.0000
vn 0.0000 1.0000 0.0000
vn 0.0000 1.0000 0.0000
vn 0.0000 1.0000 0.0000
vn 0.0000 1.0000 0.0000
vn 0.0000 1.0000 0.0000
vn 0.0000 1.0000 0.0000
vn 0.0000 1.0000 0.0000
vn 0.0000 1.0000 0.0000
vn 0.0000 1.0000 0.0000
vn 0.0000 1.0000 0.0000
vn 0.0000 1.0000 0.0000
vn 0.0000 1.0000 0.0000
vn 0.0000 1.0000 0.0000
vn 0.0000 1.0000 0.0000
vn 0.0000 1.0000 0.0000
vn 0.0000 1.0000 0.0000
vn 0.0000 1.0000 0.0000
vn 0.0000 1.0000 0.0000
vn 0.0000 1.0000 0.0000
vn 0.0000 1.0000 0.0000
vn 0.0000 1.0000 0.0000
vn 0.0000 1.0000 0.0000
vn 0.0000 1.0000 0.0000
vn 0.0000 1.0000 0.0000
vn 0.0000 1.0000 0.0000
vn 0.0000 1.0000 0.0000
vn 0.0000 1.0000 0.0000
vn 0.0000 1.0000 0.0000
vn 0.0000 1.0000 0.0000
vn 0.0000 1.0000 0.0000
vn 0.0000 1.0000 0.0000
vn 0.0000 1.0000 0.0000
vn 0.0000 1.0000 0.0000
vn 0.0000 1.0000 0.0000
vn 0.0000 1.0000 0.0000
vn 0.0000 1.0000 0.0000
vn 0.0000 1.0000 0.0000
vn 0.0000 1.0000 0.0000
vn 0.0000 1.0000 0.0000
vn 0.0000 1.0000 0.0000
vn 0.0000 1.0000 0.0000
vn 0.0000 1.0000 0.0000
vn 0.0000 1.0000 0.0000
vn 0.0000 1.0000 0.0000
vn 0.0000 1.0000 0.0000
vn 0.0000 1.0000 0.0000
vn 0.0000 1.0000 0.0000
vn 0.0000 1.0000 0.0000
vn 0.0000 1.0000 0.0000
vn 0.0000 1.0000 0.0000
vn 0.0000 1.0000 0.0000
vn 0.0000 1.0000 0.0000
vn 0.0000 1.0000 0.0000
vn 0.0000 1.0000 0.0000
vn 0.0000 1.0000 0.0000
vn 0.0000 1.0000 0.0000
vn 0.0000 1.0000 0.0000
vn 0.0000 1.0000 0.0000
vn 0.0000 1.0000 0.0000
vn 0.0000 1.0000 0.0000
vn 0.0000 1.0000 0.0000
vn 0.0000 1.0000 0.0000
vn 0.0000 1.0000 0.0000
vn 0.0000 1.0000 0.0000
vn 0.0000 1.0000 0.0000
vn 0.0000 1.0000 0.0000
vn 0.0000 1.0000 0.0000
vn 0.0000 1.0000 0.0000
vn 0.0000 1.0000 0.0000
vn 0.0000 1.0000 0.0000
vn 0.0000 1.0000 0.0000
vn 0.0000 1.0000 0.0000
vn 0.0000 1.0000 0.0000
vn 0.0000 1.0000 0.0000
vn 0.0000 1.0000 0.0000
vn 0.0000 1.0000 0.0000
vn 0.0000 1.0000 0.0000
vn 0.0000 1.0000 0.0000
vn 0.0000 1.0000 0.0000
vn 0.0000 1.0000 0.0000
vn 0.0000 1.0000 0.0000
vn 0.0000 1.0000 0.0000
vn 0.0000 1.0000 0.0000
vn 0.0000 1.0000 0.0000
vn 0.0000 1.0000 0.0000
vn 0.0000 1.0000 0.0000
vn 0.0000 1.0000 0.0000
vn 0.0000 1.0000 0.0000
vn 0.0000 1.0000 0.0000
vn 0.0000 1.0000 0.0000
vn 0.0000 1.0000 0.0000
vn 0.0000 1.0000 0.0000
vn 0.0000 1.0000 0.0000
vn 0.0000 1.0000 0.0000
vn 0.0000 1.0000 0.0000
vn 0.0000 1.0000 0.0000
vn 0.0000 1.0000 0.0000
vn 0.0000 1.0000 0.0000
vn 0.0000 1.0000 0.0000
vn 0.0000 1.0000 0.0000
vn 0.0000 1.0000 0.0000
vn 0.0000 1.0000 0.0000
vn 0.0000 1.0000 0.0000
vn 0.0000 1.0000 0.0000
vn 0.0000 1.0000 0.0000
vn 0.0000 1.0000 0.0000
vn 0.0000 1.0000 0.0000
vn 0.0000 1.0000 0.0000
vn 0.0000 1.0000 0.0000
vn 0.0000 1.0000 0.0000
vn 0.0000 1.0000 0.0000
vn 0.0000 1.0000 0.0000
vn 0.0000 1.0000 0.0000
vn 0.0000 1.0000 0.0000
vn 0.0000 1.0000 0.0000
vn 0.0000 1.0000 0.0000
vn 0.0000 1.0000 0.0000
vn 0.0000 1.0000 0.0000
vn 0.0000 1.0000 0.0000
vn 0.0000 1.0000 0.0000
vn 0.0000 1.0000 0.0000
vn 0.0000 1.0000 0.0000
vn 0.0000 1.0000 0.0000
vn 0.0000 1.0000 0.0000
vn 0.0000 1.0000 0.0000
vn 0.0000 1.0000 0.0000
vn 0.0000 1.0000 0.0000
vn 0.0000 1.0000 0.0000
vn 0.0000 1.0000 0.0000
vn 0.0000 1.0000 0.0000
vn 0.0000 1.0000 0.0000
vn 0.0000 1.0000 0.0000
vn 0.0000 1.0000 0.0000
vn 0.0000 1.0000 0.0000
vn 0.0000 1.0000 0.0000
vn 0.0000 1.0000 0.0000
vn 0.0000 1.0000 0.0000
vn 0.0000 1.0000 0.0000
vn 0.0000 1.0000 0.0000
vn 0.0000 1.0000 0.0000
vn 0.0000 1.0000 0.0000
vn 0.0000 1.0000 0.0000
vn 0.0000 1.0000 0.0000
vn 0.0000 1.0000 0.0000
vn 0.0000 1.0000 0.0000
vn 0.0000 1.0000 0.0000
vn 0.0000 1.0000 0.0000
vn 0.0000 1.0000 0.0000
vn 0.0000 1.0000 0.0000
vn 0.0000 1.0000 0.0000
vn 0.0000 1.0000 0.0000
vn 0.0000 1.0000 0.0000
vn 0.0000 1.0000 0.0000
vn 0.0000 1.0000 0.0000
vn 0.0000 1.0000 0.0000
vn 0.0000 1.0000 0.0000
vn 0.0000 1.0000 0.0000
vn 0.0000 1.0000 0.0000
vn 0.0000 1.0000 0.0000
vn 0.0000 1.0000 0.0000
vn 0.0000 1.0000 0.0000
vn 0.0000 1.0000 0.0000
vn 0.0000 1.0000 0.0000
vn 0.0000 1.0000 0.0000
vn 0.0000 1.0000 0.0000
vn 0.0000 1.0000 0.0000
vn 0.0000 1.0000 0.0000
vn 0.0000 1.0000 0.0000
vn 0.0000 1.0000 0.0000
vn 0.0000 1.0000 0.0000
vn 0.0000 1.0000 0.0000
vn 0.0000 1.0000 0.0000
vn 0.0000 1.0000 0.0000
vn 0.0000 1.0000 0.0000
vn 0.0000 1.0000 0.0000
vn 0.0000 1.0000 0.0000
vn 0.0000 1.0000 0.0000
vn 0.0000 1.0000 0.0000
vn 0.0000 1.0000 0.0000
vn 0.0000 1.0000 0.0000
vn 0.0000 1.0000 0.0000
vn 0.0000 1.0000 0.0000
vn 0.0000 1.0000 0.0000
vn 0.0000 1.0000 0.0000
vn 0.0000 1.0000 0.0000
vn 0.0000 1.0000 0.0000
vn 0.0000 1.0000 0.0000
vn 0.0000 1.0000 0.0000
vn 0.0000 1.0000 0.0000
vn 0.0000 1.0000 0.0000
vn 0.0000 1.0000 0.0000
vn 0.0000 1.0000 0.0000
vn 0.0000 1.0000 0.0000
vn 0.0000 1.0000 0.0000
vn 0.0000 1.0000 0.0000
vn 0.0000 1.0000 0.0000
vn 0.0000 1.0000 0.0000
vn 0.0000 1.0000 0.0000
vn 0.0000 1.0000 0.0000
vn 0.0000 1.0000 0.0000
vn 0.0000 1.0000 0.0000
vn 0.0000 1.0000 0.0000
vn 0.0000 1.0000 0.0000
vn 0.0000 1.0000 0.0000
vn 0.0000 1.0000 0.0000
vn 0.0000 1.0000 0.0000
vn 0.0000 1.0000 0.0000
vn 0.0000 1.0000 0.0000
vn 0.0000 1.0000 0.0000
vn 0.0000 1.0000 0.0000
vn 0.0000 1.0000 0.0000
vn 0.0000 1.0000 0.0000
vn 0.0000 1.0000 0.0000
vn 0.0000 1.0000 0.0000
vn 0.0000 1.0000 0.0000
vn 0.0000 1.0000 0.0000
vn 0.0000 1.0000 0.0000
vn 0.0000 1.0000 0.0000
vn 0.0000 1.0000 0.0000
vn 0.0000 1.0000 0.0000
vn 0.0000 1.0000 0.0000
vn 0.0000 1.0000 0.0000
vn 0.0000 1.0000 0.0000
vn 0.0000 1.0000 0.0000
vn 0.0000 1.0000 0.0000
vn 0.0000 1.0000 0.0000
vn 0.0000 1.0000 0.0000
vn 0.0000 1.0000 0.0000
vn 0.0000 1.0000 0.0000
vn 0.0000 1.0000 0.0000
vn 0.0000 1.0000 0.0000
vn 0.0000 1.0000 0.0000
vn 0.0000 1.0000 0.0000
vn 0.0000 1.0000 0.0000
vn 0.0000 1.0000 0.0000
vn 0.0000 1.0000 0.0000
vn 0.0000 1.0000 0.0000
vn 0.0000 1.0000 0.0000
vn 0.0000 1.0000 0.0000
vn 0.0000 1.0000 0.0000
vn 0.0000 1.0000 0.0000
vn 0.0000 1.0000 0.0000
vn 0.0000 1.0000 0.0000
vn 0.0000 1.0000 0.0000
vn 0.0000 1.0000 0.0000
vn 0.0000 1.0000 0.0000
vn 0.0000 1.0000 0.0000
vn 0.0000 1.0000 0.0000
vn 0.0000 1.0000 0.0000
vn 0.0000 1.0000 0.0000
vn 0.0000 1.0000 0.0000
vn 0.0000 1.0000 0.0000
vn 0.0000 1.0000 0.0000
vn 0.0000 1.0000 0.0000
vn 0.0000 1.0000 0.0000
vn 0.0000 1.0000 0.0000
vn 0.0000 1.0000 0.0000
vn 0.0000 1.0000 0.0000
vn 0.0000 1.0000 0.0000
vn 0.0000 1.0000 0.0000
vn 0.0000 1.0000 0.0000
vn 0.0000 1.0000 0.0000
vn 0.0000 1.0000 0.0000
vn 0.0000 1.0000 0.0000
vn 0.0000 1.0000 0.0000
vn 0.0000 1.0000 0.0000
vn 0.0000 1.0000 0.0000
vn 0.0000 1.0000 0.0000
vn 0.0000 1.0000 0.0000
vn 0.0000 1.0000 0.0000
vn 0.0000 1.0000 0.0000
vn 0.0000 1.0000 0.0000
vn 0.0000 1.0000 0.0000
vn 0.0000 1.0000 0.0000
vn 0.0000 1.0000 0.0000
vn 0.0000 1.0000 0.0000
vn 0.0000 1.0000 0.0000
vn 0.0000 1.0000 0.0000
vn 0.0000 1.0000 0.0000
vn 0.0000 1.0000 0.0000
vn 0.0000 1.0000 0.0000
vn 0.0000 1.0000 0.0000
vn 0.0000 1.0000 0.0000
vn 0.0000 1.0000 0.0000
vn 0.0000 1.0000 0.0000
vn 0.0000 1.0000 0.0000
vn 0.0000 1.0000 0.0000
vn 0.0000 1.0000 0.0000
vn 0.0000 1.0000 0.0000
vn 0.0000 1.0000 0.0000
vn 0.0000 1.0000 0.0000
vn 0.0000 1.0000 0.0000
vn 0.0000 1.0000 0.0000
vn 0.0000 1.0000 0.0000
vn 0.0000 1.0000 0.0000
vn 0.0000 1.0000 0.0000
vn 0.0000 1.0000 0.0000
vn 0.0000 1.0000 0.0000
vn 0.0000 1.0000 0.0000
vn 0.0000 1.0000 0.0000
vn 0.0000 1.0000 0.0000
vn 0.0000 1.0000 0.0000
vn 0.0000 1.0000 0.0000
vn 0.0000 1.0000 0.0000
vn 0.0000 1.0000 0.0000
vn 0.0000 1.0000 0.0000
vn 0.0000 1.0000 0.0000
vn 0.0000 1.0000 0.0000
vn 0.0000 1.0000 0.0000
vn 0.0000 1.0000 0.0000
vn 0.0000 1.0000 0.0000
vn 0.0000 1.0000 0.0000
vn 0.0000 1.0000 0.0000
vn 0.0000 1.0000 0.0000
vn 0.0000 1.0000 0.0000
vn 0.0000 1.0000 0.0000
vn 0.0000 1.0000 0.0000
vn 0.0000 1.0000 0.0000
vn 0.0000 1.0000 0.0000
vn 0.0000 1.0000 0.0000
vn 0.0000 1.0000 0.0000
vn 0.0000 1.0000 0.0000
vn 0.0000 1.0000 0.0000
vn 0.0000 1.0000 0.0000
vn 0.0000 1.0000 0.0000
vn 0.0000 1.0000 0.0000
vn 0.0000 1.0000 0.0000
vn 0.0000 1.0000 0.0000
vn 0.0000 1.0000 0.0000
vn 0.0000 1.0000 0.0000
vn 0.0000 1.0000 0.0000
vn 0.0000 1.0000 0.0000
vn 0.0000 1.0000 0.0000
vn 0.0000 1.0000 0.0000
vn 0.0000 1.0000 0.0000
vn 0.0000 1.0000 0.0000
vn 0.0000 1.0000 0.0000
vn 0.0000 1.0000 0.0000
vn 0.0000 1.0000 0.0000
vn 0.0000 1.0000 0.0000
vn 0.0000 1.0000 0.0000
vn 0.0000 1.0000 0.0000
vn 0.0000 1.0000 0.0000
vn 0.0000 1.0000 0.0000
vn 0.0000 1.0000 0.0000
vn 0.0000 1.0000 0.0000
vn 0.0000 1.0000 0.0000
vn 0.0000 1.0000 0.0000
vn 0.0000 1.0000 0.0000
vn 0.0000 1.0000 0.0000
vn 0.0000 1.0000 0.0000
vn 0.0000 1.0000 0.0000
vn 0.0000 1.0000 0.0000
vn 0.0000 1.0000 0.0000
vn 0.0000 1.0000 0.0000
vn 0.0000 1.0000 0.0000
vn 0.0000 1.0000 0.0000
vn 0.0000 1.0000 0.0000
vn 0.0000 1.0000 0.0000
vn 0.0000 1.0000 0.0000
vn 0.0000 1.0000 0.0000
vn 0.0000 1.0000 0.0000
vn 0.0000 1.0000 0.0000
vn 0.0000 1.0000 0.0000
vn 0.0000 1.0000 0.0000
vn 0.0000 1.0000 0.0000
vn 0.0000 1.0000 0.0000
vn 0.0000 1.0000 0.0000
vn 0.0000 1.0000 0.0000
vn 0.0000 1.0000 0.0000
vn 0.0000 1.0000 0.0000
vn 0.0000 1.0000 0.0000
vn 0.0000 1.0000 0.0000
vn 0.0000 1.0000 0.0000
vn 0.0000 1.0000 0.0000
vn 0.0000 1.0000 0.0000
vn 0.0000 1.0000 0.0000
vn 0.0000 1.0000 0.0000
vn 0.0000 1.0000 0.0000
vn 0.0000 1.0000 0.0000
vn 0.0000 1.0000 0.0000
vn 0.0000 1.0000 0.0000
vn 0.0000 1.0000 0.0000
vn 0.0000 1.0000 0.0000
vn 0.0000 1.0000 0.0000
vn 0.0000 1.0000 0.0000
vn 0.0000 1.0000 0.0000
vn 0.0000 1.0000 0.0000
vn 0.0000 1.0000 0.0000
vn 0.0000 1.0000 0.0000
vn 0.0000 1.0000 0.0000
vn 0.0000 1.0000 0.0000
vn 0.0000 1.0000 0.0000
vn 0.0000 1.0000 0.0000
vn 0.0000 1.0000 0.0000
vn 0.0000 1.0000 0.0000
vn 0.0000 1.0000 0.0000
vn 0.0000 1.0000 0.0000
vn 0.0000 1.0000 0.0000
vn 0.0000 1.0000 0.0000
vn 0.0000 1.0000 0.0000
vn 0.0000 1.0000 0.0000
vn 0.0000 1.0000 0.0000
vn 0.0000 1.0000 0.0000
vn 0.0000 1.0000 0.0000
vn 0.0000 1.0000 0.0000
vn 0.0000 1.0000 0.0000
vn 0.0000 1.0000 0.0000
vn 0.0000 1.0000 0.0000
vn 0.0000 1.0000 0.0000
vn 0.0000 1.0000 0.0000
vn 0.0000 1.0000 0.0000
vn 0.0000 1.0000 0.0000
vn 0.0000 1.0000 0.0000
vn 0.0000 1.0000 0.0000
vn 0.0000 1.0000 0.0000
vn 0.0000 1.0000 0.0000
vn 0.0000 1.0000 0.0000
vn 0.0000 1.0000 0.0000
vn 0.0000 1.0000 0.0000
vn 0.0000 1.0000 0.0000
vn 0.0000 1.0000 0.0000
vn 0.0000 1.0000 0.0000
vn 0.0000 1.0000 0.0000
vn 0.0000 1.0000 0.0000
vn 0.0000 1.0000 0.0000
vn 0.0000 1.0000 0.0000
vn 0.0000 1.0000 0.0000
vn 0.0000 1.0000 0.0000
vn 0.0000 1.0000 0.0000
vn 0.0000 1.0000 0.0000
vn 0.0000 1.0000 0.0000
vn 0.0000 1.0000 0.0000
vn 0.0000 1.0000 0.0000
vn 0.0000 1.0000 0.0000
vn 0.0000 1.0000 0.0000
vn 0.0000 1.0000 0.0000
vn 0.0000 1.0000 0.0000
vn 0.0000 1.0000 0.0000
vn 0.0000 1.0000 0.0000
vn 0.0000 1.0000 0.0000
vn 0.0000 1.0000 0.0000
vn 0.0000 1.0000 0.0000
vn 0.0000 1.0000 0.0000
vn 0.0000 1.0000 0.0000
vn 0.0000 1.0000 0.0000
vn 0.0000 1.0000 0.0000
vn 0.0000 1.0000 0.0000
vn 0.0000 1.0000 0.0000
vn 0.0000 1.0000 0.0000
vn 0.0000 1.0000 0.0000
vn 0.0000 1.0000 0.0000
vn 0.0000 1.0000 0.0000
vn 0.0000 1.0000 0.0000
vn 0.0000 1.0000 0.0000
vn 0.0000 1.0000 0.0000
vn 0.0000 1.0000 0.0000
vn 0.0000 1.0000 0.0000
vn 0.0000 1.0000 0.0000
vn 0.0000 1.0000 0.0000
vn 0.0000 1.0000 0.0000
vn 0.0000 1.0000 0.0000
vn 0.0000 1.0000 0.0000
vn 0.0000 1.0000 0.0000
vn 0.0000 1.0000 0.0000
vn 0.0000 1.0000 0.0000
vn 0.0000 1.0000 0.0000
vn 0.0000 1.0000 0.0000
vn 0.0000 1.0000 0.0000
vn 0.0000 1.0000 0.0000
vn 0.0000 1.0000 0.0000
vn 0.0000 1.0000 0.0000
vn 0.0000 1.0000 0.0000
vn 0.0000 1.0000 0.0000
vn 0.0000 1.0000 0.0000
vn 0.0000 1.0000 0.0000
vn 0.0000 1.0000 0.0000
vn 0.0000 1.0000 0.0000
vn 0.0000 1.0000 0.0000
vn 0.0000 1.0000 0.0000
vn 0.0000 1.0000 0.0000
vn 0.0000 1.0000 0.0000
vn 0.0000 1.0000 0.0000
vn 0.0000 1.0000 0.0000
vn 0.0000 1.0000 0.0000
vn 0.0000 1.0000 0.0000
vn 0.0000 1.0000 0.0000
vn 0.0000 1.0000 0.0000
vn 0.0000 1.0000 0.0000
vn 0.0000 1.0000 0.0000
vn 0.0000 1.0000 0.0000
vn 0.0000 1.0000 0.0000
vn 0.0000 1.0000 0.0000
vn 0.0000 1.0000 0.0000
vn 0.0000 1.0000 0.0000
vn 0.0000 1.0000 0.0000
vn 0.0000 1.0000 0.0000
vn 0.0000 1.0000 0.0000
vn 0.0000 1.0000 0.0000
vn 0.0000 1.0000 0.0000
vn 0.0000 1.0000 0.0000
vn 0.0000 1.0000 0.0000
vn 0.0000 1.0000 0.0000
vn 0.0000 1.0000 0.0000
vn 0.0000 1.0000 0.0000
vn 0.0000 1.0000 0.0000
vn 0.0000 1.0000 0.0000
vn 0.0000 1.0000 0.0000
vn 0.0000 1.0000 0.0000
vn 0.0000 1.0000 0.0000
vn 0.0000 1.0000 0.0000
vn 0.0000 1.0000 0.0000
vn 0.0000 1.0000 0.0000
vn 0.0000 1.0000 0.0000
vn 0.0000 1.0000 0.0000
vn 0.0000 1.0000 0.0000
vn 0.0000 1.0000 0.0000
vn 0.0000 1.0000 0.0000
vn 0.0000 1.0000 0.0000
vn 0.0000 1.0000 0.0000
vn 0.0000 1.0000 0.0000
vn 0.0000 1.0000 0.0000
vn 0.0000 1.0000 0.0000
vn 0.0000 1.0000 0.0000
vn 0.0000 1.0000 0.0000
vn 0.0000 1.0000 0.0000
vn 0.0000 1.0000 0.0000
vn 0.0000 1.0000 0.0000
vn 0.0000 1.0000 0.0000
vn 0.0000 1.0000 0.0000
vn 0.0000 1.0000 0.0000
vn 0.0000 1.0000 0.0000
vn 0.0000 1.0000 0.0000
vn 0.0000 1.0000 0.0000
vn 0.0000 1.0000 0.0000
vn 0.0000 1.0000 0.0000
vn 0.0000 1.0000 0.0000
vn 0.0000 1.0000 0.0000
vn 0.0000 1.0000 0.0000
vn 0.0000 1.0000 0.0000
vn 0.0000 1.0000 0.0000
vn 0.0000 1.0000 0.0000
vn 0.0000 1.0000 0.0000
vn 0.0000 1.0000 0.0000
vn 0.0000 1.0000 0.0000
vn 0.0000 1.0000 0.0000
vn 0.0000 1.0000 0.0000
vn 0.0000 1.0000 0.0000
vn 0.0000 1.0000 0.0000
vn 0.0000 1.0000 0.0000
vn 0.0000 1.0000 0.0000
vn 0.0000 1.0000 0.0000
vn 0.0000 1.0000 0.0000
vn 0.0000 1.0000 0.0000
vn 0.0000 1.0000 0.0000
vn 0.0000 1.0000 0.0000
vn 0.0000 1.0000 0.0000
vn 0.0000 1.0000 0.0000
vn 0.0000 1.0000 0.0000
vn 0.0000 1.0000 0.0000
vn 0.0000 1.0000 0.0000
vn 0.0000 1.0000 0.0000
vn 0.0000 1.0000 0.0000
vn 0.0000 1.0000 0.0000
vn 0.0000 1.0000 0.0000
vn 0.0000 1.0000 0.0000
vn 0.0000 1.0000 0.0000
vn 0.0000 1.0000 0.0000
vn 0.0000 1.0000 0.0000
vn 0.0000 1.0000 0.0000
vn 0.0000 1.0000 0.0000
vn 0.0000 1.0000 0.0000
vn 0.0000 1.0000 0.0000
vn 0.0000 1.0000 0.0000
vn 0.0000 1.0000 0.0000
vn 0.0000 1.0000 0.0000
vn 0.0000 1.0000 0.0000
vn 0.0000 1.0000 0.0000
vn 0.0000 1.0000 0.0000
vn 0.0000 1.0000 0.0000
vn 0.0000 1.0000 0.0000
vn 0.0000 1.0000 0.0000
vn 0.0000 1.0000 0.0000
vn 0.0000 1.0000 0.0000
vn 0.0000 1.0000 0.0000
vn 0.0000 1.0000 0.0000
vn 0.0000 1.0000 0.0000
vn 0.0000 1.0000 0.0000
vn 0.0000 1.0000 0.0000
vn 0.0000 1.0000 0.0000
vn 0.0000 1.0000 0.0000
vn 0.0000 1.0000 0.0000
vn 0.0000 1.0000 0.0000
vn 0.0000 1.0000 0.0000
vn 0.0000 1.0000 0.0000
vn 0.0000 1.0000 0.0000
vn 0.0000 1.0000 0.0000
vn 0.0000 1.0000 0.0000
vn 0.0000 1.0000 0.0000
vn 0.0000 1.0000 0.0000
vn 0.0000 1.0000 0.0000
vn 0.0000 1.0000 0.0000
vn 0.0000 1.0000 0.0000
vn 0.0000 1.0000 0.0000
vn 0.0000 1.0000 0.0000
vn 0.0000 1.0000 0.0000
vn 0.0000 1.0000 0.0000
vn 0.0000 1.0000 0.0000
vn 0.0000 1.0000 0.0000
vn 0.0000 1.0000 0.0000
vn 0.0000 1.0000 0.0000
vn 0.0000 1.0000 0.0000
vn 0.0000 1.0000 0.0000
vn 0.0000 1.0000 0.0000
vn 0.0000 1.0000 0.0000
vn 0.0000 1.0000 0.0000
vn 0.0000 1.0000 0.0000
vn 0.0000 1.0000 0.0000
vn 0.0000 1.0000 0.0000
vn 0.0000 1.0000 0.0000
vn 0.0000 1.0000 0.0000
vn 0.0000 1.0000 0.0000
vn 0.0000 1.0000 0.0000
vn 0.0000 1.0000 0.0000
vn 0.0000 1.0000 0.0000
vn 0.0000 1.0000 0.0000
vn 0.0000 1.0000 0.0000
vn 0.0000 1.0000 0.0000
vn 0.0000 1.0000 0.0000
vn 0.0000 1.0000 0.0000
vn 0.0000 1.0000 0.0000
vn 0.0000 1.0000 0.0000
vn 0.0000 1.0000 0.0000
vn 0.0000 1.0000 0.0000
vn 0.0000 1.0000 0.0000
vn 0.0000 1.0000 0.0000
vn 0.0000 1.0000 0.0000
vn 0.0000 1.0000 0.0000
vn 0.0000 1.0000 0.0000
vn 0.0000 1.0000 0.0000
vn 0.0000 1.0000 0.0000
vn 0.0000 1.0000 0.0000
vn 0.0000 1.0000 0.0000
vn 0.0000 1.0000 0.0000
vn 0.0000 1.0000 0.0000
vn 0.0000 1.0000 0.0000
vn 0.0000 1.0000 0.0000
vn 0.0000 1.0000 0.0000
vn 0.0000 1.0000 0.0000
vn 0.0000 1.0000 0.0000
vn 0.0000 1.0000 0.0000
vn 0.0000 1.0000 0.0000
vn 0.0000 1.0000 0.0000
vn 0.0000 1.0000 0.0000
vn 0.0000 1.0000 0.0000
vn 0.0000 1.0000 0.0000
vn 0.0000 1.0000 0.0000
vn 0.0000 1.0000 0.0000
vn 0.0000 1.0000 0.0000
vn 0.0000 1.0000 0.0000
vn 0.0000 1.0000 0.0000
vn 0.0000 1.0000 0.0000
vn 0.0000 1.0000 0.0000
vn 0.0000 1.0000 0.0000
vn 0.0000 1.0000 0.0000
vn 0.0000 1.0000 0.0000
vn 0.0000 1.0000 0.0000
vn 0.0000 1.0000 0.0000
vn 0.0000 1.0000 0.0000
vn 0.0000 1.0000 0.0000
vn 0.0000 1.0000 0.0000
vn 0.0000 1.0000 0.0000
vn 0.0000 1.0000 0.0000
vn 0.0000 1.0000 0.0000
vn 0.0000 1.0000 0.0000
vn 0.0000 1.0000 0.0000
vn 0.0000 1.0000 0.0000
vn 0.0000 1.0000 0.0000
vn 0.0000 1.0000 0.0000
vn 0.0000 1.0000 0.0000
vn 0.0000 1.0000 0.0000
vn 0.0000 1.0000 0.0000
vn 0.0000 1.0000 0.0000
vn 0.0000 1.0000 0.0000
vn 0.0000 1.0000 0.0000
vn 0.0000 1.0000 0.0000
vn 0.0000 1.0000 0.0000
vn 0.0000 1.0000 0.0000
vn 0.0000 1.0000 0.0000
vn 0.0000 1.0000 0.0000
vn 0.0000 1.0000 0.0000
vn 0.0000 1.0000 0.0000
vn 0.0000 1.0000 0.0000
vn 0.0000 1.0000 0.0000
vn 0.0000 1.0000 0.0000
vn 0.0000 1.0000 0.0000
vn 0.0000 1.0000 0.0000
vn 0.0000 1.0000 0.0000
vn 0.0000 1.0000 0.0000
vn 0.0000 1.0000 0.0000
vn 0.0000 1.0000 0.0000
vn 0.0000 1.0000 0.0000
vn 0.0000 1.0000 0.0000
vn 0.0000 1.0000 0.0000
vn 0.0000 1.0000 0.0000
vn 0.0000 1.0000 0.0000
vn 0.0000 1.0000 0.0000
vn 0.0000 1.0000 0.0000
vn 0.0000 1.0000 0.0000
vn 0.0000 1.0000 0.0000
vn 0.0000 1.0000 0.0000
vn 0.0000 1.0000 0.0000
vn 0.0000 1.0000 0.0000
vn 0.0000 1.0000 0.0000
vn 0.0000 1.0000 0.0000
vn 0.0000 1.0000 0.0000
vn 0.0000 1.0000 0.0000
vn 0.0000 1.0000 0.0000
vn 0.0000 1.0000 0.0000
vn 0.0000 1.0000 0.0000
vn 0.0000 1.0000 0.0000
vn 0.0000 1.0000 0.0000
vn 0.0000 1.0000 0.0000
vn 0.0000 1.0000 0.0000
vn 0.0000 1.0000 0.0000
vn 0.0000 1.0000 0.0000
vn 0.0000 1.0000 0.0000
vn 0.0000 1.0000 0.0000
vn 0.0000 1.0000 0.0000
vn 0.0000 1.0000 0.0000
vn 0.0000 1.0000 0.0000
vn 0.0000 1.0000 0.0000
vn 0.0000 1.0000 0.0000
vn 0.0000 1.0000 0.0000
vn 0.0000 1.0000 0.0000
vn 0.0000 1.0000 0.0000
vn 0.0000 1.0000 0.0000
vn 0.0000 1.0000 0.0000
vn 0.0000 1.0000 0.0000
vn 0.0000 1.0000 0.0000
vn 0.0000 1.0000 0.0000
vn 0.0000 1.0000 0.0000
vn 0.0000 1.0000 0.0000
vn 0.0000 1.0000 0.0000
vn 0.0000 1.0000 0.0000
vn 0.0000 1.0000 0.0000
vn 0.0000 1.0000 0.0000
vn 0.0000 1.0000 0.0000
vn 0.0000 1.0000 0.0000
vn 0.0000 1.0000 0.0000
vn 0.0000 1.0000 0.0000
vn 0.0000 1.0000 0.0000
vn 0.0000 1.0000 0.0000
vn 0.0000 1.0000 0.0000
vn 0.0000 1.0000 0.0000
vn 0.0000 1.0000 0.0000
vn 0.0000 1.0000 0.0000
vn 0.0000 1.0000 0.0000
vn 0.0000 1.0000 0.0000
vn 0.0000 1.0000 0.0000
vn 0.0000 1.0000 0.0000
vn 0.0000 1.0000 0.0000
vn 0.0000 1.0000 0.0000
vn 0.0000 1.0000 0.0000
vn 0.0000 1.0000 0.0000
vn 0.0000 1.0000 0.0000
vn 0.0000 1.0000 0.0000
vn 0.0000 1.0000 0.0000
vn 0.0000 1.0000 0.0000
vn 0.0000 1.0000 0.0000
vn 0.0000 1.0000 0.0000
vn 0.0000 1.0000 0.0000
vn 0.0000 1.0000 0.0000
vn 0.0000 1.0000 0.0000
vn 0.0000 1.0000 0.0000
vn 0.0000 1.0000 0.0000
vn 0.0000 1.0000 0.0000
vn 0.0000 1.0000 0.0000
vn 0.0000 1.0000 0.0000
vn 0.0000 1.0000 0.0000
vn 0.0000 1.0000 0.0000
vn 0.0000 1.0000 0.0000
vn 0.0000 1.0000 0.0000
vn 0.0000 1.0000 0.0000
vn 0.0000 1.0000 0.0000
vn 0.0000 1.0000 0.0000
vn 0.0000 1.0000 0.0000
vn 0.0000 1.0000 0.0000
vn 0.0000 1.0000 0.0000
vn 0.0000 1.0000 0.0000
vn 0.0000 1.0000 0.0000
vn 0.0000 1.0000 0.0000
vn 0.0000 1.0000 0.0000
vn 0.0000 1.0000 0.0000
vn 0.0000 1.0000 0.0000
vn 0.0000 1.0000 0.0000
vn 0.0000 1.0000 0.0000
vn 0.0000 1.0000 0.0000
vn 0.0000 1.0000 0.0000
vn 0.0000 1.0000 0.0000
vn 0.0000 1.0000 0.0000
vn 0.0000 1.0000 0.0000
vn 0.0000 1.0000 0.0000
vn 0.0000 1.0000 0.0000
vn 0.0000 1.0000 0.0000
vn 0.0000 1.0000 0.0000
vn 0.0000 1.0000 0.0000
vn 0.0000 1.0000 0.0000
vn 0.0000 1.0000 0.0000
vn 0.0000 1.0000 0.0000
vn 0.0000 1.0000 0.0000
vn 0.0000 1.0000 0.0000
vn 0.0000 1.0000 0.0000
vn 0.0000 1.0000 0.0000
vn 0.0000 1.0000 0.0000
vn 0.0000 1.0000 0.0000
vn 0.0000 1.0000 0.0000
vn 0.0000 1.0000 0.0000
vn 0.0000 1.0000 0.0000
vn 0.0000 1.0000 0.0000
vn 0.0000 1.0000 0.0000
vn 0.0000 1.0000 0.0000
vn 0.0000 1.0000 0.0000
vn 0.0000 1.0000 0.0000
vn 0.0000 1.0000 0.0000
vn 0.0000 1.0000 0.0000
vn 0.0000 1.0000 0.0000
vn 0.0000 1.0000 0.0000
vn 0.0000 1.0000 0.0000
vn 0.0000 1.0000 0.0000
vn 0.0000 1.0000 0.0000
vn 0.0000 1.0000 0.0000
vn 0.0000 1.0000 0.0000
vn 0.0000 1.0000 0.0000
vn 0.0000 1.0000 0.0000
vn 0.0000 1.0000 0.0000
vn 0.0000 1.0000 0.0000
vn 0.0000 1.0000 0.0000
vn 0.0000 1.0000 0.0000
vn 0.0000 1.0000 0.0000
vn 0.0000 1.0000 0.0000
vn 0.0000 1.0000 0.0000
vn 0.0000 1.0000 0.0000
vn 0.0000 1.0000 0.0000
vn 0.0000 1.0000 0.0000
vn 0.0000 1.0000 0.0000
vn 0.0000 1.0000 0.0000
vn 0.0000 1.0000 0.0000
vn 0.0000 1.0000 0.0000
vn 0.0000 1.0000 0.0000
vn 0.0000 1.0000 0.0000
vn 0.0000 1.0000 0.0000
vn 0.0000 1.0000 0.0000
vn 0.0000 1.0000 0.0000
vn 0.0000 1.0000 0.0000
vn 0.0000 1.0000 0.0000
vn 0.0000 1.0000 0.0000
vn 0.0000 1.0000 0.0000
vn 0.0000 1.0000 0.0000
vn 0.0000 1.0000 0.0000
vn 0.0000 1.0000 0.0000
vn 0.0000 1.0000 0.0000
vn 0.0000 1.0000 0.0000
vn 0.0000 1.0000 0.0000
vn 0.0000 1.0000 0.0000
vn 0.0000 1.0000 0.0000
vn 0.0000 1.0000 0.0000
vn 0.0000 1.0000 0.0000
vn 0.0000 1.0000 0.0000
vn 0.0000 1.0000 0.0000
vn 0.0000 1.0000 0.0000
vn 0.0000 1.0000 0.0000
vn 0.0000 1.0000 0.0000
vn 0.0000 1.0000 0.0000
vn 0.0000 1.0000 0.0000
vn 0.0000 1.0000 0.0000
vn 0.0000 1.0000 0.0000
vn 0.0000 1.0000 0.0000
vn 0.0000 1.0000 0.0000
vn 0.0000 1.0000 0.0000
vn 0.0000 1.0000 0.0000
vn 0.0000 1.0000 0.0000
vn 0.0000 1.0000 0.0000
vn 0.0000 1.0000 0.0000
vn 0.0000 1.0000 0.0000
vn 0.0000 1.0000 0.0000
vn 0.0000 1.0000 0.0000
vn 0.0000 1.0000 0.0000
vn 0.0000 1.0000 0.0000
vn 0.0000 1.0000 0.0000
vn 0.0000 1.0000 0.0000
vn 0.0000 1.0000 0.0000
vn 0.0000 1.0000 0.0000
vn 0.0000 1.0000 0.0000
vn 0.0000 1.0000 0.0000
vn 0.0000 1.0000 0.0000
vn 0.0000 1.0000 0.0000
vn 0.0000 1.0000 0.0000
vn 0.0000 1.0000 0.0000
vn 0.0000 1.0000 0.0000
vn 0.0000 1.0000 0.0000
vn 0.0000 1.0000 0.0000
vn 0.0000 1.0000 0.0000
vn 0.0000 1.0000 0.0000
vn 0.0000 1.0000 0.0000
vn 0.0000 1.0000 0.0000
vn 0.0000 1.0000 0.0000
vn 0.0000 1.0000 0.0000
vn 0.0000 1.0000 0.0000
vn 0.0000 1.0000 0.0000
vn 0.0000 1.0000 0.0000
vn 0.0000 1.0000 0.0000
vn 0.0000 1.0000 0.0000
vn 0.0000 1.0000 0.0000
vn 0.0000 1.0000 0.0000
vn 0.0000 1.0000 0.0000
vn 0.0000 1.0000 0.0000
vn 0.0000 1.0000 0.0000
vn 0.0000 1.0000 0.0000
vn 0.0000 1.0000 0.0000
vn 0.0000 1.0000 0.0000
vn 0.0000 1.0000 0.0000
vn 0.0000 1.0000 0.0000
vn 0.0000 1.0000 0.0000
vn 0.0000 1.0000 0.0000
vn 0.0000 1.0000 0.0000
vn 0.0000 1.0000 0.0000
vn 0.0000 1.0000 0.0000
vn 0.0000 1.0000 0.0000
vn 0.0000 1.0000 0.0000
vn 0.0000 1.0000 0.0000
vn 0.0000 1.0000 0.0000
vn 0.0000 1.0000 0.0000
vn 0.0000 1.0000 0.0000
vn 0.0000 1.0000 0.0000
vn 0.0000 1.0000 0.0000
vn 0.0000 1.0000 0.0000
vn 0.0000 1.0000 0.0000
vn 0.0000 1.0000 0.0000
vn 0.0000 1.0000 0.0000
vn 0.0000 1.0000 0.0000
vn 0.0000 1.0000 0.0000
vn 0.0000 1.0000 0.0000
vn 0.0000 1.0000 0.0000
vn 0.0000 1.0000 0.0000
vn 0.0000 1.0000 0.0000
vn 0.0000 1.0000 0.0000
vn 0.0000 1.0000 0.0000
vn 0.0000 1.0000 0.0000
vn 0.0000 1.0000 0.0000
vn 0.0000 1.0000 0.0000
vn 0.0000 1.0000 0.0000
vn 0.0000 1.0000 0.0000
vn 0.0000 1.0000 0.0000
vn 0.0000 1.0000 0.0000
vn 0.0000 1.0000 0.0000
vn 0.0000 1.0000 0.0000
vn 0.0000 1.0000 0.0000
vn 0.0000 1.0000 0.0000
vn 0.0000 1.0000 0.0000
vn 0.0000 1.0000 0.0000
vn 0.0000 1.0000 0.0000
vn 0.0000 1.0000 0.0000
vn 0.0000 1.0000 0.0000
vn 0.0000 1.0000 0.0000
vn 0.0000 1.0000 0.0000
vn 0.0000 1.0000 0.0000
vn 0.0000 1.0000 0.0000
vn 0.0000 1.0000 0.0000
vn 0.0000 1.0000 0.0000
vn 0.0000 1.0000 0.0000
vn 0.0000 1.0000 0.0000
vn 0.0000 1.0000 0.0000
vn 0.0000 1.0000 0.0000
vn 0.0000 1.0000 0.0000
vn 0.0000 1.0000 0.0000
vn 0.0000 1.0000 0.0000
vn 0.0000 1.0000 0.0000
vn 0.0000 1.0000 0.0000
vn 0.0000 1.0000 0.0000
vn 0.0000 1.0000 0.0000
vn 0.0000 1.0000 0.0000
vn 0.0000 1.0000 0.0000
vn 0.0000 1.0000 0.0000
vn 0.0000 1.0000 0.0000
vn 0.0000 1.0000 0.0000
vn 0.0000 1.0000 0.0000
vn 0.0000 1.0000 0.0000
vn 0.0000 1.0000 0.0000
vn 0.0000 1.0000 0.0000
vn 0.0000 1.0000 0.0000
vn 0.0000 1.0000 0.0000
vn 0.0000 1.0000 0.0000
vn 0.0000 1.0000 0.0000
vn 0.0000 1.0000 0.0000
vn 0.0000 1.0000 0.0000
vn 0.0000 1.0000 0.0000
vn 0.0000 1.0000 0.0000
vn 0.0000 1.0000 0.0000
vn 0.0000 1.0000 0.0000
vn 0.0000 1.0000 0.0000
vn 0.0000 1.0000 0.0000
vn 0.0000 1.0000 0.0000
vn 0.0000 1.0000 0.0000
vn 0.0000 1.0000 0.0000
vn 0.0000 1.0000 0.0000
vn 0.0000 1.0000 0.0000
vn 0.0000 1.0000 0.0000
vn 0.0000 1.0000 0.0000
vn 0.0000 1.0000 0.0000
vn 0.0000 1.0000 0.0000
vn 0.0000 1.0000 0.0000
vn 0.0000 1.0000 0.0000
vn 0.0000 1.0000 0.0000
vn 0.0000 1.0000 0.0000
vn 0.0000 1.0000 0.0000
vn 0.0000 1.0000 0.0000
vn 0.0000 1.0000 0.0000
vn 0.0000 1.0000 0.0000
vn 0.0000 1.0000 0.0000
vn 0.0000 1.0000 0.0000
vn 0.0000 1.0000 0.0000
vn 0.0000 1.0000 0.0000
vn 0.0000 1.0000 0.0000
vn 0.0000 1.0000 0.0000
vn 0.0000 1.0000 0.0000
vn 0.0000 1.0000 0.0000
vn 0.0000 1.0000 0.0000
vn 0.0000 1.0000 0.0000
vn 0.0000 1.0000 0.0000
vn 0.0000 1.0000 0.0000
vn 0.0000 1.0000 0.0000
vn 0.0000 1.0000 0.0000
vn 0.0000 1.0000 0.0000
vn 0.0000 1.0000 0.0000
vn 0.0000 1.0000 0.0000
vn 0.0000 1.0000 0.0000
vn 0.0000 1.0000 0.0000
vn 0.0000 1.0000 0.0000
vn 0.0000 1.0000 0.0000
vn 0.0000 1.0000 0.0000
vn 0.0000 1.0000 0.0000
vn 0.0000 1.0000 0.0000
vn 0.0000 1.0000 0.0000
vn 0.0000 1.0000 0.0000
vn 0.0000 1.0000 0.0000
vn 0.0000 1.0000 0.0000
vn 0.0000 1.0000 0.0000
vn 0.0000 1.0000 0.0000
vn 0.0000 1.0000 0.0000
vn 0.0000 1.0000 0.0000
vn 0.0000 1.0000 0.0000
vn 0.0000 1.0000 0.0000
vn 0.0000 1.0000 0.0000
vn 0.0000 1.0000 0.0000
vn 0.0000 1.0000 0.0000
vn 0.0000 1.0000 0.0000
vn 0.0000 1.0000 0.0000
vn 0.0000 1.0000 0.0000
vn 0.0000 1.0000 0.0000
vn 0.0000 1.0000 0.0000
vn 0.0000 1.0000 0.0000
vn 0.0000 1.0000 0.0000
vn 0.0000 1.0000 0.0000
vn 0.0000 1.0000 0.0000
vn 0.0000 1.0000 0.0000
vn 0.0000 1.0000 0.0000
vn 0.0000 1.0000 0.0000
vn 0.0000 1.0000 0.0000
vn 0.0000 1.0000 0.0000
vn 0.0000 1.0000 0.0000
vn 0.0000 1.0000 0.0000
vn 0.0000 1.0000 0.0000
vn 0.0000 1.0000 0.0000
vn 0.0000 1.0000 0.0000
vn 0.0000 1.0000 0.0000
vn 0.0000 1.0000 0.0000
vn 0.0000 1.0000 0.0000
vn 0.0000 1.0000 0.0000
vn 0.0000 1.0000 0.0000
vn 0.0000 1.0000 0.0000
vn 0.0000 1.0000 0.0000
vn 0.0000 1.0000 0.0000
vn 0.0000 1.0000 0.0000
vn 0.0000 1.0000 0.0000
vn 0.0000 1.0000 0.0000
vn 0.0000 1.0000 0.0000
vn 0.0000 1.0000 0.0000
vn 0.0000 1.0000 0.0000
vn 0.0000 1.0000 0.0000
vn 0.0000 1.0000 0.0000
vn 0.0000 1.0000 0.0000
vn 0.0000 1.0000 0.0000
vn 0.0000 1.0000 0.0000
vn 0.0000 1.0000 0.0000
vn 0.0000 1.0000 0.0000
vn 0.0000 1.0000 0.0000
vn 0.0000 1.0000 0.0000
vn 0.0000 1.0000 0.0000
vn 0.0000 1.0000 0.0000
vn 0.0000 1.0000 0.0000
vn 0.0000 1.0000 0.0000
vn 0.0000 1.0000 0.0000
vn 0.0000 1.0000 0.0000
vn 0.0000 1.0000 0.0000
vn 0.0000 1.0000 0.0000
vn 0.0000 1.0000 0.0000
vn 0.0000 1.0000 0.0000
vn 0.0000 1.0000 0.0000
vn 0.0000 1.0000 0.0000
vn 0.0000 1.0000 0.0000
vn 0.0000 1.0000 0.0000
vn 0.0000 1.0000 0.0000
vn 0.0000 1.0000 0.0000
vn 0.0000 1.0000 0.0000
vn 0.0000 1.0000 0.0000
vn 0.0000 1.0000 0.0000
vn 0.0000 1.0000 0.0000
vn 0.0000 1.0000 0.0000
vn 0.0000 1.0000 0.0000
vn 0.0000 1.0000 0.0000
vn 0.0000 1.0000 0.0000
vn 0.0000 1.0000 0.0000
vn 0.0000 1.0000 0.0000
vn 0.0000 1.0000 0.0000
vn 0.0000 1.0000 0.0000
vn 0.0000 1.0000 0.0000
vn 0.0000 1.0000 0.0000
vn 0.0000 1.0000 0.0000
vn 0.0000 1.0000 0.0000
vn 0.0000 1.0000 0.0000
vn 0.0000 1.0000 0.0000
vn 0.0000 1.0000 0.0000
vn 0.0000 1.0000 0.0000
vn 0.0000 1.0000 0.0000
vn 0.0000 1.0000 0.0000
vn 0.0000 1.0000 0.0000
vn 0.0000 1.0000 0.0000
vn 0.0000 1.0000 0.0000
vn 0.0000 1.0000 0.0000
vn 0.0000 1.0000 0.0000
vn 0.0000 1.0000 0.0000
vn 0.0000 1.0000 0.0000
vn 0.0000 1.0000 0.0000
vn 0.0000 1.0000 0.0000
vn 0.0000 1.0000 0.0000
vn 0.0000 1.0000 0.0000
vn 0.0000 1.0000 0.0000
vn 0.0000 1.0000 0.0000
vn 0.0000 1.0000 0.0000
vn 0.0000 1.0000 0.0000
vn 0.0000 1.0000 0.0000
vn 0.0000 1.0000 0.0000
vn 0.0000 1.0000 0.0000
vn 0.0000 1.0000 0.0000
vn 0.0000 1.0000 0.0000
vn 0.0000 1.0000 0.0000
vn 0.0000 1.0000 0.0000
vn 0.0000 1.0000 0.0000
vn 0.0000 1.0000 0.0000
vn 0.0000 1.0000 0.0000
vn 0.0000 1.0000 0.0000
vn 0.0000 1.0000 0.0000
vn 0.0000 1.0000 0.0000
vn 0.0000 1.0000 0.0000
vn 0.0000 1.0000 0.0000
vn 0.0000 1.0000 0.0000
vn 0.0000 1.0000 0.0000
vn 0.0000 1.0000 0.0000
vn 0.0000 1.0000 0.0000
vn 0.0000 1.0000 0.0000
vn 0.0000 1.0000 0.0000
vn 0.0000 1.0000 0.0000
vn 0.0000 1.0000 0.0000
vn 0.0000 1.0000 0.0000
vn 0.0000 1.0000 0.0000
vn 0.0000 1.0000 0.0000
vn 0.0000 1.0000 0.0000
vn 0.0000 1.0000 0.0000
vn 0.0000 1.0000 0.0000
vn 0.0000 1.0000 0.0000
vn 0.0000 1.0000 0.0000
vn 0.0000 1.0000 0.0000
vn 0.0000 1.0000 0.0000
vn 0.0000 1.0000 0.0000
vn 0.0000 1.0000 0.0000
vn 0.0000 1.0000 0.0000
vn 0.0000 1.0000 0.0000
vn 0.0000 1.0000 0.0000
vn 0.0000 1.0000 0.0000
vn 0.0000 1.0000 0.0000
vn 0.0000 1.0000 0.0000
vn 0.0000 1.0000 0.0000
vn 0.0000 1.0000 0.0000
vn 0.0000 1.0000 0.0000
vn 0.0000 1.0000 0.0000
vn 0.0000 1.0000 0.0000
vn 0.0000 1.0000 0.0000
vn 0.0000 1.0000 0.0000
vn 0.0000 1.0000 0.0000
vn 0.0000 1.0000 0.0000
vn 0.0000 1.0000 0.0000
vn 0.0000 1.0000 0.0000
vn 0.0000 1.0000 0.0000
vn 0.0000 1.0000 0.0000
vn 0.0000 1.0000 0.0000
vn 0.0000 1.0000 0.0000
vn 0.0000 1.0000 0.0000
vn 0.0000 1.0000 0.0000
vn 0.0000 1.0000 0.0000
vn 0.0000 1.0000 0.0000
vn 0.0000 1.0000 0.0000
vn 0.0000 1.0000 0.0000
vn 0.0000 1.0000 0.0000
vn 0.0000 1.0000 0.0000
vn 0.0000 1.0000 0.0000
vn 0.0000 1.0000 0.0000
vn 0.0000 1.0000 0.0000
vn 0.0000 1.0000 0.0000
vn 0.0000 1.0000 0.0000
vn 0.0000 1.0000 0.0000
vn 0.0000 1.0000 0.0000
vn 0.0000 1.0000 0.0000
vn 0.0000 1.0000 0.0000
vn 0.0000 1.0000 0.0000
vn 0.0000 1.0000 0.0000
vn 0.0000 1.0000 0.0000
vn 0.0000 1.0000 0.0000
vn 0.0000 1.0000 0.0000
vn 0.0000 1.0000 0.0000
vn 0.0000 1.0000 0.0000
vn 0.0000 1.0000 0.0000
vn 0.0000 1.0000 0.0000
vn 0.0000 1.0000 0.0000
vn 0.0000 1.0000 0.0000
vn 0.0000 1.0000 0.0000
vn 0.0000 1.0000 0.0000
vn 0.0000 1.0000 0.0000
vn 0.0000 1.0000 0.0000
vn 0.0000 1.0000 0.0000
vn 0.0000 1.0000 0.0000
vn 0.0000 1.0000 0.0000
vn 0.0000 1.0000 0.0000
vn 0.0000 1.0000 0.0000
vn 0.0000 1.0000 0.0000
vn 0.0000 1.0000 0.0000
vn 0.0000 1.0000 0.0000
vn 0.0000 1.0000 0.0000
vn 0.0000 1.0000 0.0000
vn 0.0000 1.0000 0.0000
vn 0.0000 1.0000 0.0000
vn 0.0000 1.0000 0.0000
vn 0.0000 1.0000 0.0000
vn 0.0000 1.0000 0.0000
vn 0.0000 1.0000 0.0000
vn 0.0000 1.0000 0.0000
vn 0.0000 1.0000 0.0000
vn 0.0000 1.0000 0.0000
vn 0.0000 1.0000 0.0000
vn 0.0000 1.0000 0.0000
vn 0.0000 1.0000 0.0000
vn 0.0000 1.0000 0.0000
vn 0.0000 1.0000 0.0000
vn 0.0000 1.0000 0.0000
vn 0.0000 1.0000 0.0000
vn 0.0000 1.0000 0.0000
vn 0.0000 1.0000 0.0000
vn 0.0000 1.0000 0.0000
vn 0.0000 1.0000 0.0000
vn 0.0000 1.0000 0.0000
vn 0.0000 1.0000 0.0000
vn 0.0000 1.0000 0.0000
vn 0.0000 1.0000 0.0000
vn 0.0000 1.0000 0.0000
vn 0.0000 1.0000 0.0000
vn 0.0000 1.0000 0.0000
vn 0.0000 1.0000 0.0000
vn 0.0000 1.0000 0.0000
vn 0.0000 1.0000 0.0000
vn 0.0000 1.0000 0.0000
vn 0.0000 1.0000 0.0000
vn 0.0000 1.0000 0.0000
vn 0.0000 1.0000 0.0000
vn 0.0000 1.0000 0.0000
vn 0.0000 1.0000 0.0000
vn 0.0000 1.0000 0.0000
vn 0.0000 1.0000 0.0000
vn 0.0000 1.0000 0.0000
vn 0.0000 1.0000 0.0000
vn 0.0000 1.0000 0.0000
vn 0.0000 1.0000 0.0000
vn 0.0000 1.0000 0.0000
vn 0.0000 1.0000 0.0000
vn 0.0000 1.0000 0.0000
vn 0.0000 1.0000 0.0000
vn 0.0000 1.0000 0.0000
vn 0.0000 1.0000 0.0000
vn 0.0000 1.0000 0.0000
vn 0.0000 1.0000 0.0000
vn 0.0000 1.0000 0.0000
vn 0.0000 1.0000 0.0000
vn 0.0000 1.0000 0.0000
vn 0.0000 1.0000 0.0000
vn 0.0000 1.0000 0.0000
vn 0.0000 1.0000 0.0000
vn 0.0000 1.0000 0.0000
vn 0.0000 1.0000 0.0000
vn 0.0000 1.0000 0.0000
vn 0.0000 1.0000 0.0000
vn 0.0000 1.0000 0.0000
vn 0.0000 1.0000 0.0000
vn 0.0000 1.0000 0.0000
vn 0.0000 1.0000 0.0000
vn 0.0000 1.0000 0.0000
vn 0.0000 1.0000 0.0000
vn 0.0000 1.0000 0.0000
vn 0.0000 1.0000 0.0000
vn 0.0000 1.0000 0.0000
vn 0.0000 1.0000 0.0000
vn 0.0000 1.0000 0.0000
vn 0.0000 1.0000 0.0000
vn 0.0000 1.0000 0.0000
vn 0.0000 1.0000 0.0000
vn 0.0000 1.0000 0.0000
vn 0.0000 1.0000 0.0000
vn 0.0000 1.0000 0.0000
vn 0.0000 1.0000 0.0000
vn 0.0000 1.0000 0.0000
vn 0.0000 1.0000 0.0000
vn 0.0000 1.0000 0.0000
vn 0.0000 1.0000 0.0000
vn 0.0000 1.0000 0.0000
vn 0.0000 1.0000 0.0000
vn 0.0000 1.0000 0.0000
vn 0.0000 1.0000 0.0000
vn 0.0000 1.0000 0.0000
vn 0.0000 1.0000 0.0000
vn 0.0000 1.0000 0.0000
vn 0.0000 1.0000 0.0000
vn 0.0000 1.0000 0.0000
vn 0.0000 1.0000 0.0000
vn 0.0000 1.0000 0.0000
vn 0.0000 1.0000 0.0000
vn 0.0000 1.0000 0.0000
vn 0.0000 1.0000 0.0000
vn 0.0000 1.0000 0.0000
vn 0.0000 1.0000 0.0000
vn 0.0000 1.0000 0.0000
vn 0.0000 1.0000 0.0000
vn 0.0000 1.0000 0.0000
vn 0.0000 1.0000 0.0000
vn 0.0000 1.0000 0.0000
vn 0.0000 1.0000 0.0000
vn 0.0000 1.0000 0.0000
vn 0.0000 1.0000 0.0000
vn 0.0000 1.0000 0.0000
vn 0.0000 1.0000 0.0000
vn 0.0000 1.0000 0.0000
vn 0.0000 1.0000 0.0000
vn 0.0000 1.0000 0.0000
vn 0.0000 1.0000 0.0000
vn 0.0000 1.0000 0.0000
vn 0.0000 1.0000 0.0000
vn 0.0000 1.0000 0.0000
vn 0.0000 1.0000 0.0000
vn 0.0000 1.0000 0.0000
vn 0.0000 1.0000 0.0000
vn 0.0000 1.0000 0.0000
vn 0.0000 1.0000 0.0000
vn 0.0000 1.0000 0.0000
vn 0.0000 1.0000 0.0000
vn 0.0000 1.0000 0.0000
vn 0.0000 1.0000 0.0000
vn 0.0000 1.0000 0.0000
vn 0.0000 1.0000 0.0000
vn 0.0000 1.0000 0.0000
vn 0.0000 1.0000 0.0000
vn 0.0000 1.0000 0.0000
vn 0.0000 1.0000 0.0000
vn 0.0000 1.0000 0.0000
vn 0.0000 1.0000 0.0000
vn 0.0000 1.0000 0.0000
vn 0.0000 1.0000 0.0000
vn 0.0000 1.0000 0.0000
vn 0.0000 1.0000 0.0000
vn 0.0000 1.0000 0.0000
vn 0.0000 1.0000 0.0000
vn 0.0000 1.0000 0.0000
vn 0.0000 1.0000 0.0000
vn 0.0000 1.0000 0.0000
vn 0.0000 1.0000 0.0000
vn 0.0000 1.0000 0.0000
vn 0.0000 1.0000 0.0000
vn 0.0000 1.0000 0.0000
vn 0.0000 1.0000 0.0000
vn 0.0000 1.0000 0.0000
vn 0.0000 1.0000 0.0000
vn 0.0000 1.0000 0.0000
vn 0.0000 1.0000 0.0000
vn 0.0000 1.0000 0.0000
vn 0.0000 1.0000 0.0000
vn 0.0000 1.0000 0.0000
vn 0.0000 1.0000 0.0000
vn 0.0000 1.0000 0.0000
vn 0.0000 1.0000 0.0000
vn 0.0000 1.0000 0.0000
vn 0.0000 1.0000 0.0000
vn 0.0000 1.0000 0.0000
vn 0.0000 1.0000 0.0000
vn 0.0000 1.0000 0.0000
vn 0.0000 1.0000 0.0000
vn 0.0000 1.0000 0.0000
vn 0.0000 1.0000 0.0000
vn 0.0000 1.0000 0.0000
vn 0.0000 1.0000 0.0000
vn 0.0000 1.0000 0.0000
vn 0.0000 1.0000 0.0000
vn 0.0000 1.0000 0.0000
vn 0.0000 1.0000 0.0000
vn 0.0000 1.0000 0.0000
vn 0.0000 1.0000 0.0000
vn 0.0000 1.0000 0.0000
vn 0.0000 1.0000 0.0000
vn 0.0000 1.0000 0.0000
vn 0.0000 1.0000 0.0000
vn 0.0000 1.0000 0.0000
vn 0.0000 1.0000 0.0000
vn 0.0000 1.0000 0.0000
vn 0.0000 1.0000 0.0000
vn 0.0000 1.0000 0.0000
vn 0.0000 1.0000 0.0000
vn 0.0000 1.0000 0.0000
vn 0.0000 1.0000 0.0000
vn 0.0000 1.0000 0.0000
vn 0.0000 1.0000 0.0000
vn 0.0000 1.0000 0.0000
vn 0.0000 1.0000 0.0000
vn 0.0000 1.0000 0.0000
vn 0.0000 1.0000 0.0000
vn 0.0000 1.0000 0.0000
vn 0.0000 1.0000 0.0000
vn 0.0000 1.0000 0.0000
vn 0.0000 1.0000 0.0000
vn 0.0000 1.0000 0.0000
vn 0.0000 1.0000 0.0000
vn 0.0000 1.0000 0.0000
vn 0.0000 1.0000 0.0000
vn 0.0000 1.0000 0.0000
vn 0.0000 1.0000 0.0000
vn 0.0000 1.0000 0.0000
vn 0.0000 1.0000 0.0000
vn 0.0000 1.0000 0.0000
vn 0.0000 1.0000 0.0000
vn 0.0000 1.0000 0.0000
vn 0.0000 1.0000 0.0000
vn 0.0000 1.0000 0.0000
vn 0.0000 1.0000 0.0000
vn 0.0000 1.0000 0.0000
vn 0.0000 1.0000 0.0000
vn 0.0000 1.0000 0.0000
vn 0.0000 1.0000 0.0000
vn 0.0000 1.0000 0.0000
vn 0.0000 1.0000 0.0000
vn 0.0000 1.0000 0.0000
vn 0.0000 1.0000 0.0000
vn 0.0000 1.0000 0.0000
vn 0.0000 1.0000 0.0000
vn 0.0000 1.0000 0.0000
vn 0.0000 1.0000 0.0000
vn 0.0000 1.0000 0.0000
vn 0.0000 1.0000 0.0000
vn 0.0000 1.0000 0.0000
vn 0.0000 1.0000 0.0000
vn 0.0000 1.0000 0.0000
vn 0.0000 1.0000 0.0000
vn 0.0000 1.0000 0.0000
vn 0.0000 1.0000 0.0000
vn 0.0000 1.0000 0.0000
vn 0.0000 1.0000 0.0000
vn 0.0000 1.0000 0.0000
vn 0.0000 1.0000 0.0000
vn 0.0000 1.0000 0.0000
vn 0.0000 1.0000 0.0000
vn 0.0000 1.0000 0.0000
vn 0.0000 1.0000 0.0000
vn 0.0000 1.0000 0.0000
vn 0.0000 1.0000 0.0000
vn 0.0000 1.0000 0.0000
vn 0.0000 1.0000 0.0000
vn 0.0000 1.0000 0.0000
vn 0.0000 1.0000 0.0000
vn 0.0000 1.0000 0.0000
vn 0.0000 1.0000 0.0000
vn 0.0000 1.0000 0.0000
vn 0.0000 1.0000 0.0000
vn 0.0000 1.0000 0.0000
vn 0.0000 1.0000 0.0000
vn 0.0000 1.0000 0.0000
vn 0.0000 1.0000 0.0000
vn 0.0000 1.0000 0.0000
vn 0.0000 1.0000 0.0000
vn 0.0000 1.0000 0.0000
vn 0.0000 1.0000 0.0000
vn 0.0000 1.0000 0.0000
vn 0.0000 1.0000 0.0000
vn 0.0000 1.0000 0.0000
vn 0.0000 1.0000 0.0000
vn 0.0000 1.0000 0.0000
vn 0.0000 1.0000 0.0000
vn 0.0000 1.0000 0.0000
vn 0.0000 1.0000 0.0000
vn 0.0000 1.0000 0.0000
vn 0.0000 1.0000 0.0000
vn 0.0000 1.0000 0.0000
vn 0.0000 1.0000 0.0000
vn 0.0000 1.0000 0.0000
vn 0.0000 1.0000 0.0000
vn 0.0000 1.0000 0.0000
vn 0.0000 1.0000 0.0000
vn 0.0000 1.0000 0.0000
vn 0.0000 1.0000 0.0000
vn 0.0000 1.0000 0.0000
vn 0.0000 1.0000 0.0000
vn 0.0000 1.0000 0.0000
vn 0.0000 1.0000 0.0000
vn 0.0000 1.0000 0.0000
vn 0.0000 1.0000 0.0000
vn 0.0000 1.0000 0.0000
vn 0.0000 1.0000 0.0000
vn 0.0000 1.0000 0.0000
vn 0.0000 1.0000 0.0000
vn 0.0000 1.0000 0.0000
vn 0.0000 1.0000 0.0000
vn 0.0000 1.0000 0.0000
vn 0.0000 1.0000 0.0000
vn 0.0000 1.0000 0.0000
vn 0.0000 1.0000 0.0000
vn 0.0000 1.0000 0.0000
vn 0.0000 1.0000 0.0000
vn 0.0000 1.0000 0.0000
vn 0.0000 1.0000 0.0000
vn 0.0000 1.0000 0.0000
vn 0.0000 1.0000 0.0000
vn 0.0000 1.0000 0.0000
vn 0.0000 1.0000 0.0000
vn 0.0000 1.0000 0.0000
vn 0.0000 1.0000 0.0000
vn 0.0000 1.0000 0.0000
vn 0.0000 1.0000 0.0000
vn 0.0000 1.0000 0.0000
vn 0.0000 1.0000 0.0000
vn 0.0000 1.0000 0.0000
vn 0.0000 1.0000 0.0000
vn 0.0000 1.0000 0.0000
vn 0.0000 1.0000 0.0000
vn 0.0000 1.0000 0.0000
vn 0.0000 1.0000 0.0000
vn 0.0000 1.0000 0.0000
vn 0.0000 1.0000 0.0000
vn 0.0000 1.0000 0.0000
vn 0.0000 1.0000 0.0000
vn 0.0000 1.0000 0.0000
vn 0.0000 1.0000 0.0000
vn 0.0000 1.0000 0.0000
vn 0.0000 1.0000 0.0000
vn 0.0000 1.0000 0.0000
vn 0.0000 1.0000 0.0000
vn 0.0000 1.0000 0.0000
vn 0.0000 1.0000 0.0000
vn 0.0000 1.0000 0.0000
vn 0.0000 1.0000 0.0000
vn 0.0000 1.0000 0.0000
vn 0.0000 1.0000 0.0000
vn 0.0000 1.0000 0.0000
vn 0.0000 1.0000 0.0000
vn 0.0000 1.0000 0.0000
vn 0.0000 1.0000 0.0000
vn 0.0000 1.0000 0.0000
vn 0.0000 1.0000 0.0000
vn 0.0000 1.0000 0.0000
vn 0.0000 1.0000 0.0000
vn 0.0000 1.0000 0.0000
vn 0.0000 1.0000 0.0000
vn 0.0000 1.0000 0.0000
vn 0.0000 1.0000 0.0000
vn 0.0000 1.0000 0.0000
vn 0.0000 1.0000 0.0000
vn 0.0000 1.0000 0.0000
vn 0.0000 1.0000 0.0000
vn 0.0000 1.0000 0.0000
vn 0.0000 1.0000 0.0000
vn 0.0000 1.0000 0.0000
vn 0.0000 1.0000 0.0000
vn 0.0000 1.0000 0.0000
vn 0.0000 1.0000 0.0000
vn 0.0000 1.0000 0.0000
vn 0.0000 1.0000 0.0000
vn 0.0000 1.0000 0.0000
vn 0.0000 1.0000 0.0000
vn 0.0000 1.0000 0.0000
vn 0.0000 1.0000 0.0000
vn 0.0000 1.0000 0.0000
vn 0.0000 1.0000 0.0000
vn 0.0000 1.0000 0.0000
vn 0.0000 1.0000 0.0000
vn 0.0000 1.0000 0.0000
vn 0.0000 1.0000 0.0000
vn 0.0000 1.0000 0.0000
vn 0.0000 1.0000 0.0000
vn 0.0000 1.0000 0.0000
vn 0.0000 1.0000 0.0000
vn 0.0000 1.0000 0.0000
vn 0.0000 1.0000 0.0000
vn 0.0000 1.0000 0.0000
vn 0.0000 1.0000 0.0000
vn 0.0000 1.0000 0.0000
vn 0.0000 1.0000 0.0000
vn 0.0000 1.0000 0.0000
vn 0.0000 1.0000 0.0000
vn 0.0000 1.0000 0.0000
vn 0.0000 1.0000 0.0000
vn 0.0000 1.0000 0.0000
vn 0.0000 1.0000 0.0000
vn 0.0000 1.0000 0.0000
vn 0.0000 1.0000 0.0000
vn 0.0000 1.0000 0.0000
vn 0.0000 1.0000 0.0000
vn 0.0000 1.0000 0.0000
vn 0.0000 1.0000 0.0000
vn 0.0000 1.0000 0.0000
vn 0.0000 1.0000 0.0000
vn 0.0000 1.0000 0.0000
vn 0.0000 1.0000 0.0000
vn 0.0000 1.0000 0.0000
vn 0.0000 1.0000 0.0000
vn 0.0000 1.0000 0.0000
vn 0.0000 1.0000 0.0000
vn 0.0000 1.0000 0.0000
vn 0.0000 1.0000 0.0000
vn 0.0000 1.0000 0.0000
vn 0.0000 1.0000 0.0000
vn 0.0000 1.0000 0.0000
vn 0.0000 1.0000 0.0000
vn 0.0000 1.0000 0.0000
vn 0.0000 1.0000 0.0000
vn 0.0000 1.0000 0.0000
vn 0.0000 1.0000 0.0000
vn 0.0000 1.0000 0.0000
vn 0.0000 1.0000 0.0000
vn 0.0000 1.0000 0.0000
vn 0.0000 1.0000 0.0000
vn 0.0000 1.0000 0.0000
vn 0.0000 1.0000 0.0000
vn 0.0000 1.0000 0.0000
vn 0.0000 1.0000 0.0000
vn 0.0000 1.0000 0.0000
vn 0.0000 1.0000 0.0000
vn 0.0000 1.0000 0.0000
vn 0.0000 1.0000 0.0000
vn 0.0000 1.0000 0.0000
vn 0.0000 1.0000 0.0000
vn 0.0000 1.0000 0.0000
vn 0.0000 1.0000 0.0000
vn 0.0000 1.0000 0.0000
vn 0.0000 1.0000 0.0000
vn 0.0000 1.0000 0.0000
vn 0.0000 1.0000 0.0000
vn 0.0000 1.0000 0.0000
vn 0.0000 1.0000 0.0000
vn 0.0000 1.0000 0.0000
vn 0.0000 1.0000 0.0000
vn 0.0000 1.0000 0.0000
vn 0.0000 1.0000 0.0000
vn 0.0000 1.0000 0.0000
vn 0.0000 1.0000 0.0000
vn 0.0000 1.0000 0.0000
vn 0.0000 1.0000 0.0000
vn 0.0000 1.0000 0.0000
vn 0.0000 1.0000 0.0000
vn 0.0000 1.0000 0.0000
vn 0.0000 1.0000 0.0000
vn 0.0000 1.0000 0.0000
vn 0.0000 1.0000 0.0000
vn 0.0000 1.0000 0.0000
vn 0.0000 1.0000 0.0000
vn 0.0000 1.0000 0.0000
vn 0.0000 1.0000 0.0000
vn 0.0000 1.0000 0.0000
vn 0.0000 1.0000 0.0000
vn 0.0000 1.0000 0.0000
vn 0.0000 1.0000 0.0000
vn 0.0000 1.0000 0.0000
vn 0.0000 1.0000 0.0000
vn 0.0000 1.0000 0.0000
vn 0.0000 1.0000 0.0000
vn 0.0000 1.0000 0.0000
vn 0.0000 1.0000 0.0000
vn 0.0000 1.0000 0.0000
vn 0.0000 1.0000 0.0000
vn 0.0000 1.0000 0.0000
vn 0.0000 1.0000 0.0000
vn 0.0000 1.0000 0.0000
vn 0.0000 1.0000 0.0000
vn 0.0000 1.0000 0.0000
vn 0.0000 1.0000 0.0000
vn 0.0000 1.0000 0.0000
vn 0.0000 1.0000 0.0000
vn 0.0000 1.0000 0.0000
vn 0.0000 1.0000 0.0000
vn 0.0000 1.0000 0.0000
vn 0.0000 1.0000 0.0000
vn 0.0000 1.0000 0.0000
vn 0.0000 1.0000 0.0000
vn 0.0000 1.0000 0.0000
vn 0.0000 1.0000 0.0000
vn 0.0000 1.0000 0.0000
vn 0.0000 1.0000 0.0000
vn 0.0000 1.0000 0.0000
vn 0.0000 1.0000 0.0000
vn 0.0000 1.0000 0.0000
vn 0.0000 1.0000 0.0000
vn 0.0000 1.0000 0.0000
vn 0.0000 1.0000 0.0000
vn 0.0000 1.0000 0.0000
vn 0.0000 1.0000 0.0000
vn 0.0000 1.0000 0.0000
vn 0.0000 1.0000 0.0000
vn 0.0000 1.0000 0.0000
vn 0.0000 1.0000 0.0000
vn 0.0000 1.0000 0.0000
vn 0.0000 1.0000 0.0000
vn 0.0000 1.0000 0.0000
vn 0.0000 1.0000 0.0000
vn 0.0000 1.0000 0.0000
vn 0.0000 1.0000 0.0000
vn 0.0000 1.0000 0.0000
vn 0.0000 1.0000 0.0000
vn 0.0000 1.0000 0.0000
vn 0.0000 1.0000 0.0000
vn 0.0000 1.0000 0.0000
vn 0.0000 1.0000 0.0000
vn 0.0000 1.0000 0.0000
vn 0.0000 1.0000 0.0000
vn 0.0000 1.0000 0.0000
vn 0.0000 1.0000 0.0000
vn 0.0000 1.0000 0.0000
vn 0.0000 1.0000 0.0000
vn 0.0000 1.0000 0.0000
vn 0.0000 1.0000 0.0000
vn 0.0000 1.0000 0.0000
vn 0.0000 1.0000 0.0000
vn 0.0000 1.0000 0.0000
vn 0.0000 1.0000 0.0000
vn 0.0000 1.0000 0.0000
vn 0.0000 1.0000 0.0000
vn 0.0000 1.0000 0.0000
vn 0.0000 1.0000 0.0000
vn 0.0000 1.0000 0.0000
vn 0.0000 1.0000 0.0000
vn 0.0000 1.0000 0.0000
vn 0.0000 1.0000 0.0000
vn 0.0000 1.0000 0.0000
vn 0.0000 1.0000 0.0000
vn 0.0000 1.0000 0.0000
vn 0.0000 1.0000 0.0000
vn 0.0000 1.0000 0.0000
vn 0.0000 1.0000 0.0000
vn 0.0000 1.0000 0.0000
vn 0.0000 1.0000 0.0000
vn 0.0000 1.0000 0.0000
vn 0.0000 1.0000 0.0000
vn 0.0000 1.0000 0.0000
vn 0.0000 1.0000 0.0000
vn 0.0000 1.0000 0.0000
vn 0.0000 1.0000 0.0000
vn 0.0000 1.0000 0.0000
vn 0.0000 1.0000 0.0000
vn 0.0000 1.0000 0.0000
vn 0.0000 1.0000 0.0000
vn 0.0000 1.0000 0.0000
vn 0.0000 1.0000 0.0000
vn 0.0000 1.0000 0.0000
vn 0.0000 1.0000 0.0000
vn 0.0000 1.0000 0.0000
vn 0.0000 1.0000 0.0000
vn 0.0000 1.0000 0.0000
vn 0.0000 1.0000 0.0000
vn 0.0000 1.0000 0.0000
vn 0.0000 1.0000 0.0000
vn 0.0000 1.0000 0.0000
vn 0.0000 1.0000 0.0000
vn 0.0000 1.0000 0.0000
vn 0.0000 1.0000 0.0000
vn 0.0000 1.0000 0.0000
vn 0.0000 1.0000 0.0000
vn 0.0000 1.0000 0.0000
vn 0.0000 1.0000 0.0000
vn 0.0000 1.0000 0.0000
vn 0.0000 1.0000 0.0000
vn 0.0000 1.0000 0.0000
vn 0.0000 1.0000 0.0000
vn 0.0000 1.0000 0.0000
vn 0.0000 1.0000 0.0000
vn 0.0000 1.0000 0.0000
vn 0.0000 1.0000 0.0000
vn 0.0000 1.0000 0.0000
vn 0.0000 1.0000 0.0000
vn 0.0000 1.0000 0.0000
vn 0.0000 1.0000 0.0000
vn 0.0000 1.0000 0.0000
vn 0.0000 1.0000 0.0000
vn 0.0000 1.0000 0.0000
vn 0.0000 1.0000 0.0000
vn 0.0000 1.0000 0.0000
vn 0.0000 1.0000 0.0000
vn 0.0000 1.0000 0.0000
vn 0.0000 1.0000 0.0000
vn 0.0000 1.0000 0.0000
vn 0.0000 1.0000 0.0000
vn 0.0000 1.0000 0.0000
vn 0.0000 1.0000 0.0000
vn 0.0000 1.0000 0.0000
vn 0.0000 1.0000 0.0000
vn 0.0000 1.0000 0.0000
vn 0.0000 1.0000 0.0000
vn 0.0000 1.0000 0.0000
vn 0.0000 1.0000 0.0000
vn 0.0000 1.0000 0.0000
vn 0.0000 1.0000 0.0000
vn 0.0000 1.0000 0.0000
vn 0.0000 1.0000 0.0000
vn 0.0000 1.0000 0.0000
vn 0.0000 1.0000 0.0000
vn 0.0000 1.0000 0.0000
vn 0.0000 1.0000 0.0000
vn 0.0000 1.0000 0.0000
vn 0.0000 1.0000 0.0000
vn 0.0000 1.0000 0.0000
vn 0.0000 1.0000 0.0000
vn 0.0000 1.0000 0.0000
vn 0.0000 1.0000 0.0000
vn 0.0000 1.0000 0.0000
vn 0.0000 1.0000 0.0000
vn 0.0000 1.0000 0.0000
vn 0.0000 1.0000 0.0000
vn 0.0000 1.0000 0.0000
vn 0.0000 1.0000 0.0000
vn 0.0000 1.0000 0.0000
vn 0.0000 1.0000 0.0000
vn 0.0000 1.0000 0.0000
vn 0.0000 1.0000 0.0000
vn 0.0000 1.0000 0.0000
vn 0.0000 1.0000 0.0000
vn 0.0000 1.0000 0.0000
vn 0.0000 1.0000 0.0000
vn 0.0000 1.0000 0.0000
vn 0.0000 1.0000 0.0000
vn 0.0000 1.0000 0.0000
vn 0.0000 1.0000 0.0000
vn 0.0000 1.0000 0.0000
vn 0.0000 1.0000 0.0000
vn 0.0000 1.0000 0.0000
vn 0.0000 1.0000 0.0000
vn 0.0000 1.0000 0.0000
vn 0.0000 1.0000 0.0000
vn 0.0000 1.0000 0.0000
vn 0.0000 1.0000 0.0000
vn 0.0000 1.0000 0.0000
vn 0.0000 1.0000 0.0000
vn 0.0000 1.0000 0.0000
vn 0.0000 1.0000 0.0000
vn 0.0000 1.0000 0.0000
vn 0.0000 1.0000 0.0000
vn 0.0000 1.0000 0.0000
vn 0.0000 1.0000 0.0000
vn 0.0000 1.0000 0.0000
vn 0.0000 1.0000 0.0000
vn 0.0000 1.0000 0.0000
vn 0.0000 1.0000 0.0000
vn 0.0000 1.0000 0.0000
vn 0.0000 1.0000 0.0000
vn 0.0000 1.0000 0.0000
vn 0.0000 1.0000 0.0000
vn 0.0000 1.0000 0.0000
vn 0.0000 1.0000 0.0000
vn 0.0000 1.0000 0.0000
vn 0.0000 1.0000 0.0000
vn 0.0000 1.0000 0.0000
vn 0.0000 1.0000 0.0000
vn 0.0000 1.0000 0.0000
vn 0.0000 1.0000 0.0000
vn 0.0000 1.0000 0.0000
vn 0.0000 1.0000 0.0000
vn 0.0000 1.0000 0.0000
vn 0.0000 1.0000 0.0000
vn 0.0000 1.0000 0.0000
vn 0.0000 1.0000 0.0000
vn 0.0000 1.0000 0.0000
vn 0.0000 1.0000 0.0000
vn 0.0000 1.0000 0.0000
vn 0.0000 1.0000 0.0000
vn 0.0000 1.0000 0.0000
vn 0.0000 1.0000 0.0000
vn 0.0000 1.0000 0.0000
vn 0.0000 1.0000 0.0000
vn 0.0000 1.0000 0.0000
vn 0.0000 1.0000 0.0000
vn 0.0000 1.0000 0.0000
vn 0.0000 1.0000 0.0000
vn 0.0000 1.0000 0.0000
vn 0.0000 1.0000 0.0000
vn 0.0000 1.0000 0.0000
vn 0.0000 1.0000 0.0000
vn 0.0000 1.0000 0.0000
vn 0.0000 1.0000 0.0000
vn 0.0000 1.0000 0.0000
vn 0.0000 1.0000 0.0000
vn 0.0000 1.0000 0.0000
vn 0.0000 1.0000 0.0000
vn 0.0000 1.0000 0.0000
vn 0.0000 1.0000 0.0000
vn 0.0000 1.0000 0.0000
vn 0.0000 1.0000 0.0000
vn 0.0000 1.0000 0.0000
vn 0.0000 1.0000 0.0000
vn 0.0000 1.0000 0.0000
vn 0.0000 1.0000 0.0000
vn 0.0000 1.0000 0.0000
vn 0.0000 1.0000 0.0000
vn 0.0000 1.0000 0.0000
vn 0.0000 1.0000 0.0000
vn 0.0000 1.0000 0.0000
vn 0.0000 1.0000 0.0000
vn 0.0000 1.0000 0.0000
vn 0.0000 1.0000 0.0000
vn 0.0000 1.0000 0.0000
vn 0.0000 1.0000 0.0000
vn 0.0000 1.0000 0.0000
vn 0.0000 1.0000 0.0000
vn 0.0000 1.0000 0.0000
vn 0.0000 1.0000 0.0000
vn 0.0000 1.0000 0.0000
vn 0.0000 1.0000 0.0000
vn 0.0000 1.0000 0.0000
vn 0.0000 1.0000 0.0000
vn 0.0000 1.0000 0.0000
vn 0.0000 1.0000 0.0000
vn 0.0000 1.0000 0.0000
vn 0.0000 1.0000 0.0000
vn 0.0000 1.0000 0.0000
vn 0.0000 1.0000 0.0000
vn 0.0000 1.0000 0.0000
vn 0.0000 1.0000 0.0000
vn 0.0000 1.0000 0.0000
vn 0.0000 1.0000 0.0000
vn 0.0000 1.0000 0.0000
vn 0.0000 1.0000 0.0000
vn 0.0000 1.0000 0.0000
vn 0.0000 1.0000 0.0000
vn 0.0000 1.0000 0.0000
vn 0.0000 1.0000 0.0000
vn 0.0000 1.0000 0.0000
vn 0.0000 1.0000 0.0000
vn 0.0000 1.0000 0.0000
vn 0.0000 1.0000 0.0000
vn 0.0000 1.0000 0.0000
vn 0.0000 1.0000 0.0000
vn 0.0000 1.0000 0.0000
vn 0.0000 1.0000 0.0000
vn 0.0000 1.0000 0.0000
vn 0.0000 1.0000 0.0000
vn 0.0000 1.0000 0.0000
vn 0.0000 1.0000 0.0000
vn 0.0000 1.0000 0.0000
vn 0.0000 1.0000 0.0000
vn 0.0000 1.0000 0.0000
vn 0.0000 1.0000 0.0000
vn 0.0000 1.0000 0.0000
vn 0.0000 1.0000 0.0000
vn 0.0000 1.0000 0.0000
vn 0.0000 1.0000 0.0000
vn 0.0000 1.0000 0.0000
vn 0.0000 1.0000 0.0000
vn 0.0000 1.0000 0.0000
vn 0.0000 1.0000 0.0000
vn 0.0000 1.0000 0.0000
vn 0.0000 1.0000 0.0000
vn 0.0000 1.0000 0.0000
vn 0.0000 1.0000 0.0000
vn 0.0000 1.0000 0.0000
vn 0.0000 1.0000 0.0000
vn 0.0000 1.0000 0.0000
vn 0.0000 1.0000 0.0000
vn 0.0000 1.0000 0.0000
vn 0.0000 1.0000 0.0000
vn 0.0000 1.0000 0.0000
vn 0.0000 1.0000 0.0000
vn 0.0000 1.0000 0.0000
vn 0.0000 1.0000 0.0000
vn 0.0000 1.0000 0.0000
vn 0.0000 1.0000 0.0000
vn 0.0000 1.0000 0.0000
vn 0.0000 1.0000 0.0000
vn 0.0000 1.0000 0.0000
vn 0.0000 1.0000 0.0000
vn 0.0000 1.0000 0.0000
vn 0.0000 1.0000 0.0000
vn 0.0000 1.0000 0.0000
vn 0.0000 1.0000 0.0000
vn 0.0000 1.0000 0.0000
vn 0.0000 1.0000 0.0000
vn 0.0000 1.0000 0.0000
vn 0.0000 1.0000 0.0000
vn 0.0000 1.0000 0.0000
vn 0.0000 1.0000 0.0000
vn 0.0000 1.0000 0.0000
vn 0.0000 1.0000 0.0000
vn 0.0000 1.0000 0.0000
vn 0.0000 1.0000 0.0000
vn 0.0000 1.0000 0.0000
vn 0.0000 1.0000 0.0000
vn 0.0000 1.0000 0.0000
vn 0.0000 1.0000 0.0000
vn 0.0000 1.0000 0.0000
vn 0.0000 1.0000 0.0000
vn 0.0000 1.0000 0.0000
vn 0.0000 1.0000 0.0000
vn 0.0000 1.0000 0.0000
vn 0.0000 1.0000 0.0000
vn 0.0000 1.0000 0.0000
vn 0.0000 1.0000 0.0000
vn 0.0000 1.0000 0.0000
vn 0.0000 1.0000 0.0000
vn 0.0000 1.0000 0.0000
vn 0.0000 1.0000 0.0000
vn 0.0000 1.0000 0.0000
vn 0.0000 1.0000 0.0000
vn 0.0000 1.0000 0.0000
vn 0.0000 1.0000 0.0000
vn 0.0000 1.0000 0.0000
vn 0.0000 1.0000 0.0000
vn 0.0000 1.0000 0.0000
vn 0.0000 1.0000 0.0000
vn 0.0000 1.0000 0.0000
vn 0.0000 1.0000 0.0000
vn 0.0000 1.0000 0.0000
vn 0.0000 1.0000 0.0000
vn 0.0000 1.0000 0.0000
vn 0.0000 1.0000 0.0000
vn 0.0000 1.0000 0.0000
vn 0.0000 1.0000 0.0000
vn 0.0000 1.0000 0.0000
vn 0.0000 1.0000 0.0000
vn 0.0000 1.0000 0.0000
vn 0.0000 1.0000 0.0000
vn 0.0000 1.0000 0.0000
vn 0.0000 1.0000 0.0000
vn 0.0000 1.0000 0.0000
vn 0.0000 1.0000 0.0000
vn 0.0000 1.0000 0.0000
vn 0.0000 1.0000 0.0000
vn 0.0000 1.0000 0.0000
vn 0.0000 1.0000 0.0000
vn 0.0000 1.0000 0.0000
vn 0.0000 1.0000 0.0000
vn 0.0000 1.0000 0.0000
vn 0.0000 1.0000 0.0000
vn 0.0000 1.0000 0.0000
vn 0.0000 1.0000 0.0000
vn 0.0000 1.0000 0.0000
vn 0.0000 1.0000 0.0000
vn 0.0000 1.0000 0.0000
vn 0.0000 1.0000 0.0000
vn 0.0000 1.0000 0.0000
vn 0.0000 1.0000 0.0000
vn 0.0000 1.0000 0.0000
vn 0.0000 1.0000 0.0000
vn 0.0000 1.0000 0.0000
vn 0.0000 1.0000 0.0000
vn 0.0000 1.0000 0.0000
vn 0.0000 1.0000 0.0000
vn 0.0000 1.0000 0.0000
vn 0.0000 1.0000 0.0000
vn 0.0000 1.0000 0.0000
vn 0.0000 1.0000 0.0000
vn 0.0000 1.0000 0.0000
vn 0.0000 1.0000 0.0000
vn 0.0000 1.0000 0.0000
vn 0.0000 1.0000 0.0000
vn 0.0000 1.0000 0.0000
vn 0.0000 1.0000 0.0000
vn 0.0000 1.0000 0.0000
vn 0.0000 1.0000 0.0000
vn 0.0000 1.0000 0.0000
vn 0.0000 1.0000 0.0000
vn 0.0000 1.0000 0.0000
vn 0.0000 1.0000 0.0000
vn 0.0000 1.0000 0.0000
vn 0.0000 1.0000 0.0000
vn 0.0000 1.0000 0.0000
vn 0.0000 1.0000 0.0000
vn 0.0000 1.0000 0.0000
vn 0.0000 1.0000 0.0000
vn 0.0000 1.0000 0.0000
vn 0.0000 1.0000 0.0000
vn 0.0000 1.0000 0.0000
vn 0.0000 1.0000 0.0000
vn 0.0000 1.0000 0.0000
vn 0.0000 1.0000 0.0000
vn 0.0000 1.0000 0.0000
vn 0.0000 1.0000 0.0000
vn 0.0000 1.0000 0.0000
vn 0.0000 1.0000 0.0000
vn 0.0000 1.0000 0.0000
vn 0.0000 1.0000 0.0000
vn 0.0000 1.0000 0.0000
vn 0.0000 1.0000 0.0000
vn 0.0000 1.0000 0.0000
vn 0.0000 1.0000 0.0000
vn 0.0000 1.0000 0.0000
vn 0.0000 1.0000 0.0000
vn 0.0000 1.0000 0.0000
vn 0.0000 1.0000 0.0000
vn 0.0000 1.0000 0.0000
vn 0.0000 1.0000 0.0000
vn 0.0000 1.0000 0.0000
vn 0.0000 1.0000 0.0000
vn 0.0000 1.0000 0.0000
vn 0.0000 1.0000 0.0000
vn 0.0000 1.0000 0.0000
vn 0.0000 1.0000 0.0000
vn 0.0000 1.0000 0.0000
vn 0.0000 1.0000 0.0000
vn 0.0000 1.0000 0.0000
vn 0.0000 1.0000 0.0000
vn 0.0000 1.0000 0.0000
vn 0.0000 1.0000 0.0000
vn 0.0000 1.0000 0.0000
vn 0.0000 1.0000 0.0000
vn 0.0000 1.0000 0.0000
vn 0.0000 1.0000 0.0000
vn 0.0000 1.0000 0.0000
vn 0.0000 1.0000 0.0000
vn 0.0000 1.0000 0.0000
vn 0.0000 1.0000 0.0000
vn 0.0000 1.0000 0.0000
vn 0.0000 1.0000 0.0000
vn 0.0000 1.0000 0.0000
vn 0.0000 1.0000 0.0000
vn 0.0000 1.0000 0.0000
vn 0.0000 1.0000 0.0000
vn 0.0000 1.0000 0.0000
vn 0.0000 1.0000 0.0000
vn 0.0000 1.0000 0.0000
vn 0.0000 1.0000 0.0000
vn 0.0000 1.0000 0.0000
vn 0.0000 1.0000 0.0000
vn 0.0000 1.0000 0.0000
vn 0.0000 1.0000 0.0000
vn 0.0000 1.0000 0.0000
vn 0.0000 1.0000 0.0000
vn 0.0000 1.0000 0.0000
vn 0.0000 1.0000 0.0000
vn 0.0000 1.0000 0.0000
vn 0.0000 1.0000 0.0000
vn 0.0000 1.0000 0.0000
vn 0.0000 1.0000 0.0000
vn 0.0000 1.0000 0.0000
vn 0.0000 1.0000 0.0000
vn 0.0000 1.0000 0.0000
vn 0.0000 1.0000 0.0000
vn 0.0000 1.0000 0.0000
vn 0.0000 1.0000 0.0000
vn 0.0000 1.0000 0.0000
vn 0.0000 1.0000 0.0000
vn 0.0000 1.0000 0.0000
vn 0.0000 1.0000 0.0000
vn 0.0000 1.0000 0.0000
vn 0.0000 1.0000 0.0000
vn 0.0000 1.0000 0.0000
vn 0.0000 1.0000 0.0000
vn 0.0000 1.0000 0.0000
vn 0.0000 1.0000 0.0000
vn 0.0000 1.0000 0.0000
vn 0.0000 1.0000 0.0000
vn 0.0000 1.0000 0.0000
vn 0.0000 1.0000 0.0000
vn 0.0000 1.0000 0.0000
vn 0.0000 1.0000 0.0000
vn 0.0000 1.0000 0.0000
vn 0.0000 1.0000 0.0000
vn 0.0000 1.0000 0.0000
vn 0.0000 1.0000 0.0000
vn 0.0000 1.0000 0.0000
vn 0.0000 1.0000 0.0000
vn 0.0000 1.0000 0.0000
vn 0.0000 1.0000 0.0000
vn 0.0000 1.0000 0.0000
vn 0.0000 1.0000 0.0000
vn 0.0000 1.0000 0.0000
vn 0.0000 1.0000 0.0000
vn 0.0000 1.0000 0.0000
vn 0.0000 1.0000 0.0000
vn 0.0000 1.0000 0.0000
vn 0.0000 1.0000 0.0000
vn 0.0000 1.0000 0.0000
vn 0.0000 1.0000 0.0000
vn 0.0000 1.0000 0.0000
vn 0.0000 1.0000 0.0000
vn 0.0000 1.0000 0.0000
vn 0.0000 1.0000 0.0000
vn 0.0000 1.0000 0.0000
vn 0.0000 1.0000 0.0000
vn 0.0000 1.0000 0.0000
vn 0.0000 1.0000 0.0000
vn 0.0000 1.0000 0.0000
vn 0.0000 1.0000 0.0000
vn 0.0000 1.0000 0.0000
vn 0.0000 1.0000 0.0000
vn 0.0000 1.0000 0.0000
vn 0.0000 1.0000 0.0000
vn 0.0000 1.0000 0.0000
vn 0.0000 1.0000 0.0000
vn 0.0000 1.0000 0.0000
vn 0.0000 1.0000 0.0000
vn 0.0000 1.0000 0.0000
vn 0.0000 1.0000 0.0000
vn 0.0000 1.0000 0.0000
vn 0.0000 1.0000 0.0000
vn 0.0000 1.0000 0.0000
vn 0.0000 1.0000 0.0000
vn 0.0000 1.0000 0.0000
vn 0.0000 1.0000 0.0000
vn 0.0000 1.0000 0.0000
vn 0.0000 1.0000 0.0000
vn 0.0000 1.0000 0.0000
vn 0.0000 1.0000 0.0000
vn 0.0000 1.0000 0.0000
vn 0.0000 1.0000 0.0000
vn 0.0000 1.0000 0.0000
vn 0.0000 1.0000 0.0000
vn 0.0000 1.0000 0.0000
vn 0.0000 1.0000 0.0000
vn 0.0000 1.0000 0.0000
vn 0.0000 1.0000 0.0000
vn 0.0000 1.0000 0.0000
vn 0.0000 1.0000 0.0000
vn 0.0000 1.0000 0.0000
vn 0.0000 1.0000 0.0000
vn 0.0000 1.0000 0.0000
vn 0.0000 1.0000 0.0000
vn 0.0000 1.0000 0.0000
vn 0.0000 1.0000 0.0000
vn 0.0000 1.0000 0.0000
vn 0.0000 1.0000 0.0000
vn 0.0000 1.0000 0.0000
vn 0.0000 1.0000 0.0000
vn 0.0000 1.0000 0.0000
vn 0.0000 1.0000 0.0000
vn 0.0000 1.0000 0.0000
vn 0.0000 1.0000 0.0000
vn 0.0000 1.0000 0.0000
vn 0.0000 1.0000 0.0000
vn 0.0000 1.0000 0.0000
vn 0.0000 1.0000 0.0000
vn 0.0000 1.0000 0.0000
vn 0.0000 1.0000 0.0000
vn 0.0000 1.0000 0.0000
vn 0.0000 1.0000 0.0000
vn 0.0000 1.0000 0.0000
vn 0.0000 1.0000 0.0000
vn 0.0000 1.0000 0.0000
vn 0.0000 1.0000 0.0000
vn 0.0000 1.0000 0.0000
vn 0.0000 1.0000 0.0000
vn 0.0000 1.0000 0.0000
vn 0.0000 1.0000 0.0000
vn 0.0000 1.0000 0.0000
vn 0.0000 1.0000 0.0000
vn 0.0000 1.0000 0.0000
vn 0.0000 1.0000 0.0000
vn 0.0000 1.0000 0.0000
vn 0.0000 1.0000 0.0000
vn 0.0000 1.0000 0.0000
vn 0.0000 1.0000 0.0000
vn 0.0000 1.0000 0.0000
vn 0.0000 1.0000 0.0000
vn 0.0000 1.0000 0.0000
vn 0.0000 1.0000 0.0000
vn 0.0000 1.0000 0.0000
vn 0.0000 1.0000 0.0000
vn 0.0000 1.0000 0.0000
vn 0.0000 1.0000 0.0000
vn 0.0000 1.0000 0.0000
vn 0.0000 1.0000 0.0000
vn 0.0000 1.0000 0.0000
vn 0.0000 1.0000 0.0000
vn 0.0000 1.0000 0.0000
vn 0.0000 1.0000 0.0000
vn 0.0000 1.0000 0.0000
vn 0.0000 1.0000 0.0000
vn 0.0000 1.0000 0.0000
vn 0.0000 1.0000 0.0000
vn 0.0000 1.0000 0.0000
vn 0.0000 1.0000 0.0000
vn 0.0000 1.0000 0.0000
vn 0.0000 1.0000 0.0000
vn 0.0000 1.0000 0.0000
vn 0.0000 1.0000 0.0000
vn 0.0000 1.0000 0.0000
vn 0.0000 1.0000 0.0000
vn 0.0000 1.0000 0.0000
vn 0.0000 1.0000 0.0000
vn 0.0000 1.0000 0.0000
vn 0.0000 1.0000 0.0000
vn 0.0000 1.0000 0.0000
vn 0.0000 1.0000 0.0000
vn 0.0000 1.0000 0.0000
vn 0.0000 1.0000 0.0000
vn 0.0000 1.0000 0.0000
vn 0.0000 1.0000 0.0000
vn 0.0000 1.0000 0.0000
vn 0.0000 1.0000 0.0000
vn 0.0000 1.0000 0.0000
vn 0.0000 1.0000 0.0000
vn 0.0000 1.0000 0.0000
vn 0.0000 1.0000 0.0000
vn 0.0000 1.0000 0.0000
vn 0.0000 1.0000 0.0000
vn 0.0000 1.0000 0.0000
vn 0.0000 1.0000 0.0000
vn 0.0000 1.0000 0.0000
vn 0.0000 1.0000 0.0000
vn 0.0000 1.0000 0.0000
vn 0.0000 1.0000 0.0000
vn 0.0000 1.0000 0.0000
vn 0.0000 1.0000 0.0000
vn 0.0000 1.0000 0.0000
vn 0.0000 1.0000 0.0000
vn 0.0000 1.0000 0.0000
vn 0.0000 1.0000 0.0000
vn 0.0000 1.0000 0.0000
vn 0.0000 1.0000 0.0000
vn 0.0000 1.0000 0.0000
vn 0.0000 1.0000 0.0000
vn 0.0000 1.0000 0.0000
vn 0.0000 1.0000 0.0000
vn 0.0000 1.0000 0.0000
vn 0.0000 1.0000 0.0000
vn 0.0000 1.0000 0.0000
vn 0.0000 1.0000 0.0000
vn 0.0000 1.0000 0.0000
vn 0.0000 1.0000 0.0000
vn 0.0000 1.0000 0.0000
vn 0.0000 1.0000 0.0000
vn 0.0000 1.0000 0.0000
vn 0.0000 1.0000 0.0000
vn 0.0000 1.0000 0.0000
vn 0.0000 1.0000 0.0000
vn 0.0000 1.0000 0.0000
vn 0.0000 1.0000 0.0000
vn 0.0000 1.0000 0.0000
vn 0.0000 1.0000 0.0000
vn 0.0000 1.0000 0.0000
vn 0.0000 1.0000 0.0000
vn 0.0000 1.0000 0.0000
vn 0.0000 1.0000 0.0000
vn 0.0000 1.0000 0.0000
vn 0.0000 1.0000 0.0000
vn 0.0000 1.0000 0.0000
vn 0.0000 1.0000 0.0000
vn 0.0000 1.0000 0.0000
vn 0.0000 1.0000 0.0000
vn 0.0000 1.0000 0.0000
vn 0.0000 1.0000 0.0000
vn 0.0000 1.0000 0.0000
vn 0.0000 1.0000 0.0000
vn 0.0000 1.0000 0.0000
vn 0.0000 1.0000 0.0000
vn 0.0000 1.0000 0.0000
vn 0.0000 1.0000 0.0000
vn 0.0000 1.0000 0.0000
vn 0.0000 1.0000 0.0000
vn 0.0000 1.0000 0.0000
vn 0.0000 1.0000 0.0000
vn 0.0000 1.0000 0.0000
vn 0.0000 1.0000 0.0000
vn 0.0000 1.0000 0.0000
vn 0.0000 1.0000 0.0000
vn 0.0000 1.0000 0.0000
vn 0.0000 1.0000 0.0000
vn 0.0000 1.0000 0.0000
vn 0.0000 1.0000 0.0000
vn 0.0000 1.0000 0.0000
vn 0.0000 1.0000 0.0000
vn 0.0000 1.0000 0.0000
vn 0.0000 1.0000 0.0000
vn 0.0000 1.0000 0.0000
vn 0.0000 1.0000 0.0000
vn 0.0000 1.0000 0.0000
vn 0.0000 1.0000 0.0000
vn 0.0000 1.0000 0.0000
vn 0.0000 1.0000 0.0000
vn 0.0000 1.0000 0.0000
vn 0.0000 1.0000 0.0000
vn 0.0000 1.0000 0.0000
vn 0.0000 1.0000 0.0000
vn 0.0000 1.0000 0.0000
vn 0.0000 1.0000 0.0000
vn 0.0000 1.0000 0.0000
vn 0.0000 1.0000 0.0000
vn 0.0000 1.0000 0.0000
vn 0.0000 1.0000 0.0000
vn 0.0000 1.0000 0.0000
vn 0.0000 1.0000 0.0000
vn 0.0000 1.0000 0.0000
vn 0.0000 1.0000 0.0000
vn 0.0000 1.0000 0.0000
vn 0.0000 1.0000 0.0000
vn 0.0000 1.0000 0.0000
vn 0.0000 1.0000 0.0000
vn 0.0000 1.0000 0.0000
vn 0.0000 1.0000 0.0000
vn 0.0000 1.0000 0.0000
vn 0.0000 1.0000 0.0000
vn 0.0000 1.0000 0.0000
vn 0.0000 1.0000 0.0000
vn 0.0000 1.0000 0.0000
vn 0.0000 1.0000 0.0000
vn 0.0000 1.0000 0.0000
vn 0.0000 1.0000 0.0000
vn 0.0000 1.0000 0.0000
vn 0.0000 1.0000 0.0000
vn 0.0000 1.0000 0.0000
vn 0.0000 1.0000 0.0000
vn 0.0000 1.0000 0.0000
vn 0.0000 1.0000 0.0000
vn 0.0000 1.0000 0.0000
vn 0.0000 1.0000 0.0000
vn 0.0000 1.0000 0.0000
vn 0.0000 1.0000 0.0000
vn 0.0000 1.0000 0.0000
vn 0.0000 1.0000 0.0000
vn 0.0000 1.0000 0.0000
vn 0.0000 1.0000 0.0000
vn 0.0000 1.0000 0.0000
vn 0.0000 1.0000 0.0000
vn 0.0000 1.0000 0.0000
vn 0.0000 1.0000 0.0000
vn 0.0000 1.0000 0.0000
vn 0.0000 1.0000 0.0000
vn 0.0000 1.0000 0.0000
vn 0.0000 1.0000 0.0000
vn 0.0000 1.0000 0.0000
vn 0.0000 1.0000 0.0000
vn 0.0000 1.0000 0.0000
vn 0.0000 1.0000 0.0000
vn 0.0000 1.0000 0.0000
vn 0.0000 1.0000 0.0000
vn 0.0000 1.0000 0.0000
vn 0.0000 1.0000 0.0000
vn 0.0000 1.0000 0.0000
vn 0.0000 1.0000 0.0000
vn 0.0000 1.0000 0.0000
vn 0.0000 1.0000 0.0000
vn 0.0000 1.0000 0.0000
vn 0.0000 1.0000 0.0000
vn 0.0000 1.0000 0.0000
vn 0.0000 1.0000 0.0000
vn 0.0000 1.0000 0.0000
vn 0.0000 1.0000 0.0000
vn 0.0000 1.0000 0.0000
vn 0.0000 1.0000 0.0000
vn 0.0000 1.0000 0.0000
vn 0.0000 1.0000 0.0000
vn 0.0000 1.0000 0.0000
vn 0.0000 1.0000 0.0000
vn 0.0000 1.0000 0.0000
vn 0.0000 1.0000 0.0000
vn 0.0000 1.0000 0.0000
vn 0.0000 1.0000 0.0000
vn 0.0000 1.0000 0.0000
vn 0.0000 1.0000 0.0000
vn 0.0000 1.0000 0.0000
vn 0.0000 1.0000 0.0000
vn 0.0000 1.0000 0.0000
vn 0.0000 1.0000 0.0000
vn 0.0000 1.0000 0.0000
vn 0.0000 1.0000 0.0000
vn 0.0000 1.0000 0.0000
vn 0.0000 1.0000 0.0000
vn 0.0000 1.0000 0.0000
vn 0.0000 1.0000 0.0000
vn 0.0000 1.0000 0.0000
vn 0.0000 1.0000 0.0000
vn 0.0000 1.0000 0.0000
vn 0.0000 1.0000 0.0000
vn 0.0000 1.0000 0.0000
vn 0.0000 1.0000 0.0000
vn 0.0000 1.0000 0.0000
vn 0.0000 1.0000 0.0000
vn 0.0000 1.0000 0.0000
vn 0.0000 1.0000 0.0000
vn 0.0000 1.0000 0.0000
vn 0.0000 1.0000 0.0000
vn 0.0000 1.0000 0.0000
vn 0.0000 1.0000 0.0000
vn 0.0000 1.0000 0.0000
vn 0.0000 1.0000 0.0000
vn 0.0000 1.0000 0.0000
vn 0.0000 1.0000 0.0000
vn 0.0000 1.0000 0.0000
vn 0.0000 1.0000 0.0000
vn 0.0000 1.0000 0.0000
vn 0.0000 1.0000 0.0000
vn 0.0000 1.0000 0.0000
vn 0.0000 1.0000 0.0000
vn 0.0000 1.0000 0.0000
vn 0.0000 1.0000 0.0000
vn 0.0000 1.0000 0.0000
vn 0.0000 1.0000 0.0000
vn 0.0000 1.0000 0.0000
vn 0.0000 1.0000 0.0000
vn 0.0000 1.0000 0.0000
vn 0.0000 1.0000 0.0000
vn 0.0000 1.0000 0.0000
vn 0.0000 1.0000 0.0000
vn 0.0000 1.0000 0.0000
vn 0.0000 1.0000 0.0000
vn 0.0000 1.0000 0.0000
vn 0.0000 1.0000 0.0000
vn 0.0000 1.0000 0.0000
vn 0.0000 1.0000 0.0000
vn 0.0000 1.0000 0.0000
vn 0.0000 1.0000 0.0000
vn 0.0000 1.0000 0.0000
vn 0.0000 1.0000 0.0000
vn 0.0000 1.0000 0.0000
vn 0.0000 1.0000 0.0000
vn 0.0000 1.0000 0.0000
vn 0.0000 1.0000 0.0000
vn 0.0000 1.0000 0.0000
vn 0.0000 1.0000 0.0000
vn 0.0000 1.0000 0.0000
vn 0.0000 1.0000 0.0000
vn 0.0000 1.0000 0.0000
vn 0.0000 1.0000 0.0000
vn 0.0000 1.0000 0.0000
vn 0.0000 1.0000 0.0000
vn 0.0000 1.0000 0.0000
vn 0.0000 1.0000 0.0000
vn 0.0000 1.0000 0.0000
vn 0.0000 1.0000 0.0000
vn 0.0000 1.0000 0.0000
vn 0.0000 1.0000 0.0000
vn 0.0000 1.0000 0.0000
vn 0.0000 1.0000 0.0000
vn 0.0000 1.0000 0.0000
vn 0.0000 1.0000 0.0000
vn 0.0000 1.0000 0.0000
vn 0.0000 1.0000 0.0000
vn 0.0000 1.0000 0.0000
vn 0.0000 1.0000 0.0000
vn 0.0000 1.0000 0.0000
vn 0.0000 1.0000 0.0000
vn 0.0000 1.0000 0.0000
vn 0.0000 1.0000 0.0000
vn 0.0000 1.0000 0.0000
vn 0.0000 1.0000 0.0000
vn 0.0000 1.0000 0.0000
vn 0.0000 1.0000 0.0000
vn 0.0000 1.0000 0.0000
vn 0.0000 1.0000 0.0000
vn 0.0000 1.0000 0.0000
vn 0.0000 1.0000 0.0000
vn 0.0000 1.0000 0.0000
vn 0.0000 1.0000 0.0000
vn 0.0000 1.0000 0.0000
vn 0.0000 1.0000 0.0000
vn 0.0000 1.0000 0.0000
vn 0.0000 1.0000 0.0000
vn 0.0000 1.0000 0.0000
vn 0.0000 1.0000 0.0000
vn 0.0000 1.0000 0.0000
vn 0.0000 1.0000 0.0000
vn 0.0000 1.0000 0.0000
vn 0.0000 1.0000 0.0000
vn 0.0000 1.0000 0.0000
vn 0.0000 1.0000 0.0000
vn 0.0000 1.0000 0.0000
vn 0.0000 1.0000 0.0000
vn 0.0000 1.0000 0.0000
vn 0.0000 1.0000 0.0000
vn 0.0000 1.0000 0.0000
vn 0.0000 1.0000 0.0000
vn 0.0000 1.0000 0.0000
vn 0.0000 1.0000 0.0000
vn 0.0000 1.0000 0.0000
vn 0.0000 1.0000 0.0000
vn 0.0000 1.0000 0.0000
vn 0.0000 1.0000 0.0000
vn 0.0000 1.0000 0.0000
vn 0.0000 1.0000 0.0000
vn 0.0000 1.0000 0.0000
vn 0.0000 1.0000 0.0000
vn 0.0000 1.0000 0.0000
vn 0.0000 1.0000 0.0000
vn 0.0000 1.0000 0.0000
vn 0.0000 1.0000 0.0000
vn 0.0000 1.0000 0.0000
vn 0.0000 1.0000 0.0000
vn 0.0000 1.0000 0.0000
vn 0.0000 1.0000 0.0000
vn 0.0000 1.0000 0.0000
vn 0.0000 1.0000 0.0000
vn 0.0000 1.0000 0.0000
vn 0.0000 1.0000 0.0000
vn 0.0000 1.0000 0.0000
vn 0.0000 1.0000 0.0000
vn 0.0000 1.0000 0.0000
vn 0.0000 1.0000 0.0000
vn 0.0000 1.0000 0.0000
vn 0.0000 1.0000 0.0000
vn 0.0000 1.0000 0.0000
vn 0.0000 1.0000 0.0000
vn 0.0000 1.0000 0.0000
vn 0.0000 1.0000 0.0000
vn 0.0000 1.0000 0.0000
vn 0.0000 1.0000 0.0000
vn 0.0000 1.0000 0.0000
vn 0.0000 1.0000 0.0000
vn 0.0000 1.0000 0.0000
vn 0.0000 1.0000 0.0000
vn 0.0000 1.0000 0.0000
vn 0.0000 1.0000 0.0000
vn 0.0000 1.0000 0.0000
vn 0.0000 1.0000 0.0000
vn 0.0000 1.0000 0.0000
vn 0.0000 1.0000 0.0000
vn 0.0000 1.0000 0.0000
vn 0.0000 1.0000 0.0000
vn 0.0000 1.0000 0.0000
vn 0.0000 1.0000 0.0000
vn 0.0000 1.0000 0.0000
vn 0.0000 1.0000 0.0000
vn 0.0000 1.0000 0.0000
vn 0.0000 1.0000 0.0000
vn 0.0000 1.0000 0.0000
vn 0.0000 1.0000 0.0000
vn 0.0000 1.0000 0.0000
vn 0.0000 1.0000 0.0000
vn 0.0000 1.0000 0.0000
vn 0.0000 1.0000 0.0000
vn 0.0000 1.0000 0.0000
vn 0.0000 1.0000 0.0000
vn 0.0000 1.0000 0.0000
vn 0.0000 1.0000 0.0000
vn 0.0000 1.0000 0.0000
vn 0.0000 1.0000 0.0000
vn 0.0000 1.0000 0.0000
vn 0.0000 1.0000 0.0000
vn 0.0000 1.0000 0.0000
vn 0.0000 1.0000 0.0000
vn 0.0000 1.0000 0.0000
vn 0.0000 1.0000 0.0000
vn 0.0000 1.0000 0.0000
vn 0.0000 1.0000 0.0000
vn 0.0000 1.0000 0.0000
vn 0.0000 1.0000 0.0000
vn 0.0000 1.0000 0.0000
vn 0.0000 1.0000 0.0000
vn 0.0000 1.0000 0.0000
vn 0.0000 1.0000 0.0000
vn 0.0000 1.0000 0.0000
vn 0.0000 1.0000 0.0000
vn 0.0000 1.0000 0.0000
vn 0.0000 1.0000 0.0000
vn 0.0000 1.0000 0.0000
vn 0.0000 1.0000 0.0000
vn 0.0000 1.0000 0.0000
vn 0.0000 1.0000 0.0000
vn 0.0000 1.0000 0.0000
vn 0.0000 1.0000 0.0000
vn 0.0000 1.0000 0.0000
vn 0.0000 1.0000 0.0000
vn 0.0000 1.0000 0.0000
vn 0.0000 1.0000 0.0000
vn 0.0000 1.0000 0.0000
vn 0.0000 1.0000 0.0000
vn 0.0000 1.0000 0.0000
vn 0.0000 1.0000 0.0000
vn 0.0000 1.0000 0.0000
vn 0.0000 1.0000 0.0000
vn 0.0000 1.0000 0.0000
vn 0.0000 1.0000 0.0000
vn 0.0000 1.0000 0.0000
vn 0.0000 1.0000 0.0000
vn 0.0000 1.0000 0.0000
vn 0.0000 1.0000 0.0000
vn 0.0000 1.0000 0.0000
vn 0.0000 1.0000 0.0000
vn 0.0000 1.0000 0.0000
vn 0.0000 1.0000 0.0000
vn 0.0000 1.0000 0.0000
vn 0.0000 1.0000 0.0000
vn 0.0000 1.0000 0.0000
vn 0.0000 1.0000 0.0000
vn 0.0000 1.0000 0.0000
vn 0.0000 1.0000 0.0000
vn 0.0000 1.0000 0.0000
vn 0.0000 1.0000 0.0000
vn 0.0000 1.0000 0.0000
vn 0.0000 1.0000 0.0000
vn 0.0000 1.0000 0.0000
vn 0.0000 1.0000 0.0000
vn 0.0000 1.0000 0.0000
vn 0.0000 1.0000 0.0000
vn 0.0000 1.0000 0.0000
vn 0.0000 1.0000 0.0000
vn 0.0000 1.0000 0.0000
vn 0.0000 1.0000 0.0000
vn 0.0000 1.0000 0.0000
vn 0.0000 1.0000 0.0000
vn 0.0000 1.0000 0.0000
vn 0.0000 1.0000 0.0000
vn 0.0000 1.0000 0.0000
vn 0.0000 1.0000 0.0000
vn 0.0000 1.0000 0.0000
vn 0.0000 1.0000 0.0000
vn 0.0000 1.0000 0.0000
vn 0.0000 1.0000 0.0000
vn 0.0000 1.0000 0.0000
vn 0.0000 1.0000 0.0000
vn 0.0000 1.0000 0.0000
vn 0.0000 1.0000 0.0000
vn 0.0000 1.0000 0.0000
vn 0.0000 1.0000 0.0000
vn 0.0000 1.0000 0.0000
vn 0.0000 1.0000 0.0000
vn 0.0000 1.0000 0.0000
vn 0.0000 1.0000 0.0000
vn 0.0000 1.0000 0.0000
vn 0.0000 1.0000 0.0000
vn 0.0000 1.0000 0.0000
vn 0.0000 1.0000 0.0000
vn 0.0000 1.0000 0.0000
vn 0.0000 1.0000 0.0000
vn 0.0000 1.0000 0.0000
vn 0.0000 1.0000 0.0000
vn 0.0000 1.0000 0.0000
vn 0.0000 1.0000 0.0000
vn 0.0000 1.0000 0.0000
vn 0.0000 1.0000 0.0000
vn 0.0000 1.0000 0.0000
vn 0.0000 1.0000 0.0000
vn 0.0000 1.0000 0.0000
vn 0.0000 1.0000 0.0000
vn 0.0000 1.0000 0.0000
vn 0.0000 1.0000 0.0000
vn 0.0000 1.0000 0.0000
vn 0.0000 1.0000 0.0000
vn 0.0000 1.0000 0.0000
vn 0.0000 1.0000 0.0000
vn 0.0000 1.0000 0.0000
vn 0.0000 1.0000 0.0000
vn 0.0000 1.0000 0.0000
vn 0.0000 1.0000 0.0000
vn 0.0000 1.0000 0.0000
vn 0.0000 1.0000 0.0000
vn 0.0000 1.0000 0.0000
vn 0.0000 1.0000 0.0000
vn 0.0000 1.0000 0.0000
vn 0.0000 1.0000 0.0000
vn 0.0000 1.0000 0.0000
vn 0.0000 1.0000 0.0000
vn 0.0000 1.0000 0.0000
vn 0.0000 1.0000 0.0000
vn 0.0000 1.0000 0.0000
vn 0.0000 1.0000 0.0000
vn 0.0000 1.0000 0.0000
vn 0.0000 1.0000 0.0000
vn 0.0000 1.0000 0.0000
vn 0.0000 1.0000 0.0000
vn 0.0000 1.0000 0.0000
vn 0.0000 1.0000 0.0000
vn 0.0000 1.0000 0.0000
vn 0.0000 1.0000 0.0000
vn 0.0000 1.0000 0.0000
vn 0.0000 1.0000 0.0000
vn 0.0000 1.0000 0.0000
vn 0.0000 1.0000 0.0000
vn 0.0000 1.0000 0.0000
vn 0.0000 1.0000 0.0000
vn 0.0000 1.0000 0.0000
vn 0.0000 1.0000 0.0000
vn 0.0000 1.0000 0.0000
vn 0.0000 1.0000 0.0000
vn 0.0000 1.0000 0.0000
vn 0.0000 1.0000 0.0000
vn 0.0000 1.0000 0.0000
vn 0.0000 1.0000 0.0000
vn 0.0000 1.0000 0.0000
vn 0.0000 1.0000 0.0000
vn 0.0000 1.0000 0.0000
vn 0.0000 1.0000 0.0000
vn 0.0000 1.0000 0.0000
vn 0.0000 1.0000 0.0000
vn 0.0000 1.0000 0.0000
vn 0.0000 1.0000 0.0000
vn 0.0000 1.0000 0.0000
vn 0.0000 1.0000 0.0000
vn 0.0000 1.0000 0.0000
vn 0.0000 1.0000 0.0000
vn 0.0000 1.0000 0.0000
vn 0.0000 1.0000 0.0000
vn 0.0000 1.0000 0.0000
vn 0.0000 1.0000 0.0000
vn 0.0000 1.0000 0.0000
vn 0.0000 1.0000 0.0000
vn 0.0000 1.0000 0.0000
vn 0.0000 1.0000 0.0000
vn 0.0000 1.0000 0.0000
vn 0.0000 1.0000 0.0000
vn 0.0000 1.0000 0.0000
vn 0.0000 1.0000 0.0000
vn 0.0000 1.0000 0.0000
vn 0.0000 1.0000 0.0000
vn 0.0000 1.0000 0.0000
vn 0.0000 1.0000 0.0000
vn 0.0000 1.0000 0.0000
vn 0.0000 1.0000 0.0000
vn 0.0000 1.0000 0.0000
vn 0.0000 1.0000 0.0000
vn 0.0000 1.0000 0.0000
vn 0.0000 1.0000 0.0000
vn 0.0000 1.0000 0.0000
vn 0.0000 1.0000 0.0000
vn 0.0000 1.0000 0.0000
vn 0.0000 1.0000 0.0000
vn 0.0000 1.0000 0.0000
vn 0.0000 1.0000 0.0000
vn 0.0000 1.0000 0.0000
vn 0.0000 1.0000 0.0000
vn 0.0000 1.0000 0.0000
vn 0.0000 1.0000 0.0000
vn 0.0000 1.0000 0.0000
vn 0.0000 1.0000 0.0000
vn 0.0000 1.0000 0.0000
vn 0.0000 1.0000 0.0000
vn 0.0000 1.0000 0.0000
vn 0.0000 1.0000 0.0000
vn 0.0000 1.0000 0.0000
vn 0.0000 1.0000 0.0000
vn 0.0000 1.0000 0.0000
vn 0.0000 1.0000 0.0000
vn 0.0000 1.0000 0.0000
vn 0.0000 1.0000 0.0000
vn 0.0000 1.0000 0.0000
vn 0.0000 1.0000 0.0000
vn 0.0000 1.0000 0.0000
vn 0.0000 1.0000 0.0000
vn 0.0000 1.0000 0.0000
vn 0.0000 1.0000 0.0000
vn 0.0000 1.0000 0.0000
vn 0.0000 1.0000 0.0000
vn 0.0000 1.0000 0.0000
vn 0.0000 1.0000 0.0000
vn 0.0000 1.0000 0.0000
vn 0.0000 1.0000 0.0000
vn 0.0000 1.0000 0.0000
vn 0.0000 1.0000 0.0000
vn 0.0000 1.0000 0.0000
vn 0.0000 1.0000 0.0000
vn 0.0000 1.0000 0.0000
vn 0.0000 1.0000 0.0000
vn 0.0000 1.0000 0.0000
vn 0.0000 1.0000 0.0000
vn 0.0000 1.0000 0.0000
vn 0.0000 1.0000 0.0000
vn 0.0000 1.0000 0.0000
vn 0.0000 1.0000 0.0000
vn 0.0000 1.0000 0.0000
vn 0.0000 1.0000 0.0000
vn 0.0000 1.0000 0.0000
vn 0.0000 1.0000 0.0000
vn 0.0000 1.0000 0.0000
vn 0.0000 1.0000 0.0000
vn 0.0000 1.0000 0.0000
vn 0.0000 1.0000 0.0000
vn 0.0000 1.0000 0.0000
vn 0.0000 1.0000 0.0000
vn 0.0000 1.0000 0.0000
vn 0.0000 1.0000 0.0000
vn 0.0000 1.0000 0.0000
vn 0.0000 1.0000 0.0000
vn 0.0000 1.0000 0.0000
vn 0.0000 1.0000 0.0000
vn 0.0000 1.0000 0.0000
vn 0.0000 1.0000 0.0000
vn 0.0000 1.0000 0.0000
vn 0.0000 1.0000 0.0000
vn 0.0000 1.0000 0.0000
vn 0.0000 1.0000 0.0000
vn 0.0000 1.0000 0.0000
vn 0.0000 1.0000 0.0000
vn 0.0000 1.0000 0.0000
vn 0.0000 1.0000 0.0000
vn 0.0000 1.0000 0.0000
vn 0.0000 1.0000 0.0000
vn 0.0000 1.0000 0.0000
vn 0.0000 1.0000 0.0000
vn 0.0000 1.0000 0.0000
vn 0.0000 1.0000 0.0000
vn 0.0000 1.0000 0.0000
vn 0.0000 1.0000 0.0000
vn 0.0000 1.0000 0.0000
vn 0.0000 1.0000 0.0000
vn 0.0000 1.0000 0.0000
vn 0.0000 1.0000 0.0000
vn 0.0000 1.0000 0.0000
vn 0.0000 1.0000 0.0000
vn 0.0000 1.0000 0.0000
vn 0.0000 1.0000 0.0000
vn 0.0000 1.0000 0.0000
vn 0.0000 1.0000 0.0000
vn 0.0000 1.0000 0.0000
vn 0.0000 1.0000 0.0000
vn 0.0000 1.0000 0.0000
vn 0.0000 1.0000 0.0000
vn 0.0000 1.0000 0.0000
vn 0.0000 1.0000 0.0000
vn 0.0000 1.0000 0.0000
vn 0.0000 1.0000 0.0000
vn 0.0000 1.0000 0.0000
vn 0.0000 1.0000 0.0000
vn 0.0000 1.0000 0.0000
vn 0.0000 1.0000 0.0000
vn 0.0000 1.0000 0.0000
vn 0.0000 1.0000 0.0000
vn 0.0000 1.0000 0.0000
vn 0.0000 1.0000 0.0000
vn 0.0000 1.0000 0.0000
vn 0.0000 1.0000 0.0000
vn 0.0000 1.0000 0.0000
vn 0.0000 1.0000 0.0000
vn 0.0000 1.0000 0.0000
vn 0.0000 1.0000 0.0000
vn 0.0000 1.0000 0.0000
vn 0.0000 1.0000 0.0000
vn 0.0000 1.0000 0.0000
vn 0.0000 1.0000 0.0000
vn 0.0000 1.0000 0.0000
vn 0.0000 1.0000 0.0000
vn 0.0000 1.0000 0.0000
vn 0.0000 1.0000 0.0000
vn 0.0000 1.0000 0.0000
vn 0.0000 1.0000 0.0000
vn 0.0000 1.0000 0.0000
vn 0.0000 1.0000 0.0000
vn 0.0000 1.0000 0.0000
vn 0.0000 1.0000 0.0000
vn 0.0000 1.0000 0.0000
vn 0.0000 1.0000 0.0000
vn 0.0000 1.0000 0.0000
vn 0.0000 1.0000 0.0000
vn 0.0000 1.0000 0.0000
vn 0.0000 1.0000 0.0000
vn 0.0000 1.0000 0.0000
vn 0.0000 1.0000 0.0000
vn 0.0000 1.0000 0.0000
vn 0.0000 1.0000 0.0000
vn 0.0000 1.0000 0.0000
vn 0.0000 1.0000 0.0000
vn 0.0000 1.0000 0.0000
vn 0.0000 1.0000 0.0000
vn 0.0000 1.0000 0.0000
vn 0.0000 1.0000 0.0000
vn 0.0000 1.0000 0.0000
vn 0.0000 1.0000 0.0000
vn 0.0000 1.0000 0.0000
vn 0.0000 1.0000 0.0000
vn 0.0000 1.0000 0.0000
vn 0.0000 1.0000 0.0000
vn 0.0000 1.0000 0.0000
vn 0.0000 1.0000 0.0000
vn 0.0000 1.0000 0.0000
vn 0.0000 1.0000 0.0000
vn 0.0000 1.0000 0.0000
vn 0.0000 1.0000 0.0000
vn 0.0000 1.0000 0.0000
vn 0.0000 1.0000 0.0000
vn 0.0000 1.0000 0.0000
vn 0.0000 1.0000 0.0000
vn 0.0000 1.0000 0.0000
vn 0.0000 1.0000 0.0000
vn 0.0000 1.0000 0.0000
vn 0.0000 1.0000 0.0000
vn 0.0000 1.0000 0.0000
vn 0.0000 1.0000 0.0000
vn 0.0000 1.0000 0.0000
vn 0.0000 1.0000 0.0000
vn 0.0000 1.0000 0.0000
vn 0.0000 1.0000 0.0000
vn 0.0000 1.0000 0.0000
vn 0.0000 1.0000 0.0000
vn 0.0000 1.0000 0.0000
vn 0.0000 1.0000 0.0000
vn 0.0000 1.0000 0.0000
vn 0.0000 1.0000 0.0000
vn 0.0000 1.0000 0.0000
vn 0.0000 1.0000 0.0000
vn 0.0000 1.0000 0.0000
vn 0.0000 1.0000 0.0000
vn 0.0000 1.0000 0.0000
vn 0.0000 1.0000 0.0000
vn 0.0000 1.0000 0.0000
vn 0.0000 1.0000 0.0000
vn 0.0000 1.0000 0.0000
vn 0.0000 1.0000 0.0000
vn 0.0000 1.0000 0.0000
vn 0.0000 1.0000 0.0000
vn 0.0000 1.0000 0.0000
vn 0.0000 1.0000 0.0000
vn 0.0000 1.0000 0.0000
vn 0.0000 1.0000 0.0000
vn 0.0000 1.0000 0.0000
vn 0.0000 1.0000 0.0000
vn 0.0000 1.0000 0.0000
vn 0.0000 1.0000 0.0000
vn 0.0000 1.0000 0.0000
vn 0.0000 1.0000 0.0000
vn 0.0000 1.0000 0.0000
vn 0.0000 1.0000 0.0000
vn 0.0000 1.0000 0.0000
vn 0.0000 1.0000 0.0000
vn 0.0000 1.0000 0.0000
vn 0.0000 1.0000 0.0000
vn 0.0000 1.0000 0.0000
vn 0.0000 1.0000 0.0000
vn 0.0000 1.0000 0.0000
vn 0.0000 1.0000 0.0000
vn 0.0000 1.0000 0.0000
vn 0.0000 1.0000 0.0000
vn 0.0000 1.0000 0.0000
vn 0.0000 1.0000 0.0000
vn 0.0000 1.0000 0.0000
vn 0.0000 1.0000 0.0000
vn 0.0000 1.0000 0.0000
vn 0.0000 1.0000 0.0000
vn 0.0000 1.0000 0.0000
vn 0.0000 1.0000 0.0000
vn 0.0000 1.0000 0.0000
vn 0.0000 1.0000 0.0000
vn 0.0000 1.0000 0.0000
vn 0.0000 1.0000 0.0000
vn 0.0000 1.0000 0.0000
vn 0.0000 1.0000 0.0000
vn 0.0000 1.0000 0.0000
vn 0.0000 1.0000 0.0000
vn 0.0000 1.0000 0.0000
vn 0.0000 1.0000 0.0000
vn 0.0000 1.0000 0.0000
vn 0.0000 1.0000 0.0000
vn 0.0000 1.0000 0.0000
vn 0.0000 1.0000 0.0000
vn 0.0000 1.0000 0.0000
vn 0.0000 1.0000 0.0000
vn 0.0000 1.0000 0.0000
vn 0.0000 1.0000 0.0000
vn 0.0000 1.0000 0.0000
vn 0.0000 1.0000 0.0000
vn 0.0000 1.0000 0.0000
vn 0.0000 1.0000 0.0000
vn 0.0000 1.0000 0.0000
vn 0.0000 1.0000 0.0000
vn 0.0000 1.0000 0.0000
vn 0.0000 1.0000 0.0000
vn 0.0000 1.0000 0.0000
vn 0.0000 1.0000 0.0000
vn 0.0000 1.0000 0.0000
vn 0.0000 1.0000 0.0000
vn 0.0000 1.0000 0.0000
vn 0.0000 1.0000 0.0000
vn 0.0000 1.0000 0.0000
vn 0.0000 1.0000 0.0000
vn 0.0000 1.0000 0.0000
vn 0.0000 1.0000 0.0000
vn 0.0000 1.0000 0.0000
vn 0.0000 1.0000 0.0000
vn 0.0000 1.0000 0.0000
vn 0.0000 1.0000 0.0000
vn 0.0000 1.0000 0.0000
vn 0.0000 1.0000 0.0000
vn 0.0000 1.0000 0.0000
vn 0.0000 1.0000 0.0000
vn 0.0000 1.0000 0.0000
vn 0.0000 1.0000 0.0000
vn 0.0000 1.0000 0.0000
vn 0.0000 1.0000 0.0000
vn 0.0000 1.0000 0.0000
vn 0.0000 1.0000 0.0000
vn 0.0000 1.0000 0.0000
vn 0.0000 1.0000 0.0000
vn 0.0000 1.0000 0.0000
vn 0.0000 1.0000 0.0000
vn 0.0000 1.0000 0.0000
vn 0.0000 1.0000 0.0000
vn 0.0000 1.0000 0.0000
vn 0.0000 1.0000 0.0000
vn 0.0000 1.0000 0.0000
vn 0.0000 1.0000 0.0000
vn 0.0000 1.0000 0.0000
vn 0.0000 1.0000 0.0000
vn 0.0000 1.0000 0.0000
vn 0.0000 1.0000 0.0000
vn 0.0000 1.0000 0.0000
vn 0.0000 1.0000 0.0000
vn 0.0000 1.0000 0.0000
vn 0.0000 1.0000 0.0000
vn 0.0000 1.0000 0.0000
vn 0.0000 1.0000 0.0000
vn 0.0000 1.0000 0.0000
vn 0.0000 1.0000 0.0000
vn 0.0000 1.0000 0.0000
vn 0.0000 1.0000 0.0000
vn 0.0000 1.0000 0.0000
vn 0.0000 1.0000 0.0000
vn 0.0000 1.0000 0.0000
vn 0.0000 1.0000 0.0000
vn 0.0000 1.0000 0.0000
vn 0.0000 1.0000 0.0000
vn 0.0000 1.0000 0.0000
vn 0.0000 1.0000 0.0000
vn 0.0000 1.0000 0.0000
vn 0.0000 1.0000 0.0000
vn 0.0000 1.0000 0.0000
vn 0.0000 1.0000 0.0000
vn 0.0000 1.0000 0.0000
vn 0.0000 1.0000 0.0000
vn 0.0000 1.0000 0.0000
vn 0.0000 1.0000 0.0000
vn 0.0000 1.0000 0.0000
vn 0.0000 1.0000 0.0000
vn 0.0000 1.0000 0.0000
vn 0.0000 1.0000 0.0000
vn 0.0000 1.0000 0.0000
vn 0.0000 1.0000 0.0000
vn 0.0000 1.0000 0.0000
vn 0.0000 1.0000 0.0000
vn 0.0000 1.0000 0.0000
vn 0.0000 1.0000 0.0000
vn 0.0000 1.0000 0.0000
vn 0.0000 1.0000 0.0000
vn 0.0000 1.0000 0.0000
vn 0.0000 1.0000 0.0000
vn 0.0000 1.0000 0.0000
vn 0.0000 1.0000 0.0000
vn 0.0000 1.0000 0.0000
vn 0.0000 1.0000 0.0000
vn 0.0000 1.0000 0.0000
vn 0.0000 1.0000 0.0000
vn 0.0000 1.0000 0.0000
vn 0.0000 1.0000 0.0000
vn 0.0000 1.0000 0.0000
vn 0.0000 1.0000 0.0000
vn 0.0000 1.0000 0.0000
vn 0.0000 1.0000 0.0000
vn 0.0000 1.0000 0.0000
vn 0.0000 1.0000 0.0000
vn 0.0000 1.0000 0.0000
vn 0.0000 1.0000 0.0000
vn 0.0000 1.0000 0.0000
vn 0.0000 1.0000 0.0000
vn 0.0000 1.0000 0.0000
vn 0.0000 1.0000 0.0000
vn 0.0000 1.0000 0.0000
vn 0.0000 1.0000 0.0000
vn 0.0000 1.0000 0.0000
vn 0.0000 1.0000 0.0000
vn 0.0000 1.0000 0.0000
vn 0.0000 1.0000 0.0000
vn 0.0000 1.0000 0.0000
vn 0.0000 1.0000 0.0000
vn 0.0000 1.0000 0.0000
vn 0.0000 1.0000 0.0000
vn 0.0000 1.0000 0.0000
vn 0.0000 1.0000 0.0000
vn 0.0000 1.0000 0.0000
vn 0.0000 1.0000 0.0000
vn 0.0000 1.0000 0.0000
vn 0.0000 1.0000 0.0000
vn 0.0000 1.0000 0.0000
vn 0.0000 1.0000 0.0000
vn 0.0000 1.0000 0.0000
vn 0.0000 1.0000 0.0000
vn 0.0000 1.0000 0.0000
vn 0.0000 1.0000 0.0000
vn 0.0000 1.0000 0.0000
vn 0.0000 1.0000 0.0000
vn 0.0000 1.0000 0.0000
vn 0.0000 1.0000 0.0000
vn 0.0000 1.0000 0.0000
vn 0.0000 1.0000 0.0000
vn 0.0000 1.0000 0.0000
vn 0.0000 1.0000 0.0000
vn 0.0000 1.0000 0.0000
vn 0.0000 1.0000 0.0000
vn 0.0000 1.0000 0.0000
vn 0.0000 1.0000 0.0000
vn 0.0000 1.0000 0.0000
vn 0.0000 1.0000 0.0000
vn 0.0000 1.0000 0.0000
vn 0.0000 1.0000 0.0000
vn 0.0000 1.0000 0.0000
vn 0.0000 1.0000 0.0000
vn 0.0000 1.0000 0.0000
vn 0.0000 1.0000 0.0000
vn 0.0000 1.0000 0.0000
vn 0.0000 1.0000 0.0000
vn 0.0000 1.0000 0.0000
vn 0.0000 1.0000 0.0000
vn 0.0000 1.0000 0.0000
vn 0.0000 1.0000 0.0000
vn 0.0000 1.0000 0.0000
vn 0.0000 1.0000 0.0000
vn 0.0000 1.0000 0.0000
vn 0.0000 1.0000 0.0000
vn 0.0000 1.0000 0.0000
vn 0.0000 1.0000 0.0000
vn 0.0000 1.0000 0.0000
vn 0.0000 1.0000 0.0000
vn 0.0000 1.0000 0.0000
vn 0.0000 1.0000 0.0000
vn 0.0000 1.0000 0.0000
vn 0.0000 1.0000 0.0000
vn 0.0000 1.0000 0.0000
vn 0.0000 1.0000 0.0000
vn 0.0000 1.0000 0.0000
vn 0.0000 1.0000 0.0000
vn 0.0000 1.0000 0.0000
vn 0.0000 1.0000 0.0000
vn 0.0000 1.0000 0.0000
vn 0.0000 1.0000 0.0000
vn 0.0000 1.0000 0.0000
vn 0.0000 1.0000 0.0000
vn 0.0000 1.0000 0.0000
vn 0.0000 1.0000 0.0000
vn 0.0000 1.0000 0.0000
vn 0.0000 1.0000 0.0000
vn 0.0000 1.0000 0.0000
vn 0.0000 1.0000 0.0000
vn 0.0000 1.0000 0.0000
vn 0.0000 1.0000 0.0000
vn 0.0000 1.0000 0.0000
vn 0.0000 1.0000 0.0000
vn 0.0000 1.0000 0.0000
vn 0.0000 1.0000 0.0000
vn 0.0000 1.0000 0.0000
vn 0.0000 1.0000 0.0000
vn 0.0000 1.0000 0.0000
vn 0.0000 1.0000 0.0000
vn 0.0000 1.0000 0.0000
vn 0.0000 1.0000 0.0000
vn 0.0000 1.0000 0.0000
vn 0.0000 1.0000 0.0000
vn 0.0000 1.0000 0.0000
vn 0.0000 1.0000 0.0000
vn 0.0000 1.0000 0.0000
vn 0.0000 1.0000 0.0000
vn 0.0000 1.0000 0.0000
vn 0.0000 1.0000 0.0000
vn 0.0000 1.0000 0.0000
vn 0.0000 1.0000 0.0000
vn 0.0000 1.0000 0.0000
vn 0.0000 1.0000 0.0000
vn 0.0000 1.0000 0.0000
vn 0.0000 1.0000 0.0000
vn 0.0000 1.0000 0.0000
vn 0.0000 1.0000 0.0000
vn 0.0000 1.0000 0.0000
vn 0.0000 1.0000 0.0000
vn 0.0000 1.0000 0.0000
vn 0.0000 1.0000 0.0000
vn 0.0000 1.0000 0.0000
vn 0.0000 1.0000 0.0000
vn 0.0000 1.0000 0.0000
vn 0.0000 1.0000 0.0000
vn 0.0000 1.0000 0.0000
vn 0.0000 1.0000 0.0000
vn 0.0000 1.0000 0.0000
vn 0.0000 1.0000 0.0000
vn 0.0000 1.0000 0.0000
vn 0.0000 1.0000 0.0000
vn 0.0000 1.0000 0.0000
vn 0.0000 1.0000 0.0000
vn 0.0000 1.0000 0.0000
vn 0.0000 1.0000 0.0000
vn 0.0000 1.0000 0.0000
vn 0.0000 1.0000 0.0000
vn 0.0000 1.0000 0.0000
vn 0.0000 1.0000 0.0000
vn 0.0000 1.0000 0.0000
vn 0.0000 1.0000 0.0000
vn 0.0000 1.0000 0.0000
vn 0.0000 1.0000 0.0000
vn 0.0000 1.0000 0.0000
vn 0.0000 1.0000 0.0000
vn 0.0000 1.0000 0.0000
vn 0.0000 1.0000 0.0000
vn 0.0000 1.0000 0.0000
vn 0.0000 1.0000 0.0000
vn 0.0000 1.0000 0.0000
vn 0.0000 1.0000 0.0000
vn 0.0000 1.0000 0.0000
vn 0.0000 1.0000 0.0000
vn 0.0000 1.0000 0.0000
vn 0.0000 1.0000 0.0000
vn 0.0000 1.0000 0.0000
vn 0.0000 1.0000 0.0000
vn 0.0000 1.0000 0.0000
vn 0.0000 1.0000 0.0000
vn 0.0000 1.0000 0.0000
vn 0.0000 1.0000 0.0000
vn 0.0000 1.0000 0.0000
vn 0.0000 1.0000 0.0000
vn 0.0000 1.0000 0.0000
vn 0.0000 1.0000 0.0000
vn 0.0000 1.0000 0.0000
vn 0.0000 1.0000 0.0000
vn 0.0000 1.0000 0.0000
vn 0.0000 1.0000 0.0000
vn 0.0000 1.0000 0.0000
vn 0.0000 1.0000 0.0000
vn 0.0000 1.0000 0.0000
vn 0.0000 1.0000 0.0000
vn 0.0000 1.0000 0.0000
vn 0.0000 1.0000 0.0000
vn 0.0000 1.0000 0.0000
vn 0.0000 1.0000 0.0000
vn 0.0000 1.0000 0.0000
vn 0.0000 1.0000 0.0000
vn 0.0000 1.0000 0.0000
vn 0.0000 1.0000 0.0000
vn 0.0000 1.0000 0.0000
vn 0.0000 1.0000 0.0000
vn 0.0000 1.0000 0.0000
vn 0.0000 1.0000 0.0000
vn 0.0000 1.0000 0.0000
vn 0.0000 1.0000 0.0000
vn 0.0000 1.0000 0.0000
vn 0.0000 1.0000 0.0000
vn 0.0000 1.0000 0.0000
vn 0.0000 1.0000 0.0000
vn 0.0000 1.0000 0.0000
vn 0.0000 1.0000 0.0000
vn 0.0000 1.0000 0.0000
vn 0.0000 1.0000 0.0000
vn 0.0000 1.0000 0.0000
vn 0.0000 1.0000 0.0000
vn 0.0000 1.0000 0.0000
vn 0.0000 1.0000 0.0000
vn 0.0000 1.0000 0.0000
vn 0.0000 1.0000 0.0000
vn 0.0000 1.0000 0.0000
vn 0.0000 1.0000 0.0000
vn 0.0000 1.0000 0.0000
vn 0.0000 1.0000 0.0000
vn 0.0000 1.0000 0.0000
vn 0.0000 1.0000 0.0000
vn 0.0000 1.0000 0.0000
vn 0.0000 1.0000 0.0000
vn 0.0000 1.0000 0.0000
vn 0.0000 1.0000 0.0000
vn 0.0000 1.0000 0.0000
vn 0.0000 1.0000 0.0000
vn 0.0000 1.0000 0.0000
vn 0.0000 1.0000 0.0000
vn 0.0000 1.0000 0.0000
vn 0.0000 1.0000 0.0000
vn 0.0000 1.0000 0.0000
vn 0.0000 1.0000 0.0000
vn 0.0000 1.0000 0.0000
vn 0.0000 1.0000 0.0000
vn 0.0000 1.0000 0.0000
vn 0.0000 1.0000 0.0000
vn 0.0000 1.0000 0.0000
vn 0.0000 1.0000 0.0000
vn 0.0000 1.0000 0.0000
vn 0.0000 1.0000 0.0000
vn 0.0000 1.0000 0.0000
vn 0.0000 1.0000 0.0000
vn 0.0000 1.0000 0.0000
vn 0.0000 1.0000 0.0000
vn 0.0000 1.0000 0.0000
vn 0.0000 1.0000 0.0000
vn 0.0000 1.0000 0.0000
vn 0.0000 1.0000 0.0000
vn 0.0000 1.0000 0.0000
vn 0.0000 1.0000 0.0000
vn 0.0000 1.0000 0.0000
vn 0.0000 1.0000 0.0000
vn 0.0000 1.0000 0.0000
vn 0.0000 1.0000 0.0000
vn 0.0000 1.0000 0.0000
vn 0.0000 1.0000 0.0000
vn 0.0000 1.0000 0.0000
vn 0.0000 1.0000 0.0000
vn 0.0000 1.0000 0.0000
vn 0.0000 1.0000 0.0000
vn 0.0000 1.0000 0.0000
vn 0.0000 1.0000 0.0000
vn 0.0000 1.0000 0.0000
vn 0.0000 1.0000 0.0000
vn 0.0000 1.0000 0.0000
vn 0.0000 1.0000 0.0000
vn 0.0000 1.0000 0.0000
vn 0.0000 1.0000 0.0000
vn 0.0000 1.0000 0.0000
vn 0.0000 1.0000 0.0000
vn 0.0000 1.0000 0.0000
vn 0.0000 1.0000 0.0000
vn 0.0000 1.0000 0.0000
vn 0.0000 1.0000 0.0000
vn 0.0000 1.0000 0.0000
vn 0.0000 1.0000 0.0000
vn 0.0000 1.0000 0.0000
vn 0.0000 1.0000 0.0000
vn 0.0000 1.0000 0.0000
vn 0.0000 1.0000 0.0000
vn 0.0000 1.0000 0.0000
vn 0.0000 1.0000 0.0000
vn 0.0000 1.0000 0.0000
vn 0.0000 1.0000 0.0000
vn 0.0000 1.0000 0.0000
vn 0.0000 1.0000 0.0000
vn 0.0000 1.0000 0.0000
vn 0.0000 1.0000 0.0000
vn 0.0000 1.0000 0.0000
vn 0.0000 1.0000 0.0000
vn 0.0000 1.0000 0.0000
vn 0.0000 1.0000 0.0000
vn 0.0000 1.0000 0.0000
vn 0.0000 1.0000 0.0000
vn 0.0000 1.0000 0.0000
vn 0.0000 1.0000 0.0000
vn 0.0000 1.0000 0.0000
vn 0.0000 1.0000 0.0000
vn 0.0000 1.0000 0.0000
vn 0.0000 1.0000 0.0000
vn 0.0000 1.0000 0.0000
vn 0.0000 1.0000 0.0000
vn 0.0000 1.0000 0.0000
vn 0.0000 1.0000 0.0000
vn 0.0000 1.0000 0.0000
vn 0.0000 1.0000 0.0000
vn 0.0000 1.0000 0.0000
vn 0.0000 1.0000 0.0000
vn 0.0000 1.0000 0.0000
vn 0.0000 1.0000 0.0000
vn 0.0000 1.0000 0.0000
vn 0.0000 1.0000 0.0000
vn 0.0000 1.0000 0.0000
vn 0.0000 1.0000 0.0000
vn 0.0000 1.0000 0.0000
vn 0.0000 1.0000 0.0000
vn 0.0000 1.0000 0.0000
vn 0.0000 1.0000 0.0000
vn 0.0000 1.0000 0.0000
vn 0.0000 1.0000 0.0000
vn 0.0000 1.0000 0.0000
vn 0.0000 1.0000 0.0000
vn 0.0000 1.0000 0.0000
vn 0.0000 1.0000 0.0000
vn 0.0000 1.0000 0.0000
vn 0.0000 1.0000 0.0000
vn 0.0000 1.0000 0.0000
vn 0.0000 1.0000 0.0000
vn 0.0000 1.0000 0.0000
vn 0.0000 1.0000 0.0000
vn 0.0000 1.0000 0.0000
vn 0.0000 1.0000 0.0000
vn 0.0000 1.0000 0.0000
vn 0.0000 1.0000 0.0000
vn 0.0000 1.0000 0.0000
vn 0.0000 1.0000 0.0000
vn 0.0000 1.0000 0.0000
vn 0.0000 1.0000 0.0000
vn 0.0000 1.0000 0.0000
vn 0.0000 1.0000 0.0000
vn 0.0000 1.0000 0.0000
vn 0.0000 1.0000 0.0000
vn 0.0000 1.0000 0.0000
vn 0.0000 1.0000 0.0000
vn 0.0000 1.0000 0.0000
vn 0.0000 1.0000 0.0000
vn 0.0000 1.0000 0.0000
vn 0.0000 1.0000 0.0000
vn 0.0000 1.0000 0.0000
vn 0.0000 1.0000 0.0000
vn 0.0000 1.0000 0.0000
vn 0.0000 1.0000 0.0000
vn 0.0000 1.0000 0.0000
vn 0.0000 1.0000 0.0000
vn 0.0000 1.0000 0.0000
vn 0.0000 1.0000 0.0000
vn 0.0000 1.0000 0.0000
vn 0.0000 1.0000 0.0000
vn 0.0000 1.0000 0.0000
vn 0.0000 1.0000 0.0000
vn 0.0000 1.0000 0.0000
vn 0.0000 1.0000 0.0000
vn 0.0000 1.0000 0.0000
vn 0.0000 1.0000 0.0000
vn 0.0000 1.0000 0.0000
vn 0.0000 1.0000 0.0000
vn 0.0000 1.0000 0.0000
vn 0.0000 1.0000 0.0000
vn 0.0000 1.0000 0.0000
vn 0.0000 1.0000 0.0000
vn 0.0000 1.0000 0.0000
vn 0.0000 1.0000 0.0000
vn 0.0000 1.0000 0.0000
vn 0.0000 1.0000 0.0000
vn 0.0000 1.0000 0.0000
vn 0.0000 1.0000 0.0000
vn 0.0000 1.0000 0.0000
vn 0.0000 1.0000 0.0000
vn 0.0000 1.0000 0.0000
vn 0.0000 1.0000 0.0000
vn 0.0000 1.0000 0.0000
vn 0.0000 1.0000 0.0000
vn 0.0000 1.0000 0.0000
vn 0.0000 1.0000 0.0000
vn 0.0000 1.0000 0.0000
vn 0.0000 1.0000 0.0000
vn 0.0000 1.0000 0.0000
vn 0.0000 1.0000 0.0000
vn 0.0000 1.0000 0.0000
vn 0.0000 1.0000 0.0000
vn 0.0000 1.0000 0.0000
vn 0.0000 1.0000 0.0000
vn 0.0000 1.0000 0.0000
vn 0.0000 1.0000 0.0000
vn 0.0000 1.0000 0.0000
vn 0.0000 1.0000 0.0000
vn 0.0000 1.0000 0.0000
vn 0.0000 1.0000 0.0000
vn 0.0000 1.0000 0.0000
vn 0.0000 1.0000 0.0000
vn 0.0000 1.0000 0.0000
vn 0.0000 1.0000 0.0000
vn 0.0000 1.0000 0.0000
vn 0.0000 1.0000 0.0000
vn 0.0000 1.0000 0.0000
vn 0.0000 1.0000 0.0000
vn 0.0000 1.0000 0.0000
vn 0.0000 1.0000 0.0000
vn 0.0000 1.0000 0.0000
vn 0.0000 1.0000 0.0000
vn 0.0000 1.0000 0.0000
vn 0.0000 1.0000 0.0000
vn 0.0000 1.0000 0.0000
vn 0.0000 1.0000 0.0000
vn 0.0000 1.0000 0.0000
vn 0.0000 1.0000 0.0000
vn 0.0000 1.0000 0.0000
vn 0.0000 1.0000 0.0000
vn 0.0000 1.0000 0.0000
vn 0.0000 1.0000 0.0000
vn 0.0000 1.0000 0.0000
vn 0.0000 1.0000 0.0000
vn 0.0000 1.0000 0.0000
vn 0.0000 1.0000 0.0000
vn 0.0000 1.0000 0.0000
vn 0.0000 1.0000 0.0000
vn 0.0000 1.0000 0.0000
vn 0.0000 1.0000 0.0000
vn 0.0000 1.0000 0.0000
vn 0.0000 1.0000 0.0000
vn 0.0000 1.0000 0.0000
vn 0.0000 1.0000 0.0000
vn 0.0000 1.0000 0.0000
vn 0.0000 1.0000 0.0000
vn 0.0000 1.0000 0.0000
vn 0.0000 1.0000 0.0000
vn 0.0000 1.0000 0.0000
vn 0.0000 1.0000 0.0000
vn 0.0000 1.0000 0.0000
vn 0.0000 1.0000 0.0000
vn 0.0000 1.0000 0.0000
vn 0.0000 1.0000 0.0000
vn 0.0000 1.0000 0.0000
vn 0.0000 1.0000 0.0000
vn 0.0000 1.0000 0.0000
vn 0.0000 1.0000 0.0000
vn 0.0000 1.0000 0.0000
vn 0.0000 1.0000 0.0000
vn 0.0000 1.0000 0.0000
vn 0.0000 1.0000 0.0000
vn 0.0000 1.0000 0.0000
vn 0.0000 1.0000 0.0000
vn 0.0000 1.0000 0.0000
vn 0.0000 1.0000 0.0000
vn 0.0000 1.0000 0.0000
vn 0.0000 1.0000 0.0000
vn 0.0000 1.0000 0.0000
vn 0.0000 1.0000 0.0000
vn 0.0000 1.0000 0.0000
vn 0.0000 1.0000 0.0000
vn 0.0000 1.0000 0.0000
vn 0.0000 1.0000 0.0000
vn 0.0000 1.0000 0.0000
vn 0.0000 1.0000 0.0000
vn 0.0000 1.0000 0.0000
vn 0.0000 1.0000 0.0000
vn 0.0000 1.0000 0.0000
vn 0.0000 1.0000 0.0000
vn 0.0000 1.0000 0.0000
vn 0.0000 1.0000 0.0000
vn 0.0000 1.0000 0.0000
vn 0.0000 1.0000 0.0000
vn 0.0000 1.0000 0.0000
vn 0.0000 1.0000 0.0000
vn 0.0000 1.0000 0.0000
vn 0.0000 1.0000 0.0000
vn 0.0000 1.0000 0.0000
vn 0.0000 1.0000 0.0000
vn 0.0000 1.0000 0.0000
vn 0.0000 1.0000 0.0000
vn 0.0000 1.0000 0.0000
vn 0.0000 1.0000 0.0000
vn 0.0000 1.0000 0.0000
vn 0.0000 1.0000 0.0000
vn 0.0000 1.0000 0.0000
vn 0.0000 1.0000 0.0000
vn 0.0000 1.0000 0.0000
vn 0.0000 1.0000 0.0000
vn 0.0000 1.0000 0.0000
vn 0.0000 1.0000 0.0000
vn 0.0000 1.0000 0.0000
vn 0.0000 1.0000 0.0000
vn 0.0000 1.0000 0.0000
vn 0.0000 1.0000 0.0000
vn 0.0000 1.0000 0.0000
vn 0.0000 1.0000 0.0000
vn 0.0000 1.0000 0.0000
vn 0.0000 1.0000 0.0000
vn 0.0000 1.0000 0.0000
vn 0.0000 1.0000 0.0000
vn 0.0000 1.0000 0.0000
vn 0.0000 1.0000 0.0000
vn 0.0000 1.0000 0.0000
vn 0.0000 1.0000 0.0000
vn 0.0000 1.0000 0.0000
vn 0.0000 1.0000 0.0000
vn 0.0000 1.0000 0.0000
vn 0.0000 1.0000 0.0000
vn 0.0000 1.0000 0.0000
vn 0.0000 1.0000 0.0000
vn 0.0000 1.0000 0.0000
vn 0.0000 1.0000 0.0000
vn 0.0000 1.0000 0.0000
vn 0.0000 1.0000 0.0000
vn 0.0000 1.0000 0.0000
vn 0.0000 1.0000 0.0000
vn 0.0000 1.0000 0.0000
vn 0.0000 1.0000 0.0000
vn 0.0000 1.0000 0.0000
vn 0.0000 1.0000 0.0000
vn 0.0000 1.0000 0.0000
vn 0.0000 1.0000 0.0000
vn 0.0000 1.0000 0.0000
vn 0.0000 1.0000 0.0000
vn 0.0000 1.0000 0.0000
vn 0.0000 1.0000 0.0000
vn 0.0000 1.0000 0.0000
vn 0.0000 1.0000 0.0000
vn 0.0000 1.0000 0.0000
vn 0.0000 1.0000 0.0000
vn 0.0000 1.0000 0.0000
vn 0.0000 1.0000 0.0000
vn 0.0000 1.0000 0.0000
vn 0.0000 1.0000 0.0000
vn 0.0000 1.0000 0.0000
vn 0.0000 1.0000 0.0000
vn 0.0000 1.0000 0.0000
vn 0.0000 1.0000 0.0000
vn 0.0000 1.0000 0.0000
vn 0.0000 1.0000 0.0000
vn 0.0000 1.0000 0.0000
vn 0.0000 1.0000 0.0000
vn 0.0000 1.0000 0.0000
vn 0.0000 1.0000 0.0000
vn 0.0000 1.0000 0.0000
vn 0.0000 1.0000 0.0000
vn 0.0000 1.0000 0.0000
vn 0.0000 1.0000 0.0000
vn 0.0000 1.0000 0.0000
vn 0.0000 1.0000 0.0000
vn 0.0000 1.0000 0.0000
vn 0.0000 1.0000 0.0000
vn 0.0000 1.0000 0.0000
vn 0.0000 1.0000 0.0000
vn 0.0000 1.0000 0.0000
vn 0.0000 1.0000 0.0000
vn 0.0000 1.0000 0.0000
vn 0.0000 1.0000 0.0000
vn 0.0000 1.0000 0.0000
vn 0.0000 1.0000 0.0000
vn 0.0000 1.0000 0.0000
vn 0.0000 1.0000 0.0000
vn 0.0000 1.0000 0.0000
vn 0.0000 1.0000 0.0000
vn 0.0000 1.0000 0.0000
vn 0.0000 1.0000 0.0000
vn 0.0000 1.0000 0.0000
vn 0.0000 1.0000 0.0000
vn 0.0000 1.0000 0.0000
vn 0.0000 1.0000 0.0000
vn 0.0000 1.0000 0.0000
vn 0.0000 1.0000 0.0000
vn 0.0000 1.0000 0.0000
vn 0.0000 1.0000 0.0000
vn 0.0000 1.0000 0.0000
vn 0.0000 1.0000 0.0000
vn 0.0000 1.0000 0.0000
vn 0.0000 1.0000 0.0000
vn 0.0000 1.0000 0.0000
vn 0.0000 1.0000 0.0000
vn 0.0000 1.0000 0.0000
vn 0.0000 1.0000 0.0000
vn 0.0000 1.0000 0.0000
vn 0.0000 1.0000 0.0000
vn 0.0000 1.0000 0.0000
vn 0.0000 1.0000 0.0000
vn 0.0000 1.0000 0.0000
vn 0.0000 1.0000 0.0000
vn 0.0000 1.0000 0.0000
vn 0.0000 1.0000 0.0000
vn 0.0000 1.0000 0.0000
vn 0.0000 1.0000 0.0000
vn 0.0000 1.0000 0.0000
vn 0.0000 1.0000 0.0000
vn 0.0000 1.0000 0.0000
vn 0.0000 1.0000 0.0000
vn 0.0000 1.0000 0.0000
vn 0.0000 1.0000 0.0000
vn 0.0000 1.0000 0.0000
vn 0.0000 1.0000 0.0000
vn 0.0000 1.0000 0.0000
vn 0.0000 1.0000 0.0000
vn 0.0000 1.0000 0.0000
vn 0.0000 1.0000 0.0000
vn 0.0000 1.0000 0.0000
vn 0.0000 1.0000 0.0000
vn 0.0000 1.0000 0.0000
vn 0.0000 1.0000 0.0000
vn 0.0000 1.0000 0.0000
vn 0.0000 1.0000 0.0000
vn 0.0000 1.0000 0.0000
vn 0.0000 1.0000 0.0000
vn 0.0000 1.0000 0.0000
vn 0.0000 1.0000 0.0000
vn 0.0000 1.0000 0.0000
vn 0.0000 1.0000 0.0000
vn 0.0000 1.0000 0.0000
vn 0.0000 1.0000 0.0000
vn 0.0000 1.0000 0.0000
vn 0.0000 1.0000 0.0000
vn 0.0000 1.0000 0.0000
vn 0.0000 1.0000 0.0000
vn 0.0000 1.0000 0.0000
vn 0.0000 1.0000 0.0000
vn 0.0000 1.0000 0.0000
vn 0.0000 1.0000 0.0000
vn 0.0000 1.0000 0.0000
vn 0.0000 1.0000 0.0000
vn 0.0000 1.0000 0.0000
vn 0.0000 1.0000 0.0000
vn 0.0000 1.0000 0.0000
vn 0.0000 1.0000 0.0000
vn 0.0000 1.0000 0.0000
vn 0.0000 1.0000 0.0000
vn 0.0000 1.0000 0.0000
vn 0.0000 1.0000 0.0000
vn 0.0000 1.0000 0.0000
vn 0.0000 1.0000 0.0000
vn 0.0000 1.0000 0.0000
vn 0.0000 1.0000 0.0000
vn 0.0000 1.0000 0.0000
vn 0.0000 1.0000 0.0000
vn 0.0000 1.0000 0.0000
vn 0.0000 1.0000 0.0000
vn 0.0000 1.0000 0.0000
vn 0.0000 1.0000 0.0000
vn 0.0000 1.0000 0.0000
vn 0.0000 1.0000 0.0000
vn 0.0000 1.0000 0.0000
vn 0.0000 1.0000 0.0000
vn 0.0000 1.0000 0.0000
vn 0.0000 1.0000 0.0000
vn 0.0000 1.0000 0.0000
vn 0.0000 1.0000 0.0000
vn 0.0000 1.0000 0.0000
vn 0.0000 1.0000 0.0000
vn 0.0000 1.0000 0.0000
vn 0.0000 1.0000 0.0000
vn 0.0000 1.0000 0.0000
vn 0.0000 1.0000 0.0000
vn 0.0000 1.0000 0.0000
vn 0.0000 1.0000 0.0000
vn 0.0000 1.0000 0.0000
vn 0.0000 1.0000 0.0000
vn 0.0000 1.0000 0.0000
vn 0.0000 1.0000 0.0000
vn 0.0000 1.0000 0.0000
vn 0.0000 1.0000 0.0000
vn 0.0000 1.0000 0.0000
vn 0.0000 1.0000 0.0000
vn 0.0000 1.0000 0.0000
vn 0.0000 1.0000 0.0000
vn 0.0000 1.0000 0.0000
vn 0.0000 1.0000 0.0000
vn 0.0000 1.0000 0.0000
vn 0.0000 1.0000 0.0000
vn 0.0000 1.0000 0.0000
vn 0.0000 1.0000 0.0000
vn 0.0000 1.0000 0.0000
vn 0.0000 1.0000 0.0000
vn 0.0000 1.0000 0.0000
vn 0.0000 1.0000 0.0000
vn 0.0000 1.0000 0.0000
vn 0.0000 1.0000 0.0000
vn 0.0000 1.0000 0.0000
vn 0.0000 1.0000 0.0000
vn 0.0000 1.0000 0.0000
vn 0.0000 1.0000 0.0000
vn 0.0000 1.0000 0.0000
vn 0.0000 1.0000 0.0000
vn 0.0000 1.0000 0.0000
vn 0.0000 1.0000 0.0000
vn 0.0000 1.0000 0.0000
vn 0.0000 1.0000 0.0000
vn 0.0000 1.0000 0.0000
vn 0.0000 1.0000 0.0000
vn 0.0000 1.0000 0.0000
vn 0.0000 1.0000 0.0000
vn 0.0000 1.0000 0.0000
vn 0.0000 1.0000 0.0000
vn 0.0000 1.0000 0.0000
vn 0.0000 1.0000 0.0000
vn 0.0000 1.0000 0.0000
vn 0.0000 1.0000 0.0000
vn 0.0000 1.0000 0.0000
vn 0.0000 1.0000 0.0000
vn 0.0000 1.0000 0.0000
vn 0.0000 1.0000 0.0000
vn 0.0000 1.0000 0.0000
vn 0.0000 1.0000 0.0000
vn 0.0000 1.0000 0.0000
vn 0.0000 1.0000 0.0000
vn 0.0000 1.0000 0.0000
vn 0.0000 1.0000 0.0000
vn 0.0000 1.0000 0.0000
vn 0.0000 1.0000 0.0000
vn 0.0000 1.0000 0.0000
vn 0.0000 1.0000 0.0000
vn 0.0000 1.0000 0.0000
vn 0.0000 1.0000 0.0000
vn 0.0000 1.0000 0.0000
vn 0.0000 1.0000 0.0000
vn 0.0000 1.0000 0.0000
vn 0.0000 1.0000 0.0000
vn 0.0000 1.0000 0.0000
vn 0.0000 1.0000 0.0000
vn 0.0000 1.0000 0.0000
vn 0.0000 1.0000 0.0000
vn 0.0000 1.0000 0.0000
vn 0.0000 1.0000 0.0000
vn 0.0000 1.0000 0.0000
vn 0.0000 1.0000 0.0000
vn 0.0000 1.0000 0.0000
vn 0.0000 1.0000 0.0000
vn 0.0000 1.0000 0.0000
vn 0.0000 1.0000 0.0000
vn 0.0000 1.0000 0.0000
vn 0.0000 1.0000 0.0000
vn 0.0000 1.0000 0.0000
vn 0.0000 1.0000 0.0000
vn 0.0000 1.0000 0.0000
vn 0.0000 1.0000 0.0000
vn 0.0000 1.0000 0.0000
vn 0.0000 1.0000 0.0000
vn 0.0000 1.0000 0.0000
vn 0.0000 1.0000 0.0000
vn 0.0000 1.0000 0.0000
vn 0.0000 1.0000 0.0000
vn 0.0000 1.0000 0.0000
vn 0.0000 1.0000 0.0000
vn 0.0000 1.0000 0.0000
vn 0.0000 1.0000 0.0000
vn 0.0000 1.0000 0.0000
vn 0.0000 1.0000 0.0000
vn 0.0000 1.0000 0.0000
vn 0.0000 1.0000 0.0000
vn 0.0000 1.0000 0.0000
vn 0.0000 1.0000 0.0000
vn 0.0000 1.0000 0.0000
vn 0.0000 1.0000 0.0000
vn 0.0000 1.0000 0.0000
vn 0.0000 1.0000 0.0000
vn 0.0000 1.0000 0.0000
vn 0.0000 1.0000 0.0000
vn 0.0000 1.0000 0.0000
vn 0.0000 1.0000 0.0000
vn 0.0000 1.0000 0.0000
vn 0.0000 1.0000 0.0000
vn 0.0000 1.0000 0.0000
vn 0.0000 1.0000 0.0000
vn 0.0000 1.0000 0.0000
vn 0.0000 1.0000 0.0000
vn 0.0000 1.0000 0.0000
vn 0.0000 1.0000 0.0000
vn 0.0000 1.0000 0.0000
vn 0.0000 1.0000 0.0000
vn 0.0000 1.0000 0.0000
vn 0.0000 1.0000 0.0000
vn 0.0000 1.0000 0.0000
vn 0.0000 1.0000 0.0000
vn 0.0000 1.0000 0.0000
vn 0.0000 1.0000 0.0000
vn 0.0000 1.0000 0.0000
vn 0.0000 1.0000 0.0000
vn 0.0000 1.0000 0.0000
vn 0.0000 1.0000 0.0000
vn 0.0000 1.0000 0.0000
vn 0.0000 1.0000 0.0000
vn 0.0000 1.0000 0.0000
vn 0.0000 1.0000 0.0000
vn 0.0000 1.0000 0.0000
vn 0.0000 1.0000 0.0000
vn 0.0000 1.0000 0.0000
vn 0.0000 1.0000 0.0000
vn 0.0000 1.0000 0.0000
vn 0.0000 1.0000 0.0000
vn 0.0000 1.0000 0.0000
vn 0.0000 1.0000 0.0000
vn 0.0000 1.0000 0.0000
vn 0.0000 1.0000 0.0000
vn 0.0000 1.0000 0.0000
vn 0.0000 1.0000 0.0000
vn 0.0000 1.0000 0.0000
vn 0.0000 1.0000 0.0000
vn 0.0000 1.0000 0.0000
vn 0.0000 1.0000 0.0000
vn 0.0000 1.0000 0.0000
vn 0.0000 1.0000 0.0000
vn 0.0000 1.0000 0.0000
vn 0.0000 1.0000 0.0000
vn 0.0000 1.0000 0.0000
vn 0.0000 1.0000 0.0000
vn 0.0000 1.0000 0.0000
vn 0.0000 1.0000 0.0000
vn 0.0000 1.0000 0.0000
vn 0.0000 1.0000 0.0000
vn 0.0000 1.0000 0.0000
vn 0.0000 1.0000 0.0000
vn 0.0000 1.0000 0.0000
vn 0.0000 1.0000 0.0000
vn 0.0000 1.0000 0.0000
vn 0.0000 1.0000 0.0000
vn 0.0000 1.0000 0.0000
vn 0.0000 1.0000 0.0000
vn 0.0000 1.0000 0.0000
vn 0.0000 1.0000 0.0000
vn 0.0000 1.0000 0.0000
vn 0.0000 1.0000 0.0000
vn 0.0000 1.0000 0.0000
vn 0.0000 1.0000 0.0000
vn 0.0000 1.0000 0.0000
vn 0.0000 1.0000 0.0000
vn 0.0000 1.0000 0.0000
vn 0.0000 1.0000 0.0000
vn 0.0000 1.0000 0.0000
vn 0.0000 1.0000 0.0000
vn 0.0000 1.0000 0.0000
vn 0.0000 1.0000 0.0000
vn 0.0000 1.0000 0.0000
vn 0.0000 1.0000 0.0000
vn 0.0000 1.0000 0.0000
vn 0.0000 1.0000 0.0000
vn 0.0000 1.0000 0.0000
vn 0.0000 1.0000 0.0000
vn 0.0000 1.0000 0.0000
vn 0.0000 1.0000 0.0000
vn 0.0000 1.0000 0.0000
vn 0.0000 1.0000 0.0000
vn 0.0000 1.0000 0.0000
vn 0.0000 1.0000 0.0000
vn 0.0000 1.0000 0.0000
vn 0.0000 1.0000 0.0000
vn 0.0000 1.0000 0.0000
vn 0.0000 1.0000 0.0000
vn 0.0000 1.0000 0.0000
vn 0.0000 1.0000 0.0000
vn 0.0000 1.0000 0.0000
vn 0.0000 1.0000 0.0000
vn 0.0000 1.0000 0.0000
vn 0.0000 1.0000 0.0000
vn 0.0000 1.0000 0.0000
vn 0.0000 1.0000 0.0000
vn 0.0000 1.0000 0.0000
vn 0.0000 1.0000 0.0000
vn 0.0000 1.0000 0.0000
vn 0.0000 1.0000 0.0000
vn 0.0000 1.0000 0.0000
vn 0.0000 1.0000 0.0000
vn 0.0000 1.0000 0.0000
vn 0.0000 1.0000 0.0000
vn 0.0000 1.0000 0.0000
vn 0.0000 1.0000 0.0000
vn 0.0000 1.0000 0.0000
vn 0.0000 1.0000 0.0000
vn 0.0000 1.0000 0.0000
vn 0.0000 1.0000 0.0000
vn 0.0000 1.0000 0.0000
vn 0.0000 1.0000 0.0000
vn 0.0000 1.0000 0.0000
vn 0.0000 1.0000 0.0000
vn 0.0000 1.0000 0.0000
vn 0.0000 1.0000 0.0000
vn 0.0000 1.0000 0.0000
vn 0.0000 1.0000 0.0000
vn 0.0000 1.0000 0.0000
vn 0.0000 1.0000 0.0000
vn 0.0000 1.0000 0.0000
vn 0.0000 1.0000 0.0000
vn 0.0000 1.0000 0.0000
vn 0.0000 1.0000 0.0000
vn 0.0000 1.0000 0.0000
vn 0.0000 1.0000 0.0000
vn 0.0000 1.0000 0.0000
vn 0.0000 1.0000 0.0000
vn 0.0000 1.0000 0.0000
vn 0.0000 1.0000 0.0000
vn 0.0000 1.0000 0.0000
vn 0.0000 1.0000 0.0000
vn 0.0000 1.0000 0.0000
vn 0.0000 1.0000 0.0000
vn 0.0000 1.0000 0.0000
vn 0.0000 1.0000 0.0000
vn 0.0000 1.0000 0.0000
vn 0.0000 1.0000 0.0000
vn 0.0000 1.0000 0.0000
vn 0.0000 1.0000 0.0000
vn 0.0000 1.0000 0.0000
vn 0.0000 1.0000 0.0000
vn 0.0000 1.0000 0.0000
vn 0.0000 1.0000 0.0000
vn 0.0000 1.0000 0.0000
vn 0.0000 1.0000 0.0000
vn 0.0000 1.0000 0.0000
vn 0.0000 1.0000 0.0000
vn 0.0000 1.0000 0.0000
vn 0.0000 1.0000 0.0000
vn 0.0000 1.0000 0.0000
vn 0.0000 1.0000 0.0000
vn 0.0000 1.0000 0.0000
vn 0.0000 1.0000 0.0000
vn 0.0000 1.0000 0.0000
vn 0.0000 1.0000 0.0000
vn 0.0000 1.0000 0.0000
vn 0.0000 1.0000 0.0000
vn 0.0000 1.0000 0.0000
vn 0.0000 1.0000 0.0000
vn 0.0000 1.0000 0.0000
vn 0.0000 1.0000 0.0000
vn 0.0000 1.0000 0.0000
vn 0.0000 1.0000 0.0000
vn 0.0000 1.0000 0.0000
vn 0.0000 1.0000 0.0000
vn 0.0000 1.0000 0.0000
vn 0.0000 1.0000 0.0000
vn 0.0000 1.0000 0.0000
vn 0.0000 1.0000 0.0000
vn 0.0000 1.0000 0.0000
vn 0.0000 1.0000 0.0000
vn 0.0000 1.0000 0.0000
vn 0.0000 1.0000 0.0000
vn 0.0000 1.0000 0.0000
vn 0.0000 1.0000 0.0000
vn 0.0000 1.0000 0.0000
vn 0.0000 1.0000 0.0000
vn 0.0000 1.0000 0.0000
vn 0.0000 1.0000 0.0000
vn 0.0000 1.0000 0.0000
vn 0.0000 1.0000 0.0000
vn 0.0000 1.0000 0.0000
vn 0.0000 1.0000 0.0000
vn 0.0000 1.0000 0.0000
vn 0.0000 1.0000 0.0000
vn 0.0000 1.0000 0.0000
vn 0.0000 1.0000 0.0000
vn 0.0000 1.0000 0.0000
vn 0.0000 1.0000 0.0000
vn 0.0000 1.0000 0.0000
vn 0.0000 1.0000 0.0000
vn 0.0000 1.0000 0.0000
vn 0.0000 1.0000 0.0000
vn 0.0000 1.0000 0.0000
vn 0.0000 1.0000 0.0000
vn 0.0000 1.0000 0.0000
vn 0.0000 1.0000 0.0000
vn 0.0000 1.0000 0.0000
vn 0.0000 1.0000 0.0000
vn 0.0000 1.0000 0.0000
vn 0.0000 1.0000 0.0000
vn 0.0000 1.0000 0.0000
vn 0.0000 1.0000 0.0000
vn 0.0000 1.0000 0.0000
vn 0.0000 1.0000 0.0000
vn 0.0000 1.0000 0.0000
vn 0.0000 1.0000 0.0000
vn 0.0000 1.0000 0.0000
vn 0.0000 1.0000 0.0000
vn 0.0000 1.0000 0.0000
vn 0.0000 1.0000 0.0000
vn 0.0000 1.0000 0.0000
vn 0.0000 1.0000 0.0000
vn 0.0000 1.0000 0.0000
vn 0.0000 1.0000 0.0000
vn 0.0000 1.0000 0.0000
vn 0.0000 1.0000 0.0000
vn 0.0000 1.0000 0.0000
vn 0.0000 1.0000 0.0000
vn 0.0000 1.0000 0.0000
vn 0.0000 1.0000 0.0000
vn 0.0000 1.0000 0.0000
vn 0.0000 1.0000 0.0000
vn 0.0000 1.0000 0.0000
vn 0.0000 1.0000 0.0000
vn 0.0000 1.0000 0.0000
vn 0.0000 1.0000 0.0000
vn 0.0000 1.0000 0.0000
vn 0.0000 1.0000 0.0000
vn 0.0000 1.0000 0.0000
vn 0.0000 1.0000 0.0000
vn 0.0000 1.0000 0.0000
vn 0.0000 1.0000 0.0000
vn 0.0000 1.0000 0.0000
vn 0.0000 1.0000 0.0000
vn 0.0000 1.0000 0.0000
vn 0.0000 1.0000 0.0000
vn 0.0000 1.0000 0.0000
vn 0.0000 1.0000 0.0000
vn 0.0000 1.0000 0.0000
vn 0.0000 1.0000 0.0000
vn 0.0000 1.0000 0.0000
vn 0.0000 1.0000 0.0000
vn 0.0000 1.0000 0.0000
vn 0.0000 1.0000 0.0000
vn 0.0000 1.0000 0.0000
vn 0.0000 1.0000 0.0000
vn 0.0000 1.0000 0.0000
vn 0.0000 1.0000 0.0000
vn 0.0000 1.0000 0.0000
vn 0.0000 1.0000 0.0000
vn 0.0000 1.0000 0.0000
vn 0.0000 1.0000 0.0000
vn 0.0000 1.0000 0.0000
vn 0.0000 1.0000 0.0000
vn 0.0000 1.0000 0.0000
vn 0.0000 1.0000 0.0000
vn 0.0000 1.0000 0.0000
vn 0.0000 1.0000 0.0000
vn 0.0000 1.0000 0.0000
vn 0.0000 1.0000 0.0000
vn 0.0000 1.0000 0.0000
vn 0.0000 1.0000 0.0000
vn 0.0000 1.0000 0.0000
vn 0.0000 1.0000 0.0000
vn 0.0000 1.0000 0.0000
vn 0.0000 1.0000 0.0000
vn 0.0000 1.0000 0.0000
vn 0.0000 1.0000 0.0000
vn 0.0000 1.0000 0.0000
vn 0.0000 1.0000 0.0000
vn 0.0000 1.0000 0.0000
vn 0.0000 1.0000 0.0000
vn 0.0000 1.0000 0.0000
vn 0.0000 1.0000 0.0000
vn 0.0000 1.0000 0.0000
vn 0.0000 1.0000 0.0000
vn 0.0000 1.0000 0.0000
vn 0.0000 1.0000 0.0000
vn 0.0000 1.0000 0.0000
vn 0.0000 1.0000 0.0000
vn 0.0000 1.0000 0.0000
vn 0.0000 1.0000 0.0000
vn 0.0000 1.0000 0.0000
vn 0.0000 1.0000 0.0000
vn 0.0000 1.0000 0.0000
vn 0.0000 1.0000 0.0000
vn 0.0000 1.0000 0.0000
vn 0.0000 1.0000 0.0000
vn 0.0000 1.0000 0.0000
vn 0.0000 1.0000 0.0000
vn 0.0000 1.0000 0.0000
vn 0.0000 1.0000 0.0000
vn 0.0000 1.0000 0.0000
vn 0.0000 1.0000 0.0000
vn 0.0000 1.0000 0.0000
vn 0.0000 1.0000 0.0000
vn 0.0000 1.0000 0.0000
vn 0.0000 1.0000 0.0000
vn 0.0000 1.0000 0.0000
vn 0.0000 1.0000 0.0000
vn 0.0000 1.0000 0.0000
vn 0.0000 1.0000 0.0000
vn 0.0000 1.0000 0.0000
vn 0.0000 1.0000 0.0000
vn 0.0000 1.0000 0.0000
vn 0.0000 1.0000 0.0000
vn 0.0000 1.0000 0.0000
vn 0.0000 1.0000 0.0000
vn 0.0000 1.0000 0.0000
vn 0.0000 1.0000 0.0000
vn 0.0000 1.0000 0.0000
vn 0.0000 1.0000 0.0000
vn 0.0000 1.0000 0.0000
vn 0.0000 1.0000 0.0000
vn 0.0000 1.0000 0.0000
vn 0.0000 1.0000 0.0000
vn 0.0000 1.0000 0.0000
vn 0.0000 1.0000 0.0000
vn 0.0000 1.0000 0.0000
vn 0.0000 1.0000 0.0000
vn 0.0000 1.0000 0.0000
vn 0.0000 1.0000 0.0000
vn 0.0000 1.0000 0.0000
vn 0.0000 1.0000 0.0000
vn 0.0000 1.0000 0.0000
vn 0.0000 1.0000 0.0000
vn 0.0000 1.0000 0.0000
vn 0.0000 1.0000 0.0000
vn 0.0000 1.0000 0.0000
vn 0.0000 1.0000 0.0000
vn 0.0000 1.0000 0.0000
vn 0.0000 1.0000 0.0000
vn 0.0000 1.0000 0.0000
vn 0.0000 1.0000 0.0000
vn 0.0000 1.0000 0.0000
vn 0.0000 1.0000 0.0000
vn 0.0000 1.0000 0.0000
vn 0.0000 1.0000 0.0000
vn 0.0000 1.0000 0.0000
vn 0.0000 1.0000 0.0000
vn 0.0000 1.0000 0.0000
vn 0.0000 1.0000 0.0000
vn 0.0000 1.0000 0.0000
vn 0.0000 1.0000 0.0000
vn 0.0000 1.0000 0.0000
vn 0.0000 1.0000 0.0000
vn 0.0000 1.0000 0.0000
vn 0.0000 1.0000 0.0000
vn 0.0000 1.0000 0.0000
vn 0.0000 1.0000 0.0000
vn 0.0000 1.0000 0.0000
vn 0.0000 1.0000 0.0000
vn 0.0000 1.0000 0.0000
vn 0.0000 1.0000 0.0000
vn 0.0000 1.0000 0.0000
vn 0.0000 1.0000 0.0000
vn 0.0000 1.0000 0.0000
vn 0.0000 1.0000 0.0000
vn 0.0000 1.0000 0.0000
vn 0.0000 1.0000 0.0000
vn 0.0000 1.0000 0.0000
vn 0.0000 1.0000 0.0000
vn 0.0000 1.0000 0.0000
vn 0.0000 1.0000 0.0000
vn 0.0000 1.0000 0.0000
vn 0.0000 1.0000 0.0000
vn 0.0000 1.0000 0.0000
vn 0.0000 1.0000 0.0000
vn 0.0000 1.0000 0.0000
vn 0.0000 1.0000 0.0000
vn 0.0000 1.0000 0.0000
vn 0.0000 1.0000 0.0000
vn 0.0000 1.0000 0.0000
vn 0.0000 1.0000 0.0000
vn 0.0000 1.0000 0.0000
vn 0.0000 1.0000 0.0000
vn 0.0000 1.0000 0.0000
vn 0.0000 1.0000 0.0000
vn 0.0000 1.0000 0.0000
vn 0.0000 1.0000 0.0000
vn 0.0000 1.0000 0.0000
vn 0.0000 1.0000 0.0000
vn 0.0000 1.0000 0.0000
vn 0.0000 1.0000 0.0000
vn 0.0000 1.0000 0.0000
vn 0.0000 1.0000 0.0000
vn 0.0000 1.0000 0.0000
vn 0.0000 1.0000 0.0000
vn 0.0000 1.0000 0.0000
vn 0.0000 1.0000 0.0000
vn 0.0000 1.0000 0.0000
vn 0.0000 1.0000 0.0000
vn 0.0000 1.0000 0.0000
vn 0.0000 1.0000 0.0000
vn 0.0000 1.0000 0.0000
vn 0.0000 1.0000 0.0000
vn 0.0000 1.0000 0.0000
vn 0.0000 1.0000 0.0000
vn 0.0000 1.0000 0.0000
vn 0.0000 1.0000 0.0000
vn 0.0000 1.0000 0.0000
vn 0.0000 1.0000 0.0000
vn 0.0000 1.0000 0.0000
vn 0.0000 1.0000 0.0000
vn 0.0000 1.0000 0.0000
vn 0.0000 1.0000 0.0000
vn 0.0000 1.0000 0.0000
vn 0.0000 1.0000 0.0000
vn 0.0000 1.0000 0.0000
vn 0.0000 1.0000 0.0000
vn 0.0000 1.0000 0.0000
vn 0.0000 1.0000 0.0000
vn 0.0000 1.0000 0.0000
vn 0.0000 1.0000 0.0000
vn 0.0000 1.0000 0.0000
vn 0.0000 1.0000 0.0000
vn 0.0000 1.0000 0.0000
vn 0.0000 1.0000 0.0000
vn 0.0000 1.0000 0.0000
vn 0.0000 1.0000 0.0000
vn 0.0000 1.0000 0.0000
vn 0.0000 1.0000 0.0000
vn 0.0000 1.0000 0.0000
vn 0.0000 1.0000 0.0000
vn 0.0000 1.0000 0.0000
vn 0.0000 1.0000 0.0000
vn 0.0000 1.0000 0.0000
vn 0.0000 1.0000 0.0000
vn 0.0000 1.0000 0.0000
vn 0.0000 1.0000 0.0000
vn 0.0000 1.0000 0.0000
vn 0.0000 1.0000 0.0000
vn 0.0000 1.0000 0.0000
vn 0.0000 1.0000 0.0000
vn 0.0000 1.0000 0.0000
vn 0.0000 1.0000 0.0000
vn 0.0000 1.0000 0.0000
vn 0.0000 1.0000 0.0000
vn 0.0000 1.0000 0.0000
vn 0.0000 1.0000 0.0000
vn 0.0000 1.0000 0.0000
vn 0.0000 1.0000 0.0000
vn 0.0000 1.0000 0.0000
vn 0.0000 1.0000 0.0000
vn 0.0000 1.0000 0.0000
vn 0.0000 1.0000 0.0000
vn 0.0000 1.0000 0.0000
vn 0.0000 1.0000 0.0000
vn 0.0000 1.0000 0.0000
vn 0.0000 1.0000 0.0000
vn 0.0000 1.0000 0.0000
vn 0.0000 1.0000 0.0000
vn 0.0000 1.0000 0.0000
vn 0.0000 1.0000 0.0000
vn 0.0000 1.0000 0.0000
vn 0.0000 1.0000 0.0000
vn 0.0000 1.0000 0.0000
vn 0.0000 1.0000 0.0000
vn 0.0000 1.0000 0.0000
vn 0.0000 1.0000 0.0000
vn 0.0000 1.0000 0.0000
vn 0.0000 1.0000 0.0000
vn 0.0000 1.0000 0.0000
vn 0.0000 1.0000 0.0000
vn 0.0000 1.0000 0.0000
vn 0.0000 1.0000 0.0000
vn 0.0000 1.0000 0.0000
vn 0.0000 1.0000 0.0000
vn 0.0000 1.0000 0.0000
vn 0.0000 1.0000 0.0000
vn 0.0000 1.0000 0.0000
vn 0.0000 1.0000 0.0000
vn 0.0000 1.0000 0.0000
vn 0.0000 1.0000 0.0000
vn 0.0000 1.0000 0.0000
vn 0.0000 1.0000 0.0000
vn 0.0000 1.0000 0.0000
vn 0.0000 1.0000 0.0000
vn 0.0000 1.0000 0.0000
vn 0.0000 1.0000 0.0000
vn 0.0000 1.0000 0.0000
vn 0.0000 1.0000 0.0000
vn 0.0000 1.0000 0.0000
vn 0.0000 1.0000 0.0000
vn 0.0000 1.0000 0.0000
vn 0.0000 1.0000 0.0000
vn 0.0000 1.0000 0.0000
vn 0.0000 1.0000 0.0000
vn 0.0000 1.0000 0.0000
vn 0.0000 1.0000 0.0000
vn 0.0000 1.0000 0.0000
vn 0.0000 1.0000 0.0000
vn 0.0000 1.0000 0.0000
vn 0.0000 1.0000 0.0000
vn 0.0000 1.0000 0.0000
vn 0.0000 1.0000 0.0000
vn 0.0000 1.0000 0.0000
vn 0.0000 1.0000 0.0000
vn 0.0000 1.0000 0.0000
vn 0.0000 1.0000 0.0000
vn 0.0000 1.0000 0.0000
vn 0.0000 1.0000 0.0000
vn 0.0000 1.0000 0.0000
vn 0.0000 1.0000 0.0000
vn 0.0000 1.0000 0.0000
vn 0.0000 1.0000 0.0000
vn 0.0000 1.0000 0.0000
vn 0.0000 1.0000 0.0000
vn 0.0000 1.0000 0.0000
vn 0.0000 1.0000 0.0000
vn 0.0000 1.0000 0.0000
vn 0.0000 1.0000 0.0000
vn 0.0000 1.0000 0.0000
vn 0.0000 1.0000 0.0000
vn 0.0000 1.0000 0.0000
vn 0.0000 1.0000 0.0000
vn 0.0000 1.0000 0.0000
vn 0.0000 1.0000 0.0000
vn 0.0000 1.0000 0.0000
vn 0.0000 1.0000 0.0000
vn 0.0000 1.0000 0.0000
vn 0.0000 1.0000 0.0000
vn 0.0000 1.0000 0.0000
vn 0.0000 1.0000 0.0000
vn 0.0000 1.0000 0.0000
vn 0.0000 1.0000 0.0000
vn 0.0000 1.0000 0.0000
vn 0.0000 1.0000 0.0000
vn 0.0000 1.0000 0.0000
vn 0.0000 1.0000 0.0000
vn 0.0000 1.0000 0.0000
vn 0.0000 1.0000 0.0000
vn 0.0000 1.0000 0.0000
vn 0.0000 1.0000 0.0000
vn 0.0000 1.0000 0.0000
vn 0.0000 1.0000 0.0000
vn 0.0000 1.0000 0.0000
vn 0.0000 1.0000 0.0000
vn 0.0000 1.0000 0.0000
vn 0.0000 1.0000 0.0000
vn 0.0000 1.0000 0.0000
vn 0.0000 1.0000 0.0000
vn 0.0000 1.0000 0.0000
vn 0.0000 1.0000 0.0000
vn 0.0000 1.0000 0.0000
vn 0.0000 1.0000 0.0000
vn 0.0000 1.0000 0.0000
vn 0.0000 1.0000 0.0000
vn 0.0000 1.0000 0.0000
vn 0.0000 1.0000 0.0000
vn 0.0000 1.0000 0.0000
vn 0.0000 1.0000 0.0000
vn 0.0000 1.0000 0.0000
vn 0.0000 1.0000 0.0000
vn 0.0000 1.0000 0.0000
vn 0.0000 1.0000 0.0000
vn 0.0000 1.0000 0.0000
vn 0.0000 1.0000 0.0000
vn 0.0000 1.0000 0.0000
vn 0.0000 1.0000 0.0000
vn 0.0000 1.0000 0.0000
vn 0.0000 1.0000 0.0000
vn 0.0000 1.0000 0.0000
vn 0.0000 1.0000 0.0000
vn 0.0000 1.0000 0.0000
vn 0.0000 1.0000 0.0000
vn 0.0000 1.0000 0.0000
vn 0.0000 1.0000 0.0000
vn 0.0000 1.0000 0.0000
vn 0.0000 1.0000 0.0000
vn 0.0000 1.0000 0.0000
vn 0.0000 1.0000 0.0000
vn 0.0000 1.0000 0.0000
vn 0.0000 1.0000 0.0000
vn 0.0000 1.0000 0.0000
vn 0.0000 1.0000 0.0000
f 1 2 3
f 4 5 6
f 7 8 9
f 10 11 12
f 13 14 15
f 16 17 18
f 19 20 21
f 22 23 24
f 25 26 27
f 28 29 30
f 31 32 33
f 34 35 36
f 37 38 39
f 40 41 42
f 43 44 45
f 46 47 48
f 49 50 51
f 52 53 54
f 55 56 57
f 58 59 60
f 61 62 63
f 64 65 66
f 67 68 69
f 70 71 72
f 73 74 75
f 76 77 78
f 79 80 81
f 82 83 84
f 85 86 87
f 88 89 90
f 91 92 93
f 94 95 96
f 97 98 99
f 100 101 102
f 103 104 105
f 106 107 108
f 109 110 111
f 112 113 114
f 115 116 117
f 118 119 120
f 121 122 123
f 124 125 126
f 127 128 129
f 130 131 132
f 133 134 135
f 136 137 138
f 139 140 141
f 142 143 144
f 145 146 147
f 148 149 150
f 151 152 153
f 154 155 156
f 157 158 159
f 160 161 162
f 163 164 165
f 166 167 168
f 169 170 171
f 172 173 174
f 175 176 177
f 178 179 180
f 181 182 183
f 184 185 186
f 187 188 189
f 190 191 192
f 193 194 195
f 196 197 198
f 199 200 201
f 202 203 204
f 205 206 207
f 208 209 210
f 211 212 213
f 214 215 216
f 217 218 219
f 220 221 222
f 223 224 225
f 226 227 228
f 229 230 231
f 232 233 234
f 235 236 237
f 238 239 240
f 241 242 243
f 244 245 246
f 247 248 249
f 250 251 252
f 253 254 255
f 256 257 258
f 259 260 261
f 262 263 264
f 265 266 267
f 268 269 270
f 271 272 273
f 274 275 276
f 277 278 279
f 280 281 282
f 283 284 285
f 286 287 288
f 289 290 291
f 292 293 294
f 295 296 297
f 298 299 300
f 301 302 303
f 304 305 306
f 307 308 309
f 310 311 312
f 313 314 315
f 316 317 318
f 319 320 321
f 322 323 324
f 325 326 327
f 328 329 330
f 331 332 333
f 334 335 336
f 337 338 339
f 340 341 342
f 343 344 345
f 346 347 348
f 349 350 351
f 352 353 354
f 355 356 357
f 358 359 360
f 361 362 363
f 364 365 366
f 367 368 369
f 370 371 372
f 373 374 375
f 376 377 378
f 379 380 381
f 382 383 384
f 385 386 387
f 388 389 390
f 391 392 393
f 394 395 396
f 397 398 399
f 400 401 402
f 403 404 405
f 406 407 408
f 409 410 411
f 412 413 414
f 415 416 417
f 418 419 420
f 421 422 423
f 424 425 426
f 427 428 429
f 430 431 432
f 433 434 435
f 436 437 438
f 439 440 441
f 442 443 444
f 445 446 447
f 448 449 450
f 451 452 453
f 454 455 456
f 457 458 459
f 460 461 462
f 463 464 465
f 466 467 468
f 469 470 471
f 472 473 474
f 475 476 477
f 478 479 480
f 481 482 483
f 484 485 486
f 487 488 489
f 490 491 492
f 493 494 495
f 496 497 498
f 499 500 501
f 502 503 504
f 505 506 507
f 508 509 510
f 511 512 513
f 514 515 516
f 517 518 519
f 520 521 522
f 523 524 525
f 526 527 528
f 529 530 531
f 532 533 534
f 535 536 537
f 538 539 540
f 541 542 543
f 544 545 546
f 547 548 549
f 550 551 552
f 553 554 555
f 556 557 558
f 559 560 561
f 562 563 564
f 565 566 567
f 568 569 570
f 571 572 573
f 574 575 576
f 577 578 579
f 580 581 582
f 583 584 585
f 586 587 588
f 589 590 591
f 592 593 594
f 595 596 597
f 598 599 600
f 601 602 603
f 604 605 606
f 607 608 609
f 610 611 612
f 613 614 615
f 616 617 618
f 619 620 621
f 622 623 624
f 625 626 627
f 628 629 630
f 631 632 633
f 634 635 636
f 637 638 639
f 640 641 642
f 643 644 645
f 646 647 648
f 649 650 651
f 652 653 654
f 655 656 657
f 658 659 660
f 661 662 663
f 664 665 666
f 667 668 669
f 670 671 672
f 673 674 675
f 676 677 678
f 679 680 681
f 682 683 684
f 685 686 687
f 688 689 690
f 691 692 693
f 694 695 696
f 697 698 699
f 700 701 702
f 703 704 705
f 706 707 708
f 709 710 711
f 712 713 714
f 715 716 717
f 718 719 720
f 721 722 723
f 724 725 726
f 727 728 729
f 730 731 732
f 733 734 735
f 736 737 738
f 739 740 741
f 742 743 744
f 745 746 747
f 748 749 750
f 751 752 753
f 754 755 756
f 757 758 759
f 760 761 762
f 763 764 765
f 766 767 768
f 769 770 771
f 772 773 774
f 775 776 777
f 778 779 780
f 781 782 783
f 784 785 786
f 787 788 789
f 790 791 792
f 793 794 795
f 796 797 798
f 799 800 801
f 802 803 804
f 805 806 807
f 808 809 810
f 811 812 813
f 814 815 816
f 817 818 819
f 820 821 822
f 823 824 825
f 826 827 828
f 829 830 831
f 832 833 834
f 835 836 837
f 838 839 840
f 841 842 843
f 844 845 846
f 847 848 849
f 850 851 852
f 853 854 855
f 856 857 858
f 859 860 861
f 862 863 864
f 865 866 867
f 868 869 870
f 871 872 873
f 874 875 876
f 877 878 879
f 880 881 882
f 883 884 885
f 886 887 888
f 889 890 891
f 892 893 894
f 895 896 897
f 898 899 900
f 901 902 903
f 904 905 906
f 907 908 909
f 910 911 912
f 913 914 915
f 916 917 918
f 919 920 921
f 922 923 924
f 925 926 927
f 928 929 930
f 931 932 933
f 934 935 936
f 937 938 939
f 940 941 942
f 943 944 945
f 946 947 948
f 949 950 951
f 952 953 954
f 955 956 957
f 958 959 960
f 961 962 963
f 964 965 966
f 967 968 969
f 970 971 972
f 973 974 975
f 976 977 978
f 979 980 981
f 982 983 984
f 985 986 987
f 988 989 990
f 991 992 993
f 994 995 996
f 997 998 999
f 1000 1001 1002
f 1003 1004 1005
f 1006 1007 1008
f 1009 1010 1011
f 1012 1013 1014
f 1015 1016 1017
f 1018 1019 1020
f 1021 1022 1023
f 1024 1025 1026
f 1027 1028 1029
f 1030 1031 1032
f 1033 1034 1035
f 1036 1037 1038
f 1039 1040 1041
f 1042 1043 1044
f 1045 1046 1047
f 1048 1049 1050
f 1051 1052 1053
f 1054 1055 1056
f 1057 1058 1059
f 1060 1061 1062
f 1063 1064 1065
f 1066 1067 1068
f 1069 1070 1071
f 1072 1073 1074
f 1075 1076 1077
f 1078 1079 1080
f 1081 1082 1083
f 1084 1085 1086
f 1087 1088 1089
f 1090 1091 1092
f 1093 1094 1095
f 1096 1097 1098
f 1099 1100 1101
f 1102 1103 1104
f 1105 1106 1107
f 1108 1109 1110
f 1111 1112 1113
f 1114 1115 1116
f 1117 1118 1119
f 1120 1121 1122
f 1123 1124 1125
f 1126 1127 1128
f 1129 1130 1131
f 1132 1133 1134
f 1135 1136 1137
f 1138 1139 1140
f 1141 1142 1143
f 1144 1145 1146
f 1147 1148 1149
f 1150 1151 1152
f 1153 1154 1155
f 1156 1157 1158
f 1159 1160 1161
f 1162 1163 1164
f 1165 1166 1167
f 1168 1169 1170
f 1171 1172 1173
f 1174 1175 1176
f 1177 1178 1179
f 1180 1181 1182
f 1183 1184 1185
f 1186 1187 1188
f 1189 1190 1191
f 1192 1193 1194
f 1195 1196 1197
f 1198 1199 1200
f 1201 1202 1203
f 1204 1205 1206
f 1207 1208 1209
f 1210 1211 1212
f 1213 1214 1215
f 1216 1217 1218
f 1219 1220 1221
f 1222 1223 1224
f 1225 1226 1227
f 1228 1229 1230
f 1231 1232 1233
f 1234 1235 1236
f 1237 1238 1239
f 1240 1241 1242
f 1243 1244 1245
f 1246 1247 1248
f 1249 1250 1251
f 1252 1253 1254
f 1255 1256 1257
f 1258 1259 1260
f 1261 1262 1263
f 1264 1265 1266
f 1267 1268 1269
f 1270 1271 1272
f 1273 1274 1275
f 1276 1277 1278
f 1279 1280 1281
f 1282 1283 1284
f 1285 1286 1287
f 1288 1289 1290
f 1291 1292 1293
f 1294 1295 1296
f 1297 1298 1299
f 1300 1301 1302
f 1303 1304 1305
f 1306 1307 1308
f 1309 1310 1311
f 1312 1313 1314
f 1315 1316 1317
f 1318 1319 1320
f 1321 1322 1323
f 1324 1325 1326
f 1327 1328 1329
f 1330 1331 1332
f 1333 1334 1335
f 1336 1337 1338
f 1339 1340 1341
f 1342 1343 1344
f 1345 1346 1347
f 1348 1349 1350
f 1351 1352 1353
f 1354 1355 1356
f 1357 1358 1359
f 1360 1361 1362
f 1363 1364 1365
f 1366 1367 1368
f 1369 1370 1371
f 1372 1373 1374
f 1375 1376 1377
f 1378 1379 1380
f 1381 1382 1383
f 1384 1385 1386
f 1387 1388 1389
f 1390 1391 1392
f 1393 1394 1395
f 1396 1397 1398
f 1399 1400 1401
f 1402 1403 1404
f 1405 1406 1407
f 1408 1409 1410
f 1411 1412 1413
f 1414 1415 1416
f 1417 1418 1419
f 1420 1421 1422
f 1423 1424 1425
f 1426 1427 1428
f 1429 1430 1431
f 1432 1433 1434
f 1435 1436 1437
f 1438 1439 1440
f 1441 1442 1443
f 1444 1445 1446
f 1447 1448 1449
f 1450 1451 1452
f 1453 1454 1455
f 1456 1457 1458
f 1459 1460 1461
f 1462 1463 1464
f 1465 1466 1467
f 1468 1469 1470
f 1471 1472 1473
f 1474 1475 1476
f 1477 1478 1479
f 1480 1481 1482
f 1483 1484 1485
f 1486 1487 1488
f 1489 1490 1491
f 1492 1493 1494
f 1495 1496 1497
f 1498 1499 1500
f 1501 1502 1503
f 1504 1505 1506
f 1507 1508 1509
f 1510 1511 1512
f 1513 1514 1515
f 1516 1517 1518
f 1519 1520 1521
f 1522 1523 1524
f 1525 1526 1527
f 1528 1529 1530
f 1531 1532 1533
f 1534 1535 1536
f 1537 1538 1539
f 1540 1541 1542
f 1543 1544 1545
f 1546 1547 1548
f 1549 1550 1551
f 1552 1553 1554
f 1555 1556 1557
f 1558 1559 1560
f 1561 1562 1563
f 1564 1565 1566
f 1567 1568 1569
f 1570 1571 1572
f 1573 1574 1575
f 1576 1577 1578
f 1579 1580 1581
f 1582 1583 1584
f 1585 1586 1587
f 1588 1589 1590
f 1591 1592 1593
f 1594 1595 1596
f 1597 1598 1599
f 1600 1601 1602
f 1603 1604 1605
f 1606 1607 1608
f 1609 1610 1611
f 1612 1613 1614
f 1615 1616 1617
f 1618 1619 1620
f 1621 1622 1623
f 1624 1625 1626
f 1627 1628 1629
f 1630 1631 1632
f 1633 1634 1635
f 1636 1637 1638
f 1639 1640 1641
f 1642 1643 1644
f 1645 1646 1647
f 1648 1649 1650
f 1651 1652 1653
f 1654 1655 1656
f 1657 1658 1659
f 1660 1661 1662
f 1663 1664 1665
f 1666 1667 1668
f 1669 1670 1671
f 1672 1673 1674
f 1675 1676 1677
f 1678 1679 1680
f 1681 1682 1683
f 1684 1685 1686
f 1687 1688 1689
f 1690 1691 1692
f 1693 1694 1695
f 1696 1697 1698
f 1699 1700 1701
f 1702 1703 1704
f 1705 1706 1707
f 1708 1709 1710
f 1711 1712 1713
f 1714 1715 1716
f 1717 1718 1719
f 1720 1721 1722
f 1723 1724 1725
f 1726 1727 1728
f 1729 1730 1731
f 1732 1733 1734
f 1735 1736 1737
f 1738 1739 1740
f 1741 1742 1743
f 1744 1745 1746
f 1747 1748 1749
f 1750 1751 1752
f 1753 1754 1755
f 1756 1757 1758
f 1759 1760 1761
f 1762 1763 1764
f 1765 1766 1767
f 1768 1769 1770
f 1771 1772 1773
f 1774 1775 1776
f 1777 1778 1779
f 1780 1781 1782
f 1783 1784 1785
f 1786 1787 1788
f 1789 1790 1791
f 1792 1793 1794
f 1795 1796 1797
f 1798 1799 1800
f 1801 1802 1803
f 1804 1805 1806
f 1807 1808 1809
f 1810 1811 1812
f 1813 1814 1815
f 1816 1817 1818
f 1819 1820 1821
f 1822 1823 1824
f 1825 1826 1827
f 1828 1829 1830
f 1831 1832 1833
f 1834 1835 1836
f 1837 1838 1839
f 1840 1841 1842
f 1843 1844 1845
f 1846 1847 1848
f 1849 1850 1851
f 1852 1853 1854
f 1855 1856 1857
f 1858 1859 1860
f 1861 1862 1863
f 1864 1865 1866
f 1867 1868 1869
f 1870 1871 1872
f 1873 1874 1875
f 1876 1877 1878
f 1879 1880 1881
f 1882 1883 1884
f 1885 1886 1887
f 1888 1889 1890
f 1891 1892 1893
f 1894 1895 1896
f 1897 1898 1899
f 1900 1901 1902
f 1903 1904 1905
f 1906 1907 1908
f 1909 1910 1911
f 1912 1913 1914
f 1915 1916 1917
f 1918 1919 1920
f 1921 1922 1923
f 1924 1925 1926
f 1927 1928 1929
f 1930 1931 1932
f 1933 1934 1935
f 1936 1937 1938
f 1939 1940 1941
f 1942 1943 1944
f 1945 1946 1947
f 1948 1949 1950
f 1951 1952 1953
f 1954 1955 1956
f 1957 1958 1959
f 1960 1961 1962
f 1963 1964 1965
f 1966 1967 1968
f 1969 1970 1971
f 1972 1973 1974
f 1975 1976 1977
f 1978 1979 1980
f 1981 1982 1983
f 1984 1985 1986
f 1987 1988 1989
f 1990 1991 1992
f 1993 1994 1995
f 1996 1997 1998
f 1999 2000 2001
f 2002 2003 2004
f 2005 2006 2007
f 2008 2009 2010
f 2011 2012 2013
f 2014 2015 2016
f 2017 2018 2019
f 2020 2021 2022
f 2023 2024 2025
f 2026 2027 2028
f 2029 2030 2031
f 2032 2033 2034
f 2035 2036 2037
f 2038 2039 2040
f 2041 2042 2043
f 2044 2045 2046
f 2047 2048 2049
f 2050 2051 2052
f 2053 2054 2055
f 2056 2057 2058
f 2059 2060 2061
f 2062 2063 2064
f 2065 2066 2067
f 2068 2069 2070
f 2071 2072 2073
f 2074 2075 2076
f 2077 2078 2079
f 2080 2081 2082
f 2083 2084 2085
f 2086 2087 2088
f 2089 2090 2091
f 2092 2093 2094
f 2095 2096 2097
f 2098 2099 2100
f 2101 2102 2103
f 2104 2105 2106
f 2107 2108 2109
f 2110 2111 2112
f 2113 2114 2115
f 2116 2117 2118
f 2119 2120 2121
f 2122 2123 2124
f 2125 2126 2127
f 2128 2129 2130
f 2131 2132 2133
f 2134 2135 2136
f 2137 2138 2139
f 2140 2141 2142
f 2143 2144 2145
f 2146 2147 2148
f 2149 2150 2151
f 2152 2153 2154
f 2155 2156 2157
f 2158 2159 2160
f 2161 2162 2163
f 2164 2165 2166
f 2167 2168 2169
f 2170 2171 2172
f 2173 2174 2175
f 2176 2177 2178
f 2179 2180 2181
f 2182 2183 2184
f 2185 2186 2187
f 2188 2189 2190
f 2191 2192 2193
f 2194 2195 2196
f 2197 2198 2199
f 2200 2201 2202
f 2203 2204 2205
f 2206 2207 2208
f 2209 2210 2211
f 2212 2213 2214
f 2215 2216 2217
f 2218 2219 2220
f 2221 2222 2223
f 2224 2225 2226
f 2227 2228 2229
f 2230 2231 2232
f 2233 2234 2235
f 2236 2237 2238
f 2239 2240 2241
f 2242 2243 2244
f 2245 2246 2247
f 2248 2249 2250
f 2251 2252 2253
f 2254 2255 2256
f 2257 2258 2259
f 2260 2261 2262
f 2263 2264 2265
f 2266 2267 2268
f 2269 2270 2271
f 2272 2273 2274
f 2275 2276 2277
f 2278 2279 2280
f 2281 2282 2283
f 2284 2285 2286
f 2287 2288 2289
f 2290 2291 2292
f 2293 2294 2295
f 2296 2297 2298
f 2299 2300 2301
f 2302 2303 2304
f 2305 2306 2307
f 2308 2309 2310
f 2311 2312 2313
f 2314 2315 2316
f 2317 2318 2319
f 2320 2321 2322
f 2323 2324 2325
f 2326 2327 2328
f 2329 2330 2331
f 2332 2333 2334
f 2335 2336 2337
f 2338 2339 2340
f 2341 2342 2343
f 2344 2345 2346
f 2347 2348 2349
f 2350 2351 2352
f 2353 2354 2355
f 2356 2357 2358
f 2359 2360 2361
f 2362 2363 2364
f 2365 2366 2367
f 2368 2369 2370
f 2371 2372 2373
f 2374 2375 2376
f 2377 2378 2379
f 2380 2381 2382
f 2383 2384 2385
f 2386 2387 2388
f 2389 2390 2391
f 2392 2393 2394
f 2395 2396 2397
f 2398 2399 2400
f 2401 2402 2403
f 2404 2405 2406
f 2407 2408 2409
f 2410 2411 2412
f 2413 2414 2415
f 2416 2417 2418
f 2419 2420 2421
f 2422 2423 2424
f 2425 2426 2427
f 2428 2429 2430
f 2431 2432 2433
f 2434 2435 2436
f 2437 2438 2439
f 2440 2441 2442
f 2443 2444 2445
f 2446 2447 2448
f 2449 2450 2451
f 2452 2453 2454
f 2455 2456 2457
f 2458 2459 2460
f 2461 2462 2463
f 2464 2465 2466
f 2467 2468 2469
f 2470 2471 2472
f 2473 2474 2475
f 2476 2477 2478
f 2479 2480 2481
f 2482 2483 2484
f 2485 2486 2487
f 2488 2489 2490
f 2491 2492 2493
f 2494 2495 2496
f 2497 2498 2499
f 2500 2501 2502
f 2503 2504 2505
f 2506 2507 2508
f 2509 2510 2511
f 2512 2513 2514
f 2515 2516 2517
f 2518 2519 2520
f 2521 2522 2523
f 2524 2525 2526
f 2527 2528 2529
f 2530 2531 2532
f 2533 2534 2535
f 2536 2537 2538
f 2539 2540 2541
f 2542 2543 2544
f 2545 2546 2547
f 2548 2549 2550
f 2551 2552 2553
f 2554 2555 2556
f 2557 2558 2559
f 2560 2561 2562
f 2563 2564 2565
f 2566 2567 2568
f 2569 2570 2571
f 2572 2573 2574
f 2575 2576 2577
f 2578 2579 2580
f 2581 2582 2583
f 2584 2585 2586
f 2587 2588 2589
f 2590 2591 2592
f 2593 2594 2595
f 2596 2597 2598
f 2599 2600 2601
f 2602 2603 2604
f 2605 2606 2607
f 2608 2609 2610
f 2611 2612 2613
f 2614 2615 2616
f 2617 2618 2619
f 2620 2621 2622
f 2623 2624 2625
f 2626 2627 2628
f 2629 2630 2631
f 2632 2633 2634
f 2635 2636 2637
f 2638 2639 2640
f 2641 2642 2643
f 2644 2645 2646
f 2647 2648 2649
f 2650 2651 2652
f 2653 2654 2655
f 2656 2657 2658
f 2659 2660 2661
f 2662 2663 2664
f 2665 2666 2667
f 2668 2669 2670
f 2671 2672 2673
f 2674 2675 2676
f 2677 2678 2679
f 2680 2681 2682
f 2683 2684 2685
f 2686 2687 2688
f 2689 2690 2691
f 2692 2693 2694
f 2695 2696 2697
f 2698 2699 2700
f 2701 2702 2703
f 2704 2705 2706
f 2707 2708 2709
f 2710 2711 2712
f 2713 2714 2715
f 2716 2717 2718
f 2719 2720 2721
f 2722 2723 2724
f 2725 2726 2727
f 2728 2729 2730
f 2731 2732 2733
f 2734 2735 2736
f 2737 2738 2739
f 2740 2741 2742
f 2743 2744 2745
f 2746 2747 2748
f 2749 2750 2751
f 2752 2753 2754
f 2755 2756 2757
f 2758 2759 2760
f 2761 2762 2763
f 2764 2765 2766
f 2767 2768 2769
f 2770 2771 2772
f 2773 2774 2775
f 2776 2777 2778
f 2779 2780 2781
f 2782 2783 2784
f 2785 2786 2787
f 2788 2789 2790
f 2791 2792 2793
f 2794 2795 2796
f 2797 2798 2799
f 2800 2801 2802
f 2803 2804 2805
f 2806 2807 2808
f 2809 2810 2811
f 2812 2813 2814
f 2815 2816 2817
f 2818 2819 2820
f 2821 2822 2823
f 2824 2825 2826
f 2827 2828 2829
f 2830 2831 2832
f 2833 2834 2835
f 2836 2837 2838
f 2839 2840 2841
f 2842 2843 2844
f 2845 2846 2847
f 2848 2849 2850
f 2851 2852 2853
f 2854 2855 2856
f 2857 2858 2859
f 2860 2861 2862
f 2863 2864 2865
f 2866 2867 2868
f 2869 2870 2871
f 2872 2873 2874
f 2875 2876 2877
f 2878 2879 2880
f 2881 2882 2883
f 2884 2885 2886
f 2887 2888 2889
f 2890 2891 2892
f 2893 2894 2895
f 2896 2897 2898
f 2899 2900 2901
f 2902 2903 2904
f 2905 2906 2907
f 2908 2909 2910
f 2911 2912 2913
f 2914 2915 2916
f 2917 2918 2919
f 2920 2921 2922
f 2923 2924 2925
f 2926 2927 2928
f 2929 2930 2931
f 2932 2933 2934
f 2935 2936 2937
f 2938 2939 2940
f 2941 2942 2943
f 2944 2945 2946
f 2947 2948 2949
f 2950 2951 2952
f 2953 2954 2955
f 2956 2957 2958
f 2959 2960 2961
f 2962 2963 2964
f 2965 2966 2967
f 2968 2969 2970
f 2971 2972 2973
f 2974 2975 2976
f 2977 2978 2979
f 2980 2981 2982
f 2983 2984 2985
f 2986 2987 2988
f 2989 2990 2991
f 2992 2993 2994
f 2995 2996 2997
f 2998 2999 3000
f 3001 3002 3003
f 3004 3005 3006
f 3007 3008 3009
f 3010 3011 3012
f 3013 3014 3015
f 3016 3017 3018
f 3019 3020 3021
f 3022 3023 3024
f 3025 3026 3027
f 3028 3029 3030
f 3031 3032 3033
f 3034 3035 3036
f 3037 3038 3039
f 3040 3041 3042
f 3043 3044 3045
f 3046 3047 3048
f 3049 3050 3051
f 3052 3053 3054
f 3055 3056 3057
f 3058 3059 3060
f 3061 3062 3063
f 3064 3065 3066
f 3067 3068 3069
f 3070 3071 3072
f 3073 3074 3075
f 3076 3077 3078
f 3079 3080 3081
f 3082 3083 3084
f 3085 3086 3087
f 3088 3089 3090
f 3091 3092 3093
f 3094 3095 3096
f 3097 3098 3099
f 3100 3101 3102
f 3103 3104 3105
f 3106 3107 3108
f 3109 3110 3111
f 3112 3113 3114
f 3115 3116 3117
f 3118 3119 3120
f 3121 3122 3123
f 3124 3125 3126
f 3127 3128 3129
f 3130 3131 3132
f 3133 3134 3135
f 3136 3137 3138
f 3139 3140 3141
f 3142 3143 3144
f 3145 3146 3147
f 3148 3149 3150
f 3151 3152 3153
f 3154 3155 3156
f 3157 3158 3159
f 3160 3161 3162
f 3163 3164 3165
f 3166 3167 3168
f 3169 3170 3171
f 3172 3173 3174
f 3175 3176 3177
f 3178 3179 3180
f 3181 3182 3183
f 3184 3185 3186
f 3187 3188 3189
f 3190 3191 3192
f 3193 3194 3195
f 3196 3197 3198
f 3199 3200 3201
f 3202 3203 3204
f 3205 3206 3207
f 3208 3209 3210
f 3211 3212 3213
f 3214 3215 3216
f 3217 3218 3219
f 3220 3221 3222
f 3223 3224 3225
f 3226 3227 3228
f 3229 3230 3231
f 3232 3233 3234
f 3235 3236 3237
f 3238 3239 3240
f 3241 3242 3243
f 3244 3245 3246
f 3247 3248 3249
f 3250 3251 3252
f 3253 3254 3255
f 3256 3257 3258
f 3259 3260 3261
f 3262 3263 3264
f 3265 3266 3267
f 3268 3269 3270
f 3271 3272 3273
f 3274 3275 3276
f 3277 3278 3279
f 3280 3281 3282
f 3283 3284 3285
f 3286 3287 3288
f 3289 3290 3291
f 3292 3293 3294
f 3295 3296 3297
f 3298 3299 3300
f 3301 3302 3303
f 3304 3305 3306
f 3307 3308 3309
f 3310 3311 3312
f 3313 3314 3315
f 3316 3317 3318
f 3319 3320 3321
f 3322 3323 3324
f 3325 3326 3327
f 3328 3329 3330
f 3331 3332 3333
f 3334 3335 3336
f 3337 3338 3339
f 3340 3341 3342
f 3343 3344 3345
f 3346 3347 3348
f 3349 3350 3351
f 3352 3353 3354
f 3355 3356 3357
f 3358 3359 3360
f 3361 3362 3363
f 3364 3365 3366
f 3367 3368 3369
f 3370 3371 3372
f 3373 3374 3375
f 3376 3377 3378
f 3379 3380 3381
f 3382 3383 3384
f 3385 3386 3387
f 3388 3389 3390
f 3391 3392 3393
f 3394 3395 3396
f 3397 3398 3399
f 3400 3401 3402
f 3403 3404 3405
f 3406 3407 3408
f 3409 3410 3411
f 3412 3413 3414
f 3415 3416 3417
f 3418 3419 3420
f 3421 3422 3423
f 3424 3425 3426
f 3427 3428 3429
f 3430 3431 3432
f 3433 3434 3435
f 3436 3437 3438
f 3439 3440 3441
f 3442 3443 3444
f 3445 3446 3447
f 3448 3449 3450
f 3451 3452 3453
f 3454 3455 3456
f 3457 3458 3459
f 3460 3461 3462
f 3463 3464 3465
f 3466 3467 3468
f 3469 3470 3471
f 3472 3473 3474
f 3475 3476 3477
f 3478 3479 3480
f 3481 3482 3483
f 3484 3485 3486
f 3487 3488 3489
f 3490 3491 3492
f 3493 3494 3495
f 3496 3497 3498
f 3499 3500 3501
f 3502 3503 3504
f 3505 3506 3507
f 3508 3509 3510
f 3511 3512 3513
f 3514 3515 3516
f 3517 3518 3519
f 3520 3521 3522
f 3523 3524 3525
f 3526 3527 3528
f 3529 3530 3531
f 3532 3533 3534
f 3535 3536 3537
f 3538 3539 3540
f 3541 3542 3543
f 3544 3545 3546
f 3547 3548 3549
f 3550 3551 3552
f 3553 3554 3555
f 3556 3557 3558
f 3559 3560 3561
f 3562 3563 3564
f 3565 3566 3567
f 3568 3569 3570
f 3571 3572 3573
f 3574 3575 3576
f 3577 3578 3579
f 3580 3581 3582
f 3583 3584 3585
f 3586 3587 3588
f 3589 3590 3591
f 3592 3593 3594
f 3595 3596 3597
f 3598 3599 3600
f 3601 3602 3603
f 3604 3605 3606
f 3607 3608 3609
f 3610 3611 3612
f 3613 3614 3615
f 3616 3617 3618
f 3619 3620 3621
f 3622 3623 3624
f 3625 3626 3627
f 3628 3629 3630
f 3631 3632 3633
f 3634 3635 3636
f 3637 3638 3639
f 3640 3641 3642
f 3643 3644 3645
f 3646 3647 3648
f 3649 3650 3651
f 3652 3653 3654
f 3655 3656 3657
f 3658 3659 3660
f 3661 3662 3663
f 3664 3665 3666
f 3667 3668 3669
f 3670 3671 3672
f 3673 3674 3675
f 3676 3677 3678
f 3679 3680 3681
f 3682 3683 3684
f 3685 3686 3687
f 3688 3689 3690
f 3691 3692 3693
f 3694 3695 3696
f 3697 3698 3699
f 3700 3701 3702
f 3703 3704 3705
f 3706 3707 3708
f 3709 3710 3711
f 3712 3713 3714
f 3715 3716 3717
f 3718 3719 3720
f 3721 3722 3723
f 3724 3725 3726
f 3727 3728 3729
f 3730 3731 3732
f 3733 3734 3735
f 3736 3737 3738
f 3739 3740 3741
f 3742 3743 3744
f 3745 3746 3747
f 3748 3749 3750
f 3751 3752 3753
f 3754 3755 3756
f 3757 3758 3759
f 3760 3761 3762
f 3763 3764 3765
f 3766 3767 3768
f 3769 3770 3771
f 3772 3773 3774
f 3775 3776 3777
f 3778 3779 3780
f 3781 3782 3783
f 3784 3785 3786
f 3787 3788 3789
f 3790 3791 3792
f 3793 3794 3795
f 3796 3797 3798
f 3799 3800 3801
f 3802 3803 3804
f 3805 3806 3807
f 3808 3809 3810
f 3811 3812 3813
f 3814 3815 3816
f 3817 3818 3819
f 3820 3821 3822
f 3823 3824 3825
f 3826 3827 3828
f 3829 3830 3831
f 3832 3833 3834
f 3835 3836 3837
f 3838 3839 3840
f 3841 3842 3843
f 3844 3845 3846
f 3847 3848 3849
f 3850 3851 3852
f 3853 3854 3855
f 3856 3857 3858
f 3859 3860 3861
f 3862 3863 3864
f 3865 3866 3867
f 3868 3869 3870
f 3871 3872 3873
f 3874 3875 3876
f 3877 3878 3879
f 3880 3881 3882
f 3883 3884 3885
f 3886 3887 3888
f 3889 3890 3891
f 3892 3893 3894
f 3895 3896 3897
f 3898 3899 3900
f 3901 3902 3903
f 3904 3905 3906
f 3907 3908 3909
f 3910 3911 3912
f 3913 3914 3915
f 3916 3917 3918
f 3919 3920 3921
f 3922 3923 3924
f 3925 3926 3927
f 3928 3929 3930
f 3931 3932 3933
f 3934 3935 3936
f 3937 3938 3939
f 3940 3941 3942
f 3943 3944 3945
f 3946 3947 3948
f 3949 3950 3951
f 3952 3953 3954
f 3955 3956 3957
f 3958 3959 3960
f 3961 3962 3963
f 3964 3965 3966
f 3967 3968 3969
f 3970 3971 3972
f 3973 3974 3975
f 3976 3977 3978
f 3979 3980 3981
f 3982 3983 3984
f 3985 3986 3987
f 3988 3989 3990
f 3991 3992 3993
f 3994 3995 3996
f 3997 3998 3999
f 4000 4001 4002
f 4003 4004 4005
f 4006 4007 4008
f 4009 4010 4011
f 4012 4013 4014
f 4015 4016 4017
f 4018 4019 4020
f 4021 4022 4023
f 4024 4025 4026
f 4027 4028 4029
f 4030 4031 4032
f 4033 4034 4035
f 4036 4037 4038
f 4039 4040 4041
f 4042 4043 4044
f 4045 4046 4047
f 4048 4049 4050
f 4051 4052 4053
f 4054 4055 4056
f 4057 4058 4059
f 4060 4061 4062
f 4063 4064 4065
f 4066 4067 4068
f 4069 4070 4071
f 4072 4073 4074
f 4075 4076 4077
f 4078 4079 4080
f 4081 4082 4083
f 4084 4085 4086
f 4087 4088 4089
f 4090 4091 4092
f 4093 4094 4095
f 4096 4097 4098
f 4099 4100 4101
f 4102 4103 4104
f 4105 4106 4107
f 4108 4109 4110
f 4111 4112 4113
f 4114 4115 4116
f 4117 4118 4119
f 4120 4121 4122
f 4123 4124 4125
f 4126 4127 4128
f 4129 4130 4131
f 4132 4133 4134
f 4135 4136 4137
f 4138 4139 4140
f 4141 4142 4143
f 4144 4145 4146
f 4147 4148 4149
f 4150 4151 4152
f 4153 4154 4155
f 4156 4157 4158
f 4159 4160 4161
f 4162 4163 4164
f 4165 4166 4167
f 4168 4169 4170
f 4171 4172 4173
f 4174 4175 4176
f 4177 4178 4179
f 4180 4181 4182
f 4183 4184 4185
f 4186 4187 4188
f 4189 4190 4191
f 4192 4193 4194
f 4195 4196 4197
f 4198 4199 4200
f 4201 4202 4203
f 4204 4205 4206
f 4207 4208 4209
f 4210 4211 4212
f 4213 4214 4215
f 4216 4217 4218
f 4219 4220 4221
f 4222 4223 4224
f 4225 4226 4227
f 4228 4229 4230
f 4231 4232 4233
f 4234 4235 4236
f 4237 4238 4239
f 4240 4241 4242
f 4243 4244 4245
f 4246 4247 4248
f 4249 4250 4251
f 4252 4253 4254
f 4255 4256 4257
f 4258 4259 4260
f 4261 4262 4263
f 4264 4265 4266
f 4267 4268 4269
f 4270 4271 4272
f 4273 4274 4275
f 4276 4277 4278
f 4279 4280 4281
f 4282 4283 4284
f 4285 4286 4287
f 4288 4289 4290
f 4291 4292 4293
f 4294 4295 4296
f 4297 4298 4299
f 4300 4301 4302
f 4303 4304 4305
f 4306 4307 4308
f 4309 4310 4311
f 4312 4313 4314
f 4315 4316 4317
f 4318 4319 4320
f 4321 4322 4323
f 4324 4325 4326
f 4327 4328 4329
f 4330 4331 4332
f 4333 4334 4335
f 4336 4337 4338
f 4339 4340 4341
f 4342 4343 4344
f 4345 4346 4347
f 4348 4349 4350
f 4351 4352 4353
f 4354 4355 4356
f 4357 4358 4359
f 4360 4361 4362
f 4363 4364 4365
f 4366 4367 4368
f 4369 4370 4371
f 4372 4373 4374
f 4375 4376 4377
f 4378 4379 4380
f 4381 4382 4383
f 4384 4385 4386
f 4387 4388 4389
f 4390 4391 4392
f 4393 4394 4395
f 4396 4397 4398
f 4399 4400 4401
f 4402 4403 4404
f 4405 4406 4407
f 4408 4409 4410
f 4411 4412 4413
f 4414 4415 4416
f 4417 4418 4419
f 4420 4421 4422
f 4423 4424 4425
f 4426 4427 4428
f 4429 4430 4431
f 4432 4433 4434
f 4435 4436 4437
f 4438 4439 4440
f 4441 4442 4443
f 4444 4445 4446
f 4447 4448 4449
f 4450 4451 4452
f 4453 4454 4455
f 4456 4457 4458
f 4459 4460 4461
f 4462 4463 4464
f 4465 4466 4467
f 4468 4469 4470
f 4471 4472 4473
f 4474 4475 4476
f 4477 4478 4479
f 4480 4481 4482
f 4483 4484 4485
f 4486 4487 4488
f 4489 4490 4491
f 4492 4493 4494
f 4495 4496 4497
f 4498 4499 4500
f 4501 4502 4503
f 4504 4505 4506
f 4507 4508 4509
f 4510 4511 4512
f 4513 4514 4515
f 4516 4517 4518
f 4519 4520 4521
f 4522 4523 4524
f 4525 4526 4527
f 4528 4529 4530
f 4531 4532 4533
f 4534 4535 4536
f 4537 4538 4539
f 4540 4541 4542
f 4543 4544 4545
f 4546 4547 4548
f 4549 4550 4551
f 4552 4553 4554
f 4555 4556 4557
f 4558 4559 4560
f 4561 4562 4563
f 4564 4565 4566
f 4567 4568 4569
f 4570 4571 4572
f 4573 4574 4575
f 4576 4577 4578
f 4579 4580 4581
f 4582 4583 4584
f 4585 4586 4587
f 4588 4589 4590
f 4591 4592 4593
f 4594 4595 4596
f 4597 4598 4599
f 4600 4601 4602
f 4603 4604 4605
f 4606 4607 4608
f 4609 4610 4611
f 4612 4613 4614
f 4615 4616 4617
f 4618 4619 4620
f 4621 4622 4623
f 4624 4625 4626
f 4627 4628 4629
f 4630 4631 4632
f 4633 4634 4635
f 4636 4637 4638
f 4639 4640 4641
f 4642 4643 4644
f 4645 4646 4647
f 4648 4649 4650
f 4651 4652 4653
f 4654 4655 4656
f 4657 4658 4659
f 4660 4661 4662
f 4663 4664 4665
f 4666 4667 4668
f 4669 4670 4671
f 4672 4673 4674
f 4675 4676 4677
f 4678 4679 4680
f 4681 4682 4683
f 4684 4685 4686
f 4687 4688 4689
f 4690 4691 4692
f 4693 4694 4695
f 4696 4697 4698
f 4699 4700 4701
f 4702 4703 4704
f 4705 4706 4707
f 4708 4709 4710
f 4711 4712 4713
f 4714 4715 4716
f 4717 4718 4719
f 4720 4721 4722
f 4723 4724 4725
f 4726 4727 4728
f 4729 4730 4731
f 4732 4733 4734
f 4735 4736 4737
f 4738 4739 4740
f 4741 4742 4743
f 4744 4745 4746
f 4747 4748 4749
f 4750 4751 4752
f 4753 4754 4755
f 4756 4757 4758
f 4759 4760 4761
f 4762 4763 4764
f 4765 4766 4767
f 4768 4769 4770
f 4771 4772 4773
f 4774 4775 4776
f 4777 4778 4779
f 4780 4781 4782
f 4783 4784 4785
f 4786 4787 4788
f 4789 4790 4791
f 4792 4793 4794
f 4795 4796 4797
f 4798 4799 4800
f 4801 4802 4803
f 4804 4805 4806
f 4807 4808 4809
f 4810 4811 4812
f 4813 4814 4815
f 4816 4817 4818
f 4819 4820 4821
f 4822 4823 4824
f 4825 4826 4827
f 4828 4829 4830
f 4831 4832 4833
f 4834 4835 4836
f 4837 4838 4839
f 4840 4841 4842
f 4843 4844 4845
f 4846 4847 4848
f 4849 4850 4851
f 4852 4853 4854
f 4855 4856 4857
f 4858 4859 4860
f 4861 4862 4863
f 4864 4865 4866
f 4867 4868 4869
f 4870 4871 4872
f 4873 4874 4875
f 4876 4877 4878
f 4879 4880 4881
f 4882 4883 4884
f 4885 4886 4887
f 4888 4889 4890
f 4891 4892 4893
f 4894 4895 4896
f 4897 4898 4899
f 4900 4901 4902
f 4903 4904 4905
f 4906 4907 4908
f 4909 4910 4911
f 4912 4913 4914
f 4915 4916 4917
f 4918 4919 4920
f 4921 4922 4923
f 4924 4925 4926
f 4927 4928 4929
f 4930 4931 4932
f 4933 4934 4935
f 4936 4937 4938
f 4939 4940 4941
f 4942 4943 4944
f 4945 4946 4947
f 4948 4949 4950
f 4951 4952 4953
f 4954 4955 4956
f 4957 4958 4959
f 4960 4961 4962
f 4963 4964 4965
f 4966 4967 4968
f 4969 4970 4971
f 4972 4973 4974
f 4975 4976 4977
f 4978 4979 4980
f 4981 4982 4983
f 4984 4985 4986
f 4987 4988 4989
f 4990 4991 4992
f 4993 4994 4995
f 4996 4997 4998
f 4999 5000 5001
f 5002 5003 5004
f 5005 5006 5007
f 5008 5009 5010
f 5011 5012 5013
f 5014 5015 5016
f 5017 5018 5019
