# PSO Extracted Authentic Geometry
v 0.0000 0.0000 0.2000
v 0.0000 0.2000 0.0000
v 0.2000 0.0000 0.0000
v 0.0000 0.0000 0.2000
v 0.0000 0.2000 0.0000
v 0.2000 0.0000 0.0000
v 0.0000 0.0000 2542.3240
v 0.0000 0.0000 800.0000
v -17.5253 12.0000 29.3481
v -0.0000 0.0000 0.5059
v -18.1253 13.5000 30.1801
v -0.0000 0.3608 0.5059
v -14.9272 12.0000 30.8481
v -0.0000 0.0000 1.0000
v -15.5272 13.5000 31.6801
v -0.0000 0.3608 1.0000
v 17.5273 9.8000 27.4859
v -0.0000 0.0000 0.5059
v 19.5273 10.8000 27.4859
v -0.0000 0.3608 0.5059
v 17.5273 9.8000 24.4859
v -0.0000 0.0000 1.0000
v 19.5273 10.8000 24.4859
v -0.0000 0.3608 1.0000
v 0.9019 10.4000 40.2340
v -0.0000 0.0000 0.5059
v 1.9019 11.4000 41.9660
v -0.0000 0.3608 0.5059
v 3.5000 10.4000 38.7340
v -0.0000 0.0000 1.0000
v 4.5000 11.4000 40.4660
v -0.0000 0.3608 1.0000
v 4.1752 11.4000 40.6535
v -0.0000 0.3608 0.9373
v 2.2267 11.4000 41.7785
v -0.0000 0.3608 0.5686
v 1.2267 10.4000 40.0465
v -0.0000 0.0000 0.5686
v 3.1752 10.4000 38.9215
v -0.0000 0.0000 0.9373
v -17.8006 13.5000 30.3676
v -0.0000 0.3608 0.5686
v -17.2006 12.0000 29.5356
v -0.0000 0.0000 0.5686
v -15.8520 13.5000 31.4926
v -0.0000 0.3608 0.9373
v -15.2520 12.0000 30.6606
v -0.0000 0.0000 0.9373
v 19.5273 10.8000 27.1109
v -0.0000 0.3608 0.5686
v 17.5273 9.8000 24.8609
v -0.0000 0.0000 0.9373
v 19.5273 10.8000 24.8609
v -0.0000 0.3608 0.9373
v 17.5273 9.8000 27.1109
v -0.0000 0.0000 0.5686
v -18.0503 13.3125 30.0761
v -0.0000 0.3137 0.5059
v -15.4522 13.3125 31.5761
v -0.0000 0.3137 1.0000
v 4.3750 11.2750 40.2495
v -0.0000 0.3137 1.0000
v 1.7769 11.2750 41.7495
v -0.0000 0.3137 0.5059
v 19.2773 10.6750 27.4859
v -0.0000 0.3176 0.5059
v 19.2773 10.6750 24.4859
v -0.0000 0.3176 1.0000
v -0.7603 11.8000 32.2010
v 22.5153 0.0000 0.0000
v 1.0000 1.0000 1.0000
v 1.0000 0.0000 0.0000
v 0.0000 0.0000 9.0000
v 11.0000 49.2037 0.0000
v 0.0000 1.0000 1.0000
v 1.0000 0.0000 0.0000
v 1.0039 0.8431 0.0000
v 0.0000 0.0000 9.2500
v 37.7133 36.4221 0.0000
v 0.0000 1.0000 1.0000
v 1.0000 0.0000 0.0000
v 1.0039 -29.1137 0.0000
v 0.0000 -0.0049 32.3396
v 50.0000 88.5034 0.0000
v 0.0000 1.0000 1.0000
v 1.0000 0.0000 0.0000
v 0.0000 -3.1529 0.0000
v 0.0000 -0.0076 28.4395
v 50.0000 72.7054 0.0000
v 0.0000 1.0000 1.0000
v 1.0000 0.0000 0.0000
v 0.0000 0.0000 10.3000
v 27.5256 21.5363 0.0000
v 0.0000 1.0000 1.0000
v 1.0000 0.0000 0.0000
v -9.0353 0.0000 0.0000
v 0.0000 10.4500 24.8714
v 15.6951 0.0000 0.0000
v 1.0000 1.0000 1.0000
v 10.0392 0.0000 0.0000
v 0.0000 0.0000 68.6000
v 50.0000 67.8822 0.0000
v 0.0000 1.0000 1.0000
v 1.0000 0.0000 0.0000
v 8.0314 0.0000 0.0000
v 0.0000 0.0000 65.6000
v 50.0000 39.5980 0.0000
v 0.0000 1.0000 1.0000
v 1.0000 0.0000 0.0000
v 0.1098 0.1059 -237.0000
v 8.0000 114.0000 0.0000
v 0.8941 0.1059 -173.0000
v 8.0000 114.0000 0.0000
v 1.0039 0.4431 -234.0000
v 10.0000 119.0000 0.0000
v 0.0471 0.2196 -176.0000
v 10.0000 119.0000 0.0000
v 0.9569 0.2196 -230.0000
v 8.0000 112.0000 0.0000
v 0.1098 1.0000 -180.0000
v 8.0000 112.0000 0.0000
v 0.1098 0.3294 -180.0000
v 11.0000 121.0000 0.0000
v 0.8941 0.0000 -230.0000
v 11.0000 121.0000 0.0000
v 0.1098 0.1059 -245.0000
v 8.0000 30.0000 0.0000
v 0.8941 0.1059 -245.0000
v 8.0000 94.0000 0.0000
v 1.0039 0.4431 -250.0000
v 10.0000 33.0000 0.0000
v 0.0471 0.2196 -250.0000
v 10.0000 91.0000 0.0000
v 0.9569 0.2196 -243.0000
v 8.0000 37.0000 0.0000
v 0.1098 1.0000 -243.0000
v 8.0000 87.0000 0.0000
v 0.1098 0.3294 -252.0000
v 11.0000 87.0000 0.0000
v 0.8941 0.0000 -252.0000
v 11.0000 37.0000 0.0000
v 0.1098 0.1059 -245.0000
v 8.0000 -58.0000 0.0000
v 0.8941 0.1059 -245.0000
v 8.0000 6.0000 0.0000
v 1.0039 0.4431 -250.0000
v 10.0000 -55.0000 0.0000
v 0.0471 0.2196 -250.0000
v 10.0000 3.0000 0.0000
v 0.9569 0.2196 -243.0000
v 8.0000 -51.0000 0.0000
v 0.1098 1.0000 -243.0000
v 8.0000 -1.0000 0.0000
v 0.1098 0.3294 -252.0000
v 11.0000 -1.0000 0.0000
v 0.8941 0.0000 -252.0000
v 11.0000 -51.0000 0.0000
v 0.1098 0.1059 -245.0000
v 8.0000 -149.0000 0.0000
v 0.8941 0.1059 -245.0000
v 8.0000 -85.0000 0.0000
v 1.0039 0.4431 -250.0000
v 10.0000 -146.0000 0.0000
v 0.0471 0.2196 -250.0000
v 10.0000 -88.0000 0.0000
v 0.9569 0.2196 -243.0000
v 8.0000 -142.0000 0.0000
v 0.1098 1.0000 -243.0000
v 8.0000 -92.0000 0.0000
v 0.1098 0.3294 -252.0000
v 11.0000 -92.0000 0.0000
v 0.8941 0.0000 -252.0000
v 11.0000 -142.0000 0.0000
v 0.1098 0.1059 -206.0589
v 10.5000 -215.3137 0.0000
v 0.8941 0.1059 -251.3137
v 10.5000 -170.0589 0.0000
v 1.0039 0.4431 -211.7157
v 10.2000 -216.7279 0.0000
v 0.0471 0.2196 -252.7279
v 10.2000 -175.7157 0.0000
v 0.9569 0.2196 -209.5944
v 8.7000 -208.9498 0.0000
v 0.1098 1.0000 -244.9498
v 8.7000 -173.5944 0.0000
v 0.1098 0.3294 -251.3137
v 11.0000 -179.9584 0.0000
v 0.8941 0.0000 -215.9584
v 11.0000 -215.3137 0.0000
v 0.1098 0.1059 -128.0000
v 8.0000 -210.0000 0.0000
v 0.8941 0.1059 -192.0000
v 8.0000 -210.0000 0.0000
v 1.0039 0.4431 -131.0000
v 10.0000 -215.0000 0.0000
v 0.0471 0.2196 -189.0000
v 10.0000 -215.0000 0.0000
v 0.9569 0.2196 -135.0000
v 8.0000 -208.0000 0.0000
v 0.1098 1.0000 -185.0000
v 8.0000 -208.0000 0.0000
v 0.1098 0.3294 -185.0000
v 11.0000 -217.0000 0.0000
v 0.8941 0.0000 -135.0000
v 11.0000 -217.0000 0.0000
v 0.1098 0.1059 237.0000
v 8.0000 114.0000 0.0000
v 0.8941 0.1059 173.0000
v 8.0000 114.0000 0.0000
v 1.0039 0.4431 234.0000
v 10.0000 119.0000 0.0000
v 0.0471 0.2196 176.0000
v 10.0000 119.0000 0.0000
v 0.9569 0.2196 230.0000
v 8.0000 112.0000 0.0000
v 0.1098 1.0000 180.0000
v 8.0000 112.0000 0.0000
v 0.1098 0.3294 180.0000
v 11.0000 121.0000 0.0000
v 0.8941 0.0000 230.0000
v 11.0000 121.0000 0.0000
v 0.1098 0.1059 245.0000
v 8.0000 30.0000 0.0000
v 0.8941 0.1059 245.0000
v 8.0000 94.0000 0.0000
v 1.0039 0.4431 250.0000
v 10.0000 33.0000 0.0000
v 0.0471 0.2196 250.0000
v 10.0000 91.0000 0.0000
v 0.9569 0.2196 243.0000
v 8.0000 37.0000 0.0000
v 0.1098 1.0000 243.0000
v 8.0000 87.0000 0.0000
v 0.1098 0.3294 252.0000
v 11.0000 87.0000 0.0000
v 0.8941 0.0000 252.0000
v 11.0000 37.0000 0.0000
v 0.1098 0.1059 245.0000
v 8.0000 -58.0000 0.0000
v 0.8941 0.1059 245.0000
v 8.0000 6.0000 0.0000
v 1.0039 0.4431 250.0000
v 10.0000 -55.0000 0.0000
v 0.0471 0.2196 250.0000
v 10.0000 3.0000 0.0000
v 0.9569 0.2196 243.0000
v 8.0000 -51.0000 0.0000
v 0.1098 1.0000 243.0000
v 8.0000 -1.0000 0.0000
v 0.1098 0.3294 252.0000
v 11.0000 -1.0000 0.0000
v 0.8941 0.0000 252.0000
v 11.0000 -51.0000 0.0000
v 0.1098 0.1059 245.0000
v 8.0000 -149.0000 0.0000
v 0.8941 0.1059 245.0000
v 8.0000 -85.0000 0.0000
v 1.0039 0.4431 250.0000
v 10.0000 -146.0000 0.0000
v 0.0471 0.2196 250.0000
v 10.0000 -88.0000 0.0000
v 0.9569 0.2196 243.0000
v 8.0000 -142.0000 0.0000
v 0.1098 1.0000 243.0000
v 8.0000 -92.0000 0.0000
v 0.1098 0.3294 252.0000
v 11.0000 -92.0000 0.0000
v 0.8941 0.0000 252.0000
v 11.0000 -142.0000 0.0000
v 0.1098 0.1059 206.0589
v 10.5000 -215.3137 0.0000
v 0.8941 0.1059 251.3137
v 10.5000 -170.0589 0.0000
v 1.0039 0.4431 211.7157
v 10.2000 -216.7279 0.0000
v 0.0471 0.2196 252.7279
v 10.2000 -175.7157 0.0000
v 0.9569 0.2196 209.5944
v 8.7000 -208.9498 0.0000
v 0.1098 1.0000 244.9498
v 8.7000 -173.5944 0.0000
v 0.1098 0.3294 251.3137
v 11.0000 -179.9584 0.0000
v 0.8941 0.0000 215.9584
v 11.0000 -215.3137 0.0000
v 0.1098 0.1059 128.0000
v 8.0000 -210.0000 0.0000
v 0.8941 0.1059 192.0000
v 8.0000 -210.0000 0.0000
v 1.0039 0.4431 131.0000
v 10.0000 -215.0000 0.0000
v 0.0471 0.2196 189.0000
v 10.0000 -215.0000 0.0000
v 0.9569 0.2196 135.0000
v 8.0000 -208.0000 0.0000
v 0.1098 1.0000 185.0000
v 8.0000 -208.0000 0.0000
v 0.1098 0.3294 185.0000
v 11.0000 -217.0000 0.0000
v 0.8941 0.0000 135.0000
v 11.0000 -217.0000 0.0000
v 0.1098 0.0000 0.0000
v 0.0000 0.0000 10.0000
v -48.0000 304.0270 0.0000
v 0.0000 1.0000 1.0000
v 1.0000 0.0000 0.0000
v 0.0000 11.5000 -48.0000
v 303.4221 0.0000 0.0000
v 1.0000 1.0000 1.0000
v 0.0000 0.0000 -197.0000
v 13.0000 -48.0000 189.1560
v 0.0000 0.0000 1.0000
v 1.0000 1.0000 0.0000
v 4.0157 0.0000 0.0000
v 197.0000 13.0000 -48.0000
v 189.1560 0.0000 0.0000
v 1.0000 1.0000 1.0000
v 0.0000 14.2500 -24.9000
v 177.8371 0.0000 0.0000
v 1.0000 1.0000 1.0000
v 0.0000 0.0000 -173.9491
v 3.1000 40.0032 0.0000
v 0.2941 0.2275 -173.9491
v 3.1000 85.0032 0.0000
v 0.3333 0.2275 -164.0000
v 3.1000 89.0000 -0.0000
v 0.3333 0.0784 -169.9491
v 3.1000 -19.9968 0.0000
v 0.3529 0.4078 -155.9491
v 3.1000 -47.9968 0.0000
v 0.4000 0.4863 -138.9491
v 3.1000 -71.9968 0.0000
v 0.4667 0.5569 -114.9491
v 3.1000 -97.9968 0.0000
v 0.5529 0.6314 -95.9491
v 3.1000 -112.9968 0.0000
v 0.6275 0.6745 -59.9491
v 3.1000 -136.9968 0.0000
v 0.7765 0.7490 -33.9491
v 3.1000 -144.9968 0.0000
v 0.8667 0.8000 -32.0000
v 3.1000 -135.0000 -0.0000
v 0.8745 0.7725 0.0509
v 3.1000 -144.9968 0.0000
v 1.0039 0.8000 -179.9491
v 3.1000 101.0032 0.0000
v 0.3020 0.0196 -191.9491
v 3.1000 107.0032 0.0000
v 0.2196 0.0196 -189.0000
v 3.1000 115.0000 -0.0000
v 0.2314 0.0000 -218.9491
v 3.1000 107.0032 0.0000
v 0.1098 0.0196 -221.0000
v 3.1000 115.0000 -0.0000
v 0.1020 0.0000 -229.9491
v 3.1000 101.0032 0.0000
v 0.0353 0.0196 -237.9491
v 3.1000 85.0032 0.0000
v 0.0000 0.0784 -237.9491
v 3.1000 40.0032 0.0000
v 0.0000 0.2275 -237.9491
v 3.1000 -21.9968 0.0000
v 0.0314 0.4196 -246.0000
v 3.1000 -20.0000 -0.0000
v 0.0000 0.4157 -237.9491
v 3.1000 -72.9968 0.0000
v 0.0000 0.5686 -237.9491
v 3.1000 -137.9968 0.0000
v 0.0000 0.7843 -229.9491
v 3.1000 -174.9968 0.0000
v 0.0353 0.9059 -210.9491
v 3.1000 -195.9968 0.0000
v 0.1412 0.9608 -216.0000
v 3.1000 -202.0000 -0.0000
v 0.1216 0.9765 -177.9491
v 3.1000 -200.9968 0.0000
v 0.2706 1.0000 -141.9491
v 3.1000 -200.9968 0.0000
v 0.4314 1.0000 -101.9491
v 3.1000 -185.9968 0.0000
v 0.5882 0.9294 -100.0000
v 3.1000 -194.0000 -0.0000
v 0.5961 0.9529 -59.9491
v 3.1000 -185.9968 0.0000
v 0.7686 0.9529 -34.9491
v 3.1000 -177.9968 0.0000
v 0.8627 0.9059 -33.0000
v 3.1000 -186.0000 -0.0000
v 0.8706 0.9294 0.0509
v 3.1000 -177.9968 0.0000
v 1.0039 0.9059 -73.0000
v 3.1000 -117.0000 -0.0000
v 0.7059 0.7137 -77.9491
v 3.1000 -124.9968 0.0000
v 0.6863 0.7412 173.9491
v 3.1000 40.0032 0.0000
v 0.2941 0.2275 173.9491
v 3.1000 85.0032 0.0000
v 0.2941 0.0902 164.0000
v 3.1000 40.0000 -0.0000
v 0.3333 0.0784 169.9491
v 3.1000 -19.9968 0.0000
v 0.3529 0.4078 155.9491
v 3.1000 -47.9968 0.0000
v 0.3686 0.5020 148.0000
v 3.1000 -43.5000 -0.0000
v 0.4000 0.4863 138.9491
v 3.1000 -71.9968 0.0000
v 0.4667 0.5569 114.9491
v 3.1000 -97.9968 0.0000
v 0.5529 0.6314 95.9491
v 3.1000 -112.9968 0.0000
v 0.6118 0.7020 92.5000
v 3.1000 -103.5000 -0.0000
v 0.6275 0.6745 59.9491
v 3.1000 -136.9968 0.0000
v 0.7608 0.7765 56.0000
v 3.1000 -128.0000 -0.0000
v 0.7765 0.7490 33.9491
v 3.1000 -144.9968 0.0000
v 0.8745 0.7725 -0.0509
v 3.1000 -144.9968 0.0000
v 1.0039 0.8000 179.9491
v 3.1000 101.0032 0.0000
v 0.2706 0.0392 172.0000
v 3.1000 107.0000 -0.0000
v 0.3020 0.0196 191.9491
v 3.1000 107.0032 0.0000
v 0.2196 0.0196 189.0000
v 3.1000 115.0000 -0.0000
v 0.2314 0.0000 218.9491
v 3.1000 107.0032 0.0000
v 0.1020 0.0000 229.9491
v 3.1000 101.0032 0.0000
v 0.0353 0.0196 237.9491
v 3.1000 85.0032 0.0000
v 0.0000 0.0784 237.9491
v 3.1000 40.0032 0.0000
v 0.0000 0.2275 237.9491
v 3.1000 -21.9968 0.0000
v 0.0000 0.4157 237.9491
v 3.1000 -72.9968 0.0000
v 0.0314 0.5804 246.0000
v 3.1000 -70.0000 -0.0000
v 0.0000 0.5686 237.9491
v 3.1000 -137.9968 0.0000
v 0.0000 0.7843 229.9491
v 3.1000 -174.9968 0.0000
v 0.0353 0.9059 210.9491
v 3.1000 -195.9968 0.0000
v 0.1216 0.9765 177.9491
v 3.1000 -200.9968 0.0000
v 0.2784 0.9765 180.0000
v 3.1000 -209.0000 -0.0000
v 0.2706 1.0000 141.9491
v 3.1000 -200.9968 0.0000
v 0.4314 1.0000 101.9491
v 3.1000 -185.9968 0.0000
v 0.5882 0.9294 100.0000
v 3.1000 -194.0000 -0.0000
v 0.5961 0.9529 59.9491
v 3.1000 -185.9968 0.0000
v 0.7686 0.9529 34.9491
v 3.1000 -177.9968 0.0000
v 0.8627 0.9059 33.0000
v 3.1000 -186.0000 -0.0000
v 0.8706 0.9294 -0.0509
v 3.1000 -177.9968 0.0000
v 1.0039 0.9059 73.0000
v 3.1000 -117.0000 -0.0000
v 0.7059 0.7137 77.9491
v 3.1000 -124.9968 0.0000
v 1.0039 0.7725 0.0000
v 3.1000 -186.0000 -0.0000
v 1.0039 0.9294 0.0000
v 0.0000 0.0000 3.1000
v -47.0000 294.5505 0.0000
v 0.0000 1.0000 1.0000
v 1.0000 0.0000 0.0000
v -23.2500 10.3750 20.0000
v -0.0000 0.0039 0.8745
v -23.2500 10.3731 8.5000
v -0.0000 0.0039 0.8745
v -21.7500 11.0250 20.0000
v 0.0000 0.0392 0.1216
v -18.7375 11.0116 29.7250
v 0.0000 0.1020 0.1255
v -20.1625 10.3731 31.0750
v -0.0000 0.0706 0.8745
v -11.5500 10.3731 40.4250
v -0.0000 0.2549 0.8745
v -10.6500 11.0116 38.7750
v 0.0000 0.2745 0.1255
v 0.0000 11.0116 41.8500
v 0.0000 0.5020 0.1255
v 0.0000 10.3731 43.9500
v -0.0000 0.5020 0.8745
v 11.5625 10.3731 40.4250
v -0.0000 0.7490 0.8745
v 10.7375 11.0116 38.7750
v 0.0000 0.7294 0.1255
v 20.1625 10.3731 31.0750
v -0.0000 0.9333 0.8745
v 18.7375 11.0116 29.7250
v 0.0000 0.9020 0.1255
v 21.7500 11.0250 20.0000
v 0.0000 0.9647 0.1216
v 23.2500 10.3750 20.0000
v -0.0000 1.0000 0.8745
v 23.2500 10.3731 8.5000
v -0.0000 1.0000 0.8745
v -21.7500 11.0124 9.2188
v 0.0000 0.0392 0.1255
v -23.2500 10.3732 9.2188
v -0.0000 0.0039 0.8745
v 23.2500 10.3732 9.2188
v -0.0000 1.0000 0.8745
v 21.7500 11.0124 9.2188
v 0.0000 0.9647 0.1255
v -25.5000 7.0000 9.0000
v 0.0000 0.0353 1.0000
v -27.5000 7.0000 9.0000
v 0.0000 0.0000 1.0000
v 25.5000 7.0000 9.0000
v 0.0000 0.9686 1.0000
v 27.5000 7.0000 9.0000
v 0.0000 1.0039 1.0000
v 0.0000 7.0000 49.0000
v 0.0000 0.5020 0.0000
v 24.5000 7.0000 34.5000
v 0.0000 0.9490 0.3608
v -24.5000 7.0000 34.5000
v 0.0000 0.0549 0.3608
v -27.5000 7.0000 20.0000
v 0.0000 0.0000 0.7255
v 27.5000 7.0000 20.0000
v 0.0000 1.0039 0.7255
v 14.0000 7.0000 45.0000
v 0.0000 0.7569 0.0980
v -14.0000 7.0000 45.0000
v 0.0000 0.2471 0.0980
v -25.5000 6.8000 9.0000
v 0.0000 0.0353 1.0000
v -26.0000 8.2000 9.0000
v 0.0000 0.0275 1.0000
v 25.5000 6.8000 9.0000
v 0.0000 0.9686 1.0000
v 26.0000 8.2000 9.0000
v 0.0000 0.9765 1.0000
v 0.0000 8.2000 47.5000
v 0.0000 0.5020 0.0353
v 23.0000 8.2000 33.5000
v 0.0000 0.9216 0.3843
v -23.0000 8.2000 33.5000
v 0.0000 0.0824 0.3843
v -26.0000 8.2000 20.0000
v 0.0000 0.0275 0.7255
v 26.0000 8.2000 20.0000
v 0.0000 0.9765 0.7255
v 13.5000 8.2000 43.5000
v 0.0000 0.7490 0.1333
v -13.5000 8.2000 43.5000
v 0.0000 0.2549 0.1333
v 26.0000 8.2000 10.0000
v 0.0000 0.9765 0.9765
v 27.5000 7.0000 10.0000
v 0.0000 1.0039 0.9765
v -27.5000 7.0000 10.0000
v 0.0000 0.0000 0.9765
v -26.0000 8.2000 10.0000
v 0.0000 0.0275 0.9765
v -35.8000 17.0000 -97.1999
v 0.0000 0.2353 0.7961
v -33.6000 19.0000 -88.9999
v 0.0000 0.2392 0.6902
v -84.9001 17.0000 -73.9000
v 0.0000 0.0235 0.7961
v -79.5000 19.0000 -66.5000
v 0.0000 0.0431 0.6902
v -105.9000 17.0000 -45.6000
v 0.0000 0.0000 0.7216
v -98.0000 19.0000 -41.5000
v 0.0000 0.0431 0.6745
v -120.0000 17.0000 -8.5000
v 0.0000 0.0000 0.4745
v -112.0000 19.0000 -8.5000
v 0.0000 0.0431 0.4745
v -125.0000 17.0000 10.0000
v 0.0000 0.0000 0.0863
v -117.0000 19.0000 10.0000
v 0.0000 0.0431 0.0863
v -125.0000 17.0000 20.0000
v -117.0000 19.0000 20.0000
v 0.0000 0.0431 0.0000
v -51.0000 17.0000 -92.9999
v 0.0000 0.1373 0.7961
v -51.0000 19.0000 -84.4999
v 0.0000 0.1373 0.6902
v 35.8000 17.0000 -97.3999
v 0.0000 0.2353 0.7961
v 34.0000 19.0000 -88.7999
v 0.0000 0.2392 0.6902
v 84.9001 17.0000 -73.9000
v 0.0000 0.0235 0.7961
v 79.5000 19.0000 -66.5000
v 0.0000 0.0431 0.6902
v 105.9000 17.0000 -45.6000
v 0.0000 0.0000 0.7216
v 98.0000 19.0000 -41.5000
v 0.0000 0.0431 0.6745
v 120.0000 17.0000 -8.5000
v 0.0000 0.0000 0.4745
v 112.0000 19.0000 -8.5000
v 0.0000 0.0431 0.4745
v 125.0000 17.0000 10.0000
v 0.0000 0.0000 0.0863
v 117.0000 19.0000 10.0000
v 0.0000 0.0431 0.0863
v 125.0000 17.0000 20.0000
v 117.0000 19.0000 20.0000
v 0.0000 0.0431 0.0000
v 51.0000 17.0000 -92.9999
v 0.0000 0.1373 0.7961
v 51.0000 19.0000 -84.4999
v 0.0000 0.1373 0.6902
v 49.0000 14.0000 -253.0000
v 0.0000 0.8588 0.6118
v 49.0000 14.0000 -277.0000
v 0.0000 0.8588 0.8431
v 43.0000 14.0000 -283.0000
v 0.0000 0.8157 0.9020
v 26.0000 14.0000 -283.0000
v 0.0000 0.6902 0.9020
v 20.0000 14.0000 -290.0000
v 0.0000 0.6471 0.9725
v -0.0000 14.0000 -293.0000
v 0.0000 0.5020 1.0000
v -21.0000 14.0000 -290.0000
v 0.0000 0.3490 0.9725
v -27.0000 14.0000 -284.0000
v 0.0000 0.3059 0.9137
v -44.0000 14.0000 -284.0000
v 0.0000 0.1804 0.9137
v -34.0000 25.0000 -272.0000
v -0.0000 0.2549 0.7961
v -49.0000 14.0000 -279.0000
v 0.0000 0.1451 0.8627
v -49.0000 14.0000 -253.0000
v 0.0000 0.1451 0.6118
v -69.0000 14.0000 -246.0000
v 0.0000 0.0000 0.5412
v -69.0000 14.0000 -217.0000
v 0.0000 0.0000 0.2588
v -45.0000 14.0000 -199.0000
v 0.0000 0.1765 0.0824
v -38.0000 25.0000 -208.0000
v -0.0000 0.2275 0.1725
v -23.0000 14.0000 -192.0000
v 0.0000 0.3333 0.0157
v 0.0000 14.0000 -190.0000
v 0.0000 0.5020 0.0000
v 23.0000 14.0000 -192.0000
v 0.0000 0.6706 0.0157
v 19.0000 25.0000 -202.0000
v -0.0000 0.6392 0.1137
v 45.0000 14.0000 -198.0000
v 0.0000 0.8275 0.0745
v 69.0000 14.0000 -216.0000
v 0.0000 1.0039 0.2510
v 58.0000 25.0000 -222.0000
v -0.0000 0.9255 0.3098
v 69.0000 14.0000 -245.0000
v 0.0000 1.0039 0.5333
v -17.5000 28.0000 -289.0000
v 0.0000 0.4118 1.0000
v -16.0000 30.0000 -280.0000
v 0.0000 0.4196 0.8863
v -22.0000 28.0000 -281.0000
v 0.0000 0.3882 0.8980
v -20.5000 30.0000 -272.0000
v 0.0000 0.3961 0.7843
v -38.0000 28.0000 -281.0000
v 0.0000 0.3020 0.8980
v -36.5000 30.0000 -272.0000
v 0.0000 0.3098 0.7843
v -44.0000 28.0000 -274.5000
v 0.0000 0.2706 0.8157
v -42.5000 30.0000 -266.0000
v 0.0000 0.2784 0.7059
v -51.0000 28.0000 -273.0000
v 0.0000 0.2353 0.7961
v -50.0000 30.0000 -264.5000
v 0.0000 0.2392 0.6902
v -91.5000 21.0000 -273.0000
v 0.0000 0.0235 0.7961
v -87.5000 23.0000 -264.5000
v 0.0000 0.0431 0.6902
v -96.0000 21.0000 -267.0000
v 0.0000 0.0000 0.7216
v -88.0000 23.0000 -263.5000
v 0.0000 0.0431 0.6745
v -96.0000 21.0000 -247.5000
v 0.0000 0.0000 0.4745
v -88.0000 23.0000 -247.5000
v 0.0000 0.0431 0.4745
v -96.0000 10.0000 -217.0000
v 0.0000 0.0000 0.0863
v -88.0000 12.0000 -217.0000
v 0.0000 0.0431 0.0863
v -96.0000 10.0000 -207.9000
v -88.0000 12.0000 -207.9000
v 0.0000 0.0431 0.0000
v -70.0000 21.0000 -273.0000
v 0.0000 0.1373 0.7961
v -70.0000 23.0000 -264.5000
v 0.0000 0.1373 0.6902
v 17.5000 28.0000 -289.0000
v 0.0000 0.5922 1.0000
v 16.0000 30.0000 -280.0000
v 0.0000 0.5843 0.8863
v 22.0000 28.0000 -281.0000
v 0.0000 0.6157 0.8980
v 20.5000 30.0000 -272.0000
v 0.0000 0.6078 0.7843
v 38.0000 28.0000 -281.0000
v 0.0000 0.7020 0.8980
v 36.5000 30.0000 -272.0000
v 0.0000 0.6941 0.7843
v 44.0000 28.0000 -274.5000
v 0.0000 0.7333 0.8157
v 42.5000 30.0000 -266.0000
v 0.0000 0.7255 0.7059
v 51.0000 28.0000 -273.0000
v 0.0000 0.7686 0.7961
v 50.0000 30.0000 -264.5000
v 0.0000 0.7647 0.6902
v 91.5000 21.0000 -273.0000
v 0.0000 0.9804 0.7961
v 87.5000 23.0000 -264.5000
v 0.0000 0.9608 0.6902
v 96.0000 21.0000 -267.0000
v 0.0000 1.0039 0.7216
v 88.0000 23.0000 -263.5000
v 0.0000 0.9608 0.6745
v 96.0000 21.0000 -247.5000
v 0.0000 1.0039 0.4745
v 88.0000 23.0000 -247.5000
v 0.0000 0.9608 0.4745
v 96.0000 10.0000 -217.0000
v 0.0000 1.0039 0.0863
v 88.0000 12.0000 -217.0000
v 0.0000 0.9608 0.0863
v 96.0000 10.0000 -208.0000
v 0.0000 1.0039 0.0000
v 88.0000 12.0000 -208.0000
v 0.0000 0.9608 0.0000
v 70.0000 21.0000 -273.0000
v 0.0000 0.8667 0.7961
v 70.0000 23.0000 -264.5000
v 0.0000 0.8667 0.6902
v 0.0000 28.0000 -289.0000
v 0.0000 0.5020 1.0000
v 0.0000 30.0000 -280.0000
v 0.0000 0.5020 0.8863
v 36.9000 29.5000 176.0000
v 36.9000 27.8000 171.5000
v 0.0000 0.0000 0.0588
v 103.3000 27.8000 133.4000
v 0.0000 0.7255 0.4863
v 83.9000 27.8000 153.7000
v 0.0000 0.5137 0.2627
v 126.7000 29.5000 86.0000
v 0.0000 0.9882 1.0000
v 121.3000 27.8000 86.0000
v 0.0000 0.9294 1.0000
v 36.9000 28.9000 176.0000
v 36.9000 32.5000 177.0000
v 107.9000 32.5000 137.8000
v 0.0000 0.7765 0.4392
v 88.3000 32.5000 158.0000
v 0.0000 0.5647 0.2157
v 126.8000 28.9000 86.0000
v 0.0000 0.9882 1.0000
v 128.0000 32.5000 86.0000
v 0.0000 1.0039 1.0000
v 121.3000 27.8000 89.0000
v 0.0000 0.9294 0.9882
v 128.0000 32.5000 88.9500
v 0.0000 1.0039 0.9882
v 40.0000 32.5000 177.0000
v 0.0000 0.0118 0.0000
v 40.0000 27.8000 171.5000
v 0.0000 0.0118 0.0588
v -36.9000 29.5000 176.0000
v -36.9000 27.8000 171.5000
v 0.0000 0.0000 0.0588
v -103.3000 27.8000 133.4000
v 0.0000 0.7255 0.4863
v -83.9000 27.8000 153.7000
v 0.0000 0.5137 0.2627
v -126.7000 29.5000 86.0000
v 0.0000 0.9882 1.0000
v -121.3000 27.8000 86.0000
v 0.0000 0.9294 1.0000
v -36.9000 28.9000 176.0000
v -36.9000 32.5000 177.0000
v -107.9000 32.5000 137.8000
v 0.0000 0.7765 0.4392
v -88.3000 32.5000 158.0000
v 0.0000 0.5647 0.2157
v -126.8000 28.9000 86.0000
v 0.0000 0.9882 1.0000
v -128.0000 32.5000 86.0000
v 0.0000 1.0039 1.0000
v -121.3000 27.8000 89.0000
v 0.0000 0.9294 0.9882
v -128.0000 32.5000 88.9500
v 0.0000 1.0039 0.9882
v -40.0000 32.5000 177.0000
v 0.0000 0.0118 0.0000
v -40.0000 27.8000 171.5000
v 0.0000 0.0118 0.0588
v 34.2001 27.0000 171.6999
v -0.0000 0.0000 1.0000
v 34.2001 32.6000 174.2999
v -0.0000 0.0000 0.3451
v 34.2001 35.6000 182.3001
v 82.3000 27.0000 152.3000
v -0.0000 0.4902 1.0000
v 102.3000 27.0000 132.3000
v -0.0000 0.6941 1.0000
v 90.0000 35.6000 160.0000
v -0.0000 0.5686 0.0000
v 124.5000 32.6000 83.7000
v -0.0000 0.9216 0.3451
v 110.0000 35.6000 140.0000
v -0.0000 0.7725 0.0000
v 121.9000 27.0000 83.7000
v -0.0000 0.8941 1.0000
v 132.5000 35.6000 83.7000
v -0.0000 1.0039 0.0000
v 131.2500 35.6000 86.8250
v -0.0000 0.9922 0.0000
v 120.8312 27.0000 86.3438
v -0.0000 0.8863 1.0000
v 37.3251 35.6000 181.0501
v -0.0000 0.0314 0.0000
v 36.8438 27.0000 170.6312
v -0.0000 0.0275 1.0000
v 122.5500 28.4000 83.7000
v -0.0000 0.9020 0.8353
v 130.5000 34.8500 83.7000
v -0.0000 0.9843 0.0824
v 34.2001 28.4000 172.3499
v -0.0000 0.0000 0.8353
v 34.2001 34.8500 180.3001
v -0.0000 0.0000 0.0824
v -34.2001 27.0000 171.6999
v -0.0000 0.0000 1.0000
v -34.2001 32.6000 174.2999
v -0.0000 0.0000 0.3451
v -34.2001 35.6000 182.3001
v -82.3000 27.0000 152.3000
v -0.0000 0.4902 1.0000
v -102.3000 27.0000 132.3000
v -0.0000 0.6941 1.0000
v -90.0000 35.6000 160.0000
v -0.0000 0.5686 0.0000
v -124.5000 32.6000 83.7000
v -0.0000 0.9216 0.3451
v -110.0000 35.6000 140.0000
v -0.0000 0.7725 0.0000
v -121.9000 27.0000 83.7000
v -0.0000 0.8941 1.0000
v -132.5000 35.6000 83.7000
v -0.0000 1.0039 0.0000
v -131.2500 35.6000 86.8250
v -0.0000 0.9922 0.0000
v -120.8312 27.0000 86.3438
v -0.0000 0.8863 1.0000
v -37.3251 35.6000 181.0501
v -0.0000 0.0314 0.0000
v -36.8438 27.0000 170.6312
v -0.0000 0.0275 1.0000
v -122.5500 28.4000 83.7000
v -0.0000 0.9020 0.8353
v -130.5000 34.8500 83.7000
v -0.0000 0.9843 0.0824
v -34.2001 28.4000 172.3499
v -0.0000 0.0000 0.8353
v -34.2001 34.8500 180.3001
v -0.0000 0.0000 0.0824
v -19.1173 37.0000 82.7726
v 0.0000 0.2510 0.0667
v 32.7726 37.0000 30.8826
v 0.0000 0.9333 0.7490
v 19.1173 37.0000 17.2274
v 0.0000 0.7529 0.9294
v 32.7726 37.0000 69.1173
v 0.0000 0.9333 0.2471
v -19.1173 37.0000 17.2274
v 0.0000 0.2510 0.9294
v -32.7726 37.0000 30.8826
v 0.0000 0.0706 0.7490
v 19.1173 37.0000 82.7726
v 0.0000 0.7529 0.0667
v -32.7726 37.0000 69.1173
v 0.0000 0.0706 0.2471
v -20.0588 53.0000 38.2990
v 0.0000 0.0706 0.7490
v -20.0588 53.0000 61.7010
v 0.0000 0.0706 0.2471
v 11.7010 53.0000 70.0588
v 0.0000 0.7529 0.0667
v 20.0588 53.0000 61.7010
v 0.0000 0.9333 0.2471
v -11.7010 53.0000 29.9412
v 0.0000 0.2510 0.9294
v 20.0588 53.0000 38.2990
v 0.0000 0.9333 0.7490
v 11.7010 53.0000 29.9412
v 0.0000 0.7529 0.9294
v -11.7010 53.0000 70.0588
v 0.0000 0.2510 0.0667
v -33.6000 19.0000 -88.9999
v 0.0000 0.0000 1.0000
v -33.6000 19.0000 -88.9999
v 0.0000 0.0000 1.0000
v -35.8000 17.0000 -97.1999
v 0.0000 0.0000 1.0000
v 34.0000 19.0000 -88.7999
v 0.0000 0.0000 1.0000
v 35.8000 17.0000 -97.3999
v 0.0000 0.0000 1.0000
v 35.8000 17.0000 -97.3999
v 0.0000 0.0000 1.0000
v 0.0000 39.7000 -55.3499
v 272.0916 0.0000 0.0000
v 1.0000 1.0000 1.0000
v 1.0039 0.7137 0.0000
v 0.0000 -56.0000 -0.0000
v 437.3214 0.0000 0.0000
v 1.0000 1.0000 1.0000
v 0.0000 -0.0000 174.0000
v 0.0000 437.3214 0.0000
v 0.0000 1.0000 1.0000
v 1.0000 0.0000 0.0000
v 1.0000 20.9820 1.2100
v 0.0000 -0.0000 1.0039
v 1.0000 10.5164 1.2100
v -18.5764 -0.0000 0.0000
v 0.0000 10.5164 1.2100
v 18.5764 -0.0000 0.0000
v 1.0000 -10.5164 1.2100
v -18.5764 -0.0000 0.0000
v 1.0000 -21.1120 1.2100
v 0.0000 -0.0000 1.0039
v 1.0000 -10.5164 1.2100
v 18.5764 -0.0000 1.0039
v 0.0000 -10.5164 1.2100
v 18.5764 -0.0000 0.0000
v 0.0000 -10.5164 1.2100
v 18.5764 -0.0000 0.0000
v 1.0000 20.9820 1.2100
v 0.0000 20.9820 1.2100
v 0.0000 10.5164 1.2100
v 18.5764 -0.0000 1.0039
v 1.0000 10.5164 1.2100
v -18.5764 -0.0000 1.0039
v 0.0000 10.5164 1.2100
v -18.5764 -0.0000 1.0039
v 1.0000 -21.1120 1.2100
v 0.0000 -21.1120 1.2100
v 0.0000 -10.5164 1.2100
v -18.5764 -0.0000 1.0039
v 1.0000 0.0000 0.0000
v 0.0000 0.0000 -0.0650
v 0.5000 0.0000 28.0724
v 22.0000 0.0002 0.0000
v 0.0000 0.0000 1.0000
v 1.0000 1.0000 0.0000
v 20.9820 1.2100 0.0000
v -0.0000 1.0039 0.0000
v 10.5164 1.2100 -18.5764
v 10.5164 1.2100 18.5764
v -10.5164 1.2100 -18.5764
v -21.1120 1.2100 0.0000
v -0.0000 1.0039 0.0000
v -10.5164 1.2100 18.5764
v -0.0000 1.0039 0.0000
v -10.5164 1.2100 18.5764
v -10.5164 1.2100 18.5764
v 20.9820 1.2100 0.0000
v 20.9820 1.2100 0.0000
v 10.5164 1.2100 18.5764
v -0.0000 1.0039 0.0000
v 10.5164 1.2100 -18.5764
v -0.0000 1.0039 0.0000
v 10.5164 1.2100 -18.5764
v -0.0000 1.0039 0.0000
v -21.1120 1.2100 0.0000
v -21.1120 1.2100 0.0000
v -10.5164 1.2100 -18.5764
v -0.0000 1.0039 0.0000
v 0.0000 -0.0650 0.5000
v 0.0000 28.0724 0.0000
v 0.0000 0.0000 17.0000
v 0.0000 1.0000 1.0000
v 1.0000 0.0000 0.0000
v 1.0039 1.0000 20.9820
v 1.2100 0.0000 -0.0000
v 0.0000 1.0000 10.5164
v 1.2100 -18.5764 -0.0000
v 0.0000 1.0000 10.5164
v 1.2100 18.5764 -0.0000
v 0.0000 1.0000 -10.5164
v 1.2100 -18.5764 -0.0000
v 1.0039 1.0000 -21.1120
v 1.2100 0.0000 -0.0000
v 1.0039 1.0000 -10.5164
v 1.2100 18.5764 -0.0000
v 1.0039 0.0000 -10.5164
v 1.2100 18.5764 -0.0000
v 0.0000 0.0000 -10.5164
v 1.2100 18.5764 -0.0000
v 0.0000 1.0000 20.9820
v 1.2100 0.0000 -0.0000
v 0.0000 0.0000 20.9820
v 1.2100 0.0000 -0.0000
v 0.0000 0.0000 10.5164
v 1.2100 18.5764 -0.0000
v 1.0039 1.0000 10.5164
v 1.2100 -18.5764 -0.0000
v 1.0039 0.0000 10.5164
v 1.2100 -18.5764 -0.0000
v 1.0039 1.0000 -21.1120
v 1.2100 0.0000 -0.0000
v 0.0000 0.0000 -21.1120
v 1.2100 0.0000 -0.0000
v 0.0000 0.0000 -10.5164
v 1.2100 -18.5764 -0.0000
v 1.0039 1.0000 0.0000
v -0.0650 0.5000 0.0000
v 28.0724 0.0000 0.0000
v 0.0000 12.0000 0.0003
v 1.0000 1.0000 1.0000
v 1.0000 20.9820 1.2100
v 0.0000 -0.0000 1.0039
v 1.0000 10.5164 1.2100
v -18.5764 -0.0000 0.0000
v 1.0000 10.5164 1.2100
v 18.5764 -0.0000 0.0000
v 1.0000 -10.5164 1.2100
v -18.5764 -0.0000 0.0000
v 1.0000 -21.1120 1.2100
v 0.0000 -0.0000 1.0039
v 1.0000 -10.5164 1.2100
v 18.5764 -0.0000 1.0039
v 0.0000 -10.5164 1.2100
v 18.5764 -0.0000 0.0000
v 0.0000 -10.5164 1.2100
v 18.5764 -0.0000 0.0000
v 1.0000 20.9820 1.2100
v 0.0000 20.9820 1.2100
v 0.0000 10.5164 1.2100
v 18.5764 -0.0000 1.0039
v 1.0000 10.5164 1.2100
v -18.5764 -0.0000 1.0039
v 0.0000 10.5164 1.2100
v -18.5764 -0.0000 1.0039
v 1.0000 -21.1120 1.2100
v 0.0000 -21.1120 1.2100
v 0.0000 -10.5164 1.2100
v -18.5764 -0.0000 1.0039
v 1.0000 0.0000 0.0000
v 0.0000 0.0000 -0.0650
v 0.5000 0.0000 28.0724
v 7.0000 0.0002 0.0000
v 0.0000 0.0000 1.0000
v 1.0000 1.0000 0.0000
v 20.9820 1.2100 0.0000
v -0.0000 1.0039 0.0000
v 10.5164 1.2100 -18.5764
v 10.5164 1.2100 18.5764
v -10.5164 1.2100 -18.5764
v -21.1120 1.2100 0.0000
v -0.0000 1.0039 0.0000
v -10.5164 1.2100 18.5764
v -0.0000 1.0039 0.0000
v -10.5164 1.2100 18.5764
v -10.5164 1.2100 18.5764
v 20.9820 1.2100 0.0000
v 20.9820 1.2100 0.0000
v 10.5164 1.2100 18.5764
v -0.0000 1.0039 0.0000
v 10.5164 1.2100 -18.5764
v -0.0000 1.0039 0.0000
v 10.5164 1.2100 -18.5764
v -0.0000 1.0039 0.0000
v -21.1120 1.2100 0.0000
v -21.1120 1.2100 0.0000
v -10.5164 1.2100 -18.5764
v -0.0000 1.0039 0.0000
v 0.0000 -0.0650 0.5000
v 0.0000 28.0724 0.0000
v 0.0000 0.0000 2.0000
v 0.0000 1.0000 0.0000
v 1.0000 0.0000 0.0000
v 0.0000 11.0000 239.0000
v 1.0000 1.0000 1.0000
v -25.0000 0.4000 90.0000
v 0.0000 0.3529 0.4078
v -25.0000 0.4000 95.0000
v 0.0000 0.3529 0.3608
v -25.0000 3.4000 103.0000
v 0.0000 0.3529 0.2863
v -5.0000 20.7000 135.0000
v 0.0000 0.4706 0.0000
v -25.0000 20.7000 130.0000
v 0.0000 0.3529 0.0431
v -25.0000 20.7000 135.0000
v 0.0000 0.3529 0.0000
v -15.0000 0.4000 92.0000
v 0.0000 0.4118 0.3882
v -13.0000 6.0000 103.0000
v -0.0000 0.4235 0.2863
v -5.0000 20.7000 130.0000
v 0.0000 0.4706 0.0431
v -15.0000 20.7000 133.0000
v 0.0000 0.4118 0.0157
v -5.0000 0.4000 90.0000
v 0.0000 0.4706 0.4078
v -5.0000 0.4000 95.0000
v 0.0000 0.4706 0.3608
v -5.0000 3.4000 103.0000
v 0.0000 0.4706 0.2863
v 40.0000 0.4000 75.0000
v 0.0000 0.7373 0.5451
v 45.0000 0.4000 75.0000
v 0.0000 0.7686 0.5451
v 53.0000 3.4000 75.0000
v 0.0000 0.8157 0.5451
v 85.0000 20.7000 55.0000
v 0.0000 1.0039 0.7255
v 80.0000 20.7000 75.0000
v 0.0000 0.9725 0.5451
v 85.0000 20.7000 75.0000
v 0.0000 1.0039 0.5451
v 42.0000 0.4000 65.0000
v 0.0000 0.7490 0.6353
v 53.0000 6.0000 63.0000
v -0.0000 0.8157 0.6549
v 80.0000 20.7000 55.0000
v 0.0000 0.9725 0.7255
v 83.0000 20.7000 65.0000
v 0.0000 0.9922 0.6353
v 40.0000 0.4000 55.0000
v 0.0000 0.7373 0.7255
v 45.0000 0.4000 55.0000
v 0.0000 0.7686 0.7255
v 53.0000 3.4000 55.0000
v 0.0000 0.8157 0.7255
v 40.0000 0.4000 45.0000
v 0.0000 0.7373 0.8157
v 45.0000 0.4000 45.0000
v 0.0000 0.7686 0.8157
v 53.0000 3.4000 45.0000
v 0.0000 0.8157 0.8157
v 85.0000 20.7000 25.0000
v 0.0000 1.0039 1.0000
v 80.0000 20.7000 45.0000
v 0.0000 0.9725 0.8157
v 85.0000 20.7000 45.0000
v 0.0000 1.0039 0.8157
v 42.0000 0.4000 35.0000
v 0.0000 0.7490 0.9098
v 53.0000 6.0000 33.0000
v -0.0000 0.8157 0.9255
v 80.0000 20.7000 25.0000
v 0.0000 0.9725 1.0000
v 83.0000 20.7000 35.0000
v 0.0000 0.9922 0.9098
v 40.0000 0.4000 25.0000
v 0.0000 0.7373 1.0000
v 45.0000 0.4000 25.0000
v 0.0000 0.7686 1.0000
v 53.0000 3.4000 25.0000
v 0.0000 0.8157 1.0000
v -40.0000 0.4000 25.0000
v 0.0000 0.2667 1.0000
v -45.0000 0.4000 25.0000
v 0.0000 0.2353 1.0000
v -53.0000 3.4000 25.0000
v 0.0000 0.1882 1.0000
v -85.0000 20.7000 45.0000
v 0.0000 0.0000 0.8157
v -80.0000 20.7000 25.0000
v 0.0000 0.0314 1.0000
v -85.0000 20.7000 25.0000
v 0.0000 0.0000 1.0000
v -42.0000 0.4000 35.0000
v 0.0000 0.2549 0.9098
v -53.0000 6.0000 37.0000
v -0.0000 0.1882 0.8902
v -80.0000 20.7000 45.0000
v 0.0000 0.0314 0.8157
v -83.0000 20.7000 35.0000
v 0.0000 0.0118 0.9098
v -40.0000 0.4000 45.0000
v 0.0000 0.2667 0.8157
v -45.0000 0.4000 45.0000
v 0.0000 0.2353 0.8157
v -53.0000 3.4000 45.0000
v 0.0000 0.1882 0.8157
v -40.0000 0.4000 55.0000
v 0.0000 0.2667 0.7255
v -45.0000 0.4000 55.0000
v 0.0000 0.2353 0.7255
v -53.0000 3.4000 55.0000
v 0.0000 0.1882 0.7255
v -85.0000 20.7000 75.0000
v 0.0000 0.0000 0.5451
v -80.0000 20.7000 55.0000
v 0.0000 0.0314 0.7255
v -85.0000 20.7000 55.0000
v 0.0000 0.0000 0.7255
v -42.0000 0.4000 65.0000
v 0.0000 0.2549 0.6353
v -53.0000 6.0000 67.0000
v -0.0000 0.1882 0.6157
v -80.0000 20.7000 75.0000
v 0.0000 0.0314 0.5451
v -83.0000 20.7000 65.0000
v 0.0000 0.0118 0.6353
v -40.0000 0.4000 75.0000
v 0.0000 0.2667 0.5451
v -45.0000 0.4000 75.0000
v 0.0000 0.2353 0.5451
v -53.0000 3.4000 75.0000
v 0.0000 0.1882 0.5451
v 5.0000 0.4000 90.0000
v 0.0000 0.5333 0.4078
v 5.0000 0.4000 95.0000
v 0.0000 0.5333 0.3608
v 5.0000 3.4000 103.0000
v 0.0000 0.5333 0.2863
v 25.0000 20.7000 135.0000
v 0.0000 0.6510 0.0000
v 5.0000 20.7000 130.0000
v 0.0000 0.5333 0.0431
v 5.0000 20.7000 135.0000
v 0.0000 0.5333 0.0000
v 15.0000 0.4000 92.0000
v 0.0000 0.5922 0.3882
v 17.0000 6.0000 103.0000
v -0.0000 0.6039 0.2863
v 25.0000 20.7000 130.0000
v 0.0000 0.6510 0.0431
v 15.0000 20.7000 133.0000
v 0.0000 0.5922 0.0157
v 25.0000 0.4000 90.0000
v 0.0000 0.6510 0.4078
v 25.0000 0.4000 95.0000
v 0.0000 0.6510 0.3608
v 25.0000 3.4000 103.0000
v 0.0000 0.6510 0.2863
v 0.0000 0.0000 11.7000
v 80.0000 101.2423 0.0000
v 0.0000 1.0000 1.0000
v 1.0000 0.0000 0.0000
v 0.0000 0.0000 12.0000
v 81.5000 93.5535 0.0000
v 0.0000 1.0000 1.0000
v 1.0000 0.0000 0.0000
v 10.0392 1.0000 0.0000
v 0.0000 -2.0000 -4.1875
v 210.0000 214.8697 0.0000
v 0.0000 1.0000 1.0000
v 1.0000 0.0000 0.0000
v 435.0000 380.0000 -116.0000
v 318.0000 380.0000 -318.0000
v -0.0000 1.0039 0.0000
v 116.0000 380.0000 -435.0000
v -0.0000 1.0039 0.0000
v -117.0000 380.0000 -436.0000
v -0.0000 1.0039 0.0000
v -318.1980 380.0000 -318.1980
v -0.0000 1.0039 0.0000
v -435.0000 380.0000 -117.0000
v -0.0000 1.0039 0.0000
v -435.0000 380.0000 117.0000
v -318.0000 380.0000 318.0000
v -0.0000 1.0039 0.0000
v -116.0000 380.0000 435.0000
v -0.0000 1.0039 0.0000
v 116.0000 380.0000 435.0000
v -0.0000 1.0039 0.0000
v 318.0000 380.0000 318.0000
v -0.0000 1.0039 0.0000
v 435.0000 380.0000 116.0000
v -0.0000 1.0039 0.0000
v 116.0000 351.0000 435.0000
v -0.0000 1.0039 0.1608
v -116.0000 351.0000 435.0000
v -0.0000 1.0039 0.1608
v 318.0000 351.0000 318.0000
v -0.0000 1.0039 0.1608
v 435.0000 351.0000 116.0000
v -0.0000 1.0039 0.1608
v 435.0000 351.0000 -116.0000
v -0.0000 0.0000 0.1608
v 318.0000 351.0000 -318.0000
v -0.0000 1.0039 0.1608
v 116.0000 351.0000 -435.0000
v -0.0000 1.0039 0.1608
v -117.0000 351.0000 -436.0000
v -0.0000 1.0039 0.1608
v -318.0000 351.0000 -318.0000
v -0.0000 1.0039 0.1608
v -435.0000 351.0000 -117.0000
v -0.0000 1.0039 0.1608
v -435.0000 351.0000 117.0000
v -0.0000 0.0000 0.1608
v -318.0000 351.0000 318.0000
v -0.0000 1.0039 0.1608
v -435.0000 351.0000 -66.0000
v 0.0000 0.8235 0.1608
v -341.0000 351.0000 -278.0000
v 0.0000 0.8235 0.1608
v -412.0000 351.0000 -156.0000
v 0.0000 0.1804 0.1608
v -435.0000 350.7500 80.0000
v 0.0000 0.1804 0.1608
v -415.0000 351.0000 150.0000
v 0.0000 0.8235 0.1608
v -340.0000 351.0000 280.0000
v 0.0000 0.1804 0.1608
v -280.0000 351.0000 340.0000
v 0.0000 0.8235 0.1608
v 435.0000 350.7500 -75.0000
v 0.0000 0.1804 0.1608
v 412.0000 351.0000 -156.0000
v 0.0000 0.8235 0.1608
v 340.0000 351.0000 -281.0000
v 0.0000 0.1804 0.1608
v 281.0000 351.0000 -340.0000
v 0.0000 0.8235 0.1608
v 435.0000 350.7500 76.0000
v 0.0000 0.8235 0.1608
v 417.0000 351.0000 147.0000
v 0.0000 0.1804 0.1608
v 338.0000 351.0000 284.0000
v 0.0000 0.8235 0.1608
v 291.0000 351.0000 334.0000
v 0.0000 0.1804 0.1608
v 155.0000 351.0000 413.0000
v 0.0000 0.8235 0.1608
v 74.0000 351.0000 435.0000
v 0.0000 0.1804 0.1608
v -150.0000 351.0000 415.0000
v 0.0000 0.1804 0.1608
v -76.0000 351.0000 435.0000
v 0.0000 0.8235 0.1608
v -273.0000 351.0000 -345.0000
v 0.0000 0.1804 0.1608
v -158.0000 351.0000 -410.0000
v 0.0000 0.8235 0.1608
v -75.0000 351.0000 -436.0000
v 0.0000 0.1804 0.1608
v 75.0000 351.0000 -435.0000
v 0.0000 0.8235 0.1608
v 151.0000 351.0000 -414.0000
v 0.0000 0.1804 0.1608
v 435.0000 -80.0000 -116.0000
v 318.0000 -80.0000 -318.0000
v -0.0000 1.0039 0.0000
v 116.0000 -80.0000 -435.0000
v -0.0000 1.0039 0.0000
v -117.0000 -80.0000 -436.0000
v -0.0000 1.0039 0.0000
v -318.1980 -80.0000 -318.1980
v -0.0000 1.0039 0.0000
v -435.0000 -80.0000 -117.0000
v -0.0000 1.0039 0.0000
v -435.0000 -80.0000 117.0000
v -318.0000 -80.0000 318.0000
v -0.0000 1.0039 0.0000
v -116.0000 -80.0000 435.0000
v -0.0000 1.0039 0.0000
v 116.0000 -80.0000 435.0000
v -0.0000 1.0039 0.0000
v 318.0000 -80.0000 318.0000
v -0.0000 1.0039 0.0000
v 435.0000 -80.0000 116.0000
v -0.0000 1.0039 0.0000
v 116.0000 -109.0000 435.0000
v -0.0000 1.0039 0.1608
v -116.0000 -109.0000 435.0000
v -0.0000 1.0039 0.1608
v 318.0000 -109.0000 318.0000
v -0.0000 1.0039 0.1608
v 435.0000 -109.0000 116.0000
v -0.0000 1.0039 0.1608
v 435.0000 -109.0000 -116.0000
v -0.0000 0.0000 0.1608
v 318.0000 -109.0000 -318.0000
v -0.0000 1.0039 0.1608
v 116.0000 -109.0000 -435.0000
v -0.0000 1.0039 0.1608
v -117.0000 -109.0000 -436.0000
v -0.0000 1.0039 0.1608
v -318.0000 -109.0000 -318.0000
v -0.0000 1.0039 0.1608
v -435.0000 -109.0000 -117.0000
v -0.0000 1.0039 0.1608
v -435.0000 -109.0000 117.0000
v -0.0000 0.0000 0.1608
v -318.0000 -109.0000 318.0000
v -0.0000 1.0039 0.1608
v -435.0000 -109.0000 -66.0000
v 0.0000 0.8235 0.1608
v -341.0000 -109.0000 -278.0000
v 0.0000 0.8235 0.1608
v -412.0000 -109.0000 -156.0000
v 0.0000 0.1804 0.1608
v -435.0000 -109.2500 80.0000
v 0.0000 0.1804 0.1608
v -415.0000 -109.0000 150.0000
v 0.0000 0.8235 0.1608
v -340.0000 -109.0000 280.0000
v 0.0000 0.1804 0.1608
v -280.0000 -109.0000 340.0000
v 0.0000 0.8235 0.1608
v 435.0000 -109.2500 -75.0000
v 0.0000 0.1804 0.1608
v 412.0000 -109.0000 -156.0000
v 0.0000 0.8235 0.1608
v 340.0000 -109.0000 -281.0000
v 0.0000 0.1804 0.1608
v 281.0000 -109.0000 -340.0000
v 0.0000 0.8235 0.1608
v 435.0000 -109.2500 76.0000
v 0.0000 0.8235 0.1608
v 417.0000 -109.0000 147.0000
v 0.0000 0.1804 0.1608
v 338.0000 -109.0000 284.0000
v 0.0000 0.8235 0.1608
v 291.0000 -109.0000 334.0000
v 0.0000 0.1804 0.1608
v 155.0000 -109.0000 413.0000
v 0.0000 0.8235 0.1608
v 74.0000 -109.0000 435.0000
v 0.0000 0.1804 0.1608
v -150.0000 -109.0000 415.0000
v 0.0000 0.1804 0.1608
v -76.0000 -109.0000 435.0000
v 0.0000 0.8235 0.1608
v -273.0000 -109.0000 -345.0000
v 0.0000 0.1804 0.1608
v -158.0000 -109.0000 -410.0000
v 0.0000 0.8235 0.1608
v -75.0000 -109.0000 -436.0000
v 0.0000 0.1804 0.1608
v 75.0000 -109.0000 -435.0000
v 0.0000 0.8235 0.1608
v 151.0000 -109.0000 -414.0000
v 0.0000 0.1804 0.1608
v 435.0000 150.0000 -116.0000
v 318.0000 150.0000 -318.0000
v -0.0000 1.0039 0.0000
v 116.0000 150.0000 -435.0000
v -0.0000 1.0039 0.0000
v -117.0000 150.0000 -436.0000
v -0.0000 1.0039 0.0000
v -318.1980 150.0000 -318.1980
v -0.0000 1.0039 0.0000
v -435.0000 150.0000 -117.0000
v -0.0000 1.0039 0.0000
v -435.0000 150.0000 117.0000
v -318.0000 150.0000 318.0000
v -0.0000 1.0039 0.0000
v -116.0000 150.0000 435.0000
v -0.0000 1.0039 0.0000
v 116.0000 150.0000 435.0000
v -0.0000 1.0039 0.0000
v 318.0000 150.0000 318.0000
v -0.0000 1.0039 0.0000
v 435.0000 150.0000 116.0000
v -0.0000 1.0039 0.0000
v 116.0000 121.0000 435.0000
v -0.0000 1.0039 0.1608
v -116.0000 121.0000 435.0000
v -0.0000 1.0039 0.1608
v 318.0000 121.0000 318.0000
v -0.0000 1.0039 0.1608
v 435.0000 121.0000 116.0000
v -0.0000 1.0039 0.1608
v 435.0000 121.0000 -116.0000
v -0.0000 0.0000 0.1608
v 318.0000 121.0000 -318.0000
v -0.0000 1.0039 0.1608
v 116.0000 121.0000 -435.0000
v -0.0000 1.0039 0.1608
v -117.0000 121.0000 -436.0000
v -0.0000 1.0039 0.1608
v -318.0000 121.0000 -318.0000
v -0.0000 1.0039 0.1608
v -435.0000 121.0000 -117.0000
v -0.0000 1.0039 0.1608
v -435.0000 121.0000 117.0000
v -0.0000 0.0000 0.1608
v -318.0000 121.0000 318.0000
v -0.0000 1.0039 0.1608
v -435.0000 121.0000 -66.0000
v 0.0000 0.8235 0.1608
v -341.0000 121.0000 -278.0000
v 0.0000 0.8235 0.1608
v -412.0000 121.0000 -156.0000
v 0.0000 0.1804 0.1608
v -435.0000 120.7500 80.0000
v 0.0000 0.1804 0.1608
v -415.0000 121.0000 150.0000
v 0.0000 0.8235 0.1608
v -340.0000 121.0000 280.0000
v 0.0000 0.1804 0.1608
v -280.0000 121.0000 340.0000
v 0.0000 0.8235 0.1608
v 435.0000 120.7500 -75.0000
v 0.0000 0.1804 0.1608
v 412.0000 121.0000 -156.0000
v 0.0000 0.8235 0.1608
v 340.0000 121.0000 -281.0000
v 0.0000 0.1804 0.1608
v 281.0000 121.0000 -340.0000
v 0.0000 0.8235 0.1608
v 435.0000 120.7500 76.0000
v 0.0000 0.8235 0.1608
v 417.0000 121.0000 147.0000
v 0.0000 0.1804 0.1608
v 338.0000 121.0000 284.0000
v 0.0000 0.8235 0.1608
v 291.0000 121.0000 334.0000
v 0.0000 0.1804 0.1608
v 155.0000 121.0000 413.0000
v 0.0000 0.8235 0.1608
v 74.0000 121.0000 435.0000
v 0.0000 0.1804 0.1608
v -150.0000 121.0000 415.0000
v 0.0000 0.1804 0.1608
v -76.0000 121.0000 435.0000
v 0.0000 0.8235 0.1608
v -273.0000 121.0000 -345.0000
v 0.0000 0.1804 0.1608
v -158.0000 121.0000 -410.0000
v 0.0000 0.8235 0.1608
v -75.0000 121.0000 -436.0000
v 0.0000 0.1804 0.1608
v 75.0000 121.0000 -435.0000
v 0.0000 0.8235 0.1608
v 151.0000 121.0000 -414.0000
v 0.0000 0.1804 0.1608
v -435.0000 351.0000 117.0000
v -0.0000 1.0039 0.1608
v -435.0000 351.0000 117.0000
v -0.0000 1.0039 0.1608
v 116.0000 351.0000 435.0000
v -0.0000 0.0000 0.1608
v 116.0000 380.0000 435.0000
v 116.0000 380.0000 435.0000
v 116.0000 351.0000 435.0000
v -0.0000 0.0000 0.1608
v 116.0000 351.0000 435.0000
v -0.0000 0.0000 0.1608
v -318.1980 380.0000 -318.1980
v -318.0000 351.0000 -318.0000
v -0.0000 0.0000 0.1608
v -117.0000 380.0000 -436.0000
v -117.0000 351.0000 -436.0000
v -0.0000 0.0000 0.1608
v 116.0000 380.0000 -435.0000
v 116.0000 351.0000 -435.0000
v -0.0000 0.0000 0.1608
v 318.0000 380.0000 -318.0000
v 318.0000 351.0000 -318.0000
v -0.0000 0.0000 0.1608
v 435.0000 380.0000 -116.0000
v -0.0000 1.0039 0.0000
v 435.0000 351.0000 -116.0000
v -0.0000 1.0039 0.1608
v 435.0000 380.0000 116.0000
v 435.0000 351.0000 116.0000
v -0.0000 0.0000 0.1608
v 318.0000 380.0000 318.0000
v 318.0000 351.0000 318.0000
v -0.0000 0.0000 0.1608
v 116.0000 380.0000 435.0000
v 116.0000 380.0000 435.0000
v -116.0000 380.0000 435.0000
v -116.0000 351.0000 435.0000
v -0.0000 0.0000 0.1608
v -318.0000 380.0000 318.0000
v -318.0000 351.0000 318.0000
v -0.0000 0.0000 0.1608
v -435.0000 351.0000 117.0000
v -0.0000 1.0039 0.1608
v -435.0000 351.0000 117.0000
v -0.0000 1.0039 0.1608
v -435.0000 351.0000 117.0000
v -0.0000 0.8235 0.0000
v -435.0000 351.0000 117.0000
v -0.0000 0.8235 0.0000
v -435.0000 380.0000 117.0000
v -0.0000 0.8235 0.1608
v -415.0000 351.0000 150.0000
v 0.0000 1.0039 0.0000
v -435.0000 380.0000 -117.0000
v -435.0000 351.0000 -117.0000
v -0.0000 0.0000 0.1608
v -435.0000 -109.0000 117.0000
v -0.0000 1.0039 0.1608
v -435.0000 -109.0000 117.0000
v -0.0000 1.0039 0.1608
v 116.0000 -109.0000 435.0000
v -0.0000 0.0000 0.1608
v 116.0000 -80.0000 435.0000
v 116.0000 -80.0000 435.0000
v 116.0000 -109.0000 435.0000
v -0.0000 0.0000 0.1608
v 116.0000 -109.0000 435.0000
v -0.0000 0.0000 0.1608
v -318.1980 -80.0000 -318.1980
v -318.0000 -109.0000 -318.0000
v -0.0000 0.0000 0.1608
v -117.0000 -80.0000 -436.0000
v -117.0000 -109.0000 -436.0000
v -0.0000 0.0000 0.1608
v 116.0000 -80.0000 -435.0000
v 116.0000 -109.0000 -435.0000
v -0.0000 0.0000 0.1608
v 318.0000 -80.0000 -318.0000
v 318.0000 -109.0000 -318.0000
v -0.0000 0.0000 0.1608
v 435.0000 -80.0000 -116.0000
v -0.0000 1.0039 0.0000
v 435.0000 -109.0000 -116.0000
v -0.0000 1.0039 0.1608
v 435.0000 -80.0000 116.0000
v 435.0000 -109.0000 116.0000
v -0.0000 0.0000 0.1608
v 318.0000 -80.0000 318.0000
v 318.0000 -109.0000 318.0000
v -0.0000 0.0000 0.1608
v 116.0000 -80.0000 435.0000
v 116.0000 -80.0000 435.0000
v -116.0000 -80.0000 435.0000
v -116.0000 -109.0000 435.0000
v -0.0000 0.0000 0.1608
v -318.0000 -80.0000 318.0000
v -318.0000 -109.0000 318.0000
v -0.0000 0.0000 0.1608
v -435.0000 -109.0000 117.0000
v -0.0000 1.0039 0.1608
v -435.0000 -109.0000 117.0000
v -0.0000 1.0039 0.1608
v -435.0000 -109.0000 117.0000
v -0.0000 0.8235 0.0000
v -435.0000 -109.0000 117.0000
v -0.0000 0.8235 0.0000
v -435.0000 -80.0000 117.0000
v -0.0000 0.8235 0.1608
v -415.0000 -109.0000 150.0000
v 0.0000 1.0039 0.0000
v -435.0000 -80.0000 -117.0000
v -435.0000 -109.0000 -117.0000
v -0.0000 0.0000 0.1608
v -435.0000 121.0000 117.0000
v -0.0000 1.0039 0.1608
v -435.0000 121.0000 117.0000
v -0.0000 1.0039 0.1608
v 116.0000 121.0000 435.0000
v -0.0000 0.0000 0.1608
v 116.0000 150.0000 435.0000
v 116.0000 150.0000 435.0000
v 116.0000 121.0000 435.0000
v -0.0000 0.0000 0.1608
v 116.0000 121.0000 435.0000
v -0.0000 0.0000 0.1608
v -318.1980 150.0000 -318.1980
v -318.0000 121.0000 -318.0000
v -0.0000 0.0000 0.1608
v -117.0000 150.0000 -436.0000
v -117.0000 121.0000 -436.0000
v -0.0000 0.0000 0.1608
v 116.0000 150.0000 -435.0000
v 116.0000 121.0000 -435.0000
v -0.0000 0.0000 0.1608
v 318.0000 150.0000 -318.0000
v 318.0000 121.0000 -318.0000
v -0.0000 0.0000 0.1608
v 435.0000 150.0000 -116.0000
v -0.0000 1.0039 0.0000
v 435.0000 121.0000 -116.0000
v -0.0000 1.0039 0.1608
v 435.0000 150.0000 116.0000
v 435.0000 121.0000 116.0000
v -0.0000 0.0000 0.1608
v 318.0000 150.0000 318.0000
v 318.0000 121.0000 318.0000
v -0.0000 0.0000 0.1608
v 116.0000 150.0000 435.0000
v 116.0000 150.0000 435.0000
v -116.0000 150.0000 435.0000
v -116.0000 121.0000 435.0000
v -0.0000 0.0000 0.1608
v -318.0000 150.0000 318.0000
v -318.0000 121.0000 318.0000
v -0.0000 0.0000 0.1608
v -435.0000 121.0000 117.0000
v -0.0000 1.0039 0.1608
v -435.0000 121.0000 117.0000
v -0.0000 1.0039 0.1608
v -435.0000 121.0000 117.0000
v -0.0000 0.8235 0.0000
v -435.0000 121.0000 117.0000
v -0.0000 0.8235 0.0000
v -435.0000 150.0000 117.0000
v -0.0000 0.8235 0.1608
v -415.0000 121.0000 150.0000
v 0.0000 1.0039 0.0000
v -435.0000 150.0000 -117.0000
v -435.0000 121.0000 -117.0000
v -0.0000 0.0000 0.1608
v 0.0000 60.0000 -0.5000
v 615.5365 0.0000 0.0000
v 1.0000 1.0000 1.0000
v 0.0000 0.0000 60.0000
v 0.0000 614.7114 0.0000
v 0.0000 1.0000 1.0000
v 1.0000 0.0000 0.0000
v 1.0000 0.0000 0.0000
v 59.6501 0.0000 676.1826
v 0.0000 0.0000 1.0000
v 1.0000 1.0000 0.0000
v -7.0275 0.0000 0.0000
v 60.5000 0.0000 631.1300
v 0.0000 0.0000 1.0000
v 1.0000 1.0000 0.0000
v 0.0000 1.0000 0.0000
v 0.0000 -0.0000 60.5000
v 0.0000 622.9338 0.0000
v 0.0000 1.0000 1.0000
v 1.0000 0.0000 0.0000
v 1.0000 0.0000 0.0000
v 0.0024 200.0000 1096.1812
v 4546.5396 0.0000 0.0000
v 1.0000 1.0000 1.0000
v 1.0000 0.0000 0.0000
v 0.0000 -0.0000 26.2500
v -55.2292 154.9340 0.0000
v 0.0000 1.0000 1.0000
v 1.0000 0.0000 0.0000
v 19.7500 -54.6239 158.6602
v 0.0000 0.0000 1.0000
v 1.0000 1.0000 0.0000
v 0.0000 1.0000 0.0000
v 0.0000 0.0000 15.8750
v -54.3813 153.4387 0.0000
v 0.0000 1.0000 1.0000
v 1.0000 0.0000 0.0000
v 1.0000 0.0000 0.0000
v 0.0000 19.7500 -54.4947
v 160.3621 0.0000 0.0000
v 1.0000 1.0000 1.0000
v 0.0000 0.0000 18.0000
v 136.0000 152.6434 0.0000
v 0.0000 1.0000 1.0000
v 1.0000 0.0000 0.0000
v 0.0000 0.0000 31.5000
v 133.0000 141.3745 0.0000
v 0.0000 1.0000 1.0000
v 1.0000 0.0000 0.0000
v 0.2471 -330.9999 -519.0000
v 331.9999 0.0000 0.1412
v 0.1373 0.0001 -519.0000
v 460.9999 0.0000 0.5020
v 0.4980 -460.9999 -519.0000
v 0.9999 0.0000 0.0000
v 0.7490 -331.9999 -519.0000
v -338.0000 0.0000 0.1412
v 0.8667 0.0001 -519.0000
v -459.0000 0.0000 0.5020
v 0.7490 331.0000 -519.0000
v -330.0000 0.0000 0.8627
v 0.4980 461.0000 -519.0000
v 0.9999 0.0000 1.0039
v 0.2471 332.0000 -519.0000
v 339.9999 0.0000 0.8627
v 0.8549 279.0000 -510.0000
v -114.6502 0.0000 0.8039
v 0.6235 396.0000 -519.0000
v -164.5001 0.0000 0.9333
v 0.6784 279.0000 -510.0000
v 116.6498 0.0000 0.8039
v 0.3725 396.5000 -519.0000
v 170.4999 0.0000 0.9333
v 0.3137 115.6500 -510.0000
v 279.9999 0.0000 0.6275
v 0.1922 166.0000 -519.0000
v 400.4999 0.0000 0.6824
v 0.0627 -115.6498 -510.0000
v 279.9999 0.0000 0.3765
v 0.1922 -165.4999 -519.0000
v 396.4999 0.0000 0.3216
v 0.0667 -278.9999 -510.0000
v 116.6498 0.0000 0.2000
v 0.3725 -395.9999 -519.0000
v 166.4999 0.0000 0.0706
v 0.3176 -278.9999 -510.0000
v -114.6500 0.0000 0.2000
v 0.6235 -396.4999 -519.0000
v -168.5001 0.0000 0.0706
v 0.6824 -115.6498 -510.0000
v -278.4500 0.0000 0.3765
v 0.8039 -165.9999 -519.0000
v -398.5000 0.0000 0.3216
v 0.9333 115.6500 -510.0000
v -278.4500 0.0000 0.6275
v 0.8039 165.5000 -519.0000
v -394.5000 0.0000 0.6824
v 0.9294 0.0000 0.0000
v 0.0001 -514.5000 0.9999
v 651.2457 0.0000 0.0000
v 1.0000 1.0000 1.0000
v -9.5000 1.0000 626.4018
v 0.0000 0.0000 2660.0000
v 0.0000 1770.0000 0.0000
v 0.0000 0.0000 1.0000
v 1.0000 1.0000 0.0000
v 0.0000 0.0000 300.0000
v 300.0000 360.0000 -300.0000
v 0.0000 -280.0000 -600.0000
v -212.1320 360.0000 -512.1320
v -212.1320 -280.0000 -87.8680
v 0.0000 360.0000 -0.0000
v 0.0000 40.0000 -300.0000
v 438.6342 0.0000 0.0000
v 1.0000 1.0000 1.0000
v 0.0000 299.0210 -279.9837
v 1.0000 299.0210 359.9837
v -3.0118 211.4398 -279.9837
v 1.0000 211.4398 359.9837
v -3.0118 0.0000 -279.9837
v 1.0000 0.0000 359.9837
v -3.0118 -211.4398 -279.9837
v 1.0000 -211.4398 359.9837
v -3.0118 -299.0210 -279.9837
v 1.0000 -299.0210 359.9837
v -3.0118 -211.4398 -279.9837
v 1.0000 -211.4398 359.9837
v -3.0118 0.0000 -279.9837
v 1.0000 0.0000 359.9837
v -3.0118 211.4398 -279.9837
v 1.0000 211.4398 359.9837
v -3.0118 0.0000 -279.9837
v 1.0000 0.0000 -279.9837
v 1.0000 0.0000 359.9837
v -3.0118 299.0210 -279.9837
v 1.0000 299.0210 359.9837
v -3.0118 299.0210 359.9837
v -3.0118 0.0000 -279.9837
v 1.0000 0.0000 -279.9837
v 1.0000 0.0000 359.9837
v -3.0118 -299.0210 -279.9837
v 1.0000 -299.0210 359.9837
v -3.0118 0.0000 0.0000
v 0.0000 0.0000 40.0000
v 2071.0000 0.0000 0.0000
v 0.0000 1.0000 1.0000
v 1.0000 0.0000 0.0000
v 0.2471 -330.9999 -519.0000
v 331.9999 0.0000 0.1412
v 0.1373 0.0001 -519.0000
v 460.9999 0.0000 0.5020
v 0.4980 -460.9999 -519.0000
v 0.9999 0.0000 0.0000
v 0.7490 -331.9999 -519.0000
v -338.0000 0.0000 0.1412
v 0.8667 0.0001 -519.0000
v -459.0000 0.0000 0.5020
v 0.7490 331.0000 -519.0000
v -330.0000 0.0000 0.8627
v 0.4980 461.0000 -519.0000
v 0.9999 0.0000 1.0039
v 0.2471 332.0000 -519.0000
v 339.9999 0.0000 0.8627
v 0.8549 279.0000 -510.0000
v -114.6502 0.0000 0.8039
v 0.6235 396.0000 -519.0000
v -164.5001 0.0000 0.9333
v 0.6784 279.0000 -510.0000
v 116.6498 0.0000 0.8039
v 0.3725 396.5000 -519.0000
v 170.4999 0.0000 0.9333
v 0.3137 115.6500 -510.0000
v 279.9999 0.0000 0.6275
v 0.1922 166.0000 -519.0000
v 400.4999 0.0000 0.6824
v 0.0627 -115.6498 -510.0000
v 279.9999 0.0000 0.3765
v 0.1922 -165.4999 -519.0000
v 396.4999 0.0000 0.3216
v 0.0667 -278.9999 -510.0000
v 116.6498 0.0000 0.2000
v 0.3725 -395.9999 -519.0000
v 166.4999 0.0000 0.0706
v 0.3176 -278.9999 -510.0000
v -114.6500 0.0000 0.2000
v 0.6235 -396.4999 -519.0000
v -168.5001 0.0000 0.0706
v 0.6824 -115.6498 -510.0000
v -278.4500 0.0000 0.3765
v 0.8039 -165.9999 -519.0000
v -398.5000 0.0000 0.3216
v 0.9333 115.6500 -510.0000
v -278.4500 0.0000 0.6275
v 0.8039 165.5000 -519.0000
v -394.5000 0.0000 0.6824
v 0.9294 0.0000 0.0000
v 0.0001 -514.5000 0.9999
v 651.2457 0.0000 0.0000
v 1.0000 1.0000 1.0000
v -9.5000 1.0000 626.4018
v 0.0000 0.0000 -2660.0000
v 0.0000 1770.0000 0.0000
v 0.0000 0.0000 1.0000
v 1.0000 1.0000 0.0000
v 0.0000 0.0000 300.0000
v 300.0000 360.0000 -300.0000
v 0.0000 -280.0000 -600.0000
v -212.1320 360.0000 -512.1320
v -212.1320 -280.0000 -87.8680
v 0.0000 360.0000 -0.0000
v 0.0000 40.0000 -300.0000
v 438.6342 0.0000 0.0000
v 1.0000 1.0000 1.0000
v 0.0000 299.0210 -279.9837
v 1.0000 299.0210 359.9837
v -3.0118 211.4398 -279.9837
v 1.0000 211.4398 359.9837
v -3.0118 0.0000 -279.9837
v 1.0000 0.0000 359.9837
v -3.0118 -211.4398 -279.9837
v 1.0000 -211.4398 359.9837
v -3.0118 -299.0210 -279.9837
v 1.0000 -299.0210 359.9837
v -3.0118 -211.4398 -279.9837
v 1.0000 -211.4398 359.9837
v -3.0118 0.0000 -279.9837
v 1.0000 0.0000 359.9837
v -3.0118 211.4398 -279.9837
v 1.0000 211.4398 359.9837
v -3.0118 0.0000 -279.9837
v 1.0000 0.0000 -279.9837
v 1.0000 0.0000 359.9837
v -3.0118 299.0210 -279.9837
v 1.0000 299.0210 359.9837
v -3.0118 299.0210 359.9837
v -3.0118 0.0000 -279.9837
v 1.0000 0.0000 -279.9837
v 1.0000 0.0000 359.9837
v -3.0118 -299.0210 -279.9837
v 1.0000 -299.0210 359.9837
v -3.0118 0.0000 0.0000
v 0.0000 0.0000 40.0000
v 2071.0000 0.0000 0.0000
v 0.0000 1.0000 1.0000
v 1.0000 0.0000 0.0000
v 0.0000 -34.2001 27.0000
v 171.7999 0.0000 8.0314
v 0.5882 -34.2001 32.5000
v 174.3999 0.0000 8.0314
v 0.5765 -34.2001 35.5000
v 182.2001 0.0000 8.0314
v 0.0000 -82.5000 27.0000
v 152.4000 0.0000 4.8824
v 1.0000 -102.5000 27.0000
v 132.4000 0.0000 3.1725
v 1.0000 -89.9000 35.5000
v 159.9000 0.0000 4.7922
v 0.0000 -124.7000 32.5000
v 83.7000 0.0000 0.0000
v 0.5882 -109.9000 35.5000
v 139.9000 0.0000 3.2667
v 0.0000 -122.1000 27.0000
v 83.7000 0.0000 0.0000
v 1.0000 -132.4000 35.5000
v 83.7000 0.0000 0.0000
v 0.0000 -123.5750 32.5000
v 86.4500 0.0000 0.1765
v 0.5725 -131.1500 35.5000
v 86.8250 0.0000 0.1804
v 0.0000 -121.0312 27.0000
v 86.3438 0.0000 0.1725
v 1.0000 -36.9501 32.5000
v 173.2749 0.0000 7.8549
v 0.5765 -37.3251 35.5000
v 180.9501 0.0000 7.8510
v 0.0000 -36.8438 27.0000
v 170.7312 0.0000 7.8588
v 1.0000 -122.7500 28.4000
v 83.7000 0.0000 0.0000
v 0.8902 -121.6671 28.4000
v 86.3703 0.0000 0.1725
v 0.8902 -129.1813 34.7500
v 86.7313 0.0000 0.1804
v 0.1451 -130.4000 34.7500
v 83.7000 0.0000 0.0000
v 0.1451 -102.9250 28.4000
v 132.8250 0.0000 3.1804
v 0.8941 -108.4000 34.7500
v 138.4000 0.0000 3.2510
v 0.1490 -88.4000 34.7500
v 158.4000 0.0000 4.8118
v 0.1490 -82.9250 28.4000
v 152.8250 0.0000 4.8784
v 0.8941 -36.8704 28.4000
v 171.3672 0.0000 7.8588
v 0.8902 -34.2001 28.4000
v 172.4500 0.0000 8.0314
v 0.8941 -37.2313 34.7500
v 178.9813 0.0000 7.8510
v 0.1451 -34.2001 34.7500
v 180.2001 0.0000 8.0314
v 0.1451 34.2001 27.0000
v 171.7999 0.0000 8.0314
v 0.5882 34.2001 32.5000
v 174.3999 0.0000 8.0314
v 0.5765 34.2001 35.5000
v 182.2001 0.0000 8.0314
v 0.0000 82.5000 27.0000
v 152.4000 0.0000 4.8824
v 1.0000 102.5000 27.0000
v 132.4000 0.0000 3.1725
v 1.0000 89.9000 35.5000
v 159.9000 0.0000 4.7922
v 0.0000 124.7000 32.5000
v 83.7000 0.0000 0.0000
v 0.5882 109.9000 35.5000
v 139.9000 0.0000 3.2667
v 0.0000 122.1000 27.0000
v 83.7000 0.0000 0.0000
v 1.0000 132.4000 35.5000
v 83.7000 0.0000 0.0000
v 0.0000 123.5750 32.5000
v 86.4500 0.0000 0.1765
v 0.5725 131.1500 35.5000
v 86.8250 0.0000 0.1804
v 0.0000 121.0312 27.0000
v 86.3438 0.0000 0.1725
v 1.0000 36.9501 32.5000
v 173.2749 0.0000 7.8549
v 0.5765 37.3251 35.5000
v 180.9501 0.0000 7.8510
v 0.0000 36.8438 27.0000
v 170.7312 0.0000 7.8588
v 1.0000 122.7500 28.4000
v 83.7000 0.0000 0.0000
v 0.8902 121.6671 28.4000
v 86.3703 0.0000 0.1725
v 0.8902 129.1813 34.7500
v 86.7313 0.0000 0.1804
v 0.1451 130.4000 34.7500
v 83.7000 0.0000 0.0000
v 0.1451 102.9250 28.4000
v 132.8250 0.0000 3.1804
v 0.8941 108.4000 34.7500
v 138.4000 0.0000 3.2510
v 0.1490 88.4000 34.7500
v 158.4000 0.0000 4.8118
v 0.1490 82.9250 28.4000
v 152.8250 0.0000 4.8784
v 0.8941 36.8704 28.4000
v 171.3672 0.0000 7.8588
v 0.8902 34.2001 28.4000
v 172.4500 0.0000 8.0314
v 0.8941 37.2313 34.7500
v 178.9813 0.0000 7.8510
v 0.1451 34.2001 34.7500
v 180.2001 0.0000 8.0314
v 0.1451 0.0000 0.0000
v 31.2500 132.9501 141.2634
v 0.0000 0.0000 1.0000
v 1.0000 1.0000 0.0000
v 0.0000 0.0000 -34.2001
v 27.0000 171.8999 0.0000
v 4.8588 0.5882 -34.2001
v 32.4000 174.5000 0.0000
v 8.0314 0.5765 -34.2001
v 35.4000 182.1001 0.0000
v 8.0314 0.0000 -82.6000
v 27.0000 152.5000 0.0000
v 4.8824 1.0000 -102.6000
v 27.0000 132.6000 0.0000
v 3.1725 1.0000 -89.8000
v 35.4000 159.8000 0.0000
v 4.7922 0.0000 -124.8000
v 32.4000 83.7000 0.0000
v 3.1961 0.5882 -109.8000
v 35.4000 139.8000 0.0000
v 3.2667 0.0000 -122.2000
v 27.0000 83.7000 0.0000
v 0.0000 1.0000 -132.3000
v 35.4000 83.7000 0.0000
v 0.0000 0.0000 -123.6750
v 32.4000 86.4500 0.0000
v 0.1765 0.5725 -131.0500
v 35.4000 86.8250 0.0000
v 0.1804 0.0000 -121.1312
v 27.0000 86.3438 0.0000
v 0.1725 1.0000 -36.9501
v 32.4000 173.3750 0.0000
v 7.8549 0.5765 -37.3251
v 35.4000 180.8501 0.0000
v 7.8510 0.0000 -36.8438
v 27.0000 170.8312 0.0000
v 7.8588 1.0000 -122.8500
v 28.4000 83.7000 0.0000
v 0.0000 0.8902 -121.7671
v 28.4000 86.3703 0.0000
v 0.1725 0.8902 -129.0813
v 34.6500 86.7313 0.0000
v 0.1804 0.1451 -130.3000
v 34.6500 83.7000 0.0000
v 0.0000 0.1451 -103.0250
v 28.4000 133.0250 0.0000
v 3.1804 0.8941 -108.3000
v 34.6500 138.3000 0.0000
v 3.2510 0.1490 -88.3000
v 34.6500 158.3000 0.0000
v 4.8118 0.1490 -83.0250
v 28.4000 152.9250 0.0000
v 4.8784 0.8941 -36.8704
v 28.4000 171.4671 0.0000
v 7.8588 0.8902 -34.2001
v 28.4000 172.5500 0.0000
v 8.0314 0.8941 -37.2313
v 34.6500 178.8813 0.0000
v 7.8510 0.1451 -34.2001
v 34.6500 180.1001 0.0000
v 8.0314 0.1451 34.2001
v 27.0000 171.8999 0.0000
v 4.8588 0.5882 34.2001
v 32.4000 174.5000 0.0000
v 8.0314 0.5765 34.2001
v 35.4000 182.1001 0.0000
v 8.0314 0.0000 82.6000
v 27.0000 152.5000 0.0000
v 4.8824 1.0000 102.6000
v 27.0000 132.6000 0.0000
v 3.1725 1.0000 89.8000
v 35.4000 159.8000 0.0000
v 4.7922 0.0000 124.8000
v 32.4000 83.7000 0.0000
v 3.1961 0.5882 109.8000
v 35.4000 139.8000 0.0000
v 3.2667 0.0000 122.2000
v 27.0000 83.7000 0.0000
v 0.0000 1.0000 132.3000
v 35.4000 83.7000 0.0000
v 0.0000 0.0000 123.6750
v 32.4000 86.4500 0.0000
v 0.1765 0.5725 131.0500
v 35.4000 86.8250 0.0000
v 0.1804 0.0000 121.1312
v 27.0000 86.3438 0.0000
v 0.1725 1.0000 36.9501
v 32.4000 173.3750 0.0000
v 7.8549 0.5765 37.3251
v 35.4000 180.8501 0.0000
v 7.8510 0.0000 36.8438
v 27.0000 170.8312 0.0000
v 7.8588 1.0000 122.8500
v 28.4000 83.7000 0.0000
v 0.0000 0.8902 121.7671
v 28.4000 86.3703 0.0000
v 0.1725 0.8902 129.0813
v 34.6500 86.7313 0.0000
v 0.1804 0.1451 130.3000
v 34.6500 83.7000 0.0000
v 0.0000 0.1451 103.0250
v 28.4000 133.0250 0.0000
v 3.1804 0.8941 108.3000
v 34.6500 138.3000 0.0000
v 3.2510 0.1490 88.3000
v 34.6500 158.3000 0.0000
v 4.8118 0.1490 83.0250
v 28.4000 152.9250 0.0000
v 4.8784 0.8941 36.8704
v 28.4000 171.4671 0.0000
v 7.8588 0.8902 34.2001
v 28.4000 172.5500 0.0000
v 8.0314 0.8941 37.2313
v 34.6500 178.8813 0.0000
v 7.8510 0.1451 34.2001
v 34.6500 180.1001 0.0000
v 8.0314 0.1451 0.0000
v 0.0000 31.2000 132.9001
v 141.1522 0.0000 0.0000
v 1.0000 1.0000 1.0000
v 0.0000 20.5000 137.5001
v 151.3827 0.0000 0.0000
v 1.0000 1.0000 1.0000
v 1.0000 0.0000 0.0000
v 0.0024 -219.7066 1223.6344
v 4261.7026 0.0000 0.0000
v 1.0000 1.0000 1.0000
v 0.0000 -35.0000 1879.2384
v 2796.7607 0.0000 0.0000
v 1.0000 1.0000 1.0000
v 58.6000 0.0000 583.9758
v 0.0000 0.0000 1.0000
v 1.0000 1.0000 0.0000
v 40.0000 26.0000 239.0000
v 0.0000 4.0157 1.0000
v 19.0000 26.0000 205.0000
v 0.0000 0.0000 1.0000
v -21.0000 26.0000 205.0000
v 0.0000 4.0157 1.0000
v -15.0000 41.9040 213.0192
v -0.0000 3.5137 0.0000
v -40.0000 26.0000 239.0000
v 0.0000 0.0000 1.0000
v -20.0000 26.0000 273.0000
v 0.0000 4.0157 1.0000
v 20.0000 26.0000 273.0000
v 0.0000 0.0000 1.0000
v 0.0000 42.0000 265.0000
v -0.0000 1.9765 0.0000
v -7.5000 41.9040 264.9808
v -0.0000 2.7451 0.0000
v 0.0000 26.0000 273.0000
v 0.0000 2.0078 1.0000
v -10.0000 26.0000 273.0000
v 0.0000 3.0118 1.0000
v 10.0000 26.0000 273.0000
v 0.0000 1.0039 1.0000
v 30.0000 26.0000 256.0000
v 0.0000 2.0078 1.0000
v 35.0000 26.0000 247.5000
v 0.0000 3.0118 1.0000
v 25.0000 26.0000 264.5000
v 0.0000 1.0039 1.0000
v 22.5000 41.9040 251.9904
v -0.0000 1.9765 0.0000
v 29.5000 26.0000 222.0000
v 0.0000 2.0078 1.0000
v 34.7500 26.0000 230.5000
v 0.0000 3.0118 1.0000
v 24.2500 26.0000 213.5000
v 0.0000 1.0039 1.0000
v 22.5000 41.9040 226.0096
v -0.0000 1.9765 0.0000
v -7.5000 41.9040 213.0192
v -0.0000 2.7451 0.0000
v 0.0000 26.0000 205.0000
v 0.0000 2.0078 1.0000
v -11.0000 26.0000 205.0000
v 0.0000 3.0118 1.0000
v 9.0000 26.0000 205.0000
v 0.0000 1.0039 1.0000
v -30.5000 26.0000 222.0000
v 0.0000 2.0078 1.0000
v -25.7500 26.0000 213.5000
v 0.0000 3.0118 1.0000
v -35.2500 26.0000 230.5000
v 0.0000 1.0039 1.0000
v -30.0000 26.0000 256.0000
v 0.0000 2.0078 1.0000
v -35.0000 26.0000 247.5000
v 0.0000 1.0039 1.0000
v -25.0000 26.0000 264.5000
v 0.0000 3.0118 1.0000
v 34.0000 239.0000 52.4976
v 0.0000 0.0000 1.0000
v 1.0000 1.0000 0.0000
v 0.0000 15.0238 16.6584
v 0.0000 13.9061 16.6225
v 0.0000 14.7198 16.2562
v 0.0000 15.2652 15.2447
v 0.2980 13.5790 15.2296
v 0.2980 15.6341 15.3107
v 0.1686 14.7941 12.6871
v 0.5020 15.6039 13.5941
v 0.4627 14.1264 12.1507
v 0.6824 14.9289 15.5737
v 0.1686 14.3248 12.8116
v 0.5020 14.5969 15.3107
v 0.1686 15.2158 14.1547
v 0.2980 15.4030 15.1468
v 0.1686 13.8310 12.0636
v 0.6824 15.2272 12.8732
v 0.5020 15.9328 13.5956
v 0.4392 14.3847 14.7521
v 0.3294 13.8599 15.5737
v 0.1686 16.0229 14.2188
v 0.3922 16.3765 14.2209
v 0.3922 14.5236 12.8402
v 0.5020 14.0993 14.7434
v 0.3451 14.7128 14.6561
v 0.3294 13.2965 14.6575
v 0.2863 15.7797 14.7521
v 0.2863 15.4381 12.6655
v 0.5020 15.6626 12.6871
v 0.5020 14.2033 12.8732
v 0.5020 13.8098 14.9090
v 0.3451 14.5874 11.9698
v 0.6824 15.5616 14.2209
v 0.3922 13.9421 12.8402
v 0.5020 13.9216 14.1547
v 0.2980 13.3655 14.7434
v 0.3451 15.2070 13.5968
v 0.4392 13.9942 15.7018
v 0.1686 15.6861 16.0584
v 0.0000 15.4122 16.0496
v 0.0000 15.6217 14.6165
v 0.0627 14.1630 7.7586
v 0.5176 14.9513 15.4764
v 0.0627 14.2888 15.6796
v 0.0627 14.7549 15.6801
v 0.0627 14.8138 16.4658
v 0.0078 14.3846 16.4520
v 0.0078 15.3992 15.1759
v 0.0627 14.3515 16.4853
v 0.0078 14.9511 16.2023
v 0.0078 13.9916 15.1757
v 0.0627 14.1396 6.9151
v 0.0000 15.1085 6.9797
v 0.0039 14.5960 6.9028
v 0.0039 14.3560 6.9742
v 0.0039 14.2322 5.3043
v 0.0471 15.0134 5.0976
v 0.0471 14.1558 5.6849
v 0.0353 14.6092 5.2393
v 0.0471 14.7530 5.9519
v 0.0275 15.1053 5.9694
v 0.0314 14.3652 6.0194
v 0.0275 13.9086 1.1769
v 0.6627 14.9234 0.8226
v 0.7373 14.8269 0.4613
v 0.8157 12.8009 0.2696
v 0.7686 13.8455 0.5838
v 0.7373 13.1411 0.2230
v 0.7686 14.9725 0.3898
v 0.7373 13.7496 0.2744
v 0.7686 14.8494 0.0090
v 0.8118 14.8407 6.9074
v 0.0000 15.8451 6.9951
v 0.0039 15.2347 6.9083
v 0.0039 15.3669 6.9626
v 0.0039 15.4448 5.2560
v 0.0471 15.9026 5.1298
v 0.0471 14.9471 5.6242
v 0.0353 15.0749 5.2259
v 0.0471 15.1235 5.9516
v 0.0275 15.9079 6.0065
v 0.0314 15.5139 5.9812
v 0.0275 15.2589 1.0011
v 0.6627 16.9650 0.7841
v 0.7373 16.9283 0.4137
v 0.7765 14.4135 0.0987
v 0.9490 16.1883 0.4321
v 0.7373 14.2494 0.0846
v 0.7686 16.4873 0.4009
v 0.7373 16.2052 0.1090
v 0.8118 16.4597 0.0060
v 0.8157 15.7262 5.4647
v 0.9961 15.3503 11.0499
v 0.1412 15.3566 12.2888
v 0.0000 14.4129 5.4673
v 0.9961 14.1772 11.4489
v 0.1412 15.3698 10.2669
v 0.2588 15.2273 9.8724
v 0.2588 13.7181 6.4540
v 0.7294 13.7188 5.5030
v 0.9961 13.3837 11.4554
v 0.1412 14.0468 12.2440
v 0.0000 14.2502 5.4988
v 0.9961 13.9591 11.0558
v 0.1412 14.3729 12.2888
v 0.0000 15.7108 5.4727
v 0.9961 15.1661 10.8508
v 0.1412 15.0777 12.2395
v 0.0000 13.5288 10.4658
v 0.2588 16.0705 9.8785
v 0.2588 14.1991 6.5469
v 0.7294 16.4000 5.5185
v 0.9961 15.9528 10.8538
v 0.1412 15.5356 12.2395
v 0.0000 15.6181 6.5071
v 0.7294 16.3445 6.5559
v 0.7294 14.4018 6.4369
v 0.7294 13.9091 10.2802
v 0.2588 14.3757 10.4540
v 0.2588 15.6870 6.5233
v 0.7294 16.5143 7.7673
v 0.5176 15.6486 7.7274
v 0.5176 14.1425 7.6616
v 0.5176 13.2628 7.6972
v 0.5176 15.6728 7.7418
v 0.5176 14.7205 3.9946
v 0.0588 13.8560 4.1284
v 0.0588 13.5640 4.2514
v 0.0549 14.3114 4.0594
v 0.0588 15.7373 4.0053
v 0.0588 15.2299 4.0476
v 0.0588 14.4961 4.1366
v 0.0549 14.8811 4.0213
v 0.0588 13.9248 16.8053
v 0.0000 15.8152 16.2913
v 0.0000 14.7767 12.0636
v 0.6824 15.6941 11.9698
v 0.6824 15.5504 11.9385
v 0.6824 15.5912 15.5396
v 0.0902 14.2259 15.6731
v 0.0627 14.5855 12.2440
v 0.0000 1.1182 16.6288
v 0.0000 -1.1182 16.6288
v 0.0000 -1.0959 16.3015
v 0.0000 1.6630 15.2608
v 0.1922 -1.7094 15.2457
v 0.1922 1.0372 15.2955
v 0.1686 -0.8685 12.6695
v 0.5020 0.0000 13.5579
v 0.4627 0.0000 12.1833
v 0.6824 1.0689 15.5914
v 0.1686 0.0000 12.8338
v 0.5020 -1.0372 15.2955
v 0.1686 1.2942 14.1654
v 0.3922 0.0000 15.1186
v 0.1686 -0.9456 12.0882
v 0.6824 1.0239 12.8782
v 0.5020 0.7235 13.5622
v 0.4392 -1.3950 14.7389
v 0.2471 -1.0689 15.5914
v 0.1686 0.0000 14.1629
v 0.3922 0.8149 14.1674
v 0.3922 0.5815 12.8665
v 0.5020 0.7338 14.7904
v 0.3451 1.4199 14.6924
v 0.3294 -1.4199 14.6924
v 0.3294 1.3950 14.7389
v 0.2471 0.0000 12.6387
v 0.5020 0.8685 12.6695
v 0.5020 -1.0239 12.8782
v 0.5020 0.0000 14.9540
v 0.3451 -1.1067 11.9561
v 0.6824 -0.8149 14.1674
v 0.3922 -0.5815 12.8665
v 0.5020 -1.2942 14.1654
v 0.3922 -0.7338 14.7904
v 0.3451 -0.7235 13.5622
v 0.4392 0.0000 15.7376
v 0.1686 0.2740 16.0952
v 0.0000 -0.2740 16.0952
v 0.0000 0.0000 14.5787
v 0.0627 -1.5302 7.6525
v 0.5176 0.0000 15.4686
v 0.0627 -0.4612 15.6914
v 0.0627 0.4612 15.6914
v 0.0627 0.4294 16.4534
v 0.0078 -0.4294 16.4534
v 0.0078 1.4035 15.1800
v 0.0627 -0.0000 16.4673
v 0.0078 0.0000 16.2137
v 0.0078 -1.4035 15.1800
v 0.0627 -0.4193 6.9332
v 0.0000 -0.4779 6.9205
v 0.0039 -0.3413 6.8963
v 0.0039 -0.8332 6.9299
v 0.0039 -0.8489 5.1903
v 0.0471 -0.3999 5.0790
v 0.0471 -0.3645 5.5880
v 0.0353 0.1378 5.2113
v 0.0471 0.1203 5.9341
v 0.0275 -0.4498 5.9541
v 0.0314 -0.9001 5.9128
v 0.0275 -0.1358 0.9669
v 0.6627 -0.8452 0.7480
v 0.7373 -0.8517 0.3768
v 0.8157 -0.4137 0.0616
v 0.8157 -1.1614 0.3771
v 0.7373 0.2514 0.0808
v 0.7686 -0.2174 0.3848
v 0.7373 -1.2323 0.0512
v 0.7765 -0.2592 -0.0122
v 0.8118 0.8950 6.9255
v 0.0000 0.9329 7.0201
v 0.0039 0.8111 6.9207
v 0.0039 1.2972 7.0164
v 0.0039 1.5483 5.3210
v 0.0471 1.1097 5.1670
v 0.0471 1.0185 5.6403
v 0.0353 0.5679 5.2072
v 0.0471 0.4679 5.9280
v 0.0275 1.0394 6.0409
v 0.0314 1.4994 6.0456
v 0.0275 1.4180 1.0400
v 0.6627 2.3454 0.7972
v 0.7373 2.4106 0.4370
v 0.7686 1.8307 0.1540
v 0.9490 2.6234 0.5563
v 0.7373 1.1679 0.0847
v 0.7686 1.7693 0.3452
v 0.7373 2.7468 0.2500
v 0.7686 1.8728 -0.0336
v 0.7686 1.7159 5.5492
v 0.9961 1.4267 11.0719
v 0.1412 0.9837 12.2874
v 0.0000 0.9367 5.4794
v 0.9961 0.7970 11.4907
v 0.1412 1.5590 10.3082
v 0.2588 -0.8626 9.8104
v 0.2588 -0.3485 6.5092
v 0.7294 -0.2578 5.5233
v 0.9961 -0.8244 11.5025
v 0.1412 -0.5387 12.2679
v 0.0000 -1.0475 5.3964
v 0.9961 -1.4467 11.0475
v 0.1412 -0.9837 12.2874
v 0.0000 -0.2585 5.4123
v 0.9961 -0.8101 10.8068
v 0.1412 -0.4579 12.2180
v 0.0000 -0.8819 10.4999
v 0.2588 0.8814 9.8716
v 0.2588 -1.0905 6.4478
v 0.7294 0.9129 5.5405
v 0.9961 0.7925 10.8331
v 0.1412 0.4579 12.2180
v 0.0000 1.6157 6.5869
v 0.7294 0.8440 6.5736
v 0.7294 0.8927 6.4517
v 0.7294 -1.5558 10.2521
v 0.2588 0.8798 10.4894
v 0.2588 -0.3317 6.4366
v 0.7294 1.0353 7.8058
v 0.5176 1.8868 7.8343
v 0.5176 1.1017 7.6974
v 0.5176 -0.7241 7.7478
v 0.5176 -0.6925 7.6199
v 0.5176 -0.3177 3.9594
v 0.0588 -0.8356 3.9840
v 0.0588 -0.2725 4.1092
v 0.0549 0.2257 4.0120
v 0.0588 1.1834 4.0423
v 0.0588 1.7032 4.1177
v 0.0588 1.1356 4.1503
v 0.0549 0.6472 4.0021
v 0.0588 -0.0000 16.7668
v 0.0000 1.0959 16.3015
v 0.0000 0.9456 12.0882
v 0.6824 1.1067 11.9561
v 0.6824 0.0000 11.9061
v 0.6824 0.0000 15.5025
v 0.0902 0.0000 15.6984
v 0.0627 0.5387 12.2679
v 0.0000 1.4782 15.1954
v 0.8235 2.7354 11.7141
v 0.8235 1.6788 12.7958
v 0.8549 1.7166 15.0225
v 0.8314 1.2809 14.2812
v 0.9961 1.8562 12.2743
v 0.8549 1.9677 14.7046
v 0.6980 2.4274 11.2512
v 0.8627 1.4362 12.9435
v 0.9961 2.1481 12.9970
v 0.6980 1.8776 12.9963
v 0.8549 2.2538 12.4663
v 0.6980 1.1001 14.4717
v 0.8549 1.5095 12.4163
v 0.9961 2.1058 11.5920
v 0.9961 2.3990 11.9232
v 0.8549 2.6454 11.8483
v 0.6980 2.3495 11.4870
v 0.8549 2.3553 12.1072
v 0.8549 2.0604 11.8174
v 0.9961 2.8593 12.0146
v 0.6980 1.7340 11.9675
v 0.9961 2.2929 11.5498
v 0.8549 2.3031 12.5840
v 0.8549 -0.6038 17.7293
v 0.7647 -0.6006 18.5268
v 0.1176 0.6037 17.7293
v 0.7647 0.6005 18.5268
v 0.1176 -0.0008 17.4133
v 0.9843 -0.7877 18.1838
v 0.4824 -0.0000 18.7738
v 0.0118 0.7876 18.1838
v 0.4824 0.0344 18.1967
v 0.4824 0.7005 17.3956
v 0.9686 0.6423 16.0755
v -0.9725 0.7961 17.1890
v 0.9686 0.8004 16.0849
v -0.9725 0.8134 17.2040
v 0.9686 0.7067 15.9314
v -0.9725 0.8106 17.0260
v 0.9686 0.8193 15.9474
v -0.9725 -0.8134 17.2040
v 0.9686 -0.7067 15.9314
v -0.9725 -0.7617 17.0209
v 0.9686 -0.8193 15.9474
v -0.9725 -0.6513 17.3955
v 0.9686 -0.6208 16.0755
v -0.9725 -0.7961 17.1890
v 0.9686 -0.8004 16.0849
v -0.9725 0.7542 18.0016
v 0.8784 0.5552 18.2553
v 0.9804 -0.0000 17.0848
v 0.9804 0.7813 18.8218
v 0.9686 -0.0000 17.4212
v 0.9686 -0.6002 17.6500
v 0.9686 -0.0019 17.3415
v 0.9686 0.6894 17.8588
v 0.9686 0.6977 16.6818
v 0.7059 0.5817 18.4584
v 0.9686 1.0149 18.3997
v 0.9686 0.0187 17.5918
v 0.7059 -0.7543 18.0015
v 0.8784 -0.5552 18.2553
v 0.9804 -0.6253 17.4374
v 0.7059 -0.7813 18.8218
v 0.9686 -0.0000 16.4126
v 0.7059 0.6002 17.6500
v 0.9686 -0.0000 18.6500
v 0.9686 -0.6894 17.8588
v 0.9686 -0.6977 16.6818
v 0.7059 0.7584 18.0802
v 0.9686 -0.8359 17.1003
v 0.7059 -1.0150 18.3996
v 0.9686 -0.0000 19.1057
v 0.9686 -0.0020 18.1538
v 0.8784 -0.0000 18.4159
v 0.9804 0.5736 17.3678
v 0.9804 -0.5736 17.3678
v 0.9804 0.6582 17.4339
v 0.7059 0.8102 17.8477
v 0.9804 -0.8103 17.8477
v 0.9804 -0.5818 18.4584
v 0.9686 -0.7584 18.0801
v 0.9686 0.8708 17.0979
v 0.7059 0.6898 16.9929
v 0.3333 0.7051 16.6259
v 0.6353 0.7118 16.7004
v 0.0314 -0.1324 15.9324
v 0.9451 0.0155 16.2950
v 0.7765 -0.0965 16.7856
v 0.4275 0.1618 15.9316
v 0.9294 -0.6636 16.9499
v 0.3961 -0.1359 16.0888
v 0.8980 0.6582 17.4528
v 0.0431 0.1297 16.7850
v 0.4196 -0.2803 16.2918
v 0.7843 0.0162 16.5835
v 0.6039 0.0083 16.1733
v 0.9922 0.2360 16.3950
v 0.0353 0.0159 16.4949
v 0.6627 0.0170 16.9883
v 0.3333 -0.4743 16.1515
v 0.8667 -0.2196 16.3971
v 0.6078 -0.2789 16.2672
v 0.6784 0.0153 16.2166
v 0.8196 -0.5089 16.7492
v 0.0039 -0.6560 16.9962
v 0.3333 0.1243 16.9745
v 0.3176 0.5007 16.1488
v 0.8824 0.6828 16.6434
v 0.5059 0.0187 17.6108
v 0.0039 0.8199 17.1566
v 0.3373 0.0146 15.9480
v 0.9294 -0.6519 16.6468
v 0.5098 0.0177 17.3330
v 0.1137 0.5337 16.7458
v 0.0039 0.0167 16.8014
v 0.5020 0.0150 16.0747
v 0.9020 0.6997 16.9313
v 0.4118 -0.6793 16.6301
v 0.6353 -0.6827 16.7042
v 0.4902 -0.0904 16.9750
v 0.3216 -0.1653 16.5475
v 0.6471 0.1974 16.5466
v 0.6471 0.1659 16.0881
v 0.8980 0.3112 16.2903
v 0.7843 -0.7871 17.1607
v 0.3529 0.0157 16.3991
v 0.7216 0.0146 15.8954
v 0.9294 0.0122 16.6963
v 0.0039 0.2962 16.2648
v 0.6471 -0.6761 16.9361
v 0.4118 -0.6253 17.4563
v 0.0549 0.6921 16.9460
v 0.0039 2.1913 11.3737
v 0.9294 2.6304 11.4384
v 0.7294 3.0642 11.5782
v 0.7255 1.9285 11.6086
v 0.9255 2.3187 11.3219
v 0.9608 2.7131 11.7010
v 0.8784 2.2836 11.5235
v 0.9176 2.3068 11.8309
v 0.9216 2.4070 11.9961
v 0.8824 2.7339 12.0203
v 0.8549 2.1768 11.1654
v 0.9412 3.1236 11.2285
v 0.7294 2.5677 11.1063
v 0.8784 -2.1626 10.5136
v 0.9255 -2.6329 10.5786
v 0.9176 -3.0377 10.7718
v 0.9137 -1.8975 10.7056
v 0.9255 -2.2127 10.2653
v 0.7294 -2.6554 10.8840
v 0.8863 -2.2515 10.6604
v 0.7255 -2.2687 10.9466
v 0.9216 -2.3365 11.1374
v 0.8863 -2.6632 11.1876
v 0.8471 -2.1110 10.2979
v 0.9569 -3.1185 10.4391
v 0.9137 -2.5618 10.2812
v 0.7255 -1.4963 15.1899
v 0.8235 -2.6965 10.7060
v 0.6980 -1.6699 12.9563
v 0.8549 -1.6388 14.9694
v 0.8314 -1.2214 14.2380
v 0.9961 -1.8356 12.3366
v 0.8549 -1.9979 14.7052
v 0.6980 -2.4108 10.3471
v 0.8549 -1.3983 12.9914
v 0.9961 -2.1146 13.0679
v 0.6980 -1.7996 12.8778
v 0.8549 -2.2052 12.4263
v 0.6980 -1.1269 14.4717
v 0.8549 -1.4559 12.3508
v 0.9961 -2.0393 10.5471
v 0.9961 -2.3297 10.8381
v 0.8549 -2.5732 11.0436
v 0.6980 -2.2922 10.8285
v 0.8549 -2.2726 11.1867
v 0.8549 -1.9877 10.9729
v 0.9961 -2.7936 11.4258
v 0.6980 -1.6671 11.3041
v 0.9961 -2.2487 11.1928
v 0.8549 -2.2141 11.7404
v 0.8549 15.2682 15.1958
v 0.8235 17.8000 11.0511
v 0.8235 15.3585 12.9279
v 0.8549 16.0628 15.0639
v 0.8314 15.7671 14.3649
v 0.9961 15.6613 12.3364
v 0.8549 15.4126 14.6485
v 0.6980 17.4628 10.6428
v 0.8549 15.5913 13.0605
v 0.9961 15.8470 13.0486
v 0.6980 16.2802 13.0008
v 0.8549 16.1588 12.4496
v 0.6980 15.0608 14.5141
v 0.8549 15.8963 12.4675
v 0.9961 17.6557 10.9231
v 0.9961 17.8489 11.2301
v 0.8627 17.5182 11.3011
v 0.6980 17.1126 11.0494
v 0.8549 17.5964 11.5286
v 0.8549 17.3114 11.3077
v 0.9961 17.2834 11.5817
v 0.6980 16.8831 11.6082
v 0.9961 16.6057 11.3046
v 0.8549 17.4932 12.0730
v 0.8549 13.7782 17.8446
v 0.7647 14.3067 18.5415
v 0.1176 14.6871 17.8613
v 0.7647 15.2108 18.5581
v 0.1176 14.0456 17.5725
v 0.9843 13.8967 18.2480
v 0.4824 14.9462 18.7607
v 0.0118 15.0824 18.2696
v 0.4824 14.4270 18.2900
v 0.4824 15.8456 17.3081
v 0.9686 15.6574 16.0076
v -0.9725 15.6763 17.1501
v 0.9686 15.5704 16.0608
v -0.9725 15.6849 17.1663
v 0.9686 15.4980 15.9053
v -0.9725 15.4591 17.0321
v 0.9686 15.3839 15.9630
v -0.9725 14.4604 17.1439
v 0.9686 14.4342 15.8859
v -0.9725 14.2782 17.0048
v 0.9686 14.1505 15.9404
v -0.9725 14.8281 17.2895
v 0.9686 14.7067 15.9902
v -0.9725 14.4778 17.1281
v 0.9686 14.3655 16.0387
v -0.9725 15.8303 17.9301
v 0.8784 15.3442 18.2504
v 0.9804 14.1761 17.2156
v 0.9804 15.2659 18.8738
v 0.9686 13.8597 17.6180
v 0.9686 13.8176 17.7575
v 0.9686 14.0968 17.4897
v 0.9686 14.5573 18.0319
v 0.9686 15.0668 16.7460
v 0.7059 15.2442 18.4794
v 0.9686 15.1085 18.5192
v 0.9686 15.6039 17.4416
v 0.7059 14.6948 17.9093
v 0.8784 14.5084 18.2351
v 0.9804 14.9032 17.3208
v 0.7059 14.0898 18.8523
v 0.9686 14.3431 16.5054
v 0.7059 14.7212 17.7740
v 0.9686 14.9947 18.6263
v 0.9686 13.5195 18.0130
v 0.9686 14.0165 16.7268
v 0.7059 15.0910 18.1587
v 0.9686 14.3227 17.0635
v 0.7059 13.5805 18.4912
v 0.9686 14.9850 19.0870
v 0.9686 15.5170 18.0213
v 0.8784 15.1462 18.3602
v 0.9804 14.7794 17.4738
v 0.9804 13.9159 17.4581
v 0.9804 15.8688 17.3350
v 0.7059 15.2168 17.9080
v 0.9804 13.9970 17.8856
v 0.9804 14.3685 18.4634
v 0.9686 13.9493 18.1378
v 0.9686 15.6061 17.0849
v 0.7059 15.7623 16.9102
v 0.3333 15.2459 16.6472
v 0.6353 15.3930 16.6937
v 0.0314 15.1249 15.8350
v 0.9451 15.3786 16.1734
v 0.7765 15.2918 16.6662
v 0.4275 15.3463 15.8384
v 0.9294 14.1380 16.9702
v 0.3961 15.1620 15.9845
v 0.8980 15.8539 17.3495
v 0.0431 15.4619 16.6688
v 0.4196 15.0675 16.1839
v 0.7843 15.5259 16.4343
v 0.6039 14.7096 16.1845
v 0.9922 14.5974 16.4679
v 0.0353 15.4265 16.3651
v 0.6627 15.4545 16.8562
v 0.3333 14.6673 16.0913
v 0.8667 14.2549 16.4636
v 0.6078 14.4274 16.2884
v 0.6784 15.3632 16.0976
v 0.8196 14.1328 16.7948
v 0.0039 14.7497 16.8949
v 0.3333 15.4700 16.8570
v 0.3176 15.4007 16.1020
v 0.8824 15.6764 16.5745
v 0.5059 15.5890 17.4561
v 0.0039 15.4942 17.1504
v 0.3373 15.2614 15.8476
v 0.9294 14.6723 16.5595
v 0.5098 15.5596 17.1822
v 0.1137 14.9171 16.8058
v 0.0039 15.4603 16.6669
v 0.5020 15.2969 15.9681
v 0.9020 15.0659 16.9899
v 0.4118 14.2046 16.6323
v 0.6353 14.3440 16.6783
v 0.4902 15.3085 16.8546
v 0.3216 15.2444 16.4247
v 0.6471 15.5173 16.4289
v 0.6471 15.3890 15.9879
v 0.8980 15.5125 16.1906
v 0.7843 14.2852 17.1323
v 0.3529 15.4141 16.2711
v 0.7216 15.1750 15.8121
v 0.9294 14.3290 16.7881
v 0.0039 14.8599 16.2938
v 0.6471 14.0312 16.9757
v 0.4118 14.8883 17.3352
v 0.0549 15.1578 16.9850
v 0.0039 18.7083 10.5820
v 0.9294 17.5652 10.8089
v 0.7294 18.2969 10.9199
v 0.7255 17.9655 10.8647
v 0.9255 17.5695 10.6592
v 0.9608 18.8881 10.9457
v 0.8784 18.3931 10.7735
v 0.9176 17.6550 11.1582
v 0.9216 18.3110 11.2672
v 0.8824 18.3536 11.3214
v 0.8549 18.6371 10.3795
v 0.9412 18.6572 10.5399
v 0.7294 18.8729 10.3375
v 0.8784 16.8335 12.0808
v 0.9255 15.2628 11.8302
v 0.9176 15.5170 12.2123
v 0.9137 16.3370 12.0545
v 0.9255 15.7224 11.5283
v 0.7294 16.4303 12.4769
v 0.8863 16.4088 12.1314
v 0.7255 15.6165 12.1953
v 0.9216 16.1301 12.5528
v 0.8863 15.8374 12.6127
v 0.8471 16.8510 11.8554
v 0.9569 15.8635 12.0021
v 0.9137 16.6554 11.9118
v 0.7255 13.7806 15.0960
v 0.8235 15.3223 12.0130
v 0.6980 13.5702 12.7933
v 0.8549 14.3897 15.0098
v 0.8314 14.4366 14.1927
v 0.9961 13.7459 12.3300
v 0.8549 13.4524 14.7060
v 0.6980 15.2751 11.4997
v 0.8549 14.0191 12.8852
v 0.9961 13.6206 13.1035
v 0.6980 14.3056 13.0496
v 0.8549 13.8710 12.6165
v 0.6980 13.8691 14.3106
v 0.8549 14.2921 12.3940
v 0.9961 15.7377 11.7536
v 0.9098 15.6554 12.1404
v 0.8627 15.0582 12.1405
v 0.6980 14.9845 11.7122
v 0.8549 15.3609 12.3066
v 0.8549 15.3975 11.9464
v 0.9961 14.5832 12.3637
v 0.6980 15.2311 12.0020
v 0.9961 14.5009 11.7614
v 0.8549 15.2117 12.7518
v 0.8549 -13.9828 16.6375
v 0.0000 -15.1011 16.6375
v 0.0000 -15.8960 16.2856
v 0.0000 -13.6756 15.2510
v 0.1922 -15.3617 15.2359
v 0.1922 -14.6710 15.3059
v 0.1686 -15.7038 12.6814
v 0.5020 -15.6572 13.5816
v 0.4627 -14.1624 12.1623
v 0.6824 -13.9373 15.5807
v 0.1686 -14.3675 12.8191
v 0.5020 -15.7082 15.3059
v 0.1686 -13.9818 14.1589
v 0.3922 -15.4751 15.1374
v 0.1686 -14.8116 12.0723
v 0.6824 -14.2465 12.8750
v 0.5020 -15.2604 13.5849
v 0.4392 -15.8471 14.7480
v 0.2471 -15.0063 15.5807
v 0.1686 -16.0837 14.1995
v 0.3922 -15.6224 14.2025
v 0.3922 -13.9850 12.8490
v 0.5020 -13.4292 14.7593
v 0.3451 -13.3593 14.6695
v 0.3294 -14.7791 14.6695
v 0.3294 -14.4521 14.7480
v 0.2471 -15.4791 12.6568
v 0.5020 -14.8353 12.6814
v 0.5020 -15.2705 12.8750
v 0.5020 -13.8792 14.9255
v 0.3451 -15.7278 11.9650
v 0.6824 -16.4374 14.2025
v 0.3922 -14.5666 12.8490
v 0.5020 -15.2760 14.1589
v 0.3922 -14.1630 14.7593
v 0.3451 -15.9839 13.5849
v 0.4392 -14.0732 15.7151
v 0.1686 -15.4945 16.0707
v 0.0000 -15.7685 16.0707
v 0.0000 -15.6874 14.6037
v 0.0627 -15.9199 7.7618
v 0.5176 -15.0275 15.4743
v 0.0627 -14.8287 15.6845
v 0.0627 -14.3675 15.6845
v 0.0627 -14.4629 16.4581
v 0.0078 -14.8923 16.4581
v 0.0078 -14.0641 15.1778
v 0.0627 -14.4294 16.4797
v 0.0078 -15.0317 16.2077
v 0.0078 -15.4676 15.1778
v 0.0627 -14.9305 6.9140
v 0.0000 -15.8036 6.9865
v 0.0039 -15.2463 6.9050
v 0.0039 -15.4978 6.9764
v 0.0039 -15.5909 5.2861
v 0.0471 -15.8527 5.1146
v 0.0471 -15.0262 5.6505
v 0.0353 -14.9916 5.2209
v 0.0471 -15.0416 5.9398
v 0.0275 -15.8699 5.9899
v 0.0314 -15.6631 6.0076
v 0.0275 -15.2356 1.0205
v 0.6627 -16.9877 0.6387
v 0.7373 -16.9103 0.3036
v 0.8157 -14.5957 0.1771
v 0.7686 -16.1047 0.5879
v 0.7373 -14.2646 0.1353
v 0.7686 -16.5268 0.1581
v 0.7373 -16.0803 0.3086
v 0.7686 -16.4520 -0.1891
v 0.8118 -14.3182 6.9099
v 0.0000 -15.1303 6.9764
v 0.0039 -14.7324 6.9058
v 0.0039 -14.3841 6.9417
v 0.0039 -14.3989 5.2182
v 0.0471 -15.2140 5.1224
v 0.0471 -14.4287 5.5994
v 0.0353 -15.0069 5.2268
v 0.0471 -15.0559 5.9546
v 0.0275 -15.1805 5.9982
v 0.0314 -14.4176 5.9435
v 0.0275 -14.8668 0.9866
v 0.6627 -15.6976 0.8136
v 0.7373 -15.6630 0.4413
v 0.7686 -13.8682 0.0522
v 0.9490 -14.7053 0.4158
v 0.7373 -14.3515 0.0660
v 0.7686 -15.8894 0.4390
v 0.7373 -14.6551 0.0900
v 0.7686 -15.8289 0.0410
v 0.7686 -14.4362 5.4273
v 0.9961 -13.9366 11.0452
v 0.1412 -14.4104 12.2884
v 0.0000 -14.0482 5.4725
v 0.9961 -13.4183 11.4638
v 0.1412 -13.8366 10.2529
v 0.2588 -16.0590 9.8686
v 0.2588 -14.5456 6.4493
v 0.7294 -14.5498 5.4861
v 0.9961 -14.2451 11.4674
v 0.1412 -14.6226 12.2525
v 0.0000 -15.8980 5.4867
v 0.9961 -15.4163 11.0583
v 0.1412 -15.3942 12.2884
v 0.0000 -16.2456 5.4913
v 0.9961 -15.9597 10.8433
v 0.1412 -15.5725 12.2320
v 0.0000 -14.4718 10.4720
v 0.2588 -15.1598 9.8578
v 0.2588 -15.7962 6.5280
v 0.7294 -15.7586 5.5011
v 0.9961 -15.1445 10.8389
v 0.1412 -15.1146 12.2320
v 0.0000 -14.3400 6.4727
v 0.7294 -15.6784 6.5319
v 0.7294 -13.9886 6.4498
v 0.7294 -15.4855 10.2826
v 0.2588 -13.5593 10.4627
v 0.2588 -16.1979 6.5344
v 0.7294 -15.5352 7.7294
v 0.5176 -14.0024 7.6792
v 0.5176 -13.4620 7.6684
v 0.5176 -14.4033 7.6899
v 0.5176 -16.4188 7.7538
v 0.5176 -15.6901 3.9985
v 0.0588 -15.4059 4.0925
v 0.0588 -14.6177 4.1860
v 0.0549 -14.8033 4.0261
v 0.0588 -15.1376 3.9967
v 0.0588 -14.2141 4.0041
v 0.0588 -14.1117 4.1046
v 0.0549 -14.9104 4.0204
v 0.0588 -14.0000 16.7920
v 0.0000 -14.8000 16.2856
v 0.0000 -13.8659 12.0723
v 0.6824 -14.6211 11.9650
v 0.6824 -15.5836 11.9271
v 0.6824 -15.6681 15.5272
v 0.0902 -14.3046 15.6828
v 0.0627 -14.0838 12.2525
v 0.0000 -14.1462 15.2254
v 0.8235 -14.3403 11.2219
v 0.8235 -12.4925 13.6340
v 0.8549 -14.5519 14.5041
v 0.8314 -13.7645 14.1503
v 0.9961 -12.4903 13.0376
v 0.8549 -13.9983 14.9505
v 0.6980 -13.7892 10.9784
v 0.8627 -12.6519 13.5544
v 0.9961 -13.0083 13.5693
v 0.6980 -13.2217 13.2288
v 0.8549 -12.9907 12.9451
v 0.6980 -13.4363 14.8248
v 0.8549 -12.6239 12.9312
v 0.9961 -13.9743 11.1737
v 0.9098 -14.2840 11.4011
v 0.8627 -14.0941 11.5066
v 0.6980 -13.6307 11.3267
v 0.8549 -14.1567 11.6981
v 0.8549 -13.8071 11.5232
v 0.9961 -13.9763 11.8453
v 0.6980 -13.4246 11.8914
v 0.9961 -13.2168 11.6821
v 0.8549 -14.1604 12.2543
v 0.8549 -15.3406 16.9172
v 0.3333 -14.5782 16.6076
v 0.6353 -14.7817 16.6661
v 0.0314 -15.5839 15.8852
v 0.9451 -15.7361 16.2278
v 0.7765 -15.7367 16.7256
v 0.4275 -15.5064 15.8731
v 0.9294 -14.8074 16.9955
v 0.3961 -15.6352 16.0381
v 0.8980 -15.4953 17.3676
v 0.0431 -15.6771 16.7162
v 0.4196 -15.6839 16.2461
v 0.7843 -15.9374 16.5011
v 0.6039 -14.7672 16.1812
v 0.9922 -14.2785 16.4274
v 0.0353 -15.7957 16.4234
v 0.6627 -15.8104 16.9161
v 0.3333 -15.3678 16.1416
v 0.8667 -14.3988 16.4472
v 0.6078 -14.7408 16.2943
v 0.6784 -15.7177 16.1508
v 0.8196 -14.5979 16.8016
v 0.0039 -15.6954 16.9728
v 0.3333 -15.6868 16.9055
v 0.3176 -15.1107 16.1010
v 0.8824 -15.2416 16.5753
v 0.5059 -15.9742 17.5266
v 0.0039 -14.7591 17.1182
v 0.3373 -15.5825 15.8923
v 0.9294 -15.5935 16.6306
v 0.5098 -15.9467 17.2507
v 0.1137 -14.3229 16.7575
v 0.0039 -15.8289 16.7276
v 0.5020 -15.6277 16.0157
v 0.9020 -14.3050 16.9348
v 0.4118 -14.9432 16.6657
v 0.6353 -15.1494 16.7242
v 0.4902 -15.7434 16.9144
v 0.3216 -15.7736 16.4885
v 0.6471 -15.6780 16.4735
v 0.6471 -15.5557 16.0256
v 0.8980 -15.5280 16.2217
v 0.7843 -15.1828 17.1849
v 0.3529 -15.7827 16.3285
v 0.7216 -15.4579 15.8493
v 0.9294 -14.1748 16.7503
v 0.0039 -14.5890 16.2695
v 0.6471 -14.6680 16.9931
v 0.4118 -15.8337 17.4210
v 0.0549 -14.4499 16.9388
v 0.0039 -14.6823 10.3180
v 0.9294 -13.8277 11.0664
v 0.7294 -13.5755 10.8633
v 0.7255 -14.7422 10.8920
v 0.9255 -14.1773 10.9099
v 0.9608 -14.1575 10.5977
v 0.8784 -14.4798 10.6388
v 0.9176 -14.2214 11.3207
v 0.9216 -14.3189 11.1292
v 0.8824 -13.9666 11.1793
v 0.8549 -14.6745 10.1664
v 0.9412 -13.6210 10.3615
v 0.7294 -14.3112 10.0466
v 0.8784 -19.9266 11.7355
v 0.9255 -18.7788 11.6001
v 0.9176 -19.4012 12.0053
v 0.9137 -19.1321 11.7021
v 0.9255 -18.8862 11.2437
v 0.7294 -19.9381 12.1891
v 0.8863 -19.5581 11.8107
v 0.7255 -18.7231 11.9061
v 0.9216 -19.2806 12.2426
v 0.8863 -19.2939 12.3461
v 0.8471 -19.9289 11.5090
v 0.9569 -19.8861 11.7943
v 0.9137 -20.1729 11.6179
v 0.7255 -15.2892 15.0354
v 0.8235 -18.8742 11.7758
v 0.8235 -15.9392 12.9517
v 0.8549 -16.0899 15.0283
v 0.8314 -15.9752 14.1777
v 0.9961 -16.3859 12.4823
v 0.8549 -15.5683 14.7239
v 0.6980 -18.6011 11.2752
v 0.8549 -16.1348 12.9881
v 0.9961 -16.3777 13.2819
v 0.6980 -16.8140 13.1489
v 0.8549 -16.8348 12.7779
v 0.6980 -15.2556 14.2269
v 0.8549 -16.5841 12.4761
v 0.9961 -18.6955 11.4470
v 0.9961 -18.8501 11.8434
v 0.8549 -18.4634 11.9736
v 0.6980 -18.1439 11.5856
v 0.8549 -18.4846 12.0738
v 0.8549 -18.2740 11.7244
v 0.9961 -18.1538 12.3055
v 0.6980 -17.7833 11.8388
v 0.9961 -17.5826 11.7620
v 0.8549 -18.2377 12.5539
v 0.8549 -14.1550 17.8227
v 0.7647 -14.8880 18.5644
v 0.1176 -13.8372 17.7757
v 0.7647 -14.5719 18.5177
v 0.1176 -13.7378 17.5029
v 0.9843 -14.5584 18.2576
v 0.4824 -14.9934 18.7681
v 0.0118 -14.1438 18.1963
v 0.4824 -14.2112 18.2486
v 0.4824 -15.4272 17.3131
v 0.9686 -15.2972 16.0049
v -0.9725 -15.0573 17.1292
v 0.9686 -14.9518 16.0317
v -0.9725 -15.0454 17.1441
v 0.9686 -14.9815 15.8812
v -0.9725 -14.7259 16.9907
v 0.9686 -14.6583 15.9155
v -0.9725 -15.4736 17.2074
v 0.9686 -15.3535 15.9363
v -0.9725 -15.1437 17.0465
v 0.9686 -15.0895 15.9793
v -0.9725 -15.7830 17.3658
v 0.9686 -15.6296 16.0541
v -0.9725 -15.4763 17.1912
v 0.9686 -15.3731 16.0940
v -0.9725 -15.3000 17.9265
v 0.8784 -14.8444 18.2275
v 0.9804 -13.9457 17.1578
v 0.9804 -14.3902 18.8164
v 0.9686 -13.4627 17.5320
v 0.9686 -14.2122 17.7387
v 0.9686 -13.8184 17.4248
v 0.9686 -13.5220 17.9247
v 0.9686 -14.3207 16.6841
v 0.7059 -14.6504 18.4443
v 0.9686 -13.8594 18.4208
v 0.9686 -15.9962 17.5061
v 0.7059 -15.6970 17.9852
v 0.8784 -15.1367 18.2707
v 0.9804 -15.8557 17.4005
v 0.7059 -14.8015 18.8773
v 0.9686 -14.2258 16.4632
v 0.7059 -13.8962 17.6920
v 0.9686 -15.0711 18.6381
v 0.9686 -13.8849 17.9783
v 0.9686 -14.6880 16.7384
v 0.7059 -14.2018 18.0897
v 0.9686 -15.3070 17.1178
v 0.7059 -14.3937 18.4999
v 0.9686 -15.0336 19.0973
v 0.9686 -15.8681 18.0798
v 0.8784 -15.3061 18.3856
v 0.9804 -14.0328 17.4005
v 0.9804 -14.3347 17.4452
v 0.9804 -15.5172 17.3470
v 0.7059 -14.3278 17.8442
v 0.9804 -14.7543 17.9073
v 0.9804 -14.9567 18.4896
v 0.9686 -14.6011 18.1488
v 0.9686 -14.8562 17.0491
v 0.7059 14.9513 15.4764
v 0.1412 14.9513 15.4764
v 0.1412 14.2888 15.6796
v 0.1412 14.2259 15.6731
v 0.1412 14.2259 15.6731
v 0.1412 14.2888 15.6796
v 0.0627 14.3846 16.4520
v 0.0078 14.3846 16.4520
v 0.0078 14.9513 15.4764
v 0.1412 14.7549 15.6801
v 0.1412 14.2259 15.6731
v 0.1412 14.2259 15.6731
v 0.1412 -0.4612 15.6914
v 0.0627 -0.4294 16.4534
v 0.0078 -0.4294 16.4534
v 0.0078 0.0000 15.4686
v 0.1412 -0.4612 15.6914
v 0.1412 0.0000 15.6984
v 0.1412 0.0000 15.6984
v 0.1412 0.0000 15.4686
v 0.1412 0.0000 15.4686
v 0.1412 0.4612 15.6914
v 0.1412 0.0000 15.6984
v 0.1412 0.0000 15.6984
v 0.1412 -14.8287 15.6845
v 0.0627 -14.8923 16.4581
v 0.0078 -14.8923 16.4581
v 0.0078 -15.0275 15.4743
v 0.1412 -14.8287 15.6845
v 0.1412 -14.3046 15.6828
v 0.1412 -14.3046 15.6828
v 0.1412 -15.0275 15.4743
v 0.1412 -15.0275 15.4743
v 0.1412 -14.3675 15.6845
v 0.1412 -14.3046 15.6828
v 0.1412 -14.3046 15.6828
v 0.1412 14.3847 14.7521
v 0.2863 14.3847 14.7521
v 0.2863 13.2965 14.6575
v 0.3294 13.2965 14.6575
v 0.3294 14.7128 14.6561
v 0.2863 14.7128 14.6561
v 0.2863 15.7797 14.7521
v 0.3294 15.7797 14.7521
v 0.3294 15.2158 14.1547
v 0.3922 15.2652 15.2447
v 0.1922 14.7128 14.6561
v 0.3294 15.7797 14.7521
v 0.2471 15.2652 15.2447
v 0.1922 15.2652 15.2447
v 0.1922 14.7128 14.6561
v 0.3294 15.2158 14.1547
v 0.3922 15.2158 14.1547
v 0.3922 14.3847 14.7521
v 0.2471 13.5790 15.2296
v 0.1922 13.2965 14.6575
v 0.3294 15.2158 14.1547
v 0.3922 15.2158 14.1547
v 0.3922 15.7797 14.7521
v 0.2471 13.9216 14.1547
v 0.3922 13.2965 14.6575
v 0.3294 14.3847 14.7521
v 0.2471 14.3847 14.7521
v 0.2471 13.9216 14.1547
v 0.3922 1.4199 14.6924
v 0.2863 1.4199 14.6924
v 0.2863 1.6630 15.2608
v 0.2980 1.3950 14.7389
v 0.3294 1.3950 14.7389
v 0.3294 -1.3950 14.7389
v 0.2863 -1.3950 14.7389
v 0.2863 -1.7094 15.2457
v 0.2980 -1.4199 14.6924
v 0.3294 -1.4199 14.6924
v 0.3294 1.3950 14.7389
v 0.2863 1.3950 14.7389
v 0.2863 1.2942 14.1654
v 0.2980 1.4199 14.6924
v 0.3294 1.4199 14.6924
v 0.3294 -1.4199 14.6924
v 0.2863 -1.4199 14.6924
v 0.2863 -1.2942 14.1654
v 0.2980 -1.3950 14.7389
v 0.3294 -1.3950 14.7389
v 0.3294 2.1058 11.5920
v 0.9098 2.1058 11.5920
v 0.9098 2.3990 11.9232
v 0.8627 2.7354 11.7141
v 0.6980 2.7354 11.7141
v 0.6980 2.4274 11.2512
v 0.8549 2.7354 11.7141
v 0.6980 2.4274 11.2512
v 0.8549 2.4274 11.2512
v 0.8549 -2.0393 10.5471
v 0.9098 -2.0393 10.5471
v 0.9098 -2.3297 10.8381
v 0.8627 -2.4108 10.3471
v 0.8627 -2.6965 10.7060
v 0.8235 -2.6965 10.7060
v 0.8235 17.6557 10.9231
v 0.9098 17.6557 10.9231
v 0.9098 17.4628 10.6428
v 0.8627 17.8000 11.0511
v 0.6980 17.8000 11.0511
v 0.6980 17.8489 11.2301
v 0.8549 17.8000 11.0511
v 0.6980 17.8489 11.2301
v 0.8549 17.8489 11.2301
v 0.8549 15.2751 11.4997
v 0.8627 15.3223 12.0130
v 0.8235 15.3223 12.0130
v 0.8235 15.6554 12.1404
v 0.8549 15.7377 11.7536
v 0.9961 -13.3593 14.6695
v 0.2863 -13.3593 14.6695
v 0.2863 -13.6756 15.2510
v 0.2980 -14.4521 14.7480
v 0.3294 -14.4521 14.7480
v 0.3294 -15.8471 14.7480
v 0.2863 -15.8471 14.7480
v 0.2863 -15.3617 15.2359
v 0.2980 -14.7791 14.6695
v 0.3294 -14.7791 14.6695
v 0.3294 -14.4521 14.7480
v 0.2863 -14.4521 14.7480
v 0.2863 -13.9818 14.1589
v 0.2980 -13.3593 14.6695
v 0.3294 -13.3593 14.6695
v 0.3294 -14.7791 14.6695
v 0.2863 -14.7791 14.6695
v 0.2863 -15.2760 14.1589
v 0.2980 -15.8471 14.7480
v 0.3294 -15.8471 14.7480
v 0.3294 -13.9743 11.1737
v 0.9961 -13.9743 11.1737
v 0.9961 -13.7892 10.9784
v 0.8549 -13.9743 11.1737
v 0.9961 -14.2840 11.4011
v 0.8549 -14.3403 11.2219
v 0.6980 -13.7892 10.9784
v 0.8549 -13.7892 10.9784
v 0.8549 -18.6955 11.4470
v 0.9098 -18.6955 11.4470
v 0.9098 -18.8501 11.8434
v 0.8627 -18.6011 11.2752
v 0.8627 -18.8742 11.7758
v 0.6980 -18.8742 11.7758
v 0.6980 -18.8742 11.7758
v 0.6980 13.5640 4.2514
v 0.0706 14.3114 4.0594
v 0.0706 14.7205 3.9946
v 0.0706 13.8560 4.1284
v 0.0706 13.8560 4.1284
v 0.0706 13.8560 4.1284
v 0.0706 13.8560 4.1284
v 0.0706 13.7496 0.2744
v 0.7765 12.8009 0.2696
v 0.8157 12.8009 0.2696
v 0.8157 13.1411 0.2230
v 0.8118 13.7496 0.2744
v 0.9412 14.8494 0.0090
v 0.9490 14.8494 0.0090
v 0.9490 14.8494 0.0090
v 0.7686 14.8494 0.0090
v 0.7686 14.8269 0.4613
v 0.7686 14.8269 0.4613
v 0.7686 14.8494 0.0090
v 0.7686 14.8494 0.0090
v 0.7686 13.8560 4.1284
v 0.0706 13.5640 4.2514
v 0.0706 13.5640 4.2514
v 0.0706 13.5640 4.2514
v 0.0706 13.5640 4.2514
v 0.0706 13.1411 0.2230
v 0.7686 12.8009 0.2696
v 0.7686 12.8009 0.2696
v 0.7686 14.8811 4.0213
v 0.0706 14.4961 4.1366
v 0.0706 14.4961 4.1366
v 0.0706 14.2494 0.0846
v 0.9412 14.2494 0.0846
v 0.9412 16.4597 0.0060
v 0.7686 14.8811 4.0213
v 0.0706 15.7373 4.0053
v 0.0706 15.7373 4.0053
v 0.0706 15.7373 4.0053
v 0.0706 15.7373 4.0053
v 0.0706 15.2299 4.0476
v 0.0706 14.4135 0.0987
v 0.7686 16.2052 0.1090
v 0.7686 16.9283 0.4137
v 0.7686 16.4597 0.0060
v 0.7686 16.4597 0.0060
v 0.7686 14.4961 4.1366
v 0.0706 14.4961 4.1366
v 0.0706 15.2299 4.0476
v 0.0706 14.4135 0.0987
v 0.7686 14.4135 0.0987
v 0.7686 14.4135 0.0987
v 0.7686 14.4135 0.0987
v 0.7686 14.2494 0.0846
v 0.7686 14.4961 4.1366
v 0.0706 14.4961 4.1366
v 0.0706 0.2257 4.0120
v 0.0706 -0.2725 4.1092
v 0.0706 -0.2725 4.1092
v 0.0706 0.2514 0.0808
v 0.8118 -1.2323 0.0512
v 0.9412 -0.2592 -0.0122
v 0.9490 -0.2592 -0.0122
v 0.9490 -0.2592 -0.0122
v 0.7686 -0.2592 -0.0122
v 0.7686 -0.8517 0.3768
v 0.7686 -1.2323 0.0512
v 0.7686 -1.2323 0.0512
v 0.7686 -0.8517 0.3768
v 0.7686 -0.2592 -0.0122
v 0.7686 -0.2592 -0.0122
v 0.7686 -0.2725 4.1092
v 0.0706 -0.2725 4.1092
v 0.0706 -0.4137 0.0616
v 0.7686 -0.8356 3.9840
v 0.0706 -0.3177 3.9594
v 0.0706 0.2257 4.0120
v 0.0706 0.2257 4.0120
v 0.0706 -0.2725 4.1092
v 0.0706 -0.2725 4.1092
v 0.0706 0.2514 0.0808
v 0.7686 -0.4137 0.0616
v 0.7686 -0.4137 0.0616
v 0.7686 -0.4137 0.0616
v 0.7686 -1.2323 0.0512
v 0.7686 -1.2323 0.0512
v 0.7686 0.6472 4.0021
v 0.0706 1.1356 4.1503
v 0.0706 1.1356 4.1503
v 0.0706 1.1834 4.0423
v 0.0706 1.1834 4.0423
v 0.0706 0.6472 4.0021
v 0.0706 2.4106 0.4370
v 0.7765 2.4106 0.4370
v 0.7765 2.7468 0.2500
v 0.8118 1.8728 -0.0336
v 0.8157 1.1679 0.0847
v 0.9412 1.1679 0.0847
v 0.9412 1.8307 0.1540
v 0.7686 1.7032 4.1177
v 0.0706 1.1834 4.0423
v 0.0706 1.1834 4.0423
v 0.0706 1.1356 4.1503
v 0.0706 1.1356 4.1503
v 0.0706 1.7032 4.1177
v 0.0706 1.8307 0.1540
v 0.7686 1.8307 0.1540
v 0.7686 1.8307 0.1540
v 0.7686 1.8307 0.1540
v 0.7686 1.1679 0.0847
v 0.7686 1.1356 4.1503
v 0.0706 1.1356 4.1503
v 0.0706 -14.6177 4.1860
v 0.0706 -14.6177 4.1860
v 0.0706 -14.8033 4.0261
v 0.0706 -15.6901 3.9985
v 0.0706 -15.4059 4.0925
v 0.0706 -15.4059 4.0925
v 0.0706 -15.4059 4.0925
v 0.0706 -15.4059 4.0925
v 0.0706 -16.0803 0.3086
v 0.7765 -14.5957 0.1771
v 0.8157 -14.5957 0.1771
v 0.8157 -14.2646 0.1353
v 0.8118 -16.0803 0.3086
v 0.9412 -16.4520 -0.1891
v 0.9490 -16.4520 -0.1891
v 0.9490 -16.4520 -0.1891
v 0.7686 -16.4520 -0.1891
v 0.7686 -16.9103 0.3036
v 0.7686 -16.9103 0.3036
v 0.7686 -16.4520 -0.1891
v 0.7686 -16.4520 -0.1891
v 0.7686 -15.4059 4.0925
v 0.0706 -14.6177 4.1860
v 0.0706 -14.6177 4.1860
v 0.0706 -14.6177 4.1860
v 0.0706 -14.6177 4.1860
v 0.0706 -14.2646 0.1353
v 0.7686 -14.5957 0.1771
v 0.7686 -14.5957 0.1771
v 0.7686 -14.9104 4.0204
v 0.0706 -14.1117 4.1046
v 0.0706 -14.1117 4.1046
v 0.0706 -15.1376 3.9967
v 0.0706 -15.1376 3.9967
v 0.0706 -14.9104 4.0204
v 0.0706 -15.6630 0.4413
v 0.7765 -15.6630 0.4413
v 0.7765 -14.6551 0.0900
v 0.8118 -15.8289 0.0410
v 0.8157 -14.3515 0.0660
v 0.9412 -14.3515 0.0660
v 0.9412 -13.8682 0.0522
v 0.7686 -14.2141 4.0041
v 0.0706 -15.1376 3.9967
v 0.0706 -15.1376 3.9967
v 0.0706 -14.1117 4.1046
v 0.0706 -14.1117 4.1046
v 0.0706 -14.2141 4.0041
v 0.0706 -13.8682 0.0522
v 0.7686 -13.8682 0.0522
v 0.7686 -13.8682 0.0522
v 0.7686 -13.8682 0.0522
v 0.7686 -14.3515 0.0660
v 0.7686 -14.1117 4.1046
v 0.0706 -14.1117 4.1046
v 0.0706 -0.0000 18.4159
v 0.0275 -0.0000 18.4159
v 0.0275 -0.0000 18.4159
v 0.0275 -0.0000 18.4159
v 0.0275 0.5552 18.2553
v 0.0275 -0.0000 18.6500
v 0.9686 -0.0000 18.6500
v 0.9686 -0.0000 18.6500
v 0.9686 -0.0000 18.6500
v 0.9686 0.5552 18.2553
v 0.0275 0.8102 17.8477
v 0.0275 0.5736 17.3678
v 0.0275 -0.0000 17.0848
v 0.0275 -0.0000 17.0848
v 0.0275 -0.0019 17.3415
v 0.9686 -0.0019 17.3415
v 0.9686 -0.0000 17.0848
v 0.0275 -0.5736 17.3678
v 0.0275 -0.8103 17.8477
v 0.0275 -0.5552 18.2553
v 0.0275 -0.0000 18.4159
v 0.0275 -0.0000 18.4159
v 0.0275 15.1462 18.3602
v 0.0275 15.1462 18.3602
v 0.0275 15.1462 18.3602
v 0.0275 15.1462 18.3602
v 0.0275 14.5084 18.2351
v 0.0275 13.9970 17.8856
v 0.0275 13.9159 17.4581
v 0.0275 14.1761 17.2156
v 0.0275 15.1462 18.3602
v 0.0275 15.1462 18.3602
v 0.0275 15.3442 18.2504
v 0.0275 14.9947 18.6263
v 0.9686 14.9947 18.6263
v 0.9686 14.9947 18.6263
v 0.9686 14.9947 18.6263
v 0.9686 15.3442 18.2504
v 0.0275 15.2168 17.9080
v 0.0275 14.7794 17.4738
v 0.0275 14.0968 17.4897
v 0.9686 14.1761 17.2156
v 0.0275 14.1761 17.2156
v 0.0275 -15.3061 18.3856
v 0.0275 -15.3061 18.3856
v 0.0275 -15.3061 18.3856
v 0.0275 -15.3061 18.3856
v 0.0275 -15.1367 18.2707
v 0.0275 -14.7543 17.9073
v 0.0275 -14.3347 17.4452
v 0.0275 -13.9457 17.1578
v 0.0275 -15.3061 18.3856
v 0.0275 -15.3061 18.3856
v 0.0275 -14.8444 18.2275
v 0.0275 -15.0711 18.6381
v 0.9686 -15.0711 18.6381
v 0.9686 -15.0711 18.6381
v 0.9686 -15.0711 18.6381
v 0.9686 -14.8444 18.2275
v 0.0275 -14.3278 17.8442
v 0.0275 -14.0328 17.4005
v 0.0275 -13.8184 17.4248
v 0.9686 -13.9457 17.1578
v 0.0275 -0.2789 16.2672
v 0.9922 -0.6827 16.7042
v 0.5765 -0.6827 16.7042
v 0.5765 -0.6636 16.9499
v 0.0039 -0.6636 16.9499
v 0.0039 -0.6827 16.7042
v 0.0314 -0.2196 16.3971
v 0.0353 -0.7871 17.1607
v 0.7569 -0.7871 17.1607
v 0.7569 -0.6761 16.9361
v 0.8980 -0.6827 16.7042
v 0.9922 -0.6793 16.6301
v 0.9882 -0.6793 16.6301
v 0.9882 0.7118 16.7004
v 0.4902 0.0146 15.9480
v 0.9608 0.7118 16.7004
v 0.5765 0.7118 16.7004
v 0.5765 0.6921 16.9460
v 0.3961 0.7118 16.7004
v 0.4902 0.2360 16.3950
v 0.6196 0.7118 16.7004
v 0.5529 0.7118 16.7004
v 0.5529 0.0146 15.8954
v 0.9608 0.1618 15.9316
v 0.9451 0.1618 15.9316
v 0.9451 0.2962 16.2648
v 0.9922 0.2962 16.2648
v 0.9922 0.7051 16.6259
v 0.9922 0.7051 16.6259
v 0.9922 0.6997 16.9313
v 0.8667 0.7118 16.7004
v 0.9922 0.8199 17.1566
v 0.7765 0.8199 17.1566
v 0.7765 14.4274 16.2884
v 0.9922 14.3440 16.6783
v 0.5765 14.3440 16.6783
v 0.5765 14.1380 16.9702
v 0.0039 14.1380 16.9702
v 0.0039 14.3440 16.6783
v 0.0314 14.2549 16.4636
v 0.0353 14.2852 17.1323
v 0.7569 14.2852 17.1323
v 0.7569 14.0312 16.9757
v 0.8980 14.3440 16.6783
v 0.9922 14.2046 16.6323
v 0.9882 14.2046 16.6323
v 0.9882 15.3930 16.6937
v 0.4902 15.2614 15.8476
v 0.9608 15.3930 16.6937
v 0.5765 15.3930 16.6937
v 0.5765 15.1578 16.9850
v 0.3961 15.3930 16.6937
v 0.4902 14.5974 16.4679
v 0.6196 15.3930 16.6937
v 0.5529 15.3930 16.6937
v 0.5529 15.1750 15.8121
v 0.9608 15.3463 15.8384
v 0.9451 15.3463 15.8384
v 0.9451 14.8599 16.2938
v 0.9922 14.8599 16.2938
v 0.9922 15.2459 16.6472
v 0.9922 15.2459 16.6472
v 0.9922 15.0659 16.9899
v 0.8667 15.3930 16.6937
v 0.9922 15.4942 17.1504
v 0.7765 15.4942 17.1504
v 0.7765 -14.7408 16.2943
v 0.9922 -15.1494 16.7242
v 0.5765 -15.1494 16.7242
v 0.5765 -14.8074 16.9955
v 0.0039 -14.8074 16.9955
v 0.0039 -15.1494 16.7242
v 0.0314 -14.3988 16.4472
v 0.0353 -15.1828 17.1849
v 0.7569 -15.1828 17.1849
v 0.7569 -14.6680 16.9931
v 0.8980 -15.1494 16.7242
v 0.9922 -14.9432 16.6657
v 0.9882 -14.9432 16.6657
v 0.9882 -14.7817 16.6661
v 0.4902 -15.5825 15.8923
v 0.9608 -14.7817 16.6661
v 0.5765 -14.7817 16.6661
v 0.5765 -14.4499 16.9388
v 0.3961 -14.7817 16.6661
v 0.4902 -14.2785 16.4274
v 0.6196 -14.7817 16.6661
v 0.5529 -14.7817 16.6661
v 0.5529 -15.4579 15.8493
v 0.9608 -15.5064 15.8731
v 0.9451 -15.5064 15.8731
v 0.9451 -14.5890 16.2695
v 0.9922 -14.5890 16.2695
v 0.9922 -14.5782 16.6076
v 0.9922 -14.5782 16.6076
v 0.9922 -14.3050 16.9348
v 0.8667 -14.7817 16.6661
v 0.9922 -14.7591 17.1182
v 0.7765 2.2836 11.5235
v 0.9176 2.1913 11.3737
v 0.9373 2.1768 11.1654
v 0.9490 2.1768 11.1654
v 0.9490 2.2836 11.5235
v 0.9176 2.2836 11.5235
v 0.9176 2.3187 11.3219
v 0.9686 2.1768 11.1654
v 0.9490 2.1768 11.1654
v 0.9490 2.5677 11.1063
v 0.7255 2.5677 11.1063
v 0.7255 3.1236 11.2285
v 0.9137 2.2836 11.5235
v 0.7255 3.0642 11.5782
v 0.9137 2.3187 11.3219
v 0.7294 2.6304 11.4384
v 0.9176 2.6304 11.4384
v 0.9176 -2.2515 10.6604
v 0.9176 -2.2127 10.2653
v 0.9608 -2.2127 10.2653
v 0.9608 -2.2515 10.6604
v 0.9176 -2.1626 10.5136
v 0.9294 -2.1110 10.2979
v 0.9647 -2.1110 10.2979
v 0.9647 -2.2515 10.6604
v 0.9176 -2.2515 10.6604
v 0.9176 -2.5618 10.2812
v 0.8863 -3.1185 10.4391
v 0.7294 -3.0377 10.7718
v 0.7255 -2.6329 10.5786
v 0.7294 -2.6329 10.5786
v 0.7294 -2.2127 10.2653
v 0.9686 -2.1110 10.2979
v 0.9647 -2.1110 10.2979
v 0.9647 18.3931 10.7735
v 0.9176 18.7083 10.5820
v 0.9373 18.6371 10.3795
v 0.9490 18.6371 10.3795
v 0.9490 18.3931 10.7735
v 0.9176 18.3931 10.7735
v 0.9176 17.5695 10.6592
v 0.9686 18.6371 10.3795
v 0.9490 18.6371 10.3795
v 0.9490 18.8729 10.3375
v 0.7255 18.8729 10.3375
v 0.7255 18.6572 10.5399
v 0.9137 18.3931 10.7735
v 0.7255 18.2969 10.9199
v 0.9137 17.5695 10.6592
v 0.7294 17.5652 10.8089
v 0.9176 17.5652 10.8089
v 0.9176 16.4088 12.1314
v 0.9176 15.7224 11.5283
v 0.9608 15.7224 11.5283
v 0.9608 16.4088 12.1314
v 0.9176 16.8335 12.0808
v 0.9294 16.8510 11.8554
v 0.9647 16.8510 11.8554
v 0.9647 16.4088 12.1314
v 0.9176 16.4088 12.1314
v 0.9176 16.6554 11.9118
v 0.8863 15.8635 12.0021
v 0.7294 15.5170 12.2123
v 0.7255 15.2628 11.8302
v 0.7294 15.2628 11.8302
v 0.7294 15.7224 11.5283
v 0.9686 16.8510 11.8554
v 0.9647 16.8510 11.8554
v 0.9647 -14.4798 10.6388
v 0.9176 -14.6823 10.3180
v 0.9373 -14.6745 10.1664
v 0.9490 -14.6745 10.1664
v 0.9490 -14.4798 10.6388
v 0.9176 -14.4798 10.6388
v 0.9176 -14.1773 10.9099
v 0.9686 -14.6745 10.1664
v 0.9490 -14.6745 10.1664
v 0.9490 -14.3112 10.0466
v 0.7255 -14.3112 10.0466
v 0.7255 -13.6210 10.3615
v 0.9137 -14.4798 10.6388
v 0.7255 -13.5755 10.8633
v 0.9137 -14.1773 10.9099
v 0.7294 -13.8277 11.0664
v 0.9176 -13.8277 11.0664
v 0.9176 -19.5581 11.8107
v 0.9176 -18.8862 11.2437
v 0.9608 -18.8862 11.2437
v 0.9608 -19.5581 11.8107
v 0.9176 -19.9266 11.7355
v 0.9294 -19.9289 11.5090
v 0.9647 -19.9289 11.5090
v 0.9647 -19.5581 11.8107
v 0.9176 -19.5581 11.8107
v 0.9176 -20.1729 11.6179
v 0.8863 -19.8861 11.7943
v 0.7294 -19.4012 12.0053
v 0.7255 -18.7788 11.6001
v 0.7294 -18.7788 11.6001
v 0.7294 -18.8862 11.2437
v 0.9686 -19.9289 11.5090
v 0.9647 -0.0000 18.6500
v 0.0275 0.5817 18.4584
v 0.0275 0.5817 18.4584
v 0.0275 0.7584 18.0802
v 0.0275 0.6002 17.6500
v 0.0275 -0.0019 17.3415
v 0.0275 -0.0019 17.3415
v 0.0275 -0.0000 19.1057
v 0.9686 -0.0000 19.1057
v 0.9686 -0.0000 18.6500
v 0.0275 -0.0000 18.6500
v 0.0275 -0.0019 17.3415
v 0.0275 -0.0019 17.3415
v 0.0275 -0.6002 17.6500
v 0.0275 -0.0000 17.4212
v 0.9686 -0.0000 17.4212
v 0.9686 -0.0000 17.4212
v 0.9686 -0.0000 17.4212
v 0.9686 -0.6002 17.6500
v 0.0275 -0.7584 18.0801
v 0.0275 -0.5818 18.4584
v 0.0275 -0.0000 18.6500
v 0.0275 -0.0000 18.6500
v 0.0275 14.0968 17.4897
v 0.0275 14.0968 17.4897
v 0.0275 14.7212 17.7740
v 0.0275 15.0910 18.1587
v 0.0275 15.2442 18.4794
v 0.0275 14.9947 18.6263
v 0.0275 14.9947 18.6263
v 0.0275 15.2442 18.4794
v 0.0275 14.9850 19.0870
v 0.9686 14.9850 19.0870
v 0.9686 14.9947 18.6263
v 0.0275 14.9947 18.6263
v 0.0275 14.0968 17.4897
v 0.0275 14.0968 17.4897
v 0.0275 13.8176 17.7575
v 0.0275 13.8597 17.6180
v 0.9686 13.8597 17.6180
v 0.9686 13.8597 17.6180
v 0.9686 13.8597 17.6180
v 0.9686 13.8176 17.7575
v 0.0275 13.9493 18.1378
v 0.0275 14.3685 18.4634
v 0.0275 14.9947 18.6263
v 0.0275 14.9947 18.6263
v 0.0275 -13.8184 17.4248
v 0.0275 -13.8184 17.4248
v 0.0275 -14.2122 17.7387
v 0.0275 -14.2122 17.7387
v 0.0275 -14.6011 18.1488
v 0.0275 -14.9567 18.4896
v 0.0275 -15.0711 18.6381
v 0.0275 -15.0711 18.6381
v 0.0275 -13.8184 17.4248
v 0.0275 -13.8184 17.4248
v 0.0275 -13.4627 17.5320
v 0.9686 -13.8962 17.6920
v 0.0275 -14.2018 18.0897
v 0.0275 -14.6504 18.4443
v 0.0275 -15.0711 18.6381
v 0.0275 -15.0711 18.6381
v 0.0275 -14.6504 18.4443
v 0.0275 -15.0336 19.0973
v 0.9686 -15.0336 19.0973
v 0.9686 -15.0711 18.6381
v 0.0275 0.0000 0.0000
v -0.6424 9.4583 32.7594
v 21.1806 0.0000 0.0000
v 1.0000 1.0000 1.0000
v 0.0000 9.5462 234.3500
v 63.1115 0.0000 0.0000
v 1.0000 1.0000 1.0000
v 1.0000 0.0000 0.0000
v 0.0000 0.1000 9.6462
v 238.4500 73.3058 0.0000
v 0.0000 1.0000 1.0000
v 1.0000 0.0000 0.0000
v 44.5000 239.0000 43.6549
v 0.0000 0.0000 1.0000
v 1.0000 1.0000 0.0000
v 0.0000 0.0000 3.5000
v -47.0000 294.5505 0.0000
v 0.0000 1.0000 1.0000
v 1.0000 0.0000 0.0000
v 1.0039 -99.3882 0.0000
v 0.0000 0.0000 24.5000
v -135.2500 194.2468 0.0000
v 0.0000 1.0000 1.0000
v 1.0000 0.0000 0.0000
v 4.0157 1.0000 0.0000
v -0.0000 7.9914 155.5000
v 136.9535 0.0000 0.0000
v 1.0000 1.0000 1.0000
v 1.0000 0.0000 0.0000
v 0.0000 0.0000 24.2500
v -239.5000 74.3455 0.0000
v 0.0000 1.0000 1.0000
v 1.0000 0.0000 0.0000
v -3.7569 0.0000 0.0000
v 0.0000 12.0000 82.5000
v 95.7823 0.0000 0.0000
v 1.0000 1.0000 1.0000
v 80.3137 0.0000 0.0000
v 0.0000 0.0000 29.7500
v -240.0000 70.4557 0.0000
v 0.0000 1.0000 1.0000
v 1.0000 0.0000 0.0000
v 0.0000 19.0000 -239.0000
v 94.1077 0.0000 0.0000
v 1.0000 1.0000 1.0000
v 14.0000 -0.1000 71.0000
v 0.0312 0.8196 0.0392
v 20.0000 -0.1000 36.0000
v 0.0312 0.9569 0.8196
v -14.0000 -0.1000 30.0000
v 0.0312 0.1843 0.9569
v -20.0000 -0.1000 64.0000
v 0.0312 0.0471 0.1961
v 195.0000 3.0000 60.0000
v -0.0000 0.1647 0.1216
v 215.0000 3.0000 -70.0000
v -0.0000 0.0314 0.5882
v 116.0000 3.0000 -150.0000
v -0.0000 0.6824 0.8706
v 93.5000 3.0000 -134.5000
v -0.0000 0.8314 0.8157
v 71.0000 3.0000 -164.0000
v -0.0000 0.9765 0.9216
v 93.0000 3.0000 -161.0000
v -0.0000 0.8314 0.9098
v 116.0000 3.0000 -130.0000
v -0.0000 0.6824 0.8000
v 138.0000 3.0000 -128.0000
v -0.0000 0.5373 0.7922
v 195.0000 3.0000 -70.0000
v -0.0000 0.1647 0.5882
v 199.0000 3.0000 90.5000
v -0.0000 0.1373 0.0157
v 211.0000 3.0000 90.5000
v -0.0000 0.0588 0.0157
v -217.0000 3.0000 -140.0000
v -0.0000 0.0196 0.8353
v -215.0000 3.0000 80.0000
v -0.0000 0.0314 0.0510
v -97.0000 3.0000 -156.0000
v -0.0000 0.8078 0.8941
v -70.0000 3.0000 -174.0000
v -0.0000 0.9843 0.9569
v -82.0000 3.0000 -143.0000
v -0.0000 0.9059 0.8471
v -107.0000 3.0000 -131.0000
v -0.0000 0.7412 0.8039
v -110.0000 3.0000 -150.0000
v -0.0000 0.7216 0.8706
v -138.0000 3.0000 -152.0000
v -0.0000 0.5373 0.8784
v -138.0000 3.0000 -128.0000
v -0.0000 0.5373 0.7922
v -204.0000 3.0000 -99.5000
v -0.0000 0.1098 0.6941
v -195.0000 3.0000 -70.0000
v -0.0000 0.1647 0.5882
v -195.0000 3.0000 80.0000
v -0.0000 0.1647 0.0510
v -205.0000 3.0000 92.5000
v -0.0000 0.0980 0.0078
v -89.0000 3.0000 -178.5000
v -0.0000 0.8588 0.9725
v -80.0000 3.0000 -183.0000
v -0.0000 0.9176 0.9882
v -19.0000 30.5000 -272.0000
v -0.0000 0.3373 0.8980
v -58.0000 30.5000 -222.0000
v -0.0000 0.0000 0.2706
v 19.0000 30.5000 -272.0000
v -0.0000 0.6667 0.8980
v 58.0000 30.5000 -222.0000
v -0.0000 1.0039 0.2706
v -14.0000 30.5000 -280.0000
v -0.0000 0.3804 1.0000
v 0.0000 30.5000 -280.0000
v -0.0000 0.5020 1.0000
v 0.0000 30.5000 -200.0000
v -0.0000 0.5020 0.0000
v 14.0000 30.5000 -280.0000
v -0.0000 0.6235 1.0000
v -34.0000 30.5000 -272.0000
v -0.0000 0.2078 0.8980
v 19.0000 30.5000 -202.0000
v -0.0000 0.6667 0.0196
v -38.0000 30.5000 -208.0000
v -0.0000 0.1725 0.0980
v -38.0000 30.5000 -244.0000
v -0.0000 0.1725 0.5490
v -38.0000 30.5000 -268.0000
v -0.0000 0.1725 0.8510
v -58.0000 30.5000 -238.0000
v -0.0000 0.0000 0.4745
v -19.0000 30.5000 -202.0000
v -0.0000 0.3373 0.0196
v 38.0000 30.5000 -244.0000
v -0.0000 0.8314 0.5490
v 38.0000 30.5000 -268.0000
v -0.0000 0.8314 0.8510
v 58.0000 30.5000 -238.0000
v -0.0000 1.0039 0.4745
v 38.0000 30.5000 -208.0000
v -0.0000 0.8314 0.0980
v 34.0000 30.5000 -272.0000
v -0.0000 0.7961 0.8980
v 33.0000 30.5000 -239.0000
v 0.0000 0.7882 0.4863
v -33.0000 30.5000 -239.0000
v 0.0000 0.2157 0.4863
v -53.0000 30.5000 -234.0000
v 0.0000 0.0431 0.4235
v 53.0000 30.5000 -235.0000
v 0.0000 0.9608 0.4353
v 17.0000 30.5000 -207.0000
v 0.0000 0.6510 0.0824
v -17.0000 30.5000 -207.0000
v 0.0000 0.3529 0.0824
v 10.0000 30.5000 -275.0000
v 0.0000 0.5882 0.9373
v -10.0000 30.5000 -275.0000
v 0.0000 0.4157 0.9373
v 15.2000 -92.2500 289.2232
v 0.0000 0.0000 1.0000
v 1.0000 1.0000 0.0000
v 7.0275 -1.0039 0.0000
v 0.0000 0.0000 1.0000
v 1.0000 1.0000 0.0000
v 1.0039 1.0000 0.0000
v -3560.6440 715.5419 0.0000
v 0.0000 1.0000 1.0000
v 1.0000 0.0000 0.0000
v -3489.2603 247.5783 2926.4268
v 271.5914 0.0000 0.0000
v 1.0000 1.0000 1.0000
v 0.0000 1.0000 1.0000
v -2.5098 0.0000 0.0000
v 1.0000 1.0000 1.0000
v 1.0039 1.0000 0.0000
v 0.0000 1.0000 1.0000
v 1.0000 0.0000 0.0000
v 1.0000 0.0000 0.0000
v 894.4078 0.0000 0.0000
v 1.0000 1.0000 1.0000
v 0.0000 0.0000 18.5000
v -6.5000 36.9087 0.0000
v 0.0000 1.0000 1.0000
v 1.0000 0.0000 0.0000
v 0.0000 -7.0275 0.0000
v 0.0000 14.1500 -24.0000
v 178.6169 0.0000 0.0000
v 1.0000 1.0000 1.0000
v 0.0000 0.0000 1.1500
v 92.0000 227.1783 0.0000
v 0.0000 1.0000 1.0000
v 1.0000 0.0000 0.0000
v 0.2667 0.4824 0.0000
v 4.3125 -140.0000 216.8433
v 0.0000 0.0000 1.0000
v 1.0000 1.0000 0.0000
v 0.0000 0.0000 -48.0000
v 314.5298 0.0000 0.0000
v 1.0000 1.0000 1.0000
v 0.0000 0.0000 2.0000
v 4.0000 0.0000 0.0000
v 0.0000 6.6667 0.0000
v 0.0000 1.0000 0.0000
v 1.0000 0.0000 1.0000
v 0.3520 1.0000 0.0000
v 1.0000 0.9280 1.0000
v 0.0000 0.0000 7.0000
v 9.0000 0.0002 0.0000
v 0.0000 11.6667 0.0002
v 0.0000 0.0000 12.0000
v 14.0000 0.0003 0.0000
v 0.0000 16.6667 0.0003
v 0.0000 0.0000 17.0000
v 19.0000 0.0002 0.0000
v 0.0000 21.6667 0.0002
v 0.0000 0.0000 22.0000
v 24.0000 0.0002 0.0000
v 0.0000 26.6667 0.0002
v 0.0000 1.0000 1.0000
v 1.0000 0.0000 1.0000
v 0.6000 1.0000 0.0000
v 1.0000 0.0667 1.0000
vn 0.0000 1.0000 0.0000
vn 0.0000 1.0000 0.0000
vn 0.0000 1.0000 0.0000
vn 0.0000 1.0000 0.0000
vn 0.0000 1.0000 0.0000
vn 0.0000 1.0000 0.0000
vn 0.0000 1.0000 0.0000
vn 0.0000 1.0000 0.0000
vn 0.0000 1.0000 0.0000
vn 0.0000 1.0000 0.0000
vn 0.0000 1.0000 0.0000
vn 0.0000 1.0000 0.0000
vn 0.0000 1.0000 0.0000
vn 0.0000 1.0000 0.0000
vn 0.0000 1.0000 0.0000
vn 0.0000 1.0000 0.0000
vn 0.0000 1.0000 0.0000
vn 0.0000 1.0000 0.0000
vn 0.0000 1.0000 0.0000
vn 0.0000 1.0000 0.0000
vn 0.0000 1.0000 0.0000
vn 0.0000 1.0000 0.0000
vn 0.0000 1.0000 0.0000
vn 0.0000 1.0000 0.0000
vn 0.0000 1.0000 0.0000
vn 0.0000 1.0000 0.0000
vn 0.0000 1.0000 0.0000
vn 0.0000 1.0000 0.0000
vn 0.0000 1.0000 0.0000
vn 0.0000 1.0000 0.0000
vn 0.0000 1.0000 0.0000
vn 0.0000 1.0000 0.0000
vn 0.0000 1.0000 0.0000
vn 0.0000 1.0000 0.0000
vn 0.0000 1.0000 0.0000
vn 0.0000 1.0000 0.0000
vn 0.0000 1.0000 0.0000
vn 0.0000 1.0000 0.0000
vn 0.0000 1.0000 0.0000
vn 0.0000 1.0000 0.0000
vn 0.0000 1.0000 0.0000
vn 0.0000 1.0000 0.0000
vn 0.0000 1.0000 0.0000
vn 0.0000 1.0000 0.0000
vn 0.0000 1.0000 0.0000
vn 0.0000 1.0000 0.0000
vn 0.0000 1.0000 0.0000
vn 0.0000 1.0000 0.0000
vn 0.0000 1.0000 0.0000
vn 0.0000 1.0000 0.0000
vn 0.0000 1.0000 0.0000
vn 0.0000 1.0000 0.0000
vn 0.0000 1.0000 0.0000
vn 0.0000 1.0000 0.0000
vn 0.0000 1.0000 0.0000
vn 0.0000 1.0000 0.0000
vn 0.0000 1.0000 0.0000
vn 0.0000 1.0000 0.0000
vn 0.0000 1.0000 0.0000
vn 0.0000 1.0000 0.0000
vn 0.0000 1.0000 0.0000
vn 0.0000 1.0000 0.0000
vn 0.0000 1.0000 0.0000
vn 0.0000 1.0000 0.0000
vn 0.0000 1.0000 0.0000
vn 0.0000 1.0000 0.0000
vn 0.0000 1.0000 0.0000
vn 0.0000 1.0000 0.0000
vn 0.0000 1.0000 0.0000
vn 0.0000 1.0000 0.0000
vn 0.0000 1.0000 0.0000
vn 0.0000 1.0000 0.0000
vn 0.0000 1.0000 0.0000
vn 0.0000 1.0000 0.0000
vn 0.0000 1.0000 0.0000
vn 0.0000 1.0000 0.0000
vn 0.0000 1.0000 0.0000
vn 0.0000 1.0000 0.0000
vn 0.0000 1.0000 0.0000
vn 0.0000 1.0000 0.0000
vn 0.0000 1.0000 0.0000
vn 0.0000 1.0000 0.0000
vn 0.0000 1.0000 0.0000
vn 0.0000 1.0000 0.0000
vn 0.0000 1.0000 0.0000
vn 0.0000 1.0000 0.0000
vn 0.0000 1.0000 0.0000
vn 0.0000 1.0000 0.0000
vn 0.0000 1.0000 0.0000
vn 0.0000 1.0000 0.0000
vn 0.0000 1.0000 0.0000
vn 0.0000 1.0000 0.0000
vn 0.0000 1.0000 0.0000
vn 0.0000 1.0000 0.0000
vn 0.0000 1.0000 0.0000
vn 0.0000 1.0000 0.0000
vn 0.0000 1.0000 0.0000
vn 0.0000 1.0000 0.0000
vn 0.0000 1.0000 0.0000
vn 0.0000 1.0000 0.0000
vn 0.0000 1.0000 0.0000
vn 0.0000 1.0000 0.0000
vn 0.0000 1.0000 0.0000
vn 0.0000 1.0000 0.0000
vn 0.0000 1.0000 0.0000
vn 0.0000 1.0000 0.0000
vn 0.0000 1.0000 0.0000
vn 0.0000 1.0000 0.0000
vn 0.0000 1.0000 0.0000
vn 0.0000 1.0000 0.0000
vn 0.0000 1.0000 0.0000
vn 0.0000 1.0000 0.0000
vn 0.0000 1.0000 0.0000
vn 0.0000 1.0000 0.0000
vn 0.0000 1.0000 0.0000
vn 0.0000 1.0000 0.0000
vn 0.0000 1.0000 0.0000
vn 0.0000 1.0000 0.0000
vn 0.0000 1.0000 0.0000
vn 0.0000 1.0000 0.0000
vn 0.0000 1.0000 0.0000
vn 0.0000 1.0000 0.0000
vn 0.0000 1.0000 0.0000
vn 0.0000 1.0000 0.0000
vn 0.0000 1.0000 0.0000
vn 0.0000 1.0000 0.0000
vn 0.0000 1.0000 0.0000
vn 0.0000 1.0000 0.0000
vn 0.0000 1.0000 0.0000
vn 0.0000 1.0000 0.0000
vn 0.0000 1.0000 0.0000
vn 0.0000 1.0000 0.0000
vn 0.0000 1.0000 0.0000
vn 0.0000 1.0000 0.0000
vn 0.0000 1.0000 0.0000
vn 0.0000 1.0000 0.0000
vn 0.0000 1.0000 0.0000
vn 0.0000 1.0000 0.0000
vn 0.0000 1.0000 0.0000
vn 0.0000 1.0000 0.0000
vn 0.0000 1.0000 0.0000
vn 0.0000 1.0000 0.0000
vn 0.0000 1.0000 0.0000
vn 0.0000 1.0000 0.0000
vn 0.0000 1.0000 0.0000
vn 0.0000 1.0000 0.0000
vn 0.0000 1.0000 0.0000
vn 0.0000 1.0000 0.0000
vn 0.0000 1.0000 0.0000
vn 0.0000 1.0000 0.0000
vn 0.0000 1.0000 0.0000
vn 0.0000 1.0000 0.0000
vn 0.0000 1.0000 0.0000
vn 0.0000 1.0000 0.0000
vn 0.0000 1.0000 0.0000
vn 0.0000 1.0000 0.0000
vn 0.0000 1.0000 0.0000
vn 0.0000 1.0000 0.0000
vn 0.0000 1.0000 0.0000
vn 0.0000 1.0000 0.0000
vn 0.0000 1.0000 0.0000
vn 0.0000 1.0000 0.0000
vn 0.0000 1.0000 0.0000
vn 0.0000 1.0000 0.0000
vn 0.0000 1.0000 0.0000
vn 0.0000 1.0000 0.0000
vn 0.0000 1.0000 0.0000
vn 0.0000 1.0000 0.0000
vn 0.0000 1.0000 0.0000
vn 0.0000 1.0000 0.0000
vn 0.0000 1.0000 0.0000
vn 0.0000 1.0000 0.0000
vn 0.0000 1.0000 0.0000
vn 0.0000 1.0000 0.0000
vn 0.0000 1.0000 0.0000
vn 0.0000 1.0000 0.0000
vn 0.0000 1.0000 0.0000
vn 0.0000 1.0000 0.0000
vn 0.0000 1.0000 0.0000
vn 0.0000 1.0000 0.0000
vn 0.0000 1.0000 0.0000
vn 0.0000 1.0000 0.0000
vn 0.0000 1.0000 0.0000
vn 0.0000 1.0000 0.0000
vn 0.0000 1.0000 0.0000
vn 0.0000 1.0000 0.0000
vn 0.0000 1.0000 0.0000
vn 0.0000 1.0000 0.0000
vn 0.0000 1.0000 0.0000
vn 0.0000 1.0000 0.0000
vn 0.0000 1.0000 0.0000
vn 0.0000 1.0000 0.0000
vn 0.0000 1.0000 0.0000
vn 0.0000 1.0000 0.0000
vn 0.0000 1.0000 0.0000
vn 0.0000 1.0000 0.0000
vn 0.0000 1.0000 0.0000
vn 0.0000 1.0000 0.0000
vn 0.0000 1.0000 0.0000
vn 0.0000 1.0000 0.0000
vn 0.0000 1.0000 0.0000
vn 0.0000 1.0000 0.0000
vn 0.0000 1.0000 0.0000
vn 0.0000 1.0000 0.0000
vn 0.0000 1.0000 0.0000
vn 0.0000 1.0000 0.0000
vn 0.0000 1.0000 0.0000
vn 0.0000 1.0000 0.0000
vn 0.0000 1.0000 0.0000
vn 0.0000 1.0000 0.0000
vn 0.0000 1.0000 0.0000
vn 0.0000 1.0000 0.0000
vn 0.0000 1.0000 0.0000
vn 0.0000 1.0000 0.0000
vn 0.0000 1.0000 0.0000
vn 0.0000 1.0000 0.0000
vn 0.0000 1.0000 0.0000
vn 0.0000 1.0000 0.0000
vn 0.0000 1.0000 0.0000
vn 0.0000 1.0000 0.0000
vn 0.0000 1.0000 0.0000
vn 0.0000 1.0000 0.0000
vn 0.0000 1.0000 0.0000
vn 0.0000 1.0000 0.0000
vn 0.0000 1.0000 0.0000
vn 0.0000 1.0000 0.0000
vn 0.0000 1.0000 0.0000
vn 0.0000 1.0000 0.0000
vn 0.0000 1.0000 0.0000
vn 0.0000 1.0000 0.0000
vn 0.0000 1.0000 0.0000
vn 0.0000 1.0000 0.0000
vn 0.0000 1.0000 0.0000
vn 0.0000 1.0000 0.0000
vn 0.0000 1.0000 0.0000
vn 0.0000 1.0000 0.0000
vn 0.0000 1.0000 0.0000
vn 0.0000 1.0000 0.0000
vn 0.0000 1.0000 0.0000
vn 0.0000 1.0000 0.0000
vn 0.0000 1.0000 0.0000
vn 0.0000 1.0000 0.0000
vn 0.0000 1.0000 0.0000
vn 0.0000 1.0000 0.0000
vn 0.0000 1.0000 0.0000
vn 0.0000 1.0000 0.0000
vn 0.0000 1.0000 0.0000
vn 0.0000 1.0000 0.0000
vn 0.0000 1.0000 0.0000
vn 0.0000 1.0000 0.0000
vn 0.0000 1.0000 0.0000
vn 0.0000 1.0000 0.0000
vn 0.0000 1.0000 0.0000
vn 0.0000 1.0000 0.0000
vn 0.0000 1.0000 0.0000
vn 0.0000 1.0000 0.0000
vn 0.0000 1.0000 0.0000
vn 0.0000 1.0000 0.0000
vn 0.0000 1.0000 0.0000
vn 0.0000 1.0000 0.0000
vn 0.0000 1.0000 0.0000
vn 0.0000 1.0000 0.0000
vn 0.0000 1.0000 0.0000
vn 0.0000 1.0000 0.0000
vn 0.0000 1.0000 0.0000
vn 0.0000 1.0000 0.0000
vn 0.0000 1.0000 0.0000
vn 0.0000 1.0000 0.0000
vn 0.0000 1.0000 0.0000
vn 0.0000 1.0000 0.0000
vn 0.0000 1.0000 0.0000
vn 0.0000 1.0000 0.0000
vn 0.0000 1.0000 0.0000
vn 0.0000 1.0000 0.0000
vn 0.0000 1.0000 0.0000
vn 0.0000 1.0000 0.0000
vn 0.0000 1.0000 0.0000
vn 0.0000 1.0000 0.0000
vn 0.0000 1.0000 0.0000
vn 0.0000 1.0000 0.0000
vn 0.0000 1.0000 0.0000
vn 0.0000 1.0000 0.0000
vn 0.0000 1.0000 0.0000
vn 0.0000 1.0000 0.0000
vn 0.0000 1.0000 0.0000
vn 0.0000 1.0000 0.0000
vn 0.0000 1.0000 0.0000
vn 0.0000 1.0000 0.0000
vn 0.0000 1.0000 0.0000
vn 0.0000 1.0000 0.0000
vn 0.0000 1.0000 0.0000
vn 0.0000 1.0000 0.0000
vn 0.0000 1.0000 0.0000
vn 0.0000 1.0000 0.0000
vn 0.0000 1.0000 0.0000
vn 0.0000 1.0000 0.0000
vn 0.0000 1.0000 0.0000
vn 0.0000 1.0000 0.0000
vn 0.0000 1.0000 0.0000
vn 0.0000 1.0000 0.0000
vn 0.0000 1.0000 0.0000
vn 0.0000 1.0000 0.0000
vn 0.0000 1.0000 0.0000
vn 0.0000 1.0000 0.0000
vn 0.0000 1.0000 0.0000
vn 0.0000 1.0000 0.0000
vn 0.0000 1.0000 0.0000
vn 0.0000 1.0000 0.0000
vn 0.0000 1.0000 0.0000
vn 0.0000 1.0000 0.0000
vn 0.0000 1.0000 0.0000
vn 0.0000 1.0000 0.0000
vn 0.0000 1.0000 0.0000
vn 0.0000 1.0000 0.0000
vn 0.0000 1.0000 0.0000
vn 0.0000 1.0000 0.0000
vn 0.0000 1.0000 0.0000
vn 0.0000 1.0000 0.0000
vn 0.0000 1.0000 0.0000
vn 0.0000 1.0000 0.0000
vn 0.0000 1.0000 0.0000
vn 0.0000 1.0000 0.0000
vn 0.0000 1.0000 0.0000
vn 0.0000 1.0000 0.0000
vn 0.0000 1.0000 0.0000
vn 0.0000 1.0000 0.0000
vn 0.0000 1.0000 0.0000
vn 0.0000 1.0000 0.0000
vn 0.0000 1.0000 0.0000
vn 0.0000 1.0000 0.0000
vn 0.0000 1.0000 0.0000
vn 0.0000 1.0000 0.0000
vn 0.0000 1.0000 0.0000
vn 0.0000 1.0000 0.0000
vn 0.0000 1.0000 0.0000
vn 0.0000 1.0000 0.0000
vn 0.0000 1.0000 0.0000
vn 0.0000 1.0000 0.0000
vn 0.0000 1.0000 0.0000
vn 0.0000 1.0000 0.0000
vn 0.0000 1.0000 0.0000
vn 0.0000 1.0000 0.0000
vn 0.0000 1.0000 0.0000
vn 0.0000 1.0000 0.0000
vn 0.0000 1.0000 0.0000
vn 0.0000 1.0000 0.0000
vn 0.0000 1.0000 0.0000
vn 0.0000 1.0000 0.0000
vn 0.0000 1.0000 0.0000
vn 0.0000 1.0000 0.0000
vn 0.0000 1.0000 0.0000
vn 0.0000 1.0000 0.0000
vn 0.0000 1.0000 0.0000
vn 0.0000 1.0000 0.0000
vn 0.0000 1.0000 0.0000
vn 0.0000 1.0000 0.0000
vn 0.0000 1.0000 0.0000
vn 0.0000 1.0000 0.0000
vn 0.0000 1.0000 0.0000
vn 0.0000 1.0000 0.0000
vn 0.0000 1.0000 0.0000
vn 0.0000 1.0000 0.0000
vn 0.0000 1.0000 0.0000
vn 0.0000 1.0000 0.0000
vn 0.0000 1.0000 0.0000
vn 0.0000 1.0000 0.0000
vn 0.0000 1.0000 0.0000
vn 0.0000 1.0000 0.0000
vn 0.0000 1.0000 0.0000
vn 0.0000 1.0000 0.0000
vn 0.0000 1.0000 0.0000
vn 0.0000 1.0000 0.0000
vn 0.0000 1.0000 0.0000
vn 0.0000 1.0000 0.0000
vn 0.0000 1.0000 0.0000
vn 0.0000 1.0000 0.0000
vn 0.0000 1.0000 0.0000
vn 0.0000 1.0000 0.0000
vn 0.0000 1.0000 0.0000
vn 0.0000 1.0000 0.0000
vn 0.0000 1.0000 0.0000
vn 0.0000 1.0000 0.0000
vn 0.0000 1.0000 0.0000
vn 0.0000 1.0000 0.0000
vn 0.0000 1.0000 0.0000
vn 0.0000 1.0000 0.0000
vn 0.0000 1.0000 0.0000
vn 0.0000 1.0000 0.0000
vn 0.0000 1.0000 0.0000
vn 0.0000 1.0000 0.0000
vn 0.0000 1.0000 0.0000
vn 0.0000 1.0000 0.0000
vn 0.0000 1.0000 0.0000
vn 0.0000 1.0000 0.0000
vn 0.0000 1.0000 0.0000
vn 0.0000 1.0000 0.0000
vn 0.0000 1.0000 0.0000
vn 0.0000 1.0000 0.0000
vn 0.0000 1.0000 0.0000
vn 0.0000 1.0000 0.0000
vn 0.0000 1.0000 0.0000
vn 0.0000 1.0000 0.0000
vn 0.0000 1.0000 0.0000
vn 0.0000 1.0000 0.0000
vn 0.0000 1.0000 0.0000
vn 0.0000 1.0000 0.0000
vn 0.0000 1.0000 0.0000
vn 0.0000 1.0000 0.0000
vn 0.0000 1.0000 0.0000
vn 0.0000 1.0000 0.0000
vn 0.0000 1.0000 0.0000
vn 0.0000 1.0000 0.0000
vn 0.0000 1.0000 0.0000
vn 0.0000 1.0000 0.0000
vn 0.0000 1.0000 0.0000
vn 0.0000 1.0000 0.0000
vn 0.0000 1.0000 0.0000
vn 0.0000 1.0000 0.0000
vn 0.0000 1.0000 0.0000
vn 0.0000 1.0000 0.0000
vn 0.0000 1.0000 0.0000
vn 0.0000 1.0000 0.0000
vn 0.0000 1.0000 0.0000
vn 0.0000 1.0000 0.0000
vn 0.0000 1.0000 0.0000
vn 0.0000 1.0000 0.0000
vn 0.0000 1.0000 0.0000
vn 0.0000 1.0000 0.0000
vn 0.0000 1.0000 0.0000
vn 0.0000 1.0000 0.0000
vn 0.0000 1.0000 0.0000
vn 0.0000 1.0000 0.0000
vn 0.0000 1.0000 0.0000
vn 0.0000 1.0000 0.0000
vn 0.0000 1.0000 0.0000
vn 0.0000 1.0000 0.0000
vn 0.0000 1.0000 0.0000
vn 0.0000 1.0000 0.0000
vn 0.0000 1.0000 0.0000
vn 0.0000 1.0000 0.0000
vn 0.0000 1.0000 0.0000
vn 0.0000 1.0000 0.0000
vn 0.0000 1.0000 0.0000
vn 0.0000 1.0000 0.0000
vn 0.0000 1.0000 0.0000
vn 0.0000 1.0000 0.0000
vn 0.0000 1.0000 0.0000
vn 0.0000 1.0000 0.0000
vn 0.0000 1.0000 0.0000
vn 0.0000 1.0000 0.0000
vn 0.0000 1.0000 0.0000
vn 0.0000 1.0000 0.0000
vn 0.0000 1.0000 0.0000
vn 0.0000 1.0000 0.0000
vn 0.0000 1.0000 0.0000
vn 0.0000 1.0000 0.0000
vn 0.0000 1.0000 0.0000
vn 0.0000 1.0000 0.0000
vn 0.0000 1.0000 0.0000
vn 0.0000 1.0000 0.0000
vn 0.0000 1.0000 0.0000
vn 0.0000 1.0000 0.0000
vn 0.0000 1.0000 0.0000
vn 0.0000 1.0000 0.0000
vn 0.0000 1.0000 0.0000
vn 0.0000 1.0000 0.0000
vn 0.0000 1.0000 0.0000
vn 0.0000 1.0000 0.0000
vn 0.0000 1.0000 0.0000
vn 0.0000 1.0000 0.0000
vn 0.0000 1.0000 0.0000
vn 0.0000 1.0000 0.0000
vn 0.0000 1.0000 0.0000
vn 0.0000 1.0000 0.0000
vn 0.0000 1.0000 0.0000
vn 0.0000 1.0000 0.0000
vn 0.0000 1.0000 0.0000
vn 0.0000 1.0000 0.0000
vn 0.0000 1.0000 0.0000
vn 0.0000 1.0000 0.0000
vn 0.0000 1.0000 0.0000
vn 0.0000 1.0000 0.0000
vn 0.0000 1.0000 0.0000
vn 0.0000 1.0000 0.0000
vn 0.0000 1.0000 0.0000
vn 0.0000 1.0000 0.0000
vn 0.0000 1.0000 0.0000
vn 0.0000 1.0000 0.0000
vn 0.0000 1.0000 0.0000
vn 0.0000 1.0000 0.0000
vn 0.0000 1.0000 0.0000
vn 0.0000 1.0000 0.0000
vn 0.0000 1.0000 0.0000
vn 0.0000 1.0000 0.0000
vn 0.0000 1.0000 0.0000
vn 0.0000 1.0000 0.0000
vn 0.0000 1.0000 0.0000
vn 0.0000 1.0000 0.0000
vn 0.0000 1.0000 0.0000
vn 0.0000 1.0000 0.0000
vn 0.0000 1.0000 0.0000
vn 0.0000 1.0000 0.0000
vn 0.0000 1.0000 0.0000
vn 0.0000 1.0000 0.0000
vn 0.0000 1.0000 0.0000
vn 0.0000 1.0000 0.0000
vn 0.0000 1.0000 0.0000
vn 0.0000 1.0000 0.0000
vn 0.0000 1.0000 0.0000
vn 0.0000 1.0000 0.0000
vn 0.0000 1.0000 0.0000
vn 0.0000 1.0000 0.0000
vn 0.0000 1.0000 0.0000
vn 0.0000 1.0000 0.0000
vn 0.0000 1.0000 0.0000
vn 0.0000 1.0000 0.0000
vn 0.0000 1.0000 0.0000
vn 0.0000 1.0000 0.0000
vn 0.0000 1.0000 0.0000
vn 0.0000 1.0000 0.0000
vn 0.0000 1.0000 0.0000
vn 0.0000 1.0000 0.0000
vn 0.0000 1.0000 0.0000
vn 0.0000 1.0000 0.0000
vn 0.0000 1.0000 0.0000
vn 0.0000 1.0000 0.0000
vn 0.0000 1.0000 0.0000
vn 0.0000 1.0000 0.0000
vn 0.0000 1.0000 0.0000
vn 0.0000 1.0000 0.0000
vn 0.0000 1.0000 0.0000
vn 0.0000 1.0000 0.0000
vn 0.0000 1.0000 0.0000
vn 0.0000 1.0000 0.0000
vn 0.0000 1.0000 0.0000
vn 0.0000 1.0000 0.0000
vn 0.0000 1.0000 0.0000
vn 0.0000 1.0000 0.0000
vn 0.0000 1.0000 0.0000
vn 0.0000 1.0000 0.0000
vn 0.0000 1.0000 0.0000
vn 0.0000 1.0000 0.0000
vn 0.0000 1.0000 0.0000
vn 0.0000 1.0000 0.0000
vn 0.0000 1.0000 0.0000
vn 0.0000 1.0000 0.0000
vn 0.0000 1.0000 0.0000
vn 0.0000 1.0000 0.0000
vn 0.0000 1.0000 0.0000
vn 0.0000 1.0000 0.0000
vn 0.0000 1.0000 0.0000
vn 0.0000 1.0000 0.0000
vn 0.0000 1.0000 0.0000
vn 0.0000 1.0000 0.0000
vn 0.0000 1.0000 0.0000
vn 0.0000 1.0000 0.0000
vn 0.0000 1.0000 0.0000
vn 0.0000 1.0000 0.0000
vn 0.0000 1.0000 0.0000
vn 0.0000 1.0000 0.0000
vn 0.0000 1.0000 0.0000
vn 0.0000 1.0000 0.0000
vn 0.0000 1.0000 0.0000
vn 0.0000 1.0000 0.0000
vn 0.0000 1.0000 0.0000
vn 0.0000 1.0000 0.0000
vn 0.0000 1.0000 0.0000
vn 0.0000 1.0000 0.0000
vn 0.0000 1.0000 0.0000
vn 0.0000 1.0000 0.0000
vn 0.0000 1.0000 0.0000
vn 0.0000 1.0000 0.0000
vn 0.0000 1.0000 0.0000
vn 0.0000 1.0000 0.0000
vn 0.0000 1.0000 0.0000
vn 0.0000 1.0000 0.0000
vn 0.0000 1.0000 0.0000
vn 0.0000 1.0000 0.0000
vn 0.0000 1.0000 0.0000
vn 0.0000 1.0000 0.0000
vn 0.0000 1.0000 0.0000
vn 0.0000 1.0000 0.0000
vn 0.0000 1.0000 0.0000
vn 0.0000 1.0000 0.0000
vn 0.0000 1.0000 0.0000
vn 0.0000 1.0000 0.0000
vn 0.0000 1.0000 0.0000
vn 0.0000 1.0000 0.0000
vn 0.0000 1.0000 0.0000
vn 0.0000 1.0000 0.0000
vn 0.0000 1.0000 0.0000
vn 0.0000 1.0000 0.0000
vn 0.0000 1.0000 0.0000
vn 0.0000 1.0000 0.0000
vn 0.0000 1.0000 0.0000
vn 0.0000 1.0000 0.0000
vn 0.0000 1.0000 0.0000
vn 0.0000 1.0000 0.0000
vn 0.0000 1.0000 0.0000
vn 0.0000 1.0000 0.0000
vn 0.0000 1.0000 0.0000
vn 0.0000 1.0000 0.0000
vn 0.0000 1.0000 0.0000
vn 0.0000 1.0000 0.0000
vn 0.0000 1.0000 0.0000
vn 0.0000 1.0000 0.0000
vn 0.0000 1.0000 0.0000
vn 0.0000 1.0000 0.0000
vn 0.0000 1.0000 0.0000
vn 0.0000 1.0000 0.0000
vn 0.0000 1.0000 0.0000
vn 0.0000 1.0000 0.0000
vn 0.0000 1.0000 0.0000
vn 0.0000 1.0000 0.0000
vn 0.0000 1.0000 0.0000
vn 0.0000 1.0000 0.0000
vn 0.0000 1.0000 0.0000
vn 0.0000 1.0000 0.0000
vn 0.0000 1.0000 0.0000
vn 0.0000 1.0000 0.0000
vn 0.0000 1.0000 0.0000
vn 0.0000 1.0000 0.0000
vn 0.0000 1.0000 0.0000
vn 0.0000 1.0000 0.0000
vn 0.0000 1.0000 0.0000
vn 0.0000 1.0000 0.0000
vn 0.0000 1.0000 0.0000
vn 0.0000 1.0000 0.0000
vn 0.0000 1.0000 0.0000
vn 0.0000 1.0000 0.0000
vn 0.0000 1.0000 0.0000
vn 0.0000 1.0000 0.0000
vn 0.0000 1.0000 0.0000
vn 0.0000 1.0000 0.0000
vn 0.0000 1.0000 0.0000
vn 0.0000 1.0000 0.0000
vn 0.0000 1.0000 0.0000
vn 0.0000 1.0000 0.0000
vn 0.0000 1.0000 0.0000
vn 0.0000 1.0000 0.0000
vn 0.0000 1.0000 0.0000
vn 0.0000 1.0000 0.0000
vn 0.0000 1.0000 0.0000
vn 0.0000 1.0000 0.0000
vn 0.0000 1.0000 0.0000
vn 0.0000 1.0000 0.0000
vn 0.0000 1.0000 0.0000
vn 0.0000 1.0000 0.0000
vn 0.0000 1.0000 0.0000
vn 0.0000 1.0000 0.0000
vn 0.0000 1.0000 0.0000
vn 0.0000 1.0000 0.0000
vn 0.0000 1.0000 0.0000
vn 0.0000 1.0000 0.0000
vn 0.0000 1.0000 0.0000
vn 0.0000 1.0000 0.0000
vn 0.0000 1.0000 0.0000
vn 0.0000 1.0000 0.0000
vn 0.0000 1.0000 0.0000
vn 0.0000 1.0000 0.0000
vn 0.0000 1.0000 0.0000
vn 0.0000 1.0000 0.0000
vn 0.0000 1.0000 0.0000
vn 0.0000 1.0000 0.0000
vn 0.0000 1.0000 0.0000
vn 0.0000 1.0000 0.0000
vn 0.0000 1.0000 0.0000
vn 0.0000 1.0000 0.0000
vn 0.0000 1.0000 0.0000
vn 0.0000 1.0000 0.0000
vn 0.0000 1.0000 0.0000
vn 0.0000 1.0000 0.0000
vn 0.0000 1.0000 0.0000
vn 0.0000 1.0000 0.0000
vn 0.0000 1.0000 0.0000
vn 0.0000 1.0000 0.0000
vn 0.0000 1.0000 0.0000
vn 0.0000 1.0000 0.0000
vn 0.0000 1.0000 0.0000
vn 0.0000 1.0000 0.0000
vn 0.0000 1.0000 0.0000
vn 0.0000 1.0000 0.0000
vn 0.0000 1.0000 0.0000
vn 0.0000 1.0000 0.0000
vn 0.0000 1.0000 0.0000
vn 0.0000 1.0000 0.0000
vn 0.0000 1.0000 0.0000
vn 0.0000 1.0000 0.0000
vn 0.0000 1.0000 0.0000
vn 0.0000 1.0000 0.0000
vn 0.0000 1.0000 0.0000
vn 0.0000 1.0000 0.0000
vn 0.0000 1.0000 0.0000
vn 0.0000 1.0000 0.0000
vn 0.0000 1.0000 0.0000
vn 0.0000 1.0000 0.0000
vn 0.0000 1.0000 0.0000
vn 0.0000 1.0000 0.0000
vn 0.0000 1.0000 0.0000
vn 0.0000 1.0000 0.0000
vn 0.0000 1.0000 0.0000
vn 0.0000 1.0000 0.0000
vn 0.0000 1.0000 0.0000
vn 0.0000 1.0000 0.0000
vn 0.0000 1.0000 0.0000
vn 0.0000 1.0000 0.0000
vn 0.0000 1.0000 0.0000
vn 0.0000 1.0000 0.0000
vn 0.0000 1.0000 0.0000
vn 0.0000 1.0000 0.0000
vn 0.0000 1.0000 0.0000
vn 0.0000 1.0000 0.0000
vn 0.0000 1.0000 0.0000
vn 0.0000 1.0000 0.0000
vn 0.0000 1.0000 0.0000
vn 0.0000 1.0000 0.0000
vn 0.0000 1.0000 0.0000
vn 0.0000 1.0000 0.0000
vn 0.0000 1.0000 0.0000
vn 0.0000 1.0000 0.0000
vn 0.0000 1.0000 0.0000
vn 0.0000 1.0000 0.0000
vn 0.0000 1.0000 0.0000
vn 0.0000 1.0000 0.0000
vn 0.0000 1.0000 0.0000
vn 0.0000 1.0000 0.0000
vn 0.0000 1.0000 0.0000
vn 0.0000 1.0000 0.0000
vn 0.0000 1.0000 0.0000
vn 0.0000 1.0000 0.0000
vn 0.0000 1.0000 0.0000
vn 0.0000 1.0000 0.0000
vn 0.0000 1.0000 0.0000
vn 0.0000 1.0000 0.0000
vn 0.0000 1.0000 0.0000
vn 0.0000 1.0000 0.0000
vn 0.0000 1.0000 0.0000
vn 0.0000 1.0000 0.0000
vn 0.0000 1.0000 0.0000
vn 0.0000 1.0000 0.0000
vn 0.0000 1.0000 0.0000
vn 0.0000 1.0000 0.0000
vn 0.0000 1.0000 0.0000
vn 0.0000 1.0000 0.0000
vn 0.0000 1.0000 0.0000
vn 0.0000 1.0000 0.0000
vn 0.0000 1.0000 0.0000
vn 0.0000 1.0000 0.0000
vn 0.0000 1.0000 0.0000
vn 0.0000 1.0000 0.0000
vn 0.0000 1.0000 0.0000
vn 0.0000 1.0000 0.0000
vn 0.0000 1.0000 0.0000
vn 0.0000 1.0000 0.0000
vn 0.0000 1.0000 0.0000
vn 0.0000 1.0000 0.0000
vn 0.0000 1.0000 0.0000
vn 0.0000 1.0000 0.0000
vn 0.0000 1.0000 0.0000
vn 0.0000 1.0000 0.0000
vn 0.0000 1.0000 0.0000
vn 0.0000 1.0000 0.0000
vn 0.0000 1.0000 0.0000
vn 0.0000 1.0000 0.0000
vn 0.0000 1.0000 0.0000
vn 0.0000 1.0000 0.0000
vn 0.0000 1.0000 0.0000
vn 0.0000 1.0000 0.0000
vn 0.0000 1.0000 0.0000
vn 0.0000 1.0000 0.0000
vn 0.0000 1.0000 0.0000
vn 0.0000 1.0000 0.0000
vn 0.0000 1.0000 0.0000
vn 0.0000 1.0000 0.0000
vn 0.0000 1.0000 0.0000
vn 0.0000 1.0000 0.0000
vn 0.0000 1.0000 0.0000
vn 0.0000 1.0000 0.0000
vn 0.0000 1.0000 0.0000
vn 0.0000 1.0000 0.0000
vn 0.0000 1.0000 0.0000
vn 0.0000 1.0000 0.0000
vn 0.0000 1.0000 0.0000
vn 0.0000 1.0000 0.0000
vn 0.0000 1.0000 0.0000
vn 0.0000 1.0000 0.0000
vn 0.0000 1.0000 0.0000
vn 0.0000 1.0000 0.0000
vn 0.0000 1.0000 0.0000
vn 0.0000 1.0000 0.0000
vn 0.0000 1.0000 0.0000
vn 0.0000 1.0000 0.0000
vn 0.0000 1.0000 0.0000
vn 0.0000 1.0000 0.0000
vn 0.0000 1.0000 0.0000
vn 0.0000 1.0000 0.0000
vn 0.0000 1.0000 0.0000
vn 0.0000 1.0000 0.0000
vn 0.0000 1.0000 0.0000
vn 0.0000 1.0000 0.0000
vn 0.0000 1.0000 0.0000
vn 0.0000 1.0000 0.0000
vn 0.0000 1.0000 0.0000
vn 0.0000 1.0000 0.0000
vn 0.0000 1.0000 0.0000
vn 0.0000 1.0000 0.0000
vn 0.0000 1.0000 0.0000
vn 0.0000 1.0000 0.0000
vn 0.0000 1.0000 0.0000
vn 0.0000 1.0000 0.0000
vn 0.0000 1.0000 0.0000
vn 0.0000 1.0000 0.0000
vn 0.0000 1.0000 0.0000
vn 0.0000 1.0000 0.0000
vn 0.0000 1.0000 0.0000
vn 0.0000 1.0000 0.0000
vn 0.0000 1.0000 0.0000
vn 0.0000 1.0000 0.0000
vn 0.0000 1.0000 0.0000
vn 0.0000 1.0000 0.0000
vn 0.0000 1.0000 0.0000
vn 0.0000 1.0000 0.0000
vn 0.0000 1.0000 0.0000
vn 0.0000 1.0000 0.0000
vn 0.0000 1.0000 0.0000
vn 0.0000 1.0000 0.0000
vn 0.0000 1.0000 0.0000
vn 0.0000 1.0000 0.0000
vn 0.0000 1.0000 0.0000
vn 0.0000 1.0000 0.0000
vn 0.0000 1.0000 0.0000
vn 0.0000 1.0000 0.0000
vn 0.0000 1.0000 0.0000
vn 0.0000 1.0000 0.0000
vn 0.0000 1.0000 0.0000
vn 0.0000 1.0000 0.0000
vn 0.0000 1.0000 0.0000
vn 0.0000 1.0000 0.0000
vn 0.0000 1.0000 0.0000
vn 0.0000 1.0000 0.0000
vn 0.0000 1.0000 0.0000
vn 0.0000 1.0000 0.0000
vn 0.0000 1.0000 0.0000
vn 0.0000 1.0000 0.0000
vn 0.0000 1.0000 0.0000
vn 0.0000 1.0000 0.0000
vn 0.0000 1.0000 0.0000
vn 0.0000 1.0000 0.0000
vn 0.0000 1.0000 0.0000
vn 0.0000 1.0000 0.0000
vn 0.0000 1.0000 0.0000
vn 0.0000 1.0000 0.0000
vn 0.0000 1.0000 0.0000
vn 0.0000 1.0000 0.0000
vn 0.0000 1.0000 0.0000
vn 0.0000 1.0000 0.0000
vn 0.0000 1.0000 0.0000
vn 0.0000 1.0000 0.0000
vn 0.0000 1.0000 0.0000
vn 0.0000 1.0000 0.0000
vn 0.0000 1.0000 0.0000
vn 0.0000 1.0000 0.0000
vn 0.0000 1.0000 0.0000
vn 0.0000 1.0000 0.0000
vn 0.0000 1.0000 0.0000
vn 0.0000 1.0000 0.0000
vn 0.0000 1.0000 0.0000
vn 0.0000 1.0000 0.0000
vn 0.0000 1.0000 0.0000
vn 0.0000 1.0000 0.0000
vn 0.0000 1.0000 0.0000
vn 0.0000 1.0000 0.0000
vn 0.0000 1.0000 0.0000
vn 0.0000 1.0000 0.0000
vn 0.0000 1.0000 0.0000
vn 0.0000 1.0000 0.0000
vn 0.0000 1.0000 0.0000
vn 0.0000 1.0000 0.0000
vn 0.0000 1.0000 0.0000
vn 0.0000 1.0000 0.0000
vn 0.0000 1.0000 0.0000
vn 0.0000 1.0000 0.0000
vn 0.0000 1.0000 0.0000
vn 0.0000 1.0000 0.0000
vn 0.0000 1.0000 0.0000
vn 0.0000 1.0000 0.0000
vn 0.0000 1.0000 0.0000
vn 0.0000 1.0000 0.0000
vn 0.0000 1.0000 0.0000
vn 0.0000 1.0000 0.0000
vn 0.0000 1.0000 0.0000
vn 0.0000 1.0000 0.0000
vn 0.0000 1.0000 0.0000
vn 0.0000 1.0000 0.0000
vn 0.0000 1.0000 0.0000
vn 0.0000 1.0000 0.0000
vn 0.0000 1.0000 0.0000
vn 0.0000 1.0000 0.0000
vn 0.0000 1.0000 0.0000
vn 0.0000 1.0000 0.0000
vn 0.0000 1.0000 0.0000
vn 0.0000 1.0000 0.0000
vn 0.0000 1.0000 0.0000
vn 0.0000 1.0000 0.0000
vn 0.0000 1.0000 0.0000
vn 0.0000 1.0000 0.0000
vn 0.0000 1.0000 0.0000
vn 0.0000 1.0000 0.0000
vn 0.0000 1.0000 0.0000
vn 0.0000 1.0000 0.0000
vn 0.0000 1.0000 0.0000
vn 0.0000 1.0000 0.0000
vn 0.0000 1.0000 0.0000
vn 0.0000 1.0000 0.0000
vn 0.0000 1.0000 0.0000
vn 0.0000 1.0000 0.0000
vn 0.0000 1.0000 0.0000
vn 0.0000 1.0000 0.0000
vn 0.0000 1.0000 0.0000
vn 0.0000 1.0000 0.0000
vn 0.0000 1.0000 0.0000
vn 0.0000 1.0000 0.0000
vn 0.0000 1.0000 0.0000
vn 0.0000 1.0000 0.0000
vn 0.0000 1.0000 0.0000
vn 0.0000 1.0000 0.0000
vn 0.0000 1.0000 0.0000
vn 0.0000 1.0000 0.0000
vn 0.0000 1.0000 0.0000
vn 0.0000 1.0000 0.0000
vn 0.0000 1.0000 0.0000
vn 0.0000 1.0000 0.0000
vn 0.0000 1.0000 0.0000
vn 0.0000 1.0000 0.0000
vn 0.0000 1.0000 0.0000
vn 0.0000 1.0000 0.0000
vn 0.0000 1.0000 0.0000
vn 0.0000 1.0000 0.0000
vn 0.0000 1.0000 0.0000
vn 0.0000 1.0000 0.0000
vn 0.0000 1.0000 0.0000
vn 0.0000 1.0000 0.0000
vn 0.0000 1.0000 0.0000
vn 0.0000 1.0000 0.0000
vn 0.0000 1.0000 0.0000
vn 0.0000 1.0000 0.0000
vn 0.0000 1.0000 0.0000
vn 0.0000 1.0000 0.0000
vn 0.0000 1.0000 0.0000
vn 0.0000 1.0000 0.0000
vn 0.0000 1.0000 0.0000
vn 0.0000 1.0000 0.0000
vn 0.0000 1.0000 0.0000
vn 0.0000 1.0000 0.0000
vn 0.0000 1.0000 0.0000
vn 0.0000 1.0000 0.0000
vn 0.0000 1.0000 0.0000
vn 0.0000 1.0000 0.0000
vn 0.0000 1.0000 0.0000
vn 0.0000 1.0000 0.0000
vn 0.0000 1.0000 0.0000
vn 0.0000 1.0000 0.0000
vn 0.0000 1.0000 0.0000
vn 0.0000 1.0000 0.0000
vn 0.0000 1.0000 0.0000
vn 0.0000 1.0000 0.0000
vn 0.0000 1.0000 0.0000
vn 0.0000 1.0000 0.0000
vn 0.0000 1.0000 0.0000
vn 0.0000 1.0000 0.0000
vn 0.0000 1.0000 0.0000
vn 0.0000 1.0000 0.0000
vn 0.0000 1.0000 0.0000
vn 0.0000 1.0000 0.0000
vn 0.0000 1.0000 0.0000
vn 0.0000 1.0000 0.0000
vn 0.0000 1.0000 0.0000
vn 0.0000 1.0000 0.0000
vn 0.0000 1.0000 0.0000
vn 0.0000 1.0000 0.0000
vn 0.0000 1.0000 0.0000
vn 0.0000 1.0000 0.0000
vn 0.0000 1.0000 0.0000
vn 0.0000 1.0000 0.0000
vn 0.0000 1.0000 0.0000
vn 0.0000 1.0000 0.0000
vn 0.0000 1.0000 0.0000
vn 0.0000 1.0000 0.0000
vn 0.0000 1.0000 0.0000
vn 0.0000 1.0000 0.0000
vn 0.0000 1.0000 0.0000
vn 0.0000 1.0000 0.0000
vn 0.0000 1.0000 0.0000
vn 0.0000 1.0000 0.0000
vn 0.0000 1.0000 0.0000
vn 0.0000 1.0000 0.0000
vn 0.0000 1.0000 0.0000
vn 0.0000 1.0000 0.0000
vn 0.0000 1.0000 0.0000
vn 0.0000 1.0000 0.0000
vn 0.0000 1.0000 0.0000
vn 0.0000 1.0000 0.0000
vn 0.0000 1.0000 0.0000
vn 0.0000 1.0000 0.0000
vn 0.0000 1.0000 0.0000
vn 0.0000 1.0000 0.0000
vn 0.0000 1.0000 0.0000
vn 0.0000 1.0000 0.0000
vn 0.0000 1.0000 0.0000
vn 0.0000 1.0000 0.0000
vn 0.0000 1.0000 0.0000
vn 0.0000 1.0000 0.0000
vn 0.0000 1.0000 0.0000
vn 0.0000 1.0000 0.0000
vn 0.0000 1.0000 0.0000
vn 0.0000 1.0000 0.0000
vn 0.0000 1.0000 0.0000
vn 0.0000 1.0000 0.0000
vn 0.0000 1.0000 0.0000
vn 0.0000 1.0000 0.0000
vn 0.0000 1.0000 0.0000
vn 0.0000 1.0000 0.0000
vn 0.0000 1.0000 0.0000
vn 0.0000 1.0000 0.0000
vn 0.0000 1.0000 0.0000
vn 0.0000 1.0000 0.0000
vn 0.0000 1.0000 0.0000
vn 0.0000 1.0000 0.0000
vn 0.0000 1.0000 0.0000
vn 0.0000 1.0000 0.0000
vn 0.0000 1.0000 0.0000
vn 0.0000 1.0000 0.0000
vn 0.0000 1.0000 0.0000
vn 0.0000 1.0000 0.0000
vn 0.0000 1.0000 0.0000
vn 0.0000 1.0000 0.0000
vn 0.0000 1.0000 0.0000
vn 0.0000 1.0000 0.0000
vn 0.0000 1.0000 0.0000
vn 0.0000 1.0000 0.0000
vn 0.0000 1.0000 0.0000
vn 0.0000 1.0000 0.0000
vn 0.0000 1.0000 0.0000
vn 0.0000 1.0000 0.0000
vn 0.0000 1.0000 0.0000
vn 0.0000 1.0000 0.0000
vn 0.0000 1.0000 0.0000
vn 0.0000 1.0000 0.0000
vn 0.0000 1.0000 0.0000
vn 0.0000 1.0000 0.0000
vn 0.0000 1.0000 0.0000
vn 0.0000 1.0000 0.0000
vn 0.0000 1.0000 0.0000
vn 0.0000 1.0000 0.0000
vn 0.0000 1.0000 0.0000
vn 0.0000 1.0000 0.0000
vn 0.0000 1.0000 0.0000
vn 0.0000 1.0000 0.0000
vn 0.0000 1.0000 0.0000
vn 0.0000 1.0000 0.0000
vn 0.0000 1.0000 0.0000
vn 0.0000 1.0000 0.0000
vn 0.0000 1.0000 0.0000
vn 0.0000 1.0000 0.0000
vn 0.0000 1.0000 0.0000
vn 0.0000 1.0000 0.0000
vn 0.0000 1.0000 0.0000
vn 0.0000 1.0000 0.0000
vn 0.0000 1.0000 0.0000
vn 0.0000 1.0000 0.0000
vn 0.0000 1.0000 0.0000
vn 0.0000 1.0000 0.0000
vn 0.0000 1.0000 0.0000
vn 0.0000 1.0000 0.0000
vn 0.0000 1.0000 0.0000
vn 0.0000 1.0000 0.0000
vn 0.0000 1.0000 0.0000
vn 0.0000 1.0000 0.0000
vn 0.0000 1.0000 0.0000
vn 0.0000 1.0000 0.0000
vn 0.0000 1.0000 0.0000
vn 0.0000 1.0000 0.0000
vn 0.0000 1.0000 0.0000
vn 0.0000 1.0000 0.0000
vn 0.0000 1.0000 0.0000
vn 0.0000 1.0000 0.0000
vn 0.0000 1.0000 0.0000
vn 0.0000 1.0000 0.0000
vn 0.0000 1.0000 0.0000
vn 0.0000 1.0000 0.0000
vn 0.0000 1.0000 0.0000
vn 0.0000 1.0000 0.0000
vn 0.0000 1.0000 0.0000
vn 0.0000 1.0000 0.0000
vn 0.0000 1.0000 0.0000
vn 0.0000 1.0000 0.0000
vn 0.0000 1.0000 0.0000
vn 0.0000 1.0000 0.0000
vn 0.0000 1.0000 0.0000
vn 0.0000 1.0000 0.0000
vn 0.0000 1.0000 0.0000
vn 0.0000 1.0000 0.0000
vn 0.0000 1.0000 0.0000
vn 0.0000 1.0000 0.0000
vn 0.0000 1.0000 0.0000
vn 0.0000 1.0000 0.0000
vn 0.0000 1.0000 0.0000
vn 0.0000 1.0000 0.0000
vn 0.0000 1.0000 0.0000
vn 0.0000 1.0000 0.0000
vn 0.0000 1.0000 0.0000
vn 0.0000 1.0000 0.0000
vn 0.0000 1.0000 0.0000
vn 0.0000 1.0000 0.0000
vn 0.0000 1.0000 0.0000
vn 0.0000 1.0000 0.0000
vn 0.0000 1.0000 0.0000
vn 0.0000 1.0000 0.0000
vn 0.0000 1.0000 0.0000
vn 0.0000 1.0000 0.0000
vn 0.0000 1.0000 0.0000
vn 0.0000 1.0000 0.0000
vn 0.0000 1.0000 0.0000
vn 0.0000 1.0000 0.0000
vn 0.0000 1.0000 0.0000
vn 0.0000 1.0000 0.0000
vn 0.0000 1.0000 0.0000
vn 0.0000 1.0000 0.0000
vn 0.0000 1.0000 0.0000
vn 0.0000 1.0000 0.0000
vn 0.0000 1.0000 0.0000
vn 0.0000 1.0000 0.0000
vn 0.0000 1.0000 0.0000
vn 0.0000 1.0000 0.0000
vn 0.0000 1.0000 0.0000
vn 0.0000 1.0000 0.0000
vn 0.0000 1.0000 0.0000
vn 0.0000 1.0000 0.0000
vn 0.0000 1.0000 0.0000
vn 0.0000 1.0000 0.0000
vn 0.0000 1.0000 0.0000
vn 0.0000 1.0000 0.0000
vn 0.0000 1.0000 0.0000
vn 0.0000 1.0000 0.0000
vn 0.0000 1.0000 0.0000
vn 0.0000 1.0000 0.0000
vn 0.0000 1.0000 0.0000
vn 0.0000 1.0000 0.0000
vn 0.0000 1.0000 0.0000
vn 0.0000 1.0000 0.0000
vn 0.0000 1.0000 0.0000
vn 0.0000 1.0000 0.0000
vn 0.0000 1.0000 0.0000
vn 0.0000 1.0000 0.0000
vn 0.0000 1.0000 0.0000
vn 0.0000 1.0000 0.0000
vn 0.0000 1.0000 0.0000
vn 0.0000 1.0000 0.0000
vn 0.0000 1.0000 0.0000
vn 0.0000 1.0000 0.0000
vn 0.0000 1.0000 0.0000
vn 0.0000 1.0000 0.0000
vn 0.0000 1.0000 0.0000
vn 0.0000 1.0000 0.0000
vn 0.0000 1.0000 0.0000
vn 0.0000 1.0000 0.0000
vn 0.0000 1.0000 0.0000
vn 0.0000 1.0000 0.0000
vn 0.0000 1.0000 0.0000
vn 0.0000 1.0000 0.0000
vn 0.0000 1.0000 0.0000
vn 0.0000 1.0000 0.0000
vn 0.0000 1.0000 0.0000
vn 0.0000 1.0000 0.0000
vn 0.0000 1.0000 0.0000
vn 0.0000 1.0000 0.0000
vn 0.0000 1.0000 0.0000
vn 0.0000 1.0000 0.0000
vn 0.0000 1.0000 0.0000
vn 0.0000 1.0000 0.0000
vn 0.0000 1.0000 0.0000
vn 0.0000 1.0000 0.0000
vn 0.0000 1.0000 0.0000
vn 0.0000 1.0000 0.0000
vn 0.0000 1.0000 0.0000
vn 0.0000 1.0000 0.0000
vn 0.0000 1.0000 0.0000
vn 0.0000 1.0000 0.0000
vn 0.0000 1.0000 0.0000
vn 0.0000 1.0000 0.0000
vn 0.0000 1.0000 0.0000
vn 0.0000 1.0000 0.0000
vn 0.0000 1.0000 0.0000
vn 0.0000 1.0000 0.0000
vn 0.0000 1.0000 0.0000
vn 0.0000 1.0000 0.0000
vn 0.0000 1.0000 0.0000
vn 0.0000 1.0000 0.0000
vn 0.0000 1.0000 0.0000
vn 0.0000 1.0000 0.0000
vn 0.0000 1.0000 0.0000
vn 0.0000 1.0000 0.0000
vn 0.0000 1.0000 0.0000
vn 0.0000 1.0000 0.0000
vn 0.0000 1.0000 0.0000
vn 0.0000 1.0000 0.0000
vn 0.0000 1.0000 0.0000
vn 0.0000 1.0000 0.0000
vn 0.0000 1.0000 0.0000
vn 0.0000 1.0000 0.0000
vn 0.0000 1.0000 0.0000
vn 0.0000 1.0000 0.0000
vn 0.0000 1.0000 0.0000
vn 0.0000 1.0000 0.0000
vn 0.0000 1.0000 0.0000
vn 0.0000 1.0000 0.0000
vn 0.0000 1.0000 0.0000
vn 0.0000 1.0000 0.0000
vn 0.0000 1.0000 0.0000
vn 0.0000 1.0000 0.0000
vn 0.0000 1.0000 0.0000
vn 0.0000 1.0000 0.0000
vn 0.0000 1.0000 0.0000
vn 0.0000 1.0000 0.0000
vn 0.0000 1.0000 0.0000
vn 0.0000 1.0000 0.0000
vn 0.0000 1.0000 0.0000
vn 0.0000 1.0000 0.0000
vn 0.0000 1.0000 0.0000
vn 0.0000 1.0000 0.0000
vn 0.0000 1.0000 0.0000
vn 0.0000 1.0000 0.0000
vn 0.0000 1.0000 0.0000
vn 0.0000 1.0000 0.0000
vn 0.0000 1.0000 0.0000
vn 0.0000 1.0000 0.0000
vn 0.0000 1.0000 0.0000
vn 0.0000 1.0000 0.0000
vn 0.0000 1.0000 0.0000
vn 0.0000 1.0000 0.0000
vn 0.0000 1.0000 0.0000
vn 0.0000 1.0000 0.0000
vn 0.0000 1.0000 0.0000
vn 0.0000 1.0000 0.0000
vn 0.0000 1.0000 0.0000
vn 0.0000 1.0000 0.0000
vn 0.0000 1.0000 0.0000
vn 0.0000 1.0000 0.0000
vn 0.0000 1.0000 0.0000
vn 0.0000 1.0000 0.0000
vn 0.0000 1.0000 0.0000
vn 0.0000 1.0000 0.0000
vn 0.0000 1.0000 0.0000
vn 0.0000 1.0000 0.0000
vn 0.0000 1.0000 0.0000
vn 0.0000 1.0000 0.0000
vn 0.0000 1.0000 0.0000
vn 0.0000 1.0000 0.0000
vn 0.0000 1.0000 0.0000
vn 0.0000 1.0000 0.0000
vn 0.0000 1.0000 0.0000
vn 0.0000 1.0000 0.0000
vn 0.0000 1.0000 0.0000
vn 0.0000 1.0000 0.0000
vn 0.0000 1.0000 0.0000
vn 0.0000 1.0000 0.0000
vn 0.0000 1.0000 0.0000
vn 0.0000 1.0000 0.0000
vn 0.0000 1.0000 0.0000
vn 0.0000 1.0000 0.0000
vn 0.0000 1.0000 0.0000
vn 0.0000 1.0000 0.0000
vn 0.0000 1.0000 0.0000
vn 0.0000 1.0000 0.0000
vn 0.0000 1.0000 0.0000
vn 0.0000 1.0000 0.0000
vn 0.0000 1.0000 0.0000
vn 0.0000 1.0000 0.0000
vn 0.0000 1.0000 0.0000
vn 0.0000 1.0000 0.0000
vn 0.0000 1.0000 0.0000
vn 0.0000 1.0000 0.0000
vn 0.0000 1.0000 0.0000
vn 0.0000 1.0000 0.0000
vn 0.0000 1.0000 0.0000
vn 0.0000 1.0000 0.0000
vn 0.0000 1.0000 0.0000
vn 0.0000 1.0000 0.0000
vn 0.0000 1.0000 0.0000
vn 0.0000 1.0000 0.0000
vn 0.0000 1.0000 0.0000
vn 0.0000 1.0000 0.0000
vn 0.0000 1.0000 0.0000
vn 0.0000 1.0000 0.0000
vn 0.0000 1.0000 0.0000
vn 0.0000 1.0000 0.0000
vn 0.0000 1.0000 0.0000
vn 0.0000 1.0000 0.0000
vn 0.0000 1.0000 0.0000
vn 0.0000 1.0000 0.0000
vn 0.0000 1.0000 0.0000
vn 0.0000 1.0000 0.0000
vn 0.0000 1.0000 0.0000
vn 0.0000 1.0000 0.0000
vn 0.0000 1.0000 0.0000
vn 0.0000 1.0000 0.0000
vn 0.0000 1.0000 0.0000
vn 0.0000 1.0000 0.0000
vn 0.0000 1.0000 0.0000
vn 0.0000 1.0000 0.0000
vn 0.0000 1.0000 0.0000
vn 0.0000 1.0000 0.0000
vn 0.0000 1.0000 0.0000
vn 0.0000 1.0000 0.0000
vn 0.0000 1.0000 0.0000
vn 0.0000 1.0000 0.0000
vn 0.0000 1.0000 0.0000
vn 0.0000 1.0000 0.0000
vn 0.0000 1.0000 0.0000
vn 0.0000 1.0000 0.0000
vn 0.0000 1.0000 0.0000
vn 0.0000 1.0000 0.0000
vn 0.0000 1.0000 0.0000
vn 0.0000 1.0000 0.0000
vn 0.0000 1.0000 0.0000
vn 0.0000 1.0000 0.0000
vn 0.0000 1.0000 0.0000
vn 0.0000 1.0000 0.0000
vn 0.0000 1.0000 0.0000
vn 0.0000 1.0000 0.0000
vn 0.0000 1.0000 0.0000
vn 0.0000 1.0000 0.0000
vn 0.0000 1.0000 0.0000
vn 0.0000 1.0000 0.0000
vn 0.0000 1.0000 0.0000
vn 0.0000 1.0000 0.0000
vn 0.0000 1.0000 0.0000
vn 0.0000 1.0000 0.0000
vn 0.0000 1.0000 0.0000
vn 0.0000 1.0000 0.0000
vn 0.0000 1.0000 0.0000
vn 0.0000 1.0000 0.0000
vn 0.0000 1.0000 0.0000
vn 0.0000 1.0000 0.0000
vn 0.0000 1.0000 0.0000
vn 0.0000 1.0000 0.0000
vn 0.0000 1.0000 0.0000
vn 0.0000 1.0000 0.0000
vn 0.0000 1.0000 0.0000
vn 0.0000 1.0000 0.0000
vn 0.0000 1.0000 0.0000
vn 0.0000 1.0000 0.0000
vn 0.0000 1.0000 0.0000
vn 0.0000 1.0000 0.0000
vn 0.0000 1.0000 0.0000
vn 0.0000 1.0000 0.0000
vn 0.0000 1.0000 0.0000
vn 0.0000 1.0000 0.0000
vn 0.0000 1.0000 0.0000
vn 0.0000 1.0000 0.0000
vn 0.0000 1.0000 0.0000
vn 0.0000 1.0000 0.0000
vn 0.0000 1.0000 0.0000
vn 0.0000 1.0000 0.0000
vn 0.0000 1.0000 0.0000
vn 0.0000 1.0000 0.0000
vn 0.0000 1.0000 0.0000
vn 0.0000 1.0000 0.0000
vn 0.0000 1.0000 0.0000
vn 0.0000 1.0000 0.0000
vn 0.0000 1.0000 0.0000
vn 0.0000 1.0000 0.0000
vn 0.0000 1.0000 0.0000
vn 0.0000 1.0000 0.0000
vn 0.0000 1.0000 0.0000
vn 0.0000 1.0000 0.0000
vn 0.0000 1.0000 0.0000
vn 0.0000 1.0000 0.0000
vn 0.0000 1.0000 0.0000
vn 0.0000 1.0000 0.0000
vn 0.0000 1.0000 0.0000
vn 0.0000 1.0000 0.0000
vn 0.0000 1.0000 0.0000
vn 0.0000 1.0000 0.0000
vn 0.0000 1.0000 0.0000
vn 0.0000 1.0000 0.0000
vn 0.0000 1.0000 0.0000
vn 0.0000 1.0000 0.0000
vn 0.0000 1.0000 0.0000
vn 0.0000 1.0000 0.0000
vn 0.0000 1.0000 0.0000
vn 0.0000 1.0000 0.0000
vn 0.0000 1.0000 0.0000
vn 0.0000 1.0000 0.0000
vn 0.0000 1.0000 0.0000
vn 0.0000 1.0000 0.0000
vn 0.0000 1.0000 0.0000
vn 0.0000 1.0000 0.0000
vn 0.0000 1.0000 0.0000
vn 0.0000 1.0000 0.0000
vn 0.0000 1.0000 0.0000
vn 0.0000 1.0000 0.0000
vn 0.0000 1.0000 0.0000
vn 0.0000 1.0000 0.0000
vn 0.0000 1.0000 0.0000
vn 0.0000 1.0000 0.0000
vn 0.0000 1.0000 0.0000
vn 0.0000 1.0000 0.0000
vn 0.0000 1.0000 0.0000
vn 0.0000 1.0000 0.0000
vn 0.0000 1.0000 0.0000
vn 0.0000 1.0000 0.0000
vn 0.0000 1.0000 0.0000
vn 0.0000 1.0000 0.0000
vn 0.0000 1.0000 0.0000
vn 0.0000 1.0000 0.0000
vn 0.0000 1.0000 0.0000
vn 0.0000 1.0000 0.0000
vn 0.0000 1.0000 0.0000
vn 0.0000 1.0000 0.0000
vn 0.0000 1.0000 0.0000
vn 0.0000 1.0000 0.0000
vn 0.0000 1.0000 0.0000
vn 0.0000 1.0000 0.0000
vn 0.0000 1.0000 0.0000
vn 0.0000 1.0000 0.0000
vn 0.0000 1.0000 0.0000
vn 0.0000 1.0000 0.0000
vn 0.0000 1.0000 0.0000
vn 0.0000 1.0000 0.0000
vn 0.0000 1.0000 0.0000
vn 0.0000 1.0000 0.0000
vn 0.0000 1.0000 0.0000
vn 0.0000 1.0000 0.0000
vn 0.0000 1.0000 0.0000
vn 0.0000 1.0000 0.0000
vn 0.0000 1.0000 0.0000
vn 0.0000 1.0000 0.0000
vn 0.0000 1.0000 0.0000
vn 0.0000 1.0000 0.0000
vn 0.0000 1.0000 0.0000
vn 0.0000 1.0000 0.0000
vn 0.0000 1.0000 0.0000
vn 0.0000 1.0000 0.0000
vn 0.0000 1.0000 0.0000
vn 0.0000 1.0000 0.0000
vn 0.0000 1.0000 0.0000
vn 0.0000 1.0000 0.0000
vn 0.0000 1.0000 0.0000
vn 0.0000 1.0000 0.0000
vn 0.0000 1.0000 0.0000
vn 0.0000 1.0000 0.0000
vn 0.0000 1.0000 0.0000
vn 0.0000 1.0000 0.0000
vn 0.0000 1.0000 0.0000
vn 0.0000 1.0000 0.0000
vn 0.0000 1.0000 0.0000
vn 0.0000 1.0000 0.0000
vn 0.0000 1.0000 0.0000
vn 0.0000 1.0000 0.0000
vn 0.0000 1.0000 0.0000
vn 0.0000 1.0000 0.0000
vn 0.0000 1.0000 0.0000
vn 0.0000 1.0000 0.0000
vn 0.0000 1.0000 0.0000
vn 0.0000 1.0000 0.0000
vn 0.0000 1.0000 0.0000
vn 0.0000 1.0000 0.0000
vn 0.0000 1.0000 0.0000
vn 0.0000 1.0000 0.0000
vn 0.0000 1.0000 0.0000
vn 0.0000 1.0000 0.0000
vn 0.0000 1.0000 0.0000
vn 0.0000 1.0000 0.0000
vn 0.0000 1.0000 0.0000
vn 0.0000 1.0000 0.0000
vn 0.0000 1.0000 0.0000
vn 0.0000 1.0000 0.0000
vn 0.0000 1.0000 0.0000
vn 0.0000 1.0000 0.0000
vn 0.0000 1.0000 0.0000
vn 0.0000 1.0000 0.0000
vn 0.0000 1.0000 0.0000
vn 0.0000 1.0000 0.0000
vn 0.0000 1.0000 0.0000
vn 0.0000 1.0000 0.0000
vn 0.0000 1.0000 0.0000
vn 0.0000 1.0000 0.0000
vn 0.0000 1.0000 0.0000
vn 0.0000 1.0000 0.0000
vn 0.0000 1.0000 0.0000
vn 0.0000 1.0000 0.0000
vn 0.0000 1.0000 0.0000
vn 0.0000 1.0000 0.0000
vn 0.0000 1.0000 0.0000
vn 0.0000 1.0000 0.0000
vn 0.0000 1.0000 0.0000
vn 0.0000 1.0000 0.0000
vn 0.0000 1.0000 0.0000
vn 0.0000 1.0000 0.0000
vn 0.0000 1.0000 0.0000
vn 0.0000 1.0000 0.0000
vn 0.0000 1.0000 0.0000
vn 0.0000 1.0000 0.0000
vn 0.0000 1.0000 0.0000
vn 0.0000 1.0000 0.0000
vn 0.0000 1.0000 0.0000
vn 0.0000 1.0000 0.0000
vn 0.0000 1.0000 0.0000
vn 0.0000 1.0000 0.0000
vn 0.0000 1.0000 0.0000
vn 0.0000 1.0000 0.0000
vn 0.0000 1.0000 0.0000
vn 0.0000 1.0000 0.0000
vn 0.0000 1.0000 0.0000
vn 0.0000 1.0000 0.0000
vn 0.0000 1.0000 0.0000
vn 0.0000 1.0000 0.0000
vn 0.0000 1.0000 0.0000
vn 0.0000 1.0000 0.0000
vn 0.0000 1.0000 0.0000
vn 0.0000 1.0000 0.0000
vn 0.0000 1.0000 0.0000
vn 0.0000 1.0000 0.0000
vn 0.0000 1.0000 0.0000
vn 0.0000 1.0000 0.0000
vn 0.0000 1.0000 0.0000
vn 0.0000 1.0000 0.0000
vn 0.0000 1.0000 0.0000
vn 0.0000 1.0000 0.0000
vn 0.0000 1.0000 0.0000
vn 0.0000 1.0000 0.0000
vn 0.0000 1.0000 0.0000
vn 0.0000 1.0000 0.0000
vn 0.0000 1.0000 0.0000
vn 0.0000 1.0000 0.0000
vn 0.0000 1.0000 0.0000
vn 0.0000 1.0000 0.0000
vn 0.0000 1.0000 0.0000
vn 0.0000 1.0000 0.0000
vn 0.0000 1.0000 0.0000
vn 0.0000 1.0000 0.0000
vn 0.0000 1.0000 0.0000
vn 0.0000 1.0000 0.0000
vn 0.0000 1.0000 0.0000
vn 0.0000 1.0000 0.0000
vn 0.0000 1.0000 0.0000
vn 0.0000 1.0000 0.0000
vn 0.0000 1.0000 0.0000
vn 0.0000 1.0000 0.0000
vn 0.0000 1.0000 0.0000
vn 0.0000 1.0000 0.0000
vn 0.0000 1.0000 0.0000
vn 0.0000 1.0000 0.0000
vn 0.0000 1.0000 0.0000
vn 0.0000 1.0000 0.0000
vn 0.0000 1.0000 0.0000
vn 0.0000 1.0000 0.0000
vn 0.0000 1.0000 0.0000
vn 0.0000 1.0000 0.0000
vn 0.0000 1.0000 0.0000
vn 0.0000 1.0000 0.0000
vn 0.0000 1.0000 0.0000
vn 0.0000 1.0000 0.0000
vn 0.0000 1.0000 0.0000
vn 0.0000 1.0000 0.0000
vn 0.0000 1.0000 0.0000
vn 0.0000 1.0000 0.0000
vn 0.0000 1.0000 0.0000
vn 0.0000 1.0000 0.0000
vn 0.0000 1.0000 0.0000
vn 0.0000 1.0000 0.0000
vn 0.0000 1.0000 0.0000
vn 0.0000 1.0000 0.0000
vn 0.0000 1.0000 0.0000
vn 0.0000 1.0000 0.0000
vn 0.0000 1.0000 0.0000
vn 0.0000 1.0000 0.0000
vn 0.0000 1.0000 0.0000
vn 0.0000 1.0000 0.0000
vn 0.0000 1.0000 0.0000
vn 0.0000 1.0000 0.0000
vn 0.0000 1.0000 0.0000
vn 0.0000 1.0000 0.0000
vn 0.0000 1.0000 0.0000
vn 0.0000 1.0000 0.0000
vn 0.0000 1.0000 0.0000
vn 0.0000 1.0000 0.0000
vn 0.0000 1.0000 0.0000
vn 0.0000 1.0000 0.0000
vn 0.0000 1.0000 0.0000
vn 0.0000 1.0000 0.0000
vn 0.0000 1.0000 0.0000
vn 0.0000 1.0000 0.0000
vn 0.0000 1.0000 0.0000
vn 0.0000 1.0000 0.0000
vn 0.0000 1.0000 0.0000
vn 0.0000 1.0000 0.0000
vn 0.0000 1.0000 0.0000
vn 0.0000 1.0000 0.0000
vn 0.0000 1.0000 0.0000
vn 0.0000 1.0000 0.0000
vn 0.0000 1.0000 0.0000
vn 0.0000 1.0000 0.0000
vn 0.0000 1.0000 0.0000
vn 0.0000 1.0000 0.0000
vn 0.0000 1.0000 0.0000
vn 0.0000 1.0000 0.0000
vn 0.0000 1.0000 0.0000
vn 0.0000 1.0000 0.0000
vn 0.0000 1.0000 0.0000
vn 0.0000 1.0000 0.0000
vn 0.0000 1.0000 0.0000
vn 0.0000 1.0000 0.0000
vn 0.0000 1.0000 0.0000
vn 0.0000 1.0000 0.0000
vn 0.0000 1.0000 0.0000
vn 0.0000 1.0000 0.0000
vn 0.0000 1.0000 0.0000
vn 0.0000 1.0000 0.0000
vn 0.0000 1.0000 0.0000
vn 0.0000 1.0000 0.0000
vn 0.0000 1.0000 0.0000
vn 0.0000 1.0000 0.0000
vn 0.0000 1.0000 0.0000
vn 0.0000 1.0000 0.0000
vn 0.0000 1.0000 0.0000
vn 0.0000 1.0000 0.0000
vn 0.0000 1.0000 0.0000
vn 0.0000 1.0000 0.0000
vn 0.0000 1.0000 0.0000
vn 0.0000 1.0000 0.0000
vn 0.0000 1.0000 0.0000
vn 0.0000 1.0000 0.0000
vn 0.0000 1.0000 0.0000
vn 0.0000 1.0000 0.0000
vn 0.0000 1.0000 0.0000
vn 0.0000 1.0000 0.0000
vn 0.0000 1.0000 0.0000
vn 0.0000 1.0000 0.0000
vn 0.0000 1.0000 0.0000
vn 0.0000 1.0000 0.0000
vn 0.0000 1.0000 0.0000
vn 0.0000 1.0000 0.0000
vn 0.0000 1.0000 0.0000
vn 0.0000 1.0000 0.0000
vn 0.0000 1.0000 0.0000
vn 0.0000 1.0000 0.0000
vn 0.0000 1.0000 0.0000
vn 0.0000 1.0000 0.0000
vn 0.0000 1.0000 0.0000
vn 0.0000 1.0000 0.0000
vn 0.0000 1.0000 0.0000
vn 0.0000 1.0000 0.0000
vn 0.0000 1.0000 0.0000
vn 0.0000 1.0000 0.0000
vn 0.0000 1.0000 0.0000
vn 0.0000 1.0000 0.0000
vn 0.0000 1.0000 0.0000
vn 0.0000 1.0000 0.0000
vn 0.0000 1.0000 0.0000
vn 0.0000 1.0000 0.0000
vn 0.0000 1.0000 0.0000
vn 0.0000 1.0000 0.0000
vn 0.0000 1.0000 0.0000
vn 0.0000 1.0000 0.0000
vn 0.0000 1.0000 0.0000
vn 0.0000 1.0000 0.0000
vn 0.0000 1.0000 0.0000
vn 0.0000 1.0000 0.0000
vn 0.0000 1.0000 0.0000
vn 0.0000 1.0000 0.0000
vn 0.0000 1.0000 0.0000
vn 0.0000 1.0000 0.0000
vn 0.0000 1.0000 0.0000
vn 0.0000 1.0000 0.0000
vn 0.0000 1.0000 0.0000
vn 0.0000 1.0000 0.0000
vn 0.0000 1.0000 0.0000
vn 0.0000 1.0000 0.0000
vn 0.0000 1.0000 0.0000
vn 0.0000 1.0000 0.0000
vn 0.0000 1.0000 0.0000
vn 0.0000 1.0000 0.0000
vn 0.0000 1.0000 0.0000
vn 0.0000 1.0000 0.0000
vn 0.0000 1.0000 0.0000
vn 0.0000 1.0000 0.0000
vn 0.0000 1.0000 0.0000
vn 0.0000 1.0000 0.0000
vn 0.0000 1.0000 0.0000
vn 0.0000 1.0000 0.0000
vn 0.0000 1.0000 0.0000
vn 0.0000 1.0000 0.0000
vn 0.0000 1.0000 0.0000
vn 0.0000 1.0000 0.0000
vn 0.0000 1.0000 0.0000
vn 0.0000 1.0000 0.0000
vn 0.0000 1.0000 0.0000
vn 0.0000 1.0000 0.0000
vn 0.0000 1.0000 0.0000
vn 0.0000 1.0000 0.0000
vn 0.0000 1.0000 0.0000
vn 0.0000 1.0000 0.0000
vn 0.0000 1.0000 0.0000
vn 0.0000 1.0000 0.0000
vn 0.0000 1.0000 0.0000
vn 0.0000 1.0000 0.0000
vn 0.0000 1.0000 0.0000
vn 0.0000 1.0000 0.0000
vn 0.0000 1.0000 0.0000
vn 0.0000 1.0000 0.0000
vn 0.0000 1.0000 0.0000
vn 0.0000 1.0000 0.0000
vn 0.0000 1.0000 0.0000
vn 0.0000 1.0000 0.0000
vn 0.0000 1.0000 0.0000
vn 0.0000 1.0000 0.0000
vn 0.0000 1.0000 0.0000
vn 0.0000 1.0000 0.0000
vn 0.0000 1.0000 0.0000
vn 0.0000 1.0000 0.0000
vn 0.0000 1.0000 0.0000
vn 0.0000 1.0000 0.0000
vn 0.0000 1.0000 0.0000
vn 0.0000 1.0000 0.0000
vn 0.0000 1.0000 0.0000
vn 0.0000 1.0000 0.0000
vn 0.0000 1.0000 0.0000
vn 0.0000 1.0000 0.0000
vn 0.0000 1.0000 0.0000
vn 0.0000 1.0000 0.0000
vn 0.0000 1.0000 0.0000
vn 0.0000 1.0000 0.0000
vn 0.0000 1.0000 0.0000
vn 0.0000 1.0000 0.0000
vn 0.0000 1.0000 0.0000
vn 0.0000 1.0000 0.0000
vn 0.0000 1.0000 0.0000
vn 0.0000 1.0000 0.0000
vn 0.0000 1.0000 0.0000
vn 0.0000 1.0000 0.0000
vn 0.0000 1.0000 0.0000
vn 0.0000 1.0000 0.0000
vn 0.0000 1.0000 0.0000
vn 0.0000 1.0000 0.0000
vn 0.0000 1.0000 0.0000
vn 0.0000 1.0000 0.0000
vn 0.0000 1.0000 0.0000
vn 0.0000 1.0000 0.0000
vn 0.0000 1.0000 0.0000
vn 0.0000 1.0000 0.0000
vn 0.0000 1.0000 0.0000
vn 0.0000 1.0000 0.0000
vn 0.0000 1.0000 0.0000
vn 0.0000 1.0000 0.0000
vn 0.0000 1.0000 0.0000
vn 0.0000 1.0000 0.0000
vn 0.0000 1.0000 0.0000
vn 0.0000 1.0000 0.0000
vn 0.0000 1.0000 0.0000
vn 0.0000 1.0000 0.0000
vn 0.0000 1.0000 0.0000
vn 0.0000 1.0000 0.0000
vn 0.0000 1.0000 0.0000
vn 0.0000 1.0000 0.0000
vn 0.0000 1.0000 0.0000
vn 0.0000 1.0000 0.0000
vn 0.0000 1.0000 0.0000
vn 0.0000 1.0000 0.0000
vn 0.0000 1.0000 0.0000
vn 0.0000 1.0000 0.0000
vn 0.0000 1.0000 0.0000
vn 0.0000 1.0000 0.0000
vn 0.0000 1.0000 0.0000
vn 0.0000 1.0000 0.0000
vn 0.0000 1.0000 0.0000
vn 0.0000 1.0000 0.0000
vn 0.0000 1.0000 0.0000
vn 0.0000 1.0000 0.0000
vn 0.0000 1.0000 0.0000
vn 0.0000 1.0000 0.0000
vn 0.0000 1.0000 0.0000
vn 0.0000 1.0000 0.0000
vn 0.0000 1.0000 0.0000
vn 0.0000 1.0000 0.0000
vn 0.0000 1.0000 0.0000
vn 0.0000 1.0000 0.0000
vn 0.0000 1.0000 0.0000
vn 0.0000 1.0000 0.0000
vn 0.0000 1.0000 0.0000
vn 0.0000 1.0000 0.0000
vn 0.0000 1.0000 0.0000
vn 0.0000 1.0000 0.0000
vn 0.0000 1.0000 0.0000
vn 0.0000 1.0000 0.0000
vn 0.0000 1.0000 0.0000
vn 0.0000 1.0000 0.0000
vn 0.0000 1.0000 0.0000
vn 0.0000 1.0000 0.0000
vn 0.0000 1.0000 0.0000
vn 0.0000 1.0000 0.0000
vn 0.0000 1.0000 0.0000
vn 0.0000 1.0000 0.0000
vn 0.0000 1.0000 0.0000
vn 0.0000 1.0000 0.0000
vn 0.0000 1.0000 0.0000
vn 0.0000 1.0000 0.0000
vn 0.0000 1.0000 0.0000
vn 0.0000 1.0000 0.0000
vn 0.0000 1.0000 0.0000
vn 0.0000 1.0000 0.0000
vn 0.0000 1.0000 0.0000
vn 0.0000 1.0000 0.0000
vn 0.0000 1.0000 0.0000
vn 0.0000 1.0000 0.0000
vn 0.0000 1.0000 0.0000
vn 0.0000 1.0000 0.0000
vn 0.0000 1.0000 0.0000
vn 0.0000 1.0000 0.0000
vn 0.0000 1.0000 0.0000
vn 0.0000 1.0000 0.0000
vn 0.0000 1.0000 0.0000
vn 0.0000 1.0000 0.0000
vn 0.0000 1.0000 0.0000
vn 0.0000 1.0000 0.0000
vn 0.0000 1.0000 0.0000
vn 0.0000 1.0000 0.0000
vn 0.0000 1.0000 0.0000
vn 0.0000 1.0000 0.0000
vn 0.0000 1.0000 0.0000
vn 0.0000 1.0000 0.0000
vn 0.0000 1.0000 0.0000
vn 0.0000 1.0000 0.0000
vn 0.0000 1.0000 0.0000
vn 0.0000 1.0000 0.0000
vn 0.0000 1.0000 0.0000
vn 0.0000 1.0000 0.0000
vn 0.0000 1.0000 0.0000
vn 0.0000 1.0000 0.0000
vn 0.0000 1.0000 0.0000
vn 0.0000 1.0000 0.0000
vn 0.0000 1.0000 0.0000
vn 0.0000 1.0000 0.0000
vn 0.0000 1.0000 0.0000
vn 0.0000 1.0000 0.0000
vn 0.0000 1.0000 0.0000
vn 0.0000 1.0000 0.0000
vn 0.0000 1.0000 0.0000
vn 0.0000 1.0000 0.0000
vn 0.0000 1.0000 0.0000
vn 0.0000 1.0000 0.0000
vn 0.0000 1.0000 0.0000
vn 0.0000 1.0000 0.0000
vn 0.0000 1.0000 0.0000
vn 0.0000 1.0000 0.0000
vn 0.0000 1.0000 0.0000
vn 0.0000 1.0000 0.0000
vn 0.0000 1.0000 0.0000
vn 0.0000 1.0000 0.0000
vn 0.0000 1.0000 0.0000
vn 0.0000 1.0000 0.0000
vn 0.0000 1.0000 0.0000
vn 0.0000 1.0000 0.0000
vn 0.0000 1.0000 0.0000
vn 0.0000 1.0000 0.0000
vn 0.0000 1.0000 0.0000
vn 0.0000 1.0000 0.0000
vn 0.0000 1.0000 0.0000
vn 0.0000 1.0000 0.0000
vn 0.0000 1.0000 0.0000
vn 0.0000 1.0000 0.0000
vn 0.0000 1.0000 0.0000
vn 0.0000 1.0000 0.0000
vn 0.0000 1.0000 0.0000
vn 0.0000 1.0000 0.0000
vn 0.0000 1.0000 0.0000
vn 0.0000 1.0000 0.0000
vn 0.0000 1.0000 0.0000
vn 0.0000 1.0000 0.0000
vn 0.0000 1.0000 0.0000
vn 0.0000 1.0000 0.0000
vn 0.0000 1.0000 0.0000
vn 0.0000 1.0000 0.0000
vn 0.0000 1.0000 0.0000
vn 0.0000 1.0000 0.0000
vn 0.0000 1.0000 0.0000
vn 0.0000 1.0000 0.0000
vn 0.0000 1.0000 0.0000
vn 0.0000 1.0000 0.0000
vn 0.0000 1.0000 0.0000
vn 0.0000 1.0000 0.0000
vn 0.0000 1.0000 0.0000
vn 0.0000 1.0000 0.0000
vn 0.0000 1.0000 0.0000
vn 0.0000 1.0000 0.0000
vn 0.0000 1.0000 0.0000
vn 0.0000 1.0000 0.0000
vn 0.0000 1.0000 0.0000
vn 0.0000 1.0000 0.0000
vn 0.0000 1.0000 0.0000
vn 0.0000 1.0000 0.0000
vn 0.0000 1.0000 0.0000
vn 0.0000 1.0000 0.0000
vn 0.0000 1.0000 0.0000
vn 0.0000 1.0000 0.0000
vn 0.0000 1.0000 0.0000
vn 0.0000 1.0000 0.0000
vn 0.0000 1.0000 0.0000
vn 0.0000 1.0000 0.0000
vn 0.0000 1.0000 0.0000
vn 0.0000 1.0000 0.0000
vn 0.0000 1.0000 0.0000
vn 0.0000 1.0000 0.0000
vn 0.0000 1.0000 0.0000
vn 0.0000 1.0000 0.0000
vn 0.0000 1.0000 0.0000
vn 0.0000 1.0000 0.0000
vn 0.0000 1.0000 0.0000
vn 0.0000 1.0000 0.0000
vn 0.0000 1.0000 0.0000
vn 0.0000 1.0000 0.0000
vn 0.0000 1.0000 0.0000
vn 0.0000 1.0000 0.0000
vn 0.0000 1.0000 0.0000
vn 0.0000 1.0000 0.0000
vn 0.0000 1.0000 0.0000
vn 0.0000 1.0000 0.0000
vn 0.0000 1.0000 0.0000
vn 0.0000 1.0000 0.0000
vn 0.0000 1.0000 0.0000
vn 0.0000 1.0000 0.0000
vn 0.0000 1.0000 0.0000
vn 0.0000 1.0000 0.0000
vn 0.0000 1.0000 0.0000
vn 0.0000 1.0000 0.0000
vn 0.0000 1.0000 0.0000
vn 0.0000 1.0000 0.0000
vn 0.0000 1.0000 0.0000
vn 0.0000 1.0000 0.0000
vn 0.0000 1.0000 0.0000
vn 0.0000 1.0000 0.0000
vn 0.0000 1.0000 0.0000
vn 0.0000 1.0000 0.0000
vn 0.0000 1.0000 0.0000
vn 0.0000 1.0000 0.0000
vn 0.0000 1.0000 0.0000
vn 0.0000 1.0000 0.0000
vn 0.0000 1.0000 0.0000
vn 0.0000 1.0000 0.0000
vn 0.0000 1.0000 0.0000
vn 0.0000 1.0000 0.0000
vn 0.0000 1.0000 0.0000
vn 0.0000 1.0000 0.0000
vn 0.0000 1.0000 0.0000
vn 0.0000 1.0000 0.0000
vn 0.0000 1.0000 0.0000
vn 0.0000 1.0000 0.0000
vn 0.0000 1.0000 0.0000
vn 0.0000 1.0000 0.0000
vn 0.0000 1.0000 0.0000
vn 0.0000 1.0000 0.0000
vn 0.0000 1.0000 0.0000
vn 0.0000 1.0000 0.0000
vn 0.0000 1.0000 0.0000
vn 0.0000 1.0000 0.0000
vn 0.0000 1.0000 0.0000
vn 0.0000 1.0000 0.0000
vn 0.0000 1.0000 0.0000
vn 0.0000 1.0000 0.0000
vn 0.0000 1.0000 0.0000
vn 0.0000 1.0000 0.0000
vn 0.0000 1.0000 0.0000
vn 0.0000 1.0000 0.0000
vn 0.0000 1.0000 0.0000
vn 0.0000 1.0000 0.0000
vn 0.0000 1.0000 0.0000
vn 0.0000 1.0000 0.0000
vn 0.0000 1.0000 0.0000
vn 0.0000 1.0000 0.0000
vn 0.0000 1.0000 0.0000
vn 0.0000 1.0000 0.0000
vn 0.0000 1.0000 0.0000
vn 0.0000 1.0000 0.0000
vn 0.0000 1.0000 0.0000
vn 0.0000 1.0000 0.0000
vn 0.0000 1.0000 0.0000
vn 0.0000 1.0000 0.0000
vn 0.0000 1.0000 0.0000
vn 0.0000 1.0000 0.0000
vn 0.0000 1.0000 0.0000
vn 0.0000 1.0000 0.0000
vn 0.0000 1.0000 0.0000
vn 0.0000 1.0000 0.0000
vn 0.0000 1.0000 0.0000
vn 0.0000 1.0000 0.0000
vn 0.0000 1.0000 0.0000
vn 0.0000 1.0000 0.0000
vn 0.0000 1.0000 0.0000
vn 0.0000 1.0000 0.0000
vn 0.0000 1.0000 0.0000
vn 0.0000 1.0000 0.0000
vn 0.0000 1.0000 0.0000
vn 0.0000 1.0000 0.0000
vn 0.0000 1.0000 0.0000
vn 0.0000 1.0000 0.0000
vn 0.0000 1.0000 0.0000
vn 0.0000 1.0000 0.0000
vn 0.0000 1.0000 0.0000
vn 0.0000 1.0000 0.0000
vn 0.0000 1.0000 0.0000
vn 0.0000 1.0000 0.0000
vn 0.0000 1.0000 0.0000
vn 0.0000 1.0000 0.0000
vn 0.0000 1.0000 0.0000
vn 0.0000 1.0000 0.0000
vn 0.0000 1.0000 0.0000
vn 0.0000 1.0000 0.0000
vn 0.0000 1.0000 0.0000
vn 0.0000 1.0000 0.0000
vn 0.0000 1.0000 0.0000
vn 0.0000 1.0000 0.0000
vn 0.0000 1.0000 0.0000
vn 0.0000 1.0000 0.0000
vn 0.0000 1.0000 0.0000
vn 0.0000 1.0000 0.0000
vn 0.0000 1.0000 0.0000
vn 0.0000 1.0000 0.0000
vn 0.0000 1.0000 0.0000
vn 0.0000 1.0000 0.0000
vn 0.0000 1.0000 0.0000
vn 0.0000 1.0000 0.0000
vn 0.0000 1.0000 0.0000
vn 0.0000 1.0000 0.0000
vn 0.0000 1.0000 0.0000
vn 0.0000 1.0000 0.0000
vn 0.0000 1.0000 0.0000
vn 0.0000 1.0000 0.0000
vn 0.0000 1.0000 0.0000
vn 0.0000 1.0000 0.0000
vn 0.0000 1.0000 0.0000
vn 0.0000 1.0000 0.0000
vn 0.0000 1.0000 0.0000
vn 0.0000 1.0000 0.0000
vn 0.0000 1.0000 0.0000
vn 0.0000 1.0000 0.0000
vn 0.0000 1.0000 0.0000
vn 0.0000 1.0000 0.0000
vn 0.0000 1.0000 0.0000
vn 0.0000 1.0000 0.0000
vn 0.0000 1.0000 0.0000
vn 0.0000 1.0000 0.0000
vn 0.0000 1.0000 0.0000
vn 0.0000 1.0000 0.0000
vn 0.0000 1.0000 0.0000
vn 0.0000 1.0000 0.0000
vn 0.0000 1.0000 0.0000
vn 0.0000 1.0000 0.0000
vn 0.0000 1.0000 0.0000
vn 0.0000 1.0000 0.0000
vn 0.0000 1.0000 0.0000
vn 0.0000 1.0000 0.0000
vn 0.0000 1.0000 0.0000
vn 0.0000 1.0000 0.0000
vn 0.0000 1.0000 0.0000
vn 0.0000 1.0000 0.0000
vn 0.0000 1.0000 0.0000
vn 0.0000 1.0000 0.0000
vn 0.0000 1.0000 0.0000
vn 0.0000 1.0000 0.0000
vn 0.0000 1.0000 0.0000
vn 0.0000 1.0000 0.0000
vn 0.0000 1.0000 0.0000
vn 0.0000 1.0000 0.0000
vn 0.0000 1.0000 0.0000
vn 0.0000 1.0000 0.0000
vn 0.0000 1.0000 0.0000
vn 0.0000 1.0000 0.0000
vn 0.0000 1.0000 0.0000
vn 0.0000 1.0000 0.0000
vn 0.0000 1.0000 0.0000
vn 0.0000 1.0000 0.0000
vn 0.0000 1.0000 0.0000
vn 0.0000 1.0000 0.0000
vn 0.0000 1.0000 0.0000
vn 0.0000 1.0000 0.0000
vn 0.0000 1.0000 0.0000
vn 0.0000 1.0000 0.0000
vn 0.0000 1.0000 0.0000
vn 0.0000 1.0000 0.0000
vn 0.0000 1.0000 0.0000
vn 0.0000 1.0000 0.0000
vn 0.0000 1.0000 0.0000
vn 0.0000 1.0000 0.0000
vn 0.0000 1.0000 0.0000
vn 0.0000 1.0000 0.0000
vn 0.0000 1.0000 0.0000
vn 0.0000 1.0000 0.0000
vn 0.0000 1.0000 0.0000
vn 0.0000 1.0000 0.0000
vn 0.0000 1.0000 0.0000
vn 0.0000 1.0000 0.0000
vn 0.0000 1.0000 0.0000
vn 0.0000 1.0000 0.0000
vn 0.0000 1.0000 0.0000
vn 0.0000 1.0000 0.0000
vn 0.0000 1.0000 0.0000
vn 0.0000 1.0000 0.0000
vn 0.0000 1.0000 0.0000
vn 0.0000 1.0000 0.0000
vn 0.0000 1.0000 0.0000
vn 0.0000 1.0000 0.0000
vn 0.0000 1.0000 0.0000
vn 0.0000 1.0000 0.0000
vn 0.0000 1.0000 0.0000
vn 0.0000 1.0000 0.0000
vn 0.0000 1.0000 0.0000
vn 0.0000 1.0000 0.0000
vn 0.0000 1.0000 0.0000
vn 0.0000 1.0000 0.0000
vn 0.0000 1.0000 0.0000
vn 0.0000 1.0000 0.0000
vn 0.0000 1.0000 0.0000
vn 0.0000 1.0000 0.0000
vn 0.0000 1.0000 0.0000
vn 0.0000 1.0000 0.0000
vn 0.0000 1.0000 0.0000
vn 0.0000 1.0000 0.0000
vn 0.0000 1.0000 0.0000
vn 0.0000 1.0000 0.0000
vn 0.0000 1.0000 0.0000
vn 0.0000 1.0000 0.0000
vn 0.0000 1.0000 0.0000
vn 0.0000 1.0000 0.0000
vn 0.0000 1.0000 0.0000
vn 0.0000 1.0000 0.0000
vn 0.0000 1.0000 0.0000
vn 0.0000 1.0000 0.0000
vn 0.0000 1.0000 0.0000
vn 0.0000 1.0000 0.0000
vn 0.0000 1.0000 0.0000
vn 0.0000 1.0000 0.0000
vn 0.0000 1.0000 0.0000
vn 0.0000 1.0000 0.0000
vn 0.0000 1.0000 0.0000
vn 0.0000 1.0000 0.0000
vn 0.0000 1.0000 0.0000
vn 0.0000 1.0000 0.0000
vn 0.0000 1.0000 0.0000
vn 0.0000 1.0000 0.0000
vn 0.0000 1.0000 0.0000
vn 0.0000 1.0000 0.0000
vn 0.0000 1.0000 0.0000
vn 0.0000 1.0000 0.0000
vn 0.0000 1.0000 0.0000
vn 0.0000 1.0000 0.0000
vn 0.0000 1.0000 0.0000
vn 0.0000 1.0000 0.0000
vn 0.0000 1.0000 0.0000
vn 0.0000 1.0000 0.0000
vn 0.0000 1.0000 0.0000
vn 0.0000 1.0000 0.0000
vn 0.0000 1.0000 0.0000
vn 0.0000 1.0000 0.0000
vn 0.0000 1.0000 0.0000
vn 0.0000 1.0000 0.0000
vn 0.0000 1.0000 0.0000
vn 0.0000 1.0000 0.0000
vn 0.0000 1.0000 0.0000
vn 0.0000 1.0000 0.0000
vn 0.0000 1.0000 0.0000
vn 0.0000 1.0000 0.0000
vn 0.0000 1.0000 0.0000
vn 0.0000 1.0000 0.0000
vn 0.0000 1.0000 0.0000
vn 0.0000 1.0000 0.0000
vn 0.0000 1.0000 0.0000
vn 0.0000 1.0000 0.0000
vn 0.0000 1.0000 0.0000
vn 0.0000 1.0000 0.0000
vn 0.0000 1.0000 0.0000
vn 0.0000 1.0000 0.0000
vn 0.0000 1.0000 0.0000
vn 0.0000 1.0000 0.0000
vn 0.0000 1.0000 0.0000
vn 0.0000 1.0000 0.0000
vn 0.0000 1.0000 0.0000
vn 0.0000 1.0000 0.0000
vn 0.0000 1.0000 0.0000
vn 0.0000 1.0000 0.0000
vn 0.0000 1.0000 0.0000
vn 0.0000 1.0000 0.0000
vn 0.0000 1.0000 0.0000
vn 0.0000 1.0000 0.0000
vn 0.0000 1.0000 0.0000
vn 0.0000 1.0000 0.0000
vn 0.0000 1.0000 0.0000
vn 0.0000 1.0000 0.0000
vn 0.0000 1.0000 0.0000
vn 0.0000 1.0000 0.0000
vn 0.0000 1.0000 0.0000
vn 0.0000 1.0000 0.0000
vn 0.0000 1.0000 0.0000
vn 0.0000 1.0000 0.0000
vn 0.0000 1.0000 0.0000
vn 0.0000 1.0000 0.0000
vn 0.0000 1.0000 0.0000
vn 0.0000 1.0000 0.0000
vn 0.0000 1.0000 0.0000
vn 0.0000 1.0000 0.0000
vn 0.0000 1.0000 0.0000
vn 0.0000 1.0000 0.0000
vn 0.0000 1.0000 0.0000
vn 0.0000 1.0000 0.0000
vn 0.0000 1.0000 0.0000
vn 0.0000 1.0000 0.0000
vn 0.0000 1.0000 0.0000
vn 0.0000 1.0000 0.0000
vn 0.0000 1.0000 0.0000
vn 0.0000 1.0000 0.0000
vn 0.0000 1.0000 0.0000
vn 0.0000 1.0000 0.0000
vn 0.0000 1.0000 0.0000
vn 0.0000 1.0000 0.0000
vn 0.0000 1.0000 0.0000
vn 0.0000 1.0000 0.0000
vn 0.0000 1.0000 0.0000
vn 0.0000 1.0000 0.0000
vn 0.0000 1.0000 0.0000
vn 0.0000 1.0000 0.0000
vn 0.0000 1.0000 0.0000
vn 0.0000 1.0000 0.0000
vn 0.0000 1.0000 0.0000
vn 0.0000 1.0000 0.0000
vn 0.0000 1.0000 0.0000
vn 0.0000 1.0000 0.0000
vn 0.0000 1.0000 0.0000
vn 0.0000 1.0000 0.0000
vn 0.0000 1.0000 0.0000
vn 0.0000 1.0000 0.0000
vn 0.0000 1.0000 0.0000
vn 0.0000 1.0000 0.0000
vn 0.0000 1.0000 0.0000
vn 0.0000 1.0000 0.0000
vn 0.0000 1.0000 0.0000
vn 0.0000 1.0000 0.0000
vn 0.0000 1.0000 0.0000
vn 0.0000 1.0000 0.0000
vn 0.0000 1.0000 0.0000
vn 0.0000 1.0000 0.0000
vn 0.0000 1.0000 0.0000
vn 0.0000 1.0000 0.0000
vn 0.0000 1.0000 0.0000
vn 0.0000 1.0000 0.0000
vn 0.0000 1.0000 0.0000
vn 0.0000 1.0000 0.0000
vn 0.0000 1.0000 0.0000
vn 0.0000 1.0000 0.0000
vn 0.0000 1.0000 0.0000
vn 0.0000 1.0000 0.0000
vn 0.0000 1.0000 0.0000
vn 0.0000 1.0000 0.0000
vn 0.0000 1.0000 0.0000
vn 0.0000 1.0000 0.0000
vn 0.0000 1.0000 0.0000
vn 0.0000 1.0000 0.0000
vn 0.0000 1.0000 0.0000
vn 0.0000 1.0000 0.0000
vn 0.0000 1.0000 0.0000
vn 0.0000 1.0000 0.0000
vn 0.0000 1.0000 0.0000
vn 0.0000 1.0000 0.0000
vn 0.0000 1.0000 0.0000
vn 0.0000 1.0000 0.0000
vn 0.0000 1.0000 0.0000
vn 0.0000 1.0000 0.0000
vn 0.0000 1.0000 0.0000
vn 0.0000 1.0000 0.0000
vn 0.0000 1.0000 0.0000
vn 0.0000 1.0000 0.0000
vn 0.0000 1.0000 0.0000
vn 0.0000 1.0000 0.0000
vn 0.0000 1.0000 0.0000
vn 0.0000 1.0000 0.0000
vn 0.0000 1.0000 0.0000
vn 0.0000 1.0000 0.0000
vn 0.0000 1.0000 0.0000
vn 0.0000 1.0000 0.0000
vn 0.0000 1.0000 0.0000
vn 0.0000 1.0000 0.0000
vn 0.0000 1.0000 0.0000
vn 0.0000 1.0000 0.0000
vn 0.0000 1.0000 0.0000
vn 0.0000 1.0000 0.0000
vn 0.0000 1.0000 0.0000
vn 0.0000 1.0000 0.0000
vn 0.0000 1.0000 0.0000
vn 0.0000 1.0000 0.0000
vn 0.0000 1.0000 0.0000
vn 0.0000 1.0000 0.0000
vn 0.0000 1.0000 0.0000
vn 0.0000 1.0000 0.0000
vn 0.0000 1.0000 0.0000
vn 0.0000 1.0000 0.0000
vn 0.0000 1.0000 0.0000
vn 0.0000 1.0000 0.0000
vn 0.0000 1.0000 0.0000
vn 0.0000 1.0000 0.0000
vn 0.0000 1.0000 0.0000
vn 0.0000 1.0000 0.0000
vn 0.0000 1.0000 0.0000
vn 0.0000 1.0000 0.0000
vn 0.0000 1.0000 0.0000
vn 0.0000 1.0000 0.0000
vn 0.0000 1.0000 0.0000
vn 0.0000 1.0000 0.0000
vn 0.0000 1.0000 0.0000
vn 0.0000 1.0000 0.0000
vn 0.0000 1.0000 0.0000
vn 0.0000 1.0000 0.0000
vn 0.0000 1.0000 0.0000
vn 0.0000 1.0000 0.0000
vn 0.0000 1.0000 0.0000
vn 0.0000 1.0000 0.0000
vn 0.0000 1.0000 0.0000
vn 0.0000 1.0000 0.0000
vn 0.0000 1.0000 0.0000
vn 0.0000 1.0000 0.0000
vn 0.0000 1.0000 0.0000
vn 0.0000 1.0000 0.0000
vn 0.0000 1.0000 0.0000
vn 0.0000 1.0000 0.0000
vn 0.0000 1.0000 0.0000
vn 0.0000 1.0000 0.0000
vn 0.0000 1.0000 0.0000
vn 0.0000 1.0000 0.0000
vn 0.0000 1.0000 0.0000
vn 0.0000 1.0000 0.0000
vn 0.0000 1.0000 0.0000
vn 0.0000 1.0000 0.0000
vn 0.0000 1.0000 0.0000
vn 0.0000 1.0000 0.0000
vn 0.0000 1.0000 0.0000
vn 0.0000 1.0000 0.0000
vn 0.0000 1.0000 0.0000
vn 0.0000 1.0000 0.0000
vn 0.0000 1.0000 0.0000
vn 0.0000 1.0000 0.0000
vn 0.0000 1.0000 0.0000
vn 0.0000 1.0000 0.0000
vn 0.0000 1.0000 0.0000
vn 0.0000 1.0000 0.0000
vn 0.0000 1.0000 0.0000
vn 0.0000 1.0000 0.0000
vn 0.0000 1.0000 0.0000
vn 0.0000 1.0000 0.0000
vn 0.0000 1.0000 0.0000
vn 0.0000 1.0000 0.0000
vn 0.0000 1.0000 0.0000
vn 0.0000 1.0000 0.0000
vn 0.0000 1.0000 0.0000
vn 0.0000 1.0000 0.0000
vn 0.0000 1.0000 0.0000
vn 0.0000 1.0000 0.0000
vn 0.0000 1.0000 0.0000
vn 0.0000 1.0000 0.0000
vn 0.0000 1.0000 0.0000
vn 0.0000 1.0000 0.0000
vn 0.0000 1.0000 0.0000
vn 0.0000 1.0000 0.0000
vn 0.0000 1.0000 0.0000
vn 0.0000 1.0000 0.0000
vn 0.0000 1.0000 0.0000
vn 0.0000 1.0000 0.0000
vn 0.0000 1.0000 0.0000
vn 0.0000 1.0000 0.0000
vn 0.0000 1.0000 0.0000
vn 0.0000 1.0000 0.0000
vn 0.0000 1.0000 0.0000
vn 0.0000 1.0000 0.0000
vn 0.0000 1.0000 0.0000
vn 0.0000 1.0000 0.0000
vn 0.0000 1.0000 0.0000
vn 0.0000 1.0000 0.0000
vn 0.0000 1.0000 0.0000
vn 0.0000 1.0000 0.0000
vn 0.0000 1.0000 0.0000
vn 0.0000 1.0000 0.0000
vn 0.0000 1.0000 0.0000
vn 0.0000 1.0000 0.0000
vn 0.0000 1.0000 0.0000
vn 0.0000 1.0000 0.0000
vn 0.0000 1.0000 0.0000
vn 0.0000 1.0000 0.0000
vn 0.0000 1.0000 0.0000
vn 0.0000 1.0000 0.0000
vn 0.0000 1.0000 0.0000
vn 0.0000 1.0000 0.0000
vn 0.0000 1.0000 0.0000
vn 0.0000 1.0000 0.0000
vn 0.0000 1.0000 0.0000
vn 0.0000 1.0000 0.0000
vn 0.0000 1.0000 0.0000
vn 0.0000 1.0000 0.0000
vn 0.0000 1.0000 0.0000
vn 0.0000 1.0000 0.0000
vn 0.0000 1.0000 0.0000
vn 0.0000 1.0000 0.0000
vn 0.0000 1.0000 0.0000
vn 0.0000 1.0000 0.0000
vn 0.0000 1.0000 0.0000
vn 0.0000 1.0000 0.0000
vn 0.0000 1.0000 0.0000
vn 0.0000 1.0000 0.0000
vn 0.0000 1.0000 0.0000
vn 0.0000 1.0000 0.0000
vn 0.0000 1.0000 0.0000
vn 0.0000 1.0000 0.0000
vn 0.0000 1.0000 0.0000
vn 0.0000 1.0000 0.0000
vn 0.0000 1.0000 0.0000
vn 0.0000 1.0000 0.0000
vn 0.0000 1.0000 0.0000
vn 0.0000 1.0000 0.0000
vn 0.0000 1.0000 0.0000
vn 0.0000 1.0000 0.0000
vn 0.0000 1.0000 0.0000
vn 0.0000 1.0000 0.0000
vn 0.0000 1.0000 0.0000
vn 0.0000 1.0000 0.0000
vn 0.0000 1.0000 0.0000
vn 0.0000 1.0000 0.0000
vn 0.0000 1.0000 0.0000
vn 0.0000 1.0000 0.0000
vn 0.0000 1.0000 0.0000
vn 0.0000 1.0000 0.0000
vn 0.0000 1.0000 0.0000
vn 0.0000 1.0000 0.0000
vn 0.0000 1.0000 0.0000
vn 0.0000 1.0000 0.0000
vn 0.0000 1.0000 0.0000
vn 0.0000 1.0000 0.0000
vn 0.0000 1.0000 0.0000
vn 0.0000 1.0000 0.0000
vn 0.0000 1.0000 0.0000
vn 0.0000 1.0000 0.0000
vn 0.0000 1.0000 0.0000
vn 0.0000 1.0000 0.0000
vn 0.0000 1.0000 0.0000
vn 0.0000 1.0000 0.0000
vn 0.0000 1.0000 0.0000
vn 0.0000 1.0000 0.0000
vn 0.0000 1.0000 0.0000
vn 0.0000 1.0000 0.0000
vn 0.0000 1.0000 0.0000
vn 0.0000 1.0000 0.0000
vn 0.0000 1.0000 0.0000
vn 0.0000 1.0000 0.0000
vn 0.0000 1.0000 0.0000
vn 0.0000 1.0000 0.0000
vn 0.0000 1.0000 0.0000
vn 0.0000 1.0000 0.0000
vn 0.0000 1.0000 0.0000
vn 0.0000 1.0000 0.0000
vn 0.0000 1.0000 0.0000
vn 0.0000 1.0000 0.0000
vn 0.0000 1.0000 0.0000
vn 0.0000 1.0000 0.0000
vn 0.0000 1.0000 0.0000
vn 0.0000 1.0000 0.0000
vn 0.0000 1.0000 0.0000
vn 0.0000 1.0000 0.0000
vn 0.0000 1.0000 0.0000
vn 0.0000 1.0000 0.0000
vn 0.0000 1.0000 0.0000
vn 0.0000 1.0000 0.0000
vn 0.0000 1.0000 0.0000
vn 0.0000 1.0000 0.0000
vn 0.0000 1.0000 0.0000
vn 0.0000 1.0000 0.0000
vn 0.0000 1.0000 0.0000
vn 0.0000 1.0000 0.0000
vn 0.0000 1.0000 0.0000
vn 0.0000 1.0000 0.0000
vn 0.0000 1.0000 0.0000
vn 0.0000 1.0000 0.0000
vn 0.0000 1.0000 0.0000
vn 0.0000 1.0000 0.0000
vn 0.0000 1.0000 0.0000
vn 0.0000 1.0000 0.0000
vn 0.0000 1.0000 0.0000
vn 0.0000 1.0000 0.0000
vn 0.0000 1.0000 0.0000
vn 0.0000 1.0000 0.0000
vn 0.0000 1.0000 0.0000
vn 0.0000 1.0000 0.0000
vn 0.0000 1.0000 0.0000
vn 0.0000 1.0000 0.0000
vn 0.0000 1.0000 0.0000
vn 0.0000 1.0000 0.0000
vn 0.0000 1.0000 0.0000
vn 0.0000 1.0000 0.0000
vn 0.0000 1.0000 0.0000
vn 0.0000 1.0000 0.0000
vn 0.0000 1.0000 0.0000
vn 0.0000 1.0000 0.0000
vn 0.0000 1.0000 0.0000
vn 0.0000 1.0000 0.0000
vn 0.0000 1.0000 0.0000
vn 0.0000 1.0000 0.0000
vn 0.0000 1.0000 0.0000
vn 0.0000 1.0000 0.0000
vn 0.0000 1.0000 0.0000
vn 0.0000 1.0000 0.0000
vn 0.0000 1.0000 0.0000
vn 0.0000 1.0000 0.0000
vn 0.0000 1.0000 0.0000
vn 0.0000 1.0000 0.0000
vn 0.0000 1.0000 0.0000
vn 0.0000 1.0000 0.0000
vn 0.0000 1.0000 0.0000
vn 0.0000 1.0000 0.0000
vn 0.0000 1.0000 0.0000
vn 0.0000 1.0000 0.0000
vn 0.0000 1.0000 0.0000
vn 0.0000 1.0000 0.0000
vn 0.0000 1.0000 0.0000
vn 0.0000 1.0000 0.0000
vn 0.0000 1.0000 0.0000
vn 0.0000 1.0000 0.0000
vn 0.0000 1.0000 0.0000
vn 0.0000 1.0000 0.0000
vn 0.0000 1.0000 0.0000
vn 0.0000 1.0000 0.0000
vn 0.0000 1.0000 0.0000
vn 0.0000 1.0000 0.0000
vn 0.0000 1.0000 0.0000
vn 0.0000 1.0000 0.0000
vn 0.0000 1.0000 0.0000
vn 0.0000 1.0000 0.0000
vn 0.0000 1.0000 0.0000
vn 0.0000 1.0000 0.0000
vn 0.0000 1.0000 0.0000
vn 0.0000 1.0000 0.0000
vn 0.0000 1.0000 0.0000
vn 0.0000 1.0000 0.0000
vn 0.0000 1.0000 0.0000
vn 0.0000 1.0000 0.0000
vn 0.0000 1.0000 0.0000
vn 0.0000 1.0000 0.0000
vn 0.0000 1.0000 0.0000
vn 0.0000 1.0000 0.0000
vn 0.0000 1.0000 0.0000
vn 0.0000 1.0000 0.0000
vn 0.0000 1.0000 0.0000
vn 0.0000 1.0000 0.0000
vn 0.0000 1.0000 0.0000
vn 0.0000 1.0000 0.0000
vn 0.0000 1.0000 0.0000
vn 0.0000 1.0000 0.0000
vn 0.0000 1.0000 0.0000
vn 0.0000 1.0000 0.0000
vn 0.0000 1.0000 0.0000
vn 0.0000 1.0000 0.0000
vn 0.0000 1.0000 0.0000
vn 0.0000 1.0000 0.0000
vn 0.0000 1.0000 0.0000
vn 0.0000 1.0000 0.0000
vn 0.0000 1.0000 0.0000
vn 0.0000 1.0000 0.0000
vn 0.0000 1.0000 0.0000
vn 0.0000 1.0000 0.0000
vn 0.0000 1.0000 0.0000
vn 0.0000 1.0000 0.0000
vn 0.0000 1.0000 0.0000
vn 0.0000 1.0000 0.0000
vn 0.0000 1.0000 0.0000
vn 0.0000 1.0000 0.0000
vn 0.0000 1.0000 0.0000
vn 0.0000 1.0000 0.0000
vn 0.0000 1.0000 0.0000
vn 0.0000 1.0000 0.0000
vn 0.0000 1.0000 0.0000
vn 0.0000 1.0000 0.0000
vn 0.0000 1.0000 0.0000
vn 0.0000 1.0000 0.0000
vn 0.0000 1.0000 0.0000
vn 0.0000 1.0000 0.0000
vn 0.0000 1.0000 0.0000
vn 0.0000 1.0000 0.0000
vn 0.0000 1.0000 0.0000
vn 0.0000 1.0000 0.0000
vn 0.0000 1.0000 0.0000
vn 0.0000 1.0000 0.0000
vn 0.0000 1.0000 0.0000
vn 0.0000 1.0000 0.0000
vn 0.0000 1.0000 0.0000
vn 0.0000 1.0000 0.0000
vn 0.0000 1.0000 0.0000
vn 0.0000 1.0000 0.0000
vn 0.0000 1.0000 0.0000
vn 0.0000 1.0000 0.0000
vn 0.0000 1.0000 0.0000
vn 0.0000 1.0000 0.0000
vn 0.0000 1.0000 0.0000
vn 0.0000 1.0000 0.0000
vn 0.0000 1.0000 0.0000
vn 0.0000 1.0000 0.0000
vn 0.0000 1.0000 0.0000
vn 0.0000 1.0000 0.0000
vn 0.0000 1.0000 0.0000
vn 0.0000 1.0000 0.0000
vn 0.0000 1.0000 0.0000
vn 0.0000 1.0000 0.0000
vn 0.0000 1.0000 0.0000
vn 0.0000 1.0000 0.0000
vn 0.0000 1.0000 0.0000
vn 0.0000 1.0000 0.0000
vn 0.0000 1.0000 0.0000
vn 0.0000 1.0000 0.0000
vn 0.0000 1.0000 0.0000
vn 0.0000 1.0000 0.0000
vn 0.0000 1.0000 0.0000
vn 0.0000 1.0000 0.0000
vn 0.0000 1.0000 0.0000
vn 0.0000 1.0000 0.0000
vn 0.0000 1.0000 0.0000
vn 0.0000 1.0000 0.0000
vn 0.0000 1.0000 0.0000
vn 0.0000 1.0000 0.0000
vn 0.0000 1.0000 0.0000
vn 0.0000 1.0000 0.0000
vn 0.0000 1.0000 0.0000
vn 0.0000 1.0000 0.0000
vn 0.0000 1.0000 0.0000
vn 0.0000 1.0000 0.0000
vn 0.0000 1.0000 0.0000
vn 0.0000 1.0000 0.0000
vn 0.0000 1.0000 0.0000
vn 0.0000 1.0000 0.0000
vn 0.0000 1.0000 0.0000
vn 0.0000 1.0000 0.0000
vn 0.0000 1.0000 0.0000
vn 0.0000 1.0000 0.0000
vn 0.0000 1.0000 0.0000
vn 0.0000 1.0000 0.0000
vn 0.0000 1.0000 0.0000
vn 0.0000 1.0000 0.0000
vn 0.0000 1.0000 0.0000
vn 0.0000 1.0000 0.0000
vn 0.0000 1.0000 0.0000
vn 0.0000 1.0000 0.0000
vn 0.0000 1.0000 0.0000
vn 0.0000 1.0000 0.0000
vn 0.0000 1.0000 0.0000
vn 0.0000 1.0000 0.0000
vn 0.0000 1.0000 0.0000
vn 0.0000 1.0000 0.0000
vn 0.0000 1.0000 0.0000
vn 0.0000 1.0000 0.0000
vn 0.0000 1.0000 0.0000
vn 0.0000 1.0000 0.0000
vn 0.0000 1.0000 0.0000
vn 0.0000 1.0000 0.0000
vn 0.0000 1.0000 0.0000
vn 0.0000 1.0000 0.0000
vn 0.0000 1.0000 0.0000
vn 0.0000 1.0000 0.0000
vn 0.0000 1.0000 0.0000
vn 0.0000 1.0000 0.0000
vn 0.0000 1.0000 0.0000
vn 0.0000 1.0000 0.0000
vn 0.0000 1.0000 0.0000
vn 0.0000 1.0000 0.0000
vn 0.0000 1.0000 0.0000
vn 0.0000 1.0000 0.0000
vn 0.0000 1.0000 0.0000
vn 0.0000 1.0000 0.0000
vn 0.0000 1.0000 0.0000
vn 0.0000 1.0000 0.0000
vn 0.0000 1.0000 0.0000
vn 0.0000 1.0000 0.0000
vn 0.0000 1.0000 0.0000
vn 0.0000 1.0000 0.0000
vn 0.0000 1.0000 0.0000
vn 0.0000 1.0000 0.0000
vn 0.0000 1.0000 0.0000
vn 0.0000 1.0000 0.0000
vn 0.0000 1.0000 0.0000
vn 0.0000 1.0000 0.0000
vn 0.0000 1.0000 0.0000
vn 0.0000 1.0000 0.0000
vn 0.0000 1.0000 0.0000
vn 0.0000 1.0000 0.0000
vn 0.0000 1.0000 0.0000
vn 0.0000 1.0000 0.0000
vn 0.0000 1.0000 0.0000
vn 0.0000 1.0000 0.0000
vn 0.0000 1.0000 0.0000
vn 0.0000 1.0000 0.0000
vn 0.0000 1.0000 0.0000
vn 0.0000 1.0000 0.0000
vn 0.0000 1.0000 0.0000
vn 0.0000 1.0000 0.0000
vn 0.0000 1.0000 0.0000
vn 0.0000 1.0000 0.0000
vn 0.0000 1.0000 0.0000
vn 0.0000 1.0000 0.0000
vn 0.0000 1.0000 0.0000
vn 0.0000 1.0000 0.0000
vn 0.0000 1.0000 0.0000
vn 0.0000 1.0000 0.0000
vn 0.0000 1.0000 0.0000
vn 0.0000 1.0000 0.0000
vn 0.0000 1.0000 0.0000
vn 0.0000 1.0000 0.0000
vn 0.0000 1.0000 0.0000
vn 0.0000 1.0000 0.0000
vn 0.0000 1.0000 0.0000
vn 0.0000 1.0000 0.0000
vn 0.0000 1.0000 0.0000
vn 0.0000 1.0000 0.0000
vn 0.0000 1.0000 0.0000
vn 0.0000 1.0000 0.0000
vn 0.0000 1.0000 0.0000
vn 0.0000 1.0000 0.0000
vn 0.0000 1.0000 0.0000
vn 0.0000 1.0000 0.0000
vn 0.0000 1.0000 0.0000
vn 0.0000 1.0000 0.0000
vn 0.0000 1.0000 0.0000
vn 0.0000 1.0000 0.0000
vn 0.0000 1.0000 0.0000
vn 0.0000 1.0000 0.0000
vn 0.0000 1.0000 0.0000
vn 0.0000 1.0000 0.0000
vn 0.0000 1.0000 0.0000
vn 0.0000 1.0000 0.0000
vn 0.0000 1.0000 0.0000
vn 0.0000 1.0000 0.0000
vn 0.0000 1.0000 0.0000
vn 0.0000 1.0000 0.0000
vn 0.0000 1.0000 0.0000
vn 0.0000 1.0000 0.0000
vn 0.0000 1.0000 0.0000
vn 0.0000 1.0000 0.0000
vn 0.0000 1.0000 0.0000
vn 0.0000 1.0000 0.0000
vn 0.0000 1.0000 0.0000
vn 0.0000 1.0000 0.0000
vn 0.0000 1.0000 0.0000
vn 0.0000 1.0000 0.0000
vn 0.0000 1.0000 0.0000
vn 0.0000 1.0000 0.0000
vn 0.0000 1.0000 0.0000
vn 0.0000 1.0000 0.0000
vn 0.0000 1.0000 0.0000
vn 0.0000 1.0000 0.0000
vn 0.0000 1.0000 0.0000
vn 0.0000 1.0000 0.0000
vn 0.0000 1.0000 0.0000
vn 0.0000 1.0000 0.0000
vn 0.0000 1.0000 0.0000
vn 0.0000 1.0000 0.0000
vn 0.0000 1.0000 0.0000
vn 0.0000 1.0000 0.0000
vn 0.0000 1.0000 0.0000
vn 0.0000 1.0000 0.0000
vn 0.0000 1.0000 0.0000
vn 0.0000 1.0000 0.0000
vn 0.0000 1.0000 0.0000
vn 0.0000 1.0000 0.0000
vn 0.0000 1.0000 0.0000
vn 0.0000 1.0000 0.0000
vn 0.0000 1.0000 0.0000
vn 0.0000 1.0000 0.0000
vn 0.0000 1.0000 0.0000
vn 0.0000 1.0000 0.0000
vn 0.0000 1.0000 0.0000
vn 0.0000 1.0000 0.0000
vn 0.0000 1.0000 0.0000
vn 0.0000 1.0000 0.0000
vn 0.0000 1.0000 0.0000
vn 0.0000 1.0000 0.0000
vn 0.0000 1.0000 0.0000
vn 0.0000 1.0000 0.0000
vn 0.0000 1.0000 0.0000
vn 0.0000 1.0000 0.0000
vn 0.0000 1.0000 0.0000
vn 0.0000 1.0000 0.0000
vn 0.0000 1.0000 0.0000
vn 0.0000 1.0000 0.0000
vn 0.0000 1.0000 0.0000
vn 0.0000 1.0000 0.0000
vn 0.0000 1.0000 0.0000
vn 0.0000 1.0000 0.0000
vn 0.0000 1.0000 0.0000
vn 0.0000 1.0000 0.0000
vn 0.0000 1.0000 0.0000
vn 0.0000 1.0000 0.0000
vn 0.0000 1.0000 0.0000
vn 0.0000 1.0000 0.0000
vn 0.0000 1.0000 0.0000
vn 0.0000 1.0000 0.0000
vn 0.0000 1.0000 0.0000
vn 0.0000 1.0000 0.0000
vn 0.0000 1.0000 0.0000
vn 0.0000 1.0000 0.0000
vn 0.0000 1.0000 0.0000
vn 0.0000 1.0000 0.0000
vn 0.0000 1.0000 0.0000
vn 0.0000 1.0000 0.0000
vn 0.0000 1.0000 0.0000
vn 0.0000 1.0000 0.0000
vn 0.0000 1.0000 0.0000
vn 0.0000 1.0000 0.0000
vn 0.0000 1.0000 0.0000
vn 0.0000 1.0000 0.0000
vn 0.0000 1.0000 0.0000
vn 0.0000 1.0000 0.0000
vn 0.0000 1.0000 0.0000
vn 0.0000 1.0000 0.0000
vn 0.0000 1.0000 0.0000
vn 0.0000 1.0000 0.0000
vn 0.0000 1.0000 0.0000
vn 0.0000 1.0000 0.0000
vn 0.0000 1.0000 0.0000
vn 0.0000 1.0000 0.0000
vn 0.0000 1.0000 0.0000
vn 0.0000 1.0000 0.0000
vn 0.0000 1.0000 0.0000
vn 0.0000 1.0000 0.0000
vn 0.0000 1.0000 0.0000
vn 0.0000 1.0000 0.0000
vn 0.0000 1.0000 0.0000
vn 0.0000 1.0000 0.0000
vn 0.0000 1.0000 0.0000
vn 0.0000 1.0000 0.0000
vn 0.0000 1.0000 0.0000
vn 0.0000 1.0000 0.0000
vn 0.0000 1.0000 0.0000
vn 0.0000 1.0000 0.0000
vn 0.0000 1.0000 0.0000
vn 0.0000 1.0000 0.0000
vn 0.0000 1.0000 0.0000
vn 0.0000 1.0000 0.0000
vn 0.0000 1.0000 0.0000
vn 0.0000 1.0000 0.0000
vn 0.0000 1.0000 0.0000
vn 0.0000 1.0000 0.0000
vn 0.0000 1.0000 0.0000
vn 0.0000 1.0000 0.0000
vn 0.0000 1.0000 0.0000
vn 0.0000 1.0000 0.0000
vn 0.0000 1.0000 0.0000
vn 0.0000 1.0000 0.0000
vn 0.0000 1.0000 0.0000
vn 0.0000 1.0000 0.0000
vn 0.0000 1.0000 0.0000
vn 0.0000 1.0000 0.0000
vn 0.0000 1.0000 0.0000
vn 0.0000 1.0000 0.0000
vn 0.0000 1.0000 0.0000
vn 0.0000 1.0000 0.0000
vn 0.0000 1.0000 0.0000
vn 0.0000 1.0000 0.0000
vn 0.0000 1.0000 0.0000
vn 0.0000 1.0000 0.0000
vn 0.0000 1.0000 0.0000
vn 0.0000 1.0000 0.0000
vn 0.0000 1.0000 0.0000
vn 0.0000 1.0000 0.0000
vn 0.0000 1.0000 0.0000
vn 0.0000 1.0000 0.0000
vn 0.0000 1.0000 0.0000
vn 0.0000 1.0000 0.0000
vn 0.0000 1.0000 0.0000
vn 0.0000 1.0000 0.0000
vn 0.0000 1.0000 0.0000
vn 0.0000 1.0000 0.0000
vn 0.0000 1.0000 0.0000
vn 0.0000 1.0000 0.0000
vn 0.0000 1.0000 0.0000
vn 0.0000 1.0000 0.0000
vn 0.0000 1.0000 0.0000
vn 0.0000 1.0000 0.0000
vn 0.0000 1.0000 0.0000
vn 0.0000 1.0000 0.0000
vn 0.0000 1.0000 0.0000
vn 0.0000 1.0000 0.0000
vn 0.0000 1.0000 0.0000
vn 0.0000 1.0000 0.0000
vn 0.0000 1.0000 0.0000
vn 0.0000 1.0000 0.0000
vn 0.0000 1.0000 0.0000
vn 0.0000 1.0000 0.0000
vn 0.0000 1.0000 0.0000
vn 0.0000 1.0000 0.0000
vn 0.0000 1.0000 0.0000
vn 0.0000 1.0000 0.0000
vn 0.0000 1.0000 0.0000
vn 0.0000 1.0000 0.0000
vn 0.0000 1.0000 0.0000
vn 0.0000 1.0000 0.0000
vn 0.0000 1.0000 0.0000
vn 0.0000 1.0000 0.0000
vn 0.0000 1.0000 0.0000
vn 0.0000 1.0000 0.0000
vn 0.0000 1.0000 0.0000
vn 0.0000 1.0000 0.0000
vn 0.0000 1.0000 0.0000
vn 0.0000 1.0000 0.0000
vn 0.0000 1.0000 0.0000
vn 0.0000 1.0000 0.0000
vn 0.0000 1.0000 0.0000
vn 0.0000 1.0000 0.0000
vn 0.0000 1.0000 0.0000
vn 0.0000 1.0000 0.0000
vn 0.0000 1.0000 0.0000
vn 0.0000 1.0000 0.0000
vn 0.0000 1.0000 0.0000
vn 0.0000 1.0000 0.0000
vn 0.0000 1.0000 0.0000
vn 0.0000 1.0000 0.0000
vn 0.0000 1.0000 0.0000
vn 0.0000 1.0000 0.0000
vn 0.0000 1.0000 0.0000
vn 0.0000 1.0000 0.0000
vn 0.0000 1.0000 0.0000
vn 0.0000 1.0000 0.0000
vn 0.0000 1.0000 0.0000
vn 0.0000 1.0000 0.0000
vn 0.0000 1.0000 0.0000
vn 0.0000 1.0000 0.0000
vn 0.0000 1.0000 0.0000
vn 0.0000 1.0000 0.0000
vn 0.0000 1.0000 0.0000
vn 0.0000 1.0000 0.0000
vn 0.0000 1.0000 0.0000
vn 0.0000 1.0000 0.0000
vn 0.0000 1.0000 0.0000
vn 0.0000 1.0000 0.0000
vn 0.0000 1.0000 0.0000
vn 0.0000 1.0000 0.0000
vn 0.0000 1.0000 0.0000
vn 0.0000 1.0000 0.0000
vn 0.0000 1.0000 0.0000
vn 0.0000 1.0000 0.0000
vn 0.0000 1.0000 0.0000
vn 0.0000 1.0000 0.0000
vn 0.0000 1.0000 0.0000
vn 0.0000 1.0000 0.0000
vn 0.0000 1.0000 0.0000
vn 0.0000 1.0000 0.0000
vn 0.0000 1.0000 0.0000
vn 0.0000 1.0000 0.0000
vn 0.0000 1.0000 0.0000
vn 0.0000 1.0000 0.0000
vn 0.0000 1.0000 0.0000
vn 0.0000 1.0000 0.0000
vn 0.0000 1.0000 0.0000
vn 0.0000 1.0000 0.0000
vn 0.0000 1.0000 0.0000
vn 0.0000 1.0000 0.0000
vn 0.0000 1.0000 0.0000
vn 0.0000 1.0000 0.0000
vn 0.0000 1.0000 0.0000
vn 0.0000 1.0000 0.0000
vn 0.0000 1.0000 0.0000
vn 0.0000 1.0000 0.0000
vn 0.0000 1.0000 0.0000
vn 0.0000 1.0000 0.0000
vn 0.0000 1.0000 0.0000
vn 0.0000 1.0000 0.0000
vn 0.0000 1.0000 0.0000
vn 0.0000 1.0000 0.0000
vn 0.0000 1.0000 0.0000
vn 0.0000 1.0000 0.0000
vn 0.0000 1.0000 0.0000
vn 0.0000 1.0000 0.0000
vn 0.0000 1.0000 0.0000
vn 0.0000 1.0000 0.0000
vn 0.0000 1.0000 0.0000
vn 0.0000 1.0000 0.0000
vn 0.0000 1.0000 0.0000
vn 0.0000 1.0000 0.0000
vn 0.0000 1.0000 0.0000
vn 0.0000 1.0000 0.0000
vn 0.0000 1.0000 0.0000
vn 0.0000 1.0000 0.0000
vn 0.0000 1.0000 0.0000
vn 0.0000 1.0000 0.0000
vn 0.0000 1.0000 0.0000
vn 0.0000 1.0000 0.0000
vn 0.0000 1.0000 0.0000
vn 0.0000 1.0000 0.0000
vn 0.0000 1.0000 0.0000
vn 0.0000 1.0000 0.0000
vn 0.0000 1.0000 0.0000
vn 0.0000 1.0000 0.0000
vn 0.0000 1.0000 0.0000
vn 0.0000 1.0000 0.0000
vn 0.0000 1.0000 0.0000
vn 0.0000 1.0000 0.0000
vn 0.0000 1.0000 0.0000
vn 0.0000 1.0000 0.0000
vn 0.0000 1.0000 0.0000
vn 0.0000 1.0000 0.0000
vn 0.0000 1.0000 0.0000
vn 0.0000 1.0000 0.0000
vn 0.0000 1.0000 0.0000
vn 0.0000 1.0000 0.0000
vn 0.0000 1.0000 0.0000
vn 0.0000 1.0000 0.0000
vn 0.0000 1.0000 0.0000
vn 0.0000 1.0000 0.0000
vn 0.0000 1.0000 0.0000
vn 0.0000 1.0000 0.0000
vn 0.0000 1.0000 0.0000
vn 0.0000 1.0000 0.0000
vn 0.0000 1.0000 0.0000
vn 0.0000 1.0000 0.0000
vn 0.0000 1.0000 0.0000
vn 0.0000 1.0000 0.0000
vn 0.0000 1.0000 0.0000
vn 0.0000 1.0000 0.0000
vn 0.0000 1.0000 0.0000
vn 0.0000 1.0000 0.0000
vn 0.0000 1.0000 0.0000
vn 0.0000 1.0000 0.0000
vn 0.0000 1.0000 0.0000
vn 0.0000 1.0000 0.0000
vn 0.0000 1.0000 0.0000
vn 0.0000 1.0000 0.0000
vn 0.0000 1.0000 0.0000
vn 0.0000 1.0000 0.0000
vn 0.0000 1.0000 0.0000
vn 0.0000 1.0000 0.0000
vn 0.0000 1.0000 0.0000
vn 0.0000 1.0000 0.0000
vn 0.0000 1.0000 0.0000
vn 0.0000 1.0000 0.0000
vn 0.0000 1.0000 0.0000
vn 0.0000 1.0000 0.0000
vn 0.0000 1.0000 0.0000
vn 0.0000 1.0000 0.0000
vn 0.0000 1.0000 0.0000
vn 0.0000 1.0000 0.0000
vn 0.0000 1.0000 0.0000
vn 0.0000 1.0000 0.0000
vn 0.0000 1.0000 0.0000
vn 0.0000 1.0000 0.0000
vn 0.0000 1.0000 0.0000
vn 0.0000 1.0000 0.0000
vn 0.0000 1.0000 0.0000
vn 0.0000 1.0000 0.0000
vn 0.0000 1.0000 0.0000
vn 0.0000 1.0000 0.0000
vn 0.0000 1.0000 0.0000
vn 0.0000 1.0000 0.0000
vn 0.0000 1.0000 0.0000
vn 0.0000 1.0000 0.0000
vn 0.0000 1.0000 0.0000
vn 0.0000 1.0000 0.0000
vn 0.0000 1.0000 0.0000
vn 0.0000 1.0000 0.0000
vn 0.0000 1.0000 0.0000
vn 0.0000 1.0000 0.0000
vn 0.0000 1.0000 0.0000
vn 0.0000 1.0000 0.0000
vn 0.0000 1.0000 0.0000
vn 0.0000 1.0000 0.0000
vn 0.0000 1.0000 0.0000
vn 0.0000 1.0000 0.0000
vn 0.0000 1.0000 0.0000
vn 0.0000 1.0000 0.0000
vn 0.0000 1.0000 0.0000
vn 0.0000 1.0000 0.0000
vn 0.0000 1.0000 0.0000
vn 0.0000 1.0000 0.0000
vn 0.0000 1.0000 0.0000
vn 0.0000 1.0000 0.0000
vn 0.0000 1.0000 0.0000
vn 0.0000 1.0000 0.0000
vn 0.0000 1.0000 0.0000
vn 0.0000 1.0000 0.0000
vn 0.0000 1.0000 0.0000
vn 0.0000 1.0000 0.0000
vn 0.0000 1.0000 0.0000
vn 0.0000 1.0000 0.0000
vn 0.0000 1.0000 0.0000
vn 0.0000 1.0000 0.0000
vn 0.0000 1.0000 0.0000
vn 0.0000 1.0000 0.0000
vn 0.0000 1.0000 0.0000
vn 0.0000 1.0000 0.0000
vn 0.0000 1.0000 0.0000
vn 0.0000 1.0000 0.0000
vn 0.0000 1.0000 0.0000
vn 0.0000 1.0000 0.0000
vn 0.0000 1.0000 0.0000
vn 0.0000 1.0000 0.0000
vn 0.0000 1.0000 0.0000
vn 0.0000 1.0000 0.0000
vn 0.0000 1.0000 0.0000
vn 0.0000 1.0000 0.0000
vn 0.0000 1.0000 0.0000
vn 0.0000 1.0000 0.0000
vn 0.0000 1.0000 0.0000
vn 0.0000 1.0000 0.0000
vn 0.0000 1.0000 0.0000
vn 0.0000 1.0000 0.0000
vn 0.0000 1.0000 0.0000
vn 0.0000 1.0000 0.0000
vn 0.0000 1.0000 0.0000
vn 0.0000 1.0000 0.0000
vn 0.0000 1.0000 0.0000
vn 0.0000 1.0000 0.0000
vn 0.0000 1.0000 0.0000
vn 0.0000 1.0000 0.0000
vn 0.0000 1.0000 0.0000
vn 0.0000 1.0000 0.0000
vn 0.0000 1.0000 0.0000
vn 0.0000 1.0000 0.0000
vn 0.0000 1.0000 0.0000
vn 0.0000 1.0000 0.0000
vn 0.0000 1.0000 0.0000
vn 0.0000 1.0000 0.0000
vn 0.0000 1.0000 0.0000
vn 0.0000 1.0000 0.0000
vn 0.0000 1.0000 0.0000
vn 0.0000 1.0000 0.0000
vn 0.0000 1.0000 0.0000
vn 0.0000 1.0000 0.0000
vn 0.0000 1.0000 0.0000
vn 0.0000 1.0000 0.0000
vn 0.0000 1.0000 0.0000
vn 0.0000 1.0000 0.0000
vn 0.0000 1.0000 0.0000
vn 0.0000 1.0000 0.0000
vn 0.0000 1.0000 0.0000
vn 0.0000 1.0000 0.0000
vn 0.0000 1.0000 0.0000
vn 0.0000 1.0000 0.0000
vn 0.0000 1.0000 0.0000
vn 0.0000 1.0000 0.0000
vn 0.0000 1.0000 0.0000
vn 0.0000 1.0000 0.0000
vn 0.0000 1.0000 0.0000
vn 0.0000 1.0000 0.0000
vn 0.0000 1.0000 0.0000
vn 0.0000 1.0000 0.0000
vn 0.0000 1.0000 0.0000
vn 0.0000 1.0000 0.0000
vn 0.0000 1.0000 0.0000
vn 0.0000 1.0000 0.0000
vn 0.0000 1.0000 0.0000
vn 0.0000 1.0000 0.0000
vn 0.0000 1.0000 0.0000
vn 0.0000 1.0000 0.0000
vn 0.0000 1.0000 0.0000
vn 0.0000 1.0000 0.0000
vn 0.0000 1.0000 0.0000
vn 0.0000 1.0000 0.0000
vn 0.0000 1.0000 0.0000
vn 0.0000 1.0000 0.0000
vn 0.0000 1.0000 0.0000
vn 0.0000 1.0000 0.0000
vn 0.0000 1.0000 0.0000
vn 0.0000 1.0000 0.0000
vn 0.0000 1.0000 0.0000
vn 0.0000 1.0000 0.0000
vn 0.0000 1.0000 0.0000
vn 0.0000 1.0000 0.0000
vn 0.0000 1.0000 0.0000
vn 0.0000 1.0000 0.0000
vn 0.0000 1.0000 0.0000
vn 0.0000 1.0000 0.0000
vn 0.0000 1.0000 0.0000
vn 0.0000 1.0000 0.0000
vn 0.0000 1.0000 0.0000
vn 0.0000 1.0000 0.0000
vn 0.0000 1.0000 0.0000
vn 0.0000 1.0000 0.0000
vn 0.0000 1.0000 0.0000
vn 0.0000 1.0000 0.0000
vn 0.0000 1.0000 0.0000
vn 0.0000 1.0000 0.0000
vn 0.0000 1.0000 0.0000
vn 0.0000 1.0000 0.0000
vn 0.0000 1.0000 0.0000
vn 0.0000 1.0000 0.0000
vn 0.0000 1.0000 0.0000
vn 0.0000 1.0000 0.0000
vn 0.0000 1.0000 0.0000
vn 0.0000 1.0000 0.0000
vn 0.0000 1.0000 0.0000
vn 0.0000 1.0000 0.0000
vn 0.0000 1.0000 0.0000
vn 0.0000 1.0000 0.0000
vn 0.0000 1.0000 0.0000
vn 0.0000 1.0000 0.0000
vn 0.0000 1.0000 0.0000
vn 0.0000 1.0000 0.0000
vn 0.0000 1.0000 0.0000
vn 0.0000 1.0000 0.0000
vn 0.0000 1.0000 0.0000
vn 0.0000 1.0000 0.0000
vn 0.0000 1.0000 0.0000
vn 0.0000 1.0000 0.0000
vn 0.0000 1.0000 0.0000
vn 0.0000 1.0000 0.0000
vn 0.0000 1.0000 0.0000
vn 0.0000 1.0000 0.0000
vn 0.0000 1.0000 0.0000
vn 0.0000 1.0000 0.0000
vn 0.0000 1.0000 0.0000
vn 0.0000 1.0000 0.0000
vn 0.0000 1.0000 0.0000
vn 0.0000 1.0000 0.0000
vn 0.0000 1.0000 0.0000
vn 0.0000 1.0000 0.0000
vn 0.0000 1.0000 0.0000
vn 0.0000 1.0000 0.0000
vn 0.0000 1.0000 0.0000
vn 0.0000 1.0000 0.0000
vn 0.0000 1.0000 0.0000
vn 0.0000 1.0000 0.0000
vn 0.0000 1.0000 0.0000
vn 0.0000 1.0000 0.0000
vn 0.0000 1.0000 0.0000
vn 0.0000 1.0000 0.0000
vn 0.0000 1.0000 0.0000
vn 0.0000 1.0000 0.0000
vn 0.0000 1.0000 0.0000
vn 0.0000 1.0000 0.0000
vn 0.0000 1.0000 0.0000
vn 0.0000 1.0000 0.0000
vn 0.0000 1.0000 0.0000
vn 0.0000 1.0000 0.0000
vn 0.0000 1.0000 0.0000
vn 0.0000 1.0000 0.0000
vn 0.0000 1.0000 0.0000
vn 0.0000 1.0000 0.0000
vn 0.0000 1.0000 0.0000
vn 0.0000 1.0000 0.0000
vn 0.0000 1.0000 0.0000
vn 0.0000 1.0000 0.0000
vn 0.0000 1.0000 0.0000
vn 0.0000 1.0000 0.0000
vn 0.0000 1.0000 0.0000
vn 0.0000 1.0000 0.0000
vn 0.0000 1.0000 0.0000
vn 0.0000 1.0000 0.0000
vn 0.0000 1.0000 0.0000
vn 0.0000 1.0000 0.0000
vn 0.0000 1.0000 0.0000
vn 0.0000 1.0000 0.0000
vn 0.0000 1.0000 0.0000
vn 0.0000 1.0000 0.0000
vn 0.0000 1.0000 0.0000
vn 0.0000 1.0000 0.0000
vn 0.0000 1.0000 0.0000
vn 0.0000 1.0000 0.0000
vn 0.0000 1.0000 0.0000
vn 0.0000 1.0000 0.0000
vn 0.0000 1.0000 0.0000
vn 0.0000 1.0000 0.0000
vn 0.0000 1.0000 0.0000
vn 0.0000 1.0000 0.0000
vn 0.0000 1.0000 0.0000
vn 0.0000 1.0000 0.0000
vn 0.0000 1.0000 0.0000
vn 0.0000 1.0000 0.0000
vn 0.0000 1.0000 0.0000
vn 0.0000 1.0000 0.0000
vn 0.0000 1.0000 0.0000
vn 0.0000 1.0000 0.0000
vn 0.0000 1.0000 0.0000
vn 0.0000 1.0000 0.0000
vn 0.0000 1.0000 0.0000
vn 0.0000 1.0000 0.0000
vn 0.0000 1.0000 0.0000
vn 0.0000 1.0000 0.0000
vn 0.0000 1.0000 0.0000
vn 0.0000 1.0000 0.0000
vn 0.0000 1.0000 0.0000
vn 0.0000 1.0000 0.0000
vn 0.0000 1.0000 0.0000
vn 0.0000 1.0000 0.0000
vn 0.0000 1.0000 0.0000
vn 0.0000 1.0000 0.0000
vn 0.0000 1.0000 0.0000
vn 0.0000 1.0000 0.0000
vn 0.0000 1.0000 0.0000
vn 0.0000 1.0000 0.0000
vn 0.0000 1.0000 0.0000
vn 0.0000 1.0000 0.0000
vn 0.0000 1.0000 0.0000
vn 0.0000 1.0000 0.0000
vn 0.0000 1.0000 0.0000
vn 0.0000 1.0000 0.0000
vn 0.0000 1.0000 0.0000
vn 0.0000 1.0000 0.0000
vn 0.0000 1.0000 0.0000
vn 0.0000 1.0000 0.0000
vn 0.0000 1.0000 0.0000
vn 0.0000 1.0000 0.0000
vn 0.0000 1.0000 0.0000
vn 0.0000 1.0000 0.0000
vn 0.0000 1.0000 0.0000
vn 0.0000 1.0000 0.0000
vn 0.0000 1.0000 0.0000
vn 0.0000 1.0000 0.0000
vn 0.0000 1.0000 0.0000
vn 0.0000 1.0000 0.0000
vn 0.0000 1.0000 0.0000
vn 0.0000 1.0000 0.0000
vn 0.0000 1.0000 0.0000
vn 0.0000 1.0000 0.0000
vn 0.0000 1.0000 0.0000
vn 0.0000 1.0000 0.0000
vn 0.0000 1.0000 0.0000
vn 0.0000 1.0000 0.0000
vn 0.0000 1.0000 0.0000
vn 0.0000 1.0000 0.0000
vn 0.0000 1.0000 0.0000
vn 0.0000 1.0000 0.0000
vn 0.0000 1.0000 0.0000
vn 0.0000 1.0000 0.0000
vn 0.0000 1.0000 0.0000
vn 0.0000 1.0000 0.0000
vn 0.0000 1.0000 0.0000
vn 0.0000 1.0000 0.0000
vn 0.0000 1.0000 0.0000
vn 0.0000 1.0000 0.0000
vn 0.0000 1.0000 0.0000
vn 0.0000 1.0000 0.0000
vn 0.0000 1.0000 0.0000
vn 0.0000 1.0000 0.0000
vn 0.0000 1.0000 0.0000
vn 0.0000 1.0000 0.0000
vn 0.0000 1.0000 0.0000
vn 0.0000 1.0000 0.0000
vn 0.0000 1.0000 0.0000
vn 0.0000 1.0000 0.0000
vn 0.0000 1.0000 0.0000
vn 0.0000 1.0000 0.0000
vn 0.0000 1.0000 0.0000
vn 0.0000 1.0000 0.0000
vn 0.0000 1.0000 0.0000
vn 0.0000 1.0000 0.0000
vn 0.0000 1.0000 0.0000
vn 0.0000 1.0000 0.0000
vn 0.0000 1.0000 0.0000
vn 0.0000 1.0000 0.0000
vn 0.0000 1.0000 0.0000
vn 0.0000 1.0000 0.0000
vn 0.0000 1.0000 0.0000
vn 0.0000 1.0000 0.0000
vn 0.0000 1.0000 0.0000
vn 0.0000 1.0000 0.0000
vn 0.0000 1.0000 0.0000
vn 0.0000 1.0000 0.0000
vn 0.0000 1.0000 0.0000
vn 0.0000 1.0000 0.0000
vn 0.0000 1.0000 0.0000
vn 0.0000 1.0000 0.0000
vn 0.0000 1.0000 0.0000
vn 0.0000 1.0000 0.0000
vn 0.0000 1.0000 0.0000
vn 0.0000 1.0000 0.0000
vn 0.0000 1.0000 0.0000
vn 0.0000 1.0000 0.0000
vn 0.0000 1.0000 0.0000
vn 0.0000 1.0000 0.0000
vn 0.0000 1.0000 0.0000
vn 0.0000 1.0000 0.0000
vn 0.0000 1.0000 0.0000
vn 0.0000 1.0000 0.0000
vn 0.0000 1.0000 0.0000
vn 0.0000 1.0000 0.0000
vn 0.0000 1.0000 0.0000
vn 0.0000 1.0000 0.0000
vn 0.0000 1.0000 0.0000
vn 0.0000 1.0000 0.0000
vn 0.0000 1.0000 0.0000
vn 0.0000 1.0000 0.0000
vn 0.0000 1.0000 0.0000
vn 0.0000 1.0000 0.0000
vn 0.0000 1.0000 0.0000
vn 0.0000 1.0000 0.0000
vn 0.0000 1.0000 0.0000
vn 0.0000 1.0000 0.0000
vn 0.0000 1.0000 0.0000
vn 0.0000 1.0000 0.0000
vn 0.0000 1.0000 0.0000
vn 0.0000 1.0000 0.0000
vn 0.0000 1.0000 0.0000
vn 0.0000 1.0000 0.0000
vn 0.0000 1.0000 0.0000
vn 0.0000 1.0000 0.0000
vn 0.0000 1.0000 0.0000
vn 0.0000 1.0000 0.0000
vn 0.0000 1.0000 0.0000
vn 0.0000 1.0000 0.0000
vn 0.0000 1.0000 0.0000
vn 0.0000 1.0000 0.0000
vn 0.0000 1.0000 0.0000
vn 0.0000 1.0000 0.0000
vn 0.0000 1.0000 0.0000
vn 0.0000 1.0000 0.0000
vn 0.0000 1.0000 0.0000
vn 0.0000 1.0000 0.0000
vn 0.0000 1.0000 0.0000
vn 0.0000 1.0000 0.0000
vn 0.0000 1.0000 0.0000
vn 0.0000 1.0000 0.0000
vn 0.0000 1.0000 0.0000
vn 0.0000 1.0000 0.0000
vn 0.0000 1.0000 0.0000
vn 0.0000 1.0000 0.0000
vn 0.0000 1.0000 0.0000
vn 0.0000 1.0000 0.0000
vn 0.0000 1.0000 0.0000
vn 0.0000 1.0000 0.0000
vn 0.0000 1.0000 0.0000
vn 0.0000 1.0000 0.0000
vn 0.0000 1.0000 0.0000
vn 0.0000 1.0000 0.0000
vn 0.0000 1.0000 0.0000
vn 0.0000 1.0000 0.0000
vn 0.0000 1.0000 0.0000
vn 0.0000 1.0000 0.0000
vn 0.0000 1.0000 0.0000
vn 0.0000 1.0000 0.0000
vn 0.0000 1.0000 0.0000
vn 0.0000 1.0000 0.0000
vn 0.0000 1.0000 0.0000
vn 0.0000 1.0000 0.0000
vn 0.0000 1.0000 0.0000
vn 0.0000 1.0000 0.0000
vn 0.0000 1.0000 0.0000
vn 0.0000 1.0000 0.0000
vn 0.0000 1.0000 0.0000
vn 0.0000 1.0000 0.0000
vn 0.0000 1.0000 0.0000
vn 0.0000 1.0000 0.0000
vn 0.0000 1.0000 0.0000
vn 0.0000 1.0000 0.0000
vn 0.0000 1.0000 0.0000
vn 0.0000 1.0000 0.0000
vn 0.0000 1.0000 0.0000
vn 0.0000 1.0000 0.0000
vn 0.0000 1.0000 0.0000
vn 0.0000 1.0000 0.0000
vn 0.0000 1.0000 0.0000
vn 0.0000 1.0000 0.0000
vn 0.0000 1.0000 0.0000
vn 0.0000 1.0000 0.0000
vn 0.0000 1.0000 0.0000
vn 0.0000 1.0000 0.0000
vn 0.0000 1.0000 0.0000
vn 0.0000 1.0000 0.0000
vn 0.0000 1.0000 0.0000
vn 0.0000 1.0000 0.0000
vn 0.0000 1.0000 0.0000
vn 0.0000 1.0000 0.0000
vn 0.0000 1.0000 0.0000
vn 0.0000 1.0000 0.0000
vn 0.0000 1.0000 0.0000
vn 0.0000 1.0000 0.0000
vn 0.0000 1.0000 0.0000
vn 0.0000 1.0000 0.0000
vn 0.0000 1.0000 0.0000
vn 0.0000 1.0000 0.0000
vn 0.0000 1.0000 0.0000
vn 0.0000 1.0000 0.0000
vn 0.0000 1.0000 0.0000
vn 0.0000 1.0000 0.0000
vn 0.0000 1.0000 0.0000
vn 0.0000 1.0000 0.0000
vn 0.0000 1.0000 0.0000
vn 0.0000 1.0000 0.0000
vn 0.0000 1.0000 0.0000
vn 0.0000 1.0000 0.0000
vn 0.0000 1.0000 0.0000
vn 0.0000 1.0000 0.0000
vn 0.0000 1.0000 0.0000
vn 0.0000 1.0000 0.0000
vn 0.0000 1.0000 0.0000
vn 0.0000 1.0000 0.0000
vn 0.0000 1.0000 0.0000
vn 0.0000 1.0000 0.0000
vn 0.0000 1.0000 0.0000
vn 0.0000 1.0000 0.0000
vn 0.0000 1.0000 0.0000
vn 0.0000 1.0000 0.0000
vn 0.0000 1.0000 0.0000
vn 0.0000 1.0000 0.0000
vn 0.0000 1.0000 0.0000
vn 0.0000 1.0000 0.0000
vn 0.0000 1.0000 0.0000
vn 0.0000 1.0000 0.0000
vn 0.0000 1.0000 0.0000
vn 0.0000 1.0000 0.0000
vn 0.0000 1.0000 0.0000
vn 0.0000 1.0000 0.0000
vn 0.0000 1.0000 0.0000
vn 0.0000 1.0000 0.0000
vn 0.0000 1.0000 0.0000
vn 0.0000 1.0000 0.0000
vn 0.0000 1.0000 0.0000
vn 0.0000 1.0000 0.0000
vn 0.0000 1.0000 0.0000
vn 0.0000 1.0000 0.0000
vn 0.0000 1.0000 0.0000
vn 0.0000 1.0000 0.0000
vn 0.0000 1.0000 0.0000
vn 0.0000 1.0000 0.0000
vn 0.0000 1.0000 0.0000
vn 0.0000 1.0000 0.0000
vn 0.0000 1.0000 0.0000
vn 0.0000 1.0000 0.0000
vn 0.0000 1.0000 0.0000
vn 0.0000 1.0000 0.0000
vn 0.0000 1.0000 0.0000
vn 0.0000 1.0000 0.0000
vn 0.0000 1.0000 0.0000
vn 0.0000 1.0000 0.0000
vn 0.0000 1.0000 0.0000
vn 0.0000 1.0000 0.0000
vn 0.0000 1.0000 0.0000
vn 0.0000 1.0000 0.0000
vn 0.0000 1.0000 0.0000
vn 0.0000 1.0000 0.0000
vn 0.0000 1.0000 0.0000
vn 0.0000 1.0000 0.0000
vn 0.0000 1.0000 0.0000
vn 0.0000 1.0000 0.0000
vn 0.0000 1.0000 0.0000
vn 0.0000 1.0000 0.0000
vn 0.0000 1.0000 0.0000
vn 0.0000 1.0000 0.0000
vn 0.0000 1.0000 0.0000
vn 0.0000 1.0000 0.0000
vn 0.0000 1.0000 0.0000
vn 0.0000 1.0000 0.0000
vn 0.0000 1.0000 0.0000
vn 0.0000 1.0000 0.0000
vn 0.0000 1.0000 0.0000
vn 0.0000 1.0000 0.0000
vn 0.0000 1.0000 0.0000
vn 0.0000 1.0000 0.0000
vn 0.0000 1.0000 0.0000
vn 0.0000 1.0000 0.0000
vn 0.0000 1.0000 0.0000
vn 0.0000 1.0000 0.0000
vn 0.0000 1.0000 0.0000
vn 0.0000 1.0000 0.0000
vn 0.0000 1.0000 0.0000
vn 0.0000 1.0000 0.0000
vn 0.0000 1.0000 0.0000
vn 0.0000 1.0000 0.0000
vn 0.0000 1.0000 0.0000
vn 0.0000 1.0000 0.0000
vn 0.0000 1.0000 0.0000
vn 0.0000 1.0000 0.0000
vn 0.0000 1.0000 0.0000
vn 0.0000 1.0000 0.0000
vn 0.0000 1.0000 0.0000
vn 0.0000 1.0000 0.0000
vn 0.0000 1.0000 0.0000
vn 0.0000 1.0000 0.0000
vn 0.0000 1.0000 0.0000
vn 0.0000 1.0000 0.0000
vn 0.0000 1.0000 0.0000
vn 0.0000 1.0000 0.0000
vn 0.0000 1.0000 0.0000
vn 0.0000 1.0000 0.0000
vn 0.0000 1.0000 0.0000
vn 0.0000 1.0000 0.0000
vn 0.0000 1.0000 0.0000
vn 0.0000 1.0000 0.0000
vn 0.0000 1.0000 0.0000
vn 0.0000 1.0000 0.0000
vn 0.0000 1.0000 0.0000
vn 0.0000 1.0000 0.0000
vn 0.0000 1.0000 0.0000
vn 0.0000 1.0000 0.0000
vn 0.0000 1.0000 0.0000
vn 0.0000 1.0000 0.0000
vn 0.0000 1.0000 0.0000
vn 0.0000 1.0000 0.0000
vn 0.0000 1.0000 0.0000
vn 0.0000 1.0000 0.0000
vn 0.0000 1.0000 0.0000
vn 0.0000 1.0000 0.0000
vn 0.0000 1.0000 0.0000
vn 0.0000 1.0000 0.0000
vn 0.0000 1.0000 0.0000
vn 0.0000 1.0000 0.0000
vn 0.0000 1.0000 0.0000
vn 0.0000 1.0000 0.0000
vn 0.0000 1.0000 0.0000
vn 0.0000 1.0000 0.0000
vn 0.0000 1.0000 0.0000
vn 0.0000 1.0000 0.0000
vn 0.0000 1.0000 0.0000
vn 0.0000 1.0000 0.0000
vn 0.0000 1.0000 0.0000
vn 0.0000 1.0000 0.0000
vn 0.0000 1.0000 0.0000
vn 0.0000 1.0000 0.0000
vn 0.0000 1.0000 0.0000
vn 0.0000 1.0000 0.0000
vn 0.0000 1.0000 0.0000
vn 0.0000 1.0000 0.0000
vn 0.0000 1.0000 0.0000
vn 0.0000 1.0000 0.0000
vn 0.0000 1.0000 0.0000
vn 0.0000 1.0000 0.0000
vn 0.0000 1.0000 0.0000
vn 0.0000 1.0000 0.0000
vn 0.0000 1.0000 0.0000
vn 0.0000 1.0000 0.0000
vn 0.0000 1.0000 0.0000
vn 0.0000 1.0000 0.0000
vn 0.0000 1.0000 0.0000
vn 0.0000 1.0000 0.0000
vn 0.0000 1.0000 0.0000
vn 0.0000 1.0000 0.0000
vn 0.0000 1.0000 0.0000
vn 0.0000 1.0000 0.0000
vn 0.0000 1.0000 0.0000
vn 0.0000 1.0000 0.0000
vn 0.0000 1.0000 0.0000
vn 0.0000 1.0000 0.0000
vn 0.0000 1.0000 0.0000
vn 0.0000 1.0000 0.0000
vn 0.0000 1.0000 0.0000
vn 0.0000 1.0000 0.0000
vn 0.0000 1.0000 0.0000
vn 0.0000 1.0000 0.0000
vn 0.0000 1.0000 0.0000
vn 0.0000 1.0000 0.0000
vn 0.0000 1.0000 0.0000
vn 0.0000 1.0000 0.0000
vn 0.0000 1.0000 0.0000
vn 0.0000 1.0000 0.0000
vn 0.0000 1.0000 0.0000
vn 0.0000 1.0000 0.0000
vn 0.0000 1.0000 0.0000
vn 0.0000 1.0000 0.0000
vn 0.0000 1.0000 0.0000
vn 0.0000 1.0000 0.0000
vn 0.0000 1.0000 0.0000
vn 0.0000 1.0000 0.0000
vn 0.0000 1.0000 0.0000
vn 0.0000 1.0000 0.0000
vn 0.0000 1.0000 0.0000
vn 0.0000 1.0000 0.0000
vn 0.0000 1.0000 0.0000
vn 0.0000 1.0000 0.0000
vn 0.0000 1.0000 0.0000
vn 0.0000 1.0000 0.0000
vn 0.0000 1.0000 0.0000
vn 0.0000 1.0000 0.0000
vn 0.0000 1.0000 0.0000
vn 0.0000 1.0000 0.0000
vn 0.0000 1.0000 0.0000
vn 0.0000 1.0000 0.0000
vn 0.0000 1.0000 0.0000
vn 0.0000 1.0000 0.0000
vn 0.0000 1.0000 0.0000
vn 0.0000 1.0000 0.0000
vn 0.0000 1.0000 0.0000
vn 0.0000 1.0000 0.0000
vn 0.0000 1.0000 0.0000
vn 0.0000 1.0000 0.0000
vn 0.0000 1.0000 0.0000
vn 0.0000 1.0000 0.0000
vn 0.0000 1.0000 0.0000
vn 0.0000 1.0000 0.0000
vn 0.0000 1.0000 0.0000
vn 0.0000 1.0000 0.0000
vn 0.0000 1.0000 0.0000
vn 0.0000 1.0000 0.0000
vn 0.0000 1.0000 0.0000
vn 0.0000 1.0000 0.0000
vn 0.0000 1.0000 0.0000
vn 0.0000 1.0000 0.0000
vn 0.0000 1.0000 0.0000
vn 0.0000 1.0000 0.0000
vn 0.0000 1.0000 0.0000
vn 0.0000 1.0000 0.0000
vn 0.0000 1.0000 0.0000
vn 0.0000 1.0000 0.0000
vn 0.0000 1.0000 0.0000
vn 0.0000 1.0000 0.0000
vn 0.0000 1.0000 0.0000
vn 0.0000 1.0000 0.0000
vn 0.0000 1.0000 0.0000
vn 0.0000 1.0000 0.0000
vn 0.0000 1.0000 0.0000
vn 0.0000 1.0000 0.0000
vn 0.0000 1.0000 0.0000
vn 0.0000 1.0000 0.0000
vn 0.0000 1.0000 0.0000
vn 0.0000 1.0000 0.0000
vn 0.0000 1.0000 0.0000
vn 0.0000 1.0000 0.0000
vn 0.0000 1.0000 0.0000
vn 0.0000 1.0000 0.0000
vn 0.0000 1.0000 0.0000
vn 0.0000 1.0000 0.0000
vn 0.0000 1.0000 0.0000
vn 0.0000 1.0000 0.0000
vn 0.0000 1.0000 0.0000
vn 0.0000 1.0000 0.0000
vn 0.0000 1.0000 0.0000
vn 0.0000 1.0000 0.0000
vn 0.0000 1.0000 0.0000
vn 0.0000 1.0000 0.0000
vn 0.0000 1.0000 0.0000
vn 0.0000 1.0000 0.0000
vn 0.0000 1.0000 0.0000
vn 0.0000 1.0000 0.0000
vn 0.0000 1.0000 0.0000
vn 0.0000 1.0000 0.0000
vn 0.0000 1.0000 0.0000
vn 0.0000 1.0000 0.0000
vn 0.0000 1.0000 0.0000
vn 0.0000 1.0000 0.0000
vn 0.0000 1.0000 0.0000
vn 0.0000 1.0000 0.0000
vn 0.0000 1.0000 0.0000
vn 0.0000 1.0000 0.0000
vn 0.0000 1.0000 0.0000
vn 0.0000 1.0000 0.0000
vn 0.0000 1.0000 0.0000
vn 0.0000 1.0000 0.0000
vn 0.0000 1.0000 0.0000
vn 0.0000 1.0000 0.0000
vn 0.0000 1.0000 0.0000
vn 0.0000 1.0000 0.0000
vn 0.0000 1.0000 0.0000
vn 0.0000 1.0000 0.0000
vn 0.0000 1.0000 0.0000
vn 0.0000 1.0000 0.0000
vn 0.0000 1.0000 0.0000
vn 0.0000 1.0000 0.0000
vn 0.0000 1.0000 0.0000
vn 0.0000 1.0000 0.0000
vn 0.0000 1.0000 0.0000
vn 0.0000 1.0000 0.0000
vn 0.0000 1.0000 0.0000
vn 0.0000 1.0000 0.0000
vn 0.0000 1.0000 0.0000
vn 0.0000 1.0000 0.0000
vn 0.0000 1.0000 0.0000
vn 0.0000 1.0000 0.0000
vn 0.0000 1.0000 0.0000
vn 0.0000 1.0000 0.0000
vn 0.0000 1.0000 0.0000
vn 0.0000 1.0000 0.0000
vn 0.0000 1.0000 0.0000
vn 0.0000 1.0000 0.0000
vn 0.0000 1.0000 0.0000
vn 0.0000 1.0000 0.0000
vn 0.0000 1.0000 0.0000
vn 0.0000 1.0000 0.0000
vn 0.0000 1.0000 0.0000
vn 0.0000 1.0000 0.0000
vn 0.0000 1.0000 0.0000
vn 0.0000 1.0000 0.0000
vn 0.0000 1.0000 0.0000
vn 0.0000 1.0000 0.0000
vn 0.0000 1.0000 0.0000
vn 0.0000 1.0000 0.0000
vn 0.0000 1.0000 0.0000
vn 0.0000 1.0000 0.0000
vn 0.0000 1.0000 0.0000
vn 0.0000 1.0000 0.0000
vn 0.0000 1.0000 0.0000
vn 0.0000 1.0000 0.0000
vn 0.0000 1.0000 0.0000
vn 0.0000 1.0000 0.0000
vn 0.0000 1.0000 0.0000
vn 0.0000 1.0000 0.0000
vn 0.0000 1.0000 0.0000
vn 0.0000 1.0000 0.0000
vn 0.0000 1.0000 0.0000
vn 0.0000 1.0000 0.0000
vn 0.0000 1.0000 0.0000
vn 0.0000 1.0000 0.0000
vn 0.0000 1.0000 0.0000
vn 0.0000 1.0000 0.0000
vn 0.0000 1.0000 0.0000
vn 0.0000 1.0000 0.0000
vn 0.0000 1.0000 0.0000
vn 0.0000 1.0000 0.0000
vn 0.0000 1.0000 0.0000
vn 0.0000 1.0000 0.0000
vn 0.0000 1.0000 0.0000
vn 0.0000 1.0000 0.0000
vn 0.0000 1.0000 0.0000
vn 0.0000 1.0000 0.0000
vn 0.0000 1.0000 0.0000
vn 0.0000 1.0000 0.0000
vn 0.0000 1.0000 0.0000
vn 0.0000 1.0000 0.0000
vn 0.0000 1.0000 0.0000
vn 0.0000 1.0000 0.0000
vn 0.0000 1.0000 0.0000
vn 0.0000 1.0000 0.0000
vn 0.0000 1.0000 0.0000
vn 0.0000 1.0000 0.0000
vn 0.0000 1.0000 0.0000
vn 0.0000 1.0000 0.0000
vn 0.0000 1.0000 0.0000
vn 0.0000 1.0000 0.0000
vn 0.0000 1.0000 0.0000
vn 0.0000 1.0000 0.0000
vn 0.0000 1.0000 0.0000
vn 0.0000 1.0000 0.0000
vn 0.0000 1.0000 0.0000
vn 0.0000 1.0000 0.0000
vn 0.0000 1.0000 0.0000
vn 0.0000 1.0000 0.0000
vn 0.0000 1.0000 0.0000
vn 0.0000 1.0000 0.0000
vn 0.0000 1.0000 0.0000
vn 0.0000 1.0000 0.0000
vn 0.0000 1.0000 0.0000
vn 0.0000 1.0000 0.0000
vn 0.0000 1.0000 0.0000
vn 0.0000 1.0000 0.0000
vn 0.0000 1.0000 0.0000
vn 0.0000 1.0000 0.0000
vn 0.0000 1.0000 0.0000
vn 0.0000 1.0000 0.0000
vn 0.0000 1.0000 0.0000
vn 0.0000 1.0000 0.0000
vn 0.0000 1.0000 0.0000
vn 0.0000 1.0000 0.0000
vn 0.0000 1.0000 0.0000
vn 0.0000 1.0000 0.0000
vn 0.0000 1.0000 0.0000
vn 0.0000 1.0000 0.0000
vn 0.0000 1.0000 0.0000
vn 0.0000 1.0000 0.0000
vn 0.0000 1.0000 0.0000
vn 0.0000 1.0000 0.0000
vn 0.0000 1.0000 0.0000
vn 0.0000 1.0000 0.0000
vn 0.0000 1.0000 0.0000
vn 0.0000 1.0000 0.0000
vn 0.0000 1.0000 0.0000
vn 0.0000 1.0000 0.0000
vn 0.0000 1.0000 0.0000
vn 0.0000 1.0000 0.0000
vn 0.0000 1.0000 0.0000
vn 0.0000 1.0000 0.0000
vn 0.0000 1.0000 0.0000
vn 0.0000 1.0000 0.0000
vn 0.0000 1.0000 0.0000
vn 0.0000 1.0000 0.0000
vn 0.0000 1.0000 0.0000
vn 0.0000 1.0000 0.0000
vn 0.0000 1.0000 0.0000
vn 0.0000 1.0000 0.0000
vn 0.0000 1.0000 0.0000
vn 0.0000 1.0000 0.0000
vn 0.0000 1.0000 0.0000
vn 0.0000 1.0000 0.0000
vn 0.0000 1.0000 0.0000
vn 0.0000 1.0000 0.0000
vn 0.0000 1.0000 0.0000
vn 0.0000 1.0000 0.0000
vn 0.0000 1.0000 0.0000
vn 0.0000 1.0000 0.0000
vn 0.0000 1.0000 0.0000
vn 0.0000 1.0000 0.0000
vn 0.0000 1.0000 0.0000
vn 0.0000 1.0000 0.0000
vn 0.0000 1.0000 0.0000
vn 0.0000 1.0000 0.0000
vn 0.0000 1.0000 0.0000
vn 0.0000 1.0000 0.0000
vn 0.0000 1.0000 0.0000
vn 0.0000 1.0000 0.0000
vn 0.0000 1.0000 0.0000
vn 0.0000 1.0000 0.0000
vn 0.0000 1.0000 0.0000
vn 0.0000 1.0000 0.0000
vn 0.0000 1.0000 0.0000
vn 0.0000 1.0000 0.0000
vn 0.0000 1.0000 0.0000
vn 0.0000 1.0000 0.0000
vn 0.0000 1.0000 0.0000
vn 0.0000 1.0000 0.0000
vn 0.0000 1.0000 0.0000
vn 0.0000 1.0000 0.0000
vn 0.0000 1.0000 0.0000
vn 0.0000 1.0000 0.0000
vn 0.0000 1.0000 0.0000
vn 0.0000 1.0000 0.0000
vn 0.0000 1.0000 0.0000
vn 0.0000 1.0000 0.0000
vn 0.0000 1.0000 0.0000
vn 0.0000 1.0000 0.0000
vn 0.0000 1.0000 0.0000
vn 0.0000 1.0000 0.0000
vn 0.0000 1.0000 0.0000
vn 0.0000 1.0000 0.0000
vn 0.0000 1.0000 0.0000
vn 0.0000 1.0000 0.0000
vn 0.0000 1.0000 0.0000
vn 0.0000 1.0000 0.0000
vn 0.0000 1.0000 0.0000
vn 0.0000 1.0000 0.0000
vn 0.0000 1.0000 0.0000
vn 0.0000 1.0000 0.0000
vn 0.0000 1.0000 0.0000
vn 0.0000 1.0000 0.0000
vn 0.0000 1.0000 0.0000
vn 0.0000 1.0000 0.0000
vn 0.0000 1.0000 0.0000
vn 0.0000 1.0000 0.0000
vn 0.0000 1.0000 0.0000
vn 0.0000 1.0000 0.0000
vn 0.0000 1.0000 0.0000
vn 0.0000 1.0000 0.0000
vn 0.0000 1.0000 0.0000
vn 0.0000 1.0000 0.0000
vn 0.0000 1.0000 0.0000
vn 0.0000 1.0000 0.0000
vn 0.0000 1.0000 0.0000
vn 0.0000 1.0000 0.0000
vn 0.0000 1.0000 0.0000
vn 0.0000 1.0000 0.0000
vn 0.0000 1.0000 0.0000
vn 0.0000 1.0000 0.0000
vn 0.0000 1.0000 0.0000
vn 0.0000 1.0000 0.0000
vn 0.0000 1.0000 0.0000
vn 0.0000 1.0000 0.0000
vn 0.0000 1.0000 0.0000
vn 0.0000 1.0000 0.0000
vn 0.0000 1.0000 0.0000
vn 0.0000 1.0000 0.0000
vn 0.0000 1.0000 0.0000
vn 0.0000 1.0000 0.0000
vn 0.0000 1.0000 0.0000
vn 0.0000 1.0000 0.0000
vn 0.0000 1.0000 0.0000
vn 0.0000 1.0000 0.0000
vn 0.0000 1.0000 0.0000
vn 0.0000 1.0000 0.0000
vn 0.0000 1.0000 0.0000
vn 0.0000 1.0000 0.0000
vn 0.0000 1.0000 0.0000
vn 0.0000 1.0000 0.0000
vn 0.0000 1.0000 0.0000
vn 0.0000 1.0000 0.0000
vn 0.0000 1.0000 0.0000
vn 0.0000 1.0000 0.0000
vn 0.0000 1.0000 0.0000
vn 0.0000 1.0000 0.0000
vn 0.0000 1.0000 0.0000
vn 0.0000 1.0000 0.0000
vn 0.0000 1.0000 0.0000
vn 0.0000 1.0000 0.0000
vn 0.0000 1.0000 0.0000
vn 0.0000 1.0000 0.0000
vn 0.0000 1.0000 0.0000
vn 0.0000 1.0000 0.0000
vn 0.0000 1.0000 0.0000
vn 0.0000 1.0000 0.0000
vn 0.0000 1.0000 0.0000
vn 0.0000 1.0000 0.0000
vn 0.0000 1.0000 0.0000
vn 0.0000 1.0000 0.0000
vn 0.0000 1.0000 0.0000
vn 0.0000 1.0000 0.0000
vn 0.0000 1.0000 0.0000
vn 0.0000 1.0000 0.0000
vn 0.0000 1.0000 0.0000
vn 0.0000 1.0000 0.0000
vn 0.0000 1.0000 0.0000
vn 0.0000 1.0000 0.0000
vn 0.0000 1.0000 0.0000
vn 0.0000 1.0000 0.0000
vn 0.0000 1.0000 0.0000
vn 0.0000 1.0000 0.0000
vn 0.0000 1.0000 0.0000
vn 0.0000 1.0000 0.0000
vn 0.0000 1.0000 0.0000
vn 0.0000 1.0000 0.0000
vn 0.0000 1.0000 0.0000
vn 0.0000 1.0000 0.0000
vn 0.0000 1.0000 0.0000
vn 0.0000 1.0000 0.0000
vn 0.0000 1.0000 0.0000
vn 0.0000 1.0000 0.0000
vn 0.0000 1.0000 0.0000
vn 0.0000 1.0000 0.0000
vn 0.0000 1.0000 0.0000
vn 0.0000 1.0000 0.0000
vn 0.0000 1.0000 0.0000
vn 0.0000 1.0000 0.0000
vn 0.0000 1.0000 0.0000
vn 0.0000 1.0000 0.0000
vn 0.0000 1.0000 0.0000
vn 0.0000 1.0000 0.0000
vn 0.0000 1.0000 0.0000
vn 0.0000 1.0000 0.0000
vn 0.0000 1.0000 0.0000
vn 0.0000 1.0000 0.0000
vn 0.0000 1.0000 0.0000
vn 0.0000 1.0000 0.0000
vn 0.0000 1.0000 0.0000
vn 0.0000 1.0000 0.0000
vn 0.0000 1.0000 0.0000
vn 0.0000 1.0000 0.0000
vn 0.0000 1.0000 0.0000
vn 0.0000 1.0000 0.0000
vn 0.0000 1.0000 0.0000
vn 0.0000 1.0000 0.0000
vn 0.0000 1.0000 0.0000
vn 0.0000 1.0000 0.0000
vn 0.0000 1.0000 0.0000
vn 0.0000 1.0000 0.0000
vn 0.0000 1.0000 0.0000
vn 0.0000 1.0000 0.0000
vn 0.0000 1.0000 0.0000
vn 0.0000 1.0000 0.0000
vn 0.0000 1.0000 0.0000
vn 0.0000 1.0000 0.0000
vn 0.0000 1.0000 0.0000
vn 0.0000 1.0000 0.0000
vn 0.0000 1.0000 0.0000
vn 0.0000 1.0000 0.0000
vn 0.0000 1.0000 0.0000
vn 0.0000 1.0000 0.0000
vn 0.0000 1.0000 0.0000
vn 0.0000 1.0000 0.0000
vn 0.0000 1.0000 0.0000
vn 0.0000 1.0000 0.0000
vn 0.0000 1.0000 0.0000
vn 0.0000 1.0000 0.0000
vn 0.0000 1.0000 0.0000
vn 0.0000 1.0000 0.0000
vn 0.0000 1.0000 0.0000
vn 0.0000 1.0000 0.0000
vn 0.0000 1.0000 0.0000
vn 0.0000 1.0000 0.0000
vn 0.0000 1.0000 0.0000
vn 0.0000 1.0000 0.0000
vn 0.0000 1.0000 0.0000
vn 0.0000 1.0000 0.0000
vn 0.0000 1.0000 0.0000
vn 0.0000 1.0000 0.0000
vn 0.0000 1.0000 0.0000
vn 0.0000 1.0000 0.0000
vn 0.0000 1.0000 0.0000
vn 0.0000 1.0000 0.0000
vn 0.0000 1.0000 0.0000
vn 0.0000 1.0000 0.0000
vn 0.0000 1.0000 0.0000
vn 0.0000 1.0000 0.0000
vn 0.0000 1.0000 0.0000
vn 0.0000 1.0000 0.0000
vn 0.0000 1.0000 0.0000
vn 0.0000 1.0000 0.0000
vn 0.0000 1.0000 0.0000
vn 0.0000 1.0000 0.0000
vn 0.0000 1.0000 0.0000
vn 0.0000 1.0000 0.0000
vn 0.0000 1.0000 0.0000
vn 0.0000 1.0000 0.0000
vn 0.0000 1.0000 0.0000
vn 0.0000 1.0000 0.0000
vn 0.0000 1.0000 0.0000
vn 0.0000 1.0000 0.0000
vn 0.0000 1.0000 0.0000
vn 0.0000 1.0000 0.0000
vn 0.0000 1.0000 0.0000
vn 0.0000 1.0000 0.0000
vn 0.0000 1.0000 0.0000
vn 0.0000 1.0000 0.0000
vn 0.0000 1.0000 0.0000
vn 0.0000 1.0000 0.0000
vn 0.0000 1.0000 0.0000
vn 0.0000 1.0000 0.0000
vn 0.0000 1.0000 0.0000
vn 0.0000 1.0000 0.0000
vn 0.0000 1.0000 0.0000
vn 0.0000 1.0000 0.0000
vn 0.0000 1.0000 0.0000
vn 0.0000 1.0000 0.0000
vn 0.0000 1.0000 0.0000
vn 0.0000 1.0000 0.0000
vn 0.0000 1.0000 0.0000
vn 0.0000 1.0000 0.0000
vn 0.0000 1.0000 0.0000
vn 0.0000 1.0000 0.0000
vn 0.0000 1.0000 0.0000
vn 0.0000 1.0000 0.0000
vn 0.0000 1.0000 0.0000
vn 0.0000 1.0000 0.0000
vn 0.0000 1.0000 0.0000
vn 0.0000 1.0000 0.0000
vn 0.0000 1.0000 0.0000
vn 0.0000 1.0000 0.0000
vn 0.0000 1.0000 0.0000
vn 0.0000 1.0000 0.0000
vn 0.0000 1.0000 0.0000
vn 0.0000 1.0000 0.0000
vn 0.0000 1.0000 0.0000
vn 0.0000 1.0000 0.0000
vn 0.0000 1.0000 0.0000
vn 0.0000 1.0000 0.0000
vn 0.0000 1.0000 0.0000
f 1 2 3
f 4 5 6
f 7 8 9
f 10 11 12
f 13 14 15
f 16 17 18
f 19 20 21
f 22 23 24
f 25 26 27
f 28 29 30
f 31 32 33
f 34 35 36
f 37 38 39
f 40 41 42
f 43 44 45
f 46 47 48
f 49 50 51
f 52 53 54
f 55 56 57
f 58 59 60
f 61 62 63
f 64 65 66
f 67 68 69
f 70 71 72
f 73 74 75
f 76 77 78
f 79 80 81
f 82 83 84
f 85 86 87
f 88 89 90
f 91 92 93
f 94 95 96
f 97 98 99
f 100 101 102
f 103 104 105
f 106 107 108
f 109 110 111
f 112 113 114
f 115 116 117
f 118 119 120
f 121 122 123
f 124 125 126
f 127 128 129
f 130 131 132
f 133 134 135
f 136 137 138
f 139 140 141
f 142 143 144
f 145 146 147
f 148 149 150
f 151 152 153
f 154 155 156
f 157 158 159
f 160 161 162
f 163 164 165
f 166 167 168
f 169 170 171
f 172 173 174
f 175 176 177
f 178 179 180
f 181 182 183
f 184 185 186
f 187 188 189
f 190 191 192
f 193 194 195
f 196 197 198
f 199 200 201
f 202 203 204
f 205 206 207
f 208 209 210
f 211 212 213
f 214 215 216
f 217 218 219
f 220 221 222
f 223 224 225
f 226 227 228
f 229 230 231
f 232 233 234
f 235 236 237
f 238 239 240
f 241 242 243
f 244 245 246
f 247 248 249
f 250 251 252
f 253 254 255
f 256 257 258
f 259 260 261
f 262 263 264
f 265 266 267
f 268 269 270
f 271 272 273
f 274 275 276
f 277 278 279
f 280 281 282
f 283 284 285
f 286 287 288
f 289 290 291
f 292 293 294
f 295 296 297
f 298 299 300
f 301 302 303
f 304 305 306
f 307 308 309
f 310 311 312
f 313 314 315
f 316 317 318
f 319 320 321
f 322 323 324
f 325 326 327
f 328 329 330
f 331 332 333
f 334 335 336
f 337 338 339
f 340 341 342
f 343 344 345
f 346 347 348
f 349 350 351
f 352 353 354
f 355 356 357
f 358 359 360
f 361 362 363
f 364 365 366
f 367 368 369
f 370 371 372
f 373 374 375
f 376 377 378
f 379 380 381
f 382 383 384
f 385 386 387
f 388 389 390
f 391 392 393
f 394 395 396
f 397 398 399
f 400 401 402
f 403 404 405
f 406 407 408
f 409 410 411
f 412 413 414
f 415 416 417
f 418 419 420
f 421 422 423
f 424 425 426
f 427 428 429
f 430 431 432
f 433 434 435
f 436 437 438
f 439 440 441
f 442 443 444
f 445 446 447
f 448 449 450
f 451 452 453
f 454 455 456
f 457 458 459
f 460 461 462
f 463 464 465
f 466 467 468
f 469 470 471
f 472 473 474
f 475 476 477
f 478 479 480
f 481 482 483
f 484 485 486
f 487 488 489
f 490 491 492
f 493 494 495
f 496 497 498
f 499 500 501
f 502 503 504
f 505 506 507
f 508 509 510
f 511 512 513
f 514 515 516
f 517 518 519
f 520 521 522
f 523 524 525
f 526 527 528
f 529 530 531
f 532 533 534
f 535 536 537
f 538 539 540
f 541 542 543
f 544 545 546
f 547 548 549
f 550 551 552
f 553 554 555
f 556 557 558
f 559 560 561
f 562 563 564
f 565 566 567
f 568 569 570
f 571 572 573
f 574 575 576
f 577 578 579
f 580 581 582
f 583 584 585
f 586 587 588
f 589 590 591
f 592 593 594
f 595 596 597
f 598 599 600
f 601 602 603
f 604 605 606
f 607 608 609
f 610 611 612
f 613 614 615
f 616 617 618
f 619 620 621
f 622 623 624
f 625 626 627
f 628 629 630
f 631 632 633
f 634 635 636
f 637 638 639
f 640 641 642
f 643 644 645
f 646 647 648
f 649 650 651
f 652 653 654
f 655 656 657
f 658 659 660
f 661 662 663
f 664 665 666
f 667 668 669
f 670 671 672
f 673 674 675
f 676 677 678
f 679 680 681
f 682 683 684
f 685 686 687
f 688 689 690
f 691 692 693
f 694 695 696
f 697 698 699
f 700 701 702
f 703 704 705
f 706 707 708
f 709 710 711
f 712 713 714
f 715 716 717
f 718 719 720
f 721 722 723
f 724 725 726
f 727 728 729
f 730 731 732
f 733 734 735
f 736 737 738
f 739 740 741
f 742 743 744
f 745 746 747
f 748 749 750
f 751 752 753
f 754 755 756
f 757 758 759
f 760 761 762
f 763 764 765
f 766 767 768
f 769 770 771
f 772 773 774
f 775 776 777
f 778 779 780
f 781 782 783
f 784 785 786
f 787 788 789
f 790 791 792
f 793 794 795
f 796 797 798
f 799 800 801
f 802 803 804
f 805 806 807
f 808 809 810
f 811 812 813
f 814 815 816
f 817 818 819
f 820 821 822
f 823 824 825
f 826 827 828
f 829 830 831
f 832 833 834
f 835 836 837
f 838 839 840
f 841 842 843
f 844 845 846
f 847 848 849
f 850 851 852
f 853 854 855
f 856 857 858
f 859 860 861
f 862 863 864
f 865 866 867
f 868 869 870
f 871 872 873
f 874 875 876
f 877 878 879
f 880 881 882
f 883 884 885
f 886 887 888
f 889 890 891
f 892 893 894
f 895 896 897
f 898 899 900
f 901 902 903
f 904 905 906
f 907 908 909
f 910 911 912
f 913 914 915
f 916 917 918
f 919 920 921
f 922 923 924
f 925 926 927
f 928 929 930
f 931 932 933
f 934 935 936
f 937 938 939
f 940 941 942
f 943 944 945
f 946 947 948
f 949 950 951
f 952 953 954
f 955 956 957
f 958 959 960
f 961 962 963
f 964 965 966
f 967 968 969
f 970 971 972
f 973 974 975
f 976 977 978
f 979 980 981
f 982 983 984
f 985 986 987
f 988 989 990
f 991 992 993
f 994 995 996
f 997 998 999
f 1000 1001 1002
f 1003 1004 1005
f 1006 1007 1008
f 1009 1010 1011
f 1012 1013 1014
f 1015 1016 1017
f 1018 1019 1020
f 1021 1022 1023
f 1024 1025 1026
f 1027 1028 1029
f 1030 1031 1032
f 1033 1034 1035
f 1036 1037 1038
f 1039 1040 1041
f 1042 1043 1044
f 1045 1046 1047
f 1048 1049 1050
f 1051 1052 1053
f 1054 1055 1056
f 1057 1058 1059
f 1060 1061 1062
f 1063 1064 1065
f 1066 1067 1068
f 1069 1070 1071
f 1072 1073 1074
f 1075 1076 1077
f 1078 1079 1080
f 1081 1082 1083
f 1084 1085 1086
f 1087 1088 1089
f 1090 1091 1092
f 1093 1094 1095
f 1096 1097 1098
f 1099 1100 1101
f 1102 1103 1104
f 1105 1106 1107
f 1108 1109 1110
f 1111 1112 1113
f 1114 1115 1116
f 1117 1118 1119
f 1120 1121 1122
f 1123 1124 1125
f 1126 1127 1128
f 1129 1130 1131
f 1132 1133 1134
f 1135 1136 1137
f 1138 1139 1140
f 1141 1142 1143
f 1144 1145 1146
f 1147 1148 1149
f 1150 1151 1152
f 1153 1154 1155
f 1156 1157 1158
f 1159 1160 1161
f 1162 1163 1164
f 1165 1166 1167
f 1168 1169 1170
f 1171 1172 1173
f 1174 1175 1176
f 1177 1178 1179
f 1180 1181 1182
f 1183 1184 1185
f 1186 1187 1188
f 1189 1190 1191
f 1192 1193 1194
f 1195 1196 1197
f 1198 1199 1200
f 1201 1202 1203
f 1204 1205 1206
f 1207 1208 1209
f 1210 1211 1212
f 1213 1214 1215
f 1216 1217 1218
f 1219 1220 1221
f 1222 1223 1224
f 1225 1226 1227
f 1228 1229 1230
f 1231 1232 1233
f 1234 1235 1236
f 1237 1238 1239
f 1240 1241 1242
f 1243 1244 1245
f 1246 1247 1248
f 1249 1250 1251
f 1252 1253 1254
f 1255 1256 1257
f 1258 1259 1260
f 1261 1262 1263
f 1264 1265 1266
f 1267 1268 1269
f 1270 1271 1272
f 1273 1274 1275
f 1276 1277 1278
f 1279 1280 1281
f 1282 1283 1284
f 1285 1286 1287
f 1288 1289 1290
f 1291 1292 1293
f 1294 1295 1296
f 1297 1298 1299
f 1300 1301 1302
f 1303 1304 1305
f 1306 1307 1308
f 1309 1310 1311
f 1312 1313 1314
f 1315 1316 1317
f 1318 1319 1320
f 1321 1322 1323
f 1324 1325 1326
f 1327 1328 1329
f 1330 1331 1332
f 1333 1334 1335
f 1336 1337 1338
f 1339 1340 1341
f 1342 1343 1344
f 1345 1346 1347
f 1348 1349 1350
f 1351 1352 1353
f 1354 1355 1356
f 1357 1358 1359
f 1360 1361 1362
f 1363 1364 1365
f 1366 1367 1368
f 1369 1370 1371
f 1372 1373 1374
f 1375 1376 1377
f 1378 1379 1380
f 1381 1382 1383
f 1384 1385 1386
f 1387 1388 1389
f 1390 1391 1392
f 1393 1394 1395
f 1396 1397 1398
f 1399 1400 1401
f 1402 1403 1404
f 1405 1406 1407
f 1408 1409 1410
f 1411 1412 1413
f 1414 1415 1416
f 1417 1418 1419
f 1420 1421 1422
f 1423 1424 1425
f 1426 1427 1428
f 1429 1430 1431
f 1432 1433 1434
f 1435 1436 1437
f 1438 1439 1440
f 1441 1442 1443
f 1444 1445 1446
f 1447 1448 1449
f 1450 1451 1452
f 1453 1454 1455
f 1456 1457 1458
f 1459 1460 1461
f 1462 1463 1464
f 1465 1466 1467
f 1468 1469 1470
f 1471 1472 1473
f 1474 1475 1476
f 1477 1478 1479
f 1480 1481 1482
f 1483 1484 1485
f 1486 1487 1488
f 1489 1490 1491
f 1492 1493 1494
f 1495 1496 1497
f 1498 1499 1500
f 1501 1502 1503
f 1504 1505 1506
f 1507 1508 1509
f 1510 1511 1512
f 1513 1514 1515
f 1516 1517 1518
f 1519 1520 1521
f 1522 1523 1524
f 1525 1526 1527
f 1528 1529 1530
f 1531 1532 1533
f 1534 1535 1536
f 1537 1538 1539
f 1540 1541 1542
f 1543 1544 1545
f 1546 1547 1548
f 1549 1550 1551
f 1552 1553 1554
f 1555 1556 1557
f 1558 1559 1560
f 1561 1562 1563
f 1564 1565 1566
f 1567 1568 1569
f 1570 1571 1572
f 1573 1574 1575
f 1576 1577 1578
f 1579 1580 1581
f 1582 1583 1584
f 1585 1586 1587
f 1588 1589 1590
f 1591 1592 1593
f 1594 1595 1596
f 1597 1598 1599
f 1600 1601 1602
f 1603 1604 1605
f 1606 1607 1608
f 1609 1610 1611
f 1612 1613 1614
f 1615 1616 1617
f 1618 1619 1620
f 1621 1622 1623
f 1624 1625 1626
f 1627 1628 1629
f 1630 1631 1632
f 1633 1634 1635
f 1636 1637 1638
f 1639 1640 1641
f 1642 1643 1644
f 1645 1646 1647
f 1648 1649 1650
f 1651 1652 1653
f 1654 1655 1656
f 1657 1658 1659
f 1660 1661 1662
f 1663 1664 1665
f 1666 1667 1668
f 1669 1670 1671
f 1672 1673 1674
f 1675 1676 1677
f 1678 1679 1680
f 1681 1682 1683
f 1684 1685 1686
f 1687 1688 1689
f 1690 1691 1692
f 1693 1694 1695
f 1696 1697 1698
f 1699 1700 1701
f 1702 1703 1704
f 1705 1706 1707
f 1708 1709 1710
f 1711 1712 1713
f 1714 1715 1716
f 1717 1718 1719
f 1720 1721 1722
f 1723 1724 1725
f 1726 1727 1728
f 1729 1730 1731
f 1732 1733 1734
f 1735 1736 1737
f 1738 1739 1740
f 1741 1742 1743
f 1744 1745 1746
f 1747 1748 1749
f 1750 1751 1752
f 1753 1754 1755
f 1756 1757 1758
f 1759 1760 1761
f 1762 1763 1764
f 1765 1766 1767
f 1768 1769 1770
f 1771 1772 1773
f 1774 1775 1776
f 1777 1778 1779
f 1780 1781 1782
f 1783 1784 1785
f 1786 1787 1788
f 1789 1790 1791
f 1792 1793 1794
f 1795 1796 1797
f 1798 1799 1800
f 1801 1802 1803
f 1804 1805 1806
f 1807 1808 1809
f 1810 1811 1812
f 1813 1814 1815
f 1816 1817 1818
f 1819 1820 1821
f 1822 1823 1824
f 1825 1826 1827
f 1828 1829 1830
f 1831 1832 1833
f 1834 1835 1836
f 1837 1838 1839
f 1840 1841 1842
f 1843 1844 1845
f 1846 1847 1848
f 1849 1850 1851
f 1852 1853 1854
f 1855 1856 1857
f 1858 1859 1860
f 1861 1862 1863
f 1864 1865 1866
f 1867 1868 1869
f 1870 1871 1872
f 1873 1874 1875
f 1876 1877 1878
f 1879 1880 1881
f 1882 1883 1884
f 1885 1886 1887
f 1888 1889 1890
f 1891 1892 1893
f 1894 1895 1896
f 1897 1898 1899
f 1900 1901 1902
f 1903 1904 1905
f 1906 1907 1908
f 1909 1910 1911
f 1912 1913 1914
f 1915 1916 1917
f 1918 1919 1920
f 1921 1922 1923
f 1924 1925 1926
f 1927 1928 1929
f 1930 1931 1932
f 1933 1934 1935
f 1936 1937 1938
f 1939 1940 1941
f 1942 1943 1944
f 1945 1946 1947
f 1948 1949 1950
f 1951 1952 1953
f 1954 1955 1956
f 1957 1958 1959
f 1960 1961 1962
f 1963 1964 1965
f 1966 1967 1968
f 1969 1970 1971
f 1972 1973 1974
f 1975 1976 1977
f 1978 1979 1980
f 1981 1982 1983
f 1984 1985 1986
f 1987 1988 1989
f 1990 1991 1992
f 1993 1994 1995
f 1996 1997 1998
f 1999 2000 2001
f 2002 2003 2004
f 2005 2006 2007
f 2008 2009 2010
f 2011 2012 2013
f 2014 2015 2016
f 2017 2018 2019
f 2020 2021 2022
f 2023 2024 2025
f 2026 2027 2028
f 2029 2030 2031
f 2032 2033 2034
f 2035 2036 2037
f 2038 2039 2040
f 2041 2042 2043
f 2044 2045 2046
f 2047 2048 2049
f 2050 2051 2052
f 2053 2054 2055
f 2056 2057 2058
f 2059 2060 2061
f 2062 2063 2064
f 2065 2066 2067
f 2068 2069 2070
f 2071 2072 2073
f 2074 2075 2076
f 2077 2078 2079
f 2080 2081 2082
f 2083 2084 2085
f 2086 2087 2088
f 2089 2090 2091
f 2092 2093 2094
f 2095 2096 2097
f 2098 2099 2100
f 2101 2102 2103
f 2104 2105 2106
f 2107 2108 2109
f 2110 2111 2112
f 2113 2114 2115
f 2116 2117 2118
f 2119 2120 2121
f 2122 2123 2124
f 2125 2126 2127
f 2128 2129 2130
f 2131 2132 2133
f 2134 2135 2136
f 2137 2138 2139
f 2140 2141 2142
f 2143 2144 2145
f 2146 2147 2148
f 2149 2150 2151
f 2152 2153 2154
f 2155 2156 2157
f 2158 2159 2160
f 2161 2162 2163
f 2164 2165 2166
f 2167 2168 2169
f 2170 2171 2172
f 2173 2174 2175
f 2176 2177 2178
f 2179 2180 2181
f 2182 2183 2184
f 2185 2186 2187
f 2188 2189 2190
f 2191 2192 2193
f 2194 2195 2196
f 2197 2198 2199
f 2200 2201 2202
f 2203 2204 2205
f 2206 2207 2208
f 2209 2210 2211
f 2212 2213 2214
f 2215 2216 2217
f 2218 2219 2220
f 2221 2222 2223
f 2224 2225 2226
f 2227 2228 2229
f 2230 2231 2232
f 2233 2234 2235
f 2236 2237 2238
f 2239 2240 2241
f 2242 2243 2244
f 2245 2246 2247
f 2248 2249 2250
f 2251 2252 2253
f 2254 2255 2256
f 2257 2258 2259
f 2260 2261 2262
f 2263 2264 2265
f 2266 2267 2268
f 2269 2270 2271
f 2272 2273 2274
f 2275 2276 2277
f 2278 2279 2280
f 2281 2282 2283
f 2284 2285 2286
f 2287 2288 2289
f 2290 2291 2292
f 2293 2294 2295
f 2296 2297 2298
f 2299 2300 2301
f 2302 2303 2304
f 2305 2306 2307
f 2308 2309 2310
f 2311 2312 2313
f 2314 2315 2316
f 2317 2318 2319
f 2320 2321 2322
f 2323 2324 2325
f 2326 2327 2328
f 2329 2330 2331
f 2332 2333 2334
f 2335 2336 2337
f 2338 2339 2340
f 2341 2342 2343
f 2344 2345 2346
f 2347 2348 2349
f 2350 2351 2352
f 2353 2354 2355
f 2356 2357 2358
f 2359 2360 2361
f 2362 2363 2364
f 2365 2366 2367
f 2368 2369 2370
f 2371 2372 2373
f 2374 2375 2376
f 2377 2378 2379
f 2380 2381 2382
f 2383 2384 2385
f 2386 2387 2388
f 2389 2390 2391
f 2392 2393 2394
f 2395 2396 2397
f 2398 2399 2400
f 2401 2402 2403
f 2404 2405 2406
f 2407 2408 2409
f 2410 2411 2412
f 2413 2414 2415
f 2416 2417 2418
f 2419 2420 2421
f 2422 2423 2424
f 2425 2426 2427
f 2428 2429 2430
f 2431 2432 2433
f 2434 2435 2436
f 2437 2438 2439
f 2440 2441 2442
f 2443 2444 2445
f 2446 2447 2448
f 2449 2450 2451
f 2452 2453 2454
f 2455 2456 2457
f 2458 2459 2460
f 2461 2462 2463
f 2464 2465 2466
f 2467 2468 2469
f 2470 2471 2472
f 2473 2474 2475
f 2476 2477 2478
f 2479 2480 2481
f 2482 2483 2484
f 2485 2486 2487
f 2488 2489 2490
f 2491 2492 2493
f 2494 2495 2496
f 2497 2498 2499
f 2500 2501 2502
f 2503 2504 2505
f 2506 2507 2508
f 2509 2510 2511
f 2512 2513 2514
f 2515 2516 2517
f 2518 2519 2520
f 2521 2522 2523
f 2524 2525 2526
f 2527 2528 2529
f 2530 2531 2532
f 2533 2534 2535
f 2536 2537 2538
f 2539 2540 2541
f 2542 2543 2544
f 2545 2546 2547
f 2548 2549 2550
f 2551 2552 2553
f 2554 2555 2556
f 2557 2558 2559
f 2560 2561 2562
f 2563 2564 2565
f 2566 2567 2568
f 2569 2570 2571
f 2572 2573 2574
f 2575 2576 2577
f 2578 2579 2580
f 2581 2582 2583
f 2584 2585 2586
f 2587 2588 2589
f 2590 2591 2592
f 2593 2594 2595
f 2596 2597 2598
f 2599 2600 2601
f 2602 2603 2604
f 2605 2606 2607
f 2608 2609 2610
f 2611 2612 2613
f 2614 2615 2616
f 2617 2618 2619
f 2620 2621 2622
f 2623 2624 2625
f 2626 2627 2628
f 2629 2630 2631
f 2632 2633 2634
f 2635 2636 2637
f 2638 2639 2640
f 2641 2642 2643
f 2644 2645 2646
f 2647 2648 2649
f 2650 2651 2652
f 2653 2654 2655
f 2656 2657 2658
f 2659 2660 2661
f 2662 2663 2664
f 2665 2666 2667
f 2668 2669 2670
f 2671 2672 2673
f 2674 2675 2676
f 2677 2678 2679
f 2680 2681 2682
f 2683 2684 2685
f 2686 2687 2688
f 2689 2690 2691
f 2692 2693 2694
f 2695 2696 2697
f 2698 2699 2700
f 2701 2702 2703
f 2704 2705 2706
f 2707 2708 2709
f 2710 2711 2712
f 2713 2714 2715
f 2716 2717 2718
f 2719 2720 2721
f 2722 2723 2724
f 2725 2726 2727
f 2728 2729 2730
f 2731 2732 2733
f 2734 2735 2736
f 2737 2738 2739
f 2740 2741 2742
f 2743 2744 2745
f 2746 2747 2748
f 2749 2750 2751
f 2752 2753 2754
f 2755 2756 2757
f 2758 2759 2760
f 2761 2762 2763
f 2764 2765 2766
f 2767 2768 2769
f 2770 2771 2772
f 2773 2774 2775
f 2776 2777 2778
f 2779 2780 2781
f 2782 2783 2784
f 2785 2786 2787
f 2788 2789 2790
f 2791 2792 2793
f 2794 2795 2796
f 2797 2798 2799
f 2800 2801 2802
f 2803 2804 2805
f 2806 2807 2808
f 2809 2810 2811
f 2812 2813 2814
f 2815 2816 2817
f 2818 2819 2820
f 2821 2822 2823
f 2824 2825 2826
f 2827 2828 2829
f 2830 2831 2832
f 2833 2834 2835
f 2836 2837 2838
f 2839 2840 2841
f 2842 2843 2844
f 2845 2846 2847
f 2848 2849 2850
f 2851 2852 2853
f 2854 2855 2856
f 2857 2858 2859
f 2860 2861 2862
f 2863 2864 2865
f 2866 2867 2868
f 2869 2870 2871
f 2872 2873 2874
f 2875 2876 2877
f 2878 2879 2880
f 2881 2882 2883
f 2884 2885 2886
f 2887 2888 2889
f 2890 2891 2892
f 2893 2894 2895
f 2896 2897 2898
f 2899 2900 2901
f 2902 2903 2904
f 2905 2906 2907
f 2908 2909 2910
f 2911 2912 2913
f 2914 2915 2916
f 2917 2918 2919
f 2920 2921 2922
f 2923 2924 2925
f 2926 2927 2928
f 2929 2930 2931
f 2932 2933 2934
f 2935 2936 2937
f 2938 2939 2940
f 2941 2942 2943
f 2944 2945 2946
f 2947 2948 2949
f 2950 2951 2952
f 2953 2954 2955
f 2956 2957 2958
f 2959 2960 2961
f 2962 2963 2964
f 2965 2966 2967
f 2968 2969 2970
f 2971 2972 2973
f 2974 2975 2976
f 2977 2978 2979
f 2980 2981 2982
f 2983 2984 2985
f 2986 2987 2988
f 2989 2990 2991
f 2992 2993 2994
f 2995 2996 2997
f 2998 2999 3000
f 3001 3002 3003
f 3004 3005 3006
f 3007 3008 3009
f 3010 3011 3012
f 3013 3014 3015
f 3016 3017 3018
f 3019 3020 3021
f 3022 3023 3024
f 3025 3026 3027
f 3028 3029 3030
f 3031 3032 3033
f 3034 3035 3036
f 3037 3038 3039
f 3040 3041 3042
f 3043 3044 3045
f 3046 3047 3048
f 3049 3050 3051
f 3052 3053 3054
f 3055 3056 3057
f 3058 3059 3060
f 3061 3062 3063
f 3064 3065 3066
f 3067 3068 3069
f 3070 3071 3072
f 3073 3074 3075
f 3076 3077 3078
f 3079 3080 3081
f 3082 3083 3084
f 3085 3086 3087
f 3088 3089 3090
f 3091 3092 3093
f 3094 3095 3096
f 3097 3098 3099
f 3100 3101 3102
f 3103 3104 3105
f 3106 3107 3108
f 3109 3110 3111
f 3112 3113 3114
f 3115 3116 3117
f 3118 3119 3120
f 3121 3122 3123
f 3124 3125 3126
f 3127 3128 3129
f 3130 3131 3132
f 3133 3134 3135
f 3136 3137 3138
f 3139 3140 3141
f 3142 3143 3144
f 3145 3146 3147
f 3148 3149 3150
f 3151 3152 3153
f 3154 3155 3156
f 3157 3158 3159
f 3160 3161 3162
f 3163 3164 3165
f 3166 3167 3168
f 3169 3170 3171
f 3172 3173 3174
f 3175 3176 3177
f 3178 3179 3180
f 3181 3182 3183
f 3184 3185 3186
f 3187 3188 3189
f 3190 3191 3192
f 3193 3194 3195
f 3196 3197 3198
f 3199 3200 3201
f 3202 3203 3204
f 3205 3206 3207
f 3208 3209 3210
f 3211 3212 3213
f 3214 3215 3216
f 3217 3218 3219
f 3220 3221 3222
f 3223 3224 3225
f 3226 3227 3228
f 3229 3230 3231
f 3232 3233 3234
f 3235 3236 3237
f 3238 3239 3240
f 3241 3242 3243
f 3244 3245 3246
f 3247 3248 3249
f 3250 3251 3252
f 3253 3254 3255
f 3256 3257 3258
f 3259 3260 3261
f 3262 3263 3264
f 3265 3266 3267
f 3268 3269 3270
f 3271 3272 3273
f 3274 3275 3276
f 3277 3278 3279
f 3280 3281 3282
f 3283 3284 3285
f 3286 3287 3288
f 3289 3290 3291
f 3292 3293 3294
f 3295 3296 3297
f 3298 3299 3300
f 3301 3302 3303
f 3304 3305 3306
f 3307 3308 3309
f 3310 3311 3312
f 3313 3314 3315
f 3316 3317 3318
f 3319 3320 3321
f 3322 3323 3324
f 3325 3326 3327
f 3328 3329 3330
f 3331 3332 3333
f 3334 3335 3336
f 3337 3338 3339
f 3340 3341 3342
f 3343 3344 3345
f 3346 3347 3348
f 3349 3350 3351
f 3352 3353 3354
f 3355 3356 3357
f 3358 3359 3360
f 3361 3362 3363
f 3364 3365 3366
f 3367 3368 3369
f 3370 3371 3372
f 3373 3374 3375
f 3376 3377 3378
f 3379 3380 3381
f 3382 3383 3384
f 3385 3386 3387
f 3388 3389 3390
f 3391 3392 3393
f 3394 3395 3396
f 3397 3398 3399
f 3400 3401 3402
f 3403 3404 3405
f 3406 3407 3408
f 3409 3410 3411
f 3412 3413 3414
f 3415 3416 3417
f 3418 3419 3420
f 3421 3422 3423
f 3424 3425 3426
f 3427 3428 3429
f 3430 3431 3432
f 3433 3434 3435
f 3436 3437 3438
f 3439 3440 3441
f 3442 3443 3444
f 3445 3446 3447
f 3448 3449 3450
f 3451 3452 3453
f 3454 3455 3456
f 3457 3458 3459
f 3460 3461 3462
f 3463 3464 3465
f 3466 3467 3468
f 3469 3470 3471
f 3472 3473 3474
f 3475 3476 3477
f 3478 3479 3480
f 3481 3482 3483
f 3484 3485 3486
f 3487 3488 3489
f 3490 3491 3492
f 3493 3494 3495
f 3496 3497 3498
f 3499 3500 3501
f 3502 3503 3504
f 3505 3506 3507
f 3508 3509 3510
f 3511 3512 3513
f 3514 3515 3516
f 3517 3518 3519
f 3520 3521 3522
f 3523 3524 3525
f 3526 3527 3528
f 3529 3530 3531
f 3532 3533 3534
f 3535 3536 3537
f 3538 3539 3540
f 3541 3542 3543
f 3544 3545 3546
f 3547 3548 3549
f 3550 3551 3552
f 3553 3554 3555
f 3556 3557 3558
f 3559 3560 3561
f 3562 3563 3564
f 3565 3566 3567
f 3568 3569 3570
f 3571 3572 3573
f 3574 3575 3576
f 3577 3578 3579
f 3580 3581 3582
f 3583 3584 3585
f 3586 3587 3588
f 3589 3590 3591
f 3592 3593 3594
f 3595 3596 3597
f 3598 3599 3600
f 3601 3602 3603
f 3604 3605 3606
f 3607 3608 3609
f 3610 3611 3612
f 3613 3614 3615
f 3616 3617 3618
f 3619 3620 3621
f 3622 3623 3624
f 3625 3626 3627
f 3628 3629 3630
f 3631 3632 3633
f 3634 3635 3636
f 3637 3638 3639
f 3640 3641 3642
f 3643 3644 3645
f 3646 3647 3648
f 3649 3650 3651
f 3652 3653 3654
f 3655 3656 3657
f 3658 3659 3660
f 3661 3662 3663
f 3664 3665 3666
f 3667 3668 3669
f 3670 3671 3672
f 3673 3674 3675
f 3676 3677 3678
f 3679 3680 3681
f 3682 3683 3684
f 3685 3686 3687
f 3688 3689 3690
f 3691 3692 3693
f 3694 3695 3696
f 3697 3698 3699
f 3700 3701 3702
f 3703 3704 3705
f 3706 3707 3708
f 3709 3710 3711
f 3712 3713 3714
f 3715 3716 3717
f 3718 3719 3720
f 3721 3722 3723
f 3724 3725 3726
f 3727 3728 3729
f 3730 3731 3732
f 3733 3734 3735
f 3736 3737 3738
f 3739 3740 3741
f 3742 3743 3744
f 3745 3746 3747
f 3748 3749 3750
f 3751 3752 3753
f 3754 3755 3756
f 3757 3758 3759
f 3760 3761 3762
f 3763 3764 3765
f 3766 3767 3768
f 3769 3770 3771
f 3772 3773 3774
f 3775 3776 3777
f 3778 3779 3780
f 3781 3782 3783
f 3784 3785 3786
f 3787 3788 3789
f 3790 3791 3792
f 3793 3794 3795
f 3796 3797 3798
f 3799 3800 3801
f 3802 3803 3804
f 3805 3806 3807
f 3808 3809 3810
f 3811 3812 3813
f 3814 3815 3816
f 3817 3818 3819
f 3820 3821 3822
f 3823 3824 3825
f 3826 3827 3828
f 3829 3830 3831
f 3832 3833 3834
f 3835 3836 3837
f 3838 3839 3840
f 3841 3842 3843
f 3844 3845 3846
f 3847 3848 3849
f 3850 3851 3852
f 3853 3854 3855
f 3856 3857 3858
f 3859 3860 3861
f 3862 3863 3864
f 3865 3866 3867
f 3868 3869 3870
f 3871 3872 3873
f 3874 3875 3876
f 3877 3878 3879
f 3880 3881 3882
f 3883 3884 3885
f 3886 3887 3888
f 3889 3890 3891
f 3892 3893 3894
f 3895 3896 3897
f 3898 3899 3900
f 3901 3902 3903
f 3904 3905 3906
f 3907 3908 3909
f 3910 3911 3912
f 3913 3914 3915
f 3916 3917 3918
f 3919 3920 3921
f 3922 3923 3924
f 3925 3926 3927
f 3928 3929 3930
f 3931 3932 3933
f 3934 3935 3936
f 3937 3938 3939
f 3940 3941 3942
f 3943 3944 3945
f 3946 3947 3948
f 3949 3950 3951
f 3952 3953 3954
f 3955 3956 3957
f 3958 3959 3960
f 3961 3962 3963
f 3964 3965 3966
f 3967 3968 3969
f 3970 3971 3972
f 3973 3974 3975
f 3976 3977 3978
f 3979 3980 3981
f 3982 3983 3984
f 3985 3986 3987
f 3988 3989 3990
f 3991 3992 3993
f 3994 3995 3996
f 3997 3998 3999
f 4000 4001 4002
f 4003 4004 4005
f 4006 4007 4008
f 4009 4010 4011
f 4012 4013 4014
f 4015 4016 4017
f 4018 4019 4020
f 4021 4022 4023
f 4024 4025 4026
f 4027 4028 4029
f 4030 4031 4032
f 4033 4034 4035
f 4036 4037 4038
f 4039 4040 4041
f 4042 4043 4044
f 4045 4046 4047
f 4048 4049 4050
f 4051 4052 4053
f 4054 4055 4056
f 4057 4058 4059
f 4060 4061 4062
f 4063 4064 4065
f 4066 4067 4068
f 4069 4070 4071
f 4072 4073 4074
f 4075 4076 4077
f 4078 4079 4080
f 4081 4082 4083
f 4084 4085 4086
f 4087 4088 4089
f 4090 4091 4092
f 4093 4094 4095
f 4096 4097 4098
f 4099 4100 4101
f 4102 4103 4104
f 4105 4106 4107
f 4108 4109 4110
f 4111 4112 4113
f 4114 4115 4116
f 4117 4118 4119
f 4120 4121 4122
f 4123 4124 4125
