# PSO Extracted Authentic Geometry
v -670.0000 -400.0000 -670.0000
v 809.4937 0.0000 0.0000
v 0.0000 -780.0000 -400.0000
v 90.0000 0.0000 0.0000
v 0.0000 658.9413 0.0000
v 0.0000 0.0000 -430.0000
v -400.0000 760.0000 0.0000
v 0.0000 0.0000 779.8420
v 700.0000 -400.0000 700.0000
v 885.4733 0.0000 0.0000
v 0.0000 840.0000 -400.0000
v -260.0000 0.0000 0.0000
v 0.0000 728.2106 0.0000
v 0.0000 0.0000 222.0000
v -400.0000 -815.0000 0.0000
v 0.0000 0.0000 759.1671
v -870.9669 -424.5576 -374.3948
v 102.5274 0.0000 0.0000
v 0.0000 -484.6964 -443.3348
v 244.3722 0.0000 0.0000
v 0.0000 102.5274 0.0000
v 0.0000 0.0000 143.9717
v -430.5506 755.8546 0.0000
v 0.0000 0.0000 102.5251
v 102.5274 0.0000 0.0000
v 0.0000 102.5274 0.0000
v 0.0000 0.0000 -184.7736
v 0.0000 0.0000 800.0000
v -4.0157 0.0000 0.0000
v 0.0000 431.5540 -17.0194
v 392.6475 136.4752 0.0000
v 0.0000 1.0000 1.0000
v 1.0000 0.0000 0.0000
v 0.3882 0.0000 0.0000
v 0.0000 0.0000 -204.0462
v 71.7762 -360.1276 676.5638
v 0.0000 0.0000 1.0000
v 1.0000 1.0000 0.0000
v 0.5020 0.9922 0.0000
v 0.0000 10.2957 -9.3486
v 46.5490 607.0615 0.0000
v 0.0000 1.0000 1.0000
v 1.0000 0.0000 0.0000
v 5.0196 0.8000 0.0000
v 0.0000 442.3847 -1.6266
v 595.4353 99.7104 0.0000
v 0.0000 1.0000 1.0000
v 1.0000 0.0000 0.0000
v 0.5176 0.0000 0.0000
v 419.4846 -42.3699 386.8649
v 129.8947 0.0000 0.0000
v 1.0000 1.0000 1.0000
v 0.0000 0.0000 378.7553
v -17.8340 390.5444 45.6410
v 0.0000 0.0000 1.0000
v 1.0000 1.0000 0.0000
v 17.7867 -16.7287 80.1858
v 595.7736 0.0000 0.0000
v 1.0000 1.0000 1.0000
v -170.6032 -26.8319 238.1489
v 0.0000 12.1333 -4.1294
v -98.1021 -28.3181 236.4006
v 0.0000 13.2784 -4.1725
v 514.1896 -53.7309 439.7110
v 0.0000 23.0784 -0.5333
v 496.7951 -53.6799 374.1670
v 0.0000 22.8000 -1.7255
v 435.1561 -52.7893 523.3128
v 0.0000 21.8039 1.0000
v 451.9922 -52.8010 520.6536
v 0.0000 22.0784 0.9529
v 483.6479 -53.1140 484.1057
v 0.0000 22.5961 0.2824
v 363.1636 -51.6370 509.9185
v 0.0000 20.6471 0.7725
v 515.0614 -53.8298 456.2831
v 0.0000 23.0902 -0.2314
v 422.8000 -46.5374 145.5982
v 0.0000 21.6353 -5.8667
v 382.6765 -39.9573 93.0327
v 0.0000 20.9961 -6.8157
v -37.1469 -32.7164 314.4843
v 0.0000 14.2588 -2.7529
v 1.8766 -34.5214 373.5816
v 0.0000 14.9059 -1.6471
v 273.9374 -46.9846 486.8948
v 0.0000 19.2157 0.3804
v 467.5886 -53.4338 300.0105
v 0.0000 22.3412 -3.0627
v 199.1978 -17.5019 -155.0868
v 0.0000 18.0667 -11.3176
v 180.5954 -12.3617 -224.2449
v 0.0000 17.7804 -12.5647
v 236.3779 -25.9832 -94.3779
v 0.0000 18.6863 -10.2157
v 143.0576 -4.6509 -299.0550
v 0.0000 17.1804 -14.0196
v 302.2274 -32.3472 9.0240
v 0.0000 19.7137 -8.3451
v 274.3702 -28.1174 -40.6617
v 0.0000 19.2706 -9.2392
v 344.8190 -34.5009 48.2652
v 0.0000 20.4000 -7.6118
v 470.8424 -44.7581 238.0421
v 0.0000 22.3922 -4.1882
v 455.3397 -46.5525 193.1605
v 0.0000 22.1569 -5.0196
v 193.7555 -42.8987 468.4577
v 0.0000 17.8392 0.0314
v -71.9971 -30.0093 274.5596
v 0.0000 13.6902 -3.4902
v 132.3120 -38.8752 450.5947
v 0.0000 17.0706 -0.2431
v 73.8588 -36.8954 415.4026
v 0.0000 15.5490 -1.1569
v 115.1069 38.4343 -677.9852
v 0.0000 16.7686 -20.7608
v 53.8163 49.4141 -751.8792
v 0.0000 15.7569 -22.0863
v 123.4702 20.0306 -516.1934
v 0.0000 16.9490 -17.8392
v -249.3052 -27.2092 244.5125
v 0.0000 10.8824 -4.0235
v -313.0471 -16.2517 242.9449
v 0.0000 9.8863 -4.0392
v -422.4264 1.1128 278.4905
v 0.0000 8.1490 -3.3961
v -561.3713 12.6551 296.7756
v 0.0000 5.9294 -3.0627
v -618.3136 21.4963 382.4983
v 0.0000 5.0235 -1.4941
v -670.5215 29.2458 439.6009
v 0.0000 4.1843 -0.4510
v -779.7108 36.8882 515.2639
v 0.0000 2.4196 0.9137
v -836.2544 45.4395 505.4245
v 0.0000 1.4863 0.7451
v -875.5753 47.4610 434.4263
v 0.0000 0.8510 -0.5647
v 103.1672 0.8716 -359.5226
v 0.0000 16.8431 -15.3059
v 168.5259 -40.1724 443.1361
v 0.0000 17.5608 -0.4078
v 123.4702 20.0306 -516.1934
v 0.0000 16.0902 -17.9333
v 123.4702 20.0306 -516.1934
v 0.0000 16.0902 -17.9333
v -180.2569 0.3956 -114.2832
v 903.5482 0.0000 0.0000
v 1.0000 1.0000 1.0000
v 0.0000 0.0000 -850.4886
v 62.8163 111.3691 0.0000
v 2.7373 -5.6706 -924.3946
v 68.3690 168.2089 0.0000
v 1.6000 -5.3412 -685.2228
v 58.1049 -236.5490 0.0000
v 6.1216 -8.8980 -685.2228
v 58.1049 -236.5490 0.0000
v 6.1216 -8.8980 -752.8635
v 61.1558 -148.9397 0.0000
v 4.9451 -8.1961 -765.8546
v 62.4863 -124.7354 0.0000
v 4.6902 -7.9765 -966.4572
v 77.2714 244.8847 0.0000
v 0.7843 -4.6549 -999.0667
v 68.5077 296.4984 0.0000
v 0.1686 -4.1725 -836.2071
v 67.3984 5.9901 0.0000
v 3.3176 -6.8000 -793.5666
v 69.1815 -73.1036 0.0000
v 4.1490 -7.5098 -650.7385
v 68.8276 -258.1114 0.0000
v 7.5961 -7.9647 -23.7927
v 66.7547 -816.9651 0.0000
v 20.1882 -14.0235 -137.5489
v 78.2865 -751.8295 0.0000
v 17.8549 -13.9137 -321.3614
v 63.7611 -620.6108 0.0000
v 13.9020 -13.3490 -381.0401
v 63.7611 -574.8103 0.0000
v 12.6000 -13.1176 -492.3691
v 82.8959 -489.3842 0.0000
v 10.1647 -12.6863 -549.0566
v 59.9838 -403.8763 0.0000
v 8.6353 -11.8392 -190.9158
v 72.1739 -716.2120 0.0000
v 16.7255 -13.7882 -406.8613
v 63.7612 -554.9936 0.0000
v 12.0353 -13.0196 -235.8535
v 67.0268 -686.2202 0.0000
v 15.7725 -13.6824 -265.4462
v 65.8966 -663.5140 0.0000
v 15.1255 -13.5647 -568.8850
v 69.0678 -401.4156 0.0000
v 9.0118 -9.7608 0.0000
v 0.0000 0.0000 -481.3340
v 67.9206 -246.2794 750.1036
v 0.0000 0.0000 1.0000
v 1.0000 1.0000 0.0000
v 311.8594 -39.8906 169.4297
v 0.0000 13.6039 -9.0667
v 159.1719 -31.9922 169.1719
v 0.0000 7.9373 -9.0784
v 343.8047 -41.4023 196.9258
v 0.0000 14.7922 -7.8039
v 351.0000 -41.6992 245.0000
v 0.0000 15.0588 -5.6000
v 218.8438 -39.0938 300.8125
v 0.0000 10.1529 -3.0431
v 48.0898 -32.4375 310.9414
v 0.0000 3.8118 -2.5765
v -45.6484 -27.5000 258.5976
v 0.0000 0.3294 -4.9765
v -28.0000 -23.6992 164.0000
v 0.0000 0.9843 -9.3137
v -25.2031 -28.3906 288.8828
v 0.0000 1.0902 -3.5882
v 308.2930 -42.2188 277.0938
v 0.0000 13.4745 -4.1294
v -54.5391 -25.6797 219.2070
v 0.0000 0.0000 -6.7843
v 41.8281 -26.7422 138.7109
v 0.0000 3.5765 -10.4745
v 265.9648 -40.7383 298.6680
v 0.0000 11.9020 -3.1412
v 265.9922 -38.2148 234.2188
v -0.0000 11.9020 -6.0941
v 226.7539 -34.2734 160.7891
v 0.0000 10.4471 -9.4627
v -46.9062 -24.5859 185.0351
v 0.0000 0.2824 -8.3490
v 102.2109 -29.7422 163.2305
v 0.0000 5.8196 -9.3490
v 141.4726 -36.0781 299.0000
v 0.0000 7.2784 -3.1255
v 275.6328 -35.9570 169.3672
v 0.0000 12.2588 -9.0667
v -35.7734 -25.4609 205.6797
v -0.0000 0.6980 -7.4039
v -11.9219 -27.2930 212.3828
v -0.0000 1.5804 -7.0941
v 7.2578 -27.6797 216.1523
v -0.0000 2.2941 -6.9216
v 44.9492 -29.6680 224.5976
v -0.0000 3.6941 -6.5373
v 77.5234 -31.0586 230.6055
v -0.0000 4.9020 -6.2588
v 111.1289 -32.2734 230.4883
v -0.0000 6.1529 -6.2667
v 150.3594 -34.1133 233.8164
v -0.0000 7.6078 -6.1137
v 187.8594 -35.4922 232.4609
v -0.0000 9.0000 -6.1765
v 309.8242 -40.1445 230.8906
v -0.0000 13.5294 -6.2471
v 329.6914 -40.1836 228.7851
v -0.0000 14.2667 -6.3451
v 0.0000 148.2305 -32.9590
v 224.8262 203.9580 0.0000
v 0.0000 1.0000 1.0000
v 1.0000 0.0000 0.0000
v 0.0000 -25.2031 -28.3906
v 288.8828 -0.4020 2.1451
v 0.0000 48.0898 -32.4375
v 310.9414 -0.4001 0.0000
v 0.0000 141.4726 -36.0781
v 299.0000 -0.4020 3.2039
v 0.0000 218.8438 -39.0938
v 300.8125 -0.4099 0.0078
v 0.0000 265.9648 -40.7383
v 298.6680 -0.3648 4.0157
v 0.0000 308.2930 -42.2188
v 277.0938 -0.4177 1.9294
v 0.0000 351.0000 -41.6992
v 245.0000 -0.3863 0.0000
v 0.0000 343.8047 -41.4023
v 196.9258 -0.3687 2.0471
v 0.0000 311.8594 -39.8906
v 169.4297 -0.2687 0.0000
v 0.0000 275.6328 -35.9570
v 169.3672 -0.3393 0.0000
v 0.0000 226.7539 -34.2734
v 160.7891 -0.3902 3.2118
v 0.0000 159.1719 -31.9922
v 169.1719 -0.4099 0.0118
v 0.0000 102.2109 -29.7422
v 163.2305 -0.3004 2.4078
v 0.0000 41.8281 -26.7422
v 138.7109 -0.4001 0.0000
v 0.0000 -28.0000 -23.6992
v 164.0000 -0.4001 2.0941
v 0.0000 -46.9062 -24.5859
v 185.0351 -0.4040 0.0000
v 0.0000 -54.5391 -25.6797
v 219.2070 -0.4177 2.4078
v 0.0000 -45.6484 -27.5000
v 258.5976 -0.4079 0.0000
v 0.0000 -11.4564 -28.2089
v 259.6372 0.0000 1.9725
v 1.0000 46.6071 -31.5571
v 279.4858 0.0000 0.0000
v 1.0000 145.1316 -35.2396
v 271.3342 0.0000 3.2118
v 1.0000 265.6675 -39.4043
v 265.2358 0.0000 4.0157
v 1.0000 299.2691 -40.6049
v 250.5783 0.0000 1.9294
v 1.0000 319.4789 -40.2111
v 231.2453 0.0000 0.5137
v 1.0000 316.4661 -40.2263
v 211.8629 0.0000 1.4471
v 1.0000 306.6253 -40.1074
v 206.0191 0.0000 0.3216
v 1.0000 271.7048 -37.3223
v 203.2485 0.0000 2.0078
v 1.0000 224.7915 -35.6076
v 195.9263 0.0000 3.2118
v 1.0000 158.9407 -33.4130
v 204.5407 0.0000 0.0000
v 1.0000 91.2854 -30.3951
v 192.9034 0.0000 2.4078
v 1.0000 41.8727 -28.1210
v 178.6975 0.0000 0.0000
v 1.0000 -8.9142 -26.3791
v 189.0348 0.0000 1.8000
v 1.0000 -17.0918 -26.3327
v 198.5106 0.0000 0.6392
v 1.0000 -21.8262 -26.8849
v 214.8779 0.0000 2.0627
v 1.0000 -18.8134 -27.7732
v 242.4440 0.0000 0.1725
v 1.0000 219.7505 -38.1006
v 267.5693 0.0000 0.0000
v 0.4980 271.7048 -37.3223
v 203.2485 0.0000 0.0000
v 0.4980 316.4661 -40.2263
v 211.8629 0.0000 1.4941
v 0.4980 275.6328 -35.9570
v 169.3672 -0.3393 2.0078
v 0.0000 102.2109 -29.7422
v 163.2305 -0.3004 2.3961
v 0.0000 102.2109 -29.7422
v 163.2305 -0.3004 2.3961
v 0.4980 159.1719 -31.9922
v 169.1719 -0.4099 0.0000
v 0.0000 159.1719 -31.9922
v 169.1719 -0.4099 0.0000
v 0.0000 159.1719 -31.9922
v 169.1719 -0.4099 0.0000
v 0.0000 159.1719 -31.9922
v 169.1719 -0.4099 0.0000
v 0.4980 0.0000 0.0000
v 0.0000 148.2305 -32.9590
v 224.8262 203.9580 0.0000
v 0.0000 1.0000 1.0000
v 1.0000 0.0000 0.0000
v 0.0000 439.4247 -1.6268
v 595.6411 98.3872 0.0000
v 0.0000 1.0000 1.0000
v 1.0000 0.0000 0.0000
v 0.0000 0.0000 428.4173
v -1.6266 603.8743 62.9984
v 0.0000 0.0000 1.0000
v 1.0000 1.0000 0.0000
v 3.0118 -5.0196 0.0000
v 1.0039 1.0000 0.0000
v 0.0000 0.0000 448.4911
v -16.3938 -19.2427 117.8274
v 0.0000 0.0000 1.0000
v 1.0000 1.0000 0.0000
v -0.7020 0.0000 0.0000
v 0.0000 -526.4105 97.9357
v 106.1370 684.1169 0.0000
v 0.0000 1.0000 1.0000
v 1.0000 0.0000 0.0000
v 0.0000 0.0000 0.7834
v 0.0147 233.3299 564.2967
v 0.0000 0.0000 1.0000
v 1.0000 1.0000 0.0000
v 0.8000 0.0000 0.0000
v 576.4095 -1.6266 45.3499
v 87.2903 0.0000 0.0000
v 1.0000 1.0000 1.0000
v 0.0000 0.5176 0.0000
v 0.0000 0.0000 434.0670
v -40.8699 42.7507 82.3414
v 0.0000 0.0000 1.0000
v 1.0000 1.0000 0.0000
v 0.9647 0.9529 0.0000
v 320.6318 -14.3154 -58.6649
v 45.7060 0.0000 0.0000
v 1.0000 1.0000 1.0000
v 0.5020 0.9882 0.0000
v -4.9446 -7.2539 235.1823
v 570.4647 0.0000 0.0000
v 1.0000 1.0000 1.0000
v 0.0000 574.1388 -1.6267
v 46.1518 86.3904 0.0000
v 0.0000 1.0000 1.0000
v 1.0000 0.0000 0.0000
v 0.0000 570.9335 -1.6266
v 48.7652 62.4516 0.0000
v 0.0000 1.0000 1.0000
v 1.0000 0.0000 0.0000
v 1.0000 0.0000 0.0000
v 1.0000 0.0000 0.0000
v 0.0000 190.9120 -16.2725
v -533.0035 145.3006 0.0000
v 0.0000 1.0000 1.0000
v 1.0000 0.0000 0.0000
v 0.0000 -543.1759 84.8438
v 509.4948 546.0657 0.0000
v 0.0000 1.0000 1.0000
v 1.0000 0.0000 0.0000
v 0.6902 0.0000 0.0000
v 0.0000 0.0000 276.3102
v -5.9037 -144.3754 87.7583
v 0.0000 0.0000 1.0000
v 1.0000 1.0000 0.0000
v 0.0000 -183.0706 0.5488
v -16.3811 668.8609 0.0000
v 0.0000 1.0000 1.0000
v 1.0000 0.0000 0.0000
v 0.0000 439.9474 -1.6266
v -520.8381 126.4108 0.0000
v 0.0000 1.0000 1.0000
v 1.0000 0.0000 0.0000
v 0.5176 0.0000 0.0000
v 0.0000 132.6550 -40.0479
v -502.7706 83.5011 0.0000
v 0.0000 1.0000 1.0000
v 1.0000 0.0000 0.0000
v 0.0431 0.0000 0.0000
v 185.7304 -8.2634 -240.9961
v 45.8290 0.0000 0.0000
v 1.0000 1.0000 1.0000
v 1.0039 0.9882 0.0000
v -160.3367 -6.4251 -14.1069
v 654.7215 0.0000 0.0000
v 1.0000 1.0000 1.0000
v 0.0000 -86.4297 -18.3828
v 35.6328 0.0000 14.0353
v -7.6157 -124.0117 -9.1328
v 135.2266 0.0000 12.1490
v -2.2706 -215.9023 -14.7031
v -23.2656 0.0000 7.5412
v -10.7804 -361.9922 -0.1250
v 31.9922 0.0000 0.2157
v -7.8118 -138.0000 -19.0781
v -9.0000 0.0000 11.4471
v -10.0118 -308.7422 -6.4961
v -2.9062 0.0000 2.8863
v -9.6863 -66.0000 -15.0781
v 84.0000 0.0000 15.0588
v -5.0196 -82.0000 -12.0781
v 121.0000 0.0000 14.2549
v -3.0353 -337.0000 1.9219
v 93.0000 0.0000 1.4667
v -4.5373 -366.2734 2.4883
v 66.6328 0.0000 0.0000
v -5.9529 -214.9805 -6.5117
v 91.8047 0.0000 7.5882
v -5.3843 -324.5391 -1.4492
v 50.7188 -0.0000 2.0941
v -6.8078 -262.3047 -6.1641
v 44.0000 -0.0000 5.2157
v -7.1686 -215.3828 -9.7578
v 41.4453 -0.0000 7.5686
v -7.3059 -180.7773 -11.7578
v 47.0156 -0.0000 9.3020
v -7.0078 -130.4648 -13.3789
v 68.6953 -0.0000 11.8275
v -5.8431 -104.4297 -13.6133
v 83.3359 -0.0000 13.1333
v -5.0588 241.0859 23.8047
v 596.3750 0.0000 4.3608
v -6.3373 214.9785 37.0664
v 674.8750 0.0000 2.8863
v -3.8039 356.3325 38.7812
v 697.1406 0.0000 10.8627
v -3.0863 379.5400 15.8281
v 559.4297 0.0000 12.1725
v -7.5255 377.9467 4.0273
v 406.7812 0.0000 12.0824
v -12.4510 311.2100 2.9805
v 395.7266 0.0000 8.3176
v -12.8078 293.6289 14.4844
v 528.1797 0.0000 7.3255
v -8.5333 228.1387 52.6953
v 785.0156 0.0000 3.6314
v -0.2549 264.0000 59.2383
v 824.0000 0.0000 5.6510
v 1.0000 322.6201 53.3477
v 796.4375 0.0000 8.9608
v 0.1098 338.0000 -0.7617
v 357.0000 0.0000 9.8275
v -14.0549 362.0000 0.2383
v 360.0000 0.0000 11.1804
v 0.4784 272.6787 52.7109
v 790.4062 -0.0000 6.1412
v -0.0784 286.8779 37.6523
v 686.2031 -0.0000 6.9451
v -3.4392 294.3408 30.4375
v 642.9375 -0.0000 7.3647
v -4.8353 328.6181 14.7422
v 540.9062 -0.0000 9.2980
v -8.1255 343.7529 3.2031
v 401.1172 -0.0000 10.1529
v -12.6314 0.0000 0.0000
v 0.0000 0.0000 6.6333
v 20.0801 400.3672 521.5295
v 0.0000 0.0000 1.0000
v 1.0000 1.0000 0.0000
v -337.0000 1.9219 93.0000
v -0.5000 4.0157 0.0000
v -214.9805 -6.5117 91.8047
v -0.5000 0.0000 0.0000
v -124.0117 -9.1328 135.2266
v -0.5000 3.5882 0.0000
v -82.0000 -12.0781 121.0000
v -0.5000 0.0941 0.0000
v -66.0000 -15.0781 84.0000
v -0.5000 2.1686 0.0000
v -86.4297 -18.3828 35.6328
v -0.5000 3.9804 0.0000
v -138.0000 -19.0781 -9.0000
v -0.5000 0.0000 0.0000
v -215.9023 -14.7031 -23.2656
v -0.5000 4.0157 0.0000
v -308.7422 -6.4961 -2.9062
v -0.5000 0.0000 0.0000
v -361.9922 -0.1250 31.9922
v -0.5000 3.6824 0.0000
v -366.2734 2.4883 66.6328
v -0.5000 1.7922 0.0000
v -341.3253 0.2882 57.6298
v 0.0000 2.5686 1.0000
v -328.8485 -0.1725 65.5984
v 0.0000 4.0157 1.0000
v -208.7345 -8.4492 66.5927
v 0.0000 0.0000 1.0000
v -120.2439 -10.9081 107.9561
v 0.0000 3.3098 1.0000
v -96.1718 -12.5945 98.4628
v 0.0000 0.7451 1.0000
v -91.4250 -14.1812 80.8325
v 0.0000 2.1686 1.0000
v -102.2745 -15.8174 55.0652
v 0.0000 3.7176 1.0000
v -150.0798 -16.0355 16.4141
v 0.0000 0.0000 1.0000
v -216.5325 -12.5263 1.8352
v 0.0000 4.0157 1.0000
v -300.9545 -5.0397 20.1436
v 0.0000 0.0000 1.0000
v -337.2323 -1.0724 41.1644
v 0.0000 3.2392 1.0000
v 311.2100 2.9805 395.7266
v -0.5000 3.4784 0.0000
v 293.6289 14.4844 528.1797
v -0.5000 0.0000 0.0000
v 241.0859 23.8047 596.3750
v -0.5000 4.0157 0.0000
v 214.9785 37.0664 674.8750
v -0.5000 0.0000 0.0000
v 228.1387 52.6953 785.0156
v -0.5000 3.3686 0.0000
v 264.0000 59.2383 824.0000
v -0.5000 0.9961 0.0000
v 322.6201 53.3477 796.4375
v -0.5000 3.6667 0.0000
v 356.3325 38.7812 697.1406
v -0.5000 0.0000 0.0000
v 379.5400 15.8281 559.4297
v -0.5000 4.0157 0.0000
v 377.9467 4.0273 406.7812
v -0.5000 0.5686 0.0000
v 362.0000 0.2383 360.0000
v -0.5000 2.9451 0.0000
v 338.0000 -0.7617 357.0000
v -0.5000 1.0392 0.0000
v 313.0448 14.6787 536.9507
v 0.0000 0.0000 1.0000
v 264.4187 26.8402 618.2360
v 0.0000 4.0157 1.0000
v 245.5489 37.2010 679.1999
v 0.0000 0.0000 1.0000
v 254.9839 51.7603 782.9839
v 0.0000 3.1765 1.0000
v 270.9507 52.7164 790.9671
v 0.0000 1.6275 1.0000
v 299.2553 51.0726 780.0808
v 0.0000 3.2275 1.0000
v 329.0115 37.6489 689.3606
v 0.0000 0.0000 1.0000
v 357.1439 15.1952 551.4739
v 0.0000 4.0157 1.0000
v 358.7678 3.8342 407.7653
v 0.0000 0.7647 1.0000
v 347.8813 2.4785 392.5242
v 0.0000 2.5294 1.0000
v 336.9965 2.3599 391.7933
v 0.0000 1.5804 1.0000
v 328.2170 3.2585 401.8253
v 0.0000 3.1608 1.0000
v 0.0000 6.6333 20.0801
v 400.3672 521.5295 0.0000
v 0.0000 1.0000 1.0000
v 1.0000 0.0000 0.0000
v 0.0000 0.0000 439.9252
v -1.6292 -517.4861 126.6135
v 0.0000 0.0000 1.0000
v 1.0000 1.0000 0.0000
v 2.0078 0.0000 0.0000
v 453.1346 -1.6266 -515.0992
v 90.0084 0.0000 0.0000
v 1.0000 1.0000 1.0000
v -5.0196 0.0000 0.0000
v 0.0000 -4.0157 0.0000
v 0.0000 -561.0942 -16.6012
v -448.4049 95.0808 0.0000
v 0.0000 1.0000 1.0000
v 1.0000 0.0000 0.0000
v 1.9647 0.1020 0.0000
v 191.8928 81.5884 194.5316
v 1119.9716 0.0000 0.0000
v 1.0000 1.0000 1.0000
v 0.0000 -197.4380 -13.2027
v -104.5602 493.4910 0.0000
v 0.0000 1.0000 1.0000
v 1.0000 0.0000 0.0000
v -483.8362 -1.6266 -625.2604
v 126.1274 0.0000 0.0000
v 1.0000 1.0000 1.0000
v -605.0038 -44.6818 -411.4050
v 43.3198 0.0000 0.0000
v 1.0000 1.0000 1.0000
v 0.0000 -310.4474 0.0507
v 41.7407 45.5024 0.0000
v 0.0000 1.0000 1.0000
v 1.0000 0.0000 0.0000
v 0.0000 164.3321 43.9239
v -64.1340 867.8365 0.0000
v 0.0000 1.0000 1.0000
v 1.0000 0.0000 0.0000
v 0.0000 0.0000 -218.0000
v -39.5312 -386.0000 0.0000
v 7.6353 -13.6510 -328.4219
v -41.3789 -300.2226 0.0000
v 0.8196 -8.2078 -149.6172
v -36.5391 -392.3945 0.0000
v 11.8588 -14.0549 -120.0000
v -33.5312 -323.0000 0.0000
v 13.6863 -9.6510 -156.2539
v -34.9141 -317.1406 0.0000
v 11.4471 -9.2824 -112.1875
v -34.3828 -379.8594 0.0000
v 14.1686 -13.2588 -227.0000
v -31.5312 -170.0000 0.0000
v 7.0824 0.0471 -97.7695
v -33.1328 -353.2656 0.0000
v 15.0588 -11.5725 -322.5586
v -35.4766 -181.2188 0.0000
v 1.1843 -0.6588 -273.0586
v -41.0352 -354.7578 0.0000
v 4.2392 -11.6667 -341.7226
v -38.9258 -240.4726 0.0000
v 0.0000 -4.4196 -216.9766
v -34.4570 -250.1172 0.0000
v 7.4510 -4.5765 -216.0000
v -35.5312 -279.0000 0.0000
v 7.7608 -6.8627 -213.4258
v -33.4023 -218.8672 0.0000
v 7.8510 -2.7059 -271.0000
v -33.5312 -155.0000 0.0000
v 4.3647 1.0000 -197.0000
v -36.5312 -306.0000 0.0000
v 13.7922 -10.4392 -291.0586
v -35.6680 -209.3516 -0.0000
v 3.1294 -2.4431 -279.4258
v -36.6289 -237.3164 -0.0000
v 3.8471 -4.2196 -272.8516
v -37.5312 -260.9101 -0.0000
v 4.2196 -5.5490 -268.8086
v -37.6836 -273.4219 -0.0000
v 4.3686 -6.2667 -250.9492
v -38.4492 -313.5078 -0.0000
v 5.5059 -8.8745 -245.1484
v -38.3516 -317.6992 -0.0000
v 5.9608 -9.3176 -234.3906
v -38.7539 -329.9688 -0.0000
v 6.6275 -10.0941 -208.1133
v -38.1250 -348.3398 -0.0000
v 8.2471 -11.2588 -188.1992
v -37.3125 -352.7656 -0.0000
v 9.4784 -11.5412 -152.8242
v -35.7617 -356.0234 -0.0000
v 11.6588 -11.7490 -134.2383
v -34.9844 -356.3633 -0.0000
v 12.8078 -11.7686 -115.5312
v -34.0273 -355.5391 -0.0000
v 13.9608 -11.7176 128.4453
v -13.0469 -199.8906 0.0000
v 12.9373 -4.4706 235.9141
v 8.2109 9.2422 0.0000
v 2.1922 -13.1647 80.2969
v -11.7734 -112.5312 0.0000
v 8.4510 -4.9882 126.4844
v -2.4648 -16.7031 0.0000
v 3.5255 -8.7961 115.7500
v -6.1953 -67.3125 0.0000
v 6.1255 -7.2706 -26.7109
v -20.6719 -117.8633 0.0000
v 8.7216 -1.3490 28.1797
v -16.6172 -123.2891 0.0000
v 9.0000 -3.0078 210.3594
v -5.0195 -176.8984 0.0000
v 11.7569 -7.7961 72.0547
v -17.5508 -198.2070 0.0000
v 12.8510 -2.6275 25.2344
v -20.9648 -191.6406 0.0000
v 12.5137 -1.2314 -72.6758
v -25.8633 -165.9453 0.0000
v 11.1922 0.7255 275.5312
v 7.5742 -58.5039 0.0000
v 5.6745 -12.9059 -69.3945
v -24.6914 -139.6484 0.0000
v 9.8431 0.2902 -25.7109
v -24.6914 -196.5234 0.0000
v 12.7647 0.2902 258.0859
v 2.4062 -120.0820 0.0000
v 8.8392 -10.7922 -56.6562
v -25.7617 -186.9883 0.0000
v 12.2745 0.7294 -53.1992
v -23.7695 -129.1992 0.0000
v 9.3059 -0.0824 182.1172
v 3.6367 10.6406 0.0000
v 2.1216 -11.2941 268.0156
v 9.7227 -13.9766 0.0000
v 10.4745 0.4000 -54.6602
v -24.7188 -153.6289 -0.0000
v 10.5608 0.2588 -26.2188
v -22.7422 -156.3281 -0.0000
v 10.6980 -0.5451 26.7812
v -18.7891 -155.7539 -0.0000
v 10.6706 -2.1647 76.2422
v -14.7227 -154.6875 -0.0000
v 10.6157 -3.8275 99.5234
v -12.3906 -147.4141 -0.0000
v 10.2431 -4.7804 158.2656
v -5.7266 -116.5586 -0.0000
v 8.6549 -7.5059 192.4922
v -0.1289 -68.5586 -0.0000
v 6.1882 -9.7961 229.2891
v 5.5195 -24.2734 -0.0000
v 3.0196 -13.1922 0.0000
v 0.0000 0.0000 -33.0957
v -15.8281 -190.8769 350.1637
v 0.0000 0.0000 1.0000
v 1.0000 1.0000 0.0000
v 0.0000 -328.4219 -41.3789
v -300.2226 -0.5000 0.0000
v 0.0000 -341.7226 -38.9258
v -240.4726 -0.5000 4.0157
v 0.0000 -322.5586 -35.4766
v -181.2188 -0.5000 0.0000
v 0.0000 -271.0000 -33.5312
v -155.0000 -0.5000 4.0157
v 0.0000 -227.0000 -31.5312
v -170.0000 -0.5000 0.0000
v 0.0000 -213.4258 -33.4023
v -218.8672 -0.5000 4.0157
v 0.0000 -216.9766 -34.4570
v -250.1172 -0.5000 0.3059
v 0.0000 -216.0000 -35.5312
v -279.0000 -0.5000 3.4039
v 0.0000 -197.0000 -36.5312
v -306.0000 -0.5000 0.3059
v 0.0000 -156.2539 -34.9141
v -317.1406 -0.5000 4.0157
v 0.0000 -120.0000 -33.5312
v -323.0000 -0.5000 0.1804
v 0.0000 -97.7695 -33.1328
v -353.2656 -0.5000 3.8353
v 0.0000 -112.1875 -34.3828
v -379.8594 -0.5000 0.2471
v 0.0000 -149.6172 -36.5391
v -392.3945 -0.5000 3.7686
v 0.0000 -218.0000 -39.5312
v -386.0000 -0.5000 0.0000
v 0.0000 -273.0586 -41.0352
v -354.7578 -0.5000 4.0157
v 0.0000 -306.1190 -39.7678
v -283.3668 0.0000 0.0000
v 1.0000 -315.8650 -37.7794
v -235.2100 0.0000 4.0157
v 1.0000 -304.9724 -36.2439
v -200.8124 0.0000 0.0000
v 1.0000 -275.1216 -34.3097
v -183.0294 0.0000 4.0157
v 1.0000 -244.7765 -33.3443
v -194.5061 0.0000 0.0706
v 1.0000 -236.1770 -34.3358
v -222.0242 0.0000 3.4000
v 1.0000 -239.0435 -35.5458
v -248.9691 0.0000 0.3059
v 1.0000 -237.3236 -36.8918
v -289.0998 0.0000 3.4039
v 1.0000 -210.3788 -37.4913
v -320.6310 0.0000 0.3059
v 1.0000 -158.2089 -35.4994
v -336.6832 0.0000 4.0157
v 1.0000 -124.9578 -34.1565
v -340.1230 0.0000 0.3608
v 1.0000 -116.9317 -34.0260
v -352.7355 0.0000 3.1216
v 1.0000 -124.9578 -34.7362
v -365.3480 0.0000 1.0824
v 1.0000 -147.3163 -35.9166
v -373.3741 0.0000 3.4314
v 1.0000 -210.3788 -38.6600
v -365.3480 0.0000 0.0000
v 1.0000 -259.6694 -39.7392
v -337.2993 0.0000 4.0157
v 0.4980 80.2969 -11.7734
v -112.5312 -0.5000 4.0157
v 0.0000 115.7500 -6.1953
v -67.3125 -0.5000 0.0000
v 0.0000 126.4844 -2.4648
v -16.7031 -0.5000 4.0157
v 0.0000 182.1172 3.6367
v 10.6406 -0.5000 0.0000
v 0.0000 235.9141 8.2109
v 9.2422 -0.5000 4.0157
v 0.0000 268.0156 9.7227
v -13.9766 -0.5000 0.0000
v 0.0000 275.5312 7.5742
v -58.5039 -0.5000 4.0157
v 0.0000 258.0859 2.4062
v -120.0820 -0.5000 0.0000
v 0.0000 210.3594 -5.0195
v -176.8984 -0.5000 4.0157
v 0.0000 128.4453 -13.0469
v -199.8906 -0.5000 0.0000
v 0.0000 72.0547 -17.5508
v -198.2070 -0.5000 4.0157
v 0.0000 25.2344 -20.9648
v -191.6406 -0.5000 0.0000
v 0.0000 -25.7109 -24.6914
v -196.5234 -0.5000 3.7020
v 0.0000 -56.6562 -25.7617
v -186.9883 -0.5000 0.5529
v 0.0000 -72.6758 -25.8633
v -165.9453 -0.5000 3.4314
v 0.0000 -69.3945 -24.6914
v -139.6484 -0.5000 0.5216
v 0.0000 -53.1992 -23.7695
v -129.1992 -0.5000 1.9098
v 0.0000 -26.7109 -20.6719
v -117.8633 -0.5000 3.4078
v 0.0000 28.1797 -16.6172
v -123.2891 -0.5000 0.0000
v 0.0000 89.6698 -12.2098
v -130.7105 0.0000 4.0157
v 1.0000 130.8949 -5.7935
v -79.7853 0.0000 0.0000
v 1.0000 145.7145 -1.9585
v -33.4407 0.0000 4.0157
v 1.0000 185.8619 2.6537
v -10.5378 0.0000 0.0000
v 1.0000 227.6259 6.0471
v -13.2323 0.0000 4.0157
v 1.0000 250.0131 6.9565
v -30.6057 0.0000 0.3490
v 1.0000 254.5704 5.8309
v -56.8824 0.0000 3.6667
v 1.0000 240.5592 1.6202
v -107.2688 0.0000 0.0000
v 1.0000 195.5619 -5.1963
v -159.2718 0.0000 4.0157
v 1.0000 119.5782 -12.8042
v -182.4441 0.0000 0.0000
v 1.0000 74.0420 -16.3417
v -179.4802 0.0000 4.0157
v 1.0000 26.0807 -19.9541
v -173.8218 0.0000 0.0000
v 1.0000 -25.1140 -23.8244
v -179.2107 0.0000 3.4784
v 1.0000 -49.0947 -24.9087
v -172.7440 0.0000 0.9843
v 1.0000 -55.2919 -25.0504
v -163.3134 0.0000 2.9059
v 1.0000 -54.2141 -24.6114
v -151.9967 0.0000 1.5255
v 1.0000 -46.4002 -23.9457
v -147.1467 0.0000 1.9098
v 1.0000 -26.1918 -21.8419
v -139.3328 0.0000 3.4078
v 1.0000 27.9668 -17.8737
v -142.8356 0.0000 0.0000
v 0.4980 0.0000 0.0000
v 0.0000 0.0000 -33.0957
v -15.8281 -190.8769 350.1637
v 0.0000 0.0000 1.0000
v 1.0000 1.0000 0.0000
v 1.0000 0.0000 0.0000
v -481.3638 -1.6292 -625.4645
v 125.8966 0.0000 0.0000
v 1.0000 1.0000 1.0000
v 0.0000 -467.2123 -1.6266
v -632.0503 91.0477 0.0000
v 0.0000 1.0000 1.0000
v 1.0000 0.0000 0.0000
v 3.0118 -5.0196 0.0000
v 0.0000 0.0000 -470.9579
v -16.5887 190.3516 210.4265
v 0.0000 0.0000 1.0000
v 1.0000 1.0000 0.0000
v 1.9647 0.1020 0.0000
v 0.0000 0.0000 120.0046
v 9.8220 -79.4117 679.1958
v 0.0000 0.0000 1.0000
v 1.0000 1.0000 0.0000
v 0.0000 0.0000 -153.1581
v -6.3858 -84.5348 547.8582
v 0.0000 0.0000 1.0000
v 1.0000 1.0000 0.0000
v 0.0000 -679.3020 -1.6266
v 81.4808 98.8232 0.0000
v 0.0000 1.0000 1.0000
v 1.0000 0.0000 0.0000
v -1.0039 0.0000 0.0000
v 0.0000 0.0000 -436.4611
v -39.8627 190.4270 190.8361
v 0.0000 0.0000 1.0000
v 1.0000 1.0000 0.0000
v 19.1137 0.0431 0.0000
v 0.0000 -350.2098 -12.8834
v 162.1337 45.7899 0.0000
v 0.0000 1.0000 1.0000
v 1.0000 0.0000 0.0000
v -150.8433 -14.0022 -58.8125
v 566.5352 0.0000 0.0000
v 1.0000 1.0000 1.0000
v 1.0000 0.0000 0.0000
v 0.0000 0.0000 -678.1531
v -1.6268 79.9158 98.3406
v 0.0000 0.0000 1.0000
v 1.0000 1.0000 0.0000
v 0.0000 1.0000 0.0000
v -666.3627 -1.6266 89.8013
v 90.0767 0.0000 0.0000
v 1.0000 1.0000 1.0000
v 1.0000 0.0000 0.0000
v 4.9843 1.0000 0.0000
v -245.5517 -262.9671 583.1824
v 271.7527 0.0000 0.0000
v 1.0000 1.0000 1.0000
v 1.0039 1.0000 0.0000
v 0.0000 -136.8889 -16.6633
v 508.7916 171.5945 0.0000
v 0.0000 1.0000 1.0000
v 1.0000 0.0000 0.0000
v 0.0000 265.8694 66.0085
v -79.4759 815.5328 0.0000
v 0.0000 1.0000 1.0000
v 1.0000 0.0000 0.0000
v 0.0000 260.5936 1.6157
v 113.5387 599.0023 0.0000
v 0.0000 1.0000 1.0000
v 1.0000 0.0000 0.0000
v 0.8000 0.0000 0.0000
v -285.6425 -1.6266 583.3553
v 99.3200 0.0000 0.0000
v 1.0000 1.0000 1.0000
v 0.0000 -137.4894 -42.7261
v 475.0450 161.1712 0.0000
v 0.0000 1.0000 1.0000
v 1.0000 0.0000 0.0000
v 0.0000 0.0000 36.1925
v 4.6817 44.7761 45.7765
v 0.0000 0.0000 1.0000
v 1.0000 1.0000 0.0000
v 0.9961 0.0000 0.0000
v 278.6085 35.8560 -75.0776
v 826.4847 0.0000 0.0000
v 1.0000 1.0000 1.0000
v 1.0039 1.0000 0.0000
v -285.4814 -1.6268 580.2665
v 98.6269 0.0000 0.0000
v 1.0000 1.0000 1.0000
v 0.0000 -300.2523 -1.6266
v 576.9703 62.9318 0.0000
v 0.0000 1.0000 1.0000
v 1.0000 0.0000 0.0000
v -7.0275 0.0000 0.0000
v -244.0568 -45.5463 629.1284
v 41.6388 0.0000 0.0000
v 1.0000 1.0000 1.0000
v 0.0000 -243.6156 -41.8969
v 622.5991 40.2590 0.0000
v 0.0000 1.0000 1.0000
v 1.0000 0.0000 0.0000
v 0.0000 0.1205 -0.0172
v 102.4237 0.0000 0.0000
v 1.0000 1.0000 1.0000
v 1.6548 0.0000 66.3167
v 0.0000 0.0000 1.0000
v 1.0000 1.0000 0.0000
v -9.7004 0.0436 63.4957
v 0.0000 0.9882 1.0000
v -9.7004 0.0436 -63.4957
v 0.0000 0.9882 -9.0353
v -9.7004 0.0436 30.6003
v 0.0000 0.9882 -1.5059
v -9.7004 0.0436 0.0000
v 0.0000 0.9882 -4.0157
v -9.7004 0.0436 -30.6003
v 0.0000 0.9882 -6.5255
v 9.7004 0.0436 63.4957
v 0.0000 0.9725 1.0000
v 9.7004 0.0436 -63.4957
v 0.0000 0.9725 -9.0353
v 9.7004 0.0436 30.6003
v 0.0000 0.9725 -1.5059
v 9.7004 0.0436 0.0000
v 0.0000 0.9725 -4.0157
v 9.7004 0.0436 -30.6003
v 0.0000 0.9725 -6.5255
v 0.0436 0.0000 65.6170
v 0.0000 0.0000 1.0000
v 1.0000 1.0000 0.0000
v -971.9467 -323.7292 -712.8125
v 2163.6252 0.0000 0.0000
v 1.0000 1.0000 1.0000
v 0.0000 0.0000 -6.9062
v -8.3945 -96.0234 0.0000
v 4.2392 -1.0353 -53.5938
v -0.8945 -151.9297 0.0000
v 2.9451 -1.8980 -53.6719
v -8.3945 -53.6719 0.0000
v 3.2941 -0.8275 -100.2734
v 6.4141 -214.4453 0.0000
v 3.7922 -3.2902 -100.2734
v 6.4141 -214.4453 0.0000
v 3.7922 -3.2902 -152.6875
v 6.6055 -155.5078 0.0000
v 2.6471 -2.9059 -207.8281
v 6.6055 -100.2734 0.0000
v 1.4902 -2.5922 -152.3828
v -4.4727 -51.1875 0.0000
v 1.9098 -1.5333 -98.6484
v -11.8672 -3.2734 0.0000
v 2.3137 -0.4980 -178.6097
v 0.7675 -74.4062 0.0000
v 1.7137 -2.0314 -178.6097
v 0.7675 -74.4062 0.0000
v 2.7961 -2.3961 -73.7155
v 2.2559 -178.8777 0.0000
v 3.9059 -2.6235 -126.4745
v 6.5098 -184.9833 0.0000
v 3.4902 -2.0157 -29.3558
v -8.3945 -75.6929 0.0000
v 3.7843 -0.9333 -181.4674
v 6.6055 -126.6790 0.0000
v 2.4039 -1.7059 -75.9227
v -10.1125 -28.7388 0.0000
v 2.8078 -0.6667 -122.0437
v -8.6477 -24.1346 0.0000
v 3.6392 -1.4706 -29.0614
v -4.8354 -122.5532 0.0000
v 4.1216 -1.5490 -174.3973
v 1.6026 -77.8506 0.0000
v 1.7961 -2.0471 -174.3973
v 1.6026 -77.8506 0.0000
v 1.7961 -2.0471 -148.6515
v -3.3450 -55.5229 0.0000
v 2.2196 -0.9843 -99.0447
v -10.6289 -11.7183 0.0000
v 2.3686 -0.6118 -80.0139
v -8.9799 -31.9597 0.0000
v 2.7725 -0.7373 -57.3619
v -7.2822 -57.3621 0.0000
v 3.2667 -0.9020 -33.6514
v -6.7104 -80.5338 0.0000
v 3.7608 -1.0314 -15.7807
v -6.8438 -96.9832 0.0000
v 4.1255 -1.1137 -33.7054
v -3.7603 -119.1073 0.0000
v 4.0353 -1.5373 -57.5352
v -0.0974 -148.4164 0.0000
v 3.9137 -2.1020 -77.5804
v 3.0461 -174.8783 0.0000
v 3.8235 -2.6000 -100.0851
v 6.4503 -202.9583 0.0000
v 3.7137 -3.1373 -100.0851
v 6.4503 -202.9583 0.0000
v 2.6667 -2.8392 -178.0693
v 7.4270 -122.3777 0.0000
v 2.0627 -2.6588 -199.3855
v 7.0746 -101.4833 0.0000
v 1.6157 -2.5451 -301.2266
v 6.6055 21.4414 0.0000
v 6.0235 -3.7608 -397.6953
v 24.1055 -37.4609 0.0000
v 4.5843 -5.0196 -450.2344
v 24.1055 31.0000 0.0000
v 3.8000 -3.5569 -347.9297
v 6.6055 82.3008 0.0000
v 3.0235 -1.9843 -399.9453
v 8.4609 149.3984 0.0000
v 4.5490 -1.0275 -602.7500
v 45.4297 29.1367 0.0000
v 1.5216 -3.5961 -602.7500
v 45.4297 29.1367 0.0000
v 1.5216 -3.5961 -561.3281
v 41.6055 -25.8203 0.0000
v 2.1412 -4.7725 -561.3281
v 41.6055 -25.8203 0.0000
v 2.1412 -4.7725 -539.2188
v 28.8828 157.4336 0.0000
v 2.4706 -0.8549 -444.0234
v 5.9180 206.2656 0.0000
v 3.8902 0.1843 -655.4219
v 44.5039 112.9336 0.0000
v 0.7333 -1.8039 -704.5781
v 46.0195 185.4414 0.0000
v 0.0000 -0.2549 -600.3984
v 36.7539 244.3555 0.0000
v 1.5569 1.0000 -349.4634
v 15.3559 -8.0113 0.0000
v 3.7882 -1.5020 -490.3641
v 17.0972 182.4944 0.0000
v 3.2000 -0.3176 -653.1398
v 41.4446 214.5300 0.0000
v 2.2235 -2.8392 -508.6542
v 33.3080 1.1205 0.0000
v 2.9255 -4.1961 -679.1165
v 45.2345 147.8843 0.0000
v 0.3804 -1.0588 -679.1165
v 45.2345 147.8843 0.0000
v 1.1373 -0.5098 -573.4446
v 33.2862 206.0605 0.0000
v 1.9569 0.1804 -627.3737
v 44.9969 68.3114 0.0000
v 3.5020 -0.8745 -422.7121
v 7.1475 178.7710 0.0000
v 4.2078 -0.3961 -580.9646
v 43.4184 0.2326 0.0000
v 4.1608 -2.2431 -377.8489
v 7.6727 120.8950 0.0000
v 4.8784 -1.6353 -423.0358
v 24.1055 -4.4411 0.0000
v 4.2039 -4.3137 -423.0358
v 24.1055 -4.4411 0.0000
v 4.9294 -3.7059 -324.5507
v 6.6055 51.8353 0.0000
v 5.6745 -3.1098 -667.7546
v 45.2470 153.3680 0.0000
v 0.5490 -0.9412 -667.7546
v 45.2470 153.3680 0.0000
v 2.8235 -3.9922 -457.9116
v 25.5688 41.9103 0.0000
v 3.6824 -3.3216 -457.9116
v 25.5688 41.9103 0.0000
v 3.6824 -3.3216 -437.0334
v 23.0320 37.7924 0.0000
v 5.2078 -4.2235 -317.0009
v 8.6257 22.7839 0.0000
v 4.7529 -1.7451 -408.7759
v 11.4272 145.5501 0.0000
v 4.0824 -0.4863 -448.2444
v 9.1236 193.2090 0.0000
v 3.8275 -0.0902 -448.2444
v 9.1236 193.2090 0.0000
v 3.8275 -0.0902 -448.2444
v 9.1236 193.2090 0.0000
v 3.2784 -0.4549 -534.0173
v 29.6363 150.0433 0.0000
v 2.5490 -1.0118 -552.8176
v 31.9107 152.2243 0.0000
v 1.8471 0.0745 -603.1469
v 37.3511 231.1337 0.0000
v 1.5137 0.7176 -647.8165
v 42.6264 206.1203 0.0000
v 0.8471 0.1843 -688.5667
v 46.4098 181.7648 0.0000
v 3.0235 -1.9843 224.2344
v -22.9492 -86.9453 0.0000
v 3.2980 -4.0863 224.2344
v -22.9492 -86.9453 0.0000
v 3.2980 -4.0863 190.6797
v -18.0469 -57.0391 0.0000
v 3.4314 -2.7294 264.1094
v -26.7852 -35.3516 0.0000
v 3.9686 -1.7490 294.9492
v -29.9141 14.1055 0.0000
v 4.2431 -2.3176 294.9492
v -29.9141 14.1055 0.0000
v 4.2863 -1.1451 331.2031
v -32.1016 50.6094 0.0000
v 4.7255 -1.6824 331.2031
v -32.1016 50.6094 0.0000
v 2.0471 -1.4902 86.4609
v -23.3945 15.7852 0.0000
v 1.4627 -2.2902 46.6484
v -23.3945 46.6484 0.0000
v 0.9333 -1.7490 46.6484
v -23.3945 46.6484 0.0000
v 0.9333 -1.7490 94.4961
v -26.3086 87.5391 0.0000
v 2.5490 -0.8431 132.7812
v -28.6406 120.2539 0.0000
v 2.9490 -0.5059 163.9414
v -30.5391 146.8867 0.0000
v 2.4980 0.0000 163.9414
v -30.5391 146.8867 0.0000
v 2.4980 0.0000 221.0273
v -32.9727 140.2891 0.0000
v 3.2588 -0.1137 221.0273
v -32.9727 140.2891 0.0000
v 2.7294 -2.1647 137.9219
v -24.0312 -25.2500 0.0000
v 2.1490 -3.0078 219.4067
v -28.7335 64.5065 0.0000
v 3.2353 -1.4392 219.4067
v -28.7335 64.5065 0.0000
v 3.5294 -0.7647 279.2851
v -35.5117 150.7617 0.0000
v 4.0353 0.0667 314.0049
v -38.5471 143.0045 0.0000
v 4.4941 -0.0667 334.6169
v -37.1206 119.7266 0.0000
v 4.7725 -0.4706 358.6136
v -35.4598 92.6262 0.0000
v 4.6392 -0.6667 349.2575
v -33.3941 90.6297 0.0000
v 4.6275 -1.5686 290.8744
v -27.9670 20.5727 0.0000
v 4.1882 -2.2078 258.8077
v -25.0863 -30.7604 0.0000
v 3.7608 -3.1059 223.8767
v -20.5552 -68.6630 0.0000
v 3.2941 -3.7686 223.8767
v -20.5552 -68.6630 0.0000
v 2.9255 -3.4549 143.7451
v -23.9115 -18.8035 0.0000
v 2.2275 -2.8941 143.7451
v -23.9115 -18.8035 0.0000
v 2.2275 -2.8941 91.8636
v -22.9243 21.4287 0.0000
v 1.5373 -2.1922 91.8636
v -22.9243 21.4287 0.0000
v 1.5373 -2.1922 91.8636
v -22.9243 21.4287 0.0000
v 1.5373 -2.1922 72.6540
v -22.9616 35.2402 0.0000
v 1.2784 -1.9490 72.6540
v -22.9616 35.2402 0.0000
v 1.2784 -1.9490 98.3600
v -25.3564 84.7418 0.0000
v 2.6941 -0.2235 215.7358
v -31.8691 135.1485 0.0000
v 3.1882 -0.2039 215.7358
v -31.8691 135.1485 0.0000
v 3.1882 -0.2039 280.2692
v -33.2841 141.6145 0.0000
v 2.3216 -2.3765 138.3047
v -38.3945 434.6348 0.0000
v 1.1451 -2.2667 195.9844
v -41.7891 450.9316 0.0000
v 3.7843 -0.8745 223.1016
v -39.1992 323.6992 0.0000
v 4.7020 -2.5529 223.1016
v -39.1992 323.6992 0.0000
v 4.7020 -2.5529 141.6562
v -35.8359 320.7969 0.0000
v 3.9765 -4.1725 106.8555
v -32.2773 368.7305 0.0000
v 2.4588 -4.0118 299.9805
v -45.2422 352.2422 0.0000
v 4.7529 -0.5804 272.4766
v -40.5859 317.5000 0.0000
v 5.3373 -1.7098 324.2211
v -46.8740 378.2450 0.0000
v 4.3529 0.3333 290.6726
v -44.8983 404.7918 0.0000
v 3.3725 0.1451 259.1345
v -41.1734 433.4772 0.0000
v 2.3569 0.0353 236.4241
v -44.1699 462.3576 0.0000
v 4.2118 -1.6510 284.1482
v -42.5619 332.2433 0.0000
v 5.0902 -1.2275 185.9101
v -37.6634 322.3739 0.0000
v 3.8471 -3.3020 137.3705
v -33.1657 383.6759 0.0000
v 2.3882 -3.1686 109.7336
v -36.6499 419.4653 0.0000
v 3.2000 -0.9373 275.4192
v -43.0967 418.6656 0.0000
v 3.4471 -1.6627 192.3456
v -36.2948 407.2860 0.0000
v 2.3490 -1.7020 192.3456
v -36.2948 407.2860 0.0000
v 2.3490 -1.7020 168.5140
v -40.1724 443.1701 0.0000
v 1.2314 -1.5373 284.0384
v -43.5492 397.9268 0.0000
v 3.4745 -0.0980 307.4539
v -45.5690 378.7640 0.0000
v 4.1765 0.0196 293.0797
v -44.3426 356.6723 0.0000
v 4.8980 -1.3098 266.1039
v -40.1116 324.2323 0.0000
v 4.5882 -2.3373 219.4059
v -38.4251 328.3825 0.0000
v 4.5529 -2.5412 219.4059
v -38.4251 328.3825 0.0000
v 4.5529 -2.5412 180.6398
v -36.7352 327.7724 0.0000
v 4.1882 -3.2980 180.6398
v -36.7352 327.7724 0.0000
v 4.1882 -3.2980 180.6398
v -36.7352 327.7724 0.0000
v 4.1882 -3.2980 180.6398
v -36.7352 327.7724 0.0000
v 3.9098 -3.7059 126.7359
v -33.1172 378.5777 0.0000
v 2.4118 -3.4588 120.1649
v -35.4947 406.1020 0.0000
v 1.5294 -0.9059 232.2672
v -42.0503 448.7481 0.0000
v 1.7176 -0.2157 252.4448
v -40.5757 430.5694 0.0000
v 2.3647 -0.1412 252.4448
v -40.5757 430.5694 0.0000
v 2.3647 -0.1412 269.1945
v -41.6281 413.9626 0.0000
v 2.9373 -0.1059 315.7500
v -46.9609 429.6445 0.0000
v 4.5765 -3.3490 441.2519
v -50.6914 319.7851 0.0000
v 5.5412 -3.3725 441.2519
v -50.6914 319.7851 0.0000
v 5.5412 -3.3725 441.2519
v -50.6914 319.7851 0.0000
v 5.5412 -3.3725 379.5996
v -50.1992 471.8379 0.0000
v 3.3569 -0.0275 486.5098
v -50.7461 436.4062 0.0000
v 4.3137 0.0039 486.5098
v -50.7461 436.4062 0.0000
v 4.3137 0.0039 486.5098
v -50.7461 436.4062 0.0000
v 4.3137 0.0039 324.2211
v -46.8740 378.2450 0.0000
v 1.8980 -4.3373 364.6010
v -47.6209 344.6238 0.0000
v 3.4078 -4.2941 364.6010
v -47.6209 344.6238 0.0000
v 3.4078 -4.2941 401.3960
v -46.9752 314.6145 0.0000
v 4.7765 -4.2431 429.3802
v -47.7549 295.6285 0.0000
v 2.0000 -2.2471 350.5131
v -48.7240 452.6169 0.0000
v 1.8118 -0.3804 441.4067
v -52.1638 502.8431 0.0000
v 2.0784 0.5804 470.9461
v -51.5886 470.0192 0.0000
v 3.3412 0.4314 499.4152
v -51.6959 446.3088 0.0000
v 4.4078 0.4627 461.1761
v -51.5072 348.1152 0.0000
v 5.4392 -2.3804 461.1761
v -51.5072 348.1152 0.0000
v 5.4392 -2.3804 481.3632
v -52.3998 379.6505 0.0000
v 4.9569 -0.3765 402.5260
v -51.5988 495.5690 0.0000
v 1.3725 -0.3137 433.0356
v -52.1456 505.2645 0.0000
v 1.8510 0.4745 290.6726
v -44.8983 404.7918 0.0000
v 1.9176 -3.6314 368.8651
v -47.0016 349.6642 0.0000
v 3.4078 -4.1059 368.8651
v -47.0016 349.6642 0.0000
v 3.4078 -4.1059 368.8651
v -47.0016 349.6642 0.0000
v 3.4078 -4.1059 368.8651
v -47.0016 349.6642 0.0000
v 4.7333 -4.0549 424.2657
v -48.3978 308.1635 0.0000
v 5.3961 -3.9490 424.2657
v -48.3978 308.1635 0.0000
v 5.2824 -3.3686 449.8954
v -49.8108 340.8441 0.0000
v 5.3294 -2.7529 449.8954
v -49.8108 340.8441 0.0000
v 5.3294 -2.7529 449.8954
v -49.8108 340.8441 0.0000
v 5.3294 -2.7529 449.8954
v -49.8108 340.8441 0.0000
v 5.3294 -2.7529 458.3514
v -51.0890 351.8249 0.0000
v 5.3059 -2.3569 458.3514
v -51.0890 351.8249 0.0000
v 4.1020 0.0000 491.1718
v -51.6649 453.1743 0.0000
v 4.0980 0.4549 491.1718
v -51.6649 453.1743 0.0000
v 1.5765 -0.3373 0.0000
v -102.5814 -2.9950 145.4096
v 674.7682 0.0000 0.0000
v 1.0000 1.0000 1.0000
v 15.5843 -5.8275 0.0000
v -888.3246 -319.2424 216.0410
v 1893.3356 0.0000 0.0000
v 1.0000 1.0000 1.0000
v 0.0000 0.0000 308.8821
v -43.5441 91.2171 0.0000
v 18.6235 -10.4510 308.8821
v -43.5441 91.2171 0.0000
v 18.6235 -10.4510 354.0469
v -43.6424 61.3955 0.0000
v 18.6000 -10.6627 416.4631
v -47.5273 73.1612 0.0000
v 20.6431 -10.8588 473.7265
v -51.0917 68.4131 0.0000
v 15.5098 -17.4196 151.2461
v -36.1502 -230.2598 0.0000
v 15.6667 -17.7255 151.2461
v -36.1502 -230.2598 0.0000
v 15.6667 -17.7255 78.6406
v -35.1409 -262.0898 0.0000
v 21.6941 -15.8235 474.8612
v -51.2649 -157.8712 0.0000
v 21.7412 -16.0863 444.6055
v -51.2792 -165.0952 0.0000
v 21.1333 -15.8824 536.1894
v -51.5252 38.3984 0.0000
v 22.6902 -11.8000 546.7382
v -51.7127 14.2363 0.0000
v 23.0902 -12.1922 528.8711
v -53.7908 -23.5283 0.0000
v 22.8275 -12.2706 520.5254
v -51.9783 -114.0613 0.0000
v 22.6000 -15.0941 510.7402
v -51.2479 -136.1240 0.0000
v 12.0510 -21.6510 -33.3594
v -27.3875 -422.9414 0.0000
v 12.2000 -22.0863 -138.3609
v -29.0991 -415.4005 0.0000
v 2.8745 -16.5529 -536.1875
v 20.5021 -196.8515 0.0000
v 2.7608 -16.9686 -536.1875
v 20.5021 -196.8515 0.0000
v 2.7608 -16.9686 -683.1094
v 38.5255 -75.8572 0.0000
v 7.2627 -19.1922 -310.9922
v -8.3026 -325.9277 0.0000
v 6.9882 -19.8902 -310.9922
v -8.3026 -325.9277 0.0000
v 6.9882 -19.8902 -434.1719
v 4.4787 -293.6172 0.0000
v 4.8588 -18.6353 -227.1953
v -22.3572 -334.9258 0.0000
v 18.1922 -16.6157 278.7760
v -44.3900 -195.9669 0.0000
v 18.0588 -16.9490 204.0625
v -41.3455 -179.4121 0.0000
v 22.5765 -13.8784 529.3007
v -52.4315 -58.9421 0.0000
v 22.7647 -13.8471 529.3007
v -52.4315 -58.9421 0.0000
v 22.7647 -13.8471 522.3984
v -53.3104 -90.7093 0.0000
v 19.6745 -16.3725 369.5797
v -48.1351 -184.2858 0.0000
v 19.7647 -16.6863 330.6016
v -46.5017 -194.2558 0.0000
v 19.0314 -16.9098 330.6016
v -46.5017 -194.2558 0.0000
v 20.4510 -16.1098 409.8374
v -49.8221 -173.9884 0.0000
v 20.5216 -16.4510 242.4441
v -46.0719 121.1475 0.0000
v 16.4314 -7.7373 195.3886
v -39.7197 214.9873 0.0000
v 16.4941 -7.6471 195.3886
v -39.7197 214.9873 0.0000
v 15.2941 -6.3647 134.1891
v -36.1720 276.1424 0.0000
v 12.8353 -5.4471 3.9329
v -28.6600 319.1060 0.0000
v 12.9020 -5.2902 3.9329
v -28.6600 319.1060 0.0000
v 10.3255 -3.9176 -125.3251
v -18.1362 387.7422 0.0000
v 10.4745 -3.7373 -125.3251
v -18.1362 387.7422 0.0000
v 10.4745 -3.7373 -161.7646
v -15.1160 438.7876 0.0000
v 7.9961 -1.4196 -247.5742
v -0.0506 505.2496 0.0000
v 8.1804 -1.0784 -350.1112
v 13.3637 584.4066 0.0000
v 3.1216 0.4392 -506.7579
v 34.9494 597.2579 0.0000
v 10.6078 -18.9020 -763.2500
v 82.0962 323.4258 0.0000
v 10.3725 -21.2039 -712.1094
v 62.8813 469.6211 0.0000
v 13.5294 -18.9216 -794.1562
v 62.4204 130.8965 0.0000
v 13.7922 -21.3294 -806.5313
v 62.3149 -89.8845 0.0000
v 4.7059 -17.2863 -650.5468
v 63.8071 605.2500 0.0000
v 19.4235 -11.2784 0.0000
v -129.8965 14.1527 91.1543
v 733.3734 0.0000 0.0000
v 1.0000 1.0000 1.0000
v -7.2157 39.8633 -29.9118
v 7.3566 0.0000 12.7294
v -8.6431 55.1054 -30.0368
v 104.1417 0.0000 11.1020
v -8.3765 132.3085 -34.1189
v 83.4542 0.0000 11.4471
v -7.0353 26.3242 -29.8728
v -90.0756 0.0000 14.3686
v -7.4431 60.7695 -30.6111
v -244.9169 0.0000 16.9765
v -8.2784 42.3476 -30.2087
v -162.1244 0.0000 15.5843
v -7.3765 142.8125 -34.5017
v -216.6844 0.0000 16.5020
v -6.8549 202.2460 -42.9900
v -14.0214 0.0000 13.0902
v -5.8196 207.6084 -42.9900
v 26.7139 0.0000 12.4039
v -5.7255 197.3559 -40.7203
v -51.1547 0.0000 13.7137
v -5.9059 197.0234 -38.3416
v -126.4825 0.0000 14.9843
v -5.9098 192.2304 -38.3416
v -90.0756 0.0000 14.3686
v -5.9961 201.7461 -38.3649
v -162.2289 0.0000 15.5843
v -5.8275 212.2577 -42.9900
v 62.0323 0.0000 11.8078
v -5.6471 0.0000 0.0000
v 119.2910 -36.4314 -70.3876
v 186.0676 0.0000 0.0000
v 1.0000 1.0000 1.0000
v 0.0000 0.0000 446.4726
v -51.4531 -0.7188 0.0000
v 5.0392 -1.0745 347.3313
v -43.9182 43.3769 0.0000
v 3.4588 -0.3059 202.2969
v -43.0000 -14.0283 0.0000
v 3.1569 -2.7059 192.2812
v -38.3516 -90.0825 0.0000
v 0.9843 -2.6314 212.3086
v -43.0000 62.0254 0.0000
v 1.3020 0.0157 440.1016
v -51.3844 -39.1419 0.0000
v 4.9373 -1.7451 434.7092
v -51.3333 -95.4548 0.0000
v 4.8510 -2.7255 197.0742
v -38.3516 -126.4895 0.0000
v 4.2980 -2.7255 364.8166
v -47.1767 -170.4664 0.0000
v 3.7569 -1.6118 379.7444
v -46.4287 28.9605 0.0000
v 3.9765 -0.5569 296.0675
v -43.2930 -165.5536 0.0000
v 2.6275 -1.4824 308.9677
v -43.8643 48.6755 0.0000
v 2.8471 -0.2118 258.7708
v -43.3414 57.4535 0.0000
v 1.7647 -2.6745 244.5889
v -40.8197 -145.2395 0.0000
v 1.8196 -3.5961 207.6593
v -43.0000 26.7069 0.0000
v 3.3412 -0.9569 373.9452
v -46.6646 0.6363 0.0000
v 3.8824 -1.0510 416.7621
v -49.9688 -9.1768 0.0000
v 4.5647 -1.2235 243.6524
v -40.6732 -129.3628 0.0000
v 3.1804 -3.3333 361.3043
v -47.1651 -127.8218 0.0000
v 3.6824 -3.2902 402.8436
v -49.4415 -125.0674 0.0000
v 4.3451 -3.2431 438.6624
v -51.4044 -122.6924 0.0000
v 4.9137 -3.2039 331.3123
v -45.2029 -166.3103 0.0000
v 3.2039 -3.9647 197.4067
v -40.7304 -51.1616 0.0000
v 4.3137 -2.2471 437.0300
v -51.3553 -71.2189 0.0000
v 4.8902 -2.3059 215.2519
v -42.2762 26.1393 0.0000
v 1.3490 -0.6078 208.5757
v -42.4184 -14.8313 0.0000
v 1.2431 -1.3216 203.7853
v -40.4301 -51.4068 0.0000
v 1.1686 -1.9569 199.9967
v -37.9260 -90.3735 0.0000
v 1.1059 -2.6392 205.6245
v -38.2472 -118.9320 0.0000
v 1.1961 -3.1373 243.2772
v -40.6927 -123.5938 0.0000
v 1.7961 -3.2196 248.7395
v -40.9499 -129.2526 0.0000
v 2.6196 -3.6902 402.0881
v -49.0061 -120.4028 0.0000
v 4.3294 -3.1608 429.6055
v -50.5239 -115.4383 0.0000
v 4.7686 -3.0745 429.6055
v -50.5239 -115.4383 0.0000
v 4.8510 -1.7412 438.7520
v -50.7337 -9.3071 0.0000
v 3.8078 -1.3765 336.4790
v -43.7812 38.2688 0.0000
v 3.2863 -0.3961 307.8507
v -43.3728 42.4636 0.0000
v 2.8275 -0.3216 220.4864
v -42.6595 52.4067 0.0000
v 1.4353 -0.1490 -395.4180
v 6.8466 -90.0825 0.0000
v 1.2549 -2.7725 -375.3924
v 6.8466 62.0256 0.0000
v 3.5451 -2.2627 -252.2650
v -7.7683 -90.0825 0.0000
v 2.4588 -3.5843 -355.3670
v 6.8466 214.1337 0.0000
v 3.7647 0.2078 -212.5416
v -8.2491 175.8640 0.0000
v 4.6902 -1.0039 -516.9263
v 21.6152 -71.2038 0.0000
v 0.3686 -1.8824 -499.3503
v 22.0216 88.2120 0.0000
v 1.6549 -0.2980 -86.5480
v -23.1533 23.9985 0.0000
v 4.6667 -3.3255 -71.5279
v -23.1533 138.0795 0.0000
v 5.6039 -2.2039 -101.5682
v -23.1533 -90.0826 0.0000
v 3.7255 -4.4431 -508.8005
v 21.8031 2.4964 0.0000
v 2.9843 -2.9412 -94.4602
v -23.1533 -36.0959 0.0000
v 4.1686 -3.9137 -365.7999
v 6.8466 134.8870 0.0000
v 4.0941 -1.6588 -78.9198
v -23.1533 81.9362 0.0000
v 5.1412 -2.7569 -136.4144
v -16.2952 155.4657 0.0000
v 3.6196 -3.4627 -170.5024
v -16.1156 -90.0826 0.0000
v 3.1451 -4.0510 -443.0282
v 15.1266 76.3138 0.0000
v 1.4039 -1.5647 -462.3367
v 14.9802 -79.6854 0.0000
v 0.7686 -2.2824 -263.1189
v -7.2788 -140.4638 0.0000
v 2.0078 -4.0549 -263.1189
v -7.2788 -140.4638 0.0000
v 2.0078 -4.0549 -279.9316
v -1.1264 193.9209 0.0000
v 4.2549 -0.4314 -279.9316
v -1.1264 193.9209 0.0000
v 2.4431 -2.4863 -325.4214
v -0.2995 -90.0825 0.0000
v 1.8431 -3.1686 -331.2045
v -0.4023 -138.8295 0.0000
v 4.0902 -3.8510 -111.6863
v -21.9562 -77.8733 0.0000
v 3.2235 -3.9529 -251.3998
v -7.7558 -82.5801 0.0000
v 2.5176 -3.5098 -262.1844
v -6.2881 -90.0825 0.0000
v 2.3765 -3.5294 -270.1649
v -6.0253 -134.2284 0.0000
v 1.9922 -3.9490 -270.1649
v -6.0253 -134.2284 0.0000
v 1.9922 -3.9490 -319.5391
v -1.0280 -132.9212 0.0000
v 0.8392 -2.2000 -503.5095
v 21.1539 -62.2764 0.0000
v 1.0471 -1.2275 -487.9884
v 21.2743 72.3325 0.0000
v 1.6392 -0.5333 -444.1445
v 15.9142 63.5340 0.0000
v 2.5843 -1.3529 -354.1211
v 6.6004 132.5694 0.0000
v 3.1922 -0.6588 -343.2506
v 6.6813 192.5899 0.0000
v 3.7137 -0.0863 0.0000
v -35.2268 -14.7158 21.8336
v 496.7945 0.0000 0.0000
v 1.0000 1.0000 1.0000
v -10.6549 0.0000 0.0000
v 0.0000 1.0000 1.0000
v 1.0000 0.0000 0.0000
v -619.3711 12.6793 22.8398
v 0.0000 21.2274 -13.9647
v -748.4413 34.3472 99.1641
v 0.0000 22.4118 -15.9176
v -495.3452 -12.8100 -181.5396
v 0.0000 21.0353 -10.3725
v -549.4375 -0.6527 -111.6956
v 0.0000 21.2588 -11.6863
v -455.7760 -18.8605 -235.1835
v 0.0000 20.8902 -9.3804
v 36.5234 -44.7387 -519.5527
v 0.0000 16.3255 -2.0078
v -20.2136 -49.3842 -516.9853
v 0.0000 17.0706 -2.4627
v 218.9997 -51.5283 -547.1804
v 0.0000 14.0745 -0.2902
v 185.9180 -50.3012 -516.0663
v 0.0000 14.2941 -0.9412
v 505.7173 -35.9396 -38.6562
v 0.0000 6.5490 -4.7961
v 427.0262 -40.4769 -166.1953
v 0.0000 8.5255 -3.7137
v 594.6466 -13.8168 209.2109
v 0.0000 3.5647 -7.3686
v 562.3807 -30.6309 80.3050
v 0.0000 4.9294 -5.9255
v -188.4922 -30.3285 -348.1563
v 0.0000 18.1137 -5.9176
v -82.8242 -50.6736 -486.4453
v 0.0000 17.6941 -3.3294
v 389.0764 -42.5783 -244.2650
v 0.0000 9.6000 -2.9804
v -330.9648 -27.7326 -311.4623
v 0.0000 19.7647 -7.4549
v -388.8108 -24.1657 -281.4113
v 0.0000 20.3255 -8.2784
v 301.1387 -52.9496 -544.3711
v 0.0000 12.9490 0.2784
v 257.6308 -53.1606 -574.4101
v 0.0000 13.7490 0.3490
v 337.8884 -53.7152 -475.2870
v 0.0000 11.9569 -0.3451
v 335.5615 -53.0707 -512.5819
v 0.0000 12.2588 0.1216
v 243.4121 -52.4339 -570.1406
v 0.0000 13.9098 0.1843
v 333.3154 -53.2465 -519.7519
v 0.0000 12.3373 0.1961
v 355.4478 -48.4847 -334.4688
v 0.0000 10.7059 -2.0510
v 339.7363 -54.2269 -445.6680
v 0.0000 11.7176 -0.7176
v 572.9340 0.5153 380.6989
v 0.0000 2.6196 -9.7686
v 381.1101 -45.5831 -290.1568
v 0.0000 10.0392 -2.4392
v 468.3693 10.6520 556.8318
v 0.0000 2.7529 -12.8431
v 418.9634 34.6266 705.7968
v 0.0000 2.3412 -15.1529
v 503.7474 49.1293 805.9507
v 0.0000 0.4784 -15.8314
v -76.8974 -0.5837 117.3928
v 902.0708 0.0000 0.0000
v 1.0000 1.0000 1.0000
v 15.5922 -17.9843 -933.2344
v 68.0720 135.3515 0.0000
v 20.6275 -19.0039 -832.0156
v 74.8513 284.0000 0.0000
v 19.1804 -17.0941 -568.5624
v 66.0720 533.4920 0.0000
v 12.0902 -21.3569 -485.2751
v 64.8864 595.3159 0.0000
v 10.5373 -21.4941 -399.2499
v 63.6619 659.1719 0.0000
v 8.9333 -21.6392 -200.1015
v 41.0485 741.6561 0.0000
v 6.1176 -21.0745 -0.9531
v 67.1324 824.1405 0.0000
v 5.3020 -17.7098 -737.8828
v 68.4821 407.8202 0.0000
v 15.2431 -21.0745 -639.3356
v 67.0794 480.9634 0.0000
v 15.9137 -18.2196 125.2594
v 79.9515 811.3848 0.0000
v 3.7922 -16.8118 204.5117
v 58.1969 803.3749 0.0000
v 1.8392 -18.4863 -606.7322
v 66.6153 505.1621 0.0000
v 12.8000 -21.2902 339.6318
v 59.9553 828.8438 0.0000
v 4.0941 -18.3176 396.3681
v 58.6266 823.2975 0.0000
v 3.5294 -16.1020 489.5118
v 54.6859 813.4338 0.0000
v 1.9961 -18.0510 498.2306
v 53.4757 809.1958 0.0000
v 8.6510 -10.9961 122.3203
v 1.9632 364.5470 0.0000
v 8.0706 -13.3804 281.4677
v 4.4164 390.8517 0.0000
v 5.7529 -12.5725 294.4844
v -11.6227 225.7657 0.0000
v 6.8510 -10.2235 325.2998
v -30.7125 -35.3047 0.0000
v 8.4588 -6.4353 239.7285
v -30.7125 -50.3282 0.0000
v 9.1216 -9.0745 310.5967
v -23.2125 105.9297 0.0000
v 7.5647 -8.4706 95.3945
v -23.2125 47.5624 0.0000
v 10.8745 -9.2510 151.1387
v -30.7125 -87.0236 0.0000
v 11.1725 -7.0078 38.6523
v -10.7711 175.1953 0.0000
v 10.6431 -11.4078 -19.4218
v 1.9632 305.8359 0.0000
v 13.1137 -18.4627 0.0000
v -217.5019 24.6195 370.9101
v 839.7618 0.0000 0.0000
v 1.0000 1.0000 1.0000
v 0.0000 0.0000 297.6491
v -46.1828 -320.2332 0.0000
v 3.3137 -3.9529 247.1342
v -45.8931 -337.6561 0.0000
v 3.2824 -2.3765 342.3701
v -38.3125 -175.5078 0.0000
v 4.1725 -2.3176 239.7285
v -30.8125 -50.3281 0.0000
v 3.0235 -0.6196 325.2998
v -30.8125 -35.3047 0.0000
v 4.1961 -0.6157 325.2998
v -30.8125 -35.3047 0.0000
v 4.1961 -0.6157 151.1387
v -30.8125 -87.0234 0.0000
v 1.7765 -0.8824 151.1387
v -30.8125 -87.0234 0.0000
v 1.7765 -0.8824 196.6191
v -45.8125 -355.9297 0.0000
v 1.9020 -4.1725 136.0117
v -38.3125 -250.9570 0.0000
v 1.2824 -2.8039 62.5508
v -30.8125 -123.7148 0.0000
v 0.5294 -1.1412 62.5508
v -30.8125 -123.7148 0.0000
v 0.5294 -1.1412 333.7834
v -34.5399 -104.9827 0.0000
v 2.0314 -1.7333 100.6910
v -34.7064 -189.7777 0.0000
v 2.4275 -3.2353 163.2243
v -41.6800 -298.0896 0.0000
v 1.5608 -3.4196 348.4055
v -46.0690 -304.8163 0.0000
v 4.0196 -3.8706 347.9359
v -38.8997 -229.9099 0.0000
v 4.1490 -2.9765 348.6518
v -39.5646 -240.4233 0.0000
v 4.0235 -3.1059 340.0674
v -44.1840 -298.4669 0.0000
v 3.9216 -3.7765 296.4990
v -44.8819 -312.7848 0.0000
v 3.3137 -3.8627 244.8282
v -44.9050 -330.9582 6.0853
v 2.5922 -3.9725 207.7312
v -45.1129 -342.2999 5.9283
v 2.0745 -4.0353 172.7007
v -41.0846 -294.1381 5.6776
v 3.9490 -0.8039 -250.1094
v -23.3125 -210.3594 0.0000
v 2.2353 -2.8157 -307.4025
v -23.3439 -280.9707 0.0000
v 0.9647 -2.7804 -364.2727
v -19.5889 -262.9998 0.0000
v 0.6902 -2.0000 -440.6719
v -14.9062 -214.4453 0.0000
v 0.5922 -0.7412 -487.1328
v -7.2930 -175.9961 0.0000
v 0.6314 0.0941 -429.1094
v -3.0508 -74.1328 0.0000
v 2.2588 0.3176 -381.5703
v 0.3398 9.0391 0.0000
v 3.5882 0.4980 -193.4883
v -23.3125 -136.5703 0.0000
v 3.5373 -2.8157 -193.4883
v -23.3125 -136.5703 0.0000
v 3.5373 -2.8157 -406.6100
v -1.4461 -34.7692 0.0000
v 2.8863 0.4039 -222.7344
v -23.3125 -174.6841 0.0000
v 2.8627 -2.8157 -460.4722
v -5.3438 -129.1920 0.0000
v 1.3804 0.1961 -282.0179
v -23.3300 -249.6853 0.0000
v 1.5255 -2.7961 -237.3945
v -17.4669 -99.7038 0.0000
v 1.4078 -2.0314 -406.3576
v -16.6270 -237.1714 0.0000
v 2.8980 -0.6392 -315.5703
v -7.0586 -34.0625 0.0000
v 3.6588 -0.5922 -315.5703
v -7.0586 -34.0625 0.0000
v 3.6588 -0.5922 -280.4437
v -11.7354 -63.5571 0.0000
v 3.6235 -1.2314 -310.7425
v -11.5846 -106.0754 0.0000
v 3.4510 -2.0196 -205.3065
v -21.6671 -139.0898 0.0000
v 3.4078 -2.7059 -205.3065
v -21.6671 -139.0898 0.0000
v 3.4078 -2.7059 -227.5578
v -22.5661 -170.9651 0.0000
v 2.8667 -2.7294 -227.5578
v -22.5661 -170.9651 0.0000
v 2.8667 -2.7294 -256.0163
v -22.5809 -206.7551 0.0000
v 2.2275 -2.7176 -289.2269
v -22.1923 -247.1748 0.0000
v 1.4941 -2.6941 -308.3680
v -22.2888 -271.9671 0.0000
v 0.8039 -1.7373 -378.4063
v -18.0287 -255.6833 0.0000
v 1.8980 -2.6667 0.0000
v 0.0000 -69.2405 -22.9215
v -173.4453 438.4317 0.0000
v 0.0000 1.0000 1.0000
v 1.0000 0.0000 0.0000
v 1.0000 0.0000 0.0000
v 0.0000 -515.4156 -262.9673
v -551.3150 272.1165 0.0000
v 0.0000 1.0000 1.0000
v 1.0000 0.0000 0.0000
v 2.4745 -9.2000 0.0000
v 0.0000 0.0000 785.0086
v -313.8177 791.4891 2142.3542
v 0.0000 0.0000 1.0000
v 1.0000 1.0000 0.0000
v 0.0000 -635.5214 -53.5690
v -356.7772 0.0000 17.2902
v -2.8000 -632.9357 -50.9808
v -299.5094 0.0000 17.8784
v -13.8824 -254.5933 -3.3325
v 326.5309 0.0000 20.6667
v -14.0941 -163.6093 3.9817
v 306.2890 0.0000 19.5020
v -11.4667 477.2500 2.6653
v -682.2723 0.0000 2.2353
v -2.1725 -619.6757 -54.3348
v -443.0118 0.0000 16.2000
v -2.0392 -631.9181 -53.9793
v -402.9891 0.0000 16.7569
v -11.3020 -427.2260 -23.5139
v 227.7596 0.0000 21.4000
v -11.2392 -385.5868 -14.5886
v 310.0916 0.0000 21.8510
v -17.7333 -14.4608 13.5598
v 447.5469 0.0000 19.4706
v -9.2157 -480.4625 -33.3799
v 80.8810 0.0000 20.3765
v -9.1098 -456.6738 -31.5730
v 143.7655 0.0000 20.8039
v -2.4431 -471.7324 -53.0261
v -556.6943 0.0000 13.4431
v -2.3569 -485.7656 -52.9168
v -556.6816 0.0000 13.5922
v -2.4000 -517.9316 -53.6667
v -517.9316 0.0000 14.3412
v -2.2941 -571.3359 -53.7839
v -477.1465 0.0000 15.3333
v -2.0706 -613.0439 -52.9909
v -458.0996 0.0000 15.9725
v -2.8667 -430.5999 -53.5981
v -553.7443 0.0000 13.0471
v -4.9569 -280.5624 -48.4793
v -504.3281 0.0000 12.0196
v -4.9059 -396.6542 -54.1824
v -539.4229 0.0000 12.8510
v -3.4078 -619.4501 -47.0651
v -212.8711 0.0000 18.6706
v -4.5137 -605.2286 -45.3265
v -170.7069 0.0000 18.9725
v -9.9804 158.1017 -26.1004
v -481.5781 0.0000 7.7059
v -9.7098 14.2579 -29.7098
v -481.0703 0.0000 9.2039
v -8.3686 338.7422 -23.6863
v -600.7812 0.0000 4.5490
v -10.4706 298.0708 -24.2298
v -573.9425 0.0000 5.2588
v -10.1725 249.6150 -24.8774
v -541.9670 0.0000 6.1059
v -10.2980 -168.4883 -39.9988
v -461.3242 0.0000 11.3176
v -5.9843 -580.2285 -43.5378
v -127.3320 0.0000 19.1804
v -5.8392 -530.4687 -35.9911
v 10.8359 0.0000 20.1451
v -13.0549 -339.6645 -10.1713
v 328.8345 0.0000 21.5765
v -18.1373 839.3751 60.0993
v -350.5156 0.0000 6.1451
v -19.3608 832.0200 51.6937
v -669.9871 0.0000 3.6196
v -17.0588 620.9764 46.4977
v 62.6640 0.0000 12.6157
v -18.4667 656.3906 49.7164
v 33.7734 0.0000 11.8824
v -15.5569 358.6406 44.1149
v 358.6405 0.0000 18.7451
v -16.0235 494.9219 45.3532
v 204.8827 0.0000 15.5608
v -17.7412 730.5936 70.7985
v -73.1329 0.0000 9.9569
v -19.4000 800.8905 58.9978
v -238.5587 0.0000 7.6078
v -18.1765 680.9999 51.2477
v 43.6016 0.0000 11.6157
v -19.3529 0.0000 0.0000
v 101.9268 8.2319 -117.3627
v 916.6890 0.0000 0.0000
v 1.0000 1.0000 1.0000
v -15.1882 301.7968 9.6001
v -61.4999 0.0000 12.1373
v -13.8275 294.3983 13.6000
v -1.1016 0.0000 12.9490
v -14.9255 329.4452 3.4477
v -130.3242 0.0000 11.0431
v -13.3333 241.0000 10.7015
v 35.7031 0.0000 13.8784
v -14.3098 131.1328 6.7055
v 131.1328 0.0000 16.0235
v -14.2745 338.9141 41.7055
v 338.9139 0.0000 16.7647
v -18.6941 461.9766 41.7055
v 178.5469 0.0000 13.6941
v -18.1333 497.2733 5.8969
v -191.5196 0.0000 8.8078
v -14.3333 572.4062 41.7055
v 34.6250 0.0000 10.9412
v -17.6275 643.9530 47.7250
v -100.9297 0.0000 8.6353
v -9.2078 136.1562 -13.1891
v -219.7383 0.0000 11.6431
v -10.3882 230.2499 -5.8023
v -196.2500 0.0000 11.1020
v -9.8706 321.2342 -10.6734
v -284.7696 0.0000 9.2078
v -11.5176 321.2342 -10.6734
v -284.7696 0.0000 9.2078
v -8.5373 50.4453 -23.2945
v -269.2266 0.0000 11.7843
v -8.9725 -65.8984 -31.0015
v -348.6016 0.0000 11.8275
v -6.9137 -17.1710 -27.7736
v -315.3575 0.0000 11.8118
v -7.6431 -89.3242 -31.0679
v -395.6973 0.0000 11.4549
v -6.1490 -89.3242 -31.0679
v -395.6973 0.0000 11.4549
v -6.1490 162.5156 -21.9212
v -460.5058 0.0000 8.4314
v -7.9529 14.5703 -28.6773
v -467.6699 0.0000 9.6471
v -6.3843 327.4025 -22.5127
v -421.3900 0.0000 7.4627
v -10.0471 0.0000 0.0000
v 277.3144 8.3285 -64.3780
v 495.7302 0.0000 0.0000
v 1.0000 1.0000 1.0000
v 0.0000 -606.4600 -48.3945
v -217.1446 0.0000 2.5569
v -2.1294 -527.3632 -51.7930
v -400.9844 0.0000 1.5216
v -2.2235 -619.1826 -51.7929
v -362.7500 0.0000 1.0549
v -0.8902 -619.1826 -51.7929
v -362.7500 0.0000 1.0549
v -0.8902 -562.6708 -41.8516
v -130.6523 0.0000 3.7765
v 0.2275 -406.1504 -38.3945
v -191.0391 0.0000 4.6196
v -2.0039 -394.8262 -46.6758
v -381.3222 0.0000 2.9098
v -3.5765 -455.8555 -51.7930
v -455.8555 0.0000 1.6471
v -3.4510 -455.8555 -51.7930
v -455.8555 0.0000 1.6471
v -3.4510 -346.3242 -42.6094
v -322.0859 0.0000 3.9137
v -3.6784 -346.3242 -42.6094
v -322.0859 0.0000 3.9137
v -3.6784 -375.3115 -40.5672
v -258.5903 0.0000 4.2549
v -2.8549 -492.0248 -51.7930
v -428.1011 0.0000 1.5843
v -2.8314 -423.3799 -49.0699
v -416.1940 0.0000 2.3176
v -1.2471 -614.1326 -50.4440
v -304.9557 0.0000 1.6510
v -0.5059 -614.1326 -50.4440
v -304.9557 0.0000 1.6510
v -0.5059 -575.8140 -51.7930
v -380.8091 0.0000 1.2745
v -1.5176 -575.8140 -51.7930
v -380.8091 0.0000 1.2745
v -1.5176 -369.2832 -44.5342
v -350.1262 0.0000 3.4392
v -2.0902 -586.2899 -45.3807
v -177.3047 0.0000 3.1176
v -0.9961 -484.7560 -40.1307
v -160.7124 0.0000 4.1961
v -0.9176 -522.2495 -40.9588
v -146.2472 0.0000 3.9961
v -0.3451 -522.2495 -40.9588
v -146.2472 0.0000 3.9961
v -0.3451 -527.2003 -41.4925
v -154.9749 0.0000 3.8667
v -0.8588 -597.7344 -51.7930
v -371.6812 0.0000 1.1647
v -3.4353 -455.6532 -50.8845
v -445.4772 0.0000 1.7451
v -3.3765 -455.6532 -50.8845
v -445.4772 0.0000 1.7451
v -3.3765 -455.6532 -50.8845
v -445.4772 0.0000 1.7451
v -0.0941 -581.6103 -44.0049
v -180.9384 0.0000 3.1255
v 0.0627 -563.8527 -41.6144
v -150.1272 0.0000 3.5804
v -2.8667 -353.8518 -42.3208
v -321.8390 0.0000 3.8471
v -3.5922 -353.8518 -42.3208
v -321.8390 0.0000 3.8471
v -3.5922 -150.7422 6.6055
v 283.9374 0.0000 3.1137
v -0.0392 -150.7422 6.6055
v 283.9374 0.0000 3.1137
v -1.4706 -165.8789 -23.3945
v -19.1797 0.0000 3.0078
v -2.8353 -8.3906 6.6055
v 206.7656 0.0000 4.0941
v -0.7529 131.1328 6.6055
v 131.1328 0.0000 5.0588
v -1.4510 6.1328 -10.3789
v 7.8281 0.0000 4.1961
v -2.5882 -205.6992 -29.8985
v -151.3984 0.0000 2.7333
v -4.0549 -179.8066 -3.7378
v 224.8625 0.0000 2.9098
v -0.5843 70.0219 -1.6980
v 70.8507 0.0000 4.6353
v -2.0039 -346.6562 -11.0948
v 292.5167 0.0000 1.7608
v 0.0353 -410.3778 -31.3542
v 124.6185 0.0000 1.3176
v -1.3725 -379.4724 -21.5283
v 206.0502 0.0000 1.5333
v -0.7569 -264.9896 -7.4938
v 259.4026 0.0000 2.3216
v -1.7569 -328.1613 -32.0000
v -55.9585 0.0000 1.8863
v -3.1765 -461.7590 -31.1981
v 7.5830 0.0000 0.9647
v -2.5882 -403.5440 -31.9363
v -20.1051 0.0000 1.3647
v -2.3098 -434.6240 -31.6057
v 69.3907 0.0000 1.1529
v -2.0196 -111.2214 -12.9168
v 64.1416 0.0000 3.3843
v -3.2980 -251.2986 -30.3858
v -110.1564 0.0000 2.4196
v -2.9412 -291.6644 -31.2335
v -81.6935 0.0000 2.1412
v -1.7451 -44.1732 -11.4669
v 31.9679 0.0000 3.8471
v -2.3647 -120.1810 -23.3945
v -59.6252 0.0000 3.3216
v -3.2078 57.9209 6.6055
v 170.8194 0.0000 4.5529
v -1.0824 -78.2980 6.6055
v 244.6639 0.0000 3.6118
v -0.4039 -78.2980 6.6055
v 244.6639 0.0000 3.6118
v -0.4039 -167.5647 -26.9982
v -110.4746 0.0000 2.9961
v -2.3176 -133.7959 -24.4300
v -74.2360 0.0000 3.2275
v -3.6078 -208.2103 -28.1685
v -138.2344 0.0000 2.7137
v -3.9333 -208.2103 -28.1685
v -138.2344 0.0000 2.7137
v -3.9333 -248.5377 -29.3342
v -104.9673 0.0000 2.4353
v -3.6275 -287.2010 -31.1967
v -74.5281 0.0000 2.1686
v -0.6275 -224.9506 -5.7283
v 243.1675 0.0000 2.6000
v -0.4157 -168.7765 0.1876
v 247.2818 0.0000 2.9882
v -0.4353 -187.8008 -31.5000
v -216.1992 0.0000 2.1765
v -2.0745 -205.6992 -29.8985
v -151.3984 0.0000 1.8824
v -1.1176 -156.6726 -32.1331
v -254.1045 0.0000 2.6902
v -2.6353 -157.4232 -27.3099
v -143.1592 0.0000 2.6784
v -2.1059 -68.9048 -27.0617
v -216.8266 0.0000 4.1412
v -2.0863 -68.9048 -27.0617
v -216.8266 0.0000 4.1412
v -2.0863 -102.6911 -27.6774
v -182.1262 0.0000 3.5843
v -1.5725 -104.8887 -27.5773
v -178.0762 0.0000 3.5490
v -1.5137 -110.7997 -24.8099
v -135.2020 0.0000 3.4510
v -0.8784 -110.7997 -24.8099
v -135.2020 0.0000 3.4510
v -0.8784 -93.1504 -29.4084
v -251.3869 0.0000 3.7412
v -2.5961 -118.8488 -31.8958
v -288.0181 0.0000 3.3176
v -1.1804 -156.5587 -27.1205
v -148.0402 0.0000 2.6941
v -1.0667 -116.8855 -24.8154
v -140.9620 0.0000 3.3490
v -0.9647 -116.8855 -24.8154
v -140.9620 0.0000 3.3490
v -0.9647 -116.8855 -24.8154
v -140.9620 0.0000 3.3490
v -2.2588 0.0000 0.0000
v -244.0249 -22.5937 -81.6694
v 469.6832 0.0000 0.0000
v 1.0000 1.0000 1.0000
v 11.5412 -10.4745 0.0000
v 0.0000 0.0000 659.2414
v -311.9955 -436.0322 1747.2279
v 0.0000 0.0000 1.0000
v 1.0000 1.0000 0.0000
v 330.4220 21.8359 -329.5938
v 0.0000 9.7529 -16.3647
v 450.9456 25.1406 -242.2735
v 0.0000 11.8510 -17.7882
v 128.4141 -5.6992 -210.1172
v 0.0000 10.9647 -12.6039
v 192.4219 6.6055 -294.1016
v 0.0000 9.7608 -14.0353
v 527.4219 41.6055 -245.2930
v 0.0000 12.1412 -18.9922
v -32.3281 -23.3946 -86.4024
v 0.0000 12.4392 -9.4627
v 70.1875 -16.8946 -133.7266
v 0.0000 12.0627 -11.3020
v -2.7344 -23.3946 -2.6172
v 0.0000 14.0667 -9.4902
v 127.2891 -11.1562 0.6855
v 0.0000 14.7098 -11.4941
v 252.8750 6.6054 -144.2422
v 0.0000 12.6980 -14.2000
v 314.6484 13.4531 -162.6484
v 0.0000 12.6510 -15.2549
v 427.2969 16.6211 -78.1718
v 0.0000 14.6627 -16.5686
v 587.0313 41.6527 -60.6738
v 0.0000 15.6980 -18.9647
v 332.0547 5.2484 241.5605
v 0.0000 19.9255 -13.4353
v 384.8438 16.7640 238.8100
v 0.0000 20.1137 -14.2706
v -69.7734 -25.5289 -168.7032
v 0.0000 10.8078 -9.3059
v -271.8828 -37.0448 -135.6758
v 0.0000 10.4784 -5.9922
v -325.7578 -47.4521 -25.3438
v 0.0000 12.2000 -4.5843
v -568.5859 -51.6148 52.7266
v 0.0000 12.4902 -0.4039
v -595.6464 -52.1540 132.5215
v 0.0000 13.7882 0.4275
v -88.6797 -26.1695 -199.4960
v 0.0000 10.1725 -9.1725
v -187.7656 -29.4586 -145.1680
v 0.0000 10.6902 -7.3490
v -191.1460 -35.5809 375.7275
v 0.0000 19.9451 -4.6039
v -122.8984 -31.8882 362.4560
v 0.0000 20.0196 -5.7333
v 96.0651 -23.7660 335.9216
v 0.0000 20.5373 -9.2745
v 159.1327 -23.4117 286.3425
v 0.0000 19.9373 -10.5137
v -588.2734 -54.4156 191.9433
v 0.0000 14.8824 0.6196
v -580.1837 -53.6264 231.6172
v 0.0000 15.6235 0.6980
v -567.4922 -54.1226 251.2826
v 0.0000 16.0314 0.6039
v -499.9960 -53.4860 296.3003
v 0.0000 17.1373 -0.2078
v -599.3925 -52.9586 156.0537
v 0.0000 14.1922 0.6078
v -326.8919 -42.4500 376.0973
v 0.0000 19.3412 -2.4902
v -270.8983 -39.8961 391.2363
v 0.0000 19.8627 -3.2824
v -206.4141 -26.1929 -341.8985
v 0.0000 7.1059 -8.0784
v -247.4062 -31.3258 -225.1914
v 0.0000 8.9961 -6.8353
v -247.4062 -31.3258 -225.1914
v 0.0000 8.9961 -6.8353
v -162.5248 -15.6825 -372.1883
v 0.0000 6.7647 -8.9176
v -176.9922 -17.8997 -389.8555
v 0.0000 6.3843 -8.7843
v -51.3742 -27.9492 376.4065
v 0.0000 20.5922 -6.7725
v 17.4688 -24.1578 375.1621
v 0.0000 20.8784 -7.8510
v -527.0839 -51.5757 30.6875
v 0.0000 12.2863 -1.1608
v -445.5781 -46.8414 20.0449
v 0.0000 12.4667 -2.4863
v -384.0666 -47.1550 -8.6263
v 0.0000 12.2353 -3.5882
v -383.6055 -45.0367 347.1924
v 0.0000 18.5686 -1.7569
v 802.5654 67.7306 259.9554
v 0.0000 22.3765 -20.6588
v 760.4285 68.2172 78.9261
v 0.0000 18.9647 -20.9412
v 739.3128 75.8684 63.4740
v 0.0000 18.5961 -20.6902
v 726.5688 81.6465 -63.5049
v 0.0000 16.2784 -21.1490
v 753.5124 80.4359 -105.2030
v 0.0000 15.6588 -21.7843
v 751.2742 77.4747 -132.1373
v 0.0000 15.1686 -21.8902
v 741.0537 63.9283 -181.0335
v 0.0000 14.2510 -21.9843
v 514.3506 70.4063 -630.3169
v 0.0000 5.2314 -20.7804
v 446.9374 75.4510 -731.7188
v 0.0000 3.1216 -20.2549
v 673.7812 64.7479 -346.3867
v 0.0000 11.0039 -21.7922
v 566.3596 66.5144 -552.0860
v 0.0000 6.8588 -21.1843
v 422.3686 68.6933 -755.7003
v 0.0000 2.5843 -19.9961
v 351.9957 65.6725 -834.1144
v 0.0000 0.8706 -19.3098
v 732.9409 80.9153 -0.0154
v 0.0000 17.4353 -20.9216
v 0.0000 0.0000 101.5864
v 13.6155 -221.4390 852.0801
v 0.0000 0.0000 1.0000
v 1.0000 1.0000 0.0000
v -313.0548 -41.5764 259.8941
v 0.0000 14.1333 -3.9255
v -252.3437 -38.2945 259.8941
v 0.0000 14.5451 -4.8039
v -257.5413 -38.2945 220.4110
v 0.0000 13.8549 -5.0353
v -262.0703 -38.2945 186.0068
v 0.0000 13.2588 -5.2353
v -267.1058 -41.5247 147.7544
v 0.0000 12.5922 -5.4588
v -326.0480 -43.2622 155.9756
v 0.0000 12.3294 -4.5412
v -501.0039 -51.6070 212.5278
v 0.0000 12.0784 -1.5725
v -382.3650 -44.8045 169.9489
v 0.0000 12.1765 -3.6196
v -506.5312 -51.7945 170.5303
v 0.0000 11.3451 -1.8196
v -494.6250 -50.5836 259.7483
v 0.0000 12.9020 -1.3020
v -368.3945 -44.5680 259.8941
v 0.0000 13.7569 -3.1255
v -351.1127 -43.9486 162.1946
v 0.0000 12.2627 -4.1294
v 157.7812 -9.4547 114.8389
v 0.0000 14.9255 -11.8549
v 295.3047 6.7054 -44.3223
v 0.0000 13.2275 -15.0745
v 25.0624 -23.2945 134.9785
v 0.0000 14.3608 -9.7804
v 147.9297 -21.9000 267.5301
v 0.0000 17.3804 -10.5333
v -57.7499 -11.4039 -344.7852
v 0.0000 5.8745 -12.2941
v 12.2501 -11.1969 -248.1250
v 0.0000 7.9451 -12.5569
v 130.1482 6.7054 -390.0174
v 0.0000 6.4000 -15.3608
v 83.3516 6.7054 -451.0078
v 0.0000 5.0784 -15.1569
v -81.1562 -25.4781 -61.4414
v 0.0000 10.3961 -9.7647
v -62.6406 -23.2945 -154.7657
v 0.0000 8.9804 -10.7529
v -258.6953 -32.4196 -120.2266
v 0.0000 8.2235 -7.6510
v 0.0000 -88.6758 -22.5445
v -91.7388 537.7028 0.0000
v 0.0000 1.0000 1.0000
v 1.0000 0.0000 0.0000
v 0.0000 41.5077 -22.0000
v 259.8941 0.0000 3.5529
v -1.9765 147.9297 -22.0000
v 267.5301 0.0000 4.8157
v -2.6078 147.9297 -22.0000
v 267.5301 0.0000 4.8157
v -2.6078 157.7812 -9.5547
v 114.8389 0.0000 3.6902
v -4.7020 157.7812 -9.5547
v 114.8389 0.0000 3.6902
v -4.7020 25.0624 -23.3945
v 134.9785 0.0000 2.3529
v -3.5176 -116.7813 -31.4766
v 259.8940 0.0000 1.7647
v -0.8863 -122.8672 -31.4921
v 341.2876 0.0000 2.3529
v 0.2314 14.6015 -21.9999
v 356.4707 0.0000 4.0314
v -0.5098 14.6015 -21.9999
v 356.4707 0.0000 4.0314
v -0.5098 -125.7969 -31.2774
v 161.7881 0.0000 0.8667
v -2.1216 -53.6366 -27.5068
v 148.9643 0.0000 1.5804
v -1.4000 -53.1649 -26.6792
v 348.9860 0.0000 3.2039
v -0.1412 153.3295 -15.1785
v 183.8370 0.0000 4.2000
v -2.1255 -121.2098 -31.3787
v 211.7043 0.0000 1.3255
v -1.4941 -121.2098 -31.3787
v 211.7043 0.0000 1.3255
v -1.4941 26.6829 -21.9999
v 313.1062 0.0000 3.8157
v -0.7333 -120.0987 -31.4850
v 304.2608 0.0000 2.0863
v -0.2745 -120.0987 -31.4850
v 304.2608 0.0000 2.0863
v -0.2745 86.2264 -17.0164
v 125.6971 0.0000 2.9686
v -3.2353 96.3216 -22.0000
v 263.8271 0.0000 4.2039
v -2.3020 87.3617 -16.9789
v 135.0880 0.0000 3.0588
v -3.9490 26.4055 -22.3503
v 145.1765 0.0000 2.4510
v -3.3922 -51.8211 -26.4381
v 159.2519 0.0000 1.6824
v -2.6667 -51.8211 -26.4381
v 159.2519 0.0000 1.6824
v -2.6667 -114.0081 -29.6787
v 169.1016 0.0000 1.0588
v -0.3294 -110.7968 -29.3649
v 333.2348 0.0000 2.4275
v -0.2667 4.6387 -21.3990
v 346.1894 0.0000 3.8353
v -0.5765 4.6387 -21.3990
v 346.1894 0.0000 3.8353
v -0.5765 14.1338 -21.5449
v 313.4767 0.0000 3.6784
v -1.0784 30.3422 -21.9754
v 259.8940 0.0000 3.4275
v -1.8980 40.4134 -21.4054
v 251.5712 0.0000 3.4706
v -2.4863 130.7852 -20.8573
v 249.4996 0.0000 4.4745
v -2.7294 130.7852 -20.8573
v 249.4996 0.0000 4.4745
v -2.7294 130.7852 -20.8573
v 249.4996 0.0000 4.4745
v -3.6392 144.5207 -11.2785
v 129.5955 0.0000 3.6588
v -4.4157 144.5207 -11.2785
v 129.5955 0.0000 3.6588
v -4.4157 -387.8047 -45.0000
v 138.7168 0.0000 1.0745
v -0.7922 -272.3672 -45.0000
v 107.7861 0.0000 2.9490
v -1.4275 -311.8093 -45.0000
v 4.0663 0.0000 2.3098
v -3.5608 -434.5511 -45.0000
v 45.5281 0.0000 0.3176
v -2.7098 -148.6094 -31.8554
v 74.6250 0.0000 4.9608
v -2.1098 -162.5703 -31.4883
v -12.1914 0.0000 4.7333
v -3.8941 -162.5703 -31.4883
v -12.1914 0.0000 4.7333
v -3.8941 -262.0703 -38.3945
v 186.0068 0.0000 3.1176
v 0.1725 -125.7969 -31.2774
v 161.7881 0.0000 0.0039
v 0.0000 -237.7521 -38.2950
v -4.0013 0.0000 3.5137
v -1.7608 -194.9509 -34.8891
v 174.0782 0.0000 4.2078
v -0.0667 -137.2706 -31.5681
v 117.9489 0.0000 1.0000
v -0.9529 -267.1058 -41.6248
v 147.7544 0.0000 3.0353
v -0.6078 -155.9031 -31.6636
v 29.2687 0.0000 4.8431
v -3.0431 -155.9031 -31.6636
v 29.2687 0.0000 4.8431
v -2.4745 -410.5803 -45.0000
v 93.3137 0.0000 0.7059
v -1.7255 -373.9330 -45.0000
v 25.0515 0.0000 1.3020
v -2.1059 -333.2815 -45.0000
v 124.1077 0.0000 1.9608
v -1.1882 -136.2452 -31.5620
v 154.6904 0.0000 0.1961
v -1.7804 -422.9871 -44.8304
v 51.0404 0.0000 0.5059
v -0.4510 432.3672 41.6055
v -474.7344 0.0000 5.4824
v -2.7098 314.0078 41.6055
v -628.9843 0.0000 3.5490
v -4.1765 197.8672 23.9805
v -539.3671 0.0000 2.3765
v -2.7451 300.0312 23.4023
v -398.3281 0.0000 4.0667
v -1.3843 83.3516 6.6054
v -451.0078 0.0000 1.2157
v -1.3373 177.8828 6.6055
v -327.8047 0.0000 2.7608
v -0.1647 142.1469 15.5262
v -496.3737 0.0000 1.8118
v -2.0588 239.1741 15.0338
v -363.1916 0.0000 3.4157
v -3.4353 363.3542 32.1126
v -434.8887 0.0000 4.7451
v -2.0196 377.4978 41.6055
v -546.2419 0.0000 4.5882
v -1.4000 130.1482 6.6055
v -390.0174 0.0000 1.9804
v -3.2941 271.0376 38.8349
v -692.0817 0.0000 2.8275
v -4.7922 204.3288 31.1812
v -648.9282 0.0000 2.1255
v -4.0706 144.9714 24.3710
v -610.5300 0.0000 1.5059
v -3.4275 144.9714 24.3710
v -610.5300 0.0000 1.5059
v -3.4275 261.6003 39.0271
v -672.0826 0.0000 2.7686
v -4.5255 261.6003 39.0271
v -672.0826 0.0000 2.7686
v -4.5255 261.6003 39.0271
v -672.0826 0.0000 2.7686
v -3.9569 165.8755 26.2816
v -604.6732 0.0000 1.7804
v -3.4235 165.8755 26.2816
v -604.6732 0.0000 1.7804
v -3.4235 165.8755 26.2816
v -604.6732 0.0000 1.7804
v -1.9569 101.9080 8.9207
v -447.1951 0.0000 1.4588
v -1.3490 101.9080 8.9207
v -447.1951 0.0000 1.4588
v -1.3490 101.9080 8.9207
v -447.1951 0.0000 1.4588
v -0.8745 183.0849 8.9696
v -342.6832 0.0000 2.7804
v -0.3569 183.0849 8.9696
v -342.6832 0.0000 2.7804
v -0.3569 183.0849 8.9696
v -342.6832 0.0000 2.7804
v -2.0980 409.7592 40.0211
v -475.3164 0.0000 5.2000
v -2.6471 -125.7969 -31.2774
v 161.7881 0.0000 5.3333
v -0.3176 -136.2452 -31.5620
v 154.6904 0.0000 5.1608
v -0.4667 -137.2706 -31.5681
v 117.9489 0.0000 5.1451
v -1.2196 -137.2706 -31.5681
v 117.9489 0.0000 5.1451
v -1.2196 -136.2452 -31.5620
v 154.6904 0.0000 5.1608
v -0.4667 -136.2452 -31.5620
v 154.6904 0.0000 5.1608
v -0.4667 -137.2706 -31.5681
v 117.9489 0.0000 5.1451
v -1.2196 0.0000 0.0000
v 0.0000 -1.0919 -1.6972
v -167.8055 592.0835 0.0000
v 0.0000 1.0000 1.0000
v 1.0000 0.0000 0.0000
v 0.0000 -243.9926 -51.7720
v 623.5370 44.8490 0.0000
v 0.0000 1.0000 1.0000
v 1.0000 0.0000 0.0000
v 0.3490 0.0000 0.0000
v 0.0000 0.0000 -246.4241
v -55.2830 569.9031 40.0801
v 0.0000 0.0000 1.0000
v 1.0000 1.0000 0.0000
v 0.0000 -89.5000 -313.9429
v -642.3350 1893.8267 0.0000
v 0.0000 1.0000 1.0000
v 1.0000 0.0000 0.0000
v 17.8980 -7.5137 535.1440
v -15.2040 70.6190 0.0000
v 18.1451 -7.1765 609.0858
v 6.6055 -16.2421 0.0000
v 19.1765 -8.5843 337.5938
v -4.9406 -138.8204 0.0000
v 15.3922 -10.5725 337.5938
v -4.9406 -138.8204 0.0000
v 15.6000 -10.4941 365.6797
v 6.6054 -202.9767 0.0000
v 17.1451 -6.7255 477.2344
v -23.7376 115.6172 0.0000
v 16.3608 -6.1608 427.1719
v -18.1750 149.4688 0.0000
v 16.6392 -5.8980 315.9531
v -11.0344 -90.2421 0.0000
v 14.6510 -6.6706 269.9023
v -24.6008 93.5234 0.0000
v 14.4471 -6.8078 269.6133
v -27.6359 194.9336 0.0000
v 15.7569 -5.6941 385.5039
v -26.0109 179.2109 0.0000
v 14.9098 -7.5490 278.7188
v -21.0500 39.9453 0.0000
v 14.5686 -7.6745 278.7188
v -21.0500 39.9453 0.0000
v 14.5686 -7.6745 302.0273
v -29.2531 264.1289 0.0000
v 14.8941 -4.0431 302.0273
v -29.2531 264.1289 0.0000
v 14.9608 -4.5373 295.4688
v -17.3860 -17.0859 0.0000
v 14.8039 -8.6000 295.4688
v -17.3860 -17.0859 0.0000
v 15.1647 -8.4078 365.6797
v 6.6055 -202.9767 0.0000
v 15.0157 -10.8706 325.4883
v -6.3312 -152.3594 0.0000
v 15.2196 -10.7922 325.4883
v -6.3312 -152.3594 0.0000
v 13.5098 -2.7843 217.7109
v -46.3864 346.3398 0.0000
v 13.7176 -2.7098 176.6641
v -31.7336 216.2812 0.0000
v 13.0784 -7.8549 197.2695
v -24.4406 40.6329 0.0000
v 13.4314 -7.6627 292.9726
v -12.9054 -106.1406 0.0000
v 4.0549 -10.2471 -476.8476
v -21.4758 -130.1486 0.0000
v 4.0275 -10.4314 -551.4413
v -24.1516 5.6015 0.0000
v 4.3922 -6.3647 -457.6328
v -32.1945 126.9453 0.0000
v 4.2941 -6.2627 -361.4394
v -45.9562 245.5117 0.0000
v 5.8549 -4.3804 -303.1396
v -52.9250 553.0293 0.0000
v 6.4510 0.6353 -221.9537
v -54.0226 568.5019 0.0000
v 6.5373 0.4157 -110.4648
v -52.0539 575.4473 0.0000
v 9.1373 1.0000 -95.7578
v -52.7726 570.6777 0.0000
v 9.0667 0.7804 -309.4561
v -54.5070 548.1094 0.0000
v 8.5725 0.5804 -154.0698
v -52.9563 560.9297 0.0000
v 12.1176 -0.6745 105.0000
v -45.2844 485.7344 0.0000
v 12.1451 -0.4510 160.8747
v -48.1451 462.4951 0.0000
v 11.0157 -0.9098 18.6172
v -48.3937 479.8555 0.0000
v 9.4549 0.4078 -73.5310
v -52.4177 546.8879 0.0000
v 9.6549 0.5373 -58.3603
v -51.9289 503.8496 0.0000
v 6.7020 -0.6431 -305.8398
v -51.7179 476.2031 0.0000
v 13.6314 -1.3647 224.1172
v -47.3730 436.1914 0.0000
v 6.3176 -2.3333 -321.9648
v -47.1398 369.2265 0.0000
v 6.1882 -2.3373 -238.9926
v 77.4673 -840.1875 0.0000
v 8.4353 -18.8824 -182.0688
v 71.4887 -849.3281 0.0000
v 8.1412 -22.0863 -300.9352
v 77.7580 -830.1458 0.0000
v 2.2784 -18.1137 -649.4219
v 69.4535 -780.1719 0.0000
v 1.6196 -20.9647 -765.5118
v 68.4848 -724.7969 0.0000
v 0.0000 -20.0667 -435.7109
v 78.3911 -808.2968 0.0000
v 4.6000 -21.4196 -612.8682
v 70.9823 -784.9825 0.0000
v 4.9294 -18.5176 -382.3521
v 78.1405 -816.9468 0.0000
v 5.3451 -21.5608 779.6250
v 80.6007 -462.3827 0.0000
v 21.5569 -15.8157 602.5391
v 68.9210 -613.2344 0.0000
v 18.9922 -14.7020 889.4893
v 66.0196 -364.4651 0.0000
v 12.8902 -18.1137 205.4219
v 69.2530 -780.1719 0.0000
v 13.5451 -20.9647 94.6894
v 69.2531 -794.7500 0.0000
v 12.0000 -21.2000 404.5704
v 84.6300 -697.6719 0.0000
v 16.3255 -19.6275 335.0081
v 79.2588 -726.4890 0.0000
v 15.3608 -16.9255 283.4823
v 75.2803 -747.8342 0.0000
v 22.0745 -11.8392 0.0000
v 0.0000 0.0000 61.9887
v 15.0615 -136.9404 1016.4578
v 0.0000 0.0000 1.0000
v 1.0000 1.0000 0.0000
v 0.0000 -10.9441 -375.7945
v -1344.6250 0.0000 6.7412
v -15.9686 -163.0527 -393.2946
v -1177.6797 0.0000 5.3804
v -14.0196 -6.9669 -397.9430
v -1187.5469 0.0000 7.3059
v -14.5961 -331.7148 -373.7321
v -1279.8672 0.0000 2.9294
v -15.0784 -304.2168 -393.2946
v -1135.3516 0.0000 3.7490
v -13.0000 -0.0000 -358.2945
v -1469.2501 0.0000 6.4706
v -18.8196 -190.1348 -358.2946
v -1444.2188 0.0000 4.1686
v -17.9216 -380.2695 -358.2946
v -1419.1875 0.0000 1.8667
v -17.0235 -123.7422 -444.9000
v -571.6992 0.0000 7.8588
v -5.0863 -99.1395 -444.9000
v -573.4321 0.0000 8.1608
v -7.4941 45.0225 -427.2191
v -804.6689 0.0000 9.2118
v -9.5922 -137.9609 -410.9742
v -1045.0780 0.0000 6.1294
v -12.1098 -252.8301 -418.7985
v -933.7500 0.0000 5.0510
v -10.1333 -228.1621 -423.2946
v -851.5077 0.0000 5.6314
v -8.9725 -163.5234 -430.7946
v -713.0937 0.0000 6.8941
v -7.0863 34.6416 -408.1774
v -1009.0392 0.0000 8.4118
v -12.0471 45.0225 -423.2945
v -881.5548 0.0000 8.9608
v -10.1765 148.9473 -411.3999
v -1007.4608 0.0000 9.8510
v -12.3373 138.5956 -423.2945
v -866.2025 0.0000 10.1843
v -10.2039 45.0225 -430.7946
v -734.6252 0.0000 9.4431
v -7.9843 -29.6575 -444.9000
v -578.3261 0.0000 9.0157
v -5.4471 35.9216 -444.9001
v -582.9454 0.0000 9.8235
v -16.3647 557.4492 -348.9625
v -1345.7968 0.0000 13.8706
v -18.5098 380.2695 -358.2944
v -1419.1874 0.0000 11.4078
v -19.1176 366.0664 -372.3219
v -1274.7811 0.0000 11.7020
v -16.9255 660.7305 -375.8922
v -1144.5078 0.0000 15.8275
v -15.7922 734.6016 -358.2946
v -1272.4609 0.0000 16.3333
v -17.9059 469.7851 -389.8219
v -1074.1562 0.0000 13.6588
v -14.2157 351.8672 -386.3492
v -1130.3828 0.0000 11.9961
v -14.7294 587.6796 -393.2946
v -1017.9764 0.0000 15.3216
v -13.7020 622.2465 -385.0599
v -1077.8496 0.0000 15.5608
v -14.6902 553.8867 -409.1617
v -903.2812 0.0000 15.2745
v -11.8980 543.5117 -415.0367
v -820.3594 0.0000 15.4157
v -10.1569 658.1953 -403.7828
v -835.6172 0.0000 16.8039
v -11.1765 739.3361 -405.2750
v -765.0859 0.0000 18.0549
v -10.3490 685.4659 -413.2437
v -716.4293 0.0000 17.5373
v -9.4745 685.4659 -413.2437
v -716.4293 0.0000 17.5373
v -9.4745 582.8672 -417.2867
v -728.3047 0.0000 16.2118
v -9.3686 629.2314 -417.8414
v -681.7408 0.0000 16.9451
v -8.8039 525.2499 -419.1187
v -767.3047 0.0000 15.3608
v -5.5647 170.5959 -444.9937
v -434.5678 0.0000 12.0000
v -3.8510 223.0781 -444.9937
v -417.6992 0.0000 12.7137
v -3.7451 260.6680 -444.5836
v -404.1484 0.0000 13.2275
v -3.6471 310.8397 -443.9000
v -418.7372 0.0000 13.8118
v -4.8706 120.7354 -444.9937
v -450.5937 0.0000 11.3216
v -3.9529 0.0000 0.0000
v 0.0000 179.5332 -396.9781
v -936.6993 740.0475 0.0000
v 0.0000 1.0000 1.0000
v 1.0000 0.0000 0.0000
v 121.8867 -30.8945 167.4180
v 0.0000 4.7373 -1.3882
v -21.9473 -30.8945 105.4062
v 0.0000 2.7412 -2.1961
v 71.8496 -44.0000 306.0351
v 0.0000 4.0431 0.4078
v 171.9297 -23.3945 28.7969
v 0.0000 5.4314 -3.1882
v 171.9297 -23.3945 28.7969
v 0.0000 5.4314 -3.1882
v 6.1621 -23.3945 -36.5078
v 0.0000 3.1333 -4.0392
v -176.9775 -23.3945 -66.5547
v 0.0000 0.5922 -4.4275
v -176.9775 -30.8945 80.3750
v 0.0000 0.5922 -2.5176
v -40.5444 -34.5625 174.8125
v 0.0000 2.4824 -1.2902
v 95.0865 -37.9139 241.6621
v 0.0000 4.3647 -0.4235
v 95.0865 -37.9139 241.6621
v 0.0000 4.3647 -0.4235
v 4.3746 -41.1308 275.9834
v 0.0000 3.1059 0.0196
v 97.4211 -23.3945 -0.5560
v 0.0000 4.4000 -3.5725
v 146.8185 -27.1580 98.3558
v 0.0000 5.0863 -2.2863
v -176.9775 -27.3192 10.3314
v 0.0000 0.5922 -3.4314
v -102.4278 -30.8945 92.4118
v 0.0000 1.6235 -2.3647
v -83.4044 -23.3945 -51.2026
v 0.0000 1.8902 -4.2314
v -164.2690 -30.0899 70.5488
v 0.0000 0.7686 -2.6471
v 63.6581 -42.2307 287.3920
v 0.0000 3.9294 0.1686
v 82.2854 -36.4779 235.0455
v 0.0000 4.1882 -0.5098
v 3.9548 -23.5922 -25.3129
v 0.0000 3.1020 -3.8941
v -59.9736 -38.3945 247.3242
v 0.0000 2.2157 -0.3490
v -59.9736 -38.3945 247.3242
v 0.0000 2.2157 -0.3490
v -59.9736 -38.3945 247.3242
v 0.0000 2.2157 -0.3490
v -59.9736 -38.3945 247.3242
v 0.0000 4.4275 -4.0118
v -101.2646 -45.0938 364.4062
v 0.0000 3.8431 -1.9333
v -186.0784 -45.0000 232.0547
v 0.0000 2.6431 -4.2863
v -286.8515 -45.0000 368.1342
v 0.0000 1.2196 -1.8706
v -321.1395 -45.0000 241.5679
v 0.0000 0.7333 -4.1137
v -259.4612 -51.7930 472.1851
v 0.0000 1.6078 -0.0235
v -222.0000 -51.7930 469.7266
v 0.0000 2.1373 -0.0667
v -132.6367 -51.7930 481.4922
v 0.0000 3.4000 0.1412
v 1.0781 -45.0938 397.3008
v 0.0000 5.2902 -1.3529
v -69.6953 -51.7930 488.5625
v 0.0000 4.2902 0.2667
v -301.6751 -45.0000 313.4162
v 0.0000 1.0118 -2.8392
v -80.9331 -41.7951 306.7556
v 0.0000 4.1294 -2.9569
v -126.0906 -41.8578 239.3183
v 0.0000 3.4902 -4.1569
v -174.8078 -51.7930 475.9399
v 0.0000 2.8039 0.0392
v -251.6575 -45.0000 236.6738
v 0.0000 1.7176 -4.2039
v -253.4276 -45.0000 366.1935
v 0.0000 1.6902 -1.9020
v -256.2486 -48.1760 415.7498
v 0.0000 1.6510 -1.0235
v -35.8398 -48.5883 444.9061
v 0.0000 4.7686 -0.5059
v -51.4041 -45.0938 380.4322
v 0.0000 4.5451 -1.6510
v -97.3130 -51.7930 485.4601
v 0.0000 3.8980 0.2078
v -251.6019 -44.7681 243.7258
v 0.0000 1.7176 -4.0784
v -77.0485 -38.8241 256.4729
v 0.0000 4.1843 -3.8510
v -77.0485 -38.8241 256.4729
v 0.0000 4.1843 -3.8510
v -13.2727 -45.3500 400.5150
v 0.0000 5.0863 -1.2941
v -42.2839 -48.3610 442.9166
v 0.0000 4.6745 -0.5412
v -71.4134 -50.8833 481.3531
v 0.0000 4.2627 0.1373
v -94.2449 -50.6320 478.7434
v 0.0000 3.9412 0.0902
v -94.2449 -50.6320 478.7434
v 0.0000 3.9412 0.0902
v -94.2449 -50.6320 478.7434
v 0.0000 3.9412 0.0902
v -130.3995 -50.3584 473.1423
v 0.0000 3.4314 -0.0039
v -130.3995 -50.3584 473.1423
v 0.0000 3.4314 -0.0039
v -173.3522 -49.7865 470.9660
v 0.0000 2.8235 -0.0431
v -173.3522 -49.7865 470.9660
v 0.0000 2.8235 -0.0431
v -173.3522 -49.7865 470.9660
v 0.0000 2.8235 -0.0431
v -220.8455 -50.1473 463.0453
v 0.0000 2.1529 -0.1843
v -220.8455 -50.1473 463.0453
v 0.0000 2.1529 -0.1843
v -250.3706 -49.9990 464.0510
v 0.0000 1.7333 -0.1647
v -250.3706 -49.9990 464.0510
v 0.0000 1.7333 -0.1647
v -250.9680 -47.0007 416.5411
v 0.0000 1.7255 -1.0078
v -247.0074 -45.0084 367.3342
v 0.0000 1.7843 -1.8824
v -252.6540 -43.5842 361.5532
v 0.0000 1.7020 -1.9843
v -280.4164 -43.6279 364.0749
v 0.0000 1.3098 -1.9412
v -305.7426 -44.3992 255.3688
v 0.0000 0.9529 -3.8706
v -59.9736 -38.3945 247.3242
v 0.0000 4.4275 -4.0118
v 816.7845 38.6654 -217.0880
v 0.0000 5.4039 -3.6471
v 668.4219 41.6055 -337.9297
v 0.0000 2.8706 -4.5765
v 668.4219 41.6055 -337.9297
v 0.0000 2.8706 -4.5765
v 583.8750 24.5664 -224.0547
v 0.0000 2.9647 -2.3961
v 702.7882 23.5781 -117.0044
v 0.0000 5.0824 -1.5020
v 494.7266 6.6055 -103.9922
v 0.0000 3.0667 -0.1020
v 438.7305 24.0078 -329.5078
v 0.0000 0.5961 -3.1176
v 438.7305 24.0078 -329.5078
v 0.0000 0.5961 -3.1176
v 365.6797 6.6055 -202.9766
v 0.0000 0.9137 -0.8196
v 595.1895 6.6055 -26.9051
v 0.0000 4.7412 0.4549
v 595.1895 6.6055 -26.9051
v 0.0000 4.7412 0.4549
v 400.2465 14.8401 -262.8497
v 0.0000 0.7647 -1.9059
v 649.0315 15.0985 -71.9905
v 0.0000 4.9137 -0.5216
v 624.5183 32.7574 -278.7966
v 0.0000 2.9216 -3.4431
v 761.6522 31.3687 -168.6842
v 0.0000 5.2471 -2.6078
v 738.5926 40.2149 -280.7754
v 0.0000 4.0706 -4.1373
v 549.8879 6.6055 -61.6659
v 0.0000 3.9882 0.2039
v 507.2977 24.2717 -279.6910
v 0.0000 1.7137 -2.7765
v 427.6121 6.6055 -155.4718
v 0.0000 1.9490 -0.4745
v 442.6294 23.0204 -308.8182
v 0.0000 0.8078 -2.8314
v 381.9871 8.8259 -205.1088
v 0.0000 1.0627 -0.9451
v 381.9871 8.8259 -205.1088
v 0.0000 1.0627 -0.9451
v 500.9630 8.3897 -112.3951
v 0.0000 3.0588 -0.2627
v 500.9630 8.3897 -112.3951
v 0.0000 3.0588 -0.2627
v 556.8740 8.4035 -69.6373
v 0.0000 3.9922 0.0431
v 556.8740 8.4035 -69.6373
v 0.0000 3.9922 0.0431
v 556.8740 8.4035 -69.6373
v 0.0000 3.9922 0.0431
v 556.8740 8.4035 -69.6373
v 0.0000 3.9922 0.0431
v 595.1963 8.8086 -40.4353
v 0.0000 4.6275 0.2549
v 595.1963 8.8086 -40.4353
v 0.0000 4.6275 0.2549
v 641.1577 15.9149 -78.3010
v 0.0000 4.7804 -0.5686
v 641.1577 15.9149 -78.3010
v 0.0000 4.7804 -0.5686
v 694.8696 24.5524 -124.3987
v 0.0000 4.9412 -1.5647
v 748.9393 32.3859 -177.7482
v 0.0000 5.0431 -2.6706
v 800.7838 39.4095 -219.5116
v 0.0000 5.2196 -3.5882
v 0.0000 247.8225 -5.0938
v 75.3164 645.7726 0.0000
v 0.0000 1.0000 1.0000
v 1.0000 0.0000 0.0000
v 1.0000 0.0000 0.0000
v 0.0000 -0.2079 0.0000
v 102.6031 0.0000 0.0000
v 1.0000 1.0000 1.0000
vn 0.0000 1.0000 0.0000
vn 0.0000 1.0000 0.0000
vn 0.0000 1.0000 0.0000
vn 0.0000 1.0000 0.0000
vn 0.0000 1.0000 0.0000
vn 0.0000 1.0000 0.0000
vn 0.0000 1.0000 0.0000
vn 0.0000 1.0000 0.0000
vn 0.0000 1.0000 0.0000
vn 0.0000 1.0000 0.0000
vn 0.0000 1.0000 0.0000
vn 0.0000 1.0000 0.0000
vn 0.0000 1.0000 0.0000
vn 0.0000 1.0000 0.0000
vn 0.0000 1.0000 0.0000
vn 0.0000 1.0000 0.0000
vn 0.0000 1.0000 0.0000
vn 0.0000 1.0000 0.0000
vn 0.0000 1.0000 0.0000
vn 0.0000 1.0000 0.0000
vn 0.0000 1.0000 0.0000
vn 0.0000 1.0000 0.0000
vn 0.0000 1.0000 0.0000
vn 0.0000 1.0000 0.0000
vn 0.0000 1.0000 0.0000
vn 0.0000 1.0000 0.0000
vn 0.0000 1.0000 0.0000
vn 0.0000 1.0000 0.0000
vn 0.0000 1.0000 0.0000
vn 0.0000 1.0000 0.0000
vn 0.0000 1.0000 0.0000
vn 0.0000 1.0000 0.0000
vn 0.0000 1.0000 0.0000
vn 0.0000 1.0000 0.0000
vn 0.0000 1.0000 0.0000
vn 0.0000 1.0000 0.0000
vn 0.0000 1.0000 0.0000
vn 0.0000 1.0000 0.0000
vn 0.0000 1.0000 0.0000
vn 0.0000 1.0000 0.0000
vn 0.0000 1.0000 0.0000
vn 0.0000 1.0000 0.0000
vn 0.0000 1.0000 0.0000
vn 0.0000 1.0000 0.0000
vn 0.0000 1.0000 0.0000
vn 0.0000 1.0000 0.0000
vn 0.0000 1.0000 0.0000
vn 0.0000 1.0000 0.0000
vn 0.0000 1.0000 0.0000
vn 0.0000 1.0000 0.0000
vn 0.0000 1.0000 0.0000
vn 0.0000 1.0000 0.0000
vn 0.0000 1.0000 0.0000
vn 0.0000 1.0000 0.0000
vn 0.0000 1.0000 0.0000
vn 0.0000 1.0000 0.0000
vn 0.0000 1.0000 0.0000
vn 0.0000 1.0000 0.0000
vn 0.0000 1.0000 0.0000
vn 0.0000 1.0000 0.0000
vn 0.0000 1.0000 0.0000
vn 0.0000 1.0000 0.0000
vn 0.0000 1.0000 0.0000
vn 0.0000 1.0000 0.0000
vn 0.0000 1.0000 0.0000
vn 0.0000 1.0000 0.0000
vn 0.0000 1.0000 0.0000
vn 0.0000 1.0000 0.0000
vn 0.0000 1.0000 0.0000
vn 0.0000 1.0000 0.0000
vn 0.0000 1.0000 0.0000
vn 0.0000 1.0000 0.0000
vn 0.0000 1.0000 0.0000
vn 0.0000 1.0000 0.0000
vn 0.0000 1.0000 0.0000
vn 0.0000 1.0000 0.0000
vn 0.0000 1.0000 0.0000
vn 0.0000 1.0000 0.0000
vn 0.0000 1.0000 0.0000
vn 0.0000 1.0000 0.0000
vn 0.0000 1.0000 0.0000
vn 0.0000 1.0000 0.0000
vn 0.0000 1.0000 0.0000
vn 0.0000 1.0000 0.0000
vn 0.0000 1.0000 0.0000
vn 0.0000 1.0000 0.0000
vn 0.0000 1.0000 0.0000
vn 0.0000 1.0000 0.0000
vn 0.0000 1.0000 0.0000
vn 0.0000 1.0000 0.0000
vn 0.0000 1.0000 0.0000
vn 0.0000 1.0000 0.0000
vn 0.0000 1.0000 0.0000
vn 0.0000 1.0000 0.0000
vn 0.0000 1.0000 0.0000
vn 0.0000 1.0000 0.0000
vn 0.0000 1.0000 0.0000
vn 0.0000 1.0000 0.0000
vn 0.0000 1.0000 0.0000
vn 0.0000 1.0000 0.0000
vn 0.0000 1.0000 0.0000
vn 0.0000 1.0000 0.0000
vn 0.0000 1.0000 0.0000
vn 0.0000 1.0000 0.0000
vn 0.0000 1.0000 0.0000
vn 0.0000 1.0000 0.0000
vn 0.0000 1.0000 0.0000
vn 0.0000 1.0000 0.0000
vn 0.0000 1.0000 0.0000
vn 0.0000 1.0000 0.0000
vn 0.0000 1.0000 0.0000
vn 0.0000 1.0000 0.0000
vn 0.0000 1.0000 0.0000
vn 0.0000 1.0000 0.0000
vn 0.0000 1.0000 0.0000
vn 0.0000 1.0000 0.0000
vn 0.0000 1.0000 0.0000
vn 0.0000 1.0000 0.0000
vn 0.0000 1.0000 0.0000
vn 0.0000 1.0000 0.0000
vn 0.0000 1.0000 0.0000
vn 0.0000 1.0000 0.0000
vn 0.0000 1.0000 0.0000
vn 0.0000 1.0000 0.0000
vn 0.0000 1.0000 0.0000
vn 0.0000 1.0000 0.0000
vn 0.0000 1.0000 0.0000
vn 0.0000 1.0000 0.0000
vn 0.0000 1.0000 0.0000
vn 0.0000 1.0000 0.0000
vn 0.0000 1.0000 0.0000
vn 0.0000 1.0000 0.0000
vn 0.0000 1.0000 0.0000
vn 0.0000 1.0000 0.0000
vn 0.0000 1.0000 0.0000
vn 0.0000 1.0000 0.0000
vn 0.0000 1.0000 0.0000
vn 0.0000 1.0000 0.0000
vn 0.0000 1.0000 0.0000
vn 0.0000 1.0000 0.0000
vn 0.0000 1.0000 0.0000
vn 0.0000 1.0000 0.0000
vn 0.0000 1.0000 0.0000
vn 0.0000 1.0000 0.0000
vn 0.0000 1.0000 0.0000
vn 0.0000 1.0000 0.0000
vn 0.0000 1.0000 0.0000
vn 0.0000 1.0000 0.0000
vn 0.0000 1.0000 0.0000
vn 0.0000 1.0000 0.0000
vn 0.0000 1.0000 0.0000
vn 0.0000 1.0000 0.0000
vn 0.0000 1.0000 0.0000
vn 0.0000 1.0000 0.0000
vn 0.0000 1.0000 0.0000
vn 0.0000 1.0000 0.0000
vn 0.0000 1.0000 0.0000
vn 0.0000 1.0000 0.0000
vn 0.0000 1.0000 0.0000
vn 0.0000 1.0000 0.0000
vn 0.0000 1.0000 0.0000
vn 0.0000 1.0000 0.0000
vn 0.0000 1.0000 0.0000
vn 0.0000 1.0000 0.0000
vn 0.0000 1.0000 0.0000
vn 0.0000 1.0000 0.0000
vn 0.0000 1.0000 0.0000
vn 0.0000 1.0000 0.0000
vn 0.0000 1.0000 0.0000
vn 0.0000 1.0000 0.0000
vn 0.0000 1.0000 0.0000
vn 0.0000 1.0000 0.0000
vn 0.0000 1.0000 0.0000
vn 0.0000 1.0000 0.0000
vn 0.0000 1.0000 0.0000
vn 0.0000 1.0000 0.0000
vn 0.0000 1.0000 0.0000
vn 0.0000 1.0000 0.0000
vn 0.0000 1.0000 0.0000
vn 0.0000 1.0000 0.0000
vn 0.0000 1.0000 0.0000
vn 0.0000 1.0000 0.0000
vn 0.0000 1.0000 0.0000
vn 0.0000 1.0000 0.0000
vn 0.0000 1.0000 0.0000
vn 0.0000 1.0000 0.0000
vn 0.0000 1.0000 0.0000
vn 0.0000 1.0000 0.0000
vn 0.0000 1.0000 0.0000
vn 0.0000 1.0000 0.0000
vn 0.0000 1.0000 0.0000
vn 0.0000 1.0000 0.0000
vn 0.0000 1.0000 0.0000
vn 0.0000 1.0000 0.0000
vn 0.0000 1.0000 0.0000
vn 0.0000 1.0000 0.0000
vn 0.0000 1.0000 0.0000
vn 0.0000 1.0000 0.0000
vn 0.0000 1.0000 0.0000
vn 0.0000 1.0000 0.0000
vn 0.0000 1.0000 0.0000
vn 0.0000 1.0000 0.0000
vn 0.0000 1.0000 0.0000
vn 0.0000 1.0000 0.0000
vn 0.0000 1.0000 0.0000
vn 0.0000 1.0000 0.0000
vn 0.0000 1.0000 0.0000
vn 0.0000 1.0000 0.0000
vn 0.0000 1.0000 0.0000
vn 0.0000 1.0000 0.0000
vn 0.0000 1.0000 0.0000
vn 0.0000 1.0000 0.0000
vn 0.0000 1.0000 0.0000
vn 0.0000 1.0000 0.0000
vn 0.0000 1.0000 0.0000
vn 0.0000 1.0000 0.0000
vn 0.0000 1.0000 0.0000
vn 0.0000 1.0000 0.0000
vn 0.0000 1.0000 0.0000
vn 0.0000 1.0000 0.0000
vn 0.0000 1.0000 0.0000
vn 0.0000 1.0000 0.0000
vn 0.0000 1.0000 0.0000
vn 0.0000 1.0000 0.0000
vn 0.0000 1.0000 0.0000
vn 0.0000 1.0000 0.0000
vn 0.0000 1.0000 0.0000
vn 0.0000 1.0000 0.0000
vn 0.0000 1.0000 0.0000
vn 0.0000 1.0000 0.0000
vn 0.0000 1.0000 0.0000
vn 0.0000 1.0000 0.0000
vn 0.0000 1.0000 0.0000
vn 0.0000 1.0000 0.0000
vn 0.0000 1.0000 0.0000
vn 0.0000 1.0000 0.0000
vn 0.0000 1.0000 0.0000
vn 0.0000 1.0000 0.0000
vn 0.0000 1.0000 0.0000
vn 0.0000 1.0000 0.0000
vn 0.0000 1.0000 0.0000
vn 0.0000 1.0000 0.0000
vn 0.0000 1.0000 0.0000
vn 0.0000 1.0000 0.0000
vn 0.0000 1.0000 0.0000
vn 0.0000 1.0000 0.0000
vn 0.0000 1.0000 0.0000
vn 0.0000 1.0000 0.0000
vn 0.0000 1.0000 0.0000
vn 0.0000 1.0000 0.0000
vn 0.0000 1.0000 0.0000
vn 0.0000 1.0000 0.0000
vn 0.0000 1.0000 0.0000
vn 0.0000 1.0000 0.0000
vn 0.0000 1.0000 0.0000
vn 0.0000 1.0000 0.0000
vn 0.0000 1.0000 0.0000
vn 0.0000 1.0000 0.0000
vn 0.0000 1.0000 0.0000
vn 0.0000 1.0000 0.0000
vn 0.0000 1.0000 0.0000
vn 0.0000 1.0000 0.0000
vn 0.0000 1.0000 0.0000
vn 0.0000 1.0000 0.0000
vn 0.0000 1.0000 0.0000
vn 0.0000 1.0000 0.0000
vn 0.0000 1.0000 0.0000
vn 0.0000 1.0000 0.0000
vn 0.0000 1.0000 0.0000
vn 0.0000 1.0000 0.0000
vn 0.0000 1.0000 0.0000
vn 0.0000 1.0000 0.0000
vn 0.0000 1.0000 0.0000
vn 0.0000 1.0000 0.0000
vn 0.0000 1.0000 0.0000
vn 0.0000 1.0000 0.0000
vn 0.0000 1.0000 0.0000
vn 0.0000 1.0000 0.0000
vn 0.0000 1.0000 0.0000
vn 0.0000 1.0000 0.0000
vn 0.0000 1.0000 0.0000
vn 0.0000 1.0000 0.0000
vn 0.0000 1.0000 0.0000
vn 0.0000 1.0000 0.0000
vn 0.0000 1.0000 0.0000
vn 0.0000 1.0000 0.0000
vn 0.0000 1.0000 0.0000
vn 0.0000 1.0000 0.0000
vn 0.0000 1.0000 0.0000
vn 0.0000 1.0000 0.0000
vn 0.0000 1.0000 0.0000
vn 0.0000 1.0000 0.0000
vn 0.0000 1.0000 0.0000
vn 0.0000 1.0000 0.0000
vn 0.0000 1.0000 0.0000
vn 0.0000 1.0000 0.0000
vn 0.0000 1.0000 0.0000
vn 0.0000 1.0000 0.0000
vn 0.0000 1.0000 0.0000
vn 0.0000 1.0000 0.0000
vn 0.0000 1.0000 0.0000
vn 0.0000 1.0000 0.0000
vn 0.0000 1.0000 0.0000
vn 0.0000 1.0000 0.0000
vn 0.0000 1.0000 0.0000
vn 0.0000 1.0000 0.0000
vn 0.0000 1.0000 0.0000
vn 0.0000 1.0000 0.0000
vn 0.0000 1.0000 0.0000
vn 0.0000 1.0000 0.0000
vn 0.0000 1.0000 0.0000
vn 0.0000 1.0000 0.0000
vn 0.0000 1.0000 0.0000
vn 0.0000 1.0000 0.0000
vn 0.0000 1.0000 0.0000
vn 0.0000 1.0000 0.0000
vn 0.0000 1.0000 0.0000
vn 0.0000 1.0000 0.0000
vn 0.0000 1.0000 0.0000
vn 0.0000 1.0000 0.0000
vn 0.0000 1.0000 0.0000
vn 0.0000 1.0000 0.0000
vn 0.0000 1.0000 0.0000
vn 0.0000 1.0000 0.0000
vn 0.0000 1.0000 0.0000
vn 0.0000 1.0000 0.0000
vn 0.0000 1.0000 0.0000
vn 0.0000 1.0000 0.0000
vn 0.0000 1.0000 0.0000
vn 0.0000 1.0000 0.0000
vn 0.0000 1.0000 0.0000
vn 0.0000 1.0000 0.0000
vn 0.0000 1.0000 0.0000
vn 0.0000 1.0000 0.0000
vn 0.0000 1.0000 0.0000
vn 0.0000 1.0000 0.0000
vn 0.0000 1.0000 0.0000
vn 0.0000 1.0000 0.0000
vn 0.0000 1.0000 0.0000
vn 0.0000 1.0000 0.0000
vn 0.0000 1.0000 0.0000
vn 0.0000 1.0000 0.0000
vn 0.0000 1.0000 0.0000
vn 0.0000 1.0000 0.0000
vn 0.0000 1.0000 0.0000
vn 0.0000 1.0000 0.0000
vn 0.0000 1.0000 0.0000
vn 0.0000 1.0000 0.0000
vn 0.0000 1.0000 0.0000
vn 0.0000 1.0000 0.0000
vn 0.0000 1.0000 0.0000
vn 0.0000 1.0000 0.0000
vn 0.0000 1.0000 0.0000
vn 0.0000 1.0000 0.0000
vn 0.0000 1.0000 0.0000
vn 0.0000 1.0000 0.0000
vn 0.0000 1.0000 0.0000
vn 0.0000 1.0000 0.0000
vn 0.0000 1.0000 0.0000
vn 0.0000 1.0000 0.0000
vn 0.0000 1.0000 0.0000
vn 0.0000 1.0000 0.0000
vn 0.0000 1.0000 0.0000
vn 0.0000 1.0000 0.0000
vn 0.0000 1.0000 0.0000
vn 0.0000 1.0000 0.0000
vn 0.0000 1.0000 0.0000
vn 0.0000 1.0000 0.0000
vn 0.0000 1.0000 0.0000
vn 0.0000 1.0000 0.0000
vn 0.0000 1.0000 0.0000
vn 0.0000 1.0000 0.0000
vn 0.0000 1.0000 0.0000
vn 0.0000 1.0000 0.0000
vn 0.0000 1.0000 0.0000
vn 0.0000 1.0000 0.0000
vn 0.0000 1.0000 0.0000
vn 0.0000 1.0000 0.0000
vn 0.0000 1.0000 0.0000
vn 0.0000 1.0000 0.0000
vn 0.0000 1.0000 0.0000
vn 0.0000 1.0000 0.0000
vn 0.0000 1.0000 0.0000
vn 0.0000 1.0000 0.0000
vn 0.0000 1.0000 0.0000
vn 0.0000 1.0000 0.0000
vn 0.0000 1.0000 0.0000
vn 0.0000 1.0000 0.0000
vn 0.0000 1.0000 0.0000
vn 0.0000 1.0000 0.0000
vn 0.0000 1.0000 0.0000
vn 0.0000 1.0000 0.0000
vn 0.0000 1.0000 0.0000
vn 0.0000 1.0000 0.0000
vn 0.0000 1.0000 0.0000
vn 0.0000 1.0000 0.0000
vn 0.0000 1.0000 0.0000
vn 0.0000 1.0000 0.0000
vn 0.0000 1.0000 0.0000
vn 0.0000 1.0000 0.0000
vn 0.0000 1.0000 0.0000
vn 0.0000 1.0000 0.0000
vn 0.0000 1.0000 0.0000
vn 0.0000 1.0000 0.0000
vn 0.0000 1.0000 0.0000
vn 0.0000 1.0000 0.0000
vn 0.0000 1.0000 0.0000
vn 0.0000 1.0000 0.0000
vn 0.0000 1.0000 0.0000
vn 0.0000 1.0000 0.0000
vn 0.0000 1.0000 0.0000
vn 0.0000 1.0000 0.0000
vn 0.0000 1.0000 0.0000
vn 0.0000 1.0000 0.0000
vn 0.0000 1.0000 0.0000
vn 0.0000 1.0000 0.0000
vn 0.0000 1.0000 0.0000
vn 0.0000 1.0000 0.0000
vn 0.0000 1.0000 0.0000
vn 0.0000 1.0000 0.0000
vn 0.0000 1.0000 0.0000
vn 0.0000 1.0000 0.0000
vn 0.0000 1.0000 0.0000
vn 0.0000 1.0000 0.0000
vn 0.0000 1.0000 0.0000
vn 0.0000 1.0000 0.0000
vn 0.0000 1.0000 0.0000
vn 0.0000 1.0000 0.0000
vn 0.0000 1.0000 0.0000
vn 0.0000 1.0000 0.0000
vn 0.0000 1.0000 0.0000
vn 0.0000 1.0000 0.0000
vn 0.0000 1.0000 0.0000
vn 0.0000 1.0000 0.0000
vn 0.0000 1.0000 0.0000
vn 0.0000 1.0000 0.0000
vn 0.0000 1.0000 0.0000
vn 0.0000 1.0000 0.0000
vn 0.0000 1.0000 0.0000
vn 0.0000 1.0000 0.0000
vn 0.0000 1.0000 0.0000
vn 0.0000 1.0000 0.0000
vn 0.0000 1.0000 0.0000
vn 0.0000 1.0000 0.0000
vn 0.0000 1.0000 0.0000
vn 0.0000 1.0000 0.0000
vn 0.0000 1.0000 0.0000
vn 0.0000 1.0000 0.0000
vn 0.0000 1.0000 0.0000
vn 0.0000 1.0000 0.0000
vn 0.0000 1.0000 0.0000
vn 0.0000 1.0000 0.0000
vn 0.0000 1.0000 0.0000
vn 0.0000 1.0000 0.0000
vn 0.0000 1.0000 0.0000
vn 0.0000 1.0000 0.0000
vn 0.0000 1.0000 0.0000
vn 0.0000 1.0000 0.0000
vn 0.0000 1.0000 0.0000
vn 0.0000 1.0000 0.0000
vn 0.0000 1.0000 0.0000
vn 0.0000 1.0000 0.0000
vn 0.0000 1.0000 0.0000
vn 0.0000 1.0000 0.0000
vn 0.0000 1.0000 0.0000
vn 0.0000 1.0000 0.0000
vn 0.0000 1.0000 0.0000
vn 0.0000 1.0000 0.0000
vn 0.0000 1.0000 0.0000
vn 0.0000 1.0000 0.0000
vn 0.0000 1.0000 0.0000
vn 0.0000 1.0000 0.0000
vn 0.0000 1.0000 0.0000
vn 0.0000 1.0000 0.0000
vn 0.0000 1.0000 0.0000
vn 0.0000 1.0000 0.0000
vn 0.0000 1.0000 0.0000
vn 0.0000 1.0000 0.0000
vn 0.0000 1.0000 0.0000
vn 0.0000 1.0000 0.0000
vn 0.0000 1.0000 0.0000
vn 0.0000 1.0000 0.0000
vn 0.0000 1.0000 0.0000
vn 0.0000 1.0000 0.0000
vn 0.0000 1.0000 0.0000
vn 0.0000 1.0000 0.0000
vn 0.0000 1.0000 0.0000
vn 0.0000 1.0000 0.0000
vn 0.0000 1.0000 0.0000
vn 0.0000 1.0000 0.0000
vn 0.0000 1.0000 0.0000
vn 0.0000 1.0000 0.0000
vn 0.0000 1.0000 0.0000
vn 0.0000 1.0000 0.0000
vn 0.0000 1.0000 0.0000
vn 0.0000 1.0000 0.0000
vn 0.0000 1.0000 0.0000
vn 0.0000 1.0000 0.0000
vn 0.0000 1.0000 0.0000
vn 0.0000 1.0000 0.0000
vn 0.0000 1.0000 0.0000
vn 0.0000 1.0000 0.0000
vn 0.0000 1.0000 0.0000
vn 0.0000 1.0000 0.0000
vn 0.0000 1.0000 0.0000
vn 0.0000 1.0000 0.0000
vn 0.0000 1.0000 0.0000
vn 0.0000 1.0000 0.0000
vn 0.0000 1.0000 0.0000
vn 0.0000 1.0000 0.0000
vn 0.0000 1.0000 0.0000
vn 0.0000 1.0000 0.0000
vn 0.0000 1.0000 0.0000
vn 0.0000 1.0000 0.0000
vn 0.0000 1.0000 0.0000
vn 0.0000 1.0000 0.0000
vn 0.0000 1.0000 0.0000
vn 0.0000 1.0000 0.0000
vn 0.0000 1.0000 0.0000
vn 0.0000 1.0000 0.0000
vn 0.0000 1.0000 0.0000
vn 0.0000 1.0000 0.0000
vn 0.0000 1.0000 0.0000
vn 0.0000 1.0000 0.0000
vn 0.0000 1.0000 0.0000
vn 0.0000 1.0000 0.0000
vn 0.0000 1.0000 0.0000
vn 0.0000 1.0000 0.0000
vn 0.0000 1.0000 0.0000
vn 0.0000 1.0000 0.0000
vn 0.0000 1.0000 0.0000
vn 0.0000 1.0000 0.0000
vn 0.0000 1.0000 0.0000
vn 0.0000 1.0000 0.0000
vn 0.0000 1.0000 0.0000
vn 0.0000 1.0000 0.0000
vn 0.0000 1.0000 0.0000
vn 0.0000 1.0000 0.0000
vn 0.0000 1.0000 0.0000
vn 0.0000 1.0000 0.0000
vn 0.0000 1.0000 0.0000
vn 0.0000 1.0000 0.0000
vn 0.0000 1.0000 0.0000
vn 0.0000 1.0000 0.0000
vn 0.0000 1.0000 0.0000
vn 0.0000 1.0000 0.0000
vn 0.0000 1.0000 0.0000
vn 0.0000 1.0000 0.0000
vn 0.0000 1.0000 0.0000
vn 0.0000 1.0000 0.0000
vn 0.0000 1.0000 0.0000
vn 0.0000 1.0000 0.0000
vn 0.0000 1.0000 0.0000
vn 0.0000 1.0000 0.0000
vn 0.0000 1.0000 0.0000
vn 0.0000 1.0000 0.0000
vn 0.0000 1.0000 0.0000
vn 0.0000 1.0000 0.0000
vn 0.0000 1.0000 0.0000
vn 0.0000 1.0000 0.0000
vn 0.0000 1.0000 0.0000
vn 0.0000 1.0000 0.0000
vn 0.0000 1.0000 0.0000
vn 0.0000 1.0000 0.0000
vn 0.0000 1.0000 0.0000
vn 0.0000 1.0000 0.0000
vn 0.0000 1.0000 0.0000
vn 0.0000 1.0000 0.0000
vn 0.0000 1.0000 0.0000
vn 0.0000 1.0000 0.0000
vn 0.0000 1.0000 0.0000
vn 0.0000 1.0000 0.0000
vn 0.0000 1.0000 0.0000
vn 0.0000 1.0000 0.0000
vn 0.0000 1.0000 0.0000
vn 0.0000 1.0000 0.0000
vn 0.0000 1.0000 0.0000
vn 0.0000 1.0000 0.0000
vn 0.0000 1.0000 0.0000
vn 0.0000 1.0000 0.0000
vn 0.0000 1.0000 0.0000
vn 0.0000 1.0000 0.0000
vn 0.0000 1.0000 0.0000
vn 0.0000 1.0000 0.0000
vn 0.0000 1.0000 0.0000
vn 0.0000 1.0000 0.0000
vn 0.0000 1.0000 0.0000
vn 0.0000 1.0000 0.0000
vn 0.0000 1.0000 0.0000
vn 0.0000 1.0000 0.0000
vn 0.0000 1.0000 0.0000
vn 0.0000 1.0000 0.0000
vn 0.0000 1.0000 0.0000
vn 0.0000 1.0000 0.0000
vn 0.0000 1.0000 0.0000
vn 0.0000 1.0000 0.0000
vn 0.0000 1.0000 0.0000
vn 0.0000 1.0000 0.0000
vn 0.0000 1.0000 0.0000
vn 0.0000 1.0000 0.0000
vn 0.0000 1.0000 0.0000
vn 0.0000 1.0000 0.0000
vn 0.0000 1.0000 0.0000
vn 0.0000 1.0000 0.0000
vn 0.0000 1.0000 0.0000
vn 0.0000 1.0000 0.0000
vn 0.0000 1.0000 0.0000
vn 0.0000 1.0000 0.0000
vn 0.0000 1.0000 0.0000
vn 0.0000 1.0000 0.0000
vn 0.0000 1.0000 0.0000
vn 0.0000 1.0000 0.0000
vn 0.0000 1.0000 0.0000
vn 0.0000 1.0000 0.0000
vn 0.0000 1.0000 0.0000
vn 0.0000 1.0000 0.0000
vn 0.0000 1.0000 0.0000
vn 0.0000 1.0000 0.0000
vn 0.0000 1.0000 0.0000
vn 0.0000 1.0000 0.0000
vn 0.0000 1.0000 0.0000
vn 0.0000 1.0000 0.0000
vn 0.0000 1.0000 0.0000
vn 0.0000 1.0000 0.0000
vn 0.0000 1.0000 0.0000
vn 0.0000 1.0000 0.0000
vn 0.0000 1.0000 0.0000
vn 0.0000 1.0000 0.0000
vn 0.0000 1.0000 0.0000
vn 0.0000 1.0000 0.0000
vn 0.0000 1.0000 0.0000
vn 0.0000 1.0000 0.0000
vn 0.0000 1.0000 0.0000
vn 0.0000 1.0000 0.0000
vn 0.0000 1.0000 0.0000
vn 0.0000 1.0000 0.0000
vn 0.0000 1.0000 0.0000
vn 0.0000 1.0000 0.0000
vn 0.0000 1.0000 0.0000
vn 0.0000 1.0000 0.0000
vn 0.0000 1.0000 0.0000
vn 0.0000 1.0000 0.0000
vn 0.0000 1.0000 0.0000
vn 0.0000 1.0000 0.0000
vn 0.0000 1.0000 0.0000
vn 0.0000 1.0000 0.0000
vn 0.0000 1.0000 0.0000
vn 0.0000 1.0000 0.0000
vn 0.0000 1.0000 0.0000
vn 0.0000 1.0000 0.0000
vn 0.0000 1.0000 0.0000
vn 0.0000 1.0000 0.0000
vn 0.0000 1.0000 0.0000
vn 0.0000 1.0000 0.0000
vn 0.0000 1.0000 0.0000
vn 0.0000 1.0000 0.0000
vn 0.0000 1.0000 0.0000
vn 0.0000 1.0000 0.0000
vn 0.0000 1.0000 0.0000
vn 0.0000 1.0000 0.0000
vn 0.0000 1.0000 0.0000
vn 0.0000 1.0000 0.0000
vn 0.0000 1.0000 0.0000
vn 0.0000 1.0000 0.0000
vn 0.0000 1.0000 0.0000
vn 0.0000 1.0000 0.0000
vn 0.0000 1.0000 0.0000
vn 0.0000 1.0000 0.0000
vn 0.0000 1.0000 0.0000
vn 0.0000 1.0000 0.0000
vn 0.0000 1.0000 0.0000
vn 0.0000 1.0000 0.0000
vn 0.0000 1.0000 0.0000
vn 0.0000 1.0000 0.0000
vn 0.0000 1.0000 0.0000
vn 0.0000 1.0000 0.0000
vn 0.0000 1.0000 0.0000
vn 0.0000 1.0000 0.0000
vn 0.0000 1.0000 0.0000
vn 0.0000 1.0000 0.0000
vn 0.0000 1.0000 0.0000
vn 0.0000 1.0000 0.0000
vn 0.0000 1.0000 0.0000
vn 0.0000 1.0000 0.0000
vn 0.0000 1.0000 0.0000
vn 0.0000 1.0000 0.0000
vn 0.0000 1.0000 0.0000
vn 0.0000 1.0000 0.0000
vn 0.0000 1.0000 0.0000
vn 0.0000 1.0000 0.0000
vn 0.0000 1.0000 0.0000
vn 0.0000 1.0000 0.0000
vn 0.0000 1.0000 0.0000
vn 0.0000 1.0000 0.0000
vn 0.0000 1.0000 0.0000
vn 0.0000 1.0000 0.0000
vn 0.0000 1.0000 0.0000
vn 0.0000 1.0000 0.0000
vn 0.0000 1.0000 0.0000
vn 0.0000 1.0000 0.0000
vn 0.0000 1.0000 0.0000
vn 0.0000 1.0000 0.0000
vn 0.0000 1.0000 0.0000
vn 0.0000 1.0000 0.0000
vn 0.0000 1.0000 0.0000
vn 0.0000 1.0000 0.0000
vn 0.0000 1.0000 0.0000
vn 0.0000 1.0000 0.0000
vn 0.0000 1.0000 0.0000
vn 0.0000 1.0000 0.0000
vn 0.0000 1.0000 0.0000
vn 0.0000 1.0000 0.0000
vn 0.0000 1.0000 0.0000
vn 0.0000 1.0000 0.0000
vn 0.0000 1.0000 0.0000
vn 0.0000 1.0000 0.0000
vn 0.0000 1.0000 0.0000
vn 0.0000 1.0000 0.0000
vn 0.0000 1.0000 0.0000
vn 0.0000 1.0000 0.0000
vn 0.0000 1.0000 0.0000
vn 0.0000 1.0000 0.0000
vn 0.0000 1.0000 0.0000
vn 0.0000 1.0000 0.0000
vn 0.0000 1.0000 0.0000
vn 0.0000 1.0000 0.0000
vn 0.0000 1.0000 0.0000
vn 0.0000 1.0000 0.0000
vn 0.0000 1.0000 0.0000
vn 0.0000 1.0000 0.0000
vn 0.0000 1.0000 0.0000
vn 0.0000 1.0000 0.0000
vn 0.0000 1.0000 0.0000
vn 0.0000 1.0000 0.0000
vn 0.0000 1.0000 0.0000
vn 0.0000 1.0000 0.0000
vn 0.0000 1.0000 0.0000
vn 0.0000 1.0000 0.0000
vn 0.0000 1.0000 0.0000
vn 0.0000 1.0000 0.0000
vn 0.0000 1.0000 0.0000
vn 0.0000 1.0000 0.0000
vn 0.0000 1.0000 0.0000
vn 0.0000 1.0000 0.0000
vn 0.0000 1.0000 0.0000
vn 0.0000 1.0000 0.0000
vn 0.0000 1.0000 0.0000
vn 0.0000 1.0000 0.0000
vn 0.0000 1.0000 0.0000
vn 0.0000 1.0000 0.0000
vn 0.0000 1.0000 0.0000
vn 0.0000 1.0000 0.0000
vn 0.0000 1.0000 0.0000
vn 0.0000 1.0000 0.0000
vn 0.0000 1.0000 0.0000
vn 0.0000 1.0000 0.0000
vn 0.0000 1.0000 0.0000
vn 0.0000 1.0000 0.0000
vn 0.0000 1.0000 0.0000
vn 0.0000 1.0000 0.0000
vn 0.0000 1.0000 0.0000
vn 0.0000 1.0000 0.0000
vn 0.0000 1.0000 0.0000
vn 0.0000 1.0000 0.0000
vn 0.0000 1.0000 0.0000
vn 0.0000 1.0000 0.0000
vn 0.0000 1.0000 0.0000
vn 0.0000 1.0000 0.0000
vn 0.0000 1.0000 0.0000
vn 0.0000 1.0000 0.0000
vn 0.0000 1.0000 0.0000
vn 0.0000 1.0000 0.0000
vn 0.0000 1.0000 0.0000
vn 0.0000 1.0000 0.0000
vn 0.0000 1.0000 0.0000
vn 0.0000 1.0000 0.0000
vn 0.0000 1.0000 0.0000
vn 0.0000 1.0000 0.0000
vn 0.0000 1.0000 0.0000
vn 0.0000 1.0000 0.0000
vn 0.0000 1.0000 0.0000
vn 0.0000 1.0000 0.0000
vn 0.0000 1.0000 0.0000
vn 0.0000 1.0000 0.0000
vn 0.0000 1.0000 0.0000
vn 0.0000 1.0000 0.0000
vn 0.0000 1.0000 0.0000
vn 0.0000 1.0000 0.0000
vn 0.0000 1.0000 0.0000
vn 0.0000 1.0000 0.0000
vn 0.0000 1.0000 0.0000
vn 0.0000 1.0000 0.0000
vn 0.0000 1.0000 0.0000
vn 0.0000 1.0000 0.0000
vn 0.0000 1.0000 0.0000
vn 0.0000 1.0000 0.0000
vn 0.0000 1.0000 0.0000
vn 0.0000 1.0000 0.0000
vn 0.0000 1.0000 0.0000
vn 0.0000 1.0000 0.0000
vn 0.0000 1.0000 0.0000
vn 0.0000 1.0000 0.0000
vn 0.0000 1.0000 0.0000
vn 0.0000 1.0000 0.0000
vn 0.0000 1.0000 0.0000
vn 0.0000 1.0000 0.0000
vn 0.0000 1.0000 0.0000
vn 0.0000 1.0000 0.0000
vn 0.0000 1.0000 0.0000
vn 0.0000 1.0000 0.0000
vn 0.0000 1.0000 0.0000
vn 0.0000 1.0000 0.0000
vn 0.0000 1.0000 0.0000
vn 0.0000 1.0000 0.0000
vn 0.0000 1.0000 0.0000
vn 0.0000 1.0000 0.0000
vn 0.0000 1.0000 0.0000
vn 0.0000 1.0000 0.0000
vn 0.0000 1.0000 0.0000
vn 0.0000 1.0000 0.0000
vn 0.0000 1.0000 0.0000
vn 0.0000 1.0000 0.0000
vn 0.0000 1.0000 0.0000
vn 0.0000 1.0000 0.0000
vn 0.0000 1.0000 0.0000
vn 0.0000 1.0000 0.0000
vn 0.0000 1.0000 0.0000
vn 0.0000 1.0000 0.0000
vn 0.0000 1.0000 0.0000
vn 0.0000 1.0000 0.0000
vn 0.0000 1.0000 0.0000
vn 0.0000 1.0000 0.0000
vn 0.0000 1.0000 0.0000
vn 0.0000 1.0000 0.0000
vn 0.0000 1.0000 0.0000
vn 0.0000 1.0000 0.0000
vn 0.0000 1.0000 0.0000
vn 0.0000 1.0000 0.0000
vn 0.0000 1.0000 0.0000
vn 0.0000 1.0000 0.0000
vn 0.0000 1.0000 0.0000
vn 0.0000 1.0000 0.0000
vn 0.0000 1.0000 0.0000
vn 0.0000 1.0000 0.0000
vn 0.0000 1.0000 0.0000
vn 0.0000 1.0000 0.0000
vn 0.0000 1.0000 0.0000
vn 0.0000 1.0000 0.0000
vn 0.0000 1.0000 0.0000
vn 0.0000 1.0000 0.0000
vn 0.0000 1.0000 0.0000
vn 0.0000 1.0000 0.0000
vn 0.0000 1.0000 0.0000
vn 0.0000 1.0000 0.0000
vn 0.0000 1.0000 0.0000
vn 0.0000 1.0000 0.0000
vn 0.0000 1.0000 0.0000
vn 0.0000 1.0000 0.0000
vn 0.0000 1.0000 0.0000
vn 0.0000 1.0000 0.0000
vn 0.0000 1.0000 0.0000
vn 0.0000 1.0000 0.0000
vn 0.0000 1.0000 0.0000
vn 0.0000 1.0000 0.0000
vn 0.0000 1.0000 0.0000
vn 0.0000 1.0000 0.0000
vn 0.0000 1.0000 0.0000
vn 0.0000 1.0000 0.0000
vn 0.0000 1.0000 0.0000
vn 0.0000 1.0000 0.0000
vn 0.0000 1.0000 0.0000
vn 0.0000 1.0000 0.0000
vn 0.0000 1.0000 0.0000
vn 0.0000 1.0000 0.0000
vn 0.0000 1.0000 0.0000
vn 0.0000 1.0000 0.0000
vn 0.0000 1.0000 0.0000
vn 0.0000 1.0000 0.0000
vn 0.0000 1.0000 0.0000
vn 0.0000 1.0000 0.0000
vn 0.0000 1.0000 0.0000
vn 0.0000 1.0000 0.0000
vn 0.0000 1.0000 0.0000
vn 0.0000 1.0000 0.0000
vn 0.0000 1.0000 0.0000
vn 0.0000 1.0000 0.0000
vn 0.0000 1.0000 0.0000
vn 0.0000 1.0000 0.0000
vn 0.0000 1.0000 0.0000
vn 0.0000 1.0000 0.0000
vn 0.0000 1.0000 0.0000
vn 0.0000 1.0000 0.0000
vn 0.0000 1.0000 0.0000
vn 0.0000 1.0000 0.0000
vn 0.0000 1.0000 0.0000
vn 0.0000 1.0000 0.0000
vn 0.0000 1.0000 0.0000
vn 0.0000 1.0000 0.0000
vn 0.0000 1.0000 0.0000
vn 0.0000 1.0000 0.0000
vn 0.0000 1.0000 0.0000
vn 0.0000 1.0000 0.0000
vn 0.0000 1.0000 0.0000
vn 0.0000 1.0000 0.0000
vn 0.0000 1.0000 0.0000
vn 0.0000 1.0000 0.0000
vn 0.0000 1.0000 0.0000
vn 0.0000 1.0000 0.0000
vn 0.0000 1.0000 0.0000
vn 0.0000 1.0000 0.0000
vn 0.0000 1.0000 0.0000
vn 0.0000 1.0000 0.0000
vn 0.0000 1.0000 0.0000
vn 0.0000 1.0000 0.0000
vn 0.0000 1.0000 0.0000
vn 0.0000 1.0000 0.0000
vn 0.0000 1.0000 0.0000
vn 0.0000 1.0000 0.0000
vn 0.0000 1.0000 0.0000
vn 0.0000 1.0000 0.0000
vn 0.0000 1.0000 0.0000
vn 0.0000 1.0000 0.0000
vn 0.0000 1.0000 0.0000
vn 0.0000 1.0000 0.0000
vn 0.0000 1.0000 0.0000
vn 0.0000 1.0000 0.0000
vn 0.0000 1.0000 0.0000
vn 0.0000 1.0000 0.0000
vn 0.0000 1.0000 0.0000
vn 0.0000 1.0000 0.0000
vn 0.0000 1.0000 0.0000
vn 0.0000 1.0000 0.0000
vn 0.0000 1.0000 0.0000
vn 0.0000 1.0000 0.0000
vn 0.0000 1.0000 0.0000
vn 0.0000 1.0000 0.0000
vn 0.0000 1.0000 0.0000
vn 0.0000 1.0000 0.0000
vn 0.0000 1.0000 0.0000
vn 0.0000 1.0000 0.0000
vn 0.0000 1.0000 0.0000
vn 0.0000 1.0000 0.0000
vn 0.0000 1.0000 0.0000
vn 0.0000 1.0000 0.0000
vn 0.0000 1.0000 0.0000
vn 0.0000 1.0000 0.0000
vn 0.0000 1.0000 0.0000
vn 0.0000 1.0000 0.0000
vn 0.0000 1.0000 0.0000
vn 0.0000 1.0000 0.0000
vn 0.0000 1.0000 0.0000
vn 0.0000 1.0000 0.0000
vn 0.0000 1.0000 0.0000
vn 0.0000 1.0000 0.0000
vn 0.0000 1.0000 0.0000
vn 0.0000 1.0000 0.0000
vn 0.0000 1.0000 0.0000
vn 0.0000 1.0000 0.0000
vn 0.0000 1.0000 0.0000
vn 0.0000 1.0000 0.0000
vn 0.0000 1.0000 0.0000
vn 0.0000 1.0000 0.0000
vn 0.0000 1.0000 0.0000
vn 0.0000 1.0000 0.0000
vn 0.0000 1.0000 0.0000
vn 0.0000 1.0000 0.0000
vn 0.0000 1.0000 0.0000
vn 0.0000 1.0000 0.0000
vn 0.0000 1.0000 0.0000
vn 0.0000 1.0000 0.0000
vn 0.0000 1.0000 0.0000
vn 0.0000 1.0000 0.0000
vn 0.0000 1.0000 0.0000
vn 0.0000 1.0000 0.0000
vn 0.0000 1.0000 0.0000
vn 0.0000 1.0000 0.0000
vn 0.0000 1.0000 0.0000
vn 0.0000 1.0000 0.0000
vn 0.0000 1.0000 0.0000
vn 0.0000 1.0000 0.0000
vn 0.0000 1.0000 0.0000
vn 0.0000 1.0000 0.0000
vn 0.0000 1.0000 0.0000
vn 0.0000 1.0000 0.0000
vn 0.0000 1.0000 0.0000
vn 0.0000 1.0000 0.0000
vn 0.0000 1.0000 0.0000
vn 0.0000 1.0000 0.0000
vn 0.0000 1.0000 0.0000
vn 0.0000 1.0000 0.0000
vn 0.0000 1.0000 0.0000
vn 0.0000 1.0000 0.0000
vn 0.0000 1.0000 0.0000
vn 0.0000 1.0000 0.0000
vn 0.0000 1.0000 0.0000
vn 0.0000 1.0000 0.0000
vn 0.0000 1.0000 0.0000
vn 0.0000 1.0000 0.0000
vn 0.0000 1.0000 0.0000
vn 0.0000 1.0000 0.0000
vn 0.0000 1.0000 0.0000
vn 0.0000 1.0000 0.0000
vn 0.0000 1.0000 0.0000
vn 0.0000 1.0000 0.0000
vn 0.0000 1.0000 0.0000
vn 0.0000 1.0000 0.0000
vn 0.0000 1.0000 0.0000
vn 0.0000 1.0000 0.0000
vn 0.0000 1.0000 0.0000
vn 0.0000 1.0000 0.0000
vn 0.0000 1.0000 0.0000
vn 0.0000 1.0000 0.0000
vn 0.0000 1.0000 0.0000
vn 0.0000 1.0000 0.0000
vn 0.0000 1.0000 0.0000
vn 0.0000 1.0000 0.0000
vn 0.0000 1.0000 0.0000
vn 0.0000 1.0000 0.0000
vn 0.0000 1.0000 0.0000
vn 0.0000 1.0000 0.0000
vn 0.0000 1.0000 0.0000
vn 0.0000 1.0000 0.0000
vn 0.0000 1.0000 0.0000
vn 0.0000 1.0000 0.0000
vn 0.0000 1.0000 0.0000
vn 0.0000 1.0000 0.0000
vn 0.0000 1.0000 0.0000
vn 0.0000 1.0000 0.0000
vn 0.0000 1.0000 0.0000
vn 0.0000 1.0000 0.0000
vn 0.0000 1.0000 0.0000
vn 0.0000 1.0000 0.0000
vn 0.0000 1.0000 0.0000
vn 0.0000 1.0000 0.0000
vn 0.0000 1.0000 0.0000
vn 0.0000 1.0000 0.0000
vn 0.0000 1.0000 0.0000
vn 0.0000 1.0000 0.0000
vn 0.0000 1.0000 0.0000
vn 0.0000 1.0000 0.0000
vn 0.0000 1.0000 0.0000
vn 0.0000 1.0000 0.0000
vn 0.0000 1.0000 0.0000
vn 0.0000 1.0000 0.0000
vn 0.0000 1.0000 0.0000
vn 0.0000 1.0000 0.0000
vn 0.0000 1.0000 0.0000
vn 0.0000 1.0000 0.0000
vn 0.0000 1.0000 0.0000
vn 0.0000 1.0000 0.0000
vn 0.0000 1.0000 0.0000
vn 0.0000 1.0000 0.0000
vn 0.0000 1.0000 0.0000
vn 0.0000 1.0000 0.0000
vn 0.0000 1.0000 0.0000
vn 0.0000 1.0000 0.0000
vn 0.0000 1.0000 0.0000
vn 0.0000 1.0000 0.0000
vn 0.0000 1.0000 0.0000
vn 0.0000 1.0000 0.0000
vn 0.0000 1.0000 0.0000
vn 0.0000 1.0000 0.0000
vn 0.0000 1.0000 0.0000
vn 0.0000 1.0000 0.0000
vn 0.0000 1.0000 0.0000
vn 0.0000 1.0000 0.0000
vn 0.0000 1.0000 0.0000
vn 0.0000 1.0000 0.0000
vn 0.0000 1.0000 0.0000
vn 0.0000 1.0000 0.0000
vn 0.0000 1.0000 0.0000
vn 0.0000 1.0000 0.0000
vn 0.0000 1.0000 0.0000
vn 0.0000 1.0000 0.0000
vn 0.0000 1.0000 0.0000
vn 0.0000 1.0000 0.0000
vn 0.0000 1.0000 0.0000
vn 0.0000 1.0000 0.0000
vn 0.0000 1.0000 0.0000
vn 0.0000 1.0000 0.0000
vn 0.0000 1.0000 0.0000
vn 0.0000 1.0000 0.0000
vn 0.0000 1.0000 0.0000
vn 0.0000 1.0000 0.0000
vn 0.0000 1.0000 0.0000
vn 0.0000 1.0000 0.0000
vn 0.0000 1.0000 0.0000
vn 0.0000 1.0000 0.0000
vn 0.0000 1.0000 0.0000
vn 0.0000 1.0000 0.0000
vn 0.0000 1.0000 0.0000
vn 0.0000 1.0000 0.0000
vn 0.0000 1.0000 0.0000
vn 0.0000 1.0000 0.0000
vn 0.0000 1.0000 0.0000
vn 0.0000 1.0000 0.0000
vn 0.0000 1.0000 0.0000
vn 0.0000 1.0000 0.0000
vn 0.0000 1.0000 0.0000
vn 0.0000 1.0000 0.0000
vn 0.0000 1.0000 0.0000
vn 0.0000 1.0000 0.0000
vn 0.0000 1.0000 0.0000
vn 0.0000 1.0000 0.0000
vn 0.0000 1.0000 0.0000
vn 0.0000 1.0000 0.0000
vn 0.0000 1.0000 0.0000
vn 0.0000 1.0000 0.0000
vn 0.0000 1.0000 0.0000
vn 0.0000 1.0000 0.0000
vn 0.0000 1.0000 0.0000
vn 0.0000 1.0000 0.0000
vn 0.0000 1.0000 0.0000
vn 0.0000 1.0000 0.0000
vn 0.0000 1.0000 0.0000
vn 0.0000 1.0000 0.0000
vn 0.0000 1.0000 0.0000
vn 0.0000 1.0000 0.0000
vn 0.0000 1.0000 0.0000
vn 0.0000 1.0000 0.0000
vn 0.0000 1.0000 0.0000
vn 0.0000 1.0000 0.0000
vn 0.0000 1.0000 0.0000
vn 0.0000 1.0000 0.0000
vn 0.0000 1.0000 0.0000
vn 0.0000 1.0000 0.0000
vn 0.0000 1.0000 0.0000
vn 0.0000 1.0000 0.0000
vn 0.0000 1.0000 0.0000
vn 0.0000 1.0000 0.0000
vn 0.0000 1.0000 0.0000
vn 0.0000 1.0000 0.0000
vn 0.0000 1.0000 0.0000
vn 0.0000 1.0000 0.0000
vn 0.0000 1.0000 0.0000
vn 0.0000 1.0000 0.0000
vn 0.0000 1.0000 0.0000
vn 0.0000 1.0000 0.0000
vn 0.0000 1.0000 0.0000
vn 0.0000 1.0000 0.0000
vn 0.0000 1.0000 0.0000
vn 0.0000 1.0000 0.0000
vn 0.0000 1.0000 0.0000
vn 0.0000 1.0000 0.0000
vn 0.0000 1.0000 0.0000
vn 0.0000 1.0000 0.0000
vn 0.0000 1.0000 0.0000
vn 0.0000 1.0000 0.0000
vn 0.0000 1.0000 0.0000
vn 0.0000 1.0000 0.0000
vn 0.0000 1.0000 0.0000
vn 0.0000 1.0000 0.0000
vn 0.0000 1.0000 0.0000
vn 0.0000 1.0000 0.0000
vn 0.0000 1.0000 0.0000
vn 0.0000 1.0000 0.0000
vn 0.0000 1.0000 0.0000
vn 0.0000 1.0000 0.0000
vn 0.0000 1.0000 0.0000
vn 0.0000 1.0000 0.0000
vn 0.0000 1.0000 0.0000
vn 0.0000 1.0000 0.0000
vn 0.0000 1.0000 0.0000
vn 0.0000 1.0000 0.0000
vn 0.0000 1.0000 0.0000
vn 0.0000 1.0000 0.0000
vn 0.0000 1.0000 0.0000
vn 0.0000 1.0000 0.0000
vn 0.0000 1.0000 0.0000
vn 0.0000 1.0000 0.0000
vn 0.0000 1.0000 0.0000
vn 0.0000 1.0000 0.0000
vn 0.0000 1.0000 0.0000
vn 0.0000 1.0000 0.0000
vn 0.0000 1.0000 0.0000
vn 0.0000 1.0000 0.0000
vn 0.0000 1.0000 0.0000
vn 0.0000 1.0000 0.0000
vn 0.0000 1.0000 0.0000
vn 0.0000 1.0000 0.0000
vn 0.0000 1.0000 0.0000
vn 0.0000 1.0000 0.0000
vn 0.0000 1.0000 0.0000
vn 0.0000 1.0000 0.0000
vn 0.0000 1.0000 0.0000
vn 0.0000 1.0000 0.0000
vn 0.0000 1.0000 0.0000
vn 0.0000 1.0000 0.0000
vn 0.0000 1.0000 0.0000
vn 0.0000 1.0000 0.0000
vn 0.0000 1.0000 0.0000
vn 0.0000 1.0000 0.0000
vn 0.0000 1.0000 0.0000
vn 0.0000 1.0000 0.0000
vn 0.0000 1.0000 0.0000
vn 0.0000 1.0000 0.0000
vn 0.0000 1.0000 0.0000
vn 0.0000 1.0000 0.0000
vn 0.0000 1.0000 0.0000
vn 0.0000 1.0000 0.0000
vn 0.0000 1.0000 0.0000
vn 0.0000 1.0000 0.0000
vn 0.0000 1.0000 0.0000
vn 0.0000 1.0000 0.0000
vn 0.0000 1.0000 0.0000
vn 0.0000 1.0000 0.0000
vn 0.0000 1.0000 0.0000
vn 0.0000 1.0000 0.0000
vn 0.0000 1.0000 0.0000
vn 0.0000 1.0000 0.0000
vn 0.0000 1.0000 0.0000
vn 0.0000 1.0000 0.0000
vn 0.0000 1.0000 0.0000
vn 0.0000 1.0000 0.0000
vn 0.0000 1.0000 0.0000
vn 0.0000 1.0000 0.0000
vn 0.0000 1.0000 0.0000
vn 0.0000 1.0000 0.0000
vn 0.0000 1.0000 0.0000
vn 0.0000 1.0000 0.0000
vn 0.0000 1.0000 0.0000
vn 0.0000 1.0000 0.0000
vn 0.0000 1.0000 0.0000
vn 0.0000 1.0000 0.0000
vn 0.0000 1.0000 0.0000
vn 0.0000 1.0000 0.0000
vn 0.0000 1.0000 0.0000
vn 0.0000 1.0000 0.0000
vn 0.0000 1.0000 0.0000
vn 0.0000 1.0000 0.0000
vn 0.0000 1.0000 0.0000
vn 0.0000 1.0000 0.0000
vn 0.0000 1.0000 0.0000
vn 0.0000 1.0000 0.0000
vn 0.0000 1.0000 0.0000
vn 0.0000 1.0000 0.0000
vn 0.0000 1.0000 0.0000
vn 0.0000 1.0000 0.0000
vn 0.0000 1.0000 0.0000
vn 0.0000 1.0000 0.0000
vn 0.0000 1.0000 0.0000
vn 0.0000 1.0000 0.0000
vn 0.0000 1.0000 0.0000
vn 0.0000 1.0000 0.0000
vn 0.0000 1.0000 0.0000
vn 0.0000 1.0000 0.0000
vn 0.0000 1.0000 0.0000
vn 0.0000 1.0000 0.0000
vn 0.0000 1.0000 0.0000
vn 0.0000 1.0000 0.0000
vn 0.0000 1.0000 0.0000
vn 0.0000 1.0000 0.0000
vn 0.0000 1.0000 0.0000
vn 0.0000 1.0000 0.0000
vn 0.0000 1.0000 0.0000
vn 0.0000 1.0000 0.0000
vn 0.0000 1.0000 0.0000
vn 0.0000 1.0000 0.0000
vn 0.0000 1.0000 0.0000
vn 0.0000 1.0000 0.0000
vn 0.0000 1.0000 0.0000
vn 0.0000 1.0000 0.0000
vn 0.0000 1.0000 0.0000
vn 0.0000 1.0000 0.0000
vn 0.0000 1.0000 0.0000
vn 0.0000 1.0000 0.0000
vn 0.0000 1.0000 0.0000
vn 0.0000 1.0000 0.0000
vn 0.0000 1.0000 0.0000
vn 0.0000 1.0000 0.0000
vn 0.0000 1.0000 0.0000
vn 0.0000 1.0000 0.0000
vn 0.0000 1.0000 0.0000
vn 0.0000 1.0000 0.0000
vn 0.0000 1.0000 0.0000
vn 0.0000 1.0000 0.0000
vn 0.0000 1.0000 0.0000
vn 0.0000 1.0000 0.0000
vn 0.0000 1.0000 0.0000
vn 0.0000 1.0000 0.0000
vn 0.0000 1.0000 0.0000
vn 0.0000 1.0000 0.0000
vn 0.0000 1.0000 0.0000
vn 0.0000 1.0000 0.0000
vn 0.0000 1.0000 0.0000
vn 0.0000 1.0000 0.0000
vn 0.0000 1.0000 0.0000
vn 0.0000 1.0000 0.0000
vn 0.0000 1.0000 0.0000
vn 0.0000 1.0000 0.0000
vn 0.0000 1.0000 0.0000
vn 0.0000 1.0000 0.0000
vn 0.0000 1.0000 0.0000
vn 0.0000 1.0000 0.0000
vn 0.0000 1.0000 0.0000
vn 0.0000 1.0000 0.0000
vn 0.0000 1.0000 0.0000
vn 0.0000 1.0000 0.0000
vn 0.0000 1.0000 0.0000
vn 0.0000 1.0000 0.0000
vn 0.0000 1.0000 0.0000
vn 0.0000 1.0000 0.0000
vn 0.0000 1.0000 0.0000
vn 0.0000 1.0000 0.0000
vn 0.0000 1.0000 0.0000
vn 0.0000 1.0000 0.0000
vn 0.0000 1.0000 0.0000
vn 0.0000 1.0000 0.0000
vn 0.0000 1.0000 0.0000
vn 0.0000 1.0000 0.0000
vn 0.0000 1.0000 0.0000
vn 0.0000 1.0000 0.0000
vn 0.0000 1.0000 0.0000
vn 0.0000 1.0000 0.0000
vn 0.0000 1.0000 0.0000
vn 0.0000 1.0000 0.0000
vn 0.0000 1.0000 0.0000
vn 0.0000 1.0000 0.0000
vn 0.0000 1.0000 0.0000
vn 0.0000 1.0000 0.0000
vn 0.0000 1.0000 0.0000
vn 0.0000 1.0000 0.0000
vn 0.0000 1.0000 0.0000
vn 0.0000 1.0000 0.0000
vn 0.0000 1.0000 0.0000
vn 0.0000 1.0000 0.0000
vn 0.0000 1.0000 0.0000
vn 0.0000 1.0000 0.0000
vn 0.0000 1.0000 0.0000
vn 0.0000 1.0000 0.0000
vn 0.0000 1.0000 0.0000
vn 0.0000 1.0000 0.0000
vn 0.0000 1.0000 0.0000
vn 0.0000 1.0000 0.0000
vn 0.0000 1.0000 0.0000
vn 0.0000 1.0000 0.0000
vn 0.0000 1.0000 0.0000
vn 0.0000 1.0000 0.0000
vn 0.0000 1.0000 0.0000
vn 0.0000 1.0000 0.0000
vn 0.0000 1.0000 0.0000
vn 0.0000 1.0000 0.0000
vn 0.0000 1.0000 0.0000
vn 0.0000 1.0000 0.0000
vn 0.0000 1.0000 0.0000
vn 0.0000 1.0000 0.0000
vn 0.0000 1.0000 0.0000
vn 0.0000 1.0000 0.0000
vn 0.0000 1.0000 0.0000
vn 0.0000 1.0000 0.0000
vn 0.0000 1.0000 0.0000
vn 0.0000 1.0000 0.0000
vn 0.0000 1.0000 0.0000
vn 0.0000 1.0000 0.0000
vn 0.0000 1.0000 0.0000
vn 0.0000 1.0000 0.0000
vn 0.0000 1.0000 0.0000
vn 0.0000 1.0000 0.0000
vn 0.0000 1.0000 0.0000
vn 0.0000 1.0000 0.0000
vn 0.0000 1.0000 0.0000
vn 0.0000 1.0000 0.0000
vn 0.0000 1.0000 0.0000
vn 0.0000 1.0000 0.0000
vn 0.0000 1.0000 0.0000
vn 0.0000 1.0000 0.0000
vn 0.0000 1.0000 0.0000
vn 0.0000 1.0000 0.0000
vn 0.0000 1.0000 0.0000
vn 0.0000 1.0000 0.0000
vn 0.0000 1.0000 0.0000
vn 0.0000 1.0000 0.0000
vn 0.0000 1.0000 0.0000
vn 0.0000 1.0000 0.0000
vn 0.0000 1.0000 0.0000
vn 0.0000 1.0000 0.0000
vn 0.0000 1.0000 0.0000
vn 0.0000 1.0000 0.0000
vn 0.0000 1.0000 0.0000
vn 0.0000 1.0000 0.0000
vn 0.0000 1.0000 0.0000
vn 0.0000 1.0000 0.0000
vn 0.0000 1.0000 0.0000
vn 0.0000 1.0000 0.0000
vn 0.0000 1.0000 0.0000
vn 0.0000 1.0000 0.0000
vn 0.0000 1.0000 0.0000
vn 0.0000 1.0000 0.0000
vn 0.0000 1.0000 0.0000
vn 0.0000 1.0000 0.0000
vn 0.0000 1.0000 0.0000
vn 0.0000 1.0000 0.0000
vn 0.0000 1.0000 0.0000
vn 0.0000 1.0000 0.0000
vn 0.0000 1.0000 0.0000
vn 0.0000 1.0000 0.0000
vn 0.0000 1.0000 0.0000
vn 0.0000 1.0000 0.0000
vn 0.0000 1.0000 0.0000
vn 0.0000 1.0000 0.0000
vn 0.0000 1.0000 0.0000
vn 0.0000 1.0000 0.0000
vn 0.0000 1.0000 0.0000
vn 0.0000 1.0000 0.0000
vn 0.0000 1.0000 0.0000
vn 0.0000 1.0000 0.0000
vn 0.0000 1.0000 0.0000
vn 0.0000 1.0000 0.0000
vn 0.0000 1.0000 0.0000
vn 0.0000 1.0000 0.0000
vn 0.0000 1.0000 0.0000
vn 0.0000 1.0000 0.0000
vn 0.0000 1.0000 0.0000
vn 0.0000 1.0000 0.0000
vn 0.0000 1.0000 0.0000
vn 0.0000 1.0000 0.0000
vn 0.0000 1.0000 0.0000
vn 0.0000 1.0000 0.0000
vn 0.0000 1.0000 0.0000
vn 0.0000 1.0000 0.0000
vn 0.0000 1.0000 0.0000
vn 0.0000 1.0000 0.0000
vn 0.0000 1.0000 0.0000
vn 0.0000 1.0000 0.0000
vn 0.0000 1.0000 0.0000
vn 0.0000 1.0000 0.0000
vn 0.0000 1.0000 0.0000
vn 0.0000 1.0000 0.0000
vn 0.0000 1.0000 0.0000
vn 0.0000 1.0000 0.0000
vn 0.0000 1.0000 0.0000
vn 0.0000 1.0000 0.0000
vn 0.0000 1.0000 0.0000
vn 0.0000 1.0000 0.0000
vn 0.0000 1.0000 0.0000
vn 0.0000 1.0000 0.0000
vn 0.0000 1.0000 0.0000
vn 0.0000 1.0000 0.0000
vn 0.0000 1.0000 0.0000
vn 0.0000 1.0000 0.0000
vn 0.0000 1.0000 0.0000
vn 0.0000 1.0000 0.0000
vn 0.0000 1.0000 0.0000
vn 0.0000 1.0000 0.0000
vn 0.0000 1.0000 0.0000
vn 0.0000 1.0000 0.0000
vn 0.0000 1.0000 0.0000
vn 0.0000 1.0000 0.0000
vn 0.0000 1.0000 0.0000
vn 0.0000 1.0000 0.0000
vn 0.0000 1.0000 0.0000
vn 0.0000 1.0000 0.0000
vn 0.0000 1.0000 0.0000
vn 0.0000 1.0000 0.0000
vn 0.0000 1.0000 0.0000
vn 0.0000 1.0000 0.0000
vn 0.0000 1.0000 0.0000
vn 0.0000 1.0000 0.0000
vn 0.0000 1.0000 0.0000
vn 0.0000 1.0000 0.0000
vn 0.0000 1.0000 0.0000
vn 0.0000 1.0000 0.0000
vn 0.0000 1.0000 0.0000
vn 0.0000 1.0000 0.0000
vn 0.0000 1.0000 0.0000
vn 0.0000 1.0000 0.0000
vn 0.0000 1.0000 0.0000
vn 0.0000 1.0000 0.0000
vn 0.0000 1.0000 0.0000
vn 0.0000 1.0000 0.0000
vn 0.0000 1.0000 0.0000
vn 0.0000 1.0000 0.0000
vn 0.0000 1.0000 0.0000
vn 0.0000 1.0000 0.0000
vn 0.0000 1.0000 0.0000
vn 0.0000 1.0000 0.0000
vn 0.0000 1.0000 0.0000
vn 0.0000 1.0000 0.0000
vn 0.0000 1.0000 0.0000
vn 0.0000 1.0000 0.0000
vn 0.0000 1.0000 0.0000
vn 0.0000 1.0000 0.0000
vn 0.0000 1.0000 0.0000
vn 0.0000 1.0000 0.0000
vn 0.0000 1.0000 0.0000
vn 0.0000 1.0000 0.0000
vn 0.0000 1.0000 0.0000
vn 0.0000 1.0000 0.0000
vn 0.0000 1.0000 0.0000
vn 0.0000 1.0000 0.0000
vn 0.0000 1.0000 0.0000
vn 0.0000 1.0000 0.0000
vn 0.0000 1.0000 0.0000
vn 0.0000 1.0000 0.0000
vn 0.0000 1.0000 0.0000
vn 0.0000 1.0000 0.0000
vn 0.0000 1.0000 0.0000
vn 0.0000 1.0000 0.0000
vn 0.0000 1.0000 0.0000
vn 0.0000 1.0000 0.0000
vn 0.0000 1.0000 0.0000
vn 0.0000 1.0000 0.0000
vn 0.0000 1.0000 0.0000
vn 0.0000 1.0000 0.0000
vn 0.0000 1.0000 0.0000
vn 0.0000 1.0000 0.0000
vn 0.0000 1.0000 0.0000
vn 0.0000 1.0000 0.0000
vn 0.0000 1.0000 0.0000
vn 0.0000 1.0000 0.0000
vn 0.0000 1.0000 0.0000
vn 0.0000 1.0000 0.0000
vn 0.0000 1.0000 0.0000
vn 0.0000 1.0000 0.0000
vn 0.0000 1.0000 0.0000
vn 0.0000 1.0000 0.0000
vn 0.0000 1.0000 0.0000
vn 0.0000 1.0000 0.0000
vn 0.0000 1.0000 0.0000
vn 0.0000 1.0000 0.0000
vn 0.0000 1.0000 0.0000
vn 0.0000 1.0000 0.0000
vn 0.0000 1.0000 0.0000
vn 0.0000 1.0000 0.0000
vn 0.0000 1.0000 0.0000
vn 0.0000 1.0000 0.0000
vn 0.0000 1.0000 0.0000
vn 0.0000 1.0000 0.0000
vn 0.0000 1.0000 0.0000
vn 0.0000 1.0000 0.0000
vn 0.0000 1.0000 0.0000
vn 0.0000 1.0000 0.0000
vn 0.0000 1.0000 0.0000
vn 0.0000 1.0000 0.0000
vn 0.0000 1.0000 0.0000
vn 0.0000 1.0000 0.0000
vn 0.0000 1.0000 0.0000
vn 0.0000 1.0000 0.0000
vn 0.0000 1.0000 0.0000
vn 0.0000 1.0000 0.0000
vn 0.0000 1.0000 0.0000
vn 0.0000 1.0000 0.0000
vn 0.0000 1.0000 0.0000
vn 0.0000 1.0000 0.0000
vn 0.0000 1.0000 0.0000
vn 0.0000 1.0000 0.0000
vn 0.0000 1.0000 0.0000
vn 0.0000 1.0000 0.0000
vn 0.0000 1.0000 0.0000
vn 0.0000 1.0000 0.0000
vn 0.0000 1.0000 0.0000
vn 0.0000 1.0000 0.0000
vn 0.0000 1.0000 0.0000
vn 0.0000 1.0000 0.0000
vn 0.0000 1.0000 0.0000
vn 0.0000 1.0000 0.0000
vn 0.0000 1.0000 0.0000
vn 0.0000 1.0000 0.0000
vn 0.0000 1.0000 0.0000
vn 0.0000 1.0000 0.0000
vn 0.0000 1.0000 0.0000
vn 0.0000 1.0000 0.0000
vn 0.0000 1.0000 0.0000
vn 0.0000 1.0000 0.0000
vn 0.0000 1.0000 0.0000
vn 0.0000 1.0000 0.0000
vn 0.0000 1.0000 0.0000
vn 0.0000 1.0000 0.0000
vn 0.0000 1.0000 0.0000
vn 0.0000 1.0000 0.0000
vn 0.0000 1.0000 0.0000
vn 0.0000 1.0000 0.0000
vn 0.0000 1.0000 0.0000
vn 0.0000 1.0000 0.0000
vn 0.0000 1.0000 0.0000
vn 0.0000 1.0000 0.0000
vn 0.0000 1.0000 0.0000
vn 0.0000 1.0000 0.0000
vn 0.0000 1.0000 0.0000
vn 0.0000 1.0000 0.0000
vn 0.0000 1.0000 0.0000
vn 0.0000 1.0000 0.0000
vn 0.0000 1.0000 0.0000
vn 0.0000 1.0000 0.0000
vn 0.0000 1.0000 0.0000
vn 0.0000 1.0000 0.0000
vn 0.0000 1.0000 0.0000
vn 0.0000 1.0000 0.0000
vn 0.0000 1.0000 0.0000
vn 0.0000 1.0000 0.0000
vn 0.0000 1.0000 0.0000
vn 0.0000 1.0000 0.0000
vn 0.0000 1.0000 0.0000
vn 0.0000 1.0000 0.0000
vn 0.0000 1.0000 0.0000
vn 0.0000 1.0000 0.0000
vn 0.0000 1.0000 0.0000
vn 0.0000 1.0000 0.0000
vn 0.0000 1.0000 0.0000
vn 0.0000 1.0000 0.0000
vn 0.0000 1.0000 0.0000
vn 0.0000 1.0000 0.0000
vn 0.0000 1.0000 0.0000
vn 0.0000 1.0000 0.0000
vn 0.0000 1.0000 0.0000
vn 0.0000 1.0000 0.0000
vn 0.0000 1.0000 0.0000
vn 0.0000 1.0000 0.0000
vn 0.0000 1.0000 0.0000
vn 0.0000 1.0000 0.0000
vn 0.0000 1.0000 0.0000
vn 0.0000 1.0000 0.0000
vn 0.0000 1.0000 0.0000
vn 0.0000 1.0000 0.0000
vn 0.0000 1.0000 0.0000
vn 0.0000 1.0000 0.0000
vn 0.0000 1.0000 0.0000
vn 0.0000 1.0000 0.0000
vn 0.0000 1.0000 0.0000
vn 0.0000 1.0000 0.0000
vn 0.0000 1.0000 0.0000
vn 0.0000 1.0000 0.0000
vn 0.0000 1.0000 0.0000
vn 0.0000 1.0000 0.0000
vn 0.0000 1.0000 0.0000
vn 0.0000 1.0000 0.0000
vn 0.0000 1.0000 0.0000
vn 0.0000 1.0000 0.0000
vn 0.0000 1.0000 0.0000
vn 0.0000 1.0000 0.0000
vn 0.0000 1.0000 0.0000
vn 0.0000 1.0000 0.0000
vn 0.0000 1.0000 0.0000
vn 0.0000 1.0000 0.0000
vn 0.0000 1.0000 0.0000
vn 0.0000 1.0000 0.0000
vn 0.0000 1.0000 0.0000
vn 0.0000 1.0000 0.0000
vn 0.0000 1.0000 0.0000
vn 0.0000 1.0000 0.0000
vn 0.0000 1.0000 0.0000
vn 0.0000 1.0000 0.0000
vn 0.0000 1.0000 0.0000
vn 0.0000 1.0000 0.0000
vn 0.0000 1.0000 0.0000
vn 0.0000 1.0000 0.0000
vn 0.0000 1.0000 0.0000
vn 0.0000 1.0000 0.0000
vn 0.0000 1.0000 0.0000
vn 0.0000 1.0000 0.0000
vn 0.0000 1.0000 0.0000
vn 0.0000 1.0000 0.0000
vn 0.0000 1.0000 0.0000
vn 0.0000 1.0000 0.0000
vn 0.0000 1.0000 0.0000
vn 0.0000 1.0000 0.0000
vn 0.0000 1.0000 0.0000
vn 0.0000 1.0000 0.0000
vn 0.0000 1.0000 0.0000
vn 0.0000 1.0000 0.0000
vn 0.0000 1.0000 0.0000
vn 0.0000 1.0000 0.0000
vn 0.0000 1.0000 0.0000
vn 0.0000 1.0000 0.0000
vn 0.0000 1.0000 0.0000
vn 0.0000 1.0000 0.0000
vn 0.0000 1.0000 0.0000
vn 0.0000 1.0000 0.0000
vn 0.0000 1.0000 0.0000
vn 0.0000 1.0000 0.0000
vn 0.0000 1.0000 0.0000
vn 0.0000 1.0000 0.0000
vn 0.0000 1.0000 0.0000
vn 0.0000 1.0000 0.0000
vn 0.0000 1.0000 0.0000
vn 0.0000 1.0000 0.0000
vn 0.0000 1.0000 0.0000
vn 0.0000 1.0000 0.0000
vn 0.0000 1.0000 0.0000
vn 0.0000 1.0000 0.0000
vn 0.0000 1.0000 0.0000
vn 0.0000 1.0000 0.0000
vn 0.0000 1.0000 0.0000
vn 0.0000 1.0000 0.0000
vn 0.0000 1.0000 0.0000
vn 0.0000 1.0000 0.0000
vn 0.0000 1.0000 0.0000
vn 0.0000 1.0000 0.0000
vn 0.0000 1.0000 0.0000
vn 0.0000 1.0000 0.0000
vn 0.0000 1.0000 0.0000
vn 0.0000 1.0000 0.0000
vn 0.0000 1.0000 0.0000
vn 0.0000 1.0000 0.0000
vn 0.0000 1.0000 0.0000
vn 0.0000 1.0000 0.0000
vn 0.0000 1.0000 0.0000
vn 0.0000 1.0000 0.0000
vn 0.0000 1.0000 0.0000
vn 0.0000 1.0000 0.0000
vn 0.0000 1.0000 0.0000
vn 0.0000 1.0000 0.0000
vn 0.0000 1.0000 0.0000
vn 0.0000 1.0000 0.0000
vn 0.0000 1.0000 0.0000
vn 0.0000 1.0000 0.0000
vn 0.0000 1.0000 0.0000
vn 0.0000 1.0000 0.0000
vn 0.0000 1.0000 0.0000
vn 0.0000 1.0000 0.0000
vn 0.0000 1.0000 0.0000
vn 0.0000 1.0000 0.0000
vn 0.0000 1.0000 0.0000
vn 0.0000 1.0000 0.0000
vn 0.0000 1.0000 0.0000
vn 0.0000 1.0000 0.0000
vn 0.0000 1.0000 0.0000
vn 0.0000 1.0000 0.0000
vn 0.0000 1.0000 0.0000
vn 0.0000 1.0000 0.0000
vn 0.0000 1.0000 0.0000
vn 0.0000 1.0000 0.0000
vn 0.0000 1.0000 0.0000
vn 0.0000 1.0000 0.0000
vn 0.0000 1.0000 0.0000
vn 0.0000 1.0000 0.0000
vn 0.0000 1.0000 0.0000
vn 0.0000 1.0000 0.0000
vn 0.0000 1.0000 0.0000
vn 0.0000 1.0000 0.0000
vn 0.0000 1.0000 0.0000
vn 0.0000 1.0000 0.0000
vn 0.0000 1.0000 0.0000
vn 0.0000 1.0000 0.0000
vn 0.0000 1.0000 0.0000
vn 0.0000 1.0000 0.0000
vn 0.0000 1.0000 0.0000
vn 0.0000 1.0000 0.0000
vn 0.0000 1.0000 0.0000
vn 0.0000 1.0000 0.0000
vn 0.0000 1.0000 0.0000
vn 0.0000 1.0000 0.0000
vn 0.0000 1.0000 0.0000
vn 0.0000 1.0000 0.0000
vn 0.0000 1.0000 0.0000
vn 0.0000 1.0000 0.0000
vn 0.0000 1.0000 0.0000
vn 0.0000 1.0000 0.0000
vn 0.0000 1.0000 0.0000
vn 0.0000 1.0000 0.0000
vn 0.0000 1.0000 0.0000
vn 0.0000 1.0000 0.0000
vn 0.0000 1.0000 0.0000
vn 0.0000 1.0000 0.0000
vn 0.0000 1.0000 0.0000
vn 0.0000 1.0000 0.0000
vn 0.0000 1.0000 0.0000
vn 0.0000 1.0000 0.0000
vn 0.0000 1.0000 0.0000
vn 0.0000 1.0000 0.0000
vn 0.0000 1.0000 0.0000
vn 0.0000 1.0000 0.0000
vn 0.0000 1.0000 0.0000
vn 0.0000 1.0000 0.0000
vn 0.0000 1.0000 0.0000
vn 0.0000 1.0000 0.0000
vn 0.0000 1.0000 0.0000
vn 0.0000 1.0000 0.0000
vn 0.0000 1.0000 0.0000
vn 0.0000 1.0000 0.0000
vn 0.0000 1.0000 0.0000
vn 0.0000 1.0000 0.0000
vn 0.0000 1.0000 0.0000
vn 0.0000 1.0000 0.0000
vn 0.0000 1.0000 0.0000
vn 0.0000 1.0000 0.0000
vn 0.0000 1.0000 0.0000
vn 0.0000 1.0000 0.0000
vn 0.0000 1.0000 0.0000
vn 0.0000 1.0000 0.0000
vn 0.0000 1.0000 0.0000
vn 0.0000 1.0000 0.0000
vn 0.0000 1.0000 0.0000
vn 0.0000 1.0000 0.0000
vn 0.0000 1.0000 0.0000
vn 0.0000 1.0000 0.0000
vn 0.0000 1.0000 0.0000
vn 0.0000 1.0000 0.0000
vn 0.0000 1.0000 0.0000
vn 0.0000 1.0000 0.0000
vn 0.0000 1.0000 0.0000
vn 0.0000 1.0000 0.0000
vn 0.0000 1.0000 0.0000
vn 0.0000 1.0000 0.0000
vn 0.0000 1.0000 0.0000
vn 0.0000 1.0000 0.0000
vn 0.0000 1.0000 0.0000
vn 0.0000 1.0000 0.0000
vn 0.0000 1.0000 0.0000
vn 0.0000 1.0000 0.0000
vn 0.0000 1.0000 0.0000
vn 0.0000 1.0000 0.0000
vn 0.0000 1.0000 0.0000
vn 0.0000 1.0000 0.0000
vn 0.0000 1.0000 0.0000
vn 0.0000 1.0000 0.0000
vn 0.0000 1.0000 0.0000
vn 0.0000 1.0000 0.0000
vn 0.0000 1.0000 0.0000
vn 0.0000 1.0000 0.0000
vn 0.0000 1.0000 0.0000
vn 0.0000 1.0000 0.0000
vn 0.0000 1.0000 0.0000
vn 0.0000 1.0000 0.0000
vn 0.0000 1.0000 0.0000
vn 0.0000 1.0000 0.0000
vn 0.0000 1.0000 0.0000
vn 0.0000 1.0000 0.0000
vn 0.0000 1.0000 0.0000
vn 0.0000 1.0000 0.0000
vn 0.0000 1.0000 0.0000
vn 0.0000 1.0000 0.0000
vn 0.0000 1.0000 0.0000
vn 0.0000 1.0000 0.0000
vn 0.0000 1.0000 0.0000
vn 0.0000 1.0000 0.0000
vn 0.0000 1.0000 0.0000
vn 0.0000 1.0000 0.0000
vn 0.0000 1.0000 0.0000
vn 0.0000 1.0000 0.0000
vn 0.0000 1.0000 0.0000
vn 0.0000 1.0000 0.0000
vn 0.0000 1.0000 0.0000
vn 0.0000 1.0000 0.0000
vn 0.0000 1.0000 0.0000
vn 0.0000 1.0000 0.0000
vn 0.0000 1.0000 0.0000
vn 0.0000 1.0000 0.0000
vn 0.0000 1.0000 0.0000
vn 0.0000 1.0000 0.0000
vn 0.0000 1.0000 0.0000
vn 0.0000 1.0000 0.0000
vn 0.0000 1.0000 0.0000
vn 0.0000 1.0000 0.0000
vn 0.0000 1.0000 0.0000
vn 0.0000 1.0000 0.0000
vn 0.0000 1.0000 0.0000
vn 0.0000 1.0000 0.0000
vn 0.0000 1.0000 0.0000
vn 0.0000 1.0000 0.0000
vn 0.0000 1.0000 0.0000
vn 0.0000 1.0000 0.0000
vn 0.0000 1.0000 0.0000
vn 0.0000 1.0000 0.0000
vn 0.0000 1.0000 0.0000
vn 0.0000 1.0000 0.0000
vn 0.0000 1.0000 0.0000
vn 0.0000 1.0000 0.0000
vn 0.0000 1.0000 0.0000
vn 0.0000 1.0000 0.0000
vn 0.0000 1.0000 0.0000
vn 0.0000 1.0000 0.0000
vn 0.0000 1.0000 0.0000
vn 0.0000 1.0000 0.0000
vn 0.0000 1.0000 0.0000
vn 0.0000 1.0000 0.0000
vn 0.0000 1.0000 0.0000
vn 0.0000 1.0000 0.0000
vn 0.0000 1.0000 0.0000
vn 0.0000 1.0000 0.0000
vn 0.0000 1.0000 0.0000
vn 0.0000 1.0000 0.0000
vn 0.0000 1.0000 0.0000
vn 0.0000 1.0000 0.0000
vn 0.0000 1.0000 0.0000
vn 0.0000 1.0000 0.0000
vn 0.0000 1.0000 0.0000
vn 0.0000 1.0000 0.0000
vn 0.0000 1.0000 0.0000
vn 0.0000 1.0000 0.0000
vn 0.0000 1.0000 0.0000
vn 0.0000 1.0000 0.0000
vn 0.0000 1.0000 0.0000
vn 0.0000 1.0000 0.0000
vn 0.0000 1.0000 0.0000
vn 0.0000 1.0000 0.0000
vn 0.0000 1.0000 0.0000
vn 0.0000 1.0000 0.0000
vn 0.0000 1.0000 0.0000
vn 0.0000 1.0000 0.0000
vn 0.0000 1.0000 0.0000
vn 0.0000 1.0000 0.0000
vn 0.0000 1.0000 0.0000
vn 0.0000 1.0000 0.0000
vn 0.0000 1.0000 0.0000
vn 0.0000 1.0000 0.0000
vn 0.0000 1.0000 0.0000
vn 0.0000 1.0000 0.0000
vn 0.0000 1.0000 0.0000
vn 0.0000 1.0000 0.0000
vn 0.0000 1.0000 0.0000
vn 0.0000 1.0000 0.0000
vn 0.0000 1.0000 0.0000
vn 0.0000 1.0000 0.0000
vn 0.0000 1.0000 0.0000
vn 0.0000 1.0000 0.0000
vn 0.0000 1.0000 0.0000
vn 0.0000 1.0000 0.0000
vn 0.0000 1.0000 0.0000
vn 0.0000 1.0000 0.0000
vn 0.0000 1.0000 0.0000
vn 0.0000 1.0000 0.0000
vn 0.0000 1.0000 0.0000
vn 0.0000 1.0000 0.0000
vn 0.0000 1.0000 0.0000
vn 0.0000 1.0000 0.0000
vn 0.0000 1.0000 0.0000
vn 0.0000 1.0000 0.0000
vn 0.0000 1.0000 0.0000
vn 0.0000 1.0000 0.0000
vn 0.0000 1.0000 0.0000
vn 0.0000 1.0000 0.0000
vn 0.0000 1.0000 0.0000
vn 0.0000 1.0000 0.0000
vn 0.0000 1.0000 0.0000
vn 0.0000 1.0000 0.0000
vn 0.0000 1.0000 0.0000
vn 0.0000 1.0000 0.0000
vn 0.0000 1.0000 0.0000
vn 0.0000 1.0000 0.0000
vn 0.0000 1.0000 0.0000
vn 0.0000 1.0000 0.0000
vn 0.0000 1.0000 0.0000
vn 0.0000 1.0000 0.0000
vn 0.0000 1.0000 0.0000
vn 0.0000 1.0000 0.0000
vn 0.0000 1.0000 0.0000
vn 0.0000 1.0000 0.0000
vn 0.0000 1.0000 0.0000
vn 0.0000 1.0000 0.0000
vn 0.0000 1.0000 0.0000
vn 0.0000 1.0000 0.0000
vn 0.0000 1.0000 0.0000
vn 0.0000 1.0000 0.0000
vn 0.0000 1.0000 0.0000
vn 0.0000 1.0000 0.0000
vn 0.0000 1.0000 0.0000
vn 0.0000 1.0000 0.0000
vn 0.0000 1.0000 0.0000
vn 0.0000 1.0000 0.0000
vn 0.0000 1.0000 0.0000
vn 0.0000 1.0000 0.0000
vn 0.0000 1.0000 0.0000
vn 0.0000 1.0000 0.0000
vn 0.0000 1.0000 0.0000
vn 0.0000 1.0000 0.0000
vn 0.0000 1.0000 0.0000
vn 0.0000 1.0000 0.0000
vn 0.0000 1.0000 0.0000
vn 0.0000 1.0000 0.0000
vn 0.0000 1.0000 0.0000
vn 0.0000 1.0000 0.0000
vn 0.0000 1.0000 0.0000
vn 0.0000 1.0000 0.0000
vn 0.0000 1.0000 0.0000
vn 0.0000 1.0000 0.0000
vn 0.0000 1.0000 0.0000
vn 0.0000 1.0000 0.0000
vn 0.0000 1.0000 0.0000
vn 0.0000 1.0000 0.0000
vn 0.0000 1.0000 0.0000
vn 0.0000 1.0000 0.0000
vn 0.0000 1.0000 0.0000
vn 0.0000 1.0000 0.0000
vn 0.0000 1.0000 0.0000
vn 0.0000 1.0000 0.0000
vn 0.0000 1.0000 0.0000
vn 0.0000 1.0000 0.0000
vn 0.0000 1.0000 0.0000
vn 0.0000 1.0000 0.0000
vn 0.0000 1.0000 0.0000
vn 0.0000 1.0000 0.0000
vn 0.0000 1.0000 0.0000
vn 0.0000 1.0000 0.0000
vn 0.0000 1.0000 0.0000
vn 0.0000 1.0000 0.0000
vn 0.0000 1.0000 0.0000
vn 0.0000 1.0000 0.0000
vn 0.0000 1.0000 0.0000
vn 0.0000 1.0000 0.0000
vn 0.0000 1.0000 0.0000
vn 0.0000 1.0000 0.0000
vn 0.0000 1.0000 0.0000
vn 0.0000 1.0000 0.0000
vn 0.0000 1.0000 0.0000
vn 0.0000 1.0000 0.0000
vn 0.0000 1.0000 0.0000
vn 0.0000 1.0000 0.0000
vn 0.0000 1.0000 0.0000
vn 0.0000 1.0000 0.0000
vn 0.0000 1.0000 0.0000
vn 0.0000 1.0000 0.0000
vn 0.0000 1.0000 0.0000
vn 0.0000 1.0000 0.0000
vn 0.0000 1.0000 0.0000
vn 0.0000 1.0000 0.0000
vn 0.0000 1.0000 0.0000
vn 0.0000 1.0000 0.0000
vn 0.0000 1.0000 0.0000
vn 0.0000 1.0000 0.0000
vn 0.0000 1.0000 0.0000
vn 0.0000 1.0000 0.0000
vn 0.0000 1.0000 0.0000
vn 0.0000 1.0000 0.0000
vn 0.0000 1.0000 0.0000
vn 0.0000 1.0000 0.0000
vn 0.0000 1.0000 0.0000
vn 0.0000 1.0000 0.0000
vn 0.0000 1.0000 0.0000
vn 0.0000 1.0000 0.0000
vn 0.0000 1.0000 0.0000
vn 0.0000 1.0000 0.0000
vn 0.0000 1.0000 0.0000
vn 0.0000 1.0000 0.0000
vn 0.0000 1.0000 0.0000
vn 0.0000 1.0000 0.0000
vn 0.0000 1.0000 0.0000
vn 0.0000 1.0000 0.0000
vn 0.0000 1.0000 0.0000
vn 0.0000 1.0000 0.0000
vn 0.0000 1.0000 0.0000
vn 0.0000 1.0000 0.0000
vn 0.0000 1.0000 0.0000
vn 0.0000 1.0000 0.0000
vn 0.0000 1.0000 0.0000
vn 0.0000 1.0000 0.0000
vn 0.0000 1.0000 0.0000
vn 0.0000 1.0000 0.0000
vn 0.0000 1.0000 0.0000
vn 0.0000 1.0000 0.0000
vn 0.0000 1.0000 0.0000
vn 0.0000 1.0000 0.0000
vn 0.0000 1.0000 0.0000
vn 0.0000 1.0000 0.0000
vn 0.0000 1.0000 0.0000
vn 0.0000 1.0000 0.0000
vn 0.0000 1.0000 0.0000
vn 0.0000 1.0000 0.0000
vn 0.0000 1.0000 0.0000
vn 0.0000 1.0000 0.0000
vn 0.0000 1.0000 0.0000
vn 0.0000 1.0000 0.0000
vn 0.0000 1.0000 0.0000
vn 0.0000 1.0000 0.0000
vn 0.0000 1.0000 0.0000
vn 0.0000 1.0000 0.0000
vn 0.0000 1.0000 0.0000
vn 0.0000 1.0000 0.0000
vn 0.0000 1.0000 0.0000
vn 0.0000 1.0000 0.0000
vn 0.0000 1.0000 0.0000
vn 0.0000 1.0000 0.0000
vn 0.0000 1.0000 0.0000
vn 0.0000 1.0000 0.0000
vn 0.0000 1.0000 0.0000
vn 0.0000 1.0000 0.0000
vn 0.0000 1.0000 0.0000
vn 0.0000 1.0000 0.0000
vn 0.0000 1.0000 0.0000
vn 0.0000 1.0000 0.0000
vn 0.0000 1.0000 0.0000
vn 0.0000 1.0000 0.0000
vn 0.0000 1.0000 0.0000
vn 0.0000 1.0000 0.0000
vn 0.0000 1.0000 0.0000
vn 0.0000 1.0000 0.0000
vn 0.0000 1.0000 0.0000
vn 0.0000 1.0000 0.0000
vn 0.0000 1.0000 0.0000
vn 0.0000 1.0000 0.0000
vn 0.0000 1.0000 0.0000
vn 0.0000 1.0000 0.0000
vn 0.0000 1.0000 0.0000
vn 0.0000 1.0000 0.0000
vn 0.0000 1.0000 0.0000
vn 0.0000 1.0000 0.0000
vn 0.0000 1.0000 0.0000
vn 0.0000 1.0000 0.0000
vn 0.0000 1.0000 0.0000
vn 0.0000 1.0000 0.0000
vn 0.0000 1.0000 0.0000
vn 0.0000 1.0000 0.0000
vn 0.0000 1.0000 0.0000
vn 0.0000 1.0000 0.0000
vn 0.0000 1.0000 0.0000
vn 0.0000 1.0000 0.0000
vn 0.0000 1.0000 0.0000
vn 0.0000 1.0000 0.0000
vn 0.0000 1.0000 0.0000
vn 0.0000 1.0000 0.0000
vn 0.0000 1.0000 0.0000
vn 0.0000 1.0000 0.0000
vn 0.0000 1.0000 0.0000
vn 0.0000 1.0000 0.0000
vn 0.0000 1.0000 0.0000
vn 0.0000 1.0000 0.0000
vn 0.0000 1.0000 0.0000
vn 0.0000 1.0000 0.0000
vn 0.0000 1.0000 0.0000
vn 0.0000 1.0000 0.0000
vn 0.0000 1.0000 0.0000
vn 0.0000 1.0000 0.0000
vn 0.0000 1.0000 0.0000
vn 0.0000 1.0000 0.0000
vn 0.0000 1.0000 0.0000
vn 0.0000 1.0000 0.0000
vn 0.0000 1.0000 0.0000
vn 0.0000 1.0000 0.0000
vn 0.0000 1.0000 0.0000
vn 0.0000 1.0000 0.0000
vn 0.0000 1.0000 0.0000
vn 0.0000 1.0000 0.0000
vn 0.0000 1.0000 0.0000
vn 0.0000 1.0000 0.0000
vn 0.0000 1.0000 0.0000
vn 0.0000 1.0000 0.0000
vn 0.0000 1.0000 0.0000
vn 0.0000 1.0000 0.0000
vn 0.0000 1.0000 0.0000
vn 0.0000 1.0000 0.0000
vn 0.0000 1.0000 0.0000
vn 0.0000 1.0000 0.0000
vn 0.0000 1.0000 0.0000
vn 0.0000 1.0000 0.0000
vn 0.0000 1.0000 0.0000
vn 0.0000 1.0000 0.0000
vn 0.0000 1.0000 0.0000
vn 0.0000 1.0000 0.0000
vn 0.0000 1.0000 0.0000
vn 0.0000 1.0000 0.0000
vn 0.0000 1.0000 0.0000
vn 0.0000 1.0000 0.0000
vn 0.0000 1.0000 0.0000
vn 0.0000 1.0000 0.0000
vn 0.0000 1.0000 0.0000
vn 0.0000 1.0000 0.0000
vn 0.0000 1.0000 0.0000
vn 0.0000 1.0000 0.0000
vn 0.0000 1.0000 0.0000
vn 0.0000 1.0000 0.0000
vn 0.0000 1.0000 0.0000
vn 0.0000 1.0000 0.0000
vn 0.0000 1.0000 0.0000
vn 0.0000 1.0000 0.0000
vn 0.0000 1.0000 0.0000
vn 0.0000 1.0000 0.0000
vn 0.0000 1.0000 0.0000
vn 0.0000 1.0000 0.0000
vn 0.0000 1.0000 0.0000
vn 0.0000 1.0000 0.0000
vn 0.0000 1.0000 0.0000
vn 0.0000 1.0000 0.0000
vn 0.0000 1.0000 0.0000
vn 0.0000 1.0000 0.0000
vn 0.0000 1.0000 0.0000
vn 0.0000 1.0000 0.0000
vn 0.0000 1.0000 0.0000
vn 0.0000 1.0000 0.0000
vn 0.0000 1.0000 0.0000
vn 0.0000 1.0000 0.0000
vn 0.0000 1.0000 0.0000
vn 0.0000 1.0000 0.0000
vn 0.0000 1.0000 0.0000
vn 0.0000 1.0000 0.0000
vn 0.0000 1.0000 0.0000
vn 0.0000 1.0000 0.0000
vn 0.0000 1.0000 0.0000
vn 0.0000 1.0000 0.0000
vn 0.0000 1.0000 0.0000
vn 0.0000 1.0000 0.0000
vn 0.0000 1.0000 0.0000
vn 0.0000 1.0000 0.0000
vn 0.0000 1.0000 0.0000
vn 0.0000 1.0000 0.0000
vn 0.0000 1.0000 0.0000
vn 0.0000 1.0000 0.0000
vn 0.0000 1.0000 0.0000
vn 0.0000 1.0000 0.0000
vn 0.0000 1.0000 0.0000
vn 0.0000 1.0000 0.0000
vn 0.0000 1.0000 0.0000
vn 0.0000 1.0000 0.0000
vn 0.0000 1.0000 0.0000
vn 0.0000 1.0000 0.0000
vn 0.0000 1.0000 0.0000
vn 0.0000 1.0000 0.0000
vn 0.0000 1.0000 0.0000
vn 0.0000 1.0000 0.0000
vn 0.0000 1.0000 0.0000
vn 0.0000 1.0000 0.0000
vn 0.0000 1.0000 0.0000
vn 0.0000 1.0000 0.0000
vn 0.0000 1.0000 0.0000
vn 0.0000 1.0000 0.0000
vn 0.0000 1.0000 0.0000
vn 0.0000 1.0000 0.0000
vn 0.0000 1.0000 0.0000
vn 0.0000 1.0000 0.0000
vn 0.0000 1.0000 0.0000
vn 0.0000 1.0000 0.0000
vn 0.0000 1.0000 0.0000
vn 0.0000 1.0000 0.0000
vn 0.0000 1.0000 0.0000
vn 0.0000 1.0000 0.0000
vn 0.0000 1.0000 0.0000
vn 0.0000 1.0000 0.0000
vn 0.0000 1.0000 0.0000
vn 0.0000 1.0000 0.0000
vn 0.0000 1.0000 0.0000
vn 0.0000 1.0000 0.0000
vn 0.0000 1.0000 0.0000
vn 0.0000 1.0000 0.0000
vn 0.0000 1.0000 0.0000
vn 0.0000 1.0000 0.0000
vn 0.0000 1.0000 0.0000
vn 0.0000 1.0000 0.0000
vn 0.0000 1.0000 0.0000
vn 0.0000 1.0000 0.0000
vn 0.0000 1.0000 0.0000
vn 0.0000 1.0000 0.0000
vn 0.0000 1.0000 0.0000
vn 0.0000 1.0000 0.0000
vn 0.0000 1.0000 0.0000
vn 0.0000 1.0000 0.0000
vn 0.0000 1.0000 0.0000
vn 0.0000 1.0000 0.0000
vn 0.0000 1.0000 0.0000
vn 0.0000 1.0000 0.0000
vn 0.0000 1.0000 0.0000
vn 0.0000 1.0000 0.0000
vn 0.0000 1.0000 0.0000
vn 0.0000 1.0000 0.0000
vn 0.0000 1.0000 0.0000
vn 0.0000 1.0000 0.0000
vn 0.0000 1.0000 0.0000
vn 0.0000 1.0000 0.0000
vn 0.0000 1.0000 0.0000
vn 0.0000 1.0000 0.0000
vn 0.0000 1.0000 0.0000
vn 0.0000 1.0000 0.0000
vn 0.0000 1.0000 0.0000
vn 0.0000 1.0000 0.0000
vn 0.0000 1.0000 0.0000
vn 0.0000 1.0000 0.0000
vn 0.0000 1.0000 0.0000
vn 0.0000 1.0000 0.0000
vn 0.0000 1.0000 0.0000
vn 0.0000 1.0000 0.0000
vn 0.0000 1.0000 0.0000
vn 0.0000 1.0000 0.0000
vn 0.0000 1.0000 0.0000
vn 0.0000 1.0000 0.0000
vn 0.0000 1.0000 0.0000
vn 0.0000 1.0000 0.0000
vn 0.0000 1.0000 0.0000
vn 0.0000 1.0000 0.0000
vn 0.0000 1.0000 0.0000
vn 0.0000 1.0000 0.0000
vn 0.0000 1.0000 0.0000
vn 0.0000 1.0000 0.0000
vn 0.0000 1.0000 0.0000
vn 0.0000 1.0000 0.0000
vn 0.0000 1.0000 0.0000
vn 0.0000 1.0000 0.0000
vn 0.0000 1.0000 0.0000
vn 0.0000 1.0000 0.0000
vn 0.0000 1.0000 0.0000
vn 0.0000 1.0000 0.0000
vn 0.0000 1.0000 0.0000
vn 0.0000 1.0000 0.0000
vn 0.0000 1.0000 0.0000
vn 0.0000 1.0000 0.0000
vn 0.0000 1.0000 0.0000
vn 0.0000 1.0000 0.0000
vn 0.0000 1.0000 0.0000
vn 0.0000 1.0000 0.0000
vn 0.0000 1.0000 0.0000
vn 0.0000 1.0000 0.0000
vn 0.0000 1.0000 0.0000
vn 0.0000 1.0000 0.0000
vn 0.0000 1.0000 0.0000
vn 0.0000 1.0000 0.0000
vn 0.0000 1.0000 0.0000
vn 0.0000 1.0000 0.0000
vn 0.0000 1.0000 0.0000
vn 0.0000 1.0000 0.0000
vn 0.0000 1.0000 0.0000
vn 0.0000 1.0000 0.0000
vn 0.0000 1.0000 0.0000
vn 0.0000 1.0000 0.0000
vn 0.0000 1.0000 0.0000
vn 0.0000 1.0000 0.0000
vn 0.0000 1.0000 0.0000
vn 0.0000 1.0000 0.0000
vn 0.0000 1.0000 0.0000
vn 0.0000 1.0000 0.0000
vn 0.0000 1.0000 0.0000
vn 0.0000 1.0000 0.0000
vn 0.0000 1.0000 0.0000
vn 0.0000 1.0000 0.0000
vn 0.0000 1.0000 0.0000
vn 0.0000 1.0000 0.0000
vn 0.0000 1.0000 0.0000
vn 0.0000 1.0000 0.0000
vn 0.0000 1.0000 0.0000
vn 0.0000 1.0000 0.0000
vn 0.0000 1.0000 0.0000
vn 0.0000 1.0000 0.0000
vn 0.0000 1.0000 0.0000
vn 0.0000 1.0000 0.0000
vn 0.0000 1.0000 0.0000
vn 0.0000 1.0000 0.0000
vn 0.0000 1.0000 0.0000
vn 0.0000 1.0000 0.0000
vn 0.0000 1.0000 0.0000
vn 0.0000 1.0000 0.0000
vn 0.0000 1.0000 0.0000
vn 0.0000 1.0000 0.0000
vn 0.0000 1.0000 0.0000
vn 0.0000 1.0000 0.0000
vn 0.0000 1.0000 0.0000
vn 0.0000 1.0000 0.0000
vn 0.0000 1.0000 0.0000
vn 0.0000 1.0000 0.0000
vn 0.0000 1.0000 0.0000
vn 0.0000 1.0000 0.0000
vn 0.0000 1.0000 0.0000
vn 0.0000 1.0000 0.0000
vn 0.0000 1.0000 0.0000
vn 0.0000 1.0000 0.0000
vn 0.0000 1.0000 0.0000
vn 0.0000 1.0000 0.0000
vn 0.0000 1.0000 0.0000
vn 0.0000 1.0000 0.0000
vn 0.0000 1.0000 0.0000
vn 0.0000 1.0000 0.0000
vn 0.0000 1.0000 0.0000
vn 0.0000 1.0000 0.0000
vn 0.0000 1.0000 0.0000
vn 0.0000 1.0000 0.0000
vn 0.0000 1.0000 0.0000
vn 0.0000 1.0000 0.0000
vn 0.0000 1.0000 0.0000
vn 0.0000 1.0000 0.0000
vn 0.0000 1.0000 0.0000
vn 0.0000 1.0000 0.0000
vn 0.0000 1.0000 0.0000
vn 0.0000 1.0000 0.0000
vn 0.0000 1.0000 0.0000
vn 0.0000 1.0000 0.0000
vn 0.0000 1.0000 0.0000
vn 0.0000 1.0000 0.0000
vn 0.0000 1.0000 0.0000
vn 0.0000 1.0000 0.0000
vn 0.0000 1.0000 0.0000
vn 0.0000 1.0000 0.0000
vn 0.0000 1.0000 0.0000
vn 0.0000 1.0000 0.0000
vn 0.0000 1.0000 0.0000
vn 0.0000 1.0000 0.0000
vn 0.0000 1.0000 0.0000
vn 0.0000 1.0000 0.0000
vn 0.0000 1.0000 0.0000
vn 0.0000 1.0000 0.0000
vn 0.0000 1.0000 0.0000
vn 0.0000 1.0000 0.0000
vn 0.0000 1.0000 0.0000
vn 0.0000 1.0000 0.0000
vn 0.0000 1.0000 0.0000
vn 0.0000 1.0000 0.0000
vn 0.0000 1.0000 0.0000
vn 0.0000 1.0000 0.0000
vn 0.0000 1.0000 0.0000
vn 0.0000 1.0000 0.0000
vn 0.0000 1.0000 0.0000
vn 0.0000 1.0000 0.0000
vn 0.0000 1.0000 0.0000
vn 0.0000 1.0000 0.0000
vn 0.0000 1.0000 0.0000
vn 0.0000 1.0000 0.0000
vn 0.0000 1.0000 0.0000
vn 0.0000 1.0000 0.0000
vn 0.0000 1.0000 0.0000
vn 0.0000 1.0000 0.0000
vn 0.0000 1.0000 0.0000
vn 0.0000 1.0000 0.0000
vn 0.0000 1.0000 0.0000
vn 0.0000 1.0000 0.0000
vn 0.0000 1.0000 0.0000
vn 0.0000 1.0000 0.0000
vn 0.0000 1.0000 0.0000
vn 0.0000 1.0000 0.0000
vn 0.0000 1.0000 0.0000
vn 0.0000 1.0000 0.0000
vn 0.0000 1.0000 0.0000
vn 0.0000 1.0000 0.0000
vn 0.0000 1.0000 0.0000
vn 0.0000 1.0000 0.0000
vn 0.0000 1.0000 0.0000
vn 0.0000 1.0000 0.0000
vn 0.0000 1.0000 0.0000
vn 0.0000 1.0000 0.0000
vn 0.0000 1.0000 0.0000
vn 0.0000 1.0000 0.0000
vn 0.0000 1.0000 0.0000
vn 0.0000 1.0000 0.0000
vn 0.0000 1.0000 0.0000
vn 0.0000 1.0000 0.0000
vn 0.0000 1.0000 0.0000
vn 0.0000 1.0000 0.0000
vn 0.0000 1.0000 0.0000
vn 0.0000 1.0000 0.0000
vn 0.0000 1.0000 0.0000
vn 0.0000 1.0000 0.0000
vn 0.0000 1.0000 0.0000
vn 0.0000 1.0000 0.0000
vn 0.0000 1.0000 0.0000
vn 0.0000 1.0000 0.0000
vn 0.0000 1.0000 0.0000
vn 0.0000 1.0000 0.0000
vn 0.0000 1.0000 0.0000
vn 0.0000 1.0000 0.0000
vn 0.0000 1.0000 0.0000
vn 0.0000 1.0000 0.0000
vn 0.0000 1.0000 0.0000
vn 0.0000 1.0000 0.0000
vn 0.0000 1.0000 0.0000
vn 0.0000 1.0000 0.0000
vn 0.0000 1.0000 0.0000
vn 0.0000 1.0000 0.0000
vn 0.0000 1.0000 0.0000
vn 0.0000 1.0000 0.0000
vn 0.0000 1.0000 0.0000
vn 0.0000 1.0000 0.0000
vn 0.0000 1.0000 0.0000
vn 0.0000 1.0000 0.0000
vn 0.0000 1.0000 0.0000
vn 0.0000 1.0000 0.0000
vn 0.0000 1.0000 0.0000
vn 0.0000 1.0000 0.0000
vn 0.0000 1.0000 0.0000
vn 0.0000 1.0000 0.0000
vn 0.0000 1.0000 0.0000
vn 0.0000 1.0000 0.0000
vn 0.0000 1.0000 0.0000
vn 0.0000 1.0000 0.0000
vn 0.0000 1.0000 0.0000
vn 0.0000 1.0000 0.0000
vn 0.0000 1.0000 0.0000
vn 0.0000 1.0000 0.0000
vn 0.0000 1.0000 0.0000
vn 0.0000 1.0000 0.0000
vn 0.0000 1.0000 0.0000
vn 0.0000 1.0000 0.0000
vn 0.0000 1.0000 0.0000
vn 0.0000 1.0000 0.0000
vn 0.0000 1.0000 0.0000
vn 0.0000 1.0000 0.0000
vn 0.0000 1.0000 0.0000
vn 0.0000 1.0000 0.0000
vn 0.0000 1.0000 0.0000
vn 0.0000 1.0000 0.0000
vn 0.0000 1.0000 0.0000
vn 0.0000 1.0000 0.0000
vn 0.0000 1.0000 0.0000
vn 0.0000 1.0000 0.0000
vn 0.0000 1.0000 0.0000
vn 0.0000 1.0000 0.0000
vn 0.0000 1.0000 0.0000
vn 0.0000 1.0000 0.0000
vn 0.0000 1.0000 0.0000
vn 0.0000 1.0000 0.0000
vn 0.0000 1.0000 0.0000
vn 0.0000 1.0000 0.0000
vn 0.0000 1.0000 0.0000
vn 0.0000 1.0000 0.0000
vn 0.0000 1.0000 0.0000
vn 0.0000 1.0000 0.0000
vn 0.0000 1.0000 0.0000
vn 0.0000 1.0000 0.0000
vn 0.0000 1.0000 0.0000
vn 0.0000 1.0000 0.0000
vn 0.0000 1.0000 0.0000
vn 0.0000 1.0000 0.0000
vn 0.0000 1.0000 0.0000
vn 0.0000 1.0000 0.0000
vn 0.0000 1.0000 0.0000
vn 0.0000 1.0000 0.0000
vn 0.0000 1.0000 0.0000
vn 0.0000 1.0000 0.0000
vn 0.0000 1.0000 0.0000
vn 0.0000 1.0000 0.0000
vn 0.0000 1.0000 0.0000
vn 0.0000 1.0000 0.0000
vn 0.0000 1.0000 0.0000
vn 0.0000 1.0000 0.0000
vn 0.0000 1.0000 0.0000
vn 0.0000 1.0000 0.0000
vn 0.0000 1.0000 0.0000
vn 0.0000 1.0000 0.0000
vn 0.0000 1.0000 0.0000
vn 0.0000 1.0000 0.0000
vn 0.0000 1.0000 0.0000
vn 0.0000 1.0000 0.0000
vn 0.0000 1.0000 0.0000
vn 0.0000 1.0000 0.0000
vn 0.0000 1.0000 0.0000
vn 0.0000 1.0000 0.0000
vn 0.0000 1.0000 0.0000
vn 0.0000 1.0000 0.0000
vn 0.0000 1.0000 0.0000
vn 0.0000 1.0000 0.0000
vn 0.0000 1.0000 0.0000
vn 0.0000 1.0000 0.0000
vn 0.0000 1.0000 0.0000
vn 0.0000 1.0000 0.0000
vn 0.0000 1.0000 0.0000
vn 0.0000 1.0000 0.0000
vn 0.0000 1.0000 0.0000
vn 0.0000 1.0000 0.0000
vn 0.0000 1.0000 0.0000
vn 0.0000 1.0000 0.0000
vn 0.0000 1.0000 0.0000
vn 0.0000 1.0000 0.0000
vn 0.0000 1.0000 0.0000
vn 0.0000 1.0000 0.0000
vn 0.0000 1.0000 0.0000
vn 0.0000 1.0000 0.0000
vn 0.0000 1.0000 0.0000
vn 0.0000 1.0000 0.0000
vn 0.0000 1.0000 0.0000
vn 0.0000 1.0000 0.0000
vn 0.0000 1.0000 0.0000
vn 0.0000 1.0000 0.0000
vn 0.0000 1.0000 0.0000
vn 0.0000 1.0000 0.0000
vn 0.0000 1.0000 0.0000
vn 0.0000 1.0000 0.0000
vn 0.0000 1.0000 0.0000
vn 0.0000 1.0000 0.0000
vn 0.0000 1.0000 0.0000
vn 0.0000 1.0000 0.0000
vn 0.0000 1.0000 0.0000
vn 0.0000 1.0000 0.0000
vn 0.0000 1.0000 0.0000
vn 0.0000 1.0000 0.0000
vn 0.0000 1.0000 0.0000
vn 0.0000 1.0000 0.0000
vn 0.0000 1.0000 0.0000
vn 0.0000 1.0000 0.0000
vn 0.0000 1.0000 0.0000
vn 0.0000 1.0000 0.0000
vn 0.0000 1.0000 0.0000
vn 0.0000 1.0000 0.0000
vn 0.0000 1.0000 0.0000
vn 0.0000 1.0000 0.0000
vn 0.0000 1.0000 0.0000
vn 0.0000 1.0000 0.0000
vn 0.0000 1.0000 0.0000
vn 0.0000 1.0000 0.0000
vn 0.0000 1.0000 0.0000
vn 0.0000 1.0000 0.0000
vn 0.0000 1.0000 0.0000
vn 0.0000 1.0000 0.0000
vn 0.0000 1.0000 0.0000
vn 0.0000 1.0000 0.0000
vn 0.0000 1.0000 0.0000
vn 0.0000 1.0000 0.0000
vn 0.0000 1.0000 0.0000
vn 0.0000 1.0000 0.0000
vn 0.0000 1.0000 0.0000
vn 0.0000 1.0000 0.0000
vn 0.0000 1.0000 0.0000
vn 0.0000 1.0000 0.0000
vn 0.0000 1.0000 0.0000
vn 0.0000 1.0000 0.0000
vn 0.0000 1.0000 0.0000
vn 0.0000 1.0000 0.0000
vn 0.0000 1.0000 0.0000
vn 0.0000 1.0000 0.0000
vn 0.0000 1.0000 0.0000
vn 0.0000 1.0000 0.0000
vn 0.0000 1.0000 0.0000
vn 0.0000 1.0000 0.0000
vn 0.0000 1.0000 0.0000
vn 0.0000 1.0000 0.0000
vn 0.0000 1.0000 0.0000
vn 0.0000 1.0000 0.0000
vn 0.0000 1.0000 0.0000
vn 0.0000 1.0000 0.0000
vn 0.0000 1.0000 0.0000
vn 0.0000 1.0000 0.0000
vn 0.0000 1.0000 0.0000
vn 0.0000 1.0000 0.0000
vn 0.0000 1.0000 0.0000
vn 0.0000 1.0000 0.0000
vn 0.0000 1.0000 0.0000
vn 0.0000 1.0000 0.0000
vn 0.0000 1.0000 0.0000
vn 0.0000 1.0000 0.0000
vn 0.0000 1.0000 0.0000
vn 0.0000 1.0000 0.0000
vn 0.0000 1.0000 0.0000
vn 0.0000 1.0000 0.0000
vn 0.0000 1.0000 0.0000
vn 0.0000 1.0000 0.0000
vn 0.0000 1.0000 0.0000
vn 0.0000 1.0000 0.0000
vn 0.0000 1.0000 0.0000
vn 0.0000 1.0000 0.0000
vn 0.0000 1.0000 0.0000
vn 0.0000 1.0000 0.0000
vn 0.0000 1.0000 0.0000
vn 0.0000 1.0000 0.0000
vn 0.0000 1.0000 0.0000
vn 0.0000 1.0000 0.0000
vn 0.0000 1.0000 0.0000
vn 0.0000 1.0000 0.0000
vn 0.0000 1.0000 0.0000
vn 0.0000 1.0000 0.0000
vn 0.0000 1.0000 0.0000
vn 0.0000 1.0000 0.0000
vn 0.0000 1.0000 0.0000
vn 0.0000 1.0000 0.0000
vn 0.0000 1.0000 0.0000
vn 0.0000 1.0000 0.0000
vn 0.0000 1.0000 0.0000
vn 0.0000 1.0000 0.0000
vn 0.0000 1.0000 0.0000
vn 0.0000 1.0000 0.0000
vn 0.0000 1.0000 0.0000
vn 0.0000 1.0000 0.0000
vn 0.0000 1.0000 0.0000
vn 0.0000 1.0000 0.0000
vn 0.0000 1.0000 0.0000
vn 0.0000 1.0000 0.0000
vn 0.0000 1.0000 0.0000
vn 0.0000 1.0000 0.0000
vn 0.0000 1.0000 0.0000
vn 0.0000 1.0000 0.0000
vn 0.0000 1.0000 0.0000
vn 0.0000 1.0000 0.0000
vn 0.0000 1.0000 0.0000
vn 0.0000 1.0000 0.0000
vn 0.0000 1.0000 0.0000
vn 0.0000 1.0000 0.0000
vn 0.0000 1.0000 0.0000
vn 0.0000 1.0000 0.0000
vn 0.0000 1.0000 0.0000
vn 0.0000 1.0000 0.0000
vn 0.0000 1.0000 0.0000
vn 0.0000 1.0000 0.0000
vn 0.0000 1.0000 0.0000
vn 0.0000 1.0000 0.0000
vn 0.0000 1.0000 0.0000
vn 0.0000 1.0000 0.0000
vn 0.0000 1.0000 0.0000
vn 0.0000 1.0000 0.0000
vn 0.0000 1.0000 0.0000
vn 0.0000 1.0000 0.0000
vn 0.0000 1.0000 0.0000
vn 0.0000 1.0000 0.0000
vn 0.0000 1.0000 0.0000
vn 0.0000 1.0000 0.0000
vn 0.0000 1.0000 0.0000
vn 0.0000 1.0000 0.0000
vn 0.0000 1.0000 0.0000
vn 0.0000 1.0000 0.0000
vn 0.0000 1.0000 0.0000
vn 0.0000 1.0000 0.0000
vn 0.0000 1.0000 0.0000
vn 0.0000 1.0000 0.0000
vn 0.0000 1.0000 0.0000
vn 0.0000 1.0000 0.0000
vn 0.0000 1.0000 0.0000
vn 0.0000 1.0000 0.0000
vn 0.0000 1.0000 0.0000
vn 0.0000 1.0000 0.0000
vn 0.0000 1.0000 0.0000
vn 0.0000 1.0000 0.0000
vn 0.0000 1.0000 0.0000
vn 0.0000 1.0000 0.0000
vn 0.0000 1.0000 0.0000
vn 0.0000 1.0000 0.0000
vn 0.0000 1.0000 0.0000
vn 0.0000 1.0000 0.0000
vn 0.0000 1.0000 0.0000
vn 0.0000 1.0000 0.0000
vn 0.0000 1.0000 0.0000
vn 0.0000 1.0000 0.0000
vn 0.0000 1.0000 0.0000
vn 0.0000 1.0000 0.0000
vn 0.0000 1.0000 0.0000
vn 0.0000 1.0000 0.0000
vn 0.0000 1.0000 0.0000
vn 0.0000 1.0000 0.0000
vn 0.0000 1.0000 0.0000
vn 0.0000 1.0000 0.0000
vn 0.0000 1.0000 0.0000
vn 0.0000 1.0000 0.0000
vn 0.0000 1.0000 0.0000
vn 0.0000 1.0000 0.0000
vn 0.0000 1.0000 0.0000
vn 0.0000 1.0000 0.0000
vn 0.0000 1.0000 0.0000
vn 0.0000 1.0000 0.0000
vn 0.0000 1.0000 0.0000
vn 0.0000 1.0000 0.0000
vn 0.0000 1.0000 0.0000
vn 0.0000 1.0000 0.0000
vn 0.0000 1.0000 0.0000
vn 0.0000 1.0000 0.0000
vn 0.0000 1.0000 0.0000
vn 0.0000 1.0000 0.0000
vn 0.0000 1.0000 0.0000
vn 0.0000 1.0000 0.0000
vn 0.0000 1.0000 0.0000
vn 0.0000 1.0000 0.0000
vn 0.0000 1.0000 0.0000
vn 0.0000 1.0000 0.0000
vn 0.0000 1.0000 0.0000
vn 0.0000 1.0000 0.0000
vn 0.0000 1.0000 0.0000
vn 0.0000 1.0000 0.0000
vn 0.0000 1.0000 0.0000
vn 0.0000 1.0000 0.0000
vn 0.0000 1.0000 0.0000
vn 0.0000 1.0000 0.0000
vn 0.0000 1.0000 0.0000
vn 0.0000 1.0000 0.0000
vn 0.0000 1.0000 0.0000
vn 0.0000 1.0000 0.0000
vn 0.0000 1.0000 0.0000
vn 0.0000 1.0000 0.0000
vn 0.0000 1.0000 0.0000
vn 0.0000 1.0000 0.0000
vn 0.0000 1.0000 0.0000
vn 0.0000 1.0000 0.0000
vn 0.0000 1.0000 0.0000
vn 0.0000 1.0000 0.0000
vn 0.0000 1.0000 0.0000
vn 0.0000 1.0000 0.0000
vn 0.0000 1.0000 0.0000
vn 0.0000 1.0000 0.0000
vn 0.0000 1.0000 0.0000
vn 0.0000 1.0000 0.0000
vn 0.0000 1.0000 0.0000
vn 0.0000 1.0000 0.0000
vn 0.0000 1.0000 0.0000
vn 0.0000 1.0000 0.0000
vn 0.0000 1.0000 0.0000
vn 0.0000 1.0000 0.0000
vn 0.0000 1.0000 0.0000
vn 0.0000 1.0000 0.0000
vn 0.0000 1.0000 0.0000
vn 0.0000 1.0000 0.0000
vn 0.0000 1.0000 0.0000
vn 0.0000 1.0000 0.0000
vn 0.0000 1.0000 0.0000
vn 0.0000 1.0000 0.0000
vn 0.0000 1.0000 0.0000
vn 0.0000 1.0000 0.0000
vn 0.0000 1.0000 0.0000
vn 0.0000 1.0000 0.0000
vn 0.0000 1.0000 0.0000
vn 0.0000 1.0000 0.0000
vn 0.0000 1.0000 0.0000
vn 0.0000 1.0000 0.0000
vn 0.0000 1.0000 0.0000
vn 0.0000 1.0000 0.0000
vn 0.0000 1.0000 0.0000
vn 0.0000 1.0000 0.0000
vn 0.0000 1.0000 0.0000
vn 0.0000 1.0000 0.0000
vn 0.0000 1.0000 0.0000
vn 0.0000 1.0000 0.0000
vn 0.0000 1.0000 0.0000
vn 0.0000 1.0000 0.0000
vn 0.0000 1.0000 0.0000
vn 0.0000 1.0000 0.0000
vn 0.0000 1.0000 0.0000
vn 0.0000 1.0000 0.0000
vn 0.0000 1.0000 0.0000
vn 0.0000 1.0000 0.0000
vn 0.0000 1.0000 0.0000
vn 0.0000 1.0000 0.0000
vn 0.0000 1.0000 0.0000
vn 0.0000 1.0000 0.0000
vn 0.0000 1.0000 0.0000
vn 0.0000 1.0000 0.0000
vn 0.0000 1.0000 0.0000
vn 0.0000 1.0000 0.0000
vn 0.0000 1.0000 0.0000
vn 0.0000 1.0000 0.0000
vn 0.0000 1.0000 0.0000
vn 0.0000 1.0000 0.0000
vn 0.0000 1.0000 0.0000
vn 0.0000 1.0000 0.0000
vn 0.0000 1.0000 0.0000
vn 0.0000 1.0000 0.0000
vn 0.0000 1.0000 0.0000
vn 0.0000 1.0000 0.0000
vn 0.0000 1.0000 0.0000
vn 0.0000 1.0000 0.0000
vn 0.0000 1.0000 0.0000
vn 0.0000 1.0000 0.0000
vn 0.0000 1.0000 0.0000
vn 0.0000 1.0000 0.0000
vn 0.0000 1.0000 0.0000
vn 0.0000 1.0000 0.0000
vn 0.0000 1.0000 0.0000
vn 0.0000 1.0000 0.0000
vn 0.0000 1.0000 0.0000
vn 0.0000 1.0000 0.0000
vn 0.0000 1.0000 0.0000
vn 0.0000 1.0000 0.0000
vn 0.0000 1.0000 0.0000
vn 0.0000 1.0000 0.0000
vn 0.0000 1.0000 0.0000
vn 0.0000 1.0000 0.0000
vn 0.0000 1.0000 0.0000
vn 0.0000 1.0000 0.0000
vn 0.0000 1.0000 0.0000
vn 0.0000 1.0000 0.0000
vn 0.0000 1.0000 0.0000
vn 0.0000 1.0000 0.0000
vn 0.0000 1.0000 0.0000
vn 0.0000 1.0000 0.0000
vn 0.0000 1.0000 0.0000
vn 0.0000 1.0000 0.0000
vn 0.0000 1.0000 0.0000
vn 0.0000 1.0000 0.0000
vn 0.0000 1.0000 0.0000
vn 0.0000 1.0000 0.0000
vn 0.0000 1.0000 0.0000
vn 0.0000 1.0000 0.0000
vn 0.0000 1.0000 0.0000
vn 0.0000 1.0000 0.0000
vn 0.0000 1.0000 0.0000
vn 0.0000 1.0000 0.0000
vn 0.0000 1.0000 0.0000
vn 0.0000 1.0000 0.0000
vn 0.0000 1.0000 0.0000
vn 0.0000 1.0000 0.0000
vn 0.0000 1.0000 0.0000
vn 0.0000 1.0000 0.0000
vn 0.0000 1.0000 0.0000
vn 0.0000 1.0000 0.0000
vn 0.0000 1.0000 0.0000
vn 0.0000 1.0000 0.0000
vn 0.0000 1.0000 0.0000
vn 0.0000 1.0000 0.0000
vn 0.0000 1.0000 0.0000
vn 0.0000 1.0000 0.0000
vn 0.0000 1.0000 0.0000
vn 0.0000 1.0000 0.0000
vn 0.0000 1.0000 0.0000
vn 0.0000 1.0000 0.0000
vn 0.0000 1.0000 0.0000
vn 0.0000 1.0000 0.0000
vn 0.0000 1.0000 0.0000
vn 0.0000 1.0000 0.0000
vn 0.0000 1.0000 0.0000
vn 0.0000 1.0000 0.0000
vn 0.0000 1.0000 0.0000
vn 0.0000 1.0000 0.0000
vn 0.0000 1.0000 0.0000
vn 0.0000 1.0000 0.0000
vn 0.0000 1.0000 0.0000
vn 0.0000 1.0000 0.0000
vn 0.0000 1.0000 0.0000
vn 0.0000 1.0000 0.0000
vn 0.0000 1.0000 0.0000
vn 0.0000 1.0000 0.0000
vn 0.0000 1.0000 0.0000
vn 0.0000 1.0000 0.0000
vn 0.0000 1.0000 0.0000
vn 0.0000 1.0000 0.0000
vn 0.0000 1.0000 0.0000
vn 0.0000 1.0000 0.0000
vn 0.0000 1.0000 0.0000
vn 0.0000 1.0000 0.0000
vn 0.0000 1.0000 0.0000
vn 0.0000 1.0000 0.0000
vn 0.0000 1.0000 0.0000
vn 0.0000 1.0000 0.0000
vn 0.0000 1.0000 0.0000
vn 0.0000 1.0000 0.0000
vn 0.0000 1.0000 0.0000
vn 0.0000 1.0000 0.0000
vn 0.0000 1.0000 0.0000
vn 0.0000 1.0000 0.0000
vn 0.0000 1.0000 0.0000
vn 0.0000 1.0000 0.0000
vn 0.0000 1.0000 0.0000
vn 0.0000 1.0000 0.0000
vn 0.0000 1.0000 0.0000
vn 0.0000 1.0000 0.0000
vn 0.0000 1.0000 0.0000
vn 0.0000 1.0000 0.0000
vn 0.0000 1.0000 0.0000
vn 0.0000 1.0000 0.0000
vn 0.0000 1.0000 0.0000
vn 0.0000 1.0000 0.0000
vn 0.0000 1.0000 0.0000
vn 0.0000 1.0000 0.0000
vn 0.0000 1.0000 0.0000
vn 0.0000 1.0000 0.0000
vn 0.0000 1.0000 0.0000
vn 0.0000 1.0000 0.0000
vn 0.0000 1.0000 0.0000
vn 0.0000 1.0000 0.0000
vn 0.0000 1.0000 0.0000
vn 0.0000 1.0000 0.0000
vn 0.0000 1.0000 0.0000
vn 0.0000 1.0000 0.0000
vn 0.0000 1.0000 0.0000
vn 0.0000 1.0000 0.0000
vn 0.0000 1.0000 0.0000
vn 0.0000 1.0000 0.0000
vn 0.0000 1.0000 0.0000
vn 0.0000 1.0000 0.0000
vn 0.0000 1.0000 0.0000
vn 0.0000 1.0000 0.0000
vn 0.0000 1.0000 0.0000
vn 0.0000 1.0000 0.0000
vn 0.0000 1.0000 0.0000
vn 0.0000 1.0000 0.0000
vn 0.0000 1.0000 0.0000
vn 0.0000 1.0000 0.0000
vn 0.0000 1.0000 0.0000
vn 0.0000 1.0000 0.0000
vn 0.0000 1.0000 0.0000
vn 0.0000 1.0000 0.0000
vn 0.0000 1.0000 0.0000
vn 0.0000 1.0000 0.0000
vn 0.0000 1.0000 0.0000
vn 0.0000 1.0000 0.0000
vn 0.0000 1.0000 0.0000
vn 0.0000 1.0000 0.0000
vn 0.0000 1.0000 0.0000
vn 0.0000 1.0000 0.0000
vn 0.0000 1.0000 0.0000
vn 0.0000 1.0000 0.0000
vn 0.0000 1.0000 0.0000
vn 0.0000 1.0000 0.0000
vn 0.0000 1.0000 0.0000
vn 0.0000 1.0000 0.0000
vn 0.0000 1.0000 0.0000
vn 0.0000 1.0000 0.0000
vn 0.0000 1.0000 0.0000
vn 0.0000 1.0000 0.0000
vn 0.0000 1.0000 0.0000
vn 0.0000 1.0000 0.0000
vn 0.0000 1.0000 0.0000
vn 0.0000 1.0000 0.0000
vn 0.0000 1.0000 0.0000
vn 0.0000 1.0000 0.0000
vn 0.0000 1.0000 0.0000
vn 0.0000 1.0000 0.0000
vn 0.0000 1.0000 0.0000
vn 0.0000 1.0000 0.0000
vn 0.0000 1.0000 0.0000
vn 0.0000 1.0000 0.0000
vn 0.0000 1.0000 0.0000
vn 0.0000 1.0000 0.0000
vn 0.0000 1.0000 0.0000
vn 0.0000 1.0000 0.0000
vn 0.0000 1.0000 0.0000
vn 0.0000 1.0000 0.0000
vn 0.0000 1.0000 0.0000
vn 0.0000 1.0000 0.0000
vn 0.0000 1.0000 0.0000
vn 0.0000 1.0000 0.0000
vn 0.0000 1.0000 0.0000
vn 0.0000 1.0000 0.0000
vn 0.0000 1.0000 0.0000
vn 0.0000 1.0000 0.0000
vn 0.0000 1.0000 0.0000
vn 0.0000 1.0000 0.0000
vn 0.0000 1.0000 0.0000
vn 0.0000 1.0000 0.0000
vn 0.0000 1.0000 0.0000
vn 0.0000 1.0000 0.0000
vn 0.0000 1.0000 0.0000
vn 0.0000 1.0000 0.0000
vn 0.0000 1.0000 0.0000
vn 0.0000 1.0000 0.0000
vn 0.0000 1.0000 0.0000
vn 0.0000 1.0000 0.0000
vn 0.0000 1.0000 0.0000
vn 0.0000 1.0000 0.0000
vn 0.0000 1.0000 0.0000
vn 0.0000 1.0000 0.0000
vn 0.0000 1.0000 0.0000
vn 0.0000 1.0000 0.0000
vn 0.0000 1.0000 0.0000
vn 0.0000 1.0000 0.0000
vn 0.0000 1.0000 0.0000
vn 0.0000 1.0000 0.0000
vn 0.0000 1.0000 0.0000
vn 0.0000 1.0000 0.0000
vn 0.0000 1.0000 0.0000
vn 0.0000 1.0000 0.0000
vn 0.0000 1.0000 0.0000
vn 0.0000 1.0000 0.0000
vn 0.0000 1.0000 0.0000
vn 0.0000 1.0000 0.0000
vn 0.0000 1.0000 0.0000
vn 0.0000 1.0000 0.0000
vn 0.0000 1.0000 0.0000
vn 0.0000 1.0000 0.0000
vn 0.0000 1.0000 0.0000
vn 0.0000 1.0000 0.0000
vn 0.0000 1.0000 0.0000
vn 0.0000 1.0000 0.0000
vn 0.0000 1.0000 0.0000
vn 0.0000 1.0000 0.0000
vn 0.0000 1.0000 0.0000
vn 0.0000 1.0000 0.0000
vn 0.0000 1.0000 0.0000
vn 0.0000 1.0000 0.0000
vn 0.0000 1.0000 0.0000
vn 0.0000 1.0000 0.0000
vn 0.0000 1.0000 0.0000
vn 0.0000 1.0000 0.0000
vn 0.0000 1.0000 0.0000
vn 0.0000 1.0000 0.0000
vn 0.0000 1.0000 0.0000
vn 0.0000 1.0000 0.0000
vn 0.0000 1.0000 0.0000
vn 0.0000 1.0000 0.0000
vn 0.0000 1.0000 0.0000
vn 0.0000 1.0000 0.0000
vn 0.0000 1.0000 0.0000
vn 0.0000 1.0000 0.0000
vn 0.0000 1.0000 0.0000
vn 0.0000 1.0000 0.0000
vn 0.0000 1.0000 0.0000
vn 0.0000 1.0000 0.0000
vn 0.0000 1.0000 0.0000
f 1 2 3
f 4 5 6
f 7 8 9
f 10 11 12
f 13 14 15
f 16 17 18
f 19 20 21
f 22 23 24
f 25 26 27
f 28 29 30
f 31 32 33
f 34 35 36
f 37 38 39
f 40 41 42
f 43 44 45
f 46 47 48
f 49 50 51
f 52 53 54
f 55 56 57
f 58 59 60
f 61 62 63
f 64 65 66
f 67 68 69
f 70 71 72
f 73 74 75
f 76 77 78
f 79 80 81
f 82 83 84
f 85 86 87
f 88 89 90
f 91 92 93
f 94 95 96
f 97 98 99
f 100 101 102
f 103 104 105
f 106 107 108
f 109 110 111
f 112 113 114
f 115 116 117
f 118 119 120
f 121 122 123
f 124 125 126
f 127 128 129
f 130 131 132
f 133 134 135
f 136 137 138
f 139 140 141
f 142 143 144
f 145 146 147
f 148 149 150
f 151 152 153
f 154 155 156
f 157 158 159
f 160 161 162
f 163 164 165
f 166 167 168
f 169 170 171
f 172 173 174
f 175 176 177
f 178 179 180
f 181 182 183
f 184 185 186
f 187 188 189
f 190 191 192
f 193 194 195
f 196 197 198
f 199 200 201
f 202 203 204
f 205 206 207
f 208 209 210
f 211 212 213
f 214 215 216
f 217 218 219
f 220 221 222
f 223 224 225
f 226 227 228
f 229 230 231
f 232 233 234
f 235 236 237
f 238 239 240
f 241 242 243
f 244 245 246
f 247 248 249
f 250 251 252
f 253 254 255
f 256 257 258
f 259 260 261
f 262 263 264
f 265 266 267
f 268 269 270
f 271 272 273
f 274 275 276
f 277 278 279
f 280 281 282
f 283 284 285
f 286 287 288
f 289 290 291
f 292 293 294
f 295 296 297
f 298 299 300
f 301 302 303
f 304 305 306
f 307 308 309
f 310 311 312
f 313 314 315
f 316 317 318
f 319 320 321
f 322 323 324
f 325 326 327
f 328 329 330
f 331 332 333
f 334 335 336
f 337 338 339
f 340 341 342
f 343 344 345
f 346 347 348
f 349 350 351
f 352 353 354
f 355 356 357
f 358 359 360
f 361 362 363
f 364 365 366
f 367 368 369
f 370 371 372
f 373 374 375
f 376 377 378
f 379 380 381
f 382 383 384
f 385 386 387
f 388 389 390
f 391 392 393
f 394 395 396
f 397 398 399
f 400 401 402
f 403 404 405
f 406 407 408
f 409 410 411
f 412 413 414
f 415 416 417
f 418 419 420
f 421 422 423
f 424 425 426
f 427 428 429
f 430 431 432
f 433 434 435
f 436 437 438
f 439 440 441
f 442 443 444
f 445 446 447
f 448 449 450
f 451 452 453
f 454 455 456
f 457 458 459
f 460 461 462
f 463 464 465
f 466 467 468
f 469 470 471
f 472 473 474
f 475 476 477
f 478 479 480
f 481 482 483
f 484 485 486
f 487 488 489
f 490 491 492
f 493 494 495
f 496 497 498
f 499 500 501
f 502 503 504
f 505 506 507
f 508 509 510
f 511 512 513
f 514 515 516
f 517 518 519
f 520 521 522
f 523 524 525
f 526 527 528
f 529 530 531
f 532 533 534
f 535 536 537
f 538 539 540
f 541 542 543
f 544 545 546
f 547 548 549
f 550 551 552
f 553 554 555
f 556 557 558
f 559 560 561
f 562 563 564
f 565 566 567
f 568 569 570
f 571 572 573
f 574 575 576
f 577 578 579
f 580 581 582
f 583 584 585
f 586 587 588
f 589 590 591
f 592 593 594
f 595 596 597
f 598 599 600
f 601 602 603
f 604 605 606
f 607 608 609
f 610 611 612
f 613 614 615
f 616 617 618
f 619 620 621
f 622 623 624
f 625 626 627
f 628 629 630
f 631 632 633
f 634 635 636
f 637 638 639
f 640 641 642
f 643 644 645
f 646 647 648
f 649 650 651
f 652 653 654
f 655 656 657
f 658 659 660
f 661 662 663
f 664 665 666
f 667 668 669
f 670 671 672
f 673 674 675
f 676 677 678
f 679 680 681
f 682 683 684
f 685 686 687
f 688 689 690
f 691 692 693
f 694 695 696
f 697 698 699
f 700 701 702
f 703 704 705
f 706 707 708
f 709 710 711
f 712 713 714
f 715 716 717
f 718 719 720
f 721 722 723
f 724 725 726
f 727 728 729
f 730 731 732
f 733 734 735
f 736 737 738
f 739 740 741
f 742 743 744
f 745 746 747
f 748 749 750
f 751 752 753
f 754 755 756
f 757 758 759
f 760 761 762
f 763 764 765
f 766 767 768
f 769 770 771
f 772 773 774
f 775 776 777
f 778 779 780
f 781 782 783
f 784 785 786
f 787 788 789
f 790 791 792
f 793 794 795
f 796 797 798
f 799 800 801
f 802 803 804
f 805 806 807
f 808 809 810
f 811 812 813
f 814 815 816
f 817 818 819
f 820 821 822
f 823 824 825
f 826 827 828
f 829 830 831
f 832 833 834
f 835 836 837
f 838 839 840
f 841 842 843
f 844 845 846
f 847 848 849
f 850 851 852
f 853 854 855
f 856 857 858
f 859 860 861
f 862 863 864
f 865 866 867
f 868 869 870
f 871 872 873
f 874 875 876
f 877 878 879
f 880 881 882
f 883 884 885
f 886 887 888
f 889 890 891
f 892 893 894
f 895 896 897
f 898 899 900
f 901 902 903
f 904 905 906
f 907 908 909
f 910 911 912
f 913 914 915
f 916 917 918
f 919 920 921
f 922 923 924
f 925 926 927
f 928 929 930
f 931 932 933
f 934 935 936
f 937 938 939
f 940 941 942
f 943 944 945
f 946 947 948
f 949 950 951
f 952 953 954
f 955 956 957
f 958 959 960
f 961 962 963
f 964 965 966
f 967 968 969
f 970 971 972
f 973 974 975
f 976 977 978
f 979 980 981
f 982 983 984
f 985 986 987
f 988 989 990
f 991 992 993
f 994 995 996
f 997 998 999
f 1000 1001 1002
f 1003 1004 1005
f 1006 1007 1008
f 1009 1010 1011
f 1012 1013 1014
f 1015 1016 1017
f 1018 1019 1020
f 1021 1022 1023
f 1024 1025 1026
f 1027 1028 1029
f 1030 1031 1032
f 1033 1034 1035
f 1036 1037 1038
f 1039 1040 1041
f 1042 1043 1044
f 1045 1046 1047
f 1048 1049 1050
f 1051 1052 1053
f 1054 1055 1056
f 1057 1058 1059
f 1060 1061 1062
f 1063 1064 1065
f 1066 1067 1068
f 1069 1070 1071
f 1072 1073 1074
f 1075 1076 1077
f 1078 1079 1080
f 1081 1082 1083
f 1084 1085 1086
f 1087 1088 1089
f 1090 1091 1092
f 1093 1094 1095
f 1096 1097 1098
f 1099 1100 1101
f 1102 1103 1104
f 1105 1106 1107
f 1108 1109 1110
f 1111 1112 1113
f 1114 1115 1116
f 1117 1118 1119
f 1120 1121 1122
f 1123 1124 1125
f 1126 1127 1128
f 1129 1130 1131
f 1132 1133 1134
f 1135 1136 1137
f 1138 1139 1140
f 1141 1142 1143
f 1144 1145 1146
f 1147 1148 1149
f 1150 1151 1152
f 1153 1154 1155
f 1156 1157 1158
f 1159 1160 1161
f 1162 1163 1164
f 1165 1166 1167
f 1168 1169 1170
f 1171 1172 1173
f 1174 1175 1176
f 1177 1178 1179
f 1180 1181 1182
f 1183 1184 1185
f 1186 1187 1188
f 1189 1190 1191
f 1192 1193 1194
f 1195 1196 1197
f 1198 1199 1200
f 1201 1202 1203
f 1204 1205 1206
f 1207 1208 1209
f 1210 1211 1212
f 1213 1214 1215
f 1216 1217 1218
f 1219 1220 1221
f 1222 1223 1224
f 1225 1226 1227
f 1228 1229 1230
f 1231 1232 1233
f 1234 1235 1236
f 1237 1238 1239
f 1240 1241 1242
f 1243 1244 1245
f 1246 1247 1248
f 1249 1250 1251
f 1252 1253 1254
f 1255 1256 1257
f 1258 1259 1260
f 1261 1262 1263
f 1264 1265 1266
f 1267 1268 1269
f 1270 1271 1272
f 1273 1274 1275
f 1276 1277 1278
f 1279 1280 1281
f 1282 1283 1284
f 1285 1286 1287
f 1288 1289 1290
f 1291 1292 1293
f 1294 1295 1296
f 1297 1298 1299
f 1300 1301 1302
f 1303 1304 1305
f 1306 1307 1308
f 1309 1310 1311
f 1312 1313 1314
f 1315 1316 1317
f 1318 1319 1320
f 1321 1322 1323
f 1324 1325 1326
f 1327 1328 1329
f 1330 1331 1332
f 1333 1334 1335
f 1336 1337 1338
f 1339 1340 1341
f 1342 1343 1344
f 1345 1346 1347
f 1348 1349 1350
f 1351 1352 1353
f 1354 1355 1356
f 1357 1358 1359
f 1360 1361 1362
f 1363 1364 1365
f 1366 1367 1368
f 1369 1370 1371
f 1372 1373 1374
f 1375 1376 1377
f 1378 1379 1380
f 1381 1382 1383
f 1384 1385 1386
f 1387 1388 1389
f 1390 1391 1392
f 1393 1394 1395
f 1396 1397 1398
f 1399 1400 1401
f 1402 1403 1404
f 1405 1406 1407
f 1408 1409 1410
f 1411 1412 1413
f 1414 1415 1416
f 1417 1418 1419
f 1420 1421 1422
f 1423 1424 1425
f 1426 1427 1428
f 1429 1430 1431
f 1432 1433 1434
f 1435 1436 1437
f 1438 1439 1440
f 1441 1442 1443
f 1444 1445 1446
f 1447 1448 1449
f 1450 1451 1452
f 1453 1454 1455
f 1456 1457 1458
f 1459 1460 1461
f 1462 1463 1464
f 1465 1466 1467
f 1468 1469 1470
f 1471 1472 1473
f 1474 1475 1476
f 1477 1478 1479
f 1480 1481 1482
f 1483 1484 1485
f 1486 1487 1488
f 1489 1490 1491
f 1492 1493 1494
f 1495 1496 1497
f 1498 1499 1500
f 1501 1502 1503
f 1504 1505 1506
f 1507 1508 1509
f 1510 1511 1512
f 1513 1514 1515
f 1516 1517 1518
f 1519 1520 1521
f 1522 1523 1524
f 1525 1526 1527
f 1528 1529 1530
f 1531 1532 1533
f 1534 1535 1536
f 1537 1538 1539
f 1540 1541 1542
f 1543 1544 1545
f 1546 1547 1548
f 1549 1550 1551
f 1552 1553 1554
f 1555 1556 1557
f 1558 1559 1560
f 1561 1562 1563
f 1564 1565 1566
f 1567 1568 1569
f 1570 1571 1572
f 1573 1574 1575
f 1576 1577 1578
f 1579 1580 1581
f 1582 1583 1584
f 1585 1586 1587
f 1588 1589 1590
f 1591 1592 1593
f 1594 1595 1596
f 1597 1598 1599
f 1600 1601 1602
f 1603 1604 1605
f 1606 1607 1608
f 1609 1610 1611
f 1612 1613 1614
f 1615 1616 1617
f 1618 1619 1620
f 1621 1622 1623
f 1624 1625 1626
f 1627 1628 1629
f 1630 1631 1632
f 1633 1634 1635
f 1636 1637 1638
f 1639 1640 1641
f 1642 1643 1644
f 1645 1646 1647
f 1648 1649 1650
f 1651 1652 1653
f 1654 1655 1656
f 1657 1658 1659
f 1660 1661 1662
f 1663 1664 1665
f 1666 1667 1668
f 1669 1670 1671
f 1672 1673 1674
f 1675 1676 1677
f 1678 1679 1680
f 1681 1682 1683
f 1684 1685 1686
f 1687 1688 1689
f 1690 1691 1692
f 1693 1694 1695
f 1696 1697 1698
f 1699 1700 1701
f 1702 1703 1704
f 1705 1706 1707
f 1708 1709 1710
f 1711 1712 1713
f 1714 1715 1716
f 1717 1718 1719
f 1720 1721 1722
f 1723 1724 1725
f 1726 1727 1728
f 1729 1730 1731
f 1732 1733 1734
f 1735 1736 1737
f 1738 1739 1740
f 1741 1742 1743
f 1744 1745 1746
f 1747 1748 1749
f 1750 1751 1752
f 1753 1754 1755
f 1756 1757 1758
f 1759 1760 1761
f 1762 1763 1764
f 1765 1766 1767
f 1768 1769 1770
f 1771 1772 1773
f 1774 1775 1776
f 1777 1778 1779
f 1780 1781 1782
f 1783 1784 1785
f 1786 1787 1788
f 1789 1790 1791
f 1792 1793 1794
f 1795 1796 1797
f 1798 1799 1800
f 1801 1802 1803
f 1804 1805 1806
f 1807 1808 1809
f 1810 1811 1812
f 1813 1814 1815
f 1816 1817 1818
f 1819 1820 1821
f 1822 1823 1824
f 1825 1826 1827
f 1828 1829 1830
f 1831 1832 1833
f 1834 1835 1836
f 1837 1838 1839
f 1840 1841 1842
f 1843 1844 1845
f 1846 1847 1848
f 1849 1850 1851
f 1852 1853 1854
f 1855 1856 1857
f 1858 1859 1860
f 1861 1862 1863
f 1864 1865 1866
f 1867 1868 1869
f 1870 1871 1872
f 1873 1874 1875
f 1876 1877 1878
f 1879 1880 1881
f 1882 1883 1884
f 1885 1886 1887
f 1888 1889 1890
f 1891 1892 1893
f 1894 1895 1896
f 1897 1898 1899
f 1900 1901 1902
f 1903 1904 1905
f 1906 1907 1908
f 1909 1910 1911
f 1912 1913 1914
f 1915 1916 1917
f 1918 1919 1920
f 1921 1922 1923
f 1924 1925 1926
f 1927 1928 1929
f 1930 1931 1932
f 1933 1934 1935
f 1936 1937 1938
f 1939 1940 1941
f 1942 1943 1944
f 1945 1946 1947
f 1948 1949 1950
f 1951 1952 1953
f 1954 1955 1956
f 1957 1958 1959
f 1960 1961 1962
f 1963 1964 1965
f 1966 1967 1968
f 1969 1970 1971
f 1972 1973 1974
f 1975 1976 1977
f 1978 1979 1980
f 1981 1982 1983
f 1984 1985 1986
f 1987 1988 1989
f 1990 1991 1992
f 1993 1994 1995
f 1996 1997 1998
f 1999 2000 2001
f 2002 2003 2004
f 2005 2006 2007
f 2008 2009 2010
f 2011 2012 2013
f 2014 2015 2016
f 2017 2018 2019
f 2020 2021 2022
f 2023 2024 2025
f 2026 2027 2028
f 2029 2030 2031
f 2032 2033 2034
f 2035 2036 2037
f 2038 2039 2040
f 2041 2042 2043
f 2044 2045 2046
f 2047 2048 2049
f 2050 2051 2052
f 2053 2054 2055
f 2056 2057 2058
f 2059 2060 2061
f 2062 2063 2064
f 2065 2066 2067
f 2068 2069 2070
f 2071 2072 2073
f 2074 2075 2076
f 2077 2078 2079
f 2080 2081 2082
f 2083 2084 2085
f 2086 2087 2088
f 2089 2090 2091
f 2092 2093 2094
f 2095 2096 2097
f 2098 2099 2100
f 2101 2102 2103
f 2104 2105 2106
f 2107 2108 2109
f 2110 2111 2112
f 2113 2114 2115
f 2116 2117 2118
f 2119 2120 2121
f 2122 2123 2124
f 2125 2126 2127
f 2128 2129 2130
f 2131 2132 2133
f 2134 2135 2136
f 2137 2138 2139
f 2140 2141 2142
f 2143 2144 2145
f 2146 2147 2148
f 2149 2150 2151
f 2152 2153 2154
f 2155 2156 2157
f 2158 2159 2160
f 2161 2162 2163
f 2164 2165 2166
f 2167 2168 2169
f 2170 2171 2172
f 2173 2174 2175
f 2176 2177 2178
f 2179 2180 2181
f 2182 2183 2184
f 2185 2186 2187
f 2188 2189 2190
f 2191 2192 2193
f 2194 2195 2196
f 2197 2198 2199
f 2200 2201 2202
f 2203 2204 2205
f 2206 2207 2208
f 2209 2210 2211
f 2212 2213 2214
f 2215 2216 2217
f 2218 2219 2220
f 2221 2222 2223
f 2224 2225 2226
f 2227 2228 2229
f 2230 2231 2232
f 2233 2234 2235
f 2236 2237 2238
f 2239 2240 2241
f 2242 2243 2244
f 2245 2246 2247
f 2248 2249 2250
f 2251 2252 2253
f 2254 2255 2256
f 2257 2258 2259
f 2260 2261 2262
f 2263 2264 2265
f 2266 2267 2268
f 2269 2270 2271
f 2272 2273 2274
f 2275 2276 2277
f 2278 2279 2280
f 2281 2282 2283
f 2284 2285 2286
f 2287 2288 2289
f 2290 2291 2292
f 2293 2294 2295
f 2296 2297 2298
f 2299 2300 2301
f 2302 2303 2304
f 2305 2306 2307
f 2308 2309 2310
f 2311 2312 2313
f 2314 2315 2316
f 2317 2318 2319
f 2320 2321 2322
f 2323 2324 2325
f 2326 2327 2328
f 2329 2330 2331
f 2332 2333 2334
f 2335 2336 2337
f 2338 2339 2340
f 2341 2342 2343
f 2344 2345 2346
f 2347 2348 2349
f 2350 2351 2352
f 2353 2354 2355
f 2356 2357 2358
f 2359 2360 2361
f 2362 2363 2364
f 2365 2366 2367
f 2368 2369 2370
f 2371 2372 2373
f 2374 2375 2376
f 2377 2378 2379
f 2380 2381 2382
f 2383 2384 2385
f 2386 2387 2388
f 2389 2390 2391
f 2392 2393 2394
f 2395 2396 2397
f 2398 2399 2400
f 2401 2402 2403
f 2404 2405 2406
f 2407 2408 2409
f 2410 2411 2412
f 2413 2414 2415
f 2416 2417 2418
f 2419 2420 2421
f 2422 2423 2424
f 2425 2426 2427
f 2428 2429 2430
f 2431 2432 2433
f 2434 2435 2436
f 2437 2438 2439
f 2440 2441 2442
f 2443 2444 2445
f 2446 2447 2448
f 2449 2450 2451
f 2452 2453 2454
f 2455 2456 2457
f 2458 2459 2460
f 2461 2462 2463
f 2464 2465 2466
f 2467 2468 2469
f 2470 2471 2472
f 2473 2474 2475
f 2476 2477 2478
f 2479 2480 2481
f 2482 2483 2484
f 2485 2486 2487
f 2488 2489 2490
f 2491 2492 2493
f 2494 2495 2496
f 2497 2498 2499
f 2500 2501 2502
f 2503 2504 2505
f 2506 2507 2508
f 2509 2510 2511
f 2512 2513 2514
f 2515 2516 2517
f 2518 2519 2520
f 2521 2522 2523
f 2524 2525 2526
f 2527 2528 2529
f 2530 2531 2532
f 2533 2534 2535
f 2536 2537 2538
f 2539 2540 2541
f 2542 2543 2544
f 2545 2546 2547
f 2548 2549 2550
f 2551 2552 2553
f 2554 2555 2556
f 2557 2558 2559
f 2560 2561 2562
f 2563 2564 2565
f 2566 2567 2568
f 2569 2570 2571
f 2572 2573 2574
f 2575 2576 2577
f 2578 2579 2580
f 2581 2582 2583
f 2584 2585 2586
f 2587 2588 2589
f 2590 2591 2592
f 2593 2594 2595
f 2596 2597 2598
f 2599 2600 2601
f 2602 2603 2604
f 2605 2606 2607
f 2608 2609 2610
f 2611 2612 2613
f 2614 2615 2616
f 2617 2618 2619
f 2620 2621 2622
f 2623 2624 2625
f 2626 2627 2628
f 2629 2630 2631
f 2632 2633 2634
f 2635 2636 2637
f 2638 2639 2640
f 2641 2642 2643
f 2644 2645 2646
f 2647 2648 2649
f 2650 2651 2652
f 2653 2654 2655
f 2656 2657 2658
f 2659 2660 2661
f 2662 2663 2664
f 2665 2666 2667
f 2668 2669 2670
f 2671 2672 2673
f 2674 2675 2676
f 2677 2678 2679
f 2680 2681 2682
f 2683 2684 2685
f 2686 2687 2688
f 2689 2690 2691
f 2692 2693 2694
f 2695 2696 2697
f 2698 2699 2700
f 2701 2702 2703
f 2704 2705 2706
f 2707 2708 2709
f 2710 2711 2712
f 2713 2714 2715
f 2716 2717 2718
f 2719 2720 2721
f 2722 2723 2724
f 2725 2726 2727
f 2728 2729 2730
f 2731 2732 2733
f 2734 2735 2736
f 2737 2738 2739
f 2740 2741 2742
f 2743 2744 2745
f 2746 2747 2748
f 2749 2750 2751
f 2752 2753 2754
f 2755 2756 2757
f 2758 2759 2760
f 2761 2762 2763
f 2764 2765 2766
f 2767 2768 2769
f 2770 2771 2772
f 2773 2774 2775
f 2776 2777 2778
f 2779 2780 2781
f 2782 2783 2784
f 2785 2786 2787
f 2788 2789 2790
f 2791 2792 2793
f 2794 2795 2796
f 2797 2798 2799
f 2800 2801 2802
f 2803 2804 2805
f 2806 2807 2808
f 2809 2810 2811
f 2812 2813 2814
f 2815 2816 2817
f 2818 2819 2820
f 2821 2822 2823
f 2824 2825 2826
f 2827 2828 2829
f 2830 2831 2832
f 2833 2834 2835
f 2836 2837 2838
f 2839 2840 2841
f 2842 2843 2844
f 2845 2846 2847
f 2848 2849 2850
f 2851 2852 2853
f 2854 2855 2856
f 2857 2858 2859
f 2860 2861 2862
f 2863 2864 2865
f 2866 2867 2868
f 2869 2870 2871
f 2872 2873 2874
f 2875 2876 2877
f 2878 2879 2880
f 2881 2882 2883
f 2884 2885 2886
f 2887 2888 2889
f 2890 2891 2892
f 2893 2894 2895
f 2896 2897 2898
f 2899 2900 2901
f 2902 2903 2904
f 2905 2906 2907
f 2908 2909 2910
f 2911 2912 2913
f 2914 2915 2916
f 2917 2918 2919
f 2920 2921 2922
f 2923 2924 2925
f 2926 2927 2928
f 2929 2930 2931
f 2932 2933 2934
f 2935 2936 2937
f 2938 2939 2940
f 2941 2942 2943
f 2944 2945 2946
f 2947 2948 2949
f 2950 2951 2952
f 2953 2954 2955
f 2956 2957 2958
f 2959 2960 2961
f 2962 2963 2964
f 2965 2966 2967
f 2968 2969 2970
f 2971 2972 2973
f 2974 2975 2976
f 2977 2978 2979
f 2980 2981 2982
f 2983 2984 2985
f 2986 2987 2988
f 2989 2990 2991
f 2992 2993 2994
f 2995 2996 2997
f 2998 2999 3000
f 3001 3002 3003
f 3004 3005 3006
f 3007 3008 3009
f 3010 3011 3012
f 3013 3014 3015
f 3016 3017 3018
f 3019 3020 3021
f 3022 3023 3024
f 3025 3026 3027
f 3028 3029 3030
f 3031 3032 3033
f 3034 3035 3036
f 3037 3038 3039
f 3040 3041 3042
f 3043 3044 3045
f 3046 3047 3048
f 3049 3050 3051
