# PSO Extracted Authentic Geometry
v 1275.6201 0.0000 0.0000
v 0.0000 1275.6201 0.0000
v 0.0000 0.0000 1275.6201
v 1275.6201 0.0000 0.0000
v 200.0000 0.0000 0.0000
v 0.0000 1275.6201 0.0000
v 0.0000 0.0000 1275.6201
v 1275.6201 0.0000 0.0000
v 0.0000 1275.6201 0.0000
v 0.0000 0.0000 1275.6201
v 833.6791 0.0000 0.0000
v 0.0000 833.6791 0.0000
v 0.0000 0.0000 -200.0000
v 0.0000 200.0000 0.0000
v 0.0000 0.0000 833.6791
v 833.6791 0.0000 0.0000
v 0.0000 833.6791 0.0000
v 0.0000 0.0000 833.6791
v 833.6791 0.0000 0.0000
v 0.0000 833.6791 0.0000
v 0.0000 0.0000 833.6791
v 452.5483 0.0000 0.0000
v 0.0000 0.0000 2551.2410
v 2551.2410 0.0000 0.0000
v -800.0000 0.0000 0.0000
v 0.0000 0.0000 2551.2410
v 2551.2410 0.0000 0.0000
v -1600.0000 0.0000 0.0000
v 0.0000 0.0000 1815.8499
v 2551.2412 0.0000 0.0000
v -600.0000 200.0000 0.0000
v 0.0000 0.0000 2551.2405
v 2551.2410 0.0000 0.0000
v 0.0000 0.0000 2551.2410
v 2551.2410 0.0000 0.0000
v 0.0000 1815.8499 0.0000
v 0.0000 0.0000 2551.2412
v 2551.2412 0.0000 0.0000
v 0.0000 0.0000 2551.2410
v 2551.2412 0.0000 0.0000
v 0.0000 43.0116 0.0000
v 0.0000 0.0000 43.0116
v 35.0000 0.0000 0.0000
v 0.0000 35.0000 0.0000
v 10.0000 51.0000 0.0000
v 0.0000 0.0000 35.0000
v 185.0000 10.0000 251.0000
v 35.0000 0.0000 0.0000
v 0.0000 43.0116 0.0000
v 0.0000 0.0000 35.0000
v 35.0000 0.0000 0.0000
v 0.0000 35.0000 0.0000
v 0.0000 0.0000 35.0000
v 35.0000 0.0000 0.0000
v -305.0000 0.0000 0.0000
v 0.0000 43.0116 0.0000
v 0.0000 0.0000 43.0116
v 43.0116 0.0000 0.0000
v -105.0000 0.0000 0.0000
v 0.0000 43.0116 0.0000
v 0.0000 0.0000 43.0116
v 43.0116 0.0000 0.0000
v -305.0000 0.0000 0.0000
v 0.0000 43.0116 0.0000
v 0.0000 0.0000 35.0000
v 0.0000 0.0000 2500.0000
v -0.0000 79.5083 -70.0907
v 0.0000 0.5020 1.0000
v -35.0453 79.5083 -60.7003
v 0.0000 0.2510 0.9333
v -60.7003 79.5083 -35.0453
v 0.0000 0.0667 0.7490
v -70.0907 79.5083 0.0000
v 0.0000 0.0000 0.4980
v -60.7003 79.5083 35.0453
v 0.0000 0.0667 0.2471
v -35.0453 79.5083 60.7003
v 0.0000 0.2510 0.0627
v 0.0000 79.5083 70.0907
v 0.0000 0.5020 0.0000
v 35.0454 79.5083 60.7003
v 0.0000 0.7529 0.0627
v 60.7003 79.5083 35.0453
v 0.0000 0.9373 0.2471
v 70.0907 79.5083 -0.0000
v 0.0000 1.0039 0.4980
v 60.7003 79.5083 -35.0453
v 0.0000 0.9373 0.7490
v 35.0453 79.5083 -60.7003
v 0.0000 0.7529 0.9333
v 30.3502 76.2041 -17.5227
v 0.0000 0.7176 0.6235
v 45.5252 77.8562 -26.2840
v 0.0000 0.8275 0.6863
v 17.5227 76.2041 -30.3502
v 0.0000 0.6275 0.7137
v 26.2840 77.8562 -45.5252
v 0.0000 0.6902 0.8235
v -0.0000 76.2041 -35.0453
v 0.0000 0.5020 0.7490
v -0.0000 77.8562 -52.5680
v 0.0000 0.5020 0.8745
v -17.5227 76.2041 -30.3502
v 0.0000 0.3765 0.7137
v -26.2840 77.8562 -45.5252
v 0.0000 0.3137 0.8235
v -30.3502 76.2041 -17.5227
v 0.0000 0.2863 0.6235
v -45.5252 77.8562 -26.2840
v 0.0000 0.1765 0.6863
v -35.0453 76.2041 0.0000
v 0.0000 0.2510 0.4980
v -52.5680 77.8562 0.0000
v 0.0000 0.1255 0.4980
v -30.3502 76.2041 17.5227
v 0.0000 0.2863 0.3725
v -45.5252 77.8562 26.2840
v 0.0000 0.1765 0.3098
v -17.5227 76.2041 30.3502
v 0.0000 0.3765 0.2824
v -26.2840 77.8562 45.5252
v 0.0000 0.3137 0.1725
v 0.0000 76.2041 35.0453
v 0.0000 0.5020 0.2471
v 0.0000 77.8562 52.5680
v 0.0000 0.5020 0.1216
v 17.5227 76.2041 30.3501
v 0.0000 0.6275 0.2824
v 26.2840 77.8562 45.5252
v 0.0000 0.6902 0.1725
v 30.3502 76.2041 17.5227
v 0.0000 0.7176 0.3725
v 45.5252 77.8562 26.2840
v 0.0000 0.8275 0.3098
v 35.0453 76.2041 -0.0000
v 0.0000 0.7529 0.4980
v 52.5680 77.8562 -0.0000
v 0.0000 0.8784 0.4980
v 0.0000 0.0000 76.2041
v 0.0000 99.1232 0.0000
v 0.0000 1.0000 1.0000
v 1.0000 0.0000 0.0000
v 0.5020 0.4980 -0.0000
v 5.0980 -23.0447 0.0000
v 0.5020 0.7529 -0.0000
v 2.0835 -45.1275 0.0000
v 0.5020 1.0000 -11.5223
v 5.0980 -19.9573 0.0000
v 0.3725 0.7216 -22.5637
v 2.0835 -39.0815 0.0000
v 0.2510 0.9333 -19.9573
v 5.0980 -11.5223 0.0000
v 0.2784 0.6275 -39.0815
v 2.0835 -22.5637 0.0000
v 0.0667 0.7490 -23.0447
v 5.0980 0.0000 0.0000
v 0.2471 0.4980 -45.1275
v 2.0835 0.0000 0.0000
v 0.0000 0.4980 -19.9573
v 5.0980 11.5223 0.0000
v 0.2784 0.3686 -39.0815
v 2.0835 22.5637 0.0000
v 0.0667 0.2471 -11.5223
v 5.0980 19.9573 0.0000
v 0.3725 0.2745 -22.5637
v 2.0835 39.0815 0.0000
v 0.2510 0.0627 0.0000
v 5.0980 23.0447 0.0000
v 0.5020 0.2431 0.0000
v 2.0835 45.1275 0.0000
v 0.5020 0.0000 11.5223
v 5.0980 19.9573 0.0000
v 0.6314 0.2745 22.5637
v 2.0835 39.0815 0.0000
v 0.7529 0.0627 19.9573
v 5.0980 11.5223 0.0000
v 0.7255 0.3686 39.0815
v 2.0835 22.5637 0.0000
v 0.9373 0.2471 23.0447
v 5.0980 -0.0000 0.0000
v 0.7569 0.4980 45.1275
v 2.0835 -0.0000 0.0000
v 1.0039 0.4980 19.9573
v 5.0980 -11.5223 0.0000
v 0.7255 0.6275 39.0815
v 2.0835 -22.5637 0.0000
v 0.9373 0.7490 11.5223
v 5.0980 -19.9573 0.0000
v 0.6314 0.7216 22.5637
v 2.0835 -39.0815 0.0000
v 0.7529 0.9333 29.5194
v 3.5907 -17.0430 0.0000
v 0.8314 0.6863 17.0430
v 3.5907 -29.5194 0.0000
v 0.6902 0.8275 -0.0000
v 3.5907 -34.0861 0.0000
v 0.5020 0.8784 -17.0430
v 3.5907 -29.5194 0.0000
v 0.3137 0.8275 -29.5194
v 3.5907 -17.0430 0.0000
v 0.1725 0.6863 -34.0861
v 3.5907 0.0000 0.0000
v 0.1216 0.4980 -29.5194
v 3.5907 17.0430 0.0000
v 0.1725 0.3098 -17.0430
v 3.5907 29.5194 0.0000
v 0.3137 0.1686 0.0000
v 3.5907 34.0861 0.0000
v 0.5020 0.1176 17.0430
v 3.5907 29.5194 0.0000
v 0.6902 0.1686 29.5194
v 3.5907 17.0430 0.0000
v 0.8314 0.3098 34.0861
v 3.5907 -0.0000 0.0000
v 0.8824 0.4980 0.0000
v 0.0000 0.0000 3.9917
v 0.0000 63.8199 0.0000
v 0.0000 1.0000 1.0000
v 1.0000 0.0000 0.0000
v 0.0000 0.0000 24.9510
v 1.0000 35.0143 0.0000
v 0.0000 1.0000 1.0000
v 1.0000 0.0000 0.0000
v -1.5804 0.0000 0.0000
v 229.6501 89.9000 -229.6501
v 466.1956 0.0000 0.0000
v 1.0000 1.0000 1.0000
v 0.0000 0.0000 255.0000
v 90.0000 -255.0000 502.0458
v 0.0000 0.0000 1.0000
v 1.0000 1.0000 0.0000
v -5.1137 0.0000 0.0000
v 0.0000 290.0000 -40.0000
v -290.0000 452.5483 0.0000
v 0.0000 1.0000 1.0000
v 1.0000 0.0000 0.0000
v 290.0000 -39.9000 -290.0000
v 452.5483 0.0000 0.0000
v 1.0000 1.0000 1.0000
v 0.0000 -8.2000 0.0000
v 0.0000 0.0000 184.2690
v 0.0000 -184.2690 648.3414
v 0.0000 0.0000 1.0000
v 1.0000 1.0000 0.0000
v 0.0000 0.0000 185.1950
v 0.0000 -185.1950 649.6637
v 0.0000 0.0000 1.0000
v 1.0000 1.0000 0.0000
v 0.0000 0.0000 10.0000
v 0.0000 395.9798 0.0000
v 0.0000 1.0000 1.0000
v 1.0000 0.0000 0.0000
v 0.0000 0.0000 89.5000
v 0.0000 282.8427 0.0000
v 0.0000 1.0000 1.0000
v 1.0000 0.0000 0.0000
v -55.0000 0.0000 381.8376
v 0.0000 0.0000 1.0000
v 1.0000 1.0000 0.0000
v 0.0000 0.0000 75.0000
v 0.0000 339.4113 0.0000
v 0.0000 1.0000 1.0000
v 1.0000 0.0000 0.0000
v -1.9059 0.0000 0.0000
v 0.0000 0.0000 2.9000
v 0.0000 70.7107 0.0000
v 0.0000 1.0000 1.0000
v 1.0000 0.0000 0.0000
v 0.3412 0.0000 0.0000
v -80.2500 10.0000 80.2500
v 113.4906 0.0000 0.0000
v 1.0000 1.0000 1.0000
v 0.3412 0.0000 0.0000
v 0.0000 0.0000 -80.2500
v 10.0000 -80.2500 113.4906
v 0.0000 0.0000 1.0000
v 1.0000 1.0000 0.0000
v 0.0000 0.0000 80.2500
v 10.0000 -80.2500 113.4906
v 0.0000 0.0000 1.0000
v 1.0000 1.0000 0.0000
v 80.0000 5.0000 80.0000
v 113.1371 0.0000 0.0000
v 1.0000 1.0000 1.0000
v 1.0000 0.0000 0.0000
v 0.0000 -80.0000 5.0000
v 80.0000 113.1371 0.0000
v 0.0000 1.0000 1.0000
v 1.0000 0.0000 0.0000
v 1.0039 1.0000 0.0000
v 0.0000 0.0000 -80.0000
v 5.0000 -80.0000 113.1371
v 0.0000 0.0000 1.0000
v 1.0000 1.0000 0.0000
v 80.0000 5.0000 -80.0000
v 113.1371 0.0000 0.0000
v 1.0000 1.0000 1.0000
v 0.3412 0.0000 0.0000
v 80.2500 10.0000 80.2500
v 113.4906 0.0000 0.0000
v 1.0000 1.0000 1.0000
v 0.4980 0.0000 0.0000
v 0.0000 0.0000 64.9475
v -0.0000 205.7963 0.0000
v 0.0000 1.0000 1.0000
v 1.0000 0.0000 0.0000
v 0.0000 0.0000 145.0000
v 70.0000 0.0000 53.8516
v 0.0000 0.0000 1.0000
v 1.0000 1.0000 0.0000
v 1.0039 0.0000 0.0000
v 0.0000 0.0000 70.0000
v 145.0000 52.2015 0.0000
v 0.0000 1.0000 1.0000
v 1.0000 0.0000 0.0000
v -145.0000 70.0000 -0.0000
v 53.8516 0.0000 0.0000
v 1.0000 1.0000 1.0000
v 70.0000 -145.0000 52.2015
v 0.0000 0.0000 1.0000
v 1.0000 1.0000 0.0000
v 1.2275 0.0000 0.0000
v 0.0000 0.0000 188.5000
v -7.5000 0.0000 112.6110
v 0.0000 0.0000 1.0000
v 1.0000 1.0000 0.0000
v 0.0000 0.0000 174.7253
v -7.5000 72.9011 115.8772
v 0.0000 0.0000 1.0000
v 1.0000 1.0000 0.0000
v 0.0000 0.0000 134.3503
v -7.5000 134.3502 121.7959
v 0.0000 0.0000 1.0000
v 1.0000 1.0000 0.0000
v 0.0000 72.9012 -7.5000
v 174.7253 127.0705 0.0000
v 0.0000 1.0000 1.0000
v 1.0000 0.0000 0.0000
v 0.0000 -0.0000 -7.5000
v 188.5000 128.6954 0.0000
v 0.0000 1.0000 1.0000
v 1.0000 0.0000 0.0000
v 0.0000 -72.9013 -7.5000
v 174.7253 127.0705 0.0000
v 0.0000 1.0000 1.0000
v 1.0000 0.0000 0.0000
v 0.0000 -134.3503 -7.5000
v 134.3502 121.7959 0.0000
v 0.0000 1.0000 1.0000
v 1.0000 0.0000 0.0000
v -174.7253 -7.5000 72.9011
v 115.8772 0.0000 0.0000
v 1.0000 1.0000 1.0000
v 4.0157 0.0000 0.0000
v -188.5000 -7.5000 -0.0001
v 112.6111 0.0000 0.0000
v 1.0000 1.0000 1.0000
v 4.0157 1.0000 0.0000
v -174.7253 -7.5000 -72.9012
v 115.8772 0.0000 0.0000
v 1.0000 1.0000 1.0000
v 4.0157 0.0000 0.0000
v -134.3502 -7.5000 -134.3503
v 121.7959 0.0000 0.0000
v 1.0000 1.0000 1.0000
v 4.0157 0.0000 0.0000
v -72.9012 -7.5000 -174.7253
v 127.0705 0.0000 0.0000
v 1.0000 1.0000 1.0000
v 4.0157 0.0000 0.0000
v 0.0000 -7.5000 -188.5000
v 128.6954 0.0000 0.0000
v 1.0000 1.0000 1.0000
v 4.0157 0.0000 0.0000
v 72.9012 -7.5000 -174.7253
v 127.0705 0.0000 0.0000
v 1.0000 1.0000 1.0000
v 4.0157 0.0000 0.0000
v 134.3503 -7.5000 -134.3503
v 121.7959 0.0000 0.0000
v 1.0000 1.0000 1.0000
v 1.2275 0.0000 0.0000
v 0.0000 0.0000 174.7253
v -7.5000 -72.9012 115.8772
v 0.0000 0.0000 1.0000
v 1.0000 1.0000 0.0000
v 0.9176 0.0000 0.0000
v 0.0000 180.0000 -65.0000
v -180.0000 325.2691 0.0000
v 0.0000 1.0000 1.0000
v 1.0000 0.0000 0.0000
v 0.1373 0.0000 0.0000
v 0.0000 0.0000 133.6577
v -0.0238 -105.2256 226.3791
v 0.0000 0.0000 1.0000
v 1.0000 1.0000 0.0000
v 0.2000 0.0000 0.0000
v 0.0000 0.0000 200.2500
v -0.0056 -200.2444 339.7608
v 0.0000 0.0000 1.0000
v 1.0000 1.0000 0.0000
v 1.0000 0.0000 0.0000
v 133.3095 -5.0000 -105.0000
v 225.9672 0.0000 0.0000
v 1.0000 1.0000 1.0000
v 0.0000 0.0000 200.0000
v -5.0000 -200.0000 339.4113
v 0.0000 0.0000 1.0000
v 1.0000 1.0000 0.0000
v 8.0314 0.9176 0.0000
v 0.0000 0.0000 180.0000
v -65.0000 -180.0000 325.2691
v 0.0000 0.0000 1.0000
v 1.0000 1.0000 0.0000
v 30.6196 0.8902 0.0000
v 0.0000 0.0000 323.9048
v -10.0000 -102.4783 184.1046
v 0.0000 0.0000 1.0000
v 1.0000 1.0000 0.0000
v 0.8902 0.0000 0.0000
v 0.0000 102.8113 10.0000
v -323.9136 184.3568 0.0000
v 0.0000 1.0000 1.0000
v 1.0000 0.0000 0.0000
v 323.9337 -15.0000 -102.2254
v 183.5741 0.0000 0.0000
v 1.0000 1.0000 1.0000
v 0.0000 1.0000 0.0000
v 0.0000 0.0000 102.5587
v 5.0000 -323.9337 183.8324
v 0.0000 0.0000 1.0000
v 1.0000 1.0000 0.0000
v -31.1216 0.0000 0.0000
v 200.0000 -5.0000 -200.0000
v 339.4113 0.0000 0.0000
v 1.0000 1.0000 1.0000
v 0.6549 0.0000 0.0000
v 105.2500 0.0000 -105.2500
v 205.4145 0.0000 0.0000
v 1.0000 1.0000 1.0000
v 16.0627 0.5922 0.0000
v 0.0000 200.2500 0.0000
v -200.2500 339.7648 0.0000
v 0.0000 1.0000 1.0000
v 1.0000 0.0000 0.0000
v 0.0000 0.0000 245.4975
v 0.0000 -245.4975 515.4843
v 0.0000 0.0000 1.0000
v 1.0000 1.0000 0.0000
v 0.0000 66.5000 28.5000
v -66.5000 94.0452 0.0000
v 0.0000 1.0000 1.0000
v 1.0000 0.0000 0.0000
v 1.0000 0.0000 0.0000
v 90.0000 28.5000 -90.0000
v 127.2792 0.0000 0.0000
v 1.0000 1.0000 1.0000
v 1.0000 0.0000 0.0000
v -90.0000 24.5000 -385.0000
v 53.1507 0.0000 0.0000
v 1.0000 1.0000 1.0000
v 0.0000 0.0000 -90.0000
v 24.5000 -305.0000 53.1507
v 0.0000 0.0000 1.0000
v 1.0000 1.0000 0.0000
v 0.5647 1.0000 0.0000
v 0.0000 385.0000 4.5000
v 90.0000 53.1507 0.0000
v 0.0000 1.0000 1.0000
v 1.0000 0.0000 0.0000
v 1.0000 0.0000 0.0000
v 305.0000 4.5000 90.0000
v 53.1507 0.0000 0.0000
v 1.0000 1.0000 1.0000
v -50.5000 -40.0000 -345.0000
v 372.3238 0.0000 0.0000
v 1.0000 1.0000 1.0000
v -2.2314 0.0000 0.0000
v 0.0000 345.0000 -60.0000
v 50.5000 360.0003 0.0000
v 0.0000 1.0000 1.0000
v 1.0000 0.0000 0.0000
v 0.8196 1.0000 0.0000
v 0.0000 80.0000 -5.0000
v -80.0000 204.0220 0.0000
v 0.0000 1.0000 1.0000
v 1.0000 0.0000 0.0000
v 1.0000 0.0000 0.0000
v 200.0000 -15.0000 -200.0000
v 353.5534 0.0000 0.0000
v 1.0000 1.0000 1.0000
v 0.9176 0.0000 0.0000
v 0.0000 180.0000 75.0000
v -180.0000 325.2691 0.0000
v 0.0000 1.0000 1.0000
v 1.0000 0.0000 0.0000
v -7.0275 0.0000 0.0000
v 90.0000 -60.0000 -90.0000
v 127.2792 0.0000 0.0000
v 1.0000 1.0000 1.0000
v -2.0078 0.0000 0.0000
v 305.0000 -15.0000 -305.0000
v 431.3351 0.0000 0.0000
v 1.0000 1.0000 1.0000
v 1.0000 0.0000 0.0000
v -180.0000 -5.0000 -80.0000
v 204.0220 0.0000 0.0000
v 1.0000 1.0000 1.0000
v 0.0000 80.0000 -5.0000
v 180.0000 204.0220 0.0000
v 0.0000 1.0000 1.0000
v 1.0000 0.0000 0.0000
v 1.0000 0.0000 0.0000
v -180.0000 -5.0000 180.0000
v 204.0220 0.0000 0.0000
v 1.0000 1.0000 1.0000
v 0.0000 0.0000 -180.0000
v -5.0000 -80.0000 169.7056
v 0.0000 0.0000 1.0000
v 1.0000 1.0000 0.0000
v 80.0000 -5.0000 180.0000
v 169.7056 0.0000 0.0000
v 1.0000 1.0000 1.0000
v -4.0157 0.0000 0.0000
v 0.0000 -180.0000 -5.0000
v 180.0000 169.7056 0.0000
v 0.0000 1.0000 1.0000
v 1.0000 0.0000 0.0000
v 5.0196 -4.0157 0.0000
v 0.0000 0.0000 80.0000
v -5.0000 -80.0000 169.7056
v 0.0000 0.0000 1.0000
v 1.0000 1.0000 0.0000
v 0.0000 0.0000 135.5449
v 16.0000 -13.8524 8.3737
v 0.0000 0.0000 1.0000
v 1.0000 1.0000 0.0000
v 65.3553 -81.0000 -328.5630
v 35.0658 0.0000 0.0000
v 1.0000 1.0000 1.0000
v 1.0039 1.0000 0.0000
v 0.0000 0.0000 128.1990
v -81.0000 -309.4996 37.7394
v 0.0000 0.0000 1.0000
v 1.0000 1.0000 0.0000
v 1.0000 0.0000 0.0000
v 0.0000 186.1160 -81.0000
v -278.5423 39.4250 0.0000
v 0.0000 1.0000 1.0000
v 1.0000 0.0000 0.0000
v 0.0000 0.0000 236.8808
v -81.0000 -236.8808 40.0000
v 0.0000 0.0000 1.0000
v 1.0000 1.0000 0.0000
v 1.0000 0.0000 0.0000
v 0.0000 278.5423 -81.0000
v -186.1160 39.4250 0.0000
v 0.0000 1.0000 1.0000
v 1.0000 0.0000 0.0000
v 309.4996 -81.0000 -128.1989
v 37.7394 0.0000 0.0000
v 1.0000 1.0000 1.0000
v 1.0039 1.0000 0.0000
v 0.0000 0.0000 328.5630
v -81.0000 -65.3552 35.0658
v 0.0000 0.0000 1.0000
v 1.0000 1.0000 0.0000
v 65.3553 219.0000 -328.5630
v 35.0658 0.0000 0.0000
v 1.0000 1.0000 1.0000
v 1.0039 1.0000 0.0000
v 0.0000 0.0000 128.1990
v 219.0000 -309.4996 37.7394
v 0.0000 0.0000 1.0000
v 1.0000 1.0000 0.0000
v 1.0000 0.0000 0.0000
v 0.0000 186.1160 219.0000
v -278.5423 39.4250 0.0000
v 0.0000 1.0000 1.0000
v 1.0000 0.0000 0.0000
v 0.0000 0.0000 236.8808
v 219.0000 -236.8808 40.0000
v 0.0000 0.0000 1.0000
v 1.0000 1.0000 0.0000
v 1.0000 0.0000 0.0000
v 0.0000 278.5423 219.0000
v -186.1160 39.4250 0.0000
v 0.0000 1.0000 1.0000
v 1.0000 0.0000 0.0000
v 309.4996 219.0000 -128.1989
v 37.7394 0.0000 0.0000
v 1.0000 1.0000 1.0000
v 1.0039 1.0000 0.0000
v 0.0000 0.0000 328.5630
v 219.0000 -65.3552 35.0658
v 0.0000 0.0000 1.0000
v 1.0000 1.0000 0.0000
v 43.4076 10.0000 -218.2247
v 0.0000 0.4118 0.3294
v 43.4076 60.0000 -218.2247
v 0.0000 0.4118 0.0000
v 39.9989 60.0000 -195.9620
v 0.0000 0.1961 0.0000
v 44.9241 10.0000 -174.5904
v 0.0000 0.0000 0.3294
v 57.6050 10.0000 -238.3415
v 0.0000 0.6314 0.3294
v 48.7779 60.0000 -240.0973
v 0.0000 0.6314 0.0000
v 52.1867 10.0000 -262.3600
v 0.0000 0.8510 0.3294
v 52.1867 60.0000 -262.3600
v 0.0000 0.8510 0.0000
v 66.3841 10.0000 -282.4768
v 0.0000 1.0706 0.3294
v 57.5570 60.0000 -284.2326
v 0.0000 1.0706 0.0000
v 60.9658 10.0000 -306.4954
v 0.0000 1.2863 0.3294
v 60.9658 60.0000 -306.4954
v 0.0000 1.2863 0.0000
v 75.1632 10.0000 -326.6121
v 0.0000 1.5059 0.3294
v 66.3361 60.0000 -328.3680
v 0.0000 1.5059 0.0000
v 69.7448 10.0000 -350.6307
v 0.0000 1.7255 0.3294
v 69.7448 60.0000 -350.6307
v 0.0000 1.7255 0.0000
v 83.9422 10.0000 -370.7475
v 0.0000 1.9412 0.3294
v 75.1152 60.0000 -372.5033
v 0.0000 1.9412 0.0000
v 78.5239 10.0000 -394.7660
v 0.0000 2.1608 0.3294
v 78.5239 60.0000 -394.7660
v 0.0000 2.1608 0.0000
v 92.7213 10.0000 -414.8828
v 0.0000 2.3804 0.3294
v 83.8942 60.0000 -416.6386
v 0.0000 2.3804 0.0000
v 87.3030 60.0000 -438.9014
v 0.0000 2.6000 0.0000
v 87.3030 10.0000 -438.9014
v 0.0000 2.6000 0.3294
v 105.4022 10.0000 -478.6339
v 0.0000 3.0118 0.3294
v 92.6733 60.0000 -460.7740
v 0.0000 2.8157 0.0000
v 72.7005 35.0000 -326.6121
v 155.4992 0.0000 0.0000
v 1.0000 1.0000 1.0000
v 0.0000 43.4076 10.0000
v -218.2247 0.0000 0.5490
v 0.4980 43.4076 60.0000
v -218.2247 0.0000 0.5490
v 0.0000 38.0373 60.0000
v -196.3521 0.0000 0.2588
v 0.0000 25.3084 10.0000
v -178.4922 0.0000 0.0000
v 0.4980 37.9893 10.0000
v -242.2433 0.0000 0.8431
v 0.4980 46.8164 60.0000
v -240.4875 0.0000 0.8431
v 0.0000 52.1867 10.0000
v -262.3600 0.0000 1.1333
v 0.4980 52.1867 60.0000
v -262.3600 0.0000 1.1333
v 0.0000 46.7684 10.0000
v -286.3786 0.0000 1.4235
v 0.4980 55.5954 60.0000
v -284.6228 0.0000 1.4235
v 0.0000 60.9658 10.0000
v -306.4954 0.0000 1.7176
v 0.4980 60.9658 60.0000
v -306.4954 0.0000 1.7176
v 0.0000 55.5474 10.0000
v -330.5139 0.0000 2.0078
v 0.4980 64.3745 60.0000
v -328.7581 0.0000 2.0078
v 0.0000 69.7448 10.0000
v -350.6307 0.0000 2.2980
v 0.4980 69.7448 60.0000
v -350.6307 0.0000 2.2980
v 0.0000 64.3265 10.0000
v -374.6493 0.0000 2.5922
v 0.4980 73.1536 60.0000
v -372.8935 0.0000 2.5922
v 0.0000 78.5239 10.0000
v -394.7660 0.0000 2.8824
v 0.4980 78.5239 60.0000
v -394.7660 0.0000 2.8824
v 0.0000 73.1056 10.0000
v -418.7846 0.0000 3.1725
v 0.4980 81.9327 60.0000
v -417.0288 0.0000 3.1725
v 0.0000 87.3030 60.0000
v -438.9014 0.0000 3.4667
v 0.0000 87.3030 10.0000
v -438.9014 0.0000 3.4667
v 0.4980 85.7865 10.0000
v -482.5356 0.0000 4.0157
v 0.4980 90.7117 60.0000
v -461.1641 0.0000 3.7569
v 0.0000 58.0101 35.0000
v -330.5139 155.4992 0.0000
v 0.0000 1.0000 1.0000
v 1.0000 0.0000 0.0000
v 0.0000 1.0000 0.0000
v 0.0000 0.0000 65.3553
v 69.0000 -328.5630 35.0658
v 0.0000 0.0000 1.0000
v 1.0000 1.0000 0.0000
v 0.0000 85.1471 10.0000
v -205.5632 0.0000 0.4118
v 0.3294 85.1471 60.0000
v -205.5632 0.0000 0.4118
v 0.0000 77.4606 60.0000
v -184.3932 0.0000 0.1961
v 0.0000 78.1218 10.0000
v -162.4715 0.0000 0.0000
v 0.3294 102.9963 10.0000
v -222.5236 0.0000 0.6314
v 0.3294 94.6814 60.0000
v -225.9678 0.0000 0.6314
v 0.0000 102.3678 10.0000
v -247.1377 0.0000 0.8510
v 0.3294 102.3678 60.0000
v -247.1377 0.0000 0.8510
v 0.0000 120.2170 10.0000
v -264.0982 0.0000 1.0706
v 0.3294 111.9021 60.0000
v -267.5423 0.0000 1.0706
v 0.0000 119.5886 10.0000
v -288.7123 0.0000 1.2863
v 0.3294 119.5886 60.0000
v -288.7123 0.0000 1.2863
v 0.0000 137.4378 10.0000
v -305.6728 0.0000 1.5059
v 0.3294 129.1229 60.0000
v -309.1169 0.0000 1.5059
v 0.0000 136.8094 10.0000
v -330.2869 0.0000 1.7255
v 0.3294 136.8094 60.0000
v -330.2869 0.0000 1.7255
v 0.0000 154.6585 10.0000
v -347.2473 0.0000 1.9412
v 0.3294 146.3436 60.0000
v -350.6915 0.0000 1.9412
v 0.0000 154.0301 10.0000
v -371.8615 0.0000 2.1608
v 0.3294 154.0301 60.0000
v -371.8615 0.0000 2.1608
v 0.0000 171.8793 10.0000
v -388.8219 0.0000 2.3804
v 0.3294 163.5644 60.0000
v -392.2661 0.0000 2.3804
v 0.0000 171.2509 60.0000
v -413.4361 0.0000 2.6000
v 0.0000 171.2509 10.0000
v -413.4361 0.0000 2.6000
v 0.3294 196.7537 10.0000
v -448.8741 0.0000 3.0118
v 0.3294 180.7851 60.0000
v -433.8407 0.0000 2.8157
v 137.1071 35.0000 -305.6728
v 155.1268 0.0000 0.0000
v 1.0000 1.0000 1.0000
v 0.0000 85.1471 10.0000
v -205.5632 0.0000 0.5490
v 0.4980 85.1471 60.0000
v -205.5632 0.0000 0.5490
v 0.0000 75.6128 60.0000
v -185.1586 0.0000 0.2588
v 0.0000 59.6442 10.0000
v -170.1251 0.0000 0.0000
v 0.4980 84.5187 10.0000
v -230.1773 0.0000 0.8431
v 0.4980 92.8336 60.0000
v -226.7331 0.0000 0.8431
v 0.0000 102.3678 10.0000
v -247.1377 0.0000 1.1333
v 0.4980 102.3678 60.0000
v -247.1377 0.0000 1.1333
v 0.0000 101.7394 10.0000
v -271.7519 0.0000 1.4235
v 0.4980 110.0544 60.0000
v -268.3077 0.0000 1.4235
v 0.0000 119.5886 10.0000
v -288.7123 0.0000 1.7176
v 0.4980 119.5886 60.0000
v -288.7123 0.0000 1.7176
v 0.0000 118.9602 10.0000
v -313.3264 0.0000 2.0078
v 0.4980 127.2751 60.0000
v -309.8823 0.0000 2.0078
v 0.0000 136.8094 10.0000
v -330.2869 0.0000 2.2980
v 0.4980 136.8094 60.0000
v -330.2869 0.0000 2.2980
v 0.0000 136.1810 10.0000
v -354.9010 0.0000 2.5922
v 0.4980 144.4959 60.0000
v -351.4569 0.0000 2.5922
v 0.0000 154.0301 10.0000
v -371.8615 0.0000 2.8824
v 0.4980 154.0301 60.0000
v -371.8615 0.0000 2.8824
v 0.0000 153.4017 10.0000
v -396.4756 0.0000 3.1725
v 0.4980 161.7166 60.0000
v -393.0315 0.0000 3.1725
v 0.0000 171.2509 60.0000
v -413.4361 0.0000 3.4667
v 0.0000 171.2509 10.0000
v -413.4361 0.0000 3.4667
v 0.4980 178.2761 10.0000
v -456.5278 0.0000 4.0157
v 0.4980 178.9374 60.0000
v -434.6060 0.0000 3.7569
v 119.2908 35.0000 -313.3264
v 155.1268 0.0000 0.0000
v 1.0000 1.0000 1.0000
v 1.0000 0.0000 0.0000
v 0.0000 128.1990 69.0000
v -309.4996 37.7394 0.0000
v 0.0000 1.0000 1.0000
v 1.0000 0.0000 0.0000
v 123.6144 10.0000 -185.0020
v 0.0000 0.4118 0.3294
v 123.6144 60.0000 -185.0020
v 0.0000 0.4118 0.0000
v 111.9455 60.0000 -165.7383
v 0.0000 0.1961 0.0000
v 108.3173 10.0000 -144.1088
v 0.0000 0.0000 0.3294
v 144.4294 10.0000 -198.1543
v 0.0000 0.6314 0.3294
v 136.9462 60.0000 -203.1545
v 0.0000 0.6314 0.0000
v 148.6150 10.0000 -222.4181
v 0.0000 0.8510 0.3294
v 148.6150 60.0000 -222.4181
v 0.0000 0.8510 0.0000
v 169.4301 10.0000 -235.5705
v 0.0000 1.0706 0.3294
v 161.9468 60.0000 -240.5706
v 0.0000 1.0706 0.0000
v 173.6157 10.0000 -259.8342
v 0.0000 1.2863 0.3294
v 173.6157 60.0000 -259.8342
v 0.0000 1.2863 0.0000
v 194.4307 10.0000 -272.9866
v 0.0000 1.5059 0.3294
v 186.9475 60.0000 -277.9867
v 0.0000 1.5059 0.0000
v 198.6164 10.0000 -297.2503
v 0.0000 1.7255 0.3294
v 198.6164 60.0000 -297.2503
v 0.0000 1.7255 0.0000
v 219.4314 10.0000 -310.4027
v 0.0000 1.9412 0.3294
v 211.9482 60.0000 -315.4029
v 0.0000 1.9412 0.0000
v 223.6170 10.0000 -334.6665
v 0.0000 2.1608 0.3294
v 223.6170 60.0000 -334.6665
v 0.0000 2.1608 0.0000
v 244.4321 10.0000 -347.8188
v 0.0000 2.3804 0.3294
v 236.9488 60.0000 -352.8190
v 0.0000 2.3804 0.0000
v 248.6177 60.0000 -372.0826
v 0.0000 2.6000 0.0000
v 248.6177 10.0000 -372.0826
v 0.0000 2.6000 0.3294
v 280.5441 10.0000 -401.8644
v 0.0000 3.0118 0.3294
v 261.9495 60.0000 -390.2351
v 0.0000 2.8157 0.0000
v 0.0000 0.0000 194.4307
v 35.0000 -272.9866 155.0000
v 0.0000 0.0000 1.0000
v 1.0000 1.0000 0.0000
v 123.6144 10.0000 -185.0020
v 0.0000 0.5490 0.4980
v 123.6144 60.0000 -185.0020
v 0.0000 0.5490 0.0000
v 110.2826 60.0000 -166.8495
v 0.0000 0.2588 0.0000
v 91.6879 10.0000 -155.2202
v 0.0000 0.0000 0.4980
v 127.8000 10.0000 -209.2657
v 0.0000 0.8431 0.4980
v 135.2832 60.0000 -204.2656
v 0.0000 0.8431 0.0000
v 148.6150 10.0000 -222.4181
v 0.0000 1.1333 0.4980
v 148.6150 60.0000 -222.4181
v 0.0000 1.1333 0.0000
v 152.8007 10.0000 -246.6819
v 0.0000 1.4235 0.4980
v 160.2839 60.0000 -241.6817
v 0.0000 1.4235 0.0000
v 173.6157 10.0000 -259.8342
v 0.0000 1.7176 0.4980
v 173.6157 60.0000 -259.8342
v 0.0000 1.7176 0.0000
v 177.8013 10.0000 -284.0980
v 0.0000 2.0078 0.4980
v 185.2845 60.0000 -279.0979
v 0.0000 2.0078 0.0000
v 198.6164 10.0000 -297.2503
v 0.0000 2.2980 0.4980
v 198.6164 60.0000 -297.2503
v 0.0000 2.2980 0.0000
v 202.8020 10.0000 -321.5141
v 0.0000 2.5922 0.4980
v 210.2852 60.0000 -316.5140
v 0.0000 2.5922 0.0000
v 223.6170 10.0000 -334.6665
v 0.0000 2.8824 0.4980
v 223.6170 60.0000 -334.6665
v 0.0000 2.8824 0.0000
v 227.8026 10.0000 -358.9302
v 0.0000 3.1725 0.4980
v 235.2859 60.0000 -353.9301
v 0.0000 3.1725 0.0000
v 248.6177 60.0000 -372.0826
v 0.0000 3.4667 0.0000
v 248.6177 10.0000 -372.0826
v 0.0000 3.4667 0.4980
v 263.9147 10.0000 -412.9758
v 0.0000 4.0157 0.4980
v 260.2865 60.0000 -391.3463
v 0.0000 3.7569 0.0000
v 0.0000 0.0000 177.8013
v 35.0000 -284.0980 155.0000
v 0.0000 0.0000 1.0000
v 1.0000 1.0000 0.0000
v 186.1160 69.0000 -278.5423
v 39.4250 0.0000 0.0000
v 1.0000 1.0000 1.0000
v 0.0000 0.0000 157.3313
v 10.0000 -157.3313 0.0000
v 0.4118 0.3294 157.3313
v 60.0000 -157.3313 0.0000
v 0.4118 0.0000 142.1285
v 60.0000 -140.7142 0.0000
v 0.1961 0.0000 134.3503
v 10.0000 -120.2082 0.0000
v 0.0000 0.3294 180.3122
v 10.0000 -166.1701 0.0000
v 0.6314 0.3294 173.9483
v 60.0000 -172.5341 0.0000
v 0.6314 0.0000 189.1511
v 10.0000 -189.1510 0.0000
v 0.8510 0.3294 189.1511
v 60.0000 -189.1510 0.0000
v 0.8510 0.0000 212.1320
v 10.0000 -197.9899 0.0000
v 1.0706 0.3294 205.7681
v 60.0000 -204.3539 0.0000
v 1.0706 0.0000 220.9709
v 10.0000 -220.9709 0.0000
v 1.2863 0.3294 220.9709
v 60.0000 -220.9709 0.0000
v 1.2863 0.0000 243.9518
v 10.0000 -229.8097 0.0000
v 1.5059 0.3294 237.5879
v 60.0000 -236.1736 0.0000
v 1.5059 0.0000 252.7907
v 10.0000 -252.7907 0.0000
v 1.7255 0.3294 252.7907
v 60.0000 -252.7907 0.0000
v 1.7255 0.0000 275.7716
v 10.0000 -261.6295 0.0000
v 1.9412 0.3294 269.4077
v 60.0000 -267.9934 0.0000
v 1.9412 0.0000 284.6105
v 10.0000 -284.6105 0.0000
v 2.1608 0.3294 284.6105
v 60.0000 -284.6105 0.0000
v 2.1608 0.0000 307.5914
v 10.0000 -293.4493 0.0000
v 2.3804 0.3294 301.2275
v 60.0000 -299.8133 0.0000
v 2.3804 0.0000 316.4303
v 60.0000 -316.4303 0.0000
v 2.6000 0.0000 316.4303
v 10.0000 -316.4303 0.0000
v 2.6000 0.3294 353.5534
v 10.0000 -339.4113 0.0000
v 3.0118 0.3294 333.0473
v 60.0000 -331.6331 0.0000
v 2.8157 0.0000 0.0000
v 0.0000 243.9518 35.0000
v -229.8097 155.0000 0.0000
v 0.0000 1.0000 1.0000
v 1.0000 0.0000 0.0000
v 0.0000 0.0000 157.3313
v 10.0000 -157.3313 0.0000
v 0.5490 0.4980 157.3313
v 60.0000 -157.3313 0.0000
v 0.5490 0.0000 140.7142
v 60.0000 -142.1285 0.0000
v 0.2588 0.0000 120.2082
v 10.0000 -134.3503 0.0000
v 0.0000 0.4980 166.1701
v 10.0000 -180.3122 0.0000
v 0.8431 0.4980 172.5341
v 60.0000 -173.9483 0.0000
v 0.8431 0.0000 189.1511
v 10.0000 -189.1510 0.0000
v 1.1333 0.4980 189.1511
v 60.0000 -189.1510 0.0000
v 1.1333 0.0000 197.9899
v 10.0000 -212.1320 0.0000
v 1.4235 0.4980 204.3539
v 60.0000 -205.7681 0.0000
v 1.4235 0.0000 220.9709
v 10.0000 -220.9709 0.0000
v 1.7176 0.4980 220.9709
v 60.0000 -220.9709 0.0000
v 1.7176 0.0000 229.8097
v 10.0000 -243.9518 0.0000
v 2.0078 0.4980 236.1737
v 60.0000 -237.5879 0.0000
v 2.0078 0.0000 252.7907
v 10.0000 -252.7907 0.0000
v 2.2980 0.4980 252.7907
v 60.0000 -252.7907 0.0000
v 2.2980 0.0000 261.6295
v 10.0000 -275.7716 0.0000
v 2.5922 0.4980 267.9934
v 60.0000 -269.4077 0.0000
v 2.5922 0.0000 284.6105
v 10.0000 -284.6105 0.0000
v 2.8824 0.4980 284.6105
v 60.0000 -284.6105 0.0000
v 2.8824 0.0000 293.4493
v 10.0000 -307.5914 0.0000
v 3.1725 0.4980 299.8133
v 60.0000 -301.2274 0.0000
v 3.1725 0.0000 316.4303
v 60.0000 -316.4303 0.0000
v 3.4667 0.0000 316.4303
v 10.0000 -316.4303 0.0000
v 3.4667 0.4980 339.4113
v 10.0000 -353.5534 0.0000
v 4.0157 0.4980 331.6331
v 60.0000 -333.0473 0.0000
v 3.7569 0.0000 0.0000
v 0.0000 229.8097 35.0000
v -243.9518 155.0000 0.0000
v 0.0000 1.0000 1.0000
v 1.0000 0.0000 0.0000
v 1.0039 0.0000 0.0000
v 0.0000 236.8808 69.0000
v -236.8808 40.0000 0.0000
v 0.0000 1.0000 1.0000
v 1.0000 0.0000 0.0000
v 185.0020 10.0000 -123.6144
v 0.0000 0.4118 0.3294
v 185.0020 60.0000 -123.6144
v 0.0000 0.4118 0.0000
v 166.8495 60.0000 -110.2826
v 0.0000 0.1961 0.0000
v 155.2202 10.0000 -91.6879
v 0.0000 0.0000 0.3294
v 209.2657 10.0000 -127.8000
v 0.0000 0.6314 0.3294
v 204.2656 60.0000 -135.2832
v 0.0000 0.6314 0.0000
v 222.4181 10.0000 -148.6150
v 0.0000 0.8510 0.3294
v 222.4181 60.0000 -148.6150
v 0.0000 0.8510 0.0000
v 246.6819 10.0000 -152.8007
v 0.0000 1.0706 0.3294
v 241.6817 60.0000 -160.2839
v 0.0000 1.0706 0.0000
v 259.8342 10.0000 -173.6157
v 0.0000 1.2863 0.3294
v 259.8342 60.0000 -173.6157
v 0.0000 1.2863 0.0000
v 284.0980 10.0000 -177.8013
v 0.0000 1.5059 0.3294
v 279.0979 60.0000 -185.2845
v 0.0000 1.5059 0.0000
v 297.2503 10.0000 -198.6164
v 0.0000 1.7255 0.3294
v 297.2503 60.0000 -198.6164
v 0.0000 1.7255 0.0000
v 321.5141 10.0000 -202.8020
v 0.0000 1.9412 0.3294
v 316.5140 60.0000 -210.2852
v 0.0000 1.9412 0.0000
v 334.6665 10.0000 -223.6170
v 0.0000 2.1608 0.3294
v 334.6665 60.0000 -223.6170
v 0.0000 2.1608 0.0000
v 358.9302 10.0000 -227.8026
v 0.0000 2.3804 0.3294
v 353.9301 60.0000 -235.2859
v 0.0000 2.3804 0.0000
v 372.0826 60.0000 -248.6177
v 0.0000 2.6000 0.0000
v 372.0826 10.0000 -248.6177
v 0.0000 2.6000 0.3294
v 412.9758 10.0000 -263.9147
v 0.0000 3.0118 0.3294
v 391.3463 60.0000 -260.2865
v 0.0000 2.8157 0.0000
v 0.0000 0.0000 284.0980
v 35.0000 -177.8013 155.0000
v 0.0000 0.0000 1.0000
v 1.0000 1.0000 0.0000
v 185.0020 10.0000 -123.6144
v 0.0000 0.5490 0.4980
v 185.0020 60.0000 -123.6144
v 0.0000 0.5490 0.0000
v 165.7383 60.0000 -111.9455
v 0.0000 0.2588 0.0000
v 144.1088 10.0000 -108.3173
v 0.0000 0.0000 0.4980
v 198.1543 10.0000 -144.4294
v 0.0000 0.8431 0.4980
v 203.1545 60.0000 -136.9462
v 0.0000 0.8431 0.0000
v 222.4181 10.0000 -148.6150
v 0.0000 1.1333 0.4980
v 222.4181 60.0000 -148.6150
v 0.0000 1.1333 0.0000
v 235.5705 10.0000 -169.4301
v 0.0000 1.4235 0.4980
v 240.5706 60.0000 -161.9468
v 0.0000 1.4235 0.0000
v 259.8342 10.0000 -173.6157
v 0.0000 1.7176 0.4980
v 259.8342 60.0000 -173.6157
v 0.0000 1.7176 0.0000
v 272.9866 10.0000 -194.4307
v 0.0000 2.0078 0.4980
v 277.9867 60.0000 -186.9475
v 0.0000 2.0078 0.0000
v 297.2503 10.0000 -198.6164
v 0.0000 2.2980 0.4980
v 297.2503 60.0000 -198.6164
v 0.0000 2.2980 0.0000
v 310.4027 10.0000 -219.4314
v 0.0000 2.5922 0.4980
v 315.4029 60.0000 -211.9482
v 0.0000 2.5922 0.0000
v 334.6665 10.0000 -223.6170
v 0.0000 2.8824 0.4980
v 334.6665 60.0000 -223.6170
v 0.0000 2.8824 0.0000
v 347.8188 10.0000 -244.4321
v 0.0000 3.1725 0.4980
v 352.8190 60.0000 -236.9488
v 0.0000 3.1725 0.0000
v 372.0826 60.0000 -248.6177
v 0.0000 3.4667 0.0000
v 372.0826 10.0000 -248.6177
v 0.0000 3.4667 0.4980
v 401.8644 10.0000 -280.5441
v 0.0000 4.0157 0.4980
v 390.2351 60.0000 -261.9495
v 0.0000 3.7569 0.0000
v 0.0000 0.0000 272.9866
v 35.0000 -194.4307 155.0000
v 0.0000 0.0000 1.0000
v 1.0000 1.0000 0.0000
v 278.5423 69.0000 -186.1160
v 39.4250 0.0000 0.0000
v 1.0000 1.0000 1.0000
v 0.0000 0.0000 115.0000
v 25.0000 -115.0000 671.7515
v 0.0000 0.0000 1.0000
v 1.0000 1.0000 0.0000
v 0.0000 0.0000 205.5632
v 10.0000 -85.1471 0.0000
v 0.4118 0.3294 205.5632
v 60.0000 -85.1471 0.0000
v 0.4118 0.0000 185.1586
v 60.0000 -75.6128 0.0000
v 0.1961 0.0000 170.1251
v 10.0000 -59.6442 0.0000
v 0.0000 0.3294 230.1773
v 10.0000 -84.5187 0.0000
v 0.6314 0.3294 226.7331
v 60.0000 -92.8336 0.0000
v 0.6314 0.0000 247.1377
v 10.0000 -102.3678 0.0000
v 0.8510 0.3294 247.1377
v 60.0000 -102.3678 0.0000
v 0.8510 0.0000 271.7519
v 10.0000 -101.7394 0.0000
v 1.0706 0.3294 268.3077
v 60.0000 -110.0543 0.0000
v 1.0706 0.0000 288.7123
v 10.0000 -119.5886 0.0000
v 1.2863 0.3294 288.7123
v 60.0000 -119.5886 0.0000
v 1.2863 0.0000 313.3264
v 10.0000 -118.9602 0.0000
v 1.5059 0.3294 309.8823
v 60.0000 -127.2751 0.0000
v 1.5059 0.0000 330.2869
v 10.0000 -136.8093 0.0000
v 1.7255 0.3294 330.2869
v 60.0000 -136.8093 0.0000
v 1.7255 0.0000 354.9010
v 10.0000 -136.1809 0.0000
v 1.9412 0.3294 351.4569
v 60.0000 -144.4958 0.0000
v 1.9412 0.0000 371.8615
v 10.0000 -154.0301 0.0000
v 2.1608 0.3294 371.8615
v 60.0000 -154.0301 0.0000
v 2.1608 0.0000 396.4756
v 10.0000 -153.4017 0.0000
v 2.3804 0.3294 393.0315
v 60.0000 -161.7166 0.0000
v 2.3804 0.0000 413.4361
v 60.0000 -171.2508 0.0000
v 2.6000 0.0000 413.4361
v 10.0000 -171.2508 0.0000
v 2.6000 0.3294 456.5278
v 10.0000 -178.2761 0.0000
v 3.0118 0.3294 434.6060
v 60.0000 -178.9373 0.0000
v 2.8157 0.0000 0.0000
v 0.0000 0.0000 313.3264
v 35.0000 -119.2908 155.1268
v 0.0000 0.0000 1.0000
v 1.0000 1.0000 0.0000
v 205.5632 10.0000 -85.1471
v 0.0000 0.5490 0.4980
v 205.5632 60.0000 -85.1471
v 0.0000 0.5490 0.0000
v 184.3932 60.0000 -77.4606
v 0.0000 0.2588 0.0000
v 162.4715 10.0000 -78.1218
v 0.0000 0.0000 0.4980
v 222.5236 10.0000 -102.9962
v 0.0000 0.8431 0.4980
v 225.9678 60.0000 -94.6813
v 0.0000 0.8431 0.0000
v 247.1377 10.0000 -102.3678
v 0.0000 1.1333 0.4980
v 247.1377 60.0000 -102.3678
v 0.0000 1.1333 0.0000
v 264.0982 10.0000 -120.2170
v 0.0000 1.4235 0.4980
v 267.5423 60.0000 -111.9021
v 0.0000 1.4235 0.0000
v 288.7123 10.0000 -119.5886
v 0.0000 1.7176 0.4980
v 288.7123 60.0000 -119.5886
v 0.0000 1.7176 0.0000
v 305.6728 10.0000 -137.4377
v 0.0000 2.0078 0.4980
v 309.1169 60.0000 -129.1228
v 0.0000 2.0078 0.0000
v 330.2869 10.0000 -136.8093
v 0.0000 2.2980 0.4980
v 330.2869 60.0000 -136.8093
v 0.0000 2.2980 0.0000
v 347.2473 10.0000 -154.6585
v 0.0000 2.5922 0.4980
v 350.6915 60.0000 -146.3436
v 0.0000 2.5922 0.0000
v 371.8615 10.0000 -154.0301
v 0.0000 2.8824 0.4980
v 371.8615 60.0000 -154.0301
v 0.0000 2.8824 0.0000
v 388.8219 10.0000 -171.8793
v 0.0000 3.1725 0.4980
v 392.2661 60.0000 -163.5643
v 0.0000 3.1725 0.0000
v 413.4361 60.0000 -171.2508
v 0.0000 3.4667 0.0000
v 413.4361 10.0000 -171.2508
v 0.0000 3.4667 0.4980
v 448.8741 10.0000 -196.7537
v 0.0000 4.0157 0.4980
v 433.8407 60.0000 -180.7851
v 0.0000 3.7569 0.0000
v 0.0000 0.0000 305.6728
v 35.0000 -137.1071 155.1268
v 0.0000 0.0000 1.0000
v 1.0000 1.0000 0.0000
v 309.4996 69.0000 -128.1989
v 37.7394 0.0000 0.0000
v 1.0000 1.0000 1.0000
v 0.0000 0.0000 218.2247
v 10.0000 -43.4076 0.0000
v 0.4118 0.3294 218.2247
v 60.0000 -43.4076 0.0000
v 0.4118 0.0000 196.3521
v 60.0000 -38.0373 0.0000
v 0.1961 0.0000 178.4922
v 10.0000 -25.3084 0.0000
v 0.0000 0.3294 242.2433
v 10.0000 -37.9893 0.0000
v 0.6314 0.3294 240.4875
v 60.0000 -46.8163 0.0000
v 0.6314 0.0000 262.3600
v 10.0000 -52.1867 0.0000
v 0.8510 0.3294 262.3600
v 60.0000 -52.1867 0.0000
v 0.8510 0.0000 286.3786
v 10.0000 -46.7683 0.0000
v 1.0706 0.3294 284.6228
v 60.0000 -55.5954 0.0000
v 1.0706 0.0000 306.4954
v 10.0000 -60.9657 0.0000
v 1.2863 0.3294 306.4954
v 60.0000 -60.9657 0.0000
v 1.2863 0.0000 330.5139
v 10.0000 -55.5474 0.0000
v 1.5059 0.3294 328.7581
v 60.0000 -64.3745 0.0000
v 1.5059 0.0000 350.6307
v 10.0000 -69.7448 0.0000
v 1.7255 0.3294 350.6307
v 60.0000 -69.7448 0.0000
v 1.7255 0.0000 374.6493
v 10.0000 -64.3265 0.0000
v 1.9412 0.3294 372.8935
v 60.0000 -73.1535 0.0000
v 1.9412 0.0000 394.7660
v 10.0000 -78.5238 0.0000
v 2.1608 0.3294 394.7660
v 60.0000 -78.5238 0.0000
v 2.1608 0.0000 418.7846
v 10.0000 -73.1055 0.0000
v 2.3804 0.3294 417.0288
v 60.0000 -81.9326 0.0000
v 2.3804 0.0000 438.9014
v 60.0000 -87.3029 0.0000
v 2.6000 0.0000 438.9014
v 10.0000 -87.3029 0.0000
v 2.6000 0.3294 482.5356
v 10.0000 -85.7864 0.0000
v 3.0118 0.3294 461.1641
v 60.0000 -90.7117 0.0000
v 2.8157 0.0000 0.0000
v 0.0000 330.5139 35.0000
v -58.0100 155.4992 0.0000
v 0.0000 1.0000 1.0000
v 1.0000 0.0000 0.0000
v 0.0000 0.0000 218.2247
v 10.0000 -43.4076 0.0000
v 0.5490 0.4980 218.2247
v 60.0000 -43.4076 0.0000
v 0.5490 0.0000 195.9620
v 60.0000 -39.9988 0.0000
v 0.2588 0.0000 174.5904
v 10.0000 -44.9241 0.0000
v 0.0000 0.4980 238.3415
v 10.0000 -57.6050 0.0000
v 0.8431 0.4980 240.0973
v 60.0000 -48.7779 0.0000
v 0.8431 0.0000 262.3600
v 10.0000 -52.1867 0.0000
v 1.1333 0.4980 262.3600
v 60.0000 -52.1867 0.0000
v 1.1333 0.0000 282.4768
v 10.0000 -66.3840 0.0000
v 1.4235 0.4980 284.2326
v 60.0000 -57.5570 0.0000
v 1.4235 0.0000 306.4954
v 10.0000 -60.9657 0.0000
v 1.7176 0.4980 306.4954
v 60.0000 -60.9657 0.0000
v 1.7176 0.0000 326.6121
v 10.0000 -75.1631 0.0000
v 2.0078 0.4980 328.3680
v 60.0000 -66.3360 0.0000
v 2.0078 0.0000 350.6307
v 10.0000 -69.7448 0.0000
v 2.2980 0.4980 350.6307
v 60.0000 -69.7448 0.0000
v 2.2980 0.0000 370.7475
v 10.0000 -83.9422 0.0000
v 2.5922 0.4980 372.5033
v 60.0000 -75.1151 0.0000
v 2.5922 0.0000 394.7660
v 10.0000 -78.5238 0.0000
v 2.8824 0.4980 394.7660
v 60.0000 -78.5238 0.0000
v 2.8824 0.0000 414.8828
v 10.0000 -92.7212 0.0000
v 3.1725 0.4980 416.6386
v 60.0000 -83.8942 0.0000
v 3.1725 0.0000 438.9014
v 60.0000 -87.3029 0.0000
v 3.4667 0.0000 438.9014
v 10.0000 -87.3029 0.0000
v 3.4667 0.4980 478.6339
v 10.0000 -105.4021 0.0000
v 4.0157 0.4980 460.7740
v 60.0000 -92.6732 0.0000
v 3.7569 0.0000 0.0000
v 0.0000 0.0000 326.6121
v 35.0000 -72.7005 155.4992
v 0.0000 0.0000 1.0000
v 1.0000 1.0000 0.0000
v 328.5630 69.0000 -65.3552
v 35.0658 0.0000 0.0000
v 1.0000 1.0000 1.0000
v 0.9333 0.0000 0.0000
v 34.2384 15.7500 -170.7542
v 6.6432 0.0000 0.0000
v 1.0000 1.0000 1.0000
v 0.0000 0.0000 67.0489
v 15.7500 -160.9464 6.8970
v 0.0000 0.0000 1.0000
v 1.0000 1.0000 0.0000
v 0.2549 0.9333 0.0000
v 0.0000 97.0850 15.7500
v -144.9535 7.1484 0.0000
v 0.0000 1.0000 1.0000
v 1.0000 0.0000 0.0000
v 0.9333 0.0000 0.0000
v 123.3901 15.7500 -123.3901
v 7.3612 0.0000 0.0000
v 1.0000 1.0000 1.0000
v 0.0000 0.0000 144.9535
v 15.7500 -97.0850 7.5074
v 0.0000 0.0000 1.0000
v 1.0000 1.0000 0.0000
v 0.2549 0.9333 0.0000
v 0.0000 160.9464 15.7500
v -67.0489 7.5691 0.0000
v 0.0000 1.0000 1.0000
v 1.0000 0.0000 0.0000
v 0.9333 0.0000 0.0000
v 170.7542 15.7500 -34.2383
v 7.6513 0.0000 0.0000
v 1.0000 1.0000 1.0000
v 0.0000 12.8573 16.0000
v -135.6429 7.3649 0.0000
v 0.0000 1.0000 1.0000
v 1.0000 0.0000 0.0000
v 0.4745 0.7765 0.0000
v 0.0000 39.0728 16.0000
v -130.5282 8.1994 0.0000
v 0.0000 1.0000 1.0000
v 1.0000 0.0000 0.0000
v 0.4745 0.7765 0.0000
v 0.0000 63.7868 16.0000
v -120.3975 8.8663 0.0000
v 0.0000 1.0000 1.0000
v 1.0000 0.0000 0.0000
v 0.0000 0.8706 0.0000
v 86.0496 16.0000 -105.6399
v 9.2071 0.0000 0.0000
v 1.0000 1.0000 1.0000
v 0.8706 0.0000 0.0000
v 0.0000 0.0000 105.0055
v 16.0000 -86.8226 9.2071
v 0.0000 0.0000 1.0000
v 1.0000 1.0000 0.0000
v 0.0000 0.0000 119.9261
v 16.0000 -64.6688 8.9332
v 0.0000 0.0000 1.0000
v 1.0000 1.0000 0.0000
v 0.0000 130.2380 16.0000
v -40.0298 8.7375 0.0000
v 0.0000 1.0000 1.0000
v 1.0000 0.0000 0.0000
v 0.0000 1.0000 0.0000
v 0.0000 0.0000 515.0000
v 0.0000 50.0000 304.2207
v 0.0000 0.0000 1.0000
v 1.0000 1.0000 0.0000
v 0.9765 0.0000 0.0000
v 0.0000 65.3553 -112.5000
v -328.5630 236.1643 0.0000
v 0.0000 1.0000 1.0000
v 1.0000 0.0000 0.0000
v 0.9765 0.0000 0.0000
v 128.1990 -112.5000 -309.4996
v 237.1308 0.0000 0.0000
v 1.0000 1.0000 1.0000
v 0.0000 0.0000 186.1160
v -112.5000 -278.5423 237.7744
v 0.0000 0.0000 1.0000
v 1.0000 1.0000 0.0000
v 0.9765 0.0000 0.0000
v 236.8808 -112.5000 -236.8808
v 238.0000 0.0000 0.0000
v 1.0000 1.0000 1.0000
v 0.0000 0.0000 278.5423
v -112.5000 -186.1160 237.7744
v 0.0000 0.0000 1.0000
v 1.0000 1.0000 0.0000
v 0.9765 0.0000 0.0000
v 0.0000 0.0000 309.4996
v -112.5000 -128.1989 237.1308
v 0.0000 0.0000 1.0000
v 1.0000 1.0000 0.0000
v 0.9765 0.0000 0.0000
v 328.5630 -112.5000 -65.3552
v 236.1643 0.0000 0.0000
v 1.0000 1.0000 1.0000
v 0.0000 0.0000 65.3553
v 187.5000 -328.5630 236.1643
v 0.0000 0.0000 1.0000
v 1.0000 1.0000 0.0000
v 0.0000 128.1990 187.5000
v -309.4996 237.1308 0.0000
v 0.0000 1.0000 1.0000
v 1.0000 0.0000 0.0000
v 186.1160 187.5000 -278.5423
v 237.7744 0.0000 0.0000
v 1.0000 1.0000 1.0000
v 0.0000 236.8808 187.5000
v -236.8808 238.0000 0.0000
v 0.0000 1.0000 1.0000
v 1.0000 0.0000 0.0000
v 278.5423 187.5000 -186.1160
v 237.7744 0.0000 0.0000
v 1.0000 1.0000 1.0000
v 309.4996 187.5000 -128.1989
v 237.1308 0.0000 0.0000
v 1.0000 1.0000 1.0000
v 0.0000 328.5630 187.5000
v -65.3552 236.1643 0.0000
v 0.0000 1.0000 1.0000
v 1.0000 0.0000 0.0000
v 1.0000 0.0000 0.0000
v 0.0000 -275.0000 0.0000
v 50.0001 304.2207 0.0000
v 0.0000 1.0000 1.0000
v 1.0000 0.0000 0.0000
v 1.0000 0.0000 0.0000
v 0.0000 -50.0000 0.0000
v -175.0000 309.3546 0.0000
v 0.0000 1.0000 1.0000
v 1.0000 0.0000 0.0000
v 1.0000 0.0000 0.0000
v 0.0000 -50.0000 0.0000
v 275.0000 309.3546 0.0000
v 0.0000 1.0000 1.0000
v 1.0000 0.0000 0.0000
v 1.0000 0.0000 0.0000
v 0.0000 -50.0000 0.0000
v -515.0000 309.3546 0.0000
v 0.0000 1.0000 1.0000
v 1.0000 0.0000 0.0000
v 65.3553 37.5000 -328.5630
v 236.1643 0.0000 0.0000
v 1.0000 1.0000 1.0000
v 0.0000 0.0000 128.1990
v 37.5000 -309.4996 237.1308
v 0.0000 0.0000 1.0000
v 1.0000 1.0000 0.0000
v 0.9765 0.0000 0.0000
v 0.0000 186.1160 37.5000
v -278.5423 237.7744 0.0000
v 0.0000 1.0000 1.0000
v 1.0000 0.0000 0.0000
v 0.0000 0.0000 236.8808
v 37.5000 -236.8808 238.0000
v 0.0000 0.0000 1.0000
v 1.0000 1.0000 0.0000
v 0.9765 0.0000 0.0000
v 0.0000 278.5423 37.5000
v -186.1160 237.7744 0.0000
v 0.0000 1.0000 1.0000
v 1.0000 0.0000 0.0000
v 0.0000 309.4996 37.5000
v -128.1989 237.1308 0.0000
v 0.0000 1.0000 1.0000
v 1.0000 0.0000 0.0000
v 0.0000 0.0000 328.5630
v 37.5000 -65.3552 236.1643
v 0.0000 0.0000 1.0000
v 1.0000 1.0000 0.0000
v 0.0000 1.0000 0.0000
v 0.0000 0.0000 515.0000
v 0.0000 50.0000 304.1381
v 0.0000 0.0000 1.0000
v 1.0000 1.0000 0.0000
v 0.0000 1.0000 0.0000
v 0.0000 0.0000 -275.0000
v 0.0000 50.0001 304.1381
v 0.0000 0.0000 1.0000
v 1.0000 1.0000 0.0000
v 0.0000 1.0000 0.0000
v 0.0000 0.0000 -50.0000
v 0.0000 -175.0000 309.2329
v 0.0000 0.0000 1.0000
v 1.0000 1.0000 0.0000
v 0.0000 1.0000 0.0000
v 0.0000 0.0000 -50.0000
v 0.0000 275.0000 309.2329
v 0.0000 0.0000 1.0000
v 1.0000 1.0000 0.0000
v 0.0000 1.0000 0.0000
v 0.0000 0.0000 -50.0000
v 0.0000 -515.0000 309.2329
v 0.0000 0.0000 1.0000
v 1.0000 1.0000 0.0000
v 0.0000 1.0000 0.0000
v 0.0000 0.0000 175.0000
v 0.0000 50.0000 304.1381
v 0.0000 0.0000 1.0000
v 1.0000 1.0000 0.0000
v 0.0000 1.0000 0.0000
v 0.0000 0.0000 175.0000
v 0.0000 50.0000 304.2207
v 0.0000 0.0000 1.0000
v 1.0000 1.0000 0.0000
v 0.3020 0.1765 6.2630
v 467.3018 -32.7136 -0.0002
v 0.3020 0.0000 35.0404
v 497.2633 36.6932 -0.0000
v 0.0000 0.1765 -21.0536
v 433.6460 15.5916 -0.0000
v 0.3020 0.8196 21.3366
v 382.4970 3.9266 -0.0002
v 0.3020 1.0000 46.3396
v 407.9901 62.4644 -0.0000
v 0.0000 0.8196 48.6532
v 416.1528 -44.3786 -0.0000
v 0.3020 0.5098 39.9864
v 439.9335 -50.1513 -0.2017
v 0.3020 0.8431 47.5232
v 397.5312 -31.8312 -0.0134
v 0.7020 0.1529 -81.4438
v 426.4888 -11.6329 -0.0000
v 0.7020 0.1765 -94.2864
v 424.9197 -56.6104 -0.0000
v 0.7020 0.0000 -37.8440
v 447.7930 -56.7267 -0.0000
v 0.7020 0.4863 -60.9256
v 389.3688 8.1531 -0.0000
v 0.5020 0.6667 -45.2665
v 423.0721 2.8220 -846.3544
v 0.7020 0.8196 -53.2499
v 350.6797 -17.0386 -0.0000
v 0.7020 1.0000 -16.7449
v 365.4447 -17.5462 -0.0000
v 0.5020 0.8196 -75.9600
v 363.1460 -76.5457 -3.1180
v 0.7020 0.5098 -86.6108
v 386.2305 -81.8021 -0.0000
v 0.5020 0.3294 -9.3224
v 390.1656 -77.0949 -0.0000
v 0.7020 0.8431 -66.0925
v 349.1106 -62.0161 -0.0000
v 0.5020 0.8431 -160.3967
v 390.8486 36.5088 -201.5690
v 1.1059 0.3294 -116.8638
v 410.5087 8.7563 -0.0000
v 1.1059 0.1765 -175.8313
v 377.6200 26.9042 -0.0030
v 0.9020 0.1765 -115.1673
v 387.0955 47.9364 -0.0000
v 1.1059 0.6667 -84.7257
v 378.8403 21.1914 -0.0000
v 0.9020 0.6667 -99.9121
v 399.7702 18.8952 -0.0000
v 0.9020 0.4863 -91.9762
v 347.4466 38.9633 -810.3544
v 0.9020 0.8196 -159.2439
v 315.3040 7.1348 -0.0000
v 1.1059 0.3294 -144.4072
v 360.0982 -48.4388 -0.0000
v 1.1059 0.6667 -112.2690
v 328.4298 -36.0038 -0.0000
v 1.5059 0.1765 -141.7429
v 324.7158 150.4558 -0.0000
v 1.5059 0.0000 -175.3700
v 350.8502 92.9277 -0.0002
v 1.3059 0.1765 -93.6606
v 356.0995 120.2006 -3385.5427
v 1.3059 0.6667 -115.0410
v 372.7775 83.3426 -0.0000
v 1.5059 0.8196 -85.1519
v 303.3633 79.0206 -0.0000
v 1.5059 1.0000 -98.1346
v 313.9116 55.0894 -0.0002
v 1.3059 0.8196 -133.2343
v 271.9796 109.2758 -0.0000
v 1.5059 0.3294 -176.1648
v 307.2209 76.0092 -0.8068
v 1.3059 0.3294 -158.4635
v 291.9844 64.6745 -0.0000
v 1.5059 0.6667 -137.5471
v 288.7516 57.0901 -0.0134
v 1.9059 0.1529 -4.9345
v 311.4485 160.5067 -0.0000
v 1.9059 0.3294 -63.4423
v 335.1618 160.9892 -0.0000
v 1.9059 0.0000 -83.7779
v 298.9216 182.5179 -0.0000
v 1.7059 0.1765 -7.8062
v 320.0636 139.9397 -0.0000
v 1.9059 0.4863 -16.2154
v 317.5947 115.5029 -0.0000
v 1.9059 0.6667 -51.8874
v 332.0208 115.7455 -0.0000
v 1.9059 1.0000 -60.6682
v 292.6397 92.0304 -0.0000
v 1.9059 0.5098 -35.2873
v 236.3298 157.8561 -0.0000
v 1.9059 0.3294 -92.5587
v 259.5404 158.8028 -0.0000
v 1.7059 0.3294 -88.5765
v 252.0321 134.2726 -3.1180
v 1.9059 0.8431 -46.5682
v 242.4760 112.8523 -0.0000
v 1.9059 0.6667 -81.0039
v 256.3994 113.5590 -0.0000
v 2.1098 0.3294 50.2186
v 265.4275 143.2230 -201.5690
v 2.3098 0.1765 74.6396
v 219.2133 90.7438 -0.0002
v 2.3098 0.0000 42.7644
v 244.8238 148.2620 -0.0121
v 2.1098 0.1765 64.4464
v 277.8403 64.8356 -0.0000
v 2.1098 0.6667 38.8415
v 298.8218 112.4699 -0.0000
v 2.3098 0.8196 0.0446
v 261.5095 53.2188 -0.0002
v 2.1098 1.0000 3.5327
v 292.0041 82.5168 -810.3544
v 2.1098 0.8196 10.2378
v 202.8825 79.1272 -0.0000
v 2.3098 0.5098 33.7437
v 196.6006 88.1811 -0.8107
v 2.1098 0.3294 -9.0220
v 218.3978 114.0701 -0.0000
v 2.3098 0.8431 -3.5538
v 217.7488 69.4186 -0.0033
v 2.7098 0.1529 43.1738
v 209.3735 -50.3947 -0.0000
v 2.7098 0.1765 43.5313
v 169.3782 -26.0917 -0.0000
v 2.7098 0.0000 73.5113
v 192.7620 25.5041 -0.0000
v 2.7098 0.4863 12.7340
v 243.1753 -39.3839 -0.0000
v 2.5098 0.6667 63.7575
v 253.4366 4.6304 -846.3544
v 2.7098 0.8196 -17.3484
v 236.9819 -4.0702 -0.0000
v 2.7098 1.0000 -0.2995
v 250.3248 25.5173 -0.0000
v 2.5098 0.8196 -5.2283
v 177.8327 19.7368 -3.1180
v 2.7098 0.5098 13.4489
v 163.1847 9.2220 -0.0000
v 2.5098 0.3294 9.4544
v 189.6501 46.3911 -0.0000
v 2.7098 0.8431 -16.9909
v 196.9866 20.2328 -0.0000
v 2.5098 0.8431 -72.9255
v 134.4606 -70.9485 -201.5690
v 3.1137 0.3294 -15.2240
v 183.4900 -82.3352 -0.0000
v 3.1137 0.1765 -63.4005
v 123.9955 -53.4778 -0.0121
v 2.9098 0.1765 -91.9037
v 176.5129 -78.8108 -0.0000
v 3.1137 0.6667 -35.2142
v 222.0966 -65.0061 -0.0000
v 2.9098 0.6667 -23.9823
v 204.0548 -79.9157 -0.0000
v 2.9098 0.4863 -93.7079
v 208.1769 -44.3941 -810.3387
v 2.9098 0.8196 -57.5561
v 155.7362 5.7473 -0.0000
v 3.1137 0.3294 -21.3074
v 147.7874 -9.8132 -0.0000
v 3.1137 0.6667 -41.2976
v 186.3939 7.5159 -0.0000
v 3.5137 0.1765 -129.2324
v 85.9223 13.6224 -0.0000
v 3.5137 0.0000 -105.7968
v 104.8608 -29.0822 -0.0002
v 3.3137 0.1765 -181.7124
v 124.1031 14.2132 -846.3544
v 3.3137 0.6667 -149.8362
v 150.0199 -44.3623 -0.0000
v 3.5137 0.8196 -145.7209
v 173.1224 43.3844 -0.0000
v 3.5137 1.0000 -124.7061
v 190.6403 3.2578 -0.0002
v 3.3137 0.8196 -93.2409
v 134.9417 42.7934 -0.0000
v 3.5137 0.3294 -80.2355
v 122.9092 5.7205 -0.8107
v 3.3137 0.3294 -80.6666
v 145.4811 18.5378 -0.0000
v 3.5137 0.6667 -89.6901
v 165.7990 21.8904 -0.0134
v 3.9137 0.1529 -141.0800
v 55.8561 122.9767 -0.0000
v 3.9137 0.3294 -170.4684
v 78.6190 72.9590 -0.0000
v 3.9137 0.0000 -128.0182
v 68.8266 55.8575 -0.0000
v 3.7137 0.1765 -147.1565
v 70.7628 138.6718 -0.0000
v 3.9137 0.4863 -144.2657
v 93.9586 149.9661 -0.0000
v 3.9137 0.6667 -178.9073
v 120.4982 92.0717 -0.0000
v 3.9137 1.0000 -144.8960
v 152.5850 94.0828 -0.0000
v 3.9137 0.5098 -81.1985
v 90.6835 80.8769 -0.0000
v 3.9137 0.3294 -94.0068
v 100.9133 57.8686 -0.0000
v 3.7137 0.3294 -92.6692
v 125.1786 66.9993 -12.4723
v 3.9137 0.8431 -84.3843
v 128.7861 107.8662 -0.0000
v 3.9137 0.6667 -102.4458
v 142.7925 76.9813 -0.0000
v 4.1176 0.3294 -84.8668
v 31.0274 125.3123 -201.5690
v 4.3176 0.1765 -45.6314
v 27.1762 105.3049 -0.0002
v 4.3176 0.0000 -76.3391
v 39.5837 106.3508 -0.0121
v 4.1176 0.1765 -28.6131
v 20.6216 167.5919 -0.0000
v 4.1176 0.6667 -90.9808
v 45.9053 169.2627 -0.0000
v 4.3176 0.8196 -3.9488
v 83.3983 167.4590 -0.0002
v 4.1176 1.0000 -77.3683
v 88.9807 181.4933 -810.3387
v 4.1176 0.8196 -20.9672
v 89.9529 105.1720 -0.0000
v 4.3176 0.5098 -32.5923
v 70.3383 92.7589 -0.8107
v 4.1176 0.3294 -51.5279
v 102.3004 105.8231 -0.0000
v 4.3176 0.8431 -11.7509
v 98.4492 123.8360 -0.0134
v 4.7176 0.1529 24.7952
v -24.2751 84.4573 -0.0000
v 4.7176 0.1765 -6.5122
v 4.3862 64.7405 -0.0000
v 4.7176 0.0000 -20.3588
v 15.9106 91.1555 -0.0000
v 4.7176 0.4863 68.9155
v -9.9774 90.7305 -0.0000
v 4.5176 0.6667 19.9831
v -1.5304 138.9109 -3385.5427
v 4.7176 0.8196 81.7285
v 32.9815 77.2863 -0.0000
v 4.7176 1.0000 51.5383
v 57.8744 133.9495 -0.0000
v 4.5176 0.8196 28.6352
v 60.5533 52.1238 -3.1180
v 4.7176 0.5098 6.3007
v 47.3453 51.2968 -0.0000
v 4.5176 0.3294 11.1961
v 75.3156 86.1944 -0.0000
v 4.7176 0.8431 50.4211
v 61.6429 57.5698 -0.0000
v 4.5176 0.8431 -11.2948
v -35.9923 20.6504 -201.5690
v 5.1216 0.3294 23.3792
v -40.4371 44.5183 -0.0000
v 5.1216 0.1765 -20.2683
v -15.5970 17.6542 -0.0030
v 4.9176 0.1765 22.2755
v -61.4004 0.2095 -0.0000
v 5.1216 0.6667 67.0694
v -35.1700 28.5872 -0.0000
v 4.9176 0.6667 44.9159
v -43.8019 39.0118 -0.0000
v 4.9176 0.4863 45.9427
v -43.9438 -36.1980 -810.3544
v 4.9176 0.8196 2.4694
v 24.3290 -31.7239 -0.0000
v 5.1216 0.3294 5.5440
v 34.9084 20.5164 -0.0000
v 5.1216 0.6667 49.2342
v 40.1756 4.5854 -0.0000
v 5.5216 0.1765 -69.7742
v -36.2690 6.0032 -0.0000
v 5.5216 0.0000 -44.8160
v -26.2001 5.1803 -0.0002
v 5.3216 0.1765 -55.1464
v -94.1303 -19.4991 -3385.5427
v 5.3216 0.6667 -17.1511
v -78.7587 -20.9828 -0.0000
v 5.5216 0.8196 -81.5992
v -74.8288 -78.4647 -0.0000
v 5.5216 1.0000 -13.6397
v -47.2705 -80.5262 -0.0002
v 5.3216 0.8196 -96.2267
v -16.9674 -52.9625 -0.0000
v 5.5216 0.3294 -48.0079
v 5.3039 -29.2826 -0.2017
v 5.3216 0.3294 -41.3044
v 5.2882 -54.3630 -0.0000
v 5.5216 0.6667 -32.4194
v -5.2312 -72.1357 -0.0134
v 5.9216 0.1529 -92.6994
v -102.0365 37.4895 -0.0000
v 5.9216 0.3294 -79.4010
v -90.8469 11.7125 -0.0000
v 5.9216 0.0000 -95.7892
v -48.0406 21.1694 -0.0000
v 5.7216 0.1765 -100.7301
v -120.7671 27.9951 -0.0000
v 5.9216 0.4863 -120.4815
v -133.9986 17.5657 -0.0000
v 5.9216 0.6667 -99.5359
v -116.7701 -21.6484 -0.0000
v 5.9216 1.0000 -136.0591
v -99.8872 -45.5523 -0.0000
v 5.9216 0.5098 -154.9925
v -50.3101 41.3722 -0.0000
v 5.9216 0.3294 -132.3126
v -31.1578 -2.7344 -0.0000
v 5.7216 0.3294 -147.2246
v -40.5250 -21.8092 -12.4723
v 5.9216 0.8431 -182.7747
v -82.2723 21.4487 -0.0000
v 5.9216 0.6667 -152.4475
v -57.0811 -36.0953 -0.0000
v 6.1255 0.3294 -95.4780
v -88.1922 71.7856 -201.5690
v 6.3255 0.1765 -88.6150
v -88.8584 115.7618 -0.0002
v 6.3255 0.0000 -108.9592
v -73.3603 81.9710 -0.0121
v 6.1255 0.1765 -86.0749
v -142.5802 79.4324 -0.0000
v 6.1255 0.6667 -99.4961
v -132.0047 55.8260 -0.0000
v 6.3255 0.8196 -135.4048
v -169.9253 116.4192 -0.0002
v 6.1255 1.0000 -140.1722
v -154.7794 59.9656 -810.3387
v 6.1255 0.8196 -137.9448
v -116.2035 152.7485 -0.0000
v 6.3255 0.5098 -122.0095
v -96.3441 147.6855 -0.8107
v 6.1255 0.3294 -172.8124
v -89.9291 96.0238 -0.0000
v 6.3255 0.8431 -145.4049
v -136.8772 148.0137 -0.0033
v 6.7255 0.1529 -27.7823
v -143.0874 95.6788 -0.0000
v 6.7255 0.1765 -7.6975
v -122.5883 132.6486 -0.0000
v 6.7255 0.0000 -52.3578
v -104.5062 134.0547 -0.0000
v 6.7255 0.4863 -43.9212
v -186.8841 99.1072 -0.0000
v 6.5255 0.6667 -60.7461
v -153.5422 92.3729 -3385.5427
v 6.7255 0.8196 -39.9761
v -210.1817 139.5057 -0.0000
v 6.7255 1.0000 -88.2202
v -190.6414 141.5467 -0.0000
v 6.5255 0.8196 -10.5955
v -169.6834 180.8450 -12.4723
v 6.7255 0.5098 -3.7536
v -145.8853 173.0475 -0.0000
v 6.5255 0.3294 -79.8335
v -141.6048 183.2281 -0.0000
v 6.7255 0.8431 -19.8916
v -189.6825 176.4756 -0.0000
v 6.5255 0.8431 38.2117
v -159.4149 52.9830 -201.5690
v 7.1294 0.3294 -0.7958
v -155.3728 79.6953 -0.0000
v 7.1294 0.1765 59.3872
v -162.7244 59.7740 -0.0121
v 6.9255 0.1765 -1.3630
v -184.3955 52.5608 -0.0000
v 7.1294 0.6667 -20.4732
v -197.4105 85.6970 -0.0000
v 6.9255 0.6667 -14.0148
v -173.4782 77.9836 -0.0000
v 6.9255 0.4863 -1.7112
v -227.9737 69.6253 -810.3544
v 6.9255 0.8196 77.0900
v -221.5905 87.5347 -0.0000
v 7.1294 0.3294 52.9855
v -172.2288 137.9583 -0.0000
v 7.1294 0.6667 33.3083
v -214.2665 143.9598 -0.0000
v 7.5294 0.1765 24.8475
v -210.3044 -49.8799 -0.0000
v 7.5294 0.0000 57.4097
v -185.9512 2.4651 -0.0002
v 7.3294 0.1765 -19.2222
v -208.0310 -2.2886 -211.5886
v 7.3294 0.6667 -2.4677
v -195.2295 25.7216 -0.0000
v 7.5294 0.8196 -1.5579
v -270.1899 17.0377 -0.0000
v 7.5294 1.0000 14.5901
v -257.6537 44.7348 -0.0002
v 7.3294 0.8196 42.5116
v -272.4635 -30.5539 -0.0000
v 7.5294 0.3294 80.7570
v -225.7118 10.4891 -0.0502
v 7.3294 0.3294 74.4675
v -248.3755 21.4782 -0.0000
v 7.5294 0.6667 59.3472
v -261.5630 31.6240 -0.0134
v 7.9294 0.1529 -94.1335
v -233.8284 -37.1129 -0.0000
v 7.9294 0.3294 -47.1254
v -214.7911 -38.8744 -0.0000
v 7.9294 0.0000 -29.5958
v -233.9407 -77.8152 -0.0000
v 7.7294 0.1765 -86.3732
v -235.9476 -16.1187 -0.0000
v 7.9294 0.4863 -74.7222
v -250.1617 2.2165 -0.0000
v 7.9294 0.6667 -47.7234
v -239.2627 1.0149 -0.0000
v 7.9294 1.0000 -30.7916
v -282.8838 1.9636 -0.0000
v 7.9294 0.5098 -78.5546
v -304.2796 -74.0597 -0.0000
v 7.9294 0.3294 -12.6641
v -277.5618 -76.8665 -0.0000
v 7.7294 0.3294 -10.3351
v -295.5673 -58.3101 -12.4723
v 7.9294 0.8431 -59.1425
v -320.6125 -34.7305 -0.0000
v 7.9294 0.6667 -13.2618
v -302.0333 -36.9771 -0.0000
v 8.1333 0.3294 -151.3602
v -268.6901 -27.3658 -201.5690
v 8.3333 0.1765 -183.4163
v -313.0546 19.2106 -0.0002
v 8.3333 0.0000 -153.1456
v -287.5205 -39.5190 -0.0121
v 8.1333 0.1765 -143.0322
v -270.1175 46.3728 -0.0000
v 8.1333 0.6667 -123.2054
v -252.9941 6.5650 -0.0000
v 8.3333 0.8196 -92.5596
v -314.6101 41.6638 -0.0002
v 8.1333 1.0000 -88.4308
v -279.9786 22.4696 -810.3544
v 8.1333 0.8196 -132.9436
v -357.5471 14.5013 -0.0000
v 8.3333 0.5098 -157.8446
v -351.3036 10.6383 -0.0502
v 8.1333 0.3294 -109.9659
v -338.3552 -29.4873 -0.0000
v 8.3333 0.8431 -112.4163
v -352.0815 21.8652 -0.0134
v 8.7333 0.1529 -127.5001
v -324.6060 151.7517 -0.0000
v 8.7333 0.1765 -145.1069
v -367.3903 144.6887 -0.0000
v 8.7333 0.0000 -180.4172
v -341.0990 88.3621 -0.0000
v 8.7333 0.4863 -93.6659
v -308.3200 123.8162 -0.0000
v 8.5333 0.6667 -141.0486
v -289.9865 95.4256 -211.5886
v 8.7333 0.8196 -77.4398
v -334.8176 88.8166 -0.0000
v 8.7333 1.0000 -91.2671
v -324.1799 65.3944 -0.0000
v 8.5333 0.8196 -110.7690
v -390.4476 91.4109 -12.4723
v 8.7333 0.5098 -128.8808
v -393.8878 109.6891 -0.0000
v 8.5333 0.3294 -130.6358
v -375.2923 58.3308 -0.0000
v 8.7333 0.8431 -95.0472
v -377.6015 81.7531 -0.0000
v 8.5333 0.8431 -12.9859
v -400.3894 179.8119 -201.5651
v 9.1373 0.3294 -71.7750
v -348.7229 180.0360 -0.0000
v 9.1373 0.1765 -23.0328
v -418.5835 171.2384 -0.0030
v 8.9333 0.1765 -1.3925
v -357.7937 164.2689 -0.0000
v 9.1373 0.6667 -53.5219
v -325.5608 143.6942 -0.0000
v 8.9333 0.6667 -62.3243
v -333.0926 166.9268 -0.0000
v 8.9333 0.4863 -11.2869
v -345.4632 120.2185 -202.5847
v 8.9333 0.8196 -44.3670
v -418.3245 107.2539 -0.0000
v 9.1373 0.3294 -85.1100
v -412.9468 132.4063 -0.0000
v 9.1373 0.6667 -66.8585
v -389.7842 96.0641 -0.0000
v 8.9333 0.8431 79.7723
v -457.0342 14.0205 -0.0000
v 9.3373 0.1529 50.8201
v -486.3854 36.1712 -0.0000
v 10.0392 0.1765 1.9294
v -513.1105 -25.7554 -0.0000
v 9.5373 0.1765 53.6519
v -464.2943 88.5428 -0.0000
v 9.5373 0.0000 27.2176
v -442.0042 139.8271 -0.0002
v 9.3373 0.1765 64.6200
v -414.7880 0.7520 -0.0000
v 10.0392 0.6667 81.5466
v -407.7395 73.1898 -3385.5427
v 9.3373 0.6667 52.9300
v -383.2555 129.8394 -0.0000
v 9.3373 0.4863 20.5154
v -401.8934 9.6336 -0.0000
v 10.0392 0.8196 -18.9294
v -422.7999 -38.8103 -0.0000
v 9.5373 0.8196 22.5714
v -385.0556 49.5974 -0.0000
v 9.5373 1.0000 6.6196
v -371.0612 82.3436 -0.0002
v 9.3373 0.8196 6.7157
v -473.4906 45.0534 -0.0000
v 9.7373 0.3294 -7.0631
v -452.0087 40.2957 -3.1180
v 10.0392 0.3294 -5.3233
v -441.6102 64.9506 -0.0000
v 9.5373 0.3294 -8.7987
v -445.6243 110.1610 -0.8107
v 9.3373 0.3294 -19.0931
v -429.8098 92.3315 -0.0000
v 9.3373 0.5098 -8.4369
v -431.2448 31.7840 -0.0000
v 9.5373 0.6667 -19.0978
v -410.1528 81.4192 -0.0134
v 9.3373 0.8431 0.0000
v 0.0000 -48.1347 -7.9236
v 49.9299 522.4770 0.0000
v 0.0000 1.0000 1.0000
v 1.0000 0.0000 0.0000
v 0.0000 0.0000 75.6318
v 79.5167 0.0000 0.0000
v 0.5412 1.0000 52.4106
v 73.9683 -9.2400 -0.0000
v 1.0549 1.0000 36.3391
v 72.7551 -9.7359 -0.0002
v 1.6824 1.0000 18.2963
v 71.9930 -6.6583 -0.0003
v 2.3961 1.0000 65.4990
v 79.5167 -37.8159 0.0000
v 0.1529 1.0000 53.4291
v 75.5548 -37.4088 -0.0000
v 0.5412 1.0000 40.7689
v 73.9683 -34.2074 -0.0000
v 1.0549 1.0000 26.6026
v 72.7551 -26.6011 -0.0000
v 1.6824 1.0000 12.5159
v 71.9930 -14.9144 -0.0003
v 2.3961 1.0000 37.8159
v 79.5167 -65.4990 0.0000
v 0.1529 1.0000 27.5666
v 75.5548 -59.1115 -0.0000
v 1.0549 1.0000 9.7380
v 72.7551 -36.3385 -0.0002
v 1.6824 1.0000 3.3818
v 71.9930 -19.1742 -0.0000
v 2.3961 1.0000 -0.0000
v 79.5167 -75.6318 0.0000
v 1.0549 1.0000 -9.7359
v 72.7551 -36.3391 -0.0000
v 1.6824 1.0000 -6.6583
v 71.9930 -18.2963 -0.0003
v 2.3961 1.0000 -37.8159
v 79.5167 -65.4990 0.0000
v 0.1529 1.0000 -37.4088
v 75.5548 -53.4291 -0.0000
v 0.5412 1.0000 -34.2074
v 73.9683 -40.7689 -0.0002
v 1.0549 1.0000 -26.6011
v 72.7551 -26.6026 -0.0002
v 1.6824 1.0000 -14.9144
v 71.9930 -12.5159 -0.0000
v 2.3961 1.0000 -65.4990
v 79.5167 -37.8159 0.0000
v 0.5412 1.0000 -50.0089
v 73.9683 -18.2032 -0.0000
v 1.0549 1.0000 -36.3385
v 72.7551 -9.7380 -0.0000
v 1.6824 1.0000 -19.1742
v 71.9930 -3.3818 -0.0003
v 2.3961 1.0000 -75.6317
v 79.5167 0.0000 0.0000
v 0.1529 1.0000 -64.9754
v 75.5548 5.6824 -0.0000
v 0.5412 1.0000 -52.4106
v 73.9683 9.2400 -0.0002
v 1.6824 1.0000 -18.2963
v 71.9930 6.6583 -0.0003
v 2.3961 1.0000 -65.4990
v 79.5167 37.8159 0.0000
v 0.1529 0.0000 -53.4291
v 75.5548 37.4088 -0.0000
v 0.5412 0.0000 -40.7689
v 73.9683 34.2074 -0.0000
v 1.0549 0.0000 -26.6026
v 72.7551 26.6011 -0.0000
v 1.6824 0.0000 -12.5159
v 71.9930 14.9144 -0.0000
v 2.3961 0.0000 -37.8159
v 79.5167 65.4990 0.0000
v 0.1529 1.0000 -27.5666
v 75.5548 59.1115 -0.0000
v 0.5412 1.0000 -18.2032
v 73.9683 50.0089 -0.0002
v 1.0549 1.0000 -9.7380
v 72.7551 36.3385 -0.0002
v 1.6824 1.0000 -3.3818
v 71.9930 19.1742 -0.0003
v 2.3961 1.0000 0.0000
v 79.5167 75.6317 0.0000
v 0.1529 1.0000 5.6824
v 75.5548 64.9754 -0.0000
v 0.5412 1.0000 9.2400
v 73.9683 52.4106 -0.0002
v 1.0549 1.0000 9.7359
v 72.7551 36.3391 -0.0000
v 1.6824 1.0000 6.6583
v 71.9930 18.2963 -0.0000
v 2.3961 1.0000 37.8159
v 79.5167 65.4990 0.0000
v 0.5412 1.0000 34.2074
v 73.9683 40.7689 -0.0000
v 1.0549 1.0000 26.6011
v 72.7551 26.6026 -0.0002
v 1.6824 1.0000 14.9144
v 71.9930 12.5159 -0.0003
v 2.3961 1.0000 65.4990
v 79.5167 37.8159 0.0000
v 0.1529 1.0000 59.1115
v 75.5548 27.5666 -0.0000
v 0.5412 1.0000 50.0089
v 73.9683 18.2032 -0.0000
v 1.0549 1.0000 36.3385
v 72.7551 9.7380 -0.0002
v 1.6824 1.0000 19.1742
v 71.9930 3.3818 -0.0000
v 2.3961 1.0000 -0.4420
v 71.8329 3.5984 0.0000
v 3.0118 1.0000 1.4164
v 71.8329 3.3373 0.0000
v 3.0118 0.0000 2.8953
v 71.8329 2.1820 0.0000
v 3.0118 1.0000 3.5984
v 71.8329 0.4420 0.0000
v 3.0118 1.0000 3.3373
v 71.8329 -1.4164 0.0000
v 3.0118 1.0000 2.1820
v 71.8329 -2.8953 0.0000
v 3.0118 1.0000 0.4420
v 71.8329 -3.5984 0.0000
v 3.0118 1.0000 -1.4164
v 71.8329 -3.3373 0.0000
v 3.0118 1.0000 -2.8953
v 71.8329 -2.1820 0.0000
v 3.0118 1.0000 -3.5984
v 71.8329 -0.4420 0.0000
v 3.0118 1.0000 -3.3373
v 71.8329 1.4164 0.0000
v 3.0118 1.0000 -2.1820
v 71.8329 2.8953 0.0000
v 3.0118 1.0000 -1.1763
v 71.8728 7.4894 -0.0000
v 2.8588 1.0000 2.7260
v 71.8728 7.0742 -0.0003
v 2.8588 1.0000 5.8979
v 71.8728 4.7634 -0.0003
v 2.8588 1.0000 7.4894
v 71.8728 1.1763 -0.0003
v 2.8588 1.0000 7.0742
v 71.8728 -2.7260 -0.0000
v 2.8588 1.0000 4.7634
v 71.8728 -5.8979 -0.0000
v 2.8588 1.0000 1.1763
v 71.8728 -7.4894 -0.0003
v 2.8588 1.0000 -2.7260
v 71.8728 -7.0742 -0.0003
v 2.8588 1.0000 -5.8979
v 71.8728 -4.7634 -0.0003
v 2.8588 1.0000 -7.4894
v 71.8728 -1.1763 -0.0000
v 2.8588 1.0000 -7.0742
v 71.8728 2.7260 -0.0000
v 2.8588 1.0000 -4.7634
v 71.8728 5.8979 -0.0003
v 2.8588 1.0000 -18.2963
v 71.9930 6.6583 -0.0003
v 1.6824 0.0000 -52.4106
v 73.9683 9.2400 -0.0002
v 1.0549 0.0000 -64.9754
v 75.5548 5.6824 -0.0000
v 0.1529 0.0000 -75.6317
v 79.5167 0.0000 0.0000
v 0.0000 0.0000 -75.6317
v 79.5167 0.0000 0.0000
v 0.0000 0.0000 -19.1742
v 71.9930 -3.3818 -0.0003
v 2.3961 0.0000 -36.3385
v 72.7551 -9.7380 -0.0000
v 1.6824 0.0000 -50.0089
v 73.9683 -18.2032 -0.0000
v 0.1529 0.0000 -65.4990
v 79.5167 -37.8159 0.0000
v 0.0000 0.0000 -65.4990
v 79.5167 -37.8159 0.0000
v 0.0000 0.0000 -14.9144
v 71.9930 -12.5159 -0.0000
v 2.3961 0.0000 -26.6011
v 72.7551 -26.6026 -0.0002
v 1.6824 0.0000 -34.2074
v 73.9683 -40.7689 -0.0002
v 1.0549 0.0000 -37.4088
v 75.5548 -53.4291 -0.0000
v 0.1529 0.0000 -37.8159
v 79.5167 -65.4990 0.0000
v 0.0000 0.0000 -37.8159
v 79.5167 -65.4990 0.0000
v 0.0000 0.0000 -6.6583
v 71.9930 -18.2963 -0.0003
v 2.3961 0.0000 -9.7359
v 72.7551 -36.3391 -0.0000
v 0.1529 0.0000 -0.0000
v 79.5167 -75.6318 0.0000
v 79.5167 -75.6318 0.0000
v 0.0000 0.0000 3.3818
v 71.9930 -19.1742 -0.0000
v 2.3961 0.0000 9.7380
v 72.7551 -36.3385 -0.0002
v 1.0549 0.0000 27.5666
v 75.5548 -59.1115 -0.0000
v 0.1529 0.0000 37.8159
v 79.5167 -65.4990 0.0000
v 0.0000 0.0000 37.8159
v 79.5167 -65.4990 0.0000
v 0.0000 0.0000 12.5159
v 71.9930 -14.9144 -0.0003
v 2.3961 0.0000 26.6026
v 72.7551 -26.6011 -0.0000
v 1.6824 0.0000 40.7689
v 73.9683 -34.2074 -0.0000
v 1.0549 0.0000 53.4291
v 75.5548 -37.4088 -0.0000
v 0.1529 0.0000 65.4990
v 79.5167 -37.8159 0.0000
v 0.0000 0.0000 65.4990
v 79.5167 -37.8159 0.0000
v 0.0000 0.0000 18.2963
v 71.9930 -6.6583 -0.0003
v 2.3961 0.0000 36.3391
v 72.7551 -9.7359 -0.0002
v 1.6824 0.0000 52.4106
v 73.9683 -9.2400 -0.0000
v 0.1529 0.0000 75.6318
v 79.5167 0.0000 0.0000
v 0.0000 0.0000 75.6318
v 79.5167 0.0000 0.0000
v 0.0000 0.0000 19.1742
v 71.9930 3.3818 -0.0000
v 2.3961 0.0000 36.3385
v 72.7551 9.7380 -0.0002
v 1.6824 0.0000 50.0089
v 73.9683 18.2032 -0.0000
v 1.0549 0.0000 59.1115
v 75.5548 27.5666 -0.0000
v 0.1529 0.0000 65.4990
v 79.5167 37.8159 0.0000
v 0.0000 0.0000 65.4990
v 79.5167 37.8159 0.0000
v 0.0000 0.0000 14.9144
v 71.9930 12.5159 -0.0003
v 2.3961 0.0000 26.6011
v 72.7551 26.6026 -0.0002
v 1.6824 0.0000 34.2074
v 73.9683 40.7689 -0.0000
v 0.1529 0.0000 37.8159
v 79.5167 65.4990 0.0000
v 0.0000 0.0000 37.8159
v 79.5167 65.4990 0.0000
v 0.0000 0.0000 6.6583
v 71.9930 18.2963 -0.0000
v 2.3961 0.0000 9.7359
v 72.7551 36.3391 -0.0000
v 1.6824 0.0000 9.2400
v 73.9683 52.4106 -0.0002
v 1.0549 0.0000 5.6824
v 75.5548 64.9754 -0.0000
v 0.1529 0.0000 0.0000
v 79.5167 75.6317 0.0000
v 79.5167 75.6317 0.0000
v 0.0000 0.0000 -12.5159
v 71.9930 14.9144 -0.0000
v 2.3961 1.0000 -3.3818
v 71.9930 19.1742 -0.0003
v 2.3961 0.0000 -26.6026
v 72.7551 26.6011 -0.0000
v 1.6824 1.0000 -9.7380
v 72.7551 36.3385 -0.0002
v 1.6824 0.0000 -40.7689
v 73.9683 34.2074 -0.0000
v 1.0549 1.0000 -18.2032
v 73.9683 50.0089 -0.0002
v 1.0549 0.0000 -53.4291
v 75.5548 37.4088 -0.0000
v 0.5412 1.0000 -27.5666
v 75.5548 59.1115 -0.0000
v 0.1529 0.0000 -65.4990
v 79.5167 37.8159 0.0000
v 0.0000 1.0000 -37.8159
v 79.5167 65.4990 0.0000
v 0.0000 0.0000 -37.8159
v 79.5167 65.4990 0.0000
v 0.0000 0.0000 2.7260
v 71.8728 7.0742 -0.0003
v 2.8588 0.0000 6.6583
v 71.9930 18.2963 -0.0000
v 2.3961 0.0000 6.6583
v 71.9930 18.2963 -0.0000
v 2.3961 0.0000 -0.4420
v 71.8329 3.5984 0.0000
v 3.0118 0.0000 -0.4420
v 71.8329 3.5984 0.0000
v 3.0118 0.0000 -1.1763
v 71.8728 7.4894 -0.0000
v 2.8588 0.0000 -3.3818
v 71.9930 19.1742 -0.0003
v 2.3961 0.0000 -3.3818
v 71.9930 19.1742 -0.0003
v 2.3961 0.0000 -2.1820
v 71.8329 2.8953 0.0000
v 3.0118 0.0000 -2.1820
v 71.8329 2.8953 0.0000
v 3.0118 0.0000 -4.7634
v 71.8728 5.8979 -0.0003
v 2.8588 0.0000 -3.3373
v 71.8329 1.4164 0.0000
v 3.0118 0.0000 -3.3373
v 71.8329 1.4164 0.0000
v 3.0118 0.0000 -7.0742
v 71.8728 2.7260 -0.0000
v 2.8588 0.0000 -18.2963
v 71.9930 6.6583 -0.0003
v 2.3961 0.0000 -18.2963
v 71.9930 6.6583 -0.0003
v 2.3961 0.0000 -3.5984
v 71.8329 -0.4420 0.0000
v 3.0118 0.0000 -3.5984
v 71.8329 -0.4420 0.0000
v 3.0118 0.0000 -7.4894
v 71.8728 -1.1763 -0.0000
v 2.8588 0.0000 -19.1742
v 71.9930 -3.3818 -0.0003
v 2.3961 0.0000 -19.1742
v 71.9930 -3.3818 -0.0003
v 2.3961 0.0000 -2.8953
v 71.8329 -2.1820 0.0000
v 3.0118 0.0000 -2.8953
v 71.8329 -2.1820 0.0000
v 3.0118 0.0000 -5.8979
v 71.8728 -4.7634 -0.0003
v 2.8588 0.0000 -14.9144
v 71.9930 -12.5159 -0.0000
v 2.3961 0.0000 -14.9144
v 71.9930 -12.5159 -0.0000
v 2.3961 0.0000 -1.4164
v 71.8329 -3.3373 0.0000
v 3.0118 0.0000 -1.4164
v 71.8329 -3.3373 0.0000
v 3.0118 0.0000 -2.7260
v 71.8728 -7.0742 -0.0003
v 2.8588 0.0000 -6.6583
v 71.9930 -18.2963 -0.0003
v 2.3961 0.0000 -6.6583
v 71.9930 -18.2963 -0.0003
v 2.3961 0.0000 0.4420
v 71.8329 -3.5984 0.0000
v 3.0118 0.0000 0.4420
v 71.8329 -3.5984 0.0000
v 3.0118 0.0000 1.1763
v 71.8728 -7.4894 -0.0003
v 2.8588 0.0000 3.3818
v 71.9930 -19.1742 -0.0000
v 2.3961 0.0000 3.3818
v 71.9930 -19.1742 -0.0000
v 2.3961 0.0000 2.1820
v 71.8329 -2.8953 0.0000
v 3.0118 0.0000 2.1820
v 71.8329 -2.8953 0.0000
v 3.0118 0.0000 4.7634
v 71.8728 -5.8979 -0.0000
v 2.8588 0.0000 12.5159
v 71.9930 -14.9144 -0.0003
v 2.3961 0.0000 12.5159
v 71.9930 -14.9144 -0.0003
v 2.3961 0.0000 3.3373
v 71.8329 -1.4164 0.0000
v 3.0118 0.0000 3.3373
v 71.8329 -1.4164 0.0000
v 3.0118 0.0000 7.0742
v 71.8728 -2.7260 -0.0000
v 2.8588 0.0000 18.2963
v 71.9930 -6.6583 -0.0003
v 2.3961 0.0000 18.2963
v 71.9930 -6.6583 -0.0003
v 2.3961 0.0000 3.5984
v 71.8329 0.4420 0.0000
v 3.0118 0.0000 3.5984
v 71.8329 0.4420 0.0000
v 3.0118 0.0000 7.4894
v 71.8728 1.1763 -0.0003
v 2.8588 0.0000 19.1742
v 71.9930 3.3818 -0.0000
v 2.3961 0.0000 19.1742
v 71.9930 3.3818 -0.0000
v 2.3961 0.0000 2.8953
v 71.8329 2.1820 0.0000
v 3.0118 0.0000 2.8953
v 71.8329 2.1820 0.0000
v 3.0118 0.0000 1.4164
v 71.8329 3.3373 0.0000
v 3.0118 1.0000 5.8979
v 71.8728 4.7634 -0.0003
v 2.8588 0.0000 14.9144
v 71.9930 12.5159 -0.0003
v 2.3961 0.0000 0.0000
v 75.6748 -0.0000 106.9594
v 0.0000 0.0000 1.0000
v 1.0000 1.0000 0.0000
v 45.2885 2.1084 0.0000
v 31.3836 5.1569 -5.5330
v -0.0000 1.0549 0.0000
v 21.7599 5.8236 -5.8299
v -0.0002 1.6824 0.0000
v 10.9558 6.2423 -3.9870
v -0.0003 2.3961 1.0000
v 39.2210 2.1084 -22.6442
v 31.9935 4.2853 -22.4005
v -0.0000 0.5412 0.0000
v 24.4125 5.1569 -20.4835
v -0.0000 1.0549 0.0000
v 15.9297 5.8236 -15.9288
v -0.0000 1.6824 0.0000
v 7.4945 6.2423 -8.9308
v -0.0003 2.3961 1.0000
v 22.6442 2.1084 -39.2210
v 16.5070 4.2853 -35.3961
v -0.0000 0.5412 0.0000
v 5.8311 5.8236 -21.7596
v -0.0002 1.6824 0.0000
v 2.0251 6.2423 -11.4816
v -0.0000 2.3961 1.0000
v -0.0000 2.1084 -45.2885
v -5.8299 5.8236 -21.7599
v -0.0000 1.6824 0.0000
v -3.9870 6.2423 -10.9558
v -0.0003 2.3961 1.0000
v -22.6442 2.1084 -39.2210
v -22.4005 4.2853 -31.9935
v -0.0000 0.5412 0.0000
v -20.4835 5.1569 -24.4125
v -0.0002 1.0549 0.0000
v -15.9288 5.8236 -15.9297
v -0.0002 1.6824 0.0000
v -8.9308 6.2423 -7.4945
v -0.0000 2.3961 1.0000
v -39.2210 2.1084 -22.6442
v -29.9455 5.1569 -10.9001
v -0.0000 1.0549 0.0000
v -21.7596 5.8236 -5.8311
v -0.0000 1.6824 0.0000
v -11.4816 6.2423 -2.0251
v -0.0003 2.3961 1.0000
v -45.2885 2.1084 0.0000
v 0.0000 0.0000 1.0000
v -38.9074 4.2853 3.4026
v -0.0000 0.5412 1.0000
v -31.3836 5.1569 5.5330
v -0.0002 1.0549 1.0000
v -10.9558 6.2423 3.9870
v -0.0003 2.3961 1.0000
v -39.2210 2.1084 22.6442
v -31.9935 4.2853 22.4005
v -0.0000 0.5412 0.0000
v -24.4125 5.1569 20.4835
v -0.0000 1.0549 0.0000
v -15.9297 5.8236 15.9288
v -0.0000 1.6824 0.0000
v -7.4945 6.2423 8.9308
v -0.0000 2.3961 1.0000
v -22.6442 2.1084 39.2210
v 0.0000 0.0000 1.0000
v -16.5070 4.2853 35.3961
v -0.0000 0.5412 1.0000
v -10.9001 5.1569 29.9455
v -0.0002 1.0549 1.0000
v -5.8311 5.8236 21.7596
v -0.0002 1.6824 1.0000
v -2.0251 6.2423 11.4816
v -0.0003 2.3961 1.0000
v 0.0000 2.1084 45.2885
v 0.0000 0.0000 1.0000
v 3.4026 4.2853 38.9074
v -0.0000 0.5412 1.0000
v 5.5330 5.1569 31.3836
v -0.0002 1.0549 1.0000
v 5.8299 5.8236 21.7599
v -0.0000 1.6824 1.0000
v 3.9870 6.2423 10.9558
v -0.0000 2.3961 1.0000
v 22.6442 2.1084 39.2210
v 0.0000 0.0000 1.0000
v 20.4835 5.1569 24.4125
v -0.0000 1.0549 1.0000
v 15.9288 5.8236 15.9297
v -0.0002 1.6824 1.0000
v 8.9308 6.2423 7.4945
v -0.0003 2.3961 1.0000
v 39.2210 2.1084 22.6442
v 0.0000 0.0000 1.0000
v 35.3961 4.2853 16.5070
v -0.0000 0.5412 1.0000
v 29.9455 5.1569 10.9001
v -0.0000 1.0549 1.0000
v 21.7596 5.8236 5.8311
v -0.0002 1.6824 1.0000
v 11.4816 6.2423 2.0251
v -0.0000 2.3961 1.0000
v -0.2647 6.3303 2.1548
v 0.0000 3.0118 1.0000
v 0.8482 6.3303 1.9984
v 0.0000 3.0118 0.0000
v 1.7337 6.3303 1.3066
v 0.0000 3.0118 1.0000
v 2.1548 6.3303 0.2647
v 0.0000 3.0118 1.0000
v 1.9984 6.3303 -0.8482
v 0.0000 3.0118 1.0000
v 1.3066 6.3303 -1.7337
v 0.0000 3.0118 1.0000
v 0.2647 6.3303 -2.1548
v 0.0000 3.0118 1.0000
v -0.8482 6.3303 -1.9984
v 0.0000 3.0118 1.0000
v -1.7337 6.3303 -1.3066
v 0.0000 3.0118 1.0000
v -2.1548 6.3303 -0.2647
v 0.0000 3.0118 1.0000
v -1.9984 6.3303 0.8482
v 0.0000 3.0118 1.0000
v -1.3066 6.3303 1.7337
v 0.0000 3.0118 1.0000
v -0.7043 6.3083 4.4847
v -0.0000 2.8588 1.0000
v 1.6324 6.3083 4.2360
v -0.0003 2.8588 0.0000
v 3.5317 6.3083 2.8523
v -0.0003 2.8588 1.0000
v 4.4847 6.3083 0.7043
v -0.0003 2.8588 1.0000
v 4.2360 6.3083 -1.6324
v -0.0000 2.8588 1.0000
v 2.8523 6.3083 -3.5317
v -0.0000 2.8588 1.0000
v 0.7043 6.3083 -4.4847
v -0.0003 2.8588 1.0000
v -1.6324 6.3083 -4.2360
v -0.0003 2.8588 1.0000
v -3.5317 6.3083 -2.8523
v -0.0003 2.8588 1.0000
v -4.4847 6.3083 -0.7043
v -0.0000 2.8588 1.0000
v -4.2360 6.3083 1.6324
v -0.0000 2.8588 1.0000
v -2.8523 6.3083 3.5317
v -0.0003 2.8588 1.0000
v 21.7599 5.8236 -5.8299
v -0.0002 1.6824 1.0000
v 31.3836 5.1569 -5.5330
v -0.0000 1.0549 1.0000
v 45.2885 2.1084 0.0000
v 0.0000 0.0000 1.0000
v 45.2885 2.1084 0.0000
v 0.0000 0.0000 1.0000
v 21.7596 5.8236 5.8311
v -0.0002 1.6824 0.0000
v 29.9455 5.1569 10.9001
v -0.0000 1.0549 0.0000
v 35.3961 4.2853 16.5070
v -0.0000 0.5412 0.0000
v 39.2210 2.1084 22.6442
v 15.9297 5.8236 -15.9288
v -0.0000 1.6824 1.0000
v 24.4125 5.1569 -20.4835
v -0.0000 1.0549 1.0000
v 31.9935 4.2853 -22.4005
v -0.0000 0.5412 1.0000
v 39.2210 2.1084 -22.6442
v 0.0000 0.0000 1.0000
v 39.2210 2.1084 -22.6442
v 0.0000 0.0000 1.0000
v 5.8311 5.8236 -21.7596
v -0.0002 1.6824 1.0000
v 16.5070 4.2853 -35.3961
v -0.0000 0.5412 1.0000
v 22.6442 2.1084 -39.2210
v 0.0000 0.0000 1.0000
v 22.6442 2.1084 -39.2210
v 0.0000 0.0000 1.0000
v 15.9288 5.8236 15.9297
v -0.0002 1.6824 0.0000
v 20.4835 5.1569 24.4125
v -0.0000 1.0549 0.0000
v 22.6442 2.1084 39.2210
v -5.8299 5.8236 -21.7599
v -0.0000 1.6824 1.0000
v -0.0000 2.1084 -45.2885
v 0.0000 0.0000 1.0000
v -0.0000 2.1084 -45.2885
v 0.0000 0.0000 1.0000
v 5.8299 5.8236 21.7599
v -0.0000 1.6824 0.0000
v 5.5330 5.1569 31.3836
v -0.0002 1.0549 0.0000
v 3.4026 4.2853 38.9074
v -0.0000 0.5412 0.0000
v 0.0000 2.1084 45.2885
v -15.9288 5.8236 -15.9297
v -0.0002 1.6824 1.0000
v -20.4835 5.1569 -24.4125
v -0.0002 1.0549 1.0000
v -22.4005 4.2853 -31.9935
v -0.0000 0.5412 1.0000
v -22.6442 2.1084 -39.2210
v 0.0000 0.0000 1.0000
v -22.6442 2.1084 -39.2210
v 0.0000 0.0000 1.0000
v -5.8311 5.8236 21.7596
v -0.0002 1.6824 0.0000
v -15.9297 5.8236 15.9288
v -0.0000 1.6824 1.0000
v -10.9001 5.1569 29.9455
v -0.0002 1.0549 0.0000
v -24.4125 5.1569 20.4835
v -0.0000 1.0549 1.0000
v -16.5070 4.2853 35.3961
v -0.0000 0.5412 0.0000
v -31.9935 4.2853 22.4005
v -0.0000 0.5412 1.0000
v -22.6442 2.1084 39.2210
v -39.2210 2.1084 22.6442
v 0.0000 0.0000 1.0000
v -39.2210 2.1084 22.6442
v 0.0000 0.0000 1.0000
v -21.7596 5.8236 -5.8311
v -0.0000 1.6824 1.0000
v -31.3836 5.1569 5.5330
v -0.0002 1.0549 0.0000
v -29.9455 5.1569 -10.9001
v -0.0000 1.0549 1.0000
v -38.9074 4.2853 3.4026
v -0.0000 0.5412 0.0000
v -45.2885 2.1084 0.0000
v -39.2210 2.1084 -22.6442
v 0.0000 0.0000 1.0000
v -39.2210 2.1084 -22.6442
v 0.0000 0.0000 1.0000
v 3.9870 6.2423 10.9558
v -0.0000 2.3961 0.0000
v 5.8299 5.8236 21.7599
v -0.0000 1.6824 0.0000
v 5.8299 5.8236 21.7599
v -0.0000 1.6824 0.0000
v -0.2647 6.3303 2.1548
v 0.0000 3.0118 0.0000
v -0.7043 6.3083 4.4847
v -0.0000 2.8588 0.0000
v -2.0251 6.2423 11.4816
v -0.0003 2.3961 0.0000
v -5.8311 5.8236 21.7596
v -0.0002 1.6824 0.0000
v -5.8311 5.8236 21.7596
v -0.0002 1.6824 0.0000
v -1.3066 6.3303 1.7337
v 0.0000 3.0118 0.0000
v -2.8523 6.3083 3.5317
v -0.0003 2.8588 0.0000
v -7.4945 6.2423 8.9308
v -0.0000 2.3961 0.0000
v -1.9984 6.3303 0.8482
v 0.0000 3.0118 0.0000
v -4.2360 6.3083 1.6324
v -0.0000 2.8588 0.0000
v -10.9558 6.2423 3.9870
v -0.0003 2.3961 0.0000
v -2.1548 6.3303 -0.2647
v 0.0000 3.0118 0.0000
v -4.4847 6.3083 -0.7043
v -0.0000 2.8588 0.0000
v -11.4816 6.2423 -2.0251
v -0.0003 2.3961 0.0000
v -1.7337 6.3303 -1.3066
v 0.0000 3.0118 0.0000
v -3.5317 6.3083 -2.8523
v -0.0003 2.8588 0.0000
v -8.9308 6.2423 -7.4945
v -0.0000 2.3961 0.0000
v -0.8482 6.3303 -1.9984
v 0.0000 3.0118 0.0000
v -1.6324 6.3083 -4.2360
v -0.0003 2.8588 0.0000
v -3.9870 6.2423 -10.9558
v -0.0003 2.3961 0.0000
v 0.2647 6.3303 -2.1548
v 0.0000 3.0118 0.0000
v 0.7043 6.3083 -4.4847
v -0.0003 2.8588 0.0000
v 2.0251 6.2423 -11.4816
v -0.0000 2.3961 0.0000
v 1.3066 6.3303 -1.7337
v 0.0000 3.0118 0.0000
v 2.8523 6.3083 -3.5317
v -0.0000 2.8588 0.0000
v 7.4945 6.2423 -8.9308
v -0.0003 2.3961 0.0000
v 1.9984 6.3303 -0.8482
v 0.0000 3.0118 0.0000
v 4.2360 6.3083 -1.6324
v -0.0000 2.8588 0.0000
v 10.9558 6.2423 -3.9870
v -0.0003 2.3961 0.0000
v 2.1548 6.3303 0.2647
v 0.0000 3.0118 0.0000
v 4.4847 6.3083 0.7043
v -0.0003 2.8588 0.0000
v 11.4816 6.2423 2.0251
v -0.0000 2.3961 0.0000
v 21.7596 5.8236 5.8311
v -0.0002 1.6824 0.0000
v 21.7596 5.8236 5.8311
v -0.0002 1.6824 0.0000
v 0.8482 6.3303 1.9984
v 0.0000 3.0118 1.0000
v 0.8482 6.3303 1.9984
v 0.0000 3.0118 1.0000
v 1.7337 6.3303 1.3066
v 0.0000 3.0118 0.0000
v 1.6324 6.3083 4.2360
v -0.0003 2.8588 1.0000
v 3.5317 6.3083 2.8523
v -0.0003 2.8588 0.0000
v 8.9308 6.2423 7.4945
v -0.0003 2.3961 0.0000
v 15.9288 5.8236 15.9297
v -0.0002 1.6824 0.0000
v 0.0000 0.0000 4.2193
v -0.0000 64.0476 0.0000
v 0.0000 1.0000 1.0000
v 1.0000 0.0000 0.0000
v 0.0000 0.0000 45.0000
v 2.1000 0.0000 0.0000
v 0.5412 0.0000 31.3364
v 5.0592 -5.5255 -0.0000
v 1.0549 0.0000 21.7333
v 5.7243 -5.8234 -0.0002
v 1.6824 0.0000 10.9445
v 6.1424 -3.9835 -0.0002
v 2.3961 1.0000 38.9711
v 2.1000 -22.5000 0.0000
v 0.1529 0.0000 31.9233
v 4.1925 -22.3529 -0.0000
v 0.5412 0.0000 24.3754
v 5.0592 -20.4534 -0.0000
v 1.0549 0.0000 15.9099
v 5.7243 -15.9099 -0.0000
v 1.6824 0.0000 7.4865
v 6.1424 -8.9220 -0.0002
v 2.3961 1.0000 22.5000
v 2.1000 -38.9711 0.0000
v 0.1529 0.0000 16.4699
v 4.1925 -35.3198 -0.0000
v 1.0549 0.0000 5.8234
v 5.7243 -21.7333 -0.0002
v 1.6824 0.0000 2.0225
v 6.1424 -11.4699 -0.0000
v 2.3961 1.0000 -0.0000
v 2.1000 -45.0000 0.0000
v 1.0549 0.0000 -5.8234
v 5.7243 -21.7333 -0.0000
v 1.6824 0.0000 -3.9835
v 6.1424 -10.9445 -0.0003
v 2.3608 1.0000 -22.5000
v 2.1000 -38.9711 0.0000
v 0.5490 0.0000 -22.3529
v 4.1925 -31.9233 -0.0000
v 0.4078 0.0000 -20.4534
v 5.0592 -24.3754 -0.0002
v 0.9490 0.0000 -15.9099
v 5.7243 -15.9099 -0.0002
v 1.6118 0.0000 -8.9220
v 6.1424 -7.4865 -0.0000
v 2.3961 1.0000 -38.9711
v 2.1000 -22.5000 0.0000
v 0.5412 0.0000 -29.9008
v 5.0592 -10.8830 -0.0000
v 1.0549 0.0000 -21.7333
v 5.7243 -5.8234 -0.0000
v 1.6824 0.0000 -11.4699
v 6.1424 -2.0225 -0.0002
v 2.3961 1.0000 -45.0000
v 2.1000 0.0000 0.0000
v 0.1529 1.0000 -38.8228
v 4.1925 3.3966 -0.0000
v 0.5412 1.0000 -31.3364
v 5.0592 5.5255 -0.0002
v 1.6824 1.0000 -10.9445
v 6.1424 3.9835 -0.0002
v 2.3961 1.0000 -38.9711
v 2.1000 22.5000 0.0000
v 0.1529 0.0000 -31.9233
v 4.1925 22.3529 -0.0000
v 0.5412 0.0000 -24.3754
v 5.0592 20.4534 -0.0000
v 1.0549 0.0000 -15.9099
v 5.7243 15.9099 -0.0000
v 1.6824 0.0000 -7.4865
v 6.1424 8.9220 -0.0000
v 2.3961 1.0000 -22.5000
v 2.1000 38.9711 0.0000
v 0.1529 1.0000 -16.4699
v 4.1925 35.3198 -0.0000
v 0.5412 1.0000 -10.8830
v 5.0592 29.9008 -0.0002
v 1.0549 1.0000 -5.8234
v 5.7243 21.7333 -0.0002
v 1.6824 1.0000 -2.0225
v 6.1424 11.4699 -0.0002
v 2.3961 1.0000 0.0000
v 2.1000 45.0000 0.0000
v 0.1529 1.0000 3.3966
v 4.1925 38.8228 -0.0000
v 0.5412 1.0000 5.5255
v 5.0592 31.3364 -0.0003
v 1.0549 1.0000 5.8234
v 5.7243 21.7333 -0.0000
v 1.6824 1.0000 3.9835
v 6.1424 10.9445 -0.0000
v 2.3961 1.0000 22.5000
v 2.1000 38.9711 0.0000
v 0.5412 1.0000 20.4534
v 5.0592 24.3754 -0.0000
v 1.0549 1.0000 15.9099
v 5.7243 15.9099 -0.0002
v 1.6824 1.0000 8.9220
v 6.1424 7.4865 -0.0002
v 2.3961 1.0000 38.9711
v 2.1000 22.5000 0.0000
v 0.1529 1.0000 35.3198
v 4.1925 16.4699 -0.0000
v 0.5412 1.0000 29.9008
v 5.0592 10.8830 -0.0000
v 1.0549 1.0000 21.7333
v 5.7243 5.8234 -0.0002
v 1.6824 1.0000 11.4699
v 6.1424 2.0225 -0.0000
v 2.3961 1.0000 -0.2640
v 6.2303 2.1502 0.0000
v 3.0118 1.0000 0.8464
v 6.2303 1.9941 0.0000
v 3.0118 0.0000 1.7301
v 6.2303 1.3037 0.0000
v 3.0118 1.0000 2.1502
v 6.2303 0.2640 0.0000
v 3.0118 1.0000 1.9941
v 6.2303 -0.8464 0.0000
v 3.0118 1.0000 1.3037
v 6.2303 -1.7301 0.0000
v 3.0118 1.0000 0.2640
v 6.2303 -2.1502 0.0000
v 3.0118 1.0000 -0.8464
v 6.2303 -1.9941 0.0000
v 3.0118 1.0000 -1.7301
v 6.2303 -1.3037 0.0000
v 3.0118 1.0000 -2.1502
v 6.2303 -0.2640 0.0000
v 3.0118 1.0000 -1.9941
v 6.2303 0.8464 0.0000
v 3.0118 1.0000 -1.3037
v 6.2303 1.7301 0.0000
v 3.0118 1.0000 -0.7036
v 6.2083 4.4801 -0.0000
v 2.8588 1.0000 1.6307
v 6.2083 4.2317 -0.0002
v 2.8588 0.0000 3.5281
v 6.2083 2.8494 -0.0003
v 2.8588 1.0000 4.4801
v 6.2083 0.7036 -0.0002
v 2.8588 1.0000 4.2317
v 6.2083 -1.6307 -0.0000
v 2.8588 1.0000 2.8494
v 6.2083 -3.5281 -0.0000
v 2.8588 1.0000 0.7036
v 6.2083 -4.4801 -0.0002
v 2.8588 1.0000 -1.6307
v 6.2083 -4.2317 -0.0002
v 2.8510 1.0000 -3.5281
v 6.2083 -2.8494 -0.0002
v 2.8588 1.0000 -4.4801
v 6.2083 -0.7036 -0.0000
v 2.8588 1.0000 -4.2317
v 6.2083 1.6307 -0.0000
v 2.8588 1.0000 -2.8494
v 6.2083 3.5281 -0.0002
v 2.8588 1.0000 21.7333
v 5.7243 -5.8234 -0.0002
v 1.6824 1.0000 31.3364
v 5.0592 -5.5255 -0.0000
v 0.1529 1.0000 45.0000
v 2.1000 0.0000 0.0000
v 0.0000 1.0000 45.0000
v 2.1000 0.0000 0.0000
v 0.0000 1.0000 21.7333
v 5.7243 5.8234 -0.0002
v 1.6824 0.0000 29.9008
v 5.0592 10.8830 -0.0000
v 1.0549 0.0000 35.3198
v 4.1925 16.4699 -0.0000
v 0.1529 0.0000 38.9711
v 2.1000 22.5000 0.0000
v 0.0000 0.0000 15.9099
v 5.7243 -15.9099 -0.0000
v 1.6824 1.0000 24.3754
v 5.0592 -20.4534 -0.0000
v 1.0549 1.0000 31.9233
v 4.1925 -22.3529 -0.0000
v 0.1529 1.0000 38.9711
v 2.1000 -22.5000 0.0000
v 0.0000 1.0000 38.9711
v 2.1000 -22.5000 0.0000
v 0.0000 1.0000 5.8234
v 5.7243 -21.7333 -0.0002
v 1.0549 1.0000 16.4699
v 4.1925 -35.3198 -0.0000
v 0.1529 1.0000 22.5000
v 2.1000 -38.9711 0.0000
v 0.0000 1.0000 22.5000
v 2.1000 -38.9711 0.0000
v 0.0000 1.0000 15.9099
v 5.7243 15.9099 -0.0002
v 1.6824 0.0000 20.4534
v 5.0592 24.3754 -0.0000
v 0.1529 0.0000 22.5000
v 2.1000 38.9711 0.0000
v 0.5490 1.0000 -0.0000
v 2.1000 -45.0000 0.0000
v 0.0000 1.0000 -0.0000
v 2.1000 -45.0000 0.0000
v 0.0000 1.0000 -5.8234
v 5.7243 -21.7333 -0.0000
v 0.0000 1.0000 5.8234
v 5.7243 21.7333 -0.0000
v 1.6824 0.0000 5.5255
v 5.0592 31.3364 -0.0003
v 1.0549 0.0000 3.3966
v 4.1925 38.8228 -0.0000
v 0.1529 0.0000 0.0000
v 2.1000 45.0000 0.0000
v 0.0000 0.0000 -15.9099
v 5.7243 -15.9099 -0.0002
v 1.6824 1.0000 -20.4534
v 5.0592 -24.3754 -0.0002
v 1.0549 1.0000 -22.3529
v 4.1925 -31.9233 -0.0000
v 0.1529 1.0000 -22.5000
v 2.1000 -38.9711 0.0000
v 0.0000 1.0000 -22.5000
v 2.1000 -38.9711 0.0000
v 0.0000 1.0000 -5.8234
v 5.7243 21.7333 -0.0002
v 1.6824 0.0000 -15.9099
v 5.7243 15.9099 -0.0000
v 1.6824 1.0000 -10.8830
v 5.0592 29.9008 -0.0002
v 1.0549 0.0000 -24.3754
v 5.0592 20.4534 -0.0000
v 1.0549 1.0000 -16.4699
v 4.1925 35.3198 -0.0000
v 0.5412 0.0000 -31.9233
v 4.1925 22.3529 -0.0000
v 0.1529 1.0000 -22.5000
v 2.1000 38.9711 0.0000
v 0.0000 0.0000 -38.9711
v 2.1000 22.5000 0.0000
v 0.0000 1.0000 -38.9711
v 2.1000 22.5000 0.0000
v 1.6824 0.0000 -21.7333
v 5.7243 -5.8234 -0.0000
v 1.6824 1.0000 -31.3364
v 5.0592 5.5255 -0.0002
v 1.0549 0.0000 -29.9008
v 5.0592 -10.8830 -0.0000
v 1.0549 1.0000 -38.8228
v 4.1925 3.3966 -0.0000
v 0.1529 1.0000 -45.0000
v 2.1000 0.0000 0.0000
v 0.0000 0.0000 -38.9711
v 2.1000 -22.5000 0.0000
v 0.0000 1.0000 -38.9711
v 2.1000 -22.5000 0.0000
v 0.0000 1.0000 3.9835
v 6.1424 10.9445 -0.0000
v 2.3961 0.0000 5.8234
v 5.7243 21.7333 -0.0000
v 1.6824 0.0000 5.8234
v 5.7243 21.7333 -0.0000
v 1.6824 0.0000 -0.2640
v 6.2303 2.1502 0.0000
v 3.0118 0.0000 -0.7036
v 6.2083 4.4801 -0.0000
v 2.8588 0.0000 -2.0225
v 6.1424 11.4699 -0.0002
v 2.3961 0.0000 -5.8234
v 5.7243 21.7333 -0.0002
v 1.6824 0.0000 -5.8234
v 5.7243 21.7333 -0.0002
v 1.6824 0.0000 -1.3037
v 6.2303 1.7301 0.0000
v 3.0118 0.0000 -2.8494
v 6.2083 3.5281 -0.0002
v 2.8588 0.0000 -7.4865
v 6.1424 8.9220 -0.0000
v 2.3961 0.0000 -1.9941
v 6.2303 0.8464 0.0000
v 3.0118 0.0000 -4.2317
v 6.2083 1.6307 -0.0000
v 2.8588 0.0000 -10.9445
v 6.1424 3.9835 -0.0002
v 1.6824 0.0000 -2.1502
v 6.2303 -0.2640 0.0000
v 3.0118 0.0000 -4.4801
v 6.2083 -0.7036 -0.0000
v 2.8588 0.0000 -11.4699
v 6.1424 -2.0225 -0.0002
v 2.3961 0.0000 -1.7301
v 6.2303 -1.3037 0.0000
v 3.0118 0.0000 -3.5281
v 6.2083 -2.8494 -0.0002
v 2.8510 0.0000 -8.9220
v 6.1424 -7.4865 -0.0000
v 2.3608 0.0000 -0.8464
v 6.2303 -1.9941 0.0000
v 3.0118 0.0000 -1.6307
v 6.2083 -4.2317 -0.0002
v 2.8588 0.0000 -3.9835
v 6.1424 -10.9445 -0.0003
v 2.3961 0.0000 0.2640
v 6.2303 -2.1502 0.0000
v 3.0118 0.0000 0.7036
v 6.2083 -4.4801 -0.0002
v 2.8588 0.0000 2.0225
v 6.1424 -11.4699 -0.0000
v 2.3961 0.0000 1.3037
v 6.2303 -1.7301 0.0000
v 3.0118 0.0000 2.8494
v 6.2083 -3.5281 -0.0000
v 2.8588 0.0000 7.4865
v 6.1424 -8.9220 -0.0002
v 2.3961 0.0000 1.9941
v 6.2303 -0.8464 0.0000
v 3.0118 0.0000 4.2317
v 6.2083 -1.6307 -0.0000
v 2.8588 0.0000 10.9445
v 6.1424 -3.9835 -0.0002
v 2.3961 0.0000 2.1502
v 6.2303 0.2640 0.0000
v 3.0118 0.0000 4.4801
v 6.2083 0.7036 -0.0002
v 2.8588 0.0000 11.4699
v 6.1424 2.0225 -0.0000
v 2.3961 0.0000 21.7333
v 5.7243 5.8234 -0.0002
v 1.6824 0.0000 21.7333
v 5.7243 5.8234 -0.0002
v 1.6824 0.0000 0.8464
v 6.2303 1.9941 0.0000
v 3.0118 1.0000 0.8464
v 6.2303 1.9941 0.0000
v 3.0118 1.0000 1.7301
v 6.2303 1.3037 0.0000
v 3.0118 0.0000 1.6307
v 6.2083 4.2317 -0.0002
v 2.8588 1.0000 3.5281
v 6.2083 2.8494 -0.0003
v 2.8588 0.0000 8.9220
v 6.1424 7.4865 -0.0002
v 2.3961 0.0000 15.9099
v 5.7243 15.9099 -0.0002
v 1.6824 0.0000 0.0000
v 0.0000 4.1651 -0.0000
v 63.6396 0.0000 0.0000
v 1.0000 1.0000 1.0000
v 0.0000 0.0000 75.1500
v 79.6600 0.0000 0.0000
v 0.5412 0.0000 52.3318
v 74.2741 -9.2275 -0.0000
v 1.0549 0.0000 36.2947
v 73.0637 -9.7251 -0.0002
v 1.6824 0.0000 18.2772
v 72.3028 -6.6524 -0.0002
v 2.3961 0.0000 65.0818
v 79.6599 -37.5750 0.0000
v 0.1529 0.0000 53.3119
v 75.8516 -37.3294 -0.0000
v 0.5412 0.0000 40.7069
v 74.2741 -34.1571 -0.0000
v 1.0549 0.0000 26.5695
v 73.0637 -26.5695 -0.0000
v 1.6824 0.0000 12.5024
v 72.3028 -14.8998 -0.0002
v 2.3961 0.0000 37.5750
v 79.6599 -65.0818 0.0000
v 0.1529 0.0000 27.5048
v 75.8516 -58.9841 -0.0000
v 1.0549 0.0000 9.7251
v 73.0637 -36.2947 -0.0002
v 1.6824 0.0000 3.3775
v 72.3028 -19.1547 -0.0000
v 2.3961 0.0000 -0.0000
v 79.6599 -75.1500 0.0000
v 1.0549 0.0000 -9.7251
v 73.0637 -36.2947 -0.0000
v 1.6824 0.0000 -6.6524
v 72.3028 -18.2772 -0.0003
v 2.3961 0.0000 -37.5750
v 79.6599 -65.0818 0.0000
v 0.5490 0.0000 -37.3294
v 75.8516 -53.3119 -0.0000
v 0.4078 0.0000 -34.1571
v 74.2741 -40.7069 -0.0002
v 0.9490 0.0000 -26.5695
v 73.0637 -26.5695 -0.0002
v 1.6118 0.0000 -14.8998
v 72.3028 -12.5024 -0.0000
v 2.3608 0.0000 -65.0818
v 79.6599 -37.5750 0.0000
v 0.5412 0.0000 -49.9344
v 74.2741 -18.1746 -0.0000
v 1.0549 0.0000 -36.2947
v 73.0637 -9.7251 -0.0000
v 1.6824 0.0000 -19.1548
v 72.3028 -3.3775 -0.0002
v 2.3961 0.0000 -75.1500
v 79.6600 0.0000 0.0000
v 0.1529 1.0000 -64.8341
v 75.8516 5.6723 -0.0000
v 0.5412 1.0000 -52.3318
v 74.2741 9.2275 -0.0002
v 1.6824 1.0000 -18.2772
v 72.3028 6.6524 -0.0002
v 2.3961 0.0000 -65.0818
v 79.6600 37.5750 0.0000
v 0.1529 0.0000 -53.3119
v 75.8516 37.3294 -0.0000
v 0.5412 0.0000 -40.7069
v 74.2741 34.1571 -0.0000
v 1.0549 0.0000 -26.5695
v 73.0637 26.5695 -0.0000
v 1.6824 0.0000 -12.5024
v 72.3028 14.8998 -0.0000
v 2.3961 0.0000 -37.5750
v 79.6600 65.0818 0.0000
v 0.1529 1.0000 -27.5048
v 75.8516 58.9841 -0.0000
v 0.5412 1.0000 -18.1746
v 74.2741 49.9344 -0.0002
v 1.0549 1.0000 -9.7251
v 73.0637 36.2947 -0.0002
v 1.6824 1.0000 -3.3775
v 72.3028 19.1548 -0.0002
v 2.3961 0.0000 0.0000
v 79.6600 75.1500 0.0000
v 0.1529 1.0000 5.6723
v 75.8516 64.8341 -0.0000
v 0.5412 1.0000 9.2275
v 74.2741 52.3318 -0.0002
v 1.0549 1.0000 9.7251
v 73.0637 36.2947 -0.0000
v 1.6824 1.0000 6.6524
v 72.3028 18.2773 -0.0000
v 2.3961 0.0000 37.5750
v 79.6600 65.0818 0.0000
v 0.5412 1.0000 34.1571
v 74.2741 40.7069 -0.0000
v 1.0549 1.0000 26.5695
v 73.0637 26.5695 -0.0002
v 1.6824 1.0000 14.8998
v 72.3028 12.5024 -0.0002
v 2.3961 0.0000 65.0818
v 79.6600 37.5750 0.0000
v 0.1529 1.0000 58.9841
v 75.8516 27.5048 -0.0000
v 0.5412 1.0000 49.9344
v 74.2741 18.1746 -0.0000
v 1.0549 1.0000 36.2947
v 73.0637 9.7251 -0.0002
v 1.6824 1.0000 19.1548
v 72.3028 3.3775 -0.0000
v 2.3961 0.0000 -0.4409
v 72.1428 3.5908 0.0000
v 3.0118 1.0000 1.4136
v 72.1428 3.3302 0.0000
v 3.0118 0.0000 2.8893
v 72.1428 2.1772 0.0000
v 3.0118 1.0000 3.5908
v 72.1428 0.4409 0.0000
v 3.0118 1.0000 3.3302
v 72.1428 -1.4136 0.0000
v 3.0118 1.0000 2.1772
v 72.1428 -2.8893 0.0000
v 3.0118 1.0000 0.4409
v 72.1428 -3.5908 0.0000
v 3.0118 1.0000 -1.4136
v 72.1428 -3.3302 0.0000
v 3.0118 1.0000 -2.8893
v 72.1428 -2.1772 0.0000
v 3.0118 1.0000 -3.5908
v 72.1428 -0.4409 0.0000
v 3.0118 1.0000 -3.3302
v 72.1428 1.4136 0.0000
v 3.0118 1.0000 -2.1772
v 72.1428 2.8893 0.0000
v 3.0118 1.0000 -1.1750
v 72.1828 7.4818 -0.0000
v 2.8588 1.0000 2.7233
v 72.1828 7.0669 -0.0002
v 2.8588 0.0000 5.8919
v 72.1828 4.7585 -0.0003
v 2.8588 1.0000 7.4818
v 72.1828 1.1750 -0.0002
v 2.8588 1.0000 7.0669
v 72.1828 -2.7233 -0.0000
v 2.8588 1.0000 4.7585
v 72.1828 -5.8919 -0.0000
v 2.8588 1.0000 1.1750
v 72.1828 -7.4818 -0.0002
v 2.8588 1.0000 -2.7233
v 72.1828 -7.0669 -0.0002
v 2.8510 1.0000 -5.8919
v 72.1828 -4.7585 -0.0002
v 2.8588 1.0000 -7.4818
v 72.1828 -1.1750 -0.0000
v 2.8588 1.0000 -7.0669
v 72.1828 2.7233 -0.0000
v 2.8588 1.0000 -4.7585
v 72.1828 5.8919 -0.0002
v 2.8588 1.0000 36.2947
v 73.0637 -9.7251 -0.0002
v 1.6824 1.0000 52.3318
v 74.2741 -9.2275 -0.0000
v 0.1529 1.0000 75.1500
v 79.6600 0.0000 0.0000
v 0.0000 1.0000 36.2947
v 73.0637 9.7251 -0.0002
v 1.6824 0.0000 49.9344
v 74.2741 18.1746 -0.0000
v 1.0549 0.0000 58.9841
v 75.8516 27.5048 -0.0000
v 0.1529 0.0000 65.0818
v 79.6600 37.5750 0.0000
v 0.0000 0.0000 65.0818
v 79.6600 37.5750 0.0000
v 0.0000 0.0000 26.5695
v 73.0637 -26.5695 -0.0000
v 1.6824 1.0000 40.7069
v 74.2741 -34.1571 -0.0000
v 1.0549 1.0000 53.3119
v 75.8516 -37.3294 -0.0000
v 0.1529 1.0000 65.0818
v 79.6599 -37.5750 0.0000
v 0.0000 1.0000 9.7251
v 73.0637 -36.2947 -0.0002
v 1.0549 1.0000 27.5048
v 75.8516 -58.9841 -0.0000
v 0.1529 1.0000 37.5750
v 79.6599 -65.0818 0.0000
v 0.0000 1.0000 26.5695
v 73.0637 26.5695 -0.0002
v 1.6824 0.0000 34.1571
v 74.2741 40.7069 -0.0000
v 0.1529 0.0000 37.5750
v 79.6600 65.0818 0.0000
v 0.0000 0.0000 37.5750
v 79.6600 65.0818 0.0000
v 79.6599 -75.1500 0.0000
v 0.5490 1.0000 -9.7251
v 73.0637 -36.2947 -0.0000
v 0.0000 0.0000 9.7251
v 73.0637 36.2947 -0.0000
v 1.6824 0.0000 9.2275
v 74.2741 52.3318 -0.0002
v 1.0549 0.0000 5.6723
v 75.8516 64.8341 -0.0000
v 0.1529 0.0000 0.0000
v 79.6600 75.1500 0.0000
v 79.6600 75.1500 0.0000
v 0.0000 0.0000 -26.5695
v 73.0637 -26.5695 -0.0002
v 1.6824 1.0000 -34.1571
v 74.2741 -40.7069 -0.0002
v 1.0549 1.0000 -37.3294
v 75.8516 -53.3119 -0.0000
v 0.1529 1.0000 -37.5750
v 79.6599 -65.0818 0.0000
v 0.0000 1.0000 -26.5695
v 73.0637 26.5695 -0.0000
v 1.6824 1.0000 -9.7251
v 73.0637 36.2947 -0.0002
v 1.6824 0.0000 -40.7069
v 74.2741 34.1571 -0.0000
v 1.0549 1.0000 -18.1746
v 74.2741 49.9344 -0.0002
v 1.0549 0.0000 -53.3119
v 75.8516 37.3294 -0.0000
v 0.5412 1.0000 -27.5048
v 75.8516 58.9841 -0.0000
v 0.1529 0.0000 -65.0818
v 79.6600 37.5750 0.0000
v 0.0000 1.0000 -37.5750
v 79.6600 65.0818 0.0000
v 0.0000 0.0000 -37.5750
v 79.6600 65.0818 0.0000
v 0.0000 0.0000 -36.2947
v 73.0637 -9.7251 -0.0000
v 1.6824 0.0000 -49.9344
v 74.2741 -18.1746 -0.0000
v 1.0549 1.0000 -52.3318
v 74.2741 9.2275 -0.0002
v 0.5412 1.0000 -64.8341
v 75.8516 5.6723 -0.0000
v 0.1529 0.0000 -65.0818
v 79.6599 -37.5750 0.0000
v 0.0000 1.0000 -75.1500
v 79.6600 0.0000 0.0000
v 0.0000 0.0000 -75.1500
v 79.6600 0.0000 0.0000
v 0.0000 0.0000 -3.3775
v 72.3028 19.1548 -0.0002
v 2.3961 1.0000 -0.4409
v 72.1428 3.5908 0.0000
v 3.0118 0.0000 -0.4409
v 72.1428 3.5908 0.0000
v 3.0118 0.0000 -1.1750
v 72.1828 7.4818 -0.0000
v 2.8588 0.0000 -12.5024
v 72.3028 14.8998 -0.0000
v 2.3961 1.0000 -26.5695
v 73.0637 26.5695 -0.0000
v 1.6824 1.0000 -26.5695
v 73.0637 26.5695 -0.0000
v 1.6824 1.0000 -2.1772
v 72.1428 2.8893 0.0000
v 3.0118 0.0000 -2.1772
v 72.1428 2.8893 0.0000
v 3.0118 0.0000 -4.7585
v 72.1828 5.8919 -0.0002
v 2.8588 0.0000 -18.2772
v 72.3028 6.6524 -0.0002
v 2.3961 1.0000 -3.3302
v 72.1428 1.4136 0.0000
v 3.0118 0.0000 -3.3302
v 72.1428 1.4136 0.0000
v 3.0118 0.0000 -7.0669
v 72.1828 2.7233 -0.0000
v 2.8588 0.0000 -19.1548
v 72.3028 -3.3775 -0.0002
v 2.3961 1.0000 -36.2947
v 73.0637 -9.7251 -0.0000
v 1.6824 1.0000 -36.2947
v 73.0637 -9.7251 -0.0000
v 1.6824 1.0000 -3.5908
v 72.1428 -0.4409 0.0000
v 3.0118 0.0000 -3.5908
v 72.1428 -0.4409 0.0000
v 3.0118 0.0000 -7.4818
v 72.1828 -1.1750 -0.0000
v 2.8588 0.0000 -14.8998
v 72.3028 -12.5024 -0.0000
v 2.3961 1.0000 -26.5695
v 73.0637 -26.5695 -0.0002
v 1.6824 1.0000 -26.5695
v 73.0637 -26.5695 -0.0002
v 1.6824 1.0000 -2.8893
v 72.1428 -2.1772 0.0000
v 3.0118 0.0000 -2.8893
v 72.1428 -2.1772 0.0000
v 3.0118 0.0000 -5.8919
v 72.1828 -4.7585 -0.0002
v 2.8510 0.0000 -6.6524
v 72.3028 -18.2772 -0.0003
v 2.3608 1.0000 -9.7251
v 73.0637 -36.2947 -0.0000
v 1.6118 1.0000 -9.7251
v 73.0637 -36.2947 -0.0000
v 1.6118 1.0000 -1.4136
v 72.1428 -3.3302 0.0000
v 3.0118 0.0000 -1.4136
v 72.1428 -3.3302 0.0000
v 3.0118 0.0000 -2.7233
v 72.1828 -7.0669 -0.0002
v 2.8588 0.0000 3.3775
v 72.3028 -19.1547 -0.0000
v 2.3961 1.0000 9.7251
v 73.0637 -36.2947 -0.0002
v 1.6824 1.0000 9.7251
v 73.0637 -36.2947 -0.0002
v 1.6824 1.0000 0.4409
v 72.1428 -3.5908 0.0000
v 3.0118 0.0000 0.4409
v 72.1428 -3.5908 0.0000
v 3.0118 0.0000 1.1750
v 72.1828 -7.4818 -0.0002
v 2.8588 0.0000 12.5024
v 72.3028 -14.8998 -0.0002
v 2.3961 1.0000 26.5695
v 73.0637 -26.5695 -0.0000
v 1.6824 1.0000 26.5695
v 73.0637 -26.5695 -0.0000
v 1.6824 1.0000 2.1772
v 72.1428 -2.8893 0.0000
v 3.0118 0.0000 2.1772
v 72.1428 -2.8893 0.0000
v 3.0118 0.0000 4.7585
v 72.1828 -5.8919 -0.0000
v 2.8588 0.0000 18.2772
v 72.3028 -6.6524 -0.0002
v 2.3961 1.0000 36.2947
v 73.0637 -9.7251 -0.0002
v 1.6824 1.0000 36.2947
v 73.0637 -9.7251 -0.0002
v 1.6824 1.0000 3.3302
v 72.1428 -1.4136 0.0000
v 3.0118 0.0000 3.3302
v 72.1428 -1.4136 0.0000
v 3.0118 0.0000 7.0669
v 72.1828 -2.7233 -0.0000
v 2.8588 0.0000 19.1548
v 72.3028 3.3775 -0.0000
v 2.3961 1.0000 3.5908
v 72.1428 0.4409 0.0000
v 3.0118 0.0000 3.5908
v 72.1428 0.4409 0.0000
v 3.0118 0.0000 7.4818
v 72.1828 1.1750 -0.0002
v 2.8588 0.0000 14.8998
v 72.3028 12.5024 -0.0002
v 2.3961 1.0000 2.8893
v 72.1428 2.1772 0.0000
v 3.0118 0.0000 2.8893
v 72.1428 2.1772 0.0000
v 3.0118 0.0000 1.4136
v 72.1428 3.3302 0.0000
v 3.0118 1.0000 5.8919
v 72.1828 4.7585 -0.0003
v 2.8588 0.0000 2.7233
v 72.1828 7.0669 -0.0002
v 2.8588 1.0000 6.6524
v 72.3028 18.2773 -0.0000
v 2.3961 1.0000 0.0000
v 75.9014 -0.0000 106.2781
v 0.0000 0.0000 1.0000
v 1.0000 1.0000 0.0000
v 0.1765 -106.2630 467.3018
v 132.7136 -0.0002 0.3020
v 0.0000 -135.0404 497.2633
v 63.3068 -0.0000 0.0000
v 0.1765 -78.9464 433.6460
v 84.4084 -0.0000 0.3020
v 0.8196 -121.3366 382.4970
v 96.0734 -0.0002 0.3020
v 1.0000 -146.3396 407.9901
v 37.5356 -0.0000 0.0000
v 0.8196 -148.6532 416.1528
v 144.3786 -0.0000 0.3020
v 0.5098 -139.9864 439.9335
v 150.1513 -0.2017 0.3020
v 0.8431 -147.5232 397.5312
v 131.8312 -0.0134 0.3020
v 0.1529 -18.5562 426.4888
v 111.6329 -0.0000 0.7020
v 0.1765 -5.7136 424.9197
v 156.6104 -0.0000 0.7020
v 0.0000 -62.1560 447.7930
v 156.7267 -0.0000 0.5020
v 0.4863 -39.0744 389.3688
v 91.8469 -0.0000 0.7020
v 0.6667 -54.7335 423.0721
v 97.1780 -846.3544 0.5020
v 0.8196 -46.7501 350.6797
v 117.0386 -0.0000 0.7020
v 1.0000 -83.2551 365.4447
v 117.5462 -0.0000 0.5020
v 0.8196 -24.0400 363.1460
v 176.5457 -3.1180 0.7020
v 0.5098 -13.3892 386.2305
v 181.8021 -0.0000 0.7020
v 0.3294 -90.6776 390.1656
v 177.0949 -0.0000 0.5020
v 0.8431 -33.9075 349.1106
v 162.0161 -0.0000 0.7020
v 0.8431 60.3967 390.8486
v 63.4912 -201.5690 1.1059
v 0.3294 16.8638 410.5087
v 91.2437 -0.0000 0.9020
v 0.1765 75.8313 377.6200
v 73.0958 -0.0030 1.1059
v 0.1765 15.1673 387.0955
v 52.0636 -0.0000 1.1059
v 0.6667 -15.2743 378.8403
v 78.8086 -0.0000 0.9020
v 0.6667 -0.0879 399.7702
v 81.1048 -0.0000 0.9020
v 0.4863 -8.0238 347.4466
v 61.0367 -810.3544 1.1059
v 0.8196 59.2439 315.3040
v 92.8652 -0.0000 1.1059
v 0.3294 44.4072 360.0982
v 148.4388 -0.0000 0.9020
v 0.6667 12.2690 328.4298
v 136.0038 -0.0000 0.9020
v 0.1765 41.7430 324.7158
v -50.4558 -0.0000 1.5059
v 0.0000 75.3700 350.8502
v 7.0723 -0.0002 1.3059
v 0.6667 15.0410 372.7775
v 16.6574 -0.0000 1.3059
v 0.8196 -14.8481 303.3633
v 20.9794 -0.0000 1.5059
v 1.0000 -1.8654 313.9116
v 44.9106 -0.0002 1.3059
v 0.8196 33.2343 271.9796
v -9.2758 -0.0000 1.5059
v 0.3294 76.1648 307.2209
v 23.9908 -0.8068 1.3059
v 0.3294 58.4635 291.9844
v 35.3255 -0.0000 1.3059
v 0.6667 37.5471 288.7516
v 42.9099 -0.0134 1.3059
v 0.1529 -95.0655 311.4485
v -60.5067 -0.0000 1.9059
v 0.3294 -36.5577 335.1618
v -60.9892 -0.0000 1.7059
v 0.0000 -16.2221 298.9216
v -82.5179 -0.0000 1.7059
v 0.1765 -92.1937 320.0636
v -39.9397 -0.0000 1.9059
v 0.4863 -83.7846 317.5947
v -15.5029 -0.0000 1.9059
v 0.6667 -48.1126 332.0208
v -15.7455 -0.0000 1.7059
v 1.0000 -39.3318 292.6397
v 7.9696 -0.0000 1.7059
v 0.5098 -64.7126 236.3298
v -57.8561 -0.0000 1.9059
v 0.3294 -7.4413 259.5404
v -58.8028 -0.0000 1.7059
v 0.3294 -11.4234 252.0321
v -34.2726 -3.1180 1.7059
v 0.8431 -53.4317 242.4760
v -12.8523 -0.0000 1.9059
v 0.6667 -18.9961 256.3994
v -13.5590 -0.0000 1.7059
v 0.3294 -150.2186 265.4275
v -43.2230 -201.5690 2.1098
v 0.1765 -174.6396 219.2133
v 9.2561 -0.0002 2.3098
v 0.0000 -142.7644 244.8238
v -48.2620 -0.0121 2.1098
v 0.1765 -164.4464 277.8403
v 35.1644 -0.0000 2.3098
v 0.6667 -138.8415 298.8218
v -12.4699 -0.0000 2.1098
v 0.8196 -100.0446 261.5095
v 46.7812 -0.0002 2.3098
v 1.0000 -103.5327 292.0041
v 17.4832 -810.3544 2.1098
v 0.8196 -110.2378 202.8825
v 20.8728 -0.0000 2.3098
v 0.5098 -133.7437 196.6006
v 11.8189 -0.8107 2.3098
v 0.3294 -90.9780 218.3978
v -14.0701 -0.0000 2.1098
v 0.8431 -96.4462 217.7488
v 30.5814 -0.0033 2.3098
v 0.1529 -143.1738 209.3735
v 150.3946 -0.0000 2.7098
v 0.1765 -143.5313 169.3782
v 126.0917 -0.0000 2.7098
v 0.0000 -173.5113 192.7620
v 74.4958 -0.0000 2.5098
v 0.4863 -112.7340 243.1753
v 139.3839 -0.0000 2.7098
v 0.6667 -163.7575 253.4366
v 95.3696 -846.3544 2.5098
v 0.8196 -82.6516 236.9819
v 104.0702 -0.0000 2.7098
v 1.0000 -99.7005 250.3248
v 74.4827 -0.0000 2.5098
v 0.8196 -94.7717 177.8327
v 80.2632 -3.1180 2.7098
v 0.5098 -113.4489 163.1847
v 90.7780 -0.0000 2.7098
v 0.3294 -109.4544 189.6501
v 53.6089 -0.0000 2.5098
v 0.8431 -83.0091 196.9866
v 79.7672 -0.0000 2.7098
v 0.8431 -27.0745 134.4606
v 170.9485 -201.5690 3.1137
v 0.3294 -84.7760 183.4900
v 182.3352 -0.0000 2.9098
v 0.1765 -36.5995 123.9955
v 153.4778 -0.0121 3.1137
v 0.1765 -8.0963 176.5129
v 178.8108 -0.0000 3.1137
v 0.6667 -64.7858 222.0966
v 165.0061 -0.0000 2.9098
v 0.6667 -76.0177 204.0548
v 179.9157 -0.0000 2.9098
v 0.4863 -6.2921 208.1769
v 144.3941 -810.3387 3.1137
v 0.8196 -42.4439 155.7362
v 94.2527 -0.0000 3.1137
v 0.3294 -78.6926 147.7874
v 109.8132 -0.0000 2.9098
v 0.6667 -58.7024 186.3939
v 92.4841 -0.0000 2.9098
v 0.1765 29.2324 85.9223
v 86.3776 -0.0000 3.5137
v 0.0000 5.7968 104.8608
v 129.0822 -0.0002 3.3137
v 0.1765 81.7124 124.1031
v 85.7868 -846.3544 3.5137
v 0.6667 49.8362 150.0199
v 144.3623 -0.0000 3.3137
v 0.8196 45.7209 173.1224
v 56.6156 -0.0000 3.5137
v 1.0000 24.7061 190.6403
v 96.7422 -0.0002 3.3137
v 0.8196 -6.7591 134.9417
v 57.2066 -0.0000 3.5137
v 0.3294 -19.7645 122.9092
v 94.2795 -0.8107 3.3137
v 0.3294 -19.3334 145.4811
v 81.4622 -0.0000 3.3137
v 0.6667 -10.3099 165.7990
v 78.1096 -0.0134 3.3137
v 0.1529 41.0800 55.8561
v -22.9767 -0.0000 3.9137
v 0.3294 70.4684 78.6190
v 27.0410 -0.0000 3.7137
v 0.0000 28.0182 68.8266
v 44.1425 -0.0000 3.7137
v 0.1765 47.1566 70.7628
v -38.6718 -0.0000 3.9137
v 0.4863 44.2657 93.9586
v -49.9661 -0.0000 3.9137
v 0.6667 78.9073 120.4982
v 7.9283 -0.0000 3.7137
v 1.0000 44.8960 152.5850
v 5.9172 -0.0000 3.7137
v 0.5098 -18.8015 90.6835
v 19.1231 -0.0000 3.9137
v 0.3294 -5.9932 100.9133
v 42.1313 -0.0000 3.7137
v 0.3294 -7.3308 125.1786
v 33.0007 -12.4723 3.7137
v 0.8431 -15.6157 128.7861
v -7.8662 -0.0000 3.9137
v 0.6667 2.4458 142.7925
v 23.0187 -0.0000 3.7137
v 0.3294 -15.1332 31.0274
v -25.3123 -201.5690 4.1176
v 0.1765 -54.3686 27.1762
v -5.3049 -0.0002 4.3176
v 0.0000 -23.6609 39.5837
v -6.3508 -0.0121 4.1176
v 0.1765 -71.3869 20.6216
v -67.5919 -0.0000 4.3176
v 0.6667 -9.0192 45.9053
v -69.2627 -0.0000 4.1176
v 0.8196 -96.0511 83.3983
v -67.4590 -0.0002 4.3176
v 1.0000 -22.6317 88.9807
v -81.4933 -810.3387 4.1176
v 0.8196 -79.0328 89.9529
v -5.1720 -0.0000 4.3176
v 0.5098 -67.4077 70.3383
v 7.2411 -0.8107 4.3176
v 0.3294 -48.4721 102.3004
v -5.8231 -0.0000 4.1176
v 0.8431 -88.2491 98.4492
v -23.8360 -0.0134 4.3176
v 0.1529 -124.7952 -24.2751
v 15.5427 -0.0000 4.7176
v 0.1765 -93.4878 4.3862
v 35.2595 -0.0000 4.7176
v 0.0000 -79.6412 15.9106
v 8.8445 -0.0000 4.5176
v 0.4863 -168.9155 -9.9774
v 9.2695 -0.0000 4.7176
v 0.8196 -181.7285 32.9815
v 22.7137 -0.0000 4.7176
v 1.0000 -151.5383 57.8744
v -33.9495 -0.0000 4.5176
v 0.8196 -128.6352 60.5533
v 47.8762 -3.1180 4.7176
v 0.5098 -106.3008 47.3453
v 48.7032 -0.0000 4.7176
v 0.3294 -111.1961 75.3156
v 13.8056 -0.0000 4.5176
v 0.8431 -150.4210 61.6429
v 42.4302 -0.0000 4.7176
v 0.8431 -88.7052 -35.9923
v 79.3495 -201.5690 5.1216
v 0.3294 -123.3792 -40.4371
v 55.4816 -0.0000 4.9176
v 0.1765 -79.7317 -15.5970
v 82.3458 -0.0030 5.1216
v 0.1765 -122.2755 -61.4004
v 99.7905 -0.0000 5.1216
v 0.6667 -167.0694 -35.1700
v 71.4128 -0.0000 4.9176
v 0.6667 -144.9158 -43.8019
v 60.9882 -0.0000 4.9176
v 0.4863 -145.9427 -43.9438
v 136.1980 -810.3544 5.1216
v 0.8196 -102.4694 24.3290
v 131.7239 -0.0000 5.1216
v 0.3294 -105.5440 34.9084
v 79.4836 -0.0000 4.9176
v 0.6667 -149.2342 40.1756
v 95.4146 -0.0000 4.9176
v 0.1765 -30.2258 -36.2690
v 93.9968 -0.0000 5.5216
v 0.0000 -55.1840 -26.2001
v 94.8197 -0.0002 5.3216
v 0.6667 -82.8489 -78.7587
v 120.9828 -0.0000 5.3216
v 0.8196 -18.4008 -74.8288
v 178.4647 -0.0000 5.5216
v 1.0000 -86.3603 -47.2705
v 180.5262 -0.0002 5.3216
v 0.8196 -3.7733 -16.9674
v 152.9624 -0.0000 5.5216
v 0.3294 -51.9921 5.3039
v 129.2826 -0.2017 5.3216
v 0.3294 -58.6956 5.2882
v 154.3630 -0.0000 5.3216
v 0.6667 -67.5806 -5.2312
v 172.1357 -0.0134 5.3216
v 0.1529 -7.3006 -102.0365
v 62.5105 -0.0000 5.9216
v 0.3294 -20.5990 -90.8469
v 88.2875 -0.0000 5.7216
v 0.0000 -4.2108 -48.0406
v 78.8306 -0.0000 5.7216
v 0.1765 0.7301 -120.7671
v 72.0049 -0.0000 5.9216
v 0.4863 20.4815 -133.9986
v 82.4343 -0.0000 5.9216
v 0.6667 -0.4641 -116.7701
v 121.6484 -0.0000 5.7216
v 1.0000 36.0591 -99.8872
v 145.5523 -0.0000 5.7216
v 0.5098 54.9925 -50.3101
v 58.6278 -0.0000 5.9216
v 0.3294 32.3126 -31.1578
v 102.7344 -0.0000 5.7216
v 0.3294 47.2246 -40.5250
v 121.8092 -12.4723 5.7216
v 0.8431 82.7747 -82.2723
v 78.5513 -0.0000 5.9216
v 0.6667 52.4475 -57.0811
v 136.0953 -0.0000 5.7216
v 0.3294 -4.5220 -88.1922
v 28.2144 -201.5690 6.1255
v 0.1765 -11.3850 -88.8584
v -15.7618 -0.0002 6.3255
v 0.0000 8.9593 -73.3603
v 18.0290 -0.0121 6.1255
v 0.1765 -13.9251 -142.5802
v 20.5676 -0.0000 6.3255
v 0.6667 -0.5039 -132.0047
v 44.1740 -0.0000 6.1255
v 0.8196 35.4048 -169.9253
v -16.4192 -0.0002 6.3255
v 1.0000 40.1722 -154.7794
v 40.0344 -810.3387 6.1255
v 0.8196 37.9448 -116.2035
v -52.7485 -0.0000 6.3255
v 0.5098 22.0095 -96.3441
v -47.6855 -0.8107 6.3255
v 0.3294 72.8124 -89.9291
v 3.9762 -0.0000 6.1255
v 0.8431 45.4049 -136.8772
v -48.0137 -0.0033 6.3255
v 0.1529 -72.2177 -143.0874
v 4.3212 -0.0000 6.7255
v 0.1765 -92.3025 -122.5883
v -32.6486 -0.0000 6.7255
v 0.0000 -47.6422 -104.5062
v -34.0547 -0.0000 6.5255
v 0.4863 -56.0788 -186.8841
v 0.8928 -0.0000 6.7255
v 0.8196 -60.0239 -210.1817
v -39.5057 -0.0000 6.7255
v 1.0000 -11.7798 -190.6414
v -41.5467 -0.0000 6.5255
v 0.8196 -89.4045 -169.6834
v -80.8451 -12.4723 6.7255
v 0.5098 -96.2464 -145.8853
v -73.0475 -0.0000 6.7255
v 0.3294 -20.1665 -141.6048
v -83.2281 -0.0000 6.5255
v 0.8431 -80.1084 -189.6825
v -76.4756 -0.0000 6.7255
v 0.8431 -138.2117 -159.4149
v 47.0170 -201.5690 7.1294
v 0.3294 -99.2042 -155.3728
v 20.3047 -0.0000 6.9255
v 0.1765 -159.3872 -162.7244
v 40.2260 -0.0121 7.1294
v 0.1765 -98.6370 -184.3955
v 47.4392 -0.0000 7.1294
v 0.6667 -79.5268 -197.4105
v 14.3030 -0.0000 6.9255
v 0.6667 -85.9852 -173.4782
v 22.0164 -0.0000 6.9255
v 0.4863 -98.2888 -227.9737
v 30.3747 -810.3544 7.1294
v 0.8196 -177.0900 -221.5905
v 12.4653 -0.0000 7.1294
v 0.3294 -152.9855 -172.2288
v -37.9583 -0.0000 6.9255
v 0.6667 -133.3082 -214.2665
v -43.9598 -0.0000 6.9255
v 0.1765 -124.8475 -210.3044
v 149.8799 -0.0000 7.5294
v 0.0000 -157.4097 -185.9512
v 97.5349 -0.0002 7.3294
v 0.1765 -80.7778 -208.0310
v 102.2886 -211.5886 7.5294
v 0.6667 -97.5323 -195.2295
v 74.2784 -0.0000 7.3294
v 0.8196 -98.4422 -270.1899
v 82.9622 -0.0000 7.5294
v 1.0000 -114.5901 -257.6537
v 55.2652 -0.0002 7.3294
v 0.8196 -142.5116 -272.4635
v 130.5539 -0.0000 7.5294
v 0.3294 -180.7570 -225.7118
v 89.5109 -0.0502 7.3294
v 0.3294 -174.4675 -248.3755
v 78.5218 -0.0000 7.3294
v 0.6667 -159.3472 -261.5630
v 68.3759 -0.0134 7.3294
v 0.1529 -5.8665 -233.8284
v 137.1129 -0.0000 7.9294
v 0.3294 -52.8746 -214.7911
v 138.8744 -0.0000 7.7294
v 0.0000 -70.4042 -233.9407
v 177.8152 -0.0000 7.7294
v 0.1765 -13.6269 -235.9476
v 116.1187 -0.0000 7.9294
v 0.4863 -25.2778 -250.1617
v 97.7835 -0.0000 7.9294
v 0.6667 -52.2766 -239.2627
v 98.9851 -0.0000 7.7294
v 1.0000 -69.2084 -282.8838
v 98.0364 -0.0000 7.7294
v 0.5098 -21.4454 -304.2796
v 174.0597 -0.0000 7.9294
v 0.3294 -87.3359 -277.5618
v 176.8665 -0.0000 7.7294
v 0.3294 -89.6649 -295.5673
v 158.3101 -12.4723 7.7294
v 0.8431 -40.8575 -320.6125
v 134.7305 -0.0000 7.9294
v 0.6667 -86.7382 -302.0333
v 136.9771 -0.0000 7.7294
v 0.3294 51.3601 -268.6901
v 127.3658 -201.5690 8.1333
v 0.1765 83.4163 -313.0546
v 80.7894 -0.0002 8.3333
v 0.0000 53.1456 -287.5205
v 139.5190 -0.0121 8.1333
v 0.1765 43.0322 -270.1175
v 53.6272 -0.0000 8.3333
v 0.6667 23.2054 -252.9941
v 93.4350 -0.0000 8.1333
v 0.8196 -7.4404 -314.6101
v 58.3362 -0.0002 8.3333
v 1.0000 -11.5692 -279.9786
v 77.5304 -810.3544 8.1333
v 0.8196 32.9436 -357.5471
v 85.4987 -0.0000 8.3333
v 0.5098 57.8446 -351.3036
v 89.3617 -0.0502 8.3333
v 0.3294 9.9659 -338.3552
v 129.4873 -0.0000 8.1333
v 0.8431 12.4163 -352.0815
v 78.1348 -0.0134 8.3333
v 0.1529 27.5001 -324.6060
v -51.7517 -0.0000 8.7333
v 0.1765 45.1069 -367.3903
v -44.6887 -0.0000 8.7333
v 0.0000 80.4172 -341.0990
v 11.6379 -0.0000 8.5333
v 0.4863 -6.3341 -308.3200
v -23.8162 -0.0000 8.7333
v 0.6667 41.0486 -289.9865
v 4.5744 -211.5886 8.5333
v 0.8196 -22.5602 -334.8176
v 11.1834 -0.0000 8.7333
v 1.0000 -8.7329 -324.1799
v 34.6056 -0.0000 8.5333
v 0.8196 10.7691 -390.4476
v 8.5891 -12.4723 8.7333
v 0.5098 28.8809 -393.8878
v -9.6891 -0.0000 8.7333
v 0.3294 30.6358 -375.2923
v 41.6692 -0.0000 8.5333
v 0.8431 -4.9528 -377.6015
v 18.2469 -0.0000 8.7333
v 0.8431 -87.0141 -400.3894
v -79.8119 -201.5651 9.1373
v 0.3294 -28.2250 -348.7229
v -80.0360 -0.0000 8.9333
v 0.1765 -76.9671 -418.5835
v -71.2384 -0.0030 9.1373
v 0.1765 -98.6075 -357.7937
v -64.2689 -0.0000 9.1373
v 0.6667 -46.4781 -325.5608
v -43.6942 -0.0000 8.9333
v 0.6667 -37.6757 -333.0926
v -66.9268 -0.0000 8.9333
v 0.4863 -88.7131 -345.4632
v -20.2185 -202.5847 9.1373
v 0.8196 -55.6330 -418.3245
v -7.2539 -0.0000 9.1373
v 0.3294 -14.8900 -412.9468
v -32.4063 -0.0000 8.9333
v 0.6667 -33.1415 -389.7842
v 3.9359 -0.0000 8.9333
v 0.8431 -179.7723 -457.0342
v 85.9795 -0.0000 9.7373
v 0.1529 -150.8201 -486.3854
v 63.8288 -0.0000 9.7373
v 0.1765 -101.9294 -513.1105
v 125.7554 -0.0000 10.0392
v 0.1765 -153.6519 -464.2943
v 11.4572 -0.0000 9.5373
v 0.0000 -127.2176 -442.0042
v -39.8272 -0.0002 9.3373
v 0.1765 -164.6200 -414.7880
v 99.2479 -0.0000 9.7373
v 0.6667 -152.9300 -383.2555
v -29.8394 -0.0000 9.3373
v 0.4863 -120.5154 -401.8934
v 90.3664 -0.0000 9.7373
v 0.8196 -81.0706 -422.7999
v 138.8103 -0.0000 10.0392
v 0.8196 -122.5714 -385.0556
v 50.4026 -0.0000 9.5373
v 1.0000 -106.6196 -371.0612
v 17.6564 -0.0002 9.3373
v 0.8196 -106.7157 -473.4906
v 54.9466 -0.0000 9.7373
v 0.3294 -92.9369 -452.0087
v 59.7043 -3.1180 9.7373
v 0.3294 -94.6767 -441.6102
v 35.0494 -0.0000 9.5373
v 0.3294 -91.2013 -445.6243
v -10.1610 -0.8107 9.3373
v 0.3294 -80.9069 -429.8098
v 7.6685 -0.0000 9.3373
v 0.5098 -91.5631 -431.2448
v 68.2160 -0.0000 9.7373
v 0.6667 -80.9022 -410.1528
v 18.5808 -0.0134 9.3373
v 0.8431 0.0000 0.0000
v 0.0000 0.0000 -51.8653
v -7.9236 50.0701 522.4770
v 0.0000 0.0000 1.0000
v 1.0000 1.0000 0.0000
v 0.0000 55.0000 1.5000
v 0.0000 18.0278 0.0000
v 0.0000 1.0000 1.0000
v 1.0000 0.0000 0.0000
v -3.0118 0.0000 0.0000
v 0.0000 0.0000 -80.0000
v -45.0000 80.0000 113.1371
v 0.0000 0.0000 1.0000
v 1.0000 1.0000 0.0000
v -3.0118 0.0000 0.0000
v 0.0000 0.0000 80.0000
v -45.0000 80.0000 113.1371
v 0.0000 0.0000 1.0000
v 1.0000 1.0000 0.0000
v -3.0118 0.0000 0.0000
v 0.0000 0.0000 -80.0000
v -45.0000 -80.0000 113.1371
v 0.0000 0.0000 1.0000
v 1.0000 1.0000 0.0000
v -3.0118 0.0000 0.0000
v 0.0000 0.0000 80.0000
v -45.0000 -80.0000 113.1371
v 0.0000 0.0000 1.0000
v 1.0000 1.0000 0.0000
v 0.4941 0.0000 0.0000
v 1.5000 55.0000 18.0278
v 0.0000 0.0000 1.0000
v 1.0000 1.0000 0.0000
v 0.2549 0.4941 0.0000
v -55.0000 1.5000 0.0000
v 18.0278 0.0000 0.0000
v 1.0000 1.0000 1.0000
v 0.0000 0.0000 1.5000
v -55.0000 18.0278 0.0000
v 0.0000 1.0000 1.0000
v 1.0000 0.0000 0.0000
v 1.0000 0.0000 0.0000
v 0.0000 0.0000 195.0000
v -20.0000 -195.0000 360.6245
v 0.0000 0.0000 1.0000
v 1.0000 1.0000 0.0000
v 0.0000 195.0000 -20.0000
v -195.0000 360.6245 0.0000
v 0.0000 1.0000 1.0000
v 1.0000 0.0000 0.0000
v 0.0000 1.0000 0.0000
v 0.0000 195.0000 -20.0000
v -195.0000 360.6245 0.0000
v 0.0000 1.0000 1.0000
v 1.0000 0.0000 0.0000
v 1330.9375 -41.5000 360.0000
v 2875.7708 0.0000 0.0000
v 1.0000 1.0000 1.0000
v 2185.0000 215.5000 -1845.0000
v 350.8112 0.0000 0.0000
v 1.0000 1.0000 1.0000
v 0.0000 0.0000 425.0000
v -96.2500 -340.0000 2233.9705
v 0.0000 0.0000 1.0000
v 1.0000 1.0000 0.0000
v 0.8824 0.0000 0.0000
v 0.0000 0.0000 355.0000
v 115.0000 -270.0000 1503.1051
v 0.0000 0.0000 1.0000
v 1.0000 1.0000 0.0000
v 0.5882 0.0000 0.0000
v 0.0000 0.0000 205.0000
v 65.0000 -195.0000 968.8395
v 0.0000 0.0000 1.0000
v 1.0000 1.0000 0.0000
v -0.4980 0.0000 0.0000
v 0.0002 500.0000 -0.0004
v 4242.6401 0.0000 0.0000
v 1.0000 1.0000 1.0000
v 100.0000 0.0000 1131.3708
v 0.0000 0.0000 1.0000
v 1.0000 1.0000 0.0000
v 100.0000 0.0000 1400.0713
v 0.0000 0.0000 1.0000
v 1.0000 1.0000 0.0000
v 0.0000 0.0000 1330.9375
v -291.5000 360.0000 2875.7708
v 0.0000 0.0000 1.0000
v 1.0000 1.0000 0.0000
v 0.0000 570.0000 -0.0000
v 570.0000 500.6746 0.0000
v 0.0000 1.0000 1.0000
v 1.0000 0.0000 0.0000
v -5.0196 0.0000 0.0000
v 0.0000 0.0000 -570.0000
v -0.0000 570.0000 500.6746
v 0.0000 0.0000 1.0000
v 1.0000 1.0000 0.0000
v 2.0078 -5.0196 0.0000
v -570.0000 -0.0000 -570.0000
v 500.6746 0.0000 0.0000
v 1.0000 1.0000 1.0000
v 0.0000 570.0000 -0.0000
v -570.0000 500.6746 0.0000
v 0.0000 1.0000 1.0000
v 1.0000 0.0000 0.0000
v -1100.0000 -0.0004 4242.6401
v 0.0000 0.0000 1.0000
v 1.0000 1.0000 0.0000
v 1.0039 0.0000 0.0000
v -1845.0000 350.8112 0.0000
v 0.0000 1.0000 1.0000
v 1.0000 0.0000 0.0000
v 1.0000 0.0000 0.0000
v 0.0000 200.0000 0.0000
v 1131.3708 0.0000 0.0000
v 1.0000 1.0000 1.0000
v 1.0000 0.0000 0.0000
v 0.0000 200.0000 0.0000
v 1400.0713 0.0000 0.0000
v 1.0000 1.0000 1.0000
v -5.0196 0.0000 0.0000
v 0.0000 0.0000 570.0000
v -0.0000 -570.0000 500.6746
v 0.0000 0.0000 1.0000
v 1.0000 1.0000 0.0000
vn 0.0000 1.0000 0.0000
vn 0.0000 1.0000 0.0000
vn 0.0000 1.0000 0.0000
vn 0.0000 1.0000 0.0000
vn 0.0000 1.0000 0.0000
vn 0.0000 1.0000 0.0000
vn 0.0000 1.0000 0.0000
vn 0.0000 1.0000 0.0000
vn 0.0000 1.0000 0.0000
vn 0.0000 1.0000 0.0000
vn 0.0000 1.0000 0.0000
vn 0.0000 1.0000 0.0000
vn 0.0000 1.0000 0.0000
vn 0.0000 1.0000 0.0000
vn 0.0000 1.0000 0.0000
vn 0.0000 1.0000 0.0000
vn 0.0000 1.0000 0.0000
vn 0.0000 1.0000 0.0000
vn 0.0000 1.0000 0.0000
vn 0.0000 1.0000 0.0000
vn 0.0000 1.0000 0.0000
vn 0.0000 1.0000 0.0000
vn 0.0000 1.0000 0.0000
vn 0.0000 1.0000 0.0000
vn 0.0000 1.0000 0.0000
vn 0.0000 1.0000 0.0000
vn 0.0000 1.0000 0.0000
vn 0.0000 1.0000 0.0000
vn 0.0000 1.0000 0.0000
vn 0.0000 1.0000 0.0000
vn 0.0000 1.0000 0.0000
vn 0.0000 1.0000 0.0000
vn 0.0000 1.0000 0.0000
vn 0.0000 1.0000 0.0000
vn 0.0000 1.0000 0.0000
vn 0.0000 1.0000 0.0000
vn 0.0000 1.0000 0.0000
vn 0.0000 1.0000 0.0000
vn 0.0000 1.0000 0.0000
vn 0.0000 1.0000 0.0000
vn 0.0000 1.0000 0.0000
vn 0.0000 1.0000 0.0000
vn 0.0000 1.0000 0.0000
vn 0.0000 1.0000 0.0000
vn 0.0000 1.0000 0.0000
vn 0.0000 1.0000 0.0000
vn 0.0000 1.0000 0.0000
vn 0.0000 1.0000 0.0000
vn 0.0000 1.0000 0.0000
vn 0.0000 1.0000 0.0000
vn 0.0000 1.0000 0.0000
vn 0.0000 1.0000 0.0000
vn 0.0000 1.0000 0.0000
vn 0.0000 1.0000 0.0000
vn 0.0000 1.0000 0.0000
vn 0.0000 1.0000 0.0000
vn 0.0000 1.0000 0.0000
vn 0.0000 1.0000 0.0000
vn 0.0000 1.0000 0.0000
vn 0.0000 1.0000 0.0000
vn 0.0000 1.0000 0.0000
vn 0.0000 1.0000 0.0000
vn 0.0000 1.0000 0.0000
vn 0.0000 1.0000 0.0000
vn 0.0000 1.0000 0.0000
vn 0.0000 1.0000 0.0000
vn 0.0000 1.0000 0.0000
vn 0.0000 1.0000 0.0000
vn 0.0000 1.0000 0.0000
vn 0.0000 1.0000 0.0000
vn 0.0000 1.0000 0.0000
vn 0.0000 1.0000 0.0000
vn 0.0000 1.0000 0.0000
vn 0.0000 1.0000 0.0000
vn 0.0000 1.0000 0.0000
vn 0.0000 1.0000 0.0000
vn 0.0000 1.0000 0.0000
vn 0.0000 1.0000 0.0000
vn 0.0000 1.0000 0.0000
vn 0.0000 1.0000 0.0000
vn 0.0000 1.0000 0.0000
vn 0.0000 1.0000 0.0000
vn 0.0000 1.0000 0.0000
vn 0.0000 1.0000 0.0000
vn 0.0000 1.0000 0.0000
vn 0.0000 1.0000 0.0000
vn 0.0000 1.0000 0.0000
vn 0.0000 1.0000 0.0000
vn 0.0000 1.0000 0.0000
vn 0.0000 1.0000 0.0000
vn 0.0000 1.0000 0.0000
vn 0.0000 1.0000 0.0000
vn 0.0000 1.0000 0.0000
vn 0.0000 1.0000 0.0000
vn 0.0000 1.0000 0.0000
vn 0.0000 1.0000 0.0000
vn 0.0000 1.0000 0.0000
vn 0.0000 1.0000 0.0000
vn 0.0000 1.0000 0.0000
vn 0.0000 1.0000 0.0000
vn 0.0000 1.0000 0.0000
vn 0.0000 1.0000 0.0000
vn 0.0000 1.0000 0.0000
vn 0.0000 1.0000 0.0000
vn 0.0000 1.0000 0.0000
vn 0.0000 1.0000 0.0000
vn 0.0000 1.0000 0.0000
vn 0.0000 1.0000 0.0000
vn 0.0000 1.0000 0.0000
vn 0.0000 1.0000 0.0000
vn 0.0000 1.0000 0.0000
vn 0.0000 1.0000 0.0000
vn 0.0000 1.0000 0.0000
vn 0.0000 1.0000 0.0000
vn 0.0000 1.0000 0.0000
vn 0.0000 1.0000 0.0000
vn 0.0000 1.0000 0.0000
vn 0.0000 1.0000 0.0000
vn 0.0000 1.0000 0.0000
vn 0.0000 1.0000 0.0000
vn 0.0000 1.0000 0.0000
vn 0.0000 1.0000 0.0000
vn 0.0000 1.0000 0.0000
vn 0.0000 1.0000 0.0000
vn 0.0000 1.0000 0.0000
vn 0.0000 1.0000 0.0000
vn 0.0000 1.0000 0.0000
vn 0.0000 1.0000 0.0000
vn 0.0000 1.0000 0.0000
vn 0.0000 1.0000 0.0000
vn 0.0000 1.0000 0.0000
vn 0.0000 1.0000 0.0000
vn 0.0000 1.0000 0.0000
vn 0.0000 1.0000 0.0000
vn 0.0000 1.0000 0.0000
vn 0.0000 1.0000 0.0000
vn 0.0000 1.0000 0.0000
vn 0.0000 1.0000 0.0000
vn 0.0000 1.0000 0.0000
vn 0.0000 1.0000 0.0000
vn 0.0000 1.0000 0.0000
vn 0.0000 1.0000 0.0000
vn 0.0000 1.0000 0.0000
vn 0.0000 1.0000 0.0000
vn 0.0000 1.0000 0.0000
vn 0.0000 1.0000 0.0000
vn 0.0000 1.0000 0.0000
vn 0.0000 1.0000 0.0000
vn 0.0000 1.0000 0.0000
vn 0.0000 1.0000 0.0000
vn 0.0000 1.0000 0.0000
vn 0.0000 1.0000 0.0000
vn 0.0000 1.0000 0.0000
vn 0.0000 1.0000 0.0000
vn 0.0000 1.0000 0.0000
vn 0.0000 1.0000 0.0000
vn 0.0000 1.0000 0.0000
vn 0.0000 1.0000 0.0000
vn 0.0000 1.0000 0.0000
vn 0.0000 1.0000 0.0000
vn 0.0000 1.0000 0.0000
vn 0.0000 1.0000 0.0000
vn 0.0000 1.0000 0.0000
vn 0.0000 1.0000 0.0000
vn 0.0000 1.0000 0.0000
vn 0.0000 1.0000 0.0000
vn 0.0000 1.0000 0.0000
vn 0.0000 1.0000 0.0000
vn 0.0000 1.0000 0.0000
vn 0.0000 1.0000 0.0000
vn 0.0000 1.0000 0.0000
vn 0.0000 1.0000 0.0000
vn 0.0000 1.0000 0.0000
vn 0.0000 1.0000 0.0000
vn 0.0000 1.0000 0.0000
vn 0.0000 1.0000 0.0000
vn 0.0000 1.0000 0.0000
vn 0.0000 1.0000 0.0000
vn 0.0000 1.0000 0.0000
vn 0.0000 1.0000 0.0000
vn 0.0000 1.0000 0.0000
vn 0.0000 1.0000 0.0000
vn 0.0000 1.0000 0.0000
vn 0.0000 1.0000 0.0000
vn 0.0000 1.0000 0.0000
vn 0.0000 1.0000 0.0000
vn 0.0000 1.0000 0.0000
vn 0.0000 1.0000 0.0000
vn 0.0000 1.0000 0.0000
vn 0.0000 1.0000 0.0000
vn 0.0000 1.0000 0.0000
vn 0.0000 1.0000 0.0000
vn 0.0000 1.0000 0.0000
vn 0.0000 1.0000 0.0000
vn 0.0000 1.0000 0.0000
vn 0.0000 1.0000 0.0000
vn 0.0000 1.0000 0.0000
vn 0.0000 1.0000 0.0000
vn 0.0000 1.0000 0.0000
vn 0.0000 1.0000 0.0000
vn 0.0000 1.0000 0.0000
vn 0.0000 1.0000 0.0000
vn 0.0000 1.0000 0.0000
vn 0.0000 1.0000 0.0000
vn 0.0000 1.0000 0.0000
vn 0.0000 1.0000 0.0000
vn 0.0000 1.0000 0.0000
vn 0.0000 1.0000 0.0000
vn 0.0000 1.0000 0.0000
vn 0.0000 1.0000 0.0000
vn 0.0000 1.0000 0.0000
vn 0.0000 1.0000 0.0000
vn 0.0000 1.0000 0.0000
vn 0.0000 1.0000 0.0000
vn 0.0000 1.0000 0.0000
vn 0.0000 1.0000 0.0000
vn 0.0000 1.0000 0.0000
vn 0.0000 1.0000 0.0000
vn 0.0000 1.0000 0.0000
vn 0.0000 1.0000 0.0000
vn 0.0000 1.0000 0.0000
vn 0.0000 1.0000 0.0000
vn 0.0000 1.0000 0.0000
vn 0.0000 1.0000 0.0000
vn 0.0000 1.0000 0.0000
vn 0.0000 1.0000 0.0000
vn 0.0000 1.0000 0.0000
vn 0.0000 1.0000 0.0000
vn 0.0000 1.0000 0.0000
vn 0.0000 1.0000 0.0000
vn 0.0000 1.0000 0.0000
vn 0.0000 1.0000 0.0000
vn 0.0000 1.0000 0.0000
vn 0.0000 1.0000 0.0000
vn 0.0000 1.0000 0.0000
vn 0.0000 1.0000 0.0000
vn 0.0000 1.0000 0.0000
vn 0.0000 1.0000 0.0000
vn 0.0000 1.0000 0.0000
vn 0.0000 1.0000 0.0000
vn 0.0000 1.0000 0.0000
vn 0.0000 1.0000 0.0000
vn 0.0000 1.0000 0.0000
vn 0.0000 1.0000 0.0000
vn 0.0000 1.0000 0.0000
vn 0.0000 1.0000 0.0000
vn 0.0000 1.0000 0.0000
vn 0.0000 1.0000 0.0000
vn 0.0000 1.0000 0.0000
vn 0.0000 1.0000 0.0000
vn 0.0000 1.0000 0.0000
vn 0.0000 1.0000 0.0000
vn 0.0000 1.0000 0.0000
vn 0.0000 1.0000 0.0000
vn 0.0000 1.0000 0.0000
vn 0.0000 1.0000 0.0000
vn 0.0000 1.0000 0.0000
vn 0.0000 1.0000 0.0000
vn 0.0000 1.0000 0.0000
vn 0.0000 1.0000 0.0000
vn 0.0000 1.0000 0.0000
vn 0.0000 1.0000 0.0000
vn 0.0000 1.0000 0.0000
vn 0.0000 1.0000 0.0000
vn 0.0000 1.0000 0.0000
vn 0.0000 1.0000 0.0000
vn 0.0000 1.0000 0.0000
vn 0.0000 1.0000 0.0000
vn 0.0000 1.0000 0.0000
vn 0.0000 1.0000 0.0000
vn 0.0000 1.0000 0.0000
vn 0.0000 1.0000 0.0000
vn 0.0000 1.0000 0.0000
vn 0.0000 1.0000 0.0000
vn 0.0000 1.0000 0.0000
vn 0.0000 1.0000 0.0000
vn 0.0000 1.0000 0.0000
vn 0.0000 1.0000 0.0000
vn 0.0000 1.0000 0.0000
vn 0.0000 1.0000 0.0000
vn 0.0000 1.0000 0.0000
vn 0.0000 1.0000 0.0000
vn 0.0000 1.0000 0.0000
vn 0.0000 1.0000 0.0000
vn 0.0000 1.0000 0.0000
vn 0.0000 1.0000 0.0000
vn 0.0000 1.0000 0.0000
vn 0.0000 1.0000 0.0000
vn 0.0000 1.0000 0.0000
vn 0.0000 1.0000 0.0000
vn 0.0000 1.0000 0.0000
vn 0.0000 1.0000 0.0000
vn 0.0000 1.0000 0.0000
vn 0.0000 1.0000 0.0000
vn 0.0000 1.0000 0.0000
vn 0.0000 1.0000 0.0000
vn 0.0000 1.0000 0.0000
vn 0.0000 1.0000 0.0000
vn 0.0000 1.0000 0.0000
vn 0.0000 1.0000 0.0000
vn 0.0000 1.0000 0.0000
vn 0.0000 1.0000 0.0000
vn 0.0000 1.0000 0.0000
vn 0.0000 1.0000 0.0000
vn 0.0000 1.0000 0.0000
vn 0.0000 1.0000 0.0000
vn 0.0000 1.0000 0.0000
vn 0.0000 1.0000 0.0000
vn 0.0000 1.0000 0.0000
vn 0.0000 1.0000 0.0000
vn 0.0000 1.0000 0.0000
vn 0.0000 1.0000 0.0000
vn 0.0000 1.0000 0.0000
vn 0.0000 1.0000 0.0000
vn 0.0000 1.0000 0.0000
vn 0.0000 1.0000 0.0000
vn 0.0000 1.0000 0.0000
vn 0.0000 1.0000 0.0000
vn 0.0000 1.0000 0.0000
vn 0.0000 1.0000 0.0000
vn 0.0000 1.0000 0.0000
vn 0.0000 1.0000 0.0000
vn 0.0000 1.0000 0.0000
vn 0.0000 1.0000 0.0000
vn 0.0000 1.0000 0.0000
vn 0.0000 1.0000 0.0000
vn 0.0000 1.0000 0.0000
vn 0.0000 1.0000 0.0000
vn 0.0000 1.0000 0.0000
vn 0.0000 1.0000 0.0000
vn 0.0000 1.0000 0.0000
vn 0.0000 1.0000 0.0000
vn 0.0000 1.0000 0.0000
vn 0.0000 1.0000 0.0000
vn 0.0000 1.0000 0.0000
vn 0.0000 1.0000 0.0000
vn 0.0000 1.0000 0.0000
vn 0.0000 1.0000 0.0000
vn 0.0000 1.0000 0.0000
vn 0.0000 1.0000 0.0000
vn 0.0000 1.0000 0.0000
vn 0.0000 1.0000 0.0000
vn 0.0000 1.0000 0.0000
vn 0.0000 1.0000 0.0000
vn 0.0000 1.0000 0.0000
vn 0.0000 1.0000 0.0000
vn 0.0000 1.0000 0.0000
vn 0.0000 1.0000 0.0000
vn 0.0000 1.0000 0.0000
vn 0.0000 1.0000 0.0000
vn 0.0000 1.0000 0.0000
vn 0.0000 1.0000 0.0000
vn 0.0000 1.0000 0.0000
vn 0.0000 1.0000 0.0000
vn 0.0000 1.0000 0.0000
vn 0.0000 1.0000 0.0000
vn 0.0000 1.0000 0.0000
vn 0.0000 1.0000 0.0000
vn 0.0000 1.0000 0.0000
vn 0.0000 1.0000 0.0000
vn 0.0000 1.0000 0.0000
vn 0.0000 1.0000 0.0000
vn 0.0000 1.0000 0.0000
vn 0.0000 1.0000 0.0000
vn 0.0000 1.0000 0.0000
vn 0.0000 1.0000 0.0000
vn 0.0000 1.0000 0.0000
vn 0.0000 1.0000 0.0000
vn 0.0000 1.0000 0.0000
vn 0.0000 1.0000 0.0000
vn 0.0000 1.0000 0.0000
vn 0.0000 1.0000 0.0000
vn 0.0000 1.0000 0.0000
vn 0.0000 1.0000 0.0000
vn 0.0000 1.0000 0.0000
vn 0.0000 1.0000 0.0000
vn 0.0000 1.0000 0.0000
vn 0.0000 1.0000 0.0000
vn 0.0000 1.0000 0.0000
vn 0.0000 1.0000 0.0000
vn 0.0000 1.0000 0.0000
vn 0.0000 1.0000 0.0000
vn 0.0000 1.0000 0.0000
vn 0.0000 1.0000 0.0000
vn 0.0000 1.0000 0.0000
vn 0.0000 1.0000 0.0000
vn 0.0000 1.0000 0.0000
vn 0.0000 1.0000 0.0000
vn 0.0000 1.0000 0.0000
vn 0.0000 1.0000 0.0000
vn 0.0000 1.0000 0.0000
vn 0.0000 1.0000 0.0000
vn 0.0000 1.0000 0.0000
vn 0.0000 1.0000 0.0000
vn 0.0000 1.0000 0.0000
vn 0.0000 1.0000 0.0000
vn 0.0000 1.0000 0.0000
vn 0.0000 1.0000 0.0000
vn 0.0000 1.0000 0.0000
vn 0.0000 1.0000 0.0000
vn 0.0000 1.0000 0.0000
vn 0.0000 1.0000 0.0000
vn 0.0000 1.0000 0.0000
vn 0.0000 1.0000 0.0000
vn 0.0000 1.0000 0.0000
vn 0.0000 1.0000 0.0000
vn 0.0000 1.0000 0.0000
vn 0.0000 1.0000 0.0000
vn 0.0000 1.0000 0.0000
vn 0.0000 1.0000 0.0000
vn 0.0000 1.0000 0.0000
vn 0.0000 1.0000 0.0000
vn 0.0000 1.0000 0.0000
vn 0.0000 1.0000 0.0000
vn 0.0000 1.0000 0.0000
vn 0.0000 1.0000 0.0000
vn 0.0000 1.0000 0.0000
vn 0.0000 1.0000 0.0000
vn 0.0000 1.0000 0.0000
vn 0.0000 1.0000 0.0000
vn 0.0000 1.0000 0.0000
vn 0.0000 1.0000 0.0000
vn 0.0000 1.0000 0.0000
vn 0.0000 1.0000 0.0000
vn 0.0000 1.0000 0.0000
vn 0.0000 1.0000 0.0000
vn 0.0000 1.0000 0.0000
vn 0.0000 1.0000 0.0000
vn 0.0000 1.0000 0.0000
vn 0.0000 1.0000 0.0000
vn 0.0000 1.0000 0.0000
vn 0.0000 1.0000 0.0000
vn 0.0000 1.0000 0.0000
vn 0.0000 1.0000 0.0000
vn 0.0000 1.0000 0.0000
vn 0.0000 1.0000 0.0000
vn 0.0000 1.0000 0.0000
vn 0.0000 1.0000 0.0000
vn 0.0000 1.0000 0.0000
vn 0.0000 1.0000 0.0000
vn 0.0000 1.0000 0.0000
vn 0.0000 1.0000 0.0000
vn 0.0000 1.0000 0.0000
vn 0.0000 1.0000 0.0000
vn 0.0000 1.0000 0.0000
vn 0.0000 1.0000 0.0000
vn 0.0000 1.0000 0.0000
vn 0.0000 1.0000 0.0000
vn 0.0000 1.0000 0.0000
vn 0.0000 1.0000 0.0000
vn 0.0000 1.0000 0.0000
vn 0.0000 1.0000 0.0000
vn 0.0000 1.0000 0.0000
vn 0.0000 1.0000 0.0000
vn 0.0000 1.0000 0.0000
vn 0.0000 1.0000 0.0000
vn 0.0000 1.0000 0.0000
vn 0.0000 1.0000 0.0000
vn 0.0000 1.0000 0.0000
vn 0.0000 1.0000 0.0000
vn 0.0000 1.0000 0.0000
vn 0.0000 1.0000 0.0000
vn 0.0000 1.0000 0.0000
vn 0.0000 1.0000 0.0000
vn 0.0000 1.0000 0.0000
vn 0.0000 1.0000 0.0000
vn 0.0000 1.0000 0.0000
vn 0.0000 1.0000 0.0000
vn 0.0000 1.0000 0.0000
vn 0.0000 1.0000 0.0000
vn 0.0000 1.0000 0.0000
vn 0.0000 1.0000 0.0000
vn 0.0000 1.0000 0.0000
vn 0.0000 1.0000 0.0000
vn 0.0000 1.0000 0.0000
vn 0.0000 1.0000 0.0000
vn 0.0000 1.0000 0.0000
vn 0.0000 1.0000 0.0000
vn 0.0000 1.0000 0.0000
vn 0.0000 1.0000 0.0000
vn 0.0000 1.0000 0.0000
vn 0.0000 1.0000 0.0000
vn 0.0000 1.0000 0.0000
vn 0.0000 1.0000 0.0000
vn 0.0000 1.0000 0.0000
vn 0.0000 1.0000 0.0000
vn 0.0000 1.0000 0.0000
vn 0.0000 1.0000 0.0000
vn 0.0000 1.0000 0.0000
vn 0.0000 1.0000 0.0000
vn 0.0000 1.0000 0.0000
vn 0.0000 1.0000 0.0000
vn 0.0000 1.0000 0.0000
vn 0.0000 1.0000 0.0000
vn 0.0000 1.0000 0.0000
vn 0.0000 1.0000 0.0000
vn 0.0000 1.0000 0.0000
vn 0.0000 1.0000 0.0000
vn 0.0000 1.0000 0.0000
vn 0.0000 1.0000 0.0000
vn 0.0000 1.0000 0.0000
vn 0.0000 1.0000 0.0000
vn 0.0000 1.0000 0.0000
vn 0.0000 1.0000 0.0000
vn 0.0000 1.0000 0.0000
vn 0.0000 1.0000 0.0000
vn 0.0000 1.0000 0.0000
vn 0.0000 1.0000 0.0000
vn 0.0000 1.0000 0.0000
vn 0.0000 1.0000 0.0000
vn 0.0000 1.0000 0.0000
vn 0.0000 1.0000 0.0000
vn 0.0000 1.0000 0.0000
vn 0.0000 1.0000 0.0000
vn 0.0000 1.0000 0.0000
vn 0.0000 1.0000 0.0000
vn 0.0000 1.0000 0.0000
vn 0.0000 1.0000 0.0000
vn 0.0000 1.0000 0.0000
vn 0.0000 1.0000 0.0000
vn 0.0000 1.0000 0.0000
vn 0.0000 1.0000 0.0000
vn 0.0000 1.0000 0.0000
vn 0.0000 1.0000 0.0000
vn 0.0000 1.0000 0.0000
vn 0.0000 1.0000 0.0000
vn 0.0000 1.0000 0.0000
vn 0.0000 1.0000 0.0000
vn 0.0000 1.0000 0.0000
vn 0.0000 1.0000 0.0000
vn 0.0000 1.0000 0.0000
vn 0.0000 1.0000 0.0000
vn 0.0000 1.0000 0.0000
vn 0.0000 1.0000 0.0000
vn 0.0000 1.0000 0.0000
vn 0.0000 1.0000 0.0000
vn 0.0000 1.0000 0.0000
vn 0.0000 1.0000 0.0000
vn 0.0000 1.0000 0.0000
vn 0.0000 1.0000 0.0000
vn 0.0000 1.0000 0.0000
vn 0.0000 1.0000 0.0000
vn 0.0000 1.0000 0.0000
vn 0.0000 1.0000 0.0000
vn 0.0000 1.0000 0.0000
vn 0.0000 1.0000 0.0000
vn 0.0000 1.0000 0.0000
vn 0.0000 1.0000 0.0000
vn 0.0000 1.0000 0.0000
vn 0.0000 1.0000 0.0000
vn 0.0000 1.0000 0.0000
vn 0.0000 1.0000 0.0000
vn 0.0000 1.0000 0.0000
vn 0.0000 1.0000 0.0000
vn 0.0000 1.0000 0.0000
vn 0.0000 1.0000 0.0000
vn 0.0000 1.0000 0.0000
vn 0.0000 1.0000 0.0000
vn 0.0000 1.0000 0.0000
vn 0.0000 1.0000 0.0000
vn 0.0000 1.0000 0.0000
vn 0.0000 1.0000 0.0000
vn 0.0000 1.0000 0.0000
vn 0.0000 1.0000 0.0000
vn 0.0000 1.0000 0.0000
vn 0.0000 1.0000 0.0000
vn 0.0000 1.0000 0.0000
vn 0.0000 1.0000 0.0000
vn 0.0000 1.0000 0.0000
vn 0.0000 1.0000 0.0000
vn 0.0000 1.0000 0.0000
vn 0.0000 1.0000 0.0000
vn 0.0000 1.0000 0.0000
vn 0.0000 1.0000 0.0000
vn 0.0000 1.0000 0.0000
vn 0.0000 1.0000 0.0000
vn 0.0000 1.0000 0.0000
vn 0.0000 1.0000 0.0000
vn 0.0000 1.0000 0.0000
vn 0.0000 1.0000 0.0000
vn 0.0000 1.0000 0.0000
vn 0.0000 1.0000 0.0000
vn 0.0000 1.0000 0.0000
vn 0.0000 1.0000 0.0000
vn 0.0000 1.0000 0.0000
vn 0.0000 1.0000 0.0000
vn 0.0000 1.0000 0.0000
vn 0.0000 1.0000 0.0000
vn 0.0000 1.0000 0.0000
vn 0.0000 1.0000 0.0000
vn 0.0000 1.0000 0.0000
vn 0.0000 1.0000 0.0000
vn 0.0000 1.0000 0.0000
vn 0.0000 1.0000 0.0000
vn 0.0000 1.0000 0.0000
vn 0.0000 1.0000 0.0000
vn 0.0000 1.0000 0.0000
vn 0.0000 1.0000 0.0000
vn 0.0000 1.0000 0.0000
vn 0.0000 1.0000 0.0000
vn 0.0000 1.0000 0.0000
vn 0.0000 1.0000 0.0000
vn 0.0000 1.0000 0.0000
vn 0.0000 1.0000 0.0000
vn 0.0000 1.0000 0.0000
vn 0.0000 1.0000 0.0000
vn 0.0000 1.0000 0.0000
vn 0.0000 1.0000 0.0000
vn 0.0000 1.0000 0.0000
vn 0.0000 1.0000 0.0000
vn 0.0000 1.0000 0.0000
vn 0.0000 1.0000 0.0000
vn 0.0000 1.0000 0.0000
vn 0.0000 1.0000 0.0000
vn 0.0000 1.0000 0.0000
vn 0.0000 1.0000 0.0000
vn 0.0000 1.0000 0.0000
vn 0.0000 1.0000 0.0000
vn 0.0000 1.0000 0.0000
vn 0.0000 1.0000 0.0000
vn 0.0000 1.0000 0.0000
vn 0.0000 1.0000 0.0000
vn 0.0000 1.0000 0.0000
vn 0.0000 1.0000 0.0000
vn 0.0000 1.0000 0.0000
vn 0.0000 1.0000 0.0000
vn 0.0000 1.0000 0.0000
vn 0.0000 1.0000 0.0000
vn 0.0000 1.0000 0.0000
vn 0.0000 1.0000 0.0000
vn 0.0000 1.0000 0.0000
vn 0.0000 1.0000 0.0000
vn 0.0000 1.0000 0.0000
vn 0.0000 1.0000 0.0000
vn 0.0000 1.0000 0.0000
vn 0.0000 1.0000 0.0000
vn 0.0000 1.0000 0.0000
vn 0.0000 1.0000 0.0000
vn 0.0000 1.0000 0.0000
vn 0.0000 1.0000 0.0000
vn 0.0000 1.0000 0.0000
vn 0.0000 1.0000 0.0000
vn 0.0000 1.0000 0.0000
vn 0.0000 1.0000 0.0000
vn 0.0000 1.0000 0.0000
vn 0.0000 1.0000 0.0000
vn 0.0000 1.0000 0.0000
vn 0.0000 1.0000 0.0000
vn 0.0000 1.0000 0.0000
vn 0.0000 1.0000 0.0000
vn 0.0000 1.0000 0.0000
vn 0.0000 1.0000 0.0000
vn 0.0000 1.0000 0.0000
vn 0.0000 1.0000 0.0000
vn 0.0000 1.0000 0.0000
vn 0.0000 1.0000 0.0000
vn 0.0000 1.0000 0.0000
vn 0.0000 1.0000 0.0000
vn 0.0000 1.0000 0.0000
vn 0.0000 1.0000 0.0000
vn 0.0000 1.0000 0.0000
vn 0.0000 1.0000 0.0000
vn 0.0000 1.0000 0.0000
vn 0.0000 1.0000 0.0000
vn 0.0000 1.0000 0.0000
vn 0.0000 1.0000 0.0000
vn 0.0000 1.0000 0.0000
vn 0.0000 1.0000 0.0000
vn 0.0000 1.0000 0.0000
vn 0.0000 1.0000 0.0000
vn 0.0000 1.0000 0.0000
vn 0.0000 1.0000 0.0000
vn 0.0000 1.0000 0.0000
vn 0.0000 1.0000 0.0000
vn 0.0000 1.0000 0.0000
vn 0.0000 1.0000 0.0000
vn 0.0000 1.0000 0.0000
vn 0.0000 1.0000 0.0000
vn 0.0000 1.0000 0.0000
vn 0.0000 1.0000 0.0000
vn 0.0000 1.0000 0.0000
vn 0.0000 1.0000 0.0000
vn 0.0000 1.0000 0.0000
vn 0.0000 1.0000 0.0000
vn 0.0000 1.0000 0.0000
vn 0.0000 1.0000 0.0000
vn 0.0000 1.0000 0.0000
vn 0.0000 1.0000 0.0000
vn 0.0000 1.0000 0.0000
vn 0.0000 1.0000 0.0000
vn 0.0000 1.0000 0.0000
vn 0.0000 1.0000 0.0000
vn 0.0000 1.0000 0.0000
vn 0.0000 1.0000 0.0000
vn 0.0000 1.0000 0.0000
vn 0.0000 1.0000 0.0000
vn 0.0000 1.0000 0.0000
vn 0.0000 1.0000 0.0000
vn 0.0000 1.0000 0.0000
vn 0.0000 1.0000 0.0000
vn 0.0000 1.0000 0.0000
vn 0.0000 1.0000 0.0000
vn 0.0000 1.0000 0.0000
vn 0.0000 1.0000 0.0000
vn 0.0000 1.0000 0.0000
vn 0.0000 1.0000 0.0000
vn 0.0000 1.0000 0.0000
vn 0.0000 1.0000 0.0000
vn 0.0000 1.0000 0.0000
vn 0.0000 1.0000 0.0000
vn 0.0000 1.0000 0.0000
vn 0.0000 1.0000 0.0000
vn 0.0000 1.0000 0.0000
vn 0.0000 1.0000 0.0000
vn 0.0000 1.0000 0.0000
vn 0.0000 1.0000 0.0000
vn 0.0000 1.0000 0.0000
vn 0.0000 1.0000 0.0000
vn 0.0000 1.0000 0.0000
vn 0.0000 1.0000 0.0000
vn 0.0000 1.0000 0.0000
vn 0.0000 1.0000 0.0000
vn 0.0000 1.0000 0.0000
vn 0.0000 1.0000 0.0000
vn 0.0000 1.0000 0.0000
vn 0.0000 1.0000 0.0000
vn 0.0000 1.0000 0.0000
vn 0.0000 1.0000 0.0000
vn 0.0000 1.0000 0.0000
vn 0.0000 1.0000 0.0000
vn 0.0000 1.0000 0.0000
vn 0.0000 1.0000 0.0000
vn 0.0000 1.0000 0.0000
vn 0.0000 1.0000 0.0000
vn 0.0000 1.0000 0.0000
vn 0.0000 1.0000 0.0000
vn 0.0000 1.0000 0.0000
vn 0.0000 1.0000 0.0000
vn 0.0000 1.0000 0.0000
vn 0.0000 1.0000 0.0000
vn 0.0000 1.0000 0.0000
vn 0.0000 1.0000 0.0000
vn 0.0000 1.0000 0.0000
vn 0.0000 1.0000 0.0000
vn 0.0000 1.0000 0.0000
vn 0.0000 1.0000 0.0000
vn 0.0000 1.0000 0.0000
vn 0.0000 1.0000 0.0000
vn 0.0000 1.0000 0.0000
vn 0.0000 1.0000 0.0000
vn 0.0000 1.0000 0.0000
vn 0.0000 1.0000 0.0000
vn 0.0000 1.0000 0.0000
vn 0.0000 1.0000 0.0000
vn 0.0000 1.0000 0.0000
vn 0.0000 1.0000 0.0000
vn 0.0000 1.0000 0.0000
vn 0.0000 1.0000 0.0000
vn 0.0000 1.0000 0.0000
vn 0.0000 1.0000 0.0000
vn 0.0000 1.0000 0.0000
vn 0.0000 1.0000 0.0000
vn 0.0000 1.0000 0.0000
vn 0.0000 1.0000 0.0000
vn 0.0000 1.0000 0.0000
vn 0.0000 1.0000 0.0000
vn 0.0000 1.0000 0.0000
vn 0.0000 1.0000 0.0000
vn 0.0000 1.0000 0.0000
vn 0.0000 1.0000 0.0000
vn 0.0000 1.0000 0.0000
vn 0.0000 1.0000 0.0000
vn 0.0000 1.0000 0.0000
vn 0.0000 1.0000 0.0000
vn 0.0000 1.0000 0.0000
vn 0.0000 1.0000 0.0000
vn 0.0000 1.0000 0.0000
vn 0.0000 1.0000 0.0000
vn 0.0000 1.0000 0.0000
vn 0.0000 1.0000 0.0000
vn 0.0000 1.0000 0.0000
vn 0.0000 1.0000 0.0000
vn 0.0000 1.0000 0.0000
vn 0.0000 1.0000 0.0000
vn 0.0000 1.0000 0.0000
vn 0.0000 1.0000 0.0000
vn 0.0000 1.0000 0.0000
vn 0.0000 1.0000 0.0000
vn 0.0000 1.0000 0.0000
vn 0.0000 1.0000 0.0000
vn 0.0000 1.0000 0.0000
vn 0.0000 1.0000 0.0000
vn 0.0000 1.0000 0.0000
vn 0.0000 1.0000 0.0000
vn 0.0000 1.0000 0.0000
vn 0.0000 1.0000 0.0000
vn 0.0000 1.0000 0.0000
vn 0.0000 1.0000 0.0000
vn 0.0000 1.0000 0.0000
vn 0.0000 1.0000 0.0000
vn 0.0000 1.0000 0.0000
vn 0.0000 1.0000 0.0000
vn 0.0000 1.0000 0.0000
vn 0.0000 1.0000 0.0000
vn 0.0000 1.0000 0.0000
vn 0.0000 1.0000 0.0000
vn 0.0000 1.0000 0.0000
vn 0.0000 1.0000 0.0000
vn 0.0000 1.0000 0.0000
vn 0.0000 1.0000 0.0000
vn 0.0000 1.0000 0.0000
vn 0.0000 1.0000 0.0000
vn 0.0000 1.0000 0.0000
vn 0.0000 1.0000 0.0000
vn 0.0000 1.0000 0.0000
vn 0.0000 1.0000 0.0000
vn 0.0000 1.0000 0.0000
vn 0.0000 1.0000 0.0000
vn 0.0000 1.0000 0.0000
vn 0.0000 1.0000 0.0000
vn 0.0000 1.0000 0.0000
vn 0.0000 1.0000 0.0000
vn 0.0000 1.0000 0.0000
vn 0.0000 1.0000 0.0000
vn 0.0000 1.0000 0.0000
vn 0.0000 1.0000 0.0000
vn 0.0000 1.0000 0.0000
vn 0.0000 1.0000 0.0000
vn 0.0000 1.0000 0.0000
vn 0.0000 1.0000 0.0000
vn 0.0000 1.0000 0.0000
vn 0.0000 1.0000 0.0000
vn 0.0000 1.0000 0.0000
vn 0.0000 1.0000 0.0000
vn 0.0000 1.0000 0.0000
vn 0.0000 1.0000 0.0000
vn 0.0000 1.0000 0.0000
vn 0.0000 1.0000 0.0000
vn 0.0000 1.0000 0.0000
vn 0.0000 1.0000 0.0000
vn 0.0000 1.0000 0.0000
vn 0.0000 1.0000 0.0000
vn 0.0000 1.0000 0.0000
vn 0.0000 1.0000 0.0000
vn 0.0000 1.0000 0.0000
vn 0.0000 1.0000 0.0000
vn 0.0000 1.0000 0.0000
vn 0.0000 1.0000 0.0000
vn 0.0000 1.0000 0.0000
vn 0.0000 1.0000 0.0000
vn 0.0000 1.0000 0.0000
vn 0.0000 1.0000 0.0000
vn 0.0000 1.0000 0.0000
vn 0.0000 1.0000 0.0000
vn 0.0000 1.0000 0.0000
vn 0.0000 1.0000 0.0000
vn 0.0000 1.0000 0.0000
vn 0.0000 1.0000 0.0000
vn 0.0000 1.0000 0.0000
vn 0.0000 1.0000 0.0000
vn 0.0000 1.0000 0.0000
vn 0.0000 1.0000 0.0000
vn 0.0000 1.0000 0.0000
vn 0.0000 1.0000 0.0000
vn 0.0000 1.0000 0.0000
vn 0.0000 1.0000 0.0000
vn 0.0000 1.0000 0.0000
vn 0.0000 1.0000 0.0000
vn 0.0000 1.0000 0.0000
vn 0.0000 1.0000 0.0000
vn 0.0000 1.0000 0.0000
vn 0.0000 1.0000 0.0000
vn 0.0000 1.0000 0.0000
vn 0.0000 1.0000 0.0000
vn 0.0000 1.0000 0.0000
vn 0.0000 1.0000 0.0000
vn 0.0000 1.0000 0.0000
vn 0.0000 1.0000 0.0000
vn 0.0000 1.0000 0.0000
vn 0.0000 1.0000 0.0000
vn 0.0000 1.0000 0.0000
vn 0.0000 1.0000 0.0000
vn 0.0000 1.0000 0.0000
vn 0.0000 1.0000 0.0000
vn 0.0000 1.0000 0.0000
vn 0.0000 1.0000 0.0000
vn 0.0000 1.0000 0.0000
vn 0.0000 1.0000 0.0000
vn 0.0000 1.0000 0.0000
vn 0.0000 1.0000 0.0000
vn 0.0000 1.0000 0.0000
vn 0.0000 1.0000 0.0000
vn 0.0000 1.0000 0.0000
vn 0.0000 1.0000 0.0000
vn 0.0000 1.0000 0.0000
vn 0.0000 1.0000 0.0000
vn 0.0000 1.0000 0.0000
vn 0.0000 1.0000 0.0000
vn 0.0000 1.0000 0.0000
vn 0.0000 1.0000 0.0000
vn 0.0000 1.0000 0.0000
vn 0.0000 1.0000 0.0000
vn 0.0000 1.0000 0.0000
vn 0.0000 1.0000 0.0000
vn 0.0000 1.0000 0.0000
vn 0.0000 1.0000 0.0000
vn 0.0000 1.0000 0.0000
vn 0.0000 1.0000 0.0000
vn 0.0000 1.0000 0.0000
vn 0.0000 1.0000 0.0000
vn 0.0000 1.0000 0.0000
vn 0.0000 1.0000 0.0000
vn 0.0000 1.0000 0.0000
vn 0.0000 1.0000 0.0000
vn 0.0000 1.0000 0.0000
vn 0.0000 1.0000 0.0000
vn 0.0000 1.0000 0.0000
vn 0.0000 1.0000 0.0000
vn 0.0000 1.0000 0.0000
vn 0.0000 1.0000 0.0000
vn 0.0000 1.0000 0.0000
vn 0.0000 1.0000 0.0000
vn 0.0000 1.0000 0.0000
vn 0.0000 1.0000 0.0000
vn 0.0000 1.0000 0.0000
vn 0.0000 1.0000 0.0000
vn 0.0000 1.0000 0.0000
vn 0.0000 1.0000 0.0000
vn 0.0000 1.0000 0.0000
vn 0.0000 1.0000 0.0000
vn 0.0000 1.0000 0.0000
vn 0.0000 1.0000 0.0000
vn 0.0000 1.0000 0.0000
vn 0.0000 1.0000 0.0000
vn 0.0000 1.0000 0.0000
vn 0.0000 1.0000 0.0000
vn 0.0000 1.0000 0.0000
vn 0.0000 1.0000 0.0000
vn 0.0000 1.0000 0.0000
vn 0.0000 1.0000 0.0000
vn 0.0000 1.0000 0.0000
vn 0.0000 1.0000 0.0000
vn 0.0000 1.0000 0.0000
vn 0.0000 1.0000 0.0000
vn 0.0000 1.0000 0.0000
vn 0.0000 1.0000 0.0000
vn 0.0000 1.0000 0.0000
vn 0.0000 1.0000 0.0000
vn 0.0000 1.0000 0.0000
vn 0.0000 1.0000 0.0000
vn 0.0000 1.0000 0.0000
vn 0.0000 1.0000 0.0000
vn 0.0000 1.0000 0.0000
vn 0.0000 1.0000 0.0000
vn 0.0000 1.0000 0.0000
vn 0.0000 1.0000 0.0000
vn 0.0000 1.0000 0.0000
vn 0.0000 1.0000 0.0000
vn 0.0000 1.0000 0.0000
vn 0.0000 1.0000 0.0000
vn 0.0000 1.0000 0.0000
vn 0.0000 1.0000 0.0000
vn 0.0000 1.0000 0.0000
vn 0.0000 1.0000 0.0000
vn 0.0000 1.0000 0.0000
vn 0.0000 1.0000 0.0000
vn 0.0000 1.0000 0.0000
vn 0.0000 1.0000 0.0000
vn 0.0000 1.0000 0.0000
vn 0.0000 1.0000 0.0000
vn 0.0000 1.0000 0.0000
vn 0.0000 1.0000 0.0000
vn 0.0000 1.0000 0.0000
vn 0.0000 1.0000 0.0000
vn 0.0000 1.0000 0.0000
vn 0.0000 1.0000 0.0000
vn 0.0000 1.0000 0.0000
vn 0.0000 1.0000 0.0000
vn 0.0000 1.0000 0.0000
vn 0.0000 1.0000 0.0000
vn 0.0000 1.0000 0.0000
vn 0.0000 1.0000 0.0000
vn 0.0000 1.0000 0.0000
vn 0.0000 1.0000 0.0000
vn 0.0000 1.0000 0.0000
vn 0.0000 1.0000 0.0000
vn 0.0000 1.0000 0.0000
vn 0.0000 1.0000 0.0000
vn 0.0000 1.0000 0.0000
vn 0.0000 1.0000 0.0000
vn 0.0000 1.0000 0.0000
vn 0.0000 1.0000 0.0000
vn 0.0000 1.0000 0.0000
vn 0.0000 1.0000 0.0000
vn 0.0000 1.0000 0.0000
vn 0.0000 1.0000 0.0000
vn 0.0000 1.0000 0.0000
vn 0.0000 1.0000 0.0000
vn 0.0000 1.0000 0.0000
vn 0.0000 1.0000 0.0000
vn 0.0000 1.0000 0.0000
vn 0.0000 1.0000 0.0000
vn 0.0000 1.0000 0.0000
vn 0.0000 1.0000 0.0000
vn 0.0000 1.0000 0.0000
vn 0.0000 1.0000 0.0000
vn 0.0000 1.0000 0.0000
vn 0.0000 1.0000 0.0000
vn 0.0000 1.0000 0.0000
vn 0.0000 1.0000 0.0000
vn 0.0000 1.0000 0.0000
vn 0.0000 1.0000 0.0000
vn 0.0000 1.0000 0.0000
vn 0.0000 1.0000 0.0000
vn 0.0000 1.0000 0.0000
vn 0.0000 1.0000 0.0000
vn 0.0000 1.0000 0.0000
vn 0.0000 1.0000 0.0000
vn 0.0000 1.0000 0.0000
vn 0.0000 1.0000 0.0000
vn 0.0000 1.0000 0.0000
vn 0.0000 1.0000 0.0000
vn 0.0000 1.0000 0.0000
vn 0.0000 1.0000 0.0000
vn 0.0000 1.0000 0.0000
vn 0.0000 1.0000 0.0000
vn 0.0000 1.0000 0.0000
vn 0.0000 1.0000 0.0000
vn 0.0000 1.0000 0.0000
vn 0.0000 1.0000 0.0000
vn 0.0000 1.0000 0.0000
vn 0.0000 1.0000 0.0000
vn 0.0000 1.0000 0.0000
vn 0.0000 1.0000 0.0000
vn 0.0000 1.0000 0.0000
vn 0.0000 1.0000 0.0000
vn 0.0000 1.0000 0.0000
vn 0.0000 1.0000 0.0000
vn 0.0000 1.0000 0.0000
vn 0.0000 1.0000 0.0000
vn 0.0000 1.0000 0.0000
vn 0.0000 1.0000 0.0000
vn 0.0000 1.0000 0.0000
vn 0.0000 1.0000 0.0000
vn 0.0000 1.0000 0.0000
vn 0.0000 1.0000 0.0000
vn 0.0000 1.0000 0.0000
vn 0.0000 1.0000 0.0000
vn 0.0000 1.0000 0.0000
vn 0.0000 1.0000 0.0000
vn 0.0000 1.0000 0.0000
vn 0.0000 1.0000 0.0000
vn 0.0000 1.0000 0.0000
vn 0.0000 1.0000 0.0000
vn 0.0000 1.0000 0.0000
vn 0.0000 1.0000 0.0000
vn 0.0000 1.0000 0.0000
vn 0.0000 1.0000 0.0000
vn 0.0000 1.0000 0.0000
vn 0.0000 1.0000 0.0000
vn 0.0000 1.0000 0.0000
vn 0.0000 1.0000 0.0000
vn 0.0000 1.0000 0.0000
vn 0.0000 1.0000 0.0000
vn 0.0000 1.0000 0.0000
vn 0.0000 1.0000 0.0000
vn 0.0000 1.0000 0.0000
vn 0.0000 1.0000 0.0000
vn 0.0000 1.0000 0.0000
vn 0.0000 1.0000 0.0000
vn 0.0000 1.0000 0.0000
vn 0.0000 1.0000 0.0000
vn 0.0000 1.0000 0.0000
vn 0.0000 1.0000 0.0000
vn 0.0000 1.0000 0.0000
vn 0.0000 1.0000 0.0000
vn 0.0000 1.0000 0.0000
vn 0.0000 1.0000 0.0000
vn 0.0000 1.0000 0.0000
vn 0.0000 1.0000 0.0000
vn 0.0000 1.0000 0.0000
vn 0.0000 1.0000 0.0000
vn 0.0000 1.0000 0.0000
vn 0.0000 1.0000 0.0000
vn 0.0000 1.0000 0.0000
vn 0.0000 1.0000 0.0000
vn 0.0000 1.0000 0.0000
vn 0.0000 1.0000 0.0000
vn 0.0000 1.0000 0.0000
vn 0.0000 1.0000 0.0000
vn 0.0000 1.0000 0.0000
vn 0.0000 1.0000 0.0000
vn 0.0000 1.0000 0.0000
vn 0.0000 1.0000 0.0000
vn 0.0000 1.0000 0.0000
vn 0.0000 1.0000 0.0000
vn 0.0000 1.0000 0.0000
vn 0.0000 1.0000 0.0000
vn 0.0000 1.0000 0.0000
vn 0.0000 1.0000 0.0000
vn 0.0000 1.0000 0.0000
vn 0.0000 1.0000 0.0000
vn 0.0000 1.0000 0.0000
vn 0.0000 1.0000 0.0000
vn 0.0000 1.0000 0.0000
vn 0.0000 1.0000 0.0000
vn 0.0000 1.0000 0.0000
vn 0.0000 1.0000 0.0000
vn 0.0000 1.0000 0.0000
vn 0.0000 1.0000 0.0000
vn 0.0000 1.0000 0.0000
vn 0.0000 1.0000 0.0000
vn 0.0000 1.0000 0.0000
vn 0.0000 1.0000 0.0000
vn 0.0000 1.0000 0.0000
vn 0.0000 1.0000 0.0000
vn 0.0000 1.0000 0.0000
vn 0.0000 1.0000 0.0000
vn 0.0000 1.0000 0.0000
vn 0.0000 1.0000 0.0000
vn 0.0000 1.0000 0.0000
vn 0.0000 1.0000 0.0000
vn 0.0000 1.0000 0.0000
vn 0.0000 1.0000 0.0000
vn 0.0000 1.0000 0.0000
vn 0.0000 1.0000 0.0000
vn 0.0000 1.0000 0.0000
vn 0.0000 1.0000 0.0000
vn 0.0000 1.0000 0.0000
vn 0.0000 1.0000 0.0000
vn 0.0000 1.0000 0.0000
vn 0.0000 1.0000 0.0000
vn 0.0000 1.0000 0.0000
vn 0.0000 1.0000 0.0000
vn 0.0000 1.0000 0.0000
vn 0.0000 1.0000 0.0000
vn 0.0000 1.0000 0.0000
vn 0.0000 1.0000 0.0000
vn 0.0000 1.0000 0.0000
vn 0.0000 1.0000 0.0000
vn 0.0000 1.0000 0.0000
vn 0.0000 1.0000 0.0000
vn 0.0000 1.0000 0.0000
vn 0.0000 1.0000 0.0000
vn 0.0000 1.0000 0.0000
vn 0.0000 1.0000 0.0000
vn 0.0000 1.0000 0.0000
vn 0.0000 1.0000 0.0000
vn 0.0000 1.0000 0.0000
vn 0.0000 1.0000 0.0000
vn 0.0000 1.0000 0.0000
vn 0.0000 1.0000 0.0000
vn 0.0000 1.0000 0.0000
vn 0.0000 1.0000 0.0000
vn 0.0000 1.0000 0.0000
vn 0.0000 1.0000 0.0000
vn 0.0000 1.0000 0.0000
vn 0.0000 1.0000 0.0000
vn 0.0000 1.0000 0.0000
vn 0.0000 1.0000 0.0000
vn 0.0000 1.0000 0.0000
vn 0.0000 1.0000 0.0000
vn 0.0000 1.0000 0.0000
vn 0.0000 1.0000 0.0000
vn 0.0000 1.0000 0.0000
vn 0.0000 1.0000 0.0000
vn 0.0000 1.0000 0.0000
vn 0.0000 1.0000 0.0000
vn 0.0000 1.0000 0.0000
vn 0.0000 1.0000 0.0000
vn 0.0000 1.0000 0.0000
vn 0.0000 1.0000 0.0000
vn 0.0000 1.0000 0.0000
vn 0.0000 1.0000 0.0000
vn 0.0000 1.0000 0.0000
vn 0.0000 1.0000 0.0000
vn 0.0000 1.0000 0.0000
vn 0.0000 1.0000 0.0000
vn 0.0000 1.0000 0.0000
vn 0.0000 1.0000 0.0000
vn 0.0000 1.0000 0.0000
vn 0.0000 1.0000 0.0000
vn 0.0000 1.0000 0.0000
vn 0.0000 1.0000 0.0000
vn 0.0000 1.0000 0.0000
vn 0.0000 1.0000 0.0000
vn 0.0000 1.0000 0.0000
vn 0.0000 1.0000 0.0000
vn 0.0000 1.0000 0.0000
vn 0.0000 1.0000 0.0000
vn 0.0000 1.0000 0.0000
vn 0.0000 1.0000 0.0000
vn 0.0000 1.0000 0.0000
vn 0.0000 1.0000 0.0000
vn 0.0000 1.0000 0.0000
vn 0.0000 1.0000 0.0000
vn 0.0000 1.0000 0.0000
vn 0.0000 1.0000 0.0000
vn 0.0000 1.0000 0.0000
vn 0.0000 1.0000 0.0000
vn 0.0000 1.0000 0.0000
vn 0.0000 1.0000 0.0000
vn 0.0000 1.0000 0.0000
vn 0.0000 1.0000 0.0000
vn 0.0000 1.0000 0.0000
vn 0.0000 1.0000 0.0000
vn 0.0000 1.0000 0.0000
vn 0.0000 1.0000 0.0000
vn 0.0000 1.0000 0.0000
vn 0.0000 1.0000 0.0000
vn 0.0000 1.0000 0.0000
vn 0.0000 1.0000 0.0000
vn 0.0000 1.0000 0.0000
vn 0.0000 1.0000 0.0000
vn 0.0000 1.0000 0.0000
vn 0.0000 1.0000 0.0000
vn 0.0000 1.0000 0.0000
vn 0.0000 1.0000 0.0000
vn 0.0000 1.0000 0.0000
vn 0.0000 1.0000 0.0000
vn 0.0000 1.0000 0.0000
vn 0.0000 1.0000 0.0000
vn 0.0000 1.0000 0.0000
vn 0.0000 1.0000 0.0000
vn 0.0000 1.0000 0.0000
vn 0.0000 1.0000 0.0000
vn 0.0000 1.0000 0.0000
vn 0.0000 1.0000 0.0000
vn 0.0000 1.0000 0.0000
vn 0.0000 1.0000 0.0000
vn 0.0000 1.0000 0.0000
vn 0.0000 1.0000 0.0000
vn 0.0000 1.0000 0.0000
vn 0.0000 1.0000 0.0000
vn 0.0000 1.0000 0.0000
vn 0.0000 1.0000 0.0000
vn 0.0000 1.0000 0.0000
vn 0.0000 1.0000 0.0000
vn 0.0000 1.0000 0.0000
vn 0.0000 1.0000 0.0000
vn 0.0000 1.0000 0.0000
vn 0.0000 1.0000 0.0000
vn 0.0000 1.0000 0.0000
vn 0.0000 1.0000 0.0000
vn 0.0000 1.0000 0.0000
vn 0.0000 1.0000 0.0000
vn 0.0000 1.0000 0.0000
vn 0.0000 1.0000 0.0000
vn 0.0000 1.0000 0.0000
vn 0.0000 1.0000 0.0000
vn 0.0000 1.0000 0.0000
vn 0.0000 1.0000 0.0000
vn 0.0000 1.0000 0.0000
vn 0.0000 1.0000 0.0000
vn 0.0000 1.0000 0.0000
vn 0.0000 1.0000 0.0000
vn 0.0000 1.0000 0.0000
vn 0.0000 1.0000 0.0000
vn 0.0000 1.0000 0.0000
vn 0.0000 1.0000 0.0000
vn 0.0000 1.0000 0.0000
vn 0.0000 1.0000 0.0000
vn 0.0000 1.0000 0.0000
vn 0.0000 1.0000 0.0000
vn 0.0000 1.0000 0.0000
vn 0.0000 1.0000 0.0000
vn 0.0000 1.0000 0.0000
vn 0.0000 1.0000 0.0000
vn 0.0000 1.0000 0.0000
vn 0.0000 1.0000 0.0000
vn 0.0000 1.0000 0.0000
vn 0.0000 1.0000 0.0000
vn 0.0000 1.0000 0.0000
vn 0.0000 1.0000 0.0000
vn 0.0000 1.0000 0.0000
vn 0.0000 1.0000 0.0000
vn 0.0000 1.0000 0.0000
vn 0.0000 1.0000 0.0000
vn 0.0000 1.0000 0.0000
vn 0.0000 1.0000 0.0000
vn 0.0000 1.0000 0.0000
vn 0.0000 1.0000 0.0000
vn 0.0000 1.0000 0.0000
vn 0.0000 1.0000 0.0000
vn 0.0000 1.0000 0.0000
vn 0.0000 1.0000 0.0000
vn 0.0000 1.0000 0.0000
vn 0.0000 1.0000 0.0000
vn 0.0000 1.0000 0.0000
vn 0.0000 1.0000 0.0000
vn 0.0000 1.0000 0.0000
vn 0.0000 1.0000 0.0000
vn 0.0000 1.0000 0.0000
vn 0.0000 1.0000 0.0000
vn 0.0000 1.0000 0.0000
vn 0.0000 1.0000 0.0000
vn 0.0000 1.0000 0.0000
vn 0.0000 1.0000 0.0000
vn 0.0000 1.0000 0.0000
vn 0.0000 1.0000 0.0000
vn 0.0000 1.0000 0.0000
vn 0.0000 1.0000 0.0000
vn 0.0000 1.0000 0.0000
vn 0.0000 1.0000 0.0000
vn 0.0000 1.0000 0.0000
vn 0.0000 1.0000 0.0000
vn 0.0000 1.0000 0.0000
vn 0.0000 1.0000 0.0000
vn 0.0000 1.0000 0.0000
vn 0.0000 1.0000 0.0000
vn 0.0000 1.0000 0.0000
vn 0.0000 1.0000 0.0000
vn 0.0000 1.0000 0.0000
vn 0.0000 1.0000 0.0000
vn 0.0000 1.0000 0.0000
vn 0.0000 1.0000 0.0000
vn 0.0000 1.0000 0.0000
vn 0.0000 1.0000 0.0000
vn 0.0000 1.0000 0.0000
vn 0.0000 1.0000 0.0000
vn 0.0000 1.0000 0.0000
vn 0.0000 1.0000 0.0000
vn 0.0000 1.0000 0.0000
vn 0.0000 1.0000 0.0000
vn 0.0000 1.0000 0.0000
vn 0.0000 1.0000 0.0000
vn 0.0000 1.0000 0.0000
vn 0.0000 1.0000 0.0000
vn 0.0000 1.0000 0.0000
vn 0.0000 1.0000 0.0000
vn 0.0000 1.0000 0.0000
vn 0.0000 1.0000 0.0000
vn 0.0000 1.0000 0.0000
vn 0.0000 1.0000 0.0000
vn 0.0000 1.0000 0.0000
vn 0.0000 1.0000 0.0000
vn 0.0000 1.0000 0.0000
vn 0.0000 1.0000 0.0000
vn 0.0000 1.0000 0.0000
vn 0.0000 1.0000 0.0000
vn 0.0000 1.0000 0.0000
vn 0.0000 1.0000 0.0000
vn 0.0000 1.0000 0.0000
vn 0.0000 1.0000 0.0000
vn 0.0000 1.0000 0.0000
vn 0.0000 1.0000 0.0000
vn 0.0000 1.0000 0.0000
vn 0.0000 1.0000 0.0000
vn 0.0000 1.0000 0.0000
vn 0.0000 1.0000 0.0000
vn 0.0000 1.0000 0.0000
vn 0.0000 1.0000 0.0000
vn 0.0000 1.0000 0.0000
vn 0.0000 1.0000 0.0000
vn 0.0000 1.0000 0.0000
vn 0.0000 1.0000 0.0000
vn 0.0000 1.0000 0.0000
vn 0.0000 1.0000 0.0000
vn 0.0000 1.0000 0.0000
vn 0.0000 1.0000 0.0000
vn 0.0000 1.0000 0.0000
vn 0.0000 1.0000 0.0000
vn 0.0000 1.0000 0.0000
vn 0.0000 1.0000 0.0000
vn 0.0000 1.0000 0.0000
vn 0.0000 1.0000 0.0000
vn 0.0000 1.0000 0.0000
vn 0.0000 1.0000 0.0000
vn 0.0000 1.0000 0.0000
vn 0.0000 1.0000 0.0000
vn 0.0000 1.0000 0.0000
vn 0.0000 1.0000 0.0000
vn 0.0000 1.0000 0.0000
vn 0.0000 1.0000 0.0000
vn 0.0000 1.0000 0.0000
vn 0.0000 1.0000 0.0000
vn 0.0000 1.0000 0.0000
vn 0.0000 1.0000 0.0000
vn 0.0000 1.0000 0.0000
vn 0.0000 1.0000 0.0000
vn 0.0000 1.0000 0.0000
vn 0.0000 1.0000 0.0000
vn 0.0000 1.0000 0.0000
vn 0.0000 1.0000 0.0000
vn 0.0000 1.0000 0.0000
vn 0.0000 1.0000 0.0000
vn 0.0000 1.0000 0.0000
vn 0.0000 1.0000 0.0000
vn 0.0000 1.0000 0.0000
vn 0.0000 1.0000 0.0000
vn 0.0000 1.0000 0.0000
vn 0.0000 1.0000 0.0000
vn 0.0000 1.0000 0.0000
vn 0.0000 1.0000 0.0000
vn 0.0000 1.0000 0.0000
vn 0.0000 1.0000 0.0000
vn 0.0000 1.0000 0.0000
vn 0.0000 1.0000 0.0000
vn 0.0000 1.0000 0.0000
vn 0.0000 1.0000 0.0000
vn 0.0000 1.0000 0.0000
vn 0.0000 1.0000 0.0000
vn 0.0000 1.0000 0.0000
vn 0.0000 1.0000 0.0000
vn 0.0000 1.0000 0.0000
vn 0.0000 1.0000 0.0000
vn 0.0000 1.0000 0.0000
vn 0.0000 1.0000 0.0000
vn 0.0000 1.0000 0.0000
vn 0.0000 1.0000 0.0000
vn 0.0000 1.0000 0.0000
vn 0.0000 1.0000 0.0000
vn 0.0000 1.0000 0.0000
vn 0.0000 1.0000 0.0000
vn 0.0000 1.0000 0.0000
vn 0.0000 1.0000 0.0000
vn 0.0000 1.0000 0.0000
vn 0.0000 1.0000 0.0000
vn 0.0000 1.0000 0.0000
vn 0.0000 1.0000 0.0000
vn 0.0000 1.0000 0.0000
vn 0.0000 1.0000 0.0000
vn 0.0000 1.0000 0.0000
vn 0.0000 1.0000 0.0000
vn 0.0000 1.0000 0.0000
vn 0.0000 1.0000 0.0000
vn 0.0000 1.0000 0.0000
vn 0.0000 1.0000 0.0000
vn 0.0000 1.0000 0.0000
vn 0.0000 1.0000 0.0000
vn 0.0000 1.0000 0.0000
vn 0.0000 1.0000 0.0000
vn 0.0000 1.0000 0.0000
vn 0.0000 1.0000 0.0000
vn 0.0000 1.0000 0.0000
vn 0.0000 1.0000 0.0000
vn 0.0000 1.0000 0.0000
vn 0.0000 1.0000 0.0000
vn 0.0000 1.0000 0.0000
vn 0.0000 1.0000 0.0000
vn 0.0000 1.0000 0.0000
vn 0.0000 1.0000 0.0000
vn 0.0000 1.0000 0.0000
vn 0.0000 1.0000 0.0000
vn 0.0000 1.0000 0.0000
vn 0.0000 1.0000 0.0000
vn 0.0000 1.0000 0.0000
vn 0.0000 1.0000 0.0000
vn 0.0000 1.0000 0.0000
vn 0.0000 1.0000 0.0000
vn 0.0000 1.0000 0.0000
vn 0.0000 1.0000 0.0000
vn 0.0000 1.0000 0.0000
vn 0.0000 1.0000 0.0000
vn 0.0000 1.0000 0.0000
vn 0.0000 1.0000 0.0000
vn 0.0000 1.0000 0.0000
vn 0.0000 1.0000 0.0000
vn 0.0000 1.0000 0.0000
vn 0.0000 1.0000 0.0000
vn 0.0000 1.0000 0.0000
vn 0.0000 1.0000 0.0000
vn 0.0000 1.0000 0.0000
vn 0.0000 1.0000 0.0000
vn 0.0000 1.0000 0.0000
vn 0.0000 1.0000 0.0000
vn 0.0000 1.0000 0.0000
vn 0.0000 1.0000 0.0000
vn 0.0000 1.0000 0.0000
vn 0.0000 1.0000 0.0000
vn 0.0000 1.0000 0.0000
vn 0.0000 1.0000 0.0000
vn 0.0000 1.0000 0.0000
vn 0.0000 1.0000 0.0000
vn 0.0000 1.0000 0.0000
vn 0.0000 1.0000 0.0000
vn 0.0000 1.0000 0.0000
vn 0.0000 1.0000 0.0000
vn 0.0000 1.0000 0.0000
vn 0.0000 1.0000 0.0000
vn 0.0000 1.0000 0.0000
vn 0.0000 1.0000 0.0000
vn 0.0000 1.0000 0.0000
vn 0.0000 1.0000 0.0000
vn 0.0000 1.0000 0.0000
vn 0.0000 1.0000 0.0000
vn 0.0000 1.0000 0.0000
vn 0.0000 1.0000 0.0000
vn 0.0000 1.0000 0.0000
vn 0.0000 1.0000 0.0000
vn 0.0000 1.0000 0.0000
vn 0.0000 1.0000 0.0000
vn 0.0000 1.0000 0.0000
vn 0.0000 1.0000 0.0000
vn 0.0000 1.0000 0.0000
vn 0.0000 1.0000 0.0000
vn 0.0000 1.0000 0.0000
vn 0.0000 1.0000 0.0000
vn 0.0000 1.0000 0.0000
vn 0.0000 1.0000 0.0000
vn 0.0000 1.0000 0.0000
vn 0.0000 1.0000 0.0000
vn 0.0000 1.0000 0.0000
vn 0.0000 1.0000 0.0000
vn 0.0000 1.0000 0.0000
vn 0.0000 1.0000 0.0000
vn 0.0000 1.0000 0.0000
vn 0.0000 1.0000 0.0000
vn 0.0000 1.0000 0.0000
vn 0.0000 1.0000 0.0000
vn 0.0000 1.0000 0.0000
vn 0.0000 1.0000 0.0000
vn 0.0000 1.0000 0.0000
vn 0.0000 1.0000 0.0000
vn 0.0000 1.0000 0.0000
vn 0.0000 1.0000 0.0000
vn 0.0000 1.0000 0.0000
vn 0.0000 1.0000 0.0000
vn 0.0000 1.0000 0.0000
vn 0.0000 1.0000 0.0000
vn 0.0000 1.0000 0.0000
vn 0.0000 1.0000 0.0000
vn 0.0000 1.0000 0.0000
vn 0.0000 1.0000 0.0000
vn 0.0000 1.0000 0.0000
vn 0.0000 1.0000 0.0000
vn 0.0000 1.0000 0.0000
vn 0.0000 1.0000 0.0000
vn 0.0000 1.0000 0.0000
vn 0.0000 1.0000 0.0000
vn 0.0000 1.0000 0.0000
vn 0.0000 1.0000 0.0000
vn 0.0000 1.0000 0.0000
vn 0.0000 1.0000 0.0000
vn 0.0000 1.0000 0.0000
vn 0.0000 1.0000 0.0000
vn 0.0000 1.0000 0.0000
vn 0.0000 1.0000 0.0000
vn 0.0000 1.0000 0.0000
vn 0.0000 1.0000 0.0000
vn 0.0000 1.0000 0.0000
vn 0.0000 1.0000 0.0000
vn 0.0000 1.0000 0.0000
vn 0.0000 1.0000 0.0000
vn 0.0000 1.0000 0.0000
vn 0.0000 1.0000 0.0000
vn 0.0000 1.0000 0.0000
vn 0.0000 1.0000 0.0000
vn 0.0000 1.0000 0.0000
vn 0.0000 1.0000 0.0000
vn 0.0000 1.0000 0.0000
vn 0.0000 1.0000 0.0000
vn 0.0000 1.0000 0.0000
vn 0.0000 1.0000 0.0000
vn 0.0000 1.0000 0.0000
vn 0.0000 1.0000 0.0000
vn 0.0000 1.0000 0.0000
vn 0.0000 1.0000 0.0000
vn 0.0000 1.0000 0.0000
vn 0.0000 1.0000 0.0000
vn 0.0000 1.0000 0.0000
vn 0.0000 1.0000 0.0000
vn 0.0000 1.0000 0.0000
vn 0.0000 1.0000 0.0000
vn 0.0000 1.0000 0.0000
vn 0.0000 1.0000 0.0000
vn 0.0000 1.0000 0.0000
vn 0.0000 1.0000 0.0000
vn 0.0000 1.0000 0.0000
vn 0.0000 1.0000 0.0000
vn 0.0000 1.0000 0.0000
vn 0.0000 1.0000 0.0000
vn 0.0000 1.0000 0.0000
vn 0.0000 1.0000 0.0000
vn 0.0000 1.0000 0.0000
vn 0.0000 1.0000 0.0000
vn 0.0000 1.0000 0.0000
vn 0.0000 1.0000 0.0000
vn 0.0000 1.0000 0.0000
vn 0.0000 1.0000 0.0000
vn 0.0000 1.0000 0.0000
vn 0.0000 1.0000 0.0000
vn 0.0000 1.0000 0.0000
vn 0.0000 1.0000 0.0000
vn 0.0000 1.0000 0.0000
vn 0.0000 1.0000 0.0000
vn 0.0000 1.0000 0.0000
vn 0.0000 1.0000 0.0000
vn 0.0000 1.0000 0.0000
vn 0.0000 1.0000 0.0000
vn 0.0000 1.0000 0.0000
vn 0.0000 1.0000 0.0000
vn 0.0000 1.0000 0.0000
vn 0.0000 1.0000 0.0000
vn 0.0000 1.0000 0.0000
vn 0.0000 1.0000 0.0000
vn 0.0000 1.0000 0.0000
vn 0.0000 1.0000 0.0000
vn 0.0000 1.0000 0.0000
vn 0.0000 1.0000 0.0000
vn 0.0000 1.0000 0.0000
vn 0.0000 1.0000 0.0000
vn 0.0000 1.0000 0.0000
vn 0.0000 1.0000 0.0000
vn 0.0000 1.0000 0.0000
vn 0.0000 1.0000 0.0000
vn 0.0000 1.0000 0.0000
vn 0.0000 1.0000 0.0000
vn 0.0000 1.0000 0.0000
vn 0.0000 1.0000 0.0000
vn 0.0000 1.0000 0.0000
vn 0.0000 1.0000 0.0000
vn 0.0000 1.0000 0.0000
vn 0.0000 1.0000 0.0000
vn 0.0000 1.0000 0.0000
vn 0.0000 1.0000 0.0000
vn 0.0000 1.0000 0.0000
vn 0.0000 1.0000 0.0000
vn 0.0000 1.0000 0.0000
vn 0.0000 1.0000 0.0000
vn 0.0000 1.0000 0.0000
vn 0.0000 1.0000 0.0000
vn 0.0000 1.0000 0.0000
vn 0.0000 1.0000 0.0000
vn 0.0000 1.0000 0.0000
vn 0.0000 1.0000 0.0000
vn 0.0000 1.0000 0.0000
vn 0.0000 1.0000 0.0000
vn 0.0000 1.0000 0.0000
vn 0.0000 1.0000 0.0000
vn 0.0000 1.0000 0.0000
vn 0.0000 1.0000 0.0000
vn 0.0000 1.0000 0.0000
vn 0.0000 1.0000 0.0000
vn 0.0000 1.0000 0.0000
vn 0.0000 1.0000 0.0000
vn 0.0000 1.0000 0.0000
vn 0.0000 1.0000 0.0000
vn 0.0000 1.0000 0.0000
vn 0.0000 1.0000 0.0000
vn 0.0000 1.0000 0.0000
vn 0.0000 1.0000 0.0000
vn 0.0000 1.0000 0.0000
vn 0.0000 1.0000 0.0000
vn 0.0000 1.0000 0.0000
vn 0.0000 1.0000 0.0000
vn 0.0000 1.0000 0.0000
vn 0.0000 1.0000 0.0000
vn 0.0000 1.0000 0.0000
vn 0.0000 1.0000 0.0000
vn 0.0000 1.0000 0.0000
vn 0.0000 1.0000 0.0000
vn 0.0000 1.0000 0.0000
vn 0.0000 1.0000 0.0000
vn 0.0000 1.0000 0.0000
vn 0.0000 1.0000 0.0000
vn 0.0000 1.0000 0.0000
vn 0.0000 1.0000 0.0000
vn 0.0000 1.0000 0.0000
vn 0.0000 1.0000 0.0000
vn 0.0000 1.0000 0.0000
vn 0.0000 1.0000 0.0000
vn 0.0000 1.0000 0.0000
vn 0.0000 1.0000 0.0000
vn 0.0000 1.0000 0.0000
vn 0.0000 1.0000 0.0000
vn 0.0000 1.0000 0.0000
vn 0.0000 1.0000 0.0000
vn 0.0000 1.0000 0.0000
vn 0.0000 1.0000 0.0000
vn 0.0000 1.0000 0.0000
vn 0.0000 1.0000 0.0000
vn 0.0000 1.0000 0.0000
vn 0.0000 1.0000 0.0000
vn 0.0000 1.0000 0.0000
vn 0.0000 1.0000 0.0000
vn 0.0000 1.0000 0.0000
vn 0.0000 1.0000 0.0000
vn 0.0000 1.0000 0.0000
vn 0.0000 1.0000 0.0000
vn 0.0000 1.0000 0.0000
vn 0.0000 1.0000 0.0000
vn 0.0000 1.0000 0.0000
vn 0.0000 1.0000 0.0000
vn 0.0000 1.0000 0.0000
vn 0.0000 1.0000 0.0000
vn 0.0000 1.0000 0.0000
vn 0.0000 1.0000 0.0000
vn 0.0000 1.0000 0.0000
vn 0.0000 1.0000 0.0000
vn 0.0000 1.0000 0.0000
vn 0.0000 1.0000 0.0000
vn 0.0000 1.0000 0.0000
vn 0.0000 1.0000 0.0000
vn 0.0000 1.0000 0.0000
vn 0.0000 1.0000 0.0000
vn 0.0000 1.0000 0.0000
vn 0.0000 1.0000 0.0000
vn 0.0000 1.0000 0.0000
vn 0.0000 1.0000 0.0000
vn 0.0000 1.0000 0.0000
vn 0.0000 1.0000 0.0000
vn 0.0000 1.0000 0.0000
vn 0.0000 1.0000 0.0000
vn 0.0000 1.0000 0.0000
vn 0.0000 1.0000 0.0000
vn 0.0000 1.0000 0.0000
vn 0.0000 1.0000 0.0000
vn 0.0000 1.0000 0.0000
vn 0.0000 1.0000 0.0000
vn 0.0000 1.0000 0.0000
vn 0.0000 1.0000 0.0000
vn 0.0000 1.0000 0.0000
vn 0.0000 1.0000 0.0000
vn 0.0000 1.0000 0.0000
vn 0.0000 1.0000 0.0000
vn 0.0000 1.0000 0.0000
vn 0.0000 1.0000 0.0000
vn 0.0000 1.0000 0.0000
vn 0.0000 1.0000 0.0000
vn 0.0000 1.0000 0.0000
vn 0.0000 1.0000 0.0000
vn 0.0000 1.0000 0.0000
vn 0.0000 1.0000 0.0000
vn 0.0000 1.0000 0.0000
vn 0.0000 1.0000 0.0000
vn 0.0000 1.0000 0.0000
vn 0.0000 1.0000 0.0000
vn 0.0000 1.0000 0.0000
vn 0.0000 1.0000 0.0000
vn 0.0000 1.0000 0.0000
vn 0.0000 1.0000 0.0000
vn 0.0000 1.0000 0.0000
vn 0.0000 1.0000 0.0000
vn 0.0000 1.0000 0.0000
vn 0.0000 1.0000 0.0000
vn 0.0000 1.0000 0.0000
vn 0.0000 1.0000 0.0000
vn 0.0000 1.0000 0.0000
vn 0.0000 1.0000 0.0000
vn 0.0000 1.0000 0.0000
vn 0.0000 1.0000 0.0000
vn 0.0000 1.0000 0.0000
vn 0.0000 1.0000 0.0000
vn 0.0000 1.0000 0.0000
vn 0.0000 1.0000 0.0000
vn 0.0000 1.0000 0.0000
vn 0.0000 1.0000 0.0000
vn 0.0000 1.0000 0.0000
vn 0.0000 1.0000 0.0000
vn 0.0000 1.0000 0.0000
vn 0.0000 1.0000 0.0000
vn 0.0000 1.0000 0.0000
vn 0.0000 1.0000 0.0000
vn 0.0000 1.0000 0.0000
vn 0.0000 1.0000 0.0000
vn 0.0000 1.0000 0.0000
vn 0.0000 1.0000 0.0000
vn 0.0000 1.0000 0.0000
vn 0.0000 1.0000 0.0000
vn 0.0000 1.0000 0.0000
vn 0.0000 1.0000 0.0000
vn 0.0000 1.0000 0.0000
vn 0.0000 1.0000 0.0000
vn 0.0000 1.0000 0.0000
vn 0.0000 1.0000 0.0000
vn 0.0000 1.0000 0.0000
vn 0.0000 1.0000 0.0000
vn 0.0000 1.0000 0.0000
vn 0.0000 1.0000 0.0000
vn 0.0000 1.0000 0.0000
vn 0.0000 1.0000 0.0000
vn 0.0000 1.0000 0.0000
vn 0.0000 1.0000 0.0000
vn 0.0000 1.0000 0.0000
vn 0.0000 1.0000 0.0000
vn 0.0000 1.0000 0.0000
vn 0.0000 1.0000 0.0000
vn 0.0000 1.0000 0.0000
vn 0.0000 1.0000 0.0000
vn 0.0000 1.0000 0.0000
vn 0.0000 1.0000 0.0000
vn 0.0000 1.0000 0.0000
vn 0.0000 1.0000 0.0000
vn 0.0000 1.0000 0.0000
vn 0.0000 1.0000 0.0000
vn 0.0000 1.0000 0.0000
vn 0.0000 1.0000 0.0000
vn 0.0000 1.0000 0.0000
vn 0.0000 1.0000 0.0000
vn 0.0000 1.0000 0.0000
vn 0.0000 1.0000 0.0000
vn 0.0000 1.0000 0.0000
vn 0.0000 1.0000 0.0000
vn 0.0000 1.0000 0.0000
vn 0.0000 1.0000 0.0000
vn 0.0000 1.0000 0.0000
vn 0.0000 1.0000 0.0000
vn 0.0000 1.0000 0.0000
vn 0.0000 1.0000 0.0000
vn 0.0000 1.0000 0.0000
vn 0.0000 1.0000 0.0000
vn 0.0000 1.0000 0.0000
vn 0.0000 1.0000 0.0000
vn 0.0000 1.0000 0.0000
vn 0.0000 1.0000 0.0000
vn 0.0000 1.0000 0.0000
vn 0.0000 1.0000 0.0000
vn 0.0000 1.0000 0.0000
vn 0.0000 1.0000 0.0000
vn 0.0000 1.0000 0.0000
vn 0.0000 1.0000 0.0000
vn 0.0000 1.0000 0.0000
vn 0.0000 1.0000 0.0000
vn 0.0000 1.0000 0.0000
vn 0.0000 1.0000 0.0000
vn 0.0000 1.0000 0.0000
vn 0.0000 1.0000 0.0000
vn 0.0000 1.0000 0.0000
vn 0.0000 1.0000 0.0000
vn 0.0000 1.0000 0.0000
vn 0.0000 1.0000 0.0000
vn 0.0000 1.0000 0.0000
vn 0.0000 1.0000 0.0000
vn 0.0000 1.0000 0.0000
vn 0.0000 1.0000 0.0000
vn 0.0000 1.0000 0.0000
vn 0.0000 1.0000 0.0000
vn 0.0000 1.0000 0.0000
vn 0.0000 1.0000 0.0000
vn 0.0000 1.0000 0.0000
vn 0.0000 1.0000 0.0000
vn 0.0000 1.0000 0.0000
vn 0.0000 1.0000 0.0000
vn 0.0000 1.0000 0.0000
vn 0.0000 1.0000 0.0000
vn 0.0000 1.0000 0.0000
vn 0.0000 1.0000 0.0000
vn 0.0000 1.0000 0.0000
vn 0.0000 1.0000 0.0000
vn 0.0000 1.0000 0.0000
vn 0.0000 1.0000 0.0000
vn 0.0000 1.0000 0.0000
vn 0.0000 1.0000 0.0000
vn 0.0000 1.0000 0.0000
vn 0.0000 1.0000 0.0000
vn 0.0000 1.0000 0.0000
vn 0.0000 1.0000 0.0000
vn 0.0000 1.0000 0.0000
vn 0.0000 1.0000 0.0000
vn 0.0000 1.0000 0.0000
vn 0.0000 1.0000 0.0000
vn 0.0000 1.0000 0.0000
vn 0.0000 1.0000 0.0000
vn 0.0000 1.0000 0.0000
vn 0.0000 1.0000 0.0000
vn 0.0000 1.0000 0.0000
vn 0.0000 1.0000 0.0000
vn 0.0000 1.0000 0.0000
vn 0.0000 1.0000 0.0000
vn 0.0000 1.0000 0.0000
vn 0.0000 1.0000 0.0000
vn 0.0000 1.0000 0.0000
vn 0.0000 1.0000 0.0000
vn 0.0000 1.0000 0.0000
vn 0.0000 1.0000 0.0000
vn 0.0000 1.0000 0.0000
vn 0.0000 1.0000 0.0000
vn 0.0000 1.0000 0.0000
vn 0.0000 1.0000 0.0000
vn 0.0000 1.0000 0.0000
vn 0.0000 1.0000 0.0000
vn 0.0000 1.0000 0.0000
vn 0.0000 1.0000 0.0000
vn 0.0000 1.0000 0.0000
vn 0.0000 1.0000 0.0000
vn 0.0000 1.0000 0.0000
vn 0.0000 1.0000 0.0000
vn 0.0000 1.0000 0.0000
vn 0.0000 1.0000 0.0000
vn 0.0000 1.0000 0.0000
vn 0.0000 1.0000 0.0000
vn 0.0000 1.0000 0.0000
vn 0.0000 1.0000 0.0000
vn 0.0000 1.0000 0.0000
vn 0.0000 1.0000 0.0000
vn 0.0000 1.0000 0.0000
vn 0.0000 1.0000 0.0000
vn 0.0000 1.0000 0.0000
vn 0.0000 1.0000 0.0000
vn 0.0000 1.0000 0.0000
vn 0.0000 1.0000 0.0000
vn 0.0000 1.0000 0.0000
vn 0.0000 1.0000 0.0000
vn 0.0000 1.0000 0.0000
vn 0.0000 1.0000 0.0000
vn 0.0000 1.0000 0.0000
vn 0.0000 1.0000 0.0000
vn 0.0000 1.0000 0.0000
vn 0.0000 1.0000 0.0000
vn 0.0000 1.0000 0.0000
vn 0.0000 1.0000 0.0000
vn 0.0000 1.0000 0.0000
vn 0.0000 1.0000 0.0000
vn 0.0000 1.0000 0.0000
vn 0.0000 1.0000 0.0000
vn 0.0000 1.0000 0.0000
vn 0.0000 1.0000 0.0000
vn 0.0000 1.0000 0.0000
vn 0.0000 1.0000 0.0000
vn 0.0000 1.0000 0.0000
vn 0.0000 1.0000 0.0000
vn 0.0000 1.0000 0.0000
vn 0.0000 1.0000 0.0000
vn 0.0000 1.0000 0.0000
vn 0.0000 1.0000 0.0000
vn 0.0000 1.0000 0.0000
vn 0.0000 1.0000 0.0000
vn 0.0000 1.0000 0.0000
vn 0.0000 1.0000 0.0000
vn 0.0000 1.0000 0.0000
vn 0.0000 1.0000 0.0000
vn 0.0000 1.0000 0.0000
vn 0.0000 1.0000 0.0000
vn 0.0000 1.0000 0.0000
vn 0.0000 1.0000 0.0000
vn 0.0000 1.0000 0.0000
vn 0.0000 1.0000 0.0000
vn 0.0000 1.0000 0.0000
vn 0.0000 1.0000 0.0000
vn 0.0000 1.0000 0.0000
vn 0.0000 1.0000 0.0000
vn 0.0000 1.0000 0.0000
vn 0.0000 1.0000 0.0000
vn 0.0000 1.0000 0.0000
vn 0.0000 1.0000 0.0000
vn 0.0000 1.0000 0.0000
vn 0.0000 1.0000 0.0000
vn 0.0000 1.0000 0.0000
vn 0.0000 1.0000 0.0000
vn 0.0000 1.0000 0.0000
vn 0.0000 1.0000 0.0000
vn 0.0000 1.0000 0.0000
vn 0.0000 1.0000 0.0000
vn 0.0000 1.0000 0.0000
vn 0.0000 1.0000 0.0000
vn 0.0000 1.0000 0.0000
vn 0.0000 1.0000 0.0000
vn 0.0000 1.0000 0.0000
vn 0.0000 1.0000 0.0000
vn 0.0000 1.0000 0.0000
vn 0.0000 1.0000 0.0000
vn 0.0000 1.0000 0.0000
vn 0.0000 1.0000 0.0000
vn 0.0000 1.0000 0.0000
vn 0.0000 1.0000 0.0000
vn 0.0000 1.0000 0.0000
vn 0.0000 1.0000 0.0000
vn 0.0000 1.0000 0.0000
vn 0.0000 1.0000 0.0000
vn 0.0000 1.0000 0.0000
vn 0.0000 1.0000 0.0000
vn 0.0000 1.0000 0.0000
vn 0.0000 1.0000 0.0000
vn 0.0000 1.0000 0.0000
vn 0.0000 1.0000 0.0000
vn 0.0000 1.0000 0.0000
vn 0.0000 1.0000 0.0000
vn 0.0000 1.0000 0.0000
vn 0.0000 1.0000 0.0000
vn 0.0000 1.0000 0.0000
vn 0.0000 1.0000 0.0000
vn 0.0000 1.0000 0.0000
vn 0.0000 1.0000 0.0000
vn 0.0000 1.0000 0.0000
vn 0.0000 1.0000 0.0000
vn 0.0000 1.0000 0.0000
vn 0.0000 1.0000 0.0000
vn 0.0000 1.0000 0.0000
vn 0.0000 1.0000 0.0000
vn 0.0000 1.0000 0.0000
vn 0.0000 1.0000 0.0000
vn 0.0000 1.0000 0.0000
vn 0.0000 1.0000 0.0000
vn 0.0000 1.0000 0.0000
vn 0.0000 1.0000 0.0000
vn 0.0000 1.0000 0.0000
vn 0.0000 1.0000 0.0000
vn 0.0000 1.0000 0.0000
vn 0.0000 1.0000 0.0000
vn 0.0000 1.0000 0.0000
vn 0.0000 1.0000 0.0000
vn 0.0000 1.0000 0.0000
vn 0.0000 1.0000 0.0000
vn 0.0000 1.0000 0.0000
vn 0.0000 1.0000 0.0000
vn 0.0000 1.0000 0.0000
vn 0.0000 1.0000 0.0000
vn 0.0000 1.0000 0.0000
vn 0.0000 1.0000 0.0000
vn 0.0000 1.0000 0.0000
vn 0.0000 1.0000 0.0000
vn 0.0000 1.0000 0.0000
vn 0.0000 1.0000 0.0000
vn 0.0000 1.0000 0.0000
vn 0.0000 1.0000 0.0000
vn 0.0000 1.0000 0.0000
vn 0.0000 1.0000 0.0000
vn 0.0000 1.0000 0.0000
vn 0.0000 1.0000 0.0000
vn 0.0000 1.0000 0.0000
vn 0.0000 1.0000 0.0000
vn 0.0000 1.0000 0.0000
vn 0.0000 1.0000 0.0000
vn 0.0000 1.0000 0.0000
vn 0.0000 1.0000 0.0000
vn 0.0000 1.0000 0.0000
vn 0.0000 1.0000 0.0000
vn 0.0000 1.0000 0.0000
vn 0.0000 1.0000 0.0000
vn 0.0000 1.0000 0.0000
vn 0.0000 1.0000 0.0000
vn 0.0000 1.0000 0.0000
vn 0.0000 1.0000 0.0000
vn 0.0000 1.0000 0.0000
vn 0.0000 1.0000 0.0000
vn 0.0000 1.0000 0.0000
vn 0.0000 1.0000 0.0000
vn 0.0000 1.0000 0.0000
vn 0.0000 1.0000 0.0000
vn 0.0000 1.0000 0.0000
vn 0.0000 1.0000 0.0000
vn 0.0000 1.0000 0.0000
vn 0.0000 1.0000 0.0000
vn 0.0000 1.0000 0.0000
vn 0.0000 1.0000 0.0000
vn 0.0000 1.0000 0.0000
vn 0.0000 1.0000 0.0000
vn 0.0000 1.0000 0.0000
vn 0.0000 1.0000 0.0000
vn 0.0000 1.0000 0.0000
vn 0.0000 1.0000 0.0000
vn 0.0000 1.0000 0.0000
vn 0.0000 1.0000 0.0000
vn 0.0000 1.0000 0.0000
vn 0.0000 1.0000 0.0000
vn 0.0000 1.0000 0.0000
vn 0.0000 1.0000 0.0000
vn 0.0000 1.0000 0.0000
vn 0.0000 1.0000 0.0000
vn 0.0000 1.0000 0.0000
vn 0.0000 1.0000 0.0000
vn 0.0000 1.0000 0.0000
vn 0.0000 1.0000 0.0000
vn 0.0000 1.0000 0.0000
vn 0.0000 1.0000 0.0000
vn 0.0000 1.0000 0.0000
vn 0.0000 1.0000 0.0000
vn 0.0000 1.0000 0.0000
vn 0.0000 1.0000 0.0000
vn 0.0000 1.0000 0.0000
vn 0.0000 1.0000 0.0000
vn 0.0000 1.0000 0.0000
vn 0.0000 1.0000 0.0000
vn 0.0000 1.0000 0.0000
vn 0.0000 1.0000 0.0000
vn 0.0000 1.0000 0.0000
vn 0.0000 1.0000 0.0000
vn 0.0000 1.0000 0.0000
vn 0.0000 1.0000 0.0000
vn 0.0000 1.0000 0.0000
vn 0.0000 1.0000 0.0000
vn 0.0000 1.0000 0.0000
vn 0.0000 1.0000 0.0000
vn 0.0000 1.0000 0.0000
vn 0.0000 1.0000 0.0000
vn 0.0000 1.0000 0.0000
vn 0.0000 1.0000 0.0000
vn 0.0000 1.0000 0.0000
vn 0.0000 1.0000 0.0000
vn 0.0000 1.0000 0.0000
vn 0.0000 1.0000 0.0000
vn 0.0000 1.0000 0.0000
vn 0.0000 1.0000 0.0000
vn 0.0000 1.0000 0.0000
vn 0.0000 1.0000 0.0000
vn 0.0000 1.0000 0.0000
vn 0.0000 1.0000 0.0000
vn 0.0000 1.0000 0.0000
vn 0.0000 1.0000 0.0000
vn 0.0000 1.0000 0.0000
vn 0.0000 1.0000 0.0000
vn 0.0000 1.0000 0.0000
vn 0.0000 1.0000 0.0000
vn 0.0000 1.0000 0.0000
vn 0.0000 1.0000 0.0000
vn 0.0000 1.0000 0.0000
vn 0.0000 1.0000 0.0000
vn 0.0000 1.0000 0.0000
vn 0.0000 1.0000 0.0000
vn 0.0000 1.0000 0.0000
vn 0.0000 1.0000 0.0000
vn 0.0000 1.0000 0.0000
vn 0.0000 1.0000 0.0000
vn 0.0000 1.0000 0.0000
vn 0.0000 1.0000 0.0000
vn 0.0000 1.0000 0.0000
vn 0.0000 1.0000 0.0000
vn 0.0000 1.0000 0.0000
vn 0.0000 1.0000 0.0000
vn 0.0000 1.0000 0.0000
vn 0.0000 1.0000 0.0000
vn 0.0000 1.0000 0.0000
vn 0.0000 1.0000 0.0000
vn 0.0000 1.0000 0.0000
vn 0.0000 1.0000 0.0000
vn 0.0000 1.0000 0.0000
vn 0.0000 1.0000 0.0000
vn 0.0000 1.0000 0.0000
vn 0.0000 1.0000 0.0000
vn 0.0000 1.0000 0.0000
vn 0.0000 1.0000 0.0000
vn 0.0000 1.0000 0.0000
vn 0.0000 1.0000 0.0000
vn 0.0000 1.0000 0.0000
vn 0.0000 1.0000 0.0000
vn 0.0000 1.0000 0.0000
vn 0.0000 1.0000 0.0000
vn 0.0000 1.0000 0.0000
vn 0.0000 1.0000 0.0000
vn 0.0000 1.0000 0.0000
vn 0.0000 1.0000 0.0000
vn 0.0000 1.0000 0.0000
vn 0.0000 1.0000 0.0000
vn 0.0000 1.0000 0.0000
vn 0.0000 1.0000 0.0000
vn 0.0000 1.0000 0.0000
vn 0.0000 1.0000 0.0000
vn 0.0000 1.0000 0.0000
vn 0.0000 1.0000 0.0000
vn 0.0000 1.0000 0.0000
vn 0.0000 1.0000 0.0000
vn 0.0000 1.0000 0.0000
vn 0.0000 1.0000 0.0000
vn 0.0000 1.0000 0.0000
vn 0.0000 1.0000 0.0000
vn 0.0000 1.0000 0.0000
vn 0.0000 1.0000 0.0000
vn 0.0000 1.0000 0.0000
vn 0.0000 1.0000 0.0000
vn 0.0000 1.0000 0.0000
vn 0.0000 1.0000 0.0000
vn 0.0000 1.0000 0.0000
vn 0.0000 1.0000 0.0000
vn 0.0000 1.0000 0.0000
vn 0.0000 1.0000 0.0000
vn 0.0000 1.0000 0.0000
vn 0.0000 1.0000 0.0000
vn 0.0000 1.0000 0.0000
vn 0.0000 1.0000 0.0000
vn 0.0000 1.0000 0.0000
vn 0.0000 1.0000 0.0000
vn 0.0000 1.0000 0.0000
vn 0.0000 1.0000 0.0000
vn 0.0000 1.0000 0.0000
vn 0.0000 1.0000 0.0000
vn 0.0000 1.0000 0.0000
vn 0.0000 1.0000 0.0000
vn 0.0000 1.0000 0.0000
vn 0.0000 1.0000 0.0000
vn 0.0000 1.0000 0.0000
vn 0.0000 1.0000 0.0000
vn 0.0000 1.0000 0.0000
vn 0.0000 1.0000 0.0000
vn 0.0000 1.0000 0.0000
vn 0.0000 1.0000 0.0000
vn 0.0000 1.0000 0.0000
vn 0.0000 1.0000 0.0000
vn 0.0000 1.0000 0.0000
vn 0.0000 1.0000 0.0000
vn 0.0000 1.0000 0.0000
vn 0.0000 1.0000 0.0000
vn 0.0000 1.0000 0.0000
vn 0.0000 1.0000 0.0000
vn 0.0000 1.0000 0.0000
vn 0.0000 1.0000 0.0000
vn 0.0000 1.0000 0.0000
vn 0.0000 1.0000 0.0000
vn 0.0000 1.0000 0.0000
vn 0.0000 1.0000 0.0000
vn 0.0000 1.0000 0.0000
vn 0.0000 1.0000 0.0000
vn 0.0000 1.0000 0.0000
vn 0.0000 1.0000 0.0000
vn 0.0000 1.0000 0.0000
vn 0.0000 1.0000 0.0000
vn 0.0000 1.0000 0.0000
vn 0.0000 1.0000 0.0000
vn 0.0000 1.0000 0.0000
vn 0.0000 1.0000 0.0000
vn 0.0000 1.0000 0.0000
vn 0.0000 1.0000 0.0000
vn 0.0000 1.0000 0.0000
vn 0.0000 1.0000 0.0000
vn 0.0000 1.0000 0.0000
vn 0.0000 1.0000 0.0000
vn 0.0000 1.0000 0.0000
vn 0.0000 1.0000 0.0000
vn 0.0000 1.0000 0.0000
vn 0.0000 1.0000 0.0000
vn 0.0000 1.0000 0.0000
vn 0.0000 1.0000 0.0000
vn 0.0000 1.0000 0.0000
vn 0.0000 1.0000 0.0000
vn 0.0000 1.0000 0.0000
vn 0.0000 1.0000 0.0000
vn 0.0000 1.0000 0.0000
vn 0.0000 1.0000 0.0000
vn 0.0000 1.0000 0.0000
vn 0.0000 1.0000 0.0000
vn 0.0000 1.0000 0.0000
vn 0.0000 1.0000 0.0000
vn 0.0000 1.0000 0.0000
vn 0.0000 1.0000 0.0000
vn 0.0000 1.0000 0.0000
vn 0.0000 1.0000 0.0000
vn 0.0000 1.0000 0.0000
vn 0.0000 1.0000 0.0000
vn 0.0000 1.0000 0.0000
vn 0.0000 1.0000 0.0000
vn 0.0000 1.0000 0.0000
vn 0.0000 1.0000 0.0000
vn 0.0000 1.0000 0.0000
vn 0.0000 1.0000 0.0000
vn 0.0000 1.0000 0.0000
vn 0.0000 1.0000 0.0000
vn 0.0000 1.0000 0.0000
vn 0.0000 1.0000 0.0000
vn 0.0000 1.0000 0.0000
vn 0.0000 1.0000 0.0000
vn 0.0000 1.0000 0.0000
vn 0.0000 1.0000 0.0000
vn 0.0000 1.0000 0.0000
vn 0.0000 1.0000 0.0000
vn 0.0000 1.0000 0.0000
vn 0.0000 1.0000 0.0000
vn 0.0000 1.0000 0.0000
vn 0.0000 1.0000 0.0000
vn 0.0000 1.0000 0.0000
vn 0.0000 1.0000 0.0000
vn 0.0000 1.0000 0.0000
vn 0.0000 1.0000 0.0000
vn 0.0000 1.0000 0.0000
vn 0.0000 1.0000 0.0000
vn 0.0000 1.0000 0.0000
vn 0.0000 1.0000 0.0000
vn 0.0000 1.0000 0.0000
vn 0.0000 1.0000 0.0000
vn 0.0000 1.0000 0.0000
vn 0.0000 1.0000 0.0000
vn 0.0000 1.0000 0.0000
vn 0.0000 1.0000 0.0000
vn 0.0000 1.0000 0.0000
vn 0.0000 1.0000 0.0000
vn 0.0000 1.0000 0.0000
vn 0.0000 1.0000 0.0000
vn 0.0000 1.0000 0.0000
vn 0.0000 1.0000 0.0000
vn 0.0000 1.0000 0.0000
vn 0.0000 1.0000 0.0000
vn 0.0000 1.0000 0.0000
vn 0.0000 1.0000 0.0000
vn 0.0000 1.0000 0.0000
vn 0.0000 1.0000 0.0000
vn 0.0000 1.0000 0.0000
vn 0.0000 1.0000 0.0000
vn 0.0000 1.0000 0.0000
vn 0.0000 1.0000 0.0000
vn 0.0000 1.0000 0.0000
vn 0.0000 1.0000 0.0000
vn 0.0000 1.0000 0.0000
vn 0.0000 1.0000 0.0000
vn 0.0000 1.0000 0.0000
vn 0.0000 1.0000 0.0000
vn 0.0000 1.0000 0.0000
vn 0.0000 1.0000 0.0000
vn 0.0000 1.0000 0.0000
vn 0.0000 1.0000 0.0000
vn 0.0000 1.0000 0.0000
vn 0.0000 1.0000 0.0000
vn 0.0000 1.0000 0.0000
vn 0.0000 1.0000 0.0000
vn 0.0000 1.0000 0.0000
vn 0.0000 1.0000 0.0000
vn 0.0000 1.0000 0.0000
vn 0.0000 1.0000 0.0000
vn 0.0000 1.0000 0.0000
vn 0.0000 1.0000 0.0000
vn 0.0000 1.0000 0.0000
vn 0.0000 1.0000 0.0000
vn 0.0000 1.0000 0.0000
vn 0.0000 1.0000 0.0000
vn 0.0000 1.0000 0.0000
vn 0.0000 1.0000 0.0000
vn 0.0000 1.0000 0.0000
vn 0.0000 1.0000 0.0000
vn 0.0000 1.0000 0.0000
vn 0.0000 1.0000 0.0000
vn 0.0000 1.0000 0.0000
vn 0.0000 1.0000 0.0000
vn 0.0000 1.0000 0.0000
vn 0.0000 1.0000 0.0000
vn 0.0000 1.0000 0.0000
vn 0.0000 1.0000 0.0000
vn 0.0000 1.0000 0.0000
vn 0.0000 1.0000 0.0000
vn 0.0000 1.0000 0.0000
vn 0.0000 1.0000 0.0000
vn 0.0000 1.0000 0.0000
vn 0.0000 1.0000 0.0000
vn 0.0000 1.0000 0.0000
vn 0.0000 1.0000 0.0000
vn 0.0000 1.0000 0.0000
vn 0.0000 1.0000 0.0000
vn 0.0000 1.0000 0.0000
vn 0.0000 1.0000 0.0000
vn 0.0000 1.0000 0.0000
vn 0.0000 1.0000 0.0000
vn 0.0000 1.0000 0.0000
vn 0.0000 1.0000 0.0000
vn 0.0000 1.0000 0.0000
vn 0.0000 1.0000 0.0000
vn 0.0000 1.0000 0.0000
vn 0.0000 1.0000 0.0000
vn 0.0000 1.0000 0.0000
vn 0.0000 1.0000 0.0000
vn 0.0000 1.0000 0.0000
vn 0.0000 1.0000 0.0000
vn 0.0000 1.0000 0.0000
vn 0.0000 1.0000 0.0000
vn 0.0000 1.0000 0.0000
vn 0.0000 1.0000 0.0000
vn 0.0000 1.0000 0.0000
vn 0.0000 1.0000 0.0000
vn 0.0000 1.0000 0.0000
vn 0.0000 1.0000 0.0000
vn 0.0000 1.0000 0.0000
vn 0.0000 1.0000 0.0000
vn 0.0000 1.0000 0.0000
vn 0.0000 1.0000 0.0000
vn 0.0000 1.0000 0.0000
vn 0.0000 1.0000 0.0000
vn 0.0000 1.0000 0.0000
vn 0.0000 1.0000 0.0000
vn 0.0000 1.0000 0.0000
vn 0.0000 1.0000 0.0000
vn 0.0000 1.0000 0.0000
vn 0.0000 1.0000 0.0000
vn 0.0000 1.0000 0.0000
vn 0.0000 1.0000 0.0000
vn 0.0000 1.0000 0.0000
vn 0.0000 1.0000 0.0000
vn 0.0000 1.0000 0.0000
vn 0.0000 1.0000 0.0000
vn 0.0000 1.0000 0.0000
vn 0.0000 1.0000 0.0000
vn 0.0000 1.0000 0.0000
vn 0.0000 1.0000 0.0000
vn 0.0000 1.0000 0.0000
vn 0.0000 1.0000 0.0000
vn 0.0000 1.0000 0.0000
vn 0.0000 1.0000 0.0000
vn 0.0000 1.0000 0.0000
vn 0.0000 1.0000 0.0000
vn 0.0000 1.0000 0.0000
vn 0.0000 1.0000 0.0000
vn 0.0000 1.0000 0.0000
vn 0.0000 1.0000 0.0000
vn 0.0000 1.0000 0.0000
vn 0.0000 1.0000 0.0000
vn 0.0000 1.0000 0.0000
vn 0.0000 1.0000 0.0000
vn 0.0000 1.0000 0.0000
vn 0.0000 1.0000 0.0000
vn 0.0000 1.0000 0.0000
vn 0.0000 1.0000 0.0000
vn 0.0000 1.0000 0.0000
vn 0.0000 1.0000 0.0000
vn 0.0000 1.0000 0.0000
vn 0.0000 1.0000 0.0000
vn 0.0000 1.0000 0.0000
vn 0.0000 1.0000 0.0000
vn 0.0000 1.0000 0.0000
vn 0.0000 1.0000 0.0000
vn 0.0000 1.0000 0.0000
vn 0.0000 1.0000 0.0000
vn 0.0000 1.0000 0.0000
vn 0.0000 1.0000 0.0000
vn 0.0000 1.0000 0.0000
vn 0.0000 1.0000 0.0000
vn 0.0000 1.0000 0.0000
vn 0.0000 1.0000 0.0000
vn 0.0000 1.0000 0.0000
vn 0.0000 1.0000 0.0000
vn 0.0000 1.0000 0.0000
vn 0.0000 1.0000 0.0000
vn 0.0000 1.0000 0.0000
vn 0.0000 1.0000 0.0000
vn 0.0000 1.0000 0.0000
vn 0.0000 1.0000 0.0000
vn 0.0000 1.0000 0.0000
vn 0.0000 1.0000 0.0000
vn 0.0000 1.0000 0.0000
vn 0.0000 1.0000 0.0000
vn 0.0000 1.0000 0.0000
vn 0.0000 1.0000 0.0000
vn 0.0000 1.0000 0.0000
vn 0.0000 1.0000 0.0000
vn 0.0000 1.0000 0.0000
vn 0.0000 1.0000 0.0000
vn 0.0000 1.0000 0.0000
vn 0.0000 1.0000 0.0000
vn 0.0000 1.0000 0.0000
vn 0.0000 1.0000 0.0000
vn 0.0000 1.0000 0.0000
vn 0.0000 1.0000 0.0000
vn 0.0000 1.0000 0.0000
vn 0.0000 1.0000 0.0000
vn 0.0000 1.0000 0.0000
vn 0.0000 1.0000 0.0000
vn 0.0000 1.0000 0.0000
vn 0.0000 1.0000 0.0000
vn 0.0000 1.0000 0.0000
vn 0.0000 1.0000 0.0000
vn 0.0000 1.0000 0.0000
vn 0.0000 1.0000 0.0000
vn 0.0000 1.0000 0.0000
vn 0.0000 1.0000 0.0000
vn 0.0000 1.0000 0.0000
vn 0.0000 1.0000 0.0000
vn 0.0000 1.0000 0.0000
vn 0.0000 1.0000 0.0000
vn 0.0000 1.0000 0.0000
vn 0.0000 1.0000 0.0000
vn 0.0000 1.0000 0.0000
vn 0.0000 1.0000 0.0000
vn 0.0000 1.0000 0.0000
vn 0.0000 1.0000 0.0000
vn 0.0000 1.0000 0.0000
vn 0.0000 1.0000 0.0000
vn 0.0000 1.0000 0.0000
vn 0.0000 1.0000 0.0000
vn 0.0000 1.0000 0.0000
vn 0.0000 1.0000 0.0000
vn 0.0000 1.0000 0.0000
vn 0.0000 1.0000 0.0000
vn 0.0000 1.0000 0.0000
vn 0.0000 1.0000 0.0000
vn 0.0000 1.0000 0.0000
vn 0.0000 1.0000 0.0000
vn 0.0000 1.0000 0.0000
vn 0.0000 1.0000 0.0000
vn 0.0000 1.0000 0.0000
vn 0.0000 1.0000 0.0000
vn 0.0000 1.0000 0.0000
vn 0.0000 1.0000 0.0000
vn 0.0000 1.0000 0.0000
vn 0.0000 1.0000 0.0000
vn 0.0000 1.0000 0.0000
vn 0.0000 1.0000 0.0000
vn 0.0000 1.0000 0.0000
vn 0.0000 1.0000 0.0000
vn 0.0000 1.0000 0.0000
vn 0.0000 1.0000 0.0000
vn 0.0000 1.0000 0.0000
vn 0.0000 1.0000 0.0000
vn 0.0000 1.0000 0.0000
vn 0.0000 1.0000 0.0000
vn 0.0000 1.0000 0.0000
vn 0.0000 1.0000 0.0000
vn 0.0000 1.0000 0.0000
vn 0.0000 1.0000 0.0000
vn 0.0000 1.0000 0.0000
vn 0.0000 1.0000 0.0000
vn 0.0000 1.0000 0.0000
vn 0.0000 1.0000 0.0000
vn 0.0000 1.0000 0.0000
vn 0.0000 1.0000 0.0000
vn 0.0000 1.0000 0.0000
vn 0.0000 1.0000 0.0000
vn 0.0000 1.0000 0.0000
vn 0.0000 1.0000 0.0000
vn 0.0000 1.0000 0.0000
vn 0.0000 1.0000 0.0000
vn 0.0000 1.0000 0.0000
vn 0.0000 1.0000 0.0000
vn 0.0000 1.0000 0.0000
vn 0.0000 1.0000 0.0000
vn 0.0000 1.0000 0.0000
vn 0.0000 1.0000 0.0000
vn 0.0000 1.0000 0.0000
vn 0.0000 1.0000 0.0000
vn 0.0000 1.0000 0.0000
vn 0.0000 1.0000 0.0000
vn 0.0000 1.0000 0.0000
vn 0.0000 1.0000 0.0000
vn 0.0000 1.0000 0.0000
vn 0.0000 1.0000 0.0000
vn 0.0000 1.0000 0.0000
vn 0.0000 1.0000 0.0000
vn 0.0000 1.0000 0.0000
vn 0.0000 1.0000 0.0000
vn 0.0000 1.0000 0.0000
vn 0.0000 1.0000 0.0000
vn 0.0000 1.0000 0.0000
vn 0.0000 1.0000 0.0000
vn 0.0000 1.0000 0.0000
vn 0.0000 1.0000 0.0000
vn 0.0000 1.0000 0.0000
vn 0.0000 1.0000 0.0000
vn 0.0000 1.0000 0.0000
vn 0.0000 1.0000 0.0000
vn 0.0000 1.0000 0.0000
vn 0.0000 1.0000 0.0000
vn 0.0000 1.0000 0.0000
vn 0.0000 1.0000 0.0000
vn 0.0000 1.0000 0.0000
vn 0.0000 1.0000 0.0000
vn 0.0000 1.0000 0.0000
vn 0.0000 1.0000 0.0000
vn 0.0000 1.0000 0.0000
vn 0.0000 1.0000 0.0000
vn 0.0000 1.0000 0.0000
vn 0.0000 1.0000 0.0000
vn 0.0000 1.0000 0.0000
vn 0.0000 1.0000 0.0000
vn 0.0000 1.0000 0.0000
vn 0.0000 1.0000 0.0000
vn 0.0000 1.0000 0.0000
vn 0.0000 1.0000 0.0000
vn 0.0000 1.0000 0.0000
vn 0.0000 1.0000 0.0000
vn 0.0000 1.0000 0.0000
vn 0.0000 1.0000 0.0000
vn 0.0000 1.0000 0.0000
vn 0.0000 1.0000 0.0000
vn 0.0000 1.0000 0.0000
vn 0.0000 1.0000 0.0000
vn 0.0000 1.0000 0.0000
vn 0.0000 1.0000 0.0000
vn 0.0000 1.0000 0.0000
vn 0.0000 1.0000 0.0000
vn 0.0000 1.0000 0.0000
vn 0.0000 1.0000 0.0000
vn 0.0000 1.0000 0.0000
vn 0.0000 1.0000 0.0000
vn 0.0000 1.0000 0.0000
vn 0.0000 1.0000 0.0000
vn 0.0000 1.0000 0.0000
vn 0.0000 1.0000 0.0000
vn 0.0000 1.0000 0.0000
vn 0.0000 1.0000 0.0000
vn 0.0000 1.0000 0.0000
vn 0.0000 1.0000 0.0000
vn 0.0000 1.0000 0.0000
vn 0.0000 1.0000 0.0000
vn 0.0000 1.0000 0.0000
vn 0.0000 1.0000 0.0000
vn 0.0000 1.0000 0.0000
vn 0.0000 1.0000 0.0000
vn 0.0000 1.0000 0.0000
vn 0.0000 1.0000 0.0000
vn 0.0000 1.0000 0.0000
vn 0.0000 1.0000 0.0000
vn 0.0000 1.0000 0.0000
vn 0.0000 1.0000 0.0000
vn 0.0000 1.0000 0.0000
vn 0.0000 1.0000 0.0000
vn 0.0000 1.0000 0.0000
vn 0.0000 1.0000 0.0000
vn 0.0000 1.0000 0.0000
vn 0.0000 1.0000 0.0000
vn 0.0000 1.0000 0.0000
vn 0.0000 1.0000 0.0000
vn 0.0000 1.0000 0.0000
vn 0.0000 1.0000 0.0000
vn 0.0000 1.0000 0.0000
vn 0.0000 1.0000 0.0000
vn 0.0000 1.0000 0.0000
vn 0.0000 1.0000 0.0000
vn 0.0000 1.0000 0.0000
vn 0.0000 1.0000 0.0000
vn 0.0000 1.0000 0.0000
vn 0.0000 1.0000 0.0000
vn 0.0000 1.0000 0.0000
vn 0.0000 1.0000 0.0000
vn 0.0000 1.0000 0.0000
vn 0.0000 1.0000 0.0000
vn 0.0000 1.0000 0.0000
vn 0.0000 1.0000 0.0000
vn 0.0000 1.0000 0.0000
vn 0.0000 1.0000 0.0000
vn 0.0000 1.0000 0.0000
vn 0.0000 1.0000 0.0000
vn 0.0000 1.0000 0.0000
vn 0.0000 1.0000 0.0000
vn 0.0000 1.0000 0.0000
vn 0.0000 1.0000 0.0000
vn 0.0000 1.0000 0.0000
vn 0.0000 1.0000 0.0000
vn 0.0000 1.0000 0.0000
vn 0.0000 1.0000 0.0000
vn 0.0000 1.0000 0.0000
vn 0.0000 1.0000 0.0000
vn 0.0000 1.0000 0.0000
vn 0.0000 1.0000 0.0000
vn 0.0000 1.0000 0.0000
vn 0.0000 1.0000 0.0000
vn 0.0000 1.0000 0.0000
vn 0.0000 1.0000 0.0000
vn 0.0000 1.0000 0.0000
vn 0.0000 1.0000 0.0000
vn 0.0000 1.0000 0.0000
vn 0.0000 1.0000 0.0000
vn 0.0000 1.0000 0.0000
vn 0.0000 1.0000 0.0000
vn 0.0000 1.0000 0.0000
vn 0.0000 1.0000 0.0000
vn 0.0000 1.0000 0.0000
vn 0.0000 1.0000 0.0000
vn 0.0000 1.0000 0.0000
vn 0.0000 1.0000 0.0000
vn 0.0000 1.0000 0.0000
vn 0.0000 1.0000 0.0000
vn 0.0000 1.0000 0.0000
vn 0.0000 1.0000 0.0000
vn 0.0000 1.0000 0.0000
vn 0.0000 1.0000 0.0000
vn 0.0000 1.0000 0.0000
vn 0.0000 1.0000 0.0000
vn 0.0000 1.0000 0.0000
vn 0.0000 1.0000 0.0000
vn 0.0000 1.0000 0.0000
vn 0.0000 1.0000 0.0000
vn 0.0000 1.0000 0.0000
vn 0.0000 1.0000 0.0000
vn 0.0000 1.0000 0.0000
vn 0.0000 1.0000 0.0000
vn 0.0000 1.0000 0.0000
vn 0.0000 1.0000 0.0000
vn 0.0000 1.0000 0.0000
vn 0.0000 1.0000 0.0000
vn 0.0000 1.0000 0.0000
vn 0.0000 1.0000 0.0000
vn 0.0000 1.0000 0.0000
vn 0.0000 1.0000 0.0000
vn 0.0000 1.0000 0.0000
vn 0.0000 1.0000 0.0000
vn 0.0000 1.0000 0.0000
vn 0.0000 1.0000 0.0000
vn 0.0000 1.0000 0.0000
vn 0.0000 1.0000 0.0000
vn 0.0000 1.0000 0.0000
vn 0.0000 1.0000 0.0000
vn 0.0000 1.0000 0.0000
vn 0.0000 1.0000 0.0000
vn 0.0000 1.0000 0.0000
vn 0.0000 1.0000 0.0000
vn 0.0000 1.0000 0.0000
vn 0.0000 1.0000 0.0000
vn 0.0000 1.0000 0.0000
vn 0.0000 1.0000 0.0000
vn 0.0000 1.0000 0.0000
vn 0.0000 1.0000 0.0000
vn 0.0000 1.0000 0.0000
vn 0.0000 1.0000 0.0000
vn 0.0000 1.0000 0.0000
vn 0.0000 1.0000 0.0000
vn 0.0000 1.0000 0.0000
vn 0.0000 1.0000 0.0000
vn 0.0000 1.0000 0.0000
vn 0.0000 1.0000 0.0000
vn 0.0000 1.0000 0.0000
vn 0.0000 1.0000 0.0000
vn 0.0000 1.0000 0.0000
vn 0.0000 1.0000 0.0000
vn 0.0000 1.0000 0.0000
vn 0.0000 1.0000 0.0000
vn 0.0000 1.0000 0.0000
vn 0.0000 1.0000 0.0000
vn 0.0000 1.0000 0.0000
vn 0.0000 1.0000 0.0000
vn 0.0000 1.0000 0.0000
vn 0.0000 1.0000 0.0000
vn 0.0000 1.0000 0.0000
vn 0.0000 1.0000 0.0000
vn 0.0000 1.0000 0.0000
vn 0.0000 1.0000 0.0000
vn 0.0000 1.0000 0.0000
vn 0.0000 1.0000 0.0000
vn 0.0000 1.0000 0.0000
vn 0.0000 1.0000 0.0000
vn 0.0000 1.0000 0.0000
vn 0.0000 1.0000 0.0000
vn 0.0000 1.0000 0.0000
vn 0.0000 1.0000 0.0000
vn 0.0000 1.0000 0.0000
vn 0.0000 1.0000 0.0000
vn 0.0000 1.0000 0.0000
vn 0.0000 1.0000 0.0000
vn 0.0000 1.0000 0.0000
vn 0.0000 1.0000 0.0000
vn 0.0000 1.0000 0.0000
vn 0.0000 1.0000 0.0000
vn 0.0000 1.0000 0.0000
vn 0.0000 1.0000 0.0000
vn 0.0000 1.0000 0.0000
vn 0.0000 1.0000 0.0000
vn 0.0000 1.0000 0.0000
vn 0.0000 1.0000 0.0000
vn 0.0000 1.0000 0.0000
vn 0.0000 1.0000 0.0000
vn 0.0000 1.0000 0.0000
vn 0.0000 1.0000 0.0000
vn 0.0000 1.0000 0.0000
vn 0.0000 1.0000 0.0000
vn 0.0000 1.0000 0.0000
vn 0.0000 1.0000 0.0000
vn 0.0000 1.0000 0.0000
vn 0.0000 1.0000 0.0000
vn 0.0000 1.0000 0.0000
vn 0.0000 1.0000 0.0000
vn 0.0000 1.0000 0.0000
vn 0.0000 1.0000 0.0000
vn 0.0000 1.0000 0.0000
vn 0.0000 1.0000 0.0000
vn 0.0000 1.0000 0.0000
vn 0.0000 1.0000 0.0000
vn 0.0000 1.0000 0.0000
vn 0.0000 1.0000 0.0000
vn 0.0000 1.0000 0.0000
vn 0.0000 1.0000 0.0000
vn 0.0000 1.0000 0.0000
vn 0.0000 1.0000 0.0000
vn 0.0000 1.0000 0.0000
vn 0.0000 1.0000 0.0000
vn 0.0000 1.0000 0.0000
vn 0.0000 1.0000 0.0000
vn 0.0000 1.0000 0.0000
vn 0.0000 1.0000 0.0000
vn 0.0000 1.0000 0.0000
vn 0.0000 1.0000 0.0000
vn 0.0000 1.0000 0.0000
vn 0.0000 1.0000 0.0000
vn 0.0000 1.0000 0.0000
vn 0.0000 1.0000 0.0000
vn 0.0000 1.0000 0.0000
vn 0.0000 1.0000 0.0000
vn 0.0000 1.0000 0.0000
vn 0.0000 1.0000 0.0000
vn 0.0000 1.0000 0.0000
vn 0.0000 1.0000 0.0000
vn 0.0000 1.0000 0.0000
vn 0.0000 1.0000 0.0000
vn 0.0000 1.0000 0.0000
vn 0.0000 1.0000 0.0000
vn 0.0000 1.0000 0.0000
vn 0.0000 1.0000 0.0000
vn 0.0000 1.0000 0.0000
vn 0.0000 1.0000 0.0000
vn 0.0000 1.0000 0.0000
vn 0.0000 1.0000 0.0000
vn 0.0000 1.0000 0.0000
vn 0.0000 1.0000 0.0000
vn 0.0000 1.0000 0.0000
vn 0.0000 1.0000 0.0000
vn 0.0000 1.0000 0.0000
vn 0.0000 1.0000 0.0000
vn 0.0000 1.0000 0.0000
vn 0.0000 1.0000 0.0000
vn 0.0000 1.0000 0.0000
vn 0.0000 1.0000 0.0000
vn 0.0000 1.0000 0.0000
vn 0.0000 1.0000 0.0000
vn 0.0000 1.0000 0.0000
vn 0.0000 1.0000 0.0000
vn 0.0000 1.0000 0.0000
vn 0.0000 1.0000 0.0000
vn 0.0000 1.0000 0.0000
vn 0.0000 1.0000 0.0000
vn 0.0000 1.0000 0.0000
vn 0.0000 1.0000 0.0000
vn 0.0000 1.0000 0.0000
vn 0.0000 1.0000 0.0000
vn 0.0000 1.0000 0.0000
vn 0.0000 1.0000 0.0000
vn 0.0000 1.0000 0.0000
vn 0.0000 1.0000 0.0000
vn 0.0000 1.0000 0.0000
vn 0.0000 1.0000 0.0000
vn 0.0000 1.0000 0.0000
vn 0.0000 1.0000 0.0000
vn 0.0000 1.0000 0.0000
vn 0.0000 1.0000 0.0000
vn 0.0000 1.0000 0.0000
vn 0.0000 1.0000 0.0000
vn 0.0000 1.0000 0.0000
vn 0.0000 1.0000 0.0000
vn 0.0000 1.0000 0.0000
vn 0.0000 1.0000 0.0000
vn 0.0000 1.0000 0.0000
vn 0.0000 1.0000 0.0000
vn 0.0000 1.0000 0.0000
vn 0.0000 1.0000 0.0000
vn 0.0000 1.0000 0.0000
vn 0.0000 1.0000 0.0000
vn 0.0000 1.0000 0.0000
vn 0.0000 1.0000 0.0000
vn 0.0000 1.0000 0.0000
vn 0.0000 1.0000 0.0000
vn 0.0000 1.0000 0.0000
vn 0.0000 1.0000 0.0000
vn 0.0000 1.0000 0.0000
vn 0.0000 1.0000 0.0000
vn 0.0000 1.0000 0.0000
vn 0.0000 1.0000 0.0000
vn 0.0000 1.0000 0.0000
vn 0.0000 1.0000 0.0000
vn 0.0000 1.0000 0.0000
vn 0.0000 1.0000 0.0000
vn 0.0000 1.0000 0.0000
vn 0.0000 1.0000 0.0000
vn 0.0000 1.0000 0.0000
vn 0.0000 1.0000 0.0000
vn 0.0000 1.0000 0.0000
vn 0.0000 1.0000 0.0000
vn 0.0000 1.0000 0.0000
vn 0.0000 1.0000 0.0000
vn 0.0000 1.0000 0.0000
vn 0.0000 1.0000 0.0000
vn 0.0000 1.0000 0.0000
vn 0.0000 1.0000 0.0000
vn 0.0000 1.0000 0.0000
vn 0.0000 1.0000 0.0000
vn 0.0000 1.0000 0.0000
vn 0.0000 1.0000 0.0000
vn 0.0000 1.0000 0.0000
vn 0.0000 1.0000 0.0000
vn 0.0000 1.0000 0.0000
vn 0.0000 1.0000 0.0000
vn 0.0000 1.0000 0.0000
vn 0.0000 1.0000 0.0000
vn 0.0000 1.0000 0.0000
vn 0.0000 1.0000 0.0000
vn 0.0000 1.0000 0.0000
vn 0.0000 1.0000 0.0000
vn 0.0000 1.0000 0.0000
vn 0.0000 1.0000 0.0000
vn 0.0000 1.0000 0.0000
vn 0.0000 1.0000 0.0000
vn 0.0000 1.0000 0.0000
vn 0.0000 1.0000 0.0000
vn 0.0000 1.0000 0.0000
vn 0.0000 1.0000 0.0000
vn 0.0000 1.0000 0.0000
vn 0.0000 1.0000 0.0000
vn 0.0000 1.0000 0.0000
vn 0.0000 1.0000 0.0000
vn 0.0000 1.0000 0.0000
vn 0.0000 1.0000 0.0000
vn 0.0000 1.0000 0.0000
vn 0.0000 1.0000 0.0000
vn 0.0000 1.0000 0.0000
vn 0.0000 1.0000 0.0000
vn 0.0000 1.0000 0.0000
vn 0.0000 1.0000 0.0000
vn 0.0000 1.0000 0.0000
vn 0.0000 1.0000 0.0000
vn 0.0000 1.0000 0.0000
vn 0.0000 1.0000 0.0000
vn 0.0000 1.0000 0.0000
vn 0.0000 1.0000 0.0000
vn 0.0000 1.0000 0.0000
vn 0.0000 1.0000 0.0000
vn 0.0000 1.0000 0.0000
vn 0.0000 1.0000 0.0000
vn 0.0000 1.0000 0.0000
vn 0.0000 1.0000 0.0000
vn 0.0000 1.0000 0.0000
vn 0.0000 1.0000 0.0000
vn 0.0000 1.0000 0.0000
vn 0.0000 1.0000 0.0000
vn 0.0000 1.0000 0.0000
vn 0.0000 1.0000 0.0000
vn 0.0000 1.0000 0.0000
vn 0.0000 1.0000 0.0000
vn 0.0000 1.0000 0.0000
vn 0.0000 1.0000 0.0000
vn 0.0000 1.0000 0.0000
vn 0.0000 1.0000 0.0000
vn 0.0000 1.0000 0.0000
vn 0.0000 1.0000 0.0000
vn 0.0000 1.0000 0.0000
vn 0.0000 1.0000 0.0000
vn 0.0000 1.0000 0.0000
vn 0.0000 1.0000 0.0000
vn 0.0000 1.0000 0.0000
vn 0.0000 1.0000 0.0000
vn 0.0000 1.0000 0.0000
vn 0.0000 1.0000 0.0000
vn 0.0000 1.0000 0.0000
vn 0.0000 1.0000 0.0000
vn 0.0000 1.0000 0.0000
vn 0.0000 1.0000 0.0000
vn 0.0000 1.0000 0.0000
vn 0.0000 1.0000 0.0000
vn 0.0000 1.0000 0.0000
vn 0.0000 1.0000 0.0000
vn 0.0000 1.0000 0.0000
vn 0.0000 1.0000 0.0000
vn 0.0000 1.0000 0.0000
vn 0.0000 1.0000 0.0000
vn 0.0000 1.0000 0.0000
vn 0.0000 1.0000 0.0000
vn 0.0000 1.0000 0.0000
vn 0.0000 1.0000 0.0000
vn 0.0000 1.0000 0.0000
vn 0.0000 1.0000 0.0000
vn 0.0000 1.0000 0.0000
vn 0.0000 1.0000 0.0000
vn 0.0000 1.0000 0.0000
vn 0.0000 1.0000 0.0000
vn 0.0000 1.0000 0.0000
vn 0.0000 1.0000 0.0000
vn 0.0000 1.0000 0.0000
vn 0.0000 1.0000 0.0000
vn 0.0000 1.0000 0.0000
vn 0.0000 1.0000 0.0000
vn 0.0000 1.0000 0.0000
vn 0.0000 1.0000 0.0000
vn 0.0000 1.0000 0.0000
vn 0.0000 1.0000 0.0000
vn 0.0000 1.0000 0.0000
vn 0.0000 1.0000 0.0000
vn 0.0000 1.0000 0.0000
vn 0.0000 1.0000 0.0000
vn 0.0000 1.0000 0.0000
vn 0.0000 1.0000 0.0000
vn 0.0000 1.0000 0.0000
vn 0.0000 1.0000 0.0000
vn 0.0000 1.0000 0.0000
vn 0.0000 1.0000 0.0000
vn 0.0000 1.0000 0.0000
vn 0.0000 1.0000 0.0000
vn 0.0000 1.0000 0.0000
vn 0.0000 1.0000 0.0000
vn 0.0000 1.0000 0.0000
vn 0.0000 1.0000 0.0000
vn 0.0000 1.0000 0.0000
vn 0.0000 1.0000 0.0000
vn 0.0000 1.0000 0.0000
vn 0.0000 1.0000 0.0000
vn 0.0000 1.0000 0.0000
vn 0.0000 1.0000 0.0000
vn 0.0000 1.0000 0.0000
vn 0.0000 1.0000 0.0000
vn 0.0000 1.0000 0.0000
vn 0.0000 1.0000 0.0000
vn 0.0000 1.0000 0.0000
vn 0.0000 1.0000 0.0000
vn 0.0000 1.0000 0.0000
vn 0.0000 1.0000 0.0000
vn 0.0000 1.0000 0.0000
vn 0.0000 1.0000 0.0000
vn 0.0000 1.0000 0.0000
vn 0.0000 1.0000 0.0000
vn 0.0000 1.0000 0.0000
vn 0.0000 1.0000 0.0000
vn 0.0000 1.0000 0.0000
vn 0.0000 1.0000 0.0000
vn 0.0000 1.0000 0.0000
vn 0.0000 1.0000 0.0000
vn 0.0000 1.0000 0.0000
vn 0.0000 1.0000 0.0000
vn 0.0000 1.0000 0.0000
vn 0.0000 1.0000 0.0000
vn 0.0000 1.0000 0.0000
vn 0.0000 1.0000 0.0000
vn 0.0000 1.0000 0.0000
vn 0.0000 1.0000 0.0000
vn 0.0000 1.0000 0.0000
vn 0.0000 1.0000 0.0000
vn 0.0000 1.0000 0.0000
vn 0.0000 1.0000 0.0000
vn 0.0000 1.0000 0.0000
vn 0.0000 1.0000 0.0000
vn 0.0000 1.0000 0.0000
vn 0.0000 1.0000 0.0000
vn 0.0000 1.0000 0.0000
vn 0.0000 1.0000 0.0000
vn 0.0000 1.0000 0.0000
vn 0.0000 1.0000 0.0000
vn 0.0000 1.0000 0.0000
vn 0.0000 1.0000 0.0000
vn 0.0000 1.0000 0.0000
vn 0.0000 1.0000 0.0000
vn 0.0000 1.0000 0.0000
vn 0.0000 1.0000 0.0000
vn 0.0000 1.0000 0.0000
vn 0.0000 1.0000 0.0000
vn 0.0000 1.0000 0.0000
vn 0.0000 1.0000 0.0000
vn 0.0000 1.0000 0.0000
vn 0.0000 1.0000 0.0000
vn 0.0000 1.0000 0.0000
vn 0.0000 1.0000 0.0000
vn 0.0000 1.0000 0.0000
vn 0.0000 1.0000 0.0000
vn 0.0000 1.0000 0.0000
vn 0.0000 1.0000 0.0000
vn 0.0000 1.0000 0.0000
vn 0.0000 1.0000 0.0000
vn 0.0000 1.0000 0.0000
vn 0.0000 1.0000 0.0000
vn 0.0000 1.0000 0.0000
vn 0.0000 1.0000 0.0000
vn 0.0000 1.0000 0.0000
vn 0.0000 1.0000 0.0000
vn 0.0000 1.0000 0.0000
vn 0.0000 1.0000 0.0000
vn 0.0000 1.0000 0.0000
vn 0.0000 1.0000 0.0000
vn 0.0000 1.0000 0.0000
vn 0.0000 1.0000 0.0000
vn 0.0000 1.0000 0.0000
vn 0.0000 1.0000 0.0000
vn 0.0000 1.0000 0.0000
vn 0.0000 1.0000 0.0000
vn 0.0000 1.0000 0.0000
vn 0.0000 1.0000 0.0000
vn 0.0000 1.0000 0.0000
vn 0.0000 1.0000 0.0000
vn 0.0000 1.0000 0.0000
vn 0.0000 1.0000 0.0000
vn 0.0000 1.0000 0.0000
vn 0.0000 1.0000 0.0000
vn 0.0000 1.0000 0.0000
vn 0.0000 1.0000 0.0000
vn 0.0000 1.0000 0.0000
vn 0.0000 1.0000 0.0000
vn 0.0000 1.0000 0.0000
vn 0.0000 1.0000 0.0000
vn 0.0000 1.0000 0.0000
vn 0.0000 1.0000 0.0000
vn 0.0000 1.0000 0.0000
vn 0.0000 1.0000 0.0000
vn 0.0000 1.0000 0.0000
vn 0.0000 1.0000 0.0000
vn 0.0000 1.0000 0.0000
vn 0.0000 1.0000 0.0000
vn 0.0000 1.0000 0.0000
vn 0.0000 1.0000 0.0000
vn 0.0000 1.0000 0.0000
vn 0.0000 1.0000 0.0000
vn 0.0000 1.0000 0.0000
vn 0.0000 1.0000 0.0000
vn 0.0000 1.0000 0.0000
vn 0.0000 1.0000 0.0000
vn 0.0000 1.0000 0.0000
vn 0.0000 1.0000 0.0000
vn 0.0000 1.0000 0.0000
vn 0.0000 1.0000 0.0000
vn 0.0000 1.0000 0.0000
vn 0.0000 1.0000 0.0000
vn 0.0000 1.0000 0.0000
vn 0.0000 1.0000 0.0000
vn 0.0000 1.0000 0.0000
vn 0.0000 1.0000 0.0000
vn 0.0000 1.0000 0.0000
vn 0.0000 1.0000 0.0000
vn 0.0000 1.0000 0.0000
vn 0.0000 1.0000 0.0000
vn 0.0000 1.0000 0.0000
vn 0.0000 1.0000 0.0000
vn 0.0000 1.0000 0.0000
vn 0.0000 1.0000 0.0000
vn 0.0000 1.0000 0.0000
vn 0.0000 1.0000 0.0000
vn 0.0000 1.0000 0.0000
vn 0.0000 1.0000 0.0000
vn 0.0000 1.0000 0.0000
vn 0.0000 1.0000 0.0000
vn 0.0000 1.0000 0.0000
vn 0.0000 1.0000 0.0000
vn 0.0000 1.0000 0.0000
vn 0.0000 1.0000 0.0000
vn 0.0000 1.0000 0.0000
vn 0.0000 1.0000 0.0000
vn 0.0000 1.0000 0.0000
vn 0.0000 1.0000 0.0000
vn 0.0000 1.0000 0.0000
vn 0.0000 1.0000 0.0000
vn 0.0000 1.0000 0.0000
vn 0.0000 1.0000 0.0000
vn 0.0000 1.0000 0.0000
vn 0.0000 1.0000 0.0000
vn 0.0000 1.0000 0.0000
vn 0.0000 1.0000 0.0000
vn 0.0000 1.0000 0.0000
vn 0.0000 1.0000 0.0000
vn 0.0000 1.0000 0.0000
vn 0.0000 1.0000 0.0000
vn 0.0000 1.0000 0.0000
vn 0.0000 1.0000 0.0000
vn 0.0000 1.0000 0.0000
vn 0.0000 1.0000 0.0000
vn 0.0000 1.0000 0.0000
vn 0.0000 1.0000 0.0000
vn 0.0000 1.0000 0.0000
vn 0.0000 1.0000 0.0000
vn 0.0000 1.0000 0.0000
vn 0.0000 1.0000 0.0000
vn 0.0000 1.0000 0.0000
vn 0.0000 1.0000 0.0000
vn 0.0000 1.0000 0.0000
vn 0.0000 1.0000 0.0000
vn 0.0000 1.0000 0.0000
vn 0.0000 1.0000 0.0000
vn 0.0000 1.0000 0.0000
vn 0.0000 1.0000 0.0000
vn 0.0000 1.0000 0.0000
vn 0.0000 1.0000 0.0000
vn 0.0000 1.0000 0.0000
vn 0.0000 1.0000 0.0000
vn 0.0000 1.0000 0.0000
vn 0.0000 1.0000 0.0000
vn 0.0000 1.0000 0.0000
vn 0.0000 1.0000 0.0000
vn 0.0000 1.0000 0.0000
vn 0.0000 1.0000 0.0000
vn 0.0000 1.0000 0.0000
vn 0.0000 1.0000 0.0000
vn 0.0000 1.0000 0.0000
vn 0.0000 1.0000 0.0000
vn 0.0000 1.0000 0.0000
vn 0.0000 1.0000 0.0000
vn 0.0000 1.0000 0.0000
vn 0.0000 1.0000 0.0000
vn 0.0000 1.0000 0.0000
vn 0.0000 1.0000 0.0000
vn 0.0000 1.0000 0.0000
vn 0.0000 1.0000 0.0000
vn 0.0000 1.0000 0.0000
vn 0.0000 1.0000 0.0000
vn 0.0000 1.0000 0.0000
vn 0.0000 1.0000 0.0000
vn 0.0000 1.0000 0.0000
vn 0.0000 1.0000 0.0000
vn 0.0000 1.0000 0.0000
vn 0.0000 1.0000 0.0000
vn 0.0000 1.0000 0.0000
vn 0.0000 1.0000 0.0000
vn 0.0000 1.0000 0.0000
vn 0.0000 1.0000 0.0000
vn 0.0000 1.0000 0.0000
vn 0.0000 1.0000 0.0000
vn 0.0000 1.0000 0.0000
vn 0.0000 1.0000 0.0000
vn 0.0000 1.0000 0.0000
vn 0.0000 1.0000 0.0000
vn 0.0000 1.0000 0.0000
vn 0.0000 1.0000 0.0000
vn 0.0000 1.0000 0.0000
vn 0.0000 1.0000 0.0000
vn 0.0000 1.0000 0.0000
vn 0.0000 1.0000 0.0000
vn 0.0000 1.0000 0.0000
vn 0.0000 1.0000 0.0000
vn 0.0000 1.0000 0.0000
vn 0.0000 1.0000 0.0000
vn 0.0000 1.0000 0.0000
vn 0.0000 1.0000 0.0000
vn 0.0000 1.0000 0.0000
vn 0.0000 1.0000 0.0000
vn 0.0000 1.0000 0.0000
vn 0.0000 1.0000 0.0000
vn 0.0000 1.0000 0.0000
vn 0.0000 1.0000 0.0000
vn 0.0000 1.0000 0.0000
vn 0.0000 1.0000 0.0000
vn 0.0000 1.0000 0.0000
vn 0.0000 1.0000 0.0000
vn 0.0000 1.0000 0.0000
vn 0.0000 1.0000 0.0000
vn 0.0000 1.0000 0.0000
vn 0.0000 1.0000 0.0000
vn 0.0000 1.0000 0.0000
vn 0.0000 1.0000 0.0000
vn 0.0000 1.0000 0.0000
vn 0.0000 1.0000 0.0000
vn 0.0000 1.0000 0.0000
vn 0.0000 1.0000 0.0000
vn 0.0000 1.0000 0.0000
vn 0.0000 1.0000 0.0000
vn 0.0000 1.0000 0.0000
vn 0.0000 1.0000 0.0000
vn 0.0000 1.0000 0.0000
vn 0.0000 1.0000 0.0000
vn 0.0000 1.0000 0.0000
vn 0.0000 1.0000 0.0000
vn 0.0000 1.0000 0.0000
vn 0.0000 1.0000 0.0000
vn 0.0000 1.0000 0.0000
vn 0.0000 1.0000 0.0000
vn 0.0000 1.0000 0.0000
vn 0.0000 1.0000 0.0000
vn 0.0000 1.0000 0.0000
vn 0.0000 1.0000 0.0000
vn 0.0000 1.0000 0.0000
vn 0.0000 1.0000 0.0000
vn 0.0000 1.0000 0.0000
vn 0.0000 1.0000 0.0000
vn 0.0000 1.0000 0.0000
vn 0.0000 1.0000 0.0000
vn 0.0000 1.0000 0.0000
vn 0.0000 1.0000 0.0000
vn 0.0000 1.0000 0.0000
vn 0.0000 1.0000 0.0000
vn 0.0000 1.0000 0.0000
vn 0.0000 1.0000 0.0000
vn 0.0000 1.0000 0.0000
vn 0.0000 1.0000 0.0000
vn 0.0000 1.0000 0.0000
vn 0.0000 1.0000 0.0000
vn 0.0000 1.0000 0.0000
vn 0.0000 1.0000 0.0000
vn 0.0000 1.0000 0.0000
vn 0.0000 1.0000 0.0000
vn 0.0000 1.0000 0.0000
vn 0.0000 1.0000 0.0000
vn 0.0000 1.0000 0.0000
vn 0.0000 1.0000 0.0000
vn 0.0000 1.0000 0.0000
vn 0.0000 1.0000 0.0000
vn 0.0000 1.0000 0.0000
vn 0.0000 1.0000 0.0000
vn 0.0000 1.0000 0.0000
vn 0.0000 1.0000 0.0000
vn 0.0000 1.0000 0.0000
vn 0.0000 1.0000 0.0000
vn 0.0000 1.0000 0.0000
vn 0.0000 1.0000 0.0000
vn 0.0000 1.0000 0.0000
vn 0.0000 1.0000 0.0000
vn 0.0000 1.0000 0.0000
vn 0.0000 1.0000 0.0000
vn 0.0000 1.0000 0.0000
vn 0.0000 1.0000 0.0000
vn 0.0000 1.0000 0.0000
vn 0.0000 1.0000 0.0000
vn 0.0000 1.0000 0.0000
vn 0.0000 1.0000 0.0000
vn 0.0000 1.0000 0.0000
vn 0.0000 1.0000 0.0000
vn 0.0000 1.0000 0.0000
vn 0.0000 1.0000 0.0000
vn 0.0000 1.0000 0.0000
vn 0.0000 1.0000 0.0000
vn 0.0000 1.0000 0.0000
vn 0.0000 1.0000 0.0000
vn 0.0000 1.0000 0.0000
vn 0.0000 1.0000 0.0000
vn 0.0000 1.0000 0.0000
vn 0.0000 1.0000 0.0000
vn 0.0000 1.0000 0.0000
vn 0.0000 1.0000 0.0000
vn 0.0000 1.0000 0.0000
vn 0.0000 1.0000 0.0000
vn 0.0000 1.0000 0.0000
vn 0.0000 1.0000 0.0000
vn 0.0000 1.0000 0.0000
vn 0.0000 1.0000 0.0000
vn 0.0000 1.0000 0.0000
vn 0.0000 1.0000 0.0000
vn 0.0000 1.0000 0.0000
vn 0.0000 1.0000 0.0000
vn 0.0000 1.0000 0.0000
vn 0.0000 1.0000 0.0000
vn 0.0000 1.0000 0.0000
vn 0.0000 1.0000 0.0000
vn 0.0000 1.0000 0.0000
vn 0.0000 1.0000 0.0000
vn 0.0000 1.0000 0.0000
vn 0.0000 1.0000 0.0000
vn 0.0000 1.0000 0.0000
vn 0.0000 1.0000 0.0000
vn 0.0000 1.0000 0.0000
vn 0.0000 1.0000 0.0000
vn 0.0000 1.0000 0.0000
vn 0.0000 1.0000 0.0000
vn 0.0000 1.0000 0.0000
vn 0.0000 1.0000 0.0000
vn 0.0000 1.0000 0.0000
vn 0.0000 1.0000 0.0000
vn 0.0000 1.0000 0.0000
vn 0.0000 1.0000 0.0000
vn 0.0000 1.0000 0.0000
vn 0.0000 1.0000 0.0000
vn 0.0000 1.0000 0.0000
vn 0.0000 1.0000 0.0000
vn 0.0000 1.0000 0.0000
vn 0.0000 1.0000 0.0000
vn 0.0000 1.0000 0.0000
vn 0.0000 1.0000 0.0000
vn 0.0000 1.0000 0.0000
vn 0.0000 1.0000 0.0000
vn 0.0000 1.0000 0.0000
vn 0.0000 1.0000 0.0000
vn 0.0000 1.0000 0.0000
vn 0.0000 1.0000 0.0000
vn 0.0000 1.0000 0.0000
vn 0.0000 1.0000 0.0000
vn 0.0000 1.0000 0.0000
vn 0.0000 1.0000 0.0000
vn 0.0000 1.0000 0.0000
vn 0.0000 1.0000 0.0000
vn 0.0000 1.0000 0.0000
vn 0.0000 1.0000 0.0000
vn 0.0000 1.0000 0.0000
vn 0.0000 1.0000 0.0000
vn 0.0000 1.0000 0.0000
vn 0.0000 1.0000 0.0000
vn 0.0000 1.0000 0.0000
vn 0.0000 1.0000 0.0000
vn 0.0000 1.0000 0.0000
vn 0.0000 1.0000 0.0000
vn 0.0000 1.0000 0.0000
vn 0.0000 1.0000 0.0000
vn 0.0000 1.0000 0.0000
vn 0.0000 1.0000 0.0000
vn 0.0000 1.0000 0.0000
vn 0.0000 1.0000 0.0000
vn 0.0000 1.0000 0.0000
vn 0.0000 1.0000 0.0000
vn 0.0000 1.0000 0.0000
vn 0.0000 1.0000 0.0000
vn 0.0000 1.0000 0.0000
vn 0.0000 1.0000 0.0000
vn 0.0000 1.0000 0.0000
vn 0.0000 1.0000 0.0000
vn 0.0000 1.0000 0.0000
vn 0.0000 1.0000 0.0000
vn 0.0000 1.0000 0.0000
vn 0.0000 1.0000 0.0000
vn 0.0000 1.0000 0.0000
vn 0.0000 1.0000 0.0000
vn 0.0000 1.0000 0.0000
vn 0.0000 1.0000 0.0000
vn 0.0000 1.0000 0.0000
vn 0.0000 1.0000 0.0000
vn 0.0000 1.0000 0.0000
vn 0.0000 1.0000 0.0000
vn 0.0000 1.0000 0.0000
vn 0.0000 1.0000 0.0000
vn 0.0000 1.0000 0.0000
vn 0.0000 1.0000 0.0000
vn 0.0000 1.0000 0.0000
vn 0.0000 1.0000 0.0000
vn 0.0000 1.0000 0.0000
vn 0.0000 1.0000 0.0000
vn 0.0000 1.0000 0.0000
vn 0.0000 1.0000 0.0000
vn 0.0000 1.0000 0.0000
vn 0.0000 1.0000 0.0000
vn 0.0000 1.0000 0.0000
vn 0.0000 1.0000 0.0000
vn 0.0000 1.0000 0.0000
vn 0.0000 1.0000 0.0000
vn 0.0000 1.0000 0.0000
vn 0.0000 1.0000 0.0000
vn 0.0000 1.0000 0.0000
vn 0.0000 1.0000 0.0000
vn 0.0000 1.0000 0.0000
vn 0.0000 1.0000 0.0000
vn 0.0000 1.0000 0.0000
vn 0.0000 1.0000 0.0000
vn 0.0000 1.0000 0.0000
vn 0.0000 1.0000 0.0000
vn 0.0000 1.0000 0.0000
vn 0.0000 1.0000 0.0000
vn 0.0000 1.0000 0.0000
vn 0.0000 1.0000 0.0000
vn 0.0000 1.0000 0.0000
vn 0.0000 1.0000 0.0000
vn 0.0000 1.0000 0.0000
vn 0.0000 1.0000 0.0000
vn 0.0000 1.0000 0.0000
vn 0.0000 1.0000 0.0000
vn 0.0000 1.0000 0.0000
vn 0.0000 1.0000 0.0000
vn 0.0000 1.0000 0.0000
vn 0.0000 1.0000 0.0000
vn 0.0000 1.0000 0.0000
vn 0.0000 1.0000 0.0000
vn 0.0000 1.0000 0.0000
vn 0.0000 1.0000 0.0000
vn 0.0000 1.0000 0.0000
vn 0.0000 1.0000 0.0000
vn 0.0000 1.0000 0.0000
vn 0.0000 1.0000 0.0000
vn 0.0000 1.0000 0.0000
vn 0.0000 1.0000 0.0000
vn 0.0000 1.0000 0.0000
vn 0.0000 1.0000 0.0000
vn 0.0000 1.0000 0.0000
vn 0.0000 1.0000 0.0000
vn 0.0000 1.0000 0.0000
vn 0.0000 1.0000 0.0000
vn 0.0000 1.0000 0.0000
vn 0.0000 1.0000 0.0000
vn 0.0000 1.0000 0.0000
vn 0.0000 1.0000 0.0000
vn 0.0000 1.0000 0.0000
vn 0.0000 1.0000 0.0000
vn 0.0000 1.0000 0.0000
vn 0.0000 1.0000 0.0000
vn 0.0000 1.0000 0.0000
vn 0.0000 1.0000 0.0000
vn 0.0000 1.0000 0.0000
vn 0.0000 1.0000 0.0000
vn 0.0000 1.0000 0.0000
vn 0.0000 1.0000 0.0000
vn 0.0000 1.0000 0.0000
vn 0.0000 1.0000 0.0000
vn 0.0000 1.0000 0.0000
vn 0.0000 1.0000 0.0000
vn 0.0000 1.0000 0.0000
vn 0.0000 1.0000 0.0000
vn 0.0000 1.0000 0.0000
vn 0.0000 1.0000 0.0000
vn 0.0000 1.0000 0.0000
vn 0.0000 1.0000 0.0000
vn 0.0000 1.0000 0.0000
vn 0.0000 1.0000 0.0000
vn 0.0000 1.0000 0.0000
vn 0.0000 1.0000 0.0000
vn 0.0000 1.0000 0.0000
vn 0.0000 1.0000 0.0000
vn 0.0000 1.0000 0.0000
vn 0.0000 1.0000 0.0000
vn 0.0000 1.0000 0.0000
vn 0.0000 1.0000 0.0000
vn 0.0000 1.0000 0.0000
vn 0.0000 1.0000 0.0000
vn 0.0000 1.0000 0.0000
vn 0.0000 1.0000 0.0000
vn 0.0000 1.0000 0.0000
vn 0.0000 1.0000 0.0000
vn 0.0000 1.0000 0.0000
vn 0.0000 1.0000 0.0000
vn 0.0000 1.0000 0.0000
vn 0.0000 1.0000 0.0000
vn 0.0000 1.0000 0.0000
vn 0.0000 1.0000 0.0000
vn 0.0000 1.0000 0.0000
vn 0.0000 1.0000 0.0000
vn 0.0000 1.0000 0.0000
vn 0.0000 1.0000 0.0000
vn 0.0000 1.0000 0.0000
vn 0.0000 1.0000 0.0000
vn 0.0000 1.0000 0.0000
vn 0.0000 1.0000 0.0000
vn 0.0000 1.0000 0.0000
vn 0.0000 1.0000 0.0000
vn 0.0000 1.0000 0.0000
vn 0.0000 1.0000 0.0000
vn 0.0000 1.0000 0.0000
vn 0.0000 1.0000 0.0000
vn 0.0000 1.0000 0.0000
vn 0.0000 1.0000 0.0000
vn 0.0000 1.0000 0.0000
vn 0.0000 1.0000 0.0000
vn 0.0000 1.0000 0.0000
vn 0.0000 1.0000 0.0000
vn 0.0000 1.0000 0.0000
vn 0.0000 1.0000 0.0000
vn 0.0000 1.0000 0.0000
vn 0.0000 1.0000 0.0000
vn 0.0000 1.0000 0.0000
vn 0.0000 1.0000 0.0000
vn 0.0000 1.0000 0.0000
vn 0.0000 1.0000 0.0000
vn 0.0000 1.0000 0.0000
vn 0.0000 1.0000 0.0000
vn 0.0000 1.0000 0.0000
vn 0.0000 1.0000 0.0000
vn 0.0000 1.0000 0.0000
vn 0.0000 1.0000 0.0000
vn 0.0000 1.0000 0.0000
vn 0.0000 1.0000 0.0000
vn 0.0000 1.0000 0.0000
vn 0.0000 1.0000 0.0000
vn 0.0000 1.0000 0.0000
vn 0.0000 1.0000 0.0000
vn 0.0000 1.0000 0.0000
vn 0.0000 1.0000 0.0000
vn 0.0000 1.0000 0.0000
vn 0.0000 1.0000 0.0000
vn 0.0000 1.0000 0.0000
vn 0.0000 1.0000 0.0000
vn 0.0000 1.0000 0.0000
vn 0.0000 1.0000 0.0000
vn 0.0000 1.0000 0.0000
vn 0.0000 1.0000 0.0000
vn 0.0000 1.0000 0.0000
vn 0.0000 1.0000 0.0000
vn 0.0000 1.0000 0.0000
vn 0.0000 1.0000 0.0000
vn 0.0000 1.0000 0.0000
vn 0.0000 1.0000 0.0000
vn 0.0000 1.0000 0.0000
vn 0.0000 1.0000 0.0000
vn 0.0000 1.0000 0.0000
vn 0.0000 1.0000 0.0000
vn 0.0000 1.0000 0.0000
vn 0.0000 1.0000 0.0000
vn 0.0000 1.0000 0.0000
vn 0.0000 1.0000 0.0000
vn 0.0000 1.0000 0.0000
vn 0.0000 1.0000 0.0000
vn 0.0000 1.0000 0.0000
vn 0.0000 1.0000 0.0000
vn 0.0000 1.0000 0.0000
vn 0.0000 1.0000 0.0000
vn 0.0000 1.0000 0.0000
vn 0.0000 1.0000 0.0000
vn 0.0000 1.0000 0.0000
vn 0.0000 1.0000 0.0000
vn 0.0000 1.0000 0.0000
vn 0.0000 1.0000 0.0000
vn 0.0000 1.0000 0.0000
vn 0.0000 1.0000 0.0000
vn 0.0000 1.0000 0.0000
vn 0.0000 1.0000 0.0000
vn 0.0000 1.0000 0.0000
vn 0.0000 1.0000 0.0000
vn 0.0000 1.0000 0.0000
vn 0.0000 1.0000 0.0000
vn 0.0000 1.0000 0.0000
vn 0.0000 1.0000 0.0000
vn 0.0000 1.0000 0.0000
vn 0.0000 1.0000 0.0000
vn 0.0000 1.0000 0.0000
vn 0.0000 1.0000 0.0000
vn 0.0000 1.0000 0.0000
vn 0.0000 1.0000 0.0000
vn 0.0000 1.0000 0.0000
vn 0.0000 1.0000 0.0000
vn 0.0000 1.0000 0.0000
vn 0.0000 1.0000 0.0000
vn 0.0000 1.0000 0.0000
vn 0.0000 1.0000 0.0000
vn 0.0000 1.0000 0.0000
vn 0.0000 1.0000 0.0000
vn 0.0000 1.0000 0.0000
vn 0.0000 1.0000 0.0000
vn 0.0000 1.0000 0.0000
vn 0.0000 1.0000 0.0000
vn 0.0000 1.0000 0.0000
vn 0.0000 1.0000 0.0000
vn 0.0000 1.0000 0.0000
vn 0.0000 1.0000 0.0000
vn 0.0000 1.0000 0.0000
vn 0.0000 1.0000 0.0000
vn 0.0000 1.0000 0.0000
vn 0.0000 1.0000 0.0000
vn 0.0000 1.0000 0.0000
vn 0.0000 1.0000 0.0000
vn 0.0000 1.0000 0.0000
vn 0.0000 1.0000 0.0000
vn 0.0000 1.0000 0.0000
vn 0.0000 1.0000 0.0000
vn 0.0000 1.0000 0.0000
vn 0.0000 1.0000 0.0000
vn 0.0000 1.0000 0.0000
vn 0.0000 1.0000 0.0000
vn 0.0000 1.0000 0.0000
vn 0.0000 1.0000 0.0000
vn 0.0000 1.0000 0.0000
vn 0.0000 1.0000 0.0000
vn 0.0000 1.0000 0.0000
vn 0.0000 1.0000 0.0000
vn 0.0000 1.0000 0.0000
vn 0.0000 1.0000 0.0000
vn 0.0000 1.0000 0.0000
vn 0.0000 1.0000 0.0000
vn 0.0000 1.0000 0.0000
vn 0.0000 1.0000 0.0000
vn 0.0000 1.0000 0.0000
vn 0.0000 1.0000 0.0000
vn 0.0000 1.0000 0.0000
vn 0.0000 1.0000 0.0000
vn 0.0000 1.0000 0.0000
vn 0.0000 1.0000 0.0000
vn 0.0000 1.0000 0.0000
vn 0.0000 1.0000 0.0000
vn 0.0000 1.0000 0.0000
vn 0.0000 1.0000 0.0000
vn 0.0000 1.0000 0.0000
vn 0.0000 1.0000 0.0000
vn 0.0000 1.0000 0.0000
vn 0.0000 1.0000 0.0000
vn 0.0000 1.0000 0.0000
vn 0.0000 1.0000 0.0000
vn 0.0000 1.0000 0.0000
vn 0.0000 1.0000 0.0000
vn 0.0000 1.0000 0.0000
vn 0.0000 1.0000 0.0000
vn 0.0000 1.0000 0.0000
vn 0.0000 1.0000 0.0000
vn 0.0000 1.0000 0.0000
vn 0.0000 1.0000 0.0000
vn 0.0000 1.0000 0.0000
vn 0.0000 1.0000 0.0000
vn 0.0000 1.0000 0.0000
vn 0.0000 1.0000 0.0000
vn 0.0000 1.0000 0.0000
vn 0.0000 1.0000 0.0000
vn 0.0000 1.0000 0.0000
vn 0.0000 1.0000 0.0000
vn 0.0000 1.0000 0.0000
vn 0.0000 1.0000 0.0000
vn 0.0000 1.0000 0.0000
vn 0.0000 1.0000 0.0000
vn 0.0000 1.0000 0.0000
vn 0.0000 1.0000 0.0000
vn 0.0000 1.0000 0.0000
vn 0.0000 1.0000 0.0000
vn 0.0000 1.0000 0.0000
vn 0.0000 1.0000 0.0000
vn 0.0000 1.0000 0.0000
vn 0.0000 1.0000 0.0000
vn 0.0000 1.0000 0.0000
vn 0.0000 1.0000 0.0000
vn 0.0000 1.0000 0.0000
vn 0.0000 1.0000 0.0000
vn 0.0000 1.0000 0.0000
vn 0.0000 1.0000 0.0000
vn 0.0000 1.0000 0.0000
vn 0.0000 1.0000 0.0000
vn 0.0000 1.0000 0.0000
vn 0.0000 1.0000 0.0000
vn 0.0000 1.0000 0.0000
vn 0.0000 1.0000 0.0000
vn 0.0000 1.0000 0.0000
vn 0.0000 1.0000 0.0000
vn 0.0000 1.0000 0.0000
vn 0.0000 1.0000 0.0000
vn 0.0000 1.0000 0.0000
vn 0.0000 1.0000 0.0000
vn 0.0000 1.0000 0.0000
vn 0.0000 1.0000 0.0000
vn 0.0000 1.0000 0.0000
vn 0.0000 1.0000 0.0000
vn 0.0000 1.0000 0.0000
vn 0.0000 1.0000 0.0000
vn 0.0000 1.0000 0.0000
vn 0.0000 1.0000 0.0000
vn 0.0000 1.0000 0.0000
vn 0.0000 1.0000 0.0000
vn 0.0000 1.0000 0.0000
vn 0.0000 1.0000 0.0000
vn 0.0000 1.0000 0.0000
vn 0.0000 1.0000 0.0000
vn 0.0000 1.0000 0.0000
vn 0.0000 1.0000 0.0000
vn 0.0000 1.0000 0.0000
vn 0.0000 1.0000 0.0000
vn 0.0000 1.0000 0.0000
vn 0.0000 1.0000 0.0000
vn 0.0000 1.0000 0.0000
vn 0.0000 1.0000 0.0000
vn 0.0000 1.0000 0.0000
vn 0.0000 1.0000 0.0000
vn 0.0000 1.0000 0.0000
vn 0.0000 1.0000 0.0000
vn 0.0000 1.0000 0.0000
vn 0.0000 1.0000 0.0000
vn 0.0000 1.0000 0.0000
vn 0.0000 1.0000 0.0000
vn 0.0000 1.0000 0.0000
vn 0.0000 1.0000 0.0000
vn 0.0000 1.0000 0.0000
vn 0.0000 1.0000 0.0000
vn 0.0000 1.0000 0.0000
vn 0.0000 1.0000 0.0000
vn 0.0000 1.0000 0.0000
vn 0.0000 1.0000 0.0000
vn 0.0000 1.0000 0.0000
vn 0.0000 1.0000 0.0000
vn 0.0000 1.0000 0.0000
vn 0.0000 1.0000 0.0000
vn 0.0000 1.0000 0.0000
vn 0.0000 1.0000 0.0000
vn 0.0000 1.0000 0.0000
vn 0.0000 1.0000 0.0000
vn 0.0000 1.0000 0.0000
vn 0.0000 1.0000 0.0000
vn 0.0000 1.0000 0.0000
vn 0.0000 1.0000 0.0000
vn 0.0000 1.0000 0.0000
vn 0.0000 1.0000 0.0000
vn 0.0000 1.0000 0.0000
vn 0.0000 1.0000 0.0000
vn 0.0000 1.0000 0.0000
vn 0.0000 1.0000 0.0000
vn 0.0000 1.0000 0.0000
vn 0.0000 1.0000 0.0000
vn 0.0000 1.0000 0.0000
vn 0.0000 1.0000 0.0000
vn 0.0000 1.0000 0.0000
vn 0.0000 1.0000 0.0000
vn 0.0000 1.0000 0.0000
vn 0.0000 1.0000 0.0000
vn 0.0000 1.0000 0.0000
vn 0.0000 1.0000 0.0000
vn 0.0000 1.0000 0.0000
vn 0.0000 1.0000 0.0000
vn 0.0000 1.0000 0.0000
vn 0.0000 1.0000 0.0000
vn 0.0000 1.0000 0.0000
vn 0.0000 1.0000 0.0000
vn 0.0000 1.0000 0.0000
vn 0.0000 1.0000 0.0000
vn 0.0000 1.0000 0.0000
vn 0.0000 1.0000 0.0000
vn 0.0000 1.0000 0.0000
vn 0.0000 1.0000 0.0000
vn 0.0000 1.0000 0.0000
vn 0.0000 1.0000 0.0000
vn 0.0000 1.0000 0.0000
vn 0.0000 1.0000 0.0000
vn 0.0000 1.0000 0.0000
vn 0.0000 1.0000 0.0000
vn 0.0000 1.0000 0.0000
vn 0.0000 1.0000 0.0000
vn 0.0000 1.0000 0.0000
vn 0.0000 1.0000 0.0000
vn 0.0000 1.0000 0.0000
vn 0.0000 1.0000 0.0000
vn 0.0000 1.0000 0.0000
vn 0.0000 1.0000 0.0000
vn 0.0000 1.0000 0.0000
vn 0.0000 1.0000 0.0000
vn 0.0000 1.0000 0.0000
vn 0.0000 1.0000 0.0000
vn 0.0000 1.0000 0.0000
vn 0.0000 1.0000 0.0000
vn 0.0000 1.0000 0.0000
vn 0.0000 1.0000 0.0000
vn 0.0000 1.0000 0.0000
vn 0.0000 1.0000 0.0000
vn 0.0000 1.0000 0.0000
vn 0.0000 1.0000 0.0000
vn 0.0000 1.0000 0.0000
vn 0.0000 1.0000 0.0000
vn 0.0000 1.0000 0.0000
vn 0.0000 1.0000 0.0000
vn 0.0000 1.0000 0.0000
vn 0.0000 1.0000 0.0000
vn 0.0000 1.0000 0.0000
vn 0.0000 1.0000 0.0000
vn 0.0000 1.0000 0.0000
vn 0.0000 1.0000 0.0000
vn 0.0000 1.0000 0.0000
vn 0.0000 1.0000 0.0000
vn 0.0000 1.0000 0.0000
vn 0.0000 1.0000 0.0000
vn 0.0000 1.0000 0.0000
vn 0.0000 1.0000 0.0000
vn 0.0000 1.0000 0.0000
vn 0.0000 1.0000 0.0000
vn 0.0000 1.0000 0.0000
vn 0.0000 1.0000 0.0000
vn 0.0000 1.0000 0.0000
vn 0.0000 1.0000 0.0000
vn 0.0000 1.0000 0.0000
vn 0.0000 1.0000 0.0000
vn 0.0000 1.0000 0.0000
vn 0.0000 1.0000 0.0000
vn 0.0000 1.0000 0.0000
vn 0.0000 1.0000 0.0000
vn 0.0000 1.0000 0.0000
vn 0.0000 1.0000 0.0000
vn 0.0000 1.0000 0.0000
vn 0.0000 1.0000 0.0000
vn 0.0000 1.0000 0.0000
vn 0.0000 1.0000 0.0000
vn 0.0000 1.0000 0.0000
vn 0.0000 1.0000 0.0000
vn 0.0000 1.0000 0.0000
vn 0.0000 1.0000 0.0000
vn 0.0000 1.0000 0.0000
vn 0.0000 1.0000 0.0000
vn 0.0000 1.0000 0.0000
vn 0.0000 1.0000 0.0000
vn 0.0000 1.0000 0.0000
vn 0.0000 1.0000 0.0000
vn 0.0000 1.0000 0.0000
vn 0.0000 1.0000 0.0000
vn 0.0000 1.0000 0.0000
vn 0.0000 1.0000 0.0000
vn 0.0000 1.0000 0.0000
vn 0.0000 1.0000 0.0000
vn 0.0000 1.0000 0.0000
vn 0.0000 1.0000 0.0000
vn 0.0000 1.0000 0.0000
vn 0.0000 1.0000 0.0000
vn 0.0000 1.0000 0.0000
vn 0.0000 1.0000 0.0000
vn 0.0000 1.0000 0.0000
vn 0.0000 1.0000 0.0000
vn 0.0000 1.0000 0.0000
vn 0.0000 1.0000 0.0000
vn 0.0000 1.0000 0.0000
vn 0.0000 1.0000 0.0000
vn 0.0000 1.0000 0.0000
vn 0.0000 1.0000 0.0000
vn 0.0000 1.0000 0.0000
vn 0.0000 1.0000 0.0000
vn 0.0000 1.0000 0.0000
vn 0.0000 1.0000 0.0000
vn 0.0000 1.0000 0.0000
vn 0.0000 1.0000 0.0000
vn 0.0000 1.0000 0.0000
vn 0.0000 1.0000 0.0000
vn 0.0000 1.0000 0.0000
vn 0.0000 1.0000 0.0000
vn 0.0000 1.0000 0.0000
vn 0.0000 1.0000 0.0000
vn 0.0000 1.0000 0.0000
vn 0.0000 1.0000 0.0000
vn 0.0000 1.0000 0.0000
vn 0.0000 1.0000 0.0000
vn 0.0000 1.0000 0.0000
vn 0.0000 1.0000 0.0000
vn 0.0000 1.0000 0.0000
vn 0.0000 1.0000 0.0000
vn 0.0000 1.0000 0.0000
vn 0.0000 1.0000 0.0000
vn 0.0000 1.0000 0.0000
vn 0.0000 1.0000 0.0000
vn 0.0000 1.0000 0.0000
vn 0.0000 1.0000 0.0000
vn 0.0000 1.0000 0.0000
vn 0.0000 1.0000 0.0000
vn 0.0000 1.0000 0.0000
vn 0.0000 1.0000 0.0000
vn 0.0000 1.0000 0.0000
vn 0.0000 1.0000 0.0000
vn 0.0000 1.0000 0.0000
vn 0.0000 1.0000 0.0000
vn 0.0000 1.0000 0.0000
vn 0.0000 1.0000 0.0000
vn 0.0000 1.0000 0.0000
vn 0.0000 1.0000 0.0000
vn 0.0000 1.0000 0.0000
vn 0.0000 1.0000 0.0000
vn 0.0000 1.0000 0.0000
vn 0.0000 1.0000 0.0000
vn 0.0000 1.0000 0.0000
vn 0.0000 1.0000 0.0000
vn 0.0000 1.0000 0.0000
vn 0.0000 1.0000 0.0000
vn 0.0000 1.0000 0.0000
vn 0.0000 1.0000 0.0000
vn 0.0000 1.0000 0.0000
vn 0.0000 1.0000 0.0000
vn 0.0000 1.0000 0.0000
vn 0.0000 1.0000 0.0000
vn 0.0000 1.0000 0.0000
vn 0.0000 1.0000 0.0000
vn 0.0000 1.0000 0.0000
vn 0.0000 1.0000 0.0000
vn 0.0000 1.0000 0.0000
vn 0.0000 1.0000 0.0000
vn 0.0000 1.0000 0.0000
vn 0.0000 1.0000 0.0000
vn 0.0000 1.0000 0.0000
vn 0.0000 1.0000 0.0000
vn 0.0000 1.0000 0.0000
vn 0.0000 1.0000 0.0000
vn 0.0000 1.0000 0.0000
vn 0.0000 1.0000 0.0000
vn 0.0000 1.0000 0.0000
vn 0.0000 1.0000 0.0000
vn 0.0000 1.0000 0.0000
vn 0.0000 1.0000 0.0000
vn 0.0000 1.0000 0.0000
vn 0.0000 1.0000 0.0000
vn 0.0000 1.0000 0.0000
vn 0.0000 1.0000 0.0000
vn 0.0000 1.0000 0.0000
vn 0.0000 1.0000 0.0000
vn 0.0000 1.0000 0.0000
vn 0.0000 1.0000 0.0000
vn 0.0000 1.0000 0.0000
vn 0.0000 1.0000 0.0000
vn 0.0000 1.0000 0.0000
vn 0.0000 1.0000 0.0000
vn 0.0000 1.0000 0.0000
vn 0.0000 1.0000 0.0000
vn 0.0000 1.0000 0.0000
vn 0.0000 1.0000 0.0000
vn 0.0000 1.0000 0.0000
vn 0.0000 1.0000 0.0000
vn 0.0000 1.0000 0.0000
vn 0.0000 1.0000 0.0000
vn 0.0000 1.0000 0.0000
vn 0.0000 1.0000 0.0000
vn 0.0000 1.0000 0.0000
vn 0.0000 1.0000 0.0000
vn 0.0000 1.0000 0.0000
vn 0.0000 1.0000 0.0000
vn 0.0000 1.0000 0.0000
vn 0.0000 1.0000 0.0000
vn 0.0000 1.0000 0.0000
vn 0.0000 1.0000 0.0000
vn 0.0000 1.0000 0.0000
vn 0.0000 1.0000 0.0000
vn 0.0000 1.0000 0.0000
vn 0.0000 1.0000 0.0000
vn 0.0000 1.0000 0.0000
vn 0.0000 1.0000 0.0000
vn 0.0000 1.0000 0.0000
vn 0.0000 1.0000 0.0000
vn 0.0000 1.0000 0.0000
vn 0.0000 1.0000 0.0000
vn 0.0000 1.0000 0.0000
vn 0.0000 1.0000 0.0000
vn 0.0000 1.0000 0.0000
vn 0.0000 1.0000 0.0000
vn 0.0000 1.0000 0.0000
vn 0.0000 1.0000 0.0000
vn 0.0000 1.0000 0.0000
vn 0.0000 1.0000 0.0000
vn 0.0000 1.0000 0.0000
vn 0.0000 1.0000 0.0000
vn 0.0000 1.0000 0.0000
vn 0.0000 1.0000 0.0000
vn 0.0000 1.0000 0.0000
vn 0.0000 1.0000 0.0000
vn 0.0000 1.0000 0.0000
vn 0.0000 1.0000 0.0000
vn 0.0000 1.0000 0.0000
vn 0.0000 1.0000 0.0000
vn 0.0000 1.0000 0.0000
vn 0.0000 1.0000 0.0000
vn 0.0000 1.0000 0.0000
vn 0.0000 1.0000 0.0000
vn 0.0000 1.0000 0.0000
vn 0.0000 1.0000 0.0000
vn 0.0000 1.0000 0.0000
vn 0.0000 1.0000 0.0000
vn 0.0000 1.0000 0.0000
vn 0.0000 1.0000 0.0000
vn 0.0000 1.0000 0.0000
vn 0.0000 1.0000 0.0000
vn 0.0000 1.0000 0.0000
vn 0.0000 1.0000 0.0000
vn 0.0000 1.0000 0.0000
vn 0.0000 1.0000 0.0000
vn 0.0000 1.0000 0.0000
vn 0.0000 1.0000 0.0000
vn 0.0000 1.0000 0.0000
vn 0.0000 1.0000 0.0000
vn 0.0000 1.0000 0.0000
vn 0.0000 1.0000 0.0000
vn 0.0000 1.0000 0.0000
vn 0.0000 1.0000 0.0000
vn 0.0000 1.0000 0.0000
vn 0.0000 1.0000 0.0000
vn 0.0000 1.0000 0.0000
vn 0.0000 1.0000 0.0000
vn 0.0000 1.0000 0.0000
vn 0.0000 1.0000 0.0000
vn 0.0000 1.0000 0.0000
vn 0.0000 1.0000 0.0000
vn 0.0000 1.0000 0.0000
vn 0.0000 1.0000 0.0000
vn 0.0000 1.0000 0.0000
vn 0.0000 1.0000 0.0000
vn 0.0000 1.0000 0.0000
vn 0.0000 1.0000 0.0000
vn 0.0000 1.0000 0.0000
vn 0.0000 1.0000 0.0000
vn 0.0000 1.0000 0.0000
vn 0.0000 1.0000 0.0000
vn 0.0000 1.0000 0.0000
vn 0.0000 1.0000 0.0000
vn 0.0000 1.0000 0.0000
vn 0.0000 1.0000 0.0000
vn 0.0000 1.0000 0.0000
vn 0.0000 1.0000 0.0000
vn 0.0000 1.0000 0.0000
vn 0.0000 1.0000 0.0000
vn 0.0000 1.0000 0.0000
vn 0.0000 1.0000 0.0000
vn 0.0000 1.0000 0.0000
vn 0.0000 1.0000 0.0000
vn 0.0000 1.0000 0.0000
vn 0.0000 1.0000 0.0000
vn 0.0000 1.0000 0.0000
vn 0.0000 1.0000 0.0000
vn 0.0000 1.0000 0.0000
vn 0.0000 1.0000 0.0000
vn 0.0000 1.0000 0.0000
vn 0.0000 1.0000 0.0000
vn 0.0000 1.0000 0.0000
vn 0.0000 1.0000 0.0000
vn 0.0000 1.0000 0.0000
vn 0.0000 1.0000 0.0000
vn 0.0000 1.0000 0.0000
vn 0.0000 1.0000 0.0000
vn 0.0000 1.0000 0.0000
vn 0.0000 1.0000 0.0000
vn 0.0000 1.0000 0.0000
vn 0.0000 1.0000 0.0000
vn 0.0000 1.0000 0.0000
vn 0.0000 1.0000 0.0000
vn 0.0000 1.0000 0.0000
vn 0.0000 1.0000 0.0000
vn 0.0000 1.0000 0.0000
vn 0.0000 1.0000 0.0000
vn 0.0000 1.0000 0.0000
vn 0.0000 1.0000 0.0000
vn 0.0000 1.0000 0.0000
vn 0.0000 1.0000 0.0000
vn 0.0000 1.0000 0.0000
vn 0.0000 1.0000 0.0000
vn 0.0000 1.0000 0.0000
vn 0.0000 1.0000 0.0000
vn 0.0000 1.0000 0.0000
vn 0.0000 1.0000 0.0000
vn 0.0000 1.0000 0.0000
vn 0.0000 1.0000 0.0000
vn 0.0000 1.0000 0.0000
vn 0.0000 1.0000 0.0000
vn 0.0000 1.0000 0.0000
vn 0.0000 1.0000 0.0000
vn 0.0000 1.0000 0.0000
vn 0.0000 1.0000 0.0000
vn 0.0000 1.0000 0.0000
vn 0.0000 1.0000 0.0000
vn 0.0000 1.0000 0.0000
vn 0.0000 1.0000 0.0000
vn 0.0000 1.0000 0.0000
vn 0.0000 1.0000 0.0000
vn 0.0000 1.0000 0.0000
vn 0.0000 1.0000 0.0000
vn 0.0000 1.0000 0.0000
vn 0.0000 1.0000 0.0000
vn 0.0000 1.0000 0.0000
vn 0.0000 1.0000 0.0000
vn 0.0000 1.0000 0.0000
vn 0.0000 1.0000 0.0000
vn 0.0000 1.0000 0.0000
vn 0.0000 1.0000 0.0000
vn 0.0000 1.0000 0.0000
vn 0.0000 1.0000 0.0000
vn 0.0000 1.0000 0.0000
vn 0.0000 1.0000 0.0000
vn 0.0000 1.0000 0.0000
vn 0.0000 1.0000 0.0000
vn 0.0000 1.0000 0.0000
vn 0.0000 1.0000 0.0000
vn 0.0000 1.0000 0.0000
vn 0.0000 1.0000 0.0000
vn 0.0000 1.0000 0.0000
vn 0.0000 1.0000 0.0000
vn 0.0000 1.0000 0.0000
vn 0.0000 1.0000 0.0000
vn 0.0000 1.0000 0.0000
vn 0.0000 1.0000 0.0000
vn 0.0000 1.0000 0.0000
vn 0.0000 1.0000 0.0000
vn 0.0000 1.0000 0.0000
vn 0.0000 1.0000 0.0000
vn 0.0000 1.0000 0.0000
vn 0.0000 1.0000 0.0000
vn 0.0000 1.0000 0.0000
vn 0.0000 1.0000 0.0000
vn 0.0000 1.0000 0.0000
vn 0.0000 1.0000 0.0000
vn 0.0000 1.0000 0.0000
vn 0.0000 1.0000 0.0000
vn 0.0000 1.0000 0.0000
vn 0.0000 1.0000 0.0000
vn 0.0000 1.0000 0.0000
vn 0.0000 1.0000 0.0000
vn 0.0000 1.0000 0.0000
vn 0.0000 1.0000 0.0000
vn 0.0000 1.0000 0.0000
vn 0.0000 1.0000 0.0000
vn 0.0000 1.0000 0.0000
vn 0.0000 1.0000 0.0000
vn 0.0000 1.0000 0.0000
vn 0.0000 1.0000 0.0000
vn 0.0000 1.0000 0.0000
vn 0.0000 1.0000 0.0000
vn 0.0000 1.0000 0.0000
vn 0.0000 1.0000 0.0000
vn 0.0000 1.0000 0.0000
vn 0.0000 1.0000 0.0000
vn 0.0000 1.0000 0.0000
vn 0.0000 1.0000 0.0000
vn 0.0000 1.0000 0.0000
vn 0.0000 1.0000 0.0000
vn 0.0000 1.0000 0.0000
vn 0.0000 1.0000 0.0000
vn 0.0000 1.0000 0.0000
vn 0.0000 1.0000 0.0000
vn 0.0000 1.0000 0.0000
vn 0.0000 1.0000 0.0000
vn 0.0000 1.0000 0.0000
vn 0.0000 1.0000 0.0000
vn 0.0000 1.0000 0.0000
vn 0.0000 1.0000 0.0000
vn 0.0000 1.0000 0.0000
vn 0.0000 1.0000 0.0000
vn 0.0000 1.0000 0.0000
vn 0.0000 1.0000 0.0000
vn 0.0000 1.0000 0.0000
vn 0.0000 1.0000 0.0000
vn 0.0000 1.0000 0.0000
vn 0.0000 1.0000 0.0000
vn 0.0000 1.0000 0.0000
vn 0.0000 1.0000 0.0000
vn 0.0000 1.0000 0.0000
vn 0.0000 1.0000 0.0000
vn 0.0000 1.0000 0.0000
vn 0.0000 1.0000 0.0000
vn 0.0000 1.0000 0.0000
vn 0.0000 1.0000 0.0000
vn 0.0000 1.0000 0.0000
vn 0.0000 1.0000 0.0000
vn 0.0000 1.0000 0.0000
vn 0.0000 1.0000 0.0000
vn 0.0000 1.0000 0.0000
vn 0.0000 1.0000 0.0000
vn 0.0000 1.0000 0.0000
vn 0.0000 1.0000 0.0000
vn 0.0000 1.0000 0.0000
vn 0.0000 1.0000 0.0000
vn 0.0000 1.0000 0.0000
vn 0.0000 1.0000 0.0000
vn 0.0000 1.0000 0.0000
vn 0.0000 1.0000 0.0000
vn 0.0000 1.0000 0.0000
vn 0.0000 1.0000 0.0000
vn 0.0000 1.0000 0.0000
vn 0.0000 1.0000 0.0000
vn 0.0000 1.0000 0.0000
vn 0.0000 1.0000 0.0000
vn 0.0000 1.0000 0.0000
vn 0.0000 1.0000 0.0000
vn 0.0000 1.0000 0.0000
vn 0.0000 1.0000 0.0000
vn 0.0000 1.0000 0.0000
vn 0.0000 1.0000 0.0000
vn 0.0000 1.0000 0.0000
vn 0.0000 1.0000 0.0000
vn 0.0000 1.0000 0.0000
vn 0.0000 1.0000 0.0000
vn 0.0000 1.0000 0.0000
vn 0.0000 1.0000 0.0000
vn 0.0000 1.0000 0.0000
vn 0.0000 1.0000 0.0000
vn 0.0000 1.0000 0.0000
vn 0.0000 1.0000 0.0000
vn 0.0000 1.0000 0.0000
vn 0.0000 1.0000 0.0000
vn 0.0000 1.0000 0.0000
vn 0.0000 1.0000 0.0000
vn 0.0000 1.0000 0.0000
vn 0.0000 1.0000 0.0000
vn 0.0000 1.0000 0.0000
vn 0.0000 1.0000 0.0000
vn 0.0000 1.0000 0.0000
vn 0.0000 1.0000 0.0000
vn 0.0000 1.0000 0.0000
vn 0.0000 1.0000 0.0000
vn 0.0000 1.0000 0.0000
vn 0.0000 1.0000 0.0000
vn 0.0000 1.0000 0.0000
vn 0.0000 1.0000 0.0000
vn 0.0000 1.0000 0.0000
vn 0.0000 1.0000 0.0000
vn 0.0000 1.0000 0.0000
vn 0.0000 1.0000 0.0000
vn 0.0000 1.0000 0.0000
vn 0.0000 1.0000 0.0000
vn 0.0000 1.0000 0.0000
vn 0.0000 1.0000 0.0000
vn 0.0000 1.0000 0.0000
vn 0.0000 1.0000 0.0000
vn 0.0000 1.0000 0.0000
vn 0.0000 1.0000 0.0000
vn 0.0000 1.0000 0.0000
vn 0.0000 1.0000 0.0000
vn 0.0000 1.0000 0.0000
vn 0.0000 1.0000 0.0000
vn 0.0000 1.0000 0.0000
vn 0.0000 1.0000 0.0000
vn 0.0000 1.0000 0.0000
vn 0.0000 1.0000 0.0000
vn 0.0000 1.0000 0.0000
vn 0.0000 1.0000 0.0000
vn 0.0000 1.0000 0.0000
vn 0.0000 1.0000 0.0000
vn 0.0000 1.0000 0.0000
vn 0.0000 1.0000 0.0000
vn 0.0000 1.0000 0.0000
vn 0.0000 1.0000 0.0000
vn 0.0000 1.0000 0.0000
vn 0.0000 1.0000 0.0000
vn 0.0000 1.0000 0.0000
vn 0.0000 1.0000 0.0000
vn 0.0000 1.0000 0.0000
vn 0.0000 1.0000 0.0000
vn 0.0000 1.0000 0.0000
vn 0.0000 1.0000 0.0000
vn 0.0000 1.0000 0.0000
vn 0.0000 1.0000 0.0000
f 1 2 3
f 4 5 6
f 7 8 9
f 10 11 12
f 13 14 15
f 16 17 18
f 19 20 21
f 22 23 24
f 25 26 27
f 28 29 30
f 31 32 33
f 34 35 36
f 37 38 39
f 40 41 42
f 43 44 45
f 46 47 48
f 49 50 51
f 52 53 54
f 55 56 57
f 58 59 60
f 61 62 63
f 64 65 66
f 67 68 69
f 70 71 72
f 73 74 75
f 76 77 78
f 79 80 81
f 82 83 84
f 85 86 87
f 88 89 90
f 91 92 93
f 94 95 96
f 97 98 99
f 100 101 102
f 103 104 105
f 106 107 108
f 109 110 111
f 112 113 114
f 115 116 117
f 118 119 120
f 121 122 123
f 124 125 126
f 127 128 129
f 130 131 132
f 133 134 135
f 136 137 138
f 139 140 141
f 142 143 144
f 145 146 147
f 148 149 150
f 151 152 153
f 154 155 156
f 157 158 159
f 160 161 162
f 163 164 165
f 166 167 168
f 169 170 171
f 172 173 174
f 175 176 177
f 178 179 180
f 181 182 183
f 184 185 186
f 187 188 189
f 190 191 192
f 193 194 195
f 196 197 198
f 199 200 201
f 202 203 204
f 205 206 207
f 208 209 210
f 211 212 213
f 214 215 216
f 217 218 219
f 220 221 222
f 223 224 225
f 226 227 228
f 229 230 231
f 232 233 234
f 235 236 237
f 238 239 240
f 241 242 243
f 244 245 246
f 247 248 249
f 250 251 252
f 253 254 255
f 256 257 258
f 259 260 261
f 262 263 264
f 265 266 267
f 268 269 270
f 271 272 273
f 274 275 276
f 277 278 279
f 280 281 282
f 283 284 285
f 286 287 288
f 289 290 291
f 292 293 294
f 295 296 297
f 298 299 300
f 301 302 303
f 304 305 306
f 307 308 309
f 310 311 312
f 313 314 315
f 316 317 318
f 319 320 321
f 322 323 324
f 325 326 327
f 328 329 330
f 331 332 333
f 334 335 336
f 337 338 339
f 340 341 342
f 343 344 345
f 346 347 348
f 349 350 351
f 352 353 354
f 355 356 357
f 358 359 360
f 361 362 363
f 364 365 366
f 367 368 369
f 370 371 372
f 373 374 375
f 376 377 378
f 379 380 381
f 382 383 384
f 385 386 387
f 388 389 390
f 391 392 393
f 394 395 396
f 397 398 399
f 400 401 402
f 403 404 405
f 406 407 408
f 409 410 411
f 412 413 414
f 415 416 417
f 418 419 420
f 421 422 423
f 424 425 426
f 427 428 429
f 430 431 432
f 433 434 435
f 436 437 438
f 439 440 441
f 442 443 444
f 445 446 447
f 448 449 450
f 451 452 453
f 454 455 456
f 457 458 459
f 460 461 462
f 463 464 465
f 466 467 468
f 469 470 471
f 472 473 474
f 475 476 477
f 478 479 480
f 481 482 483
f 484 485 486
f 487 488 489
f 490 491 492
f 493 494 495
f 496 497 498
f 499 500 501
f 502 503 504
f 505 506 507
f 508 509 510
f 511 512 513
f 514 515 516
f 517 518 519
f 520 521 522
f 523 524 525
f 526 527 528
f 529 530 531
f 532 533 534
f 535 536 537
f 538 539 540
f 541 542 543
f 544 545 546
f 547 548 549
f 550 551 552
f 553 554 555
f 556 557 558
f 559 560 561
f 562 563 564
f 565 566 567
f 568 569 570
f 571 572 573
f 574 575 576
f 577 578 579
f 580 581 582
f 583 584 585
f 586 587 588
f 589 590 591
f 592 593 594
f 595 596 597
f 598 599 600
f 601 602 603
f 604 605 606
f 607 608 609
f 610 611 612
f 613 614 615
f 616 617 618
f 619 620 621
f 622 623 624
f 625 626 627
f 628 629 630
f 631 632 633
f 634 635 636
f 637 638 639
f 640 641 642
f 643 644 645
f 646 647 648
f 649 650 651
f 652 653 654
f 655 656 657
f 658 659 660
f 661 662 663
f 664 665 666
f 667 668 669
f 670 671 672
f 673 674 675
f 676 677 678
f 679 680 681
f 682 683 684
f 685 686 687
f 688 689 690
f 691 692 693
f 694 695 696
f 697 698 699
f 700 701 702
f 703 704 705
f 706 707 708
f 709 710 711
f 712 713 714
f 715 716 717
f 718 719 720
f 721 722 723
f 724 725 726
f 727 728 729
f 730 731 732
f 733 734 735
f 736 737 738
f 739 740 741
f 742 743 744
f 745 746 747
f 748 749 750
f 751 752 753
f 754 755 756
f 757 758 759
f 760 761 762
f 763 764 765
f 766 767 768
f 769 770 771
f 772 773 774
f 775 776 777
f 778 779 780
f 781 782 783
f 784 785 786
f 787 788 789
f 790 791 792
f 793 794 795
f 796 797 798
f 799 800 801
f 802 803 804
f 805 806 807
f 808 809 810
f 811 812 813
f 814 815 816
f 817 818 819
f 820 821 822
f 823 824 825
f 826 827 828
f 829 830 831
f 832 833 834
f 835 836 837
f 838 839 840
f 841 842 843
f 844 845 846
f 847 848 849
f 850 851 852
f 853 854 855
f 856 857 858
f 859 860 861
f 862 863 864
f 865 866 867
f 868 869 870
f 871 872 873
f 874 875 876
f 877 878 879
f 880 881 882
f 883 884 885
f 886 887 888
f 889 890 891
f 892 893 894
f 895 896 897
f 898 899 900
f 901 902 903
f 904 905 906
f 907 908 909
f 910 911 912
f 913 914 915
f 916 917 918
f 919 920 921
f 922 923 924
f 925 926 927
f 928 929 930
f 931 932 933
f 934 935 936
f 937 938 939
f 940 941 942
f 943 944 945
f 946 947 948
f 949 950 951
f 952 953 954
f 955 956 957
f 958 959 960
f 961 962 963
f 964 965 966
f 967 968 969
f 970 971 972
f 973 974 975
f 976 977 978
f 979 980 981
f 982 983 984
f 985 986 987
f 988 989 990
f 991 992 993
f 994 995 996
f 997 998 999
f 1000 1001 1002
f 1003 1004 1005
f 1006 1007 1008
f 1009 1010 1011
f 1012 1013 1014
f 1015 1016 1017
f 1018 1019 1020
f 1021 1022 1023
f 1024 1025 1026
f 1027 1028 1029
f 1030 1031 1032
f 1033 1034 1035
f 1036 1037 1038
f 1039 1040 1041
f 1042 1043 1044
f 1045 1046 1047
f 1048 1049 1050
f 1051 1052 1053
f 1054 1055 1056
f 1057 1058 1059
f 1060 1061 1062
f 1063 1064 1065
f 1066 1067 1068
f 1069 1070 1071
f 1072 1073 1074
f 1075 1076 1077
f 1078 1079 1080
f 1081 1082 1083
f 1084 1085 1086
f 1087 1088 1089
f 1090 1091 1092
f 1093 1094 1095
f 1096 1097 1098
f 1099 1100 1101
f 1102 1103 1104
f 1105 1106 1107
f 1108 1109 1110
f 1111 1112 1113
f 1114 1115 1116
f 1117 1118 1119
f 1120 1121 1122
f 1123 1124 1125
f 1126 1127 1128
f 1129 1130 1131
f 1132 1133 1134
f 1135 1136 1137
f 1138 1139 1140
f 1141 1142 1143
f 1144 1145 1146
f 1147 1148 1149
f 1150 1151 1152
f 1153 1154 1155
f 1156 1157 1158
f 1159 1160 1161
f 1162 1163 1164
f 1165 1166 1167
f 1168 1169 1170
f 1171 1172 1173
f 1174 1175 1176
f 1177 1178 1179
f 1180 1181 1182
f 1183 1184 1185
f 1186 1187 1188
f 1189 1190 1191
f 1192 1193 1194
f 1195 1196 1197
f 1198 1199 1200
f 1201 1202 1203
f 1204 1205 1206
f 1207 1208 1209
f 1210 1211 1212
f 1213 1214 1215
f 1216 1217 1218
f 1219 1220 1221
f 1222 1223 1224
f 1225 1226 1227
f 1228 1229 1230
f 1231 1232 1233
f 1234 1235 1236
f 1237 1238 1239
f 1240 1241 1242
f 1243 1244 1245
f 1246 1247 1248
f 1249 1250 1251
f 1252 1253 1254
f 1255 1256 1257
f 1258 1259 1260
f 1261 1262 1263
f 1264 1265 1266
f 1267 1268 1269
f 1270 1271 1272
f 1273 1274 1275
f 1276 1277 1278
f 1279 1280 1281
f 1282 1283 1284
f 1285 1286 1287
f 1288 1289 1290
f 1291 1292 1293
f 1294 1295 1296
f 1297 1298 1299
f 1300 1301 1302
f 1303 1304 1305
f 1306 1307 1308
f 1309 1310 1311
f 1312 1313 1314
f 1315 1316 1317
f 1318 1319 1320
f 1321 1322 1323
f 1324 1325 1326
f 1327 1328 1329
f 1330 1331 1332
f 1333 1334 1335
f 1336 1337 1338
f 1339 1340 1341
f 1342 1343 1344
f 1345 1346 1347
f 1348 1349 1350
f 1351 1352 1353
f 1354 1355 1356
f 1357 1358 1359
f 1360 1361 1362
f 1363 1364 1365
f 1366 1367 1368
f 1369 1370 1371
f 1372 1373 1374
f 1375 1376 1377
f 1378 1379 1380
f 1381 1382 1383
f 1384 1385 1386
f 1387 1388 1389
f 1390 1391 1392
f 1393 1394 1395
f 1396 1397 1398
f 1399 1400 1401
f 1402 1403 1404
f 1405 1406 1407
f 1408 1409 1410
f 1411 1412 1413
f 1414 1415 1416
f 1417 1418 1419
f 1420 1421 1422
f 1423 1424 1425
f 1426 1427 1428
f 1429 1430 1431
f 1432 1433 1434
f 1435 1436 1437
f 1438 1439 1440
f 1441 1442 1443
f 1444 1445 1446
f 1447 1448 1449
f 1450 1451 1452
f 1453 1454 1455
f 1456 1457 1458
f 1459 1460 1461
f 1462 1463 1464
f 1465 1466 1467
f 1468 1469 1470
f 1471 1472 1473
f 1474 1475 1476
f 1477 1478 1479
f 1480 1481 1482
f 1483 1484 1485
f 1486 1487 1488
f 1489 1490 1491
f 1492 1493 1494
f 1495 1496 1497
f 1498 1499 1500
f 1501 1502 1503
f 1504 1505 1506
f 1507 1508 1509
f 1510 1511 1512
f 1513 1514 1515
f 1516 1517 1518
f 1519 1520 1521
f 1522 1523 1524
f 1525 1526 1527
f 1528 1529 1530
f 1531 1532 1533
f 1534 1535 1536
f 1537 1538 1539
f 1540 1541 1542
f 1543 1544 1545
f 1546 1547 1548
f 1549 1550 1551
f 1552 1553 1554
f 1555 1556 1557
f 1558 1559 1560
f 1561 1562 1563
f 1564 1565 1566
f 1567 1568 1569
f 1570 1571 1572
f 1573 1574 1575
f 1576 1577 1578
f 1579 1580 1581
f 1582 1583 1584
f 1585 1586 1587
f 1588 1589 1590
f 1591 1592 1593
f 1594 1595 1596
f 1597 1598 1599
f 1600 1601 1602
f 1603 1604 1605
f 1606 1607 1608
f 1609 1610 1611
f 1612 1613 1614
f 1615 1616 1617
f 1618 1619 1620
f 1621 1622 1623
f 1624 1625 1626
f 1627 1628 1629
f 1630 1631 1632
f 1633 1634 1635
f 1636 1637 1638
f 1639 1640 1641
f 1642 1643 1644
f 1645 1646 1647
f 1648 1649 1650
f 1651 1652 1653
f 1654 1655 1656
f 1657 1658 1659
f 1660 1661 1662
f 1663 1664 1665
f 1666 1667 1668
f 1669 1670 1671
f 1672 1673 1674
f 1675 1676 1677
f 1678 1679 1680
f 1681 1682 1683
f 1684 1685 1686
f 1687 1688 1689
f 1690 1691 1692
f 1693 1694 1695
f 1696 1697 1698
f 1699 1700 1701
f 1702 1703 1704
f 1705 1706 1707
f 1708 1709 1710
f 1711 1712 1713
f 1714 1715 1716
f 1717 1718 1719
f 1720 1721 1722
f 1723 1724 1725
f 1726 1727 1728
f 1729 1730 1731
f 1732 1733 1734
f 1735 1736 1737
f 1738 1739 1740
f 1741 1742 1743
f 1744 1745 1746
f 1747 1748 1749
f 1750 1751 1752
f 1753 1754 1755
f 1756 1757 1758
f 1759 1760 1761
f 1762 1763 1764
f 1765 1766 1767
f 1768 1769 1770
f 1771 1772 1773
f 1774 1775 1776
f 1777 1778 1779
f 1780 1781 1782
f 1783 1784 1785
f 1786 1787 1788
f 1789 1790 1791
f 1792 1793 1794
f 1795 1796 1797
f 1798 1799 1800
f 1801 1802 1803
f 1804 1805 1806
f 1807 1808 1809
f 1810 1811 1812
f 1813 1814 1815
f 1816 1817 1818
f 1819 1820 1821
f 1822 1823 1824
f 1825 1826 1827
f 1828 1829 1830
f 1831 1832 1833
f 1834 1835 1836
f 1837 1838 1839
f 1840 1841 1842
f 1843 1844 1845
f 1846 1847 1848
f 1849 1850 1851
f 1852 1853 1854
f 1855 1856 1857
f 1858 1859 1860
f 1861 1862 1863
f 1864 1865 1866
f 1867 1868 1869
f 1870 1871 1872
f 1873 1874 1875
f 1876 1877 1878
f 1879 1880 1881
f 1882 1883 1884
f 1885 1886 1887
f 1888 1889 1890
f 1891 1892 1893
f 1894 1895 1896
f 1897 1898 1899
f 1900 1901 1902
f 1903 1904 1905
f 1906 1907 1908
f 1909 1910 1911
f 1912 1913 1914
f 1915 1916 1917
f 1918 1919 1920
f 1921 1922 1923
f 1924 1925 1926
f 1927 1928 1929
f 1930 1931 1932
f 1933 1934 1935
f 1936 1937 1938
f 1939 1940 1941
f 1942 1943 1944
f 1945 1946 1947
f 1948 1949 1950
f 1951 1952 1953
f 1954 1955 1956
f 1957 1958 1959
f 1960 1961 1962
f 1963 1964 1965
f 1966 1967 1968
f 1969 1970 1971
f 1972 1973 1974
f 1975 1976 1977
f 1978 1979 1980
f 1981 1982 1983
f 1984 1985 1986
f 1987 1988 1989
f 1990 1991 1992
f 1993 1994 1995
f 1996 1997 1998
f 1999 2000 2001
f 2002 2003 2004
f 2005 2006 2007
f 2008 2009 2010
f 2011 2012 2013
f 2014 2015 2016
f 2017 2018 2019
f 2020 2021 2022
f 2023 2024 2025
f 2026 2027 2028
f 2029 2030 2031
f 2032 2033 2034
f 2035 2036 2037
f 2038 2039 2040
f 2041 2042 2043
f 2044 2045 2046
f 2047 2048 2049
f 2050 2051 2052
f 2053 2054 2055
f 2056 2057 2058
f 2059 2060 2061
f 2062 2063 2064
f 2065 2066 2067
f 2068 2069 2070
f 2071 2072 2073
f 2074 2075 2076
f 2077 2078 2079
f 2080 2081 2082
f 2083 2084 2085
f 2086 2087 2088
f 2089 2090 2091
f 2092 2093 2094
f 2095 2096 2097
f 2098 2099 2100
f 2101 2102 2103
f 2104 2105 2106
f 2107 2108 2109
f 2110 2111 2112
f 2113 2114 2115
f 2116 2117 2118
f 2119 2120 2121
f 2122 2123 2124
f 2125 2126 2127
f 2128 2129 2130
f 2131 2132 2133
f 2134 2135 2136
f 2137 2138 2139
f 2140 2141 2142
f 2143 2144 2145
f 2146 2147 2148
f 2149 2150 2151
f 2152 2153 2154
f 2155 2156 2157
f 2158 2159 2160
f 2161 2162 2163
f 2164 2165 2166
f 2167 2168 2169
f 2170 2171 2172
f 2173 2174 2175
f 2176 2177 2178
f 2179 2180 2181
f 2182 2183 2184
f 2185 2186 2187
f 2188 2189 2190
f 2191 2192 2193
f 2194 2195 2196
f 2197 2198 2199
f 2200 2201 2202
f 2203 2204 2205
f 2206 2207 2208
f 2209 2210 2211
f 2212 2213 2214
f 2215 2216 2217
f 2218 2219 2220
f 2221 2222 2223
f 2224 2225 2226
f 2227 2228 2229
f 2230 2231 2232
f 2233 2234 2235
f 2236 2237 2238
f 2239 2240 2241
f 2242 2243 2244
f 2245 2246 2247
f 2248 2249 2250
f 2251 2252 2253
f 2254 2255 2256
f 2257 2258 2259
f 2260 2261 2262
f 2263 2264 2265
f 2266 2267 2268
f 2269 2270 2271
f 2272 2273 2274
f 2275 2276 2277
f 2278 2279 2280
f 2281 2282 2283
f 2284 2285 2286
f 2287 2288 2289
f 2290 2291 2292
f 2293 2294 2295
f 2296 2297 2298
f 2299 2300 2301
f 2302 2303 2304
f 2305 2306 2307
f 2308 2309 2310
f 2311 2312 2313
f 2314 2315 2316
f 2317 2318 2319
f 2320 2321 2322
f 2323 2324 2325
f 2326 2327 2328
f 2329 2330 2331
f 2332 2333 2334
f 2335 2336 2337
f 2338 2339 2340
f 2341 2342 2343
f 2344 2345 2346
f 2347 2348 2349
f 2350 2351 2352
f 2353 2354 2355
f 2356 2357 2358
f 2359 2360 2361
f 2362 2363 2364
f 2365 2366 2367
f 2368 2369 2370
f 2371 2372 2373
f 2374 2375 2376
f 2377 2378 2379
f 2380 2381 2382
f 2383 2384 2385
f 2386 2387 2388
f 2389 2390 2391
f 2392 2393 2394
f 2395 2396 2397
f 2398 2399 2400
f 2401 2402 2403
f 2404 2405 2406
f 2407 2408 2409
f 2410 2411 2412
f 2413 2414 2415
f 2416 2417 2418
f 2419 2420 2421
f 2422 2423 2424
f 2425 2426 2427
f 2428 2429 2430
f 2431 2432 2433
f 2434 2435 2436
f 2437 2438 2439
f 2440 2441 2442
f 2443 2444 2445
f 2446 2447 2448
f 2449 2450 2451
f 2452 2453 2454
f 2455 2456 2457
f 2458 2459 2460
f 2461 2462 2463
f 2464 2465 2466
f 2467 2468 2469
f 2470 2471 2472
f 2473 2474 2475
f 2476 2477 2478
f 2479 2480 2481
f 2482 2483 2484
f 2485 2486 2487
f 2488 2489 2490
f 2491 2492 2493
f 2494 2495 2496
f 2497 2498 2499
f 2500 2501 2502
f 2503 2504 2505
f 2506 2507 2508
f 2509 2510 2511
f 2512 2513 2514
f 2515 2516 2517
f 2518 2519 2520
f 2521 2522 2523
f 2524 2525 2526
f 2527 2528 2529
f 2530 2531 2532
f 2533 2534 2535
f 2536 2537 2538
f 2539 2540 2541
f 2542 2543 2544
f 2545 2546 2547
f 2548 2549 2550
f 2551 2552 2553
f 2554 2555 2556
f 2557 2558 2559
f 2560 2561 2562
f 2563 2564 2565
f 2566 2567 2568
f 2569 2570 2571
f 2572 2573 2574
f 2575 2576 2577
f 2578 2579 2580
f 2581 2582 2583
f 2584 2585 2586
f 2587 2588 2589
f 2590 2591 2592
f 2593 2594 2595
f 2596 2597 2598
f 2599 2600 2601
f 2602 2603 2604
f 2605 2606 2607
f 2608 2609 2610
f 2611 2612 2613
f 2614 2615 2616
f 2617 2618 2619
f 2620 2621 2622
f 2623 2624 2625
f 2626 2627 2628
f 2629 2630 2631
f 2632 2633 2634
f 2635 2636 2637
f 2638 2639 2640
f 2641 2642 2643
f 2644 2645 2646
f 2647 2648 2649
f 2650 2651 2652
f 2653 2654 2655
f 2656 2657 2658
f 2659 2660 2661
f 2662 2663 2664
f 2665 2666 2667
f 2668 2669 2670
f 2671 2672 2673
f 2674 2675 2676
f 2677 2678 2679
f 2680 2681 2682
f 2683 2684 2685
f 2686 2687 2688
f 2689 2690 2691
f 2692 2693 2694
f 2695 2696 2697
f 2698 2699 2700
f 2701 2702 2703
f 2704 2705 2706
f 2707 2708 2709
f 2710 2711 2712
f 2713 2714 2715
f 2716 2717 2718
f 2719 2720 2721
f 2722 2723 2724
f 2725 2726 2727
f 2728 2729 2730
f 2731 2732 2733
f 2734 2735 2736
f 2737 2738 2739
f 2740 2741 2742
f 2743 2744 2745
f 2746 2747 2748
f 2749 2750 2751
f 2752 2753 2754
f 2755 2756 2757
f 2758 2759 2760
f 2761 2762 2763
f 2764 2765 2766
f 2767 2768 2769
f 2770 2771 2772
f 2773 2774 2775
f 2776 2777 2778
f 2779 2780 2781
f 2782 2783 2784
f 2785 2786 2787
f 2788 2789 2790
f 2791 2792 2793
f 2794 2795 2796
f 2797 2798 2799
f 2800 2801 2802
f 2803 2804 2805
f 2806 2807 2808
f 2809 2810 2811
f 2812 2813 2814
f 2815 2816 2817
f 2818 2819 2820
f 2821 2822 2823
f 2824 2825 2826
f 2827 2828 2829
f 2830 2831 2832
f 2833 2834 2835
f 2836 2837 2838
f 2839 2840 2841
f 2842 2843 2844
f 2845 2846 2847
f 2848 2849 2850
f 2851 2852 2853
f 2854 2855 2856
f 2857 2858 2859
f 2860 2861 2862
f 2863 2864 2865
f 2866 2867 2868
f 2869 2870 2871
f 2872 2873 2874
f 2875 2876 2877
f 2878 2879 2880
f 2881 2882 2883
f 2884 2885 2886
f 2887 2888 2889
f 2890 2891 2892
f 2893 2894 2895
f 2896 2897 2898
f 2899 2900 2901
f 2902 2903 2904
f 2905 2906 2907
f 2908 2909 2910
f 2911 2912 2913
f 2914 2915 2916
f 2917 2918 2919
f 2920 2921 2922
f 2923 2924 2925
f 2926 2927 2928
f 2929 2930 2931
f 2932 2933 2934
f 2935 2936 2937
f 2938 2939 2940
f 2941 2942 2943
f 2944 2945 2946
f 2947 2948 2949
f 2950 2951 2952
f 2953 2954 2955
f 2956 2957 2958
f 2959 2960 2961
f 2962 2963 2964
f 2965 2966 2967
f 2968 2969 2970
f 2971 2972 2973
f 2974 2975 2976
f 2977 2978 2979
f 2980 2981 2982
f 2983 2984 2985
f 2986 2987 2988
f 2989 2990 2991
f 2992 2993 2994
f 2995 2996 2997
f 2998 2999 3000
f 3001 3002 3003
f 3004 3005 3006
f 3007 3008 3009
f 3010 3011 3012
f 3013 3014 3015
f 3016 3017 3018
f 3019 3020 3021
f 3022 3023 3024
f 3025 3026 3027
f 3028 3029 3030
f 3031 3032 3033
f 3034 3035 3036
f 3037 3038 3039
f 3040 3041 3042
f 3043 3044 3045
f 3046 3047 3048
f 3049 3050 3051
f 3052 3053 3054
f 3055 3056 3057
f 3058 3059 3060
f 3061 3062 3063
f 3064 3065 3066
f 3067 3068 3069
f 3070 3071 3072
f 3073 3074 3075
f 3076 3077 3078
f 3079 3080 3081
f 3082 3083 3084
f 3085 3086 3087
f 3088 3089 3090
f 3091 3092 3093
f 3094 3095 3096
f 3097 3098 3099
f 3100 3101 3102
f 3103 3104 3105
f 3106 3107 3108
f 3109 3110 3111
f 3112 3113 3114
f 3115 3116 3117
f 3118 3119 3120
f 3121 3122 3123
f 3124 3125 3126
f 3127 3128 3129
f 3130 3131 3132
f 3133 3134 3135
f 3136 3137 3138
f 3139 3140 3141
f 3142 3143 3144
f 3145 3146 3147
f 3148 3149 3150
f 3151 3152 3153
f 3154 3155 3156
f 3157 3158 3159
f 3160 3161 3162
f 3163 3164 3165
f 3166 3167 3168
f 3169 3170 3171
f 3172 3173 3174
f 3175 3176 3177
f 3178 3179 3180
f 3181 3182 3183
f 3184 3185 3186
f 3187 3188 3189
f 3190 3191 3192
f 3193 3194 3195
f 3196 3197 3198
f 3199 3200 3201
f 3202 3203 3204
f 3205 3206 3207
f 3208 3209 3210
f 3211 3212 3213
f 3214 3215 3216
f 3217 3218 3219
f 3220 3221 3222
f 3223 3224 3225
f 3226 3227 3228
f 3229 3230 3231
f 3232 3233 3234
f 3235 3236 3237
f 3238 3239 3240
f 3241 3242 3243
f 3244 3245 3246
f 3247 3248 3249
f 3250 3251 3252
f 3253 3254 3255
f 3256 3257 3258
f 3259 3260 3261
f 3262 3263 3264
f 3265 3266 3267
f 3268 3269 3270
f 3271 3272 3273
f 3274 3275 3276
f 3277 3278 3279
f 3280 3281 3282
f 3283 3284 3285
f 3286 3287 3288
f 3289 3290 3291
f 3292 3293 3294
f 3295 3296 3297
f 3298 3299 3300
f 3301 3302 3303
f 3304 3305 3306
f 3307 3308 3309
f 3310 3311 3312
f 3313 3314 3315
f 3316 3317 3318
f 3319 3320 3321
f 3322 3323 3324
f 3325 3326 3327
f 3328 3329 3330
f 3331 3332 3333
f 3334 3335 3336
f 3337 3338 3339
f 3340 3341 3342
f 3343 3344 3345
f 3346 3347 3348
f 3349 3350 3351
f 3352 3353 3354
f 3355 3356 3357
f 3358 3359 3360
f 3361 3362 3363
f 3364 3365 3366
f 3367 3368 3369
f 3370 3371 3372
f 3373 3374 3375
f 3376 3377 3378
f 3379 3380 3381
f 3382 3383 3384
f 3385 3386 3387
f 3388 3389 3390
f 3391 3392 3393
f 3394 3395 3396
f 3397 3398 3399
f 3400 3401 3402
f 3403 3404 3405
f 3406 3407 3408
f 3409 3410 3411
f 3412 3413 3414
f 3415 3416 3417
f 3418 3419 3420
f 3421 3422 3423
f 3424 3425 3426
f 3427 3428 3429
f 3430 3431 3432
f 3433 3434 3435
f 3436 3437 3438
f 3439 3440 3441
f 3442 3443 3444
f 3445 3446 3447
f 3448 3449 3450
f 3451 3452 3453
f 3454 3455 3456
f 3457 3458 3459
f 3460 3461 3462
f 3463 3464 3465
f 3466 3467 3468
f 3469 3470 3471
f 3472 3473 3474
f 3475 3476 3477
f 3478 3479 3480
f 3481 3482 3483
f 3484 3485 3486
f 3487 3488 3489
f 3490 3491 3492
f 3493 3494 3495
f 3496 3497 3498
f 3499 3500 3501
f 3502 3503 3504
f 3505 3506 3507
f 3508 3509 3510
f 3511 3512 3513
f 3514 3515 3516
f 3517 3518 3519
f 3520 3521 3522
f 3523 3524 3525
f 3526 3527 3528
f 3529 3530 3531
f 3532 3533 3534
f 3535 3536 3537
f 3538 3539 3540
f 3541 3542 3543
f 3544 3545 3546
f 3547 3548 3549
f 3550 3551 3552
f 3553 3554 3555
f 3556 3557 3558
f 3559 3560 3561
f 3562 3563 3564
f 3565 3566 3567
f 3568 3569 3570
f 3571 3572 3573
f 3574 3575 3576
f 3577 3578 3579
f 3580 3581 3582
f 3583 3584 3585
f 3586 3587 3588
f 3589 3590 3591
f 3592 3593 3594
f 3595 3596 3597
f 3598 3599 3600
f 3601 3602 3603
f 3604 3605 3606
f 3607 3608 3609
f 3610 3611 3612
f 3613 3614 3615
f 3616 3617 3618
f 3619 3620 3621
f 3622 3623 3624
f 3625 3626 3627
f 3628 3629 3630
f 3631 3632 3633
f 3634 3635 3636
f 3637 3638 3639
f 3640 3641 3642
f 3643 3644 3645
f 3646 3647 3648
f 3649 3650 3651
f 3652 3653 3654
f 3655 3656 3657
f 3658 3659 3660
f 3661 3662 3663
f 3664 3665 3666
f 3667 3668 3669
f 3670 3671 3672
f 3673 3674 3675
f 3676 3677 3678
f 3679 3680 3681
f 3682 3683 3684
f 3685 3686 3687
f 3688 3689 3690
f 3691 3692 3693
f 3694 3695 3696
f 3697 3698 3699
f 3700 3701 3702
f 3703 3704 3705
f 3706 3707 3708
f 3709 3710 3711
f 3712 3713 3714
f 3715 3716 3717
f 3718 3719 3720
f 3721 3722 3723
f 3724 3725 3726
f 3727 3728 3729
f 3730 3731 3732
f 3733 3734 3735
f 3736 3737 3738
f 3739 3740 3741
f 3742 3743 3744
f 3745 3746 3747
f 3748 3749 3750
f 3751 3752 3753
f 3754 3755 3756
f 3757 3758 3759
f 3760 3761 3762
f 3763 3764 3765
f 3766 3767 3768
f 3769 3770 3771
f 3772 3773 3774
f 3775 3776 3777
f 3778 3779 3780
f 3781 3782 3783
f 3784 3785 3786
f 3787 3788 3789
f 3790 3791 3792
f 3793 3794 3795
f 3796 3797 3798
f 3799 3800 3801
f 3802 3803 3804
f 3805 3806 3807
f 3808 3809 3810
f 3811 3812 3813
f 3814 3815 3816
f 3817 3818 3819
f 3820 3821 3822
f 3823 3824 3825
f 3826 3827 3828
f 3829 3830 3831
f 3832 3833 3834
f 3835 3836 3837
f 3838 3839 3840
f 3841 3842 3843
f 3844 3845 3846
f 3847 3848 3849
f 3850 3851 3852
f 3853 3854 3855
f 3856 3857 3858
f 3859 3860 3861
f 3862 3863 3864
f 3865 3866 3867
f 3868 3869 3870
f 3871 3872 3873
f 3874 3875 3876
f 3877 3878 3879
f 3880 3881 3882
f 3883 3884 3885
f 3886 3887 3888
f 3889 3890 3891
f 3892 3893 3894
f 3895 3896 3897
f 3898 3899 3900
f 3901 3902 3903
f 3904 3905 3906
f 3907 3908 3909
f 3910 3911 3912
f 3913 3914 3915
f 3916 3917 3918
f 3919 3920 3921
f 3922 3923 3924
f 3925 3926 3927
f 3928 3929 3930
f 3931 3932 3933
f 3934 3935 3936
f 3937 3938 3939
f 3940 3941 3942
f 3943 3944 3945
f 3946 3947 3948
f 3949 3950 3951
f 3952 3953 3954
f 3955 3956 3957
f 3958 3959 3960
f 3961 3962 3963
f 3964 3965 3966
f 3967 3968 3969
f 3970 3971 3972
f 3973 3974 3975
f 3976 3977 3978
f 3979 3980 3981
f 3982 3983 3984
f 3985 3986 3987
f 3988 3989 3990
f 3991 3992 3993
f 3994 3995 3996
f 3997 3998 3999
f 4000 4001 4002
f 4003 4004 4005
f 4006 4007 4008
f 4009 4010 4011
f 4012 4013 4014
f 4015 4016 4017
f 4018 4019 4020
f 4021 4022 4023
f 4024 4025 4026
f 4027 4028 4029
f 4030 4031 4032
f 4033 4034 4035
f 4036 4037 4038
f 4039 4040 4041
f 4042 4043 4044
f 4045 4046 4047
f 4048 4049 4050
f 4051 4052 4053
f 4054 4055 4056
f 4057 4058 4059
f 4060 4061 4062
f 4063 4064 4065
f 4066 4067 4068
f 4069 4070 4071
f 4072 4073 4074
f 4075 4076 4077
f 4078 4079 4080
f 4081 4082 4083
f 4084 4085 4086
f 4087 4088 4089
f 4090 4091 4092
f 4093 4094 4095
f 4096 4097 4098
f 4099 4100 4101
f 4102 4103 4104
f 4105 4106 4107
f 4108 4109 4110
f 4111 4112 4113
f 4114 4115 4116
f 4117 4118 4119
f 4120 4121 4122
f 4123 4124 4125
f 4126 4127 4128
f 4129 4130 4131
f 4132 4133 4134
f 4135 4136 4137
f 4138 4139 4140
f 4141 4142 4143
f 4144 4145 4146
f 4147 4148 4149
f 4150 4151 4152
f 4153 4154 4155
f 4156 4157 4158
f 4159 4160 4161
f 4162 4163 4164
f 4165 4166 4167
f 4168 4169 4170
f 4171 4172 4173
f 4174 4175 4176
f 4177 4178 4179
f 4180 4181 4182
f 4183 4184 4185
f 4186 4187 4188
f 4189 4190 4191
f 4192 4193 4194
f 4195 4196 4197
f 4198 4199 4200
f 4201 4202 4203
f 4204 4205 4206
f 4207 4208 4209
f 4210 4211 4212
f 4213 4214 4215
f 4216 4217 4218
f 4219 4220 4221
f 4222 4223 4224
f 4225 4226 4227
f 4228 4229 4230
f 4231 4232 4233
