# PSO Extracted Authentic Geometry
v 0.0000 0.2000 0.0000
v 0.2000 0.0000 0.0000
v 0.0000 0.0000 0.2000
v 0.0000 0.2000 0.0000
v 0.2000 0.0000 0.0000
v 0.2000 0.0000 0.0000
v 0.0000 0.0000 0.2000
v 0.0000 0.2000 0.0000
v 0.2000 0.0000 0.0000
v 0.0000 0.0000 0.2000
v 0.0000 0.2000 0.0000
v 0.2000 0.0000 0.0000
v 0.0000 0.0000 0.2000
v 0.0000 0.2000 0.0000
v 0.0000 0.0000 0.2000
v 0.0000 0.2000 0.0000
v 0.2000 0.0000 0.0000
v 0.0000 0.0000 0.2000
v 0.0000 0.2000 0.0000
v 0.2000 0.0000 0.0000
v 0.0000 0.0000 0.2000
v 0.0000 0.2000 0.0000
v 0.0000 0.0000 0.2000
v 0.0000 0.2000 0.0000
v 0.2000 0.0000 0.0000
v 0.0000 0.0000 0.2000
v 0.0000 0.2000 0.0000
v 0.2000 0.0000 0.0000
v 0.0000 0.0000 0.2000
v 0.0000 0.2000 0.0000
v 0.2000 0.0000 0.0000
v 0.0000 0.0000 0.2000
v 0.0000 0.2000 0.0000
v 228.0000 0.0000 291.0000
v 233.0363 0.0000 0.0000
v 0.0000 524.6406 0.0000
v 0.0000 0.0000 -165.0000
v 0.0000 202.0000 0.0000
v 0.0000 0.0000 426.5731
v 212.5000 0.0000 -187.5000
v 245.6975 0.0000 0.0000
v -2000.0000 0.0000 0.0000
v 0.0000 374.4592 0.0000
v 0.0000 0.0000 800.0000
v 0.6980 0.3961 0.0000
v -92.1638 26.0000 17.1897
v 11.2215 0.0000 0.0000
v 1.0000 1.0000 1.0000
v 0.0000 -17.0780 26.0000
v 92.1687 11.2216 0.0000
v 0.0000 1.0000 1.0000
v 1.0000 0.0000 0.0000
v 0.0000 0.0000 -68.0000
v 33.5000 68.0000 16.0078
v 0.0000 0.0000 1.0000
v 1.0000 1.0000 0.0000
v 0.0000 0.0000 14.5825
v 37.5000 12.8143 117.3758
v 0.0000 0.0000 1.0000
v 1.0000 1.0000 0.0000
v -0.2081 26.7914 -0.3096
v 90.3094 0.0000 0.0000
v 1.0000 1.0000 1.0000
v 0.0000 15.9195 37.5000
v 15.9199 161.5806 0.0000
v 0.0000 1.0000 1.0000
v 1.0000 0.0000 0.0000
v 0.0000 -60.9448 23.0000
v 61.4448 57.2681 0.0000
v 0.0000 1.0000 1.0000
v 1.0000 0.0000 0.0000
v -10.6627 0.0000 0.0000
v 3.0285 35.9750 -12.6708
v 148.5943 0.0000 0.0000
v 1.0000 1.0000 1.0000
v 0.0000 -68.9213 8.5000
v 68.5764 34.9405 0.0000
v 0.0000 1.0000 1.0000
v 1.0000 0.0000 0.0000
v -1.0000 -0.5000 1.1180
v 0.0000 0.0000 1.0000
v 1.0000 1.0000 0.0000
v 0.0000 80.6806 23.0000
v -80.6804 50.2486 0.0000
v 0.0000 1.0000 1.0000
v 1.0000 0.0000 0.0000
v 8.5765 0.0000 0.0000
v 5.0000 0.0000 0.0000
v 176.3165 0.0000 0.0000
v 62.5000 -45.0000 -322.5000
v 1.0000 1.0000 1.0000
v 7.0275 0.0000 0.0000
v 0.0000 0.0000 231.3553
v -37.5000 133.3884 276.3376
v 0.0000 0.0000 -288.8553
v 100.0000 186.6116 0.0000
v 0.0000 0.0000 1.0000
v 1.0000 1.0000 0.0000
v 0.0000 -5.0000 -35.0000
v 0.0000 154.5154 0.0000
v 0.0000 350.0000 50.0000
v 25.0000 0.0000 0.0000
v 0.0000 1.0000 1.0000
v 1.0000 0.0000 0.0000
v 1.0000 0.0000 0.0000
v -6.5000 0.0000 65.4272
v 0.0000 0.0000 360.0000
v 119.2977 25.0037 0.0000
v 0.0000 0.0000 1.0000
v 1.0000 1.0000 0.0000
v 4.0157 -1.9765 0.0000
v 73.5664 0.0000 0.0000
v 360.0000 59.9000 25.0000
v 1.0000 1.0000 1.0000
v 362.9474 -20.0000 25.0000
v 92.0564 0.0000 0.0000
v 1.0000 1.0000 1.0000
v 49.1098 -13.7098 0.0000
v 247.3930 0.0000 0.0000
v -127.7805 -2.3505 0.0000
v 1.0000 1.0000 1.0000
v 3.0118 1.0000 0.0000
v 0.0000 0.0000 48.2999
v 13.0000 -51.0000 0.0000
v 0.0000 0.0000 1.0000
v 1.0000 1.0000 0.0000
v -5.0000 0.0000 0.0000
v 329.3934 0.0000 0.0000
v -195.0000 100.0000 -330.0000
v 1.0000 1.0000 1.0000
v 0.0000 16.0000 0.0000
v 90.3659 0.0000 0.0000
v -300.0000 30.0000 -10.0000
v 1.0000 1.0000 1.0000
v 0.0000 -70.0000 0.0000
v 163.7262 0.0000 0.0000
v 77.5000 275.0000 275.0000
v 1.0000 1.0000 1.0000
v 0.0000 0.5000 -40.0000
v 0.5000 144.9871 0.0000
v 0.0000 77.5000 245.0000
v 275.0000 0.0000 0.0000
v 0.0000 1.0000 1.0000
v 1.0000 0.0000 0.0000
v 0.0000 10.3553 25.0000
v -117.5000 457.0412 0.0000
v 0.0000 -288.8553 100.0000
v 136.6116 0.0000 0.0000
v 0.0000 1.0000 1.0000
v 1.0000 0.0000 0.0000
v -4.0157 0.0000 0.0000
v 10.0000 0.0000 509.5341
v 0.0000 0.0000 245.0000
v 50.0000 0.0000 0.0000
v 0.0000 0.0000 1.0000
v 1.0000 1.0000 0.0000
v 0.0000 0.0000 -5.5000
v 0.0000 185.1306 0.0000
v 0.0000 -82.5000 135.0000
v 189.3301 0.0000 0.0000
v 0.0000 1.0000 1.0000
v 1.0000 0.0000 0.0000
v 0.0000 -20.0000 0.0000
v 210.8677 0.0000 0.0000
v -238.1066 200.0000 -27.0096
v 1.0000 1.0000 1.0000
v 15.0588 -1.0039 0.0000
v 0.0000 -27.5000 0.0000
v 0.0000 127.8916 0.0000
v 0.0000 127.5000 168.5000
v -310.0000 0.0000 0.0000
v 0.0000 1.0000 1.0000
v 1.0000 0.0000 0.0000
v 107.9105 0.0000 0.0000
v 230.0000 180.0000 -192.5000
v 1.0000 1.0000 1.0000
v 0.0000 -5.9961 0.0000
v 0.0000 0.0000 0.7655
v -5.0000 -0.9655 129.2689
v 0.0000 0.0000 -398.5571
v 3.7500 -107.7565 0.0000
v 0.0000 0.0000 1.0000
v 1.0000 1.0000 0.0000
v 0.0000 0.0000 -3.1612
v 0.0000 -0.0830 99.0010
v 0.0000 0.0000 -88.0000
v -97.5000 -136.0000 0.0000
v 0.0000 0.0000 1.0000
v 1.0000 1.0000 0.0000
v 162.1465 0.0000 0.0000
v 75.0000 -17.5000 104.5000
v 1.0000 1.0000 1.0000
v 0.4627 0.9843 0.0000
v 0.0000 0.0000 17.0000
v -1.5000 22.9837 0.0000
v 0.0000 78.0001 47.0000
v 103.9999 0.0000 0.0000
v 0.0000 1.0000 1.0000
v 1.0000 0.0000 0.0000
v -3.0118 0.0000 0.0000
v -7.0000 2.0000 28.0223
v 0.0000 0.0000 -72.0000
v 25.0000 -56.5000 0.0000
v 0.0000 0.0000 1.0000
v 1.0000 1.0000 0.0000
v 0.3451 1.0000 0.0000
v 27.7074 0.0000 0.0000
v -340.3045 15.0000 -76.3045
v 1.0000 1.0000 1.0000
v 0.0000 0.0000 3.2500
v 3.0000 25.6527 0.0000
v 0.0000 -308.5000 10.5000
v -0.5000 0.0000 0.0000
v 0.0000 1.0000 1.0000
v 1.0000 0.0000 0.0000
v 1.0000 0.0000 0.0000
v 17.6421 -116.6738 -0.3211
v 149.0396 0.0000 0.0000
v 360.0000 119.2977 27.0037
v 1.0000 1.0000 1.0000
v 0.0000 2.7500 30.4178
v -0.0000 27.3070 0.0000
v 0.0000 1.0000 1.0000
v 1.0000 0.0000 0.0000
v 1.0431 0.0000 0.0000
v 0.0000 0.0000 2.7500
v 29.8421 -0.0000 27.8678
v 1.0000 1.0000 0.0000
v 2.7500 30.4178 -0.0000
v 27.3070 0.0000 0.0000
v -123.5000 -7.0000 -189.5000
v 1.0000 1.0000 1.0000
v 0.0000 2.7500 30.4178
v -0.0000 27.3070 0.0000
v 0.0000 -90.5000 -7.0000
v -100.5000 0.0000 0.0000
v 0.0000 1.0000 1.0000
v 1.0000 0.0000 0.0000
v 4.0157 -2.2078 0.0000
v 0.0000 -53.1601 0.0000
v 134.6291 0.0000 0.0000
v 350.0000 128.1601 25.0000
v 1.0000 1.0000 1.0000
v 0.0000 -27.5000 70.0000
v 167.5000 220.9921 0.0000
v 0.0000 220.0000 135.0000
v -220.0000 0.0000 0.0000
v 0.0000 1.0000 1.0000
v 1.0000 0.0000 0.0000
v 125.0000 211.5000 145.0000
v 112.4289 0.0000 0.0000
v 1.0000 1.0000 1.0000
v 0.0000 1.0000 0.0000
v 0.0000 0.0000 55.0000
v 30.3135 218.1200 0.0000
v 0.0000 -229.9999 -50.0000
v -100.0000 0.0000 0.0000
v 0.0000 1.0000 1.0000
v 1.0000 0.0000 0.0000
v 0.0000 57.8446 -50.0000
v 106.0635 276.1422 0.0000
v 0.0000 -229.9999 -50.0000
v -100.0000 0.0000 0.0000
v 0.0000 1.0000 1.0000
v 1.0000 0.0000 0.0000
v 1.0039 0.6235 0.0000
v -0.0000 11.0000 -11.6506
v 62.7036 0.0000 0.0000
v 0.0000 -25.0000 -60.0000
v 1.0000 1.0000 1.0000
v 1.1176 1.0000 0.0000
v 0.0000 -0.0000 -10.0000
v -19.4856 51.2805 0.0000
v 0.0000 0.0000 36.0000
v -60.0000 0.0000 0.0000
v 0.0000 1.0000 1.0000
v 1.0000 0.0000 0.0000
v 3.5137 1.0000 0.0000
v 0.0000 14.6962 40.0000
v 14.6962 136.3909 0.0000
v 0.0000 -170.0000 150.0000
v -330.0000 0.0000 0.0000
v 0.0000 1.0000 1.0000
v 1.0000 0.0000 0.0000
v -1.0039 0.0000 0.0000
v 113.7500 50.0000 -55.0000
v 202.7044 0.0000 0.0000
v 1.0000 1.0000 1.0000
v 1.0000 0.0000 0.0000
v 0.0000 0.0000 157.5000
v 100.0000 50.0000 301.2992
v 0.0000 0.0000 -462.0000
v 1.0000 1.0000 0.0000
v 3.0000 0.0000 21.2368
v 0.0000 0.0000 -88.0000
v 0.0000 -136.0000 0.0000
v 0.0000 0.0000 1.0000
v 1.0000 1.0000 0.0000
v 353.5534 0.0000 0.0000
v 0.0000 -182.5000 288.0000
v 1.0000 1.0000 1.0000
v 0.0000 32.5000 100.0000
v 7.5000 358.6258 0.0000
v 0.0000 -225.0000 0.0000
v -385.0000 0.0000 0.0000
v 0.0000 1.0000 1.0000
v 1.0000 0.0000 0.0000
v 0.0000 147.4999 100.0000
v -1.3909 310.3898 0.0000
v 0.0000 1.0000 1.0000
v 1.0000 0.0000 0.0000
v 1.0000 0.0000 0.0000
v -37.5000 50.0000 37.5000
v 53.0330 0.0000 0.0000
v 300.0000 0.0000 -100.0000
v 1.0000 1.0000 1.0000
v 0.0000 0.0000 4.2827
v -5.3741 48.8898 0.0000
v 0.0000 0.0000 22.0000
v -54.5000 0.0000 0.0000
v 0.0000 1.0000 1.0000
v 1.0000 0.0000 0.0000
v 0.0000 0.0000 360.0000
v 287.0000 25.0000 214.4621
v 0.0000 0.0000 1.0000
v 1.0000 1.0000 0.0000
v 0.0000 -53.4537 80.2500
v 59.0847 405.0001 0.0000
v 0.0000 1.0000 1.0000
v 1.0000 0.0000 0.0000
v 0.5333 1.0000 0.0000
v 0.0000 0.0000 -230.1138
v 7.0000 -177.9146 143.7247
v 0.0000 0.0000 1.0000
v 1.0000 1.0000 0.0000
v 25.0000 43.5000 19.0000
v 33.0341 0.0000 0.0000
v 335.0000 0.0000 6.0000
v 1.0000 1.0000 1.0000
v 1.0039 0.0000 0.0000
v 0.0000 12.7279 0.0000
v 0.0000 294.0001 28.5000
v 108.4999 0.0000 0.0000
v 0.0000 1.0000 1.0000
v 1.0000 0.0000 0.0000
v 0.0000 -247.1866 35.0000
v 0.5137 -247.1866 55.0000
v 0.3412 -259.1091 35.0000
v 0.5137 -259.1091 55.0000
v 0.3412 -276.9524 35.0000
v 0.7176 -276.9524 55.0000
v 0.6000 -243.0000 35.0000
v 0.5137 -243.0000 55.0000
v 0.3412 -259.1091 55.0000
v 0.6000 -259.1091 35.0000
v 0.7176 0.0000 0.0000
v -259.9762 45.0000 -37.4067
v 32.1511 0.0000 0.0000
v 1.0000 1.0000 1.0000
v -7.0275 0.0000 0.0000
v 0.0000 0.0000 62.5000
v 102.0000 109.6870 0.0000
v 0.0000 1.0000 1.0000
v 1.0000 0.0000 0.0000
v 1.0000 0.0000 0.0000
v 18.7000 98.0000 -29.7500
v 124.3493 0.0000 0.0000
v 1.0000 1.0000 1.0000
v -2.5000 50.0000 36.0000
v 107.1798 0.0000 0.0000
v 1.0000 1.0000 1.0000
v 5.0196 0.4784 0.0000
v 0.0000 0.0000 50.0000
v 54.5000 57.3708 0.0000
v 0.0000 1.0000 1.0000
v 1.0000 0.0000 0.0000
v 1.0000 0.0000 0.0000
v 0.0000 18.4059 50.0000
v -28.9529 136.4279 0.0000
v 0.0000 1.0000 1.0000
v 1.0000 0.0000 0.0000
v 2.0078 0.0000 0.0000
v 0.0500 50.0000 65.5000
v 86.4017 0.0000 0.0000
v 1.0000 1.0000 1.0000
v 14.3750 50.0000 -17.4569
v 105.0644 0.0000 0.0000
v 1.0000 1.0000 1.0000
v 0.4980 0.0000 0.0000
v 0.0000 0.0000 14.3750
v 26.0000 -15.1500 93.6165
v 0.0000 0.0000 1.0000
v 1.0000 1.0000 0.0000
v 5.0000 119.7500 55.2409
v 0.0000 0.0000 1.0000
v 1.0000 1.0000 0.0000
v -3.0118 0.0000 0.0000
v 0.0000 58.0315 50.0000
v -58.0750 81.8849 0.0000
v 0.0000 1.0000 1.0000
v 1.0000 0.0000 0.0000
v 1.0000 0.0000 0.0000
v 0.0000 0.0000 58.5378
v 50.0000 -58.0595 82.2197
v 0.0000 0.0000 1.0000
v 1.0000 1.0000 0.0000
v -66.5000 50.0000 43.5000
v 51.4247 0.0000 0.0000
v 1.0000 1.0000 1.0000
v -0.0000 50.0000 82.0000
v 95.0000 0.0000 0.0000
v 1.0000 1.0000 1.0000
v 1.0000 0.0000 0.0000
v -0.0000 31.0000 118.5000
v 67.8473 0.0000 0.0000
v 1.0000 1.0000 1.0000
v 0.5529 0.0000 0.0000
v 0.0000 0.0000 29.3750
v 7.7500 -47.1507 63.4270
v 0.0000 0.0000 1.0000
v 1.0000 1.0000 0.0000
v 0.0000 0.7412 0.0000
v 0.0000 32.6286 36.2500
v -56.8266 53.9611 0.0000
v 0.0000 1.0000 1.0000
v 1.0000 0.0000 0.0000
v 1.0000 0.0000 0.0000
v -54.4192 51.2500 -68.8260
v 51.3580 0.0000 0.0000
v 1.0000 1.0000 1.0000
v 0.0000 0.0000 -0.5500
v 28.7500 -11.8250 98.8094
v 0.0000 0.0000 1.0000
v 1.0000 1.0000 0.0000
v 0.0000 1.0000 0.0000
v 0.0000 0.0000 -31.9402
v 62.5217 38.3892 117.3923
v 0.0000 0.0000 1.0000
v 1.0000 1.0000 0.0000
v 0.0000 0.0000 -40.0753
v 50.0000 37.4999 173.9118
v 0.0000 0.0000 1.0000
v 1.0000 1.0000 0.0000
v 0.0000 0.0000 49.5000
v -23.0000 181.9904 0.0000
v 0.0000 1.0000 1.0000
v 1.0000 0.0000 0.0000
v -0.9059 0.0000 0.0000
v 0.0000 -0.0000 50.1667
v -60.4500 187.7868 0.0000
v 0.0000 1.0000 1.0000
v 1.0000 0.0000 0.0000
v 0.9216 0.0000 0.0000
v 0.0000 0.0000 23.9167
v -79.7250 81.4486 0.0000
v 0.0000 1.0000 1.0000
v 1.0000 0.0000 0.0000
v 0.0000 -5.0000 0.0000
v 7.0711 0.0000 0.0000
v 1.0000 1.0000 1.0000
v 0.9569 0.9922 0.0000
v 118.0369 -0.0000 772.8953
v 0.0000 0.0000 1.0000
v 1.0000 1.0000 0.0000
v 0.0044 23.7500 109.4860
v 237.4262 0.0000 0.0000
v 1.0000 1.0000 1.0000
v -11.0000 221.0000 -584.0000
v 3.0000 221.0000 -564.0000
v 3.0000 221.0000 -564.0000
v -11.0000 267.0000 -584.0000
v 3.0000 267.0000 -564.0000
v 37.0000 221.0000 -584.0000
v 23.0000 221.0000 -564.0000
v 23.0000 221.0000 -564.0000
v 37.0000 267.0000 -584.0000
v 23.0000 267.0000 -564.0000
v 83.7107 -34.9000 -576.0000
v 63.0000 -34.9000 -555.2894
v 63.0000 -34.9000 -555.2894
v 63.0000 -199.0000 -555.2894
v 83.7107 -199.0000 -576.0000
v -37.0000 -34.9000 -555.2894
v -37.0000 -34.9000 -555.2894
v -37.0000 -34.9000 -555.2894
v -57.7107 -34.9000 -576.0000
v -57.7107 -199.0000 -576.0000
v -37.0000 -199.0000 -555.2894
v 13.0000 -34.9000 -505.2894
v 13.0000 -34.9000 -505.2894
v -7.7107 -34.9000 -526.0000
v -7.7107 -34.9000 -526.0000
v -7.7107 -34.9000 -526.0000
v -7.7107 -199.0000 -526.0000
v 13.0000 -199.0000 -505.2894
v 13.0000 -199.0000 -505.2894
v 63.0000 -34.9000 -526.0000
v 63.0000 -34.9000 -526.0000
v 63.0000 -34.9000 -526.0000
v 33.7106 -34.9000 -526.0000
v 33.7106 -34.9000 -526.0000
v 33.7106 -34.9000 -526.0000
v 33.7106 -199.0000 -526.0000
v 63.0000 -199.0000 -526.0000
v 63.0000 -199.0000 -526.0000
v -37.0000 -34.9000 -526.0000
v -37.0000 -34.9000 -526.0000
v -37.0000 -34.9000 -526.0000
v -37.0000 -199.0000 -526.0000
v -37.0000 -199.0000 -526.0000
v 69.5685 -3.8000 -576.0000
v 69.5685 -3.8000 -576.0000
v 53.0000 -3.8000 -559.4315
v 53.0000 -3.8000 -559.4315
v -27.0000 -3.8000 -559.4315
v -27.0000 -3.8000 -559.4315
v -27.0000 -3.8000 -559.4315
v -43.5685 -3.8000 -576.0000
v 13.0000 -3.8000 -519.4315
v 13.0000 -3.8000 -519.4315
v -3.5685 -3.8000 -536.0000
v -3.5685 -3.8000 -536.0000
v -3.5685 -3.8000 -536.0000
v 53.0000 -3.8000 -536.0000
v 53.0000 -3.8000 -536.0000
v 53.0000 -3.8000 -536.0000
v 53.0000 -3.8000 -536.0000
v 29.5685 -3.8000 -536.0000
v 29.5685 -3.8000 -536.0000
v 29.5685 -3.8000 -536.0000
v -27.0000 -3.8000 -536.0000
v -27.0000 -3.8000 -536.0000
v -27.0000 -3.8000 -536.0000
v 69.5685 95.3000 -576.0000
v 69.5685 95.3000 -576.0000
v 53.0000 95.3000 -559.4315
v -27.0000 95.3000 -559.4315
v -27.0000 95.3000 -559.4315
v -27.0000 95.3000 -559.4315
v -43.5685 95.3000 -576.0000
v 13.0000 95.3000 -519.4315
v 13.0000 95.3000 -519.4315
v -3.5685 95.3000 -536.0000
v -3.5685 95.3000 -536.0000
v -3.5685 95.3000 -536.0000
v 53.0000 95.3000 -536.0000
v 53.0000 95.3000 -536.0000
v 53.0000 95.3000 -536.0000
v 29.5685 95.3000 -536.0000
v 29.5685 95.3000 -536.0000
v 29.5685 95.3000 -536.0000
v -27.0000 95.3000 -536.0000
v -27.0000 95.3000 -536.0000
v -27.0000 95.3000 -536.0000
v 45.0000 117.4000 -562.7452
v 45.0000 117.4000 -562.7452
v 45.0000 117.4000 -562.7452
v 58.2548 117.4000 -576.0000
v 58.2548 225.5000 -576.0000
v 45.0000 225.5000 -562.7452
v -32.2548 117.4000 -576.0000
v -19.0000 117.4000 -562.7452
v -19.0000 117.4000 -562.7452
v -19.0000 117.4000 -562.7452
v -19.0000 225.5000 -562.7452
v -32.2548 225.5000 -576.0000
v -0.2548 117.4000 -544.0000
v -0.2548 117.4000 -544.0000
v 13.0000 117.4000 -530.7452
v 13.0000 117.4000 -530.7452
v 13.0000 225.5000 -530.7452
v 13.0000 225.5000 -530.7452
v -0.2548 225.5000 -544.0000
v 26.2548 117.4000 -544.0000
v 26.2548 117.4000 -544.0000
v 26.2548 117.4000 -544.0000
v 45.0000 117.4000 -544.0000
v 45.0000 117.4000 -544.0000
v 45.0000 117.4000 -544.0000
v 45.0000 225.5000 -544.0000
v 45.0000 225.5000 -544.0000
v 26.2548 225.5000 -544.0000
v -19.0000 117.4000 -544.0000
v -19.0000 117.4000 -544.0000
v -19.0000 117.4000 -544.0000
v -19.0000 225.5000 -544.0000
v -19.0000 225.5000 -544.0000
v -0.2548 225.5000 -544.0000
v -19.0000 225.5000 -562.7452
v -19.0000 117.4000 -544.0000
v 33.7106 -199.0000 -526.0000
v 33.7106 -199.0000 -526.0000
v 63.0000 -199.0000 -555.2894
v 63.0000 -34.9000 -526.0000
v 63.0000 -34.9000 -555.2894
v 63.0000 -34.9000 -555.2894
v 45.0000 225.5000 -562.7452
v 45.0000 225.5000 -562.7452
v 45.0000 117.4000 -544.0000
v 45.0000 117.4000 -544.0000
v -37.0000 -199.0000 -555.2894
v -37.0000 -199.0000 -555.2894
v -37.0000 -34.9000 -555.2894
v -37.0000 -34.9000 -526.0000
v -37.0000 -34.9000 -526.0000
v -7.7107 -199.0000 -526.0000
v 26.2548 225.5000 -544.0000
v -27.0000 -3.8000 -559.4315
v -27.0000 -3.8000 -559.4315
v -27.0000 -3.8000 -536.0000
v -27.0000 95.3000 -559.4315
v -27.0000 95.3000 -536.0000
v -27.0000 95.3000 -536.0000
v 53.0000 -3.8000 -559.4315
v 53.0000 95.3000 -536.0000
v 53.0000 95.3000 -559.4315
v 53.0000 95.3000 -559.4315
v 0.0000 13.0000 34.0000
v -544.6447 245.5039 0.0000
v 0.0000 1.0000 1.0000
v 1.0000 0.0000 0.0000
v 1.0039 0.4980 0.0000
v 0.0000 176.4983 49.9500
v 156.5000 105.3553 0.0000
v 0.0000 1.0000 1.0000
v 1.0000 0.0000 0.0000
v 0.0000 3.3333 0.0000
v -3.5346 -1.6667 0.0000
v 0.0000 0.0000 0.8333
v 0.0000 4.3518 0.0000
v 0.0000 0.0000 23.5000
v 0.0000 1.0000 1.0000
v 1.0000 0.0000 0.0000
v -0.0000 1.6667 -0.0000
v -0.0000 1.6667 -3.5620
v -0.8333 0.0000 4.3518
v 20.0000 0.0000 0.0000
v 0.0000 0.0000 1.0000
v 1.0000 1.0000 0.0000
v -1.0039 0.0000 0.0000
v 9.8995 0.0000 0.0000
v 0.0000 22.0000 0.0000
v 1.0000 1.0000 1.0000
v 0.0000 0.0000 9.8995
v 22.0000 0.0000 0.0000
v 0.0000 0.0000 1.0000
v 1.0000 1.0000 0.0000
v 0.0000 1.0000 0.0000
v -8.5000 0.0000 14.7254
v 0.0000 0.0000 -68.0000
v 40.0000 68.0000 0.0000
v 0.0000 0.0000 1.0000
v 1.0000 1.0000 0.0000
v 2.0078 0.0000 0.0000
v 0.0000 -52.4576 36.4139
v 52.2125 43.0464 0.0000
v 0.0000 1.0000 1.0000
v 1.0000 0.0000 0.0000
v 0.0000 0.0000 -77.8378
v 21.0000 78.0988 25.4326
v 0.0000 0.0000 1.0000
v 1.0000 1.0000 0.0000
v -91.5874 26.0000 16.9934
v 9.6653 0.0000 0.0000
v 1.0000 1.0000 1.0000
v 0.0000 0.0000 -16.9002
v 26.0000 91.6079 7.2000
v 0.0000 0.0000 1.0000
v 1.0000 1.0000 0.0000
v 0.3490 0.0000 0.0000
v 0.0000 -69.6480 24.0000
v 69.5720 28.2971 0.0000
v 0.0000 1.0000 1.0000
v 1.0000 0.0000 0.0000
v 1.0039 -20.9569 0.0000
v 0.0000 -0.1923 36.0000
v 0.1680 99.9516 0.0000
v 0.0000 1.0000 1.0000
v 1.0000 0.0000 0.0000
v 0.0000 0.0000 282.0094
v 0.0000 1.0000 282.0094
v 0.0000 0.0000 314.0088
v 1.0039 1.0000 314.0088
v 1.0039 0.0000 0.0000
v 298.0091 36.0000 -64.5001
v 22.9837 0.0000 0.0000
v 1.0000 1.0000 1.0000
v 317.0094 19.5000 -64.5960
v 317.0094 52.5000 -64.5960
v 349.0088 19.5000 -64.4041
v 349.0088 52.5000 -64.4041
v 0.0000 333.0091 36.0000
v -64.5001 22.9837 0.0000
v 0.0000 1.0000 1.0000
v 1.0000 0.0000 0.0000
v 0.0000 322.0001 38.5000
v 1.0000 322.0001 56.5000
v 0.0000 304.0001 38.5000
v 1.0000 304.0001 56.5000
v 0.0000 0.0000 313.0001
v 47.5000 108.4999 12.7279
v 0.0000 0.0000 1.0000
v 1.0000 1.0000 0.0000
v 0.0000 0.0000 322.0001
v 0.0000 1.0000 322.0001
v 0.0000 0.0000 304.0001
v 1.0039 1.0000 304.0001
v 1.0039 0.0000 0.0000
v 313.0001 28.5000 108.4999
v 12.7279 0.0000 0.0000
v 1.0000 1.0000 1.0000
v 341.0001 38.5000 108.4999
v 341.0001 56.5000 108.4999
v 323.0001 38.5000 108.4999
v 323.0001 56.5000 108.4999
v 341.0001 19.5000 108.4999
v 341.0001 37.5000 108.4999
v 323.0001 19.5000 108.4999
v 323.0001 37.5000 108.4999
v 0.0000 0.0000 332.0001
v 38.0000 108.4999 20.5730
v 0.0000 0.0000 1.0000
v 1.0000 1.0000 0.0000
v 0.0000 303.0001 19.5000
v 1.0000 303.0001 37.5000
v 0.0000 285.0001 19.5000
v 1.0000 285.0001 37.5000
v 0.0000 0.0000 294.0001
v 28.5000 108.4999 12.7279
v 0.0000 0.0000 1.0000
v 1.0000 1.0000 0.0000
v 0.0000 0.0000 303.0001
v 0.0000 1.0000 303.0001
v 0.0000 0.0000 285.0001
v 1.0039 1.0000 285.0001
v 1.0039 0.0000 0.0000
v 294.0001 47.5000 108.4999
v 12.7279 0.0000 0.0000
v 1.0000 1.0000 1.0000
v 0.0000 0.3161 -6.8822
v 5.7663 4.0842 0.0000
v 0.0000 -0.0245 30.0000
v -104.0499 0.0000 0.0000
v 0.0000 1.2000 1.2000
v 1.2000 0.0000 0.0000
v 0.8706 0.0000 0.0000
v 0.0000 0.0000 -5.4085
v -4.2671 -3.3717 7.6154
v 0.0000 0.0000 -0.0245
v 30.0000 -104.0490 0.0000
v 0.0000 0.0000 1.1000
v 1.1000 1.1000 0.0000
v 0.1137 0.5176 0.0000
v 0.0000 5.1494 -6.1232
v -3.0784 4.8133 0.0000
v 0.0000 -0.0245 30.0000
v -104.0490 0.0000 0.0000
v 0.0000 1.1000 1.1000
v 1.1000 0.0000 0.0000
v 0.0000 0.0000 3.5041
v 0.0000 0.0000 53.7814
v 22.5000 -92.6614 0.0000
v 0.0000 0.0000 1.0000
v 1.0000 1.0000 0.0000
v 1.0039 -5.0196 0.0000
v 0.0000 64.3169 45.0000
v -63.8225 69.4886 0.0000
v 0.0000 1.0000 1.0000
v 1.0000 0.0000 0.0000
v 0.0000 0.0000 102.0000
v 0.0000 398.4969 0.0000
v 0.0000 1.0000 1.0000
v 1.0000 0.0000 0.0000
v 0.0000 0.0000 9.5523
v 1.0000 -9.5523 135.8989
v 0.0000 0.0000 1.0000
v 1.0000 1.0000 0.0000
v -169.9999 5.5000 -154.8746
v 151.6740 0.0000 0.0000
v -59.9999 -5.5000 6.0635
v 1.0000 1.0000 1.0000
v 0.8627 0.0000 0.0000
v 0.0000 -69.7955 0.5000
v -6.0635 250.6111 0.0000
v 0.0000 -59.9999 -0.5000
v 6.0635 0.0000 0.0000
v 0.0000 1.0000 1.0000
v 1.0000 0.0000 0.0000
v 0.0000 0.0000 354.6673
v 0.5000 25.0000 39.4751
v 0.0000 0.0000 1.0000
v 1.0000 1.0000 0.0000
v 0.0000 0.1961 0.0000
v 0.0000 -54.7954 -5.5000
v -38.8111 334.9612 0.0000
v 0.0000 1.0000 1.0000
v 1.0000 0.0000 0.0000
v 1.0000 0.0000 0.0000
v 0.0000 0.0000 -25.0000
v -25.0000 0.0000 141.9507
v 0.0000 0.0000 375.0000
v 0.0000 25.0000 0.0000
v 0.0000 0.0000 1.0000
v 1.0000 1.0000 0.0000
v 0.0000 32.4636 1.3000
v -57.0114 59.2099 0.0000
v 0.0000 1.0000 1.0000
v 1.0000 0.0000 0.0000
v 2.0078 0.0000 0.0000
v 18.5750 1.3000 20.2494
v 161.6050 0.0000 0.0000
v 1.0000 1.0000 1.0000
v 0.0078 0.2392 0.0000
v 0.0000 0.0000 32.5385
v 2.6000 -56.9365 54.7659
v 0.0000 0.0000 1.0000
v 1.0000 1.0000 0.0000
v 0.0000 3.0000 -85.1227
v 62.3024 0.0000 0.0000
v 1.0000 1.0000 1.0000
v 0.3451 0.0000 0.0000
v 0.0000 0.0000 0.7500
v 1.0000 163.5469 0.0000
v 0.0000 1.0000 1.0000
v 1.0000 0.0000 0.0000
v 0.0000 1.0000 0.0000
v 0.0000 -0.0000 -2.0000
v 122.6673 181.1783 0.0000
v 0.0000 1.0000 1.0000
v 1.0000 0.0000 0.0000
v 0.0000 -5.2980 0.0000
v 0.0000 176.4483 0.0000
v 147.2467 88.4163 0.0000
v 0.0000 1.0000 1.0000
v 1.0000 0.0000 0.0000
v 0.0000 0.0000 -70.0000
v 0.0000 -78.2954 -0.0000
v 0.0941 0.8471 70.0000
v 0.0000 -78.2954 -0.0000
v 0.9098 0.8471 19.2046
v 0.0000 -78.2954 -0.0000
v 0.6157 0.8471 -19.2046
v 0.0000 -78.2954 -0.0000
v 0.3882 0.8471 19.2046
v 0.0000 -7.5000 -0.0000
v 0.6157 0.1569 -19.2046
v 0.0000 -7.5000 -0.0000
v 0.3882 0.1569 -50.0000
v 0.0000 -7.5000 -0.0000
v 0.2118 0.1569 -70.0000
v 0.0000 -27.5000 -0.0000
v 0.0941 0.3490 50.0000
v 0.0000 -7.5000 -0.0000
v 0.7922 0.1569 70.0000
v 0.0000 -27.5000 -0.0000
v 0.9098 0.3490 0.0000
v -42.8977 78.4410 0.0000
v 0.0000 1.0000 1.0000
v 1.0000 0.0000 0.0000
v 0.6275 0.2000 0.0000
v 0.0000 0.0000 52.6540
v 22.1500 -91.8220 8.5839
v 0.0000 0.0000 1.0000
v 1.0000 1.0000 0.0000
v -0.0350 25.2500 -104.1500
v 13.0486 0.0000 0.0000
v 1.0000 1.0000 1.0000
v 0.0000 -66.9500 34.5000
v 43.9500 22.1496 0.0000
v 0.0000 1.0000 1.0000
v 1.0000 0.0000 0.0000
v 0.8588 0.0000 0.0000
v 0.0000 0.0000 3.7949
v 31.7500 -51.0529 72.6245
v 0.0000 0.0000 1.0000
v 1.0000 1.0000 0.0000
v 0.7843 0.0000 0.0000
v 0.0000 0.0000 67.5000
v 74.0500 66.5496 0.0000
v 4.0000 0.0000 0.0000
v 0.0000 1.0000 1.0000
v 1.0000 0.0000 0.0000
v 0.0500 34.6500 65.0500
v 72.9694 0.0000 0.0000
v 1.0000 1.0000 1.0000
v 0.9922 0.0000 0.0000
v 60.2928 35.5000 -59.9178
v 65.8829 0.0000 0.0000
v 1.0000 1.0000 1.0000
v 0.6000 0.0000 0.0000
v 0.0000 0.0000 -0.1000
v 30.0000 118.5000 59.0877
v 0.0000 0.1000 0.0000
v 0.0000 0.0000 1.0000
v 1.0000 1.0000 0.0000
v 0.0000 1.0000 26.6406
v 5.0000 -123.9000 0.0000
v 0.8784 0.8745 26.6406
v 47.8333 -123.9000 0.0000
v 0.8784 0.1216 -26.6406
v 5.0000 -123.9000 0.0000
v 0.1255 0.8745 -26.6406
v 47.8333 -123.9000 0.0000
v 0.1255 0.1216 -18.8226
v 5.0000 -123.9493 0.0000
v 0.3569 0.1216 18.8226
v 5.0000 -123.9493 0.0000
v 0.6471 0.1216 0.0000
v 0.0000 28.9250 -6.2686
v 162.5543 0.0000 0.0000
v 1.0000 1.0000 1.0000
v 0.0000 196.7868 0.0000
v 526.1199 0.0000 0.0000
v 1.0000 1.0000 1.0000
v 0.0000 0.0000 1.0000
v 1.0000 1.0000 0.0000
v -0.7922 0.0000 0.0000
v 1030.1095 -295.0490 695.0776
v 2140.4297 0.0000 0.0000
v 1.0000 1.0000 1.0000
v 0.0000 1.0000 1.0000
v 1.0000 0.0000 0.0000
v 1.0000 0.0000 0.0000
v 1487.2866 -408.6990 1249.3899
v 3040.8274 0.0000 0.0000
v 1.0000 1.0000 1.0000
v 0.0000 0.0000 355.0740
v 1.9451 1.0000 366.9999
v 1.9804 0.6588 355.0740
v 1.9451 0.3137 320.1089
v 1.8471 0.0000 17.0000
v 0.9882 1.0000 17.0000
v 0.9882 0.6588 17.0000
v 0.9882 0.3137 17.0000
v 0.9882 0.0000 -321.0740
v 0.0353 1.0000 -333.0000
v 0.0000 0.6588 -321.0740
v 0.0353 0.3137 -286.1089
v 0.1333 0.0000 -311.0740
v 0.0627 1.0000 -322.9999
v 0.0275 0.6588 -311.0740
v 0.0627 0.3137 -276.1089
v 0.1608 0.0000 27.0000
v 1.0196 1.0000 27.0001
v 1.0196 0.6588 27.0000
v 1.0196 0.3137 27.0000
v 1.0196 0.0000 142.5740
v 1.9725 1.0000 154.5000
v 2.0078 0.6588 142.5740
v 1.9725 0.3137 107.6089
v 1.8745 0.0000 0.0000
v 17.0000 84.4134 -67.0000
v 647.7885 0.0000 0.0000
v 1.0000 1.0000 1.0000
v 0.0000 1.4142 0.5000
v 0.0000 1.4142 0.5000
v 0.4353 1.4142 0.5000
v 0.0000 1.4142 -3.5000
v 0.2471 1.4142 -3.5000
v 1.0000 1.4142 -3.5000
v 1.0000 1.4142 -3.5000
v 1.0000 1.4142 -3.5000
v 0.2471 1.4142 -3.5000
v 1.0000 1.4142 0.5000
v 0.0000 1.4142 0.5000
v 0.4039 1.4142 0.5000
v 0.0000 -1.4142 -3.5000
v 1.0000 -1.4142 -3.5000
v 1.0000 -1.4142 -3.5000
v 1.0000 -1.4142 0.5000
v 0.0000 -1.4142 0.5000
v 0.0000 -1.4142 0.5000
v 0.4039 -1.4142 -3.5000
v 1.0000 -1.4142 -3.5000
v 1.0000 -1.4142 -3.5000
v 1.0000 -1.4142 0.5000
v 0.0000 -1.4142 0.5000
v 0.0000 -1.4142 0.5000
v 0.4353 -1.2500 -0.5000
v 0.3412 -1.2500 -0.5000
v 0.3412 -1.2500 -0.5000
v 0.3412 -1.2500 -0.5000
v 0.3412 -5.0000 152.7000
v 0.8745 -5.0000 152.7000
v 0.8745 -5.0000 152.7000
v 0.8745 -5.0000 152.7000
v 0.8745 1.2500 -0.5000
v 0.3412 1.2500 -0.5000
v 0.3412 1.2500 -0.5000
v 0.3412 1.2500 -0.5000
v 0.3412 5.0000 152.7000
v 0.8745 5.0000 152.7000
v 0.8745 5.0000 152.7000
v 0.8745 5.0000 152.7000
v 0.8745 -1.2500 -0.0000
v 0.3412 -1.2500 -0.0000
v 0.3412 -1.2500 -0.0000
v 0.3412 -1.2500 -0.0000
v 0.3412 -5.0000 74.7000
v 0.8745 -5.0000 74.7000
v 0.8745 -5.0000 74.7000
v 0.8745 -5.0000 74.7000
v 0.8745 1.2500 -0.0000
v 0.3412 1.2500 -0.0000
v 0.3412 1.2500 -0.0000
v 0.3412 1.2500 -0.0000
v 0.3412 5.0000 74.7000
v 0.8745 5.0000 74.7000
v 0.8745 5.0000 74.7000
v 0.8745 5.0000 74.7000
v 0.8745 0.0000 0.0000
v -0.0000 74.6000 -0.0000
v 78.4194 0.0000 0.0000
v -99.5000 9.5000 -126.0000
v 1.0000 1.0000 1.0000
v 0.0000 1.4142 0.5000
v 0.0000 1.4142 0.5000
v 0.4353 1.4142 0.5000
v 0.0000 1.4142 -3.5000
v 0.2471 1.4142 -3.5000
v 1.0000 1.4142 -3.5000
v 1.0000 1.4142 -3.5000
v 1.0000 1.4142 -3.5000
v 0.2471 1.4142 -3.5000
v 1.0000 1.4142 0.5000
v 0.0000 1.4142 0.5000
v 0.4039 1.4142 0.5000
v 0.0000 -1.4142 -3.5000
v 1.0000 -1.4142 -3.5000
v 1.0000 -1.4142 -3.5000
v 1.0000 -1.4142 0.5000
v 0.0000 -1.4142 0.5000
v 0.0000 -1.4142 0.5000
v 0.4039 -1.4142 -3.5000
v 1.0000 -1.4142 -3.5000
v 1.0000 -1.4142 -3.5000
v 1.0000 -1.4142 0.5000
v 0.0000 -1.4142 0.5000
v 0.0000 -1.4142 0.5000
v 0.4353 -1.2500 -0.5000
v 0.3412 -1.2500 -0.5000
v 0.3412 -1.2500 -0.5000
v 0.3412 -1.2500 -0.5000
v 0.3412 -5.0000 152.7000
v 0.8745 -5.0000 152.7000
v 0.8745 -5.0000 152.7000
v 0.8745 -5.0000 152.7000
v 0.8745 1.2500 -0.5000
v 0.3412 1.2500 -0.5000
v 0.3412 1.2500 -0.5000
v 0.3412 1.2500 -0.5000
v 0.3412 5.0000 152.7000
v 0.8745 5.0000 152.7000
v 0.8745 5.0000 152.7000
v 0.8745 5.0000 152.7000
v 0.8745 -1.2500 -0.0000
v 0.3412 -1.2500 -0.0000
v 0.3412 -1.2500 -0.0000
v 0.3412 -1.2500 -0.0000
v 0.3412 -5.0000 74.7000
v 0.8745 -5.0000 74.7000
v 0.8745 -5.0000 74.7000
v 0.8745 -5.0000 74.7000
v 0.8745 1.2500 -0.0000
v 0.3412 1.2500 -0.0000
v 0.3412 1.2500 -0.0000
v 0.3412 1.2500 -0.0000
v 0.3412 5.0000 74.7000
v 0.8745 5.0000 74.7000
v 0.8745 5.0000 74.7000
v 0.8745 5.0000 74.7000
v 0.8745 0.0000 0.0000
v -0.0000 74.6000 -0.0000
v 78.4194 0.0000 0.0000
v -144.5000 9.5000 -200.0000
v 1.0000 1.0000 1.0000
v 0.0000 1.4142 0.5000
v 0.0000 1.4142 0.5000
v 0.4353 1.4142 0.5000
v 0.0000 1.4142 -3.5000
v 0.2471 1.4142 -3.5000
v 1.0000 1.4142 -3.5000
v 1.0000 1.4142 -3.5000
v 1.0000 1.4142 -3.5000
v 0.2471 1.4142 -3.5000
v 1.0000 1.4142 0.5000
v 0.0000 1.4142 0.5000
v 0.4039 1.4142 0.5000
v 0.0000 -1.4142 -3.5000
v 1.0000 -1.4142 -3.5000
v 1.0000 -1.4142 -3.5000
v 1.0000 -1.4142 0.5000
v 0.0000 -1.4142 0.5000
v 0.0000 -1.4142 0.5000
v 0.4039 -1.4142 -3.5000
v 1.0000 -1.4142 -3.5000
v 1.0000 -1.4142 -3.5000
v 1.0000 -1.4142 0.5000
v 0.0000 -1.4142 0.5000
v 0.0000 -1.4142 0.5000
v 0.4353 -1.2500 -0.5000
v 0.3412 -1.2500 -0.5000
v 0.3412 -1.2500 -0.5000
v 0.3412 -1.2500 -0.5000
v 0.3412 -5.0000 152.7000
v 0.8745 -5.0000 152.7000
v 0.8745 -5.0000 152.7000
v 0.8745 -5.0000 152.7000
v 0.8745 1.2500 -0.5000
v 0.3412 1.2500 -0.5000
v 0.3412 1.2500 -0.5000
v 0.3412 1.2500 -0.5000
v 0.3412 5.0000 152.7000
v 0.8745 5.0000 152.7000
v 0.8745 5.0000 152.7000
v 0.8745 5.0000 152.7000
v 0.8745 -1.2500 -0.0000
v 0.3412 -1.2500 -0.0000
v 0.3412 -1.2500 -0.0000
v 0.3412 -1.2500 -0.0000
v 0.3412 -5.0000 74.7000
v 0.8745 -5.0000 74.7000
v 0.8745 -5.0000 74.7000
v 0.8745 -5.0000 74.7000
v 0.8745 1.2500 -0.0000
v 0.3412 1.2500 -0.0000
v 0.3412 1.2500 -0.0000
v 0.3412 1.2500 -0.0000
v 0.3412 5.0000 74.7000
v 0.8745 5.0000 74.7000
v 0.8745 5.0000 74.7000
v 0.8745 5.0000 74.7000
v 0.8745 0.0000 0.0000
v -0.0000 74.6000 -0.0000
v 78.4194 0.0000 0.0000
v -231.5000 9.5000 -233.5000
v 1.0000 1.0000 1.0000
v 0.0000 1.4142 0.5000
v 0.0000 1.4142 0.5000
v 0.4353 1.4142 0.5000
v 0.0000 1.4142 -3.5000
v 0.2471 1.4142 -3.5000
v 1.0000 1.4142 -3.5000
v 1.0000 1.4142 -3.5000
v 1.0000 1.4142 -3.5000
v 0.2471 1.4142 -3.5000
v 1.0000 1.4142 0.5000
v 0.0000 1.4142 0.5000
v 0.4039 1.4142 0.5000
v 0.0000 -1.4142 -3.5000
v 1.0000 -1.4142 -3.5000
v 1.0000 -1.4142 -3.5000
v 1.0000 -1.4142 0.5000
v 0.0000 -1.4142 0.5000
v 0.0000 -1.4142 0.5000
v 0.4039 -1.4142 -3.5000
v 1.0000 -1.4142 -3.5000
v 1.0000 -1.4142 -3.5000
v 1.0000 -1.4142 0.5000
v 0.0000 -1.4142 0.5000
v 0.0000 -1.4142 0.5000
v 0.4353 -1.2500 -0.5000
v 0.3412 -1.2500 -0.5000
v 0.3412 -1.2500 -0.5000
v 0.3412 -1.2500 -0.5000
v 0.3412 -5.0000 152.7000
v 0.8745 -5.0000 152.7000
v 0.8745 -5.0000 152.7000
v 0.8745 -5.0000 152.7000
v 0.8745 1.2500 -0.5000
v 0.3412 1.2500 -0.5000
v 0.3412 1.2500 -0.5000
v 0.3412 1.2500 -0.5000
v 0.3412 5.0000 152.7000
v 0.8745 5.0000 152.7000
v 0.8745 5.0000 152.7000
v 0.8745 5.0000 152.7000
v 0.8745 -1.2500 -0.0000
v 0.3412 -1.2500 -0.0000
v 0.3412 -1.2500 -0.0000
v 0.3412 -1.2500 -0.0000
v 0.3412 -5.0000 74.7000
v 0.8745 -5.0000 74.7000
v 0.8745 -5.0000 74.7000
v 0.8745 -5.0000 74.7000
v 0.8745 1.2500 -0.0000
v 0.3412 1.2500 -0.0000
v 0.3412 1.2500 -0.0000
v 0.3412 1.2500 -0.0000
v 0.3412 5.0000 74.7000
v 0.8745 5.0000 74.7000
v 0.8745 5.0000 74.7000
v 0.8745 5.0000 74.7000
v 0.8745 0.0000 0.0000
v -0.0000 74.6000 -0.0000
v 78.4194 0.0000 0.0000
v -316.5000 9.5000 -201.5000
v 1.0000 1.0000 1.0000
v 0.0000 1.4142 0.5000
v 0.0000 1.4142 0.5000
v 0.4353 1.4142 0.5000
v 0.0000 1.4142 -3.5000
v 0.2471 1.4142 -3.5000
v 1.0000 1.4142 -3.5000
v 1.0000 1.4142 -3.5000
v 1.0000 1.4142 -3.5000
v 0.2471 1.4142 -3.5000
v 1.0000 1.4142 0.5000
v 0.0000 1.4142 0.5000
v 0.4039 1.4142 0.5000
v 0.0000 -1.4142 -3.5000
v 1.0000 -1.4142 -3.5000
v 1.0000 -1.4142 -3.5000
v 1.0000 -1.4142 0.5000
v 0.0000 -1.4142 0.5000
v 0.0000 -1.4142 0.5000
v 0.4039 -1.4142 -3.5000
v 1.0000 -1.4142 -3.5000
v 1.0000 -1.4142 -3.5000
v 1.0000 -1.4142 0.5000
v 0.0000 -1.4142 0.5000
v 0.0000 -1.4142 0.5000
v 0.4353 -1.2500 -0.5000
v 0.3412 -1.2500 -0.5000
v 0.3412 -1.2500 -0.5000
v 0.3412 -1.2500 -0.5000
v 0.3412 -5.0000 152.7000
v 0.8745 -5.0000 152.7000
v 0.8745 -5.0000 152.7000
v 0.8745 -5.0000 152.7000
v 0.8745 1.2500 -0.5000
v 0.3412 1.2500 -0.5000
v 0.3412 1.2500 -0.5000
v 0.3412 1.2500 -0.5000
v 0.3412 5.0000 152.7000
v 0.8745 5.0000 152.7000
v 0.8745 5.0000 152.7000
v 0.8745 5.0000 152.7000
v 0.8745 -1.2500 -0.0000
v 0.3412 -1.2500 -0.0000
v 0.3412 -1.2500 -0.0000
v 0.3412 -1.2500 -0.0000
v 0.3412 -5.0000 74.7000
v 0.8745 -5.0000 74.7000
v 0.8745 -5.0000 74.7000
v 0.8745 -5.0000 74.7000
v 0.8745 1.2500 -0.0000
v 0.3412 1.2500 -0.0000
v 0.3412 1.2500 -0.0000
v 0.3412 1.2500 -0.0000
v 0.3412 5.0000 74.7000
v 0.8745 5.0000 74.7000
v 0.8745 5.0000 74.7000
v 0.8745 5.0000 74.7000
v 0.8745 0.0000 0.0000
v -0.0000 74.6000 -0.0000
v 78.4194 0.0000 0.0000
v -361.0000 9.5000 -122.5000
v 1.0000 1.0000 1.0000
v 0.0000 1.4142 0.5000
v 0.0000 1.4142 0.5000
v 0.4353 1.4142 0.5000
v 0.0000 1.4142 -3.5000
v 0.2471 1.4142 -3.5000
v 1.0000 1.4142 -3.5000
v 1.0000 1.4142 -3.5000
v 1.0000 1.4142 -3.5000
v 0.2471 1.4142 -3.5000
v 1.0000 1.4142 0.5000
v 0.0000 1.4142 0.5000
v 0.4039 1.4142 0.5000
v 0.0000 -1.4142 -3.5000
v 1.0000 -1.4142 -3.5000
v 1.0000 -1.4142 -3.5000
v 1.0000 -1.4142 0.5000
v 0.0000 -1.4142 0.5000
v 0.0000 -1.4142 0.5000
v 0.4039 -1.4142 -3.5000
v 1.0000 -1.4142 -3.5000
v 1.0000 -1.4142 -3.5000
v 1.0000 -1.4142 0.5000
v 0.0000 -1.4142 0.5000
v 0.0000 -1.4142 0.5000
v 0.4353 -1.2500 -0.5000
v 0.3412 -1.2500 -0.5000
v 0.3412 -1.2500 -0.5000
v 0.3412 -1.2500 -0.5000
v 0.3412 -5.0000 152.7000
v 0.8745 -5.0000 152.7000
v 0.8745 -5.0000 152.7000
v 0.8745 -5.0000 152.7000
v 0.8745 1.2500 -0.5000
v 0.3412 1.2500 -0.5000
v 0.3412 1.2500 -0.5000
v 0.3412 1.2500 -0.5000
v 0.3412 5.0000 152.7000
v 0.8745 5.0000 152.7000
v 0.8745 5.0000 152.7000
v 0.8745 5.0000 152.7000
v 0.8745 -1.2500 -0.0000
v 0.3412 -1.2500 -0.0000
v 0.3412 -1.2500 -0.0000
v 0.3412 -1.2500 -0.0000
v 0.3412 -5.0000 74.7000
v 0.8745 -5.0000 74.7000
v 0.8745 -5.0000 74.7000
v 0.8745 -5.0000 74.7000
v 0.8745 1.2500 -0.0000
v 0.3412 1.2500 -0.0000
v 0.3412 1.2500 -0.0000
v 0.3412 1.2500 -0.0000
v 0.3412 5.0000 74.7000
v 0.8745 5.0000 74.7000
v 0.8745 5.0000 74.7000
v 0.8745 5.0000 74.7000
v 0.8745 0.0000 0.0000
v -0.0000 74.6000 -0.0000
v 78.4194 0.0000 0.0000
v 1.0000 1.0000 1.0000
v 0.0000 1.4142 0.5000
v 0.0000 1.4142 0.5000
v 0.4353 1.4142 0.5000
v 0.0000 1.4142 -3.5000
v 0.2471 1.4142 -3.5000
v 1.0000 1.4142 -3.5000
v 1.0000 1.4142 -3.5000
v 1.0000 1.4142 -3.5000
v 0.2471 1.4142 -3.5000
v 1.0000 1.4142 0.5000
v 0.0000 1.4142 0.5000
v 0.4039 1.4142 0.5000
v 0.0000 -1.4142 -3.5000
v 1.0000 -1.4142 -3.5000
v 1.0000 -1.4142 -3.5000
v 1.0000 -1.4142 0.5000
v 0.0000 -1.4142 0.5000
v 0.0000 -1.4142 0.5000
v 0.4039 -1.4142 -3.5000
v 1.0000 -1.4142 -3.5000
v 1.0000 -1.4142 -3.5000
v 1.0000 -1.4142 0.5000
v 0.0000 -1.4142 0.5000
v 0.0000 -1.4142 0.5000
v 0.4353 -1.2500 -0.5000
v 0.3412 -1.2500 -0.5000
v 0.3412 -1.2500 -0.5000
v 0.3412 -1.2500 -0.5000
v 0.3412 -5.0000 152.7000
v 0.8745 -5.0000 152.7000
v 0.8745 -5.0000 152.7000
v 0.8745 -5.0000 152.7000
v 0.8745 1.2500 -0.5000
v 0.3412 1.2500 -0.5000
v 0.3412 1.2500 -0.5000
v 0.3412 1.2500 -0.5000
v 0.3412 5.0000 152.7000
v 0.8745 5.0000 152.7000
v 0.8745 5.0000 152.7000
v 0.8745 5.0000 152.7000
v 0.8745 -1.2500 -0.0000
v 0.3412 -1.2500 -0.0000
v 0.3412 -1.2500 -0.0000
v 0.3412 -1.2500 -0.0000
v 0.3412 -5.0000 74.7000
v 0.8745 -5.0000 74.7000
v 0.8745 -5.0000 74.7000
v 0.8745 -5.0000 74.7000
v 0.8745 1.2500 -0.0000
v 0.3412 1.2500 -0.0000
v 0.3412 1.2500 -0.0000
v 0.3412 1.2500 -0.0000
v 0.3412 5.0000 74.7000
v 0.8745 5.0000 74.7000
v 0.8745 5.0000 74.7000
v 0.8745 5.0000 74.7000
v 0.8745 0.0000 0.0000
v -0.0000 74.6000 -0.0000
v 78.4194 0.0000 0.0000
v 65.0000 2.8391 306.5000
v 1.0000 1.0000 1.0000
v 0.0000 1.4142 0.5000
v 0.0000 1.4142 0.5000
v 0.4353 1.4142 0.5000
v 0.0000 1.4142 -3.5000
v 0.2471 1.4142 -3.5000
v 1.0000 1.4142 -3.5000
v 1.0000 1.4142 -3.5000
v 1.0000 1.4142 -3.5000
v 0.2471 1.4142 -3.5000
v 1.0000 1.4142 0.5000
v 0.0000 1.4142 0.5000
v 0.4039 1.4142 0.5000
v 0.0000 -1.4142 -3.5000
v 1.0000 -1.4142 -3.5000
v 1.0000 -1.4142 -3.5000
v 1.0000 -1.4142 0.5000
v 0.0000 -1.4142 0.5000
v 0.0000 -1.4142 0.5000
v 0.4039 -1.4142 -3.5000
v 1.0000 -1.4142 -3.5000
v 1.0000 -1.4142 -3.5000
v 1.0000 -1.4142 0.5000
v 0.0000 -1.4142 0.5000
v 0.0000 -1.4142 0.5000
v 0.4353 -1.2500 -0.5000
v 0.3412 -1.2500 -0.5000
v 0.3412 -1.2500 -0.5000
v 0.3412 -1.2500 -0.5000
v 0.3412 -5.0000 152.7000
v 0.8745 -5.0000 152.7000
v 0.8745 -5.0000 152.7000
v 0.8745 -5.0000 152.7000
v 0.8745 1.2500 -0.5000
v 0.3412 1.2500 -0.5000
v 0.3412 1.2500 -0.5000
v 0.3412 1.2500 -0.5000
v 0.3412 5.0000 152.7000
v 0.8745 5.0000 152.7000
v 0.8745 5.0000 152.7000
v 0.8745 5.0000 152.7000
v 0.8745 -1.2500 -0.0000
v 0.3412 -1.2500 -0.0000
v 0.3412 -1.2500 -0.0000
v 0.3412 -1.2500 -0.0000
v 0.3412 -5.0000 74.7000
v 0.8745 -5.0000 74.7000
v 0.8745 -5.0000 74.7000
v 0.8745 -5.0000 74.7000
v 0.8745 1.2500 -0.0000
v 0.3412 1.2500 -0.0000
v 0.3412 1.2500 -0.0000
v 0.3412 1.2500 -0.0000
v 0.3412 5.0000 74.7000
v 0.8745 5.0000 74.7000
v 0.8745 5.0000 74.7000
v 0.8745 5.0000 74.7000
v 0.8745 0.0000 0.0000
v -0.0000 74.6000 -0.0000
v 78.4194 0.0000 0.0000
v 1.0000 1.0000 1.0000
v 0.0000 1.4142 0.5000
v 0.0000 1.4142 0.5000
v 0.4353 1.4142 0.5000
v 0.0000 1.4142 -3.5000
v 0.2471 1.4142 -3.5000
v 1.0000 1.4142 -3.5000
v 1.0000 1.4142 -3.5000
v 1.0000 1.4142 -3.5000
v 0.2471 1.4142 -3.5000
v 1.0000 1.4142 0.5000
v 0.0000 1.4142 0.5000
v 0.4039 1.4142 0.5000
v 0.0000 -1.4142 -3.5000
v 1.0000 -1.4142 -3.5000
v 1.0000 -1.4142 -3.5000
v 1.0000 -1.4142 0.5000
v 0.0000 -1.4142 0.5000
v 0.0000 -1.4142 0.5000
v 0.4039 -1.4142 -3.5000
v 1.0000 -1.4142 -3.5000
v 1.0000 -1.4142 -3.5000
v 1.0000 -1.4142 0.5000
v 0.0000 -1.4142 0.5000
v 0.0000 -1.4142 0.5000
v 0.4353 -1.2500 -0.5000
v 0.3412 -1.2500 -0.5000
v 0.3412 -1.2500 -0.5000
v 0.3412 -1.2500 -0.5000
v 0.3412 -5.0000 152.7000
v 0.8745 -5.0000 152.7000
v 0.8745 -5.0000 152.7000
v 0.8745 -5.0000 152.7000
v 0.8745 1.2500 -0.5000
v 0.3412 1.2500 -0.5000
v 0.3412 1.2500 -0.5000
v 0.3412 1.2500 -0.5000
v 0.3412 5.0000 152.7000
v 0.8745 5.0000 152.7000
v 0.8745 5.0000 152.7000
v 0.8745 5.0000 152.7000
v 0.8745 -1.2500 -0.0000
v 0.3412 -1.2500 -0.0000
v 0.3412 -1.2500 -0.0000
v 0.3412 -1.2500 -0.0000
v 0.3412 -5.0000 74.7000
v 0.8745 -5.0000 74.7000
v 0.8745 -5.0000 74.7000
v 0.8745 -5.0000 74.7000
v 0.8745 1.2500 -0.0000
v 0.3412 1.2500 -0.0000
v 0.3412 1.2500 -0.0000
v 0.3412 1.2500 -0.0000
v 0.3412 5.0000 74.7000
v 0.8745 5.0000 74.7000
v 0.8745 5.0000 74.7000
v 0.8745 5.0000 74.7000
v 0.8745 0.0000 0.0000
v -0.0000 74.6000 -0.0000
v 78.4194 0.0000 0.0000
v 1.0000 1.0000 1.0000
v 0.0000 80.8381 96.4506
v -21.9059 68.8246 96.4266
v -22.1333 28.6583 96.2963
v -19.8078 21.0046 96.2810
v -20.1412 28.6583 96.2963
v -13.4784 21.0046 96.2810
v -13.4588 51.4165 96.3418
v -12.5608 48.2463 96.3354
v -12.3333 243.6577 96.8463
v -7.0627 236.0041 96.8310
v -6.8471 243.6577 96.8463
v -6.1294 236.0041 96.8310
v -6.3412 26.4166 96.2918
v 0.0784 23.2463 96.2855
v -0.1216 3.6583 96.2463
v -94.3686 -3.9953 96.2310
v -94.3686 3.6583 96.2463
v -92.9843 -3.9953 96.2310
v -92.8627 -3.9953 96.2310
v -92.8627 3.6583 96.2463
v -88.6510 -3.9953 96.2310
v -88.5216 -23.5833 96.1918
v -87.5490 -26.7535 96.1854
v -87.5843 -150.1682 95.9386
v -83.9294 -150.1682 95.9386
v -83.9765 -201.7532 95.8354
v -82.4549 -198.5829 95.8418
v -82.5608 -226.7532 95.7855
v -81.4431 -223.5829 95.7918
v -81.5255 -298.5828 95.6418
v -79.3882 -301.7530 95.6354
v -79.2431 -325.1678 95.5386
v -78.3137 -325.1678 95.5386
v -78.2745 -380.5796 95.4278
v -76.0706 -369.7557 95.4494
v -76.4314 -355.5797 95.5278
v -75.0628 -344.7558 95.5494
v -75.4000 -405.5795 95.3278
v -73.0392 -394.7556 95.3494
v -73.3333 -375.1677 95.3886
v -71.8078 -375.1677 95.3886
v -72.5216 -348.5826 95.5418
v -70.7333 -348.5826 95.5418
v -70.7333 -351.7529 95.5355
v -71.5529 -271.3411 95.6963
v -68.5255 -278.9948 95.6810
v -69.4274 -271.3411 95.6963
v -67.0941 -278.9948 95.6810
v -67.9686 -173.5830 95.8918
v -64.3020 -176.7532 95.8854
v -64.9804 -148.5831 95.9418
v -63.2902 -151.7533 95.9354
v -63.9451 -53.9952 96.1310
v -60.5843 -46.3416 96.1463
v -60.8627 -53.9952 96.1310
v -58.5961 -46.3415 96.1463
v -58.5137 -78.9951 96.0810
v -57.5843 -71.3415 96.0963
v -57.4824 -78.9951 96.0810
v -56.7765 -71.3415 96.0963
v -56.8431 -53.9952 96.1310
v -55.7686 -46.3416 96.1463
v -55.8118 -53.9952 96.1310
v -54.8588 -46.3415 96.1463
v -54.6941 -76.7534 96.0854
v -53.9373 -73.5832 96.0918
v -53.5686 -123.5830 95.9418
v -52.5961 -126.7533 95.9354
v -52.0157 -146.3413 95.8963
v -51.6784 -153.9949 95.8810
v -50.8902 -146.3413 95.8963
v -50.2471 -153.9949 95.8810
v -49.4274 -173.5829 95.8418
v -49.1451 -176.7532 95.8354
v -48.4863 -328.9946 95.5810
v -44.7020 -321.3410 95.5963
v -44.2588 -328.9946 95.5810
v -43.7686 -321.3410 95.5963
v -43.7529 -201.7532 95.7854
v -40.1294 -198.5829 95.7918
v -40.1647 -178.9949 95.8310
v -39.2078 -171.3413 95.8463
v -39.0392 -178.9949 95.8310
v -37.6353 -171.3412 95.8463
v -37.4314 -151.7532 95.8854
v -36.5333 -148.5830 95.8918
v -36.4902 -26.7535 96.1854
v -32.9608 -23.5833 96.1918
v -32.8392 -3.9953 96.2310
v -32.0392 3.6583 96.2463
v -31.7137 -3.9953 96.2310
v -25.3059 3.6583 96.2463
v -24.8588 50.3190 96.3896
v -23.1412 49.3438 96.3876
v -22.9412 0.0000 0.0000
v 0.0000 -80.9609 96.0870
v 49.7562 390.8515 0.0000
v 0.0000 1.0000 1.0000
v 1.0000 0.0000 0.0000
v 0.0000 0.0000 50.7926
v 1.0039 -17.2784 49.2074
v 0.0000 -17.0902 49.2074
v 0.0000 -17.0902 76.9134
v 1.0039 -15.5059 73.0866
v 0.0000 -15.4471 76.9134
v 1.0039 -11.8353 73.0866
v 0.0000 -11.8784 50.7926
v 1.0039 -10.0667 49.2074
v 0.0000 -10.2353 -0.7926
v 1.0039 -7.5961 0.7926
v 0.0000 -7.8784 0.7926
v 0.0000 -7.8784 -75.7926
v 1.0039 -2.5137 -74.2074
v 0.0000 -2.7216 -149.2074
v 1.0039 -89.3490 -150.7926
v 0.0000 -89.3490 -150.7926
v 0.0000 1.0000 -173.0866
v 1.0039 -87.7294 -176.9134
v 0.0000 -87.5529 -173.0866
v 1.0039 -86.4784 -176.9134
v 0.0000 -86.3922 -201.9134
v 1.0039 -85.0980 -198.0866
v 0.0000 -85.3608 -201.9134
v 1.0039 -79.0549 -198.0866
v 0.0000 -79.3372 -226.9134
v 1.0039 -77.3608 -223.0865
v 0.0000 -77.6157 -226.9134
v 1.0039 -73.6902 -223.0866
v 0.0000 -74.0471 -201.9134
v 1.0039 -71.9961 -198.0865
v 0.0000 -72.3255 -201.9134
v 1.0039 -69.6039 -198.0866
v 0.0000 -69.8941 -175.7926
v 1.0039 -67.8314 -174.2074
v 0.0000 -68.2510 -148.0866
v 1.0039 -66.5059 -151.9134
v 0.0000 -67.1686 -148.0866
v 1.0039 -62.7804 -151.9134
v 0.0000 -63.6510 -173.0866
v 1.0039 -61.0863 -176.9134
v 0.0000 -61.9333 -173.0866
v 1.0039 -58.7686 -173.0866
v 1.0039 -58.7686 -176.9134
v 0.0000 -59.4235 -149.2074
v 1.0039 -57.1490 -150.7926
v 0.0000 -57.6275 -75.7926
v 1.0039 -53.6314 -74.2074
v 0.0000 -53.9020 -51.9134
v 1.0039 -52.0157 -48.0866
v 0.0000 -52.1059 -48.0866
v 0.0000 -52.1059 -51.9134
v 1.0039 -49.6196 -48.0866
v 0.0000 -49.6745 -25.7926
v 1.0039 -47.8471 -24.2074
v 0.0000 -48.0314 25.7926
v 1.0039 -45.3765 24.2074
v 0.0000 -45.6784 51.9134
v 1.0039 -43.6078 48.0866
v 0.0000 -44.0353 51.9134
v 1.0039 -42.3333 48.0866
v 0.0000 -42.8941 -24.2074
v 1.0039 -37.1765 -25.7926
v 0.0000 -37.8157 -124.2074
v 1.0039 -32.3843 -125.7926
v 0.0000 -32.9490 -125.7926
v 0.0000 -32.9490 -148.0866
v 1.0039 -30.7647 -151.9134
v 0.0000 -31.1529 -148.0866
v 1.0039 -29.6980 -148.0866
v 1.0039 -29.6980 -151.9134
v 0.0000 -29.8078 -74.2074
v 1.0039 -26.1569 -75.7926
v 0.0000 -26.1059 -49.2074
v 1.0039 -24.4627 -50.7926
v 0.0000 -24.3843 23.0866
v 1.0039 -21.0000 26.9134
v 0.0000 -20.6039 23.0866
v 1.0039 -18.6039 26.9134
v 0.0000 -18.1725 -149.2074
v 1.0039 1.0000 0.0000
v -75.0000 64.6194 -75.0000
v 217.0763 0.0000 0.0000
v 1.0000 1.0000 1.0000
v 0.0000 -79.9165 25.0000
v 0.0039 -79.9165 33.5000
v 0.2235 -79.9999 33.5000
v 0.2235 -79.9999 25.0000
v 0.0039 -79.9165 14.0000
v 0.4588 -79.9165 22.5000
v 0.6784 -79.9999 22.5000
v 0.6784 -79.9999 14.0000
v 0.4588 -69.8332 33.5000
v 0.2235 -69.8332 25.0000
v 0.0039 -59.2499 25.0000
v 0.2235 -59.2499 33.5000
v 0.0000 -69.8332 22.5000
v 0.6784 -69.8332 14.0000
v 0.4588 -51.2499 14.0000
v 0.4588 -51.2499 22.5000
v 0.2392 9.5000 43.0000
v 0.2549 9.5000 33.0000
v 0.6157 9.5000 32.0000
v 0.2549 9.5000 22.0000
v 0.6157 9.5000 21.0000
v 0.2549 9.5000 11.0000
v 0.6157 19.5000 43.0000
v 0.2549 19.5000 33.0000
v 0.6157 19.5000 32.0000
v 0.2549 19.5000 22.0000
v 0.6157 19.5000 21.0000
v 0.2549 19.5000 11.0000
v 0.6157 21.5000 43.0000
v 0.2549 21.5000 33.0000
v 0.6157 21.5000 32.0000
v 0.2627 21.5000 22.0000
v 0.6235 21.5000 21.0000
v 0.2549 21.5000 11.0000
v 0.6157 31.5000 43.0000
v 0.2549 31.5000 33.0000
v 0.6157 31.5000 32.0000
v 0.2627 31.5000 22.0000
v 0.6235 31.5000 21.0000
v 0.2549 31.5000 11.0000
v 0.6157 33.5000 43.0000
v 0.2549 33.5000 33.0000
v 0.6157 33.5000 32.0000
v 0.2549 33.5000 22.0000
v 0.6157 33.5000 21.0000
v 0.2549 33.5000 11.0000
v 0.6157 43.5000 43.0000
v 0.2549 43.5000 33.0000
v 0.6157 43.5000 32.0000
v 0.2549 43.5000 22.0000
v 0.6157 43.5000 21.0000
v 0.2549 43.5000 11.0000
v 0.6157 -43.0000 40.0000
v 0.2549 -43.0000 30.0000
v 0.4353 -43.0000 25.0000
v 0.0039 -43.0000 15.0000
v 0.2392 -43.0000 14.0000
v 0.0000 -43.0000 11.0000
v 0.4510 -33.0000 40.0000
v 0.2549 -33.0000 30.0000
v 0.4353 -32.3000 25.0000
v 0.0039 -32.3000 15.0000
v 0.2392 -9.0000 14.0000
v 0.0000 -9.0000 11.0000
v 0.4510 -31.0000 40.0000
v 0.6863 -31.0000 30.0000
v 0.9608 -31.9000 25.0000
v 0.0039 -31.9000 15.0000
v 0.2392 -43.0000 44.0000
v 0.0000 -43.0000 41.0000
v 0.4510 -21.0000 40.0000
v 0.6863 -21.0000 30.0000
v 0.9608 -21.0000 25.0000
v 0.0039 -21.0000 15.0000
v 0.2392 -9.0000 44.0000
v 0.0000 -9.0000 41.0000
v 0.4510 -19.0000 40.0000
v 0.6706 -19.0000 30.0000
v 0.9608 -19.0000 25.0000
v 0.0039 -19.0000 15.0000
v 0.2392 -43.0000 29.0000
v 0.0000 -43.0000 26.0000
v 0.4510 -9.0000 40.0000
v 0.6706 -9.0000 30.0000
v 0.9608 -9.0000 25.0000
v 0.0039 -9.0000 15.0000
v 0.2392 -9.0000 29.0000
v 0.0000 -9.0000 26.0000
v 0.4510 -43.0000 14.0000
v 0.0000 -43.0000 11.0000
v 0.4510 -9.0000 14.0000
v 0.0000 -9.0000 11.0000
v 0.4510 -43.0000 44.0000
v 0.0000 -43.0000 41.0000
v 0.4510 -9.0000 44.0000
v 0.0000 -9.0000 41.0000
v 0.4510 -43.0000 29.0000
v 0.0000 -43.0000 26.0000
v 0.4510 -9.0000 29.0000
v 0.0000 -9.0000 26.0000
v 0.4510 -69.8332 25.0000
v 0.2235 -69.8332 33.5000
v 0.0000 -69.8332 33.5000
v 0.0000 -69.8332 14.0000
v 0.4588 -69.8332 22.5000
v 0.2392 0.0000 0.0000
v -18.2499 27.5000 79.2499
v 64.6557 0.0000 0.0000
v 1.0000 1.0000 1.0000
v 1.0000 0.0000 0.0000
v 90.1897 23.9000 -51.5806
v 11.8322 0.0000 0.0000
v 1.0000 1.0000 1.0000
v 0.0000 0.0000 -1.3183
v 25.1750 -28.9897 81.8573
v 0.0000 0.0000 1.0000
v 1.0000 1.0000 0.0000
v 1.0000 0.0000 0.0000
v 0.0000 0.0000 90.1897
v 23.6500 -51.5806 23.9615
v 0.0000 0.0000 1.0000
v 1.0000 1.0000 0.0000
v 0.0000 0.0000 51.8358
v 7.6000 -89.8030 11.8322
v 0.0000 0.0000 1.0000
v 1.0000 1.0000 0.0000
v 0.0000 0.4902 0.0000
v 0.0000 51.8358 39.9500
v -89.8030 11.7180 0.0000
v 0.0000 1.0000 1.0000
v 1.0000 0.0000 0.0000
v 2.4016 23.0000 -19.9736
v 83.7542 0.0000 0.0000
v 1.0000 1.0000 1.0000
v 0.0000 0.0000 55.6046
v 24.2000 -96.1526 9.7648
v 0.0000 0.0000 1.0000
v 1.0000 1.0000 0.0000
v 0.0000 1.0000 0.0000
v 0.0000 -47.5000 27.8500
v -61.0000 29.4600 0.0000
v 0.0000 1.0000 1.0000
v 1.0000 0.0000 0.0000
v 0.0000 0.0000 -47.5000
v 27.8500 -61.0000 29.4600
v 0.0000 0.0000 1.0000
v 1.0000 1.0000 0.0000
v 1.0000 0.0000 0.0000
v 0.0000 73.0000 54.5000
v 41.5482 0.0000 0.0000
v 1.0000 1.0000 1.0000
v 1.0000 0.0000 0.0000
v 34.4577 26.2500 -62.9189
v 71.6019 0.0000 0.0000
v 1.0000 1.0000 1.0000
v 1.9765 -0.9725 0.0000
v 0.0000 10.6066 0.0000
v 0.0000 -55.0000 -0.9500
v -58.5000 0.0000 0.0000
v 0.0000 1.0000 1.0000
v 1.0000 0.0000 0.0000
v -0.9725 0.0000 0.0000
v 10.6066 0.0000 0.0000
v 55.0000 -0.9500 -58.5000
v 1.0000 1.0000 1.0000
v 0.0000 0.0000 10.6066
v 0.0000 0.0000 -37.0000
v -0.9500 -28.5000 0.0000
v 0.0000 0.0000 1.0000
v 1.0000 1.0000 0.0000
v 1.9765 -0.9725 0.0000
v 0.0000 10.6066 0.0000
v 0.0000 37.0000 -0.9500
v -28.5000 0.0000 0.0000
v 0.0000 1.0000 1.0000
v 1.0000 0.0000 0.0000
v 1.0000 0.0000 0.0000
v -0.0000 23.7500 0.0000
v 118.7770 0.0000 0.0000
v 1.0000 1.0000 1.0000
v 0.0001 197.0001 0.0000
v 836.4223 0.0000 0.0000
v 1.0000 1.0000 1.0000
v -0.9725 0.0000 0.0000
v 0.0082 -6.0000 0.0901
v 19.2573 0.0000 0.0000
v -78.7500 0.0000 93.7500
v 0.5005 1.0000 0.5005
v 0.0000 0.0000 0.0111
v -6.0000 -0.0782 19.2574
v 0.0000 0.0000 -120.6500
v 0.0000 21.3500 0.0000
v 0.0000 0.0000 0.5000
v 1.0000 0.5000 0.0000
v 1.9765 -0.9725 0.0000
v 0.0000 0.0120 -6.0000
v -0.0002 19.2574 0.0000
v 0.0000 -106.1000 0.0000
v -61.2500 0.0000 0.0000
v 0.0000 0.5000 1.0000
v 0.5000 0.0000 0.0000
v -0.9725 0.0000 0.0000
v 0.0027 -6.0000 -0.0121
v 19.2574 0.0000 0.0000
v -41.9000 0.0000 -115.1000
v 0.5000 1.0000 0.5000
v 0.0000 0.0000 0.0475
v -6.0000 -0.0126 19.2574
v 0.0000 0.0000 41.8500
v 0.0000 -115.1000 0.0000
v 0.0000 0.0000 0.5000
v 1.0000 0.5000 0.0000
v 1.9765 -0.9725 0.0000
v 0.0000 -0.0119 -6.0000
v -0.0499 19.2573 0.0000
v 0.0000 106.1000 0.0000
v -61.2000 0.0000 0.0000
v 0.0000 0.5000 1.0000
v 0.5000 0.0000 0.0000
v -0.9725 0.0000 0.0000
v 0.0390 -6.0000 -0.0280
v 19.2573 0.0000 0.0000
v 120.6000 0.0000 21.3000
v 0.5000 1.0000 0.5000
v 0.0000 0.0000 0.0414
v -6.0000 0.0406 19.2573
v 0.0000 0.0000 78.7000
v 0.0000 93.8000 0.0000
v 0.0000 0.0000 0.5000
v 1.0000 0.5000 0.0000
v 0.9882 0.7569 0.0000
v 0.0000 -0.2842 30.1500
v -19.4033 79.7740 0.0000
v 0.0000 1.0000 1.0000
v 1.0000 0.0000 0.0000
v 0.4941 0.0000 0.0000
v -0.0000 29.1123 -22.0350
v 75.7724 0.0000 0.0000
v 1.0000 1.0000 1.0000
v 0.0000 0.0000 -0.9827
v 23.0155 -25.5504 73.7314
v 0.0000 0.0000 1.0000
v 1.0000 1.0000 0.0000
v 4.0157 1.0000 0.0000
v 1067.7482 -247.3434 811.5885
v 1995.7112 0.0000 0.0000
v 1.0000 1.0000 1.0000
v 0.0000 53.7814 22.5000
v -92.6614 0.0000 53.7814
v 27.0000 -92.6614 0.0000
v 53.7814 22.5000 -92.6614
v 0.0000 53.7814 27.0000
v -92.6614 0.0000 53.7814
v 22.6500 -92.6614 0.0000
v 0.5000 1.0000 0.5000
v 0.0000 0.5466 1.0000
v 0.5466 0.0000 0.7183
v 1.0000 0.7183 0.0000
v 1.3123 1.0000 1.3123
v 0.0000 1.4452 1.0000
v 1.4452 0.0000 1.5000
v 1.0000 1.5000 0.0000
v 1.4658 1.0000 1.4658
v 0.0000 1.3526 1.0000
v 1.3529 0.0000 0.8972
v 1.0000 0.8973 0.0000
v 0.6793 1.0000 0.6794
v 0.0000 0.5339 1.0000
v 0.5339 0.0000 0.5000
v 1.0000 0.5000 0.0000
vn 0.0000 1.0000 0.0000
vn 0.0000 1.0000 0.0000
vn 0.0000 1.0000 0.0000
vn 0.0000 1.0000 0.0000
vn 0.0000 1.0000 0.0000
vn 0.0000 1.0000 0.0000
vn 0.0000 1.0000 0.0000
vn 0.0000 1.0000 0.0000
vn 0.0000 1.0000 0.0000
vn 0.0000 1.0000 0.0000
vn 0.0000 1.0000 0.0000
vn 0.0000 1.0000 0.0000
vn 0.0000 1.0000 0.0000
vn 0.0000 1.0000 0.0000
vn 0.0000 1.0000 0.0000
vn 0.0000 1.0000 0.0000
vn 0.0000 1.0000 0.0000
vn 0.0000 1.0000 0.0000
vn 0.0000 1.0000 0.0000
vn 0.0000 1.0000 0.0000
vn 0.0000 1.0000 0.0000
vn 0.0000 1.0000 0.0000
vn 0.0000 1.0000 0.0000
vn 0.0000 1.0000 0.0000
vn 0.0000 1.0000 0.0000
vn 0.0000 1.0000 0.0000
vn 0.0000 1.0000 0.0000
vn 0.0000 1.0000 0.0000
vn 0.0000 1.0000 0.0000
vn 0.0000 1.0000 0.0000
vn 0.0000 1.0000 0.0000
vn 0.0000 1.0000 0.0000
vn 0.0000 1.0000 0.0000
vn 0.0000 1.0000 0.0000
vn 0.0000 1.0000 0.0000
vn 0.0000 1.0000 0.0000
vn 0.0000 1.0000 0.0000
vn 0.0000 1.0000 0.0000
vn 0.0000 1.0000 0.0000
vn 0.0000 1.0000 0.0000
vn 0.0000 1.0000 0.0000
vn 0.0000 1.0000 0.0000
vn 0.0000 1.0000 0.0000
vn 0.0000 1.0000 0.0000
vn 0.0000 1.0000 0.0000
vn 0.0000 1.0000 0.0000
vn 0.0000 1.0000 0.0000
vn 0.0000 1.0000 0.0000
vn 0.0000 1.0000 0.0000
vn 0.0000 1.0000 0.0000
vn 0.0000 1.0000 0.0000
vn 0.0000 1.0000 0.0000
vn 0.0000 1.0000 0.0000
vn 0.0000 1.0000 0.0000
vn 0.0000 1.0000 0.0000
vn 0.0000 1.0000 0.0000
vn 0.0000 1.0000 0.0000
vn 0.0000 1.0000 0.0000
vn 0.0000 1.0000 0.0000
vn 0.0000 1.0000 0.0000
vn 0.0000 1.0000 0.0000
vn 0.0000 1.0000 0.0000
vn 0.0000 1.0000 0.0000
vn 0.0000 1.0000 0.0000
vn 0.0000 1.0000 0.0000
vn 0.0000 1.0000 0.0000
vn 0.0000 1.0000 0.0000
vn 0.0000 1.0000 0.0000
vn 0.0000 1.0000 0.0000
vn 0.0000 1.0000 0.0000
vn 0.0000 1.0000 0.0000
vn 0.0000 1.0000 0.0000
vn 0.0000 1.0000 0.0000
vn 0.0000 1.0000 0.0000
vn 0.0000 1.0000 0.0000
vn 0.0000 1.0000 0.0000
vn 0.0000 1.0000 0.0000
vn 0.0000 1.0000 0.0000
vn 0.0000 1.0000 0.0000
vn 0.0000 1.0000 0.0000
vn 0.0000 1.0000 0.0000
vn 0.0000 1.0000 0.0000
vn 0.0000 1.0000 0.0000
vn 0.0000 1.0000 0.0000
vn 0.0000 1.0000 0.0000
vn 0.0000 1.0000 0.0000
vn 0.0000 1.0000 0.0000
vn 0.0000 1.0000 0.0000
vn 0.0000 1.0000 0.0000
vn 0.0000 1.0000 0.0000
vn 0.0000 1.0000 0.0000
vn 0.0000 1.0000 0.0000
vn 0.0000 1.0000 0.0000
vn 0.0000 1.0000 0.0000
vn 0.0000 1.0000 0.0000
vn 0.0000 1.0000 0.0000
vn 0.0000 1.0000 0.0000
vn 0.0000 1.0000 0.0000
vn 0.0000 1.0000 0.0000
vn 0.0000 1.0000 0.0000
vn 0.0000 1.0000 0.0000
vn 0.0000 1.0000 0.0000
vn 0.0000 1.0000 0.0000
vn 0.0000 1.0000 0.0000
vn 0.0000 1.0000 0.0000
vn 0.0000 1.0000 0.0000
vn 0.0000 1.0000 0.0000
vn 0.0000 1.0000 0.0000
vn 0.0000 1.0000 0.0000
vn 0.0000 1.0000 0.0000
vn 0.0000 1.0000 0.0000
vn 0.0000 1.0000 0.0000
vn 0.0000 1.0000 0.0000
vn 0.0000 1.0000 0.0000
vn 0.0000 1.0000 0.0000
vn 0.0000 1.0000 0.0000
vn 0.0000 1.0000 0.0000
vn 0.0000 1.0000 0.0000
vn 0.0000 1.0000 0.0000
vn 0.0000 1.0000 0.0000
vn 0.0000 1.0000 0.0000
vn 0.0000 1.0000 0.0000
vn 0.0000 1.0000 0.0000
vn 0.0000 1.0000 0.0000
vn 0.0000 1.0000 0.0000
vn 0.0000 1.0000 0.0000
vn 0.0000 1.0000 0.0000
vn 0.0000 1.0000 0.0000
vn 0.0000 1.0000 0.0000
vn 0.0000 1.0000 0.0000
vn 0.0000 1.0000 0.0000
vn 0.0000 1.0000 0.0000
vn 0.0000 1.0000 0.0000
vn 0.0000 1.0000 0.0000
vn 0.0000 1.0000 0.0000
vn 0.0000 1.0000 0.0000
vn 0.0000 1.0000 0.0000
vn 0.0000 1.0000 0.0000
vn 0.0000 1.0000 0.0000
vn 0.0000 1.0000 0.0000
vn 0.0000 1.0000 0.0000
vn 0.0000 1.0000 0.0000
vn 0.0000 1.0000 0.0000
vn 0.0000 1.0000 0.0000
vn 0.0000 1.0000 0.0000
vn 0.0000 1.0000 0.0000
vn 0.0000 1.0000 0.0000
vn 0.0000 1.0000 0.0000
vn 0.0000 1.0000 0.0000
vn 0.0000 1.0000 0.0000
vn 0.0000 1.0000 0.0000
vn 0.0000 1.0000 0.0000
vn 0.0000 1.0000 0.0000
vn 0.0000 1.0000 0.0000
vn 0.0000 1.0000 0.0000
vn 0.0000 1.0000 0.0000
vn 0.0000 1.0000 0.0000
vn 0.0000 1.0000 0.0000
vn 0.0000 1.0000 0.0000
vn 0.0000 1.0000 0.0000
vn 0.0000 1.0000 0.0000
vn 0.0000 1.0000 0.0000
vn 0.0000 1.0000 0.0000
vn 0.0000 1.0000 0.0000
vn 0.0000 1.0000 0.0000
vn 0.0000 1.0000 0.0000
vn 0.0000 1.0000 0.0000
vn 0.0000 1.0000 0.0000
vn 0.0000 1.0000 0.0000
vn 0.0000 1.0000 0.0000
vn 0.0000 1.0000 0.0000
vn 0.0000 1.0000 0.0000
vn 0.0000 1.0000 0.0000
vn 0.0000 1.0000 0.0000
vn 0.0000 1.0000 0.0000
vn 0.0000 1.0000 0.0000
vn 0.0000 1.0000 0.0000
vn 0.0000 1.0000 0.0000
vn 0.0000 1.0000 0.0000
vn 0.0000 1.0000 0.0000
vn 0.0000 1.0000 0.0000
vn 0.0000 1.0000 0.0000
vn 0.0000 1.0000 0.0000
vn 0.0000 1.0000 0.0000
vn 0.0000 1.0000 0.0000
vn 0.0000 1.0000 0.0000
vn 0.0000 1.0000 0.0000
vn 0.0000 1.0000 0.0000
vn 0.0000 1.0000 0.0000
vn 0.0000 1.0000 0.0000
vn 0.0000 1.0000 0.0000
vn 0.0000 1.0000 0.0000
vn 0.0000 1.0000 0.0000
vn 0.0000 1.0000 0.0000
vn 0.0000 1.0000 0.0000
vn 0.0000 1.0000 0.0000
vn 0.0000 1.0000 0.0000
vn 0.0000 1.0000 0.0000
vn 0.0000 1.0000 0.0000
vn 0.0000 1.0000 0.0000
vn 0.0000 1.0000 0.0000
vn 0.0000 1.0000 0.0000
vn 0.0000 1.0000 0.0000
vn 0.0000 1.0000 0.0000
vn 0.0000 1.0000 0.0000
vn 0.0000 1.0000 0.0000
vn 0.0000 1.0000 0.0000
vn 0.0000 1.0000 0.0000
vn 0.0000 1.0000 0.0000
vn 0.0000 1.0000 0.0000
vn 0.0000 1.0000 0.0000
vn 0.0000 1.0000 0.0000
vn 0.0000 1.0000 0.0000
vn 0.0000 1.0000 0.0000
vn 0.0000 1.0000 0.0000
vn 0.0000 1.0000 0.0000
vn 0.0000 1.0000 0.0000
vn 0.0000 1.0000 0.0000
vn 0.0000 1.0000 0.0000
vn 0.0000 1.0000 0.0000
vn 0.0000 1.0000 0.0000
vn 0.0000 1.0000 0.0000
vn 0.0000 1.0000 0.0000
vn 0.0000 1.0000 0.0000
vn 0.0000 1.0000 0.0000
vn 0.0000 1.0000 0.0000
vn 0.0000 1.0000 0.0000
vn 0.0000 1.0000 0.0000
vn 0.0000 1.0000 0.0000
vn 0.0000 1.0000 0.0000
vn 0.0000 1.0000 0.0000
vn 0.0000 1.0000 0.0000
vn 0.0000 1.0000 0.0000
vn 0.0000 1.0000 0.0000
vn 0.0000 1.0000 0.0000
vn 0.0000 1.0000 0.0000
vn 0.0000 1.0000 0.0000
vn 0.0000 1.0000 0.0000
vn 0.0000 1.0000 0.0000
vn 0.0000 1.0000 0.0000
vn 0.0000 1.0000 0.0000
vn 0.0000 1.0000 0.0000
vn 0.0000 1.0000 0.0000
vn 0.0000 1.0000 0.0000
vn 0.0000 1.0000 0.0000
vn 0.0000 1.0000 0.0000
vn 0.0000 1.0000 0.0000
vn 0.0000 1.0000 0.0000
vn 0.0000 1.0000 0.0000
vn 0.0000 1.0000 0.0000
vn 0.0000 1.0000 0.0000
vn 0.0000 1.0000 0.0000
vn 0.0000 1.0000 0.0000
vn 0.0000 1.0000 0.0000
vn 0.0000 1.0000 0.0000
vn 0.0000 1.0000 0.0000
vn 0.0000 1.0000 0.0000
vn 0.0000 1.0000 0.0000
vn 0.0000 1.0000 0.0000
vn 0.0000 1.0000 0.0000
vn 0.0000 1.0000 0.0000
vn 0.0000 1.0000 0.0000
vn 0.0000 1.0000 0.0000
vn 0.0000 1.0000 0.0000
vn 0.0000 1.0000 0.0000
vn 0.0000 1.0000 0.0000
vn 0.0000 1.0000 0.0000
vn 0.0000 1.0000 0.0000
vn 0.0000 1.0000 0.0000
vn 0.0000 1.0000 0.0000
vn 0.0000 1.0000 0.0000
vn 0.0000 1.0000 0.0000
vn 0.0000 1.0000 0.0000
vn 0.0000 1.0000 0.0000
vn 0.0000 1.0000 0.0000
vn 0.0000 1.0000 0.0000
vn 0.0000 1.0000 0.0000
vn 0.0000 1.0000 0.0000
vn 0.0000 1.0000 0.0000
vn 0.0000 1.0000 0.0000
vn 0.0000 1.0000 0.0000
vn 0.0000 1.0000 0.0000
vn 0.0000 1.0000 0.0000
vn 0.0000 1.0000 0.0000
vn 0.0000 1.0000 0.0000
vn 0.0000 1.0000 0.0000
vn 0.0000 1.0000 0.0000
vn 0.0000 1.0000 0.0000
vn 0.0000 1.0000 0.0000
vn 0.0000 1.0000 0.0000
vn 0.0000 1.0000 0.0000
vn 0.0000 1.0000 0.0000
vn 0.0000 1.0000 0.0000
vn 0.0000 1.0000 0.0000
vn 0.0000 1.0000 0.0000
vn 0.0000 1.0000 0.0000
vn 0.0000 1.0000 0.0000
vn 0.0000 1.0000 0.0000
vn 0.0000 1.0000 0.0000
vn 0.0000 1.0000 0.0000
vn 0.0000 1.0000 0.0000
vn 0.0000 1.0000 0.0000
vn 0.0000 1.0000 0.0000
vn 0.0000 1.0000 0.0000
vn 0.0000 1.0000 0.0000
vn 0.0000 1.0000 0.0000
vn 0.0000 1.0000 0.0000
vn 0.0000 1.0000 0.0000
vn 0.0000 1.0000 0.0000
vn 0.0000 1.0000 0.0000
vn 0.0000 1.0000 0.0000
vn 0.0000 1.0000 0.0000
vn 0.0000 1.0000 0.0000
vn 0.0000 1.0000 0.0000
vn 0.0000 1.0000 0.0000
vn 0.0000 1.0000 0.0000
vn 0.0000 1.0000 0.0000
vn 0.0000 1.0000 0.0000
vn 0.0000 1.0000 0.0000
vn 0.0000 1.0000 0.0000
vn 0.0000 1.0000 0.0000
vn 0.0000 1.0000 0.0000
vn 0.0000 1.0000 0.0000
vn 0.0000 1.0000 0.0000
vn 0.0000 1.0000 0.0000
vn 0.0000 1.0000 0.0000
vn 0.0000 1.0000 0.0000
vn 0.0000 1.0000 0.0000
vn 0.0000 1.0000 0.0000
vn 0.0000 1.0000 0.0000
vn 0.0000 1.0000 0.0000
vn 0.0000 1.0000 0.0000
vn 0.0000 1.0000 0.0000
vn 0.0000 1.0000 0.0000
vn 0.0000 1.0000 0.0000
vn 0.0000 1.0000 0.0000
vn 0.0000 1.0000 0.0000
vn 0.0000 1.0000 0.0000
vn 0.0000 1.0000 0.0000
vn 0.0000 1.0000 0.0000
vn 0.0000 1.0000 0.0000
vn 0.0000 1.0000 0.0000
vn 0.0000 1.0000 0.0000
vn 0.0000 1.0000 0.0000
vn 0.0000 1.0000 0.0000
vn 0.0000 1.0000 0.0000
vn 0.0000 1.0000 0.0000
vn 0.0000 1.0000 0.0000
vn 0.0000 1.0000 0.0000
vn 0.0000 1.0000 0.0000
vn 0.0000 1.0000 0.0000
vn 0.0000 1.0000 0.0000
vn 0.0000 1.0000 0.0000
vn 0.0000 1.0000 0.0000
vn 0.0000 1.0000 0.0000
vn 0.0000 1.0000 0.0000
vn 0.0000 1.0000 0.0000
vn 0.0000 1.0000 0.0000
vn 0.0000 1.0000 0.0000
vn 0.0000 1.0000 0.0000
vn 0.0000 1.0000 0.0000
vn 0.0000 1.0000 0.0000
vn 0.0000 1.0000 0.0000
vn 0.0000 1.0000 0.0000
vn 0.0000 1.0000 0.0000
vn 0.0000 1.0000 0.0000
vn 0.0000 1.0000 0.0000
vn 0.0000 1.0000 0.0000
vn 0.0000 1.0000 0.0000
vn 0.0000 1.0000 0.0000
vn 0.0000 1.0000 0.0000
vn 0.0000 1.0000 0.0000
vn 0.0000 1.0000 0.0000
vn 0.0000 1.0000 0.0000
vn 0.0000 1.0000 0.0000
vn 0.0000 1.0000 0.0000
vn 0.0000 1.0000 0.0000
vn 0.0000 1.0000 0.0000
vn 0.0000 1.0000 0.0000
vn 0.0000 1.0000 0.0000
vn 0.0000 1.0000 0.0000
vn 0.0000 1.0000 0.0000
vn 0.0000 1.0000 0.0000
vn 0.0000 1.0000 0.0000
vn 0.0000 1.0000 0.0000
vn 0.0000 1.0000 0.0000
vn 0.0000 1.0000 0.0000
vn 0.0000 1.0000 0.0000
vn 0.0000 1.0000 0.0000
vn 0.0000 1.0000 0.0000
vn 0.0000 1.0000 0.0000
vn 0.0000 1.0000 0.0000
vn 0.0000 1.0000 0.0000
vn 0.0000 1.0000 0.0000
vn 0.0000 1.0000 0.0000
vn 0.0000 1.0000 0.0000
vn 0.0000 1.0000 0.0000
vn 0.0000 1.0000 0.0000
vn 0.0000 1.0000 0.0000
vn 0.0000 1.0000 0.0000
vn 0.0000 1.0000 0.0000
vn 0.0000 1.0000 0.0000
vn 0.0000 1.0000 0.0000
vn 0.0000 1.0000 0.0000
vn 0.0000 1.0000 0.0000
vn 0.0000 1.0000 0.0000
vn 0.0000 1.0000 0.0000
vn 0.0000 1.0000 0.0000
vn 0.0000 1.0000 0.0000
vn 0.0000 1.0000 0.0000
vn 0.0000 1.0000 0.0000
vn 0.0000 1.0000 0.0000
vn 0.0000 1.0000 0.0000
vn 0.0000 1.0000 0.0000
vn 0.0000 1.0000 0.0000
vn 0.0000 1.0000 0.0000
vn 0.0000 1.0000 0.0000
vn 0.0000 1.0000 0.0000
vn 0.0000 1.0000 0.0000
vn 0.0000 1.0000 0.0000
vn 0.0000 1.0000 0.0000
vn 0.0000 1.0000 0.0000
vn 0.0000 1.0000 0.0000
vn 0.0000 1.0000 0.0000
vn 0.0000 1.0000 0.0000
vn 0.0000 1.0000 0.0000
vn 0.0000 1.0000 0.0000
vn 0.0000 1.0000 0.0000
vn 0.0000 1.0000 0.0000
vn 0.0000 1.0000 0.0000
vn 0.0000 1.0000 0.0000
vn 0.0000 1.0000 0.0000
vn 0.0000 1.0000 0.0000
vn 0.0000 1.0000 0.0000
vn 0.0000 1.0000 0.0000
vn 0.0000 1.0000 0.0000
vn 0.0000 1.0000 0.0000
vn 0.0000 1.0000 0.0000
vn 0.0000 1.0000 0.0000
vn 0.0000 1.0000 0.0000
vn 0.0000 1.0000 0.0000
vn 0.0000 1.0000 0.0000
vn 0.0000 1.0000 0.0000
vn 0.0000 1.0000 0.0000
vn 0.0000 1.0000 0.0000
vn 0.0000 1.0000 0.0000
vn 0.0000 1.0000 0.0000
vn 0.0000 1.0000 0.0000
vn 0.0000 1.0000 0.0000
vn 0.0000 1.0000 0.0000
vn 0.0000 1.0000 0.0000
vn 0.0000 1.0000 0.0000
vn 0.0000 1.0000 0.0000
vn 0.0000 1.0000 0.0000
vn 0.0000 1.0000 0.0000
vn 0.0000 1.0000 0.0000
vn 0.0000 1.0000 0.0000
vn 0.0000 1.0000 0.0000
vn 0.0000 1.0000 0.0000
vn 0.0000 1.0000 0.0000
vn 0.0000 1.0000 0.0000
vn 0.0000 1.0000 0.0000
vn 0.0000 1.0000 0.0000
vn 0.0000 1.0000 0.0000
vn 0.0000 1.0000 0.0000
vn 0.0000 1.0000 0.0000
vn 0.0000 1.0000 0.0000
vn 0.0000 1.0000 0.0000
vn 0.0000 1.0000 0.0000
vn 0.0000 1.0000 0.0000
vn 0.0000 1.0000 0.0000
vn 0.0000 1.0000 0.0000
vn 0.0000 1.0000 0.0000
vn 0.0000 1.0000 0.0000
vn 0.0000 1.0000 0.0000
vn 0.0000 1.0000 0.0000
vn 0.0000 1.0000 0.0000
vn 0.0000 1.0000 0.0000
vn 0.0000 1.0000 0.0000
vn 0.0000 1.0000 0.0000
vn 0.0000 1.0000 0.0000
vn 0.0000 1.0000 0.0000
vn 0.0000 1.0000 0.0000
vn 0.0000 1.0000 0.0000
vn 0.0000 1.0000 0.0000
vn 0.0000 1.0000 0.0000
vn 0.0000 1.0000 0.0000
vn 0.0000 1.0000 0.0000
vn 0.0000 1.0000 0.0000
vn 0.0000 1.0000 0.0000
vn 0.0000 1.0000 0.0000
vn 0.0000 1.0000 0.0000
vn 0.0000 1.0000 0.0000
vn 0.0000 1.0000 0.0000
vn 0.0000 1.0000 0.0000
vn 0.0000 1.0000 0.0000
vn 0.0000 1.0000 0.0000
vn 0.0000 1.0000 0.0000
vn 0.0000 1.0000 0.0000
vn 0.0000 1.0000 0.0000
vn 0.0000 1.0000 0.0000
vn 0.0000 1.0000 0.0000
vn 0.0000 1.0000 0.0000
vn 0.0000 1.0000 0.0000
vn 0.0000 1.0000 0.0000
vn 0.0000 1.0000 0.0000
vn 0.0000 1.0000 0.0000
vn 0.0000 1.0000 0.0000
vn 0.0000 1.0000 0.0000
vn 0.0000 1.0000 0.0000
vn 0.0000 1.0000 0.0000
vn 0.0000 1.0000 0.0000
vn 0.0000 1.0000 0.0000
vn 0.0000 1.0000 0.0000
vn 0.0000 1.0000 0.0000
vn 0.0000 1.0000 0.0000
vn 0.0000 1.0000 0.0000
vn 0.0000 1.0000 0.0000
vn 0.0000 1.0000 0.0000
vn 0.0000 1.0000 0.0000
vn 0.0000 1.0000 0.0000
vn 0.0000 1.0000 0.0000
vn 0.0000 1.0000 0.0000
vn 0.0000 1.0000 0.0000
vn 0.0000 1.0000 0.0000
vn 0.0000 1.0000 0.0000
vn 0.0000 1.0000 0.0000
vn 0.0000 1.0000 0.0000
vn 0.0000 1.0000 0.0000
vn 0.0000 1.0000 0.0000
vn 0.0000 1.0000 0.0000
vn 0.0000 1.0000 0.0000
vn 0.0000 1.0000 0.0000
vn 0.0000 1.0000 0.0000
vn 0.0000 1.0000 0.0000
vn 0.0000 1.0000 0.0000
vn 0.0000 1.0000 0.0000
vn 0.0000 1.0000 0.0000
vn 0.0000 1.0000 0.0000
vn 0.0000 1.0000 0.0000
vn 0.0000 1.0000 0.0000
vn 0.0000 1.0000 0.0000
vn 0.0000 1.0000 0.0000
vn 0.0000 1.0000 0.0000
vn 0.0000 1.0000 0.0000
vn 0.0000 1.0000 0.0000
vn 0.0000 1.0000 0.0000
vn 0.0000 1.0000 0.0000
vn 0.0000 1.0000 0.0000
vn 0.0000 1.0000 0.0000
vn 0.0000 1.0000 0.0000
vn 0.0000 1.0000 0.0000
vn 0.0000 1.0000 0.0000
vn 0.0000 1.0000 0.0000
vn 0.0000 1.0000 0.0000
vn 0.0000 1.0000 0.0000
vn 0.0000 1.0000 0.0000
vn 0.0000 1.0000 0.0000
vn 0.0000 1.0000 0.0000
vn 0.0000 1.0000 0.0000
vn 0.0000 1.0000 0.0000
vn 0.0000 1.0000 0.0000
vn 0.0000 1.0000 0.0000
vn 0.0000 1.0000 0.0000
vn 0.0000 1.0000 0.0000
vn 0.0000 1.0000 0.0000
vn 0.0000 1.0000 0.0000
vn 0.0000 1.0000 0.0000
vn 0.0000 1.0000 0.0000
vn 0.0000 1.0000 0.0000
vn 0.0000 1.0000 0.0000
vn 0.0000 1.0000 0.0000
vn 0.0000 1.0000 0.0000
vn 0.0000 1.0000 0.0000
vn 0.0000 1.0000 0.0000
vn 0.0000 1.0000 0.0000
vn 0.0000 1.0000 0.0000
vn 0.0000 1.0000 0.0000
vn 0.0000 1.0000 0.0000
vn 0.0000 1.0000 0.0000
vn 0.0000 1.0000 0.0000
vn 0.0000 1.0000 0.0000
vn 0.0000 1.0000 0.0000
vn 0.0000 1.0000 0.0000
vn 0.0000 1.0000 0.0000
vn 0.0000 1.0000 0.0000
vn 0.0000 1.0000 0.0000
vn 0.0000 1.0000 0.0000
vn 0.0000 1.0000 0.0000
vn 0.0000 1.0000 0.0000
vn 0.0000 1.0000 0.0000
vn 0.0000 1.0000 0.0000
vn 0.0000 1.0000 0.0000
vn 0.0000 1.0000 0.0000
vn 0.0000 1.0000 0.0000
vn 0.0000 1.0000 0.0000
vn 0.0000 1.0000 0.0000
vn 0.0000 1.0000 0.0000
vn 0.0000 1.0000 0.0000
vn 0.0000 1.0000 0.0000
vn 0.0000 1.0000 0.0000
vn 0.0000 1.0000 0.0000
vn 0.0000 1.0000 0.0000
vn 0.0000 1.0000 0.0000
vn 0.0000 1.0000 0.0000
vn 0.0000 1.0000 0.0000
vn 0.0000 1.0000 0.0000
vn 0.0000 1.0000 0.0000
vn 0.0000 1.0000 0.0000
vn 0.0000 1.0000 0.0000
vn 0.0000 1.0000 0.0000
vn 0.0000 1.0000 0.0000
vn 0.0000 1.0000 0.0000
vn 0.0000 1.0000 0.0000
vn 0.0000 1.0000 0.0000
vn 0.0000 1.0000 0.0000
vn 0.0000 1.0000 0.0000
vn 0.0000 1.0000 0.0000
vn 0.0000 1.0000 0.0000
vn 0.0000 1.0000 0.0000
vn 0.0000 1.0000 0.0000
vn 0.0000 1.0000 0.0000
vn 0.0000 1.0000 0.0000
vn 0.0000 1.0000 0.0000
vn 0.0000 1.0000 0.0000
vn 0.0000 1.0000 0.0000
vn 0.0000 1.0000 0.0000
vn 0.0000 1.0000 0.0000
vn 0.0000 1.0000 0.0000
vn 0.0000 1.0000 0.0000
vn 0.0000 1.0000 0.0000
vn 0.0000 1.0000 0.0000
vn 0.0000 1.0000 0.0000
vn 0.0000 1.0000 0.0000
vn 0.0000 1.0000 0.0000
vn 0.0000 1.0000 0.0000
vn 0.0000 1.0000 0.0000
vn 0.0000 1.0000 0.0000
vn 0.0000 1.0000 0.0000
vn 0.0000 1.0000 0.0000
vn 0.0000 1.0000 0.0000
vn 0.0000 1.0000 0.0000
vn 0.0000 1.0000 0.0000
vn 0.0000 1.0000 0.0000
vn 0.0000 1.0000 0.0000
vn 0.0000 1.0000 0.0000
vn 0.0000 1.0000 0.0000
vn 0.0000 1.0000 0.0000
vn 0.0000 1.0000 0.0000
vn 0.0000 1.0000 0.0000
vn 0.0000 1.0000 0.0000
vn 0.0000 1.0000 0.0000
vn 0.0000 1.0000 0.0000
vn 0.0000 1.0000 0.0000
vn 0.0000 1.0000 0.0000
vn 0.0000 1.0000 0.0000
vn 0.0000 1.0000 0.0000
vn 0.0000 1.0000 0.0000
vn 0.0000 1.0000 0.0000
vn 0.0000 1.0000 0.0000
vn 0.0000 1.0000 0.0000
vn 0.0000 1.0000 0.0000
vn 0.0000 1.0000 0.0000
vn 0.0000 1.0000 0.0000
vn 0.0000 1.0000 0.0000
vn 0.0000 1.0000 0.0000
vn 0.0000 1.0000 0.0000
vn 0.0000 1.0000 0.0000
vn 0.0000 1.0000 0.0000
vn 0.0000 1.0000 0.0000
vn 0.0000 1.0000 0.0000
vn 0.0000 1.0000 0.0000
vn 0.0000 1.0000 0.0000
vn 0.0000 1.0000 0.0000
vn 0.0000 1.0000 0.0000
vn 0.0000 1.0000 0.0000
vn 0.0000 1.0000 0.0000
vn 0.0000 1.0000 0.0000
vn 0.0000 1.0000 0.0000
vn 0.0000 1.0000 0.0000
vn 0.0000 1.0000 0.0000
vn 0.0000 1.0000 0.0000
vn 0.0000 1.0000 0.0000
vn 0.0000 1.0000 0.0000
vn 0.0000 1.0000 0.0000
vn 0.0000 1.0000 0.0000
vn 0.0000 1.0000 0.0000
vn 0.0000 1.0000 0.0000
vn 0.0000 1.0000 0.0000
vn 0.0000 1.0000 0.0000
vn 0.0000 1.0000 0.0000
vn 0.0000 1.0000 0.0000
vn 0.0000 1.0000 0.0000
vn 0.0000 1.0000 0.0000
vn 0.0000 1.0000 0.0000
vn 0.0000 1.0000 0.0000
vn 0.0000 1.0000 0.0000
vn 0.0000 1.0000 0.0000
vn 0.0000 1.0000 0.0000
vn 0.0000 1.0000 0.0000
vn 0.0000 1.0000 0.0000
vn 0.0000 1.0000 0.0000
vn 0.0000 1.0000 0.0000
vn 0.0000 1.0000 0.0000
vn 0.0000 1.0000 0.0000
vn 0.0000 1.0000 0.0000
vn 0.0000 1.0000 0.0000
vn 0.0000 1.0000 0.0000
vn 0.0000 1.0000 0.0000
vn 0.0000 1.0000 0.0000
vn 0.0000 1.0000 0.0000
vn 0.0000 1.0000 0.0000
vn 0.0000 1.0000 0.0000
vn 0.0000 1.0000 0.0000
vn 0.0000 1.0000 0.0000
vn 0.0000 1.0000 0.0000
vn 0.0000 1.0000 0.0000
vn 0.0000 1.0000 0.0000
vn 0.0000 1.0000 0.0000
vn 0.0000 1.0000 0.0000
vn 0.0000 1.0000 0.0000
vn 0.0000 1.0000 0.0000
vn 0.0000 1.0000 0.0000
vn 0.0000 1.0000 0.0000
vn 0.0000 1.0000 0.0000
vn 0.0000 1.0000 0.0000
vn 0.0000 1.0000 0.0000
vn 0.0000 1.0000 0.0000
vn 0.0000 1.0000 0.0000
vn 0.0000 1.0000 0.0000
vn 0.0000 1.0000 0.0000
vn 0.0000 1.0000 0.0000
vn 0.0000 1.0000 0.0000
vn 0.0000 1.0000 0.0000
vn 0.0000 1.0000 0.0000
vn 0.0000 1.0000 0.0000
vn 0.0000 1.0000 0.0000
vn 0.0000 1.0000 0.0000
vn 0.0000 1.0000 0.0000
vn 0.0000 1.0000 0.0000
vn 0.0000 1.0000 0.0000
vn 0.0000 1.0000 0.0000
vn 0.0000 1.0000 0.0000
vn 0.0000 1.0000 0.0000
vn 0.0000 1.0000 0.0000
vn 0.0000 1.0000 0.0000
vn 0.0000 1.0000 0.0000
vn 0.0000 1.0000 0.0000
vn 0.0000 1.0000 0.0000
vn 0.0000 1.0000 0.0000
vn 0.0000 1.0000 0.0000
vn 0.0000 1.0000 0.0000
vn 0.0000 1.0000 0.0000
vn 0.0000 1.0000 0.0000
vn 0.0000 1.0000 0.0000
vn 0.0000 1.0000 0.0000
vn 0.0000 1.0000 0.0000
vn 0.0000 1.0000 0.0000
vn 0.0000 1.0000 0.0000
vn 0.0000 1.0000 0.0000
vn 0.0000 1.0000 0.0000
vn 0.0000 1.0000 0.0000
vn 0.0000 1.0000 0.0000
vn 0.0000 1.0000 0.0000
vn 0.0000 1.0000 0.0000
vn 0.0000 1.0000 0.0000
vn 0.0000 1.0000 0.0000
vn 0.0000 1.0000 0.0000
vn 0.0000 1.0000 0.0000
vn 0.0000 1.0000 0.0000
vn 0.0000 1.0000 0.0000
vn 0.0000 1.0000 0.0000
vn 0.0000 1.0000 0.0000
vn 0.0000 1.0000 0.0000
vn 0.0000 1.0000 0.0000
vn 0.0000 1.0000 0.0000
vn 0.0000 1.0000 0.0000
vn 0.0000 1.0000 0.0000
vn 0.0000 1.0000 0.0000
vn 0.0000 1.0000 0.0000
vn 0.0000 1.0000 0.0000
vn 0.0000 1.0000 0.0000
vn 0.0000 1.0000 0.0000
vn 0.0000 1.0000 0.0000
vn 0.0000 1.0000 0.0000
vn 0.0000 1.0000 0.0000
vn 0.0000 1.0000 0.0000
vn 0.0000 1.0000 0.0000
vn 0.0000 1.0000 0.0000
vn 0.0000 1.0000 0.0000
vn 0.0000 1.0000 0.0000
vn 0.0000 1.0000 0.0000
vn 0.0000 1.0000 0.0000
vn 0.0000 1.0000 0.0000
vn 0.0000 1.0000 0.0000
vn 0.0000 1.0000 0.0000
vn 0.0000 1.0000 0.0000
vn 0.0000 1.0000 0.0000
vn 0.0000 1.0000 0.0000
vn 0.0000 1.0000 0.0000
vn 0.0000 1.0000 0.0000
vn 0.0000 1.0000 0.0000
vn 0.0000 1.0000 0.0000
vn 0.0000 1.0000 0.0000
vn 0.0000 1.0000 0.0000
vn 0.0000 1.0000 0.0000
vn 0.0000 1.0000 0.0000
vn 0.0000 1.0000 0.0000
vn 0.0000 1.0000 0.0000
vn 0.0000 1.0000 0.0000
vn 0.0000 1.0000 0.0000
vn 0.0000 1.0000 0.0000
vn 0.0000 1.0000 0.0000
vn 0.0000 1.0000 0.0000
vn 0.0000 1.0000 0.0000
vn 0.0000 1.0000 0.0000
vn 0.0000 1.0000 0.0000
vn 0.0000 1.0000 0.0000
vn 0.0000 1.0000 0.0000
vn 0.0000 1.0000 0.0000
vn 0.0000 1.0000 0.0000
vn 0.0000 1.0000 0.0000
vn 0.0000 1.0000 0.0000
vn 0.0000 1.0000 0.0000
vn 0.0000 1.0000 0.0000
vn 0.0000 1.0000 0.0000
vn 0.0000 1.0000 0.0000
vn 0.0000 1.0000 0.0000
vn 0.0000 1.0000 0.0000
vn 0.0000 1.0000 0.0000
vn 0.0000 1.0000 0.0000
vn 0.0000 1.0000 0.0000
vn 0.0000 1.0000 0.0000
vn 0.0000 1.0000 0.0000
vn 0.0000 1.0000 0.0000
vn 0.0000 1.0000 0.0000
vn 0.0000 1.0000 0.0000
vn 0.0000 1.0000 0.0000
vn 0.0000 1.0000 0.0000
vn 0.0000 1.0000 0.0000
vn 0.0000 1.0000 0.0000
vn 0.0000 1.0000 0.0000
vn 0.0000 1.0000 0.0000
vn 0.0000 1.0000 0.0000
vn 0.0000 1.0000 0.0000
vn 0.0000 1.0000 0.0000
vn 0.0000 1.0000 0.0000
vn 0.0000 1.0000 0.0000
vn 0.0000 1.0000 0.0000
vn 0.0000 1.0000 0.0000
vn 0.0000 1.0000 0.0000
vn 0.0000 1.0000 0.0000
vn 0.0000 1.0000 0.0000
vn 0.0000 1.0000 0.0000
vn 0.0000 1.0000 0.0000
vn 0.0000 1.0000 0.0000
vn 0.0000 1.0000 0.0000
vn 0.0000 1.0000 0.0000
vn 0.0000 1.0000 0.0000
vn 0.0000 1.0000 0.0000
vn 0.0000 1.0000 0.0000
vn 0.0000 1.0000 0.0000
vn 0.0000 1.0000 0.0000
vn 0.0000 1.0000 0.0000
vn 0.0000 1.0000 0.0000
vn 0.0000 1.0000 0.0000
vn 0.0000 1.0000 0.0000
vn 0.0000 1.0000 0.0000
vn 0.0000 1.0000 0.0000
vn 0.0000 1.0000 0.0000
vn 0.0000 1.0000 0.0000
vn 0.0000 1.0000 0.0000
vn 0.0000 1.0000 0.0000
vn 0.0000 1.0000 0.0000
vn 0.0000 1.0000 0.0000
vn 0.0000 1.0000 0.0000
vn 0.0000 1.0000 0.0000
vn 0.0000 1.0000 0.0000
vn 0.0000 1.0000 0.0000
vn 0.0000 1.0000 0.0000
vn 0.0000 1.0000 0.0000
vn 0.0000 1.0000 0.0000
vn 0.0000 1.0000 0.0000
vn 0.0000 1.0000 0.0000
vn 0.0000 1.0000 0.0000
vn 0.0000 1.0000 0.0000
vn 0.0000 1.0000 0.0000
vn 0.0000 1.0000 0.0000
vn 0.0000 1.0000 0.0000
vn 0.0000 1.0000 0.0000
vn 0.0000 1.0000 0.0000
vn 0.0000 1.0000 0.0000
vn 0.0000 1.0000 0.0000
vn 0.0000 1.0000 0.0000
vn 0.0000 1.0000 0.0000
vn 0.0000 1.0000 0.0000
vn 0.0000 1.0000 0.0000
vn 0.0000 1.0000 0.0000
vn 0.0000 1.0000 0.0000
vn 0.0000 1.0000 0.0000
vn 0.0000 1.0000 0.0000
vn 0.0000 1.0000 0.0000
vn 0.0000 1.0000 0.0000
vn 0.0000 1.0000 0.0000
vn 0.0000 1.0000 0.0000
vn 0.0000 1.0000 0.0000
vn 0.0000 1.0000 0.0000
vn 0.0000 1.0000 0.0000
vn 0.0000 1.0000 0.0000
vn 0.0000 1.0000 0.0000
vn 0.0000 1.0000 0.0000
vn 0.0000 1.0000 0.0000
vn 0.0000 1.0000 0.0000
vn 0.0000 1.0000 0.0000
vn 0.0000 1.0000 0.0000
vn 0.0000 1.0000 0.0000
vn 0.0000 1.0000 0.0000
vn 0.0000 1.0000 0.0000
vn 0.0000 1.0000 0.0000
vn 0.0000 1.0000 0.0000
vn 0.0000 1.0000 0.0000
vn 0.0000 1.0000 0.0000
vn 0.0000 1.0000 0.0000
vn 0.0000 1.0000 0.0000
vn 0.0000 1.0000 0.0000
vn 0.0000 1.0000 0.0000
vn 0.0000 1.0000 0.0000
vn 0.0000 1.0000 0.0000
vn 0.0000 1.0000 0.0000
vn 0.0000 1.0000 0.0000
vn 0.0000 1.0000 0.0000
vn 0.0000 1.0000 0.0000
vn 0.0000 1.0000 0.0000
vn 0.0000 1.0000 0.0000
vn 0.0000 1.0000 0.0000
vn 0.0000 1.0000 0.0000
vn 0.0000 1.0000 0.0000
vn 0.0000 1.0000 0.0000
vn 0.0000 1.0000 0.0000
vn 0.0000 1.0000 0.0000
vn 0.0000 1.0000 0.0000
vn 0.0000 1.0000 0.0000
vn 0.0000 1.0000 0.0000
vn 0.0000 1.0000 0.0000
vn 0.0000 1.0000 0.0000
vn 0.0000 1.0000 0.0000
vn 0.0000 1.0000 0.0000
vn 0.0000 1.0000 0.0000
vn 0.0000 1.0000 0.0000
vn 0.0000 1.0000 0.0000
vn 0.0000 1.0000 0.0000
vn 0.0000 1.0000 0.0000
vn 0.0000 1.0000 0.0000
vn 0.0000 1.0000 0.0000
vn 0.0000 1.0000 0.0000
vn 0.0000 1.0000 0.0000
vn 0.0000 1.0000 0.0000
vn 0.0000 1.0000 0.0000
vn 0.0000 1.0000 0.0000
vn 0.0000 1.0000 0.0000
vn 0.0000 1.0000 0.0000
vn 0.0000 1.0000 0.0000
vn 0.0000 1.0000 0.0000
vn 0.0000 1.0000 0.0000
vn 0.0000 1.0000 0.0000
vn 0.0000 1.0000 0.0000
vn 0.0000 1.0000 0.0000
vn 0.0000 1.0000 0.0000
vn 0.0000 1.0000 0.0000
vn 0.0000 1.0000 0.0000
vn 0.0000 1.0000 0.0000
vn 0.0000 1.0000 0.0000
vn 0.0000 1.0000 0.0000
vn 0.0000 1.0000 0.0000
vn 0.0000 1.0000 0.0000
vn 0.0000 1.0000 0.0000
vn 0.0000 1.0000 0.0000
vn 0.0000 1.0000 0.0000
vn 0.0000 1.0000 0.0000
vn 0.0000 1.0000 0.0000
vn 0.0000 1.0000 0.0000
vn 0.0000 1.0000 0.0000
vn 0.0000 1.0000 0.0000
vn 0.0000 1.0000 0.0000
vn 0.0000 1.0000 0.0000
vn 0.0000 1.0000 0.0000
vn 0.0000 1.0000 0.0000
vn 0.0000 1.0000 0.0000
vn 0.0000 1.0000 0.0000
vn 0.0000 1.0000 0.0000
vn 0.0000 1.0000 0.0000
vn 0.0000 1.0000 0.0000
vn 0.0000 1.0000 0.0000
vn 0.0000 1.0000 0.0000
vn 0.0000 1.0000 0.0000
vn 0.0000 1.0000 0.0000
vn 0.0000 1.0000 0.0000
vn 0.0000 1.0000 0.0000
vn 0.0000 1.0000 0.0000
vn 0.0000 1.0000 0.0000
vn 0.0000 1.0000 0.0000
vn 0.0000 1.0000 0.0000
vn 0.0000 1.0000 0.0000
vn 0.0000 1.0000 0.0000
vn 0.0000 1.0000 0.0000
vn 0.0000 1.0000 0.0000
vn 0.0000 1.0000 0.0000
vn 0.0000 1.0000 0.0000
vn 0.0000 1.0000 0.0000
vn 0.0000 1.0000 0.0000
vn 0.0000 1.0000 0.0000
vn 0.0000 1.0000 0.0000
vn 0.0000 1.0000 0.0000
vn 0.0000 1.0000 0.0000
vn 0.0000 1.0000 0.0000
vn 0.0000 1.0000 0.0000
vn 0.0000 1.0000 0.0000
vn 0.0000 1.0000 0.0000
vn 0.0000 1.0000 0.0000
vn 0.0000 1.0000 0.0000
vn 0.0000 1.0000 0.0000
vn 0.0000 1.0000 0.0000
vn 0.0000 1.0000 0.0000
vn 0.0000 1.0000 0.0000
vn 0.0000 1.0000 0.0000
vn 0.0000 1.0000 0.0000
vn 0.0000 1.0000 0.0000
vn 0.0000 1.0000 0.0000
vn 0.0000 1.0000 0.0000
vn 0.0000 1.0000 0.0000
vn 0.0000 1.0000 0.0000
vn 0.0000 1.0000 0.0000
vn 0.0000 1.0000 0.0000
vn 0.0000 1.0000 0.0000
vn 0.0000 1.0000 0.0000
vn 0.0000 1.0000 0.0000
vn 0.0000 1.0000 0.0000
vn 0.0000 1.0000 0.0000
vn 0.0000 1.0000 0.0000
vn 0.0000 1.0000 0.0000
vn 0.0000 1.0000 0.0000
vn 0.0000 1.0000 0.0000
vn 0.0000 1.0000 0.0000
vn 0.0000 1.0000 0.0000
vn 0.0000 1.0000 0.0000
vn 0.0000 1.0000 0.0000
vn 0.0000 1.0000 0.0000
vn 0.0000 1.0000 0.0000
vn 0.0000 1.0000 0.0000
vn 0.0000 1.0000 0.0000
vn 0.0000 1.0000 0.0000
vn 0.0000 1.0000 0.0000
vn 0.0000 1.0000 0.0000
vn 0.0000 1.0000 0.0000
vn 0.0000 1.0000 0.0000
vn 0.0000 1.0000 0.0000
vn 0.0000 1.0000 0.0000
vn 0.0000 1.0000 0.0000
vn 0.0000 1.0000 0.0000
vn 0.0000 1.0000 0.0000
vn 0.0000 1.0000 0.0000
vn 0.0000 1.0000 0.0000
vn 0.0000 1.0000 0.0000
vn 0.0000 1.0000 0.0000
vn 0.0000 1.0000 0.0000
vn 0.0000 1.0000 0.0000
vn 0.0000 1.0000 0.0000
vn 0.0000 1.0000 0.0000
vn 0.0000 1.0000 0.0000
vn 0.0000 1.0000 0.0000
vn 0.0000 1.0000 0.0000
vn 0.0000 1.0000 0.0000
vn 0.0000 1.0000 0.0000
vn 0.0000 1.0000 0.0000
vn 0.0000 1.0000 0.0000
vn 0.0000 1.0000 0.0000
vn 0.0000 1.0000 0.0000
vn 0.0000 1.0000 0.0000
vn 0.0000 1.0000 0.0000
vn 0.0000 1.0000 0.0000
vn 0.0000 1.0000 0.0000
vn 0.0000 1.0000 0.0000
vn 0.0000 1.0000 0.0000
vn 0.0000 1.0000 0.0000
vn 0.0000 1.0000 0.0000
vn 0.0000 1.0000 0.0000
vn 0.0000 1.0000 0.0000
vn 0.0000 1.0000 0.0000
vn 0.0000 1.0000 0.0000
vn 0.0000 1.0000 0.0000
vn 0.0000 1.0000 0.0000
vn 0.0000 1.0000 0.0000
vn 0.0000 1.0000 0.0000
vn 0.0000 1.0000 0.0000
vn 0.0000 1.0000 0.0000
vn 0.0000 1.0000 0.0000
vn 0.0000 1.0000 0.0000
vn 0.0000 1.0000 0.0000
vn 0.0000 1.0000 0.0000
vn 0.0000 1.0000 0.0000
vn 0.0000 1.0000 0.0000
vn 0.0000 1.0000 0.0000
vn 0.0000 1.0000 0.0000
vn 0.0000 1.0000 0.0000
vn 0.0000 1.0000 0.0000
vn 0.0000 1.0000 0.0000
vn 0.0000 1.0000 0.0000
vn 0.0000 1.0000 0.0000
vn 0.0000 1.0000 0.0000
vn 0.0000 1.0000 0.0000
vn 0.0000 1.0000 0.0000
vn 0.0000 1.0000 0.0000
vn 0.0000 1.0000 0.0000
vn 0.0000 1.0000 0.0000
vn 0.0000 1.0000 0.0000
vn 0.0000 1.0000 0.0000
vn 0.0000 1.0000 0.0000
vn 0.0000 1.0000 0.0000
vn 0.0000 1.0000 0.0000
vn 0.0000 1.0000 0.0000
vn 0.0000 1.0000 0.0000
vn 0.0000 1.0000 0.0000
vn 0.0000 1.0000 0.0000
vn 0.0000 1.0000 0.0000
vn 0.0000 1.0000 0.0000
vn 0.0000 1.0000 0.0000
vn 0.0000 1.0000 0.0000
vn 0.0000 1.0000 0.0000
vn 0.0000 1.0000 0.0000
vn 0.0000 1.0000 0.0000
vn 0.0000 1.0000 0.0000
vn 0.0000 1.0000 0.0000
vn 0.0000 1.0000 0.0000
vn 0.0000 1.0000 0.0000
vn 0.0000 1.0000 0.0000
vn 0.0000 1.0000 0.0000
vn 0.0000 1.0000 0.0000
vn 0.0000 1.0000 0.0000
vn 0.0000 1.0000 0.0000
vn 0.0000 1.0000 0.0000
vn 0.0000 1.0000 0.0000
vn 0.0000 1.0000 0.0000
vn 0.0000 1.0000 0.0000
vn 0.0000 1.0000 0.0000
vn 0.0000 1.0000 0.0000
vn 0.0000 1.0000 0.0000
vn 0.0000 1.0000 0.0000
vn 0.0000 1.0000 0.0000
vn 0.0000 1.0000 0.0000
vn 0.0000 1.0000 0.0000
vn 0.0000 1.0000 0.0000
vn 0.0000 1.0000 0.0000
vn 0.0000 1.0000 0.0000
vn 0.0000 1.0000 0.0000
vn 0.0000 1.0000 0.0000
vn 0.0000 1.0000 0.0000
vn 0.0000 1.0000 0.0000
vn 0.0000 1.0000 0.0000
vn 0.0000 1.0000 0.0000
vn 0.0000 1.0000 0.0000
vn 0.0000 1.0000 0.0000
vn 0.0000 1.0000 0.0000
vn 0.0000 1.0000 0.0000
vn 0.0000 1.0000 0.0000
vn 0.0000 1.0000 0.0000
vn 0.0000 1.0000 0.0000
vn 0.0000 1.0000 0.0000
vn 0.0000 1.0000 0.0000
vn 0.0000 1.0000 0.0000
vn 0.0000 1.0000 0.0000
vn 0.0000 1.0000 0.0000
vn 0.0000 1.0000 0.0000
vn 0.0000 1.0000 0.0000
vn 0.0000 1.0000 0.0000
vn 0.0000 1.0000 0.0000
vn 0.0000 1.0000 0.0000
vn 0.0000 1.0000 0.0000
vn 0.0000 1.0000 0.0000
vn 0.0000 1.0000 0.0000
vn 0.0000 1.0000 0.0000
vn 0.0000 1.0000 0.0000
vn 0.0000 1.0000 0.0000
vn 0.0000 1.0000 0.0000
vn 0.0000 1.0000 0.0000
vn 0.0000 1.0000 0.0000
vn 0.0000 1.0000 0.0000
vn 0.0000 1.0000 0.0000
vn 0.0000 1.0000 0.0000
vn 0.0000 1.0000 0.0000
vn 0.0000 1.0000 0.0000
vn 0.0000 1.0000 0.0000
vn 0.0000 1.0000 0.0000
vn 0.0000 1.0000 0.0000
vn 0.0000 1.0000 0.0000
vn 0.0000 1.0000 0.0000
vn 0.0000 1.0000 0.0000
vn 0.0000 1.0000 0.0000
vn 0.0000 1.0000 0.0000
vn 0.0000 1.0000 0.0000
vn 0.0000 1.0000 0.0000
vn 0.0000 1.0000 0.0000
vn 0.0000 1.0000 0.0000
vn 0.0000 1.0000 0.0000
vn 0.0000 1.0000 0.0000
vn 0.0000 1.0000 0.0000
vn 0.0000 1.0000 0.0000
vn 0.0000 1.0000 0.0000
vn 0.0000 1.0000 0.0000
vn 0.0000 1.0000 0.0000
vn 0.0000 1.0000 0.0000
vn 0.0000 1.0000 0.0000
vn 0.0000 1.0000 0.0000
vn 0.0000 1.0000 0.0000
vn 0.0000 1.0000 0.0000
vn 0.0000 1.0000 0.0000
vn 0.0000 1.0000 0.0000
vn 0.0000 1.0000 0.0000
vn 0.0000 1.0000 0.0000
vn 0.0000 1.0000 0.0000
vn 0.0000 1.0000 0.0000
vn 0.0000 1.0000 0.0000
vn 0.0000 1.0000 0.0000
vn 0.0000 1.0000 0.0000
vn 0.0000 1.0000 0.0000
vn 0.0000 1.0000 0.0000
vn 0.0000 1.0000 0.0000
vn 0.0000 1.0000 0.0000
vn 0.0000 1.0000 0.0000
vn 0.0000 1.0000 0.0000
vn 0.0000 1.0000 0.0000
vn 0.0000 1.0000 0.0000
vn 0.0000 1.0000 0.0000
vn 0.0000 1.0000 0.0000
vn 0.0000 1.0000 0.0000
vn 0.0000 1.0000 0.0000
vn 0.0000 1.0000 0.0000
vn 0.0000 1.0000 0.0000
vn 0.0000 1.0000 0.0000
vn 0.0000 1.0000 0.0000
vn 0.0000 1.0000 0.0000
vn 0.0000 1.0000 0.0000
vn 0.0000 1.0000 0.0000
vn 0.0000 1.0000 0.0000
vn 0.0000 1.0000 0.0000
vn 0.0000 1.0000 0.0000
vn 0.0000 1.0000 0.0000
vn 0.0000 1.0000 0.0000
vn 0.0000 1.0000 0.0000
vn 0.0000 1.0000 0.0000
vn 0.0000 1.0000 0.0000
vn 0.0000 1.0000 0.0000
vn 0.0000 1.0000 0.0000
vn 0.0000 1.0000 0.0000
vn 0.0000 1.0000 0.0000
vn 0.0000 1.0000 0.0000
vn 0.0000 1.0000 0.0000
vn 0.0000 1.0000 0.0000
vn 0.0000 1.0000 0.0000
vn 0.0000 1.0000 0.0000
vn 0.0000 1.0000 0.0000
vn 0.0000 1.0000 0.0000
vn 0.0000 1.0000 0.0000
vn 0.0000 1.0000 0.0000
vn 0.0000 1.0000 0.0000
vn 0.0000 1.0000 0.0000
vn 0.0000 1.0000 0.0000
vn 0.0000 1.0000 0.0000
vn 0.0000 1.0000 0.0000
vn 0.0000 1.0000 0.0000
vn 0.0000 1.0000 0.0000
vn 0.0000 1.0000 0.0000
vn 0.0000 1.0000 0.0000
vn 0.0000 1.0000 0.0000
vn 0.0000 1.0000 0.0000
vn 0.0000 1.0000 0.0000
vn 0.0000 1.0000 0.0000
vn 0.0000 1.0000 0.0000
vn 0.0000 1.0000 0.0000
vn 0.0000 1.0000 0.0000
vn 0.0000 1.0000 0.0000
vn 0.0000 1.0000 0.0000
vn 0.0000 1.0000 0.0000
vn 0.0000 1.0000 0.0000
vn 0.0000 1.0000 0.0000
vn 0.0000 1.0000 0.0000
vn 0.0000 1.0000 0.0000
vn 0.0000 1.0000 0.0000
vn 0.0000 1.0000 0.0000
vn 0.0000 1.0000 0.0000
vn 0.0000 1.0000 0.0000
vn 0.0000 1.0000 0.0000
vn 0.0000 1.0000 0.0000
vn 0.0000 1.0000 0.0000
vn 0.0000 1.0000 0.0000
vn 0.0000 1.0000 0.0000
vn 0.0000 1.0000 0.0000
vn 0.0000 1.0000 0.0000
vn 0.0000 1.0000 0.0000
vn 0.0000 1.0000 0.0000
vn 0.0000 1.0000 0.0000
vn 0.0000 1.0000 0.0000
vn 0.0000 1.0000 0.0000
vn 0.0000 1.0000 0.0000
vn 0.0000 1.0000 0.0000
vn 0.0000 1.0000 0.0000
vn 0.0000 1.0000 0.0000
vn 0.0000 1.0000 0.0000
vn 0.0000 1.0000 0.0000
vn 0.0000 1.0000 0.0000
vn 0.0000 1.0000 0.0000
vn 0.0000 1.0000 0.0000
vn 0.0000 1.0000 0.0000
vn 0.0000 1.0000 0.0000
vn 0.0000 1.0000 0.0000
vn 0.0000 1.0000 0.0000
vn 0.0000 1.0000 0.0000
vn 0.0000 1.0000 0.0000
vn 0.0000 1.0000 0.0000
vn 0.0000 1.0000 0.0000
vn 0.0000 1.0000 0.0000
vn 0.0000 1.0000 0.0000
vn 0.0000 1.0000 0.0000
vn 0.0000 1.0000 0.0000
vn 0.0000 1.0000 0.0000
vn 0.0000 1.0000 0.0000
vn 0.0000 1.0000 0.0000
vn 0.0000 1.0000 0.0000
vn 0.0000 1.0000 0.0000
vn 0.0000 1.0000 0.0000
vn 0.0000 1.0000 0.0000
vn 0.0000 1.0000 0.0000
vn 0.0000 1.0000 0.0000
vn 0.0000 1.0000 0.0000
vn 0.0000 1.0000 0.0000
vn 0.0000 1.0000 0.0000
vn 0.0000 1.0000 0.0000
vn 0.0000 1.0000 0.0000
vn 0.0000 1.0000 0.0000
vn 0.0000 1.0000 0.0000
vn 0.0000 1.0000 0.0000
vn 0.0000 1.0000 0.0000
vn 0.0000 1.0000 0.0000
vn 0.0000 1.0000 0.0000
vn 0.0000 1.0000 0.0000
vn 0.0000 1.0000 0.0000
vn 0.0000 1.0000 0.0000
vn 0.0000 1.0000 0.0000
vn 0.0000 1.0000 0.0000
vn 0.0000 1.0000 0.0000
vn 0.0000 1.0000 0.0000
vn 0.0000 1.0000 0.0000
vn 0.0000 1.0000 0.0000
vn 0.0000 1.0000 0.0000
vn 0.0000 1.0000 0.0000
vn 0.0000 1.0000 0.0000
vn 0.0000 1.0000 0.0000
vn 0.0000 1.0000 0.0000
vn 0.0000 1.0000 0.0000
vn 0.0000 1.0000 0.0000
vn 0.0000 1.0000 0.0000
vn 0.0000 1.0000 0.0000
vn 0.0000 1.0000 0.0000
vn 0.0000 1.0000 0.0000
vn 0.0000 1.0000 0.0000
vn 0.0000 1.0000 0.0000
vn 0.0000 1.0000 0.0000
vn 0.0000 1.0000 0.0000
vn 0.0000 1.0000 0.0000
vn 0.0000 1.0000 0.0000
vn 0.0000 1.0000 0.0000
vn 0.0000 1.0000 0.0000
vn 0.0000 1.0000 0.0000
vn 0.0000 1.0000 0.0000
vn 0.0000 1.0000 0.0000
vn 0.0000 1.0000 0.0000
vn 0.0000 1.0000 0.0000
vn 0.0000 1.0000 0.0000
vn 0.0000 1.0000 0.0000
vn 0.0000 1.0000 0.0000
vn 0.0000 1.0000 0.0000
vn 0.0000 1.0000 0.0000
vn 0.0000 1.0000 0.0000
vn 0.0000 1.0000 0.0000
vn 0.0000 1.0000 0.0000
vn 0.0000 1.0000 0.0000
vn 0.0000 1.0000 0.0000
vn 0.0000 1.0000 0.0000
vn 0.0000 1.0000 0.0000
vn 0.0000 1.0000 0.0000
vn 0.0000 1.0000 0.0000
vn 0.0000 1.0000 0.0000
vn 0.0000 1.0000 0.0000
vn 0.0000 1.0000 0.0000
vn 0.0000 1.0000 0.0000
vn 0.0000 1.0000 0.0000
vn 0.0000 1.0000 0.0000
vn 0.0000 1.0000 0.0000
vn 0.0000 1.0000 0.0000
vn 0.0000 1.0000 0.0000
vn 0.0000 1.0000 0.0000
vn 0.0000 1.0000 0.0000
vn 0.0000 1.0000 0.0000
vn 0.0000 1.0000 0.0000
vn 0.0000 1.0000 0.0000
vn 0.0000 1.0000 0.0000
vn 0.0000 1.0000 0.0000
vn 0.0000 1.0000 0.0000
vn 0.0000 1.0000 0.0000
vn 0.0000 1.0000 0.0000
vn 0.0000 1.0000 0.0000
vn 0.0000 1.0000 0.0000
vn 0.0000 1.0000 0.0000
vn 0.0000 1.0000 0.0000
vn 0.0000 1.0000 0.0000
vn 0.0000 1.0000 0.0000
vn 0.0000 1.0000 0.0000
vn 0.0000 1.0000 0.0000
vn 0.0000 1.0000 0.0000
vn 0.0000 1.0000 0.0000
vn 0.0000 1.0000 0.0000
vn 0.0000 1.0000 0.0000
vn 0.0000 1.0000 0.0000
vn 0.0000 1.0000 0.0000
vn 0.0000 1.0000 0.0000
vn 0.0000 1.0000 0.0000
vn 0.0000 1.0000 0.0000
vn 0.0000 1.0000 0.0000
vn 0.0000 1.0000 0.0000
vn 0.0000 1.0000 0.0000
vn 0.0000 1.0000 0.0000
vn 0.0000 1.0000 0.0000
vn 0.0000 1.0000 0.0000
vn 0.0000 1.0000 0.0000
vn 0.0000 1.0000 0.0000
vn 0.0000 1.0000 0.0000
vn 0.0000 1.0000 0.0000
vn 0.0000 1.0000 0.0000
vn 0.0000 1.0000 0.0000
vn 0.0000 1.0000 0.0000
vn 0.0000 1.0000 0.0000
vn 0.0000 1.0000 0.0000
vn 0.0000 1.0000 0.0000
vn 0.0000 1.0000 0.0000
vn 0.0000 1.0000 0.0000
vn 0.0000 1.0000 0.0000
vn 0.0000 1.0000 0.0000
vn 0.0000 1.0000 0.0000
vn 0.0000 1.0000 0.0000
vn 0.0000 1.0000 0.0000
vn 0.0000 1.0000 0.0000
vn 0.0000 1.0000 0.0000
vn 0.0000 1.0000 0.0000
vn 0.0000 1.0000 0.0000
vn 0.0000 1.0000 0.0000
vn 0.0000 1.0000 0.0000
vn 0.0000 1.0000 0.0000
vn 0.0000 1.0000 0.0000
vn 0.0000 1.0000 0.0000
vn 0.0000 1.0000 0.0000
vn 0.0000 1.0000 0.0000
vn 0.0000 1.0000 0.0000
vn 0.0000 1.0000 0.0000
vn 0.0000 1.0000 0.0000
vn 0.0000 1.0000 0.0000
vn 0.0000 1.0000 0.0000
vn 0.0000 1.0000 0.0000
vn 0.0000 1.0000 0.0000
vn 0.0000 1.0000 0.0000
vn 0.0000 1.0000 0.0000
vn 0.0000 1.0000 0.0000
vn 0.0000 1.0000 0.0000
vn 0.0000 1.0000 0.0000
vn 0.0000 1.0000 0.0000
vn 0.0000 1.0000 0.0000
vn 0.0000 1.0000 0.0000
vn 0.0000 1.0000 0.0000
vn 0.0000 1.0000 0.0000
vn 0.0000 1.0000 0.0000
vn 0.0000 1.0000 0.0000
vn 0.0000 1.0000 0.0000
vn 0.0000 1.0000 0.0000
vn 0.0000 1.0000 0.0000
vn 0.0000 1.0000 0.0000
vn 0.0000 1.0000 0.0000
vn 0.0000 1.0000 0.0000
vn 0.0000 1.0000 0.0000
vn 0.0000 1.0000 0.0000
vn 0.0000 1.0000 0.0000
vn 0.0000 1.0000 0.0000
vn 0.0000 1.0000 0.0000
vn 0.0000 1.0000 0.0000
vn 0.0000 1.0000 0.0000
vn 0.0000 1.0000 0.0000
vn 0.0000 1.0000 0.0000
vn 0.0000 1.0000 0.0000
vn 0.0000 1.0000 0.0000
vn 0.0000 1.0000 0.0000
vn 0.0000 1.0000 0.0000
vn 0.0000 1.0000 0.0000
vn 0.0000 1.0000 0.0000
vn 0.0000 1.0000 0.0000
vn 0.0000 1.0000 0.0000
vn 0.0000 1.0000 0.0000
vn 0.0000 1.0000 0.0000
vn 0.0000 1.0000 0.0000
vn 0.0000 1.0000 0.0000
vn 0.0000 1.0000 0.0000
vn 0.0000 1.0000 0.0000
vn 0.0000 1.0000 0.0000
vn 0.0000 1.0000 0.0000
vn 0.0000 1.0000 0.0000
vn 0.0000 1.0000 0.0000
vn 0.0000 1.0000 0.0000
vn 0.0000 1.0000 0.0000
vn 0.0000 1.0000 0.0000
vn 0.0000 1.0000 0.0000
vn 0.0000 1.0000 0.0000
vn 0.0000 1.0000 0.0000
vn 0.0000 1.0000 0.0000
vn 0.0000 1.0000 0.0000
vn 0.0000 1.0000 0.0000
vn 0.0000 1.0000 0.0000
vn 0.0000 1.0000 0.0000
vn 0.0000 1.0000 0.0000
vn 0.0000 1.0000 0.0000
vn 0.0000 1.0000 0.0000
vn 0.0000 1.0000 0.0000
vn 0.0000 1.0000 0.0000
vn 0.0000 1.0000 0.0000
vn 0.0000 1.0000 0.0000
vn 0.0000 1.0000 0.0000
vn 0.0000 1.0000 0.0000
vn 0.0000 1.0000 0.0000
vn 0.0000 1.0000 0.0000
vn 0.0000 1.0000 0.0000
vn 0.0000 1.0000 0.0000
vn 0.0000 1.0000 0.0000
vn 0.0000 1.0000 0.0000
vn 0.0000 1.0000 0.0000
vn 0.0000 1.0000 0.0000
vn 0.0000 1.0000 0.0000
vn 0.0000 1.0000 0.0000
vn 0.0000 1.0000 0.0000
vn 0.0000 1.0000 0.0000
vn 0.0000 1.0000 0.0000
vn 0.0000 1.0000 0.0000
vn 0.0000 1.0000 0.0000
vn 0.0000 1.0000 0.0000
vn 0.0000 1.0000 0.0000
vn 0.0000 1.0000 0.0000
vn 0.0000 1.0000 0.0000
vn 0.0000 1.0000 0.0000
vn 0.0000 1.0000 0.0000
vn 0.0000 1.0000 0.0000
vn 0.0000 1.0000 0.0000
vn 0.0000 1.0000 0.0000
vn 0.0000 1.0000 0.0000
vn 0.0000 1.0000 0.0000
vn 0.0000 1.0000 0.0000
vn 0.0000 1.0000 0.0000
vn 0.0000 1.0000 0.0000
vn 0.0000 1.0000 0.0000
vn 0.0000 1.0000 0.0000
vn 0.0000 1.0000 0.0000
vn 0.0000 1.0000 0.0000
vn 0.0000 1.0000 0.0000
vn 0.0000 1.0000 0.0000
vn 0.0000 1.0000 0.0000
vn 0.0000 1.0000 0.0000
vn 0.0000 1.0000 0.0000
vn 0.0000 1.0000 0.0000
vn 0.0000 1.0000 0.0000
vn 0.0000 1.0000 0.0000
vn 0.0000 1.0000 0.0000
vn 0.0000 1.0000 0.0000
vn 0.0000 1.0000 0.0000
vn 0.0000 1.0000 0.0000
vn 0.0000 1.0000 0.0000
vn 0.0000 1.0000 0.0000
vn 0.0000 1.0000 0.0000
vn 0.0000 1.0000 0.0000
vn 0.0000 1.0000 0.0000
vn 0.0000 1.0000 0.0000
vn 0.0000 1.0000 0.0000
vn 0.0000 1.0000 0.0000
vn 0.0000 1.0000 0.0000
vn 0.0000 1.0000 0.0000
vn 0.0000 1.0000 0.0000
vn 0.0000 1.0000 0.0000
vn 0.0000 1.0000 0.0000
vn 0.0000 1.0000 0.0000
vn 0.0000 1.0000 0.0000
vn 0.0000 1.0000 0.0000
vn 0.0000 1.0000 0.0000
vn 0.0000 1.0000 0.0000
vn 0.0000 1.0000 0.0000
vn 0.0000 1.0000 0.0000
vn 0.0000 1.0000 0.0000
vn 0.0000 1.0000 0.0000
vn 0.0000 1.0000 0.0000
vn 0.0000 1.0000 0.0000
vn 0.0000 1.0000 0.0000
vn 0.0000 1.0000 0.0000
vn 0.0000 1.0000 0.0000
vn 0.0000 1.0000 0.0000
vn 0.0000 1.0000 0.0000
vn 0.0000 1.0000 0.0000
vn 0.0000 1.0000 0.0000
vn 0.0000 1.0000 0.0000
vn 0.0000 1.0000 0.0000
vn 0.0000 1.0000 0.0000
vn 0.0000 1.0000 0.0000
vn 0.0000 1.0000 0.0000
vn 0.0000 1.0000 0.0000
vn 0.0000 1.0000 0.0000
vn 0.0000 1.0000 0.0000
vn 0.0000 1.0000 0.0000
vn 0.0000 1.0000 0.0000
vn 0.0000 1.0000 0.0000
vn 0.0000 1.0000 0.0000
vn 0.0000 1.0000 0.0000
vn 0.0000 1.0000 0.0000
vn 0.0000 1.0000 0.0000
vn 0.0000 1.0000 0.0000
vn 0.0000 1.0000 0.0000
vn 0.0000 1.0000 0.0000
vn 0.0000 1.0000 0.0000
vn 0.0000 1.0000 0.0000
vn 0.0000 1.0000 0.0000
vn 0.0000 1.0000 0.0000
vn 0.0000 1.0000 0.0000
vn 0.0000 1.0000 0.0000
vn 0.0000 1.0000 0.0000
vn 0.0000 1.0000 0.0000
vn 0.0000 1.0000 0.0000
vn 0.0000 1.0000 0.0000
vn 0.0000 1.0000 0.0000
vn 0.0000 1.0000 0.0000
vn 0.0000 1.0000 0.0000
vn 0.0000 1.0000 0.0000
vn 0.0000 1.0000 0.0000
vn 0.0000 1.0000 0.0000
vn 0.0000 1.0000 0.0000
vn 0.0000 1.0000 0.0000
vn 0.0000 1.0000 0.0000
vn 0.0000 1.0000 0.0000
vn 0.0000 1.0000 0.0000
vn 0.0000 1.0000 0.0000
vn 0.0000 1.0000 0.0000
vn 0.0000 1.0000 0.0000
vn 0.0000 1.0000 0.0000
vn 0.0000 1.0000 0.0000
vn 0.0000 1.0000 0.0000
vn 0.0000 1.0000 0.0000
vn 0.0000 1.0000 0.0000
vn 0.0000 1.0000 0.0000
vn 0.0000 1.0000 0.0000
vn 0.0000 1.0000 0.0000
vn 0.0000 1.0000 0.0000
vn 0.0000 1.0000 0.0000
vn 0.0000 1.0000 0.0000
vn 0.0000 1.0000 0.0000
vn 0.0000 1.0000 0.0000
vn 0.0000 1.0000 0.0000
vn 0.0000 1.0000 0.0000
vn 0.0000 1.0000 0.0000
vn 0.0000 1.0000 0.0000
vn 0.0000 1.0000 0.0000
vn 0.0000 1.0000 0.0000
vn 0.0000 1.0000 0.0000
vn 0.0000 1.0000 0.0000
vn 0.0000 1.0000 0.0000
vn 0.0000 1.0000 0.0000
vn 0.0000 1.0000 0.0000
vn 0.0000 1.0000 0.0000
vn 0.0000 1.0000 0.0000
vn 0.0000 1.0000 0.0000
vn 0.0000 1.0000 0.0000
vn 0.0000 1.0000 0.0000
vn 0.0000 1.0000 0.0000
vn 0.0000 1.0000 0.0000
vn 0.0000 1.0000 0.0000
vn 0.0000 1.0000 0.0000
vn 0.0000 1.0000 0.0000
vn 0.0000 1.0000 0.0000
vn 0.0000 1.0000 0.0000
vn 0.0000 1.0000 0.0000
vn 0.0000 1.0000 0.0000
vn 0.0000 1.0000 0.0000
vn 0.0000 1.0000 0.0000
vn 0.0000 1.0000 0.0000
vn 0.0000 1.0000 0.0000
vn 0.0000 1.0000 0.0000
vn 0.0000 1.0000 0.0000
vn 0.0000 1.0000 0.0000
vn 0.0000 1.0000 0.0000
vn 0.0000 1.0000 0.0000
vn 0.0000 1.0000 0.0000
vn 0.0000 1.0000 0.0000
vn 0.0000 1.0000 0.0000
vn 0.0000 1.0000 0.0000
vn 0.0000 1.0000 0.0000
vn 0.0000 1.0000 0.0000
vn 0.0000 1.0000 0.0000
vn 0.0000 1.0000 0.0000
vn 0.0000 1.0000 0.0000
vn 0.0000 1.0000 0.0000
vn 0.0000 1.0000 0.0000
vn 0.0000 1.0000 0.0000
vn 0.0000 1.0000 0.0000
vn 0.0000 1.0000 0.0000
vn 0.0000 1.0000 0.0000
vn 0.0000 1.0000 0.0000
vn 0.0000 1.0000 0.0000
vn 0.0000 1.0000 0.0000
vn 0.0000 1.0000 0.0000
vn 0.0000 1.0000 0.0000
vn 0.0000 1.0000 0.0000
vn 0.0000 1.0000 0.0000
vn 0.0000 1.0000 0.0000
vn 0.0000 1.0000 0.0000
vn 0.0000 1.0000 0.0000
vn 0.0000 1.0000 0.0000
vn 0.0000 1.0000 0.0000
vn 0.0000 1.0000 0.0000
vn 0.0000 1.0000 0.0000
vn 0.0000 1.0000 0.0000
vn 0.0000 1.0000 0.0000
vn 0.0000 1.0000 0.0000
vn 0.0000 1.0000 0.0000
vn 0.0000 1.0000 0.0000
vn 0.0000 1.0000 0.0000
vn 0.0000 1.0000 0.0000
vn 0.0000 1.0000 0.0000
vn 0.0000 1.0000 0.0000
vn 0.0000 1.0000 0.0000
vn 0.0000 1.0000 0.0000
vn 0.0000 1.0000 0.0000
vn 0.0000 1.0000 0.0000
vn 0.0000 1.0000 0.0000
vn 0.0000 1.0000 0.0000
vn 0.0000 1.0000 0.0000
vn 0.0000 1.0000 0.0000
vn 0.0000 1.0000 0.0000
vn 0.0000 1.0000 0.0000
vn 0.0000 1.0000 0.0000
vn 0.0000 1.0000 0.0000
vn 0.0000 1.0000 0.0000
vn 0.0000 1.0000 0.0000
vn 0.0000 1.0000 0.0000
vn 0.0000 1.0000 0.0000
vn 0.0000 1.0000 0.0000
vn 0.0000 1.0000 0.0000
vn 0.0000 1.0000 0.0000
vn 0.0000 1.0000 0.0000
vn 0.0000 1.0000 0.0000
vn 0.0000 1.0000 0.0000
vn 0.0000 1.0000 0.0000
vn 0.0000 1.0000 0.0000
vn 0.0000 1.0000 0.0000
vn 0.0000 1.0000 0.0000
vn 0.0000 1.0000 0.0000
vn 0.0000 1.0000 0.0000
vn 0.0000 1.0000 0.0000
vn 0.0000 1.0000 0.0000
vn 0.0000 1.0000 0.0000
vn 0.0000 1.0000 0.0000
vn 0.0000 1.0000 0.0000
vn 0.0000 1.0000 0.0000
vn 0.0000 1.0000 0.0000
vn 0.0000 1.0000 0.0000
vn 0.0000 1.0000 0.0000
vn 0.0000 1.0000 0.0000
vn 0.0000 1.0000 0.0000
vn 0.0000 1.0000 0.0000
vn 0.0000 1.0000 0.0000
vn 0.0000 1.0000 0.0000
vn 0.0000 1.0000 0.0000
vn 0.0000 1.0000 0.0000
vn 0.0000 1.0000 0.0000
vn 0.0000 1.0000 0.0000
vn 0.0000 1.0000 0.0000
vn 0.0000 1.0000 0.0000
vn 0.0000 1.0000 0.0000
vn 0.0000 1.0000 0.0000
vn 0.0000 1.0000 0.0000
vn 0.0000 1.0000 0.0000
vn 0.0000 1.0000 0.0000
vn 0.0000 1.0000 0.0000
vn 0.0000 1.0000 0.0000
vn 0.0000 1.0000 0.0000
vn 0.0000 1.0000 0.0000
vn 0.0000 1.0000 0.0000
vn 0.0000 1.0000 0.0000
vn 0.0000 1.0000 0.0000
vn 0.0000 1.0000 0.0000
vn 0.0000 1.0000 0.0000
vn 0.0000 1.0000 0.0000
vn 0.0000 1.0000 0.0000
vn 0.0000 1.0000 0.0000
vn 0.0000 1.0000 0.0000
vn 0.0000 1.0000 0.0000
vn 0.0000 1.0000 0.0000
vn 0.0000 1.0000 0.0000
vn 0.0000 1.0000 0.0000
vn 0.0000 1.0000 0.0000
vn 0.0000 1.0000 0.0000
vn 0.0000 1.0000 0.0000
vn 0.0000 1.0000 0.0000
vn 0.0000 1.0000 0.0000
vn 0.0000 1.0000 0.0000
vn 0.0000 1.0000 0.0000
vn 0.0000 1.0000 0.0000
vn 0.0000 1.0000 0.0000
vn 0.0000 1.0000 0.0000
vn 0.0000 1.0000 0.0000
vn 0.0000 1.0000 0.0000
vn 0.0000 1.0000 0.0000
vn 0.0000 1.0000 0.0000
vn 0.0000 1.0000 0.0000
vn 0.0000 1.0000 0.0000
vn 0.0000 1.0000 0.0000
vn 0.0000 1.0000 0.0000
vn 0.0000 1.0000 0.0000
vn 0.0000 1.0000 0.0000
vn 0.0000 1.0000 0.0000
vn 0.0000 1.0000 0.0000
vn 0.0000 1.0000 0.0000
vn 0.0000 1.0000 0.0000
vn 0.0000 1.0000 0.0000
vn 0.0000 1.0000 0.0000
vn 0.0000 1.0000 0.0000
vn 0.0000 1.0000 0.0000
vn 0.0000 1.0000 0.0000
vn 0.0000 1.0000 0.0000
vn 0.0000 1.0000 0.0000
vn 0.0000 1.0000 0.0000
vn 0.0000 1.0000 0.0000
vn 0.0000 1.0000 0.0000
vn 0.0000 1.0000 0.0000
vn 0.0000 1.0000 0.0000
vn 0.0000 1.0000 0.0000
vn 0.0000 1.0000 0.0000
vn 0.0000 1.0000 0.0000
vn 0.0000 1.0000 0.0000
vn 0.0000 1.0000 0.0000
vn 0.0000 1.0000 0.0000
vn 0.0000 1.0000 0.0000
vn 0.0000 1.0000 0.0000
vn 0.0000 1.0000 0.0000
vn 0.0000 1.0000 0.0000
vn 0.0000 1.0000 0.0000
vn 0.0000 1.0000 0.0000
vn 0.0000 1.0000 0.0000
vn 0.0000 1.0000 0.0000
vn 0.0000 1.0000 0.0000
vn 0.0000 1.0000 0.0000
vn 0.0000 1.0000 0.0000
vn 0.0000 1.0000 0.0000
vn 0.0000 1.0000 0.0000
vn 0.0000 1.0000 0.0000
vn 0.0000 1.0000 0.0000
vn 0.0000 1.0000 0.0000
vn 0.0000 1.0000 0.0000
vn 0.0000 1.0000 0.0000
vn 0.0000 1.0000 0.0000
vn 0.0000 1.0000 0.0000
vn 0.0000 1.0000 0.0000
vn 0.0000 1.0000 0.0000
vn 0.0000 1.0000 0.0000
vn 0.0000 1.0000 0.0000
vn 0.0000 1.0000 0.0000
vn 0.0000 1.0000 0.0000
vn 0.0000 1.0000 0.0000
vn 0.0000 1.0000 0.0000
vn 0.0000 1.0000 0.0000
vn 0.0000 1.0000 0.0000
vn 0.0000 1.0000 0.0000
vn 0.0000 1.0000 0.0000
vn 0.0000 1.0000 0.0000
vn 0.0000 1.0000 0.0000
vn 0.0000 1.0000 0.0000
vn 0.0000 1.0000 0.0000
vn 0.0000 1.0000 0.0000
vn 0.0000 1.0000 0.0000
vn 0.0000 1.0000 0.0000
vn 0.0000 1.0000 0.0000
vn 0.0000 1.0000 0.0000
vn 0.0000 1.0000 0.0000
vn 0.0000 1.0000 0.0000
vn 0.0000 1.0000 0.0000
vn 0.0000 1.0000 0.0000
vn 0.0000 1.0000 0.0000
vn 0.0000 1.0000 0.0000
vn 0.0000 1.0000 0.0000
vn 0.0000 1.0000 0.0000
vn 0.0000 1.0000 0.0000
vn 0.0000 1.0000 0.0000
vn 0.0000 1.0000 0.0000
vn 0.0000 1.0000 0.0000
vn 0.0000 1.0000 0.0000
vn 0.0000 1.0000 0.0000
vn 0.0000 1.0000 0.0000
vn 0.0000 1.0000 0.0000
vn 0.0000 1.0000 0.0000
vn 0.0000 1.0000 0.0000
vn 0.0000 1.0000 0.0000
vn 0.0000 1.0000 0.0000
vn 0.0000 1.0000 0.0000
vn 0.0000 1.0000 0.0000
vn 0.0000 1.0000 0.0000
vn 0.0000 1.0000 0.0000
vn 0.0000 1.0000 0.0000
vn 0.0000 1.0000 0.0000
vn 0.0000 1.0000 0.0000
vn 0.0000 1.0000 0.0000
vn 0.0000 1.0000 0.0000
vn 0.0000 1.0000 0.0000
vn 0.0000 1.0000 0.0000
vn 0.0000 1.0000 0.0000
vn 0.0000 1.0000 0.0000
vn 0.0000 1.0000 0.0000
vn 0.0000 1.0000 0.0000
vn 0.0000 1.0000 0.0000
vn 0.0000 1.0000 0.0000
vn 0.0000 1.0000 0.0000
vn 0.0000 1.0000 0.0000
vn 0.0000 1.0000 0.0000
vn 0.0000 1.0000 0.0000
vn 0.0000 1.0000 0.0000
vn 0.0000 1.0000 0.0000
vn 0.0000 1.0000 0.0000
vn 0.0000 1.0000 0.0000
vn 0.0000 1.0000 0.0000
vn 0.0000 1.0000 0.0000
vn 0.0000 1.0000 0.0000
vn 0.0000 1.0000 0.0000
vn 0.0000 1.0000 0.0000
vn 0.0000 1.0000 0.0000
vn 0.0000 1.0000 0.0000
vn 0.0000 1.0000 0.0000
vn 0.0000 1.0000 0.0000
vn 0.0000 1.0000 0.0000
vn 0.0000 1.0000 0.0000
vn 0.0000 1.0000 0.0000
vn 0.0000 1.0000 0.0000
vn 0.0000 1.0000 0.0000
vn 0.0000 1.0000 0.0000
vn 0.0000 1.0000 0.0000
vn 0.0000 1.0000 0.0000
vn 0.0000 1.0000 0.0000
vn 0.0000 1.0000 0.0000
vn 0.0000 1.0000 0.0000
f 1 2 3
f 4 5 6
f 7 8 9
f 10 11 12
f 13 14 15
f 16 17 18
f 19 20 21
f 22 23 24
f 25 26 27
f 28 29 30
f 31 32 33
f 34 35 36
f 37 38 39
f 40 41 42
f 43 44 45
f 46 47 48
f 49 50 51
f 52 53 54
f 55 56 57
f 58 59 60
f 61 62 63
f 64 65 66
f 67 68 69
f 70 71 72
f 73 74 75
f 76 77 78
f 79 80 81
f 82 83 84
f 85 86 87
f 88 89 90
f 91 92 93
f 94 95 96
f 97 98 99
f 100 101 102
f 103 104 105
f 106 107 108
f 109 110 111
f 112 113 114
f 115 116 117
f 118 119 120
f 121 122 123
f 124 125 126
f 127 128 129
f 130 131 132
f 133 134 135
f 136 137 138
f 139 140 141
f 142 143 144
f 145 146 147
f 148 149 150
f 151 152 153
f 154 155 156
f 157 158 159
f 160 161 162
f 163 164 165
f 166 167 168
f 169 170 171
f 172 173 174
f 175 176 177
f 178 179 180
f 181 182 183
f 184 185 186
f 187 188 189
f 190 191 192
f 193 194 195
f 196 197 198
f 199 200 201
f 202 203 204
f 205 206 207
f 208 209 210
f 211 212 213
f 214 215 216
f 217 218 219
f 220 221 222
f 223 224 225
f 226 227 228
f 229 230 231
f 232 233 234
f 235 236 237
f 238 239 240
f 241 242 243
f 244 245 246
f 247 248 249
f 250 251 252
f 253 254 255
f 256 257 258
f 259 260 261
f 262 263 264
f 265 266 267
f 268 269 270
f 271 272 273
f 274 275 276
f 277 278 279
f 280 281 282
f 283 284 285
f 286 287 288
f 289 290 291
f 292 293 294
f 295 296 297
f 298 299 300
f 301 302 303
f 304 305 306
f 307 308 309
f 310 311 312
f 313 314 315
f 316 317 318
f 319 320 321
f 322 323 324
f 325 326 327
f 328 329 330
f 331 332 333
f 334 335 336
f 337 338 339
f 340 341 342
f 343 344 345
f 346 347 348
f 349 350 351
f 352 353 354
f 355 356 357
f 358 359 360
f 361 362 363
f 364 365 366
f 367 368 369
f 370 371 372
f 373 374 375
f 376 377 378
f 379 380 381
f 382 383 384
f 385 386 387
f 388 389 390
f 391 392 393
f 394 395 396
f 397 398 399
f 400 401 402
f 403 404 405
f 406 407 408
f 409 410 411
f 412 413 414
f 415 416 417
f 418 419 420
f 421 422 423
f 424 425 426
f 427 428 429
f 430 431 432
f 433 434 435
f 436 437 438
f 439 440 441
f 442 443 444
f 445 446 447
f 448 449 450
f 451 452 453
f 454 455 456
f 457 458 459
f 460 461 462
f 463 464 465
f 466 467 468
f 469 470 471
f 472 473 474
f 475 476 477
f 478 479 480
f 481 482 483
f 484 485 486
f 487 488 489
f 490 491 492
f 493 494 495
f 496 497 498
f 499 500 501
f 502 503 504
f 505 506 507
f 508 509 510
f 511 512 513
f 514 515 516
f 517 518 519
f 520 521 522
f 523 524 525
f 526 527 528
f 529 530 531
f 532 533 534
f 535 536 537
f 538 539 540
f 541 542 543
f 544 545 546
f 547 548 549
f 550 551 552
f 553 554 555
f 556 557 558
f 559 560 561
f 562 563 564
f 565 566 567
f 568 569 570
f 571 572 573
f 574 575 576
f 577 578 579
f 580 581 582
f 583 584 585
f 586 587 588
f 589 590 591
f 592 593 594
f 595 596 597
f 598 599 600
f 601 602 603
f 604 605 606
f 607 608 609
f 610 611 612
f 613 614 615
f 616 617 618
f 619 620 621
f 622 623 624
f 625 626 627
f 628 629 630
f 631 632 633
f 634 635 636
f 637 638 639
f 640 641 642
f 643 644 645
f 646 647 648
f 649 650 651
f 652 653 654
f 655 656 657
f 658 659 660
f 661 662 663
f 664 665 666
f 667 668 669
f 670 671 672
f 673 674 675
f 676 677 678
f 679 680 681
f 682 683 684
f 685 686 687
f 688 689 690
f 691 692 693
f 694 695 696
f 697 698 699
f 700 701 702
f 703 704 705
f 706 707 708
f 709 710 711
f 712 713 714
f 715 716 717
f 718 719 720
f 721 722 723
f 724 725 726
f 727 728 729
f 730 731 732
f 733 734 735
f 736 737 738
f 739 740 741
f 742 743 744
f 745 746 747
f 748 749 750
f 751 752 753
f 754 755 756
f 757 758 759
f 760 761 762
f 763 764 765
f 766 767 768
f 769 770 771
f 772 773 774
f 775 776 777
f 778 779 780
f 781 782 783
f 784 785 786
f 787 788 789
f 790 791 792
f 793 794 795
f 796 797 798
f 799 800 801
f 802 803 804
f 805 806 807
f 808 809 810
f 811 812 813
f 814 815 816
f 817 818 819
f 820 821 822
f 823 824 825
f 826 827 828
f 829 830 831
f 832 833 834
f 835 836 837
f 838 839 840
f 841 842 843
f 844 845 846
f 847 848 849
f 850 851 852
f 853 854 855
f 856 857 858
f 859 860 861
f 862 863 864
f 865 866 867
f 868 869 870
f 871 872 873
f 874 875 876
f 877 878 879
f 880 881 882
f 883 884 885
f 886 887 888
f 889 890 891
f 892 893 894
f 895 896 897
f 898 899 900
f 901 902 903
f 904 905 906
f 907 908 909
f 910 911 912
f 913 914 915
f 916 917 918
f 919 920 921
f 922 923 924
f 925 926 927
f 928 929 930
f 931 932 933
f 934 935 936
f 937 938 939
f 940 941 942
f 943 944 945
f 946 947 948
f 949 950 951
f 952 953 954
f 955 956 957
f 958 959 960
f 961 962 963
f 964 965 966
f 967 968 969
f 970 971 972
f 973 974 975
f 976 977 978
f 979 980 981
f 982 983 984
f 985 986 987
f 988 989 990
f 991 992 993
f 994 995 996
f 997 998 999
f 1000 1001 1002
f 1003 1004 1005
f 1006 1007 1008
f 1009 1010 1011
f 1012 1013 1014
f 1015 1016 1017
f 1018 1019 1020
f 1021 1022 1023
f 1024 1025 1026
f 1027 1028 1029
f 1030 1031 1032
f 1033 1034 1035
f 1036 1037 1038
f 1039 1040 1041
f 1042 1043 1044
f 1045 1046 1047
f 1048 1049 1050
f 1051 1052 1053
f 1054 1055 1056
f 1057 1058 1059
f 1060 1061 1062
f 1063 1064 1065
f 1066 1067 1068
f 1069 1070 1071
f 1072 1073 1074
f 1075 1076 1077
f 1078 1079 1080
f 1081 1082 1083
f 1084 1085 1086
f 1087 1088 1089
f 1090 1091 1092
f 1093 1094 1095
f 1096 1097 1098
f 1099 1100 1101
f 1102 1103 1104
f 1105 1106 1107
f 1108 1109 1110
f 1111 1112 1113
f 1114 1115 1116
f 1117 1118 1119
f 1120 1121 1122
f 1123 1124 1125
f 1126 1127 1128
f 1129 1130 1131
f 1132 1133 1134
f 1135 1136 1137
f 1138 1139 1140
f 1141 1142 1143
f 1144 1145 1146
f 1147 1148 1149
f 1150 1151 1152
f 1153 1154 1155
f 1156 1157 1158
f 1159 1160 1161
f 1162 1163 1164
f 1165 1166 1167
f 1168 1169 1170
f 1171 1172 1173
f 1174 1175 1176
f 1177 1178 1179
f 1180 1181 1182
f 1183 1184 1185
f 1186 1187 1188
f 1189 1190 1191
f 1192 1193 1194
f 1195 1196 1197
f 1198 1199 1200
f 1201 1202 1203
f 1204 1205 1206
f 1207 1208 1209
f 1210 1211 1212
f 1213 1214 1215
f 1216 1217 1218
f 1219 1220 1221
f 1222 1223 1224
f 1225 1226 1227
f 1228 1229 1230
f 1231 1232 1233
f 1234 1235 1236
f 1237 1238 1239
f 1240 1241 1242
f 1243 1244 1245
f 1246 1247 1248
f 1249 1250 1251
f 1252 1253 1254
f 1255 1256 1257
f 1258 1259 1260
f 1261 1262 1263
f 1264 1265 1266
f 1267 1268 1269
f 1270 1271 1272
f 1273 1274 1275
f 1276 1277 1278
f 1279 1280 1281
f 1282 1283 1284
f 1285 1286 1287
f 1288 1289 1290
f 1291 1292 1293
f 1294 1295 1296
f 1297 1298 1299
f 1300 1301 1302
f 1303 1304 1305
f 1306 1307 1308
f 1309 1310 1311
f 1312 1313 1314
f 1315 1316 1317
f 1318 1319 1320
f 1321 1322 1323
f 1324 1325 1326
f 1327 1328 1329
f 1330 1331 1332
f 1333 1334 1335
f 1336 1337 1338
f 1339 1340 1341
f 1342 1343 1344
f 1345 1346 1347
f 1348 1349 1350
f 1351 1352 1353
f 1354 1355 1356
f 1357 1358 1359
f 1360 1361 1362
f 1363 1364 1365
f 1366 1367 1368
f 1369 1370 1371
f 1372 1373 1374
f 1375 1376 1377
f 1378 1379 1380
f 1381 1382 1383
f 1384 1385 1386
f 1387 1388 1389
f 1390 1391 1392
f 1393 1394 1395
f 1396 1397 1398
f 1399 1400 1401
f 1402 1403 1404
f 1405 1406 1407
f 1408 1409 1410
f 1411 1412 1413
f 1414 1415 1416
f 1417 1418 1419
f 1420 1421 1422
f 1423 1424 1425
f 1426 1427 1428
f 1429 1430 1431
f 1432 1433 1434
f 1435 1436 1437
f 1438 1439 1440
f 1441 1442 1443
f 1444 1445 1446
f 1447 1448 1449
f 1450 1451 1452
f 1453 1454 1455
f 1456 1457 1458
f 1459 1460 1461
f 1462 1463 1464
f 1465 1466 1467
f 1468 1469 1470
f 1471 1472 1473
f 1474 1475 1476
f 1477 1478 1479
f 1480 1481 1482
f 1483 1484 1485
f 1486 1487 1488
f 1489 1490 1491
f 1492 1493 1494
f 1495 1496 1497
f 1498 1499 1500
f 1501 1502 1503
f 1504 1505 1506
f 1507 1508 1509
f 1510 1511 1512
f 1513 1514 1515
f 1516 1517 1518
f 1519 1520 1521
f 1522 1523 1524
f 1525 1526 1527
f 1528 1529 1530
f 1531 1532 1533
f 1534 1535 1536
f 1537 1538 1539
f 1540 1541 1542
f 1543 1544 1545
f 1546 1547 1548
f 1549 1550 1551
f 1552 1553 1554
f 1555 1556 1557
f 1558 1559 1560
f 1561 1562 1563
f 1564 1565 1566
f 1567 1568 1569
f 1570 1571 1572
f 1573 1574 1575
f 1576 1577 1578
f 1579 1580 1581
f 1582 1583 1584
f 1585 1586 1587
f 1588 1589 1590
f 1591 1592 1593
f 1594 1595 1596
f 1597 1598 1599
f 1600 1601 1602
f 1603 1604 1605
f 1606 1607 1608
f 1609 1610 1611
f 1612 1613 1614
f 1615 1616 1617
f 1618 1619 1620
f 1621 1622 1623
f 1624 1625 1626
f 1627 1628 1629
f 1630 1631 1632
f 1633 1634 1635
f 1636 1637 1638
f 1639 1640 1641
f 1642 1643 1644
f 1645 1646 1647
f 1648 1649 1650
f 1651 1652 1653
f 1654 1655 1656
f 1657 1658 1659
f 1660 1661 1662
f 1663 1664 1665
f 1666 1667 1668
f 1669 1670 1671
f 1672 1673 1674
f 1675 1676 1677
f 1678 1679 1680
f 1681 1682 1683
f 1684 1685 1686
f 1687 1688 1689
f 1690 1691 1692
f 1693 1694 1695
f 1696 1697 1698
f 1699 1700 1701
f 1702 1703 1704
f 1705 1706 1707
f 1708 1709 1710
f 1711 1712 1713
f 1714 1715 1716
f 1717 1718 1719
f 1720 1721 1722
f 1723 1724 1725
f 1726 1727 1728
f 1729 1730 1731
f 1732 1733 1734
f 1735 1736 1737
f 1738 1739 1740
f 1741 1742 1743
f 1744 1745 1746
f 1747 1748 1749
f 1750 1751 1752
f 1753 1754 1755
f 1756 1757 1758
f 1759 1760 1761
f 1762 1763 1764
f 1765 1766 1767
f 1768 1769 1770
f 1771 1772 1773
f 1774 1775 1776
f 1777 1778 1779
f 1780 1781 1782
f 1783 1784 1785
f 1786 1787 1788
f 1789 1790 1791
f 1792 1793 1794
f 1795 1796 1797
f 1798 1799 1800
f 1801 1802 1803
f 1804 1805 1806
f 1807 1808 1809
f 1810 1811 1812
f 1813 1814 1815
f 1816 1817 1818
f 1819 1820 1821
f 1822 1823 1824
f 1825 1826 1827
f 1828 1829 1830
f 1831 1832 1833
f 1834 1835 1836
f 1837 1838 1839
f 1840 1841 1842
f 1843 1844 1845
f 1846 1847 1848
f 1849 1850 1851
f 1852 1853 1854
f 1855 1856 1857
f 1858 1859 1860
f 1861 1862 1863
f 1864 1865 1866
f 1867 1868 1869
f 1870 1871 1872
f 1873 1874 1875
f 1876 1877 1878
f 1879 1880 1881
f 1882 1883 1884
f 1885 1886 1887
f 1888 1889 1890
f 1891 1892 1893
f 1894 1895 1896
f 1897 1898 1899
f 1900 1901 1902
f 1903 1904 1905
f 1906 1907 1908
f 1909 1910 1911
f 1912 1913 1914
f 1915 1916 1917
f 1918 1919 1920
f 1921 1922 1923
f 1924 1925 1926
f 1927 1928 1929
f 1930 1931 1932
f 1933 1934 1935
f 1936 1937 1938
f 1939 1940 1941
f 1942 1943 1944
f 1945 1946 1947
f 1948 1949 1950
f 1951 1952 1953
