# PSO Extracted Authentic Geometry
v 0.0000 1697.0562 0.0000
v 0.0000 800.0000 0.0000
v 0.7478 137.0756 468.5648
v 315.9539 137.0756 346.3081
v 337.6940 74.5757 308.8659
v 337.6940 74.5757 308.8659
v -40.5533 74.5757 455.5740
v -40.5533 74.5757 455.5740
v 42.0490 199.5755 481.5557
v 294.2138 199.5755 383.7502
v 83.3501 262.0753 494.5464
v 272.4738 262.0753 421.1924
v 30.3501 74.5757 514.5465
v 319.4738 74.5757 403.1924
v 0.0000 0.0000 148.5703
v 168.3255 411.7062 234.8040
v 0.0000 0.0000 1.0000
v 1.0000 1.0000 0.0000
v 0.0000 136.4186 37.0684
v 0.0588 172.2809 37.0577
v 0.0588 172.2809 74.8578
v -0.9569 136.4186 74.8685
v -0.9569 136.4186 -0.1893
v 1.0000 172.2809 -0.2000
v 1.0000 211.2960 37.0902
v 0.0549 211.2960 74.8903
v -0.9569 211.2960 -0.1675
v 1.0000 109.1688 37.1304
v 0.0549 109.1688 74.9305
v -0.9569 109.1688 -0.1272
v 0.9961 94.6801 37.2689
v 0.0510 94.6801 75.0689
v -0.9608 94.6801 0.0112
v 0.9961 247.5243 37.1738
v 0.0549 247.5243 74.9739
v -0.9569 247.5243 -0.0838
v 0.9961 95.1582 37.5145
v 0.0431 95.1582 75.3146
v -0.9686 95.1582 0.2568
v 0.9882 110.5304 37.8751
v 0.0353 110.5304 37.8751
v -6.7216 110.5304 75.6752
v -0.9765 110.5304 0.6174
v 0.9765 275.4502 37.3285
v 0.0510 275.4502 75.1286
v -0.9608 275.4502 0.0708
v 0.9922 138.0297 38.2931
v 0.0235 138.0297 38.2931
v -5.8667 138.0297 76.0932
v -0.9882 175.1697 38.6642
v 0.0118 175.1697 38.6642
v -4.5294 175.1697 76.4643
v -1.0000 290.8224 37.5790
v 0.0431 290.8224 75.3790
v -0.9686 290.8224 0.3213
v 0.9843 213.6999 38.8155
v 0.0078 213.6999 38.8155
v -3.0118 213.6999 76.6155
v -1.0039 213.6999 1.5578
v 0.9529 249.5621 38.6905
v 0.0118 249.5621 76.4906
v -1.0000 249.5621 1.4328
v 0.9529 291.3007 37.9339
v 0.0314 291.3007 75.7340
v -0.9804 291.3007 0.6762
v 0.9765 276.8119 38.3465
v 0.0196 276.8119 76.1465
v -0.9922 276.8119 1.0888
v 0.9647 131.5289 0.7232
v 0.9725 131.5289 37.9809
v 0.0314 131.5289 37.9809
v -5.9216 196.5239 1.3013
v 0.9569 196.5239 38.5590
v -3.5843 196.5239 38.5590
v 0.0157 193.7380 1.1979
v 0.9608 138.0280 0.7164
v 0.9765 138.0280 37.9741
v -5.6431 138.0280 37.9741
v 0.0314 193.7380 38.4556
v 0.0196 193.7380 38.4556
v -3.6392 172.2809 37.0577
v 0.0588 172.2809 37.0577
v 0.0588 172.2809 74.8578
v -0.9569 172.2809 74.8578
v -0.9569 172.2809 37.0577
v 0.0588 172.2809 -0.2000
v 1.0000 172.2809 -0.2000
v 1.0000 0.0000 0.0000
v 192.9904 38.2078 478.0413
v 107.1721 0.0000 0.0000
v 1.0000 1.0000 1.0000
v 0.0000 0.0000 400.5677
v -0.7804 400.0000 48.0000
v 0.3294 346.4101 227.3765
v -0.2824 200.0000 352.1976
v -0.7804 282.8427 48.0000
v 0.3294 244.9489 242.0555
v -0.3137 141.4213 371.1592
v -0.1490 0.0000 48.0000
v 0.3294 0.0000 249.1944
v -0.3294 0.0000 369.8044
v 0.1098 -282.8427 48.0000
v 0.3294 -244.9489 227.5348
v -0.2510 -141.4213 376.1075
v -0.1490 -399.9999 48.0000
v 0.3294 -346.4101 226.8776
v -0.2941 -200.0000 344.7489
v -0.7804 -282.8427 48.0000
v 0.3294 -244.9489 231.1263
v -0.2941 -141.4213 360.4295
v -1.4118 0.0000 48.0000
v 0.3294 0.0000 232.8326
v -2.3255 0.0000 357.6972
v -1.6706 282.8427 48.0000
v 0.3294 244.9489 221.7689
v -1.8706 141.4213 379.6321
v -1.4118 100.0000 362.6769
v -0.7804 170.7107 347.8856
v -1.0941 70.7107 364.1786
v -1.0941 273.2050 279.6036
v -0.6314 295.6795 205.0835
v -0.2353 222.4745 308.1123
v -0.6824 193.1851 298.7536
v -0.6039 373.2050 135.0720
v 0.0314 341.4213 48.0000
v 0.3294 314.6264 113.8897
v 0.0902 263.8958 119.5732
v 0.0863 263.8958 159.0393
v -0.0314 341.4213 48.0000
v 0.3294 322.4745 150.2290
v -0.0275 295.6795 219.8234
v -0.2824 193.1851 300.1948
v -0.6471 243.9157 302.3299
v -0.6824 170.7107 325.7061
v -0.4627 70.7107 382.4605
v -0.4627 70.7107 352.0325
v -1.5412 0.0000 384.5443
v -1.2235 122.4745 219.2383
v -2.0980 70.7107 311.6921
v -0.6706 0.0000 314.5154
v -0.6941 235.4213 48.0000
v 0.2314 216.4745 115.1054
v 0.4078 0.0000 147.3917
v 0.0000 0.0000 143.5975
v 0.0118 141.4213 48.0000
v 0.3294 141.4213 158.1183
v -0.0314 122.4745 235.0010
v -0.2980 0.0000 292.6854
v -0.6353 122.4745 282.5380
v -0.6196 70.7107 363.3302
v -0.0196 0.0000 372.0946
v -0.3333 -70.7107 367.2386
v -1.5412 -70.7107 383.7048
v -1.0941 -122.4745 256.7246
v -0.3490 -122.4745 298.2763
v -0.6549 -193.1851 303.8903
v -0.6627 -141.4213 48.0000
v 0.3294 -141.4213 152.7850
v -0.0078 -263.8958 136.8573
v 0.0235 -263.8958 151.1506
v 0.0000 -141.4213 48.0000
v 0.3294 -122.4745 143.3803
v 0.0118 -122.4745 227.1114
v -0.2667 -193.1851 278.3134
v -0.6000 -70.7107 310.8154
v -0.6471 -70.7107 377.6997
v -0.0196 -70.7107 402.0102
v -0.4627 -170.7107 352.2180
v -1.0941 -100.0000 388.4079
v -0.7804 -295.6795 204.0756
v -0.2275 -243.9157 301.4555
v -0.6667 -273.2050 287.7403
v -0.6431 -341.4213 48.0000
v 0.3294 -322.4745 143.8655
v 0.0000 -373.2050 156.9045
v -0.0392 -341.4213 48.0000
v 0.3294 -314.6264 139.9150
v 0.0157 -295.6795 242.8658
v -0.3333 -222.4745 284.2053
v -0.6471 -170.7107 351.6227
v -0.4627 50.0000 384.9160
v -0.7804 150.0000 376.3554
v -0.7804 185.3553 358.6334
v -0.9373 156.0660 346.0938
v -1.2510 106.0660 359.4947
v -1.2510 35.3553 397.2863
v -0.9373 236.6025 329.5378
v -0.8431 309.8076 272.4529
v -0.4863 321.0449 245.8604
v -0.3098 270.3142 238.0921
v -0.3137 233.7117 256.8344
v -0.4667 211.2372 342.4607
v -0.8588 219.0670 257.4826
v -0.4157 167.3032 306.7179
v -0.7412 359.8076 164.9572
v -0.0745 386.6025 105.9364
v 0.1373 370.7107 48.0000
v 0.3294 312.1320 48.0000
v 0.3294 298.7345 87.3045
v 0.1922 330.5183 204.1094
v -0.1725 273.3693 81.9068
v 0.2157 254.4224 182.6129
v -0.1098 254.4224 196.5709
v -0.1608 273.3693 77.9631
v 0.2235 312.1320 48.0000
v 0.3294 370.7107 48.0000
v 0.3294 361.2372 105.6744
v 0.1373 283.7117 186.3275
v -0.1412 321.0449 207.9485
v -0.2196 270.3142 235.7520
v -0.3059 167.3032 329.3393
v -0.8118 219.0670 277.3766
v -0.4902 295.1630 255.7939
v -0.4314 192.6685 337.5835
v -0.8353 185.3553 366.5649
v -0.6235 156.0660 367.2982
v -0.3059 35.3553 388.7171
v -0.6235 106.0660 363.1125
v -0.3059 106.0660 343.5539
v -1.4745 35.3553 337.4937
v -1.6039 0.0000 357.3142
v -1.4471 0.0000 419.6498
v -1.0039 183.7117 232.5410
v -1.9843 61.2372 228.9485
v -2.2118 35.3553 246.4787
v -0.4667 106.0660 297.4072
v -0.7961 0.0000 240.4711
v -0.4235 0.0000 332.1678
v -0.8431 277.1320 48.0000
v 0.2314 178.7107 48.0000
v 0.2314 169.2372 91.2910
v 0.3373 248.7117 162.3642
v 0.5059 0.0000 108.7364
v 0.1333 0.0000 173.7274
v -0.0902 0.0000 199.7144
v -0.1647 0.0000 109.6911
v 0.1294 70.7107 48.0000
v 0.3294 212.1320 48.0000
v 0.3294 212.1320 99.0915
v 0.1569 70.7107 177.0652
v -0.1216 183.7117 218.9548
v -0.2588 61.2372 231.5601
v -0.3059 0.0000 329.5967
v -0.8157 0.0000 272.6674
v -0.4863 183.7117 229.2454
v -0.4078 61.2372 321.9971
v -0.8510 106.0660 359.1062
v -0.0824 35.3553 338.1630
v 0.0431 0.0000 376.9426
v -0.5569 0.0000 385.3304
v -0.1098 -35.3553 366.1548
v -1.6039 -106.0660 359.9920
v -1.4745 -106.0660 353.3434
v -1.2510 -35.3553 391.0656
v -0.9373 -61.2372 228.8842
v -0.2745 -183.7117 256.2147
v -0.3412 -183.7117 263.0276
v -0.4784 -61.2372 331.8456
v -0.8275 -219.0670 270.9311
v -0.4863 -167.3032 339.6870
v -0.8471 -70.7107 48.0000
v 0.3294 -212.1320 48.0000
v 0.3294 -212.1320 94.0821
v 0.1804 -70.7107 185.9360
v -0.1294 -273.3693 112.2112
v 0.1176 -254.4224 174.2766
v -0.1059 -254.4224 195.8004
v -0.1412 -273.3693 90.4895
v 0.1922 -212.1320 48.0000
v 0.3294 -70.7107 48.0000
v 0.3294 -61.2372 101.0741
v 0.1529 -183.7117 175.4566
v -0.1216 -61.2372 220.2347
v -0.2549 -183.7117 225.6938
v -0.2941 -167.3032 334.2343
v -0.8196 -219.0670 283.5441
v -0.4667 -35.3553 263.8273
v -0.4510 -106.0660 316.4422
v -0.8431 -35.3553 365.5256
v 0.0431 -106.0660 338.1888
v -0.0824 -35.3553 392.7749
v -0.6235 -106.0660 373.9533
v -0.3059 -156.0660 352.2289
v -1.2510 -185.3553 360.2024
v -0.9373 -150.0000 355.7116
v -0.7804 -50.0000 387.9905
v -0.7804 -270.3142 233.6513
v -0.3098 -321.0449 212.3976
v -0.2353 -295.1630 271.4656
v -0.4706 -192.6685 315.9796
v -0.8196 -309.8076 256.9531
v -0.4667 -236.6025 334.4485
v -0.8549 -312.1320 48.0000
v 0.3294 -370.7107 48.0000
v 0.3294 -361.2372 99.8501
v 0.1569 -283.7117 173.9942
v -0.1098 -386.6025 90.6592
v 0.1804 -359.8076 197.9656
v -0.1843 -370.7107 48.0000
v 0.3294 -312.1320 48.0000
v 0.3294 -298.7345 79.0855
v 0.2196 -330.5182 176.9330
v -0.1059 -270.3142 228.6611
v -0.2784 -321.0449 232.5660
v -0.2902 -233.7117 277.1402
v -0.4863 -211.2372 331.9905
v -0.8275 -156.0660 373.1921
v -0.3059 -185.3553 366.0380
v -0.6235 85.3553 370.6964
v -0.9373 135.3553 361.1357
v -0.9373 120.7107 377.6797
v -1.0941 247.8398 269.0467
v -0.5961 284.4423 262.9509
v -0.4588 259.0770 261.3200
v -0.4706 181.9479 326.7937
v -0.8510 196.5926 335.3881
v -0.8549 207.8298 268.1149
v -0.6118 343.9157 131.9337
v 0.0510 357.3132 96.8291
v 0.1725 328.0239 82.2871
v 0.2039 279.7877 190.6699
v -0.1529 305.1530 188.0441
v -0.1569 289.2611 152.7209
v -0.0196 293.1852 122.0811
v 0.0667 302.6586 107.6146
v 0.1333 331.9479 73.7956
v 0.2314 334.4423 181.0021
v -0.1216 309.0770 181.0757
v -0.1412 347.8398 144.5442
v 0.0039 218.5504 310.5785
v -0.6706 244.4324 281.1346
v -0.5059 269.7976 271.2704
v -0.5059 221.9579 333.0430
v -0.8275 207.3132 330.6244
v -0.8588 258.5604 319.7343
v -0.6784 85.3553 368.0486
v -0.6235 120.7107 359.1740
v -0.4627 135.3553 353.8315
v -0.6235 35.3553 365.6815
v -1.1608 70.7107 365.6542
v -1.3176 35.3553 364.9832
v -1.3843 131.9479 285.5058
v -0.6510 157.8298 238.4095
v -0.4431 96.5926 266.8901
v -0.4706 35.3553 314.1553
v -0.8392 70.7107 313.0561
v -0.8157 35.3553 285.9027
v -0.6627 258.1852 125.0706
v 0.4157 267.6586 88.6860
v 0.3294 225.9479 88.5635
v 0.3373 169.2372 187.5351
v 0.5686 216.4745 175.5295
v 0.5569 169.2372 156.7994
v 0.4902 70.7107 149.9068
v -0.0157 70.7107 90.2480
v 0.1843 141.4213 97.2664
v 0.1647 193.1852 162.3114
v -0.0706 131.9479 200.3385
v -0.1765 202.6586 140.9505
v 0.0118 61.2372 272.8163
v -0.6353 61.2372 265.6922
v -0.4902 122.4745 258.8995
v -0.4588 131.9479 315.2773
v -0.8039 96.5926 334.0518
v -0.8353 157.8298 270.6433
v -0.6000 35.3553 390.7545
v -0.4000 35.3553 366.7184
v -0.1765 70.7107 369.4654
v -0.2431 -35.3553 416.5301
v -1.1608 -35.3553 376.2032
v -1.3843 -70.7107 387.1164
v -1.3176 -61.2372 279.3641
v -0.6118 -61.2372 273.9246
v -0.4706 -122.4745 279.3156
v -0.5020 -131.9479 300.2365
v -0.7725 -96.5926 324.7207
v -0.8118 -157.8298 286.2108
v -0.6314 -70.7107 153.4004
v -0.0118 -70.7107 107.2310
v 0.1373 -141.4213 90.4310
v 0.1882 -193.1851 189.9785
v -0.1294 -131.9479 186.4697
v -0.1255 -202.6586 134.9515
v 0.0431 -193.1851 118.6515
v 0.0706 -202.6586 97.8804
v 0.1569 -131.9479 74.3524
v 0.2353 -61.2372 196.1375
v -0.1608 -122.4745 164.7612
v -0.0667 -61.2372 139.0890
v 0.0235 -131.9479 282.7934
v -0.6588 -157.8298 234.6427
v -0.4431 -96.5926 260.6019
v -0.4392 -35.3553 302.5910
v -0.7608 -70.7107 325.9005
v -0.7922 -35.3553 275.9671
v -0.5961 -35.3553 386.3975
v -0.4000 -70.7107 391.9234
v -0.2431 -35.3553 377.5578
v -0.1765 -85.3553 367.5305
v -0.9373 -120.7107 362.5008
v -1.0941 -135.3553 360.5111
v -0.9373 -218.5504 285.3678
v -0.6431 -244.4323 249.7308
v -0.4627 -269.7976 228.9730
v -0.3922 -221.9578 304.6138
v -0.7765 -207.3132 339.4104
v -0.8549 -258.5604 295.0134
v -0.6314 -293.1852 131.0753
v 0.0353 -302.6586 109.4521
v 0.1255 -331.9480 70.5988
v 0.2392 -334.4423 171.2211
v -0.0941 -309.0770 190.7203
v -0.1608 -347.8398 146.1773
v 0.0000 -343.9157 139.6981
v 0.0196 -357.3132 105.2862
v 0.1412 -328.0239 86.3310
v 0.1961 -279.7877 183.8554
v -0.1255 -305.1530 162.1704
v -0.0667 -289.2611 142.4437
v 0.0118 -247.8397 279.2557
v -0.6078 -284.4423 257.9044
v -0.4510 -259.0770 263.2542
v -0.4902 -181.9479 335.4108
v -0.8196 -196.5926 318.7075
v -0.8275 -207.8298 302.2634
v -0.6431 -85.3553 368.2725
v -0.6235 -135.3553 368.0416
v -0.6235 -120.7107 358.7898
v -0.4627 -293.6537 0.4800
v 0.6941 -266.0983 0.4800
v 0.6824 -321.2091 0.4800
v 0.6980 -348.7645 0.4800
v 0.6941 -376.3199 0.4800
v 0.6824 -66.5246 0.4800
v 0.6941 0.0000 0.4800
v 0.6824 -133.0492 0.4800
v 0.6980 -199.5738 0.4800
v 0.6941 199.5738 0.4800
v 0.6941 266.0983 0.4800
v 0.6824 133.0492 0.4800
v 0.6980 66.5246 0.4800
v 0.6941 348.7645 0.4800
v 0.6941 376.3199 0.4800
v 0.6824 321.2091 0.4800
v 0.6980 293.6537 0.4800
v 0.6941 -348.7645 0.4800
v 0.6941 -321.2091 0.4800
v 0.6980 -293.6537 0.4800
v 0.6941 -266.0983 0.4800
v 0.6824 -199.5738 0.4800
v 0.6941 -133.0492 0.4800
v 0.6980 -66.5246 0.4800
v 0.6941 0.0000 0.4800
v 0.6824 174.5246 0.4800
v 0.6941 227.0492 0.4800
v 0.6980 264.5738 0.4800
v 0.6941 266.0983 0.4800
v 0.6824 293.6537 0.4800
v 0.6941 321.2091 0.4800
v 0.6980 348.7645 0.4800
v 0.6941 300.2662 0.0000
v 1.0000 326.0249 0.0000
v 1.0000 274.5073 0.0000
v 1.0000 248.7487 0.0000
v 1.0000 0.0000 0.0000
v 1.0000 -62.1872 0.0000
v 1.0000 -124.3744 0.0000
v 1.0000 -186.5615 0.0000
v 1.0000 -248.7487 0.0000
v 1.0000 -274.5073 0.0000
v 1.0000 -300.2662 0.0000
v 1.0000 -326.0250 0.0000
v 1.0000 -351.7837 0.0000
v 1.0000 351.7836 0.0000
v 1.0000 -300.2662 0.0000
v 1.0000 -326.0250 0.0000
v 1.0000 -274.5073 0.0000
v 1.0000 -248.7487 0.0000
v 1.0000 -186.5615 0.0000
v 1.0000 -124.3744 0.0000
v 1.0000 -62.1872 0.0000
v 1.0000 0.0000 0.0000
v 1.0000 62.1872 0.0000
v 1.0000 124.3744 0.0000
v 1.0000 186.5615 0.0000
v 1.0000 248.7487 0.0000
v 1.0000 274.5073 0.0000
v 1.0000 300.2662 0.0000
v 1.0000 326.0249 0.0000
v 1.0000 43.0000 0.0000
v 1.0000 43.0000 0.4800
v 0.6824 256.7487 0.0000
v 1.0000 274.0983 0.4800
v 0.6824 290.8427 48.0000
v 0.2314 43.0000 48.0000
v 0.2314 43.0000 108.7364
v 0.3725 43.0000 147.3917
v 0.4667 43.0000 173.7274
v 0.5294 43.0000 232.8326
v -2.5294 92.2372 228.9485
v -2.4471 149.4745 219.2383
v -2.3490 199.7117 232.5410
v -2.2314 281.3693 81.9068
v 0.3216 271.8958 119.5732
v 0.4157 262.4224 182.6129
v 0.5686 252.9490 221.7689
v -2.0824 286.3693 81.9068
v 0.3216 295.8427 48.0000
v 0.2314 257.9490 221.7689
v -2.2824 267.4224 182.6129
v 0.5686 215.7117 232.5410
v -2.3922 276.8958 119.5732
v 0.4157 177.4745 219.2383
v -2.5020 130.2372 228.9485
v -2.5882 83.0000 232.8326
v -2.6549 83.0000 173.7274
v 0.5294 279.0983 0.4800
v 0.6824 83.0000 108.7364
v 0.3725 83.0000 147.3917
v 0.4667 83.0000 48.0000
v 0.2314 83.0000 0.4800
v 0.6824 83.0000 0.0000
v 1.0000 261.7487 0.0000
v 1.0000 278.0983 0.4800
v 0.6824 260.7487 0.0000
v 1.0000 251.5615 0.0000
v 1.0000 218.3743 0.0000
v 1.0000 294.8427 48.0000
v 0.2314 170.1872 0.0000
v 1.0000 120.0000 0.0000
v 1.0000 120.0000 0.4800
v 0.6824 120.0000 48.0000
v 0.2314 120.0000 147.3917
v 0.4667 120.0000 173.7274
v 0.5294 120.0000 108.7364
v 0.3725 120.0000 232.8326
v -2.7490 169.2372 228.9485
v -2.7922 285.3693 81.9068
v 0.3216 216.4745 219.2383
v -2.6941 275.8958 119.5732
v 0.4157 248.7117 232.5410
v -2.5922 266.4224 182.6129
v 0.5686 256.9490 221.7689
v -2.4706 185.3553 358.6334
v -1.0039 185.3553 358.6334
v -1.0039 170.7107 347.8856
v -1.0039 156.0660 346.0938
v -1.0039 141.4213 379.6321
v -1.0039 141.4213 379.6321
v -1.0039 244.9489 221.7689
v -0.2392 170.7107 325.7061
v -1.0039 156.0660 367.2982
v -1.0039 156.0660 367.2982
v -1.0039 185.3553 366.5649
v -1.0039 185.3553 366.5649
v -1.0039 200.0000 352.1976
v -1.0039 185.3553 358.6334
v -1.0039 170.7107 325.7061
v -1.0039 170.7107 325.7061
v -1.0039 185.3553 366.5649
v -1.0039 156.0660 367.2982
v -1.0039 141.4213 371.1592
v -1.0039 141.4213 371.1592
v -1.0039 141.4213 379.6321
v -1.0039 141.4213 379.6321
v -1.0039 167.3032 306.7179
v -0.7412 106.0660 343.5539
v -1.0039 61.2372 228.9485
v -0.3098 0.0000 232.8326
v -0.2824 0.0000 232.8326
v -0.2824 193.1851 298.7536
v -0.6039 167.3032 306.7179
v -0.7412 167.3032 306.7179
v -0.7412 219.0670 257.4826
v -0.4157 219.0670 257.4826
v -0.4157 244.9489 221.7689
v -0.2392 183.7117 232.5410
v -0.2980 183.7117 232.5410
v -0.2980 122.4745 219.2383
v -0.2588 122.4745 219.2383
v -0.2588 183.7117 232.5410
v -0.2980 219.0670 257.4826
v -0.4157 193.1851 298.7536
v -0.6039 193.1851 298.7536
v -0.6039 122.4745 219.2383
v -0.2588 61.2372 228.9485
v -0.3098 61.2372 228.9485
v -0.3098 35.3553 337.4937
v -1.0039 35.3553 337.4937
v -1.0039 0.0000 357.6972
v -1.0039 -35.3553 366.1548
v -1.0039 106.0660 343.5539
v -1.0039 106.0660 343.5539
v -1.0039 70.7107 352.0325
v -1.0039 273.3693 77.9631
v 0.2235 263.8958 159.0393
v -0.0314 263.8958 159.0393
v -0.0314 282.8427 48.0000
v 0.3294 282.8427 48.0000
v 0.3294 273.3693 77.9631
v 0.2235 263.8958 159.0393
v -0.0314 254.4224 196.5709
v -0.1608 244.9489 242.0555
v -0.3137 219.0670 277.3766
v -0.4902 219.0670 277.3766
v -0.4902 35.3553 338.1630
v -1.0039 0.0000 369.8044
v -1.0039 0.0000 369.8044
v -1.0039 35.3553 337.4937
v -1.0039 70.7107 352.0325
v -1.0039 70.7107 352.0325
v -1.0039 -35.3553 366.1548
v -1.0039 -35.3553 366.1548
v -1.0039 -70.7107 367.2386
v -1.0039 -106.0660 359.9920
v -1.0039 -106.0660 359.9920
v -1.0039 0.0000 232.8326
v -0.2824 -106.0660 359.9920
v -1.0039 -141.4213 360.4295
v -1.0039 -141.4213 360.4295
v -1.0039 70.7107 363.3302
v -1.0039 106.0660 359.1062
v -1.0039 106.0660 359.1062
v -1.0039 219.0670 277.3766
v -0.4902 193.1851 300.1948
v -0.6471 167.3032 329.3393
v -0.8118 106.0660 359.1062
v -1.0039 141.4213 371.1592
v -1.0039 141.4213 371.1592
v -1.0039 -141.4213 376.1075
v -1.0039 -141.4213 376.1075
v -1.0039 -106.0660 338.1888
v -1.0039 -106.0660 338.1888
v -1.0039 -70.7107 377.6997
v -1.0039 -70.7107 377.6997
v -1.0039 35.3553 338.1630
v -1.0039 70.7107 363.3302
v -1.0039 70.7107 363.3302
v -1.0039 -70.7107 377.6997
v -1.0039 -35.3553 365.5256
v -1.0039 -35.3553 365.5256
v -1.0039 -35.3553 365.5256
v -1.0039 0.0000 369.8044
v -1.0039 0.0000 369.8044
v -1.0039 -193.1851 303.8903
v -0.6627 -193.1851 303.8903
v -0.6627 -219.0670 270.9311
v -0.4863 -200.0000 344.7489
v -1.0039 -200.0000 344.7489
v -1.0039 -185.3553 360.2024
v -1.0039 -185.3553 360.2024
v -1.0039 -170.7107 352.2180
v -1.0039 -170.7107 352.2180
v -1.0039 -156.0660 352.2289
v -1.0039 -167.3032 339.6870
v -0.8471 -141.4213 360.4295
v -1.0039 -141.4213 360.4295
v -1.0039 -170.7107 352.2180
v -1.0039 -156.0660 352.2289
v -1.0039 -156.0660 352.2289
v -1.0039 -282.8427 48.0000
v 0.3294 -273.3693 112.2112
v 0.1176 -263.8958 136.8573
v 0.0235 -254.4224 174.2766
v -0.1059 -244.9489 231.1263
v -0.2941 -219.0670 270.9311
v -0.4863 -219.0670 270.9311
v -0.4863 -193.1851 303.8903
v -0.6627 -167.3032 339.6870
v -0.8471 -167.3032 339.6870
v -0.8471 -219.0670 283.5441
v -0.4667 -193.1851 278.3134
v -0.6000 -193.1851 278.3134
v -0.6000 -185.3553 366.0380
v -1.0039 -200.0000 344.7489
v -1.0039 -200.0000 344.7489
v -1.0039 -273.3693 90.4895
v 0.1922 -282.8427 48.0000
v 0.3294 -282.8427 48.0000
v 0.3294 -244.9489 227.5348
v -0.2510 -244.9489 227.5348
v -0.2510 -254.4224 195.8004
v -0.1412 -254.4224 195.8004
v -0.1412 -254.4224 195.8004
v -0.1412 -263.8958 151.1506
v 0.0000 -273.3693 90.4895
v 0.1922 -273.3693 90.4895
v 0.1922 -263.8958 151.1506
v 0.0000 -244.9489 227.5348
v -0.2510 -244.9489 227.5348
v -0.2510 -219.0670 283.5441
v -0.4667 -167.3032 334.2343
v -0.8196 -167.3032 334.2343
v -0.8196 -193.1851 278.3134
v -0.6000 -185.3553 366.0380
v -1.0039 -170.7107 351.6227
v -1.0039 -156.0660 373.1921
v -1.0039 -167.3032 334.2343
v -0.8196 -141.4213 376.1075
v -1.0039 257.9490 221.7689
v 0.6667 256.9490 221.7689
v 0.6667 248.7117 232.5410
v 0.6667 248.7117 232.5410
v 0.6667 0.0000 48.0000
v 0.2314 0.0000 108.7364
v 0.3725 0.0000 147.3917
v 0.4667 0.0000 173.7274
v 0.5294 43.0000 232.8326
v 0.6667 0.0000 232.8326
v 0.6667 0.0000 232.8326
v 0.6667 252.9490 221.7689
v 0.6667 252.9490 221.7689
v 0.6667 244.9489 221.7689
v 0.6667 254.4224 182.6129
v 0.5686 263.8958 119.5732
v 0.4157 273.3693 81.9068
v 0.3216 282.8427 48.0000
v 0.2314 282.8427 48.0000
v 0.2314 252.9490 221.7689
v 0.6667 257.9490 221.7689
v 0.6667 257.9490 221.7689
v 0.6667 43.0000 232.8326
v 0.6667 43.0000 232.8326
v 0.6667 83.0000 232.8326
v 0.6667 120.0000 232.8326
v 0.6667 169.2372 228.9485
v 0.6667 216.4745 219.2383
v 0.6667 248.7117 232.5410
v 0.6667 120.0000 48.0000
v 0.0000 83.0000 48.0000
v 0.0000 43.0000 48.0000
v 0.0000 0.0000 48.0000
v 0.0000 0.0000 48.0000
v 0.0000 282.8427 48.0000
v 0.0000 282.8427 48.0000
v 0.0000 290.8427 48.0000
v 0.0000 290.8427 48.0000
v 0.0000 290.8427 48.0000
v 0.0000 295.8427 48.0000
v 0.0000 282.8427 48.0000
v 0.0000 312.1320 48.0000
v 0.0000 341.4213 48.0000
v 0.0000 370.7107 48.0000
v 0.0000 400.0000 48.0000
v 0.0000 370.7107 48.0000
v 0.0000 341.4213 48.0000
v 0.0000 312.1320 48.0000
v 0.0000 282.8427 48.0000
v 0.0000 212.1320 48.0000
v 0.0000 141.4213 48.0000
v 0.0000 70.7107 48.0000
v 0.0000 0.0000 48.0000
v 0.0000 0.0000 48.0000
v 0.0000 295.8427 48.0000
v 0.0000 295.8427 48.0000
v 0.0000 294.8427 48.0000
v 0.0000 277.1320 48.0000
v 0.0000 235.4213 48.0000
v 0.0000 178.7107 48.0000
v 0.0000 120.0000 48.0000
v 0.0000 0.0000 0.4800
v 0.6824 0.0000 48.0000
v 0.0000 -70.7107 48.0000
v 0.0000 -141.4213 48.0000
v 0.0000 -212.1320 48.0000
v 0.0000 -282.8427 48.0000
v 0.0000 -312.1320 48.0000
v 0.0000 -341.4213 48.0000
v 0.0000 -370.7107 48.0000
v 0.0000 -399.9999 48.0000
v 0.0000 -370.7107 48.0000
v 0.0000 -341.4213 48.0000
v 0.0000 -312.1320 48.0000
v 0.0000 -282.8427 48.0000
v 0.0000 -212.1320 48.0000
v 0.0000 -141.4213 48.0000
v 0.0000 -70.7107 48.0000
v 0.0000 0.0000 0.4800
v 0.6824 0.0000 48.0000
v 0.0000 0.0000 48.0000
v 0.0000 0.0000 0.4800
v 0.6824 0.0000 0.4800
v 0.6824 0.0000 0.0000
v 1.0000 0.0000 0.4800
v 0.6824 0.0000 0.0000
v 1.0000 0.0000 0.0000
v 209.8249 50.3554 602.3453
v 0.0000 0.0000 1.0000
v 1.0000 1.0000 0.0000
v 0.0000 -400.0000 -1.0000
v -0.2235 -311.1111 -1.0000
v -0.2235 -311.1111 -1.0000
v 1.0000 -400.0000 -1.0000
v 1.0000 -222.2222 -1.0000
v -0.2235 -222.2222 -1.0000
v 1.0000 -133.3333 -1.0000
v -0.2235 -133.3333 -1.0000
v 1.0000 -44.4444 -1.0000
v -0.2235 -44.4444 -1.0000
v 1.0000 44.4444 -1.0000
v -0.2235 44.4444 -1.0000
v 1.0000 133.3333 -1.0000
v -0.2235 133.3333 -1.0000
v 1.0000 222.2222 -1.0000
v -0.2235 222.2222 -1.0000
v 1.0000 311.1111 -1.0000
v -0.2235 400.0000 -1.0000
v -0.2235 400.0000 -1.0000
v 1.0000 311.1111 -1.0000
v 1.0000 -400.0000 -1.0000
v -1.4510 -311.1111 -1.0000
v -1.4510 -222.2222 -1.0000
v -1.4510 -133.3333 -1.0000
v -1.4510 -44.4444 -1.0000
v -1.4510 44.4444 -1.0000
v -1.4510 133.3333 -1.0000
v -1.4510 222.2222 -1.0000
v -1.4510 311.1111 -1.0000
v -1.4510 400.0000 -1.0000
v -1.4510 -400.0000 -1.0000
v -2.6784 -311.1111 -1.0000
v -2.6784 -222.2222 -1.0000
v -2.6784 -133.3333 -1.0000
v -2.6784 -44.4444 -1.0000
v -2.6784 44.4444 -1.0000
v -2.6784 133.3333 -1.0000
v -2.6784 222.2222 -1.0000
v -2.6784 311.1111 -1.0000
v -2.6784 400.0000 -1.0000
v -2.6784 -400.0000 -1.0000
v -3.9059 -311.1111 -1.0000
v -3.9059 -222.2222 -1.0000
v -3.9059 -133.3333 -1.0000
v -3.9059 -44.4444 -1.0000
v -3.9059 44.4444 -1.0000
v -3.9059 133.3333 -1.0000
v -3.9059 222.2222 -1.0000
v -3.9059 311.1111 -1.0000
v -3.9059 400.0000 -1.0000
v -3.9059 -400.0000 -1.0000
v -5.1294 -311.1111 -1.0000
v -5.1294 -222.2222 -1.0000
v -5.1294 -133.3333 -1.0000
v -5.1294 -44.4444 -1.0000
v -5.1294 44.4444 -1.0000
v -5.1294 133.3333 -1.0000
v -5.1294 222.2222 -1.0000
v -5.1294 311.1111 -1.0000
v -5.1294 400.0000 -1.0000
v -5.1294 -400.0000 -1.0000
v -6.3569 -311.1111 -1.0000
v -6.3569 -222.2222 -1.0000
v -6.3569 -133.3333 -1.0000
v -6.3569 -44.4444 -1.0000
v -6.3569 44.4444 -1.0000
v -6.3569 133.3333 -1.0000
v -6.3569 222.2222 -1.0000
v -6.3569 311.1111 -1.0000
v -6.3569 400.0000 -1.0000
v -6.3569 -400.0000 -1.0000
v -7.5843 -311.1111 -1.0000
v -7.5843 -222.2222 -1.0000
v -7.5843 -133.3333 -1.0000
v -7.5843 -44.4444 -1.0000
v -7.5843 44.4444 -1.0000
v -7.5843 133.3333 -1.0000
v -7.5843 222.2222 -1.0000
v -7.5843 311.1111 -1.0000
v -7.5843 400.0000 -1.0000
v -7.5843 -311.1111 -1.0000
v -8.8118 -400.0000 -1.0000
v -8.8118 -400.0000 -1.0000
v -10.0392 -311.1111 -1.0000
v -10.0392 -222.2222 -1.0000
v -8.8118 -222.2222 -1.0000
v -10.0392 -133.3333 -1.0000
v -8.8118 -133.3333 -1.0000
v -10.0392 -44.4444 -1.0000
v -8.8118 -44.4444 -1.0000
v -10.0392 44.4444 -1.0000
v -8.8118 44.4444 -1.0000
v -10.0392 133.3333 -1.0000
v -8.8118 133.3333 -1.0000
v -10.0392 222.2222 -1.0000
v -8.8118 222.2222 -1.0000
v -10.0392 400.0000 -1.0000
v -8.8118 311.1111 -1.0000
v -8.8118 311.1111 -1.0000
v -10.0392 400.0000 -1.0000
v -10.0392 0.0000 0.0000
v -1.0000 70.0000 617.1709
v 0.0000 0.0000 1.0000
v 1.0000 1.0000 0.0000
v 0.0000 0.0000 198.3728
v 0.0039 1.0000 198.3728
v 0.0039 0.0000 129.3732
v 0.0039 1.0000 129.3732
v 0.0039 0.0000 138.6167
v 0.2863 1.0000 138.6167
v 0.2863 1.0000 183.4734
v 0.4275 0.0000 183.4734
v 0.4275 0.0000 146.3909
v 0.4275 0.0000 146.3909
v 0.4275 0.0000 138.6167
v 0.2863 0.0000 138.6167
v 0.2863 0.0000 183.4734
v 0.4275 1.0000 183.4734
v 0.4275 1.0000 146.3909
v 0.4275 1.0000 146.3909
v 0.4275 1.0000 192.7830
v 0.0667 0.0000 192.7830
v 0.0667 0.0000 183.6377
v 0.2863 0.0000 183.6377
v 0.2863 0.0000 192.7830
v 0.0667 1.0000 192.7830
v 0.0667 1.0000 183.6377
v 0.2863 1.0000 183.6377
v 0.2863 1.0000 129.4198
v 0.0667 1.0000 129.4198
v 0.0667 1.0000 129.4198
v 0.0667 0.0000 129.4198
v 0.0667 0.0000 164.9322
v 1.0039 0.0000 164.9322
v 1.0039 1.0000 0.0000
v 0.0000 163.8730 19.5000
v 402.0757 42.8628 0.0000
v 0.0000 1.0000 1.0000
v 1.0000 0.0000 0.0000
v 0.0000 -169.6572 12.8352
v 1.0000 -170.7611 19.5935
v 0.7412 -169.8244 14.9199
v 1.0000 -170.9282 21.6782
v 0.7412 -173.9538 15.7834
v 1.0000 -175.0576 22.5417
v 0.7412 -179.6264 14.9199
v 1.0000 -180.7302 21.6782
v 0.7412 -183.5195 12.8352
v 1.0000 -184.6233 19.5935
v 0.7412 -183.3523 10.7504
v 1.0000 -184.4561 17.5087
v 0.7412 -179.2230 9.8869
v 1.0000 -180.3268 16.6452
v 0.7412 -173.5503 10.7504
v 1.0000 -174.6541 17.5087
v 0.7412 -172.1499 24.6629
v 0.5373 -172.9649 28.9065
v 0.4196 -177.3626 30.6642
v 0.3686 -182.7669 28.9065
v 0.4196 -186.0121 24.6629
v 0.5373 -185.1972 20.4193
v 0.6549 -180.7995 18.6615
v 0.7020 -175.3952 20.4193
v 0.6549 -173.8961 26.4016
v 0.3843 -175.6845 31.6670
v 0.1804 -180.4854 33.8480
v 0.0980 -185.4865 31.6670
v 0.1804 -187.7583 26.4016
v 0.3843 -185.9700 21.1362
v 0.5882 -181.1691 18.9552
v 0.6745 -176.1679 21.1362
v 0.5882 -176.5654 24.8023
v 0.3294 -179.3919 29.6787
v 0.0941 -184.6228 31.6986
v 0.0000 -189.1939 29.6787
v 0.0941 -190.4276 24.8023
v 0.3294 -187.6011 19.9260
v 0.5647 -182.3701 17.9061
v 0.6627 -177.7990 19.9260
v 0.5647 -183.5195 12.8352
v 1.0000 -184.6233 19.5935
v 0.7412 -183.6866 14.9199
v 1.0000 -184.7904 21.6782
v 0.7412 -187.8159 15.7834
v 1.0000 -188.9198 22.5417
v 0.7412 -193.4886 14.9199
v 1.0000 -194.5924 21.6782
v 0.7412 -197.3817 12.8352
v 1.0000 -198.4855 19.5935
v 0.7412 -197.2146 10.7504
v 1.0000 -198.3183 17.5087
v 0.7412 -193.0852 9.8869
v 1.0000 -194.1890 16.6452
v 0.7412 -187.4125 10.7504
v 1.0000 -188.5163 17.5087
v 0.7412 -186.0121 24.6629
v 0.5373 -186.8271 28.9065
v 0.4196 -191.2248 30.6642
v 0.3686 -196.6291 28.9065
v 0.4196 -199.8743 24.6629
v 0.5373 -199.0594 20.4193
v 0.6549 -194.6617 18.6615
v 0.7020 -189.2574 20.4193
v 0.6549 -187.7583 26.4016
v 0.3843 -189.5466 31.6670
v 0.1804 -194.3476 33.8480
v 0.0980 -199.3487 31.6670
v 0.1804 -201.6205 26.4016
v 0.3843 -199.8322 21.1362
v 0.5882 -195.0313 18.9552
v 0.6745 -190.0301 21.1362
v 0.5882 -190.4276 24.8023
v 0.3294 -193.2541 29.6787
v 0.0941 -198.4850 31.6986
v 0.0000 -203.0561 29.6787
v 0.0941 -204.2898 24.8023
v 0.3294 -201.4633 19.9260
v 0.5647 -196.2323 17.9061
v 0.6627 -191.6612 19.9260
v 0.5647 -196.2778 6.0769
v 0.7412 -192.3848 8.1616
v 0.7412 -186.7121 9.0251
v 0.7412 -182.5828 8.1616
v 0.7412 -182.4156 6.0769
v 0.7412 -186.3087 3.9922
v 0.7412 -191.9814 3.1286
v 0.7412 -196.1107 3.9922
v 0.7412 -195.8374 -0.0539
v 0.5373 -191.7958 -0.6866
v 0.4196 -186.0615 -0.9487
v 0.3686 -181.9937 -0.6866
v 0.4196 -181.9752 -0.0539
v 0.5373 -186.0169 0.5789
v 0.6549 -191.7511 0.8410
v 0.7020 -195.8189 0.5789
v 0.6549 -196.5637 -4.5594
v 0.3843 -192.9124 -7.7401
v 0.1804 -187.3399 -9.0576
v 0.0980 -183.1104 -7.7401
v 0.1804 -182.7015 -4.5594
v 0.3843 -186.3528 -1.3787
v 0.5882 -191.9254 -0.0612
v 0.6745 -196.1549 -1.3787
v 0.5882 -198.8497 -8.5053
v 0.3294 -196.0232 -13.3817
v 0.0941 -190.7923 -15.4015
v 0.0000 -186.2212 -13.3817
v 0.0941 -184.9875 -8.5053
v 0.3294 -187.8140 -3.6290
v 0.5647 -193.0450 -1.6091
v 0.6627 -197.6161 -3.6290
v 0.5647 -182.4156 6.0769
v 0.7412 -178.5226 8.1616
v 0.7412 -172.8499 9.0251
v 0.7412 -168.7206 8.1616
v 0.7412 -168.5535 6.0769
v 0.7412 -172.4465 3.9922
v 0.7412 -178.1192 3.1286
v 0.7412 -182.2485 3.9922
v 0.7412 -181.9752 -0.0539
v 0.5373 -177.9336 -0.6866
v 0.4196 -172.1993 -0.9487
v 0.3686 -168.1315 -0.6866
v 0.4196 -168.1130 -0.0539
v 0.5373 -172.1547 0.5789
v 0.6549 -177.8889 0.8410
v 0.7020 -181.9568 0.5789
v 0.6549 -182.7015 -4.5594
v 0.3843 -179.0502 -7.7401
v 0.1804 -173.4777 -9.0576
v 0.0980 -169.2482 -7.7401
v 0.1804 -168.8393 -4.5594
v 0.3843 -172.4906 -1.3787
v 0.5882 -178.0632 -0.0612
v 0.6745 -182.2927 -1.3787
v 0.5882 -184.9875 -8.5053
v 0.3294 -182.1610 -13.3817
v 0.0941 -176.9301 -15.4015
v 0.0000 -172.3589 -13.3817
v 0.0941 -171.1253 -8.5053
v 0.3294 -173.9518 -3.6289
v 0.5647 -179.1828 -1.6091
v 0.6627 -183.7539 -3.6290
v 0.5647 0.0000 0.0000
v 0.0000 -186.2014 9.2232
v 299.4275 28.4155 0.0000
v 0.0000 1.0000 1.0000
v 1.0000 0.0000 0.0000
v 0.0000 270.0367 46.4038
v 1.0000 270.0367 53.7538
v 0.7412 264.8333 46.4038
v 1.0000 264.8333 53.7538
v 0.7412 262.8676 46.4038
v 1.0000 262.8676 53.7538
v 0.7412 265.2913 46.4038
v 1.0000 265.2913 53.7538
v 0.7412 270.6845 46.4038
v 1.0000 270.6845 53.7538
v 0.7412 275.8881 46.4038
v 1.0000 275.8881 53.7538
v 0.7412 277.8536 46.4038
v 1.0000 277.8536 53.7538
v 0.7412 275.4299 46.4038
v 1.0000 275.4299 53.7538
v 0.7412 271.3855 59.8442
v 0.5373 266.8918 62.4958
v 0.4196 265.2202 63.5942
v 0.3686 267.3499 62.4958
v 0.4196 272.0333 59.8442
v 0.5373 276.5269 57.1925
v 0.6549 278.1985 56.0942
v 0.7020 276.0688 57.1925
v 0.6549 274.9014 63.2396
v 0.3843 272.3471 67.8324
v 0.1804 271.4788 69.7348
v 0.0980 272.8052 67.8324
v 0.1804 275.5492 63.2396
v 0.3843 278.1036 58.6469
v 0.5882 278.9718 56.7445
v 0.6745 277.6454 58.6469
v 0.5882 281.9479 64.5157
v 0.3294 282.0428 69.8190
v 0.0941 282.2719 72.0157
v 0.0000 282.5009 69.8190
v 0.0941 282.5957 64.5157
v 0.3294 282.5009 59.2124
v 0.5647 282.2719 57.0157
v 0.6627 282.0428 59.2124
v 0.5647 270.6845 46.4038
v 1.0000 270.6845 53.7538
v 0.7412 265.4810 46.4038
v 1.0000 265.4810 53.7538
v 0.7412 263.5155 46.4038
v 1.0000 263.5155 53.7538
v 0.7412 265.9391 46.4038
v 1.0000 265.9391 53.7538
v 0.7412 271.3324 46.4038
v 1.0000 271.3324 53.7538
v 0.7412 276.5359 46.4038
v 1.0000 276.5359 53.7538
v 0.7412 278.5015 46.4038
v 1.0000 278.5015 53.7538
v 0.7412 276.0778 46.4038
v 1.0000 276.0778 53.7538
v 0.7412 272.0333 59.8442
v 0.5373 267.5397 62.4958
v 0.4196 265.8681 63.5942
v 0.3686 267.9977 62.4958
v 0.4196 272.6811 59.8442
v 0.5373 277.1748 57.1925
v 0.6549 278.8464 56.0942
v 0.7020 276.7167 57.1925
v 0.6549 275.5492 63.2396
v 0.3843 272.9950 67.8324
v 0.1804 272.1266 69.7348
v 0.0980 273.4530 67.8324
v 0.1804 276.1971 63.2396
v 0.3843 278.7514 58.6469
v 0.5882 279.6197 56.7445
v 0.6745 278.2933 58.6469
v 0.5882 282.5957 64.5157
v 0.3294 282.6906 69.8190
v 0.0941 282.9197 72.0157
v 0.0000 283.1487 69.8190
v 0.0941 283.2436 64.5157
v 0.3294 283.1487 59.2124
v 0.5647 282.9197 57.0157
v 0.6627 282.6906 59.2124
v 0.5647 271.3324 39.0538
v 0.7412 265.9391 39.0538
v 0.7412 263.5155 39.0538
v 0.7412 265.4810 39.0538
v 0.7412 270.6845 39.0538
v 0.7412 276.0778 39.0538
v 0.7412 278.5015 39.0538
v 0.7412 276.5359 39.0538
v 0.7412 272.6811 32.9634
v 0.5373 267.9977 30.3118
v 0.4196 265.8681 29.2134
v 0.3686 267.5397 30.3118
v 0.4196 272.0333 32.9634
v 0.5373 276.7167 35.6151
v 0.6549 278.8464 36.7134
v 0.7020 277.1748 35.6151
v 0.6549 276.1971 29.5679
v 0.3843 273.4530 24.9751
v 0.1804 272.1266 23.0727
v 0.0980 272.9950 24.9751
v 0.1804 275.5492 29.5679
v 0.3843 278.2933 34.1607
v 0.5882 279.6197 36.0631
v 0.6745 278.7514 34.1607
v 0.5882 283.2436 28.2919
v 0.3294 283.1487 22.9886
v 0.0941 282.9197 20.7919
v 0.0000 282.6906 22.9886
v 0.0941 282.5957 28.2919
v 0.3294 282.6906 33.5952
v 0.5647 282.9197 35.7919
v 0.6627 283.1487 33.5952
v 0.5647 270.6845 39.0538
v 0.7412 265.2913 39.0538
v 0.7412 262.8676 39.0538
v 0.7412 264.8333 39.0538
v 0.7412 270.0367 39.0538
v 0.7412 275.4299 39.0538
v 0.7412 277.8536 39.0538
v 0.7412 275.8881 39.0538
v 0.7412 272.0333 32.9634
v 0.5373 267.3499 30.3118
v 0.4196 265.2202 29.2134
v 0.3686 266.8918 30.3118
v 0.4196 271.3855 32.9634
v 0.5373 276.0688 35.6151
v 0.6549 278.1985 36.7134
v 0.7020 276.5269 35.6151
v 0.6549 275.5492 29.5679
v 0.3843 272.8052 24.9751
v 0.1804 271.4788 23.0727
v 0.0980 272.3471 24.9751
v 0.1804 274.9014 29.5679
v 0.3843 277.6454 34.1607
v 0.5882 278.9718 36.0631
v 0.6745 278.1036 34.1607
v 0.5882 282.5957 28.2919
v 0.3294 282.5009 22.9886
v 0.0941 282.2719 20.7919
v 0.0000 282.0428 22.9886
v 0.0941 281.9479 28.2919
v 0.3294 282.0428 33.5952
v 0.5647 282.2719 35.7919
v 0.6627 282.5009 33.5952
v 0.5647 0.0000 0.0000
v 0.0000 273.0556 46.4038
v 300.9149 28.4120 0.0000
v 0.0000 1.0000 1.0000
v 1.0000 0.0000 0.0000
v 0.0000 289.3153 13.3393
v 1.0000 292.5433 19.8451
v 0.7412 284.1589 15.8070
v 1.0000 287.3869 22.3128
v 0.7412 280.5712 16.8292
v 1.0000 283.7992 23.3350
v 0.7412 280.6538 15.8070
v 1.0000 283.8818 22.3128
v 0.7412 284.3583 13.3393
v 1.0000 287.5863 19.8451
v 0.7412 289.5147 10.8715
v 1.0000 292.7427 17.3773
v 0.7412 293.1024 9.8494
v 1.0000 296.3304 16.3551
v 0.7412 293.0198 10.8715
v 1.0000 296.2477 17.3773
v 0.7412 296.3459 24.6077
v 0.5373 292.9476 29.0919
v 0.4196 290.0881 30.9494
v 0.3686 289.4424 29.0919
v 0.4196 291.3889 24.6077
v 0.5373 294.7871 20.1235
v 0.6549 297.6466 18.2661
v 0.7020 298.2922 20.1235
v 0.6549 300.7771 25.9756
v 0.3843 299.8530 31.2748
v 0.1804 298.0184 33.4697
v 0.0980 296.3479 31.2748
v 0.1804 295.8201 25.9756
v 0.3843 296.7442 20.6765
v 0.5882 298.5788 18.4815
v 0.6745 300.2493 20.6765
v 0.5882 307.2297 23.8231
v 0.3294 308.8329 28.5173
v 0.0941 308.0451 30.4617
v 0.0000 305.3278 28.5173
v 0.0941 302.2727 23.8231
v 0.3294 300.6696 19.1290
v 0.5647 301.4574 17.1846
v 0.6627 304.1747 19.1290
v 0.5647 284.3583 13.3393
v 1.0000 287.5863 19.8451
v 0.7412 279.2019 15.8070
v 1.0000 282.4299 22.3128
v 0.7412 275.6142 16.8292
v 1.0000 278.8422 23.3350
v 0.7412 275.6968 15.8070
v 1.0000 278.9248 22.3128
v 0.7412 279.4013 13.3393
v 1.0000 282.6293 19.8451
v 0.7412 284.5577 10.8715
v 1.0000 287.7857 17.3773
v 0.7412 288.1454 9.8494
v 1.0000 291.3734 16.3551
v 0.7412 288.0628 10.8715
v 1.0000 291.2908 17.3773
v 0.7412 291.3889 24.6077
v 0.5373 287.9906 29.0919
v 0.4196 285.1312 30.9494
v 0.3686 284.4855 29.0919
v 0.4196 286.4319 24.6077
v 0.5373 289.8302 20.1235
v 0.6549 292.6896 18.2661
v 0.7020 293.3352 20.1235
v 0.6549 295.8201 25.9756
v 0.3843 294.8960 31.2748
v 0.1804 293.0614 33.4697
v 0.0980 291.3909 31.2748
v 0.1804 290.8631 25.9756
v 0.3843 291.7872 20.6765
v 0.5882 293.6219 18.4815
v 0.6745 295.2923 20.6765
v 0.5882 302.2727 23.8231
v 0.3294 303.8759 28.5173
v 0.0941 303.0881 30.4617
v 0.0000 300.3708 28.5173
v 0.0941 297.3158 23.8231
v 0.3294 295.7126 19.1290
v 0.5647 296.5004 17.1846
v 0.6627 299.2177 19.1290
v 0.5647 276.1733 6.8335
v 0.7412 272.4688 9.3012
v 0.7412 272.3863 10.3234
v 0.7412 275.9740 9.3012
v 0.7412 281.1303 6.8335
v 0.7412 284.8348 4.3657
v 0.7412 284.9174 3.3436
v 0.7412 281.3297 4.3657
v 0.7412 274.6264 0.8145
v 0.5373 270.3509 0.6045
v 0.4196 270.0318 0.5176
v 0.3686 273.8560 0.6045
v 0.4196 279.5833 0.8145
v 0.5373 283.8588 1.0244
v 0.6549 284.1780 1.1114
v 0.7020 280.3538 1.0244
v 0.6549 276.0752 -3.8286
v 0.3843 272.5688 -6.6600
v 0.1804 272.5683 -7.8328
v 0.0980 276.0739 -6.6600
v 0.1804 281.0321 -3.8286
v 0.3843 284.5385 -0.9972
v 0.5882 284.5390 0.1756
v 0.6745 281.0334 -0.9972
v 0.5882 281.4070 -8.2400
v 0.3294 279.8038 -12.9342
v 0.0941 280.5916 -14.8786
v 0.0000 283.3089 -12.9342
v 0.0941 286.3640 -8.2400
v 0.3294 287.9671 -3.5459
v 0.5647 287.1793 -1.6015
v 0.6627 284.4620 -3.5459
v 0.5647 281.1303 6.8335
v 0.7412 277.4258 9.3013
v 0.7412 277.3432 10.3234
v 0.7412 280.9309 9.3013
v 0.7412 286.0873 6.8335
v 0.7412 289.7918 4.3657
v 0.7412 289.8744 3.3436
v 0.7412 286.2867 4.3657
v 0.7412 279.5833 0.8145
v 0.5373 275.3078 0.6045
v 0.4196 274.9888 0.5176
v 0.3686 278.8130 0.6045
v 0.4196 284.5403 0.8145
v 0.5373 288.8159 1.0244
v 0.6549 289.1349 1.1114
v 0.7020 285.3107 1.0244
v 0.6549 281.0321 -3.8286
v 0.3843 277.5258 -6.6600
v 0.1804 277.5253 -7.8328
v 0.0980 281.0309 -6.6600
v 0.1804 285.9891 -3.8286
v 0.3843 289.4955 -0.9972
v 0.5882 289.4960 0.1756
v 0.6745 285.9903 -0.9972
v 0.5882 286.3640 -8.2400
v 0.3294 284.7608 -12.9342
v 0.0941 285.5486 -14.8786
v 0.0000 288.2659 -12.9342
v 0.0941 291.3209 -8.2400
v 0.3294 292.9241 -3.5459
v 0.5647 292.1363 -1.6015
v 0.6627 289.4190 -3.5459
v 0.5647 0.0000 0.0000
v 0.0000 289.4323 9.2956
v 216.3386 28.2682 0.0000
v 0.0000 1.0000 1.0000
v 1.0000 0.0000 0.0000
v 0.0000 276.3647 43.1527
v 1.0000 276.3647 37.3027
v 0.7412 281.9157 43.1527
v 1.0000 281.9157 37.3027
v 0.7412 284.8072 43.1527
v 1.0000 284.8072 37.3027
v 0.7412 283.3454 43.1527
v 1.0000 283.3454 37.3027
v 0.7412 278.3866 43.1527
v 1.0000 278.3866 37.3027
v 0.7412 272.8356 43.1527
v 1.0000 272.8356 37.3027
v 0.7412 269.9441 43.1527
v 1.0000 269.9441 37.3027
v 0.7412 271.4059 43.1527
v 1.0000 271.4059 37.3027
v 0.7412 275.0270 32.7123
v 0.5373 279.8740 30.0606
v 0.4196 282.4739 28.9623
v 0.3686 281.3036 30.0606
v 0.4196 277.0489 32.7123
v 0.5373 272.2019 35.3639
v 0.6549 269.6021 36.4623
v 0.7020 270.7722 35.3639
v 0.6549 271.5399 29.3168
v 0.3843 274.4634 24.7240
v 0.1804 276.2666 22.8216
v 0.0980 275.8932 24.7240
v 0.1804 273.5618 29.3168
v 0.3843 270.6382 33.9096
v 0.5882 268.8351 35.8120
v 0.6745 269.2085 33.9096
v 0.5882 266.7435 28.0408
v 0.4980 266.7435 28.0408
v 0.3294 267.0396 22.7374
v 0.0941 267.0396 22.7374
v 0.1412 267.7545 20.5408
v 0.0000 267.7545 20.5408
v 0.0000 268.4693 22.7374
v 0.0941 268.4693 22.7374
v 0.1412 268.7654 28.0408
v 0.4980 268.7654 28.0408
v 0.3294 268.4693 33.3440
v 0.8510 268.4693 33.3440
v 0.5647 267.7545 35.5407
v 0.6627 267.7545 35.5407
v 0.9961 267.0396 33.3440
v 0.8510 267.0396 33.3440
v 0.5647 278.3866 43.1527
v 1.0000 278.3866 37.3027
v 0.7412 283.9376 43.1527
v 1.0000 283.9376 37.3027
v 0.7412 286.8291 43.1527
v 1.0000 286.8291 37.3027
v 0.7412 285.3672 43.1527
v 1.0000 285.3672 37.3027
v 0.7412 280.4085 43.1527
v 1.0000 280.4085 37.3027
v 0.7412 274.8575 43.1527
v 1.0000 274.8575 37.3027
v 0.7412 271.9660 43.1527
v 1.0000 271.9660 37.3027
v 0.7412 273.4278 43.1527
v 1.0000 273.4278 37.3027
v 0.7412 277.0489 32.7123
v 0.5373 281.8959 30.0606
v 0.4196 284.4957 28.9623
v 0.3686 283.3256 30.0606
v 0.4196 279.0708 32.7123
v 0.5373 274.2238 35.3639
v 0.6549 271.6239 36.4623
v 0.7020 272.7941 35.3639
v 0.6549 273.5618 29.3168
v 0.3843 276.4854 24.7240
v 0.1804 278.2885 22.8216
v 0.0980 277.9150 24.7240
v 0.1804 275.5836 29.3168
v 0.3843 272.6601 33.9096
v 0.5882 270.8569 35.8120
v 0.6745 271.2304 33.9096
v 0.5882 268.7654 28.0408
v 0.4980 268.7654 28.0408
v 0.3294 269.0615 22.7374
v 0.0941 269.0615 22.7374
v 0.1412 269.7763 20.5408
v 0.0000 269.7763 20.5408
v 0.0000 270.4911 22.7374
v 0.0941 270.4911 22.7374
v 0.1412 270.7873 28.0408
v 0.4980 270.7873 28.0408
v 0.3294 270.4911 33.3440
v 0.8510 270.4911 33.3440
v 0.5647 269.7763 35.5407
v 0.6627 269.7763 35.5407
v 0.9961 269.0615 33.3440
v 0.8510 269.0615 33.3440
v 0.5647 276.3647 49.0027
v 0.7412 271.4059 49.0027
v 0.7412 269.9441 49.0027
v 0.7412 272.8356 49.0027
v 0.7412 278.3866 49.0027
v 0.7412 283.3454 49.0027
v 0.7412 284.8072 49.0027
v 0.7412 281.9157 49.0027
v 0.7412 277.7023 53.5930
v 0.5373 273.4476 56.2447
v 0.4196 272.2774 57.3430
v 0.3686 274.8773 56.2447
v 0.4196 279.7243 53.5930
v 0.5373 283.9791 50.9414
v 0.6549 285.1492 49.8430
v 0.7020 282.5493 50.9414
v 0.6549 281.1895 56.9885
v 0.3843 278.8581 61.5813
v 0.1804 278.4846 63.4837
v 0.0980 280.2878 61.5813
v 0.1804 283.2114 56.9885
v 0.3843 285.5427 52.3957
v 0.5882 285.9162 50.4933
v 0.6745 284.1130 52.3957
v 0.5882 285.9859 58.2646
v 0.4980 285.9859 58.2646
v 0.3294 286.2820 63.5679
v 0.0941 286.2820 63.5679
v 0.1412 286.9968 65.7646
v 0.0000 286.9968 65.7646
v 0.0000 287.7117 63.5679
v 0.0941 287.7117 63.5679
v 0.1412 288.0078 58.2646
v 0.4980 288.0078 58.2646
v 0.3294 287.7117 52.9613
v 0.8510 287.7117 52.9613
v 0.5647 286.9968 50.7646
v 0.6627 286.9968 50.7646
v 0.9961 286.2820 52.9613
v 0.8510 286.2820 52.9613
v 0.5647 278.3866 49.0027
v 0.7412 273.4278 49.0027
v 0.7412 271.9660 49.0027
v 0.7412 274.8575 49.0027
v 0.7412 280.4085 49.0027
v 0.7412 285.3672 49.0027
v 0.7412 286.8291 49.0027
v 0.7412 283.9376 49.0027
v 0.7412 279.7243 53.5930
v 0.5373 275.4695 56.2447
v 0.4196 274.2993 57.3430
v 0.3686 276.8992 56.2447
v 0.4196 281.7462 53.5930
v 0.5373 286.0009 50.9414
v 0.6549 287.1711 49.8430
v 0.7020 284.5713 50.9414
v 0.6549 283.2114 56.9885
v 0.3843 280.8800 61.5813
v 0.1804 280.5065 63.4837
v 0.0980 282.3097 61.5813
v 0.1804 285.2332 56.9885
v 0.3843 287.5646 52.3957
v 0.5882 287.9381 50.4933
v 0.6745 286.1349 52.3957
v 0.5882 288.0078 58.2646
v 0.4980 288.0078 58.2646
v 0.3294 288.3039 63.5679
v 0.0941 288.3039 63.5679
v 0.1412 289.0187 65.7646
v 0.0000 289.0187 65.7646
v 0.0000 289.7336 63.5679
v 0.0941 289.7336 63.5679
v 0.1412 290.0297 58.2646
v 0.4980 290.0297 58.2646
v 0.3294 289.7336 52.9613
v 0.8510 289.7336 52.9613
v 0.5647 289.0187 50.7646
v 0.6627 289.0187 50.7646
v 0.9961 288.3039 52.9613
v 0.8510 288.3039 52.9613
v 0.5647 283.3454 43.1527
v 1.0000 283.3454 43.1527
v 1.0000 272.8356 43.1527
v 1.0000 269.9441 43.1527
v 1.0000 271.4059 43.1527
v 1.0000 281.9157 43.1527
v 1.0000 284.8072 43.1527
v 1.0000 283.3454 43.1527
v 1.0000 285.3672 43.1527
v 1.0000 285.3672 43.1527
v 1.0000 274.8575 43.1527
v 1.0000 271.9660 43.1527
v 1.0000 273.4278 43.1527
v 1.0000 283.9376 43.1527
v 1.0000 286.8291 43.1527
v 1.0000 285.3672 43.1527
v 1.0000 0.0000 0.0000
v 0.0000 278.3866 43.1527
v 339.2039 25.9805 0.0000
v 0.0000 1.0000 1.0000
v 1.0000 0.0000 0.0000
v 0.0000 4.1713 49.3210
v 1.0000 4.1713 43.4710
v 0.7412 -0.0751 49.3210
v 1.0000 -0.0751 43.4710
v 0.7412 -5.8089 49.3210
v 1.0000 -5.8089 43.4710
v 0.7412 -9.6714 49.3210
v 1.0000 -9.6714 43.4710
v 0.7412 -9.4000 49.3210
v 1.0000 -9.4000 43.4710
v 0.7412 -5.1536 49.3210
v 1.0000 -5.1536 43.4710
v 0.7412 0.5802 49.3210
v 1.0000 0.5802 43.4710
v 0.7412 4.4427 49.3210
v 1.0000 4.4427 43.4710
v 0.7412 4.7463 38.8806
v 0.5373 0.8026 36.2290
v 0.4196 -4.8059 35.1306
v 0.3686 -8.7938 36.2290
v 0.4196 -8.8250 38.8806
v 0.5373 -4.8812 41.5323
v 0.6549 0.7272 42.6306
v 0.7020 4.7151 41.5323
v 0.6549 6.2453 35.4851
v 0.3843 3.1284 30.8923
v 0.1804 -2.1376 28.9899
v 0.0980 -6.4680 30.8923
v 0.1804 -7.3260 35.4851
v 0.3843 -4.2091 40.0779
v 0.5882 1.0569 41.9803
v 0.6745 5.3873 40.0779
v 0.5882 8.3071 34.2091
v 0.4980 8.3071 34.2091
v 0.3294 6.3196 28.9058
v 0.0941 6.3196 28.9058
v 0.1412 1.5214 26.7091
v 0.0000 1.5214 26.7091
v 0.0000 -3.2767 28.9058
v 0.0941 -3.2767 28.9058
v 0.1412 -5.2642 34.2091
v 0.4980 -5.2642 34.2091
v 0.3294 -3.2767 39.5124
v 0.8510 -3.2767 39.5124
v 0.5647 1.5214 41.7091
v 0.6627 1.5214 41.7091
v 0.9961 6.3196 39.5124
v 0.8510 6.3196 39.5124
v 0.5647 -9.4000 49.3210
v 1.0000 -9.4000 43.4710
v 0.7412 -13.6463 49.3210
v 1.0000 -13.6463 43.4710
v 0.7412 -19.3802 49.3210
v 1.0000 -19.3802 43.4710
v 0.7412 -23.2427 49.3210
v 1.0000 -23.2427 43.4710
v 0.7412 -22.9713 49.3210
v 1.0000 -22.9713 43.4710
v 0.7412 -18.7249 49.3210
v 1.0000 -18.7249 43.4710
v 0.7412 -12.9911 49.3210
v 1.0000 -12.9911 43.4710
v 0.7412 -9.1286 49.3210
v 1.0000 -9.1286 43.4710
v 0.7412 -8.8250 38.8806
v 0.5373 -12.7687 36.2290
v 0.4196 -18.3772 35.1306
v 0.3686 -22.3650 36.2290
v 0.4196 -22.3962 38.8806
v 0.5373 -18.4525 41.5323
v 0.6549 -12.8440 42.6306
v 0.7020 -8.8562 41.5323
v 0.6549 -7.3260 35.4851
v 0.3843 -10.4429 30.8923
v 0.1804 -15.7089 28.9899
v 0.0980 -20.0392 30.8923
v 0.1804 -20.8973 35.4851
v 0.3843 -17.7803 40.0779
v 0.5882 -12.5143 41.9803
v 0.6745 -8.1840 40.0779
v 0.5882 -5.2642 34.2091
v 0.4980 -5.2642 34.2091
v 0.3294 -7.2517 28.9058
v 0.0941 -7.2517 28.9058
v 0.1412 -12.0498 26.7091
v 0.0000 -12.0498 26.7091
v 0.0000 -16.8480 28.9058
v 0.0941 -16.8480 28.9058
v 0.1412 -18.8355 34.2091
v 0.4980 -18.8355 34.2091
v 0.3294 -16.8480 39.5124
v 0.8510 -16.8480 39.5124
v 0.5647 -12.0498 41.7091
v 0.6627 -12.0498 41.7091
v 0.9961 -7.2517 39.5124
v 0.8510 -7.2517 39.5124
v 0.5647 4.1713 55.1710
v 0.7412 4.4427 55.1710
v 0.7412 0.5802 55.1710
v 0.7412 -5.1536 55.1710
v 0.7412 -9.4000 55.1710
v 0.7412 -9.6714 55.1710
v 0.7412 -5.8089 55.1710
v 0.7412 -0.0751 55.1710
v 0.7412 3.5963 59.7614
v 0.5373 3.5651 62.4130
v 0.4196 -0.4228 63.5114
v 0.3686 -6.0313 62.4130
v 0.4196 -9.9750 59.7614
v 0.5373 -9.9438 57.1097
v 0.6549 -5.9559 56.0114
v 0.7020 -0.3475 57.1097
v 0.6549 2.0973 63.1568
v 0.3843 1.2393 67.7496
v 0.1804 -3.0911 69.6520
v 0.0980 -8.3571 67.7496
v 0.1804 -11.4740 63.1568
v 0.3843 -10.6160 58.5641
v 0.5882 -6.2856 56.6617
v 0.6745 -1.0196 58.5641
v 0.5882 0.0355 64.4329
v 0.4980 0.0355 64.4329
v 0.3294 -1.9520 69.7362
v 0.0941 -1.9520 69.7362
v 0.1412 -6.7501 71.9329
v 0.0000 -6.7501 71.9329
v 0.0000 -11.5483 69.7362
v 0.0941 -11.5483 69.7362
v 0.1412 -13.5358 64.4329
v 0.4980 -13.5358 64.4329
v 0.3294 -11.5483 59.1296
v 0.8510 -11.5483 59.1296
v 0.5647 -6.7501 56.9329
v 0.6627 -6.7501 56.9329
v 0.9961 -1.9520 59.1296
v 0.8510 -1.9520 59.1296
v 0.5647 -9.4000 55.1710
v 0.7412 -9.1286 55.1710
v 0.7412 -12.9911 55.1710
v 0.7412 -18.7249 55.1710
v 0.7412 -22.9713 55.1710
v 0.7412 -23.2427 55.1710
v 0.7412 -19.3802 55.1710
v 0.7412 -13.6463 55.1710
v 0.7412 -9.9750 59.7614
v 0.5373 -10.0062 62.4130
v 0.4196 -13.9941 63.5114
v 0.3686 -19.6026 62.4130
v 0.4196 -23.5463 59.7614
v 0.5373 -23.5151 57.1097
v 0.6549 -19.5272 56.0114
v 0.7020 -13.9187 57.1097
v 0.6549 -11.4740 63.1568
v 0.3843 -12.3320 67.7496
v 0.1804 -16.6623 69.6520
v 0.0980 -21.9283 67.7496
v 0.1804 -25.0453 63.1568
v 0.3843 -24.1872 58.5641
v 0.5882 -19.8569 56.6617
v 0.6745 -14.5909 58.5641
v 0.5882 -13.5358 64.4329
v 0.4980 -13.5358 64.4329
v 0.3294 -15.5232 69.7362
v 0.0941 -15.5232 69.7362
v 0.1412 -20.3214 71.9329
v 0.0000 -20.3214 71.9329
v 0.0000 -25.1196 69.7362
v 0.0941 -25.1196 69.7362
v 0.1412 -27.1070 64.4329
v 0.4980 -27.1070 64.4329
v 0.3294 -25.1196 59.1296
v 0.8510 -25.1196 59.1296
v 0.5647 -20.3214 56.9329
v 0.6627 -20.3214 56.9329
v 0.9961 -15.5232 59.1296
v 0.8510 -15.5232 59.1296
v 0.5647 -9.6714 49.3210
v 1.0000 -9.6714 49.3210
v 1.0000 -5.1536 49.3210
v 1.0000 0.5802 49.3210
v 1.0000 4.4427 49.3210
v 1.0000 -0.0751 49.3210
v 1.0000 -5.8089 49.3210
v 1.0000 -9.6714 49.3210
v 1.0000 -9.1286 49.3210
v 1.0000 -13.6463 49.3210
v 1.0000 -19.3802 49.3210
v 1.0000 -23.2427 49.3210
v 1.0000 -18.7249 49.3210
v 1.0000 -12.9911 49.3210
v 1.0000 -9.1286 49.3210
v 1.0000 -9.1286 49.3210
v 1.0000 0.0000 0.0000
v 0.0000 0.0000 -9.4000
v 49.3210 385.7076 25.9805
v 0.0000 0.0000 1.0000
v 1.0000 1.0000 0.0000
v 0.0000 0.0000 33.2431
v 0.4392 1.0000 33.2431
v 0.4392 0.7412 28.8679
v 0.1294 1.0000 28.8679
v 0.1294 0.7412 23.1466
v 0.0000 1.0000 23.1466
v 0.0000 0.7412 19.4307
v 0.1294 1.0000 19.4307
v 0.1294 0.7412 19.8968
v 0.4392 1.0000 19.8968
v 0.4392 0.7412 24.2720
v 0.7451 1.0000 24.2720
v 0.7451 0.7412 29.9933
v 0.8745 1.0000 29.9933
v 0.8745 0.7412 33.7093
v 0.7451 1.0000 33.7093
v 0.7451 0.7412 33.8593
v 0.5176 0.5373 29.8084
v 0.2471 0.4196 24.2215
v 0.1373 0.3686 20.3712
v 0.2471 0.4196 20.5130
v 0.5176 0.5373 24.5639
v 0.7843 0.6549 30.1509
v 0.8941 0.7020 34.0012
v 0.7843 0.6549 35.4656
v 0.7216 0.3843 32.3008
v 0.5686 0.1804 27.0808
v 0.5020 0.0980 22.8636
v 0.5686 0.1804 22.1194
v 0.7216 0.3843 25.2842
v 0.8745 0.5882 30.5042
v 0.9412 0.6745 34.7215
v 0.8745 0.5882 37.6751
v 0.9843 0.4980 37.6751
v 1.0039 0.3294 35.7206
v 1.0039 0.0941 35.7206
v 0.8431 0.1412 31.0020
v 1.0039 0.0000 31.0020
v 0.4980 0.0000 26.2834
v 1.0039 0.0941 26.2834
v 0.1451 0.1412 24.3289
v 0.0039 0.4980 24.3289
v 1.0039 0.3294 26.2834
v 0.1451 0.8510 26.2834
v 1.0039 0.5647 31.0020
v 1.0039 0.6627 31.0020
v 0.4941 0.9961 35.7206
v 0.8431 0.8510 35.7206
v 1.0039 0.5647 19.8968
v 0.4392 1.0000 19.8968
v 0.4392 0.7412 15.5216
v 0.1294 1.0000 15.5216
v 0.1294 0.7412 9.8004
v 0.0000 1.0000 9.8004
v 0.0000 0.7412 6.0844
v 0.1294 1.0000 6.0844
v 0.1294 0.7412 6.5506
v 0.4392 1.0000 6.5506
v 0.4392 0.7412 10.9258
v 0.7451 1.0000 10.9258
v 0.7451 0.7412 16.6471
v 0.8745 1.0000 16.6471
v 0.8745 0.7412 20.3630
v 0.7451 1.0000 20.3630
v 0.7451 0.7412 20.5130
v 0.5176 0.5373 16.4622
v 0.2471 0.4196 10.8752
v 0.1373 0.3686 7.0249
v 0.2471 0.4196 7.1668
v 0.5176 0.5373 11.2177
v 0.7843 0.6549 16.8046
v 0.8941 0.7020 20.6549
v 0.7843 0.6549 22.1194
v 0.7216 0.3843 18.9545
v 0.5686 0.1804 13.7346
v 0.5020 0.0980 9.5173
v 0.5686 0.1804 8.7731
v 0.7216 0.3843 11.9380
v 0.8745 0.5882 17.1579
v 0.9412 0.6745 21.3752
v 0.8745 0.5882 24.3289
v 0.9843 0.4980 24.3289
v 1.0039 0.3294 22.3744
v 1.0039 0.0941 22.3744
v 0.8431 0.1412 17.6557
v 1.0039 0.0000 17.6557
v 0.4980 0.0000 12.9371
v 1.0039 0.0941 12.9371
v 0.1451 0.1412 10.9826
v 0.0039 0.4980 10.9826
v 1.0039 0.3294 12.9371
v 0.1451 0.8510 12.9371
v 1.0039 0.5647 17.6557
v 1.0039 0.6627 17.6557
v 0.4941 0.9961 22.3744
v 0.8431 0.8510 22.3744
v 1.0039 0.5647 33.2431
v 0.4392 0.7412 33.7093
v 0.1294 0.7412 29.9933
v 0.0000 0.7412 24.2720
v 0.1294 0.7412 19.8968
v 0.4392 0.7412 19.4307
v 0.7451 0.7412 23.1466
v 0.8745 0.7412 28.8679
v 0.7451 0.7412 32.6269
v 0.5176 0.5373 32.7687
v 0.2471 0.4196 28.9185
v 0.1373 0.3686 23.3315
v 0.2471 0.4196 19.2806
v 0.5176 0.5373 19.1388
v 0.7843 0.6549 22.9890
v 0.8941 0.7020 28.5760
v 0.7843 0.6549 31.0205
v 0.7216 0.3843 30.2764
v 0.5686 0.1804 26.0591
v 0.5020 0.0980 20.8391
v 0.5686 0.1804 17.6743
v 0.7216 0.3843 18.4185
v 0.8745 0.5882 22.6357
v 0.9412 0.6745 27.8557
v 0.8745 0.5882 28.8111
v 0.9843 0.4980 28.8111
v 1.0039 0.3294 26.8566
v 1.0039 0.0941 26.8566
v 0.8431 0.1412 22.1379
v 1.0039 0.0000 22.1379
v 0.4980 0.0000 17.4193
v 1.0039 0.0941 17.4193
v 0.1451 0.1412 15.4648
v 0.0039 0.4980 15.4648
v 1.0039 0.3294 17.4193
v 0.1451 0.8510 17.4193
v 1.0039 0.5647 22.1379
v 1.0039 0.6627 22.1379
v 0.4941 0.9961 26.8566
v 0.8431 0.8510 26.8566
v 1.0039 0.5647 19.8968
v 0.4392 0.7412 20.3630
v 0.1294 0.7412 16.6471
v 0.0000 0.7412 10.9258
v 0.1294 0.7412 6.5506
v 0.4392 0.7412 6.0844
v 0.7451 0.7412 9.8004
v 0.8745 0.7412 15.5216
v 0.7451 0.7412 19.2806
v 0.5176 0.5373 19.4225
v 0.2471 0.4196 15.5722
v 0.1373 0.3686 9.9853
v 0.2471 0.4196 5.9344
v 0.5176 0.5373 5.7925
v 0.7843 0.6549 9.6428
v 0.8941 0.7020 15.2297
v 0.7843 0.6549 17.6743
v 0.7216 0.3843 16.9301
v 0.5686 0.1804 12.7128
v 0.5020 0.0980 7.4929
v 0.5686 0.1804 4.3280
v 0.7216 0.3843 5.0722
v 0.8745 0.5882 9.2895
v 0.9412 0.6745 14.5094
v 0.8745 0.5882 15.4648
v 0.9843 0.4980 15.4648
v 1.0039 0.3294 13.5103
v 1.0039 0.0941 13.5103
v 0.8431 0.1412 8.7917
v 1.0039 0.0000 8.7917
v 0.4980 0.0000 4.0731
v 1.0039 0.0941 4.0731
v 0.1451 0.1412 2.1186
v 0.0039 0.4980 2.1186
v 1.0039 0.3294 4.0731
v 0.1451 0.8510 4.0731
v 1.0039 0.5647 8.7917
v 1.0039 0.6627 8.7917
v 0.4941 0.9961 13.5103
v 0.8431 0.8510 13.5103
v 1.0039 0.5647 23.1466
v 0.8745 1.0000 23.1466
v 0.8745 1.0000 28.8679
v 0.7451 1.0000 19.4307
v 0.7451 1.0000 19.4307
v 0.7451 1.0000 23.1466
v 0.8745 1.0000 28.8679
v 0.7451 1.0000 28.8679
v 0.7451 1.0000 24.2720
v 0.1294 1.0000 24.2720
v 0.1294 1.0000 29.9933
v 0.0000 1.0000 29.9933
v 0.0000 1.0000 24.2720
v 0.1294 1.0000 33.7093
v 0.1294 1.0000 29.9933
v 0.0000 1.0000 33.7093
v 0.1294 1.0000 33.7093
v 0.1294 1.0000 19.4307
v 0.7451 1.0000 10.9258
v 0.1294 1.0000 10.9258
v 0.1294 1.0000 10.9258
v 0.1294 1.0000 16.6471
v 0.0000 1.0000 20.3630
v 0.1294 1.0000 15.5216
v 0.7451 1.0000 9.8004
v 0.8745 1.0000 6.0844
v 0.7451 1.0000 0.0000
v 19.8968 49.7814 399.6408
v 25.9805 0.0000 0.0000
v 1.0000 1.0000 1.0000
v 123.3731 -0.7833 383.3165
v 133.7164 5.4747 409.1189
v 118.8219 -0.7833 385.1322
v 118.8219 -0.7833 385.1322
v 128.0172 -0.7833 381.4638
v 128.0172 -0.7833 381.4638
v 123.4196 4.4747 383.2980
v 123.4196 4.4747 383.2980
v 138.3140 -0.7833 407.2847
v 129.1187 -0.7833 410.9531
v 129.1187 4.4917 410.9531
v 129.1187 4.4917 410.9531
v 138.3140 4.4917 407.2847
v 138.3140 4.4917 407.2847
v 128.0172 3.4917 381.4637
v 128.0172 3.4917 381.4637
v 128.0172 3.4917 381.4637
v 118.8219 3.4917 385.1321
v 118.8219 3.4917 385.1321
v 118.8219 3.4917 385.1321
v 123.4196 4.4747 383.2980
v 123.3731 -0.7833 383.3165
v 123.3731 -0.7833 383.3165
v 0.0000 128.5680 2.3457
v 396.2084 15.0831 0.0000
v 0.0000 1.0000 1.0000
v 1.0000 0.0000 0.0000
v 0.0000 177.9688 -0.7833
v 0.8275 188.3121 5.4747
v 0.5451 173.4176 -0.7833
v 0.8275 173.4176 -0.7833
v 0.0588 182.6129 -0.7833
v 0.8275 182.6129 -0.7833
v 0.0588 178.0153 4.4747
v 0.6706 178.0153 4.4747
v 0.0588 192.9097 -0.7833
v 0.5451 183.7144 -0.7833
v 0.5451 183.7144 4.4917
v 0.5451 183.7144 4.4917
v 0.5451 192.9097 4.4917
v 0.5451 192.9097 4.4917
v 0.5451 182.6129 3.4917
v 0.7020 182.6129 3.4917
v 0.0588 182.6129 3.4917
v 0.0588 173.4176 3.4917
v 0.7020 173.4176 3.4917
v 0.0588 173.4176 3.4917
v 0.0588 178.0153 4.4747
v 0.6706 177.9688 -0.7833
v 0.8275 177.9688 -0.7833
v 0.8275 0.0000 0.0000
v 0.0000 0.0000 183.1637
v 2.3457 374.7974 15.0831
v 0.0000 0.0000 1.0000
v 1.0000 1.0000 0.0000
v 0.0000 0.0000 185.1140
v 0.1294 0.0863 195.3908
v 0.7255 0.2118 211.7246
v 0.8824 0.0863 212.2119
v 0.3176 0.2118 302.5434
v 0.1294 0.0863 275.3582
v 0.3176 0.2118 250.9206
v 0.1294 0.0863 237.5494
v 0.7255 0.2118 250.9206
v 0.1294 0.2431 250.9206
v 0.8824 0.2431 302.5434
v 0.1294 0.2431 302.5434
v 0.1294 0.2431 211.7246
v 0.8824 0.2431 211.7246
v 0.1294 0.2431 185.1140
v 0.1294 0.2431 185.1140
v 0.8824 0.2431 256.9742
v 0.3176 0.2118 280.8795
v 0.8824 0.2431 280.8795
v 0.1294 0.2431 280.8795
v 0.8824 0.0863 190.2524
v 0.8196 0.0000 211.9683
v 0.2235 0.0000 244.2350
v 0.8196 0.0000 268.9269
v 0.2235 0.0000 288.9509
v 0.2235 0.0000 124.3895
v 0.1294 0.0863 134.5529
v 0.7255 0.2118 99.5941
v 0.8824 0.0863 117.7846
v 0.3176 0.2118 80.0891
v 0.1294 0.0863 106.0881
v 0.3176 0.2118 77.7012
v 0.1294 0.0863 103.8535
v 0.7255 0.2118 77.7012
v 0.1294 0.2431 77.7012
v 0.8824 0.2431 80.0891
v 0.1294 0.2431 80.0891
v 0.1294 0.2431 99.5941
v 0.8824 0.2431 99.5941
v 0.1294 0.2431 124.3895
v 0.1294 0.2431 124.3895
v 0.8824 0.2431 100.0842
v 0.3176 0.2118 71.8818
v 0.8824 0.2431 71.8818
v 0.1294 0.2431 71.8818
v 0.8824 0.0863 129.4712
v 0.8196 0.0000 108.6893
v 0.2235 0.0000 90.7773
v 0.8196 0.0000 85.9830
v 0.2235 0.0000 93.0886
v 0.2235 0.0000 211.7246
v 0.8824 0.2431 211.7246
v 0.8824 0.2431 250.9206
v 0.1294 0.2431 211.9683
v 0.8196 0.0000 244.2350
v 0.2235 0.0000 212.2119
v 0.7255 0.2118 237.5494
v 0.3176 0.2118 237.5494
v 0.3176 0.2118 280.8795
v 0.8824 0.2431 280.8795
v 0.8824 0.2431 268.9269
v 0.8196 0.0000 256.9742
v 0.7255 0.2118 77.7012
v 0.1294 0.2431 77.7012
v 0.1294 0.2431 99.5941
v 0.8824 0.2431 90.7773
v 0.2235 0.0000 108.6893
v 0.8196 0.0000 103.8535
v 0.3176 0.2118 117.7846
v 0.7255 0.2118 117.7846
v 0.7255 0.2118 71.8818
v 0.8824 0.2431 85.9830
v 0.8196 0.0000 100.0842
v 0.7255 0.2118 0.0000
v 187.2126 1.7398 438.8358
v 132.9226 0.0000 0.0000
v 1.0000 1.0000 1.0000
v 189.7247 4.1883 403.3033
v 174.1114 -0.5064 363.4223
v 143.1673 4.1883 421.5354
v 127.5540 -0.5064 381.6543
v 182.4319 3.3883 384.6804
v 135.8745 3.3883 402.9124
v 139.5209 4.1883 412.2239
v 139.5209 4.1883 412.2239
v 186.0782 4.1883 393.9918
v 186.0782 4.1883 393.9918
v 187.9015 4.1883 398.6476
v 141.3441 4.1883 416.8796
v 137.6976 3.7883 407.5681
v 184.2551 3.7883 389.3361
v 178.7855 2.5883 375.3689
v 132.2281 2.5883 393.6009
v 134.0513 2.9883 398.2567
v 180.6087 2.9883 380.0246
v 176.4485 2.1883 369.3956
v 176.4485 2.1883 369.3956
v 129.8910 2.1883 387.6276
v 129.8910 2.1883 387.6276
v 166.4460 4.1883 412.4193
v 164.6228 4.1883 407.7635
v 162.7996 4.1883 403.1078
v 162.7996 4.1883 403.1078
v 160.9763 3.7883 398.4521
v 159.1532 3.3883 393.7964
v 157.3300 2.9883 389.1406
v 155.5068 2.5883 384.4849
v 153.1697 2.1883 378.5116
v 153.1697 2.1883 378.5116
v 150.8327 -0.5064 372.5382
v 132.2281 2.5883 393.6009
v 155.5068 2.5883 384.4849
v 178.7855 2.5883 375.3689
v 178.7855 2.5883 375.3689
v 180.6087 2.9883 380.0246
v 180.6087 2.9883 380.0246
v 157.3300 2.9883 389.1406
v 134.0513 2.9883 398.2567
v 182.4319 3.3883 384.6804
v 182.4319 3.3883 384.6804
v 159.1532 3.3883 393.7964
v 135.8745 3.3883 402.9124
v 184.2551 3.7883 389.3361
v 184.2551 3.7883 389.3361
v 160.9763 3.7883 398.4521
v 137.6976 3.7883 407.5681
v 141.3441 4.1883 416.8796
v 164.6228 4.1883 407.7635
v 187.9015 4.1883 398.6476
v 158.6393 1.8410 392.4788
v 33.0027 0.0000 0.0000
v 1.0000 1.0000 1.0000
vn 0.0000 1.0000 0.0000
vn 0.0000 1.0000 0.0000
vn 0.0000 1.0000 0.0000
vn 0.0000 1.0000 0.0000
vn 0.0000 1.0000 0.0000
vn 0.0000 1.0000 0.0000
vn 0.0000 1.0000 0.0000
vn 0.0000 1.0000 0.0000
vn 0.0000 1.0000 0.0000
vn 0.0000 1.0000 0.0000
vn 0.0000 1.0000 0.0000
vn 0.0000 1.0000 0.0000
vn 0.0000 1.0000 0.0000
vn 0.0000 1.0000 0.0000
vn 0.0000 1.0000 0.0000
vn 0.0000 1.0000 0.0000
vn 0.0000 1.0000 0.0000
vn 0.0000 1.0000 0.0000
vn 0.0000 1.0000 0.0000
vn 0.0000 1.0000 0.0000
vn 0.0000 1.0000 0.0000
vn 0.0000 1.0000 0.0000
vn 0.0000 1.0000 0.0000
vn 0.0000 1.0000 0.0000
vn 0.0000 1.0000 0.0000
vn 0.0000 1.0000 0.0000
vn 0.0000 1.0000 0.0000
vn 0.0000 1.0000 0.0000
vn 0.0000 1.0000 0.0000
vn 0.0000 1.0000 0.0000
vn 0.0000 1.0000 0.0000
vn 0.0000 1.0000 0.0000
vn 0.0000 1.0000 0.0000
vn 0.0000 1.0000 0.0000
vn 0.0000 1.0000 0.0000
vn 0.0000 1.0000 0.0000
vn 0.0000 1.0000 0.0000
vn 0.0000 1.0000 0.0000
vn 0.0000 1.0000 0.0000
vn 0.0000 1.0000 0.0000
vn 0.0000 1.0000 0.0000
vn 0.0000 1.0000 0.0000
vn 0.0000 1.0000 0.0000
vn 0.0000 1.0000 0.0000
vn 0.0000 1.0000 0.0000
vn 0.0000 1.0000 0.0000
vn 0.0000 1.0000 0.0000
vn 0.0000 1.0000 0.0000
vn 0.0000 1.0000 0.0000
vn 0.0000 1.0000 0.0000
vn 0.0000 1.0000 0.0000
vn 0.0000 1.0000 0.0000
vn 0.0000 1.0000 0.0000
vn 0.0000 1.0000 0.0000
vn 0.0000 1.0000 0.0000
vn 0.0000 1.0000 0.0000
vn 0.0000 1.0000 0.0000
vn 0.0000 1.0000 0.0000
vn 0.0000 1.0000 0.0000
vn 0.0000 1.0000 0.0000
vn 0.0000 1.0000 0.0000
vn 0.0000 1.0000 0.0000
vn 0.0000 1.0000 0.0000
vn 0.0000 1.0000 0.0000
vn 0.0000 1.0000 0.0000
vn 0.0000 1.0000 0.0000
vn 0.0000 1.0000 0.0000
vn 0.0000 1.0000 0.0000
vn 0.0000 1.0000 0.0000
vn 0.0000 1.0000 0.0000
vn 0.0000 1.0000 0.0000
vn 0.0000 1.0000 0.0000
vn 0.0000 1.0000 0.0000
vn 0.0000 1.0000 0.0000
vn 0.0000 1.0000 0.0000
vn 0.0000 1.0000 0.0000
vn 0.0000 1.0000 0.0000
vn 0.0000 1.0000 0.0000
vn 0.0000 1.0000 0.0000
vn 0.0000 1.0000 0.0000
vn 0.0000 1.0000 0.0000
vn 0.0000 1.0000 0.0000
vn 0.0000 1.0000 0.0000
vn 0.0000 1.0000 0.0000
vn 0.0000 1.0000 0.0000
vn 0.0000 1.0000 0.0000
vn 0.0000 1.0000 0.0000
vn 0.0000 1.0000 0.0000
vn 0.0000 1.0000 0.0000
vn 0.0000 1.0000 0.0000
vn 0.0000 1.0000 0.0000
vn 0.0000 1.0000 0.0000
vn 0.0000 1.0000 0.0000
vn 0.0000 1.0000 0.0000
vn 0.0000 1.0000 0.0000
vn 0.0000 1.0000 0.0000
vn 0.0000 1.0000 0.0000
vn 0.0000 1.0000 0.0000
vn 0.0000 1.0000 0.0000
vn 0.0000 1.0000 0.0000
vn 0.0000 1.0000 0.0000
vn 0.0000 1.0000 0.0000
vn 0.0000 1.0000 0.0000
vn 0.0000 1.0000 0.0000
vn 0.0000 1.0000 0.0000
vn 0.0000 1.0000 0.0000
vn 0.0000 1.0000 0.0000
vn 0.0000 1.0000 0.0000
vn 0.0000 1.0000 0.0000
vn 0.0000 1.0000 0.0000
vn 0.0000 1.0000 0.0000
vn 0.0000 1.0000 0.0000
vn 0.0000 1.0000 0.0000
vn 0.0000 1.0000 0.0000
vn 0.0000 1.0000 0.0000
vn 0.0000 1.0000 0.0000
vn 0.0000 1.0000 0.0000
vn 0.0000 1.0000 0.0000
vn 0.0000 1.0000 0.0000
vn 0.0000 1.0000 0.0000
vn 0.0000 1.0000 0.0000
vn 0.0000 1.0000 0.0000
vn 0.0000 1.0000 0.0000
vn 0.0000 1.0000 0.0000
vn 0.0000 1.0000 0.0000
vn 0.0000 1.0000 0.0000
vn 0.0000 1.0000 0.0000
vn 0.0000 1.0000 0.0000
vn 0.0000 1.0000 0.0000
vn 0.0000 1.0000 0.0000
vn 0.0000 1.0000 0.0000
vn 0.0000 1.0000 0.0000
vn 0.0000 1.0000 0.0000
vn 0.0000 1.0000 0.0000
vn 0.0000 1.0000 0.0000
vn 0.0000 1.0000 0.0000
vn 0.0000 1.0000 0.0000
vn 0.0000 1.0000 0.0000
vn 0.0000 1.0000 0.0000
vn 0.0000 1.0000 0.0000
vn 0.0000 1.0000 0.0000
vn 0.0000 1.0000 0.0000
vn 0.0000 1.0000 0.0000
vn 0.0000 1.0000 0.0000
vn 0.0000 1.0000 0.0000
vn 0.0000 1.0000 0.0000
vn 0.0000 1.0000 0.0000
vn 0.0000 1.0000 0.0000
vn 0.0000 1.0000 0.0000
vn 0.0000 1.0000 0.0000
vn 0.0000 1.0000 0.0000
vn 0.0000 1.0000 0.0000
vn 0.0000 1.0000 0.0000
vn 0.0000 1.0000 0.0000
vn 0.0000 1.0000 0.0000
vn 0.0000 1.0000 0.0000
vn 0.0000 1.0000 0.0000
vn 0.0000 1.0000 0.0000
vn 0.0000 1.0000 0.0000
vn 0.0000 1.0000 0.0000
vn 0.0000 1.0000 0.0000
vn 0.0000 1.0000 0.0000
vn 0.0000 1.0000 0.0000
vn 0.0000 1.0000 0.0000
vn 0.0000 1.0000 0.0000
vn 0.0000 1.0000 0.0000
vn 0.0000 1.0000 0.0000
vn 0.0000 1.0000 0.0000
vn 0.0000 1.0000 0.0000
vn 0.0000 1.0000 0.0000
vn 0.0000 1.0000 0.0000
vn 0.0000 1.0000 0.0000
vn 0.0000 1.0000 0.0000
vn 0.0000 1.0000 0.0000
vn 0.0000 1.0000 0.0000
vn 0.0000 1.0000 0.0000
vn 0.0000 1.0000 0.0000
vn 0.0000 1.0000 0.0000
vn 0.0000 1.0000 0.0000
vn 0.0000 1.0000 0.0000
vn 0.0000 1.0000 0.0000
vn 0.0000 1.0000 0.0000
vn 0.0000 1.0000 0.0000
vn 0.0000 1.0000 0.0000
vn 0.0000 1.0000 0.0000
vn 0.0000 1.0000 0.0000
vn 0.0000 1.0000 0.0000
vn 0.0000 1.0000 0.0000
vn 0.0000 1.0000 0.0000
vn 0.0000 1.0000 0.0000
vn 0.0000 1.0000 0.0000
vn 0.0000 1.0000 0.0000
vn 0.0000 1.0000 0.0000
vn 0.0000 1.0000 0.0000
vn 0.0000 1.0000 0.0000
vn 0.0000 1.0000 0.0000
vn 0.0000 1.0000 0.0000
vn 0.0000 1.0000 0.0000
vn 0.0000 1.0000 0.0000
vn 0.0000 1.0000 0.0000
vn 0.0000 1.0000 0.0000
vn 0.0000 1.0000 0.0000
vn 0.0000 1.0000 0.0000
vn 0.0000 1.0000 0.0000
vn 0.0000 1.0000 0.0000
vn 0.0000 1.0000 0.0000
vn 0.0000 1.0000 0.0000
vn 0.0000 1.0000 0.0000
vn 0.0000 1.0000 0.0000
vn 0.0000 1.0000 0.0000
vn 0.0000 1.0000 0.0000
vn 0.0000 1.0000 0.0000
vn 0.0000 1.0000 0.0000
vn 0.0000 1.0000 0.0000
vn 0.0000 1.0000 0.0000
vn 0.0000 1.0000 0.0000
vn 0.0000 1.0000 0.0000
vn 0.0000 1.0000 0.0000
vn 0.0000 1.0000 0.0000
vn 0.0000 1.0000 0.0000
vn 0.0000 1.0000 0.0000
vn 0.0000 1.0000 0.0000
vn 0.0000 1.0000 0.0000
vn 0.0000 1.0000 0.0000
vn 0.0000 1.0000 0.0000
vn 0.0000 1.0000 0.0000
vn 0.0000 1.0000 0.0000
vn 0.0000 1.0000 0.0000
vn 0.0000 1.0000 0.0000
vn 0.0000 1.0000 0.0000
vn 0.0000 1.0000 0.0000
vn 0.0000 1.0000 0.0000
vn 0.0000 1.0000 0.0000
vn 0.0000 1.0000 0.0000
vn 0.0000 1.0000 0.0000
vn 0.0000 1.0000 0.0000
vn 0.0000 1.0000 0.0000
vn 0.0000 1.0000 0.0000
vn 0.0000 1.0000 0.0000
vn 0.0000 1.0000 0.0000
vn 0.0000 1.0000 0.0000
vn 0.0000 1.0000 0.0000
vn 0.0000 1.0000 0.0000
vn 0.0000 1.0000 0.0000
vn 0.0000 1.0000 0.0000
vn 0.0000 1.0000 0.0000
vn 0.0000 1.0000 0.0000
vn 0.0000 1.0000 0.0000
vn 0.0000 1.0000 0.0000
vn 0.0000 1.0000 0.0000
vn 0.0000 1.0000 0.0000
vn 0.0000 1.0000 0.0000
vn 0.0000 1.0000 0.0000
vn 0.0000 1.0000 0.0000
vn 0.0000 1.0000 0.0000
vn 0.0000 1.0000 0.0000
vn 0.0000 1.0000 0.0000
vn 0.0000 1.0000 0.0000
vn 0.0000 1.0000 0.0000
vn 0.0000 1.0000 0.0000
vn 0.0000 1.0000 0.0000
vn 0.0000 1.0000 0.0000
vn 0.0000 1.0000 0.0000
vn 0.0000 1.0000 0.0000
vn 0.0000 1.0000 0.0000
vn 0.0000 1.0000 0.0000
vn 0.0000 1.0000 0.0000
vn 0.0000 1.0000 0.0000
vn 0.0000 1.0000 0.0000
vn 0.0000 1.0000 0.0000
vn 0.0000 1.0000 0.0000
vn 0.0000 1.0000 0.0000
vn 0.0000 1.0000 0.0000
vn 0.0000 1.0000 0.0000
vn 0.0000 1.0000 0.0000
vn 0.0000 1.0000 0.0000
vn 0.0000 1.0000 0.0000
vn 0.0000 1.0000 0.0000
vn 0.0000 1.0000 0.0000
vn 0.0000 1.0000 0.0000
vn 0.0000 1.0000 0.0000
vn 0.0000 1.0000 0.0000
vn 0.0000 1.0000 0.0000
vn 0.0000 1.0000 0.0000
vn 0.0000 1.0000 0.0000
vn 0.0000 1.0000 0.0000
vn 0.0000 1.0000 0.0000
vn 0.0000 1.0000 0.0000
vn 0.0000 1.0000 0.0000
vn 0.0000 1.0000 0.0000
vn 0.0000 1.0000 0.0000
vn 0.0000 1.0000 0.0000
vn 0.0000 1.0000 0.0000
vn 0.0000 1.0000 0.0000
vn 0.0000 1.0000 0.0000
vn 0.0000 1.0000 0.0000
vn 0.0000 1.0000 0.0000
vn 0.0000 1.0000 0.0000
vn 0.0000 1.0000 0.0000
vn 0.0000 1.0000 0.0000
vn 0.0000 1.0000 0.0000
vn 0.0000 1.0000 0.0000
vn 0.0000 1.0000 0.0000
vn 0.0000 1.0000 0.0000
vn 0.0000 1.0000 0.0000
vn 0.0000 1.0000 0.0000
vn 0.0000 1.0000 0.0000
vn 0.0000 1.0000 0.0000
vn 0.0000 1.0000 0.0000
vn 0.0000 1.0000 0.0000
vn 0.0000 1.0000 0.0000
vn 0.0000 1.0000 0.0000
vn 0.0000 1.0000 0.0000
vn 0.0000 1.0000 0.0000
vn 0.0000 1.0000 0.0000
vn 0.0000 1.0000 0.0000
vn 0.0000 1.0000 0.0000
vn 0.0000 1.0000 0.0000
vn 0.0000 1.0000 0.0000
vn 0.0000 1.0000 0.0000
vn 0.0000 1.0000 0.0000
vn 0.0000 1.0000 0.0000
vn 0.0000 1.0000 0.0000
vn 0.0000 1.0000 0.0000
vn 0.0000 1.0000 0.0000
vn 0.0000 1.0000 0.0000
vn 0.0000 1.0000 0.0000
vn 0.0000 1.0000 0.0000
vn 0.0000 1.0000 0.0000
vn 0.0000 1.0000 0.0000
vn 0.0000 1.0000 0.0000
vn 0.0000 1.0000 0.0000
vn 0.0000 1.0000 0.0000
vn 0.0000 1.0000 0.0000
vn 0.0000 1.0000 0.0000
vn 0.0000 1.0000 0.0000
vn 0.0000 1.0000 0.0000
vn 0.0000 1.0000 0.0000
vn 0.0000 1.0000 0.0000
vn 0.0000 1.0000 0.0000
vn 0.0000 1.0000 0.0000
vn 0.0000 1.0000 0.0000
vn 0.0000 1.0000 0.0000
vn 0.0000 1.0000 0.0000
vn 0.0000 1.0000 0.0000
vn 0.0000 1.0000 0.0000
vn 0.0000 1.0000 0.0000
vn 0.0000 1.0000 0.0000
vn 0.0000 1.0000 0.0000
vn 0.0000 1.0000 0.0000
vn 0.0000 1.0000 0.0000
vn 0.0000 1.0000 0.0000
vn 0.0000 1.0000 0.0000
vn 0.0000 1.0000 0.0000
vn 0.0000 1.0000 0.0000
vn 0.0000 1.0000 0.0000
vn 0.0000 1.0000 0.0000
vn 0.0000 1.0000 0.0000
vn 0.0000 1.0000 0.0000
vn 0.0000 1.0000 0.0000
vn 0.0000 1.0000 0.0000
vn 0.0000 1.0000 0.0000
vn 0.0000 1.0000 0.0000
vn 0.0000 1.0000 0.0000
vn 0.0000 1.0000 0.0000
vn 0.0000 1.0000 0.0000
vn 0.0000 1.0000 0.0000
vn 0.0000 1.0000 0.0000
vn 0.0000 1.0000 0.0000
vn 0.0000 1.0000 0.0000
vn 0.0000 1.0000 0.0000
vn 0.0000 1.0000 0.0000
vn 0.0000 1.0000 0.0000
vn 0.0000 1.0000 0.0000
vn 0.0000 1.0000 0.0000
vn 0.0000 1.0000 0.0000
vn 0.0000 1.0000 0.0000
vn 0.0000 1.0000 0.0000
vn 0.0000 1.0000 0.0000
vn 0.0000 1.0000 0.0000
vn 0.0000 1.0000 0.0000
vn 0.0000 1.0000 0.0000
vn 0.0000 1.0000 0.0000
vn 0.0000 1.0000 0.0000
vn 0.0000 1.0000 0.0000
vn 0.0000 1.0000 0.0000
vn 0.0000 1.0000 0.0000
vn 0.0000 1.0000 0.0000
vn 0.0000 1.0000 0.0000
vn 0.0000 1.0000 0.0000
vn 0.0000 1.0000 0.0000
vn 0.0000 1.0000 0.0000
vn 0.0000 1.0000 0.0000
vn 0.0000 1.0000 0.0000
vn 0.0000 1.0000 0.0000
vn 0.0000 1.0000 0.0000
vn 0.0000 1.0000 0.0000
vn 0.0000 1.0000 0.0000
vn 0.0000 1.0000 0.0000
vn 0.0000 1.0000 0.0000
vn 0.0000 1.0000 0.0000
vn 0.0000 1.0000 0.0000
vn 0.0000 1.0000 0.0000
vn 0.0000 1.0000 0.0000
vn 0.0000 1.0000 0.0000
vn 0.0000 1.0000 0.0000
vn 0.0000 1.0000 0.0000
vn 0.0000 1.0000 0.0000
vn 0.0000 1.0000 0.0000
vn 0.0000 1.0000 0.0000
vn 0.0000 1.0000 0.0000
vn 0.0000 1.0000 0.0000
vn 0.0000 1.0000 0.0000
vn 0.0000 1.0000 0.0000
vn 0.0000 1.0000 0.0000
vn 0.0000 1.0000 0.0000
vn 0.0000 1.0000 0.0000
vn 0.0000 1.0000 0.0000
vn 0.0000 1.0000 0.0000
vn 0.0000 1.0000 0.0000
vn 0.0000 1.0000 0.0000
vn 0.0000 1.0000 0.0000
vn 0.0000 1.0000 0.0000
vn 0.0000 1.0000 0.0000
vn 0.0000 1.0000 0.0000
vn 0.0000 1.0000 0.0000
vn 0.0000 1.0000 0.0000
vn 0.0000 1.0000 0.0000
vn 0.0000 1.0000 0.0000
vn 0.0000 1.0000 0.0000
vn 0.0000 1.0000 0.0000
vn 0.0000 1.0000 0.0000
vn 0.0000 1.0000 0.0000
vn 0.0000 1.0000 0.0000
vn 0.0000 1.0000 0.0000
vn 0.0000 1.0000 0.0000
vn 0.0000 1.0000 0.0000
vn 0.0000 1.0000 0.0000
vn 0.0000 1.0000 0.0000
vn 0.0000 1.0000 0.0000
vn 0.0000 1.0000 0.0000
vn 0.0000 1.0000 0.0000
vn 0.0000 1.0000 0.0000
vn 0.0000 1.0000 0.0000
vn 0.0000 1.0000 0.0000
vn 0.0000 1.0000 0.0000
vn 0.0000 1.0000 0.0000
vn 0.0000 1.0000 0.0000
vn 0.0000 1.0000 0.0000
vn 0.0000 1.0000 0.0000
vn 0.0000 1.0000 0.0000
vn 0.0000 1.0000 0.0000
vn 0.0000 1.0000 0.0000
vn 0.0000 1.0000 0.0000
vn 0.0000 1.0000 0.0000
vn 0.0000 1.0000 0.0000
vn 0.0000 1.0000 0.0000
vn 0.0000 1.0000 0.0000
vn 0.0000 1.0000 0.0000
vn 0.0000 1.0000 0.0000
vn 0.0000 1.0000 0.0000
vn 0.0000 1.0000 0.0000
vn 0.0000 1.0000 0.0000
vn 0.0000 1.0000 0.0000
vn 0.0000 1.0000 0.0000
vn 0.0000 1.0000 0.0000
vn 0.0000 1.0000 0.0000
vn 0.0000 1.0000 0.0000
vn 0.0000 1.0000 0.0000
vn 0.0000 1.0000 0.0000
vn 0.0000 1.0000 0.0000
vn 0.0000 1.0000 0.0000
vn 0.0000 1.0000 0.0000
vn 0.0000 1.0000 0.0000
vn 0.0000 1.0000 0.0000
vn 0.0000 1.0000 0.0000
vn 0.0000 1.0000 0.0000
vn 0.0000 1.0000 0.0000
vn 0.0000 1.0000 0.0000
vn 0.0000 1.0000 0.0000
vn 0.0000 1.0000 0.0000
vn 0.0000 1.0000 0.0000
vn 0.0000 1.0000 0.0000
vn 0.0000 1.0000 0.0000
vn 0.0000 1.0000 0.0000
vn 0.0000 1.0000 0.0000
vn 0.0000 1.0000 0.0000
vn 0.0000 1.0000 0.0000
vn 0.0000 1.0000 0.0000
vn 0.0000 1.0000 0.0000
vn 0.0000 1.0000 0.0000
vn 0.0000 1.0000 0.0000
vn 0.0000 1.0000 0.0000
vn 0.0000 1.0000 0.0000
vn 0.0000 1.0000 0.0000
vn 0.0000 1.0000 0.0000
vn 0.0000 1.0000 0.0000
vn 0.0000 1.0000 0.0000
vn 0.0000 1.0000 0.0000
vn 0.0000 1.0000 0.0000
vn 0.0000 1.0000 0.0000
vn 0.0000 1.0000 0.0000
vn 0.0000 1.0000 0.0000
vn 0.0000 1.0000 0.0000
vn 0.0000 1.0000 0.0000
vn 0.0000 1.0000 0.0000
vn 0.0000 1.0000 0.0000
vn 0.0000 1.0000 0.0000
vn 0.0000 1.0000 0.0000
vn 0.0000 1.0000 0.0000
vn 0.0000 1.0000 0.0000
vn 0.0000 1.0000 0.0000
vn 0.0000 1.0000 0.0000
vn 0.0000 1.0000 0.0000
vn 0.0000 1.0000 0.0000
vn 0.0000 1.0000 0.0000
vn 0.0000 1.0000 0.0000
vn 0.0000 1.0000 0.0000
vn 0.0000 1.0000 0.0000
vn 0.0000 1.0000 0.0000
vn 0.0000 1.0000 0.0000
vn 0.0000 1.0000 0.0000
vn 0.0000 1.0000 0.0000
vn 0.0000 1.0000 0.0000
vn 0.0000 1.0000 0.0000
vn 0.0000 1.0000 0.0000
vn 0.0000 1.0000 0.0000
vn 0.0000 1.0000 0.0000
vn 0.0000 1.0000 0.0000
vn 0.0000 1.0000 0.0000
vn 0.0000 1.0000 0.0000
vn 0.0000 1.0000 0.0000
vn 0.0000 1.0000 0.0000
vn 0.0000 1.0000 0.0000
vn 0.0000 1.0000 0.0000
vn 0.0000 1.0000 0.0000
vn 0.0000 1.0000 0.0000
vn 0.0000 1.0000 0.0000
vn 0.0000 1.0000 0.0000
vn 0.0000 1.0000 0.0000
vn 0.0000 1.0000 0.0000
vn 0.0000 1.0000 0.0000
vn 0.0000 1.0000 0.0000
vn 0.0000 1.0000 0.0000
vn 0.0000 1.0000 0.0000
vn 0.0000 1.0000 0.0000
vn 0.0000 1.0000 0.0000
vn 0.0000 1.0000 0.0000
vn 0.0000 1.0000 0.0000
vn 0.0000 1.0000 0.0000
vn 0.0000 1.0000 0.0000
vn 0.0000 1.0000 0.0000
vn 0.0000 1.0000 0.0000
vn 0.0000 1.0000 0.0000
vn 0.0000 1.0000 0.0000
vn 0.0000 1.0000 0.0000
vn 0.0000 1.0000 0.0000
vn 0.0000 1.0000 0.0000
vn 0.0000 1.0000 0.0000
vn 0.0000 1.0000 0.0000
vn 0.0000 1.0000 0.0000
vn 0.0000 1.0000 0.0000
vn 0.0000 1.0000 0.0000
vn 0.0000 1.0000 0.0000
vn 0.0000 1.0000 0.0000
vn 0.0000 1.0000 0.0000
vn 0.0000 1.0000 0.0000
vn 0.0000 1.0000 0.0000
vn 0.0000 1.0000 0.0000
vn 0.0000 1.0000 0.0000
vn 0.0000 1.0000 0.0000
vn 0.0000 1.0000 0.0000
vn 0.0000 1.0000 0.0000
vn 0.0000 1.0000 0.0000
vn 0.0000 1.0000 0.0000
vn 0.0000 1.0000 0.0000
vn 0.0000 1.0000 0.0000
vn 0.0000 1.0000 0.0000
vn 0.0000 1.0000 0.0000
vn 0.0000 1.0000 0.0000
vn 0.0000 1.0000 0.0000
vn 0.0000 1.0000 0.0000
vn 0.0000 1.0000 0.0000
vn 0.0000 1.0000 0.0000
vn 0.0000 1.0000 0.0000
vn 0.0000 1.0000 0.0000
vn 0.0000 1.0000 0.0000
vn 0.0000 1.0000 0.0000
vn 0.0000 1.0000 0.0000
vn 0.0000 1.0000 0.0000
vn 0.0000 1.0000 0.0000
vn 0.0000 1.0000 0.0000
vn 0.0000 1.0000 0.0000
vn 0.0000 1.0000 0.0000
vn 0.0000 1.0000 0.0000
vn 0.0000 1.0000 0.0000
vn 0.0000 1.0000 0.0000
vn 0.0000 1.0000 0.0000
vn 0.0000 1.0000 0.0000
vn 0.0000 1.0000 0.0000
vn 0.0000 1.0000 0.0000
vn 0.0000 1.0000 0.0000
vn 0.0000 1.0000 0.0000
vn 0.0000 1.0000 0.0000
vn 0.0000 1.0000 0.0000
vn 0.0000 1.0000 0.0000
vn 0.0000 1.0000 0.0000
vn 0.0000 1.0000 0.0000
vn 0.0000 1.0000 0.0000
vn 0.0000 1.0000 0.0000
vn 0.0000 1.0000 0.0000
vn 0.0000 1.0000 0.0000
vn 0.0000 1.0000 0.0000
vn 0.0000 1.0000 0.0000
vn 0.0000 1.0000 0.0000
vn 0.0000 1.0000 0.0000
vn 0.0000 1.0000 0.0000
vn 0.0000 1.0000 0.0000
vn 0.0000 1.0000 0.0000
vn 0.0000 1.0000 0.0000
vn 0.0000 1.0000 0.0000
vn 0.0000 1.0000 0.0000
vn 0.0000 1.0000 0.0000
vn 0.0000 1.0000 0.0000
vn 0.0000 1.0000 0.0000
vn 0.0000 1.0000 0.0000
vn 0.0000 1.0000 0.0000
vn 0.0000 1.0000 0.0000
vn 0.0000 1.0000 0.0000
vn 0.0000 1.0000 0.0000
vn 0.0000 1.0000 0.0000
vn 0.0000 1.0000 0.0000
vn 0.0000 1.0000 0.0000
vn 0.0000 1.0000 0.0000
vn 0.0000 1.0000 0.0000
vn 0.0000 1.0000 0.0000
vn 0.0000 1.0000 0.0000
vn 0.0000 1.0000 0.0000
vn 0.0000 1.0000 0.0000
vn 0.0000 1.0000 0.0000
vn 0.0000 1.0000 0.0000
vn 0.0000 1.0000 0.0000
vn 0.0000 1.0000 0.0000
vn 0.0000 1.0000 0.0000
vn 0.0000 1.0000 0.0000
vn 0.0000 1.0000 0.0000
vn 0.0000 1.0000 0.0000
vn 0.0000 1.0000 0.0000
vn 0.0000 1.0000 0.0000
vn 0.0000 1.0000 0.0000
vn 0.0000 1.0000 0.0000
vn 0.0000 1.0000 0.0000
vn 0.0000 1.0000 0.0000
vn 0.0000 1.0000 0.0000
vn 0.0000 1.0000 0.0000
vn 0.0000 1.0000 0.0000
vn 0.0000 1.0000 0.0000
vn 0.0000 1.0000 0.0000
vn 0.0000 1.0000 0.0000
vn 0.0000 1.0000 0.0000
vn 0.0000 1.0000 0.0000
vn 0.0000 1.0000 0.0000
vn 0.0000 1.0000 0.0000
vn 0.0000 1.0000 0.0000
vn 0.0000 1.0000 0.0000
vn 0.0000 1.0000 0.0000
vn 0.0000 1.0000 0.0000
vn 0.0000 1.0000 0.0000
vn 0.0000 1.0000 0.0000
vn 0.0000 1.0000 0.0000
vn 0.0000 1.0000 0.0000
vn 0.0000 1.0000 0.0000
vn 0.0000 1.0000 0.0000
vn 0.0000 1.0000 0.0000
vn 0.0000 1.0000 0.0000
vn 0.0000 1.0000 0.0000
vn 0.0000 1.0000 0.0000
vn 0.0000 1.0000 0.0000
vn 0.0000 1.0000 0.0000
vn 0.0000 1.0000 0.0000
vn 0.0000 1.0000 0.0000
vn 0.0000 1.0000 0.0000
vn 0.0000 1.0000 0.0000
vn 0.0000 1.0000 0.0000
vn 0.0000 1.0000 0.0000
vn 0.0000 1.0000 0.0000
vn 0.0000 1.0000 0.0000
vn 0.0000 1.0000 0.0000
vn 0.0000 1.0000 0.0000
vn 0.0000 1.0000 0.0000
vn 0.0000 1.0000 0.0000
vn 0.0000 1.0000 0.0000
vn 0.0000 1.0000 0.0000
vn 0.0000 1.0000 0.0000
vn 0.0000 1.0000 0.0000
vn 0.0000 1.0000 0.0000
vn 0.0000 1.0000 0.0000
vn 0.0000 1.0000 0.0000
vn 0.0000 1.0000 0.0000
vn 0.0000 1.0000 0.0000
vn 0.0000 1.0000 0.0000
vn 0.0000 1.0000 0.0000
vn 0.0000 1.0000 0.0000
vn 0.0000 1.0000 0.0000
vn 0.0000 1.0000 0.0000
vn 0.0000 1.0000 0.0000
vn 0.0000 1.0000 0.0000
vn 0.0000 1.0000 0.0000
vn 0.0000 1.0000 0.0000
vn 0.0000 1.0000 0.0000
vn 0.0000 1.0000 0.0000
vn 0.0000 1.0000 0.0000
vn 0.0000 1.0000 0.0000
vn 0.0000 1.0000 0.0000
vn 0.0000 1.0000 0.0000
vn 0.0000 1.0000 0.0000
vn 0.0000 1.0000 0.0000
vn 0.0000 1.0000 0.0000
vn 0.0000 1.0000 0.0000
vn 0.0000 1.0000 0.0000
vn 0.0000 1.0000 0.0000
vn 0.0000 1.0000 0.0000
vn 0.0000 1.0000 0.0000
vn 0.0000 1.0000 0.0000
vn 0.0000 1.0000 0.0000
vn 0.0000 1.0000 0.0000
vn 0.0000 1.0000 0.0000
vn 0.0000 1.0000 0.0000
vn 0.0000 1.0000 0.0000
vn 0.0000 1.0000 0.0000
vn 0.0000 1.0000 0.0000
vn 0.0000 1.0000 0.0000
vn 0.0000 1.0000 0.0000
vn 0.0000 1.0000 0.0000
vn 0.0000 1.0000 0.0000
vn 0.0000 1.0000 0.0000
vn 0.0000 1.0000 0.0000
vn 0.0000 1.0000 0.0000
vn 0.0000 1.0000 0.0000
vn 0.0000 1.0000 0.0000
vn 0.0000 1.0000 0.0000
vn 0.0000 1.0000 0.0000
vn 0.0000 1.0000 0.0000
vn 0.0000 1.0000 0.0000
vn 0.0000 1.0000 0.0000
vn 0.0000 1.0000 0.0000
vn 0.0000 1.0000 0.0000
vn 0.0000 1.0000 0.0000
vn 0.0000 1.0000 0.0000
vn 0.0000 1.0000 0.0000
vn 0.0000 1.0000 0.0000
vn 0.0000 1.0000 0.0000
vn 0.0000 1.0000 0.0000
vn 0.0000 1.0000 0.0000
vn 0.0000 1.0000 0.0000
vn 0.0000 1.0000 0.0000
vn 0.0000 1.0000 0.0000
vn 0.0000 1.0000 0.0000
vn 0.0000 1.0000 0.0000
vn 0.0000 1.0000 0.0000
vn 0.0000 1.0000 0.0000
vn 0.0000 1.0000 0.0000
vn 0.0000 1.0000 0.0000
vn 0.0000 1.0000 0.0000
vn 0.0000 1.0000 0.0000
vn 0.0000 1.0000 0.0000
vn 0.0000 1.0000 0.0000
vn 0.0000 1.0000 0.0000
vn 0.0000 1.0000 0.0000
vn 0.0000 1.0000 0.0000
vn 0.0000 1.0000 0.0000
vn 0.0000 1.0000 0.0000
vn 0.0000 1.0000 0.0000
vn 0.0000 1.0000 0.0000
vn 0.0000 1.0000 0.0000
vn 0.0000 1.0000 0.0000
vn 0.0000 1.0000 0.0000
vn 0.0000 1.0000 0.0000
vn 0.0000 1.0000 0.0000
vn 0.0000 1.0000 0.0000
vn 0.0000 1.0000 0.0000
vn 0.0000 1.0000 0.0000
vn 0.0000 1.0000 0.0000
vn 0.0000 1.0000 0.0000
vn 0.0000 1.0000 0.0000
vn 0.0000 1.0000 0.0000
vn 0.0000 1.0000 0.0000
vn 0.0000 1.0000 0.0000
vn 0.0000 1.0000 0.0000
vn 0.0000 1.0000 0.0000
vn 0.0000 1.0000 0.0000
vn 0.0000 1.0000 0.0000
vn 0.0000 1.0000 0.0000
vn 0.0000 1.0000 0.0000
vn 0.0000 1.0000 0.0000
vn 0.0000 1.0000 0.0000
vn 0.0000 1.0000 0.0000
vn 0.0000 1.0000 0.0000
vn 0.0000 1.0000 0.0000
vn 0.0000 1.0000 0.0000
vn 0.0000 1.0000 0.0000
vn 0.0000 1.0000 0.0000
vn 0.0000 1.0000 0.0000
vn 0.0000 1.0000 0.0000
vn 0.0000 1.0000 0.0000
vn 0.0000 1.0000 0.0000
vn 0.0000 1.0000 0.0000
vn 0.0000 1.0000 0.0000
vn 0.0000 1.0000 0.0000
vn 0.0000 1.0000 0.0000
vn 0.0000 1.0000 0.0000
vn 0.0000 1.0000 0.0000
vn 0.0000 1.0000 0.0000
vn 0.0000 1.0000 0.0000
vn 0.0000 1.0000 0.0000
vn 0.0000 1.0000 0.0000
vn 0.0000 1.0000 0.0000
vn 0.0000 1.0000 0.0000
vn 0.0000 1.0000 0.0000
vn 0.0000 1.0000 0.0000
vn 0.0000 1.0000 0.0000
vn 0.0000 1.0000 0.0000
vn 0.0000 1.0000 0.0000
vn 0.0000 1.0000 0.0000
vn 0.0000 1.0000 0.0000
vn 0.0000 1.0000 0.0000
vn 0.0000 1.0000 0.0000
vn 0.0000 1.0000 0.0000
vn 0.0000 1.0000 0.0000
vn 0.0000 1.0000 0.0000
vn 0.0000 1.0000 0.0000
vn 0.0000 1.0000 0.0000
vn 0.0000 1.0000 0.0000
vn 0.0000 1.0000 0.0000
vn 0.0000 1.0000 0.0000
vn 0.0000 1.0000 0.0000
vn 0.0000 1.0000 0.0000
vn 0.0000 1.0000 0.0000
vn 0.0000 1.0000 0.0000
vn 0.0000 1.0000 0.0000
vn 0.0000 1.0000 0.0000
vn 0.0000 1.0000 0.0000
vn 0.0000 1.0000 0.0000
vn 0.0000 1.0000 0.0000
vn 0.0000 1.0000 0.0000
vn 0.0000 1.0000 0.0000
vn 0.0000 1.0000 0.0000
vn 0.0000 1.0000 0.0000
vn 0.0000 1.0000 0.0000
vn 0.0000 1.0000 0.0000
vn 0.0000 1.0000 0.0000
vn 0.0000 1.0000 0.0000
vn 0.0000 1.0000 0.0000
vn 0.0000 1.0000 0.0000
vn 0.0000 1.0000 0.0000
vn 0.0000 1.0000 0.0000
vn 0.0000 1.0000 0.0000
vn 0.0000 1.0000 0.0000
vn 0.0000 1.0000 0.0000
vn 0.0000 1.0000 0.0000
vn 0.0000 1.0000 0.0000
vn 0.0000 1.0000 0.0000
vn 0.0000 1.0000 0.0000
vn 0.0000 1.0000 0.0000
vn 0.0000 1.0000 0.0000
vn 0.0000 1.0000 0.0000
vn 0.0000 1.0000 0.0000
vn 0.0000 1.0000 0.0000
vn 0.0000 1.0000 0.0000
vn 0.0000 1.0000 0.0000
vn 0.0000 1.0000 0.0000
vn 0.0000 1.0000 0.0000
vn 0.0000 1.0000 0.0000
vn 0.0000 1.0000 0.0000
vn 0.0000 1.0000 0.0000
vn 0.0000 1.0000 0.0000
vn 0.0000 1.0000 0.0000
vn 0.0000 1.0000 0.0000
vn 0.0000 1.0000 0.0000
vn 0.0000 1.0000 0.0000
vn 0.0000 1.0000 0.0000
vn 0.0000 1.0000 0.0000
vn 0.0000 1.0000 0.0000
vn 0.0000 1.0000 0.0000
vn 0.0000 1.0000 0.0000
vn 0.0000 1.0000 0.0000
vn 0.0000 1.0000 0.0000
vn 0.0000 1.0000 0.0000
vn 0.0000 1.0000 0.0000
vn 0.0000 1.0000 0.0000
vn 0.0000 1.0000 0.0000
vn 0.0000 1.0000 0.0000
vn 0.0000 1.0000 0.0000
vn 0.0000 1.0000 0.0000
vn 0.0000 1.0000 0.0000
vn 0.0000 1.0000 0.0000
vn 0.0000 1.0000 0.0000
vn 0.0000 1.0000 0.0000
vn 0.0000 1.0000 0.0000
vn 0.0000 1.0000 0.0000
vn 0.0000 1.0000 0.0000
vn 0.0000 1.0000 0.0000
vn 0.0000 1.0000 0.0000
vn 0.0000 1.0000 0.0000
vn 0.0000 1.0000 0.0000
vn 0.0000 1.0000 0.0000
vn 0.0000 1.0000 0.0000
vn 0.0000 1.0000 0.0000
vn 0.0000 1.0000 0.0000
vn 0.0000 1.0000 0.0000
vn 0.0000 1.0000 0.0000
vn 0.0000 1.0000 0.0000
vn 0.0000 1.0000 0.0000
vn 0.0000 1.0000 0.0000
vn 0.0000 1.0000 0.0000
vn 0.0000 1.0000 0.0000
vn 0.0000 1.0000 0.0000
vn 0.0000 1.0000 0.0000
vn 0.0000 1.0000 0.0000
vn 0.0000 1.0000 0.0000
vn 0.0000 1.0000 0.0000
vn 0.0000 1.0000 0.0000
vn 0.0000 1.0000 0.0000
vn 0.0000 1.0000 0.0000
vn 0.0000 1.0000 0.0000
vn 0.0000 1.0000 0.0000
vn 0.0000 1.0000 0.0000
vn 0.0000 1.0000 0.0000
vn 0.0000 1.0000 0.0000
vn 0.0000 1.0000 0.0000
vn 0.0000 1.0000 0.0000
vn 0.0000 1.0000 0.0000
vn 0.0000 1.0000 0.0000
vn 0.0000 1.0000 0.0000
vn 0.0000 1.0000 0.0000
vn 0.0000 1.0000 0.0000
vn 0.0000 1.0000 0.0000
vn 0.0000 1.0000 0.0000
vn 0.0000 1.0000 0.0000
vn 0.0000 1.0000 0.0000
vn 0.0000 1.0000 0.0000
vn 0.0000 1.0000 0.0000
vn 0.0000 1.0000 0.0000
vn 0.0000 1.0000 0.0000
vn 0.0000 1.0000 0.0000
vn 0.0000 1.0000 0.0000
vn 0.0000 1.0000 0.0000
vn 0.0000 1.0000 0.0000
vn 0.0000 1.0000 0.0000
vn 0.0000 1.0000 0.0000
vn 0.0000 1.0000 0.0000
vn 0.0000 1.0000 0.0000
vn 0.0000 1.0000 0.0000
vn 0.0000 1.0000 0.0000
vn 0.0000 1.0000 0.0000
vn 0.0000 1.0000 0.0000
vn 0.0000 1.0000 0.0000
vn 0.0000 1.0000 0.0000
vn 0.0000 1.0000 0.0000
vn 0.0000 1.0000 0.0000
vn 0.0000 1.0000 0.0000
vn 0.0000 1.0000 0.0000
vn 0.0000 1.0000 0.0000
vn 0.0000 1.0000 0.0000
vn 0.0000 1.0000 0.0000
vn 0.0000 1.0000 0.0000
vn 0.0000 1.0000 0.0000
vn 0.0000 1.0000 0.0000
vn 0.0000 1.0000 0.0000
vn 0.0000 1.0000 0.0000
vn 0.0000 1.0000 0.0000
vn 0.0000 1.0000 0.0000
vn 0.0000 1.0000 0.0000
vn 0.0000 1.0000 0.0000
vn 0.0000 1.0000 0.0000
vn 0.0000 1.0000 0.0000
vn 0.0000 1.0000 0.0000
vn 0.0000 1.0000 0.0000
vn 0.0000 1.0000 0.0000
vn 0.0000 1.0000 0.0000
vn 0.0000 1.0000 0.0000
vn 0.0000 1.0000 0.0000
vn 0.0000 1.0000 0.0000
vn 0.0000 1.0000 0.0000
vn 0.0000 1.0000 0.0000
vn 0.0000 1.0000 0.0000
vn 0.0000 1.0000 0.0000
vn 0.0000 1.0000 0.0000
vn 0.0000 1.0000 0.0000
vn 0.0000 1.0000 0.0000
vn 0.0000 1.0000 0.0000
vn 0.0000 1.0000 0.0000
vn 0.0000 1.0000 0.0000
vn 0.0000 1.0000 0.0000
vn 0.0000 1.0000 0.0000
vn 0.0000 1.0000 0.0000
vn 0.0000 1.0000 0.0000
vn 0.0000 1.0000 0.0000
vn 0.0000 1.0000 0.0000
vn 0.0000 1.0000 0.0000
vn 0.0000 1.0000 0.0000
vn 0.0000 1.0000 0.0000
vn 0.0000 1.0000 0.0000
vn 0.0000 1.0000 0.0000
vn 0.0000 1.0000 0.0000
vn 0.0000 1.0000 0.0000
vn 0.0000 1.0000 0.0000
vn 0.0000 1.0000 0.0000
vn 0.0000 1.0000 0.0000
vn 0.0000 1.0000 0.0000
vn 0.0000 1.0000 0.0000
vn 0.0000 1.0000 0.0000
vn 0.0000 1.0000 0.0000
vn 0.0000 1.0000 0.0000
vn 0.0000 1.0000 0.0000
vn 0.0000 1.0000 0.0000
vn 0.0000 1.0000 0.0000
vn 0.0000 1.0000 0.0000
vn 0.0000 1.0000 0.0000
vn 0.0000 1.0000 0.0000
vn 0.0000 1.0000 0.0000
vn 0.0000 1.0000 0.0000
vn 0.0000 1.0000 0.0000
vn 0.0000 1.0000 0.0000
vn 0.0000 1.0000 0.0000
vn 0.0000 1.0000 0.0000
vn 0.0000 1.0000 0.0000
vn 0.0000 1.0000 0.0000
vn 0.0000 1.0000 0.0000
vn 0.0000 1.0000 0.0000
vn 0.0000 1.0000 0.0000
vn 0.0000 1.0000 0.0000
vn 0.0000 1.0000 0.0000
vn 0.0000 1.0000 0.0000
vn 0.0000 1.0000 0.0000
vn 0.0000 1.0000 0.0000
vn 0.0000 1.0000 0.0000
vn 0.0000 1.0000 0.0000
vn 0.0000 1.0000 0.0000
vn 0.0000 1.0000 0.0000
vn 0.0000 1.0000 0.0000
vn 0.0000 1.0000 0.0000
vn 0.0000 1.0000 0.0000
vn 0.0000 1.0000 0.0000
vn 0.0000 1.0000 0.0000
vn 0.0000 1.0000 0.0000
vn 0.0000 1.0000 0.0000
vn 0.0000 1.0000 0.0000
vn 0.0000 1.0000 0.0000
vn 0.0000 1.0000 0.0000
vn 0.0000 1.0000 0.0000
vn 0.0000 1.0000 0.0000
vn 0.0000 1.0000 0.0000
vn 0.0000 1.0000 0.0000
vn 0.0000 1.0000 0.0000
vn 0.0000 1.0000 0.0000
vn 0.0000 1.0000 0.0000
vn 0.0000 1.0000 0.0000
vn 0.0000 1.0000 0.0000
vn 0.0000 1.0000 0.0000
vn 0.0000 1.0000 0.0000
vn 0.0000 1.0000 0.0000
vn 0.0000 1.0000 0.0000
vn 0.0000 1.0000 0.0000
vn 0.0000 1.0000 0.0000
vn 0.0000 1.0000 0.0000
vn 0.0000 1.0000 0.0000
vn 0.0000 1.0000 0.0000
vn 0.0000 1.0000 0.0000
vn 0.0000 1.0000 0.0000
vn 0.0000 1.0000 0.0000
vn 0.0000 1.0000 0.0000
vn 0.0000 1.0000 0.0000
vn 0.0000 1.0000 0.0000
vn 0.0000 1.0000 0.0000
vn 0.0000 1.0000 0.0000
vn 0.0000 1.0000 0.0000
vn 0.0000 1.0000 0.0000
vn 0.0000 1.0000 0.0000
vn 0.0000 1.0000 0.0000
vn 0.0000 1.0000 0.0000
vn 0.0000 1.0000 0.0000
vn 0.0000 1.0000 0.0000
vn 0.0000 1.0000 0.0000
vn 0.0000 1.0000 0.0000
vn 0.0000 1.0000 0.0000
vn 0.0000 1.0000 0.0000
vn 0.0000 1.0000 0.0000
vn 0.0000 1.0000 0.0000
vn 0.0000 1.0000 0.0000
vn 0.0000 1.0000 0.0000
vn 0.0000 1.0000 0.0000
vn 0.0000 1.0000 0.0000
vn 0.0000 1.0000 0.0000
vn 0.0000 1.0000 0.0000
vn 0.0000 1.0000 0.0000
vn 0.0000 1.0000 0.0000
vn 0.0000 1.0000 0.0000
vn 0.0000 1.0000 0.0000
vn 0.0000 1.0000 0.0000
vn 0.0000 1.0000 0.0000
vn 0.0000 1.0000 0.0000
vn 0.0000 1.0000 0.0000
vn 0.0000 1.0000 0.0000
vn 0.0000 1.0000 0.0000
vn 0.0000 1.0000 0.0000
vn 0.0000 1.0000 0.0000
vn 0.0000 1.0000 0.0000
vn 0.0000 1.0000 0.0000
vn 0.0000 1.0000 0.0000
vn 0.0000 1.0000 0.0000
vn 0.0000 1.0000 0.0000
vn 0.0000 1.0000 0.0000
vn 0.0000 1.0000 0.0000
vn 0.0000 1.0000 0.0000
vn 0.0000 1.0000 0.0000
vn 0.0000 1.0000 0.0000
vn 0.0000 1.0000 0.0000
vn 0.0000 1.0000 0.0000
vn 0.0000 1.0000 0.0000
vn 0.0000 1.0000 0.0000
vn 0.0000 1.0000 0.0000
vn 0.0000 1.0000 0.0000
vn 0.0000 1.0000 0.0000
vn 0.0000 1.0000 0.0000
vn 0.0000 1.0000 0.0000
vn 0.0000 1.0000 0.0000
vn 0.0000 1.0000 0.0000
vn 0.0000 1.0000 0.0000
vn 0.0000 1.0000 0.0000
vn 0.0000 1.0000 0.0000
vn 0.0000 1.0000 0.0000
vn 0.0000 1.0000 0.0000
vn 0.0000 1.0000 0.0000
vn 0.0000 1.0000 0.0000
vn 0.0000 1.0000 0.0000
vn 0.0000 1.0000 0.0000
vn 0.0000 1.0000 0.0000
vn 0.0000 1.0000 0.0000
vn 0.0000 1.0000 0.0000
vn 0.0000 1.0000 0.0000
vn 0.0000 1.0000 0.0000
vn 0.0000 1.0000 0.0000
vn 0.0000 1.0000 0.0000
vn 0.0000 1.0000 0.0000
vn 0.0000 1.0000 0.0000
vn 0.0000 1.0000 0.0000
vn 0.0000 1.0000 0.0000
vn 0.0000 1.0000 0.0000
vn 0.0000 1.0000 0.0000
vn 0.0000 1.0000 0.0000
vn 0.0000 1.0000 0.0000
vn 0.0000 1.0000 0.0000
vn 0.0000 1.0000 0.0000
vn 0.0000 1.0000 0.0000
vn 0.0000 1.0000 0.0000
vn 0.0000 1.0000 0.0000
vn 0.0000 1.0000 0.0000
vn 0.0000 1.0000 0.0000
vn 0.0000 1.0000 0.0000
vn 0.0000 1.0000 0.0000
vn 0.0000 1.0000 0.0000
vn 0.0000 1.0000 0.0000
vn 0.0000 1.0000 0.0000
vn 0.0000 1.0000 0.0000
vn 0.0000 1.0000 0.0000
vn 0.0000 1.0000 0.0000
vn 0.0000 1.0000 0.0000
vn 0.0000 1.0000 0.0000
vn 0.0000 1.0000 0.0000
vn 0.0000 1.0000 0.0000
vn 0.0000 1.0000 0.0000
vn 0.0000 1.0000 0.0000
vn 0.0000 1.0000 0.0000
vn 0.0000 1.0000 0.0000
vn 0.0000 1.0000 0.0000
vn 0.0000 1.0000 0.0000
vn 0.0000 1.0000 0.0000
vn 0.0000 1.0000 0.0000
vn 0.0000 1.0000 0.0000
vn 0.0000 1.0000 0.0000
vn 0.0000 1.0000 0.0000
vn 0.0000 1.0000 0.0000
vn 0.0000 1.0000 0.0000
vn 0.0000 1.0000 0.0000
vn 0.0000 1.0000 0.0000
vn 0.0000 1.0000 0.0000
vn 0.0000 1.0000 0.0000
vn 0.0000 1.0000 0.0000
vn 0.0000 1.0000 0.0000
vn 0.0000 1.0000 0.0000
vn 0.0000 1.0000 0.0000
vn 0.0000 1.0000 0.0000
vn 0.0000 1.0000 0.0000
vn 0.0000 1.0000 0.0000
vn 0.0000 1.0000 0.0000
vn 0.0000 1.0000 0.0000
vn 0.0000 1.0000 0.0000
vn 0.0000 1.0000 0.0000
vn 0.0000 1.0000 0.0000
vn 0.0000 1.0000 0.0000
vn 0.0000 1.0000 0.0000
vn 0.0000 1.0000 0.0000
vn 0.0000 1.0000 0.0000
vn 0.0000 1.0000 0.0000
vn 0.0000 1.0000 0.0000
vn 0.0000 1.0000 0.0000
vn 0.0000 1.0000 0.0000
vn 0.0000 1.0000 0.0000
vn 0.0000 1.0000 0.0000
vn 0.0000 1.0000 0.0000
vn 0.0000 1.0000 0.0000
vn 0.0000 1.0000 0.0000
vn 0.0000 1.0000 0.0000
vn 0.0000 1.0000 0.0000
vn 0.0000 1.0000 0.0000
vn 0.0000 1.0000 0.0000
vn 0.0000 1.0000 0.0000
vn 0.0000 1.0000 0.0000
vn 0.0000 1.0000 0.0000
vn 0.0000 1.0000 0.0000
vn 0.0000 1.0000 0.0000
vn 0.0000 1.0000 0.0000
vn 0.0000 1.0000 0.0000
vn 0.0000 1.0000 0.0000
vn 0.0000 1.0000 0.0000
vn 0.0000 1.0000 0.0000
vn 0.0000 1.0000 0.0000
vn 0.0000 1.0000 0.0000
vn 0.0000 1.0000 0.0000
vn 0.0000 1.0000 0.0000
vn 0.0000 1.0000 0.0000
vn 0.0000 1.0000 0.0000
vn 0.0000 1.0000 0.0000
vn 0.0000 1.0000 0.0000
vn 0.0000 1.0000 0.0000
vn 0.0000 1.0000 0.0000
vn 0.0000 1.0000 0.0000
vn 0.0000 1.0000 0.0000
vn 0.0000 1.0000 0.0000
vn 0.0000 1.0000 0.0000
vn 0.0000 1.0000 0.0000
vn 0.0000 1.0000 0.0000
vn 0.0000 1.0000 0.0000
vn 0.0000 1.0000 0.0000
vn 0.0000 1.0000 0.0000
vn 0.0000 1.0000 0.0000
vn 0.0000 1.0000 0.0000
vn 0.0000 1.0000 0.0000
vn 0.0000 1.0000 0.0000
vn 0.0000 1.0000 0.0000
vn 0.0000 1.0000 0.0000
vn 0.0000 1.0000 0.0000
vn 0.0000 1.0000 0.0000
vn 0.0000 1.0000 0.0000
vn 0.0000 1.0000 0.0000
vn 0.0000 1.0000 0.0000
vn 0.0000 1.0000 0.0000
vn 0.0000 1.0000 0.0000
vn 0.0000 1.0000 0.0000
vn 0.0000 1.0000 0.0000
vn 0.0000 1.0000 0.0000
vn 0.0000 1.0000 0.0000
vn 0.0000 1.0000 0.0000
vn 0.0000 1.0000 0.0000
vn 0.0000 1.0000 0.0000
vn 0.0000 1.0000 0.0000
vn 0.0000 1.0000 0.0000
vn 0.0000 1.0000 0.0000
vn 0.0000 1.0000 0.0000
vn 0.0000 1.0000 0.0000
vn 0.0000 1.0000 0.0000
vn 0.0000 1.0000 0.0000
vn 0.0000 1.0000 0.0000
vn 0.0000 1.0000 0.0000
vn 0.0000 1.0000 0.0000
vn 0.0000 1.0000 0.0000
vn 0.0000 1.0000 0.0000
vn 0.0000 1.0000 0.0000
vn 0.0000 1.0000 0.0000
vn 0.0000 1.0000 0.0000
vn 0.0000 1.0000 0.0000
vn 0.0000 1.0000 0.0000
vn 0.0000 1.0000 0.0000
vn 0.0000 1.0000 0.0000
vn 0.0000 1.0000 0.0000
vn 0.0000 1.0000 0.0000
vn 0.0000 1.0000 0.0000
vn 0.0000 1.0000 0.0000
vn 0.0000 1.0000 0.0000
vn 0.0000 1.0000 0.0000
vn 0.0000 1.0000 0.0000
vn 0.0000 1.0000 0.0000
vn 0.0000 1.0000 0.0000
vn 0.0000 1.0000 0.0000
vn 0.0000 1.0000 0.0000
vn 0.0000 1.0000 0.0000
vn 0.0000 1.0000 0.0000
vn 0.0000 1.0000 0.0000
vn 0.0000 1.0000 0.0000
vn 0.0000 1.0000 0.0000
vn 0.0000 1.0000 0.0000
vn 0.0000 1.0000 0.0000
vn 0.0000 1.0000 0.0000
vn 0.0000 1.0000 0.0000
vn 0.0000 1.0000 0.0000
vn 0.0000 1.0000 0.0000
vn 0.0000 1.0000 0.0000
vn 0.0000 1.0000 0.0000
vn 0.0000 1.0000 0.0000
vn 0.0000 1.0000 0.0000
vn 0.0000 1.0000 0.0000
vn 0.0000 1.0000 0.0000
vn 0.0000 1.0000 0.0000
vn 0.0000 1.0000 0.0000
vn 0.0000 1.0000 0.0000
vn 0.0000 1.0000 0.0000
vn 0.0000 1.0000 0.0000
vn 0.0000 1.0000 0.0000
vn 0.0000 1.0000 0.0000
vn 0.0000 1.0000 0.0000
vn 0.0000 1.0000 0.0000
vn 0.0000 1.0000 0.0000
vn 0.0000 1.0000 0.0000
vn 0.0000 1.0000 0.0000
vn 0.0000 1.0000 0.0000
vn 0.0000 1.0000 0.0000
vn 0.0000 1.0000 0.0000
vn 0.0000 1.0000 0.0000
vn 0.0000 1.0000 0.0000
vn 0.0000 1.0000 0.0000
vn 0.0000 1.0000 0.0000
vn 0.0000 1.0000 0.0000
vn 0.0000 1.0000 0.0000
vn 0.0000 1.0000 0.0000
vn 0.0000 1.0000 0.0000
vn 0.0000 1.0000 0.0000
vn 0.0000 1.0000 0.0000
vn 0.0000 1.0000 0.0000
vn 0.0000 1.0000 0.0000
vn 0.0000 1.0000 0.0000
vn 0.0000 1.0000 0.0000
vn 0.0000 1.0000 0.0000
vn 0.0000 1.0000 0.0000
vn 0.0000 1.0000 0.0000
vn 0.0000 1.0000 0.0000
vn 0.0000 1.0000 0.0000
vn 0.0000 1.0000 0.0000
vn 0.0000 1.0000 0.0000
vn 0.0000 1.0000 0.0000
vn 0.0000 1.0000 0.0000
vn 0.0000 1.0000 0.0000
vn 0.0000 1.0000 0.0000
vn 0.0000 1.0000 0.0000
vn 0.0000 1.0000 0.0000
vn 0.0000 1.0000 0.0000
vn 0.0000 1.0000 0.0000
vn 0.0000 1.0000 0.0000
vn 0.0000 1.0000 0.0000
vn 0.0000 1.0000 0.0000
vn 0.0000 1.0000 0.0000
vn 0.0000 1.0000 0.0000
vn 0.0000 1.0000 0.0000
vn 0.0000 1.0000 0.0000
vn 0.0000 1.0000 0.0000
vn 0.0000 1.0000 0.0000
vn 0.0000 1.0000 0.0000
vn 0.0000 1.0000 0.0000
vn 0.0000 1.0000 0.0000
vn 0.0000 1.0000 0.0000
vn 0.0000 1.0000 0.0000
vn 0.0000 1.0000 0.0000
vn 0.0000 1.0000 0.0000
vn 0.0000 1.0000 0.0000
vn 0.0000 1.0000 0.0000
vn 0.0000 1.0000 0.0000
vn 0.0000 1.0000 0.0000
vn 0.0000 1.0000 0.0000
vn 0.0000 1.0000 0.0000
vn 0.0000 1.0000 0.0000
vn 0.0000 1.0000 0.0000
vn 0.0000 1.0000 0.0000
vn 0.0000 1.0000 0.0000
vn 0.0000 1.0000 0.0000
vn 0.0000 1.0000 0.0000
vn 0.0000 1.0000 0.0000
vn 0.0000 1.0000 0.0000
vn 0.0000 1.0000 0.0000
vn 0.0000 1.0000 0.0000
vn 0.0000 1.0000 0.0000
vn 0.0000 1.0000 0.0000
vn 0.0000 1.0000 0.0000
vn 0.0000 1.0000 0.0000
vn 0.0000 1.0000 0.0000
vn 0.0000 1.0000 0.0000
vn 0.0000 1.0000 0.0000
vn 0.0000 1.0000 0.0000
vn 0.0000 1.0000 0.0000
vn 0.0000 1.0000 0.0000
vn 0.0000 1.0000 0.0000
vn 0.0000 1.0000 0.0000
vn 0.0000 1.0000 0.0000
vn 0.0000 1.0000 0.0000
vn 0.0000 1.0000 0.0000
vn 0.0000 1.0000 0.0000
vn 0.0000 1.0000 0.0000
vn 0.0000 1.0000 0.0000
vn 0.0000 1.0000 0.0000
vn 0.0000 1.0000 0.0000
vn 0.0000 1.0000 0.0000
vn 0.0000 1.0000 0.0000
vn 0.0000 1.0000 0.0000
vn 0.0000 1.0000 0.0000
vn 0.0000 1.0000 0.0000
vn 0.0000 1.0000 0.0000
vn 0.0000 1.0000 0.0000
vn 0.0000 1.0000 0.0000
vn 0.0000 1.0000 0.0000
vn 0.0000 1.0000 0.0000
vn 0.0000 1.0000 0.0000
vn 0.0000 1.0000 0.0000
vn 0.0000 1.0000 0.0000
vn 0.0000 1.0000 0.0000
vn 0.0000 1.0000 0.0000
vn 0.0000 1.0000 0.0000
vn 0.0000 1.0000 0.0000
vn 0.0000 1.0000 0.0000
vn 0.0000 1.0000 0.0000
vn 0.0000 1.0000 0.0000
vn 0.0000 1.0000 0.0000
vn 0.0000 1.0000 0.0000
vn 0.0000 1.0000 0.0000
vn 0.0000 1.0000 0.0000
vn 0.0000 1.0000 0.0000
vn 0.0000 1.0000 0.0000
vn 0.0000 1.0000 0.0000
vn 0.0000 1.0000 0.0000
vn 0.0000 1.0000 0.0000
vn 0.0000 1.0000 0.0000
vn 0.0000 1.0000 0.0000
vn 0.0000 1.0000 0.0000
vn 0.0000 1.0000 0.0000
vn 0.0000 1.0000 0.0000
vn 0.0000 1.0000 0.0000
vn 0.0000 1.0000 0.0000
vn 0.0000 1.0000 0.0000
vn 0.0000 1.0000 0.0000
vn 0.0000 1.0000 0.0000
vn 0.0000 1.0000 0.0000
vn 0.0000 1.0000 0.0000
vn 0.0000 1.0000 0.0000
vn 0.0000 1.0000 0.0000
vn 0.0000 1.0000 0.0000
vn 0.0000 1.0000 0.0000
vn 0.0000 1.0000 0.0000
vn 0.0000 1.0000 0.0000
vn 0.0000 1.0000 0.0000
vn 0.0000 1.0000 0.0000
vn 0.0000 1.0000 0.0000
vn 0.0000 1.0000 0.0000
vn 0.0000 1.0000 0.0000
vn 0.0000 1.0000 0.0000
vn 0.0000 1.0000 0.0000
vn 0.0000 1.0000 0.0000
vn 0.0000 1.0000 0.0000
vn 0.0000 1.0000 0.0000
vn 0.0000 1.0000 0.0000
vn 0.0000 1.0000 0.0000
vn 0.0000 1.0000 0.0000
vn 0.0000 1.0000 0.0000
vn 0.0000 1.0000 0.0000
vn 0.0000 1.0000 0.0000
vn 0.0000 1.0000 0.0000
vn 0.0000 1.0000 0.0000
vn 0.0000 1.0000 0.0000
vn 0.0000 1.0000 0.0000
vn 0.0000 1.0000 0.0000
vn 0.0000 1.0000 0.0000
vn 0.0000 1.0000 0.0000
vn 0.0000 1.0000 0.0000
vn 0.0000 1.0000 0.0000
vn 0.0000 1.0000 0.0000
vn 0.0000 1.0000 0.0000
vn 0.0000 1.0000 0.0000
vn 0.0000 1.0000 0.0000
vn 0.0000 1.0000 0.0000
vn 0.0000 1.0000 0.0000
vn 0.0000 1.0000 0.0000
vn 0.0000 1.0000 0.0000
vn 0.0000 1.0000 0.0000
vn 0.0000 1.0000 0.0000
vn 0.0000 1.0000 0.0000
vn 0.0000 1.0000 0.0000
vn 0.0000 1.0000 0.0000
vn 0.0000 1.0000 0.0000
vn 0.0000 1.0000 0.0000
vn 0.0000 1.0000 0.0000
vn 0.0000 1.0000 0.0000
vn 0.0000 1.0000 0.0000
vn 0.0000 1.0000 0.0000
vn 0.0000 1.0000 0.0000
vn 0.0000 1.0000 0.0000
vn 0.0000 1.0000 0.0000
vn 0.0000 1.0000 0.0000
vn 0.0000 1.0000 0.0000
vn 0.0000 1.0000 0.0000
vn 0.0000 1.0000 0.0000
vn 0.0000 1.0000 0.0000
vn 0.0000 1.0000 0.0000
vn 0.0000 1.0000 0.0000
vn 0.0000 1.0000 0.0000
vn 0.0000 1.0000 0.0000
vn 0.0000 1.0000 0.0000
vn 0.0000 1.0000 0.0000
vn 0.0000 1.0000 0.0000
vn 0.0000 1.0000 0.0000
vn 0.0000 1.0000 0.0000
vn 0.0000 1.0000 0.0000
vn 0.0000 1.0000 0.0000
vn 0.0000 1.0000 0.0000
vn 0.0000 1.0000 0.0000
vn 0.0000 1.0000 0.0000
vn 0.0000 1.0000 0.0000
vn 0.0000 1.0000 0.0000
vn 0.0000 1.0000 0.0000
vn 0.0000 1.0000 0.0000
vn 0.0000 1.0000 0.0000
vn 0.0000 1.0000 0.0000
vn 0.0000 1.0000 0.0000
vn 0.0000 1.0000 0.0000
vn 0.0000 1.0000 0.0000
vn 0.0000 1.0000 0.0000
vn 0.0000 1.0000 0.0000
vn 0.0000 1.0000 0.0000
vn 0.0000 1.0000 0.0000
vn 0.0000 1.0000 0.0000
vn 0.0000 1.0000 0.0000
vn 0.0000 1.0000 0.0000
vn 0.0000 1.0000 0.0000
vn 0.0000 1.0000 0.0000
vn 0.0000 1.0000 0.0000
vn 0.0000 1.0000 0.0000
vn 0.0000 1.0000 0.0000
vn 0.0000 1.0000 0.0000
vn 0.0000 1.0000 0.0000
vn 0.0000 1.0000 0.0000
vn 0.0000 1.0000 0.0000
vn 0.0000 1.0000 0.0000
vn 0.0000 1.0000 0.0000
vn 0.0000 1.0000 0.0000
vn 0.0000 1.0000 0.0000
vn 0.0000 1.0000 0.0000
vn 0.0000 1.0000 0.0000
vn 0.0000 1.0000 0.0000
vn 0.0000 1.0000 0.0000
vn 0.0000 1.0000 0.0000
vn 0.0000 1.0000 0.0000
vn 0.0000 1.0000 0.0000
vn 0.0000 1.0000 0.0000
vn 0.0000 1.0000 0.0000
vn 0.0000 1.0000 0.0000
vn 0.0000 1.0000 0.0000
vn 0.0000 1.0000 0.0000
vn 0.0000 1.0000 0.0000
vn 0.0000 1.0000 0.0000
vn 0.0000 1.0000 0.0000
vn 0.0000 1.0000 0.0000
vn 0.0000 1.0000 0.0000
vn 0.0000 1.0000 0.0000
vn 0.0000 1.0000 0.0000
vn 0.0000 1.0000 0.0000
vn 0.0000 1.0000 0.0000
vn 0.0000 1.0000 0.0000
vn 0.0000 1.0000 0.0000
vn 0.0000 1.0000 0.0000
vn 0.0000 1.0000 0.0000
vn 0.0000 1.0000 0.0000
vn 0.0000 1.0000 0.0000
vn 0.0000 1.0000 0.0000
vn 0.0000 1.0000 0.0000
vn 0.0000 1.0000 0.0000
vn 0.0000 1.0000 0.0000
vn 0.0000 1.0000 0.0000
vn 0.0000 1.0000 0.0000
vn 0.0000 1.0000 0.0000
vn 0.0000 1.0000 0.0000
vn 0.0000 1.0000 0.0000
vn 0.0000 1.0000 0.0000
vn 0.0000 1.0000 0.0000
vn 0.0000 1.0000 0.0000
vn 0.0000 1.0000 0.0000
vn 0.0000 1.0000 0.0000
vn 0.0000 1.0000 0.0000
vn 0.0000 1.0000 0.0000
vn 0.0000 1.0000 0.0000
vn 0.0000 1.0000 0.0000
vn 0.0000 1.0000 0.0000
vn 0.0000 1.0000 0.0000
vn 0.0000 1.0000 0.0000
vn 0.0000 1.0000 0.0000
vn 0.0000 1.0000 0.0000
vn 0.0000 1.0000 0.0000
vn 0.0000 1.0000 0.0000
vn 0.0000 1.0000 0.0000
vn 0.0000 1.0000 0.0000
vn 0.0000 1.0000 0.0000
vn 0.0000 1.0000 0.0000
vn 0.0000 1.0000 0.0000
vn 0.0000 1.0000 0.0000
vn 0.0000 1.0000 0.0000
vn 0.0000 1.0000 0.0000
vn 0.0000 1.0000 0.0000
vn 0.0000 1.0000 0.0000
vn 0.0000 1.0000 0.0000
vn 0.0000 1.0000 0.0000
vn 0.0000 1.0000 0.0000
vn 0.0000 1.0000 0.0000
vn 0.0000 1.0000 0.0000
vn 0.0000 1.0000 0.0000
vn 0.0000 1.0000 0.0000
vn 0.0000 1.0000 0.0000
vn 0.0000 1.0000 0.0000
vn 0.0000 1.0000 0.0000
vn 0.0000 1.0000 0.0000
vn 0.0000 1.0000 0.0000
vn 0.0000 1.0000 0.0000
vn 0.0000 1.0000 0.0000
vn 0.0000 1.0000 0.0000
vn 0.0000 1.0000 0.0000
vn 0.0000 1.0000 0.0000
vn 0.0000 1.0000 0.0000
vn 0.0000 1.0000 0.0000
vn 0.0000 1.0000 0.0000
vn 0.0000 1.0000 0.0000
vn 0.0000 1.0000 0.0000
vn 0.0000 1.0000 0.0000
vn 0.0000 1.0000 0.0000
vn 0.0000 1.0000 0.0000
vn 0.0000 1.0000 0.0000
vn 0.0000 1.0000 0.0000
vn 0.0000 1.0000 0.0000
vn 0.0000 1.0000 0.0000
vn 0.0000 1.0000 0.0000
vn 0.0000 1.0000 0.0000
vn 0.0000 1.0000 0.0000
vn 0.0000 1.0000 0.0000
vn 0.0000 1.0000 0.0000
vn 0.0000 1.0000 0.0000
vn 0.0000 1.0000 0.0000
vn 0.0000 1.0000 0.0000
vn 0.0000 1.0000 0.0000
vn 0.0000 1.0000 0.0000
vn 0.0000 1.0000 0.0000
vn 0.0000 1.0000 0.0000
vn 0.0000 1.0000 0.0000
vn 0.0000 1.0000 0.0000
vn 0.0000 1.0000 0.0000
vn 0.0000 1.0000 0.0000
vn 0.0000 1.0000 0.0000
vn 0.0000 1.0000 0.0000
vn 0.0000 1.0000 0.0000
vn 0.0000 1.0000 0.0000
vn 0.0000 1.0000 0.0000
vn 0.0000 1.0000 0.0000
vn 0.0000 1.0000 0.0000
vn 0.0000 1.0000 0.0000
vn 0.0000 1.0000 0.0000
vn 0.0000 1.0000 0.0000
vn 0.0000 1.0000 0.0000
vn 0.0000 1.0000 0.0000
vn 0.0000 1.0000 0.0000
vn 0.0000 1.0000 0.0000
vn 0.0000 1.0000 0.0000
vn 0.0000 1.0000 0.0000
vn 0.0000 1.0000 0.0000
vn 0.0000 1.0000 0.0000
vn 0.0000 1.0000 0.0000
vn 0.0000 1.0000 0.0000
vn 0.0000 1.0000 0.0000
vn 0.0000 1.0000 0.0000
vn 0.0000 1.0000 0.0000
vn 0.0000 1.0000 0.0000
vn 0.0000 1.0000 0.0000
vn 0.0000 1.0000 0.0000
vn 0.0000 1.0000 0.0000
vn 0.0000 1.0000 0.0000
vn 0.0000 1.0000 0.0000
vn 0.0000 1.0000 0.0000
vn 0.0000 1.0000 0.0000
vn 0.0000 1.0000 0.0000
vn 0.0000 1.0000 0.0000
vn 0.0000 1.0000 0.0000
vn 0.0000 1.0000 0.0000
vn 0.0000 1.0000 0.0000
vn 0.0000 1.0000 0.0000
vn 0.0000 1.0000 0.0000
vn 0.0000 1.0000 0.0000
vn 0.0000 1.0000 0.0000
vn 0.0000 1.0000 0.0000
vn 0.0000 1.0000 0.0000
vn 0.0000 1.0000 0.0000
vn 0.0000 1.0000 0.0000
vn 0.0000 1.0000 0.0000
vn 0.0000 1.0000 0.0000
vn 0.0000 1.0000 0.0000
vn 0.0000 1.0000 0.0000
vn 0.0000 1.0000 0.0000
vn 0.0000 1.0000 0.0000
vn 0.0000 1.0000 0.0000
vn 0.0000 1.0000 0.0000
vn 0.0000 1.0000 0.0000
vn 0.0000 1.0000 0.0000
vn 0.0000 1.0000 0.0000
vn 0.0000 1.0000 0.0000
vn 0.0000 1.0000 0.0000
vn 0.0000 1.0000 0.0000
vn 0.0000 1.0000 0.0000
vn 0.0000 1.0000 0.0000
vn 0.0000 1.0000 0.0000
vn 0.0000 1.0000 0.0000
vn 0.0000 1.0000 0.0000
vn 0.0000 1.0000 0.0000
vn 0.0000 1.0000 0.0000
vn 0.0000 1.0000 0.0000
vn 0.0000 1.0000 0.0000
vn 0.0000 1.0000 0.0000
vn 0.0000 1.0000 0.0000
vn 0.0000 1.0000 0.0000
vn 0.0000 1.0000 0.0000
vn 0.0000 1.0000 0.0000
vn 0.0000 1.0000 0.0000
vn 0.0000 1.0000 0.0000
vn 0.0000 1.0000 0.0000
vn 0.0000 1.0000 0.0000
vn 0.0000 1.0000 0.0000
vn 0.0000 1.0000 0.0000
vn 0.0000 1.0000 0.0000
vn 0.0000 1.0000 0.0000
vn 0.0000 1.0000 0.0000
vn 0.0000 1.0000 0.0000
vn 0.0000 1.0000 0.0000
vn 0.0000 1.0000 0.0000
vn 0.0000 1.0000 0.0000
vn 0.0000 1.0000 0.0000
vn 0.0000 1.0000 0.0000
vn 0.0000 1.0000 0.0000
vn 0.0000 1.0000 0.0000
vn 0.0000 1.0000 0.0000
vn 0.0000 1.0000 0.0000
vn 0.0000 1.0000 0.0000
vn 0.0000 1.0000 0.0000
vn 0.0000 1.0000 0.0000
vn 0.0000 1.0000 0.0000
vn 0.0000 1.0000 0.0000
vn 0.0000 1.0000 0.0000
vn 0.0000 1.0000 0.0000
vn 0.0000 1.0000 0.0000
vn 0.0000 1.0000 0.0000
vn 0.0000 1.0000 0.0000
vn 0.0000 1.0000 0.0000
vn 0.0000 1.0000 0.0000
vn 0.0000 1.0000 0.0000
vn 0.0000 1.0000 0.0000
vn 0.0000 1.0000 0.0000
vn 0.0000 1.0000 0.0000
vn 0.0000 1.0000 0.0000
vn 0.0000 1.0000 0.0000
vn 0.0000 1.0000 0.0000
vn 0.0000 1.0000 0.0000
vn 0.0000 1.0000 0.0000
vn 0.0000 1.0000 0.0000
vn 0.0000 1.0000 0.0000
vn 0.0000 1.0000 0.0000
vn 0.0000 1.0000 0.0000
vn 0.0000 1.0000 0.0000
vn 0.0000 1.0000 0.0000
vn 0.0000 1.0000 0.0000
vn 0.0000 1.0000 0.0000
vn 0.0000 1.0000 0.0000
vn 0.0000 1.0000 0.0000
vn 0.0000 1.0000 0.0000
vn 0.0000 1.0000 0.0000
vn 0.0000 1.0000 0.0000
vn 0.0000 1.0000 0.0000
vn 0.0000 1.0000 0.0000
vn 0.0000 1.0000 0.0000
vn 0.0000 1.0000 0.0000
vn 0.0000 1.0000 0.0000
vn 0.0000 1.0000 0.0000
vn 0.0000 1.0000 0.0000
vn 0.0000 1.0000 0.0000
vn 0.0000 1.0000 0.0000
vn 0.0000 1.0000 0.0000
vn 0.0000 1.0000 0.0000
vn 0.0000 1.0000 0.0000
vn 0.0000 1.0000 0.0000
vn 0.0000 1.0000 0.0000
vn 0.0000 1.0000 0.0000
vn 0.0000 1.0000 0.0000
vn 0.0000 1.0000 0.0000
vn 0.0000 1.0000 0.0000
vn 0.0000 1.0000 0.0000
vn 0.0000 1.0000 0.0000
vn 0.0000 1.0000 0.0000
vn 0.0000 1.0000 0.0000
vn 0.0000 1.0000 0.0000
vn 0.0000 1.0000 0.0000
vn 0.0000 1.0000 0.0000
vn 0.0000 1.0000 0.0000
vn 0.0000 1.0000 0.0000
vn 0.0000 1.0000 0.0000
vn 0.0000 1.0000 0.0000
vn 0.0000 1.0000 0.0000
vn 0.0000 1.0000 0.0000
vn 0.0000 1.0000 0.0000
vn 0.0000 1.0000 0.0000
vn 0.0000 1.0000 0.0000
vn 0.0000 1.0000 0.0000
vn 0.0000 1.0000 0.0000
vn 0.0000 1.0000 0.0000
vn 0.0000 1.0000 0.0000
vn 0.0000 1.0000 0.0000
vn 0.0000 1.0000 0.0000
vn 0.0000 1.0000 0.0000
vn 0.0000 1.0000 0.0000
vn 0.0000 1.0000 0.0000
vn 0.0000 1.0000 0.0000
vn 0.0000 1.0000 0.0000
vn 0.0000 1.0000 0.0000
vn 0.0000 1.0000 0.0000
vn 0.0000 1.0000 0.0000
vn 0.0000 1.0000 0.0000
vn 0.0000 1.0000 0.0000
vn 0.0000 1.0000 0.0000
vn 0.0000 1.0000 0.0000
vn 0.0000 1.0000 0.0000
vn 0.0000 1.0000 0.0000
vn 0.0000 1.0000 0.0000
vn 0.0000 1.0000 0.0000
vn 0.0000 1.0000 0.0000
vn 0.0000 1.0000 0.0000
vn 0.0000 1.0000 0.0000
vn 0.0000 1.0000 0.0000
vn 0.0000 1.0000 0.0000
vn 0.0000 1.0000 0.0000
vn 0.0000 1.0000 0.0000
vn 0.0000 1.0000 0.0000
vn 0.0000 1.0000 0.0000
vn 0.0000 1.0000 0.0000
vn 0.0000 1.0000 0.0000
vn 0.0000 1.0000 0.0000
vn 0.0000 1.0000 0.0000
vn 0.0000 1.0000 0.0000
vn 0.0000 1.0000 0.0000
vn 0.0000 1.0000 0.0000
vn 0.0000 1.0000 0.0000
vn 0.0000 1.0000 0.0000
vn 0.0000 1.0000 0.0000
vn 0.0000 1.0000 0.0000
vn 0.0000 1.0000 0.0000
vn 0.0000 1.0000 0.0000
vn 0.0000 1.0000 0.0000
vn 0.0000 1.0000 0.0000
vn 0.0000 1.0000 0.0000
vn 0.0000 1.0000 0.0000
vn 0.0000 1.0000 0.0000
vn 0.0000 1.0000 0.0000
vn 0.0000 1.0000 0.0000
vn 0.0000 1.0000 0.0000
vn 0.0000 1.0000 0.0000
vn 0.0000 1.0000 0.0000
vn 0.0000 1.0000 0.0000
vn 0.0000 1.0000 0.0000
vn 0.0000 1.0000 0.0000
vn 0.0000 1.0000 0.0000
vn 0.0000 1.0000 0.0000
vn 0.0000 1.0000 0.0000
vn 0.0000 1.0000 0.0000
vn 0.0000 1.0000 0.0000
vn 0.0000 1.0000 0.0000
vn 0.0000 1.0000 0.0000
vn 0.0000 1.0000 0.0000
vn 0.0000 1.0000 0.0000
vn 0.0000 1.0000 0.0000
vn 0.0000 1.0000 0.0000
vn 0.0000 1.0000 0.0000
vn 0.0000 1.0000 0.0000
vn 0.0000 1.0000 0.0000
vn 0.0000 1.0000 0.0000
vn 0.0000 1.0000 0.0000
vn 0.0000 1.0000 0.0000
vn 0.0000 1.0000 0.0000
vn 0.0000 1.0000 0.0000
vn 0.0000 1.0000 0.0000
vn 0.0000 1.0000 0.0000
vn 0.0000 1.0000 0.0000
vn 0.0000 1.0000 0.0000
vn 0.0000 1.0000 0.0000
vn 0.0000 1.0000 0.0000
vn 0.0000 1.0000 0.0000
vn 0.0000 1.0000 0.0000
vn 0.0000 1.0000 0.0000
vn 0.0000 1.0000 0.0000
vn 0.0000 1.0000 0.0000
vn 0.0000 1.0000 0.0000
vn 0.0000 1.0000 0.0000
vn 0.0000 1.0000 0.0000
vn 0.0000 1.0000 0.0000
vn 0.0000 1.0000 0.0000
vn 0.0000 1.0000 0.0000
vn 0.0000 1.0000 0.0000
vn 0.0000 1.0000 0.0000
vn 0.0000 1.0000 0.0000
vn 0.0000 1.0000 0.0000
vn 0.0000 1.0000 0.0000
vn 0.0000 1.0000 0.0000
vn 0.0000 1.0000 0.0000
vn 0.0000 1.0000 0.0000
vn 0.0000 1.0000 0.0000
vn 0.0000 1.0000 0.0000
vn 0.0000 1.0000 0.0000
vn 0.0000 1.0000 0.0000
vn 0.0000 1.0000 0.0000
vn 0.0000 1.0000 0.0000
vn 0.0000 1.0000 0.0000
vn 0.0000 1.0000 0.0000
vn 0.0000 1.0000 0.0000
vn 0.0000 1.0000 0.0000
vn 0.0000 1.0000 0.0000
vn 0.0000 1.0000 0.0000
vn 0.0000 1.0000 0.0000
vn 0.0000 1.0000 0.0000
vn 0.0000 1.0000 0.0000
vn 0.0000 1.0000 0.0000
vn 0.0000 1.0000 0.0000
vn 0.0000 1.0000 0.0000
vn 0.0000 1.0000 0.0000
vn 0.0000 1.0000 0.0000
vn 0.0000 1.0000 0.0000
vn 0.0000 1.0000 0.0000
vn 0.0000 1.0000 0.0000
vn 0.0000 1.0000 0.0000
vn 0.0000 1.0000 0.0000
vn 0.0000 1.0000 0.0000
vn 0.0000 1.0000 0.0000
vn 0.0000 1.0000 0.0000
vn 0.0000 1.0000 0.0000
vn 0.0000 1.0000 0.0000
vn 0.0000 1.0000 0.0000
vn 0.0000 1.0000 0.0000
vn 0.0000 1.0000 0.0000
vn 0.0000 1.0000 0.0000
vn 0.0000 1.0000 0.0000
vn 0.0000 1.0000 0.0000
vn 0.0000 1.0000 0.0000
vn 0.0000 1.0000 0.0000
vn 0.0000 1.0000 0.0000
vn 0.0000 1.0000 0.0000
vn 0.0000 1.0000 0.0000
vn 0.0000 1.0000 0.0000
vn 0.0000 1.0000 0.0000
vn 0.0000 1.0000 0.0000
vn 0.0000 1.0000 0.0000
vn 0.0000 1.0000 0.0000
vn 0.0000 1.0000 0.0000
vn 0.0000 1.0000 0.0000
vn 0.0000 1.0000 0.0000
vn 0.0000 1.0000 0.0000
vn 0.0000 1.0000 0.0000
vn 0.0000 1.0000 0.0000
vn 0.0000 1.0000 0.0000
vn 0.0000 1.0000 0.0000
vn 0.0000 1.0000 0.0000
vn 0.0000 1.0000 0.0000
vn 0.0000 1.0000 0.0000
vn 0.0000 1.0000 0.0000
vn 0.0000 1.0000 0.0000
vn 0.0000 1.0000 0.0000
vn 0.0000 1.0000 0.0000
vn 0.0000 1.0000 0.0000
vn 0.0000 1.0000 0.0000
vn 0.0000 1.0000 0.0000
vn 0.0000 1.0000 0.0000
vn 0.0000 1.0000 0.0000
vn 0.0000 1.0000 0.0000
vn 0.0000 1.0000 0.0000
vn 0.0000 1.0000 0.0000
vn 0.0000 1.0000 0.0000
vn 0.0000 1.0000 0.0000
vn 0.0000 1.0000 0.0000
vn 0.0000 1.0000 0.0000
vn 0.0000 1.0000 0.0000
vn 0.0000 1.0000 0.0000
vn 0.0000 1.0000 0.0000
vn 0.0000 1.0000 0.0000
vn 0.0000 1.0000 0.0000
vn 0.0000 1.0000 0.0000
vn 0.0000 1.0000 0.0000
vn 0.0000 1.0000 0.0000
vn 0.0000 1.0000 0.0000
vn 0.0000 1.0000 0.0000
vn 0.0000 1.0000 0.0000
vn 0.0000 1.0000 0.0000
vn 0.0000 1.0000 0.0000
vn 0.0000 1.0000 0.0000
vn 0.0000 1.0000 0.0000
vn 0.0000 1.0000 0.0000
vn 0.0000 1.0000 0.0000
vn 0.0000 1.0000 0.0000
vn 0.0000 1.0000 0.0000
vn 0.0000 1.0000 0.0000
vn 0.0000 1.0000 0.0000
vn 0.0000 1.0000 0.0000
vn 0.0000 1.0000 0.0000
vn 0.0000 1.0000 0.0000
vn 0.0000 1.0000 0.0000
vn 0.0000 1.0000 0.0000
vn 0.0000 1.0000 0.0000
vn 0.0000 1.0000 0.0000
vn 0.0000 1.0000 0.0000
vn 0.0000 1.0000 0.0000
vn 0.0000 1.0000 0.0000
vn 0.0000 1.0000 0.0000
vn 0.0000 1.0000 0.0000
vn 0.0000 1.0000 0.0000
vn 0.0000 1.0000 0.0000
vn 0.0000 1.0000 0.0000
vn 0.0000 1.0000 0.0000
vn 0.0000 1.0000 0.0000
vn 0.0000 1.0000 0.0000
vn 0.0000 1.0000 0.0000
vn 0.0000 1.0000 0.0000
vn 0.0000 1.0000 0.0000
vn 0.0000 1.0000 0.0000
vn 0.0000 1.0000 0.0000
vn 0.0000 1.0000 0.0000
vn 0.0000 1.0000 0.0000
vn 0.0000 1.0000 0.0000
vn 0.0000 1.0000 0.0000
vn 0.0000 1.0000 0.0000
vn 0.0000 1.0000 0.0000
vn 0.0000 1.0000 0.0000
vn 0.0000 1.0000 0.0000
vn 0.0000 1.0000 0.0000
vn 0.0000 1.0000 0.0000
vn 0.0000 1.0000 0.0000
vn 0.0000 1.0000 0.0000
vn 0.0000 1.0000 0.0000
vn 0.0000 1.0000 0.0000
vn 0.0000 1.0000 0.0000
vn 0.0000 1.0000 0.0000
vn 0.0000 1.0000 0.0000
vn 0.0000 1.0000 0.0000
vn 0.0000 1.0000 0.0000
vn 0.0000 1.0000 0.0000
vn 0.0000 1.0000 0.0000
vn 0.0000 1.0000 0.0000
vn 0.0000 1.0000 0.0000
vn 0.0000 1.0000 0.0000
vn 0.0000 1.0000 0.0000
vn 0.0000 1.0000 0.0000
vn 0.0000 1.0000 0.0000
vn 0.0000 1.0000 0.0000
vn 0.0000 1.0000 0.0000
vn 0.0000 1.0000 0.0000
vn 0.0000 1.0000 0.0000
vn 0.0000 1.0000 0.0000
vn 0.0000 1.0000 0.0000
vn 0.0000 1.0000 0.0000
vn 0.0000 1.0000 0.0000
vn 0.0000 1.0000 0.0000
vn 0.0000 1.0000 0.0000
vn 0.0000 1.0000 0.0000
vn 0.0000 1.0000 0.0000
vn 0.0000 1.0000 0.0000
vn 0.0000 1.0000 0.0000
vn 0.0000 1.0000 0.0000
vn 0.0000 1.0000 0.0000
vn 0.0000 1.0000 0.0000
vn 0.0000 1.0000 0.0000
vn 0.0000 1.0000 0.0000
vn 0.0000 1.0000 0.0000
vn 0.0000 1.0000 0.0000
vn 0.0000 1.0000 0.0000
vn 0.0000 1.0000 0.0000
vn 0.0000 1.0000 0.0000
vn 0.0000 1.0000 0.0000
vn 0.0000 1.0000 0.0000
vn 0.0000 1.0000 0.0000
vn 0.0000 1.0000 0.0000
vn 0.0000 1.0000 0.0000
vn 0.0000 1.0000 0.0000
vn 0.0000 1.0000 0.0000
vn 0.0000 1.0000 0.0000
vn 0.0000 1.0000 0.0000
vn 0.0000 1.0000 0.0000
vn 0.0000 1.0000 0.0000
vn 0.0000 1.0000 0.0000
vn 0.0000 1.0000 0.0000
vn 0.0000 1.0000 0.0000
vn 0.0000 1.0000 0.0000
vn 0.0000 1.0000 0.0000
vn 0.0000 1.0000 0.0000
vn 0.0000 1.0000 0.0000
vn 0.0000 1.0000 0.0000
vn 0.0000 1.0000 0.0000
vn 0.0000 1.0000 0.0000
vn 0.0000 1.0000 0.0000
vn 0.0000 1.0000 0.0000
vn 0.0000 1.0000 0.0000
vn 0.0000 1.0000 0.0000
vn 0.0000 1.0000 0.0000
vn 0.0000 1.0000 0.0000
vn 0.0000 1.0000 0.0000
vn 0.0000 1.0000 0.0000
vn 0.0000 1.0000 0.0000
vn 0.0000 1.0000 0.0000
vn 0.0000 1.0000 0.0000
vn 0.0000 1.0000 0.0000
vn 0.0000 1.0000 0.0000
vn 0.0000 1.0000 0.0000
vn 0.0000 1.0000 0.0000
vn 0.0000 1.0000 0.0000
vn 0.0000 1.0000 0.0000
vn 0.0000 1.0000 0.0000
vn 0.0000 1.0000 0.0000
vn 0.0000 1.0000 0.0000
vn 0.0000 1.0000 0.0000
vn 0.0000 1.0000 0.0000
vn 0.0000 1.0000 0.0000
vn 0.0000 1.0000 0.0000
vn 0.0000 1.0000 0.0000
vn 0.0000 1.0000 0.0000
vn 0.0000 1.0000 0.0000
vn 0.0000 1.0000 0.0000
vn 0.0000 1.0000 0.0000
vn 0.0000 1.0000 0.0000
vn 0.0000 1.0000 0.0000
vn 0.0000 1.0000 0.0000
vn 0.0000 1.0000 0.0000
vn 0.0000 1.0000 0.0000
vn 0.0000 1.0000 0.0000
vn 0.0000 1.0000 0.0000
vn 0.0000 1.0000 0.0000
vn 0.0000 1.0000 0.0000
vn 0.0000 1.0000 0.0000
vn 0.0000 1.0000 0.0000
vn 0.0000 1.0000 0.0000
vn 0.0000 1.0000 0.0000
vn 0.0000 1.0000 0.0000
vn 0.0000 1.0000 0.0000
vn 0.0000 1.0000 0.0000
vn 0.0000 1.0000 0.0000
vn 0.0000 1.0000 0.0000
vn 0.0000 1.0000 0.0000
vn 0.0000 1.0000 0.0000
vn 0.0000 1.0000 0.0000
vn 0.0000 1.0000 0.0000
vn 0.0000 1.0000 0.0000
vn 0.0000 1.0000 0.0000
vn 0.0000 1.0000 0.0000
vn 0.0000 1.0000 0.0000
f 1 2 3
f 4 5 6
f 7 8 9
f 10 11 12
f 13 14 15
f 16 17 18
f 19 20 21
f 22 23 24
f 25 26 27
f 28 29 30
f 31 32 33
f 34 35 36
f 37 38 39
f 40 41 42
f 43 44 45
f 46 47 48
f 49 50 51
f 52 53 54
f 55 56 57
f 58 59 60
f 61 62 63
f 64 65 66
f 67 68 69
f 70 71 72
f 73 74 75
f 76 77 78
f 79 80 81
f 82 83 84
f 85 86 87
f 88 89 90
f 91 92 93
f 94 95 96
f 97 98 99
f 100 101 102
f 103 104 105
f 106 107 108
f 109 110 111
f 112 113 114
f 115 116 117
f 118 119 120
f 121 122 123
f 124 125 126
f 127 128 129
f 130 131 132
f 133 134 135
f 136 137 138
f 139 140 141
f 142 143 144
f 145 146 147
f 148 149 150
f 151 152 153
f 154 155 156
f 157 158 159
f 160 161 162
f 163 164 165
f 166 167 168
f 169 170 171
f 172 173 174
f 175 176 177
f 178 179 180
f 181 182 183
f 184 185 186
f 187 188 189
f 190 191 192
f 193 194 195
f 196 197 198
f 199 200 201
f 202 203 204
f 205 206 207
f 208 209 210
f 211 212 213
f 214 215 216
f 217 218 219
f 220 221 222
f 223 224 225
f 226 227 228
f 229 230 231
f 232 233 234
f 235 236 237
f 238 239 240
f 241 242 243
f 244 245 246
f 247 248 249
f 250 251 252
f 253 254 255
f 256 257 258
f 259 260 261
f 262 263 264
f 265 266 267
f 268 269 270
f 271 272 273
f 274 275 276
f 277 278 279
f 280 281 282
f 283 284 285
f 286 287 288
f 289 290 291
f 292 293 294
f 295 296 297
f 298 299 300
f 301 302 303
f 304 305 306
f 307 308 309
f 310 311 312
f 313 314 315
f 316 317 318
f 319 320 321
f 322 323 324
f 325 326 327
f 328 329 330
f 331 332 333
f 334 335 336
f 337 338 339
f 340 341 342
f 343 344 345
f 346 347 348
f 349 350 351
f 352 353 354
f 355 356 357
f 358 359 360
f 361 362 363
f 364 365 366
f 367 368 369
f 370 371 372
f 373 374 375
f 376 377 378
f 379 380 381
f 382 383 384
f 385 386 387
f 388 389 390
f 391 392 393
f 394 395 396
f 397 398 399
f 400 401 402
f 403 404 405
f 406 407 408
f 409 410 411
f 412 413 414
f 415 416 417
f 418 419 420
f 421 422 423
f 424 425 426
f 427 428 429
f 430 431 432
f 433 434 435
f 436 437 438
f 439 440 441
f 442 443 444
f 445 446 447
f 448 449 450
f 451 452 453
f 454 455 456
f 457 458 459
f 460 461 462
f 463 464 465
f 466 467 468
f 469 470 471
f 472 473 474
f 475 476 477
f 478 479 480
f 481 482 483
f 484 485 486
f 487 488 489
f 490 491 492
f 493 494 495
f 496 497 498
f 499 500 501
f 502 503 504
f 505 506 507
f 508 509 510
f 511 512 513
f 514 515 516
f 517 518 519
f 520 521 522
f 523 524 525
f 526 527 528
f 529 530 531
f 532 533 534
f 535 536 537
f 538 539 540
f 541 542 543
f 544 545 546
f 547 548 549
f 550 551 552
f 553 554 555
f 556 557 558
f 559 560 561
f 562 563 564
f 565 566 567
f 568 569 570
f 571 572 573
f 574 575 576
f 577 578 579
f 580 581 582
f 583 584 585
f 586 587 588
f 589 590 591
f 592 593 594
f 595 596 597
f 598 599 600
f 601 602 603
f 604 605 606
f 607 608 609
f 610 611 612
f 613 614 615
f 616 617 618
f 619 620 621
f 622 623 624
f 625 626 627
f 628 629 630
f 631 632 633
f 634 635 636
f 637 638 639
f 640 641 642
f 643 644 645
f 646 647 648
f 649 650 651
f 652 653 654
f 655 656 657
f 658 659 660
f 661 662 663
f 664 665 666
f 667 668 669
f 670 671 672
f 673 674 675
f 676 677 678
f 679 680 681
f 682 683 684
f 685 686 687
f 688 689 690
f 691 692 693
f 694 695 696
f 697 698 699
f 700 701 702
f 703 704 705
f 706 707 708
f 709 710 711
f 712 713 714
f 715 716 717
f 718 719 720
f 721 722 723
f 724 725 726
f 727 728 729
f 730 731 732
f 733 734 735
f 736 737 738
f 739 740 741
f 742 743 744
f 745 746 747
f 748 749 750
f 751 752 753
f 754 755 756
f 757 758 759
f 760 761 762
f 763 764 765
f 766 767 768
f 769 770 771
f 772 773 774
f 775 776 777
f 778 779 780
f 781 782 783
f 784 785 786
f 787 788 789
f 790 791 792
f 793 794 795
f 796 797 798
f 799 800 801
f 802 803 804
f 805 806 807
f 808 809 810
f 811 812 813
f 814 815 816
f 817 818 819
f 820 821 822
f 823 824 825
f 826 827 828
f 829 830 831
f 832 833 834
f 835 836 837
f 838 839 840
f 841 842 843
f 844 845 846
f 847 848 849
f 850 851 852
f 853 854 855
f 856 857 858
f 859 860 861
f 862 863 864
f 865 866 867
f 868 869 870
f 871 872 873
f 874 875 876
f 877 878 879
f 880 881 882
f 883 884 885
f 886 887 888
f 889 890 891
f 892 893 894
f 895 896 897
f 898 899 900
f 901 902 903
f 904 905 906
f 907 908 909
f 910 911 912
f 913 914 915
f 916 917 918
f 919 920 921
f 922 923 924
f 925 926 927
f 928 929 930
f 931 932 933
f 934 935 936
f 937 938 939
f 940 941 942
f 943 944 945
f 946 947 948
f 949 950 951
f 952 953 954
f 955 956 957
f 958 959 960
f 961 962 963
f 964 965 966
f 967 968 969
f 970 971 972
f 973 974 975
f 976 977 978
f 979 980 981
f 982 983 984
f 985 986 987
f 988 989 990
f 991 992 993
f 994 995 996
f 997 998 999
f 1000 1001 1002
f 1003 1004 1005
f 1006 1007 1008
f 1009 1010 1011
f 1012 1013 1014
f 1015 1016 1017
f 1018 1019 1020
f 1021 1022 1023
f 1024 1025 1026
f 1027 1028 1029
f 1030 1031 1032
f 1033 1034 1035
f 1036 1037 1038
f 1039 1040 1041
f 1042 1043 1044
f 1045 1046 1047
f 1048 1049 1050
f 1051 1052 1053
f 1054 1055 1056
f 1057 1058 1059
f 1060 1061 1062
f 1063 1064 1065
f 1066 1067 1068
f 1069 1070 1071
f 1072 1073 1074
f 1075 1076 1077
f 1078 1079 1080
f 1081 1082 1083
f 1084 1085 1086
f 1087 1088 1089
f 1090 1091 1092
f 1093 1094 1095
f 1096 1097 1098
f 1099 1100 1101
f 1102 1103 1104
f 1105 1106 1107
f 1108 1109 1110
f 1111 1112 1113
f 1114 1115 1116
f 1117 1118 1119
f 1120 1121 1122
f 1123 1124 1125
f 1126 1127 1128
f 1129 1130 1131
f 1132 1133 1134
f 1135 1136 1137
f 1138 1139 1140
f 1141 1142 1143
f 1144 1145 1146
f 1147 1148 1149
f 1150 1151 1152
f 1153 1154 1155
f 1156 1157 1158
f 1159 1160 1161
f 1162 1163 1164
f 1165 1166 1167
f 1168 1169 1170
f 1171 1172 1173
f 1174 1175 1176
f 1177 1178 1179
f 1180 1181 1182
f 1183 1184 1185
f 1186 1187 1188
f 1189 1190 1191
f 1192 1193 1194
f 1195 1196 1197
f 1198 1199 1200
f 1201 1202 1203
f 1204 1205 1206
f 1207 1208 1209
f 1210 1211 1212
f 1213 1214 1215
f 1216 1217 1218
f 1219 1220 1221
f 1222 1223 1224
f 1225 1226 1227
f 1228 1229 1230
f 1231 1232 1233
f 1234 1235 1236
f 1237 1238 1239
f 1240 1241 1242
f 1243 1244 1245
f 1246 1247 1248
f 1249 1250 1251
f 1252 1253 1254
f 1255 1256 1257
f 1258 1259 1260
f 1261 1262 1263
f 1264 1265 1266
f 1267 1268 1269
f 1270 1271 1272
f 1273 1274 1275
f 1276 1277 1278
f 1279 1280 1281
f 1282 1283 1284
f 1285 1286 1287
f 1288 1289 1290
f 1291 1292 1293
f 1294 1295 1296
f 1297 1298 1299
f 1300 1301 1302
f 1303 1304 1305
f 1306 1307 1308
f 1309 1310 1311
f 1312 1313 1314
f 1315 1316 1317
f 1318 1319 1320
f 1321 1322 1323
f 1324 1325 1326
f 1327 1328 1329
f 1330 1331 1332
f 1333 1334 1335
f 1336 1337 1338
f 1339 1340 1341
f 1342 1343 1344
f 1345 1346 1347
f 1348 1349 1350
f 1351 1352 1353
f 1354 1355 1356
f 1357 1358 1359
f 1360 1361 1362
f 1363 1364 1365
f 1366 1367 1368
f 1369 1370 1371
f 1372 1373 1374
f 1375 1376 1377
f 1378 1379 1380
f 1381 1382 1383
f 1384 1385 1386
f 1387 1388 1389
f 1390 1391 1392
f 1393 1394 1395
f 1396 1397 1398
f 1399 1400 1401
f 1402 1403 1404
f 1405 1406 1407
f 1408 1409 1410
f 1411 1412 1413
f 1414 1415 1416
f 1417 1418 1419
f 1420 1421 1422
f 1423 1424 1425
f 1426 1427 1428
f 1429 1430 1431
f 1432 1433 1434
f 1435 1436 1437
f 1438 1439 1440
f 1441 1442 1443
f 1444 1445 1446
f 1447 1448 1449
f 1450 1451 1452
f 1453 1454 1455
f 1456 1457 1458
f 1459 1460 1461
f 1462 1463 1464
f 1465 1466 1467
f 1468 1469 1470
f 1471 1472 1473
f 1474 1475 1476
f 1477 1478 1479
f 1480 1481 1482
f 1483 1484 1485
f 1486 1487 1488
f 1489 1490 1491
f 1492 1493 1494
f 1495 1496 1497
f 1498 1499 1500
f 1501 1502 1503
f 1504 1505 1506
f 1507 1508 1509
f 1510 1511 1512
f 1513 1514 1515
f 1516 1517 1518
f 1519 1520 1521
f 1522 1523 1524
f 1525 1526 1527
f 1528 1529 1530
f 1531 1532 1533
f 1534 1535 1536
f 1537 1538 1539
f 1540 1541 1542
f 1543 1544 1545
f 1546 1547 1548
f 1549 1550 1551
f 1552 1553 1554
f 1555 1556 1557
f 1558 1559 1560
f 1561 1562 1563
f 1564 1565 1566
f 1567 1568 1569
f 1570 1571 1572
f 1573 1574 1575
f 1576 1577 1578
f 1579 1580 1581
f 1582 1583 1584
f 1585 1586 1587
f 1588 1589 1590
f 1591 1592 1593
f 1594 1595 1596
f 1597 1598 1599
f 1600 1601 1602
f 1603 1604 1605
f 1606 1607 1608
f 1609 1610 1611
f 1612 1613 1614
f 1615 1616 1617
f 1618 1619 1620
f 1621 1622 1623
f 1624 1625 1626
f 1627 1628 1629
f 1630 1631 1632
f 1633 1634 1635
f 1636 1637 1638
f 1639 1640 1641
f 1642 1643 1644
f 1645 1646 1647
f 1648 1649 1650
f 1651 1652 1653
f 1654 1655 1656
f 1657 1658 1659
f 1660 1661 1662
f 1663 1664 1665
f 1666 1667 1668
f 1669 1670 1671
f 1672 1673 1674
f 1675 1676 1677
f 1678 1679 1680
f 1681 1682 1683
f 1684 1685 1686
f 1687 1688 1689
f 1690 1691 1692
f 1693 1694 1695
f 1696 1697 1698
f 1699 1700 1701
f 1702 1703 1704
f 1705 1706 1707
f 1708 1709 1710
f 1711 1712 1713
f 1714 1715 1716
f 1717 1718 1719
f 1720 1721 1722
f 1723 1724 1725
f 1726 1727 1728
f 1729 1730 1731
f 1732 1733 1734
f 1735 1736 1737
f 1738 1739 1740
f 1741 1742 1743
f 1744 1745 1746
f 1747 1748 1749
f 1750 1751 1752
f 1753 1754 1755
f 1756 1757 1758
f 1759 1760 1761
f 1762 1763 1764
f 1765 1766 1767
f 1768 1769 1770
f 1771 1772 1773
f 1774 1775 1776
f 1777 1778 1779
f 1780 1781 1782
f 1783 1784 1785
f 1786 1787 1788
f 1789 1790 1791
f 1792 1793 1794
f 1795 1796 1797
f 1798 1799 1800
f 1801 1802 1803
f 1804 1805 1806
f 1807 1808 1809
f 1810 1811 1812
f 1813 1814 1815
f 1816 1817 1818
f 1819 1820 1821
f 1822 1823 1824
f 1825 1826 1827
f 1828 1829 1830
f 1831 1832 1833
f 1834 1835 1836
f 1837 1838 1839
f 1840 1841 1842
f 1843 1844 1845
f 1846 1847 1848
f 1849 1850 1851
f 1852 1853 1854
f 1855 1856 1857
f 1858 1859 1860
f 1861 1862 1863
f 1864 1865 1866
f 1867 1868 1869
f 1870 1871 1872
f 1873 1874 1875
f 1876 1877 1878
f 1879 1880 1881
f 1882 1883 1884
f 1885 1886 1887
f 1888 1889 1890
f 1891 1892 1893
f 1894 1895 1896
f 1897 1898 1899
f 1900 1901 1902
f 1903 1904 1905
f 1906 1907 1908
f 1909 1910 1911
f 1912 1913 1914
f 1915 1916 1917
f 1918 1919 1920
f 1921 1922 1923
f 1924 1925 1926
f 1927 1928 1929
f 1930 1931 1932
f 1933 1934 1935
f 1936 1937 1938
f 1939 1940 1941
f 1942 1943 1944
f 1945 1946 1947
f 1948 1949 1950
f 1951 1952 1953
f 1954 1955 1956
f 1957 1958 1959
f 1960 1961 1962
f 1963 1964 1965
f 1966 1967 1968
f 1969 1970 1971
f 1972 1973 1974
f 1975 1976 1977
f 1978 1979 1980
f 1981 1982 1983
f 1984 1985 1986
f 1987 1988 1989
f 1990 1991 1992
f 1993 1994 1995
f 1996 1997 1998
f 1999 2000 2001
f 2002 2003 2004
f 2005 2006 2007
f 2008 2009 2010
f 2011 2012 2013
f 2014 2015 2016
f 2017 2018 2019
f 2020 2021 2022
f 2023 2024 2025
f 2026 2027 2028
f 2029 2030 2031
f 2032 2033 2034
f 2035 2036 2037
f 2038 2039 2040
f 2041 2042 2043
f 2044 2045 2046
f 2047 2048 2049
f 2050 2051 2052
f 2053 2054 2055
f 2056 2057 2058
f 2059 2060 2061
f 2062 2063 2064
f 2065 2066 2067
f 2068 2069 2070
f 2071 2072 2073
f 2074 2075 2076
f 2077 2078 2079
f 2080 2081 2082
f 2083 2084 2085
f 2086 2087 2088
f 2089 2090 2091
f 2092 2093 2094
f 2095 2096 2097
f 2098 2099 2100
f 2101 2102 2103
f 2104 2105 2106
f 2107 2108 2109
f 2110 2111 2112
f 2113 2114 2115
f 2116 2117 2118
f 2119 2120 2121
f 2122 2123 2124
f 2125 2126 2127
f 2128 2129 2130
f 2131 2132 2133
f 2134 2135 2136
f 2137 2138 2139
f 2140 2141 2142
f 2143 2144 2145
f 2146 2147 2148
f 2149 2150 2151
f 2152 2153 2154
f 2155 2156 2157
f 2158 2159 2160
