# PSO Extracted Authentic Geometry
v 0.0000 0.0000 0.2000
v 0.0000 0.2000 0.0000
v 0.0000 0.0000 0.2000
v 0.0000 0.2000 0.0000
v 0.0000 0.0000 0.2000
v 0.0000 0.0000 0.2000
v 0.0000 0.2000 0.0000
v 0.0000 0.2000 0.0000
v 0.2000 0.0000 0.0000
v 0.0000 0.2000 0.0000
v 0.2000 0.0000 0.0000
v 0.0000 0.2000 0.0000
v 0.2000 0.0000 0.0000
v -480.0000 0.0000 -480.0000
v 452.5483 0.0000 0.0000
v 0.0000 -160.0000 0.0000
v -480.0000 0.0000 0.0000
v 0.0000 452.5483 0.0000
v 0.0000 0.0000 160.0000
v 0.0000 -480.0000 0.0000
v 0.0000 0.0000 452.5483
v 480.0000 0.0000 -480.0000
v 452.5483 0.0000 0.0000
v 0.0000 -480.0000 0.0000
v -160.0000 0.0000 0.0000
v 0.0000 452.5483 0.0000
v 0.0000 0.0000 -160.0000
v 0.0000 -160.0000 0.0000
v 0.0000 0.0000 452.5483
v 160.0000 0.0000 -160.0000
v 452.5483 0.0000 0.0000
v 0.0000 480.0000 0.0000
v -160.0000 0.0000 0.0000
v 0.0000 452.5483 0.0000
v 0.0000 0.0000 -480.0000
v 0.0000 160.0000 0.0000
v 0.0000 0.0000 452.5483
v -160.0000 0.0000 160.0000
v 452.5483 0.0000 0.0000
v 0.0000 160.0000 0.0000
v 160.0000 0.0000 0.0000
v 0.0000 452.5483 0.0000
v 0.0000 0.0000 480.0000
v 0.0000 160.0000 0.0000
v 0.0000 0.0000 452.5483
v -480.0000 0.0000 480.0000
v 452.5483 0.0000 0.0000
v 0.0000 -160.0000 0.0000
v 480.0000 0.0000 0.0000
v 0.0000 452.5483 0.0000
v 0.0000 0.0000 160.0000
v 0.0000 480.0000 0.0000
v 0.0000 0.0000 452.5483
v 480.0000 0.0000 480.0000
v 452.5483 0.0000 0.0000
v 0.0000 800.0000 0.0000
v -9.0353 0.0000 0.0000
v 0.0000 0.0000 -24.8941
v 54.2052 -148.3048 56.1897
v 0.0000 0.0000 1.0000
v 1.0000 1.0000 0.0000
v 1.1412 -9.0353 0.0000
v -136.5331 58.2189 -22.7743
v 57.9339 0.0000 0.0000
v 1.0000 1.0000 1.0000
v 0.0000 55.8473 63.8710
v 41.9671 56.7150 0.0000
v 0.0000 1.0000 1.0000
v 1.0000 0.0000 0.0000
v -9.0353 0.0000 0.0000
v 0.0000 0.0000 20.3533
v 62.4237 -1.9248 51.7880
v 0.0000 0.0000 1.0000
v 1.0000 1.0000 0.0000
v 1.1412 -9.0353 0.0000
v -14.2753 51.9896 132.5752
v 48.9645 0.0000 0.0000
v 1.0000 1.0000 1.0000
v 0.0000 -44.5440 50.1998
v 120.0143 52.8790 0.0000
v 0.0000 1.0000 1.0000
v 1.0000 0.0000 0.0000
v -9.0353 0.0000 0.0000
v 0.0000 0.0000 -18.2716
v 48.4518 132.1475 46.2134
v 0.0000 0.0000 1.0000
v 1.0000 1.0000 0.0000
v 1.2078 -9.0353 0.0000
v 132.5240 49.9867 103.8649
v 35.5622 0.0000 0.0000
v 1.0000 1.0000 1.0000
v 0.0000 -73.7581 72.4263
v -74.8948 34.2807 0.0000
v 0.0000 1.0000 1.0000
v 1.0000 0.0000 0.0000
v -9.0353 0.0000 0.0000
v 0.0000 0.0000 60.0481
v 91.3745 -183.0123 46.2209
v 0.0000 0.0000 1.0000
v 1.0000 1.0000 0.0000
v 1.1608 -9.0353 0.0000
v 29.0873 53.7912 101.6763
v 45.4697 0.0000 0.0000
v 1.0000 1.0000 1.0000
v 0.0000 139.1481 54.3727
v 46.3051 45.6274 0.0000
v 0.0000 1.0000 1.0000
v 1.0000 0.0000 0.0000
v -9.0353 0.0000 0.0000
v 0.0000 0.0000 137.6538
v 55.2497 81.1965 46.4021
v 0.0000 0.0000 1.0000
v 1.0000 1.0000 0.0000
v 1.1569 -9.0353 0.0000
v 71.2056 48.6135 17.3352
v 42.6812 0.0000 0.0000
v 1.0000 1.0000 1.0000
v 0.0000 59.3367 67.8733
v 1.4909 55.7921 0.0000
v 0.0000 1.0000 1.0000
v 1.0000 0.0000 0.0000
v -9.0353 0.0000 0.0000
v 0.0000 0.0000 56.7599
v 53.7672 52.7520 61.6876
v 0.0000 0.0000 1.0000
v 1.0000 1.0000 0.0000
v 1.1451 -9.0353 0.0000
v -125.7130 88.8429 94.7574
v 48.8570 0.0000 0.0000
v 1.0000 1.0000 1.0000
v 0.0000 95.0408 75.2777
v 169.5490 44.4179 0.0000
v 0.0000 1.0000 1.0000
v 1.0000 0.0000 0.0000
v -9.0353 0.0000 0.0000
v 0.0000 0.0000 46.3358
v 84.7422 -151.5702 51.8663
v 0.0000 0.0000 1.0000
v 1.0000 1.0000 0.0000
v 0.0196 0.4431 0.0000
v -29.2520 -17.6209 49.0950
v 18.8491 0.0000 0.0000
v 1.0000 1.0000 1.0000
v -9.0353 0.0000 0.0000
v 0.0000 0.0000 -68.1004
v 67.2907 -74.4491 58.2752
v 0.0000 0.0000 1.0000
v 1.0000 1.0000 0.0000
v 1.1216 -9.0353 0.0000
v -75.8893 60.2987 -69.3594
v 55.2747 0.0000 0.0000
v 1.0000 1.0000 1.0000
v 0.0000 -29.2520 -17.6209
v 49.0950 18.8491 0.0000
v 0.0000 1.0000 1.0000
v 1.0000 0.0000 0.0000
v 0.0000 1.0000 0.0000
v 0.0000 -458.9997 49.9999
v -0.0001 1056.3633 0.0000
v 0.0000 1049.0000 330.0000
v -972.0000 0.0000 0.0000
v 0.0000 1.0000 1.0000
v 1.0000 0.0000 0.0000
v 0.0000 1.0000 0.0000
v 0.0000 0.0000 75.0000
v -0.0000 171.0000 0.0000
v 0.0000 636.0000 130.0000
v -30.0000 0.0000 0.0000
v 0.0000 1.0000 1.0000
v 1.0000 0.0000 0.0000
v 0.0000 1.0000 0.0000
v 0.0000 75.0000 -0.0000
v 171.0000 0.0000 0.0000
v 636.0000 130.0000 -136.0000
v 1.0000 1.0000 1.0000
v 0.6902 1.0000 0.0000
v 0.0000 0.0000 159.6419
v 145.3000 186.0201 53.1430
v 0.0000 0.0000 1.0000
v 1.0000 1.0000 0.0000
v -458.9998 49.9999 458.9995
v 695.6014 0.0000 0.0000
v 1049.0000 330.0000 -972.0000
v 1.0000 1.0000 1.0000
v -4.0157 0.0000 0.0000
v 0.0000 0.0000 75.0000
v 60.4576 154.5983 0.0000
v 0.0000 315.0000 130.0000
v -641.0000 0.0000 0.0000
v 0.0000 1.0000 1.0000
v 1.0000 0.0000 0.0000
v 0.0000 0.0000 7.0000
v 158.2263 -273.0000 31.0113
v 0.0000 0.0000 1.0000
v 1.0000 1.0000 0.0000
v 0.4980 0.0000 0.0000
v -72.0000 114.0000 98.0001
v 31.7478 0.0000 0.0000
v 1.0000 1.0000 1.0000
v 10.0392 0.4980 0.0000
v 0.0000 32.0000 144.1774
v -225.0000 38.3945 0.0000
v 0.0000 1.0000 1.0000
v 1.0000 0.0000 0.0000
v 75.0000 60.4576 154.5983
v 0.0000 0.0000 315.0000
v 130.0000 -747.0000 0.0000
v 0.0000 0.0000 1.0000
v 1.0000 1.0000 0.0000
v 0.8745 0.0000 0.0000
v 0.0000 -0.0386 0.0000
v 5.8634 39.0854 0.0000
v 0.0000 7.5000 4.0100
v 5.0000 0.0000 0.0000
v 0.0000 0.0000 -9.6312
v 2.6863 -7.9177 14.0204
v 0.0000 0.0000 1.0000
v 1.0000 1.0000 0.0000
v 0.0000 10.7398 1.7455
v -6.4737 14.0622 0.0000
v 0.0000 1.0000 1.0000
v 1.0000 0.0000 0.0000
v 3.0118 0.0000 0.0000
v 8.8091 0.0895 9.0338
v 13.9918 0.0000 0.0000
v 1.0000 1.0000 1.0000
v 0.0000 0.0000 -0.9373
v 2.3661 13.0816 13.8974
v 0.0000 0.0000 1.0000
v 1.0000 1.0000 0.0000
v 0.0000 -12.9964 2.9618
v 1.1717 13.8447 0.0000
v 0.0000 1.0000 1.0000
v 1.0000 0.0000 0.0000
v 1.0000 1.0000 1.0000
v 1.0000 0.0000 0.0000
v 0.0000 0.0000 3.6621
v 1.8844 12.4455 13.9817
v 0.0000 0.0000 1.0000
v 1.0000 1.0000 0.0000
v 0.0000 -13.1276 2.3486
v 0.5023 13.7317 0.0000
v 0.0000 1.0000 1.0000
v 1.0000 0.0000 0.0000
v 3.0118 0.0000 0.0000
v -2.4499 1.8844 -12.8318
v 13.9392 0.0000 0.0000
v 1.0000 1.0000 1.0000
v 0.0000 0.0000 7.5235
v 2.1965 -9.9644 14.0949
v 0.0000 0.0000 1.0000
v 1.0000 1.0000 0.0000
v 0.0000 12.3072 2.1516
v 3.9512 13.9987 0.0000
v 0.0000 1.0000 1.0000
v 1.0000 0.0000 0.0000
v 1.0000 1.0000 1.0000
v 1.0000 0.0000 0.0000
v 0.0000 0.0000 12.3401
v 1.8844 -3.9574 13.9954
v 0.0000 0.0000 1.0000
v 1.0000 1.0000 0.0000
v 0.0000 0.6647 2.3486
v 13.1011 13.7576 0.0000
v 0.0000 1.0000 1.0000
v 1.0000 0.0000 0.0000
v 3.0118 0.0000 0.0000
v -12.7538 1.8844 2.7269
v 13.9707 0.0000 0.0000
v 1.0000 1.0000 1.0000
v 0.0000 0.0000 -10.1940
v 2.1965 -7.2707 14.1008
v 0.0000 0.0000 1.0000
v 1.0000 1.0000 0.0000
v 0.0000 3.6599 2.1516
v -12.4137 13.9853 0.0000
v 0.0000 1.0000 1.0000
v 1.0000 0.0000 0.0000
v 141.2254 19.4872 -129.9095
v 1.0000 1.0000 1.0000
v 1.0000 0.0000 0.0000
v 0.0000 0.0000 -9.6312
v 2.6863 -7.9177 14.0446
v 0.0000 0.0000 1.0000
v 1.0000 1.0000 0.0000
v 0.0000 10.7398 1.7455
v -6.4736 14.0296 0.0000
v 0.0000 1.0000 1.0000
v 1.0000 0.0000 0.0000
v 3.0118 0.0000 0.0000
v 8.8091 0.0895 9.0338
v 13.8877 0.0000 0.0000
v 1.0000 1.0000 1.0000
v 0.0000 0.0000 -0.9373
v 2.3661 13.0816 13.8357
v 0.0000 0.0000 1.0000
v 1.0000 1.0000 0.0000
v 0.0000 -12.9963 2.9618
v 1.1717 13.7679 0.0000
v 0.0000 1.0000 1.0000
v 1.0000 0.0000 0.0000
v 77.7842 26.9834 134.3869
v 1.0000 1.0000 1.0000
v 1.0000 0.0000 0.0000
v 0.0000 0.0000 3.6621
v 1.8844 12.4455 13.9880
v 0.0000 0.0000 1.0000
v 1.0000 1.0000 0.0000
v 0.0000 -13.1276 2.3486
v 0.5024 13.7487 0.0000
v 0.0000 1.0000 1.0000
v 1.0000 0.0000 0.0000
v 3.0118 0.0000 0.0000
v -2.4499 1.8844 -12.8317
v 13.9598 0.0000 0.0000
v 1.0000 1.0000 1.0000
v 0.0000 0.0000 7.5235
v 2.1965 -9.9644 14.1040
v 0.0000 0.0000 1.0000
v 1.0000 1.0000 0.0000
v 0.0000 12.3072 2.1516
v 3.9513 13.9929 0.0000
v 0.0000 1.0000 1.0000
v 1.0000 0.0000 0.0000
v 43.7195 20.6561 -94.4691
v 1.0000 1.0000 1.0000
v 1.0000 0.0000 0.0000
v 0.0000 0.0000 3.6621
v 1.8844 12.4455 13.9447
v 0.0000 0.0000 1.0000
v 1.0000 1.0000 0.0000
v 0.0000 -13.1276 2.3486
v 0.5024 13.7571 0.0000
v 0.0000 1.0000 1.0000
v 1.0000 0.0000 0.0000
v 3.0118 0.0000 0.0000
v -2.4499 1.8844 -12.8317
v 13.9068 0.0000 0.0000
v 1.0000 1.0000 1.0000
v 0.0000 0.0000 7.5235
v 2.1965 -9.9644 14.1061
v 0.0000 0.0000 1.0000
v 1.0000 1.0000 0.0000
v 0.0000 12.3072 2.1516
v 3.9512 13.9854 0.0000
v 0.0000 1.0000 1.0000
v 1.0000 0.0000 0.0000
v 1.0000 1.0000 1.0000
v 1.0000 0.0000 0.0000
v 0.0000 0.0000 3.6621
v 1.8844 12.4455 13.9880
v 0.0000 0.0000 1.0000
v 1.0000 1.0000 0.0000
v 0.0000 -13.1276 2.3486
v 0.5024 13.7487 0.0000
v 0.0000 1.0000 1.0000
v 1.0000 0.0000 0.0000
v 3.0118 0.0000 0.0000
v -2.4499 1.8844 -12.8317
v 13.9598 0.0000 0.0000
v 1.0000 1.0000 1.0000
v 0.0000 0.0000 7.5235
v 2.1965 -9.9644 14.1040
v 0.0000 0.0000 1.0000
v 1.0000 1.0000 0.0000
v 0.0000 12.3072 2.1516
v 3.9512 13.9929 0.0000
v 0.0000 1.0000 1.0000
v 1.0000 0.0000 0.0000
v 86.8381 21.1769 74.0081
v 1.0000 1.0000 1.0000
v 1.0000 0.0000 0.0000
v 0.0000 0.0000 3.6621
v 1.8844 12.4455 13.9880
v 0.0000 0.0000 1.0000
v 1.0000 1.0000 0.0000
v 0.0000 -13.1276 2.3486
v 0.5024 13.7487 0.0000
v 0.0000 1.0000 1.0000
v 1.0000 0.0000 0.0000
v 3.0118 0.0000 0.0000
v -2.4499 1.8844 -12.8317
v 13.9598 0.0000 0.0000
v 1.0000 1.0000 1.0000
v 0.0000 0.0000 7.5235
v 2.1965 -9.9644 14.1040
v 0.0000 0.0000 1.0000
v 1.0000 1.0000 0.0000
v 0.0000 12.3072 2.1516
v 3.9513 13.9929 0.0000
v 0.0000 1.0000 1.0000
v 1.0000 0.0000 0.0000
v 55.1393 21.6011 -133.6210
v 1.0000 1.0000 1.0000
v 1.0000 0.0000 0.0000
v 0.0000 0.0000 3.6621
v 1.8844 12.4455 13.9880
v 0.0000 0.0000 1.0000
v 1.0000 1.0000 0.0000
v 0.0000 -13.1276 2.3486
v 0.5024 13.7487 0.0000
v 0.0000 1.0000 1.0000
v 1.0000 0.0000 0.0000
v 3.0118 0.0000 0.0000
v -2.4499 1.8844 -12.8317
v 13.9598 0.0000 0.0000
v 1.0000 1.0000 1.0000
v 0.0000 0.0000 7.5235
v 2.1965 -9.9644 14.1040
v 0.0000 0.0000 1.0000
v 1.0000 1.0000 0.0000
v 0.0000 12.3072 2.1516
v 3.9512 13.9929 0.0000
v 0.0000 1.0000 1.0000
v 1.0000 0.0000 0.0000
v 95.2596 15.1521 -135.0552
v 1.0000 1.0000 1.0000
v 1.0000 0.0000 0.0000
v 0.0000 0.0000 -9.9669
v 2.6863 7.5034 14.0215
v 0.0000 0.0000 1.0000
v 1.0000 1.0000 0.0000
v 0.0000 -4.1261 1.7455
v -12.1250 13.9574 0.0000
v 0.0000 1.0000 1.0000
v 1.0000 0.0000 0.0000
v 3.0118 0.0000 0.0000
v 11.0167 0.0895 -6.6381
v 13.8477 0.0000 0.0000
v 1.0000 1.0000 1.0000
v 0.0000 0.0000 12.4602
v 2.3661 3.3452 13.9838
v 0.0000 0.0000 1.0000
v 1.0000 1.0000 0.0000
v 0.0000 -0.1819 2.9618
v 13.1131 13.6819 0.0000
v 0.0000 1.0000 1.0000
v 1.0000 0.0000 0.0000
v -34.8469 32.8268 99.2318
v 1.0000 1.0000 1.0000
v 1.0000 0.0000 0.0000
v 0.0000 0.0000 3.6621
v 1.8844 12.4455 13.9880
v 0.0000 0.0000 1.0000
v 1.0000 1.0000 0.0000
v 0.0000 -13.1276 2.3486
v 0.5024 13.7487 0.0000
v 0.0000 1.0000 1.0000
v 1.0000 0.0000 0.0000
v 3.0118 0.0000 0.0000
v -2.4499 1.8844 -12.8317
v 13.9598 0.0000 0.0000
v 1.0000 1.0000 1.0000
v 0.0000 0.0000 7.5235
v 2.1965 -9.9644 14.1040
v 0.0000 0.0000 1.0000
v 1.0000 1.0000 0.0000
v 0.0000 12.3072 2.1516
v 3.9513 13.9929 0.0000
v 0.0000 1.0000 1.0000
v 1.0000 0.0000 0.0000
v 20.9319 47.3382 80.8732
v 1.0000 1.0000 1.0000
v 1.0000 0.0000 0.0000
v 0.0000 0.0000 3.6621
v 1.8844 12.4455 13.9880
v 0.0000 0.0000 1.0000
v 1.0000 1.0000 0.0000
v 0.0000 -13.1276 2.3486
v 0.5024 13.7487 0.0000
v 0.0000 1.0000 1.0000
v 1.0000 0.0000 0.0000
v 3.0118 0.0000 0.0000
v -2.4499 1.8844 -12.8317
v 13.9598 0.0000 0.0000
v 1.0000 1.0000 1.0000
v 0.0000 0.0000 7.5235
v 2.1965 -9.9644 14.1040
v 0.0000 0.0000 1.0000
v 1.0000 1.0000 0.0000
v 0.0000 12.3072 2.1516
v 3.9512 13.9929 0.0000
v 0.0000 1.0000 1.0000
v 1.0000 0.0000 0.0000
v 117.7308 36.8434 -15.4870
v 1.0000 1.0000 1.0000
v 1.0000 0.0000 0.0000
v 0.0000 0.0000 4.8366
v 1.8844 11.9843 14.0003
v 0.0000 0.0000 1.0000
v 1.0000 1.0000 0.0000
v 0.0000 -12.9812 2.3486
v 1.3455 13.8136 0.0000
v 0.0000 1.0000 1.0000
v 1.0000 0.0000 0.0000
v 3.0118 0.0000 0.0000
v -3.5615 1.8844 -12.4799
v 13.9848 0.0000 0.0000
v 1.0000 1.0000 1.0000
v 0.0000 0.0000 6.4853
v 2.1965 -10.8558 14.0681
v 0.0000 0.0000 1.0000
v 1.0000 1.0000 0.0000
v 0.0000 12.6976 2.1516
v 2.8075 13.9611 0.0000
v 0.0000 1.0000 1.0000
v 1.0000 0.0000 0.0000
v -77.3422 76.1454 -90.4593
v 1.0000 1.0000 1.0000
v -171.3246 167.0667 -51.9256
v 195.6023 0.0000 0.0000
v 1.0000 1.0000 1.0000
v 0.0000 -13.6383 167.4086
v 75.6865 195.6023 0.0000
v 0.0000 1.0000 1.0000
v 1.0000 0.0000 0.0000
v 0.0000 0.0000 -128.3768
v 134.7393 71.4984 195.6023
v 0.0000 0.0000 1.0000
v 1.0000 1.0000 0.0000
v -111.1302 189.7589 21.9723
v 195.6023 0.0000 0.0000
v 1.0000 1.0000 1.0000
v 0.0000 -225.7213 217.8934
v -206.5417 195.6023 0.0000
v 0.0000 1.0000 1.0000
v 1.0000 0.0000 0.0000
v -103.0000 110.4000 77.3541
v 41.7581 0.0000 0.0000
v 1.0000 1.0000 1.0000
v 19.0000 123.4000 92.3541
v 51.8588 0.0000 0.0000
v 1.0000 1.0000 1.0000
v -41.0000 118.4000 112.3541
v 41.7581 0.0000 0.0000
v 1.0000 1.0000 1.0000
v -0.0000 -2.6420 28.9243
v 24.3130 0.0000 0.0000
v 1.0000 1.0000 1.0000
v 0.0000 358.0000 175.3120
v 23.2720 23.0782 0.0000
v 0.0000 1.0000 1.0000
v 1.0000 0.0000 0.0000
v 0.0000 1.0000 0.0000
v 287.0000 165.7845 -5.7280
v 23.0782 0.0000 0.0000
v 1.0000 1.0000 1.0000
v 0.7255 0.0000 0.0000
v 0.0000 0.0000 -176.3456
v 117.1220 -53.4116 47.5380
v 0.0000 0.0000 1.0000
v 1.0000 1.0000 0.0000
v 0.0000 0.0000 -9.8066
v 131.2092 78.6106 47.7115
v 0.0000 0.0000 1.0000
v 1.0000 1.0000 0.0000
v -9.1216 0.0000 0.0000
v 0.0000 -124.3277 106.1452
v 72.2975 47.7115 0.0000
v 0.0000 1.0000 1.0000
v 1.0000 0.0000 0.0000
v 0.0000 0.0000 -24.0000
v 149.4000 -284.6460 41.7581
v 0.0000 0.0000 1.0000
v 1.0000 1.0000 0.0000
v 4.0157 1.0000 0.0000
v 0.0000 39.0000 158.4000
v -267.6460 41.7581 0.0000
v 0.0000 1.0000 1.0000
v 1.0000 0.0000 0.0000
v -1.0039 0.0000 0.0000
v 21.0000 131.6730 -182.6460
v 41.7581 0.0000 0.0000
v 1.0000 1.0000 1.0000
v 0.0000 0.0000 -164.9242
v 108.7147 106.7845 94.0444
v 0.0000 0.0000 1.0000
v 1.0000 1.0000 0.0000
v -121.5694 135.6489 -72.5514
v 103.4657 0.0000 0.0000
v 1.0000 1.0000 1.0000
v -145.2545 127.8153 22.5307
v 104.1977 0.0000 0.0000
v 1.0000 1.0000 1.0000
v -124.1420 114.5688 110.3654
v 104.1898 0.0000 0.0000
v 1.0000 1.0000 1.0000
v -135.4517 98.3510 -45.8228
v 103.8620 0.0000 0.0000
v 1.0000 1.0000 1.0000
v 112.0000 107.3357 -59.4387
v 78.3703 0.0000 0.0000
v 1.0000 1.0000 1.0000
v -76.2374 132.3617 -6.1192
v 104.4938 0.0000 0.0000
v 1.0000 1.0000 1.0000
v -24.8968 94.7116 16.9255
v 104.4938 0.0000 0.0000
v 1.0000 1.0000 1.0000
v 41.7221 81.8800 111.3347
v 103.9737 0.0000 0.0000
v 1.0000 1.0000 1.0000
v 92.9476 101.4354 27.3905
v 104.4938 0.0000 0.0000
v 1.0000 1.0000 1.0000
v 108.0905 88.6095 88.0505
v 104.4938 0.0000 0.0000
v 1.0000 1.0000 1.0000
v -6.6150 153.1378 42.8845
v 104.4938 0.0000 0.0000
v 1.0000 1.0000 1.0000
v -43.0040 91.0649 141.0103
v 104.3352 0.0000 0.0000
v 1.0000 1.0000 1.0000
v 96.3401 93.8012 67.4464
v 104.4938 0.0000 0.0000
v 1.0000 1.0000 1.0000
v 42.5213 101.4945 100.0491
v 104.4938 0.0000 0.0000
v 1.0000 1.0000 1.0000
v -80.5131 110.1508 -98.8197
v 104.4938 0.0000 0.0000
v 1.0000 1.0000 1.0000
v 26.8991 127.8858 -174.5969
v 78.3703 0.0000 0.0000
v 1.0000 1.0000 1.0000
v -69.5074 102.7544 -127.8608
v 104.4938 0.0000 0.0000
v 1.0000 1.0000 1.0000
v 95.2091 108.0645 -144.3204
v 78.3703 0.0000 0.0000
v 1.0000 1.0000 1.0000
v -91.7988 151.2173 1.5694
v 104.4938 0.0000 0.0000
v 1.0000 1.0000 1.0000
v 47.2824 109.7482 17.4848
v 104.4938 0.0000 0.0000
v 1.0000 1.0000 1.0000
v -28.2102 93.1041 121.2815
v 104.4938 0.0000 0.0000
v 1.0000 1.0000 1.0000
v 59.2916 100.5280 109.3795
v 104.4938 0.0000 0.0000
v 1.0000 1.0000 1.0000
v -267.0033 156.6506 -157.6052
v 104.2272 0.0000 0.0000
v 1.0000 1.0000 1.0000
v 86.0524 77.0277 37.0548
v 104.4938 0.0000 0.0000
v 1.0000 1.0000 1.0000
v 72.5895 96.9402 61.4944
v 104.2272 0.0000 0.0000
v 1.0000 1.0000 1.0000
v -127.3682 100.0088 0.0201
v 104.4938 0.0000 0.0000
v 1.0000 1.0000 1.0000
v -164.9867 120.4910 -3.7450
v 104.4938 0.0000 0.0000
v 1.0000 1.0000 1.0000
v 0.0003 19.1518 -0.0002
v 138.7520 0.0000 0.0000
v 548.0488 73.6259 -469.9510
v 1.0000 1.0000 1.0000
v -2.1020 0.0000 0.0000
v 0.0000 0.0000 -93.4614
v 13.4353 130.2986 269.7069
v 0.0000 0.0000 1.0000
v 1.0000 1.0000 0.0000
v -0.2784 0.0000 0.0000
v 0.0000 0.0000 8.4377
v 53.4032 131.9229 16.1851
v 0.0000 0.0000 1.0000
v 1.0000 1.0000 0.0000
v -0.2784 0.0000 0.0000
v 0.0000 0.0000 -49.3478
v 29.4387 147.5096 17.3516
v 0.0000 0.0000 1.0000
v 1.0000 1.0000 0.0000
v -0.2784 0.0000 0.0000
v 0.0000 0.0000 89.6546
v 35.4165 -158.7326 16.6759
v 0.0000 0.0000 1.0000
v 1.0000 1.0000 0.0000
v -0.2784 0.0000 0.0000
v 0.0000 0.0000 -44.8179
v 46.1487 -89.2149 16.6759
v 0.0000 0.0000 1.0000
v 1.0000 1.0000 0.0000
v -0.2784 0.0000 0.0000
v 0.0000 0.0000 -143.9954
v 68.1040 8.9009 15.8694
v 0.0000 0.0000 1.0000
v 1.0000 1.0000 0.0000
v -0.2784 0.0000 0.0000
v 0.0000 0.0000 39.5397
v 45.2652 28.6110 16.1885
v 0.0000 0.0000 1.0000
v 1.0000 1.0000 0.0000
v 0.0000 73.6783 45.0212
v -40.9364 31.2831 0.0000
v 0.0000 1.0000 1.0000
v 1.0000 0.0000 0.0000
v 0.0000 0.0000 -232.0566
v 199.0853 -19.0512 34.1385
v 0.0000 0.0000 1.0000
v 1.0000 1.0000 0.0000
v -48.1932 111.8209 -54.9569
v 30.4715 0.0000 0.0000
v 1.0000 1.0000 1.0000
v 0.0000 102.0192 48.9608
v -82.4412 28.8048 0.0000
v 0.0000 1.0000 1.0000
v 1.0000 0.0000 0.0000
v 0.0000 0.0000 -84.0061
v 46.6767 -61.4001 30.8218
v 0.0000 0.0000 1.0000
v 1.0000 1.0000 0.0000
v -126.7681 117.4910 -104.9557
v 31.0688 0.0000 0.0000
v 1.0000 1.0000 1.0000
v 0.0000 -141.3986 53.6591
v -93.9532 30.8678 0.0000
v 0.0000 1.0000 1.0000
v 1.0000 0.0000 0.0000
v 0.0000 0.0000 -1.0973
v 48.9978 -35.9999 32.3488
v 0.0000 0.0000 1.0000
v 1.0000 1.0000 0.0000
v -12.3686 40.5629 53.9352
v 32.5494 0.0000 0.0000
v 1.0000 1.0000 1.0000
v 0.0000 -28.4062 53.1707
v -130.6545 29.0030 0.0000
v 0.0000 1.0000 1.0000
v 1.0000 0.0000 0.0000
v 0.0000 0.0000 104.2618
v 113.3924 -168.9423 33.0031
v 0.0000 0.0000 1.0000
v 1.0000 1.0000 0.0000
v 140.6533 41.9598 6.4795
v 31.2489 0.0000 0.0000
v 1.0000 1.0000 1.0000
v 0.0000 147.3496 48.8595
v -72.9059 34.5640 0.0000
v 0.0000 1.0000 1.0000
v 1.0000 0.0000 0.0000
v 0.0000 0.0000 133.0851
v 52.6635 -164.2459 30.6868
v 0.0000 0.0000 1.0000
v 1.0000 1.0000 0.0000
v -50.5853 64.3541 -6.1269
v 31.4630 0.0000 0.0000
v 1.0000 1.0000 1.0000
v 0.0000 -40.1120 66.2143
v 109.0227 32.5516 0.0000
v 0.0000 1.0000 1.0000
v 1.0000 0.0000 0.0000
v 0.0000 0.0000 -21.6802
v 66.9244 -160.8953 35.4591
v 0.0000 0.0000 1.0000
v 1.0000 1.0000 0.0000
v 154.5932 64.8719 -89.0557
v 30.6179 0.0000 0.0000
v 1.0000 1.0000 1.0000
v 0.0000 -98.7577 85.8188
v 116.7759 35.3227 0.0000
v 0.0000 1.0000 1.0000
v 1.0000 0.0000 0.0000
v 0.0000 0.0000 37.2849
v 51.0616 171.6184 35.4785
v 0.0000 0.0000 1.0000
v 1.0000 1.0000 0.0000
v -125.6739 70.8109 -175.4320
v 35.1055 0.0000 0.0000
v 1.0000 1.0000 1.0000
v 0.0000 -77.0792 55.9925
v 90.6766 29.3363 0.0000
v 0.0000 1.0000 1.0000
v 1.0000 0.0000 0.0000
v 0.0000 0.0000 130.0060
v 50.1771 -44.5550 28.7131
v 0.0000 0.0000 1.0000
v 1.0000 1.0000 0.0000
v 3.5587 48.1626 103.0601
v 33.8843 0.0000 0.0000
v 1.0000 1.0000 1.0000
v 0.0000 -84.5106 41.2807
v 33.2741 31.6891 0.0000
v 0.0000 1.0000 1.0000
v 1.0000 0.0000 0.0000
v 0.0000 0.0000 -36.8304
v 55.0816 114.3750 35.3806
v 0.0000 0.0000 1.0000
v 1.0000 1.0000 0.0000
v -123.6791 105.0070 -130.3120
v 35.4440 0.0000 0.0000
v 1.0000 1.0000 1.0000
v 0.0000 -45.5963 80.1987
v 140.9218 34.1921 0.0000
v 0.0000 1.0000 1.0000
v 1.0000 0.0000 0.0000
v 0.0000 0.0000 -84.0220
v 102.9267 -164.0908 32.3829
v 0.0000 0.0000 1.0000
v 1.0000 1.0000 0.0000
v -101.2298 75.2972 -12.5201
v 30.4856 0.0000 0.0000
v 1.0000 1.0000 1.0000
v 0.0000 155.6218 42.6066
v -4.6850 31.6395 0.0000
v 0.0000 1.0000 1.0000
v 1.0000 0.0000 0.0000
v 0.0000 0.0000 -125.0140
v 47.8576 6.4000 31.5188
v 0.0000 0.0000 1.0000
v 1.0000 1.0000 0.0000
v -1.0312 55.7940 -4.6990
v 33.0352 0.0000 0.0000
v 1.0000 1.0000 1.0000
v 0.0000 -109.5706 57.1447
v 59.6226 35.4045 0.0000
v 0.0000 1.0000 1.0000
v 1.0000 0.0000 0.0000
v 0.0000 0.0000 -127.0687
v 66.9881 -66.4930 30.3396
v 0.0000 0.0000 1.0000
v 1.0000 1.0000 0.0000
v -137.0075 53.1185 118.3169
v 33.6077 0.0000 0.0000
v 1.0000 1.0000 1.0000
v 0.0000 -4.2983 49.5075
v 80.7502 33.4973 0.0000
v 0.0000 1.0000 1.0000
v 1.0000 0.0000 0.0000
v 0.0000 0.0000 -11.1075
v 48.9290 -105.7833 35.4902
v 0.0000 0.0000 1.0000
v 1.0000 1.0000 0.0000
v 0.0000 0.0000 205.2500
v 144.0965 -73.9999 55.2606
v 0.0000 0.0000 1.0000
v 1.0000 1.0000 0.0000
v 0.8196 0.0000 0.0000
v 0.0000 0.0000 15.7633
v -0.7065 -19.3910 134.5792
v 0.0000 0.0000 490.2897
v 54.3740 -432.7286 0.0000
v 0.0000 0.0000 1.0000
v 1.0000 1.0000 0.0000
v 120.2025 37.0672 -124.8225
v 22.5335 0.0000 0.0000
v 1.0000 1.0000 1.0000
v 2.0078 0.0000 0.0000
v 0.0000 -128.5353 84.4289
v -115.0078 24.5010 0.0000
v 0.0000 1.0000 1.0000
v 1.0000 0.0000 0.0000
v 0.0000 0.0000 129.7738
v 86.9868 7.2960 24.8834
v 0.0000 0.0000 1.0000
v 1.0000 1.0000 0.0000
v -18.7862 57.8101 -11.0179
v 23.1892 0.0000 0.0000
v 1.0000 1.0000 1.0000
v 2.0078 0.0000 0.0000
v 0.0000 136.0769 44.4539
v -157.8161 24.9449 0.0000
v 0.0000 1.0000 1.0000
v 1.0000 0.0000 0.0000
v 0.0000 0.0000 -14.7283
v 40.6165 -75.0085 24.1295
v 0.0000 0.0000 1.0000
v 1.0000 1.0000 0.0000
v 51.2127 43.9057 -24.6520
v 23.3638 0.0000 0.0000
v 1.0000 1.0000 1.0000
v 2.0078 0.0000 0.0000
v 0.0000 -146.9976 58.0030
v -124.9825 23.3934 0.0000
v 0.0000 1.0000 1.0000
v 1.0000 0.0000 0.0000
v 0.0000 0.0000 -97.5229
v 70.5404 -69.0334 23.0097
v 0.0000 0.0000 1.0000
v 1.0000 1.0000 0.0000
v -123.3588 44.0667 -33.2092
v 25.6371 0.0000 0.0000
v 1.0000 1.0000 1.0000
v 2.0078 0.0000 0.0000
v 0.0000 118.1349 70.8522
v 82.3894 23.5038 0.0000
v 0.0000 1.0000 1.0000
v 1.0000 0.0000 0.0000
v 0.0000 0.0000 41.1079
v 49.1021 15.6938 24.2811
v 0.0000 0.0000 1.0000
v 1.0000 1.0000 0.0000
v -107.7499 59.3193 -150.6362
v 25.0949 0.0000 0.0000
v 1.0000 1.0000 1.0000
v 2.0078 0.0000 0.0000
v 0.0000 95.6835 48.2106
v 63.1564 25.2420 0.0000
v 0.0000 1.0000 1.0000
v 1.0000 0.0000 0.0000
v 0.0000 0.0000 113.4252
v 61.2676 -152.8178 24.9397
v 0.0000 0.0000 1.0000
v 1.0000 1.0000 0.0000
v 119.4296 48.1748 104.7391
v 24.6663 0.0000 0.0000
v 1.0000 1.0000 1.0000
v 2.0078 0.0000 0.0000
v 0.0000 -111.7284 50.1511
v 163.8816 24.6573 0.0000
v 0.0000 1.0000 1.0000
v 1.0000 0.0000 0.0000
v 0.0000 0.0000 -58.9873
v 57.9624 52.8626 23.9533
v 0.0000 0.0000 1.0000
v 1.0000 1.0000 0.0000
v 65.7470 50.1348 -106.4837
v 23.5797 0.0000 0.0000
v 1.0000 1.0000 1.0000
v 2.0078 0.0000 0.0000
v 0.0000 0.0000 114.0624
v 38.6771 -79.2906 23.4653
v 0.0000 0.0000 1.0000
v 1.0000 1.0000 0.0000
v -124.9874 48.6806 68.5839
v 23.5366 0.0000 0.0000
v 1.0000 1.0000 1.0000
v 2.0078 0.0000 0.0000
v 0.0000 0.0000 34.4455
v 100.1249 -139.4476 25.0186
v 0.0000 0.0000 1.0000
v 1.0000 1.0000 0.0000
v 1.0000 0.0000 0.0000
v 0.0000 58.9581 116.0000
v -114.4790 79.9830 0.0000
v 0.0000 1.0000 1.0000
v 1.0000 0.0000 0.0000
v 2.0078 0.0000 0.0000
v 0.0000 -14.9822 52.0835
v 18.7742 25.1084 0.0000
v 0.0000 1.0000 1.0000
v 1.0000 0.0000 0.0000
v 0.0000 -163.8781 142.5000
v 66.2090 80.8888 0.0000
v 0.0000 1.0000 1.0000
v 1.0000 0.0000 0.0000
v -70.7155 76.5370 162.0068
v 60.8368 0.0000 0.0000
v 1.0000 1.0000 1.0000
v 31.9295 11.0503 87.6175
v 5.5561 0.0000 0.0000
v 1.0000 1.0000 1.0000
v 1.6781 34.3516 -119.1567
v 5.5561 0.0000 0.0000
v 1.0000 1.0000 1.0000
v 0.0000 124.3007 20.2224
v 7.4252 5.5561 0.0000
v 0.0000 1.0000 1.0000
v 1.0000 0.0000 0.0000
v 0.6000 0.0000 0.0000
v 0.0000 0.0000 122.3775
v 7.9428 32.5083 6.6673
v 0.0000 0.0000 1.0000
v 1.0000 1.0000 0.0000
v 2.0078 1.0000 0.0000
v 0.0000 0.0000 27.8966
v 40.5818 9.3833 5.5561
v 0.0000 0.0000 1.0000
v 1.0000 1.0000 0.0000
v 3.0118 1.0000 0.0000
v 0.0000 0.0000 -120.9273
v 114.8000 43.4492 58.5194
v 0.0000 0.0000 1.0000
v 1.0000 1.0000 0.0000
v 2.0078 1.0000 0.0000
v 0.0000 0.0000 33.4809
v 40.1677 20.9677 6.6673
v 0.0000 0.0000 1.0000
v 1.0000 1.0000 0.0000
v 2.0078 1.0000 0.0000
v 0.0000 0.0000 14.3745
v 51.4561 -24.0821 5.5561
v 0.0000 0.0000 1.0000
v 1.0000 1.0000 0.0000
v 0.0000 0.1216 0.0000
v 0.0000 0.0000 -98.4713
v 85.8803 90.2689 82.7494
v 0.0000 0.0000 1.0000
v 1.0000 1.0000 0.0000
v -59.5407 76.4245 -73.6610
v 6.6673 0.0000 0.0000
v 1.0000 1.0000 1.0000
v 0.0000 -138.0834 24.6842
v -162.2342 73.9847 0.0000
v 0.0000 1.0000 1.0000
v 1.0000 0.0000 0.0000
v 2.0353 -1.9333 0.0000
v 0.0000 122.2296 88.3784
v 125.1635 58.7179 0.0000
v 0.0000 1.0000 1.0000
v 1.0000 0.0000 0.0000
v 0.6275 0.0000 0.0000
v -52.0139 61.8927 -157.2375
v 119.3366 0.0000 0.0000
v 1.0000 1.0000 1.0000
v 0.0000 0.0000 -75.9222
v 71.0090 170.5911 63.1534
v 0.0000 0.0000 1.0000
v 1.0000 1.0000 0.0000
v 0.0000 0.0000 -136.6442
v 123.4312 116.0875 85.6634
v 0.0000 0.0000 1.0000
v 1.0000 1.0000 0.0000
v -4.0157 0.0000 0.0000
v 55.1775 91.8160 -77.5216
v 91.3388 0.0000 0.0000
v 1.0000 1.0000 1.0000
v 0.8824 -4.0157 0.0000
v 0.0000 23.7846 83.6144
v -88.8646 92.5806 0.0000
v 0.0000 1.0000 1.0000
v 1.0000 0.0000 0.0000
v 0.0000 0.0000 -126.8923
v 76.4287 174.4655 56.8186
v 0.0000 0.0000 1.0000
v 1.0000 1.0000 0.0000
v -4.0157 0.0000 0.0000
v 0.0000 0.0000 -133.9508
v 116.0529 134.2630 94.8842
v 0.0000 0.0000 1.0000
v 1.0000 1.0000 0.0000
v 0.3765 1.0000 0.0000
v 0.0000 0.0000 156.2312
v 96.8850 105.3308 81.3189
v 0.0000 0.0000 1.0000
v 1.0000 1.0000 0.0000
v 2.3294 1.0000 0.0000
v 0.0000 -157.9436 74.4768
v 69.6067 39.1995 0.0000
v 0.0000 1.0000 1.0000
v 1.0000 0.0000 0.0000
v 2.3294 1.0000 0.0000
v 0.0000 -152.4283 41.8322
v -15.1786 42.2754 0.0000
v 0.0000 1.0000 1.0000
v 1.0000 0.0000 0.0000
v 8.0000 0.0000 0.0000
v 0.0000 0.0000 54.5000
v 65.1964 -50.0000 120.2405
v 0.0000 0.0000 1.0000
v 1.0000 1.0000 0.0000
v 0.0000 0.0000 44.1607
v 40.6812 118.6314 39.4616
v 0.0000 0.0000 1.0000
v 1.0000 1.0000 0.0000
v 0.0000 0.0000 95.1673
v 49.0429 142.3191 42.8130
v 0.0000 0.0000 1.0000
v 1.0000 1.0000 0.0000
v 0.0000 0.0000 17.0822
v 40.4825 15.5560 40.8480
v 0.0000 0.0000 1.0000
v 1.0000 1.0000 0.0000
v 0.0000 0.0000 -76.1509
v 71.8833 -88.4487 40.9899
v 0.0000 0.0000 1.0000
v 1.0000 1.0000 0.0000
v 0.0000 0.0000 -12.0541
v 82.0278 37.6896 100.6215
v 0.0000 0.0000 1.0000
v 1.0000 1.0000 0.0000
v 0.0000 0.0000 -120.1284
v 66.4076 119.8349 40.8098
v 0.0000 0.0000 1.0000
v 1.0000 1.0000 0.0000
v 0.0000 0.0000 -78.0963
v 75.2500 142.3960 42.6476
v 0.0000 0.0000 1.0000
v 1.0000 1.0000 0.0000
v 0.0000 0.0000 51.7342
v 55.2377 49.9902 39.8113
v 0.0000 0.0000 1.0000
v 1.0000 1.0000 0.0000
v 0.0000 0.0000 52.2458
v 31.4883 57.7847 40.3209
v 0.0000 0.0000 1.0000
v 1.0000 1.0000 0.0000
v 48.4999 72.5709 -43.5000
v 79.3948 0.0000 0.0000
v 1.0000 1.0000 1.0000
v -4.0157 0.0000 0.0000
v -124.7323 115.5630 153.5266
v 90.7787 0.0000 0.0000
v 1.0000 1.0000 1.0000
v 0.3765 1.0000 0.0000
v 0.0000 0.0000 132.2852
v 123.2896 92.0624 79.3527
v 0.0000 0.0000 1.0000
v 1.0000 1.0000 0.0000
v 2.3294 1.0000 0.0000
v 0.0000 0.0000 -162.7112
v 89.2500 31.9154 39.1995
v 0.0000 0.0000 1.0000
v 1.0000 1.0000 0.0000
v 0.0000 0.0000 -110.9990
v 68.2409 137.2699 55.6314
v 0.0000 0.0000 1.0000
v 1.0000 1.0000 0.0000
v -42.9924 40.1094 144.0763
v 40.0457 0.0000 0.0000
v 1.0000 1.0000 1.0000
v 1.0000 0.0000 0.0000
v 0.0000 -51.7671 36.9117
v -100.2567 42.0900 0.0000
v 0.0000 1.0000 1.0000
v 1.0000 0.0000 0.0000
v 2.3294 1.0000 0.0000
v 0.0000 0.0000 -54.8086
v 43.1729 -153.2238 42.9371
v 0.0000 0.0000 1.0000
v 1.0000 1.0000 0.0000
v -86.7765 52.0130 -64.8652
v 42.8524 0.0000 0.0000
v 1.0000 1.0000 1.0000
v 1.0000 0.0000 0.0000
v 0.0000 -141.7519 74.2500
v -41.5806 42.1927 0.0000
v 0.0000 1.0000 1.0000
v 1.0000 0.0000 0.0000
v 2.3294 1.0000 0.0000
v 0.0000 0.0000 134.3426
v 42.3256 50.1955 39.8113
v 0.0000 0.0000 1.0000
v 1.0000 1.0000 0.0000
v 56.6492 59.4436 70.8585
v 39.4616 0.0000 0.0000
v 1.0000 1.0000 1.0000
v 1.0000 0.0000 0.0000
v 0.0000 -28.5361 51.9260
v -134.4876 42.8524 0.0000
v 0.0000 1.0000 1.0000
v 1.0000 0.0000 0.0000
v 2.3294 1.0000 0.0000
v 0.0000 0.0000 139.2291
v 40.8545 63.6474 40.4922
v 0.0000 0.0000 1.0000
v 1.0000 1.0000 0.0000
v -128.0210 68.2500 -42.6762
v 42.8524 0.0000 0.0000
v 1.0000 1.0000 1.0000
v 1.0000 0.0000 0.0000
v 0.0000 -25.0667 44.4120
v 122.2136 42.4663 0.0000
v 0.0000 1.0000 1.0000
v 1.0000 0.0000 0.0000
v 2.3294 1.0000 0.0000
v 0.0000 0.0000 102.4402
v 65.8762 60.4582 39.8113
v 0.0000 0.0000 1.0000
v 1.0000 1.0000 0.0000
v 79.7322 51.5028 64.8130
v 40.3139 0.0000 0.0000
v 1.0000 1.0000 1.0000
v 1.0000 0.0000 0.0000
v 0.0000 115.8495 46.6921
v -8.2677 40.2277 0.0000
v 0.0000 1.0000 1.0000
v 1.0000 0.0000 0.0000
v 0.8824 -4.0157 0.0000
v 0.0000 158.9538 91.8447
v -211.9495 89.9635 0.0000
v 0.0000 1.0000 1.0000
v 1.0000 0.0000 0.0000
v -107.1114 54.2458 -88.0892
v 42.9371 0.0000 0.0000
v 1.0000 1.0000 1.0000
v 1.0000 0.0000 0.0000
v 0.0000 131.1638 43.5140
v 15.4702 42.7151 0.0000
v 0.0000 1.0000 1.0000
v 1.0000 0.0000 0.0000
v 2.3294 1.0000 0.0000
v 0.0000 0.0000 72.0365
v 47.7074 109.9413 42.9584
v 0.0000 0.0000 1.0000
v 1.0000 1.0000 0.0000
v 130.9229 119.7262 98.0883
v 86.2248 0.0000 0.0000
v 1.0000 1.0000 1.0000
v 0.0000 -46.8911 0.0000
v 46.8911 720.0181 0.0000
v 0.0000 1049.0000 360.0000
v -972.0000 0.0000 0.0000
v 0.0000 1.0000 1.0000
v 1.0000 0.0000 0.0000
v 1.0000 0.0000 0.0000
v 0.0000 0.0000 -35.1683
v 0.0000 35.1683 540.0136
v 0.0000 0.0000 1049.0000
v 460.0000 -972.0000 0.0000
v 0.0000 0.0000 1.0000
v 1.0000 1.0000 0.0000
v 43.1137 1.0000 0.0000
v -23.4455 0.0000 23.4456
v 360.0091 0.0000 0.0000
v 1049.0000 560.0000 -972.0000
v 1.0000 1.0000 1.0000
v 0.0000 0.0000 -145.6784
v 109.3105 21.8366 73.8220
v 0.0000 0.0000 1.0000
v 1.0000 1.0000 0.0000
v 0.8824 -4.0157 0.0000
v 0.0000 -136.8707 87.7638
v -17.1087 68.5892 0.0000
v 0.0000 1.0000 1.0000
v 1.0000 0.0000 0.0000
v 2.4588 -0.9569 0.0000
v 0.0000 -72.1879 115.9120
v -226.8084 56.4676 0.0000
v 0.0000 1.0000 1.0000
v 1.0000 0.0000 0.0000
v 0.0000 0.0000 104.1140
v 77.5986 145.0620 56.4828
v 0.0000 0.0000 1.0000
v 1.0000 1.0000 0.0000
v 125.0320 122.0076 48.2553
v 83.1874 0.0000 0.0000
v 1.0000 1.0000 1.0000
v 0.0000 -117.7540 49.8536
v -31.8339 46.8196 0.0000
v 0.0000 1.0000 1.0000
v 1.0000 0.0000 0.0000
v 0.0000 -94.9755 26.6973
v 17.0497 36.8216 0.0000
v 0.0000 1.0000 1.0000
v 1.0000 0.0000 0.0000
v 0.0000 58.0487 8.6146
v -62.2786 119.0452 0.0000
v 0.0000 1.0000 1.0000
v 1.0000 0.0000 0.0000
v 0.0000 -113.2142 45.8149
v 105.5900 28.4716 0.0000
v 0.0000 1.0000 1.0000
v 1.0000 0.0000 0.0000
v 0.0000 1.0000 0.0000
v -111.2595 36.6041 125.2955
v 30.4671 0.0000 0.0000
v 1.0000 1.0000 1.0000
v 1.0000 0.0000 0.0000
v 0.0000 0.0000 -123.3376
v 43.7563 90.7172 30.1690
v 0.0000 0.0000 1.0000
v 1.0000 1.0000 0.0000
v 0.0000 -130.9130 51.2290
v 98.1441 34.4910 0.0000
v 0.0000 1.0000 1.0000
v 1.0000 0.0000 0.0000
v 0.0000 1.0000 0.0000
v 96.3716 50.6036 163.3008
v 28.6268 0.0000 0.0000
v 1.0000 1.0000 1.0000
v 1.0000 0.0000 0.0000
v 0.0000 0.0000 105.6413
v 42.6094 147.2930 26.0514
v 0.0000 0.0000 1.0000
v 1.0000 1.0000 0.0000
v 0.0000 -131.4779 47.7418
v 118.1010 33.1931 0.0000
v 0.0000 1.0000 1.0000
v 1.0000 0.0000 0.0000
v 0.0000 1.0000 0.0000
v 92.6965 50.6750 153.0191
v 29.2744 0.0000 0.0000
v 1.0000 1.0000 1.0000
v 0.7176 0.0000 0.0000
v 0.0000 0.0000 -129.0111
v 11.9437 -46.6559 11.1617
v 0.0000 0.0000 1.0000
v 1.0000 1.0000 0.0000
v 2.0706 0.7176 0.0000
v -14.0111 11.9437 6.3440
v 11.1617 0.0000 0.0000
v 1.0000 1.0000 1.0000
v 0.0000 -138.0111 11.9437
v 96.3440 11.1617 0.0000
v 0.0000 1.0000 1.0000
v 1.0000 0.0000 0.0000
v 1.0000 0.0000 0.0000
v 0.0000 0.0000 -151.2430
v 39.3362 113.5113 27.1152
v 0.0000 0.0000 1.0000
v 1.0000 1.0000 0.0000
v 0.0000 71.6998 38.1102
v 158.2570 21.5202 0.0000
v 0.0000 1.0000 1.0000
v 1.0000 0.0000 0.0000
v 2.0706 0.7176 0.0000
v 162.9888 11.9437 -100.6560
v 11.1617 0.0000 0.0000
v 1.0000 1.0000 1.0000
v 112.1038 101.2383 -227.1978
v 77.7799 0.0000 0.0000
v 1.0000 1.0000 1.0000
v 0.0000 1.0000 0.0000
v 89.7104 44.1890 175.7035
v 28.1236 0.0000 0.0000
v 1.0000 1.0000 1.0000
v 1.0000 0.0000 0.0000
v -34.2154 128.4664 195.6827
v 91.3151 0.0000 0.0000
v 1.0000 1.0000 1.0000
v 0.0000 0.0000 80.3084
v 12.3987 88.8122 22.3444
v 0.0000 0.0000 1.0000
v 1.0000 1.0000 0.0000
v -1.3137 0.0000 0.0000
v 0.0000 0.0000 85.9937
v 73.2872 -115.7620 44.1659
v 0.0000 0.0000 1.0000
v 1.0000 1.0000 0.0000
v 7.9882 -1.6431 0.0000
v 144.9071 137.6000 -287.1436
v 53.2738 0.0000 0.0000
v 1.0000 1.0000 1.0000
v 0.0000 0.0000 15.4913
v 81.9883 102.4126 61.6167
v 0.0000 0.0000 1.0000
v 1.0000 1.0000 0.0000
v 2.0078 1.0000 0.0000
v 0.0000 -57.7442 31.9866
v 99.7332 24.6084 0.0000
v 0.0000 1.0000 1.0000
v 1.0000 0.0000 0.0000
v 1.0000 0.0000 0.0000
v -122.2212 19.7986 62.0493
v 21.5196 0.0000 0.0000
v 1.0000 1.0000 1.0000
v 0.0000 0.0000 94.0972
v 76.3708 -118.6248 23.3573
v 0.0000 0.0000 1.0000
v 1.0000 1.0000 0.0000
v 2.0078 1.0000 0.0000
v 0.0000 -76.9491 38.4713
v 146.5522 23.2371 0.0000
v 0.0000 1.0000 1.0000
v 1.0000 0.0000 0.0000
v 1.0000 0.0000 0.0000
v -168.9989 63.5650 110.2119
v 59.2709 0.0000 0.0000
v 1.0000 1.0000 1.0000
v 0.9294 1.0000 0.0000
v 0.0000 0.0000 -85.3744
v 55.5905 -92.9771 58.1514
v 0.0000 0.0000 1.0000
v 1.0000 1.0000 0.0000
v 0.0000 0.0000 -19.0325
v 92.4342 -72.6133 61.3374
v 0.0000 0.0000 1.0000
v 1.0000 1.0000 0.0000
v 124.0648 52.6405 -46.1507
v 37.9158 0.0000 0.0000
v 1.0000 1.0000 1.0000
v 1.0941 1.0000 0.0000
v 0.0000 110.3240 67.7610
v -56.0129 50.6391 0.0000
v 0.0000 1.0000 1.0000
v 1.0000 0.0000 0.0000
v 2.2436 72.0286 -93.8004
v 57.7479 0.0000 0.0000
v 1.0000 1.0000 1.0000
v 4.0157 1.0000 0.0000
v 0.0000 -6.5902 92.5565
v 48.8180 70.5643 0.0000
v 0.0000 1.0000 1.0000
v 1.0000 0.0000 0.0000
v -5.2678 61.5620 142.5166
v 54.1515 0.0000 0.0000
v 1.0000 1.0000 1.0000
v 4.0157 1.0000 0.0000
v 0.0000 -85.6749 78.8072
v 10.0471 82.8377 0.0000
v 0.0000 1.0000 1.0000
v 1.0000 0.0000 0.0000
v 0.0000 3.9990 256.8397
v 450.3760 91.4854 0.0000
v 0.0000 1.0000 1.0000
v 1.0000 0.0000 0.0000
v 1.0000 0.0000 0.0000
v 0.0000 0.0000 -72.3180
v 136.9814 173.2436 90.7697
v 0.0000 0.0000 1.0000
v 1.0000 1.0000 0.0000
v 1.0000 0.0000 0.0000
v 0.0000 97.4098 72.4624
v -133.7072 46.1701 0.0000
v 0.0000 1.0000 1.0000
v 1.0000 0.0000 0.0000
v 288.4943 133.5779 -14.4995
v 172.8208 0.0000 0.0000
v 1.0000 1.0000 1.0000
v 0.0000 73.1510 178.7733
v 408.0330 169.8306 0.0000
v 0.0000 1.0000 1.0000
v 1.0000 0.0000 0.0000
v 9.0353 0.0000 0.0000
v 0.0000 0.0000 -77.6952
v 159.5389 -429.3648 172.7772
v 0.0000 0.0000 1.0000
v 1.0000 1.0000 0.0000
v -68.5877 131.2403 -170.6116
v 64.2079 0.0000 0.0000
v 1.0000 1.0000 1.0000
v 0.0000 -137.5337 265.4332
v 469.0700 81.2067 0.0000
v 0.0000 1.0000 1.0000
v 1.0000 0.0000 0.0000
v 4.0157 0.0000 0.0000
v 0.0000 0.0000 27.5099
v 76.0932 -167.0124 62.6653
v 0.0000 0.0000 1.0000
v 1.0000 1.0000 0.0000
v 0.0000 0.0000 16.0000
v 96.3931 -127.9999 49.4640
v 0.0000 0.0000 1.0000
v 1.0000 1.0000 0.0000
v 0.4902 0.0000 0.0000
v 0.0000 0.0000 -132.9634
v 98.7634 102.0580 9.2389
v 0.0000 0.0000 1.0000
v 1.0000 1.0000 0.0000
v 0.0000 0.4353 0.0000
v 0.0000 19.0001 103.1701
v -106.0002 49.9631 0.0000
v 0.0000 1.0000 1.0000
v 1.0000 0.0000 0.0000
v 13.9725 56.8629 -84.4850
v 7.0165 0.0000 0.0000
v 1.0000 1.0000 1.0000
v 0.0000 0.0000 136.0002
v 98.0208 -19.9998 49.6835
v 0.0000 0.0000 1.0000
v 1.0000 1.0000 0.0000
v 0.4353 0.0000 0.0000
v 35.0003 96.1600 -15.0000
v 49.4369 0.0000 0.0000
v 1.0000 1.0000 1.0000
v 0.0000 0.4353 0.0000
v 0.0000 -66.9998 97.9294
v 74.0001 49.5815 0.0000
v 0.0000 1.0000 1.0000
v 1.0000 0.0000 0.0000
v 0.0000 132.5349 87.1299
v 144.0790 7.0165 0.0000
v 0.0000 1.0000 1.0000
v 1.0000 0.0000 0.0000
v -0.1777 0.0000 0.0000
v 0.0000 0.0000 336.4293
v 148.5652 18.5169 57.7990
v 0.0000 0.0000 1.0000
v 1.0000 1.0000 0.0000
v 0.0000 42.0002 101.5236
v 60.0002 49.9178 0.0000
v 0.0000 1.0000 1.0000
v 1.0000 0.0000 0.0000
v 0.0000 -123.9999 103.9401
v 43.0002 49.9504 0.0000
v 0.0000 1.0000 1.0000
v 1.0000 0.0000 0.0000
v 0.0000 0.0000 135.0001
v 101.2447 131.0000 49.7174
v 0.0000 0.0000 1.0000
v 1.0000 1.0000 0.0000
v 0.0000 0.0000 -100.9998
v 98.6605 -121.0000 49.6444
v 0.0000 0.0000 1.0000
v 1.0000 1.0000 0.0000
v 0.4353 0.0000 0.0000
v 105.0001 103.8139 -42.9999
v 49.8073 0.0000 0.0000
v 1.0000 1.0000 1.0000
v 0.0000 0.4353 0.0000
v 0.0000 -49.9999 108.0376
v 9.9998 50.0437 0.0000
v 0.0000 1.0000 1.0000
v 1.0000 0.0000 0.0000
v 0.0000 124.9508 94.3259
v 95.9378 8.1045 0.0000
v 0.0000 1.0000 1.0000
v 1.0000 0.0000 0.0000
v -0.1777 0.0000 0.0000
v 0.0000 267.6793 141.3911
v -12.4831 43.3492 0.0000
v 0.0000 1.0000 1.0000
v 1.0000 0.0000 0.0000
v 1.0000 0.0000 0.0000
v 0.0000 171.9806 20.5588
v -40.0648 18.7390 0.0000
v 0.0000 1.0000 1.0000
v 1.0000 0.0000 0.0000
v 2.0078 1.0000 0.0000
v 0.0000 0.0000 16.9711
v 27.6536 124.8140 21.3851
v 0.0000 0.0000 1.0000
v 1.0000 1.0000 0.0000
v 102.9453 27.7897 52.2290
v 21.1496 0.0000 0.0000
v 1.0000 1.0000 1.0000
v 1.0000 0.0000 0.0000
v 0.0000 -74.3521 30.7147
v -128.4320 16.5107 0.0000
v 0.0000 1.0000 1.0000
v 1.0000 0.0000 0.0000
v 2.0078 1.0000 0.0000
v 0.0000 0.0000 -107.8265
v 44.7031 98.9347 23.9943
v 0.0000 0.0000 1.0000
v 1.0000 1.0000 0.0000
v 67.8516 24.2789 66.3266
v 19.3336 0.0000 0.0000
v 1.0000 1.0000 1.0000
v 1.0000 0.0000 0.0000
v 0.0000 46.1951 22.2045
v 166.7248 16.7359 0.0000
v 0.0000 1.0000 1.0000
v 1.0000 0.0000 0.0000
v 2.0078 1.0000 0.0000
v 0.0000 0.0000 -144.8984
v 37.5850 47.8483 11.8899
v 0.0000 0.0000 1.0000
v 1.0000 1.0000 0.0000
v 73.6308 24.6626 -47.6657
v 21.1478 0.0000 0.0000
v 1.0000 1.0000 1.0000
v 1.0000 0.0000 0.0000
v 0.0000 -134.5170 37.2454
v -5.4448 12.1291 0.0000
v 0.0000 1.0000 1.0000
v 1.0000 0.0000 0.0000
v 2.0078 1.0000 0.0000
v 0.0000 0.0000 96.9639
v 44.4674 -96.7191 16.1024
v 0.0000 0.0000 1.0000
v 1.0000 1.0000 0.0000
v 86.2311 23.7439 -94.3156
v 23.1275 0.0000 0.0000
v 1.0000 1.0000 1.0000
v 1.0000 0.0000 0.0000
v 0.0000 145.7873 26.1279
v 83.4427 19.6095 0.0000
v 0.0000 1.0000 1.0000
v 1.0000 0.0000 0.0000
v 2.0078 1.0000 0.0000
v 0.0000 0.0000 -121.5153
v 78.5303 -49.9867 21.7253
v 0.0000 0.0000 1.0000
v 1.0000 1.0000 0.0000
v 118.6785 22.7836 -90.9881
v 14.7617 0.0000 0.0000
v 1.0000 1.0000 1.0000
v 1.0000 0.0000 0.0000
v 0.0000 -74.0829 21.6754
v -42.4706 15.5671 0.0000
v 0.0000 1.0000 1.0000
v 1.0000 0.0000 0.0000
v 2.0078 1.0000 0.0000
v 0.0000 0.0000 97.6949
v 11.3447 -121.8713 28.6246
v 0.0000 0.0000 1.0000
v 1.0000 1.0000 0.0000
v -146.3641 29.4950 152.7468
v 30.3881 0.0000 0.0000
v 1.0000 1.0000 1.0000
v -0.7255 0.0000 0.0000
v 0.0000 0.0000 91.5000
v 5.5000 160.0000 18.5908
v 0.0000 0.0000 1.0000
v 1.0000 1.0000 0.0000
v 4.0157 -1.0039 0.0000
v 0.0000 0.0000 -129.5000
v 5.5000 103.5000 18.5908
v 0.0000 0.0000 1.0000
v 1.0000 1.0000 0.0000
v 0.0000 -66.9873 0.0000
v 250.0000 1096.2946 0.0000
v 0.0000 1337.0000 100.0000
v -1100.0000 0.0000 0.0000
v 0.0000 1.0000 1.0000
v 1.0000 0.0000 0.0000
v -9.0000 122.6070 104.0001
v 31.3652 0.0000 0.0000
v 1.0000 1.0000 1.0000
v 0.0000 4.7746 120.0000
v 9.0818 133.8856 0.0000
v 0.0000 272.0000 158.0000
v -972.0000 0.0000 0.0000
v 0.0000 1.0000 1.0000
v 1.0000 0.0000 0.0000
v -4.0157 0.0000 0.0000
v 0.0000 0.0000 4.7746
v 120.0000 9.0818 133.8856
v 0.0000 0.0000 966.0000
v 569.0000 -972.0000 0.0000
v 0.0000 0.0000 1.0000
v 1.0000 1.0000 0.0000
v 6.9255 -4.0157 0.0000
v -12.5000 120.0000 0.0000
v 132.0701 0.0000 0.0000
v 941.0000 130.0000 -58.0000
v 1.0000 1.0000 1.0000
v 0.0000 4.7746 120.0000
v 9.0818 133.8856 0.0000
v 0.0000 1040.0000 488.0000
v -918.0000 0.0000 0.0000
v 0.0000 1.0000 1.0000
v 1.0000 0.0000 0.0000
v -4.0157 0.0000 0.0000
v 0.0000 0.0000 -12.5000
v 120.0000 0.0000 132.0701
v 0.0000 0.0000 1049.0000
v 420.0000 -581.0000 0.0000
v 0.0000 0.0000 1.0000
v 1.0000 1.0000 0.0000
v 3.4784 -1.6392 0.0000
v -109.6037 125.8060 25.7661
v 33.9945 0.0000 0.0000
v 1.0000 1.0000 1.0000
v -1.6392 0.0000 0.0000
v 0.0000 0.0000 -225.6516
v 153.3325 -207.6270 33.9945
v 0.0000 0.0000 1.0000
v 1.0000 1.0000 0.0000
v 0.0000 0.0000 192.9042
v 146.0036 -477.9199 372.9617
v 0.0000 0.0000 1.0000
v 1.0000 1.0000 0.0000
v 0.0000 -394.7338 137.4216
v 11.1433 387.9982 0.0000
v 0.0000 1.0000 1.0000
v 1.0000 0.0000 0.0000
v 18.0706 1.0000 0.0000
v 112.1143 133.1484 344.3809
v 363.3332 0.0000 0.0000
v 1.0000 1.0000 1.0000
v 1.0000 0.0000 0.0000
v -31.7420 165.0573 502.7360
v 360.9788 0.0000 0.0000
v 1.0000 1.0000 1.0000
v 1.0000 0.0000 0.0000
v 0.0000 54.6573 20.7316
v 31.9507 6.6673 0.0000
v 0.0000 1.0000 1.0000
v 1.0000 0.0000 0.0000
v 1.0000 0.0000 0.0000
v 0.0000 45.3857 20.6514
v 31.2795 5.5561 0.0000
v 0.0000 1.0000 1.0000
v 1.0000 0.0000 0.0000
v 0.6000 0.0000 0.0000
v 0.0000 0.0000 -90.9895
v 21.6794 -48.0706 6.6673
v 0.0000 0.0000 1.0000
v 1.0000 1.0000 0.0000
v 2.0078 1.0000 0.0000
v 0.0000 0.0000 27.8340
v 11.3227 78.6511 6.6673
v 0.0000 0.0000 1.0000
v 1.0000 1.0000 0.0000
v 2.0078 1.0000 0.0000
v 0.0000 0.0000 -81.5040
v 21.2741 -48.4964 5.5561
v 0.0000 0.0000 1.0000
v 1.0000 1.0000 0.0000
v 2.0078 1.0000 0.0000
v 0.0000 0.0000 -106.4596
v 23.9979 -74.8431 6.6673
v 0.0000 0.0000 1.0000
v 1.0000 1.0000 0.0000
v 2.0078 1.0000 0.0000
v 0.0000 0.0000 -113.4753
v 24.2328 -84.6652 5.5561
v 0.0000 0.0000 1.0000
v 1.0000 1.0000 0.0000
v 2.0078 1.0000 0.0000
v 0.0000 0.0000 -122.7161
v 24.3878 -85.5674 6.6673
v 0.0000 0.0000 1.0000
v 1.0000 1.0000 0.0000
v 2.0078 1.0000 0.0000
v 0.0000 0.0000 125.7053
v 8.0209 23.1325 6.6673
v 0.0000 0.0000 1.0000
v 1.0000 1.0000 0.0000
v 2.0078 1.0000 0.0000
v 0.0000 0.0000 -135.4635
v 21.8979 6.7295 6.6673
v 0.0000 0.0000 1.0000
v 1.0000 1.0000 0.0000
v 2.0078 1.0000 0.0000
v -3.8742 34.8386 -126.6940
v 6.6673 0.0000 0.0000
v 1.0000 1.0000 1.0000
v 21.1202 11.5225 86.4943
v 6.6673 0.0000 0.0000
v 1.0000 1.0000 1.0000
v 19.5259 45.0024 -102.8638
v 5.5561 0.0000 0.0000
v 1.0000 1.0000 1.0000
v -134.7649 45.3009 46.4506
v 6.6673 0.0000 0.0000
v 1.0000 1.0000 1.0000
v -133.7312 44.2404 64.3678
v 5.5561 0.0000 0.0000
v 1.0000 1.0000 1.0000
v 134.9245 7.3980 23.6316
v 5.5561 0.0000 0.0000
v 1.0000 1.0000 1.0000
v 13.8148 45.0976 -95.9497
v 6.6673 0.0000 0.0000
v 1.0000 1.0000 1.0000
v 0.0000 99.6573 20.7316
v 32.9507 6.6673 0.0000
v 0.0000 1.0000 1.0000
v 1.0000 0.0000 0.0000
v 1.0000 0.0000 0.0000
v 0.0000 87.3857 20.6514
v 36.2795 5.5561 0.0000
v 0.0000 1.0000 1.0000
v 1.0000 0.0000 0.0000
v 1.0000 0.0000 0.0000
v 0.0000 88.8437 20.1570
v -7.1017 8.0007 0.0000
v 0.0000 1.0000 1.0000
v 1.0000 0.0000 0.0000
v -1.0039 0.0000 0.0000
v 0.0000 79.9483 19.7906
v -0.3790 6.6673 0.0000
v 0.0000 1.0000 1.0000
v 1.0000 0.0000 0.0000
v 1.0000 0.0000 0.0000
v 0.0000 38.3510 40.2472
v 12.4326 5.5561 0.0000
v 0.0000 1.0000 1.0000
v 1.0000 0.0000 0.0000
v 1.0000 0.0000 0.0000
v 0.0000 -57.7922 75.9517
v -62.1707 5.5561 0.0000
v 0.0000 1.0000 1.0000
v 1.0000 0.0000 0.0000
v 1.0000 0.0000 0.0000
v 0.0000 83.9449 20.3110
v -18.1487 8.0007 0.0000
v 0.0000 1.0000 1.0000
v 1.0000 0.0000 0.0000
v 1.0000 0.0000 0.0000
v 0.0000 -58.5233 46.0559
v -58.2031 5.5561 0.0000
v 0.0000 1.0000 1.0000
v 1.0000 0.0000 0.0000
v 0.6000 0.0000 0.0000
v 0.0000 0.0000 -66.9300
v 46.7526 -61.0892 6.6673
v 0.0000 0.0000 1.0000
v 1.0000 1.0000 0.0000
v 2.0078 1.0000 0.0000
v 0.0000 0.0000 -54.7738
v 45.7470 -48.9330 5.5561
v 0.0000 0.0000 1.0000
v 1.0000 1.0000 0.0000
v 2.0078 1.0000 0.0000
v 0.0000 0.0000 -49.3826
v 76.4686 -63.5795 5.5561
v 0.0000 0.0000 1.0000
v 1.0000 1.0000 0.0000
v 2.0078 1.0000 0.0000
v 0.0000 0.0000 36.5379
v 50.1674 -10.8143 5.5561
v 0.0000 0.0000 1.0000
v 1.0000 1.0000 0.0000
v 2.0078 1.0000 0.0000
v 0.0000 0.0000 22.3540
v 51.3123 -20.8581 6.6673
v 0.0000 0.0000 1.0000
v 1.0000 1.0000 0.0000
v 5.3451 -2.8510 0.0000
v 176.9446 132.3000 123.6797
v 81.5895 0.0000 0.0000
v 1.0000 1.0000 1.0000
v -95.6774 102.3914 0.6313
v 10.7749 0.0000 0.0000
v 1.0000 1.0000 1.0000
v 0.0000 1.0000 0.0000
v 0.0000 0.0000 -154.0943
v 71.5201 -71.0210 10.5216
v 0.0000 0.0000 1.0000
v 1.0000 1.0000 0.0000
v 1.0000 0.0000 0.0000
v 0.0000 -149.9629 54.2506
v 27.0756 10.8710 0.0000
v 0.0000 1.0000 1.0000
v 1.0000 0.0000 0.0000
v -141.3403 116.0285 -179.8940
v 10.5688 0.0000 0.0000
v 1.0000 1.0000 1.0000
v 0.0000 1.0000 0.0000
v 0.0000 0.0000 36.0423
v 76.4092 114.4942 10.6452
v 0.0000 0.0000 1.0000
v 1.0000 1.0000 0.0000
v -3.8235 0.0000 0.0000
v 0.0000 0.0000 30.2922
v 88.5734 39.7743 59.9710
v 0.0000 0.0000 1.0000
v 1.0000 1.0000 0.0000
v 2.9176 -2.9176 0.0000
v 0.0000 0.0000 -114.9309
v 138.2001 216.7306 83.0713
v 0.0000 0.0000 1.0000
v 1.0000 1.0000 0.0000
v 0.0000 96.6637 68.4094
v -103.4552 35.2823 0.0000
v 0.0000 1.0000 1.0000
v 1.0000 0.0000 0.0000
v -9.0353 0.0000 0.0000
v 0.0000 0.0000 80.2810
v 69.3858 -144.7583 46.2441
v 0.0000 0.0000 1.0000
v 1.0000 1.0000 0.0000
v 1.1137 -9.0353 0.0000
v 28.6804 86.1992 50.7500
v 60.7728 0.0000 0.0000
v 1.0000 1.0000 1.0000
v 0.0000 -93.9627 89.1771
v 119.7092 50.5615 0.0000
v 0.0000 1.0000 1.0000
v 1.0000 0.0000 0.0000
v -9.0353 0.0000 0.0000
v 0.0000 0.0000 139.1208
v 60.7858 122.9606 45.9602
v 0.0000 0.0000 1.0000
v 1.0000 1.0000 0.0000
v 1.1490 -9.0353 0.0000
v -152.9031 87.1696 45.0829
v 52.9443 0.0000 0.0000
v 1.0000 1.0000 1.0000
v 0.0000 -99.4968 84.6789
v 38.8429 68.0614 0.0000
v 0.0000 1.0000 1.0000
v 1.0000 0.0000 0.0000
v -9.0353 0.0000 0.0000
v 0.0000 0.0000 -118.6896
v 86.7736 -63.9087 52.8782
v 0.0000 0.0000 1.0000
v 1.0000 1.0000 0.0000
v 1.1137 -9.0353 0.0000
v -45.1576 83.7978 51.0750
v 58.2830 0.0000 0.0000
v 1.0000 1.0000 1.0000
v 0.0000 -62.0314 60.7323
v -97.2056 64.9148 0.0000
v 0.0000 1.0000 1.0000
v 1.0000 0.0000 0.0000
v -9.0353 0.0000 0.0000
v 0.0000 0.0000 96.7869
v 56.6581 131.4434 45.5709
v 0.0000 0.0000 1.0000
v 1.0000 1.0000 0.0000
v 1.1137 -9.0353 0.0000
v 105.3188 78.5917 -114.4909
v 41.8673 0.0000 0.0000
v 1.0000 1.0000 1.0000
v 0.0000 29.4751 57.4590
v 45.3274 50.1316 0.0000
v 0.0000 1.0000 1.0000
v 1.0000 0.0000 0.0000
v -9.0353 0.0000 0.0000
v 0.0000 0.0000 75.6087
v 61.3520 52.9818 55.3110
v 0.0000 0.0000 1.0000
v 1.0000 1.0000 0.0000
v 1.1216 -9.0353 0.0000
v -113.1843 76.5795 -4.2280
v 78.8503 0.0000 0.0000
v 1.0000 1.0000 1.0000
v 0.0000 -105.1725 61.8243
v -40.6899 54.4278 0.0000
v 0.0000 1.0000 1.0000
v 1.0000 0.0000 0.0000
v -9.0353 0.0000 0.0000
v 0.0000 0.0000 90.7160
v 56.8977 47.2665 50.7146
v 0.0000 0.0000 1.0000
v 1.0000 1.0000 0.0000
v 1.1412 -9.0353 0.0000
v -154.2175 82.7908 6.8903
v 53.0738 0.0000 0.0000
v 1.0000 1.0000 1.0000
v 0.0000 18.7662 62.7539
v 42.4168 55.7413 0.0000
v 0.0000 1.0000 1.0000
v 1.0000 0.0000 0.0000
v -9.0353 0.0000 0.0000
v 0.0000 0.0000 94.3727
v 69.2124 -71.8546 44.8954
v 0.0000 0.0000 1.0000
v 1.0000 1.0000 0.0000
v 1.1490 -9.0353 0.0000
v 86.5685 56.1682 153.5650
v 48.1789 0.0000 0.0000
v 1.0000 1.0000 1.0000
v 0.0000 -49.5928 59.7194
v 168.8513 51.7373 0.0000
v 0.0000 1.0000 1.0000
v 1.0000 0.0000 0.0000
v -9.0353 0.0000 0.0000
v 0.0000 0.0000 131.8168
v 62.6555 -37.3702 39.8092
v 0.0000 0.0000 1.0000
v 1.0000 1.0000 0.0000
v 1.1490 -9.0353 0.0000
v -55.7117 55.3918 132.3519
v 48.9121 0.0000 0.0000
v 1.0000 1.0000 1.0000
v 0.0000 -104.7335 90.3575
v -65.2067 55.5634 0.0000
v 0.0000 1.0000 1.0000
v 1.0000 0.0000 0.0000
v -9.0353 0.0000 0.0000
v 0.0000 0.0000 5.6005
v 77.3989 -159.7045 55.1016
v 0.0000 0.0000 1.0000
v 1.0000 1.0000 0.0000
v 1.1333 -9.0353 0.0000
v -137.0172 58.5713 -78.4104
v 59.2730 0.0000 0.0000
v 1.0000 1.0000 1.0000
v 0.0000 98.2782 61.3609
v -38.7700 43.6246 0.0000
v 0.0000 1.0000 1.0000
v 1.0000 0.0000 0.0000
v -9.0353 0.0000 0.0000
v 0.0000 0.0000 -10.5312
v 56.0413 7.6588 57.3518
v 0.0000 0.0000 1.0000
v 1.0000 1.0000 0.0000
v 1.1059 -9.0353 0.0000
v 54.9883 51.1278 100.7040
v 58.5198 0.0000 0.0000
v 1.0000 1.0000 1.0000
v 0.0000 -31.5329 56.7651
v 13.2068 59.2751 0.0000
v 0.0000 1.0000 1.0000
v 1.0000 0.0000 0.0000
v -9.0353 0.0000 0.0000
v 0.0000 0.0000 58.2644
v 58.4900 147.0402 48.1364
v 0.0000 0.0000 1.0000
v 1.0000 1.0000 0.0000
v 1.1686 -9.0353 0.0000
v 74.4449 48.5642 46.7470
v 47.8692 0.0000 0.0000
v 1.0000 1.0000 1.0000
v 0.0000 -125.6319 57.5754
v -25.1216 55.3978 0.0000
v 0.0000 1.0000 1.0000
v 1.0000 0.0000 0.0000
v -9.0353 0.0000 0.0000
v 0.0000 0.0000 -86.3618
v 56.4343 -121.1370 51.4320
v 0.0000 0.0000 1.0000
v 1.0000 1.0000 0.0000
v 6.0235 0.0000 0.0000
v 0.0000 81.5000 21.8091
v -98.5000 55.4302 0.0000
v 0.0000 1.0000 1.0000
v 1.0000 0.0000 0.0000
v 0.6863 -0.5725 0.0000
v 0.0000 -118.5000 17.9957
v 56.0000 50.8847 0.0000
v 0.0000 1.0000 1.0000
v 1.0000 0.0000 0.0000
v 0.5273 0.0000 0.0000
v 0.0000 0.0000 -80.0002
v 73.8977 0.0001 288.4443
v 0.0000 0.0000 1.0000
v 1.0000 1.0000 0.0000
v 0.3398 0.0000 0.0000
v -0.0001 38.2723 0.0000
v 226.2743 0.0000 0.0000
v 1.0000 1.0000 1.0000
v 0.5332 0.2988 0.0000
v 0.0001 65.4953 -0.0001
v 226.2743 0.0000 0.0000
v 1.0000 1.0000 1.0000
v 0.1797 0.3516 0.0000
v 0.0000 -80.0002 90.4752
v -0.0001 288.4442 0.0000
v 0.0000 1.0000 1.0000
v 1.0000 0.0000 0.0000
v 80.0002 67.3841 -0.0001
v 288.4443 0.0000 0.0000
v 1.0000 1.0000 1.0000
v 0.2988 0.0000 0.0000
v 0.0001 71.5158 -80.0002
v 288.4442 0.0000 0.0000
v 1.0000 1.0000 1.0000
v 0.1621 0.2988 0.0000
v 0.0000 0.0000 -80.0002
v 110.7667 -79.9999 339.4117
v 0.0000 0.0000 1.0000
v 1.0000 1.0000 0.0000
v -0.0001 86.5889 80.0002
v 288.4442 0.0000 0.0000
v 1.0000 1.0000 1.0000
v 0.4395 0.6045 0.0000
v 41.6818 0.0001 226.2743
v 0.0000 0.0000 1.0000
v 1.0000 1.0000 0.0000
v 0.4736 0.2988 0.0000
v 0.0000 -0.0001 74.4446
v -80.0002 288.4442 0.0000
v 0.0000 1.0000 1.0000
v 1.0000 0.0000 0.0000
v 0.0000 0.0001 66.0432
v 0.0001 226.2743 0.0000
v 0.0000 1.0000 1.0000
v 1.0000 0.0000 0.0000
v 0.0000 80.0002 95.1554
v 0.0000 288.4443 0.0000
v 0.0000 1.0000 1.0000
v 1.0000 0.0000 0.0000
v 0.0000 0.0000 -80.0002
v 83.8761 80.0002 339.4114
v 0.0000 0.0000 1.0000
v 1.0000 1.0000 0.0000
v 0.5908 0.8535 0.0000
v 0.0000 68.0696 80.0002
v 288.4443 0.0000 0.0000
v 1.0000 1.0000 1.0000
v 80.0002 68.8019 -80.0002
v 339.4114 0.0000 0.0000
v 1.0000 1.0000 1.0000
v 80.0002 77.5083 80.0002
v 339.4115 0.0000 0.0000
v 1.0000 1.0000 1.0000
v 0.0000 0.0000 126.6305
v 8.6265 139.2788 30.0952
v 0.0000 0.0000 1.0000
v 1.0000 1.0000 0.0000
v 2.0078 0.0000 0.0000
v 0.0000 49.9466 16.4962
v 134.9998 146.0643 0.0000
v 0.0000 1.0000 1.0000
v 1.0000 0.0000 0.0000
v 0.9922 0.0000 0.0000
v 0.0000 0.0000 88.8192
v 15.5000 -51.9074 82.1154
v 0.0000 0.0000 1.0000
v 1.0000 1.0000 0.0000
v 0.6000 0.3569 0.0000
v 0.0000 77.0000 4.5000
v -117.0000 44.6446 0.0000
v 0.0000 1.0000 1.0000
v 1.0000 0.0000 0.0000
v 0.0000 0.0000 140.0000
v 8.5000 150.0000 39.5980
v 0.0000 0.0000 1.0000
v 1.0000 1.0000 0.0000
v -1.0039 0.0000 0.0000
v -119.9999 53.7220 19.9999
v 28.2843 0.0000 0.0000
v 1.0000 1.0000 1.0000
v 0.0000 0.0000 60.0002
v 50.8839 139.9999 28.2843
v 0.0000 0.0000 1.0000
v 1.0000 1.0000 0.0000
v 2.0078 -1.0039 0.0000
v 0.0000 -99.9998 53.4210
v 59.9999 28.2843 0.0000
v 0.0000 1.0000 1.0000
v 1.0000 0.0000 0.0000
v -0.0020 -17.6527 41.4142
v 46.4142 0.0000 0.0000
v 1.0000 1.0000 1.0000
v -1.0039 0.0000 0.0000
v 0.0000 -99.9999 54.1388
v -159.9999 28.2843 0.0000
v 0.0000 1.0000 1.0000
v 1.0000 0.0000 0.0000
v 40.0001 57.8078 -80.0003
v 28.2843 0.0000 0.0000
v 1.0000 1.0000 1.0000
v 2.0078 -1.0039 0.0000
v 0.0000 0.0000 60.0002
v 52.0199 -99.9999 28.2843
v 0.0000 0.0000 1.0000
v 1.0000 1.0000 0.0000
v -1.0039 0.0000 0.0000
v 0.0000 60.0002 53.6931
v -19.9998 28.2843 0.0000
v 0.0000 1.0000 1.0000
v 1.0000 0.0000 0.0000
v 107.0002 22.0000 -122.5000
v 57.5782 0.0000 0.0000
v 1.0000 1.0000 1.0000
v -97.5001 24.0309 17.5001
v 59.2664 0.0000 0.0000
v 1.0000 1.0000 1.0000
v 1.0000 0.0000 0.0000
v 80.0001 9.1647 88.9999
v 50.2195 0.0000 0.0000
v 1.0000 1.0000 1.0000
v 0.0000 -69.9998 52.8226
v 89.9999 14.1421 0.0000
v 0.0000 1.0000 1.0000
v 1.0000 0.0000 0.0000
v 1.0000 0.0000 0.0000
v 0.0000 0.0000 62.0000
v 21.3546 -58.4998 70.3580
v 0.0000 0.0000 1.0000
v 1.0000 1.0000 0.0000
v 0.0000 0.0000 -29.9998
v 52.6881 -149.9999 14.1421
v 0.0000 0.0000 1.0000
v 1.0000 1.0000 0.0000
v 0.0000 -120.0001 22.8485
v -184.9999 150.6022 0.0000
v 0.0000 1.0000 1.0000
v 1.0000 0.0000 0.0000
v -149.9999 55.9291 -109.9999
v 14.1421 0.0000 0.0000
v 1.0000 1.0000 1.0000
v 1.0039 0.0000 0.0000
v 0.0000 -149.9999 57.4008
v -29.9998 14.1421 0.0000
v 0.0000 1.0000 1.0000
v 1.0000 0.0000 0.0000
v 0.0000 0.0000 -129.9998
v 53.6181 -30.0001 14.1421
v 0.0000 0.0000 1.0000
v 1.0000 1.0000 0.0000
v -149.9999 54.2758 -10.0001
v 14.1421 0.0000 0.0000
v 1.0000 1.0000 1.0000
v 1.0039 0.0000 0.0000
v 0.0000 -89.9999 55.4430
v -49.9998 14.1422 0.0000
v 0.0000 1.0000 1.0000
v 1.0000 0.0000 0.0000
v 0.0000 0.0000 -9.9998
v 54.3223 -29.9998 14.1421
v 0.0000 0.0000 1.0000
v 1.0000 1.0000 0.0000
v -49.9998 55.6056 -9.9998
v 14.1421 0.0000 0.0000
v 1.0000 1.0000 1.0000
v 1.0039 0.0000 0.0000
v 0.0000 50.0003 51.2327
v 130.0001 14.1421 0.0000
v 0.0000 1.0000 1.0000
v 1.0000 0.0000 0.0000
v 0.0000 0.0000 10.0002
v 54.5600 -9.9998 14.1421
v 0.0000 0.0000 1.0000
v 1.0000 1.0000 0.0000
v 70.0002 50.7985 -9.9999
v 14.1421 0.0000 0.0000
v 1.0000 1.0000 1.0000
v 1.0039 0.0000 0.0000
v 0.0000 70.0001 57.6837
v 9.9998 14.1421 0.0000
v 0.0000 1.0000 1.0000
v 1.0000 0.0000 0.0000
v 0.0000 0.0000 30.0002
v 51.3218 90.0001 14.1422
v 0.0000 0.0000 1.0000
v 1.0000 1.0000 0.0000
v -49.9998 53.4077 -119.9999
v 22.3607 0.0000 0.0000
v 1.0000 1.0000 1.0000
v 1.6196 0.6627 0.0000
v 0.0000 0.0000 -54.0000
v 29.4294 101.5000 47.0346
v 0.0000 0.0000 1.0000
v 1.0000 1.0000 0.0000
v 0.0000 122.0000 20.1206
v -90.9999 51.2640 0.0000
v 0.0000 1.0000 1.0000
v 1.0000 0.0000 0.0000
v 4.2471 0.0000 0.0000
v 0.0000 43.0000 19.5572
v -152.9999 42.4382 0.0000
v 0.0000 1.0000 1.0000
v 1.0000 0.0000 0.0000
v 0.0000 0.0000 -75.0001
v 27.6294 -128.5000 47.4052
v 0.0000 0.0000 1.0000
v 1.0000 1.0000 0.0000
v -149.5001 34.4541 48.0000
v 37.6464 0.0000 0.0000
v 1.0000 1.0000 1.0000
v 0.8000 0.0000 0.0000
v 0.0000 -117.5002 48.1351
v -41.5001 83.4296 0.0000
v 0.0000 1.0000 1.0000
v 1.0000 0.0000 0.0000
v -156.0002 26.8319 153.0002
v 87.2353 0.0000 0.0000
v 1.0000 1.0000 1.0000
v 0.0000 0.0000 -125.5001
v 34.5982 -13.5000 40.5278
v 0.0000 0.0000 1.0000
v 1.0000 1.0000 0.0000
v -90.0002 37.1163 134.4998
v 58.6622 0.0000 0.0000
v 1.0000 1.0000 1.0000
v 0.0000 176.7970 18.0068
v -32.0833 60.1017 0.0000
v 0.0000 1.0000 1.0000
v 1.0000 0.0000 0.0000
v 7.0275 0.0000 0.0000
v 154.5001 23.9301 85.0002
v 60.0521 0.0000 0.0000
v 1.0000 1.0000 1.0000
v 0.0000 0.0000 108.5000
v 24.0139 50.9998 58.3631
v 0.0000 0.0000 1.0000
v 1.0000 1.0000 0.0000
v 0.0000 90.5001 9.6913
v -121.5001 76.7626 0.0000
v 0.0000 1.0000 1.0000
v 1.0000 0.0000 0.0000
v 1.5961 -0.7451 0.0000
v 0.0000 25.5000 25.1736
v 119.0000 48.6236 0.0000
v 0.0000 1.0000 1.0000
v 1.0000 0.0000 0.0000
v 98.4998 72.5941 -120.0002
v 68.4416 0.0000 0.0000
v 1.0000 1.0000 1.0000
v 0.0000 0.0000 122.9999
v 40.7460 -96.9093 63.4867
v 0.0000 0.0000 1.0000
v 1.0000 1.0000 0.0000
v -125.5002 75.5817 -42.5002
v 58.7069 0.0000 0.0000
v 1.0000 1.0000 1.0000
v 0.0000 -111.0001 41.8024
v 108.0000 61.8466 0.0000
v 0.0000 1.0000 1.0000
v 1.0000 0.0000 0.0000
v -91.5001 19.8365 -54.4999
v 54.4472 0.0000 0.0000
v 1.0000 1.0000 1.0000
v 74.9999 21.5493 62.5002
v 51.7229 0.0000 0.0000
v 1.0000 1.0000 1.0000
v -39.6752 25.2669 -64.9110
v 30.0952 0.0000 0.0000
v 1.0000 1.0000 1.0000
v 0.0000 -22.4979 22.7374
v -41.8506 30.0952 0.0000
v 0.0000 1.0000 1.0000
v 1.0000 0.0000 0.0000
v 0.3765 0.0000 0.0000
v 0.0000 0.0000 -8.7057
v 28.5994 105.7253 30.0952
v 0.0000 0.0000 1.0000
v 1.0000 1.0000 0.0000
v 93.7856 41.1910 -44.9401
v 30.0952 0.0000 0.0000
v 1.0000 1.0000 1.0000
v 0.0000 67.6709 75.2690
v -47.2980 30.0952 0.0000
v 0.0000 1.0000 1.0000
v 1.0000 0.0000 0.0000
v 0.3765 0.0000 0.0000
v 0.0000 0.0000 35.5145
v 21.4037 24.4969 30.0952
v 0.0000 0.0000 1.0000
v 1.0000 1.0000 0.0000
v 95.7658 19.8675 79.5384
v 30.0952 0.0000 0.0000
v 1.0000 1.0000 1.0000
v 0.0000 11.6102 33.0583
v 56.6566 30.0952 0.0000
v 0.0000 1.0000 1.0000
v 1.0000 0.0000 0.0000
vn 0.0000 1.0000 0.0000
vn 0.0000 1.0000 0.0000
vn 0.0000 1.0000 0.0000
vn 0.0000 1.0000 0.0000
vn 0.0000 1.0000 0.0000
vn 0.0000 1.0000 0.0000
vn 0.0000 1.0000 0.0000
vn 0.0000 1.0000 0.0000
vn 0.0000 1.0000 0.0000
vn 0.0000 1.0000 0.0000
vn 0.0000 1.0000 0.0000
vn 0.0000 1.0000 0.0000
vn 0.0000 1.0000 0.0000
vn 0.0000 1.0000 0.0000
vn 0.0000 1.0000 0.0000
vn 0.0000 1.0000 0.0000
vn 0.0000 1.0000 0.0000
vn 0.0000 1.0000 0.0000
vn 0.0000 1.0000 0.0000
vn 0.0000 1.0000 0.0000
vn 0.0000 1.0000 0.0000
vn 0.0000 1.0000 0.0000
vn 0.0000 1.0000 0.0000
vn 0.0000 1.0000 0.0000
vn 0.0000 1.0000 0.0000
vn 0.0000 1.0000 0.0000
vn 0.0000 1.0000 0.0000
vn 0.0000 1.0000 0.0000
vn 0.0000 1.0000 0.0000
vn 0.0000 1.0000 0.0000
vn 0.0000 1.0000 0.0000
vn 0.0000 1.0000 0.0000
vn 0.0000 1.0000 0.0000
vn 0.0000 1.0000 0.0000
vn 0.0000 1.0000 0.0000
vn 0.0000 1.0000 0.0000
vn 0.0000 1.0000 0.0000
vn 0.0000 1.0000 0.0000
vn 0.0000 1.0000 0.0000
vn 0.0000 1.0000 0.0000
vn 0.0000 1.0000 0.0000
vn 0.0000 1.0000 0.0000
vn 0.0000 1.0000 0.0000
vn 0.0000 1.0000 0.0000
vn 0.0000 1.0000 0.0000
vn 0.0000 1.0000 0.0000
vn 0.0000 1.0000 0.0000
vn 0.0000 1.0000 0.0000
vn 0.0000 1.0000 0.0000
vn 0.0000 1.0000 0.0000
vn 0.0000 1.0000 0.0000
vn 0.0000 1.0000 0.0000
vn 0.0000 1.0000 0.0000
vn 0.0000 1.0000 0.0000
vn 0.0000 1.0000 0.0000
vn 0.0000 1.0000 0.0000
vn 0.0000 1.0000 0.0000
vn 0.0000 1.0000 0.0000
vn 0.0000 1.0000 0.0000
vn 0.0000 1.0000 0.0000
vn 0.0000 1.0000 0.0000
vn 0.0000 1.0000 0.0000
vn 0.0000 1.0000 0.0000
vn 0.0000 1.0000 0.0000
vn 0.0000 1.0000 0.0000
vn 0.0000 1.0000 0.0000
vn 0.0000 1.0000 0.0000
vn 0.0000 1.0000 0.0000
vn 0.0000 1.0000 0.0000
vn 0.0000 1.0000 0.0000
vn 0.0000 1.0000 0.0000
vn 0.0000 1.0000 0.0000
vn 0.0000 1.0000 0.0000
vn 0.0000 1.0000 0.0000
vn 0.0000 1.0000 0.0000
vn 0.0000 1.0000 0.0000
vn 0.0000 1.0000 0.0000
vn 0.0000 1.0000 0.0000
vn 0.0000 1.0000 0.0000
vn 0.0000 1.0000 0.0000
vn 0.0000 1.0000 0.0000
vn 0.0000 1.0000 0.0000
vn 0.0000 1.0000 0.0000
vn 0.0000 1.0000 0.0000
vn 0.0000 1.0000 0.0000
vn 0.0000 1.0000 0.0000
vn 0.0000 1.0000 0.0000
vn 0.0000 1.0000 0.0000
vn 0.0000 1.0000 0.0000
vn 0.0000 1.0000 0.0000
vn 0.0000 1.0000 0.0000
vn 0.0000 1.0000 0.0000
vn 0.0000 1.0000 0.0000
vn 0.0000 1.0000 0.0000
vn 0.0000 1.0000 0.0000
vn 0.0000 1.0000 0.0000
vn 0.0000 1.0000 0.0000
vn 0.0000 1.0000 0.0000
vn 0.0000 1.0000 0.0000
vn 0.0000 1.0000 0.0000
vn 0.0000 1.0000 0.0000
vn 0.0000 1.0000 0.0000
vn 0.0000 1.0000 0.0000
vn 0.0000 1.0000 0.0000
vn 0.0000 1.0000 0.0000
vn 0.0000 1.0000 0.0000
vn 0.0000 1.0000 0.0000
vn 0.0000 1.0000 0.0000
vn 0.0000 1.0000 0.0000
vn 0.0000 1.0000 0.0000
vn 0.0000 1.0000 0.0000
vn 0.0000 1.0000 0.0000
vn 0.0000 1.0000 0.0000
vn 0.0000 1.0000 0.0000
vn 0.0000 1.0000 0.0000
vn 0.0000 1.0000 0.0000
vn 0.0000 1.0000 0.0000
vn 0.0000 1.0000 0.0000
vn 0.0000 1.0000 0.0000
vn 0.0000 1.0000 0.0000
vn 0.0000 1.0000 0.0000
vn 0.0000 1.0000 0.0000
vn 0.0000 1.0000 0.0000
vn 0.0000 1.0000 0.0000
vn 0.0000 1.0000 0.0000
vn 0.0000 1.0000 0.0000
vn 0.0000 1.0000 0.0000
vn 0.0000 1.0000 0.0000
vn 0.0000 1.0000 0.0000
vn 0.0000 1.0000 0.0000
vn 0.0000 1.0000 0.0000
vn 0.0000 1.0000 0.0000
vn 0.0000 1.0000 0.0000
vn 0.0000 1.0000 0.0000
vn 0.0000 1.0000 0.0000
vn 0.0000 1.0000 0.0000
vn 0.0000 1.0000 0.0000
vn 0.0000 1.0000 0.0000
vn 0.0000 1.0000 0.0000
vn 0.0000 1.0000 0.0000
vn 0.0000 1.0000 0.0000
vn 0.0000 1.0000 0.0000
vn 0.0000 1.0000 0.0000
vn 0.0000 1.0000 0.0000
vn 0.0000 1.0000 0.0000
vn 0.0000 1.0000 0.0000
vn 0.0000 1.0000 0.0000
vn 0.0000 1.0000 0.0000
vn 0.0000 1.0000 0.0000
vn 0.0000 1.0000 0.0000
vn 0.0000 1.0000 0.0000
vn 0.0000 1.0000 0.0000
vn 0.0000 1.0000 0.0000
vn 0.0000 1.0000 0.0000
vn 0.0000 1.0000 0.0000
vn 0.0000 1.0000 0.0000
vn 0.0000 1.0000 0.0000
vn 0.0000 1.0000 0.0000
vn 0.0000 1.0000 0.0000
vn 0.0000 1.0000 0.0000
vn 0.0000 1.0000 0.0000
vn 0.0000 1.0000 0.0000
vn 0.0000 1.0000 0.0000
vn 0.0000 1.0000 0.0000
vn 0.0000 1.0000 0.0000
vn 0.0000 1.0000 0.0000
vn 0.0000 1.0000 0.0000
vn 0.0000 1.0000 0.0000
vn 0.0000 1.0000 0.0000
vn 0.0000 1.0000 0.0000
vn 0.0000 1.0000 0.0000
vn 0.0000 1.0000 0.0000
vn 0.0000 1.0000 0.0000
vn 0.0000 1.0000 0.0000
vn 0.0000 1.0000 0.0000
vn 0.0000 1.0000 0.0000
vn 0.0000 1.0000 0.0000
vn 0.0000 1.0000 0.0000
vn 0.0000 1.0000 0.0000
vn 0.0000 1.0000 0.0000
vn 0.0000 1.0000 0.0000
vn 0.0000 1.0000 0.0000
vn 0.0000 1.0000 0.0000
vn 0.0000 1.0000 0.0000
vn 0.0000 1.0000 0.0000
vn 0.0000 1.0000 0.0000
vn 0.0000 1.0000 0.0000
vn 0.0000 1.0000 0.0000
vn 0.0000 1.0000 0.0000
vn 0.0000 1.0000 0.0000
vn 0.0000 1.0000 0.0000
vn 0.0000 1.0000 0.0000
vn 0.0000 1.0000 0.0000
vn 0.0000 1.0000 0.0000
vn 0.0000 1.0000 0.0000
vn 0.0000 1.0000 0.0000
vn 0.0000 1.0000 0.0000
vn 0.0000 1.0000 0.0000
vn 0.0000 1.0000 0.0000
vn 0.0000 1.0000 0.0000
vn 0.0000 1.0000 0.0000
vn 0.0000 1.0000 0.0000
vn 0.0000 1.0000 0.0000
vn 0.0000 1.0000 0.0000
vn 0.0000 1.0000 0.0000
vn 0.0000 1.0000 0.0000
vn 0.0000 1.0000 0.0000
vn 0.0000 1.0000 0.0000
vn 0.0000 1.0000 0.0000
vn 0.0000 1.0000 0.0000
vn 0.0000 1.0000 0.0000
vn 0.0000 1.0000 0.0000
vn 0.0000 1.0000 0.0000
vn 0.0000 1.0000 0.0000
vn 0.0000 1.0000 0.0000
vn 0.0000 1.0000 0.0000
vn 0.0000 1.0000 0.0000
vn 0.0000 1.0000 0.0000
vn 0.0000 1.0000 0.0000
vn 0.0000 1.0000 0.0000
vn 0.0000 1.0000 0.0000
vn 0.0000 1.0000 0.0000
vn 0.0000 1.0000 0.0000
vn 0.0000 1.0000 0.0000
vn 0.0000 1.0000 0.0000
vn 0.0000 1.0000 0.0000
vn 0.0000 1.0000 0.0000
vn 0.0000 1.0000 0.0000
vn 0.0000 1.0000 0.0000
vn 0.0000 1.0000 0.0000
vn 0.0000 1.0000 0.0000
vn 0.0000 1.0000 0.0000
vn 0.0000 1.0000 0.0000
vn 0.0000 1.0000 0.0000
vn 0.0000 1.0000 0.0000
vn 0.0000 1.0000 0.0000
vn 0.0000 1.0000 0.0000
vn 0.0000 1.0000 0.0000
vn 0.0000 1.0000 0.0000
vn 0.0000 1.0000 0.0000
vn 0.0000 1.0000 0.0000
vn 0.0000 1.0000 0.0000
vn 0.0000 1.0000 0.0000
vn 0.0000 1.0000 0.0000
vn 0.0000 1.0000 0.0000
vn 0.0000 1.0000 0.0000
vn 0.0000 1.0000 0.0000
vn 0.0000 1.0000 0.0000
vn 0.0000 1.0000 0.0000
vn 0.0000 1.0000 0.0000
vn 0.0000 1.0000 0.0000
vn 0.0000 1.0000 0.0000
vn 0.0000 1.0000 0.0000
vn 0.0000 1.0000 0.0000
vn 0.0000 1.0000 0.0000
vn 0.0000 1.0000 0.0000
vn 0.0000 1.0000 0.0000
vn 0.0000 1.0000 0.0000
vn 0.0000 1.0000 0.0000
vn 0.0000 1.0000 0.0000
vn 0.0000 1.0000 0.0000
vn 0.0000 1.0000 0.0000
vn 0.0000 1.0000 0.0000
vn 0.0000 1.0000 0.0000
vn 0.0000 1.0000 0.0000
vn 0.0000 1.0000 0.0000
vn 0.0000 1.0000 0.0000
vn 0.0000 1.0000 0.0000
vn 0.0000 1.0000 0.0000
vn 0.0000 1.0000 0.0000
vn 0.0000 1.0000 0.0000
vn 0.0000 1.0000 0.0000
vn 0.0000 1.0000 0.0000
vn 0.0000 1.0000 0.0000
vn 0.0000 1.0000 0.0000
vn 0.0000 1.0000 0.0000
vn 0.0000 1.0000 0.0000
vn 0.0000 1.0000 0.0000
vn 0.0000 1.0000 0.0000
vn 0.0000 1.0000 0.0000
vn 0.0000 1.0000 0.0000
vn 0.0000 1.0000 0.0000
vn 0.0000 1.0000 0.0000
vn 0.0000 1.0000 0.0000
vn 0.0000 1.0000 0.0000
vn 0.0000 1.0000 0.0000
vn 0.0000 1.0000 0.0000
vn 0.0000 1.0000 0.0000
vn 0.0000 1.0000 0.0000
vn 0.0000 1.0000 0.0000
vn 0.0000 1.0000 0.0000
vn 0.0000 1.0000 0.0000
vn 0.0000 1.0000 0.0000
vn 0.0000 1.0000 0.0000
vn 0.0000 1.0000 0.0000
vn 0.0000 1.0000 0.0000
vn 0.0000 1.0000 0.0000
vn 0.0000 1.0000 0.0000
vn 0.0000 1.0000 0.0000
vn 0.0000 1.0000 0.0000
vn 0.0000 1.0000 0.0000
vn 0.0000 1.0000 0.0000
vn 0.0000 1.0000 0.0000
vn 0.0000 1.0000 0.0000
vn 0.0000 1.0000 0.0000
vn 0.0000 1.0000 0.0000
vn 0.0000 1.0000 0.0000
vn 0.0000 1.0000 0.0000
vn 0.0000 1.0000 0.0000
vn 0.0000 1.0000 0.0000
vn 0.0000 1.0000 0.0000
vn 0.0000 1.0000 0.0000
vn 0.0000 1.0000 0.0000
vn 0.0000 1.0000 0.0000
vn 0.0000 1.0000 0.0000
vn 0.0000 1.0000 0.0000
vn 0.0000 1.0000 0.0000
vn 0.0000 1.0000 0.0000
vn 0.0000 1.0000 0.0000
vn 0.0000 1.0000 0.0000
vn 0.0000 1.0000 0.0000
vn 0.0000 1.0000 0.0000
vn 0.0000 1.0000 0.0000
vn 0.0000 1.0000 0.0000
vn 0.0000 1.0000 0.0000
vn 0.0000 1.0000 0.0000
vn 0.0000 1.0000 0.0000
vn 0.0000 1.0000 0.0000
vn 0.0000 1.0000 0.0000
vn 0.0000 1.0000 0.0000
vn 0.0000 1.0000 0.0000
vn 0.0000 1.0000 0.0000
vn 0.0000 1.0000 0.0000
vn 0.0000 1.0000 0.0000
vn 0.0000 1.0000 0.0000
vn 0.0000 1.0000 0.0000
vn 0.0000 1.0000 0.0000
vn 0.0000 1.0000 0.0000
vn 0.0000 1.0000 0.0000
vn 0.0000 1.0000 0.0000
vn 0.0000 1.0000 0.0000
vn 0.0000 1.0000 0.0000
vn 0.0000 1.0000 0.0000
vn 0.0000 1.0000 0.0000
vn 0.0000 1.0000 0.0000
vn 0.0000 1.0000 0.0000
vn 0.0000 1.0000 0.0000
vn 0.0000 1.0000 0.0000
vn 0.0000 1.0000 0.0000
vn 0.0000 1.0000 0.0000
vn 0.0000 1.0000 0.0000
vn 0.0000 1.0000 0.0000
vn 0.0000 1.0000 0.0000
vn 0.0000 1.0000 0.0000
vn 0.0000 1.0000 0.0000
vn 0.0000 1.0000 0.0000
vn 0.0000 1.0000 0.0000
vn 0.0000 1.0000 0.0000
vn 0.0000 1.0000 0.0000
vn 0.0000 1.0000 0.0000
vn 0.0000 1.0000 0.0000
vn 0.0000 1.0000 0.0000
vn 0.0000 1.0000 0.0000
vn 0.0000 1.0000 0.0000
vn 0.0000 1.0000 0.0000
vn 0.0000 1.0000 0.0000
vn 0.0000 1.0000 0.0000
vn 0.0000 1.0000 0.0000
vn 0.0000 1.0000 0.0000
vn 0.0000 1.0000 0.0000
vn 0.0000 1.0000 0.0000
vn 0.0000 1.0000 0.0000
vn 0.0000 1.0000 0.0000
vn 0.0000 1.0000 0.0000
vn 0.0000 1.0000 0.0000
vn 0.0000 1.0000 0.0000
vn 0.0000 1.0000 0.0000
vn 0.0000 1.0000 0.0000
vn 0.0000 1.0000 0.0000
vn 0.0000 1.0000 0.0000
vn 0.0000 1.0000 0.0000
vn 0.0000 1.0000 0.0000
vn 0.0000 1.0000 0.0000
vn 0.0000 1.0000 0.0000
vn 0.0000 1.0000 0.0000
vn 0.0000 1.0000 0.0000
vn 0.0000 1.0000 0.0000
vn 0.0000 1.0000 0.0000
vn 0.0000 1.0000 0.0000
vn 0.0000 1.0000 0.0000
vn 0.0000 1.0000 0.0000
vn 0.0000 1.0000 0.0000
vn 0.0000 1.0000 0.0000
vn 0.0000 1.0000 0.0000
vn 0.0000 1.0000 0.0000
vn 0.0000 1.0000 0.0000
vn 0.0000 1.0000 0.0000
vn 0.0000 1.0000 0.0000
vn 0.0000 1.0000 0.0000
vn 0.0000 1.0000 0.0000
vn 0.0000 1.0000 0.0000
vn 0.0000 1.0000 0.0000
vn 0.0000 1.0000 0.0000
vn 0.0000 1.0000 0.0000
vn 0.0000 1.0000 0.0000
vn 0.0000 1.0000 0.0000
vn 0.0000 1.0000 0.0000
vn 0.0000 1.0000 0.0000
vn 0.0000 1.0000 0.0000
vn 0.0000 1.0000 0.0000
vn 0.0000 1.0000 0.0000
vn 0.0000 1.0000 0.0000
vn 0.0000 1.0000 0.0000
vn 0.0000 1.0000 0.0000
vn 0.0000 1.0000 0.0000
vn 0.0000 1.0000 0.0000
vn 0.0000 1.0000 0.0000
vn 0.0000 1.0000 0.0000
vn 0.0000 1.0000 0.0000
vn 0.0000 1.0000 0.0000
vn 0.0000 1.0000 0.0000
vn 0.0000 1.0000 0.0000
vn 0.0000 1.0000 0.0000
vn 0.0000 1.0000 0.0000
vn 0.0000 1.0000 0.0000
vn 0.0000 1.0000 0.0000
vn 0.0000 1.0000 0.0000
vn 0.0000 1.0000 0.0000
vn 0.0000 1.0000 0.0000
vn 0.0000 1.0000 0.0000
vn 0.0000 1.0000 0.0000
vn 0.0000 1.0000 0.0000
vn 0.0000 1.0000 0.0000
vn 0.0000 1.0000 0.0000
vn 0.0000 1.0000 0.0000
vn 0.0000 1.0000 0.0000
vn 0.0000 1.0000 0.0000
vn 0.0000 1.0000 0.0000
vn 0.0000 1.0000 0.0000
vn 0.0000 1.0000 0.0000
vn 0.0000 1.0000 0.0000
vn 0.0000 1.0000 0.0000
vn 0.0000 1.0000 0.0000
vn 0.0000 1.0000 0.0000
vn 0.0000 1.0000 0.0000
vn 0.0000 1.0000 0.0000
vn 0.0000 1.0000 0.0000
vn 0.0000 1.0000 0.0000
vn 0.0000 1.0000 0.0000
vn 0.0000 1.0000 0.0000
vn 0.0000 1.0000 0.0000
vn 0.0000 1.0000 0.0000
vn 0.0000 1.0000 0.0000
vn 0.0000 1.0000 0.0000
vn 0.0000 1.0000 0.0000
vn 0.0000 1.0000 0.0000
vn 0.0000 1.0000 0.0000
vn 0.0000 1.0000 0.0000
vn 0.0000 1.0000 0.0000
vn 0.0000 1.0000 0.0000
vn 0.0000 1.0000 0.0000
vn 0.0000 1.0000 0.0000
vn 0.0000 1.0000 0.0000
vn 0.0000 1.0000 0.0000
vn 0.0000 1.0000 0.0000
vn 0.0000 1.0000 0.0000
vn 0.0000 1.0000 0.0000
vn 0.0000 1.0000 0.0000
vn 0.0000 1.0000 0.0000
vn 0.0000 1.0000 0.0000
vn 0.0000 1.0000 0.0000
vn 0.0000 1.0000 0.0000
vn 0.0000 1.0000 0.0000
vn 0.0000 1.0000 0.0000
vn 0.0000 1.0000 0.0000
vn 0.0000 1.0000 0.0000
vn 0.0000 1.0000 0.0000
vn 0.0000 1.0000 0.0000
vn 0.0000 1.0000 0.0000
vn 0.0000 1.0000 0.0000
vn 0.0000 1.0000 0.0000
vn 0.0000 1.0000 0.0000
vn 0.0000 1.0000 0.0000
vn 0.0000 1.0000 0.0000
vn 0.0000 1.0000 0.0000
vn 0.0000 1.0000 0.0000
vn 0.0000 1.0000 0.0000
vn 0.0000 1.0000 0.0000
vn 0.0000 1.0000 0.0000
vn 0.0000 1.0000 0.0000
vn 0.0000 1.0000 0.0000
vn 0.0000 1.0000 0.0000
vn 0.0000 1.0000 0.0000
vn 0.0000 1.0000 0.0000
vn 0.0000 1.0000 0.0000
vn 0.0000 1.0000 0.0000
vn 0.0000 1.0000 0.0000
vn 0.0000 1.0000 0.0000
vn 0.0000 1.0000 0.0000
vn 0.0000 1.0000 0.0000
vn 0.0000 1.0000 0.0000
vn 0.0000 1.0000 0.0000
vn 0.0000 1.0000 0.0000
vn 0.0000 1.0000 0.0000
vn 0.0000 1.0000 0.0000
vn 0.0000 1.0000 0.0000
vn 0.0000 1.0000 0.0000
vn 0.0000 1.0000 0.0000
vn 0.0000 1.0000 0.0000
vn 0.0000 1.0000 0.0000
vn 0.0000 1.0000 0.0000
vn 0.0000 1.0000 0.0000
vn 0.0000 1.0000 0.0000
vn 0.0000 1.0000 0.0000
vn 0.0000 1.0000 0.0000
vn 0.0000 1.0000 0.0000
vn 0.0000 1.0000 0.0000
vn 0.0000 1.0000 0.0000
vn 0.0000 1.0000 0.0000
vn 0.0000 1.0000 0.0000
vn 0.0000 1.0000 0.0000
vn 0.0000 1.0000 0.0000
vn 0.0000 1.0000 0.0000
vn 0.0000 1.0000 0.0000
vn 0.0000 1.0000 0.0000
vn 0.0000 1.0000 0.0000
vn 0.0000 1.0000 0.0000
vn 0.0000 1.0000 0.0000
vn 0.0000 1.0000 0.0000
vn 0.0000 1.0000 0.0000
vn 0.0000 1.0000 0.0000
vn 0.0000 1.0000 0.0000
vn 0.0000 1.0000 0.0000
vn 0.0000 1.0000 0.0000
vn 0.0000 1.0000 0.0000
vn 0.0000 1.0000 0.0000
vn 0.0000 1.0000 0.0000
vn 0.0000 1.0000 0.0000
vn 0.0000 1.0000 0.0000
vn 0.0000 1.0000 0.0000
vn 0.0000 1.0000 0.0000
vn 0.0000 1.0000 0.0000
vn 0.0000 1.0000 0.0000
vn 0.0000 1.0000 0.0000
vn 0.0000 1.0000 0.0000
vn 0.0000 1.0000 0.0000
vn 0.0000 1.0000 0.0000
vn 0.0000 1.0000 0.0000
vn 0.0000 1.0000 0.0000
vn 0.0000 1.0000 0.0000
vn 0.0000 1.0000 0.0000
vn 0.0000 1.0000 0.0000
vn 0.0000 1.0000 0.0000
vn 0.0000 1.0000 0.0000
vn 0.0000 1.0000 0.0000
vn 0.0000 1.0000 0.0000
vn 0.0000 1.0000 0.0000
vn 0.0000 1.0000 0.0000
vn 0.0000 1.0000 0.0000
vn 0.0000 1.0000 0.0000
vn 0.0000 1.0000 0.0000
vn 0.0000 1.0000 0.0000
vn 0.0000 1.0000 0.0000
vn 0.0000 1.0000 0.0000
vn 0.0000 1.0000 0.0000
vn 0.0000 1.0000 0.0000
vn 0.0000 1.0000 0.0000
vn 0.0000 1.0000 0.0000
vn 0.0000 1.0000 0.0000
vn 0.0000 1.0000 0.0000
vn 0.0000 1.0000 0.0000
vn 0.0000 1.0000 0.0000
vn 0.0000 1.0000 0.0000
vn 0.0000 1.0000 0.0000
vn 0.0000 1.0000 0.0000
vn 0.0000 1.0000 0.0000
vn 0.0000 1.0000 0.0000
vn 0.0000 1.0000 0.0000
vn 0.0000 1.0000 0.0000
vn 0.0000 1.0000 0.0000
vn 0.0000 1.0000 0.0000
vn 0.0000 1.0000 0.0000
vn 0.0000 1.0000 0.0000
vn 0.0000 1.0000 0.0000
vn 0.0000 1.0000 0.0000
vn 0.0000 1.0000 0.0000
vn 0.0000 1.0000 0.0000
vn 0.0000 1.0000 0.0000
vn 0.0000 1.0000 0.0000
vn 0.0000 1.0000 0.0000
vn 0.0000 1.0000 0.0000
vn 0.0000 1.0000 0.0000
vn 0.0000 1.0000 0.0000
vn 0.0000 1.0000 0.0000
vn 0.0000 1.0000 0.0000
vn 0.0000 1.0000 0.0000
vn 0.0000 1.0000 0.0000
vn 0.0000 1.0000 0.0000
vn 0.0000 1.0000 0.0000
vn 0.0000 1.0000 0.0000
vn 0.0000 1.0000 0.0000
vn 0.0000 1.0000 0.0000
vn 0.0000 1.0000 0.0000
vn 0.0000 1.0000 0.0000
vn 0.0000 1.0000 0.0000
vn 0.0000 1.0000 0.0000
vn 0.0000 1.0000 0.0000
vn 0.0000 1.0000 0.0000
vn 0.0000 1.0000 0.0000
vn 0.0000 1.0000 0.0000
vn 0.0000 1.0000 0.0000
vn 0.0000 1.0000 0.0000
vn 0.0000 1.0000 0.0000
vn 0.0000 1.0000 0.0000
vn 0.0000 1.0000 0.0000
vn 0.0000 1.0000 0.0000
vn 0.0000 1.0000 0.0000
vn 0.0000 1.0000 0.0000
vn 0.0000 1.0000 0.0000
vn 0.0000 1.0000 0.0000
vn 0.0000 1.0000 0.0000
vn 0.0000 1.0000 0.0000
vn 0.0000 1.0000 0.0000
vn 0.0000 1.0000 0.0000
vn 0.0000 1.0000 0.0000
vn 0.0000 1.0000 0.0000
vn 0.0000 1.0000 0.0000
vn 0.0000 1.0000 0.0000
vn 0.0000 1.0000 0.0000
vn 0.0000 1.0000 0.0000
vn 0.0000 1.0000 0.0000
vn 0.0000 1.0000 0.0000
vn 0.0000 1.0000 0.0000
vn 0.0000 1.0000 0.0000
vn 0.0000 1.0000 0.0000
vn 0.0000 1.0000 0.0000
vn 0.0000 1.0000 0.0000
vn 0.0000 1.0000 0.0000
vn 0.0000 1.0000 0.0000
vn 0.0000 1.0000 0.0000
vn 0.0000 1.0000 0.0000
vn 0.0000 1.0000 0.0000
vn 0.0000 1.0000 0.0000
vn 0.0000 1.0000 0.0000
vn 0.0000 1.0000 0.0000
vn 0.0000 1.0000 0.0000
vn 0.0000 1.0000 0.0000
vn 0.0000 1.0000 0.0000
vn 0.0000 1.0000 0.0000
vn 0.0000 1.0000 0.0000
vn 0.0000 1.0000 0.0000
vn 0.0000 1.0000 0.0000
vn 0.0000 1.0000 0.0000
vn 0.0000 1.0000 0.0000
vn 0.0000 1.0000 0.0000
vn 0.0000 1.0000 0.0000
vn 0.0000 1.0000 0.0000
vn 0.0000 1.0000 0.0000
vn 0.0000 1.0000 0.0000
vn 0.0000 1.0000 0.0000
vn 0.0000 1.0000 0.0000
vn 0.0000 1.0000 0.0000
vn 0.0000 1.0000 0.0000
vn 0.0000 1.0000 0.0000
vn 0.0000 1.0000 0.0000
vn 0.0000 1.0000 0.0000
vn 0.0000 1.0000 0.0000
vn 0.0000 1.0000 0.0000
vn 0.0000 1.0000 0.0000
vn 0.0000 1.0000 0.0000
vn 0.0000 1.0000 0.0000
vn 0.0000 1.0000 0.0000
vn 0.0000 1.0000 0.0000
vn 0.0000 1.0000 0.0000
vn 0.0000 1.0000 0.0000
vn 0.0000 1.0000 0.0000
vn 0.0000 1.0000 0.0000
vn 0.0000 1.0000 0.0000
vn 0.0000 1.0000 0.0000
vn 0.0000 1.0000 0.0000
vn 0.0000 1.0000 0.0000
vn 0.0000 1.0000 0.0000
vn 0.0000 1.0000 0.0000
vn 0.0000 1.0000 0.0000
vn 0.0000 1.0000 0.0000
vn 0.0000 1.0000 0.0000
vn 0.0000 1.0000 0.0000
vn 0.0000 1.0000 0.0000
vn 0.0000 1.0000 0.0000
vn 0.0000 1.0000 0.0000
vn 0.0000 1.0000 0.0000
vn 0.0000 1.0000 0.0000
vn 0.0000 1.0000 0.0000
vn 0.0000 1.0000 0.0000
vn 0.0000 1.0000 0.0000
vn 0.0000 1.0000 0.0000
vn 0.0000 1.0000 0.0000
vn 0.0000 1.0000 0.0000
vn 0.0000 1.0000 0.0000
vn 0.0000 1.0000 0.0000
vn 0.0000 1.0000 0.0000
vn 0.0000 1.0000 0.0000
vn 0.0000 1.0000 0.0000
vn 0.0000 1.0000 0.0000
vn 0.0000 1.0000 0.0000
vn 0.0000 1.0000 0.0000
vn 0.0000 1.0000 0.0000
vn 0.0000 1.0000 0.0000
vn 0.0000 1.0000 0.0000
vn 0.0000 1.0000 0.0000
vn 0.0000 1.0000 0.0000
vn 0.0000 1.0000 0.0000
vn 0.0000 1.0000 0.0000
vn 0.0000 1.0000 0.0000
vn 0.0000 1.0000 0.0000
vn 0.0000 1.0000 0.0000
vn 0.0000 1.0000 0.0000
vn 0.0000 1.0000 0.0000
vn 0.0000 1.0000 0.0000
vn 0.0000 1.0000 0.0000
vn 0.0000 1.0000 0.0000
vn 0.0000 1.0000 0.0000
vn 0.0000 1.0000 0.0000
vn 0.0000 1.0000 0.0000
vn 0.0000 1.0000 0.0000
vn 0.0000 1.0000 0.0000
vn 0.0000 1.0000 0.0000
vn 0.0000 1.0000 0.0000
vn 0.0000 1.0000 0.0000
vn 0.0000 1.0000 0.0000
vn 0.0000 1.0000 0.0000
vn 0.0000 1.0000 0.0000
vn 0.0000 1.0000 0.0000
vn 0.0000 1.0000 0.0000
vn 0.0000 1.0000 0.0000
vn 0.0000 1.0000 0.0000
vn 0.0000 1.0000 0.0000
vn 0.0000 1.0000 0.0000
vn 0.0000 1.0000 0.0000
vn 0.0000 1.0000 0.0000
vn 0.0000 1.0000 0.0000
vn 0.0000 1.0000 0.0000
vn 0.0000 1.0000 0.0000
vn 0.0000 1.0000 0.0000
vn 0.0000 1.0000 0.0000
vn 0.0000 1.0000 0.0000
vn 0.0000 1.0000 0.0000
vn 0.0000 1.0000 0.0000
vn 0.0000 1.0000 0.0000
vn 0.0000 1.0000 0.0000
vn 0.0000 1.0000 0.0000
vn 0.0000 1.0000 0.0000
vn 0.0000 1.0000 0.0000
vn 0.0000 1.0000 0.0000
vn 0.0000 1.0000 0.0000
vn 0.0000 1.0000 0.0000
vn 0.0000 1.0000 0.0000
vn 0.0000 1.0000 0.0000
vn 0.0000 1.0000 0.0000
vn 0.0000 1.0000 0.0000
vn 0.0000 1.0000 0.0000
vn 0.0000 1.0000 0.0000
vn 0.0000 1.0000 0.0000
vn 0.0000 1.0000 0.0000
vn 0.0000 1.0000 0.0000
vn 0.0000 1.0000 0.0000
vn 0.0000 1.0000 0.0000
vn 0.0000 1.0000 0.0000
vn 0.0000 1.0000 0.0000
vn 0.0000 1.0000 0.0000
vn 0.0000 1.0000 0.0000
vn 0.0000 1.0000 0.0000
vn 0.0000 1.0000 0.0000
vn 0.0000 1.0000 0.0000
vn 0.0000 1.0000 0.0000
vn 0.0000 1.0000 0.0000
vn 0.0000 1.0000 0.0000
vn 0.0000 1.0000 0.0000
vn 0.0000 1.0000 0.0000
vn 0.0000 1.0000 0.0000
vn 0.0000 1.0000 0.0000
vn 0.0000 1.0000 0.0000
vn 0.0000 1.0000 0.0000
vn 0.0000 1.0000 0.0000
vn 0.0000 1.0000 0.0000
vn 0.0000 1.0000 0.0000
vn 0.0000 1.0000 0.0000
vn 0.0000 1.0000 0.0000
vn 0.0000 1.0000 0.0000
vn 0.0000 1.0000 0.0000
vn 0.0000 1.0000 0.0000
vn 0.0000 1.0000 0.0000
vn 0.0000 1.0000 0.0000
vn 0.0000 1.0000 0.0000
vn 0.0000 1.0000 0.0000
vn 0.0000 1.0000 0.0000
vn 0.0000 1.0000 0.0000
vn 0.0000 1.0000 0.0000
vn 0.0000 1.0000 0.0000
vn 0.0000 1.0000 0.0000
vn 0.0000 1.0000 0.0000
vn 0.0000 1.0000 0.0000
vn 0.0000 1.0000 0.0000
vn 0.0000 1.0000 0.0000
vn 0.0000 1.0000 0.0000
vn 0.0000 1.0000 0.0000
vn 0.0000 1.0000 0.0000
vn 0.0000 1.0000 0.0000
vn 0.0000 1.0000 0.0000
vn 0.0000 1.0000 0.0000
vn 0.0000 1.0000 0.0000
vn 0.0000 1.0000 0.0000
vn 0.0000 1.0000 0.0000
vn 0.0000 1.0000 0.0000
vn 0.0000 1.0000 0.0000
vn 0.0000 1.0000 0.0000
vn 0.0000 1.0000 0.0000
vn 0.0000 1.0000 0.0000
vn 0.0000 1.0000 0.0000
vn 0.0000 1.0000 0.0000
vn 0.0000 1.0000 0.0000
vn 0.0000 1.0000 0.0000
vn 0.0000 1.0000 0.0000
vn 0.0000 1.0000 0.0000
vn 0.0000 1.0000 0.0000
vn 0.0000 1.0000 0.0000
vn 0.0000 1.0000 0.0000
vn 0.0000 1.0000 0.0000
vn 0.0000 1.0000 0.0000
vn 0.0000 1.0000 0.0000
vn 0.0000 1.0000 0.0000
vn 0.0000 1.0000 0.0000
vn 0.0000 1.0000 0.0000
vn 0.0000 1.0000 0.0000
vn 0.0000 1.0000 0.0000
vn 0.0000 1.0000 0.0000
vn 0.0000 1.0000 0.0000
vn 0.0000 1.0000 0.0000
vn 0.0000 1.0000 0.0000
vn 0.0000 1.0000 0.0000
vn 0.0000 1.0000 0.0000
vn 0.0000 1.0000 0.0000
vn 0.0000 1.0000 0.0000
vn 0.0000 1.0000 0.0000
vn 0.0000 1.0000 0.0000
vn 0.0000 1.0000 0.0000
vn 0.0000 1.0000 0.0000
vn 0.0000 1.0000 0.0000
vn 0.0000 1.0000 0.0000
vn 0.0000 1.0000 0.0000
vn 0.0000 1.0000 0.0000
vn 0.0000 1.0000 0.0000
vn 0.0000 1.0000 0.0000
vn 0.0000 1.0000 0.0000
vn 0.0000 1.0000 0.0000
vn 0.0000 1.0000 0.0000
vn 0.0000 1.0000 0.0000
vn 0.0000 1.0000 0.0000
vn 0.0000 1.0000 0.0000
vn 0.0000 1.0000 0.0000
vn 0.0000 1.0000 0.0000
vn 0.0000 1.0000 0.0000
vn 0.0000 1.0000 0.0000
vn 0.0000 1.0000 0.0000
vn 0.0000 1.0000 0.0000
vn 0.0000 1.0000 0.0000
vn 0.0000 1.0000 0.0000
vn 0.0000 1.0000 0.0000
vn 0.0000 1.0000 0.0000
vn 0.0000 1.0000 0.0000
vn 0.0000 1.0000 0.0000
vn 0.0000 1.0000 0.0000
vn 0.0000 1.0000 0.0000
vn 0.0000 1.0000 0.0000
vn 0.0000 1.0000 0.0000
vn 0.0000 1.0000 0.0000
vn 0.0000 1.0000 0.0000
vn 0.0000 1.0000 0.0000
vn 0.0000 1.0000 0.0000
vn 0.0000 1.0000 0.0000
vn 0.0000 1.0000 0.0000
vn 0.0000 1.0000 0.0000
vn 0.0000 1.0000 0.0000
vn 0.0000 1.0000 0.0000
vn 0.0000 1.0000 0.0000
vn 0.0000 1.0000 0.0000
vn 0.0000 1.0000 0.0000
vn 0.0000 1.0000 0.0000
vn 0.0000 1.0000 0.0000
vn 0.0000 1.0000 0.0000
vn 0.0000 1.0000 0.0000
vn 0.0000 1.0000 0.0000
vn 0.0000 1.0000 0.0000
vn 0.0000 1.0000 0.0000
vn 0.0000 1.0000 0.0000
vn 0.0000 1.0000 0.0000
vn 0.0000 1.0000 0.0000
vn 0.0000 1.0000 0.0000
vn 0.0000 1.0000 0.0000
vn 0.0000 1.0000 0.0000
vn 0.0000 1.0000 0.0000
vn 0.0000 1.0000 0.0000
vn 0.0000 1.0000 0.0000
vn 0.0000 1.0000 0.0000
vn 0.0000 1.0000 0.0000
vn 0.0000 1.0000 0.0000
vn 0.0000 1.0000 0.0000
vn 0.0000 1.0000 0.0000
vn 0.0000 1.0000 0.0000
vn 0.0000 1.0000 0.0000
vn 0.0000 1.0000 0.0000
vn 0.0000 1.0000 0.0000
vn 0.0000 1.0000 0.0000
vn 0.0000 1.0000 0.0000
vn 0.0000 1.0000 0.0000
vn 0.0000 1.0000 0.0000
vn 0.0000 1.0000 0.0000
vn 0.0000 1.0000 0.0000
vn 0.0000 1.0000 0.0000
vn 0.0000 1.0000 0.0000
vn 0.0000 1.0000 0.0000
vn 0.0000 1.0000 0.0000
vn 0.0000 1.0000 0.0000
vn 0.0000 1.0000 0.0000
vn 0.0000 1.0000 0.0000
vn 0.0000 1.0000 0.0000
vn 0.0000 1.0000 0.0000
vn 0.0000 1.0000 0.0000
vn 0.0000 1.0000 0.0000
vn 0.0000 1.0000 0.0000
vn 0.0000 1.0000 0.0000
vn 0.0000 1.0000 0.0000
vn 0.0000 1.0000 0.0000
vn 0.0000 1.0000 0.0000
vn 0.0000 1.0000 0.0000
vn 0.0000 1.0000 0.0000
vn 0.0000 1.0000 0.0000
vn 0.0000 1.0000 0.0000
vn 0.0000 1.0000 0.0000
vn 0.0000 1.0000 0.0000
vn 0.0000 1.0000 0.0000
vn 0.0000 1.0000 0.0000
vn 0.0000 1.0000 0.0000
vn 0.0000 1.0000 0.0000
vn 0.0000 1.0000 0.0000
vn 0.0000 1.0000 0.0000
vn 0.0000 1.0000 0.0000
vn 0.0000 1.0000 0.0000
vn 0.0000 1.0000 0.0000
vn 0.0000 1.0000 0.0000
vn 0.0000 1.0000 0.0000
vn 0.0000 1.0000 0.0000
vn 0.0000 1.0000 0.0000
vn 0.0000 1.0000 0.0000
vn 0.0000 1.0000 0.0000
vn 0.0000 1.0000 0.0000
vn 0.0000 1.0000 0.0000
vn 0.0000 1.0000 0.0000
vn 0.0000 1.0000 0.0000
vn 0.0000 1.0000 0.0000
vn 0.0000 1.0000 0.0000
vn 0.0000 1.0000 0.0000
vn 0.0000 1.0000 0.0000
vn 0.0000 1.0000 0.0000
vn 0.0000 1.0000 0.0000
vn 0.0000 1.0000 0.0000
vn 0.0000 1.0000 0.0000
vn 0.0000 1.0000 0.0000
vn 0.0000 1.0000 0.0000
vn 0.0000 1.0000 0.0000
vn 0.0000 1.0000 0.0000
vn 0.0000 1.0000 0.0000
vn 0.0000 1.0000 0.0000
vn 0.0000 1.0000 0.0000
vn 0.0000 1.0000 0.0000
vn 0.0000 1.0000 0.0000
vn 0.0000 1.0000 0.0000
vn 0.0000 1.0000 0.0000
vn 0.0000 1.0000 0.0000
vn 0.0000 1.0000 0.0000
vn 0.0000 1.0000 0.0000
vn 0.0000 1.0000 0.0000
vn 0.0000 1.0000 0.0000
vn 0.0000 1.0000 0.0000
vn 0.0000 1.0000 0.0000
vn 0.0000 1.0000 0.0000
vn 0.0000 1.0000 0.0000
vn 0.0000 1.0000 0.0000
vn 0.0000 1.0000 0.0000
vn 0.0000 1.0000 0.0000
vn 0.0000 1.0000 0.0000
vn 0.0000 1.0000 0.0000
vn 0.0000 1.0000 0.0000
vn 0.0000 1.0000 0.0000
vn 0.0000 1.0000 0.0000
vn 0.0000 1.0000 0.0000
vn 0.0000 1.0000 0.0000
vn 0.0000 1.0000 0.0000
vn 0.0000 1.0000 0.0000
vn 0.0000 1.0000 0.0000
vn 0.0000 1.0000 0.0000
vn 0.0000 1.0000 0.0000
vn 0.0000 1.0000 0.0000
vn 0.0000 1.0000 0.0000
vn 0.0000 1.0000 0.0000
vn 0.0000 1.0000 0.0000
vn 0.0000 1.0000 0.0000
vn 0.0000 1.0000 0.0000
vn 0.0000 1.0000 0.0000
vn 0.0000 1.0000 0.0000
vn 0.0000 1.0000 0.0000
vn 0.0000 1.0000 0.0000
vn 0.0000 1.0000 0.0000
vn 0.0000 1.0000 0.0000
vn 0.0000 1.0000 0.0000
vn 0.0000 1.0000 0.0000
vn 0.0000 1.0000 0.0000
vn 0.0000 1.0000 0.0000
vn 0.0000 1.0000 0.0000
vn 0.0000 1.0000 0.0000
vn 0.0000 1.0000 0.0000
vn 0.0000 1.0000 0.0000
vn 0.0000 1.0000 0.0000
vn 0.0000 1.0000 0.0000
vn 0.0000 1.0000 0.0000
vn 0.0000 1.0000 0.0000
vn 0.0000 1.0000 0.0000
vn 0.0000 1.0000 0.0000
vn 0.0000 1.0000 0.0000
vn 0.0000 1.0000 0.0000
vn 0.0000 1.0000 0.0000
vn 0.0000 1.0000 0.0000
vn 0.0000 1.0000 0.0000
vn 0.0000 1.0000 0.0000
vn 0.0000 1.0000 0.0000
vn 0.0000 1.0000 0.0000
vn 0.0000 1.0000 0.0000
vn 0.0000 1.0000 0.0000
vn 0.0000 1.0000 0.0000
vn 0.0000 1.0000 0.0000
vn 0.0000 1.0000 0.0000
vn 0.0000 1.0000 0.0000
vn 0.0000 1.0000 0.0000
vn 0.0000 1.0000 0.0000
vn 0.0000 1.0000 0.0000
vn 0.0000 1.0000 0.0000
vn 0.0000 1.0000 0.0000
vn 0.0000 1.0000 0.0000
vn 0.0000 1.0000 0.0000
vn 0.0000 1.0000 0.0000
vn 0.0000 1.0000 0.0000
vn 0.0000 1.0000 0.0000
vn 0.0000 1.0000 0.0000
vn 0.0000 1.0000 0.0000
vn 0.0000 1.0000 0.0000
vn 0.0000 1.0000 0.0000
vn 0.0000 1.0000 0.0000
vn 0.0000 1.0000 0.0000
vn 0.0000 1.0000 0.0000
vn 0.0000 1.0000 0.0000
vn 0.0000 1.0000 0.0000
vn 0.0000 1.0000 0.0000
vn 0.0000 1.0000 0.0000
vn 0.0000 1.0000 0.0000
vn 0.0000 1.0000 0.0000
vn 0.0000 1.0000 0.0000
vn 0.0000 1.0000 0.0000
vn 0.0000 1.0000 0.0000
vn 0.0000 1.0000 0.0000
vn 0.0000 1.0000 0.0000
vn 0.0000 1.0000 0.0000
vn 0.0000 1.0000 0.0000
vn 0.0000 1.0000 0.0000
vn 0.0000 1.0000 0.0000
vn 0.0000 1.0000 0.0000
vn 0.0000 1.0000 0.0000
vn 0.0000 1.0000 0.0000
vn 0.0000 1.0000 0.0000
vn 0.0000 1.0000 0.0000
vn 0.0000 1.0000 0.0000
vn 0.0000 1.0000 0.0000
vn 0.0000 1.0000 0.0000
vn 0.0000 1.0000 0.0000
vn 0.0000 1.0000 0.0000
vn 0.0000 1.0000 0.0000
vn 0.0000 1.0000 0.0000
vn 0.0000 1.0000 0.0000
vn 0.0000 1.0000 0.0000
vn 0.0000 1.0000 0.0000
vn 0.0000 1.0000 0.0000
vn 0.0000 1.0000 0.0000
vn 0.0000 1.0000 0.0000
vn 0.0000 1.0000 0.0000
vn 0.0000 1.0000 0.0000
vn 0.0000 1.0000 0.0000
vn 0.0000 1.0000 0.0000
vn 0.0000 1.0000 0.0000
vn 0.0000 1.0000 0.0000
vn 0.0000 1.0000 0.0000
vn 0.0000 1.0000 0.0000
vn 0.0000 1.0000 0.0000
vn 0.0000 1.0000 0.0000
vn 0.0000 1.0000 0.0000
vn 0.0000 1.0000 0.0000
vn 0.0000 1.0000 0.0000
vn 0.0000 1.0000 0.0000
vn 0.0000 1.0000 0.0000
vn 0.0000 1.0000 0.0000
vn 0.0000 1.0000 0.0000
vn 0.0000 1.0000 0.0000
vn 0.0000 1.0000 0.0000
vn 0.0000 1.0000 0.0000
vn 0.0000 1.0000 0.0000
vn 0.0000 1.0000 0.0000
vn 0.0000 1.0000 0.0000
vn 0.0000 1.0000 0.0000
vn 0.0000 1.0000 0.0000
vn 0.0000 1.0000 0.0000
vn 0.0000 1.0000 0.0000
vn 0.0000 1.0000 0.0000
vn 0.0000 1.0000 0.0000
vn 0.0000 1.0000 0.0000
vn 0.0000 1.0000 0.0000
vn 0.0000 1.0000 0.0000
vn 0.0000 1.0000 0.0000
vn 0.0000 1.0000 0.0000
vn 0.0000 1.0000 0.0000
vn 0.0000 1.0000 0.0000
vn 0.0000 1.0000 0.0000
vn 0.0000 1.0000 0.0000
vn 0.0000 1.0000 0.0000
vn 0.0000 1.0000 0.0000
vn 0.0000 1.0000 0.0000
vn 0.0000 1.0000 0.0000
vn 0.0000 1.0000 0.0000
vn 0.0000 1.0000 0.0000
vn 0.0000 1.0000 0.0000
vn 0.0000 1.0000 0.0000
vn 0.0000 1.0000 0.0000
vn 0.0000 1.0000 0.0000
vn 0.0000 1.0000 0.0000
vn 0.0000 1.0000 0.0000
vn 0.0000 1.0000 0.0000
vn 0.0000 1.0000 0.0000
vn 0.0000 1.0000 0.0000
vn 0.0000 1.0000 0.0000
vn 0.0000 1.0000 0.0000
vn 0.0000 1.0000 0.0000
vn 0.0000 1.0000 0.0000
vn 0.0000 1.0000 0.0000
vn 0.0000 1.0000 0.0000
vn 0.0000 1.0000 0.0000
vn 0.0000 1.0000 0.0000
vn 0.0000 1.0000 0.0000
vn 0.0000 1.0000 0.0000
vn 0.0000 1.0000 0.0000
vn 0.0000 1.0000 0.0000
vn 0.0000 1.0000 0.0000
vn 0.0000 1.0000 0.0000
vn 0.0000 1.0000 0.0000
vn 0.0000 1.0000 0.0000
vn 0.0000 1.0000 0.0000
vn 0.0000 1.0000 0.0000
vn 0.0000 1.0000 0.0000
vn 0.0000 1.0000 0.0000
vn 0.0000 1.0000 0.0000
vn 0.0000 1.0000 0.0000
vn 0.0000 1.0000 0.0000
vn 0.0000 1.0000 0.0000
vn 0.0000 1.0000 0.0000
vn 0.0000 1.0000 0.0000
vn 0.0000 1.0000 0.0000
vn 0.0000 1.0000 0.0000
vn 0.0000 1.0000 0.0000
vn 0.0000 1.0000 0.0000
vn 0.0000 1.0000 0.0000
vn 0.0000 1.0000 0.0000
vn 0.0000 1.0000 0.0000
vn 0.0000 1.0000 0.0000
vn 0.0000 1.0000 0.0000
vn 0.0000 1.0000 0.0000
vn 0.0000 1.0000 0.0000
vn 0.0000 1.0000 0.0000
vn 0.0000 1.0000 0.0000
vn 0.0000 1.0000 0.0000
vn 0.0000 1.0000 0.0000
vn 0.0000 1.0000 0.0000
vn 0.0000 1.0000 0.0000
vn 0.0000 1.0000 0.0000
vn 0.0000 1.0000 0.0000
vn 0.0000 1.0000 0.0000
vn 0.0000 1.0000 0.0000
vn 0.0000 1.0000 0.0000
vn 0.0000 1.0000 0.0000
vn 0.0000 1.0000 0.0000
vn 0.0000 1.0000 0.0000
vn 0.0000 1.0000 0.0000
vn 0.0000 1.0000 0.0000
vn 0.0000 1.0000 0.0000
vn 0.0000 1.0000 0.0000
vn 0.0000 1.0000 0.0000
vn 0.0000 1.0000 0.0000
vn 0.0000 1.0000 0.0000
vn 0.0000 1.0000 0.0000
vn 0.0000 1.0000 0.0000
vn 0.0000 1.0000 0.0000
vn 0.0000 1.0000 0.0000
vn 0.0000 1.0000 0.0000
vn 0.0000 1.0000 0.0000
vn 0.0000 1.0000 0.0000
vn 0.0000 1.0000 0.0000
vn 0.0000 1.0000 0.0000
vn 0.0000 1.0000 0.0000
vn 0.0000 1.0000 0.0000
vn 0.0000 1.0000 0.0000
vn 0.0000 1.0000 0.0000
vn 0.0000 1.0000 0.0000
vn 0.0000 1.0000 0.0000
vn 0.0000 1.0000 0.0000
vn 0.0000 1.0000 0.0000
vn 0.0000 1.0000 0.0000
vn 0.0000 1.0000 0.0000
vn 0.0000 1.0000 0.0000
vn 0.0000 1.0000 0.0000
vn 0.0000 1.0000 0.0000
vn 0.0000 1.0000 0.0000
vn 0.0000 1.0000 0.0000
vn 0.0000 1.0000 0.0000
vn 0.0000 1.0000 0.0000
vn 0.0000 1.0000 0.0000
vn 0.0000 1.0000 0.0000
vn 0.0000 1.0000 0.0000
vn 0.0000 1.0000 0.0000
vn 0.0000 1.0000 0.0000
vn 0.0000 1.0000 0.0000
vn 0.0000 1.0000 0.0000
vn 0.0000 1.0000 0.0000
vn 0.0000 1.0000 0.0000
vn 0.0000 1.0000 0.0000
vn 0.0000 1.0000 0.0000
vn 0.0000 1.0000 0.0000
vn 0.0000 1.0000 0.0000
vn 0.0000 1.0000 0.0000
vn 0.0000 1.0000 0.0000
vn 0.0000 1.0000 0.0000
vn 0.0000 1.0000 0.0000
vn 0.0000 1.0000 0.0000
vn 0.0000 1.0000 0.0000
vn 0.0000 1.0000 0.0000
vn 0.0000 1.0000 0.0000
vn 0.0000 1.0000 0.0000
vn 0.0000 1.0000 0.0000
vn 0.0000 1.0000 0.0000
vn 0.0000 1.0000 0.0000
vn 0.0000 1.0000 0.0000
vn 0.0000 1.0000 0.0000
vn 0.0000 1.0000 0.0000
vn 0.0000 1.0000 0.0000
vn 0.0000 1.0000 0.0000
vn 0.0000 1.0000 0.0000
vn 0.0000 1.0000 0.0000
vn 0.0000 1.0000 0.0000
vn 0.0000 1.0000 0.0000
vn 0.0000 1.0000 0.0000
vn 0.0000 1.0000 0.0000
vn 0.0000 1.0000 0.0000
vn 0.0000 1.0000 0.0000
vn 0.0000 1.0000 0.0000
vn 0.0000 1.0000 0.0000
vn 0.0000 1.0000 0.0000
vn 0.0000 1.0000 0.0000
vn 0.0000 1.0000 0.0000
vn 0.0000 1.0000 0.0000
vn 0.0000 1.0000 0.0000
vn 0.0000 1.0000 0.0000
vn 0.0000 1.0000 0.0000
vn 0.0000 1.0000 0.0000
vn 0.0000 1.0000 0.0000
vn 0.0000 1.0000 0.0000
vn 0.0000 1.0000 0.0000
vn 0.0000 1.0000 0.0000
vn 0.0000 1.0000 0.0000
vn 0.0000 1.0000 0.0000
vn 0.0000 1.0000 0.0000
vn 0.0000 1.0000 0.0000
vn 0.0000 1.0000 0.0000
vn 0.0000 1.0000 0.0000
vn 0.0000 1.0000 0.0000
vn 0.0000 1.0000 0.0000
vn 0.0000 1.0000 0.0000
vn 0.0000 1.0000 0.0000
vn 0.0000 1.0000 0.0000
vn 0.0000 1.0000 0.0000
vn 0.0000 1.0000 0.0000
vn 0.0000 1.0000 0.0000
vn 0.0000 1.0000 0.0000
vn 0.0000 1.0000 0.0000
vn 0.0000 1.0000 0.0000
vn 0.0000 1.0000 0.0000
vn 0.0000 1.0000 0.0000
vn 0.0000 1.0000 0.0000
vn 0.0000 1.0000 0.0000
vn 0.0000 1.0000 0.0000
vn 0.0000 1.0000 0.0000
vn 0.0000 1.0000 0.0000
vn 0.0000 1.0000 0.0000
vn 0.0000 1.0000 0.0000
vn 0.0000 1.0000 0.0000
vn 0.0000 1.0000 0.0000
vn 0.0000 1.0000 0.0000
vn 0.0000 1.0000 0.0000
vn 0.0000 1.0000 0.0000
vn 0.0000 1.0000 0.0000
vn 0.0000 1.0000 0.0000
vn 0.0000 1.0000 0.0000
vn 0.0000 1.0000 0.0000
vn 0.0000 1.0000 0.0000
vn 0.0000 1.0000 0.0000
vn 0.0000 1.0000 0.0000
vn 0.0000 1.0000 0.0000
vn 0.0000 1.0000 0.0000
vn 0.0000 1.0000 0.0000
vn 0.0000 1.0000 0.0000
vn 0.0000 1.0000 0.0000
vn 0.0000 1.0000 0.0000
vn 0.0000 1.0000 0.0000
vn 0.0000 1.0000 0.0000
vn 0.0000 1.0000 0.0000
vn 0.0000 1.0000 0.0000
vn 0.0000 1.0000 0.0000
vn 0.0000 1.0000 0.0000
vn 0.0000 1.0000 0.0000
vn 0.0000 1.0000 0.0000
vn 0.0000 1.0000 0.0000
vn 0.0000 1.0000 0.0000
vn 0.0000 1.0000 0.0000
vn 0.0000 1.0000 0.0000
vn 0.0000 1.0000 0.0000
vn 0.0000 1.0000 0.0000
vn 0.0000 1.0000 0.0000
vn 0.0000 1.0000 0.0000
vn 0.0000 1.0000 0.0000
vn 0.0000 1.0000 0.0000
vn 0.0000 1.0000 0.0000
vn 0.0000 1.0000 0.0000
vn 0.0000 1.0000 0.0000
vn 0.0000 1.0000 0.0000
vn 0.0000 1.0000 0.0000
vn 0.0000 1.0000 0.0000
vn 0.0000 1.0000 0.0000
vn 0.0000 1.0000 0.0000
vn 0.0000 1.0000 0.0000
vn 0.0000 1.0000 0.0000
vn 0.0000 1.0000 0.0000
vn 0.0000 1.0000 0.0000
vn 0.0000 1.0000 0.0000
vn 0.0000 1.0000 0.0000
vn 0.0000 1.0000 0.0000
vn 0.0000 1.0000 0.0000
vn 0.0000 1.0000 0.0000
vn 0.0000 1.0000 0.0000
vn 0.0000 1.0000 0.0000
vn 0.0000 1.0000 0.0000
vn 0.0000 1.0000 0.0000
vn 0.0000 1.0000 0.0000
vn 0.0000 1.0000 0.0000
vn 0.0000 1.0000 0.0000
vn 0.0000 1.0000 0.0000
vn 0.0000 1.0000 0.0000
vn 0.0000 1.0000 0.0000
vn 0.0000 1.0000 0.0000
vn 0.0000 1.0000 0.0000
vn 0.0000 1.0000 0.0000
vn 0.0000 1.0000 0.0000
vn 0.0000 1.0000 0.0000
vn 0.0000 1.0000 0.0000
vn 0.0000 1.0000 0.0000
vn 0.0000 1.0000 0.0000
vn 0.0000 1.0000 0.0000
vn 0.0000 1.0000 0.0000
vn 0.0000 1.0000 0.0000
vn 0.0000 1.0000 0.0000
vn 0.0000 1.0000 0.0000
vn 0.0000 1.0000 0.0000
vn 0.0000 1.0000 0.0000
vn 0.0000 1.0000 0.0000
vn 0.0000 1.0000 0.0000
vn 0.0000 1.0000 0.0000
vn 0.0000 1.0000 0.0000
vn 0.0000 1.0000 0.0000
vn 0.0000 1.0000 0.0000
vn 0.0000 1.0000 0.0000
vn 0.0000 1.0000 0.0000
vn 0.0000 1.0000 0.0000
vn 0.0000 1.0000 0.0000
vn 0.0000 1.0000 0.0000
vn 0.0000 1.0000 0.0000
vn 0.0000 1.0000 0.0000
vn 0.0000 1.0000 0.0000
vn 0.0000 1.0000 0.0000
vn 0.0000 1.0000 0.0000
vn 0.0000 1.0000 0.0000
vn 0.0000 1.0000 0.0000
vn 0.0000 1.0000 0.0000
vn 0.0000 1.0000 0.0000
vn 0.0000 1.0000 0.0000
vn 0.0000 1.0000 0.0000
vn 0.0000 1.0000 0.0000
vn 0.0000 1.0000 0.0000
vn 0.0000 1.0000 0.0000
vn 0.0000 1.0000 0.0000
vn 0.0000 1.0000 0.0000
vn 0.0000 1.0000 0.0000
vn 0.0000 1.0000 0.0000
vn 0.0000 1.0000 0.0000
vn 0.0000 1.0000 0.0000
vn 0.0000 1.0000 0.0000
vn 0.0000 1.0000 0.0000
vn 0.0000 1.0000 0.0000
vn 0.0000 1.0000 0.0000
vn 0.0000 1.0000 0.0000
vn 0.0000 1.0000 0.0000
vn 0.0000 1.0000 0.0000
vn 0.0000 1.0000 0.0000
vn 0.0000 1.0000 0.0000
vn 0.0000 1.0000 0.0000
vn 0.0000 1.0000 0.0000
vn 0.0000 1.0000 0.0000
vn 0.0000 1.0000 0.0000
vn 0.0000 1.0000 0.0000
vn 0.0000 1.0000 0.0000
vn 0.0000 1.0000 0.0000
vn 0.0000 1.0000 0.0000
vn 0.0000 1.0000 0.0000
vn 0.0000 1.0000 0.0000
vn 0.0000 1.0000 0.0000
vn 0.0000 1.0000 0.0000
vn 0.0000 1.0000 0.0000
vn 0.0000 1.0000 0.0000
vn 0.0000 1.0000 0.0000
vn 0.0000 1.0000 0.0000
vn 0.0000 1.0000 0.0000
vn 0.0000 1.0000 0.0000
vn 0.0000 1.0000 0.0000
vn 0.0000 1.0000 0.0000
vn 0.0000 1.0000 0.0000
vn 0.0000 1.0000 0.0000
vn 0.0000 1.0000 0.0000
vn 0.0000 1.0000 0.0000
vn 0.0000 1.0000 0.0000
vn 0.0000 1.0000 0.0000
vn 0.0000 1.0000 0.0000
vn 0.0000 1.0000 0.0000
vn 0.0000 1.0000 0.0000
vn 0.0000 1.0000 0.0000
vn 0.0000 1.0000 0.0000
vn 0.0000 1.0000 0.0000
vn 0.0000 1.0000 0.0000
vn 0.0000 1.0000 0.0000
vn 0.0000 1.0000 0.0000
vn 0.0000 1.0000 0.0000
vn 0.0000 1.0000 0.0000
vn 0.0000 1.0000 0.0000
vn 0.0000 1.0000 0.0000
vn 0.0000 1.0000 0.0000
vn 0.0000 1.0000 0.0000
vn 0.0000 1.0000 0.0000
vn 0.0000 1.0000 0.0000
vn 0.0000 1.0000 0.0000
vn 0.0000 1.0000 0.0000
vn 0.0000 1.0000 0.0000
vn 0.0000 1.0000 0.0000
vn 0.0000 1.0000 0.0000
vn 0.0000 1.0000 0.0000
vn 0.0000 1.0000 0.0000
vn 0.0000 1.0000 0.0000
vn 0.0000 1.0000 0.0000
vn 0.0000 1.0000 0.0000
vn 0.0000 1.0000 0.0000
vn 0.0000 1.0000 0.0000
vn 0.0000 1.0000 0.0000
vn 0.0000 1.0000 0.0000
vn 0.0000 1.0000 0.0000
vn 0.0000 1.0000 0.0000
vn 0.0000 1.0000 0.0000
vn 0.0000 1.0000 0.0000
vn 0.0000 1.0000 0.0000
vn 0.0000 1.0000 0.0000
vn 0.0000 1.0000 0.0000
vn 0.0000 1.0000 0.0000
vn 0.0000 1.0000 0.0000
vn 0.0000 1.0000 0.0000
vn 0.0000 1.0000 0.0000
vn 0.0000 1.0000 0.0000
vn 0.0000 1.0000 0.0000
vn 0.0000 1.0000 0.0000
vn 0.0000 1.0000 0.0000
vn 0.0000 1.0000 0.0000
vn 0.0000 1.0000 0.0000
vn 0.0000 1.0000 0.0000
vn 0.0000 1.0000 0.0000
vn 0.0000 1.0000 0.0000
vn 0.0000 1.0000 0.0000
vn 0.0000 1.0000 0.0000
vn 0.0000 1.0000 0.0000
vn 0.0000 1.0000 0.0000
vn 0.0000 1.0000 0.0000
vn 0.0000 1.0000 0.0000
vn 0.0000 1.0000 0.0000
vn 0.0000 1.0000 0.0000
vn 0.0000 1.0000 0.0000
vn 0.0000 1.0000 0.0000
vn 0.0000 1.0000 0.0000
vn 0.0000 1.0000 0.0000
vn 0.0000 1.0000 0.0000
vn 0.0000 1.0000 0.0000
vn 0.0000 1.0000 0.0000
vn 0.0000 1.0000 0.0000
vn 0.0000 1.0000 0.0000
vn 0.0000 1.0000 0.0000
vn 0.0000 1.0000 0.0000
vn 0.0000 1.0000 0.0000
vn 0.0000 1.0000 0.0000
vn 0.0000 1.0000 0.0000
vn 0.0000 1.0000 0.0000
vn 0.0000 1.0000 0.0000
vn 0.0000 1.0000 0.0000
vn 0.0000 1.0000 0.0000
vn 0.0000 1.0000 0.0000
vn 0.0000 1.0000 0.0000
vn 0.0000 1.0000 0.0000
vn 0.0000 1.0000 0.0000
vn 0.0000 1.0000 0.0000
vn 0.0000 1.0000 0.0000
vn 0.0000 1.0000 0.0000
vn 0.0000 1.0000 0.0000
vn 0.0000 1.0000 0.0000
vn 0.0000 1.0000 0.0000
vn 0.0000 1.0000 0.0000
vn 0.0000 1.0000 0.0000
vn 0.0000 1.0000 0.0000
vn 0.0000 1.0000 0.0000
vn 0.0000 1.0000 0.0000
vn 0.0000 1.0000 0.0000
vn 0.0000 1.0000 0.0000
vn 0.0000 1.0000 0.0000
vn 0.0000 1.0000 0.0000
vn 0.0000 1.0000 0.0000
vn 0.0000 1.0000 0.0000
vn 0.0000 1.0000 0.0000
vn 0.0000 1.0000 0.0000
vn 0.0000 1.0000 0.0000
vn 0.0000 1.0000 0.0000
vn 0.0000 1.0000 0.0000
vn 0.0000 1.0000 0.0000
vn 0.0000 1.0000 0.0000
vn 0.0000 1.0000 0.0000
vn 0.0000 1.0000 0.0000
vn 0.0000 1.0000 0.0000
vn 0.0000 1.0000 0.0000
vn 0.0000 1.0000 0.0000
vn 0.0000 1.0000 0.0000
vn 0.0000 1.0000 0.0000
vn 0.0000 1.0000 0.0000
vn 0.0000 1.0000 0.0000
vn 0.0000 1.0000 0.0000
vn 0.0000 1.0000 0.0000
vn 0.0000 1.0000 0.0000
vn 0.0000 1.0000 0.0000
vn 0.0000 1.0000 0.0000
vn 0.0000 1.0000 0.0000
vn 0.0000 1.0000 0.0000
vn 0.0000 1.0000 0.0000
vn 0.0000 1.0000 0.0000
vn 0.0000 1.0000 0.0000
vn 0.0000 1.0000 0.0000
vn 0.0000 1.0000 0.0000
vn 0.0000 1.0000 0.0000
vn 0.0000 1.0000 0.0000
vn 0.0000 1.0000 0.0000
vn 0.0000 1.0000 0.0000
vn 0.0000 1.0000 0.0000
vn 0.0000 1.0000 0.0000
vn 0.0000 1.0000 0.0000
vn 0.0000 1.0000 0.0000
vn 0.0000 1.0000 0.0000
vn 0.0000 1.0000 0.0000
vn 0.0000 1.0000 0.0000
vn 0.0000 1.0000 0.0000
vn 0.0000 1.0000 0.0000
vn 0.0000 1.0000 0.0000
vn 0.0000 1.0000 0.0000
vn 0.0000 1.0000 0.0000
vn 0.0000 1.0000 0.0000
vn 0.0000 1.0000 0.0000
vn 0.0000 1.0000 0.0000
vn 0.0000 1.0000 0.0000
vn 0.0000 1.0000 0.0000
vn 0.0000 1.0000 0.0000
vn 0.0000 1.0000 0.0000
vn 0.0000 1.0000 0.0000
vn 0.0000 1.0000 0.0000
vn 0.0000 1.0000 0.0000
vn 0.0000 1.0000 0.0000
vn 0.0000 1.0000 0.0000
vn 0.0000 1.0000 0.0000
vn 0.0000 1.0000 0.0000
vn 0.0000 1.0000 0.0000
vn 0.0000 1.0000 0.0000
vn 0.0000 1.0000 0.0000
vn 0.0000 1.0000 0.0000
vn 0.0000 1.0000 0.0000
vn 0.0000 1.0000 0.0000
vn 0.0000 1.0000 0.0000
vn 0.0000 1.0000 0.0000
vn 0.0000 1.0000 0.0000
vn 0.0000 1.0000 0.0000
vn 0.0000 1.0000 0.0000
vn 0.0000 1.0000 0.0000
vn 0.0000 1.0000 0.0000
vn 0.0000 1.0000 0.0000
vn 0.0000 1.0000 0.0000
vn 0.0000 1.0000 0.0000
vn 0.0000 1.0000 0.0000
vn 0.0000 1.0000 0.0000
vn 0.0000 1.0000 0.0000
vn 0.0000 1.0000 0.0000
vn 0.0000 1.0000 0.0000
vn 0.0000 1.0000 0.0000
vn 0.0000 1.0000 0.0000
vn 0.0000 1.0000 0.0000
vn 0.0000 1.0000 0.0000
vn 0.0000 1.0000 0.0000
vn 0.0000 1.0000 0.0000
vn 0.0000 1.0000 0.0000
vn 0.0000 1.0000 0.0000
vn 0.0000 1.0000 0.0000
vn 0.0000 1.0000 0.0000
vn 0.0000 1.0000 0.0000
vn 0.0000 1.0000 0.0000
vn 0.0000 1.0000 0.0000
vn 0.0000 1.0000 0.0000
vn 0.0000 1.0000 0.0000
vn 0.0000 1.0000 0.0000
vn 0.0000 1.0000 0.0000
vn 0.0000 1.0000 0.0000
vn 0.0000 1.0000 0.0000
vn 0.0000 1.0000 0.0000
vn 0.0000 1.0000 0.0000
vn 0.0000 1.0000 0.0000
vn 0.0000 1.0000 0.0000
vn 0.0000 1.0000 0.0000
vn 0.0000 1.0000 0.0000
vn 0.0000 1.0000 0.0000
vn 0.0000 1.0000 0.0000
vn 0.0000 1.0000 0.0000
vn 0.0000 1.0000 0.0000
vn 0.0000 1.0000 0.0000
vn 0.0000 1.0000 0.0000
vn 0.0000 1.0000 0.0000
vn 0.0000 1.0000 0.0000
vn 0.0000 1.0000 0.0000
vn 0.0000 1.0000 0.0000
vn 0.0000 1.0000 0.0000
vn 0.0000 1.0000 0.0000
vn 0.0000 1.0000 0.0000
vn 0.0000 1.0000 0.0000
vn 0.0000 1.0000 0.0000
vn 0.0000 1.0000 0.0000
vn 0.0000 1.0000 0.0000
vn 0.0000 1.0000 0.0000
vn 0.0000 1.0000 0.0000
vn 0.0000 1.0000 0.0000
vn 0.0000 1.0000 0.0000
vn 0.0000 1.0000 0.0000
vn 0.0000 1.0000 0.0000
vn 0.0000 1.0000 0.0000
vn 0.0000 1.0000 0.0000
vn 0.0000 1.0000 0.0000
vn 0.0000 1.0000 0.0000
vn 0.0000 1.0000 0.0000
vn 0.0000 1.0000 0.0000
vn 0.0000 1.0000 0.0000
vn 0.0000 1.0000 0.0000
vn 0.0000 1.0000 0.0000
vn 0.0000 1.0000 0.0000
vn 0.0000 1.0000 0.0000
vn 0.0000 1.0000 0.0000
vn 0.0000 1.0000 0.0000
vn 0.0000 1.0000 0.0000
vn 0.0000 1.0000 0.0000
vn 0.0000 1.0000 0.0000
vn 0.0000 1.0000 0.0000
vn 0.0000 1.0000 0.0000
vn 0.0000 1.0000 0.0000
vn 0.0000 1.0000 0.0000
vn 0.0000 1.0000 0.0000
vn 0.0000 1.0000 0.0000
vn 0.0000 1.0000 0.0000
vn 0.0000 1.0000 0.0000
vn 0.0000 1.0000 0.0000
vn 0.0000 1.0000 0.0000
vn 0.0000 1.0000 0.0000
vn 0.0000 1.0000 0.0000
vn 0.0000 1.0000 0.0000
vn 0.0000 1.0000 0.0000
vn 0.0000 1.0000 0.0000
vn 0.0000 1.0000 0.0000
vn 0.0000 1.0000 0.0000
vn 0.0000 1.0000 0.0000
vn 0.0000 1.0000 0.0000
vn 0.0000 1.0000 0.0000
vn 0.0000 1.0000 0.0000
vn 0.0000 1.0000 0.0000
vn 0.0000 1.0000 0.0000
vn 0.0000 1.0000 0.0000
vn 0.0000 1.0000 0.0000
vn 0.0000 1.0000 0.0000
vn 0.0000 1.0000 0.0000
vn 0.0000 1.0000 0.0000
vn 0.0000 1.0000 0.0000
vn 0.0000 1.0000 0.0000
vn 0.0000 1.0000 0.0000
vn 0.0000 1.0000 0.0000
vn 0.0000 1.0000 0.0000
vn 0.0000 1.0000 0.0000
vn 0.0000 1.0000 0.0000
vn 0.0000 1.0000 0.0000
vn 0.0000 1.0000 0.0000
vn 0.0000 1.0000 0.0000
vn 0.0000 1.0000 0.0000
vn 0.0000 1.0000 0.0000
vn 0.0000 1.0000 0.0000
vn 0.0000 1.0000 0.0000
vn 0.0000 1.0000 0.0000
vn 0.0000 1.0000 0.0000
vn 0.0000 1.0000 0.0000
vn 0.0000 1.0000 0.0000
vn 0.0000 1.0000 0.0000
vn 0.0000 1.0000 0.0000
vn 0.0000 1.0000 0.0000
vn 0.0000 1.0000 0.0000
vn 0.0000 1.0000 0.0000
vn 0.0000 1.0000 0.0000
vn 0.0000 1.0000 0.0000
vn 0.0000 1.0000 0.0000
vn 0.0000 1.0000 0.0000
vn 0.0000 1.0000 0.0000
vn 0.0000 1.0000 0.0000
vn 0.0000 1.0000 0.0000
vn 0.0000 1.0000 0.0000
vn 0.0000 1.0000 0.0000
vn 0.0000 1.0000 0.0000
vn 0.0000 1.0000 0.0000
vn 0.0000 1.0000 0.0000
vn 0.0000 1.0000 0.0000
vn 0.0000 1.0000 0.0000
vn 0.0000 1.0000 0.0000
vn 0.0000 1.0000 0.0000
vn 0.0000 1.0000 0.0000
vn 0.0000 1.0000 0.0000
vn 0.0000 1.0000 0.0000
vn 0.0000 1.0000 0.0000
vn 0.0000 1.0000 0.0000
vn 0.0000 1.0000 0.0000
vn 0.0000 1.0000 0.0000
vn 0.0000 1.0000 0.0000
vn 0.0000 1.0000 0.0000
vn 0.0000 1.0000 0.0000
vn 0.0000 1.0000 0.0000
vn 0.0000 1.0000 0.0000
vn 0.0000 1.0000 0.0000
vn 0.0000 1.0000 0.0000
vn 0.0000 1.0000 0.0000
vn 0.0000 1.0000 0.0000
vn 0.0000 1.0000 0.0000
vn 0.0000 1.0000 0.0000
vn 0.0000 1.0000 0.0000
vn 0.0000 1.0000 0.0000
vn 0.0000 1.0000 0.0000
vn 0.0000 1.0000 0.0000
vn 0.0000 1.0000 0.0000
vn 0.0000 1.0000 0.0000
vn 0.0000 1.0000 0.0000
vn 0.0000 1.0000 0.0000
vn 0.0000 1.0000 0.0000
vn 0.0000 1.0000 0.0000
vn 0.0000 1.0000 0.0000
vn 0.0000 1.0000 0.0000
vn 0.0000 1.0000 0.0000
vn 0.0000 1.0000 0.0000
vn 0.0000 1.0000 0.0000
vn 0.0000 1.0000 0.0000
vn 0.0000 1.0000 0.0000
vn 0.0000 1.0000 0.0000
vn 0.0000 1.0000 0.0000
vn 0.0000 1.0000 0.0000
vn 0.0000 1.0000 0.0000
vn 0.0000 1.0000 0.0000
vn 0.0000 1.0000 0.0000
vn 0.0000 1.0000 0.0000
vn 0.0000 1.0000 0.0000
vn 0.0000 1.0000 0.0000
vn 0.0000 1.0000 0.0000
vn 0.0000 1.0000 0.0000
vn 0.0000 1.0000 0.0000
vn 0.0000 1.0000 0.0000
vn 0.0000 1.0000 0.0000
vn 0.0000 1.0000 0.0000
vn 0.0000 1.0000 0.0000
vn 0.0000 1.0000 0.0000
vn 0.0000 1.0000 0.0000
vn 0.0000 1.0000 0.0000
vn 0.0000 1.0000 0.0000
vn 0.0000 1.0000 0.0000
vn 0.0000 1.0000 0.0000
vn 0.0000 1.0000 0.0000
vn 0.0000 1.0000 0.0000
vn 0.0000 1.0000 0.0000
vn 0.0000 1.0000 0.0000
vn 0.0000 1.0000 0.0000
vn 0.0000 1.0000 0.0000
vn 0.0000 1.0000 0.0000
vn 0.0000 1.0000 0.0000
vn 0.0000 1.0000 0.0000
vn 0.0000 1.0000 0.0000
vn 0.0000 1.0000 0.0000
vn 0.0000 1.0000 0.0000
vn 0.0000 1.0000 0.0000
vn 0.0000 1.0000 0.0000
vn 0.0000 1.0000 0.0000
vn 0.0000 1.0000 0.0000
vn 0.0000 1.0000 0.0000
vn 0.0000 1.0000 0.0000
vn 0.0000 1.0000 0.0000
vn 0.0000 1.0000 0.0000
vn 0.0000 1.0000 0.0000
vn 0.0000 1.0000 0.0000
vn 0.0000 1.0000 0.0000
vn 0.0000 1.0000 0.0000
vn 0.0000 1.0000 0.0000
vn 0.0000 1.0000 0.0000
vn 0.0000 1.0000 0.0000
vn 0.0000 1.0000 0.0000
vn 0.0000 1.0000 0.0000
vn 0.0000 1.0000 0.0000
vn 0.0000 1.0000 0.0000
vn 0.0000 1.0000 0.0000
vn 0.0000 1.0000 0.0000
vn 0.0000 1.0000 0.0000
vn 0.0000 1.0000 0.0000
vn 0.0000 1.0000 0.0000
vn 0.0000 1.0000 0.0000
vn 0.0000 1.0000 0.0000
vn 0.0000 1.0000 0.0000
vn 0.0000 1.0000 0.0000
vn 0.0000 1.0000 0.0000
vn 0.0000 1.0000 0.0000
vn 0.0000 1.0000 0.0000
vn 0.0000 1.0000 0.0000
vn 0.0000 1.0000 0.0000
vn 0.0000 1.0000 0.0000
vn 0.0000 1.0000 0.0000
vn 0.0000 1.0000 0.0000
vn 0.0000 1.0000 0.0000
vn 0.0000 1.0000 0.0000
vn 0.0000 1.0000 0.0000
vn 0.0000 1.0000 0.0000
vn 0.0000 1.0000 0.0000
vn 0.0000 1.0000 0.0000
vn 0.0000 1.0000 0.0000
vn 0.0000 1.0000 0.0000
vn 0.0000 1.0000 0.0000
vn 0.0000 1.0000 0.0000
vn 0.0000 1.0000 0.0000
vn 0.0000 1.0000 0.0000
vn 0.0000 1.0000 0.0000
vn 0.0000 1.0000 0.0000
vn 0.0000 1.0000 0.0000
vn 0.0000 1.0000 0.0000
vn 0.0000 1.0000 0.0000
vn 0.0000 1.0000 0.0000
vn 0.0000 1.0000 0.0000
vn 0.0000 1.0000 0.0000
vn 0.0000 1.0000 0.0000
vn 0.0000 1.0000 0.0000
vn 0.0000 1.0000 0.0000
vn 0.0000 1.0000 0.0000
vn 0.0000 1.0000 0.0000
vn 0.0000 1.0000 0.0000
vn 0.0000 1.0000 0.0000
vn 0.0000 1.0000 0.0000
vn 0.0000 1.0000 0.0000
vn 0.0000 1.0000 0.0000
vn 0.0000 1.0000 0.0000
vn 0.0000 1.0000 0.0000
vn 0.0000 1.0000 0.0000
vn 0.0000 1.0000 0.0000
vn 0.0000 1.0000 0.0000
vn 0.0000 1.0000 0.0000
vn 0.0000 1.0000 0.0000
vn 0.0000 1.0000 0.0000
vn 0.0000 1.0000 0.0000
vn 0.0000 1.0000 0.0000
vn 0.0000 1.0000 0.0000
vn 0.0000 1.0000 0.0000
vn 0.0000 1.0000 0.0000
vn 0.0000 1.0000 0.0000
vn 0.0000 1.0000 0.0000
vn 0.0000 1.0000 0.0000
vn 0.0000 1.0000 0.0000
vn 0.0000 1.0000 0.0000
vn 0.0000 1.0000 0.0000
vn 0.0000 1.0000 0.0000
vn 0.0000 1.0000 0.0000
vn 0.0000 1.0000 0.0000
vn 0.0000 1.0000 0.0000
vn 0.0000 1.0000 0.0000
vn 0.0000 1.0000 0.0000
vn 0.0000 1.0000 0.0000
vn 0.0000 1.0000 0.0000
vn 0.0000 1.0000 0.0000
vn 0.0000 1.0000 0.0000
vn 0.0000 1.0000 0.0000
vn 0.0000 1.0000 0.0000
vn 0.0000 1.0000 0.0000
vn 0.0000 1.0000 0.0000
vn 0.0000 1.0000 0.0000
vn 0.0000 1.0000 0.0000
vn 0.0000 1.0000 0.0000
vn 0.0000 1.0000 0.0000
vn 0.0000 1.0000 0.0000
vn 0.0000 1.0000 0.0000
vn 0.0000 1.0000 0.0000
vn 0.0000 1.0000 0.0000
vn 0.0000 1.0000 0.0000
vn 0.0000 1.0000 0.0000
vn 0.0000 1.0000 0.0000
vn 0.0000 1.0000 0.0000
vn 0.0000 1.0000 0.0000
vn 0.0000 1.0000 0.0000
vn 0.0000 1.0000 0.0000
vn 0.0000 1.0000 0.0000
vn 0.0000 1.0000 0.0000
vn 0.0000 1.0000 0.0000
vn 0.0000 1.0000 0.0000
vn 0.0000 1.0000 0.0000
vn 0.0000 1.0000 0.0000
vn 0.0000 1.0000 0.0000
vn 0.0000 1.0000 0.0000
vn 0.0000 1.0000 0.0000
vn 0.0000 1.0000 0.0000
vn 0.0000 1.0000 0.0000
vn 0.0000 1.0000 0.0000
vn 0.0000 1.0000 0.0000
vn 0.0000 1.0000 0.0000
vn 0.0000 1.0000 0.0000
vn 0.0000 1.0000 0.0000
vn 0.0000 1.0000 0.0000
vn 0.0000 1.0000 0.0000
vn 0.0000 1.0000 0.0000
vn 0.0000 1.0000 0.0000
vn 0.0000 1.0000 0.0000
vn 0.0000 1.0000 0.0000
vn 0.0000 1.0000 0.0000
vn 0.0000 1.0000 0.0000
vn 0.0000 1.0000 0.0000
vn 0.0000 1.0000 0.0000
vn 0.0000 1.0000 0.0000
vn 0.0000 1.0000 0.0000
vn 0.0000 1.0000 0.0000
vn 0.0000 1.0000 0.0000
vn 0.0000 1.0000 0.0000
vn 0.0000 1.0000 0.0000
vn 0.0000 1.0000 0.0000
vn 0.0000 1.0000 0.0000
vn 0.0000 1.0000 0.0000
vn 0.0000 1.0000 0.0000
vn 0.0000 1.0000 0.0000
vn 0.0000 1.0000 0.0000
vn 0.0000 1.0000 0.0000
vn 0.0000 1.0000 0.0000
vn 0.0000 1.0000 0.0000
vn 0.0000 1.0000 0.0000
vn 0.0000 1.0000 0.0000
vn 0.0000 1.0000 0.0000
vn 0.0000 1.0000 0.0000
vn 0.0000 1.0000 0.0000
vn 0.0000 1.0000 0.0000
vn 0.0000 1.0000 0.0000
vn 0.0000 1.0000 0.0000
vn 0.0000 1.0000 0.0000
vn 0.0000 1.0000 0.0000
vn 0.0000 1.0000 0.0000
vn 0.0000 1.0000 0.0000
vn 0.0000 1.0000 0.0000
vn 0.0000 1.0000 0.0000
vn 0.0000 1.0000 0.0000
vn 0.0000 1.0000 0.0000
vn 0.0000 1.0000 0.0000
vn 0.0000 1.0000 0.0000
vn 0.0000 1.0000 0.0000
vn 0.0000 1.0000 0.0000
vn 0.0000 1.0000 0.0000
vn 0.0000 1.0000 0.0000
vn 0.0000 1.0000 0.0000
vn 0.0000 1.0000 0.0000
vn 0.0000 1.0000 0.0000
vn 0.0000 1.0000 0.0000
vn 0.0000 1.0000 0.0000
vn 0.0000 1.0000 0.0000
vn 0.0000 1.0000 0.0000
vn 0.0000 1.0000 0.0000
vn 0.0000 1.0000 0.0000
vn 0.0000 1.0000 0.0000
vn 0.0000 1.0000 0.0000
vn 0.0000 1.0000 0.0000
vn 0.0000 1.0000 0.0000
vn 0.0000 1.0000 0.0000
vn 0.0000 1.0000 0.0000
vn 0.0000 1.0000 0.0000
vn 0.0000 1.0000 0.0000
vn 0.0000 1.0000 0.0000
vn 0.0000 1.0000 0.0000
vn 0.0000 1.0000 0.0000
vn 0.0000 1.0000 0.0000
vn 0.0000 1.0000 0.0000
vn 0.0000 1.0000 0.0000
vn 0.0000 1.0000 0.0000
vn 0.0000 1.0000 0.0000
vn 0.0000 1.0000 0.0000
vn 0.0000 1.0000 0.0000
vn 0.0000 1.0000 0.0000
vn 0.0000 1.0000 0.0000
vn 0.0000 1.0000 0.0000
vn 0.0000 1.0000 0.0000
vn 0.0000 1.0000 0.0000
vn 0.0000 1.0000 0.0000
vn 0.0000 1.0000 0.0000
vn 0.0000 1.0000 0.0000
vn 0.0000 1.0000 0.0000
vn 0.0000 1.0000 0.0000
vn 0.0000 1.0000 0.0000
vn 0.0000 1.0000 0.0000
vn 0.0000 1.0000 0.0000
vn 0.0000 1.0000 0.0000
vn 0.0000 1.0000 0.0000
vn 0.0000 1.0000 0.0000
vn 0.0000 1.0000 0.0000
vn 0.0000 1.0000 0.0000
vn 0.0000 1.0000 0.0000
vn 0.0000 1.0000 0.0000
vn 0.0000 1.0000 0.0000
vn 0.0000 1.0000 0.0000
vn 0.0000 1.0000 0.0000
vn 0.0000 1.0000 0.0000
vn 0.0000 1.0000 0.0000
vn 0.0000 1.0000 0.0000
vn 0.0000 1.0000 0.0000
vn 0.0000 1.0000 0.0000
vn 0.0000 1.0000 0.0000
vn 0.0000 1.0000 0.0000
vn 0.0000 1.0000 0.0000
vn 0.0000 1.0000 0.0000
vn 0.0000 1.0000 0.0000
vn 0.0000 1.0000 0.0000
vn 0.0000 1.0000 0.0000
vn 0.0000 1.0000 0.0000
vn 0.0000 1.0000 0.0000
vn 0.0000 1.0000 0.0000
vn 0.0000 1.0000 0.0000
vn 0.0000 1.0000 0.0000
vn 0.0000 1.0000 0.0000
vn 0.0000 1.0000 0.0000
vn 0.0000 1.0000 0.0000
vn 0.0000 1.0000 0.0000
vn 0.0000 1.0000 0.0000
vn 0.0000 1.0000 0.0000
vn 0.0000 1.0000 0.0000
vn 0.0000 1.0000 0.0000
vn 0.0000 1.0000 0.0000
vn 0.0000 1.0000 0.0000
vn 0.0000 1.0000 0.0000
vn 0.0000 1.0000 0.0000
vn 0.0000 1.0000 0.0000
vn 0.0000 1.0000 0.0000
vn 0.0000 1.0000 0.0000
vn 0.0000 1.0000 0.0000
vn 0.0000 1.0000 0.0000
vn 0.0000 1.0000 0.0000
vn 0.0000 1.0000 0.0000
vn 0.0000 1.0000 0.0000
vn 0.0000 1.0000 0.0000
vn 0.0000 1.0000 0.0000
vn 0.0000 1.0000 0.0000
vn 0.0000 1.0000 0.0000
vn 0.0000 1.0000 0.0000
vn 0.0000 1.0000 0.0000
vn 0.0000 1.0000 0.0000
vn 0.0000 1.0000 0.0000
vn 0.0000 1.0000 0.0000
vn 0.0000 1.0000 0.0000
vn 0.0000 1.0000 0.0000
vn 0.0000 1.0000 0.0000
vn 0.0000 1.0000 0.0000
vn 0.0000 1.0000 0.0000
vn 0.0000 1.0000 0.0000
vn 0.0000 1.0000 0.0000
vn 0.0000 1.0000 0.0000
vn 0.0000 1.0000 0.0000
vn 0.0000 1.0000 0.0000
vn 0.0000 1.0000 0.0000
vn 0.0000 1.0000 0.0000
vn 0.0000 1.0000 0.0000
vn 0.0000 1.0000 0.0000
vn 0.0000 1.0000 0.0000
vn 0.0000 1.0000 0.0000
vn 0.0000 1.0000 0.0000
vn 0.0000 1.0000 0.0000
vn 0.0000 1.0000 0.0000
vn 0.0000 1.0000 0.0000
vn 0.0000 1.0000 0.0000
vn 0.0000 1.0000 0.0000
vn 0.0000 1.0000 0.0000
vn 0.0000 1.0000 0.0000
vn 0.0000 1.0000 0.0000
vn 0.0000 1.0000 0.0000
vn 0.0000 1.0000 0.0000
vn 0.0000 1.0000 0.0000
vn 0.0000 1.0000 0.0000
vn 0.0000 1.0000 0.0000
vn 0.0000 1.0000 0.0000
vn 0.0000 1.0000 0.0000
vn 0.0000 1.0000 0.0000
vn 0.0000 1.0000 0.0000
vn 0.0000 1.0000 0.0000
vn 0.0000 1.0000 0.0000
vn 0.0000 1.0000 0.0000
vn 0.0000 1.0000 0.0000
vn 0.0000 1.0000 0.0000
vn 0.0000 1.0000 0.0000
vn 0.0000 1.0000 0.0000
vn 0.0000 1.0000 0.0000
vn 0.0000 1.0000 0.0000
vn 0.0000 1.0000 0.0000
vn 0.0000 1.0000 0.0000
vn 0.0000 1.0000 0.0000
vn 0.0000 1.0000 0.0000
vn 0.0000 1.0000 0.0000
vn 0.0000 1.0000 0.0000
vn 0.0000 1.0000 0.0000
vn 0.0000 1.0000 0.0000
vn 0.0000 1.0000 0.0000
vn 0.0000 1.0000 0.0000
vn 0.0000 1.0000 0.0000
vn 0.0000 1.0000 0.0000
vn 0.0000 1.0000 0.0000
vn 0.0000 1.0000 0.0000
vn 0.0000 1.0000 0.0000
vn 0.0000 1.0000 0.0000
vn 0.0000 1.0000 0.0000
vn 0.0000 1.0000 0.0000
vn 0.0000 1.0000 0.0000
vn 0.0000 1.0000 0.0000
vn 0.0000 1.0000 0.0000
vn 0.0000 1.0000 0.0000
vn 0.0000 1.0000 0.0000
vn 0.0000 1.0000 0.0000
vn 0.0000 1.0000 0.0000
vn 0.0000 1.0000 0.0000
vn 0.0000 1.0000 0.0000
vn 0.0000 1.0000 0.0000
vn 0.0000 1.0000 0.0000
vn 0.0000 1.0000 0.0000
vn 0.0000 1.0000 0.0000
vn 0.0000 1.0000 0.0000
vn 0.0000 1.0000 0.0000
vn 0.0000 1.0000 0.0000
vn 0.0000 1.0000 0.0000
vn 0.0000 1.0000 0.0000
vn 0.0000 1.0000 0.0000
vn 0.0000 1.0000 0.0000
vn 0.0000 1.0000 0.0000
vn 0.0000 1.0000 0.0000
vn 0.0000 1.0000 0.0000
vn 0.0000 1.0000 0.0000
vn 0.0000 1.0000 0.0000
vn 0.0000 1.0000 0.0000
vn 0.0000 1.0000 0.0000
vn 0.0000 1.0000 0.0000
vn 0.0000 1.0000 0.0000
vn 0.0000 1.0000 0.0000
vn 0.0000 1.0000 0.0000
vn 0.0000 1.0000 0.0000
vn 0.0000 1.0000 0.0000
vn 0.0000 1.0000 0.0000
vn 0.0000 1.0000 0.0000
vn 0.0000 1.0000 0.0000
vn 0.0000 1.0000 0.0000
vn 0.0000 1.0000 0.0000
vn 0.0000 1.0000 0.0000
vn 0.0000 1.0000 0.0000
vn 0.0000 1.0000 0.0000
vn 0.0000 1.0000 0.0000
vn 0.0000 1.0000 0.0000
vn 0.0000 1.0000 0.0000
vn 0.0000 1.0000 0.0000
vn 0.0000 1.0000 0.0000
vn 0.0000 1.0000 0.0000
vn 0.0000 1.0000 0.0000
vn 0.0000 1.0000 0.0000
vn 0.0000 1.0000 0.0000
vn 0.0000 1.0000 0.0000
vn 0.0000 1.0000 0.0000
vn 0.0000 1.0000 0.0000
vn 0.0000 1.0000 0.0000
vn 0.0000 1.0000 0.0000
vn 0.0000 1.0000 0.0000
vn 0.0000 1.0000 0.0000
vn 0.0000 1.0000 0.0000
vn 0.0000 1.0000 0.0000
vn 0.0000 1.0000 0.0000
vn 0.0000 1.0000 0.0000
vn 0.0000 1.0000 0.0000
vn 0.0000 1.0000 0.0000
vn 0.0000 1.0000 0.0000
vn 0.0000 1.0000 0.0000
vn 0.0000 1.0000 0.0000
vn 0.0000 1.0000 0.0000
vn 0.0000 1.0000 0.0000
vn 0.0000 1.0000 0.0000
vn 0.0000 1.0000 0.0000
vn 0.0000 1.0000 0.0000
vn 0.0000 1.0000 0.0000
vn 0.0000 1.0000 0.0000
vn 0.0000 1.0000 0.0000
vn 0.0000 1.0000 0.0000
vn 0.0000 1.0000 0.0000
vn 0.0000 1.0000 0.0000
vn 0.0000 1.0000 0.0000
vn 0.0000 1.0000 0.0000
vn 0.0000 1.0000 0.0000
vn 0.0000 1.0000 0.0000
vn 0.0000 1.0000 0.0000
vn 0.0000 1.0000 0.0000
vn 0.0000 1.0000 0.0000
vn 0.0000 1.0000 0.0000
vn 0.0000 1.0000 0.0000
vn 0.0000 1.0000 0.0000
vn 0.0000 1.0000 0.0000
vn 0.0000 1.0000 0.0000
vn 0.0000 1.0000 0.0000
vn 0.0000 1.0000 0.0000
vn 0.0000 1.0000 0.0000
vn 0.0000 1.0000 0.0000
vn 0.0000 1.0000 0.0000
vn 0.0000 1.0000 0.0000
vn 0.0000 1.0000 0.0000
vn 0.0000 1.0000 0.0000
vn 0.0000 1.0000 0.0000
vn 0.0000 1.0000 0.0000
vn 0.0000 1.0000 0.0000
vn 0.0000 1.0000 0.0000
vn 0.0000 1.0000 0.0000
vn 0.0000 1.0000 0.0000
vn 0.0000 1.0000 0.0000
vn 0.0000 1.0000 0.0000
vn 0.0000 1.0000 0.0000
vn 0.0000 1.0000 0.0000
vn 0.0000 1.0000 0.0000
vn 0.0000 1.0000 0.0000
vn 0.0000 1.0000 0.0000
vn 0.0000 1.0000 0.0000
vn 0.0000 1.0000 0.0000
vn 0.0000 1.0000 0.0000
vn 0.0000 1.0000 0.0000
vn 0.0000 1.0000 0.0000
vn 0.0000 1.0000 0.0000
vn 0.0000 1.0000 0.0000
vn 0.0000 1.0000 0.0000
vn 0.0000 1.0000 0.0000
vn 0.0000 1.0000 0.0000
vn 0.0000 1.0000 0.0000
vn 0.0000 1.0000 0.0000
vn 0.0000 1.0000 0.0000
vn 0.0000 1.0000 0.0000
vn 0.0000 1.0000 0.0000
vn 0.0000 1.0000 0.0000
vn 0.0000 1.0000 0.0000
vn 0.0000 1.0000 0.0000
vn 0.0000 1.0000 0.0000
vn 0.0000 1.0000 0.0000
f 1 2 3
f 4 5 6
f 7 8 9
f 10 11 12
f 13 14 15
f 16 17 18
f 19 20 21
f 22 23 24
f 25 26 27
f 28 29 30
f 31 32 33
f 34 35 36
f 37 38 39
f 40 41 42
f 43 44 45
f 46 47 48
f 49 50 51
f 52 53 54
f 55 56 57
f 58 59 60
f 61 62 63
f 64 65 66
f 67 68 69
f 70 71 72
f 73 74 75
f 76 77 78
f 79 80 81
f 82 83 84
f 85 86 87
f 88 89 90
f 91 92 93
f 94 95 96
f 97 98 99
f 100 101 102
f 103 104 105
f 106 107 108
f 109 110 111
f 112 113 114
f 115 116 117
f 118 119 120
f 121 122 123
f 124 125 126
f 127 128 129
f 130 131 132
f 133 134 135
f 136 137 138
f 139 140 141
f 142 143 144
f 145 146 147
f 148 149 150
f 151 152 153
f 154 155 156
f 157 158 159
f 160 161 162
f 163 164 165
f 166 167 168
f 169 170 171
f 172 173 174
f 175 176 177
f 178 179 180
f 181 182 183
f 184 185 186
f 187 188 189
f 190 191 192
f 193 194 195
f 196 197 198
f 199 200 201
f 202 203 204
f 205 206 207
f 208 209 210
f 211 212 213
f 214 215 216
f 217 218 219
f 220 221 222
f 223 224 225
f 226 227 228
f 229 230 231
f 232 233 234
f 235 236 237
f 238 239 240
f 241 242 243
f 244 245 246
f 247 248 249
f 250 251 252
f 253 254 255
f 256 257 258
f 259 260 261
f 262 263 264
f 265 266 267
f 268 269 270
f 271 272 273
f 274 275 276
f 277 278 279
f 280 281 282
f 283 284 285
f 286 287 288
f 289 290 291
f 292 293 294
f 295 296 297
f 298 299 300
f 301 302 303
f 304 305 306
f 307 308 309
f 310 311 312
f 313 314 315
f 316 317 318
f 319 320 321
f 322 323 324
f 325 326 327
f 328 329 330
f 331 332 333
f 334 335 336
f 337 338 339
f 340 341 342
f 343 344 345
f 346 347 348
f 349 350 351
f 352 353 354
f 355 356 357
f 358 359 360
f 361 362 363
f 364 365 366
f 367 368 369
f 370 371 372
f 373 374 375
f 376 377 378
f 379 380 381
f 382 383 384
f 385 386 387
f 388 389 390
f 391 392 393
f 394 395 396
f 397 398 399
f 400 401 402
f 403 404 405
f 406 407 408
f 409 410 411
f 412 413 414
f 415 416 417
f 418 419 420
f 421 422 423
f 424 425 426
f 427 428 429
f 430 431 432
f 433 434 435
f 436 437 438
f 439 440 441
f 442 443 444
f 445 446 447
f 448 449 450
f 451 452 453
f 454 455 456
f 457 458 459
f 460 461 462
f 463 464 465
f 466 467 468
f 469 470 471
f 472 473 474
f 475 476 477
f 478 479 480
f 481 482 483
f 484 485 486
f 487 488 489
f 490 491 492
f 493 494 495
f 496 497 498
f 499 500 501
f 502 503 504
f 505 506 507
f 508 509 510
f 511 512 513
f 514 515 516
f 517 518 519
f 520 521 522
f 523 524 525
f 526 527 528
f 529 530 531
f 532 533 534
f 535 536 537
f 538 539 540
f 541 542 543
f 544 545 546
f 547 548 549
f 550 551 552
f 553 554 555
f 556 557 558
f 559 560 561
f 562 563 564
f 565 566 567
f 568 569 570
f 571 572 573
f 574 575 576
f 577 578 579
f 580 581 582
f 583 584 585
f 586 587 588
f 589 590 591
f 592 593 594
f 595 596 597
f 598 599 600
f 601 602 603
f 604 605 606
f 607 608 609
f 610 611 612
f 613 614 615
f 616 617 618
f 619 620 621
f 622 623 624
f 625 626 627
f 628 629 630
f 631 632 633
f 634 635 636
f 637 638 639
f 640 641 642
f 643 644 645
f 646 647 648
f 649 650 651
f 652 653 654
f 655 656 657
f 658 659 660
f 661 662 663
f 664 665 666
f 667 668 669
f 670 671 672
f 673 674 675
f 676 677 678
f 679 680 681
f 682 683 684
f 685 686 687
f 688 689 690
f 691 692 693
f 694 695 696
f 697 698 699
f 700 701 702
f 703 704 705
f 706 707 708
f 709 710 711
f 712 713 714
f 715 716 717
f 718 719 720
f 721 722 723
f 724 725 726
f 727 728 729
f 730 731 732
f 733 734 735
f 736 737 738
f 739 740 741
f 742 743 744
f 745 746 747
f 748 749 750
f 751 752 753
f 754 755 756
f 757 758 759
f 760 761 762
f 763 764 765
f 766 767 768
f 769 770 771
f 772 773 774
f 775 776 777
f 778 779 780
f 781 782 783
f 784 785 786
f 787 788 789
f 790 791 792
f 793 794 795
f 796 797 798
f 799 800 801
f 802 803 804
f 805 806 807
f 808 809 810
f 811 812 813
f 814 815 816
f 817 818 819
f 820 821 822
f 823 824 825
f 826 827 828
f 829 830 831
f 832 833 834
f 835 836 837
f 838 839 840
f 841 842 843
f 844 845 846
f 847 848 849
f 850 851 852
f 853 854 855
f 856 857 858
f 859 860 861
f 862 863 864
f 865 866 867
f 868 869 870
f 871 872 873
f 874 875 876
f 877 878 879
f 880 881 882
f 883 884 885
f 886 887 888
f 889 890 891
f 892 893 894
f 895 896 897
f 898 899 900
f 901 902 903
f 904 905 906
f 907 908 909
f 910 911 912
f 913 914 915
f 916 917 918
f 919 920 921
f 922 923 924
f 925 926 927
f 928 929 930
f 931 932 933
f 934 935 936
f 937 938 939
f 940 941 942
f 943 944 945
f 946 947 948
f 949 950 951
f 952 953 954
f 955 956 957
f 958 959 960
f 961 962 963
f 964 965 966
f 967 968 969
f 970 971 972
f 973 974 975
f 976 977 978
f 979 980 981
f 982 983 984
f 985 986 987
f 988 989 990
f 991 992 993
f 994 995 996
f 997 998 999
f 1000 1001 1002
f 1003 1004 1005
f 1006 1007 1008
f 1009 1010 1011
f 1012 1013 1014
f 1015 1016 1017
f 1018 1019 1020
f 1021 1022 1023
f 1024 1025 1026
f 1027 1028 1029
f 1030 1031 1032
f 1033 1034 1035
f 1036 1037 1038
f 1039 1040 1041
f 1042 1043 1044
f 1045 1046 1047
f 1048 1049 1050
f 1051 1052 1053
f 1054 1055 1056
f 1057 1058 1059
f 1060 1061 1062
f 1063 1064 1065
f 1066 1067 1068
f 1069 1070 1071
f 1072 1073 1074
f 1075 1076 1077
f 1078 1079 1080
f 1081 1082 1083
f 1084 1085 1086
f 1087 1088 1089
f 1090 1091 1092
f 1093 1094 1095
f 1096 1097 1098
f 1099 1100 1101
f 1102 1103 1104
f 1105 1106 1107
f 1108 1109 1110
f 1111 1112 1113
f 1114 1115 1116
f 1117 1118 1119
f 1120 1121 1122
f 1123 1124 1125
f 1126 1127 1128
f 1129 1130 1131
f 1132 1133 1134
f 1135 1136 1137
f 1138 1139 1140
f 1141 1142 1143
f 1144 1145 1146
f 1147 1148 1149
f 1150 1151 1152
f 1153 1154 1155
f 1156 1157 1158
f 1159 1160 1161
f 1162 1163 1164
f 1165 1166 1167
f 1168 1169 1170
f 1171 1172 1173
f 1174 1175 1176
f 1177 1178 1179
f 1180 1181 1182
f 1183 1184 1185
f 1186 1187 1188
f 1189 1190 1191
f 1192 1193 1194
f 1195 1196 1197
f 1198 1199 1200
f 1201 1202 1203
f 1204 1205 1206
f 1207 1208 1209
f 1210 1211 1212
f 1213 1214 1215
f 1216 1217 1218
f 1219 1220 1221
f 1222 1223 1224
f 1225 1226 1227
f 1228 1229 1230
f 1231 1232 1233
f 1234 1235 1236
f 1237 1238 1239
f 1240 1241 1242
f 1243 1244 1245
f 1246 1247 1248
f 1249 1250 1251
f 1252 1253 1254
f 1255 1256 1257
f 1258 1259 1260
f 1261 1262 1263
f 1264 1265 1266
f 1267 1268 1269
f 1270 1271 1272
f 1273 1274 1275
f 1276 1277 1278
f 1279 1280 1281
f 1282 1283 1284
f 1285 1286 1287
f 1288 1289 1290
f 1291 1292 1293
f 1294 1295 1296
f 1297 1298 1299
f 1300 1301 1302
f 1303 1304 1305
f 1306 1307 1308
f 1309 1310 1311
f 1312 1313 1314
f 1315 1316 1317
f 1318 1319 1320
f 1321 1322 1323
f 1324 1325 1326
f 1327 1328 1329
f 1330 1331 1332
f 1333 1334 1335
f 1336 1337 1338
f 1339 1340 1341
f 1342 1343 1344
f 1345 1346 1347
f 1348 1349 1350
f 1351 1352 1353
f 1354 1355 1356
f 1357 1358 1359
f 1360 1361 1362
f 1363 1364 1365
f 1366 1367 1368
f 1369 1370 1371
f 1372 1373 1374
f 1375 1376 1377
f 1378 1379 1380
f 1381 1382 1383
f 1384 1385 1386
f 1387 1388 1389
f 1390 1391 1392
f 1393 1394 1395
f 1396 1397 1398
f 1399 1400 1401
f 1402 1403 1404
f 1405 1406 1407
f 1408 1409 1410
f 1411 1412 1413
f 1414 1415 1416
f 1417 1418 1419
f 1420 1421 1422
f 1423 1424 1425
f 1426 1427 1428
f 1429 1430 1431
f 1432 1433 1434
f 1435 1436 1437
f 1438 1439 1440
f 1441 1442 1443
f 1444 1445 1446
f 1447 1448 1449
f 1450 1451 1452
f 1453 1454 1455
f 1456 1457 1458
f 1459 1460 1461
f 1462 1463 1464
f 1465 1466 1467
f 1468 1469 1470
f 1471 1472 1473
f 1474 1475 1476
f 1477 1478 1479
f 1480 1481 1482
f 1483 1484 1485
f 1486 1487 1488
f 1489 1490 1491
f 1492 1493 1494
f 1495 1496 1497
f 1498 1499 1500
f 1501 1502 1503
f 1504 1505 1506
f 1507 1508 1509
f 1510 1511 1512
f 1513 1514 1515
f 1516 1517 1518
f 1519 1520 1521
f 1522 1523 1524
f 1525 1526 1527
f 1528 1529 1530
f 1531 1532 1533
f 1534 1535 1536
f 1537 1538 1539
f 1540 1541 1542
f 1543 1544 1545
f 1546 1547 1548
f 1549 1550 1551
f 1552 1553 1554
f 1555 1556 1557
f 1558 1559 1560
f 1561 1562 1563
f 1564 1565 1566
f 1567 1568 1569
f 1570 1571 1572
f 1573 1574 1575
f 1576 1577 1578
f 1579 1580 1581
f 1582 1583 1584
f 1585 1586 1587
f 1588 1589 1590
f 1591 1592 1593
f 1594 1595 1596
f 1597 1598 1599
f 1600 1601 1602
f 1603 1604 1605
f 1606 1607 1608
f 1609 1610 1611
f 1612 1613 1614
f 1615 1616 1617
f 1618 1619 1620
f 1621 1622 1623
f 1624 1625 1626
f 1627 1628 1629
f 1630 1631 1632
f 1633 1634 1635
f 1636 1637 1638
f 1639 1640 1641
f 1642 1643 1644
f 1645 1646 1647
f 1648 1649 1650
f 1651 1652 1653
f 1654 1655 1656
f 1657 1658 1659
f 1660 1661 1662
f 1663 1664 1665
f 1666 1667 1668
f 1669 1670 1671
f 1672 1673 1674
f 1675 1676 1677
f 1678 1679 1680
f 1681 1682 1683
f 1684 1685 1686
f 1687 1688 1689
f 1690 1691 1692
f 1693 1694 1695
f 1696 1697 1698
f 1699 1700 1701
f 1702 1703 1704
f 1705 1706 1707
f 1708 1709 1710
f 1711 1712 1713
f 1714 1715 1716
f 1717 1718 1719
f 1720 1721 1722
f 1723 1724 1725
f 1726 1727 1728
f 1729 1730 1731
f 1732 1733 1734
f 1735 1736 1737
f 1738 1739 1740
f 1741 1742 1743
f 1744 1745 1746
f 1747 1748 1749
f 1750 1751 1752
f 1753 1754 1755
f 1756 1757 1758
f 1759 1760 1761
f 1762 1763 1764
f 1765 1766 1767
f 1768 1769 1770
f 1771 1772 1773
f 1774 1775 1776
f 1777 1778 1779
f 1780 1781 1782
f 1783 1784 1785
f 1786 1787 1788
f 1789 1790 1791
f 1792 1793 1794
f 1795 1796 1797
f 1798 1799 1800
f 1801 1802 1803
f 1804 1805 1806
f 1807 1808 1809
f 1810 1811 1812
f 1813 1814 1815
f 1816 1817 1818
f 1819 1820 1821
f 1822 1823 1824
f 1825 1826 1827
f 1828 1829 1830
f 1831 1832 1833
f 1834 1835 1836
f 1837 1838 1839
f 1840 1841 1842
f 1843 1844 1845
f 1846 1847 1848
f 1849 1850 1851
f 1852 1853 1854
f 1855 1856 1857
f 1858 1859 1860
f 1861 1862 1863
f 1864 1865 1866
f 1867 1868 1869
f 1870 1871 1872
f 1873 1874 1875
f 1876 1877 1878
f 1879 1880 1881
f 1882 1883 1884
f 1885 1886 1887
f 1888 1889 1890
f 1891 1892 1893
f 1894 1895 1896
f 1897 1898 1899
f 1900 1901 1902
f 1903 1904 1905
f 1906 1907 1908
f 1909 1910 1911
f 1912 1913 1914
f 1915 1916 1917
f 1918 1919 1920
f 1921 1922 1923
f 1924 1925 1926
f 1927 1928 1929
f 1930 1931 1932
f 1933 1934 1935
f 1936 1937 1938
f 1939 1940 1941
f 1942 1943 1944
f 1945 1946 1947
f 1948 1949 1950
f 1951 1952 1953
f 1954 1955 1956
f 1957 1958 1959
f 1960 1961 1962
f 1963 1964 1965
f 1966 1967 1968
f 1969 1970 1971
f 1972 1973 1974
f 1975 1976 1977
f 1978 1979 1980
f 1981 1982 1983
f 1984 1985 1986
f 1987 1988 1989
f 1990 1991 1992
f 1993 1994 1995
f 1996 1997 1998
f 1999 2000 2001
f 2002 2003 2004
f 2005 2006 2007
f 2008 2009 2010
f 2011 2012 2013
f 2014 2015 2016
f 2017 2018 2019
f 2020 2021 2022
f 2023 2024 2025
f 2026 2027 2028
f 2029 2030 2031
f 2032 2033 2034
f 2035 2036 2037
f 2038 2039 2040
f 2041 2042 2043
f 2044 2045 2046
f 2047 2048 2049
f 2050 2051 2052
f 2053 2054 2055
f 2056 2057 2058
f 2059 2060 2061
f 2062 2063 2064
f 2065 2066 2067
f 2068 2069 2070
f 2071 2072 2073
f 2074 2075 2076
f 2077 2078 2079
f 2080 2081 2082
f 2083 2084 2085
f 2086 2087 2088
f 2089 2090 2091
f 2092 2093 2094
f 2095 2096 2097
f 2098 2099 2100
f 2101 2102 2103
f 2104 2105 2106
f 2107 2108 2109
f 2110 2111 2112
f 2113 2114 2115
f 2116 2117 2118
f 2119 2120 2121
f 2122 2123 2124
f 2125 2126 2127
f 2128 2129 2130
f 2131 2132 2133
f 2134 2135 2136
f 2137 2138 2139
f 2140 2141 2142
f 2143 2144 2145
f 2146 2147 2148
f 2149 2150 2151
f 2152 2153 2154
f 2155 2156 2157
f 2158 2159 2160
f 2161 2162 2163
f 2164 2165 2166
f 2167 2168 2169
f 2170 2171 2172
f 2173 2174 2175
f 2176 2177 2178
f 2179 2180 2181
f 2182 2183 2184
f 2185 2186 2187
f 2188 2189 2190
f 2191 2192 2193
f 2194 2195 2196
f 2197 2198 2199
f 2200 2201 2202
f 2203 2204 2205
f 2206 2207 2208
f 2209 2210 2211
f 2212 2213 2214
f 2215 2216 2217
f 2218 2219 2220
f 2221 2222 2223
f 2224 2225 2226
f 2227 2228 2229
f 2230 2231 2232
f 2233 2234 2235
f 2236 2237 2238
f 2239 2240 2241
f 2242 2243 2244
f 2245 2246 2247
f 2248 2249 2250
f 2251 2252 2253
f 2254 2255 2256
f 2257 2258 2259
f 2260 2261 2262
f 2263 2264 2265
f 2266 2267 2268
f 2269 2270 2271
f 2272 2273 2274
f 2275 2276 2277
f 2278 2279 2280
f 2281 2282 2283
f 2284 2285 2286
f 2287 2288 2289
f 2290 2291 2292
