# PSO Extracted Authentic Geometry
v 0.0000 0.2000 0.0000
v 0.2000 0.0000 0.0000
v 0.0000 0.0000 0.2000
v 0.0000 0.2000 0.0000
v 0.2000 0.0000 0.0000
v 0.0000 0.0000 0.2000
v 0.0000 0.2000 0.0000
v 0.2000 0.0000 0.0000
v 0.0000 0.0000 0.2000
v 0.0000 0.2000 0.0000
v 0.2000 0.0000 0.0000
v 0.0000 0.0000 0.2000
v 0.0000 0.2000 0.0000
v 0.2000 0.0000 0.0000
v 0.0000 0.0000 0.2000
v 0.0000 0.2000 0.0000
v 0.2000 0.0000 0.0000
v 0.0000 0.0000 0.2000
v 0.0000 0.2000 0.0000
v 0.2000 0.0000 0.0000
v 0.0000 0.0000 0.2000
v 0.0000 0.2000 0.0000
v 0.2000 0.0000 0.0000
v 0.0000 0.0000 0.2000
v 0.0000 0.2000 0.0000
v 0.2000 0.0000 0.0000
v 0.2000 0.0000 0.0000
v 0.0000 0.0000 0.2000
v 0.0000 0.2000 0.0000
v 0.2000 0.0000 0.0000
v 0.0000 0.0000 0.2000
v 0.0000 0.2000 0.0000
v 0.2000 0.0000 0.0000
v 0.0000 0.0000 0.2000
v 0.0000 0.2000 0.0000
v 0.2000 0.0000 0.0000
v 0.0000 0.0000 0.2000
v 0.0000 0.2000 0.0000
v 0.2000 0.0000 0.0000
v 0.0000 0.0000 0.2000
v 0.0000 0.2000 0.0000
v 0.2000 0.0000 0.0000
v 0.0000 0.2000 0.0000
v 0.2000 0.0000 0.0000
v 0.0000 0.0000 0.2000
v 0.0000 0.2000 0.0000
v 0.2000 0.0000 0.0000
v 0.0000 0.0000 0.2000
v 0.0000 0.2000 0.0000
v 0.2000 0.0000 0.0000
v 0.0000 0.0000 0.2000
v 0.0000 0.2000 0.0000
v 0.2000 0.0000 0.0000
v 0.0000 0.0000 0.2000
v 0.0000 0.2000 0.0000
v 0.2000 0.0000 0.0000
v 0.0000 0.0000 0.2000
v 0.0000 0.2000 0.0000
v 0.2000 0.0000 0.0000
v 0.0000 0.0000 0.2000
v 0.0000 0.2000 0.0000
v 0.2000 0.0000 0.0000
v 0.0000 0.0000 0.2000
v 0.0000 0.2000 0.0000
v 0.0000 0.2000 0.0000
v 0.2000 0.0000 0.0000
v 0.0000 0.0000 0.2000
v 0.0000 0.2000 0.0000
v 0.2000 0.0000 0.0000
v 0.0000 0.0000 0.2000
v 0.0000 0.2000 0.0000
v 0.2000 0.0000 0.0000
v 0.0000 0.0000 0.2000
v 0.0000 0.2000 0.0000
v 0.2000 0.0000 0.0000
v 0.0000 0.0000 0.2000
v 0.0000 0.2000 0.0000
v 0.2000 0.0000 0.0000
v 0.0000 0.0000 0.2000
v 0.0000 0.2000 0.0000
v 0.2000 0.0000 0.0000
v 0.0000 0.0000 0.2000
v 0.0000 0.2000 0.0000
v 0.2000 0.0000 0.0000
v 0.0000 0.2000 0.0000
v 0.2000 0.0000 0.0000
v 0.0000 0.0000 0.2000
v 0.0000 0.2000 0.0000
v 0.2000 0.0000 0.0000
v 0.0000 0.0000 0.2000
v 0.0000 0.2000 0.0000
v 0.2000 0.0000 0.0000
v 0.0000 0.0000 0.2000
v 0.0000 0.2000 0.0000
v 0.2000 0.0000 0.0000
v 0.0000 0.0000 0.2000
v 0.0000 0.2000 0.0000
v 0.2000 0.0000 0.0000
v 0.0000 0.0000 0.2000
v 0.0000 0.2000 0.0000
v 0.2000 0.0000 0.0000
v 0.0000 0.0000 0.2000
v 0.0000 0.2000 0.0000
v 0.2000 0.0000 0.0000
v 0.0000 0.0000 0.2000
v 0.0000 0.2000 0.0000
v 0.2000 0.0000 0.0000
v 0.0000 0.0000 0.2000
v 0.0000 0.2000 0.0000
v 0.2000 0.0000 0.0000
v 0.0000 0.0000 0.2000
v 0.0000 0.2000 0.0000
v 0.2000 0.0000 0.0000
v 0.0000 0.0000 0.2000
v 0.0000 0.2000 0.0000
v 0.2000 0.0000 0.0000
v 0.0000 0.0000 0.2000
v 0.0000 0.2000 0.0000
v 0.2000 0.0000 0.0000
v 0.0000 0.0000 0.2000
v 0.0000 0.2000 0.0000
v 0.2000 0.0000 0.0000
v 0.2000 0.0000 0.0000
v 0.0000 0.0000 0.2000
v 0.0000 0.2000 0.0000
v 0.2000 0.0000 0.0000
v 0.0000 0.0000 0.2000
v 0.0000 0.2000 0.0000
v 0.2000 0.0000 0.0000
v 0.0000 0.0000 0.2000
v 0.0000 0.2000 0.0000
v 0.2000 0.0000 0.0000
v 0.0000 0.0000 0.2000
v 0.0000 0.2000 0.0000
v 0.2000 0.0000 0.0000
v 0.0000 0.0000 0.2000
v 0.0000 0.2000 0.0000
v 0.2000 0.0000 0.0000
v 0.0000 0.0000 0.2000
v 0.0000 0.2000 0.0000
v 0.2000 0.0000 0.0000
v 0.0000 0.0000 0.2000
v 0.0000 0.2000 0.0000
v 0.2000 0.0000 0.0000
v 0.0000 0.0000 0.2000
v 0.0000 0.2000 0.0000
v 0.2000 0.0000 0.0000
v 0.0000 0.0000 0.2000
v 0.0000 0.2000 0.0000
v 0.2000 0.0000 0.0000
v 0.0000 0.0000 0.2000
v 0.0000 0.0000 0.2000
v 0.0000 0.2000 0.0000
v 0.2000 0.0000 0.0000
v 0.0000 0.0000 0.2000
v 0.0000 0.2000 0.0000
v 0.2000 0.0000 0.0000
v 0.0000 0.0000 0.2000
v 0.0000 0.2000 0.0000
v 0.2000 0.0000 0.0000
v 0.0000 0.0000 0.2000
v 0.0000 0.2000 0.0000
v 0.2000 0.0000 0.0000
v 0.0000 0.0000 0.2000
v 0.0000 0.2000 0.0000
v 0.2000 0.0000 0.0000
v 0.0000 0.0000 0.2000
v 0.0000 0.2000 0.0000
v 0.2000 0.0000 0.0000
v 0.0000 0.0000 0.2000
v 0.0000 0.2000 0.0000
v 0.2000 0.0000 0.0000
v 0.0000 0.0000 0.2000
v 0.0000 0.2000 0.0000
v 0.0000 0.0000 0.2000
v 0.0000 0.2000 0.0000
v 0.2000 0.0000 0.0000
v 0.0000 0.0000 0.2000
v 0.0000 0.2000 0.0000
v 0.2000 0.0000 0.0000
v 0.0000 0.0000 0.2000
v 0.0000 0.2000 0.0000
v 0.2000 0.0000 0.0000
v 0.0000 0.0000 0.2000
v 0.0000 0.2000 0.0000
v 0.2000 0.0000 0.0000
v 0.0000 0.0000 0.2000
v 0.0000 0.2000 0.0000
v 0.2000 0.0000 0.0000
v 0.0000 0.0000 0.2000
v 0.0000 80.0000 0.0000
v -40.0000 0.0000 0.0000
v 0.0000 160.9326 0.0000
v 0.0000 0.0000 60.0000
v 0.0000 90.0000 0.0000
v 0.0000 0.0000 127.7204
v -190.0000 0.0000 440.0000
v 834.7550 0.0000 0.0000
v 0.0000 -680.0000 0.0000
v 350.0000 0.0000 0.0000
v 0.0000 959.5645 0.0000
v 0.0000 0.0000 -820.0000
v 0.0000 -50.0000 0.0000
v 0.0000 0.0000 216.8196
v -770.0000 0.0000 -260.0000
v 172.9671 0.0000 0.0000
v 0.0000 -1200.0000 0.0000
v 220.0000 0.0000 0.0000
v 0.0000 875.5076 0.0000
v 0.0000 0.0000 -1380.0000
v 0.0000 -150.0000 0.0000
v 0.0000 0.0000 115.9456
v -1540.0000 0.0000 -360.0000
v 364.9182 0.0000 0.0000
v 0.0000 -1750.0000 0.0000
v -580.0000 0.0000 0.0000
v 0.0000 251.2469 0.0000
v 0.0000 0.0000 -1990.0000
v 0.0000 -510.0000 0.0000
v 0.0000 0.0000 1091.0454
v -2020.0000 0.0000 -240.0000
v 134.7476 0.0000 0.0000
v -100.0000 0.0000 0.0000
v 0.0000 166.0138 0.0000
v 0.0000 0.0000 -1830.0000
v 0.0000 -210.0000 0.0000
v 0.0000 0.0000 265.7314
v 0.0000 0.0000 2500.0000
v 0.0000 0.0000 53.3635
v 52.8705 8.1192 250.3260
v 0.0000 0.0000 1.0000
v 1.0000 1.0000 0.0000
v 0.0118 0.0000 0.0000
v 59.0581 35.2272 -347.9420
v 147.9364 0.0000 0.0000
v 1.0000 1.0000 1.0000
v 0.2235 0.0118 0.0000
v 0.0000 -91.6547 36.7745
v -384.9483 119.9986 0.0000
v 0.0000 1.0000 1.0000
v 1.0000 0.0000 0.0000
v 0.0000 0.0000 -35.3448
v 47.6033 -71.6924 100.2380
v 0.0000 0.0000 1.0000
v 1.0000 1.0000 0.0000
v 0.9961 0.0000 0.0000
v 0.0000 65.2212 31.8088
v 6.2603 238.2135 0.0000
v 0.0000 1.0000 1.0000
v 1.0000 0.0000 0.0000
v 0.0000 0.0000 -2.7769
v 30.9161 -60.5542 81.8393
v 0.0000 0.0000 1.0000
v 1.0000 1.0000 0.0000
v 0.0000 0.0000 -106.7529
v -3.0000 127.2440 151.1017
v 0.0000 0.0000 1.0000
v 1.0000 1.0000 0.0000
v -85.0049 -4.0000 248.7859
v 132.9821 0.0000 0.0000
v 1.0000 1.0000 1.0000
v 0.3098 0.0000 0.0000
v 0.0000 0.0000 28.9062
v 11.7706 -304.4710 121.7948
v 0.0000 0.0000 1.0000
v 1.0000 1.0000 0.0000
v 0.0000 -58.9860 43.3141
v -89.9361 146.5822 0.0000
v 0.0000 1.0000 1.0000
v 1.0000 0.0000 0.0000
v 0.0118 0.0000 0.0000
v 0.0000 0.0000 -15.5055
v 35.9871 -297.2227 76.4320
v 0.0000 0.0000 1.0000
v 1.0000 1.0000 0.0000
v 0.0000 1.0000 0.0000
v 0.0000 0.0000 43.7895
v 56.6802 21.4271 262.4591
v 0.0000 0.0000 1.0000
v 1.0000 1.0000 0.0000
v -2.1137 0.0000 0.0000
v 0.0000 0.0000 -168.4447
v 78.4648 -347.1773 37.5190
v 0.0000 0.0000 1.0000
v 1.0000 1.0000 0.0000
v 0.4706 0.0000 0.0000
v -165.3443 51.6580 -368.7776
v 32.6742 0.0000 0.0000
v 1.0000 1.0000 1.0000
v -2.1137 0.0000 0.0000
v 0.0000 0.0000 52.3268
v 104.6351 -396.0105 47.4937
v 0.0000 0.0000 1.0000
v 1.0000 1.0000 0.0000
v 0.4706 0.0000 0.0000
v 69.0299 64.8458 -391.2542
v 38.6774 0.0000 0.0000
v 1.0000 1.0000 1.0000
v -2.1137 0.0000 0.0000
v 0.0000 0.0000 27.7486
v 127.4857 -105.9906 57.1464
v 0.0000 0.0000 1.0000
v 1.0000 1.0000 0.0000
v 0.4157 0.0000 0.0000
v 36.0706 77.4350 -122.9615
v 52.8946 0.0000 0.0000
v 1.0000 1.0000 1.0000
v -2.1137 0.0000 0.0000
v 0.0000 0.0000 -80.3808
v 108.5979 -85.7303 43.3702
v 0.0000 0.0000 1.0000
v 1.0000 1.0000 0.0000
v 0.4706 0.0000 0.0000
v -61.2663 68.6725 -104.5004
v 40.5965 0.0000 0.0000
v 1.0000 1.0000 1.0000
v -2.1137 0.0000 0.0000
v 0.0000 0.0000 24.6227
v 73.9445 -295.5673 37.3011
v 0.0000 0.0000 1.0000
v 1.0000 1.0000 0.0000
v 0.4706 0.0000 0.0000
v 26.4240 48.9030 -316.3270
v 31.1627 0.0000 0.0000
v 1.0000 1.0000 1.0000
v -2.1137 0.0000 0.0000
v 0.0000 0.0000 7.5504
v 90.7266 -321.6463 41.7177
v 0.0000 0.0000 1.0000
v 1.0000 1.0000 0.0000
v 0.4706 0.0000 0.0000
v 3.9281 52.0213 -322.7317
v 38.1042 0.0000 0.0000
v 1.0000 1.0000 1.0000
v -2.1137 0.0000 0.0000
v 0.0000 0.0000 40.1207
v 114.4230 -312.0897 45.3282
v 0.0000 0.0000 1.0000
v 1.0000 1.0000 0.0000
v 0.4706 0.0000 0.0000
v 38.7542 69.6542 -318.9917
v 43.8699 0.0000 0.0000
v 1.0000 1.0000 1.0000
v -2.1137 0.0000 0.0000
v 0.0000 0.0000 -96.2894
v 119.1292 49.1971 43.4445
v 0.0000 0.0000 1.0000
v 1.0000 1.0000 0.0000
v 0.4706 0.0000 0.0000
v -109.4425 80.2002 43.3034
v 38.1583 0.0000 0.0000
v 1.0000 1.0000 1.0000
v -2.1137 0.0000 0.0000
v 0.0000 0.0000 -98.0351
v 113.2722 7.3930 44.9564
v 0.0000 0.0000 1.0000
v 1.0000 1.0000 0.0000
v 0.4706 0.0000 0.0000
v -111.9416 76.3689 17.3354
v 39.2651 0.0000 0.0000
v 1.0000 1.0000 1.0000
v -2.1137 0.0000 0.0000
v 0.0000 0.0000 143.6841
v 93.7511 55.3466 33.6030
v 0.0000 0.0000 1.0000
v 1.0000 1.0000 0.0000
v 0.4706 0.0000 0.0000
v 154.5830 61.8844 43.9215
v 33.4562 0.0000 0.0000
v 1.0000 1.0000 1.0000
v -2.1137 0.0000 0.0000
v 0.0000 0.0000 -193.9742
v 118.1099 -385.6549 41.3166
v 0.0000 0.0000 1.0000
v 1.0000 1.0000 0.0000
v 0.4706 0.0000 0.0000
v -188.5173 73.3411 -388.9268
v 43.1766 0.0000 0.0000
v 1.0000 1.0000 1.0000
v -2.1137 0.0000 0.0000
v 0.0000 0.0000 20.5185
v 103.4365 -79.0723 41.8660
v 0.0000 0.0000 1.0000
v 1.0000 1.0000 0.0000
v 0.4627 0.0000 0.0000
v 17.5498 67.7960 -101.6652
v 38.8174 0.0000 0.0000
v 1.0000 1.0000 1.0000
v -2.1137 0.0000 0.0000
v 0.0000 0.0000 70.0208
v 79.7819 -377.3957 34.2438
v 0.0000 0.0000 1.0000
v 1.0000 1.0000 0.0000
v 0.4706 0.0000 0.0000
v 87.0290 52.5128 -395.4371
v 28.8299 0.0000 0.0000
v 1.0000 1.0000 1.0000
v -2.1137 0.0000 0.0000
v 0.0000 0.0000 -8.2128
v 105.9018 -99.0725 44.7216
v 0.0000 0.0000 1.0000
v 1.0000 1.0000 0.0000
v 0.4667 0.0000 0.0000
v 7.4566 65.4182 -116.6969
v 43.1367 0.0000 0.0000
v 1.0000 1.0000 1.0000
v -2.1137 0.0000 0.0000
v 0.0000 0.0000 86.3201
v 64.1406 -360.0361 38.3521
v 0.0000 0.0000 1.0000
v 1.0000 1.0000 0.0000
v 0.4706 0.0000 0.0000
v 95.2456 45.5177 -388.5474
v 31.5313 0.0000 0.0000
v 1.0000 1.0000 1.0000
v -2.1137 0.0000 0.0000
v 0.0000 0.0000 -14.0020
v 111.2759 -392.0562 47.9461
v 0.0000 0.0000 1.0000
v 1.0000 1.0000 0.0000
v 0.4706 0.0000 0.0000
v -6.9933 65.9712 -397.0407
v 43.0502 0.0000 0.0000
v 1.0000 1.0000 1.0000
v -2.1137 0.0000 0.0000
v 0.0000 0.0000 -90.1197
v 107.4422 201.6942 42.9501
v 0.0000 0.0000 1.0000
v 1.0000 1.0000 0.0000
v 0.4706 0.0000 0.0000
v -86.2344 71.5770 223.7203
v 41.2542 0.0000 0.0000
v 1.0000 1.0000 1.0000
v -2.1137 0.0000 0.0000
v 0.0000 0.0000 -55.6027
v 126.2809 208.5665 47.8696
v 0.0000 0.0000 1.0000
v 1.0000 1.0000 0.0000
v 0.4706 0.0000 0.0000
v -61.5650 84.8484 222.8891
v 44.2024 0.0000 0.0000
v 1.0000 1.0000 1.0000
v -2.1137 0.0000 0.0000
v 0.0000 0.0000 167.2197
v 104.4943 -174.1421 41.3623
v 0.0000 0.0000 1.0000
v 1.0000 1.0000 0.0000
v 0.4706 0.0000 0.0000
v 180.8084 66.7398 -183.9408
v 39.3819 0.0000 0.0000
v 1.0000 1.0000 1.0000
v -2.1137 0.0000 0.0000
v 0.0000 0.0000 176.3690
v 131.9883 -142.3063 49.6530
v 0.0000 0.0000 1.0000
v 1.0000 1.0000 0.0000
v 0.4706 0.0000 0.0000
v 181.6877 87.4831 -155.9107
v 44.2002 0.0000 0.0000
v 1.0000 1.0000 1.0000
v -2.1137 0.0000 0.0000
v 0.0000 0.0000 92.7214
v 103.5607 -383.0511 41.7177
v 0.0000 0.0000 1.0000
v 1.0000 1.0000 0.0000
v 0.4706 0.0000 0.0000
v 89.0992 64.8553 -384.1366
v 38.1042 0.0000 0.0000
v 1.0000 1.0000 1.0000
v -2.1137 0.0000 0.0000
v 0.0000 0.0000 42.0956
v 77.2494 29.0634 34.8377
v 0.0000 0.0000 1.0000
v 1.0000 1.0000 0.0000
v 0.4706 0.0000 0.0000
v 40.4421 39.8859 38.4075
v 35.3333 0.0000 0.0000
v 1.0000 1.0000 1.0000
v -2.1137 0.0000 0.0000
v 0.0000 0.0000 131.8965
v 125.2167 -179.5238 42.0572
v 0.0000 0.0000 1.0000
v 1.0000 1.0000 0.0000
v 0.4706 0.0000 0.0000
v 154.8774 82.2421 -183.8116
v 37.2594 0.0000 0.0000
v 1.0000 1.0000 1.0000
v -2.1137 0.0000 0.0000
v 0.0000 0.0000 -70.4510
v 107.0706 -71.9635 42.6625
v 0.0000 0.0000 1.0000
v 1.0000 1.0000 0.0000
v 0.4706 0.0000 0.0000
v 0.0000 -69.8526 72.6276
v -82.4177 30.2538 0.0000
v 0.0000 1.0000 1.0000
v 1.0000 0.0000 0.0000
v 0.3098 0.0000 0.0000
v 0.0000 0.0000 57.7256
v 11.7706 -240.3172 93.9766
v 0.0000 0.0000 1.0000
v 1.0000 1.0000 0.0000
v 0.3098 0.0000 0.0000
v 12.2292 11.7706 -328.9697
v 114.0772 0.0000 0.0000
v 1.0000 1.0000 1.0000
v 0.9961 0.0000 0.0000
v 0.0000 0.0000 107.1597
v 23.3042 -279.4785 178.9826
v 0.0000 0.0000 1.0000
v 1.0000 1.0000 0.0000
v 0.0039 0.3098 0.0000
v -20.2521 11.7706 7.1617
v 78.6676 0.0000 0.0000
v 1.0000 1.0000 1.0000
v -68.1142 64.5620 -80.6563
v 173.7009 0.0000 0.0000
v 1.0000 1.0000 1.0000
v -3.0118 0.0000 0.0000
v 0.0000 -83.8007 52.8989
v -374.8878 156.9277 0.0000
v 0.0000 1.0000 1.0000
v 1.0000 0.0000 0.0000
v 0.0667 0.4510 0.0000
v 0.0000 -203.5049 -4.0000
v 225.1028 98.7705 0.0000
v 0.0000 1.0000 1.0000
v 1.0000 0.0000 0.0000
v 0.0039 0.3098 0.0000
v 0.0000 -20.6062 11.7706
v -18.3953 74.3899 0.0000
v 0.0000 1.0000 1.0000
v 1.0000 0.0000 0.0000
v 0.0000 0.0000 111.4870
v 11.7706 -126.9802 71.6449
v 0.0000 0.0000 1.0000
v 1.0000 1.0000 0.0000
v 0.3098 0.0000 0.0000
v 0.0000 0.0000 250.9398
v 11.7706 -232.9363 81.0711
v 0.0000 0.0000 1.0000
v 1.0000 1.0000 0.0000
v -29.0890 49.9249 37.0523
v 90.7766 0.0000 0.0000
v 1.0000 1.0000 1.0000
v 0.0000 27.3929 -4.0000
v 188.1928 102.2210 0.0000
v 0.0000 1.0000 1.0000
v 1.0000 0.0000 0.0000
v -35.3623 -3.0000 93.2649
v 125.7645 0.0000 0.0000
v 1.0000 1.0000 1.0000
v 0.0000 0.0000 -320.8130
v -3.0000 21.5045 111.6159
v 0.0000 0.0000 1.0000
v 1.0000 1.0000 0.0000
v 0.9961 0.0000 0.0000
v 0.0000 0.0000 -91.0896
v 31.0572 -102.9281 115.9286
v 0.0000 0.0000 1.0000
v 1.0000 1.0000 0.0000
v 1.0039 1.0000 0.0000
v 31.8554 72.3978 -36.4507
v 113.3642 0.0000 0.0000
v 1.0000 1.0000 1.0000
v 0.0000 -284.2522 72.3978
v 4.8120 117.4325 0.0000
v 0.0000 1.0000 1.0000
v 1.0000 0.0000 0.0000
v 0.0000 0.0000 -264.0000
v 38.0000 -158.0000 246.1382
v 0.0000 0.0000 1.0000
v 1.0000 1.0000 0.0000
v 0.0000 -7.4107 11.7706
v -163.3958 82.0004 0.0000
v 0.0000 1.0000 1.0000
v 1.0000 0.0000 0.0000
v 0.0039 0.9961 0.0000
v 0.0000 0.0000 -15.0305
v 31.2433 52.8789 59.6120
v 0.0000 0.0000 1.0000
v 1.0000 1.0000 0.0000
v 0.0000 0.0000 59.2145
v 23.0045 -347.4315 55.3081
v 0.0000 0.0000 1.0000
v 1.0000 1.0000 0.0000
v 207.8029 239.8978 -120.6835
v 115.7999 0.0000 0.0000
v 1.0000 1.0000 1.0000
v 0.3098 0.0000 0.0000
v 0.0000 0.0000 -73.5109
v 11.7706 -62.6333 81.2971
v 0.0000 0.0000 1.0000
v 1.0000 1.0000 0.0000
v 0.0000 -3.2636 2.0549
v -7.3374 60.6853 0.0000
v 0.0000 -49.7172 254.2500
v 258.5126 0.0000 0.0000
v 0.0000 1.0000 1.0000
v 1.0000 0.0000 0.0000
v 0.0000 -21.3588 127.7146
v 128.4446 184.3677 0.0000
v 0.0000 102.0000 14.0000
v -571.0000 0.0000 0.0000
v 0.0000 1.0000 1.0000
v 1.0000 0.0000 0.0000
v 1.0039 1.0000 0.0000
v -3.6606 2.0549 -1.4776
v 65.5662 0.0000 0.0000
v -135.3463 254.2500 225.7918
v 1.0000 1.0000 1.0000
v 0.5020 1.0000 0.0000
v -64.6744 127.7146 111.6052
v 173.0346 0.0000 0.0000
v 107.0000 9.0000 -527.0000
v 1.0000 1.0000 1.0000
v 1.0000 0.0000 0.0000
v 0.0000 0.0000 -3.6934
v 2.0549 0.2619 65.5249
v 0.0000 0.0000 -157.2117
v 254.2500 211.1517 0.0000
v 0.0000 0.0000 1.0000
v 1.0000 1.0000 0.0000
v 1.0000 0.0000 0.0000
v 0.0000 0.0000 -75.8209
v 127.7146 103.8003 168.4002
v 0.0000 0.0000 386.0000
v 21.0000 -202.0000 0.0000
v 0.0000 0.0000 1.0000
v 1.0000 1.0000 0.0000
v 0.0000 1.9034 2.0549
v -5.2204 61.8981 0.0000
v 0.0000 41.9405 254.2500
v 259.8875 0.0000 0.0000
v 0.0000 1.0000 1.0000
v 1.0000 0.0000 0.0000
v 0.0000 17.4468 127.7146
v 129.1278 184.8776 0.0000
v 0.0000 3.0000 -8.0000
v -576.0000 0.0000 0.0000
v 0.0000 1.0000 1.0000
v 1.0000 0.0000 0.0000
v 1.0039 1.0000 0.0000
v 1.8472 2.0549 -4.7057
v 62.5012 0.0000 0.0000
v 49.7171 254.2500 258.5126
v 1.0000 1.0000 1.0000
v 0.5020 1.0000 0.0000
v 21.3587 127.7146 128.4446
v 184.3677 0.0000 0.0000
v 67.9999 14.0000 -453.0000
v 1.0000 1.0000 1.0000
v 1.0000 0.0000 0.0000
v 0.0000 0.0000 -3.4738
v 2.0549 -5.0620 63.5596
v 0.0000 0.0000 -85.3043
v 254.2500 249.0456 0.0000
v 0.0000 0.0000 1.0000
v 1.0000 1.0000 0.0000
v 1.0000 0.0000 0.0000
v 0.0000 0.0000 -39.3042
v 127.7146 123.7409 180.8929
v 0.0000 0.0000 -172.0000
v -19.0000 -572.0000 0.0000
v 0.0000 0.0000 1.0000
v 1.0000 1.0000 0.0000
v 125.1910 11.7706 89.3111
v 65.4003 0.0000 0.0000
v 1.0000 1.0000 1.0000
v 0.0000 -50.9369 31.3850
v -45.6182 59.9104 0.0000
v 0.0000 1.0000 1.0000
v 1.0000 0.0000 0.0000
v 0.0000 -93.1736 -4.0000
v 259.7575 100.2012 0.0000
v 0.0000 1.0000 1.0000
v 1.0000 0.0000 0.0000
v 0.0039 0.3098 0.0000
v -60.5389 11.7706 -244.5900
v 69.7506 0.0000 0.0000
v 1.0000 1.0000 1.0000
v 0.0000 75.4099 -4.0000
v 340.3849 94.6591 0.0000
v 0.0000 1.0000 1.0000
v 1.0000 0.0000 0.0000
v 0.1490 -3.0118 0.0000
v 0.0000 0.0000 63.1597
v 48.4034 -368.2332 57.7353
v 0.0000 0.0000 1.0000
v 1.0000 1.0000 0.0000
v 0.0039 0.3098 0.0000
v -15.0507 11.7706 166.7354
v 71.8258 0.0000 0.0000
v 1.0000 1.0000 1.0000
v 5.0196 0.8902 0.0000
v 75.4997 45.0000 47.5000
v 202.3032 0.0000 0.0000
v 1.0000 1.0000 1.0000
v 27.0000 48.0000 49.0000
v 188.3215 0.0000 0.0000
v 1.0000 1.0000 1.0000
v 0.0000 -178.5000 40.7500
v -190.4375 184.1340 0.0000
v 0.0000 1.0000 1.0000
v 1.0000 0.0000 0.0000
v 0.0000 0.0000 -13.4785
v 14.4500 21.4462 29.4103
v 0.0000 0.0000 196.4246
v 27.2155 -354.9794 0.0000
v 0.0000 0.0000 1.0000
v 1.0000 1.0000 0.0000
v 0.0000 0.0000 4.1327
v 11.1660 17.9192 24.7896
v 0.0000 0.0000 -80.0917
v 14.1713 -368.4676 0.0000
v 0.0000 0.0000 1.0000
v 1.0000 1.0000 0.0000
v 0.0000 0.0000 -11.7526
v 14.4500 22.0960 29.8059
v 0.0000 0.0000 195.0864
v 13.0181 -346.9500 0.0000
v 0.0000 0.0000 1.0000
v 1.0000 1.0000 0.0000
v 0.0000 0.0000 -3.4288
v 13.1579 23.8453 30.7173
v 0.0000 0.0000 -195.2059
v 14.1713 -376.6977 0.0000
v 0.0000 0.0000 1.0000
v 1.0000 1.0000 0.0000
v 0.0118 0.0000 0.0000
v -12.3466 11.6930 22.5197
v 30.0123 0.0000 0.0000
v 58.2874 40.6632 -97.8956
v 1.0000 1.0000 1.0000
v 0.0118 0.0000 0.0000
v 3.2197 13.1579 22.9876
v 31.1598 0.0000 0.0000
v 13.9229 27.6501 -401.7281
v 1.0000 1.0000 1.0000
v 0.2235 0.0118 0.0000
v 0.0000 14.5050 13.1579
v 20.2076 29.9050 0.0000
v 0.0000 -12.7127 21.9713
v -390.6242 0.0000 0.0000
v 0.0000 1.0000 1.0000
v 1.0000 0.0000 0.0000
v 0.2235 0.0118 0.0000
v 0.0000 -19.8624 12.3293
v 17.3808 29.3723 0.0000
v 0.0000 173.5733 35.9278
v -164.4210 0.0000 0.0000
v 0.0000 1.0000 1.0000
v 1.0000 0.0000 0.0000
v 0.2235 0.0118 0.0000
v 0.0000 -2.4748 12.4472
v 23.9184 30.9530 0.0000
v 0.0000 112.6860 14.9655
v -384.8442 0.0000 0.0000
v 0.0000 1.0000 1.0000
v 1.0000 0.0000 0.0000
v 0.2235 0.0118 0.0000
v 0.0000 -1.8878 11.6930
v 23.9279 31.0959 0.0000
v 0.0000 19.5132 40.6632
v -107.9769 0.0000 0.0000
v 0.0000 1.0000 1.0000
v 1.0000 0.0000 0.0000
v 0.2235 0.0118 0.0000
v 0.0000 19.2758 16.8618
v -12.3716 29.3692 0.0000
v 0.0000 -84.0496 16.9196
v 40.1935 0.0000 0.0000
v 0.0000 1.0000 1.0000
v 1.0000 0.0000 0.0000
v 0.2235 0.0118 0.0000
v 0.0000 -14.7797 11.6930
v 21.6389 29.4751 0.0000
v 0.0000 77.0748 25.0945
v -70.3535 0.0000 0.0000
v 0.0000 1.0000 1.0000
v 1.0000 0.0000 0.0000
v 0.2235 0.0118 0.0000
v 0.0000 19.0307 15.6000
v 17.8338 27.5263 0.0000
v 0.0000 -93.2937 37.8631
v -202.0486 0.0000 0.0000
v 0.0000 1.0000 1.0000
v 1.0000 0.0000 0.0000
v 0.2235 0.0118 0.0000
v 0.0000 22.7591 13.1579
v -4.1759 31.1421 0.0000
v 0.0000 -98.7510 17.5542
v 12.6274 0.0000 0.0000
v 0.0000 1.0000 1.0000
v 1.0000 0.0000 0.0000
v 0.2235 0.0118 0.0000
v 0.0000 23.2488 5.1957
v -2.2313 31.6763 0.0000
v 0.0000 -98.9269 36.7657
v 8.6842 0.0000 0.0000
v 0.0000 1.0000 1.0000
v 1.0000 0.0000 0.0000
v 0.2235 0.0118 0.0000
v 0.0000 19.2757 16.8618
v -12.3715 29.3692 0.0000
v 0.0000 -108.5461 35.0891
v 12.7620 0.0000 0.0000
v 0.0000 1.0000 1.0000
v 1.0000 0.0000 0.0000
v 0.2235 0.0118 0.0000
v 0.0000 -3.1229 13.1579
v 23.8505 30.7711 0.0000
v 0.0000 32.3745 14.7982
v -390.5663 0.0000 0.0000
v 0.0000 1.0000 1.0000
v 1.0000 0.0000 0.0000
v 0.0000 0.0000 -12.5761
v 12.9559 22.1957 29.8600
v 0.0000 0.0000 120.8874
v 16.0300 -358.9859 0.0000
v 0.0000 0.0000 1.0000
v 1.0000 1.0000 0.0000
v 0.0000 0.0000 3.7833
v 15.5852 21.4397 30.9093
v 0.0000 0.0000 -2.3538
v 36.2312 -225.7725 0.0000
v 0.0000 0.0000 1.0000
v 1.0000 1.0000 0.0000
v 0.0000 0.0000 8.2052
v 15.1341 -22.7473 30.1044
v 0.0000 0.0000 -90.8940
v 28.1555 217.3013 0.0000
v 0.0000 0.0000 1.0000
v 1.0000 1.0000 0.0000
v 0.0000 0.0000 -18.8260
v 13.1258 19.3647 28.6032
v 0.0000 0.0000 64.3366
v 17.4389 -80.0556 0.0000
v 0.0000 0.0000 1.0000
v 1.0000 1.0000 0.0000
v 0.0000 0.0000 -2.0256
v 11.1751 23.9628 31.1060
v 0.0000 0.0000 13.1546
v 22.8712 -92.4633 0.0000
v 0.0000 0.0000 1.0000
v 1.0000 1.0000 0.0000
v 0.0000 0.0000 8.5345
v 17.6863 19.4706 29.0675
v 0.0000 0.0000 -4.3636
v 12.3008 -353.8528 0.0000
v 0.0000 0.0000 1.0000
v 1.0000 1.0000 0.0000
v 0.0000 0.0000 8.5805
v 12.4972 20.9721 30.7439
v 0.0000 0.0000 29.1149
v 13.6337 -296.4447 0.0000
v 0.0000 0.0000 1.0000
v 1.0000 1.0000 0.0000
v 0.0000 0.0000 23.4515
v 11.5754 9.1034 29.9470
v 0.0000 0.0000 -120.1992
v 34.8199 60.1035 0.0000
v 0.0000 0.0000 1.0000
v 1.0000 1.0000 0.0000
v 0.0000 0.0000 -0.4317
v 18.0938 20.9508 29.2144
v 0.0000 0.0000 56.2200
v 28.5637 -200.9844 0.0000
v 0.0000 0.0000 1.0000
v 1.0000 1.0000 0.0000
v 0.0118 0.0000 0.0000
v -23.9469 11.9103 -2.2458
v 31.0338 0.0000 0.0000
v 185.5449 35.3932 99.6752
v 1.0000 1.0000 1.0000
v 0.0118 0.0000 0.0000
v 1.2303 11.9836 22.5220
v 31.4562 0.0000 0.0000
v -89.7698 15.6536 -287.0663
v 1.0000 1.0000 1.0000
v 0.0118 0.0000 0.0000
v 18.8831 8.2865 19.9555
v 29.0387 0.0000 0.0000
v -70.8892 36.2312 -213.9105
v 1.0000 1.0000 1.0000
v 0.0118 0.0000 0.0000
v -12.5761 12.9559 22.1957
v 29.8600 0.0000 0.0000
v -38.5229 16.0300 -352.4793
v 1.0000 1.0000 1.0000
v 0.0118 0.0000 0.0000
v 1.6997 13.1579 23.3154
v 31.1814 0.0000 0.0000
v -170.4476 16.7713 -379.7924
v 1.0000 1.0000 1.0000
v 0.0118 0.0000 0.0000
v 23.2598 11.4218 10.3046
v 29.9031 0.0000 0.0000
v -105.7808 28.1932 42.4813
v 1.0000 1.0000 1.0000
v 0.0118 0.0000 0.0000
v 23.7963 10.2611 1.4971
v 31.4298 0.0000 0.0000
v -98.5796 23.4403 30.7388
v 1.0000 1.0000 1.0000
v 0.0118 0.0000 0.0000
v -18.0010 1.6803 -20.6329
v 29.5047 0.0000 0.0000
v 37.6830 32.1487 210.8725
v 1.0000 1.0000 1.0000
v 0.2235 0.0118 0.0000
v 0.0000 22.2227 4.7897
v -6.3591 31.2381 0.0000
v 0.0000 -106.7610 46.4144
v -4.1785 0.0000 0.0000
v 0.0000 1.0000 1.0000
v 1.0000 0.0000 0.0000
v 0.2235 0.0118 0.0000
v 0.0000 -7.3644 18.8184
v -10.9210 31.1423 0.0000
v 0.0000 43.0040 -2.0996
v 44.9494 0.0000 0.0000
v 0.0000 1.0000 1.0000
v 1.0000 0.0000 0.0000
v 0.2235 0.0118 0.0000
v 0.0000 4.6385 9.6998
v 22.2328 31.5010 0.0000
v 0.0000 -10.2617 18.8779
v -220.5005 0.0000 0.0000
v 0.0000 1.0000 1.0000
v 1.0000 0.0000 0.0000
v 0.2235 0.0118 0.0000
v 0.0000 5.2487 14.8682
v 20.5888 30.4991 0.0000
v 0.0000 -80.3830 10.5988
v -294.8998 0.0000 0.0000
v 0.0000 1.0000 1.0000
v 1.0000 0.0000 0.0000
v 0.2235 0.0118 0.0000
v 0.0000 -4.1807 11.8957
v 23.4361 31.1882 0.0000
v 0.0000 16.3625 25.8716
v -306.9108 0.0000 0.0000
v 0.0000 1.0000 1.0000
v 1.0000 0.0000 0.0000
v 0.2235 0.0118 0.0000
v 0.0000 14.4590 18.6983
v 8.9672 28.3352 0.0000
v 0.0000 29.9675 16.3237
v -379.0536 0.0000 0.0000
v 0.0000 1.0000 1.0000
v 1.0000 0.0000 0.0000
v 0.2235 0.0118 0.0000
v 0.0000 18.8831 8.2865
v 19.9555 29.0387 0.0000
v 0.0000 -88.0225 21.2715
v -198.0946 0.0000 0.0000
v 0.0000 1.0000 1.0000
v 1.0000 0.0000 0.0000
v 0.2235 0.0118 0.0000
v 0.0000 20.4200 17.1040
v -7.1926 29.7968 0.0000
v 0.0000 -95.4497 9.2027
v 7.5114 0.0000 0.0000
v 0.0000 1.0000 1.0000
v 1.0000 0.0000 0.0000
v 0.2235 0.0118 0.0000
v 0.0000 17.2246 16.6728
v -17.6916 28.2778 0.0000
v 0.0000 -86.7834 34.2097
v 42.9275 0.0000 0.0000
v 0.0000 1.0000 1.0000
v 1.0000 0.0000 0.0000
v 0.2235 0.0118 0.0000
v 0.0000 -0.4273 10.8974
v 23.8017 31.2536 0.0000
v 0.0000 67.5740 22.7677
v -191.6350 0.0000 0.0000
v 0.0000 1.0000 1.0000
v 1.0000 0.0000 0.0000
v 0.2235 0.0118 0.0000
v 0.0000 -4.1782 17.3948
v 20.4045 28.6894 0.0000
v 0.0000 117.8130 20.3701
v -308.2398 0.0000 0.0000
v 0.0000 1.0000 1.0000
v 1.0000 0.0000 0.0000
v 0.2235 0.0118 0.0000
v 0.0000 -8.9272 1.6803
v -21.4442 30.7739 0.0000
v 0.0000 43.9346 31.6600
v 75.8432 0.0000 0.0000
v 0.0000 1.0000 1.0000
v 1.0000 0.0000 0.0000
v 0.2235 0.0118 0.0000
v 0.0000 -22.0440 10.1080
v -14.3284 29.6870 0.0000
v 0.0000 177.3420 43.4422
v -49.8629 0.0000 0.0000
v 0.0000 1.0000 1.0000
v 1.0000 0.0000 0.0000
v 0.2235 0.0118 0.0000
v 0.0000 11.3899 13.1579
v 20.4897 30.1498 0.0000
v 0.0000 -88.5624 13.4153
v -353.1435 0.0000 0.0000
v 0.0000 1.0000 1.0000
v 1.0000 0.0000 0.0000
v 0.2235 0.0118 0.0000
v 0.0000 0.6151 17.2558
v -22.2110 29.7993 0.0000
v 0.0000 -65.1130 9.3644
v 209.4547 0.0000 0.0000
v 0.0000 1.0000 1.0000
v 1.0000 0.0000 0.0000
v 0.2235 0.0118 0.0000
v 0.0000 1.3969 14.7428
v 23.2131 31.0393 0.0000
v 0.0000 -0.0948 35.5764
v -109.8409 0.0000 0.0000
v 0.0000 1.0000 1.0000
v 1.0000 0.0000 0.0000
v 0.2235 0.0118 0.0000
v 0.0000 6.1040 10.7848
v 22.3927 31.1883 0.0000
v 0.0000 114.5108 17.7072
v -299.5552 0.0000 0.0000
v 0.0000 1.0000 1.0000
v 1.0000 0.0000 0.0000
v 0.2235 0.0118 0.0000
v 0.0000 18.7491 10.3711
v -19.8828 28.9114 0.0000
v 0.0000 -82.6919 34.7981
v 48.1183 0.0000 0.0000
v 0.0000 1.0000 1.0000
v 1.0000 0.0000 0.0000
v 0.2235 0.0118 0.0000
v 0.0000 21.9765 17.0917
v -1.4832 30.1659 0.0000
v 0.0000 -91.6793 8.8161
v 29.1913 0.0000 0.0000
v 0.0000 1.0000 1.0000
v 1.0000 0.0000 0.0000
v 0.2235 0.0118 0.0000
v 0.0000 4.7637 13.5672
v 22.5578 31.0656 0.0000
v 0.0000 35.6310 20.6768
v -193.6207 0.0000 0.0000
v 0.0000 1.0000 1.0000
v 1.0000 0.0000 0.0000
v 0.2235 0.0118 0.0000
v 0.0000 -0.4623 1.6803
v -23.1311 31.4590 0.0000
v 0.0000 -108.5730 34.1276
v 214.0869 0.0000 0.0000
v 0.0000 1.0000 1.0000
v 1.0000 0.0000 0.0000
v 0.2235 0.0118 0.0000
v 0.0000 -23.2895 -0.0085
v -6.4333 30.5591 0.0000
v 0.0000 182.4950 30.7748
v 125.4801 0.0000 0.0000
v 0.0000 1.0000 1.0000
v 1.0000 0.0000 0.0000
v 0.0000 1.0000 0.0000
v 0.0000 0.0000 30.2255
v 50.3101 -304.9120 65.4914
v 0.0000 0.0000 1.0000
v 1.0000 1.0000 0.0000
v -55.6415 66.4439 -93.2503
v 41.8339 0.0000 0.0000
v 1.0000 1.0000 1.0000
v 1.0000 0.0000 0.0000
v 0.0000 -47.7923 62.2298
v -76.5640 65.3190 0.0000
v 0.0000 1.0000 1.0000
v 1.0000 0.0000 0.0000
v 0.0000 1.0000 0.0000
v 0.0000 0.0000 -77.1462
v 61.7146 39.5219 40.9948
v 0.0000 0.0000 1.0000
v 1.0000 1.0000 0.0000
v 0.0000 0.0000 -7.7843
v -4.4288 257.9565 56.7503
v 0.0000 0.0000 1.0000
v 1.0000 1.0000 0.0000
v 0.0000 1.0000 0.0000
v 0.0000 0.0000 -206.1060
v -4.3422 161.2137 54.9609
v 0.0000 0.0000 1.0000
v 1.0000 1.0000 0.0000
v 0.0039 0.3098 0.0000
v -35.0811 11.7706 21.7763
v 66.6899 0.0000 0.0000
v 1.0000 1.0000 1.0000
v 0.0000 0.0000 -127.9838
v -2.5000 122.1299 89.4221
v 0.0000 0.0000 1.0000
v 1.0000 1.0000 0.0000
v 0.4510 0.0000 0.0000
v -216.7175 -3.0000 110.0148
v 84.4704 0.0000 0.0000
v 1.0000 1.0000 1.0000
v 0.0000 1.0000 0.0000
v 0.0000 109.8134 -4.3152
v 304.2250 56.0735 0.0000
v 0.0000 1.0000 1.0000
v 1.0000 0.0000 0.0000
v 0.7255 0.5490 0.0000
v 0.0000 167.1117 100.8978
v 1.9922 109.0555 0.0000
v 0.0000 1.0000 1.0000
v 1.0000 0.0000 0.0000
v 0.7255 0.5490 0.0000
v 0.0000 0.0000 164.0573
v 100.8978 -362.0156 109.9898
v 0.0000 0.0000 1.0000
v 1.0000 1.0000 0.0000
v 0.0000 -195.2198 83.8978
v -12.2931 107.9384 0.0000
v 0.0000 1.0000 1.0000
v 1.0000 0.0000 0.0000
v 0.5490 0.0000 0.0000
v 0.0000 -187.2035 83.8978
v 141.9205 109.4830 0.0000
v 0.0000 1.0000 1.0000
v 1.0000 0.0000 0.0000
v 0.1216 1.0000 0.0000
v -155.9579 79.8978 138.7677
v 108.9327 0.0000 0.0000
v 1.0000 1.0000 1.0000
v 0.0000 -107.7801 100.8978
v -376.6565 108.7364 0.0000
v 0.0000 1.0000 1.0000
v 1.0000 0.0000 0.0000
v 0.7725 0.0000 0.0000
v -167.7686 67.3995 83.0401
v 96.0840 0.0000 0.0000
v 1.0000 1.0000 1.0000
v 0.0000 0.0000 -172.5024
v 75.3995 -94.7864 95.8820
v 0.0000 0.0000 1.0000
v 1.0000 1.0000 0.0000
v 0.5333 0.7569 0.0000
v 0.0000 235.5981 82.3995
v -328.1623 90.4622 0.0000
v 0.0000 1.0000 1.0000
v 1.0000 0.0000 0.0000
v 0.7569 0.0000 0.0000
v 161.4329 80.3995 -24.4289
v 90.3697 0.0000 0.0000
v 1.0000 1.0000 1.0000
v 0.0000 0.0000 -43.3857
v 80.3995 -391.1741 90.3846
v 0.0000 0.0000 1.0000
v 1.0000 1.0000 0.0000
v 0.5333 0.7569 0.0000
v 0.0000 -24.9635 82.3995
v -382.2260 90.5848 0.0000
v 0.0000 1.0000 1.0000
v 1.0000 0.0000 0.0000
v 122.8309 109.3995 -325.1595
v 96.1996 0.0000 0.0000
v 1.0000 1.0000 1.0000
v 0.0000 -186.4245 249.3995
v -484.2274 94.0771 0.0000
v 0.0000 1.0000 1.0000
v 1.0000 0.0000 0.0000
v 0.0000 -369.0917 64.3995
v -69.3504 96.4275 0.0000
v 0.0000 1.0000 1.0000
v 1.0000 0.0000 0.0000
v 0.0000 -104.3716 159.3995
v -72.4329 94.4250 0.0000
v 0.0000 1.0000 1.0000
v 1.0000 0.0000 0.0000
v 0.0000 138.5740 227.3995
v -149.7000 92.9350 0.0000
v 0.0000 1.0000 1.0000
v 1.0000 0.0000 0.0000
v 0.0000 -201.1528 251.3995
v -246.9419 94.1461 0.0000
v 0.0000 1.0000 1.0000
v 1.0000 0.0000 0.0000
v 178.6299 149.3995 -302.7563
v 96.4302 0.0000 0.0000
v 1.0000 1.0000 1.0000
v 0.3725 0.1373 0.0000
v -168.5608 233.3995 -37.0996
v 93.8954 0.0000 0.0000
v 1.0000 1.0000 1.0000
v 0.3725 0.1373 0.0000
v -209.9986 64.3995 94.6452
v 94.0700 0.0000 0.0000
v 1.0000 1.0000 1.0000
v 0.3725 0.1373 0.0000
v -183.1750 156.3995 201.8907
v 93.7144 0.0000 0.0000
v 1.0000 1.0000 1.0000
v 0.3725 0.1373 0.0000
v -1.7208 232.3995 -542.8546
v 96.2591 0.0000 0.0000
v 1.0000 1.0000 1.0000
v 0.1373 0.0000 0.0000
v 0.0000 0.0000 71.9082
v 213.3995 -45.6112 94.8248
v 0.0000 0.0000 1.0000
v 1.0000 1.0000 0.0000
v 0.0000 -260.6180 228.3995
v -93.8056 94.5267 0.0000
v 0.0000 1.0000 1.0000
v 1.0000 0.0000 0.0000
v 0.3725 0.1373 0.0000
v 169.2314 79.3995 -17.9599
v 96.0840 0.0000 0.0000
v 1.0000 1.0000 1.0000
v 0.1373 0.0000 0.0000
v 0.0000 0.0000 214.2313
v 159.3995 -220.9599 96.0840
v 0.0000 0.0000 1.0000
v 1.0000 1.0000 0.0000
v 0.0000 -89.8431 251.3995
v -24.9576 94.2520 0.0000
v 0.0000 1.0000 1.0000
v 1.0000 0.0000 0.0000
v 0.3725 0.1098 0.0000
v 137.0675 166.3995 -175.4830
v 91.7571 0.0000 0.0000
v 1.0000 1.0000 1.0000
v 0.1373 0.0000 0.0000
v 0.0000 0.0000 -245.8030
v 239.3995 -53.1106 94.6660
v 0.0000 0.0000 1.0000
v 1.0000 1.0000 0.0000
v 0.0000 -31.4767 155.3995
v -175.4696 96.3899 0.0000
v 0.0000 1.0000 1.0000
v 1.0000 0.0000 0.0000
v 0.3725 0.1373 0.0000
v 158.3746 279.3995 74.3425
v 94.4689 0.0000 0.0000
v 1.0000 1.0000 1.0000
v 0.1373 0.0000 0.0000
v 0.0000 0.0000 138.3746
v 159.3995 -43.6575 94.4689
v 0.0000 0.0000 1.0000
v 1.0000 1.0000 0.0000
v 0.0000 139.0359 159.3995
v -406.0216 96.3406 0.0000
v 0.0000 1.0000 1.0000
v 1.0000 0.0000 0.0000
v 0.0000 0.0000 393.2018
v 229.3995 -238.9361 94.3210
v 0.0000 0.0000 1.0000
v 1.0000 1.0000 0.0000
v 0.0000 -321.7571 184.8978
v -247.6789 108.1569 0.0000
v 0.0000 1.0000 1.0000
v 1.0000 0.0000 0.0000
v 0.3647 0.4627 0.0000
v 0.0000 -178.6336 197.8978
v -197.9137 112.2209 0.0000
v 0.0000 1.0000 1.0000
v 1.0000 0.0000 0.0000
v 0.7882 0.0000 0.0000
v -191.3718 164.8978 -414.8536
v 111.9327 0.0000 0.0000
v 1.0000 1.0000 1.0000
v 0.0000 0.0000 -47.1095
v 164.8978 -117.2575 109.7083
v 0.0000 0.0000 1.0000
v 1.0000 1.0000 0.0000
v 0.7882 1.0000 0.0000
v -74.4996 40.0000 45.0003
v 73.3777 0.0000 0.0000
v 1.0000 1.0000 1.0000
v 0.6824 0.0000 0.0000
v 0.0000 0.0000 -216.6754
v 273.8977 -174.5869 110.6441
v 0.0000 0.0000 1.0000
v 1.0000 1.0000 0.0000
v 0.0000 303.5403 174.8978
v -197.7418 109.1098 0.0000
v 0.0000 1.0000 1.0000
v 1.0000 0.0000 0.0000
v 0.3137 0.6706 0.0000
v -114.9829 164.8978 -301.7354
v 106.3615 0.0000 0.0000
v 1.0000 1.0000 1.0000
v 0.8039 0.0000 0.0000
v -87.3304 234.8978 -444.6213
v 105.1305 0.0000 0.0000
v 1.0000 1.0000 1.0000
v 0.0000 0.0000 -405.3470
v 87.3978 -176.0976 108.1013
v 0.0000 0.0000 1.0000
v 1.0000 1.0000 0.0000
v 0.3098 0.6824 0.0000
v -237.3470 255.8978 -91.0976
v 108.1013 0.0000 0.0000
v 1.0000 1.0000 1.0000
v 0.6824 0.0000 0.0000
v 0.0000 0.0000 153.2045
v 294.8977 25.0948 112.5464
v 0.0000 0.0000 1.0000
v 1.0000 1.0000 0.0000
v 0.0000 -149.6754 186.8978
v 11.4131 110.6441 0.0000
v 0.0000 1.0000 1.0000
v 1.0000 0.0000 0.0000
v 0.3098 0.6824 0.0000
v 198.2611 244.8978 -89.1810
v 111.9598 0.0000 0.0000
v 1.0000 1.0000 1.0000
v 0.4627 0.0000 0.0000
v 156.6252 94.8978 -91.6391
v 108.6193 0.0000 0.0000
v 1.0000 1.0000 1.0000
v 0.0000 -216.4282 182.8978
v -156.6052 108.9270 0.0000
v 0.0000 1.0000 1.0000
v 1.0000 0.0000 0.0000
v 0.3098 0.6824 0.0000
v -241.8942 164.8978 -2.8547
v 109.1690 0.0000 0.0000
v 1.0000 1.0000 1.0000
v 0.6824 0.0000 0.0000
v 0.0000 0.0000 174.7702
v 164.8978 -363.3825 110.5672
v 0.0000 0.0000 1.0000
v 1.0000 1.0000 0.0000
v 0.0000 0.0000 178.4601
v 234.8978 -414.6370 108.4551
v 0.0000 0.0000 1.0000
v 1.0000 1.0000 0.0000
v 0.0000 0.8706 0.0000
v 0.0000 -175.5000 48.0000
v -22.0000 156.1738 0.0000
v 0.0000 1.0000 1.0000
v 1.0000 0.0000 0.0000
v 0.9961 0.0000 0.0000
v 64.0400 24.0612 -376.5552
v 47.3577 0.0000 0.0000
v 1.0000 1.0000 1.0000
v 0.8588 0.0000 0.0000
v 148.0000 41.5000 -162.0000
v 150.7116 0.0000 0.0000
v 1.0000 1.0000 1.0000
v 0.8549 0.0000 0.0000
v 0.0000 0.0000 178.5000
v 40.0000 -400.5000 191.7720
v 0.0000 0.0000 1.0000
v 1.0000 1.0000 0.0000
v 2.0078 1.0000 0.0000
v 0.0000 0.0000 -66.6124
v -4.3474 171.7690 39.9508
v 0.0000 0.0000 1.0000
v 1.0000 1.0000 0.0000
v 0.8549 0.0000 0.0000
v 27.0000 40.0000 -43.5000
v 97.2330 0.0000 0.0000
v 1.0000 1.0000 1.0000
v 0.0000 0.0000 -410.4600
v -4.2229 -28.4120 43.4232
v 0.0000 0.0000 1.0000
v 1.0000 1.0000 0.0000
v 1.0000 0.0000 0.0000
v 0.0000 0.0000 -131.7502
v -4.5061 215.9295 47.6804
v 0.0000 0.0000 1.0000
v 1.0000 1.0000 0.0000
v 1.0000 0.0000 0.0000
v 0.0000 -246.6550 -4.1393
v 142.2673 60.9678 0.0000
v 0.0000 1.0000 1.0000
v 1.0000 0.0000 0.0000
v 0.0000 0.0000 -3.4993
v 40.0000 -51.4997 78.3230
v 0.0000 0.0000 1.0000
v 1.0000 1.0000 0.0000
v 0.7412 1.0000 0.0000
v 0.0000 76.0005 45.0000
v 32.0007 150.7216 0.0000
v 0.0000 1.0000 1.0000
v 1.0000 0.0000 0.0000
v 3.0118 0.8627 0.0000
v -173.5000 39.0000 189.0000
v 133.0460 0.0000 0.0000
v 1.0000 1.0000 1.0000
v 0.8549 0.0000 0.0000
v 0.0000 0.0000 85.0000
v 40.0000 -31.0000 123.6487
v 0.0000 0.0000 1.0000
v 1.0000 1.0000 0.0000
v 0.0000 118.8184 30.0000
v -42.0000 225.6126 0.0000
v 0.0000 1.0000 1.0000
v 1.0000 0.0000 0.0000
v 165.5000 47.5000 -380.5000
v 137.9873 0.0000 0.0000
v 1.0000 1.0000 1.0000
v 3.0118 0.8667 0.0000
v 99.0000 45.0000 -222.0000
v 143.6941 0.0000 0.0000
v 1.0000 1.0000 1.0000
v 0.0000 -296.5625 78.0000
v -197.6250 195.0300 0.0000
v 0.0000 1.0000 1.0000
v 1.0000 0.0000 0.0000
v 0.0000 -105.5000 40.0000
v -330.0000 120.9390 0.0000
v 0.0000 1.0000 1.0000
v 1.0000 0.0000 0.0000
v 3.0118 0.8431 0.0000
v 0.0000 0.0000 52.5000
v 40.0000 -53.5000 128.4075
v 0.0000 0.0000 1.0000
v 1.0000 1.0000 0.0000
v 0.0000 -187.5000 40.0000
v -445.0000 145.9495 0.0000
v 0.0000 1.0000 1.0000
v 1.0000 0.0000 0.0000
v 0.8941 0.0000 0.0000
v 40.0000 7.5000 126.5790
v 0.0000 0.0000 1.0000
v 1.0000 1.0000 0.0000
v 0.0000 0.0000 217.5000
v 1.7259 -52.3876 0.0000
v 11.6196 0.9922 217.5000
v 0.2259 -7.8816 0.0000
v 11.6078 0.0039 242.5000
v 0.4259 -13.0005 0.0000
v 10.9765 0.0039 242.5000
v 2.0737 -57.4753 0.0000
v 10.9843 0.9922 117.5000
v 2.0737 -57.4753 0.0000
v 14.1255 0.9922 117.5000
v 0.4259 -13.0005 0.0000
v 14.1137 0.0039 142.5000
v 0.2259 -7.8816 0.0000
v 13.4824 0.0039 142.5000
v 1.7259 -52.3876 0.0000
v 13.4902 0.9922 17.5000
v 1.7259 -52.4025 0.0000
v 16.6353 0.9922 17.5000
v 0.2259 -7.8484 0.0000
v 16.6196 0.0039 42.5000
v 0.4259 -12.9806 0.0000
v 15.9882 0.0039 42.5000
v 2.0737 -57.4842 0.0000
v 16.0000 0.9922 -63.7500
v 0.2759 -9.1314 0.0000
v 18.6510 0.0039 -63.7500
v 1.7759 -51.4386 0.0000
v 18.6627 0.9922 -7.5000
v 0.1259 -5.2823 0.0000
v 17.2471 0.0039 -7.5000
v 1.6259 -49.5424 0.0000
v 17.2588 0.9922 -32.5000
v 1.6259 -48.9040 0.0000
v 17.8824 0.9922 -32.5000
v 0.1259 -5.2823 0.0000
v 17.8667 0.0039 192.5000
v 0.1259 -5.3221 0.0000
v 12.2353 0.0039 192.5000
v 1.6259 -49.8437 0.0000
v 12.2431 0.9922 167.5000
v 1.6259 -49.8437 0.0000
v 12.8667 0.9922 167.5000
v 0.1259 -5.3221 0.0000
v 12.8549 0.0039 92.5000
v 0.5259 -15.5567 0.0000
v 14.7412 0.0039 92.5000
v 2.2131 -60.0207 0.0000
v 14.7529 0.9922 67.5000
v 2.2131 -60.0236 0.0000
v 15.3725 0.9922 67.5000
v 0.5259 -15.5500 0.0000
v 15.3608 0.0039 267.4999
v 2.2131 -60.0158 0.0000
v 10.3569 0.9922 267.4999
v 0.5259 -15.5567 0.0000
v 10.3490 0.0039 -63.7500
v 1.4009 -42.5521 0.0000
v 18.6588 0.7490 -63.7500
v 0.6509 -24.7789 0.0000
v 18.6549 0.2471 -32.5000
v 1.2509 -39.6888 -0.0000
v 17.8784 0.7490 -32.5000
v 0.5009 -21.2584 -0.0000
v 10.3529 0.2471 279.9999
v 2.2131 -60.0125 0.0000
v 10.0431 0.2471 279.9999
v 0.5259 -15.5533 0.0000
v 10.0392 0.0039 279.9999
v 0.5259 -15.5533 0.0000
v 17.2510 0.2471 -32.5000
v 0.5009 -21.2584 -0.0000
v 17.8706 0.2471 -63.7500
v 0.6509 -24.7789 0.0000
v 18.6549 0.2471 -63.7500
v 0.6509 -24.7789 0.0000
v 18.6549 0.2471 -32.5000
v 0.1259 -5.2823 0.0000
v 17.8667 0.0039 -63.7500
v 1.4009 -42.5521 0.0000
v 18.6588 0.7490 -63.7500
v 1.4009 -42.5521 0.0000
v 18.6588 0.7490 -32.5000
v 1.2509 -39.6888 -0.0000
v 17.8784 0.7490 -32.5000
v 1.6259 -48.9040 0.0000
v 10.3569 0.7490 267.4999
v 2.2131 -60.0158 0.0000
v 16.6314 0.7490 -7.5000
v 1.6259 -49.5424 0.0000
v 17.2588 0.9922 0.0000
v 108.1250 1.1695 -32.6529
v 174.0421 0.0000 0.0000
v 1.0000 1.0000 1.0000
v 0.8667 0.0000 0.0000
v 0.0000 -9.5000 40.0000
v -184.5000 129.4701 0.0000
v 0.0000 1.0000 1.0000
v 1.0000 0.0000 0.0000
v 0.8706 0.0000 0.0000
v 62.5000 47.0000 207.1719
v 150.4041 0.0000 0.0000
v 1.0000 1.0000 1.0000
v -84.4998 54.0000 -64.9993
v 142.0077 0.0000 0.0000
v 1.0000 1.0000 1.0000
v 1.0000 0.0000 0.0000
v 0.0000 100.0000 22.5000
v -344.0000 213.9532 0.0000
v 0.0000 1.0000 1.0000
v 1.0000 0.0000 0.0000
v 12.0471 0.2314 0.0000
v -228.5000 60.0000 -87.5000
v 172.1816 0.0000 0.0000
v 1.0000 1.0000 1.0000
v 0.8902 0.0000 0.0000
v 0.0000 0.0000 -149.0000
v 45.0000 -191.0000 140.3460
v 0.0000 0.0000 1.0000
v 1.0000 1.0000 0.0000
v 0.0000 80.0000 22.5000
v -304.0000 207.1618 0.0000
v 0.0000 1.0000 1.0000
v 1.0000 0.0000 0.0000
v -0.8431 0.0000 0.0000
v -10.0000 22.5000 -390.5000
v 206.2771 0.0000 0.0000
v 1.0000 1.0000 1.0000
v 0.2392 0.0000 0.0000
v 8.0000 47.5000 -30.5000
v 126.6659 0.0000 0.0000
v 1.0000 1.0000 1.0000
v 35.5000 60.0000 14.5000
v 94.1409 0.0000 0.0000
v 1.0000 1.0000 1.0000
v 1.0000 0.0000 0.0000
v 0.0000 0.0000 143.1203
v 159.0000 -574.4124 367.3035
v 0.0000 0.0000 1.0000
v 1.0000 1.0000 0.0000
v 1.0039 1.0000 0.0000
v -341.5260 179.0000 -287.3664
v 373.1934 0.0000 0.0000
v 1.0000 1.0000 1.0000
v 0.0000 0.0000 137.7946
v 198.0000 -57.9406 365.8682
v 0.0000 0.0000 1.0000
v 1.0000 1.0000 0.0000
v 1.0039 1.0000 0.0000
v -217.9799 210.0000 -565.1105
v 367.1162 0.0000 0.0000
v 1.0000 1.0000 1.0000
v 0.0000 216.8739 171.5000
v -221.3132 277.7723 0.0000
v 0.0000 1.0000 1.0000
v 1.0000 0.0000 0.0000
v 1.0000 0.0000 0.0000
v 0.0000 0.0000 -281.6446
v 121.5000 50.2252 279.8950
v 0.0000 0.0000 1.0000
v 1.0000 1.0000 0.0000
v 1.0039 1.0000 0.0000
v 6.4740 149.0000 98.6336
v 373.1934 0.0000 0.0000
v 1.0000 1.0000 1.0000
v 0.0000 -450.5260 149.0000
v -9.3664 373.1935 0.0000
v 0.0000 1.0000 1.0000
v 1.0000 0.0000 0.0000
v 0.4980 0.0000 0.0000
v 0.0000 0.0000 -12.4555
v 131.5000 -463.9390 279.6682
v 0.0000 0.0000 1.0000
v 1.0000 1.0000 0.0000
v 2.0078 0.4980 0.0000
v 0.0000 0.0000 -144.1541
v 171.5000 259.5446 274.4012
v 0.0000 0.0000 1.0000
v 1.0000 1.0000 0.0000
v 1.0039 1.0000 0.0000
v -48.1600 141.5000 -405.5593
v 275.4776 0.0000 0.0000
v 1.0000 1.0000 1.0000
v 0.0000 80.5386 193.5000
v -430.4679 275.4246 0.0000
v 0.0000 1.0000 1.0000
v 1.0000 0.0000 0.0000
v 1.0000 0.0000 0.0000
v 0.0000 0.0000 137.7054
v 121.5000 244.0831 279.5166
v 0.0000 0.0000 1.0000
v 1.0000 1.0000 0.0000
v 1.0039 1.0000 0.0000
v 306.0272 131.5000 2.9338
v 276.9174 0.0000 0.0000
v 1.0000 1.0000 1.0000
v 0.0000 -167.0363 162.0000
v -564.4218 369.2231 0.0000
v 0.0000 1.0000 1.0000
v 1.0000 0.0000 0.0000
v 1.0000 0.0000 0.0000
v 0.0000 0.0000 -185.9395
v 122.0000 -227.7176 371.0428
v 0.0000 0.0000 1.0000
v 1.0000 1.0000 0.0000
v 2.0078 0.4980 0.0000
v 0.0000 0.0000 100.5571
v 105.5000 -476.1975 274.4210
v 0.0000 0.0000 1.0000
v 1.0000 1.0000 0.0000
v 1.0039 1.0000 0.0000
v 154.5444 131.5000 -193.9390
v 279.6682 0.0000 0.0000
v 1.0000 1.0000 1.0000
v 0.0000 48.5572 82.5000
v -213.1975 274.4210 0.0000
v 0.0000 1.0000 1.0000
v 1.0000 0.0000 0.0000
v 0.4980 0.0000 0.0000
v 0.0000 0.0000 36.5445
v 135.5000 -413.9390 279.6682
v 0.0000 0.0000 1.0000
v 1.0000 1.0000 0.0000
v 1.0039 1.0000 0.0000
v -59.1540 161.5000 335.5445
v 274.4012 0.0000 0.0000
v 1.0000 1.0000 1.0000
v 0.0000 -297.6445 131.5000
v -4.7748 279.8950 0.0000
v 0.0000 1.0000 1.0000
v 1.0000 0.0000 0.0000
v 1.0000 0.0000 0.0000
v 0.0000 0.0000 95.6943
v 111.5000 -263.2859 275.8837
v 0.0000 0.0000 1.0000
v 1.0000 1.0000 0.0000
v 1.0039 1.0000 0.0000
v 4.4850 131.5000 168.7903
v 278.5799 0.0000 0.0000
v 1.0000 1.0000 1.0000
v 0.0000 -125.6446 111.5000
v 93.2251 279.8951 0.0000
v 0.0000 1.0000 1.0000
v 1.0000 0.0000 0.0000
v 1.0000 0.0000 0.0000
v 0.0000 0.0000 -55.9936
v 111.5000 -338.4006 275.4958
v 0.0000 0.0000 1.0000
v 1.0000 1.0000 0.0000
v 2.0078 0.4980 0.0000
v 99.8460 111.5000 -202.4555
v 274.4012 0.0000 0.0000
v 1.0000 1.0000 1.0000
v 0.0000 19.8887 122.0000
v -537.0109 373.0594 0.0000
v 0.0000 1.0000 1.0000
v 1.0000 0.0000 0.0000
v 1.0000 0.0000 0.0000
v 0.0000 0.0000 115.3556
v 131.5000 45.2252 279.8951
v 0.0000 0.0000 1.0000
v 1.0000 1.0000 0.0000
v 1.0039 1.0000 0.0000
v -280.9581 101.5000 32.0770
v 275.1056 0.0000 0.0000
v 1.0000 1.0000 1.0000
v 0.0000 -52.9727 108.5000
v 304.9338 276.9174 0.0000
v 0.0000 1.0000 1.0000
v 1.0000 0.0000 0.0000
v 1.0000 0.0000 0.0000
v 0.0000 0.0000 81.5572
v 115.5000 -411.1975 274.4210
v 0.0000 0.0000 1.0000
v 1.0000 1.0000 0.0000
v 0.0000 1.0000 0.0000
v -19.6091 -4.5537 119.1529
v 48.1000 0.0000 0.0000
v 1.0000 1.0000 1.0000
v 0.0000 1.0000 0.0000
v 52.9737 -4.4331 122.5670
v 39.9661 0.0000 0.0000
v 1.0000 1.0000 1.0000
v 4.0157 0.9059 0.0000
v -48.9994 30.0000 23.0007
v 140.3567 0.0000 0.0000
v 1.0000 1.0000 1.0000
v 0.0000 -60.0000 40.0000
v -379.5000 114.3951 0.0000
v 0.0000 1.0000 1.0000
v 1.0000 0.0000 0.0000
v 0.0000 -181.0000 60.0000
v 182.0000 142.7060 0.0000
v 0.0000 1.0000 1.0000
v 1.0000 0.0000 0.0000
v -218.3672 60.0000 -190.4375
v 181.2080 0.0000 0.0000
v 1.0000 1.0000 1.0000
v 2.0265 60.0000 0.5825
v 168.0238 0.0000 0.0000
v 1.0000 1.0000 1.0000
v 0.0000 0.0000 -127.5000
v 29.0000 -26.0000 143.0638
v 0.0000 0.0000 1.0000
v 1.0000 1.0000 0.0000
v 1.0000 0.0000 0.0000
v 0.0000 -180.5269 116.5000
v -507.6840 143.8041 0.0000
v 0.0000 1.0000 1.0000
v 1.0000 0.0000 0.0000
v 0.0000 0.0000 -194.5268
v 133.5000 -43.6840 143.8041
v 0.0000 0.0000 1.0000
v 1.0000 1.0000 0.0000
v 0.0000 0.0000 -239.5268
v 116.5000 152.3160 143.8041
v 0.0000 0.0000 1.0000
v 1.0000 1.0000 0.0000
v 1.0000 0.0000 0.0000
v 0.0000 -222.5269 142.5000
v -184.6840 143.8041 0.0000
v 0.0000 1.0000 1.0000
v 1.0000 0.0000 0.0000
v 0.0000 -236.5000 24.0000
v 37.2500 134.8622 0.0000
v 0.0000 1.0000 1.0000
v 1.0000 0.0000 0.0000
v 0.0000 -230.5000 116.5000
v -82.7500 134.8622 0.0000
v 0.0000 1.0000 1.0000
v 1.0000 0.0000 0.0000
v 0.0000 0.8980 0.0000
v -150.5002 55.0000 114.5000
v 134.2999 0.0000 0.0000
v 1.0000 1.0000 1.0000
v 1.0000 0.0000 0.0000
v 0.0000 82.1903 116.5000
v 51.3160 123.4059 0.0000
v 0.0000 1.0000 1.0000
v 1.0000 0.0000 0.0000
v 0.0000 -172.5000 2.0737
v -147.4554 0.0000 9.1098
v 0.9922 -172.5000 0.4259
v -102.9806 0.0000 9.1020
v 0.0039 -147.5000 0.2259
v -97.8485 0.0000 8.4706
v 0.0039 -147.5000 1.7259
v -142.3544 0.0000 8.4745
v 0.9922 -72.5000 1.7259
v -142.3545 0.0000 6.6039
v 0.9922 -72.5000 0.2259
v -97.8485 0.0000 6.5961
v 0.0039 -47.5000 0.4259
v -102.9807 0.0000 5.9647
v 0.0039 -47.5000 2.0737
v -147.4555 0.0000 5.9686
v 0.9922 2.5000 0.5259
v -105.5567 0.0000 4.7176
v 0.0039 2.5000 2.2131
v -150.0160 0.0000 4.7216
v 0.9922 -22.5000 2.2131
v -150.0093 0.0000 5.3412
v 0.9922 -22.5000 0.5259
v -105.5501 0.0000 5.3373
v 0.0039 -197.5000 0.5259
v -105.5500 0.0000 9.7294
v 0.0039 -197.5000 2.2131
v -150.0092 0.0000 9.7373
v 0.9922 -97.5000 0.1259
v -95.2824 0.0000 7.2235
v 0.0039 -97.5000 1.6259
v -139.8039 0.0000 7.2275
v 0.9922 -122.5000 1.6259
v -139.8039 0.0000 7.8510
v 0.9922 -122.5000 0.1259
v -95.2824 0.0000 7.8431
v 0.0039 -22.5000 1.6509
v -140.5847 -0.0000 5.3412
v 0.2471 -22.5000 0.9009
v -121.7356 -0.0000 5.3373
v 0.2471 2.5000 0.9009
v -121.7422 0.0000 4.7176
v 0.2471 2.5000 1.6509
v -140.5914 0.0000 4.7176
v 0.2471 -210.0000 2.2131
v -150.0125 0.0000 10.0471
v 0.2471 -210.0000 0.5259
v -105.5533 0.0000 10.0392
v 0.2471 -22.5000 0.9009
v -121.7356 -0.0000 5.3373
v 0.2471 -197.5000 0.5259
v -105.5500 0.0000 9.7294
v 0.2471 -22.5000 0.5259
v -105.5501 0.0000 5.3373
v 0.0039 -22.5000 0.9009
v -121.7356 -0.0000 5.3373
v 0.2471 2.5000 1.6509
v -140.5914 0.0000 4.7176
v 0.7490 -22.5000 1.6509
v -140.5847 -0.0000 5.3412
v 0.7490 -22.5000 2.2131
v -150.0093 0.0000 5.3412
v 0.7490 -210.0000 2.2131
v -150.0125 0.0000 10.0471
v 0.9922 0.0000 0.0000
v 0.0000 0.0000 -103.7500
v 1.1695 -122.6492 109.7228
v 0.0000 0.0000 1.0000
v 1.0000 1.0000 0.0000
v -172.0000 60.0000 -444.0000
v 154.6738 0.0000 0.0000
v 1.0000 1.0000 1.0000
v 178.5000 60.0000 -400.5000
v 191.7720 0.0000 0.0000
v 1.0000 1.0000 1.0000
v 10.0000 40.0000 4.5000
v 76.9562 0.0000 0.0000
v 1.0000 1.0000 1.0000
v 0.0000 162.5000 60.0000
v -31.0000 165.8169 0.0000
v 0.0000 1.0000 1.0000
v 1.0000 0.0000 0.0000
v 1.0000 0.0000 0.0000
v 0.0000 0.0000 -83.9994
v -4.6288 157.7270 39.8041
v 0.0000 0.0000 1.0000
v 1.0000 1.0000 0.0000
v 0.0000 0.0000 62.0000
v 60.0000 -43.0000 141.3966
v 0.0000 0.0000 1.0000
v 1.0000 1.0000 0.0000
v 0.0000 0.0000 222.5000
v 77.5000 -380.5000 144.9017
v 0.0000 0.0000 1.0000
v 1.0000 1.0000 0.0000
v 0.0000 1.0000 30.0000
v -109.0000 108.4620 0.0000
v 0.0000 1.0000 1.0000
v 1.0000 0.0000 0.0000
v 0.8784 0.0000 0.0000
v 0.0000 36.5003 45.0000
v -10.0000 90.9796 0.0000
v 0.0000 1.0000 1.0000
v 1.0000 0.0000 0.0000
v 0.0000 0.0000 -105.5000
v 60.0000 -331.5000 122.0840
v 0.0000 0.0000 1.0000
v 1.0000 1.0000 0.0000
v 12.0471 0.2039 0.0000
v 0.0000 27.0000 76.0000
v 49.0000 188.3215 0.0000
v 0.0000 1.0000 1.0000
v 1.0000 0.0000 0.0000
v 8.0314 0.2784 0.0000
v 0.0000 0.0000 -187.2773
v 81.0000 -223.8828 170.8564
v 0.0000 0.0000 1.0000
v 1.0000 1.0000 0.0000
v -37.5001 -0.6500 -83.0006
v 0.0000 5.9569 0.0039
v -37.4999 0.8500 -127.4754
v 0.0000 5.9608 0.9922
v -62.4999 0.6500 -122.3876
v 0.0000 6.5961 0.9922
v -62.5001 -0.8500 -77.8817
v 0.0000 6.5922 0.0039
v 62.4999 -0.8500 -77.8485
v 0.0000 3.4588 0.0039
v 62.5001 0.6500 -122.3545
v 0.0000 3.4549 0.9922
v 37.5001 0.8500 -127.4555
v 0.0000 4.0902 0.9922
v 37.4999 -0.6500 -82.9807
v 0.0000 4.0902 0.0039
v 87.5001 0.5500 -119.4848
v 0.0000 2.8275 0.9922
v 87.4999 -0.9500 -75.2824
v 0.0000 2.8353 0.0039
v 12.4999 -0.5500 -85.5501
v 0.0000 4.7137 0.0039
v 12.5001 0.9500 -130.0093
v 0.0000 4.7137 0.9922
v -12.4999 0.9500 -130.0159
v 0.0000 5.3373 0.9922
v -12.5001 -0.5500 -85.5567
v 0.0000 5.3333 0.0039
v -87.5001 -0.9500 -75.3222
v 0.0000 7.2157 0.0039
v -87.4999 0.5500 -119.5246
v 0.0000 7.2196 0.9922
v -112.4999 0.5500 -118.8862
v 0.0000 7.8431 0.9922
v -112.5001 -0.9500 -75.3222
v 0.0000 7.8353 0.0039
v 62.5001 0.2750 -112.9182
v -0.0000 3.4549 0.7451
v -112.5001 -0.5750 -91.2839
v 0.0000 7.8353 0.2510
v -112.5000 0.1750 -109.6854
v 0.0000 7.8431 0.7451
v -87.5000 -0.5750 -91.4435
v -0.0000 7.2157 0.2510
v -87.4999 0.1750 -110.1642
v -0.0000 7.2196 0.7451
v 62.4999 -0.4750 -94.0456
v -0.0000 3.4588 0.2510
v 87.5001 0.1750 -110.1244
v 0.0000 2.8275 0.7451
v 87.5000 -0.5750 -91.4036
v 0.0000 2.8314 0.2510
v -112.5001 -0.5750 -91.2839
v 0.0000 7.8353 0.2510
v -87.5000 -0.5750 -91.4435
v -0.0000 7.2157 0.2510
v 62.4999 -0.4750 -94.0456
v -0.0000 3.4588 0.2510
v 87.5000 -0.5750 -91.4036
v 0.0000 2.8314 0.2510
v 87.5001 0.1750 -110.1244
v 0.0000 2.8275 0.7451
v -112.5001 -0.5750 -91.2839
v 0.0000 7.8353 0.2510
v -87.5001 -0.9500 -75.3222
v 0.0000 7.2157 0.0039
v 87.5001 0.1750 -110.1244
v 0.0000 2.8275 0.7451
v 62.5001 0.2750 -112.9182
v -0.0000 3.4549 0.7451
v 62.5001 0.6500 -122.3545
v 0.0000 3.4549 0.9922
v -87.4999 0.1750 -110.1642
v -0.0000 7.2196 0.7451
v -112.5000 0.1750 -109.6854
v 0.0000 7.8431 0.7451
v 0.0000 -12.5000 -0.0000
v -102.6492 103.6813 0.0000
v 0.0000 1.0000 1.0000
v 1.0000 0.0000 0.0000
v 0.0000 -9.5000 60.0000
v -184.5000 129.4701 0.0000
v 0.0000 1.0000 1.0000
v 1.0000 0.0000 0.0000
v 0.6510 0.1765 0.0000
v 0.0000 0.0000 -49.4995
v 55.0000 -10.0000 95.7353
v 0.0000 0.0000 1.0000
v 1.0000 1.0000 0.0000
v 3.0118 0.8588 0.0000
v -8.5000 40.0000 0.0000
v 93.2805 0.0000 0.0000
v 1.0000 1.0000 1.0000
v 0.0000 390.0000 -12.5000
v 289.1510 605.1558 0.0000
v 0.0000 1.0000 1.0000
v 1.0000 0.0000 0.0000
v 0.0000 -293.5000 126.0000
v -153.7500 122.8752 0.0000
v 0.0000 1.0000 1.0000
v 1.0000 0.0000 0.0000
v 0.0000 0.0000 -166.0000
v 121.0000 -76.2500 131.3509
v 0.0000 0.0000 1.0000
v 1.0000 1.0000 0.0000
v 0.0000 0.0000 -89.5000
v 105.0000 -442.7500 122.8752
v 0.0000 0.0000 1.0000
v 1.0000 1.0000 0.0000
v 0.0000 0.3059 0.0000
v 205.5000 78.0000 -137.5000
v 166.4647 0.0000 0.0000
v 1.0000 1.0000 1.0000
v 0.0000 0.0000 -189.5001
v 131.0000 -243.2505 122.8752
v 0.0000 0.0000 1.0000
v 1.0000 1.0000 0.0000
v 0.0000 -254.5000 105.0000
v -100.7500 122.8752 0.0000
v 0.0000 1.0000 1.0000
v 1.0000 0.0000 0.0000
v 79.5000 131.0000 189.2500
v 122.8752 0.0000 0.0000
v 1.0000 1.0000 1.0000
v 0.0000 0.0000 180.5000
v 105.0000 -387.7500 122.8752
v 0.0000 0.0000 1.0000
v 1.0000 1.0000 0.0000
v 4.0157 0.0000 0.0000
v 0.0000 0.0000 -400.0000
v -12.5000 349.1511 758.0117
v 0.0000 0.0000 1.0000
v 1.0000 1.0000 0.0000
v 0.0000 -180.0000 60.0000
v -64.5000 150.7191 0.0000
v 0.0000 1.0000 1.0000
v 1.0000 0.0000 0.0000
v 179.0000 125.0000 -135.2500
v 131.3509 0.0000 0.0000
v 1.0000 1.0000 1.0000
v 0.0000 0.0000 -154.0000
v 121.0000 -201.7500 114.0244
v 0.0000 0.0000 1.0000
v 1.0000 1.0000 0.0000
v 0.0000 -187.0000 105.0000
v 249.2500 114.0244 0.0000
v 0.0000 1.0000 1.0000
v 1.0000 0.0000 0.0000
v 3.0000 105.0000 -224.7500
v 114.0244 0.0000 0.0000
v 1.0000 1.0000 1.0000
v 114.7950 105.0000 -80.4772
v 200.5750 0.0000 0.0000
v 1.0000 1.0000 1.0000
v 0.0000 -60.0000 60.0000
v -401.0000 131.2440 0.0000
v 0.0000 1.0000 1.0000
v 1.0000 0.0000 0.0000
v -3.6706 0.0000 0.0000
v 0.0000 -5.5000 30.0000
v -28.5000 167.3096 0.0000
v 0.0000 1.0000 1.0000
v 1.0000 0.0000 0.0000
v 3.0118 0.8745 0.0000
v 0.0000 0.0000 -20.0000
v 30.0000 -10.5000 80.7419
v 0.0000 0.0000 1.0000
v 1.0000 1.0000 0.0000
v 229.0000 39.0000 106.0000
v 122.5439 0.0000 0.0000
v 1.0000 1.0000 1.0000
v 0.0000 133.0000 105.0000
v -16.2500 202.3402 0.0000
v 0.0000 1.0000 1.0000
v 1.0000 0.0000 0.0000
v 0.0000 180.5000 125.0000
v -387.7500 122.8752 0.0000
v 0.0000 1.0000 1.0000
v 1.0000 0.0000 0.0000
v 0.0000 0.0000 179.0000
v 145.0000 -135.2500 131.3509
v 0.0000 0.0000 1.0000
v 1.0000 1.0000 0.0000
v 0.0000 0.0000 -180.5269
v 148.0000 -507.6839 143.8041
v 0.0000 0.0000 1.0000
v 1.0000 1.0000 0.0000
v 0.0000 -166.0000 141.0000
v -76.2500 131.3509 0.0000
v 0.0000 1.0000 1.0000
v 1.0000 0.0000 0.0000
v -293.5000 146.0000 -153.7500
v 122.8752 0.0000 0.0000
v 1.0000 1.0000 1.0000
v -236.5000 55.0000 37.2500
v 134.8622 0.0000 0.0000
v 1.0000 1.0000 1.0000
v -230.5000 148.0000 -82.7500
v 134.8622 0.0000 0.0000
v 1.0000 1.0000 1.0000
v -89.5000 125.0000 -442.7500
v 122.8752 0.0000 0.0000
v 1.0000 1.0000 1.0000
v 6.6863 0.0000 0.0000
v -239.5270 148.0000 152.3162
v 143.8041 0.0000 0.0000
v 1.0000 1.0000 1.0000
v 2.4235 0.0000 0.0000
v -254.5000 125.0000 -100.7500
v 122.8752 0.0000 0.0000
v 1.0000 1.0000 1.0000
v -194.5270 165.0000 -43.6839
v 143.8041 0.0000 0.0000
v 1.0000 1.0000 1.0000
v -189.5001 151.0000 -243.2505
v 122.8752 0.0000 0.0000
v 1.0000 1.0000 1.0000
v -222.5269 174.0000 -184.6839
v 143.8041 0.0000 0.0000
v 1.0000 1.0000 1.0000
v 79.5000 151.0000 189.2500
v 122.8752 0.0000 0.0000
v 1.0000 1.0000 1.0000
v -154.0000 141.0000 -201.7500
v 114.0244 0.0000 0.0000
v 1.0000 1.0000 1.0000
v 82.1903 148.0000 51.3161
v 123.4058 0.0000 0.0000
v 1.0000 1.0000 1.0000
v 0.0000 1.0000 0.0000
v 0.0000 110.0253 -4.3843
v 182.6525 28.1476 0.0000
v 0.0000 1.0000 1.0000
v 1.0000 0.0000 0.0000
v 0.0000 -187.0000 125.0000
v 249.2500 114.0244 0.0000
v 0.0000 1.0000 1.0000
v 1.0000 0.0000 0.0000
v 0.0000 3.0000 125.0000
v -224.7499 114.0244 0.0000
v 0.0000 1.0000 1.0000
v 1.0000 0.0000 0.0000
v 0.0000 0.0000 130.5000
v 125.0000 -16.2500 201.0916
v 0.0000 0.0000 1.0000
v 1.0000 1.0000 0.0000
v -165.0000 76.0000 -16.5000
v 145.4003 0.0000 0.0000
v 1.0000 1.0000 1.0000
v 0.0000 0.0000 114.7949
v 125.0000 -78.1835 199.2115
v 0.0000 0.0000 1.0000
v 1.0000 1.0000 0.0000
v 0.0000 0.8314 0.0000
v 0.0000 -29.5000 30.0000
v -211.0000 101.5197 0.0000
v 0.0000 1.0000 1.0000
v 1.0000 0.0000 0.0000
v 0.0000 0.0000 184.0005
v 126.5000 -45.7728 135.6135
v 0.0000 0.0000 1.0000
v 1.0000 1.0000 0.0000
v 0.0000 0.0000 153.0000
v 60.0000 -394.5000 107.0105
v 0.0000 0.0000 1.0000
v 1.0000 1.0000 0.0000
v 0.0000 0.3294 0.0000
v 0.0000 0.0000 -286.0000
v 105.0000 72.2500 114.0244
v 0.0000 0.0000 1.0000
v 1.0000 1.0000 0.0000
v 191.4117 113.5000 26.9995
v 124.5580 0.0000 0.0000
v 1.0000 1.0000 1.0000
v 0.9373 0.4275 0.0000
v 0.0000 0.0000 -193.0000
v 96.5000 -196.2271 110.5939
v 0.0000 0.0000 1.0000
v 1.0000 1.0000 0.0000
v 1.8000 0.6353 0.0000
v -155.9113 126.5000 -18.4937
v 114.4093 0.0000 0.0000
v 1.0000 1.0000 1.0000
v 0.0000 106.0651 96.5000
v -258.0898 112.7715 0.0000
v 0.0000 1.0000 1.0000
v 1.0000 0.0000 0.0000
v 1.0000 0.0000 0.0000
v 0.0000 0.0000 -211.4128
v 127.5000 -161.4962 109.6721
v 0.0000 0.0000 1.0000
v 1.0000 1.0000 0.0000
v 0.0000 0.0000 160.5000
v 355.0000 26.0000 54.9386
v 0.0000 0.0000 1.0000
v 1.0000 1.0000 0.0000
v 0.0000 0.0000 222.5000
v 223.0000 -70.0000 54.9386
v 0.0000 0.0000 1.0000
v 1.0000 1.0000 0.0000
v 0.0000 0.0000 -142.0302
v 74.0000 69.4901 54.1109
v 0.0000 0.0000 1.0000
v 1.0000 1.0000 0.0000
v 0.0000 0.0000 -104.0305
v 250.0000 -2.5099 54.1109
v 0.0000 0.0000 1.0000
v 1.0000 1.0000 0.0000
v 4.0157 0.2627 0.0000
v 0.0000 0.0000 -326.0305
v 178.0000 -265.5098 54.1109
v 0.0000 0.0000 1.0000
v 1.0000 1.0000 0.0000
v 0.0000 0.0000 -119.0302
v 163.0000 -313.5098 54.1109
v 0.0000 0.0000 1.0000
v 1.0000 1.0000 0.0000
v 0.0000 0.0000 -99.0302
v 223.0000 -451.5099 54.1109
v 0.0000 0.0000 1.0000
v 1.0000 1.0000 0.0000
v 0.0000 0.0000 -148.5000
v 79.0000 143.0000 54.9386
v 0.0000 0.0000 1.0000
v 1.0000 1.0000 0.0000
v 0.0000 0.0000 -233.5000
v 249.0000 -72.0000 54.9386
v 0.0000 0.0000 1.0000
v 1.0000 1.0000 0.0000
v 0.0000 0.0000 153.9695
v 94.0000 -373.5099 54.1109
v 0.0000 0.0000 1.0000
v 1.0000 1.0000 0.0000
v 4.0157 0.2627 0.0000
v 0.0000 0.0000 -249.0302
v 233.0000 -11.5099 54.1109
v 0.0000 0.0000 1.0000
v 1.0000 1.0000 0.0000
v 0.0000 0.0000 -180.0305
v 73.0000 125.4901 54.1109
v 0.0000 0.0000 1.0000
v 1.0000 1.0000 0.0000
v 0.0000 0.0000 -166.0305
v 175.0000 27.4901 54.1109
v 0.0000 0.0000 1.0000
v 1.0000 1.0000 0.0000
v 0.0000 0.0000 -188.0305
v 76.0000 -26.5099 54.1109
v 0.0000 0.0000 1.0000
v 1.0000 1.0000 0.0000
v 0.0000 0.0000 103.5000
v 165.0000 -189.0000 54.9386
v 0.0000 0.0000 1.0000
v 1.0000 1.0000 0.0000
v 0.0000 0.0000 182.5000
v 225.0000 -414.0000 54.9386
v 0.0000 0.0000 1.0000
v 1.0000 1.0000 0.0000
v 0.0000 0.0000 3.5000
v 77.5000 3.0000 54.9386
v 0.0000 0.0000 1.0000
v 1.0000 1.0000 0.0000
v 0.0000 0.0000 130.5000
v 142.0000 -40.0000 54.9386
v 0.0000 0.0000 1.0000
v 1.0000 1.0000 0.0000
v 0.0000 0.0000 129.5000
v 99.0000 -328.0000 54.9386
v 0.0000 0.0000 1.0000
v 1.0000 1.0000 0.0000
v 0.0000 0.0000 172.5000
v 135.0000 -301.0000 54.9386
v 0.0000 0.0000 1.0000
v 1.0000 1.0000 0.0000
v 0.0000 0.0000 -51.5000
v 78.0000 -373.0000 54.9386
v 0.0000 0.0000 1.0000
v 1.0000 1.0000 0.0000
v 0.0000 0.0000 -115.5000
v 95.0000 -385.0000 54.9386
v 0.0000 0.0000 1.0000
v 1.0000 1.0000 0.0000
v 7.0275 0.2706 0.0000
v 0.0000 50.0000 81.0000
v 301.0000 221.9640 0.0000
v 0.0000 1.0000 1.0000
v 1.0000 0.0000 0.0000
v 1.0039 0.0000 0.0000
v -20.0547 48.0000 0.6719
v 55.2797 0.0000 0.0000
v 1.0000 1.0000 1.0000
v 0.0000 -286.0000 125.0000
v 72.2500 114.0244 0.0000
v 0.0000 1.0000 1.0000
v 1.0000 0.0000 0.0000
v 2.0078 0.4078 0.0000
v -98.0000 105.0000 -390.2500
v 108.1321 0.0000 0.0000
v 1.0000 1.0000 1.0000
v 0.0000 0.8549 0.0000
v -52.5000 30.0000 221.5000
v 108.8049 0.0000 0.0000
v 1.0000 1.0000 1.0000
v 0.0000 278.7590 105.0000
v -80.5260 105.8427 0.0000
v 0.0000 1.0000 1.0000
v 1.0000 0.0000 0.0000
v 0.0000 0.0000 129.5000
v 105.0000 -135.2500 110.4867
v 0.0000 0.0000 1.0000
v 1.0000 1.0000 0.0000
v 0.8980 1.0000 0.0000
v 103.7940 155.0000 22.0854
v 106.5782 0.0000 0.0000
v 1.0000 1.0000 1.0000
v 0.0000 0.0000 10.5000
v 60.0000 32.0000 130.1124
v 0.0000 0.0000 1.0000
v 1.0000 1.0000 0.0000
v 3.2118 0.0000 0.0000
v 0.0000 118.8184 95.0000
v -42.0000 225.6126 0.0000
v 0.0000 1.0000 1.0000
v 1.0000 0.0000 0.0000
v 3.0118 0.1882 0.0000
v 19.5000 60.0000 4.5000
v 83.4416 0.0000 0.0000
v 1.0000 1.0000 1.0000
v 0.0000 163.0000 60.0000
v -243.5000 59.9270 0.0000
v 0.0000 1.0000 1.0000
v 1.0000 0.0000 0.0000
v 0.1882 0.0000 0.0000
v 0.0000 0.0000 229.0000
v 60.0000 114.7500 126.7815
v 0.0000 0.0000 1.0000
v 1.0000 1.0000 0.0000
v 1.3255 0.0549 0.0000
v 0.0000 0.0000 -124.4811
v -1.0000 51.3529 35.4229
v 0.0000 0.0000 1.0000
v 1.0000 1.0000 0.0000
v 0.0000 0.0000 108.2940
v 175.0000 22.0854 109.3400
v 0.0000 0.0000 1.0000
v 1.0000 1.0000 0.0000
v 0.9961 0.0000 0.0000
v 0.0000 0.0000 -1.5699
v -9.1289 10.2568 16.5679
v 0.0000 0.0000 94.7084
v 41.8912 -182.8000 0.0000
v 0.0000 0.0000 1.0000
v 1.0000 1.0000 0.0000
v 0.0039 0.9961 0.0000
v 1.6330 -9.2017 -10.1316
v 16.4925 0.0000 0.0000
v -24.5623 30.0767 62.2804
v 1.0000 1.0000 1.0000
v 0.0000 1.0422 -10.8662
v -8.5646 15.6521 0.0000
v 0.0000 4.8611 44.6731
v 64.4997 0.0000 0.0000
v 0.0000 1.0000 1.0000
v 1.0000 0.0000 0.0000
v 0.9961 0.0000 0.0000
v 0.0000 0.0000 1.4179
v -9.9597 -9.2141 15.9888
v 0.0000 0.0000 -15.5912
v 32.1577 -29.9425 0.0000
v 0.0000 0.0000 1.0000
v 1.0000 1.0000 0.0000
v 0.0039 0.9961 0.0000
v -0.0118 -8.2394 -10.5139
v 16.8535 0.0000 0.0000
v 10.0135 30.1097 62.6226
v 1.0000 1.0000 1.0000
v 0.0000 10.2943 -9.0744
v 1.2278 16.6438 0.0000
v 0.0000 -146.0498 49.6659
v -79.3943 0.0000 0.0000
v 0.0000 1.0000 1.0000
v 1.0000 0.0000 0.0000
v 0.9961 0.0000 0.0000
v 0.0000 0.0000 -9.9642
v -8.9517 -4.6699 17.5069
v 0.0000 0.0000 167.8107
v 33.0726 -82.1288 0.0000
v 0.0000 0.0000 1.0000
v 1.0000 1.0000 0.0000
v 0.0039 0.9961 0.0000
v 7.2064 -10.0320 -6.0516
v 17.5130 0.0000 0.0000
v -130.8022 50.4634 -43.2278
v 1.0000 1.0000 1.0000
v 0.0000 0.0949 -10.1442
v -8.3562 15.9250 0.0000
v 0.0000 12.2560 39.1973
v -26.3495 0.0000 0.0000
v 0.0000 1.0000 1.0000
v 1.0000 0.0000 0.0000
v 0.9961 0.0000 0.0000
v 0.0000 0.0000 -11.2097
v -8.0315 -1.5788 17.1791
v 0.0000 0.0000 171.4264
v 30.6282 -99.7817 0.0000
v 0.0000 0.0000 1.0000
v 1.0000 1.0000 0.0000
v 0.0039 0.9961 0.0000
v -4.0848 -9.6407 9.7073
v 16.8435 0.0000 0.0000
v 40.7410 36.8998 -91.6959
v 1.0000 1.0000 1.0000
v 0.0000 -1.1447 -8.3780
v 10.7058 16.8735 0.0000
v 0.0000 -68.2970 28.6467
v -84.2103 0.0000 0.0000
v 0.0000 1.0000 1.0000
v 1.0000 0.0000 0.0000
v 0.9961 0.0000 0.0000
v 0.0000 0.0000 -3.3861
v -10.7726 8.7035 16.1272
v 0.0000 0.0000 58.3585
v 32.0068 -81.4738 0.0000
v 0.0000 0.0000 1.0000
v 1.0000 1.0000 0.0000
v 0.0039 0.9961 0.0000
v 1.0587 -9.6682 -9.6674
v 16.0709 0.0000 0.0000
v -62.3452 49.8332 -20.3916
v 1.0000 1.0000 1.0000
v 0.0000 1.6230 -9.5339
v -9.7167 16.2495 0.0000
v 0.0000 1.6595 41.2537
v -24.0269 0.0000 0.0000
v 0.0000 1.0000 1.0000
v 1.0000 0.0000 0.0000
v 0.9961 0.0000 0.0000
v 0.0000 0.0000 1.5219
v -8.5145 -10.8390 16.9394
v 0.0000 0.0000 -11.1333
v 30.9634 62.3868 0.0000
v 0.0000 0.0000 1.0000
v 1.0000 1.0000 0.0000
v 0.0039 0.9961 0.0000
v -0.5888 -5.4979 12.2423
v 17.8868 0.0000 0.0000
v 59.9176 35.4544 -392.1434
v 1.0000 1.0000 1.0000
v 0.0000 10.3031 -7.7896
v -4.6725 18.9773 0.0000
v 0.0000 -87.1687 28.2387
v -12.5803 0.0000 0.0000
v 0.0000 1.0000 1.0000
v 1.0000 0.0000 0.0000
v 0.9961 0.0000 0.0000
v 0.0000 0.0000 -1.4692
v -8.6149 10.5423 16.7734
v 0.0000 0.0000 23.9016
v 30.3245 -87.0607 0.0000
v 0.0000 0.0000 1.0000
v 1.0000 1.0000 0.0000
v 0.0039 0.9961 0.0000
v -8.9747 -10.3665 -1.5608
v 16.6246 0.0000 0.0000
v 178.5099 42.1811 -89.8298
v 1.0000 1.0000 1.0000
v 0.0000 7.8900 -9.8963
v -4.3024 17.7233 0.0000
v 0.0000 -125.9817 31.5022
v -59.3528 0.0000 0.0000
v 0.0000 1.0000 1.0000
v 1.0000 0.0000 0.0000
v 0.9961 0.0000 0.0000
v 0.0000 0.0000 11.5411
v -7.2890 2.7959 17.6560
v 0.0000 0.0000 -134.0657
v 27.1602 -93.7798 0.0000
v 0.0000 0.0000 1.0000
v 1.0000 1.0000 0.0000
v 0.0039 0.9961 0.0000
v 9.9371 -8.9947 0.0754
v 16.4808 0.0000 0.0000
v -144.6450 49.7343 -67.3257
v 1.0000 1.0000 1.0000
v 0.0000 -0.8335 -9.2137
v 9.8779 16.3834 0.0000
v 0.0000 102.5900 34.1770
v -175.7327 0.0000 0.0000
v 0.0000 1.0000 1.0000
v 1.0000 0.0000 0.0000
v 0.0000 0.0000 -98.0000
v 125.0000 -390.2500 108.1321
v 0.0000 0.0000 1.0000
v 1.0000 1.0000 0.0000
v 0.0039 0.9961 0.0000
v 7.5003 -9.7935 -6.0223
v 18.0187 0.0000 0.0000
v -120.9563 50.0227 -33.0790
v 1.0000 1.0000 1.0000
v 0.0000 -2.9919 -7.5863
v 11.5377 17.6377 0.0000
v 0.0000 257.1076 36.0075
v -292.0230 0.0000 0.0000
v 0.0000 1.0000 1.0000
v 1.0000 0.0000 0.0000
v 0.9961 0.0000 0.0000
v 0.0000 0.0000 9.1650
v -10.5129 2.5718 16.8755
v 0.0000 0.0000 -137.6890
v 39.6138 -92.3501 0.0000
v 0.0000 0.0000 1.0000
v 1.0000 1.0000 0.0000
v 0.0039 0.9961 0.0000
v 1.1542 -10.4255 -8.9028
v 15.8317 0.0000 0.0000
v -59.1688 32.1337 -32.8561
v 1.0000 1.0000 1.0000
v 0.0000 5.8796 -10.4191
v 6.6947 17.3056 0.0000
v 0.0000 -67.2511 42.0773
v -68.9128 0.0000 0.0000
v 0.0000 1.0000 1.0000
v 1.0000 0.0000 0.0000
v 0.9961 0.0000 0.0000
v 0.0000 0.0000 7.6358
v -9.9870 -4.8541 17.7771
v 0.0000 0.0000 -100.6504
v 41.4505 -23.0338 0.0000
v 0.0000 0.0000 1.0000
v 1.0000 1.0000 0.0000
v 0.0039 0.9961 0.0000
v 7.9449 -9.3198 -6.4104
v 18.3584 0.0000 0.0000
v -112.3384 29.4971 -40.6171
v 1.0000 1.0000 1.0000
v 0.0000 7.1261 -10.0514
v -6.1437 17.6110 0.0000
v 0.0000 -114.1970 40.2803
v -38.3256 0.0000 0.0000
v 0.0000 1.0000 1.0000
v 1.0000 0.0000 0.0000
v 0.9961 0.0000 0.0000
v 0.0000 0.0000 1.1790
v -9.4572 9.0876 16.7470
v 0.0000 0.0000 -34.8383
v 33.5637 -206.1501 0.0000
v 0.0000 0.0000 1.0000
v 1.0000 1.0000 0.0000
v 0.0039 0.9961 0.0000
v 1.2577 -9.8633 -9.4293
v 16.1271 0.0000 0.0000
v -26.2378 38.4022 -25.7234
v 1.0000 1.0000 1.0000
v 0.0000 -7.1594 -10.6614
v -4.9553 16.7080 0.0000
v 0.0000 178.7043 51.8093
v -71.2000 0.0000 0.0000
v 0.0000 1.0000 1.0000
v 1.0000 0.0000 0.0000
v 0.9961 0.0000 0.0000
v 0.0000 0.0000 9.3555
v -8.8765 -3.7550 18.1916
v 0.0000 0.0000 -103.9189
v 49.7202 -11.5382 0.0000
v 0.0000 0.0000 1.0000
v 1.0000 1.0000 0.0000
v 0.0039 0.9961 0.0000
v 2.4992 -9.7405 -9.4839
v 16.2670 0.0000 0.0000
v -12.8789 49.8856 -15.5151
v 1.0000 1.0000 1.0000
v 0.0000 -0.9049 -8.2163
v 10.7520 16.9280 0.0000
v 0.0000 72.1337 35.7656
v -391.0868 0.0000 0.0000
v 0.0000 1.0000 1.0000
v 1.0000 0.0000 0.0000
v 0.9961 0.0000 0.0000
v 0.0000 0.0000 1.1258
v -8.8444 -10.4943 16.7779
v 0.0000 0.0000 -3.0916
v 50.3255 73.8223 0.0000
v 0.0000 0.0000 1.0000
v 1.0000 1.0000 0.0000
v 0.0039 0.9961 0.0000
v 2.6019 -10.0458 -9.0852
v 16.0638 0.0000 0.0000
v -30.5813 40.6946 65.5140
v 1.0000 1.0000 1.0000
v 0.0000 -1.1278 -10.4211
v 8.8753 15.7296 0.0000
v 0.0000 23.2263 40.9317
v -92.8691 0.0000 0.0000
v 0.0000 1.0000 1.0000
v 1.0000 0.0000 0.0000
v 0.9961 0.0000 0.0000
v 0.0000 0.0000 -9.8984
v -9.2246 -0.6826 16.4057
v 0.0000 0.0000 178.2628
v 41.7283 -109.3669 0.0000
v 0.0000 0.0000 1.0000
v 1.0000 1.0000 0.0000
v 0.0039 0.9961 0.0000
v -2.0424 -7.6451 11.5310
v 17.4278 0.0000 0.0000
v 242.4081 36.1683 -295.7428
v 1.0000 1.0000 1.0000
v 0.0000 6.3241 -9.3175
v -8.6996 17.7387 0.0000
v 0.0000 -60.4495 30.1925
v 49.3318 0.0000 0.0000
v 0.0000 1.0000 1.0000
v 1.0000 0.0000 0.0000
v 0.9961 0.0000 0.0000
v 0.0000 0.0000 -7.4673
v -8.7139 8.6610 18.2894
v 0.0000 0.0000 151.3763
v 32.3688 -164.1099 0.0000
v 0.0000 0.0000 1.0000
v 1.0000 1.0000 0.0000
v 0.0039 0.9961 0.0000
v 5.0308 -9.8456 -8.6800
v 17.0905 0.0000 0.0000
v -50.8472 41.0814 60.7075
v 1.0000 1.0000 1.0000
v 0.0000 -1.2228 -11.0044
v 8.5634 15.5618 0.0000
v 0.0000 -62.1202 40.2625
v -85.8204 0.0000 0.0000
v 0.0000 1.0000 1.0000
v 1.0000 0.0000 0.0000
v 0.9961 0.0000 0.0000
v 0.0000 0.0000 9.2996
v -8.6574 -5.4374 18.7774
v 0.0000 0.0000 -108.8823
v 40.2430 -27.4942 0.0000
v 0.0000 0.0000 1.0000
v 1.0000 1.0000 0.0000
v 0.0039 0.9961 0.0000
v -0.4787 -9.1715 9.7062
v 16.1892 0.0000 0.0000
v -38.0420 30.1976 -84.0984
v 1.0000 1.0000 1.0000
v 0.0000 -10.4376 -8.6696
v -0.7243 16.7473 0.0000
v 0.0000 189.1338 51.1934
v -100.8651 0.0000 0.0000
v 0.0000 1.0000 1.0000
v 1.0000 0.0000 0.0000
v 0.9961 0.0000 0.0000
v 0.0000 0.0000 -0.0595
v -8.3698 -10.8646 17.1284
v 0.0000 0.0000 -6.2645
v 42.1094 203.9840 0.0000
v 0.0000 0.0000 1.0000
v 1.0000 1.0000 0.0000
v 0.0039 0.9961 0.0000
v 4.2849 -10.5763 6.9800
v 17.2003 0.0000 0.0000
v -60.0076 50.2235 -83.7809
v 1.0000 1.0000 1.0000
v 0.0000 -0.8989 -10.5837
v 8.9109 15.8432 0.0000
v 0.0000 -50.8546 40.6980
v -86.9472 0.0000 0.0000
v 0.0000 1.0000 1.0000
v 1.0000 0.0000 0.0000
v 0.9961 0.0000 0.0000
v 0.0000 0.0000 1.6914
v -9.5678 -9.7676 16.2553
v 0.0000 0.0000 -24.7594
v 49.9844 -16.2018 0.0000
v 0.0000 0.0000 1.0000
v 1.0000 1.0000 0.0000
v 0.0039 0.9961 0.0000
v 4.6295 -10.2118 7.4080
v 17.5427 0.0000 0.0000
v -57.8533 33.4847 -71.9699
v 1.0000 1.0000 1.0000
v 0.0000 -5.1272 -8.3022
v -10.0530 18.8228 0.0000
v 0.0000 9.5139 48.3806
v -18.1445 0.0000 0.0000
v 0.0000 1.0000 1.0000
v 1.0000 0.0000 0.0000
v 0.9961 0.0000 0.0000
v 0.0000 0.0000 1.4407
v -10.6029 -8.7175 15.7051
v 0.0000 0.0000 -41.1974
v 38.4447 -30.6996 0.0000
v 0.0000 0.0000 1.0000
v 1.0000 1.0000 0.0000
v 0.0039 0.9961 0.0000
v -0.8176 -9.4739 9.8518
v 16.4021 0.0000 0.0000
v -23.4280 31.6974 -87.4835
v 1.0000 1.0000 1.0000
v 0.0000 -0.9427 -8.5571
v 10.4530 16.7305 0.0000
v 0.0000 -25.1353 50.3715
v -103.8409 0.0000 0.0000
v 0.0000 1.0000 1.0000
v 1.0000 0.0000 0.0000
v 0.9961 0.0000 0.0000
v 0.0000 0.0000 -1.1041
v -9.1432 10.4502 16.7233
v 0.0000 0.0000 -50.3392
v 50.3528 -99.0527 0.0000
v 0.0000 0.0000 1.0000
v 1.0000 1.0000 0.0000
v 0.0039 0.9961 0.0000
v -2.2205 -10.4399 8.7707
v 15.7849 0.0000 0.0000
v -6.6213 40.3759 -89.7668
v 1.0000 1.0000 1.0000
v 0.0000 -4.0192 -9.2646
v 10.0988 17.0657 0.0000
v 0.0000 54.7916 50.3551
v -99.3077 0.0000 0.0000
v 0.0000 1.0000 1.0000
v 1.0000 0.0000 0.0000
v 0.9961 0.0000 0.0000
v 0.0000 0.0000 -6.4188
v -9.2030 8.8340 17.8499
v 0.0000 0.0000 140.6160
v 40.9650 -176.2413 0.0000
v 0.0000 0.0000 1.0000
v 1.0000 1.0000 0.0000
v 0.0039 0.9961 0.0000
v -1.0576 -9.6383 9.4585
v 16.0930 0.0000 0.0000
v 10.6016 32.1233 -86.9597
v 1.0000 1.0000 1.0000
v 0.0000 -0.8666 -8.4291
v 10.6576 16.8870 0.0000
v 0.0000 81.2604 33.1514
v -175.2909 0.0000 0.0000
v 0.0000 1.0000 1.0000
v 1.0000 0.0000 0.0000
v 0.9961 0.0000 0.0000
v 0.0000 0.0000 -7.9369
v -11.4809 -0.4311 17.4101
v 0.0000 0.0000 169.0906
v 36.0431 80.4969 0.0000
v 0.0000 0.0000 1.0000
v 1.0000 1.0000 0.0000
v 0.0039 0.9961 0.0000
v -10.2346 -7.9267 2.1049
v 17.7910 0.0000 0.0000
v 184.8799 50.7782 -135.1216
v 1.0000 1.0000 1.0000
v 0.0000 -9.4649 -8.7827
v 1.6945 17.2764 0.0000
v 0.0000 177.0644 40.6294
v -132.6514 0.0000 0.0000
v 0.0000 1.0000 1.0000
v 1.0000 0.0000 0.0000
v 0.9961 0.0000 0.0000
v 0.0000 0.0000 0.7033
v -6.9573 11.4281 17.6588
v 0.0000 0.0000 22.7025
v 35.3343 -363.9457 0.0000
v 0.0000 0.0000 1.0000
v 1.0000 1.0000 0.0000
v 0.0039 0.9961 0.0000
v -2.4384 -8.2750 11.0047
v 17.1626 0.0000 0.0000
v 261.3965 26.9310 -279.3275
v 1.0000 1.0000 1.0000
v 0.0000 -0.3740 -7.4491
v 11.4343 17.3861 0.0000
v 0.0000 43.4648 36.3708
v -390.1293 0.0000 0.0000
v 0.0000 1.0000 1.0000
v 1.0000 0.0000 0.0000
v 0.9961 0.0000 0.0000
v 0.0000 0.0000 4.5924
v -8.7293 -10.1659 17.5222
v 0.0000 0.0000 -44.7917
v 50.5469 73.1143 0.0000
v 0.0000 0.0000 1.0000
v 1.0000 1.0000 0.0000
v 0.0039 0.9961 0.0000
v 1.7085 -9.4316 -9.9472
v 16.3488 0.0000 0.0000
v -49.3171 49.8511 -22.0422
v 1.0000 1.0000 1.0000
v 0.0000 -0.6898 -10.1287
v 8.8408 15.8088 0.0000
v 0.0000 -37.2155 40.5218
v -88.9941 0.0000 0.0000
v 0.0000 1.0000 1.0000
v 1.0000 0.0000 0.0000
v 0.9961 0.0000 0.0000
v 0.0000 0.0000 4.2206
v -8.3862 9.8348 18.5064
v 0.0000 0.0000 -46.0618
v 36.0496 -300.9340 0.0000
v 0.0000 0.0000 1.0000
v 1.0000 1.0000 0.0000
v 0.0039 0.9961 0.0000
v 1.7535 -10.2118 7.8061
v 16.5842 0.0000 0.0000
v -44.3021 32.6387 -77.8618
v 1.0000 1.0000 1.0000
v 0.0000 -2.0424 -8.5431
v 10.6366 16.8877 0.0000
v 0.0000 3.7979 50.4978
v -105.6996 0.0000 0.0000
v 0.0000 1.0000 1.0000
v 1.0000 0.0000 0.0000
v 0.9961 0.0000 0.0000
v 0.0000 0.0000 -2.0416
v -8.5808 10.6416 16.8743
v 0.0000 0.0000 32.0474
v 50.4906 -105.0546 0.0000
v 0.0000 0.0000 1.0000
v 1.0000 1.0000 0.0000
v 0.0039 0.9961 0.0000
v -11.6845 -6.8832 0.9133
v 17.9254 0.0000 0.0000
v 187.5015 51.1213 65.8948
v 1.0000 1.0000 1.0000
v 0.0000 -1.7102 -7.5699
v 11.6105 17.4159 0.0000
v 0.0000 73.9544 36.1465
v -291.0576 0.0000 0.0000
v 0.0000 1.0000 1.0000
v 1.0000 0.0000 0.0000
v 0.9961 0.0000 0.0000
v 0.0000 0.0000 -2.3910
v -6.9423 11.7627 17.7084
v 0.0000 0.0000 69.2908
v 25.6298 -279.1870 0.0000
v 0.0000 0.0000 1.0000
v 1.0000 1.0000 0.0000
v 0.0039 0.9961 0.0000
v 0.8270 -8.4334 -10.7851
v 16.9788 0.0000 0.0000
v -16.1335 50.3582 76.2304
v 1.0000 1.0000 1.0000
v 0.0000 -1.3219 -8.7885
v 10.5215 16.7798 0.0000
v 0.0000 -61.5372 50.7238
v -100.0975 0.0000 0.0000
v 0.0000 1.0000 1.0000
v 1.0000 0.0000 0.0000
v 0.9961 0.0000 0.0000
v 0.0000 0.0000 -2.7233
v -10.1217 8.9380 16.0209
v 0.0000 0.0000 125.3619
v 36.2429 -173.9104 0.0000
v 0.0000 0.0000 1.0000
v 1.0000 1.0000 0.0000
v 0.0039 0.9961 0.0000
v -10.3559 -7.0845 6.5690
v 19.6154 0.0000 0.0000
v 166.0581 25.0895 -145.6838
v 1.0000 1.0000 1.0000
v 0.0000 -0.7626 -8.5799
v 10.3771 16.6667 0.0000
v 0.0000 46.8564 32.0642
v -361.1367 0.0000 0.0000
v 0.0000 1.0000 1.0000
v 1.0000 0.0000 0.0000
v 0.9961 0.0000 0.0000
v 0.0000 0.0000 -1.7602
v -8.0259 11.0716 17.0787
v 0.0000 0.0000 123.4164
v 50.0658 -192.4275 0.0000
v 0.0000 0.0000 1.0000
v 1.0000 1.0000 0.0000
v 0.0039 0.9961 0.0000
v 0.6310 -7.0577 11.3409
v 17.5478 0.0000 0.0000
v -51.8122 25.3589 -283.1306
v 1.0000 1.0000 1.0000
v 0.0000 -0.8545 -8.9793
v 10.1835 16.5908 0.0000
v 0.0000 48.6228 29.1751
v -378.2072 0.0000 0.0000
v 0.0000 1.0000 1.0000
v 1.0000 0.0000 0.0000
v 0.9961 0.0000 0.0000
v 0.0000 0.0000 8.9094
v -9.7548 5.1744 17.2729
v 0.0000 0.0000 -81.8346
v 44.9201 -58.5306 0.0000
v 0.0000 0.0000 1.0000
v 1.0000 1.0000 0.0000
v 0.0039 0.9961 0.0000
v -2.3937 -7.7301 11.3708
v 17.4189 0.0000 0.0000
v 60.9103 35.0577 -368.4507
v 1.0000 1.0000 1.0000
v 0.0000 -0.6517 -7.0133
v 11.5577 17.4080 0.0000
v 0.0000 88.8756 24.8798
v -279.0563 0.0000 0.0000
v 0.0000 1.0000 1.0000
v 1.0000 0.0000 0.0000
v 0.9961 0.0000 0.0000
v 0.0000 0.0000 1.4652
v -6.8572 11.4617 17.9842
v 0.0000 0.0000 -31.9456
v 24.4274 -291.5215 0.0000
v 0.0000 0.0000 1.0000
v 1.0000 1.0000 0.0000
v 0.0039 0.9961 0.0000
v 7.4912 -9.4937 -7.0021
v 17.9816 0.0000 0.0000
v -67.2532 49.9659 58.3353
v 1.0000 1.0000 1.0000
v 0.0000 -1.6374 -6.3719
v 12.1152 17.7948 0.0000
v 0.0000 58.3310 36.4445
v -293.3979 0.0000 0.0000
v 0.0000 1.0000 1.0000
v 1.0000 0.0000 0.0000
v 0.9961 0.0000 0.0000
v 0.0000 0.0000 7.6365
v -9.4803 7.1502 17.9365
v 0.0000 0.0000 -82.8303
v 50.1722 -63.0102 0.0000
v 0.0000 0.0000 1.0000
v 1.0000 1.0000 0.0000
v 0.0039 0.9961 0.0000
v 0.6344 -9.9960 -8.9109
v 15.8523 0.0000 0.0000
v -24.9843 32.3986 199.6252
v 1.0000 1.0000 1.0000
v 0.0000 0.3233 -8.9700
v -10.1146 16.5300 0.0000
v 0.0000 -6.5587 50.4961
v 214.6397 0.0000 0.0000
v 0.0000 1.0000 1.0000
v 1.0000 0.0000 0.0000
v 0.9961 0.0000 0.0000
v 0.0000 0.0000 -0.8547
v -5.9125 12.1821 17.8580
v 0.0000 0.0000 -20.0220
v 36.0451 -308.5602 0.0000
v 0.0000 0.0000 1.0000
v 1.0000 1.0000 0.0000
v 0.0039 0.9961 0.0000
v -0.0767 -7.7982 11.0250
v 17.1817 0.0000 0.0000
v 34.0912 35.1006 -367.8235
v 1.0000 1.0000 1.0000
v 0.0000 -1.4223 -7.9229
v 11.1808 17.1561 0.0000
v 0.0000 -8.6546 26.3345
v -294.0776 0.0000 0.0000
v 0.0000 1.0000 1.0000
v 1.0000 0.0000 0.0000
v 0.9961 0.0000 0.0000
v 0.0000 0.0000 -3.1588
v -8.3093 10.7935 17.2305
v 0.0000 0.0000 84.1962
v 34.8675 -364.0544 0.0000
v 0.0000 0.0000 1.0000
v 1.0000 1.0000 0.0000
v 0.0039 0.9961 0.0000
v 7.9829 -10.6530 3.9350
v 16.7919 0.0000 0.0000
v -77.2216 34.1619 -47.7791
v 1.0000 1.0000 1.0000
v 0.0000 0.6520 -8.1325
v 10.6295 17.2371 0.0000
v 0.0000 96.4566 36.1615
v -294.4369 0.0000 0.0000
v 0.0000 1.0000 1.0000
v 1.0000 0.0000 0.0000
v 0.9961 0.0000 0.0000
v 0.0000 0.0000 2.4309
v -10.5104 7.3656 16.7491
v 0.0000 0.0000 -47.6690
v 50.4297 -91.1140 0.0000
v 0.0000 0.0000 1.0000
v 1.0000 1.0000 0.0000
v 0.0039 0.9961 0.0000
v 0.2067 -8.9267 -10.2573
v 16.6607 0.0000 0.0000
v -22.0040 50.4616 216.1600
v 1.0000 1.0000 1.0000
v 0.0000 -0.9682 -7.5572
v 11.2887 17.2483 0.0000
v 0.0000 78.4079 25.6806
v -377.4364 0.0000 0.0000
v 0.0000 1.0000 1.0000
v 1.0000 0.0000 0.0000
v 0.9961 0.0000 0.0000
v 0.0000 0.0000 9.6040
v -9.2964 4.8300 17.4531
v 0.0000 0.0000 -88.3803
v 45.1446 -45.5107 0.0000
v 0.0000 0.0000 1.0000
v 1.0000 1.0000 0.0000
v 0.0039 0.9961 0.0000
v 0.0146 -8.2771 10.6213
v 16.9532 0.0000 0.0000
v 225.3829 26.8432 -285.6066
v 1.0000 1.0000 1.0000
v 0.0000 3.0229 -3.5686
v 12.5615 19.1719 0.0000
v 0.0000 14.7059 18.8710
v -350.0380 0.0000 0.0000
v 0.0000 1.0000 1.0000
v 1.0000 0.0000 0.0000
v 0.9961 0.0000 0.0000
v 0.0000 0.0000 -8.1290
v -10.2900 0.1184 16.4833
v 0.0000 0.0000 169.0906
v 33.9048 60.2741 0.0000
v 0.0000 0.0000 1.0000
v 1.0000 1.0000 0.0000
v 0.0039 0.9961 0.0000
v -0.2815 -7.8830 10.8487
v 16.9803 0.0000 0.0000
v 35.5007 28.4872 -355.3662
v 1.0000 1.0000 1.0000
v 0.0000 -9.6067 -9.4069
v -0.4490 16.1907 0.0000
v 0.0000 178.0703 45.0777
v 68.7244 0.0000 0.0000
v 0.0000 1.0000 1.0000
v 1.0000 0.0000 0.0000
v 0.9961 0.0000 0.0000
v 0.0000 0.0000 -3.2193
v -7.3024 11.5157 17.7266
v 0.0000 0.0000 74.1424
v 34.9367 -366.5554 0.0000
v 0.0000 0.0000 1.0000
v 1.0000 1.0000 0.0000
v 0.0039 0.9961 0.0000
v -4.5260 -5.8547 12.2309
v 18.4861 0.0000 0.0000
v 88.8838 22.5362 -350.8275
v 1.0000 1.0000 1.0000
v 0.0000 -2.6399 -8.5040
v 10.6595 17.0392 0.0000
v 0.0000 73.7663 30.2235
v -358.0754 0.0000 0.0000
v 0.0000 1.0000 1.0000
v 1.0000 0.0000 0.0000
v 0.9961 0.0000 0.0000
v 0.0000 0.0000 -1.0069
v -7.9002 11.0925 17.0973
v 0.0000 0.0000 87.7727
v 27.0319 -379.9776 0.0000
v 0.0000 0.0000 1.0000
v 1.0000 1.0000 0.0000
v 0.0039 0.9961 0.0000
v -3.5036 -8.0506 11.0108
v 17.4923 0.0000 0.0000
v 5.4952 27.0988 -291.1942
v 1.0000 1.0000 1.0000
v 0.0000 8.8586 -10.0772
v 3.8804 16.7172 0.0000
v 0.0000 -94.0882 50.7649
v -36.2903 0.0000 0.0000
v 0.0000 1.0000 1.0000
v 1.0000 0.0000 0.0000
v 0.9961 0.0000 0.0000
v 0.0000 0.0000 8.7689
v -10.6392 1.4788 16.8140
v 0.0000 0.0000 -96.0836
v 50.8833 -22.3301 0.0000
v 0.0000 0.0000 1.0000
v 1.0000 1.0000 0.0000
v 0.0039 0.9961 0.0000
v 1.0063 -9.8096 8.6168
v 16.4991 0.0000 0.0000
v -14.5481 32.0773 -85.2266
v 1.0000 1.0000 1.0000
v 0.0000 2.1386 -10.0190
v 8.0392 16.8755 0.0000
v 0.0000 -33.0959 48.8893
v -93.0529 0.0000 0.0000
v 0.0000 1.0000 1.0000
v 1.0000 0.0000 0.0000
v 0.9961 0.0000 0.0000
v 0.0000 0.0000 8.7436
v -10.4581 2.1618 16.6862
v 0.0000 0.0000 -85.1398
v 33.0015 -29.4890 0.0000
v 0.0000 0.0000 1.0000
v 1.0000 1.0000 0.0000
v 0.0039 0.9961 0.0000
v -1.9201 -5.7874 12.4013
v 18.0168 0.0000 0.0000
v 64.7513 21.9324 -355.4177
v 1.0000 1.0000 1.0000
v 0.0000 0.5705 -9.2771
v -9.9722 16.4722 0.0000
v 0.0000 -44.9767 41.0082
v 205.3112 0.0000 0.0000
v 0.0000 1.0000 1.0000
v 1.0000 0.0000 0.0000
v 0.9961 0.0000 0.0000
v 0.0000 0.0000 0.6458
v -7.6474 -11.0825 17.1184
v 0.0000 0.0000 -41.2297
v 50.3073 219.0297 0.0000
v 0.0000 0.0000 1.0000
v 1.0000 1.0000 0.0000
v 0.0039 0.9961 0.0000
v -8.0715 -10.2260 3.6949
v 17.6713 0.0000 0.0000
v 174.2979 45.0777 50.8046
v 1.0000 1.0000 1.0000
v 0.0000 2.7026 -8.9446
v 9.2227 17.6246 0.0000
v 0.0000 -22.0073 48.8893
v -96.7625 0.0000 0.0000
v 0.0000 1.0000 1.0000
v 1.0000 0.0000 0.0000
v 0.0000 278.7590 125.0000
v -80.5260 105.8427 0.0000
v 0.0000 1.0000 1.0000
v 1.0000 0.0000 0.0000
v 129.5000 125.0000 -135.2500
v 110.4867 0.0000 0.0000
v 1.0000 1.0000 1.0000
v 0.6784 0.0000 0.0000
v 0.0000 -5.0363 -3.0000
v 93.6518 109.1602 0.0000
v 0.0000 1.0000 1.0000
v 1.0000 0.0000 0.0000
v 0.0549 0.0000 0.0000
v 0.0000 -123.7703 -4.0000
v 114.9572 37.5537 0.0000
v 0.0000 1.0000 1.0000
v 1.0000 0.0000 0.0000
v 1.3255 0.0549 0.0000
v 0.0000 0.0000 -65.7703
v -1.2500 279.9572 37.5537
v 0.0000 0.0000 1.0000
v 1.0000 1.0000 0.0000
v 0.0000 -155.0183 -4.0000
v 185.8879 98.3908 0.0000
v 0.0000 1.0000 1.0000
v 1.0000 0.0000 0.0000
v 0.6784 0.0000 0.0000
v 0.0000 0.0000 29.6435
v -3.0000 212.4377 103.2700
v 0.0000 0.0000 1.0000
v 1.0000 1.0000 0.0000
v 1.3255 0.0549 0.0000
v -199.7796 -3.0000 239.4650
v 35.3664 0.0000 0.0000
v 1.0000 1.0000 1.0000
v -86.3160 0.8595 128.8642
v 0.0000 2.0078 -0.4706
v -87.4614 0.8595 112.4626
v 0.0000 2.0078 1.0000
v -105.3207 0.8595 95.1942
v 0.0000 0.0000 1.0000
v -105.6704 0.8595 113.3598
v 0.0000 0.0000 -0.4471
v -119.9188 0.8595 131.7467
v 0.0000 0.0000 -2.5569
v -137.9072 0.8595 135.2377
v 0.0000 0.0000 -4.0157
v -114.4270 0.8595 146.3445
v 0.0000 2.0078 -4.0157
v -98.1052 0.8595 144.5554
v 0.0000 2.0078 -2.5529
v -111.6444 0.8595 127.9190
v 0.0000 0.0000 -1.7961
v -90.8673 0.8595 141.5890
v 0.0000 2.0078 -1.8000
v -87.0753 0.8595 136.2316
v 0.0000 2.0078 -1.2275
v -107.1499 0.8595 121.7913
v 0.0000 0.0000 -1.2078
v -126.8205 0.8595 140.4820
v 0.0000 0.9490 -4.0157
v -99.6882 0.8595 100.6402
v 0.0000 0.6314 1.0000
v -126.8205 0.8595 140.4820
v 0.0000 0.9490 -4.0157
v -105.6704 0.8595 113.3598
v 0.0000 0.0000 -0.4471
v -99.6882 0.8595 100.6402
v 0.0000 0.6314 1.0000
v -126.8205 0.8595 140.4820
v 0.0000 0.9490 -4.0157
v -98.1052 0.8595 144.5554
v 0.0000 2.0078 -2.5529
v -86.3160 0.8595 128.8642
v 0.0000 2.0078 -0.4706
v 0.0000 0.0000 -112.1116
v 0.8595 120.7693 36.3249
v 0.0000 0.0000 1.0000
v 1.0000 1.0000 0.0000
v 0.0000 0.0000 -82.6078
v 0.8635 161.0034 0.0000
v 2.0078 -0.4706 -82.6112
v 0.8635 129.3105 0.0000
v 2.0078 1.0000 -114.2204
v 0.8635 95.4670 0.0000
v 0.0000 1.0000 -117.2880
v 0.8635 130.5223 0.0000
v 0.0000 -0.4471 -146.7623
v 0.8635 165.6082 0.0000
v 0.0000 -2.5569 -181.3638
v 0.8635 171.8332 0.0000
v 0.0000 -4.0157 -138.2715
v 0.8635 193.9433 0.0000
v 2.0078 -4.0157 -107.0583
v 0.8635 190.9558 0.0000
v 2.0078 -2.5529 -130.5524
v 0.8635 158.4557 0.0000
v 0.0000 -1.7961 -92.9293
v 0.8635 185.4364 0.0000
v 2.0078 -1.8000 -85.0238
v 0.8635 175.2030 0.0000
v 2.0078 -1.2275 -121.2115
v 0.8635 146.7557 0.0000
v 0.0000 -1.2078 -161.0167
v 0.8635 182.2730 0.0000
v 0.9137 -0.6000 -104.2517
v 0.8635 106.1404 0.0000
v 0.6314 1.0000 -161.0167
v 0.8635 182.2730 0.0000
v 0.9490 -4.0157 -117.2880
v 0.8635 130.5223 0.0000
v 0.0000 -0.4471 -104.2517
v 0.8635 106.1404 0.0000
v 0.6314 1.0000 -161.0167
v 0.8635 182.2730 0.0000
v 0.9373 -2.6196 -107.0583
v 0.8635 190.9558 0.0000
v 0.9137 -0.6000 -82.6078
v 0.8635 161.0034 0.0000
v 2.0078 -0.4706 0.0000
v 0.0000 -131.9858 0.8635
v 144.7051 69.7322 0.0000
v 0.0000 1.0000 1.0000
v 1.0000 0.0000 0.0000
v 0.0000 -80.3835 0.8595
v 72.7018 0.0000 2.0078
v -0.4706 -77.5710 0.8595
v 46.7087 0.0000 2.0078
v 1.0000 -100.6077 0.8595
v 15.2830 0.0000 0.0000
v 1.0000 -106.2491 0.8595
v 43.6772 0.0000 0.0000
v -0.4471 -133.6497 0.8595
v 69.0311 0.0000 0.0000
v -2.5569 -162.7111 0.8595
v 70.1198 0.0000 0.0000
v -4.0157 -129.1712 0.8595
v 93.2555 0.0000 2.0078
v -4.0157 -103.1890 0.8595
v 94.4287 0.0000 2.0078
v -2.5529 -119.6591 0.8595
v 65.0468 0.0000 0.0000
v -1.7961 -91.0579 0.8595
v 91.5421 0.0000 2.0078
v -1.8000 -83.6353 0.8595
v 84.0671 0.0000 2.0078
v -1.2275 -110.9236 0.8595
v 56.5354 0.0000 0.0000
v -1.2078 -146.8743 0.8595
v 81.0439 0.0000 0.9490
v -0.6000 -93.3426 0.8595
v 25.1938 0.0000 0.6314
v 1.0000 -146.8743 0.8595
v 81.0439 0.0000 0.9490
v -4.0157 -106.2491 0.8595
v 43.6772 0.0000 0.0000
v -0.4471 -93.3426 0.8595
v 25.1938 0.0000 0.6314
v 1.0000 -146.8743 0.8595
v 81.0439 0.0000 0.9490
v -2.6196 -103.1890 0.8595
v 94.4287 0.0000 2.0078
v -0.6000 -80.3835 0.8595
v 72.7018 0.0000 2.0078
v -0.4706 0.0000 0.0000
v -120.1410 0.8595 54.8558
v 58.1225 0.0000 0.0000
v 1.0000 1.0000 1.0000
v -286.3624 0.8595 113.1086
v 0.0000 2.0078 -0.4706
v -260.3121 0.8595 110.8885
v 0.0000 2.0078 1.0000
v -233.8824 0.8595 82.2574
v 0.0000 0.0000 1.0000
v -262.8315 0.8595 82.1610
v 0.0000 0.0000 -0.4471
v -292.9658 0.8595 60.1259
v 0.0000 0.0000 -2.5569
v -299.6026 0.8595 31.8116
v 0.0000 0.0000 -4.0157
v -315.8832 0.8595 69.1630
v 0.0000 2.0078 -4.0157
v -312.0564 0.8595 94.8885
v 0.0000 2.0078 -2.5529
v -286.3746 0.8595 73.0940
v 0.0000 0.0000 -1.7961
v -306.8990 0.8595 106.2419
v 0.0000 2.0078 -1.8000
v -298.1403 0.8595 112.0946
v 0.0000 2.0078 -1.2275
v -276.3471 0.8595 80.0366
v 0.0000 0.0000 -1.2078
v -307.2899 0.8595 49.4480
v 0.0000 0.9490 -4.0157
v -242.2176 0.8595 91.2869
v 0.0000 0.6314 1.0000
v -307.2899 0.8595 49.4480
v 0.0000 0.9490 -4.0157
v -262.8315 0.8595 82.1610
v 0.0000 0.0000 -0.4471
v -242.2176 0.8595 91.2869
v 0.0000 0.6314 1.0000
v -307.2899 0.8595 49.4480
v 0.0000 0.9490 -4.0157
v -312.0564 0.8595 94.8885
v 0.0000 2.0078 -2.5529
v -286.3624 0.8595 113.1086
v 0.0000 2.0078 -0.4706
v 0.0000 0.0000 -274.8828
v 0.8595 72.4601 57.7350
v 0.0000 0.0000 1.0000
v 1.0000 1.0000 0.0000
v 0.0000 0.0000 126.7007
v 0.8595 114.9143 0.0000
v 2.0078 -0.4706 152.4731
v 0.8595 119.3113 0.0000
v 2.0078 1.0000 185.2491
v 0.8595 98.2401 0.0000
v 0.0000 1.0000 157.2530
v 0.8595 90.8725 0.0000
v 0.0000 -0.4471 133.6226
v 0.8595 61.9724 0.0000
v 0.0000 -2.5569 134.3133
v 0.8595 32.8989 0.0000
v 0.0000 -4.0157 109.1695
v 0.8595 64.9608 0.0000
v 2.0078 -4.0157 106.4094
v 0.8595 90.8225 0.0000
v 2.0078 -2.5529 136.7437
v 0.8595 76.1805 0.0000
v 0.0000 -1.7961 108.5485
v 0.8595 103.1076 0.0000
v 2.0078 -1.8000 115.5555
v 0.8595 110.9734 0.0000
v 2.0078 -1.2275 144.7049
v 0.8595 85.4202 0.0000
v 0.0000 -1.2078 122.4411
v 0.8595 48.0377 0.0000
v 0.9137 -0.6000 174.9124
v 0.8595 104.8855 0.0000
v 0.6314 1.0000 122.4411
v 0.8595 48.0377 0.0000
v 0.9490 -4.0157 157.2530
v 0.8595 90.8725 0.0000
v 0.0000 -0.4471 174.9124
v 0.8595 104.8855 0.0000
v 0.6314 1.0000 122.4411
v 0.8595 48.0377 0.0000
v 0.9373 -2.6196 106.4094
v 0.8595 90.8225 0.0000
v 0.9137 -0.6000 126.7007
v 0.8595 114.9143 0.0000
v 2.0078 -0.4706 0.0000
v 0.0000 145.8292 0.8595
v 76.1051 58.4868 0.0000
v 0.0000 1.0000 1.0000
v 1.0000 0.0000 0.0000
v 0.0000 78.0317 0.8595
v 20.1976 0.0000 2.0078
v -0.4706 107.1781 0.8595
v 19.2562 0.0000 2.0078
v 1.0000 131.4656 0.8595
v -8.3209 0.0000 0.0000
v 1.0000 98.5627 0.8595
v -9.8619 0.0000 0.0000
v -0.4471 59.9198 0.8595
v -33.6031 0.0000 0.0000
v -2.5569 46.7102 0.8595
v -62.5094 0.0000 0.0000
v -4.0157 35.6974 0.8595
v -25.6256 0.0000 2.0078
v -4.0157 45.1966 0.8595
v 0.5281 0.0000 2.0078
v -2.5529 70.0039 0.8595
v -20.1866 0.0000 0.0000
v -1.7961 53.3288 0.8595
v 12.2434 0.0000 2.0078
v -1.8000 64.4502 0.8595
v 18.5869 0.0000 2.0078
v -1.2275 82.7847 0.8595
v -12.6798 0.0000 0.0000
v -1.2078 41.5104 0.8595
v -45.0938 0.0000 0.9490
v -0.6000 123.8059 0.8595
v 0.3762 0.0000 0.6314
v 1.0000 41.5104 0.8595
v -45.0938 0.0000 0.9490
v -4.0157 98.5627 0.8595
v -9.8619 0.0000 0.0000
v -0.4471 123.8059 0.8595
v 0.3762 0.0000 0.6314
v 1.0000 41.5104 0.8595
v -45.0938 0.0000 0.9490
v -2.6196 45.1966 0.8595
v 0.5281 0.0000 2.0078
v -0.6000 78.0317 0.8595
v 20.1976 0.0000 2.0078
v -0.4706 0.0000 0.0000
v 83.5815 0.8595 -21.1559
v 63.2692 0.0000 0.0000
v 1.0000 1.0000 1.0000
v -75.8757 0.8595 121.0968
v 0.0000 1.9686 -0.5098
v -53.8819 0.8595 130.7370
v 0.0000 1.9686 0.9098
v -20.9641 0.8595 126.1046
v 0.0000 0.0353 0.9098
v -44.8567 0.8595 112.5554
v 0.0000 0.0353 -0.4863
v -57.8617 0.8595 73.7812
v 0.0000 0.0353 -2.5216
v -52.2556 0.8595 48.4170
v 0.0000 0.0353 -3.9294
v -80.6496 0.8595 68.0017
v 0.0000 1.9686 -3.9294
v -86.9014 0.8595 88.8642
v 0.0000 1.9686 -2.5176
v -58.0264 0.8595 89.7864
v 0.0000 0.0353 -1.7843
v -87.5640 0.8595 102.4343
v 0.0000 1.9686 -1.7922
v -83.8453 0.8595 113.4171
v 0.0000 1.9686 -1.2392
v -53.7421 0.8595 102.6382
v 0.0000 0.0353 -1.2196
v -67.6552 0.8595 58.3376
v 0.0000 0.9490 -3.9294
v -33.6854 0.8595 128.2832
v 0.0000 0.6431 0.9098
v -67.6552 0.8595 58.3376
v 0.0000 0.9490 -3.9294
v -44.8567 0.8595 112.5554
v 0.0000 0.0353 -0.4863
v -33.6854 0.8595 128.2832
v 0.0000 0.6431 0.9098
v -67.6552 0.8595 58.3376
v 0.0000 0.9490 -3.9294
v -86.9014 0.8595 88.8642
v 0.0000 1.9686 -2.5176
v -75.8757 0.8595 121.0968
v 0.0000 1.9686 -0.5098
v 0.0000 0.0000 -54.2640
v 0.8595 89.5770 52.9437
v 0.0000 0.0000 1.0000
v 1.0000 1.0000 0.0000
v 0.0000 0.0000 -98.1664
v 0.8595 40.7578 0.0000
v 1.9686 -0.5098 -76.9007
v 0.8595 51.9126 0.0000
v 1.9686 0.9098 -43.7395
v 0.8595 49.5941 0.0000
v 0.0353 0.9098 -66.6260
v 0.8595 34.4069 0.0000
v 0.0353 -0.4863 -76.8872
v 0.8595 -5.1820 0.0000
v 0.0353 -2.5216 -69.5207
v 0.8595 -30.0919 0.0000
v 0.0353 -3.9294 -99.2150
v 0.8595 -12.5412 0.0000
v 1.9686 -3.9294 -106.9107
v 0.8595 7.8329 0.0000
v 1.9686 -2.5176 -78.1709
v 0.8595 10.7725 0.0000
v 0.0353 -1.7843 -108.5208
v 0.8595 21.3235 0.0000
v 1.9686 -1.7922 -105.5793
v 0.8595 32.5395 0.0000
v 1.9686 -1.2392 -74.7959
v 0.8595 23.8925 0.0000
v 0.0353 -1.2196 -85.5765
v 0.8595 -21.2727 0.0000
v 0.9137 -0.6314 -56.5821
v 0.8595 50.8775 0.0000
v 0.6431 0.9098 -85.5765
v 0.8595 -21.2727 0.0000
v 0.9490 -3.9294 -66.6260
v 0.8595 34.4069 0.0000
v 0.0353 -0.4863 -56.5821
v 0.8595 50.8775 0.0000
v 0.6431 0.9098 -85.5765
v 0.8595 -21.2727 0.0000
v 0.9373 -2.5804 -106.9107
v 0.8595 7.8329 0.0000
v 0.9137 -0.6314 -98.1664
v 0.8595 40.7578 0.0000
v 1.9686 -0.5098 0.0000
v 0.0000 -76.1302 0.8595
v 10.9104 52.2527 0.0000
v 0.0000 1.0000 1.0000
v 1.0000 0.0000 0.0000
v 0.0000 -2.5811 0.8595
v 282.4348 0.0000 2.0078
v -2.6588 19.6472 0.8595
v 278.6046 0.0000 2.0078
v -4.0157 47.1332 0.8595
v 255.0477 0.0000 0.0000
v -4.0157 19.6675 0.8595
v 255.3260 0.0000 0.0000
v -2.5843 -11.0471 0.8595
v 228.3227 0.0000 0.0000
v -0.3490 -18.9336 0.8595
v 203.5726 0.0000 0.0000
v 1.0000 -35.0001 0.8595
v 237.7892 0.0000 2.0078
v 1.0000 -31.2171 0.8595
v 258.5606 0.0000 2.0078
v -0.2667 -3.1537 0.8595
v 242.2471 0.0000 0.0000
v -1.1843 -24.5353 0.8595
v 271.4527 0.0000 2.0078
v -1.1373 -14.7514 0.8595
v 279.8087 0.0000 2.0078
v -1.9098 7.0041 0.8595
v 251.2106 0.0000 0.0000
v -1.8902 -28.6143 0.8595
v 222.9074 0.0000 1.1490
v -2.4235 35.8815 0.8595
v 266.3423 0.0000 0.8824
v -2.4235 -28.6143 0.8595
v 222.9074 0.0000 1.1490
v -0.2824 -18.9336 0.8595
v 203.5726 0.0000 0.0000
v 1.0000 35.8815 0.8595
v 266.3423 0.0000 0.8824
v -2.4235 0.0000 0.0000
v 0.0000 6.0665 0.8595
v 243.0037 56.9323 0.0000
v 0.0000 1.0000 1.0000
v 1.0000 0.0000 0.0000
v 0.4745 0.3725 0.0000
v 0.0000 -54.0000 1.2500
v 19.4400 34.5616 0.0000
v 0.0000 1.0000 1.0000
v 1.0000 0.0000 0.0000
v 0.0000 -90.4635 0.8595
v 243.1125 0.0000 2.0078
v -0.4706 -82.5926 0.8595
v 219.0398 0.0000 2.0078
v 1.0000 -98.1190 0.8595
v 189.3526 0.0000 0.0000
v 1.0000 -109.1507 0.8595
v 215.5924 0.0000 0.0000
v -0.4471 -140.1850 0.8595
v 238.5293 0.0000 0.0000
v -2.5569 -167.9315 0.8595
v 238.8992 0.0000 0.0000
v -4.0157 -140.7952 0.8595
v 261.1206 0.0000 2.0078
v -4.0157 -116.4184 0.8595
v 262.7830 0.0000 2.0078
v -2.5529 -126.1341 0.8595
v 235.1384 0.0000 0.0000
v -1.7961 -104.3488 0.8595
v 260.3704 0.0000 2.0078
v -1.8000 -95.8205 0.8595
v 253.5935 0.0000 2.0078
v -1.2275 -116.1545 0.8595
v 227.4282 0.0000 0.0000
v -1.2078 -155.1185 0.8595
v 249.3916 0.0000 0.9490
v -0.6000 -93.2224 0.8595
v 198.7151 0.0000 0.6314
v 1.0000 -155.1185 0.8595
v 249.3916 0.0000 0.9490
v -4.0157 -109.1507 0.8595
v 215.5924 0.0000 0.0000
v -0.4471 -93.2224 0.8595
v 198.7151 0.0000 0.6314
v 1.0000 -155.1185 0.8595
v 249.3916 0.0000 0.9490
v -2.6196 -116.4184 0.8595
v 262.7830 0.0000 2.0078
v -0.6000 -90.4635 0.8595
v 243.1125 0.0000 2.0078
v -0.4706 0.0000 0.0000
v -125.2621 0.8595 226.0678
v 56.2911 0.0000 0.0000
v 1.0000 1.0000 1.0000
v -101.7005 0.8595 235.9920
v 0.0000 0.0000 -2.0078
v -116.2634 0.8595 241.0612
v 0.0000 0.0000 -1.1725
v -117.4295 0.8595 268.2453
v 0.0000 1.0039 -1.1647
v -104.9658 0.8595 257.5733
v 0.0000 1.0039 -2.0078
v -153.2462 0.8595 254.4902
v 0.0000 1.0039 1.0000
v -138.5522 0.8595 266.8965
v 0.0000 1.0039 0.0157
v -139.7172 0.8595 241.3293
v 0.0000 0.0000 0.1176
v -155.3094 0.8595 236.6047
v 0.0000 0.0000 1.0000
v -124.6016 0.8595 271.6100
v 0.0000 1.0039 -0.7569
v -124.4682 0.8595 242.7893
v 0.0000 0.0000 -0.7176
v -131.1692 0.8595 242.8659
v 0.0000 0.0000 -0.3529
v -130.6366 0.8595 271.2246
v 0.0000 1.0039 -0.4471
v -154.2778 0.8595 245.5475
v 0.0000 0.5020 1.0000
v -103.3331 0.8595 246.7827
v 0.0000 0.5020 -2.0078
v -154.2778 0.8595 245.5475
v 0.0000 0.5020 1.0000
v -116.2634 0.8595 241.0612
v 0.0000 0.0000 -1.1725
v -139.7172 0.8595 241.3293
v 0.0000 0.0000 0.1176
v 0.0000 -128.5049 0.8595
v 253.8010 32.1813 0.0000
v 0.0000 1.0000 1.0000
v 1.0000 0.0000 0.0000
v 0.0000 -98.2780 0.8595
v -1.1071 0.0000 2.0078
v -0.4706 -89.9600 0.8595
v -25.8934 0.0000 2.0078
v 1.0000 -105.7259 0.8595
v -61.5262 0.0000 0.0000
v 1.0000 -117.3218 0.8595
v -35.0009 0.0000 0.0000
v -0.4471 -149.5197 0.8595
v -16.1087 0.0000 0.0000
v -2.5569 -178.1390 0.8595
v -21.2738 0.0000 0.0000
v -4.0157 -150.3371 0.8595
v 8.5126 0.0000 2.0078
v -4.0157 -125.2102 0.8595
v 15.2272 0.0000 2.0078
v -2.5529 -135.0002 0.8595
v -17.0019 0.0000 0.0000
v -1.7961 -112.7422 0.8595
v 15.0077 0.0000 2.0078
v -1.8000 -103.8901 0.8595
v 9.2972 0.0000 2.0078
v -1.2275 -124.6436 0.8595
v -23.4434 0.0000 0.0000
v -1.2078 -165.0117 0.8595
v -7.2094 0.0000 0.9490
v -1.8941 -115.2991 0.8595
v -8.6946 -0.0000 0.9216
v -0.6000 -100.7537 0.8595
v -50.2885 0.0000 0.6314
v 1.0000 -165.0117 0.8595
v -7.2094 0.0000 0.9490
v -4.0157 -117.3218 0.8595
v -35.0009 0.0000 0.0000
v -0.4471 -100.7537 0.8595
v -50.2885 0.0000 0.6314
v 1.0000 -165.0117 0.8595
v -7.2094 0.0000 0.9490
v -2.6196 -125.2102 0.8595
v 15.2272 0.0000 2.0078
v -1.8941 -115.2991 0.8595
v -8.6946 -0.0000 0.9216
v -0.6000 -98.2780 0.8595
v -1.1071 0.0000 2.0078
v -0.4706 0.0000 0.0000
v -134.0495 0.8595 -23.1495
v 58.4522 0.0000 0.0000
v 1.0000 1.0000 1.0000
v 0.0000 0.0000 -125.7796
v -3.0000 225.4650 35.3664
v 0.0000 0.0000 1.0000
v 1.0000 1.0000 0.0000
v 1.3255 0.0549 0.0000
v 0.0000 2.0407 -3.0000
v 151.3455 57.8549 0.0000
v 0.0000 1.0000 1.0000
v 1.0000 0.0000 0.0000
v 0.0000 -172.5461 0.8595
v 244.6378 0.0000 0.0000
v -2.0078 -187.3336 0.8595
v 249.7405 0.0000 0.0000
v -1.1725 -188.5177 0.8595
v 277.1043 0.0000 1.0039
v -1.1647 -175.8617 0.8595
v 266.3618 0.0000 1.0039
v -2.0078 -224.8868 0.8595
v 263.2582 0.0000 1.0039
v 1.0000 -209.9661 0.8595
v 275.7465 0.0000 1.0039
v 0.0157 -211.1491 0.8595
v 250.0102 0.0000 0.0000
v 0.1176 -226.9818 0.8595
v 245.2545 0.0000 0.0000
v 1.0000 -195.8004 0.8595
v 280.4911 0.0000 1.0039
v -0.7569 -195.6649 0.8595
v 251.4799 0.0000 0.0000
v -0.7176 -202.4694 0.8595
v 251.5570 0.0000 0.0000
v -0.3529 -201.9286 0.8595
v 280.1033 0.0000 1.0039
v -0.4471 -225.9342 0.8595
v 254.2563 0.0000 0.5020
v -1.1725 -174.2039 0.8595
v 255.4998 0.0000 0.5020
v -2.0078 -225.9342 0.8595
v 254.2563 0.0000 0.5020
v -1.1725 -187.3336 0.8595
v 249.7405 0.0000 0.0000
v 0.0706 -211.1491 0.8595
v 250.0102 0.0000 0.0000
v 0.1176 0.0000 0.0000
v 0.0000 0.0000 -199.7640
v 0.8595 262.5645 32.5911
v 0.0000 0.0000 1.0000
v 1.0000 1.0000 0.0000
v 2.0078 1.0000 0.0000
v -165.9600 -4.0537 58.3046
v 29.9880 0.0000 0.0000
v 1.0000 1.0000 1.0000
v 0.0000 -35.3614 0.8595
v 290.4196 0.0000 0.0000
v -2.0078 -51.2607 0.8595
v 295.3319 0.0000 0.0000
v -1.1725 -52.5339 0.8595
v 321.6747 0.0000 1.0039
v -1.1647 -38.9264 0.8595
v 311.3330 0.0000 1.0039
v -2.0078 -91.6375 0.8595
v 308.3453 0.0000 1.0039
v 1.0000 -75.5950 0.8595
v 320.3676 0.0000 1.0039
v 0.0157 -76.8669 0.8595
v 295.5917 0.0000 0.0000
v 0.1176 -93.8900 0.8595
v 291.0133 0.0000 0.0000
v 1.0000 -60.3642 0.8595
v 324.9352 0.0000 1.0039
v -0.7569 -60.2185 0.8595
v 297.0065 0.0000 0.0000
v -0.7176 -67.5345 0.8595
v 297.0807 0.0000 0.0000
v -0.3529 -66.9530 0.8595
v 324.5618 0.0000 1.0039
v -0.4471 -92.7637 0.8595
v 299.6793 0.0000 0.5020
v -1.1725 -37.1439 0.8595
v 300.8763 0.0000 0.5020
v -2.0078 -92.7637 0.8595
v 299.6793 0.0000 0.5020
v -1.1725 -51.2607 0.8595
v 295.3319 0.0000 0.0000
v 0.0706 -76.8669 0.8595
v 295.5917 0.0000 0.0000
v 0.1176 0.0000 0.0000
v 0.0000 0.0000 -64.6257
v 0.8595 307.6774 33.9740
v 0.0000 0.0000 1.0000
v 1.0000 1.0000 0.0000
v 0.5412 0.0000 0.0000
v 0.0000 0.0000 242.0000
v 105.0000 155.0000 97.0824
v 0.0000 0.0000 1.0000
v 1.0000 1.0000 0.0000
v 0.0000 1.0000 0.0000
v 0.0000 -31.4996 80.0000
v 70.5005 162.4267 0.0000
v 0.0000 1.0000 1.0000
v 1.0000 0.0000 0.0000
v 0.0000 242.0000 125.0000
v 155.0000 97.0824 0.0000
v 0.0000 1.0000 1.0000
v 1.0000 0.0000 0.0000
v 0.7686 1.0000 0.0000
v 0.0000 0.0000 42.5000
v 80.0000 -130.5000 109.4372
v 0.0000 0.0000 1.0000
v 1.0000 1.0000 0.0000
v 1.8549 1.0000 0.0000
v 0.0000 12.4922 60.0000
v 267.3359 72.9749 0.0000
v 0.0000 1.0000 1.0000
v 1.0000 0.0000 0.0000
v 0.0000 0.0000 -162.0000
v 80.0000 -24.5000 123.2082
v 0.0000 0.0000 1.0000
v 1.0000 1.0000 0.0000
v 0.0000 0.0000 100.0000
v 75.0000 -380.0000 203.9608
v 0.0000 0.0000 1.0000
v 1.0000 1.0000 0.0000
v 0.0000 0.0000 -10.0000
v 100.0000 -432.5000 200.1805
v 0.0000 0.0000 1.0000
v 1.0000 1.0000 0.0000
v 0.0000 0.0000 80.0000
v 100.0000 -346.0000 200.3597
v 0.0000 0.0000 1.0000
v 1.0000 1.0000 0.0000
v -38.2500 60.0000 16.2930
v 74.4329 0.0000 0.0000
v 1.0000 1.0000 1.0000
v 0.0000 0.0000 -43.7773
v 81.0000 -45.6914 82.7258
v 0.0000 0.0000 1.0000
v 1.0000 1.0000 0.0000
v 1.0000 0.0000 0.0000
v 0.0000 0.0000 -56.5000
v 80.0000 -233.5000 115.9073
v 0.0000 0.0000 1.0000
v 1.0000 1.0000 0.0000
v 2.0078 0.0000 0.0000
v 0.0000 0.0000 -26.5000
v 80.0000 12.0000 50.9338
v 0.0000 0.0000 1.0000
v 1.0000 1.0000 0.0000
v 0.0000 0.0000 -5.5000
v 80.0000 -28.5000 167.3096
v 0.0000 0.0000 1.0000
v 1.0000 1.0000 0.0000
v 1.0275 0.0000 0.0000
v -52.5000 90.0000 255.0000
v 102.5439 0.0000 0.0000
v 1.0000 1.0000 1.0000
v 2.0078 0.0000 0.0000
v 0.0000 0.0000 -159.0114
v 55.4037 -80.4286 20.9775
v 0.0000 0.0000 1.0000
v 1.0000 1.0000 0.0000
v 2.0078 0.0000 0.0000
v 0.0000 0.0000 -160.8222
v 55.4037 -62.3206 17.7255
v 0.0000 0.0000 1.0000
v 1.0000 1.0000 0.0000
v 2.0078 0.0000 0.0000
v 0.0000 0.0000 -1.7946
v 55.4037 87.8198 20.9775
v 0.0000 0.0000 1.0000
v 1.0000 1.0000 0.0000
v 2.0078 0.0000 0.0000
v 0.0000 0.0000 -130.9993
v 178.5000 -60.9998 39.5431
v 0.0000 0.0000 1.0000
v 1.0000 1.0000 0.0000
v 2.0078 0.0000 0.0000
v 0.0000 0.0000 -115.0000
v 89.5000 -160.0000 39.5431
v 0.0000 0.0000 1.0000
v 1.0000 1.0000 0.0000
v 2.0078 0.0000 0.0000
v 0.0000 0.0000 -89.9994
v 110.5000 -19.9997 42.2577
v 0.0000 0.0000 1.0000
v 1.0000 1.0000 0.0000
v 2.0078 0.0000 0.0000
v 0.0000 0.0000 -145.0000
v 110.5000 72.0000 41.9550
v 0.0000 0.0000 1.0000
v 1.0000 1.0000 0.0000
v 2.0078 0.0000 0.0000
v 0.0000 0.0000 153.0000
v 181.5000 181.0000 41.9500
v 0.0000 0.0000 1.0000
v 1.0000 1.0000 0.0000
v 2.0078 0.0000 0.0000
v 0.0000 0.0000 69.0000
v 89.5000 -214.0000 39.5431
v 0.0000 0.0000 1.0000
v 1.0000 1.0000 0.0000
v 2.0078 0.0000 0.0000
v 0.0000 0.0000 140.0000
v 87.5000 120.0000 35.9280
v 0.0000 0.0000 1.0000
v 1.0000 1.0000 0.0000
v 2.0078 0.0000 0.0000
v 0.0000 0.0000 55.0000
v 87.5000 205.0000 42.2577
v 0.0000 0.0000 1.0000
v 1.0000 1.0000 0.0000
v 2.0078 0.0000 0.0000
v 0.0000 0.0000 16.0000
v 87.5000 205.0000 30.7522
v 0.0000 0.0000 1.0000
v 1.0000 1.0000 0.0000
v 0.0000 1.0000 1.0000
v 1.0000 0.0000 0.0000
v 28.9062 10.5000 -304.4710
v 121.7948 0.0000 0.0000
v 1.0000 1.0000 1.0000
v -157.5000 -0.0000 -76.8892
v 0.0000 20.0784 -7.9922
v -182.5000 -0.0000 -99.1392
v 0.0000 20.0784 -7.6980
v -182.5000 -0.0000 952.5461
v 0.0000 0.0000 -7.5608
v -157.5000 -0.0000 952.5461
v 0.0000 0.0000 -7.7882
v 42.5000 -0.0000 -39.3892
v 0.0000 20.0784 -9.8510
v 17.5000 -0.0000 -36.6392
v 0.0000 20.0784 -9.6275
v 17.5000 -0.0000 952.5461
v 0.0000 0.0000 -9.3843
v 42.5000 -0.0000 952.5461
v 0.0000 0.0000 -9.6118
v -257.5000 -0.0000 -165.3086
v 0.0000 20.0784 -6.8118
v -282.5000 -0.0000 -183.1242
v 0.0000 20.0784 -6.5412
v -282.5000 -0.0000 952.5461
v 0.0000 0.0000 -6.6510
v -257.5000 -0.0000 952.5461
v 0.0000 0.0000 -6.8784
v -57.5000 -0.0000 -36.6392
v 0.0000 20.0784 -8.9647
v -82.5000 -0.0000 -39.3892
v 0.0000 20.0784 -8.7412
v -82.5000 -0.0000 952.5461
v 0.0000 0.0000 -8.4706
v -57.5000 -0.0000 952.5461
v 0.0000 0.0000 -8.6980
v 142.5000 -0.0000 -36.6392
v 0.0000 20.0784 -10.7373
v 117.5000 -0.0000 -39.3892
v 0.0000 20.0784 -10.5137
v 117.5000 -0.0000 952.5461
v 0.0000 0.0000 -10.2941
v 142.5000 -0.0000 952.5461
v 0.0000 0.0000 -10.5216
v 242.5000 -0.0000 -39.3892
v 0.0000 20.0784 -11.6235
v 217.5000 -0.0000 -36.6392
v 0.0000 20.0784 -11.4000
v 217.5000 -0.0000 952.5461
v 0.0000 0.0000 -11.2039
v 242.5000 -0.0000 952.5461
v 0.0000 0.0000 -11.4314
v -132.5000 -0.0000 -59.5142
v 0.0000 20.0784 -8.2627
v -132.5000 -0.0000 952.5461
v 0.0000 0.0000 -8.0157
v -107.5000 -0.0000 952.5461
v 0.0000 0.0000 -8.2431
v -107.5000 -0.0000 -47.0142
v 0.0000 20.0784 -8.5098
v -32.5000 -0.0000 -35.2642
v 0.0000 20.0784 -9.1843
v -32.5000 -0.0000 952.5461
v 0.0000 0.0000 -8.9294
v -7.5000 -0.0000 952.5461
v 0.0000 0.0000 -9.1569
v -7.5000 -0.0000 -35.2642
v 0.0000 20.0784 -9.4078
v 167.5000 -0.0000 -35.2642
v 0.0000 20.0784 -10.9569
v 167.5000 -0.0000 952.5461
v 0.0000 0.0000 -10.7490
v 192.5000 -0.0000 952.5461
v 0.0000 0.0000 -10.9765
v 192.5000 -0.0000 -35.2642
v 0.0000 20.0784 -11.1804
v -232.5000 -0.0000 -143.3489
v 0.0000 20.0784 -7.1059
v -232.5000 -0.0000 952.5461
v 0.0000 0.0000 -7.1059
v -207.5000 -0.0000 952.5461
v 0.0000 0.0000 -7.3333
v -207.5000 -0.0000 -122.7642
v 0.0000 20.0784 -7.3922
v 267.5000 -0.0000 -40.7642
v 0.0000 20.0784 -11.8431
v 267.5000 -0.0000 952.5461
v 0.0000 0.0000 -11.6588
v 67.5000 -0.0000 -40.7642
v 0.0000 20.0784 -10.0706
v 67.5000 -0.0000 952.5461
v 0.0000 0.0000 -9.8392
v 92.5000 -0.0000 952.5461
v 0.0000 0.0000 -10.0667
v 92.5000 -0.0000 -40.7642
v 0.0000 20.0784 -10.2941
v -282.5000 -0.2000 154.9591
v -0.0000 13.0000 -6.5294
v -257.5000 -0.2000 179.8341
v -0.0000 12.7843 -6.8392
v -232.5000 -0.2000 206.0216
v -0.0000 12.5922 -7.1569
v -207.5000 -0.2000 234.5216
v -0.0000 12.3333 -7.4902
v -182.5000 -0.2000 258.3341
v -0.0000 12.1882 -7.7961
v -157.5000 -0.2000 281.4591
v -0.0000 12.0314 -8.0941
v -132.5000 -0.2000 298.1466
v -0.0000 11.9333 -8.3608
v -107.5000 -0.2000 308.3966
v -0.0000 11.8941 -8.5961
v -82.5000 -0.2000 312.2091
v -0.0000 11.9137 -8.8196
v -57.5000 -0.2000 313.5841
v -0.0000 11.9255 -9.0431
v -32.5000 -0.2000 314.2716
v -0.0000 11.9294 -9.2627
v -7.5000 -0.2000 314.2716
v -0.0000 11.9294 -9.4824
v 17.5000 -0.2000 313.5841
v -0.0000 11.9255 -9.7020
v 42.5000 -0.2000 312.2091
v -0.0000 11.9137 -9.9216
v 67.5000 -0.2000 311.5216
v -0.0000 11.9098 -10.1412
v 92.5000 -0.2000 311.5216
v -0.0000 11.9098 -10.3647
v 117.5000 -0.2000 312.2091
v -0.0000 11.9137 -10.5843
v 167.5000 -0.2000 314.2716
v -0.0000 11.9294 -11.0235
v 142.5000 -0.2000 313.5841
v -0.0000 11.9255 -10.8039
v 192.5000 -0.2000 314.2716
v -0.0000 11.9294 -11.2431
v 217.5000 -0.2000 313.5841
v -0.0000 11.9255 -11.4627
v 242.5000 -0.2000 312.2091
v -0.0000 11.9137 -11.6863
v 267.5000 -0.2000 311.5216
v 0.0000 11.9098 -11.9059
v -182.5000 -0.2000 -35.7299
v 0.0000 17.6471 -7.7804
v -132.5000 -0.2000 3.9888
v 0.0000 17.6000 -8.3451
v -81.6324 -0.1992 11.6021
v -0.0000 17.8196 -8.8078
v -57.7991 -0.1992 7.7879
v -0.0000 17.9490 -9.0196
v -33.9658 -0.1992 7.7879
v -0.0000 17.9725 -9.2275
v -8.2259 -0.1992 9.6950
v -0.0000 17.9373 -9.4549
v 17.5141 -0.1992 13.5091
v -0.0000 17.8353 -9.6824
v 43.2541 -0.1992 18.2768
v -0.0000 17.6902 -9.9098
v 69.6909 -0.1992 17.0075
v -0.0000 17.6902 -10.1451
v 92.8273 -0.1992 11.6021
v -0.0000 17.7961 -10.3529
v 117.6140 -0.1992 7.7879
v -0.0000 17.8980 -10.5725
v 141.4170 -0.1992 3.5428
v -0.0000 18.0314 -10.7843
v 167.8425 -0.1992 3.5428
v -0.0000 18.0588 -11.0157
v 192.3804 -0.1992 8.1141
v -0.0000 17.9686 -11.2353
v 217.7142 -0.1992 14.0272
v -0.0000 17.8235 -11.4627
v 243.3438 -0.1992 17.0075
v -0.0000 17.7137 -11.6902
v 267.8817 -0.1992 15.1196
v -0.0000 17.7255 -11.9059
v -107.5000 -0.2000 161.0958
v 0.0000 14.7647 -8.6235
v -107.5000 -0.2000 87.4454
v 0.0000 16.2000 -8.5725
v -57.6496 -0.1996 160.6860
v -0.0000 14.9373 -9.0627
v -57.7243 -0.6666 80.5860
v -0.0000 16.5137 -9.0157
v -33.2329 -0.1996 161.0298
v -0.0000 14.9490 -9.2745
v -33.5994 -0.6666 75.8900
v -0.0000 16.6314 -9.2314
v -7.8629 -0.1996 161.9833
v -0.0000 14.9333 -9.4980
v -8.0444 -0.6666 76.1033
v -32.0000 16.6275 -9.4549
v 17.5070 -0.1996 163.5466
v -0.0000 14.8784 -9.7216
v 42.8770 -0.1996 165.2429
v -0.0000 14.8039 -9.9451
v 68.5954 -0.6668 164.2646
v -0.0000 14.8000 -10.1725
v 92.6637 -0.6668 161.5618
v -0.0000 14.8549 -10.3843
v 117.5570 -0.6668 159.9985
v -0.0000 14.9059 -10.6039
v 141.9585 -0.6668 158.5634
v -0.0000 14.9765 -10.8157
v 167.6713 -0.1996 158.9072
v -0.0000 14.9922 -11.0431
v 192.4402 -0.1996 161.1928
v -0.0000 14.9490 -11.2627
v 217.6071 -0.1996 163.8056
v -0.0000 14.8745 -11.4824
v 242.9219 -0.1996 164.6083
v -0.0000 14.8157 -11.7059
v 267.6909 -0.1996 163.3206
v -0.0000 14.8196 -11.9216
v -111.4436 -0.0782 -24.7694
v 0.0000 19.1176 -8.4980
v 267.5000 -0.1896 339.9173
v -0.0000 11.4196 -11.8941
v 267.5124 -0.2000 301.8575
v -0.0000 12.0941 -11.9059
v -132.5000 -0.0691 -37.5872
v 0.1250 19.2235 -8.2902
v -132.5000 -0.2000 176.4262
v 0.0000 14.2784 -8.3843
v -207.5000 -0.2000 163.6687
v 0.0000 13.6196 -7.5059
v -182.5000 -0.2000 184.0283
v 0.0000 13.5686 -7.8118
v -232.5000 -0.2000 118.8776
v 0.0000 14.1490 -7.1804
v -257.5000 -0.2000 102.5900
v 0.0000 14.1373 -6.8588
v 252.9795 -0.2000 311.9209
v -0.0000 11.9137 -11.7765
v -157.5000 -0.2000 185.7249
v 0.0000 13.8471 -8.1137
v -282.5000 -0.2000 86.3519
v 0.0000 14.1804 -6.5451
v -57.5817 -0.1998 230.0157
v -0.0000 13.5686 -9.0510
v -57.5387 -0.1999 274.0237
v 0.0005 12.7020 -9.0471
v -32.6705 -0.1999 278.6151
v -0.0000 12.6314 -9.2667
v -57.5575 -0.1998 254.7604
v -0.0000 13.0824 -9.0510
v -91.4823 -0.1999 266.9540
v -0.0000 12.7686 -8.7490
v -182.5000 -0.2000 240.4859
v -0.0000 12.5176 -7.8000
v -157.5000 -0.2000 244.7433
v -0.0000 12.7294 -8.1020
v -132.5000 -0.2000 242.6146
v -0.0000 13.0039 -8.3686
v -107.5000 -0.2000 227.1818
v -0.0000 13.4745 -8.6118
v -86.0211 -0.1997 206.0275
v -0.0000 13.9843 -8.8039
v -132.5000 -0.0000 952.5461
v 0.0000 0.0000 -8.0157
v -82.5000 -0.2000 312.2091
v -0.0000 11.9137 -8.8196
v -91.4823 -0.1999 266.9540
v -0.0000 12.7686 -8.7490
v -107.5000 -0.0000 952.5461
v 0.0000 0.0000 -8.2431
v -107.5000 -0.2000 161.0958
v 0.0000 14.7647 -8.6235
v -57.6496 -0.1996 160.6860
v -0.0000 14.9373 -9.0627
v -107.5000 -0.2000 87.4454
v 0.0000 16.2000 -8.5725
v -57.5000 -0.0000 -36.6392
v 0.0000 20.0784 -8.9647
v -7.8629 -0.1996 161.9833
v -0.0000 14.9333 -9.4980
v -33.2329 -0.1996 161.0298
v -0.0000 14.9490 -9.2745
v -32.6705 -0.1999 278.6151
v -0.0000 12.6314 -9.2667
v -57.6496 -0.1996 160.6860
v -0.0000 14.9373 -9.0627
v -107.5000 -0.2000 87.4454
v 0.0000 16.2000 -8.5725
v 242.9219 -0.1996 164.6083
v -0.0000 14.8157 -11.7059
v 267.6909 -0.1996 163.3206
v -0.0000 14.8196 -11.9216
v -57.5000 -0.2000 313.5841
v -0.0000 11.9255 -9.0431
v -57.5000 -0.0000 -36.6392
v 0.0000 20.0784 -8.9647
v -81.6324 -0.1992 11.6021
v -0.0000 17.8196 -8.8078
v -57.7991 -0.1992 7.7879
v -0.0000 17.9490 -9.0196
v -57.7243 -0.6666 80.5860
v -0.0000 16.5137 -9.0157
v -33.9658 -0.1992 7.7879
v -0.0000 17.9725 -9.2275
v -33.5994 -0.6666 75.8900
v -0.0000 16.6314 -9.2314
v -8.2259 -0.1992 9.6950
v -0.0000 17.9373 -9.4549
v -8.0444 -0.6666 76.1033
v -32.0000 16.6275 -9.4549
v 17.5141 -0.1992 13.5091
v -0.0000 17.8353 -9.6824
v 43.2541 -0.1992 18.2768
v -0.0000 17.6902 -9.9098
v 69.6909 -0.1992 17.0075
v -0.0000 17.6902 -10.1451
v 92.8273 -0.1992 11.6021
v -0.0000 17.7961 -10.3529
v 117.6140 -0.1992 7.7879
v -0.0000 17.8980 -10.5725
v 141.4170 -0.1992 3.5428
v -0.0000 18.0314 -10.7843
v 167.8425 -0.1992 3.5428
v -0.0000 18.0588 -11.0157
v 192.3804 -0.1992 8.1141
v -0.0000 17.9686 -11.2353
v 217.7142 -0.1992 14.0272
v -0.0000 17.8235 -11.4627
v 243.3438 -0.1992 17.0075
v -0.0000 17.7137 -11.6902
v 267.8817 -0.1992 15.1196
v -0.0000 17.7255 -11.9059
v -111.4436 -0.0782 -24.7694
v 0.0000 19.1176 -8.4980
v -132.5000 -0.2000 3.9888
v 0.0000 17.6000 -8.3451
v -132.5000 -0.2000 3.9888
v 0.0000 17.6000 -8.3451
v -182.5000 -0.2000 -35.7299
v 0.0000 17.6471 -7.7804
v -132.5000 -0.0691 -37.5872
v 0.1250 19.2235 -8.2902
v -107.5000 -0.0000 -47.0142
v 0.0000 20.0784 -8.5098
v -111.4436 -0.0782 -24.7694
v 0.0000 19.1176 -8.4980
v -132.5000 -0.0000 -59.5142
v 0.0000 20.0784 -8.2627
v -182.5000 -0.2000 -35.7299
v 0.0000 17.6471 -7.7804
v -282.5000 -0.2000 86.3519
v 0.0000 14.1804 -6.5451
v -257.5000 -0.2000 102.5900
v 0.0000 14.1373 -6.8588
v -232.5000 -0.2000 118.8776
v 0.0000 14.1490 -7.1804
v -207.5000 -0.2000 163.6687
v 0.0000 13.6196 -7.5059
v -182.5000 -0.2000 184.0283
v 0.0000 13.5686 -7.8118
v -157.5000 -0.2000 185.7249
v 0.0000 13.8471 -8.1137
v -132.5000 -0.2000 176.4262
v 0.0000 14.2784 -8.3843
v -107.5000 -0.2000 161.0958
v 0.0000 14.7647 -8.6235
v -57.6496 -0.1996 160.6860
v -0.0000 14.9373 -9.0627
v -86.0211 -0.1997 206.0275
v -0.0000 13.9843 -8.8039
v -82.5000 -0.2000 312.2091
v -0.0000 11.9137 -8.8196
v -91.4823 -0.1999 266.9540
v -0.0000 12.7686 -8.7490
v -107.5000 -0.2000 308.3966
v -0.0000 11.8941 -8.5961
v -107.5000 -0.2000 227.1818
v -0.0000 13.4745 -8.6118
v -132.5000 -0.2000 298.1466
v -0.0000 11.9333 -8.3608
v -157.5000 -0.2000 281.4591
v -0.0000 12.0314 -8.0941
v -182.5000 -0.2000 258.3341
v -0.0000 12.1882 -7.7961
v -207.5000 -0.2000 234.5216
v -0.0000 12.3333 -7.4902
v -57.5575 -0.1998 254.7604
v -0.0000 13.0824 -9.0510
v -57.5817 -0.1998 230.0157
v -0.0000 13.5686 -9.0510
v -91.4823 -0.1999 266.9540
v -0.0000 12.7686 -8.7490
v -57.5387 -0.1999 274.0237
v 0.0005 12.7020 -9.0471
v -57.5000 -0.2000 313.5841
v -0.0000 11.9255 -9.0431
v -32.6705 -0.1999 278.6151
v -0.0000 12.6314 -9.2667
v -32.5000 -0.2000 314.2716
v -0.0000 11.9294 -9.2627
v -7.8629 -0.1996 161.9833
v -0.0000 14.9333 -9.4980
v -7.5000 -0.2000 314.2716
v -0.0000 11.9294 -9.4824
v 17.5070 -0.1996 163.5466
v -0.0000 14.8784 -9.7216
v 17.5000 -0.2000 313.5841
v -0.0000 11.9255 -9.7020
v 42.8770 -0.1996 165.2429
v -0.0000 14.8039 -9.9451
v 42.5000 -0.2000 312.2091
v -0.0000 11.9137 -9.9216
v 68.5954 -0.6668 164.2646
v -0.0000 14.8000 -10.1725
v 67.5000 -0.2000 311.5216
v -0.0000 11.9098 -10.1412
v 92.6637 -0.6668 161.5618
v -0.0000 14.8549 -10.3843
v 92.5000 -0.2000 311.5216
v -0.0000 11.9098 -10.3647
v 117.5570 -0.6668 159.9985
v -0.0000 14.9059 -10.6039
v 117.5000 -0.2000 312.2091
v -0.0000 11.9137 -10.5843
v 141.9585 -0.6668 158.5634
v -0.0000 14.9765 -10.8157
v 142.5000 -0.2000 313.5841
v -0.0000 11.9255 -10.8039
v 167.6713 -0.1996 158.9072
v -0.0000 14.9922 -11.0431
v 167.5000 -0.2000 314.2716
v -0.0000 11.9294 -11.0235
v 192.4402 -0.1996 161.1928
v -0.0000 14.9490 -11.2627
v 192.5000 -0.2000 314.2716
v -0.0000 11.9294 -11.2431
v 217.6071 -0.1996 163.8056
v -0.0000 14.8745 -11.4824
v 217.5000 -0.2000 313.5841
v -0.0000 11.9255 -11.4627
v 242.9219 -0.1996 164.6083
v -0.0000 14.8157 -11.7059
v 242.5000 -0.2000 312.2091
v -0.0000 11.9137 -11.6863
v 252.9795 -0.2000 311.9209
v -0.0000 11.9137 -11.7765
v 267.5000 -0.1896 339.9173
v -0.0000 11.4196 -11.8941
v 267.5000 -0.2000 311.5216
v 0.0000 11.9098 -11.9059
v -107.5000 -0.2000 227.1818
v -0.0000 13.4745 -8.6118
v -132.5000 -0.2000 242.6146
v -0.0000 13.0039 -8.3686
v -157.5000 -0.2000 244.7433
v -0.0000 12.7294 -8.1020
v -182.5000 -0.2000 240.4859
v -0.0000 12.5176 -7.8000
v -207.5000 -0.2000 234.5216
v -0.0000 12.3333 -7.4902
v -232.5000 -0.2000 206.0216
v -0.0000 12.5922 -7.1569
v -257.5000 -0.2000 179.8341
v -0.0000 12.7843 -6.8392
v -282.5000 -0.2000 154.9591
v -0.0000 13.0000 -6.5294
v -81.6324 -0.1992 11.6021
v -0.0000 17.8196 -8.8078
v -57.7243 -0.6666 80.5860
v -0.0000 16.5137 -9.0157
v -7.3091 -0.3334 384.7109
v 631.0046 0.0000 0.0000
v 1.0000 1.0000 1.0000
v 0.9882 0.0000 0.0000
v 0.0000 0.0000 57.7257
v 10.5000 -240.3172 93.9766
v 0.0000 0.0000 1.0000
v 1.0000 1.0000 0.0000
v 0.4549 -0.9725 0.0000
v 12.2292 10.5000 -328.9697
v 114.0772 0.0000 0.0000
v 1.0000 1.0000 1.0000
v -147.5000 -0.0000 -126.6392
v 0.0000 20.0784 -12.5098
v -172.5000 -0.0000 -129.3892
v 0.0000 20.0784 -12.2863
v -172.5000 -0.0000 862.5461
v 0.0000 0.0000 -12.1176
v -147.5000 -0.0000 862.5461
v 0.0000 0.0000 -12.3451
v 52.5000 -0.0000 -109.6477
v 0.0000 20.0784 -14.3020
v 27.5000 -0.0000 -112.3977
v 0.0000 20.0784 -14.0784
v 27.5000 -0.0000 862.5461
v 0.0000 0.0000 -13.9373
v 52.5000 -0.0000 862.5461
v 0.0000 0.0000 -14.1647
v -47.5000 -0.0000 -108.6219
v 0.0000 20.0784 -13.4118
v -72.5000 -0.0000 -109.6477
v 0.0000 20.0784 -13.1882
v -72.5000 -0.0000 862.5461
v 0.0000 0.0000 -13.0275
v -47.5000 -0.0000 862.5461
v 0.0000 0.0000 -13.2549
v 591.3128 -1.0000 -133.5142
v 0.0000 20.0784 -19.0745
v 133.7500 -0.0000 -108.4473
v 0.0000 20.0784 -15.0196
v 133.7500 -0.0000 862.5461
v 0.0000 0.0000 -14.9059
v 591.3128 -0.0000 862.5461
v 0.0000 0.0000 -19.0745
v 77.5000 -0.0000 -108.2727
v 0.0000 20.0784 -14.5216
v 77.5000 -0.0000 862.5461
v 0.0000 0.0000 -14.3922
v 102.5000 -0.0000 862.5461
v 0.0000 0.0000 -14.6196
v 102.5000 -0.0000 -106.3848
v 0.0000 20.0784 -14.7451
v -122.5000 -0.0000 -121.4883
v 0.0000 20.0784 -12.7373
v -122.5000 -0.0000 862.5461
v 0.0000 0.0000 -12.5725
v -97.5000 -0.0000 862.5461
v 0.0000 0.0000 -12.8000
v -97.5000 -0.0000 -115.8245
v 0.0000 20.0784 -12.9608
v -22.5000 -0.0000 -108.1089
v 0.0000 20.0784 -13.6314
v -22.5000 -0.0000 862.5461
v 0.0000 0.0000 -13.4824
v 2.5000 -0.0000 862.5461
v 0.0000 0.0000 -13.7098
v 2.5000 -0.0000 -108.1089
v 0.0000 20.0784 -13.8549
v -222.5000 -0.0000 -130.7642
v 0.0000 20.0784 -11.8431
v -222.5000 -0.0000 862.5461
v 0.0000 0.0000 -11.6588
v -197.5000 -0.0000 862.5461
v 0.0000 0.0000 -11.8902
v -197.5000 -0.0000 -130.7642
v 0.0000 20.0784 -12.0667
v -222.5000 -0.2000 221.5216
v 0.0000 11.9098 -11.9059
v -197.5000 -0.2000 221.5216
v 0.0000 11.9098 -12.1255
v -147.5000 -0.2000 223.5841
v -0.0000 11.9255 -12.5647
v -122.5000 -0.2000 224.2716
v -0.0000 11.9765 -12.7882
v -97.5000 -0.2000 224.2716
v -0.0000 12.0510 -13.0078
v -47.5000 -0.2000 222.2091
v 0.0000 12.1882 -13.4471
v 133.7500 -0.2000 223.2403
v -0.0000 12.1686 -15.0431
v 591.3128 -1.0000 220.1466
v 0.0000 11.9020 -19.0745
v -222.1183 -0.1992 -74.8804
v -0.0000 17.7255 -11.9059
v -195.6928 -0.1992 -80.9743
v -0.0000 17.8471 -12.1412
v -172.3140 -0.1992 -88.2272
v -0.0000 18.0157 -12.3569
v -122.0791 -0.1992 -82.1333
v -0.0000 18.0431 -12.8039
v -147.7760 -0.1992 -88.2272
v -0.0000 18.0667 -12.5725
v -97.5412 -0.1992 -75.3105
v -0.0000 18.0157 -13.0275
v -70.1622 -0.1992 -71.1237
v -0.0000 18.0510 -13.2706
v -6.3210 -0.2000 -72.8092
v 0.0000 18.1137 -13.8314
v -22.5000 -0.2000 -34.7106
v 0.0000 17.3490 -13.6941
v 77.5000 -0.2000 -65.8236
v -0.0000 17.9725 -14.5686
v 102.5000 -0.2000 -65.8236
v -0.0000 18.0078 -14.7882
v 133.7500 -0.2000 -67.3705
v -0.0000 18.0000 -15.0627
v 591.3128 -1.0000 -72.0111
v 0.0000 17.6196 -19.0745
v -222.3091 -0.1996 73.3206
v -0.0000 14.8196 -11.9216
v -196.5964 -0.1996 70.2736
v -0.0000 14.8784 -12.1490
v -172.4070 -0.1996 66.9909
v -0.0000 14.9647 -12.3647
v -147.6380 -0.1996 67.6784
v -0.0000 14.9961 -12.5804
v -147.7070 -0.6666 -14.9340
v -512.0000 16.6235 -12.5882
v -122.2896 -0.6668 71.0691
v -0.0000 15.0118 -12.8078
v -122.1843 -0.6666 -10.1917
v -0.0000 16.6196 -12.8157
v -71.3311 -0.1996 76.2302
v 0.0000 15.0980 -13.2549
v -70.8489 -0.5849 15.4461
v 0.0000 16.3176 -13.2745
v -222.4875 -0.2000 211.8575
v -0.0000 12.1020 -11.9059
v 77.5000 -0.2000 6.7002
v -0.0000 16.5176 -14.5765
v 102.5000 -0.2000 79.2240
v -0.0000 15.0941 -14.7843
v 102.5000 -0.2000 6.7002
v -0.0000 16.5490 -14.7961
v 133.7500 -0.2000 77.9349
v -0.0000 15.0863 -15.0588
v 133.7500 -0.2000 5.2823
v -0.0000 16.5412 -15.0706
v 591.3128 -1.0000 74.0677
v 0.0000 14.7608 -19.0745
v 591.3128 -1.0000 1.0284
v 0.0000 16.1922 -19.0745
v 432.5315 -0.0000 -120.9807
v 0.0000 20.0784 -17.6667
v 432.5315 -0.2000 -69.6908
v -0.0000 17.8078 -17.6824
v 432.5315 -0.2000 3.1553
v -0.0000 16.3647 -17.6863
v 432.5315 -0.2000 76.0013
v -0.0000 14.9216 -17.6824
v 432.5315 -0.2000 221.6935
v -0.0000 12.0353 -17.6745
v 432.5315 -0.0000 862.5461
v 0.0000 0.0000 -17.6275
v 591.3128 -0.0000 769.0000
v 0.0000 2.4157 -19.0745
v -47.5000 -0.2000 -12.5513
v 0.0000 16.8980 -13.4784
v -35.1379 -0.2000 -71.8058
v 0.0000 18.0902 -13.5765
v 39.4897 -0.0000 -111.0789
v 0.0000 20.0784 -14.1843
v -22.5000 -0.1848 263.0662
v 0.0000 11.4706 -13.6549
v -197.3835 -0.1999 202.0164
v -0.0000 12.2941 -12.1294
v -197.5000 -0.1834 267.0709
v -0.0000 11.1216 -12.1059
v -222.5000 -0.1896 249.9173
v -0.0000 11.4196 -11.8941
v -172.5000 -0.1903 248.6050
v -0.0000 11.4588 -12.3333
v -162.1954 -0.2000 222.7758
v -0.0000 11.9176 -12.4353
v -172.4948 -0.2000 213.6072
v -0.0000 12.0863 -12.3451
v -47.5000 -0.2000 157.9686
v 0.0000 13.4784 -13.4549
v 2.5000 -0.1790 278.9888
v 0.0000 11.1882 -13.8706
v 27.5000 -0.1760 287.8867
v 0.0000 10.9765 -14.0863
v 52.5000 -0.1775 285.0768
v 0.0000 11.0588 -14.3098
v 77.5000 -0.1827 271.4958
v 0.0000 11.3137 -14.5373
v 102.5000 -0.1901 251.3585
v 0.0000 11.6941 -14.7608
v -197.1508 -0.1998 163.0611
v -0.0000 13.0588 -12.1333
v 102.5000 -0.1655 318.1039
v -0.0000 10.5059 -14.7451
v 77.5000 -0.1611 330.2274
v -0.0000 10.2706 -14.5176
v 52.5000 -0.1604 331.6537
v -0.0000 10.2314 -14.2980
v 27.5000 -0.1579 337.3589
v -0.0000 10.1020 -14.0706
v 2.5000 -0.1595 332.3669
v -0.0000 10.2392 -13.8510
v -22.5000 -0.1629 323.0959
v -0.0000 10.4039 -13.6353
v -47.5000 -0.1720 298.8488
v -0.0000 10.8275 -13.4196
v -72.5000 -0.1850 264.6177
v -0.0000 11.4196 -13.2118
v -97.5078 -0.3771 167.4424
v -0.0000 13.1843 -13.0157
v -97.5362 -0.4273 -40.2710
v -0.0000 17.3176 -13.0314
v -70.2825 -0.2955 -55.9528
v -0.0000 17.7451 -13.2706
v -86.7590 -0.2000 223.9762
v -0.0000 12.0941 -13.1020
v -222.5000 -0.0000 862.5461
v 0.0000 0.0000 -11.6588
v 591.3128 -0.0000 769.0000
v 0.0000 2.4157 -19.0745
v -71.3311 -0.1996 76.2302
v 0.0000 15.0980 -13.2549
v -70.8489 -0.5849 15.4461
v 0.0000 16.3176 -13.2745
v 102.5000 -0.2000 79.2240
v -0.0000 15.0941 -14.7843
v 133.7500 -0.2000 5.2823
v -0.0000 16.5412 -15.0706
v 432.5315 -0.2000 3.1553
v -0.0000 16.3647 -17.6863
v 591.3128 -1.0000 1.0284
v 0.0000 16.1922 -19.0745
v -147.7760 -0.1992 -88.2272
v -0.0000 18.0667 -12.5725
v -172.3140 -0.1992 -88.2272
v -0.0000 18.0157 -12.3569
v -147.5000 -0.0000 -126.6392
v 0.0000 20.0784 -12.5098
v -172.5000 -0.0000 -129.3892
v 0.0000 20.0784 -12.2863
v 591.3128 -1.0000 74.0677
v 0.0000 14.7608 -19.0745
v 591.3128 -1.0000 220.1466
v 0.0000 11.9020 -19.0745
v 432.5315 -0.2000 76.0013
v -0.0000 14.9216 -17.6824
v 432.5315 -0.2000 221.6935
v -0.0000 12.0353 -17.6745
v 133.7500 -0.2000 77.9349
v -0.0000 15.0863 -15.0588
v 133.7500 -0.2000 223.2403
v -0.0000 12.1686 -15.0431
v 102.5000 -0.2000 79.2240
v -0.0000 15.0941 -14.7843
v -72.5000 -0.0000 862.5461
v 0.0000 0.0000 -13.0275
v -147.6380 -0.1996 67.6784
v -0.0000 14.9961 -12.5804
v -122.2896 -0.6668 71.0691
v -0.0000 15.0118 -12.8078
v -47.5000 -0.2000 222.2091
v 0.0000 12.1882 -13.4471
v 2.5000 -0.1790 278.9888
v 0.0000 11.1882 -13.8706
v 432.5315 -0.2000 -69.6908
v -0.0000 17.8078 -17.6824
v 591.3128 -1.0000 -72.0111
v 0.0000 17.6196 -19.0745
v 432.5315 -0.2000 -69.6908
v -0.0000 17.8078 -17.6824
v 133.7500 -0.2000 -67.3705
v -0.0000 18.0000 -15.0627
v 133.7500 -0.0000 -108.4473
v 0.0000 20.0784 -15.0196
v -72.5000 -0.0000 -109.6477
v 0.0000 20.0784 -13.1882
v -122.1843 -0.6666 -10.1917
v -0.0000 16.6196 -12.8157
v -147.6380 -0.1996 67.6784
v -0.0000 14.9961 -12.5804
v -162.1954 -0.2000 222.7758
v -0.0000 11.9176 -12.4353
v -197.5000 -0.1834 267.0709
v -0.0000 11.1216 -12.1059
v -97.5000 -0.0000 862.5461
v 0.0000 0.0000 -12.8000
v -172.5000 -0.1903 248.6050
v -0.0000 11.4588 -12.3333
v -197.5000 -0.1834 267.0709
v -0.0000 11.1216 -12.1059
v -197.5000 -0.2000 221.5216
v 0.0000 11.9098 -12.1255
v -222.5000 -0.2000 221.5216
v 0.0000 11.9098 -11.9059
v -197.3835 -0.1999 202.0164
v -0.0000 12.2941 -12.1294
v -172.4948 -0.2000 213.6072
v -0.0000 12.0863 -12.3451
v -196.5964 -0.1996 70.2736
v -0.0000 14.8784 -12.1490
v -172.4070 -0.1996 66.9909
v -0.0000 14.9647 -12.3647
v -147.7070 -0.6666 -14.9340
v -512.0000 16.6235 -12.5882
v -147.7760 -0.1992 -88.2272
v -0.0000 18.0667 -12.5725
v -122.0791 -0.1992 -82.1333
v -0.0000 18.0431 -12.8039
v -122.5000 -0.0000 -121.4883
v 0.0000 20.0784 -12.7373
v -97.5000 -0.0000 -115.8245
v 0.0000 20.0784 -12.9608
v 27.5000 -0.1760 287.8867
v 0.0000 10.9765 -14.0863
v 133.7500 -0.2000 223.2403
v -0.0000 12.1686 -15.0431
v -22.5000 -0.1629 323.0959
v -0.0000 10.4039 -13.6353
v -47.5000 -0.1720 298.8488
v -0.0000 10.8275 -13.4196
v -72.5000 -0.1850 264.6177
v -0.0000 11.4196 -13.2118
v -97.5000 -0.2000 224.2716
v -0.0000 12.0510 -13.0078
v -122.5000 -0.2000 224.2716
v -0.0000 11.9765 -12.7882
v -147.5000 -0.2000 223.5841
v -0.0000 11.9255 -12.5647
v -162.1954 -0.2000 222.7758
v -0.0000 11.9176 -12.4353
v -147.6380 -0.1996 67.6784
v -0.0000 14.9961 -12.5804
v -47.5000 -0.0000 -108.6219
v 0.0000 20.0784 -13.4118
v 27.5000 -0.0000 -112.3977
v 0.0000 20.0784 -14.0784
v 77.5000 -0.2000 -65.8236
v -0.0000 17.9725 -14.5686
v 77.5000 -0.2000 6.7002
v -0.0000 16.5176 -14.5765
v 102.5000 -0.2000 -65.8236
v -0.0000 18.0078 -14.7882
v 102.5000 -0.2000 6.7002
v -0.0000 16.5490 -14.7961
v 133.7500 -0.2000 -67.3705
v -0.0000 18.0000 -15.0627
v -162.1954 -0.2000 222.7758
v -0.0000 11.9176 -12.4353
v -172.5000 -0.0000 862.5461
v 0.0000 0.0000 -12.1176
v -147.5000 -0.0000 862.5461
v 0.0000 0.0000 -12.3451
v -22.5000 -0.2000 -34.7106
v 0.0000 17.3490 -13.6941
v -47.5000 -0.2000 -12.5513
v 0.0000 16.8980 -13.4784
v -71.3311 -0.1996 76.2302
v 0.0000 15.0980 -13.2549
v -71.3311 -0.1996 76.2302
v 0.0000 15.0980 -13.2549
v -22.5000 -0.2000 -34.7106
v 0.0000 17.3490 -13.6941
v -6.3210 -0.2000 -72.8092
v 0.0000 18.1137 -13.8314
v -35.1379 -0.2000 -71.8058
v 0.0000 18.0902 -13.5765
v -47.5000 -0.0000 -108.6219
v 0.0000 20.0784 -13.4118
v -47.5000 -0.2000 222.2091
v 0.0000 12.1882 -13.4471
v -47.5000 -0.2000 157.9686
v 0.0000 13.4784 -13.4549
v -86.7590 -0.2000 223.9762
v -0.0000 12.0941 -13.1020
v -97.5078 -0.3771 167.4424
v -0.0000 13.1843 -13.0157
v -47.5000 -0.2000 157.9686
v 0.0000 13.4784 -13.4549
v 133.7500 -0.2000 223.2403
v -0.0000 12.1686 -15.0431
v 102.5000 -0.1901 251.3585
v 0.0000 11.6941 -14.7608
v 77.5000 -0.1827 271.4958
v 0.0000 11.3137 -14.5373
v 52.5000 -0.1775 285.0768
v 0.0000 11.0588 -14.3098
v 27.5000 -0.1760 287.8867
v 0.0000 10.9765 -14.0863
v -197.1508 -0.1998 163.0611
v -0.0000 13.0588 -12.1333
v -222.4875 -0.2000 211.8575
v -0.0000 12.1020 -11.9059
v -196.5964 -0.1996 70.2736
v -0.0000 14.8784 -12.1490
v -195.6928 -0.1992 -80.9743
v -0.0000 17.8471 -12.1412
v -197.5000 -0.0000 -130.7642
v 0.0000 20.0784 -12.0667
v -22.5000 -0.1629 323.0959
v -0.0000 10.4039 -13.6353
v 2.5000 -0.1595 332.3669
v -0.0000 10.2392 -13.8510
v 27.5000 -0.1579 337.3589
v -0.0000 10.1020 -14.0706
v 52.5000 -0.1604 331.6537
v -0.0000 10.2314 -14.2980
v 77.5000 -0.1611 330.2274
v -0.0000 10.2706 -14.5176
v 102.5000 -0.1655 318.1039
v -0.0000 10.5059 -14.7451
v 133.7500 -0.2000 223.2403
v -0.0000 12.1686 -15.0431
v 102.5000 -0.0000 862.5461
v 0.0000 0.0000 -14.6196
v 133.7500 -0.0000 862.5461
v 0.0000 0.0000 -14.9059
v -72.5000 -0.1850 264.6177
v -0.0000 11.4196 -13.2118
v -47.5000 -0.1720 298.8488
v -0.0000 10.8275 -13.4196
v -22.5000 -0.1848 263.0662
v 0.0000 11.4706 -13.6549
v 2.5000 -0.1790 278.9888
v 0.0000 11.1882 -13.8706
v -70.2825 -0.2955 -55.9528
v -0.0000 17.7451 -13.2706
v -70.1622 -0.1992 -71.1237
v -0.0000 18.0510 -13.2706
v -97.5412 -0.1992 -75.3105
v -0.0000 18.0157 -13.0275
v -72.5000 -0.0000 -109.6477
v 0.0000 20.0784 -13.1882
v -97.5078 -0.3771 167.4424
v -0.0000 13.1843 -13.0157
v -122.2896 -0.6668 71.0691
v -0.0000 15.0118 -12.8078
v -122.1843 -0.6666 -10.1917
v -0.0000 16.6196 -12.8157
v -97.5362 -0.4273 -40.2710
v -0.0000 17.3176 -13.0314
v -97.5412 -0.1992 -75.3105
v -0.0000 18.0157 -13.0275
v 0.0000 0.0000 184.4064
v -0.5000 364.5160 643.1227
v 0.0000 0.0000 1.0000
v 1.0000 1.0000 0.0000
v 0.0000 -20.2521 10.5000
v 7.1616 78.6676 0.0000
v 0.0000 1.0000 1.0000
v 1.0000 0.0000 0.0000
v 0.0000 91.0000 10.0403
v 74.5000 0.0000 0.1059
v -7.9490 93.0000 10.0403
v 67.5000 0.0000 0.1059
v -7.6549 78.0830 10.0391
v 64.9482 0.0000 3.8706
v -7.5333 77.1569 10.0391
v 67.1094 0.0000 3.8706
v -7.6824 68.2500 10.0403
v 121.0000 0.0000 0.1059
v -0.8196 72.7500 10.0403
v 115.0000 0.0000 0.1059
v -0.5137 60.4878 10.0391
v 104.4685 0.0000 3.8706
v -1.2235 58.6357 10.0391
v 106.6297 0.0000 3.8706
v -1.4039 30.2500 10.0403
v 108.2500 0.0000 0.1059
v -2.7137 34.7500 10.0403
v 116.7500 0.0000 0.1059
v -2.3255 45.3621 10.0391
v 105.3947 0.0000 3.8706
v -2.5961 43.8187 10.0391
v 101.6897 0.0000 3.8706
v -2.8706 41.7500 10.0403
v 122.2500 0.0000 0.1059
v -1.9647 51.2500 10.0403
v 124.7500 0.0000 0.1059
v -1.5647 51.5359 10.0391
v 107.8647 0.0000 3.8706
v -2.0471 47.8316 10.0391
v 106.9385 0.0000 3.8706
v -2.3294 25.0000 10.0403
v 46.2500 0.0000 0.1059
v -7.5765 33.0000 10.0403
v 44.7500 0.0000 0.1059
v -7.2510 24.4314 10.0391
v 30.5185 0.0000 3.8706
v -6.5490 16.2124 10.0391
v 33.3778 0.0000 3.8706
v -6.9137 40.2500 10.0403
v 75.7500 0.0000 0.1059
v -4.1922 32.7500 10.0403
v 85.2500 0.0000 0.1059
v -3.6980 47.2142 10.0391
v 90.5746 0.0000 3.8706
v -3.8235 50.6098 10.0391
v 84.0908 0.0000 3.8706
v -4.3608 12.0000 10.0403
v 128.5000 0.0000 0.1059
v -2.4471 16.0000 10.0403
v 121.5000 0.0000 0.1059
v -2.0745 -1.4304 10.0391
v 108.7167 0.0000 3.8706
v -2.8667 -3.3993 10.0391
v 109.5372 0.0000 3.8706
v -3.1451 8.2500 10.0403
v 57.5000 0.0000 0.1059
v -8.3804 16.7500 10.0403
v 50.5000 0.0000 0.1059
v -7.9412 9.0656 10.0391
v 39.0965 0.0000 3.8706
v -7.4275 -2.0815 10.0391
v 48.5677 0.0000 3.8706
v -8.1098 62.2500 10.0403
v 53.0000 0.0000 0.1059
v -5.8667 54.7500 10.0403
v 51.0000 0.0000 0.1059
v -5.5490 62.0312 10.0391
v 66.1832 0.0000 3.8706
v -5.9569 65.7355 10.0391
v 65.5657 0.0000 3.8706
v -6.2431 43.2500 10.0403
v 59.0000 0.0000 0.1059
v -4.8980 43.7500 10.0403
v 67.0000 0.0000 0.1059
v -4.5725 53.6967 10.0391
v 76.6808 0.0000 3.8706
v -4.8353 55.5488 10.0391
v 70.8145 0.0000 3.8706
v -5.2667 49.0000 10.0403
v 51.2500 0.0000 0.1059
v -5.3176 45.0000 10.0403
v 53.7500 0.0000 0.1059
v -5.1255 57.0922 10.0391
v 68.0357 0.0000 3.8706
v -5.5529 59.5617 10.0391
v 67.1094 0.0000 3.8706
v -5.7333 74.2500 10.0403
v 107.5000 0.0000 0.1059
v -0.2039 72.7500 10.0403
v 98.5000 0.0000 0.1059
v 0.1608 60.4878 10.0391
v 94.5884 0.0000 3.8706
v -0.4745 60.4878 10.0391
v 100.4547 0.0000 3.8706
v -0.9216 91.5000 10.0403
v 59.5000 0.0000 0.1059
v -7.3255 86.5000 10.0403
v 50.5000 0.0000 0.1059
v -6.9059 77.4656 10.0391
v 62.1694 0.0000 3.8706
v -7.1412 78.3916 10.0391
v 63.4044 0.0000 3.8706
v -7.3686 81.0000 10.0403
v 82.5000 0.0000 0.1059
v -8.4824 87.0000 10.0403
v 79.5000 0.0000 0.1059
v -8.2118 74.9961 10.0391
v 69.2707 0.0000 3.8706
v -7.9176 70.3658 10.0391
v 71.1232 0.0000 3.8706
v -8.2706 58.5000 10.0403
v 125.5000 0.0000 0.1059
v -1.2667 63.5000 10.0403
v 124.5000 0.0000 0.1059
v -1.0588 57.0922 10.0391
v 107.5560 0.0000 3.8706
v -1.5882 54.6227 10.0391
v 108.1735 0.0000 3.8706
v -1.8078 28.7500 10.0403
v 93.5000 0.0000 0.1059
v -3.3255 28.2500 10.0403
v 100.5000 0.0000 0.1059
v -3.0392 43.5100 10.0391
v 98.9109 0.0000 3.8706
v -3.1412 44.7448 10.0391
v 94.5884 0.0000 3.8706
v -3.4275 73.5000 10.0403
v 91.5000 0.0000 0.1059
v 0.4471 76.5000 10.0403
v 86.5000 0.0000 0.1059
v -8.7294 65.1181 10.0391
v 76.9895 0.0000 3.8706
v 0.6863 60.7965 10.0391
v 86.2521 0.0000 3.8706
v 0.0510 52.2500 10.0403
v -5.5000 0.0000 0.1059
v -4.9765 42.7500 10.0403
v -16.5000 0.0000 0.1059
v -4.4000 34.0797 10.0391
v 0.1378 0.0000 3.8706
v -4.3373 36.9384 10.0391
v 3.3546 0.0000 3.8706
v -4.6471 -16.0000 10.0403
v 38.2500 0.0000 0.1059
v -0.6353 -34.0000 10.0403
v 40.7500 0.0000 0.1059
v 0.0824 -22.2218 10.0391
v 55.9723 0.0000 3.8706
v 0.1451 -9.8347 10.0391
v 52.6732 0.0000 3.8706
v -0.5333 4.2500 10.0403
v -2.5000 0.0000 0.1059
v -2.6118 2.7500 10.0403
v 14.5000 0.0000 0.1059
v -1.9373 15.4978 10.0391
v 22.2978 0.0000 3.8706
v -2.4863 18.3565 10.0391
v 9.0733 0.0000 3.8706
v -3.1725 79.5000 10.0403
v 48.0000 0.0000 0.1059
v -6.6039 70.5000 10.0403
v 52.0000 0.0000 0.1059
v -6.2039 70.6745 10.0391
v 64.0219 0.0000 3.8706
v -6.5569 75.3048 10.0391
v 62.1694 0.0000 3.8706
v -6.9098 15.2500 10.0403
v 94.5000 0.0000 0.1059
v -0.7922 7.7500 10.0403
v 83.5000 0.0000 0.1059
v -0.1804 -12.5870 10.0391
v 88.6963 0.0000 3.8706
v -0.8902 -6.3524 10.0391
v 97.3937 0.0000 3.8706
v -1.6196 18.2500 10.0403
v 113.5000 0.0000 0.1059
v -1.6941 18.7500 10.0403
v 104.5000 0.0000 0.1059
v -1.2784 -0.4460 10.0391
v 104.4500 0.0000 3.8706
v -2.1686 0.2102 10.0391
v 107.2398 0.0000 3.8706
v -2.5569 -56.2500 10.0403
v 80.0000 0.0000 0.1059
v -7.2431 -54.7500 10.0403
v 96.0000 0.0000 0.1059
v -6.5059 -29.9087 10.0391
v 91.5715 0.0000 3.8706
v -6.6000 -27.6812 10.0391
v 80.6554 0.0000 3.8706
v -7.3176 -28.2500 10.0403
v 131.7500 0.0000 0.1059
v -4.4039 -14.7500 10.0403
v 135.2500 0.0000 0.1059
v -3.7647 -14.0636 10.0391
v 109.5372 0.0000 3.8706
v -4.1216 -19.4778 10.0391
v 107.2398 0.0000 3.8706
v -4.6471 -3.5000 10.0403
v 135.7500 0.0000 0.1059
v -3.2471 5.5000 10.0403
v 133.2500 0.0000 0.1059
v -2.8157 -6.3524 10.0391
v 110.0295 0.0000 3.8706
v -3.4118 -10.1260 10.0391
v 110.0295 0.0000 3.8706
v -3.7137 -49.2500 10.0403
v 110.5000 0.0000 0.1059
v -5.7922 -39.7500 10.0403
v 123.5000 0.0000 0.1059
v -5.0549 -24.2357 10.0391
v 104.2859 0.0000 3.8706
v -5.2235 -28.3374 10.0391
v 99.1988 0.0000 3.8706
v -5.9216 -46.5000 10.0403
v 49.5000 0.0000 0.1059
v 0.6863 -53.5000 10.0403
v 64.5000 0.0000 0.1059
v -7.9686 -28.6655 10.0391
v 71.9580 0.0000 3.8706
v -8.0196 -27.4994 10.0391
v 63.2201 0.0000 3.8706
v -8.7294 4.0000 10.0403
v 73.7500 0.0000 0.1059
v 0.2941 4.0000 10.0403
v 65.2500 0.0000 0.1059
v -8.7294 -12.5870 10.0391
v 60.4709 0.0000 3.8706
v 0.6863 -15.2120 10.0391
v 74.7477 0.0000 3.8706
v -0.1451 40.2500 10.0403
v 38.7500 0.0000 0.1059
v -6.8784 46.7500 10.0403
v 28.2500 0.0000 0.1059
v -6.3922 33.0076 10.0391
v 21.5830 0.0000 3.8706
v -5.7922 29.4342 10.0391
v 27.3017 0.0000 3.8706
v -6.1922 51.7500 10.0403
v 17.2500 0.0000 0.1059
v -5.9137 55.2500 10.0403
v 5.7500 0.0000 0.1059
v -5.4353 38.3678 10.0391
v 8.0010 0.0000 3.8706
v -4.9608 36.5811 10.0391
v 14.4346 0.0000 3.8706
v -5.3843 -0.2500 10.0403
v 26.5000 0.0000 0.1059
v -1.4471 -4.7500 10.0403
v 33.5000 0.0000 0.1059
v -1.1176 1.5671 10.0391
v 45.8307 0.0000 3.8706
v -1.1647 10.8523 10.0391
v 35.1649 0.0000 3.8706
v -1.8314 29.7500 10.0403
v -19.2500 0.0000 0.1059
v -3.8745 13.2500 10.0403
v -13.7500 0.0000 0.1059
v -3.1843 22.2873 10.0391
v 2.2823 0.0000 3.8706
v -3.6549 28.0048 10.0391
v -0.2196 0.0000 3.8706
v -4.0431 -44.9082 10.0391
v 80.6554 -0.0000 2.0392
v -7.1961 -43.4315 10.0391
v 94.1117 -0.0000 2.0392
v -6.4667 -39.6580 10.0391
v 105.7629 -0.0000 2.0392
v -5.7686 -32.9313 10.0391
v 115.1166 -0.0000 2.0392
v -5.0471 -24.7279 10.0391
v 123.4858 -0.0000 2.0392
v -4.4235 -14.7800 10.0403
v 127.9749 -0.0000 2.0392
v -3.8353 -5.9527 10.0403
v 128.7791 -0.0000 2.0392
v -3.3647 0.9759 10.0403
v 127.3108 -0.0000 2.0392
v -2.9882 6.1034 10.0403
v 123.9423 -0.0000 2.0392
v -2.6627 11.2028 10.0391
v 111.0141 -0.0000 2.0392
v -1.9804 9.4296 10.0403
v 118.6735 -0.0000 2.0392
v -2.3333 8.9058 10.0391
v 103.6295 -0.0000 2.0392
v -1.5765 5.4603 10.0391
v 95.4245 -0.0000 2.0392
v -1.0627 -2.0867 10.0391
v 85.2502 -0.0000 2.0392
v -0.4000 -4.3837 10.0391
v 74.2554 -0.0000 2.0392
v -7.1882 29.6488 10.0403
v 39.2827 -0.0000 2.0392
v -6.8431 36.0355 10.0403
v 33.9612 -0.0000 2.0392
v -6.4745 41.2735 10.0403
v 25.1737 -0.0000 2.0392
v -6.0196 45.2081 10.0403
v 15.8066 -0.0000 2.0392
v -5.5686 47.8394 10.0403
v 5.8601 -0.0000 2.0392
v -5.1098 45.5664 10.0403
v -2.8567 -0.0000 2.0392
v -4.7137 38.5697 10.0403
v -10.5985 -0.0000 1.9608
v -4.2471 28.6688 10.0403
v -9.6949 -0.0000 3.7059
v -3.8863 17.8440 10.0403
v -6.1225 -0.0000 2.8392
v -3.4196 11.2307 10.0403
v 3.4035 -0.0000 2.3255
v -2.7882 8.1270 10.0403
v 17.7765 -0.0000 1.9294
v -0.5255 -29.1510 10.0403
v 46.8059 -0.0000 2.0392
v 0.1843 -37.1970 10.0391
v 56.5325 -0.0000 2.0392
v -8.6510 -41.6268 10.0391
v 67.5272 -0.0000 2.0392
v -6.9176 85.9317 10.0403
v 61.9264 -0.0000 2.0392
v -7.2667 86.8877 10.0403
v 67.1634 -0.0000 2.0392
v -7.5333 85.3511 10.0403
v 71.6533 -0.0000 2.0392
v 0.7647 68.7462 10.0403
v 89.6191 -0.0000 2.0392
v 0.0000 68.3371 10.0403
v 105.0016 -0.0000 2.0392
v -0.4000 67.2572 10.0403
v 111.0402 -0.0000 2.0392
v -0.7098 64.2653 10.0403
v 115.1945 -0.0000 2.0392
v -0.9647 60.6946 10.0403
v 117.6865 -0.0000 2.0392
v -1.1843 56.5451 10.0403
v 118.5165 -0.0000 2.0392
v -1.3961 51.1060 10.0403
v 117.8735 -0.0000 2.0392
v -1.6706 44.3774 10.0403
v 115.7574 -0.0000 2.0392
v -2.0275 39.3731 10.0403
v 111.6469 -0.0000 2.0392
v -2.3490 36.0931 10.0403
v 105.5416 -0.0000 2.0392
v -2.6980 34.6396 10.0403
v 99.6460 -0.0000 2.0392
v -3.0039 35.0128 10.0403
v 93.9601 -0.0000 2.0392
v -4.6000 48.2831 10.0403
v 64.2134 -0.0000 2.0392
v -4.9647 50.0653 10.0403
v 59.6086 -0.0000 2.0392
v -5.2118 53.2610 10.0403
v 57.6576 -0.0000 2.0392
v -5.4000 57.8266 10.0403
v 57.2646 -0.0000 2.0392
v -5.9333 70.2369 10.0403
v 57.4966 -0.0000 2.0392
v -8.6510 65.1181 10.0391
v 76.9895 0.0000 3.8706
v -8.6510 -37.1970 10.0391
v 56.5325 -0.0000 2.0392
v 0.7647 -37.1970 10.0391
v 56.5325 -0.0000 2.0392
v 0.7647 -27.4994 10.0391
v 63.2201 0.0000 3.8706
v 0.6863 -29.1510 10.0403
v 46.8059 -0.0000 2.0392
v -1.5647 8.1270 10.0403
v 17.7765 -0.0000 1.9294
v -2.1333 11.2307 10.0403
v 3.4035 -0.0000 2.3255
v -2.7882 17.8440 10.0403
v -6.1225 -0.0000 2.8392
v -3.4196 28.6688 10.0403
v -9.6949 -0.0000 3.7059
v -3.8863 38.5697 10.0403
v -10.5985 -0.0000 1.9608
v -4.2471 45.5664 10.0403
v -2.8567 -0.0000 2.0392
v -4.7137 47.8394 10.0403
v 5.8601 -0.0000 2.0392
v -5.1098 45.2081 10.0403
v 15.8066 -0.0000 2.0392
v -5.5686 41.2735 10.0403
v 25.1737 -0.0000 2.0392
v -6.0196 36.0355 10.0403
v 33.9612 -0.0000 2.0392
v -6.4745 29.6488 10.0403
v 39.2827 -0.0000 2.0392
v -8.6510 -12.5870 10.0391
v 60.4709 0.0000 3.8706
v -8.7294 -37.1970 10.0391
v 56.5325 -0.0000 2.0392
v -8.6510 -46.5000 10.0403
v 49.5000 0.0000 0.1059
v -8.7294 -41.6268 10.0391
v 67.5272 -0.0000 2.0392
v -7.9098 -44.9082 10.0391
v 80.6554 -0.0000 2.0392
v -7.1961 -43.4315 10.0391
v 94.1117 -0.0000 2.0392
v -6.4667 -39.6580 10.0391
v 105.7629 -0.0000 2.0392
v -5.7686 -32.9313 10.0391
v 115.1166 -0.0000 2.0392
v -5.0471 -24.7279 10.0391
v 123.4858 -0.0000 2.0392
v -4.4235 -14.7800 10.0403
v 127.9749 -0.0000 2.0392
v -3.8353 -5.9527 10.0403
v 128.7791 -0.0000 2.0392
v -3.3647 0.9759 10.0403
v 127.3108 -0.0000 2.0392
v -2.9882 6.1034 10.0403
v 123.9423 -0.0000 2.0392
v -2.6627 9.4296 10.0403
v 118.6735 -0.0000 2.0392
v -2.3333 11.2028 10.0391
v 111.0141 -0.0000 2.0392
v -1.9804 8.9058 10.0391
v 103.6295 -0.0000 2.0392
v -1.5765 5.4603 10.0391
v 95.4245 -0.0000 2.0392
v -1.0627 -2.0867 10.0391
v 85.2502 -0.0000 2.0392
v -0.4000 -4.3837 10.0391
v 74.2554 -0.0000 2.0392
v 0.7647 4.0000 10.0403
v 65.2500 0.0000 0.1059
v -8.0196 85.3511 10.0403
v 71.6533 -0.0000 2.0392
v -7.7725 86.8877 10.0403
v 67.1634 -0.0000 2.0392
v -7.5333 85.9317 10.0403
v 61.9264 -0.0000 2.0392
v -6.6471 70.2369 10.0403
v 57.4966 -0.0000 2.0392
v -5.9333 57.8266 10.0403
v 57.2646 -0.0000 2.0392
v -5.6314 53.2610 10.0403
v 57.6576 -0.0000 2.0392
v -5.4000 50.0653 10.0403
v 59.6086 -0.0000 2.0392
v -5.2118 48.2831 10.0403
v 64.2134 -0.0000 2.0392
v -3.6706 35.0128 10.0403
v 93.9601 -0.0000 2.0392
v -3.2902 34.6396 10.0403
v 99.6460 -0.0000 2.0392
v -3.0039 36.0931 10.0403
v 105.5416 -0.0000 2.0392
v -2.6980 39.3731 10.0403
v 111.6469 -0.0000 2.0392
v -2.3490 44.3774 10.0403
v 115.7574 -0.0000 2.0392
v -2.0275 51.1060 10.0403
v 117.8735 -0.0000 2.0392
v -1.6706 56.5451 10.0403
v 118.5165 -0.0000 2.0392
v -1.3961 60.6946 10.0403
v 117.6865 -0.0000 2.0392
v -1.1843 64.2653 10.0403
v 115.1945 -0.0000 2.0392
v -0.9647 67.2572 10.0403
v 111.0402 -0.0000 2.0392
v -0.7098 68.3371 10.0403
v 105.0016 -0.0000 2.0392
v 0.0000 68.7462 10.0403
v 89.6191 -0.0000 2.0392
v 0.7647 76.5000 10.0403
v 86.5000 0.0000 0.1059
v 0.6863 0.0000 0.0000
v 0.0000 0.0000 18.3750
v 10.0397 58.2500 107.5878
v 0.0000 0.0000 1.0000
v 1.0000 1.0000 0.0000
v 0.0000 -2.0000 10.1963
v 73.7500 0.0000 0.1569
v -3.4745 -4.0000 10.1963
v 63.2500 0.0000 0.1569
v -3.7804 -14.1480 10.1963
v 67.1444 0.0000 3.9137
v -3.6549 -12.6227 10.1963
v 77.2730 0.0000 3.9137
v -3.2431 -112.7500 10.1963
v -42.2500 0.0000 0.1569
v -6.8980 -120.2500 10.1963
v -16.7500 0.0000 0.1569
v -7.7059 -94.1193 10.1953
v -10.0643 0.0000 3.9137
v -7.5216 -86.6824 10.1953
v -23.6321 0.0000 3.9137
v -6.7451 -108.5000 10.1963
v 33.0000 0.0000 0.1569
v 0.0745 -105.5000 10.1963
v 47.0000 0.0000 0.1569
v -0.4000 -96.7381 10.1963
v 46.3536 0.0000 3.9137
v -0.5804 -95.8747 10.1963
v 32.1164 0.0000 3.9137
v 0.0000 -68.5000 10.1963
v -84.0000 0.0000 0.1569
v -4.9961 -75.5000 10.1963
v -74.0000 0.0000 0.1569
v -5.3686 -65.3913 10.1963
v -59.7861 0.0000 3.9137
v -4.9765 -59.7335 10.1963
v -65.5511 0.0000 3.9137
v -4.6314 -86.5000 10.1963
v -65.5000 0.0000 0.1569
v -5.7922 -101.5000 10.1963
v -58.5000 0.0000 0.1569
v -6.2941 -81.1744 10.1953
v -39.7794 0.0000 3.9137
v -6.0627 -73.3464 10.1963
v -51.9280 0.0000 3.9137
v -5.4549 -7.5000 10.1963
v 32.7500 0.0000 0.1569
v -4.6980 -18.5000 10.1963
v 28.2500 0.0000 0.1569
v -5.0392 -20.2105 10.1963
v 40.4411 0.0000 3.9137
v -4.8275 -16.7548 10.1963
v 42.3962 0.0000 3.9137
v -4.6667 -77.5000 10.1963
v 34.2500 0.0000 0.1569
v -8.8275 -58.5000 10.1963
v 26.7500 0.0000 0.1569
v -0.0353 -74.2234 10.1963
v 11.5847 0.0000 3.9137
v -0.2000 -88.1236 10.1963
v 23.7989 0.0000 3.9137
v 0.5843 -32.2500 10.1963
v -13.0000 0.0000 0.1569
v -1.5412 -30.7500 10.1963
v -35.0000 0.0000 0.1569
v -2.2118 -54.1400 10.1953
v -40.9230 0.0000 3.9137
v -2.7176 -62.3716 10.1953
v -22.4923 0.0000 3.9137
v -1.8549 -25.0000 10.1963
v -74.7500 0.0000 0.1569
v -3.4510 -31.0000 10.1963
v -84.2500 0.0000 0.1569
v -3.7922 -47.5573 10.1953
v -66.3748 0.0000 3.9137
v -3.9922 -45.8479 10.1953
v -63.7153 0.0000 3.9137
v -3.7882 -77.9919 10.1963
v 76.1400 0.0000 0.1569
v -7.0627 -87.9757 10.1963
v 70.4201 0.0000 0.1569
v -7.4431 -93.8107 10.1963
v 73.7440 0.0000 3.9137
v -6.7098 -90.1982 10.1953
v 82.6397 0.0000 3.9137
v -6.2431 -106.0000 10.1963
v 80.5000 0.0000 0.1569
v -1.5216 -110.0000 10.1963
v 101.5000 0.0000 0.1569
v -2.2314 -95.1587 10.1953
v 100.3593 0.0000 3.9137
v -2.7882 -97.8355 10.1963
v 80.9190 0.0000 3.9137
v -1.9843 -101.0000 10.1963
v 144.5000 0.0000 0.1569
v -3.7490 -89.0000 10.1963
v 149.5000 0.0000 0.1569
v -4.1804 -89.3507 10.1953
v 122.3680 0.0000 3.9137
v -4.1020 -92.1326 10.1953
v 120.8329 0.0000 3.9137
v -3.8941 -77.7500 10.1963
v 144.0000 0.0000 0.1569
v -4.6000 -67.2500 10.1963
v 128.0000 0.0000 0.1569
v -5.2353 -85.3218 10.1953
v 116.8991 0.0000 3.9137
v -4.6784 -87.0485 10.1953
v 121.9842 0.0000 3.9137
v -4.3255 -110.7500 10.1963
v 119.5000 0.0000 0.1569
v -2.8314 -108.2500 10.1963
v 134.5000 0.0000 0.1569
v -3.3373 -93.5714 10.1953
v 116.8991 0.0000 3.9137
v -3.6667 -94.5918 10.1953
v 112.5504 0.0000 3.9137
v -3.3490 -41.7500 10.1963
v -89.0000 0.0000 0.1569
v -4.1490 -57.2500 10.1963
v -89.0000 0.0000 0.1569
v -4.6235 -54.5846 10.1953
v -66.9448 0.0000 3.9137
v -4.3686 -50.4061 10.1953
v -67.1347 0.0000 3.9137
v -4.1608 9.0000 10.1963
v 145.7500 0.0000 0.1569
v -1.0157 19.0000 10.1963
v 135.2500 0.0000 0.1569
v -1.4314 0.3019 10.1953
v 127.2392 0.0000 3.9137
v -0.8157 -2.1012 10.1953
v 130.2229 0.0000 3.9137
v -0.5059 3.5000 10.1963
v 94.0000 0.0000 0.1569
v -2.8706 0.5000 10.1963
v 84.0000 0.0000 0.1569
v -3.1725 -10.5254 10.1963
v 87.7067 0.0000 3.9137
v -2.8118 -7.8560 10.1963
v 98.4457 0.0000 3.9137
v -2.3647 23.5000 10.1963
v 125.0000 0.0000 0.1569
v -1.7529 22.5000 10.1963
v 115.0000 0.0000 0.1569
v -2.0431 2.1249 10.1953
v 117.2933 0.0000 3.9137
v -1.3333 2.5392 10.1953
v 122.4320 0.0000 3.9137
v -1.0784 17.7500 10.1963
v 107.2500 0.0000 0.1569
v -2.3020 9.2500 10.1963
v 101.7500 0.0000 0.1569
v -2.5922 -2.7856 10.1963
v 106.5119 0.0000 3.9137
v -1.9804 0.8820 10.1953
v 112.3204 0.0000 3.9137
v -1.6078 -15.5000 10.1963
v 153.2500 0.0000 0.1569
v -0.2667 -2.5000 10.1963
v 151.7500 0.0000 0.1569
v -0.6431 -6.0787 10.1953
v 132.1292 0.0000 3.9137
v -0.2588 -9.7249 10.1953
v 132.1292 0.0000 3.9137
v -0.0314 -25.2500 10.1963
v 91.7500 0.0000 0.1569
v -7.5059 -25.7500 10.1963
v 109.2500 0.0000 0.1569
v -8.0078 -12.7421 10.1963
v 106.4518 0.0000 3.9137
v -7.8941 -14.1118 10.1963
v 87.7088 0.0000 3.9137
v -7.1333 -34.0000 10.1963
v 145.0000 0.0000 0.1569
v 0.3255 -26.0000 10.1963
v 151.0000 0.0000 0.1569
v 0.0353 -12.2936 10.1953
v 131.3833 0.0000 3.9137
v 0.1608 -14.1995 10.1953
v 129.4770 0.0000 3.9137
v 0.3529 -29.0000 10.1963
v 124.0000 0.0000 0.1569
v -8.4431 -35.0000 10.1963
v 136.0000 0.0000 0.1569
v 0.5843 -14.9453 10.1953
v 125.7473 0.0000 3.9137
v 0.5843 -14.3863 10.1963
v 119.9669 0.0000 3.9137
v -8.4431 -45.0000 10.1963
v 48.2500 0.0000 0.1569
v -6.0588 -45.0000 10.1963
v 60.7500 0.0000 0.1569
v -6.4196 -30.0053 10.1963
v 57.6211 0.0000 3.9137
v -5.7412 -31.2078 10.1963
v 52.2208 0.0000 3.9137
v -5.5176 -40.0000 10.1963
v 71.0000 0.0000 0.1569
v -6.7451 -30.0000 10.1963
v 79.0000 0.0000 0.1569
v -7.1137 -18.4485 10.1963
v 73.8333 0.0000 3.9137
v -6.5451 -25.7522 10.1963
v 64.8252 0.0000 3.9137
v -6.0784 -104.0000 10.1963
v 58.0000 0.0000 0.1569
v -0.7686 -104.0000 10.1963
v 66.0000 0.0000 0.1569
v -1.0353 -97.3747 10.1963
v 66.6410 0.0000 3.9137
v -1.4039 -97.2381 10.1963
v 57.8618 0.0000 3.9137
v -1.0471 -120.5000 10.1963
v 3.5000 0.0000 0.1569
v -8.3216 -113.5000 10.1963
v 18.5000 0.0000 0.1569
v 0.5843 -97.6108 10.1963
v 17.7881 0.0000 3.9137
v -8.8275 -98.7471 10.1953
v 3.5649 0.0000 3.9137
v -8.1843 -64.7500 10.1963
v 109.7500 0.0000 0.1569
v -5.8471 -70.2500 10.1963
v 89.2500 0.0000 0.1569
v -6.5529 -86.3717 10.1953
v 95.2561 0.0000 3.9137
v -5.7333 -84.8422 10.1953
v 107.0166 0.0000 3.9137
v -5.1255 -45.0000 10.1963
v 16.7500 0.0000 0.1569
v -0.5451 -37.0000 10.1963
v 4.2500 0.0000 0.1569
v -0.9961 -64.8407 10.1953
v -9.7644 0.0000 3.9137
v -1.2314 -67.5093 10.1953
v 0.2219 0.0000 3.9137
v -0.8039 -28.0000 10.1963
v -52.0000 0.0000 0.1569
v -2.7373 -24.0000 10.1963
v -64.0000 0.0000 0.1569
v -3.1216 -46.6077 10.1953
v -59.5360 0.0000 3.9137
v -3.5765 -48.6968 10.1953
v -53.4570 0.0000 3.9137
v -3.2863 -91.4757 10.1963
v 60.1701 0.0000 0.1569
v -7.8039 -88.4919 10.1963
v 45.3900 0.0000 0.1569
v -8.3059 -95.7568 10.1963
v 39.8489 0.0000 3.9137
v -8.1059 -97.1230 10.1963
v 59.7345 0.0000 3.9137
v -7.2941 -29.2500 10.1963
v 30.0000 0.0000 0.1569
v -5.3490 -39.7500 10.1963
v 38.0000 0.0000 0.1569
v -5.7294 -29.3414 10.1963
v 47.0063 0.0000 3.9137
v -5.2941 -24.4060 10.1963
v 41.9778 0.0000 3.9137
v -5.0078 -4.2500 10.1963
v 52.2500 0.0000 0.1569
v -4.0980 -2.7500 10.1963
v 40.7500 0.0000 0.1569
v -4.4314 -14.9979 10.1963
v 48.0504 0.0000 3.9137
v -4.4275 -14.9397 10.1963
v 57.4035 0.0000 3.9137
v -4.0510 -21.6931 10.1963
v 121.9834 -0.0000 2.0275
v -8.4431 -27.0221 10.1963
v 132.1270 -0.0000 2.0275
v 0.5843 -26.7644 10.1963
v 139.4609 -0.0000 2.0275
v 0.3373 -20.9198 10.1963
v 143.9851 -0.0000 2.0275
v 0.0902 -13.3444 10.1963
v 145.8292 -0.0000 2.0275
v -0.1686 -4.0381 10.1963
v 144.9929 -0.0000 2.0275
v -0.4824 4.4398 10.1963
v 140.5660 -0.0000 2.0275
v -0.8039 12.0893 10.1963
v 132.5485 -0.0000 2.0275
v -1.1765 15.7383 10.1963
v 124.4801 -0.0000 2.0275
v -1.4745 15.3866 10.1963
v 116.3608 -0.0000 2.0275
v -1.7490 11.2179 10.1963
v 109.5777 -0.0000 2.0275
v -2.0157 3.2322 10.1963
v 104.1310 -0.0000 2.0275
v -7.3490 -19.2460 10.1963
v 107.8509 -0.0000 2.0275
v -3.3804 -32.8761 10.1963
v 67.9126 -0.0000 2.0275
v -6.4706 -24.2242 10.1963
v 76.4166 -0.0000 2.0275
v -6.8784 -9.0740 10.1963
v 65.1972 -0.0000 2.0275
v -3.7333 -9.5949 10.1963
v 54.8268 -0.0000 2.0275
v -4.0824 -8.8739 10.1963
v 44.4002 -0.0000 2.0275
v -4.4314 -12.1274 10.1963
v 37.5731 -0.0000 2.0275
v -4.6863 -19.3553 10.1963
v 34.3455 -0.0000 2.0275
v -4.9529 -26.8280 10.1963
v 35.9889 -0.0000 2.0275
v -5.2118 -34.5457 10.1963
v 42.5032 -0.0000 2.0275
v -5.5490 -38.1039 10.1963
v 50.2354 -0.0000 2.0275
v -5.8353 -37.5027 10.1963
v 59.1855 -0.0000 2.0275
v -6.1373 -90.2910 10.1953
v -49.2777 -0.0000 2.0275
v -6.1922 -99.4076 10.1953
v -32.9405 -0.0000 2.0275
v -6.8314 -106.8147 10.1953
v -12.9939 -0.0000 2.0275
v -7.6275 -109.0939 10.1953
v 3.7233 -0.0000 2.0275
v -8.2667 -105.5554 10.1963
v 18.1440 -0.0000 2.0275
v -8.8275 -102.1873 10.1963
v 32.5582 -0.0000 2.0275
v -0.4745 -100.6190 10.1963
v 57.9309 0.0000 2.0275
v -1.1961 -101.9177 10.1963
v 80.7095 -0.0000 2.0275
v -1.7255 -104.3102 10.1963
v 101.0980 -0.0000 2.0275
v -2.4824 -104.5816 10.1963
v 116.9634 -0.0000 2.0275
v -3.0627 -102.7320 10.1963
v 128.3057 -0.0000 2.0275
v -3.4863 -97.6112 10.1963
v 135.6840 -0.0000 2.0275
v -3.8157 -89.2193 10.1963
v 139.0981 -0.0000 2.0275
v -4.1490 -81.1559 10.1963
v 135.0412 -0.0000 2.0275
v -4.4784 -75.0524 10.1953
v 123.4933 -0.0000 2.0275
v -4.9882 -73.8954 10.1953
v 108.7068 -0.0000 2.0275
v -5.5294 -78.5233 10.1953
v 92.5060 -0.0000 2.0275
v -6.1922 -85.3364 10.1953
v 80.1626 -0.0000 2.0275
v -7.1176 -94.2994 10.1963
v 59.9523 0.0000 2.0275
v -8.2235 -82.8118 10.1963
v 29.0245 -0.0000 2.0275
v 0.5843 -66.3617 10.1963
v 19.1673 -0.0000 2.0275
v -0.0941 -54.5577 10.1963
v 9.1725 -0.0000 2.0275
v -0.6471 -47.3999 10.1963
v -0.9599 -0.0000 2.0275
v -1.0863 -42.7946 10.1963
v -16.5600 -0.0000 2.0275
v -1.6667 -40.7420 10.1963
v -37.6278 -0.0000 2.0275
v -2.4196 -37.8538 10.1963
v -52.6226 -0.0000 2.0275
v -2.9647 -34.1302 10.1963
v -61.5445 -0.0000 2.0275
v -3.3098 -34.3605 10.1963
v -69.4135 -0.0000 2.0275
v -3.5882 -38.5446 10.1963
v -76.2298 -0.0000 2.0275
v -3.8745 -45.7156 10.1963
v -79.4076 -0.0000 2.0275
v -4.1529 -55.8734 10.1963
v -78.9470 -0.0000 2.0275
v -4.5176 -64.1168 10.1963
v -74.7755 -0.0000 2.0275
v -4.8471 -70.4457 10.1963
v -66.8931 -0.0000 2.0275
v -5.2039 -79.9232 10.1963
v -58.7140 -0.0000 2.0275
v -5.6510 -105.5554 10.1963
v 18.1440 -0.0000 2.0275
v 0.5843 -82.8118 10.1963
v 29.0245 -0.0000 2.0275
v -8.8275 -27.0221 10.1963
v 132.1270 -0.0000 2.0275
v -8.8275 -35.0000 10.1963
v 136.0000 0.0000 0.1569
v -8.8275 -27.0221 10.1963
v 132.1270 -0.0000 2.0275
v 0.5843 -26.7644 10.1963
v 139.4609 -0.0000 2.0275
v 0.3373 -20.9198 10.1963
v 143.9851 -0.0000 2.0275
v 0.0902 -13.3444 10.1963
v 145.8292 -0.0000 2.0275
v -0.1686 -4.0381 10.1963
v 144.9929 -0.0000 2.0275
v -0.4824 4.4398 10.1963
v 140.5660 -0.0000 2.0275
v -0.8039 12.0893 10.1963
v 132.5485 -0.0000 2.0275
v -1.1765 15.7383 10.1963
v 124.4801 -0.0000 2.0275
v -1.4745 15.3866 10.1963
v 116.3608 -0.0000 2.0275
v -1.7490 11.2179 10.1963
v 109.5777 -0.0000 2.0275
v -2.0157 3.2322 10.1963
v 104.1310 -0.0000 2.0275
v -3.3804 -9.0740 10.1963
v 65.1972 -0.0000 2.0275
v -3.7333 -9.5949 10.1963
v 54.8268 -0.0000 2.0275
v -4.0824 -8.8739 10.1963
v 44.4002 -0.0000 2.0275
v -4.4314 -12.1274 10.1963
v 37.5731 -0.0000 2.0275
v -4.6863 -19.3553 10.1963
v 34.3455 -0.0000 2.0275
v -4.9529 -26.8280 10.1963
v 35.9889 -0.0000 2.0275
v -5.2118 -34.5457 10.1963
v 42.5032 -0.0000 2.0275
v -5.5490 -38.1039 10.1963
v 50.2354 -0.0000 2.0275
v -5.8353 -37.5027 10.1963
v 59.1855 -0.0000 2.0275
v -6.1373 -32.8761 10.1963
v 67.9126 -0.0000 2.0275
v -6.4706 -24.2242 10.1963
v 76.4166 -0.0000 2.0275
v -7.3490 -19.2460 10.1963
v 107.8509 -0.0000 2.0275
v -7.9608 -21.6931 10.1963
v 121.9834 -0.0000 2.0275
v -8.4431 -14.9453 10.1953
v 125.7473 0.0000 3.9137
v -8.8275 -27.0221 10.1963
v 132.1270 -0.0000 2.0275
v -8.8275 -82.8118 10.1963
v 29.0245 -0.0000 2.0275
v -8.8275 -88.1236 10.1963
v 23.7989 0.0000 3.9137
v -8.2235 -94.2994 10.1963
v 59.9523 0.0000 2.0275
v -7.1176 -85.3364 10.1953
v 80.1626 -0.0000 2.0275
v -6.7020 -78.5233 10.1953
v 92.5060 -0.0000 2.0275
v -6.1922 -73.8954 10.1953
v 108.7068 -0.0000 2.0275
v -5.5294 -75.0524 10.1953
v 123.4933 -0.0000 2.0275
v -4.9882 -81.1559 10.1963
v 135.0412 -0.0000 2.0275
v -4.4784 -89.2193 10.1963
v 139.0981 -0.0000 2.0275
v -4.1490 -97.6112 10.1963
v 135.6840 -0.0000 2.0275
v -3.8157 -102.7320 10.1963
v 128.3057 -0.0000 2.0275
v -3.4863 -104.5816 10.1963
v 116.9634 -0.0000 2.0275
v -3.0627 -104.3102 10.1963
v 101.0980 -0.0000 2.0275
v -2.4824 -101.9177 10.1963
v 80.7095 -0.0000 2.0275
v -1.1961 -100.6190 10.1963
v 57.9309 0.0000 2.0275
v -0.4745 -102.1873 10.1963
v 32.5582 -0.0000 2.0275
v 0.0392 -105.5554 10.1963
v 18.1440 -0.0000 2.0275
v 0.5843 -97.6108 10.1963
v 17.7881 0.0000 3.9137
v 0.5843 -82.8118 10.1963
v 29.0245 -0.0000 2.0275
v 0.5843 -77.5000 10.1963
v 34.2500 0.0000 0.1569
v 0.5843 -66.3617 10.1963
v 19.1673 -0.0000 2.0275
v -0.0941 -54.5577 10.1963
v 9.1725 -0.0000 2.0275
v -0.6471 -47.3999 10.1963
v -0.9599 -0.0000 2.0275
v -1.0863 -42.7946 10.1963
v -16.5600 -0.0000 2.0275
v -1.6667 -40.7420 10.1963
v -37.6278 -0.0000 2.0275
v -2.4196 -37.8538 10.1963
v -52.6226 -0.0000 2.0275
v -2.9647 -34.1302 10.1963
v -61.5445 -0.0000 2.0275
v -3.3098 -34.3605 10.1963
v -69.4135 -0.0000 2.0275
v -3.5882 -38.5446 10.1963
v -76.2298 -0.0000 2.0275
v -3.8745 -45.7156 10.1963
v -79.4076 -0.0000 2.0275
v -4.1529 -55.8734 10.1963
v -78.9470 -0.0000 2.0275
v -4.5176 -64.1168 10.1963
v -74.7755 -0.0000 2.0275
v -4.8471 -70.4457 10.1963
v -66.8931 -0.0000 2.0275
v -5.2039 -79.9232 10.1963
v -58.7140 -0.0000 2.0275
v -5.6510 -90.2910 10.1953
v -49.2777 -0.0000 2.0275
v -6.1922 -99.4076 10.1953
v -32.9405 -0.0000 2.0275
v -6.8314 -106.8147 10.1953
v -12.9939 -0.0000 2.0275
v -7.6275 -109.0939 10.1953
v 3.7233 -0.0000 2.0275
v -8.2667 -105.5554 10.1963
v 18.1440 -0.0000 2.0275
v -8.8275 -113.5000 10.1963
v 18.5000 0.0000 0.1569
v -8.8275 0.0000 0.0000
v 0.0000 0.0000 -48.5000
v 10.1958 32.1250 140.9087
v 0.0000 0.0000 1.0000
v 1.0000 1.0000 0.0000
v 0.0000 162.5000 -0.0000
v -88.4166 0.0000 20.0784
v -5.7961 137.5000 -0.0000
v -91.1857 0.0000 20.0784
v -5.5725 137.5000 -0.0000
v 1082.5461 0.0000 0.0000
v -5.7373 162.5000 -0.0000
v 1082.5461 0.0000 0.0000
v -5.9686 -37.5000 -0.0000
v -109.3892 0.0000 20.0784
v -4.0078 -62.5000 -0.0000
v -106.6392 0.0000 20.0784
v -3.7843 -62.5000 -0.0000
v 1082.5461 0.0000 0.0000
v -3.9176 -37.5000 -0.0000
v 1082.5461 0.0000 0.0000
v -4.1451 62.5000 -0.0000
v -101.1201 0.0000 20.0784
v -4.8980 37.5000 -0.0000
v -107.1816 0.0000 20.0784
v -4.6706 37.5000 -0.0000
v 1082.5461 0.0000 0.0000
v -4.8275 62.5000 -0.0000
v 1082.5461 0.0000 0.0000
v -5.0549 -143.7500 -0.0000
v -96.4544 0.0000 20.0784
v -3.0588 -602.6848 -1.0000
v -113.5142 0.0000 20.0784
v 1.0000 -602.6848 -0.0000
v 1082.5461 0.0000 0.0000
v 1.0000 -143.7500 -0.0000
v 1082.5461 0.0000 0.0000
v -3.1765 237.5000 -0.0000
v -53.1242 0.0000 20.0784
v -6.5412 237.5000 -0.0000
v 1082.5461 0.0000 0.0000
v -6.6510 -112.5000 -0.0000
v -100.6046 0.0000 20.0784
v -3.3373 -112.5000 -0.0000
v 1082.5461 0.0000 0.0000
v -3.4627 -87.5000 -0.0000
v 1082.5461 0.0000 0.0000
v -3.6902 -87.5000 -0.0000
v -105.2642 0.0000 20.0784
v -3.5608 187.5000 -0.0000
v -83.5416 0.0000 20.0784
v -6.0196 187.5000 -0.0000
v 1082.5461 0.0000 0.0000
v -6.1961 212.5000 -0.0000
v 1082.5461 0.0000 0.0000
v -6.4235 212.5000 -0.0000
v -71.0416 0.0000 20.0784
v -6.2706 -12.5000 -0.0000
v -110.7642 0.0000 20.0784
v -4.2275 -12.5000 -0.0000
v 1082.5461 0.0000 0.0000
v -4.3725 12.5000 -0.0000
v 1082.5461 0.0000 0.0000
v -4.6000 12.5000 -0.0000
v -109.6604 0.0000 20.0784
v -4.4510 87.5000 -0.0000
v -95.3298 0.0000 20.0784
v -5.1255 87.5000 -0.0000
v 1082.5461 0.0000 0.0000
v -5.2824 112.5000 -0.0000
v 1082.5461 0.0000 0.0000
v -5.5098 112.5000 -0.0000
v -89.8107 0.0000 20.0784
v -5.3529 -602.6848 -1.0000
v 239.1466 0.0000 13.0471
v -3.3059 -112.5000 -0.2000
v 243.2716 0.0000 13.1333
v -3.7529 -37.5000 -0.2000
v 241.2091 -0.0000 13.0627
v -3.9765 -12.5000 -0.2000
v 240.5216 -0.0000 13.0588
v -4.1961 12.5000 -0.2000
v 240.5216 -0.0000 13.0706
v -4.4157 37.5000 -0.2000
v 241.2091 -0.0000 13.0902
v -4.6353 62.5000 -0.2000
v 242.5841 -0.0000 13.1373
v -4.8549 87.5000 -0.2000
v 243.2716 -0.0000 13.1961
v -5.0745 112.5000 -0.2000
v 243.2716 -0.0000 13.2627
v -5.2980 137.5000 -0.2000
v 242.5841 -0.0000 13.2549
v -5.5176 162.5000 -0.2000
v 241.2091 -0.0000 13.3137
v -5.7373 187.5000 -0.2000
v 245.6466 -0.0000 13.2980
v -5.9608 212.5000 -0.2000
v 258.8966 -0.0000 13.2275
v -6.2118 237.5000 -0.2000
v 284.9591 -0.0000 13.0000
v -6.5294 -602.6848 -1.0000
v -52.5112 0.0000 17.8235
v -2.8745 -112.5000 -0.2000
v -51.1427 0.0000 18.0039
v -3.5176 -63.1063 -0.1992
v -61.2874 -0.0000 18.0784
v -3.7373 -36.2777 -0.1992
v -65.3125 -0.0000 18.0980
v -3.9765 -12.1318 -0.1992
v -67.9959 -0.0000 18.1216
v -4.1882 12.0139 -0.1992
v -72.0211 -0.0000 18.2039
v -4.4039 37.5012 -0.1992
v -74.7045 -0.0000 18.2902
v -4.6275 62.9884 -0.1992
v -73.3628 -0.0000 18.3647
v -6.5216 -602.6848 -1.0000
v 93.3177 0.0000 15.4353
v -3.2980 -87.5000 -0.2000
v 93.6549 0.0000 15.5451
v -3.7490 -36.8889 -0.1996
v 77.0760 -0.0000 15.7608
v -4.6510 62.7442 -0.6668
v 67.5255 -0.0000 16.0353
v -5.0784 137.5000 -0.2000
v 86.5828 0.0000 15.8588
v -6.5647 -602.6848 -1.0000
v 20.4033 0.0000 16.6314
v -3.0118 -112.5000 -0.2000
v 22.4609 0.0000 16.7882
v -3.2863 -62.9547 -0.6666
v 12.1505 -0.0000 16.8667
v -3.5059 -36.5833 -0.6666
v 3.7279 -0.0000 16.9647
v -4.4039 37.5009 -0.1994
v -3.3161 -0.0000 17.1137
v -4.6275 62.8663 -0.1994
v -1.9661 -0.0000 17.1843
v -5.0549 162.5000 -0.2000
v 116.9572 0.0000 15.3882
v -6.5216 -453.2174 -0.0000
v -104.9843 0.0000 20.0784
v -0.3216 -453.2174 -0.2000
v -50.1909 -0.0000 17.9216
v -0.3059 -453.2174 -0.2000
v 22.5302 -0.0000 16.7216
v -0.3059 -453.2174 -0.2000
v 95.2513 -0.0000 15.5216
v -0.3098 -453.2174 -0.2000
v 240.6935 -0.0000 13.1216
v -0.3137 -453.2174 -0.0000
v 1082.5461 0.0000 0.0000
v -0.3569 -602.6848 -0.0000
v 989.0000 0.0000 2.0235
v -6.6510 112.5762 -0.4381
v 42.2260 0.0000 16.6196
v -5.0549 62.9291 -0.1993
v -38.7078 -0.0000 17.7922
v -3.3216 -143.7500 -0.1959
v 257.6295 0.0000 12.9686
v -5.3176 -182.0982 -0.0000
v -97.5114 0.0000 20.0784
v -6.5529 237.5000 -0.2000
v 216.3519 0.0000 14.1725
v -5.7608 187.5000 -0.2000
v 143.1338 0.0000 15.0196
v -5.9922 212.5000 -0.2000
v 188.3773 0.0000 14.4235
v -6.2314 -235.3879 -0.2000
v 241.7823 -0.0000 13.1765
v -3.0471 -87.5000 -0.2000
v 205.8153 0.0000 13.6941
v -3.5294 -143.7500 -0.1758
v 332.6534 -0.0000 11.8510
v -3.0549 -112.5000 -0.1785
v 323.5515 -0.0000 11.9373
v -3.3294 -87.5000 -0.1821
v 309.8989 -0.0000 12.0902
v -3.5490 -62.5000 -0.1878
v 288.0545 -0.0000 12.4000
v -3.7647 162.5000 -0.2000
v 212.4366 -0.0000 13.7922
v -5.7451 137.5000 -0.2000
v 170.5683 -0.0000 14.4588
v -5.5333 112.5399 -0.1997
v 135.0714 -0.0000 15.0667
v -5.3137 86.7523 -0.6089
v 94.1094 -0.0000 15.6745
v -5.0902 -263.5958 -0.2000
v 96.4361 -0.0000 15.5725
v -1.9725 -276.8413 -0.2000
v 23.7424 -0.0000 16.7726
v -1.8471 -288.3225 -0.2000
v -48.9546 -0.0000 17.9725
v -1.7529 -288.3280 -0.0000
v -100.4394 0.0000 20.0784
v -3.9176 -62.5000 -0.0000
v 1082.5461 0.0000 0.0000
v -3.7529 -62.5000 -0.1878
v 288.0545 -0.0000 12.4000
v -4.1451 -37.5000 -0.2000
v 241.2091 -0.0000 13.0627
v -3.9176 -62.5000 -0.1878
v 288.0545 -0.0000 12.4000
v -3.7647 -87.5000 -0.0000
v 1082.5461 0.0000 0.0000
v -3.6902 -87.5000 -0.1821
v 309.8989 -0.0000 12.0902
v -3.5412 -143.7500 -0.1959
v 257.6295 0.0000 12.9686
v -6.1961 187.5000 -0.2000
v 245.6466 -0.0000 13.2980
v -5.9686 162.5000 -0.2000
v 241.2091 -0.0000 13.3137
v -6.2196 237.5000 -0.2000
v 216.3519 0.0000 14.1725
v -6.5451 -453.2174 -0.2000
v 240.6935 -0.0000 13.1216
v -0.3137 -602.6848 -0.0000
v 989.0000 0.0000 2.0235
v -5.5137 112.5000 -0.2000
v 243.2716 -0.0000 13.2627
v -5.2980 137.5000 -0.2000
v 242.5841 -0.0000 13.2549
v -5.7373 112.5000 -0.0000
v 1082.5461 0.0000 0.0000
v -5.5098 137.5000 -0.0000
v 1082.5461 0.0000 0.0000
v -5.3020 87.5000 -0.0000
v -95.3298 0.0000 20.0784
v -5.1255 62.9291 -0.1993
v -38.7078 -0.0000 17.7922
v -5.0549 112.5762 -0.4381
v 42.2260 0.0000 16.6196
v -6.2196 187.5000 -0.2000
v 245.6466 -0.0000 13.2980
v -5.9608 212.5000 -0.2000
v 258.8966 -0.0000 13.2275
v -6.4235 187.5000 -0.0000
v 1082.5461 0.0000 0.0000
v -6.1961 212.5000 -0.0000
v 1082.5461 0.0000 0.0000
v -6.4235 137.5000 -0.2000
v 242.5841 -0.0000 13.2549
v -5.5176 137.5000 -0.2000
v 170.5683 -0.0000 14.4588
v -5.5333 162.5000 -0.2000
v 212.4366 -0.0000 13.7922
v -5.9765 212.5000 -0.2000
v 188.3773 0.0000 14.4235
v -6.5647 137.5000 -0.2000
v 86.5828 0.0000 15.8588
v -5.5412 137.5000 -0.2000
v 86.5828 0.0000 15.8588
v -6.2235 237.5000 -0.0000
v -53.1242 0.0000 20.0784
v -6.5412 112.5000 -0.2000
v 243.2716 -0.0000 13.2627
v -5.2980 112.5399 -0.1997
v 135.0714 -0.0000 15.0667
v -5.3137 87.5000 -0.2000
v 243.2716 -0.0000 13.1961
v -5.0745 62.5000 -0.2000
v 242.5841 -0.0000 13.1373
v -4.8549 37.5000 -0.2000
v 241.2091 -0.0000 13.0902
v -4.6353 12.5000 -0.2000
v 240.5216 -0.0000 13.0706
v -4.4157 -12.5000 -0.2000
v 240.5216 -0.0000 13.0588
v -4.1961 -37.5000 -0.2000
v 241.2091 -0.0000 13.0627
v -3.9765 -36.8889 -0.1996
v 77.0760 -0.0000 15.7608
v -3.7490 -87.5000 -0.2000
v 205.8153 0.0000 13.6941
v -5.0549 62.9291 -0.1993
v -38.7078 -0.0000 17.7922
v -4.8510 62.9884 -0.1992
v -73.3628 -0.0000 18.3647
v -4.8510 37.5009 -0.1994
v -3.3161 -0.0000 17.1137
v -4.6275 37.5012 -0.1992
v -74.7045 -0.0000 18.2902
v -4.6275 12.0139 -0.1992
v -72.0211 -0.0000 18.2039
v -4.4039 -12.1318 -0.1992
v -67.9959 -0.0000 18.1216
v -4.1882 -36.2777 -0.1992
v -65.3125 -0.0000 18.0980
v -3.9765 -62.9547 -0.6666
v 12.1505 -0.0000 16.8667
v -3.7294 -63.1063 -0.1992
v -61.2874 -0.0000 18.0784
v -3.0118 -112.5000 -0.2000
v -51.1427 0.0000 18.0039
v -3.2980 -112.5000 -0.0000
v -100.6046 0.0000 20.0784
v -3.3373 -87.5000 -0.0000
v -105.2642 0.0000 20.0784
v -3.5412 -112.5000 -0.2000
v 243.2716 0.0000 13.1333
v -3.3137 -143.7500 -0.1959
v 257.6295 0.0000 12.9686
v -3.3059 -87.5000 -0.2000
v 205.8153 0.0000 13.6941
v -3.5294 -87.5000 -0.2000
v 93.6549 0.0000 15.5451
v -3.7490 -112.5000 -0.2000
v 22.4609 0.0000 16.7882
v -3.5176 -63.1063 -0.1992
v -61.2874 -0.0000 18.0784
v -3.7373 -87.5000 -0.0000
v -105.2642 0.0000 20.0784
v -3.5608 -453.2174 -0.0000
v -104.9843 0.0000 20.0784
v -0.3216 -453.2174 -0.2000
v -50.1909 -0.0000 17.9216
v -0.3059 -453.2174 -0.2000
v 22.5302 -0.0000 16.7216
v -0.3059 -453.2174 -0.2000
v 95.2513 -0.0000 15.5216
v -0.3098 -453.2174 -0.2000
v 240.6935 -0.0000 13.1216
v -0.3569 -453.2174 -0.0000
v 1082.5461 0.0000 0.0000
v -0.3569 -143.7500 -0.1758
v 332.6534 -0.0000 11.8510
v -3.0549 -235.3879 -0.2000
v 241.7823 -0.0000 13.1765
v -2.2314 -62.9547 -0.6666
v 12.1505 -0.0000 16.8667
v -3.7294 -36.5833 -0.6666
v 3.7279 -0.0000 16.9647
v -3.9725 -36.8889 -0.1996
v 77.0760 -0.0000 15.7608
v -4.4314 37.5009 -0.1994
v -3.3161 -0.0000 17.1137
v -4.6510 62.8663 -0.1994
v -1.9661 -0.0000 17.1843
v -4.8471 62.7442 -0.6668
v 67.5255 -0.0000 16.0353
v -5.3176 86.7523 -0.6089
v 94.1094 -0.0000 15.6745
v -5.0902 112.5399 -0.1997
v 135.0714 -0.0000 15.0667
v -5.3137 137.5000 -0.2000
v 170.5683 -0.0000 14.4588
v -5.7608 162.5000 -0.2000
v 116.9572 0.0000 15.3882
v -5.7725 187.5000 -0.2000
v 143.1338 0.0000 15.0196
v -6.5216 86.7523 -0.6089
v 94.1094 -0.0000 15.6745
v -5.0902 62.7442 -0.6668
v 67.5255 -0.0000 16.0353
v -4.8745 -143.7500 -0.0000
v -96.4544 0.0000 20.0784
v -3.0588 -288.3280 -0.0000
v -100.4394 0.0000 20.0784
v -2.8745 -288.3225 -0.2000
v -48.9546 -0.0000 17.9725
v -3.0118 -276.8413 -0.2000
v 23.7424 -0.0000 16.7726
v -3.0235 -263.5958 -0.2000
v 96.4361 -0.0000 15.5725
v -3.0353 -235.3879 -0.2000
v 241.7823 -0.0000 13.1765
v -2.2314 -143.7500 -0.1959
v 257.6295 0.0000 12.9686
v -3.3216 -143.7500 -0.1758
v 332.6534 -0.0000 11.8510
v -3.0549 -112.5000 -0.1785
v 323.5515 -0.0000 11.9373
v -3.4627 -143.7500 -0.0000
v 1082.5461 0.0000 0.0000
v -3.1765 -112.5000 -0.0000
v 1082.5461 0.0000 0.0000
v -3.4627 0.0000 0.0000
v 0.0000 0.0000 -182.5924
v -0.5000 484.5160 730.8335
v 0.0000 0.0000 1.0000
v 1.0000 1.0000 0.0000
v 0.4549 -0.9725 0.0000
v 0.0000 111.4870 10.5000
v -126.9803 71.6450 0.0000
v 0.0000 1.0000 1.0000
v 1.0000 0.0000 0.0000
v -0.9725 0.0000 0.0000
v -20.6062 10.5000 -18.3953
v 74.3899 0.0000 0.0000
v 1.0000 1.0000 1.0000
v 250.9398 10.5000 -232.9363
v 81.0711 0.0000 0.0000
v 1.0000 1.0000 1.0000
v 0.0039 0.3098 0.0000
v 0.0000 0.0000 -7.4107
v 10.5000 -163.3958 82.0004
v 0.0000 0.0000 1.0000
v 1.0000 1.0000 0.0000
v 0.0000 0.0000 68.0000
v 10.1309 -15.2500 0.0000
v 0.1529 -7.1294 64.0000
v 10.1309 -21.7500 0.0000
v 0.1529 -6.6353 43.2294
v 10.1328 -11.4816 0.0000
v 3.8392 -6.7765 44.0466
v 10.1328 -8.1097 0.0000
v 3.8392 -7.2471 55.7500
v 10.1309 -29.0000 0.0000
v 0.1529 -5.9176 43.2500
v 10.1309 -37.0000 0.0000
v 0.1529 -4.9529 31.9299
v 10.1328 -22.6483 0.0000
v 3.8392 -4.5529 39.3700
v 10.1328 -15.6508 0.0000
v 3.8392 -5.8941 -54.7500
v 10.1309 -41.5000 0.0000
v 0.1529 -1.4706 -60.2500
v 10.1309 -30.5000 0.0000
v 0.1529 -0.7686 -48.9823
v 10.1328 -24.6420 0.0000
v 3.8392 -1.3137 -43.9465
v 10.1328 -32.3100 0.0000
v 3.8392 -2.2627 4.3940
v 10.1309 25.4706 0.0000
v 3.8392 -5.8392 4.5013
v 10.1328 21.7798 0.0000
v 3.8392 -6.3686 -17.7500
v 10.1309 22.6250 0.0000
v 0.1529 -7.0431 -15.2500
v 10.1309 33.8750 0.0000
v 0.1529 -6.2706 -71.7500
v 10.1309 -1.7500 0.0000
v 0.1529 1.0353 -69.2500
v 10.1309 4.7500 0.0000
v 0.1529 -8.5216 -60.1813
v 10.1328 -3.4421 0.0000
v 3.8392 -8.8353 -60.7074
v 10.1328 -4.1187 0.0000
v 3.8392 1.0353 -64.2500
v 10.1309 7.5000 0.0000
v 0.1529 -8.1961 -56.7500
v 10.1309 6.5000 0.0000
v 0.1529 -7.7686 -57.8323
v 10.1309 -2.9067 0.0000
v 3.8392 -8.5059 -59.3545
v 10.1328 -2.9911 0.0000
v 3.8392 -8.7176 -33.0000
v 10.1309 -18.2500 0.0000
v 0.1529 -5.8078 -23.0000
v 10.1309 -26.7500 0.0000
v 0.1529 -5.0588 -37.5578
v 10.1328 -32.8362 0.0000
v 3.8392 -5.0745 -45.2242
v 10.1328 -25.3186 0.0000
v 3.8392 -6.0902 -9.7500
v 10.1309 43.1250 0.0000
v 0.1529 -5.5451 -1.2500
v 10.1309 50.3750 0.0000
v 0.1529 -4.7922 7.4256
v 10.1309 29.0725 0.0000
v 3.8392 -5.0039 5.1170
v 10.1309 26.7629 0.0000
v 3.8392 -5.3922 6.2500
v 10.1309 -38.5000 0.0000
v 0.1529 -1.5059 2.7500
v 10.1309 -17.5000 0.0000
v 0.1529 -0.1176 21.4915
v 10.1328 -7.8759 0.0000
v 3.8392 -0.4706 23.0461
v 10.1328 -22.8704 0.0000
v 3.8392 -2.0941 -4.0000
v 10.1309 -1.0000 0.0000
v 0.1529 1.0353 -14.0000
v 10.1309 11.0000 0.0000
v 0.1529 -7.8667 7.0554
v 10.1328 15.1156 0.0000
v 3.8392 -7.3529 14.7176
v 10.1328 6.1189 0.0000
v 3.8392 1.0353 7.7500
v 10.1309 55.5000 0.0000
v 0.1529 -4.0980 17.2500
v 10.1309 58.5000 0.0000
v 0.1529 -3.4275 12.6802
v 10.1309 30.1840 0.0000
v 3.8392 -4.0902 9.6133
v 10.1309 30.5462 0.0000
v 3.8392 -4.5804 -49.2500
v 10.1309 1.0000 0.0000
v 0.1529 -7.2392 -41.7500
v 10.1309 -9.0000 0.0000
v 0.1529 -6.5294 -50.6358
v 10.1328 -16.2974 0.0000
v 3.8392 -7.0431 -54.4145
v 10.1309 -7.4458 0.0000
v 3.8392 -7.9686 -19.2500
v 10.1309 -35.7500 0.0000
v 0.1529 -4.5059 -21.7500
v 10.1309 -45.2500 0.0000
v 0.1529 -3.9490 -33.0482
v 10.1328 -39.0007 0.0000
v 3.8392 -4.1137 -33.7998
v 10.1328 -36.2192 0.0000
v 3.8392 -4.4549 -63.5000
v 10.1309 -21.7500 0.0000
v 0.1529 -0.2392 -64.5000
v 10.1309 -15.2500 0.0000
v 0.1529 0.1294 -55.7468
v 10.1328 -10.4336 0.0000
v 3.8392 0.1373 -52.3645
v 10.1328 -16.8988 0.0000
v 3.8392 -0.5176 -25.2500
v 10.1309 -52.0000 0.0000
v 0.1529 -3.5176 -29.7500
v 10.1309 -56.0000 0.0000
v 0.1529 -3.1725 -35.3782
v 10.1328 -40.4291 0.0000
v 3.8392 -3.6706 -33.8749
v 10.1328 -40.1284 0.0000
v 3.8392 -3.8706 -67.0000
v 10.1309 -10.2500 0.0000
v 0.1529 0.4471 -71.0000
v 10.1309 -6.7500 0.0000
v 0.1529 0.7490 -60.6329
v 10.1309 -4.8280 0.0000
v 3.8392 0.8784 -58.3486
v 10.1309 -6.7852 0.0000
v 3.8392 0.5922 24.2500
v 10.1309 56.7500 0.0000
v 0.1529 -2.9412 28.7500
v 10.1309 50.2500 0.0000
v 0.1529 -2.4078 17.4013
v 10.1309 26.9262 0.0000
v 3.8392 -3.2863 14.6095
v 10.1309 28.9774 0.0000
v 3.8392 -3.7098 20.7500
v 10.1309 -55.0000 0.0000
v 0.1529 -3.0196 12.2500
v 10.1309 -51.0000 0.0000
v 0.1529 -2.4078 24.1566
v 10.1328 -26.8689 0.0000
v 3.8392 -2.9961 25.9333
v 10.1328 -28.8682 0.0000
v 3.8392 -3.2863 34.0000
v 10.1309 -45.0000 0.0000
v 0.1529 -4.1569 28.0000
v 10.1309 -53.0000 0.0000
v 0.1529 -3.5059 27.4880
v 10.1328 -28.6461 0.0000
v 3.8392 -3.5098 28.9236
v 10.1309 -27.8790 0.0000
v 3.8392 -3.7569 38.0000
v 10.1309 40.0000 0.0000
v 0.1529 -1.4824 52.0000
v 10.1309 26.0000 0.0000
v 0.1529 -0.1490 32.1963
v 10.1328 9.6695 0.0000
v 3.8392 -0.3765 24.0990
v 10.1309 21.5724 0.0000
v 3.8392 -2.1804 -37.0000
v 10.1309 -55.2500 0.0000
v 0.1529 -2.7608 -47.0000
v 10.1309 -49.7500 0.0000
v 0.1529 -2.1137 -39.2114
v 10.1328 -38.5497 0.0000
v 3.8392 -2.9373 -37.4075
v 10.1328 -40.2036 0.0000
v 3.8392 -3.3843 61.7500
v 10.1309 11.2500 0.0000
v 0.1529 -8.9176 67.2500
v 10.1309 -4.2500 0.0000
v 0.1529 -7.8471 44.1488
v 10.1328 -5.0443 0.0000
v 3.8392 -7.9255 39.5517
v 10.1328 1.5973 0.0000
v 2.0510 1.0745 39.5517
v 10.1328 1.5973 0.0000
v 2.0510 -8.8784 14.7176
v 10.1328 6.1189 0.0000
v 2.0510 -8.8784 -60.7074
v 10.1328 -4.1187 0.0000
v 2.0510 -8.6000 -71.7500
v 10.1309 -1.7500 0.0000
v 2.0510 -8.8784 -4.0000
v 10.1309 -1.0000 0.0000
v 2.0510 1.0745 61.7500
v 10.1309 11.2500 0.0000
v 0.1529 1.0353 0.0000
v 0.0000 -1.8750 10.1318
v 1.2500 90.3332 0.0000
v 0.0000 1.0000 1.0000
v 1.0000 0.0000 0.0000
v 0.5020 0.9882 0.0000
v -73.5108 10.5000 -62.6333
v 81.2971 0.0000 0.0000
v 1.0000 1.0000 1.0000
v 3.7647 -5.2706 0.0000
v 0.0000 0.0000 -20.0000
v -7.5000 250.1510 761.7162
v 0.0000 0.0000 1.0000
v 1.0000 1.0000 0.0000
v -4.1373 0.0000 0.0000
v 0.0000 0.0000 -7.4999
v 9.8393 -2.5000 218.6607
v 0.0000 0.0000 1.0000
v 1.0000 1.0000 0.0000
v -6.0001 9.0000 10.0000
v 239.8354 0.0000 0.0000
v 1.0000 1.0000 1.0000
v 0.5020 0.9882 0.0000
v 0.0000 125.1911 10.5000
v 89.3111 65.4003 0.0000
v 0.0000 1.0000 1.0000
v 1.0000 0.0000 0.0000
v 0.4549 -0.9725 0.0000
v 0.0000 0.0000 -60.5389
v 10.5000 -244.5900 69.7506
v 0.0000 0.0000 1.0000
v 1.0000 1.0000 0.0000
v 0.0000 -15.0507 10.5000
v 166.7354 71.8258 0.0000
v 0.0000 1.0000 1.0000
v 1.0000 0.0000 0.0000
v 0.0000 36.7089 0.5055
v 251.7661 0.0000 0.0745
v -0.3020 35.5626 0.5055
v 302.9883 0.0000 3.9294
v -0.0667 60.2298 0.5057
v 291.7429 0.0000 3.9294
v 0.7529 63.2736 0.5055
v 246.0583 0.0000 0.0745
v 0.7529 17.0546 0.5055
v 304.8963 0.0000 3.9294
v -0.6275 22.4460 0.5055
v 252.7768 0.0000 0.0745
v -0.8627 11.6299 0.5055
v 250.9931 0.0000 0.0745
v -1.2902 -6.0350 0.5055
v 300.9004 0.0000 3.9294
v -1.2627 -26.9961 0.5039
v 293.8030 0.0000 3.9294
v -1.9098 2.3599 0.5055
v 246.0893 0.0000 0.0745
v -1.6980 -5.3642 0.5055
v 238.0652 0.0000 0.0745
v -2.1294 -44.3659 0.5039
v 276.4295 0.0000 3.9294
v -2.6392 -73.5881 0.5039
v 203.6005 0.0000 3.9294
v -4.8275 -10.7137 0.5055
v 191.9612 0.0000 0.0745
v -3.9529 -13.0197 0.5055
v 173.3669 0.0000 0.0745
v -4.6863 -77.3594 0.5039
v 186.7934 0.0000 3.9294
v -5.3647 -92.1995 0.5039
v 138.6276 0.0000 3.9294
v -6.9020 -33.5594 0.5055
v 119.2247 0.0000 0.0745
v -6.9490 -41.8520 0.5055
v 103.0804 0.0000 0.0745
v -7.6549 -97.8240 0.5039
v 122.0815 0.0000 3.9294
v -7.4706 -102.7868 0.5039
v -46.0274 0.0000 3.9294
v -12.1765 -47.7322 0.5055
v -1.6504 0.0000 0.0745
v -12.7176 -38.7582 0.5055
v -5.8545 0.0000 0.0745
v -13.1020 -94.8463 0.5039
v -58.9334 0.0000 3.9294
v -12.6078 -119.9912 0.5039
v 45.9692 0.0000 3.9294
v -9.6392 -47.9598 0.5055
v 40.9339 0.0000 0.0745
v -10.2039 -61.8995 0.5055
v 33.5735 0.0000 0.0745
v -10.8157 -122.3072 0.5039
v 34.7178 0.0000 3.9294
v -10.0196 -116.6826 0.5039
v -17.8990 0.0000 3.9294
v -11.3961 -64.4163 0.5055
v 7.1342 0.0000 0.0745
v -11.9843 -56.2849 0.5055
v 2.6792 0.0000 0.0745
v -12.3451 -109.0730 0.5039
v -33.7832 0.0000 3.9294
v -11.7725 -84.9207 0.5039
v -74.8177 0.0000 3.9294
v -13.1216 -31.0754 0.5055
v -15.8523 0.0000 0.0745
v -13.5961 -24.6836 0.5055
v -31.6438 0.0000 0.0745
v -14.2588 -68.3781 0.5039
v -90.0401 0.0000 3.9294
v -13.7176 35.6375 0.5055
v -89.0006 0.0000 3.9294
v -16.8314 1.3535 0.5055
v -101.5762 0.0000 3.9294
v -15.7098 10.8354 0.5055
v -44.8338 0.0000 0.0745
v -15.8314 35.7214 0.5055
v -38.3949 0.0000 0.0745
v -16.8314 -59.6513 0.5039
v 250.7169 0.0000 3.9294
v -3.3569 -9.3099 0.5055
v 225.8545 0.0000 0.0745
v -2.6314 -9.4771 0.5055
v 209.4571 0.0000 0.0745
v -3.2706 -68.6836 0.5039
v 223.9617 0.0000 3.9294
v -4.1608 -82.5020 0.5039
v 170.3295 0.0000 3.9294
v -5.8745 -17.9828 0.5055
v 154.8766 0.0000 0.0745
v -5.4314 -25.6030 0.5055
v 136.4900 0.0000 0.0745
v -6.2078 -87.3018 0.5039
v 154.8945 0.0000 3.9294
v -6.3725 -103.4485 0.5039
v 103.5498 0.0000 3.9294
v -8.0235 -47.2320 0.5055
v 88.5123 0.0000 0.0745
v -8.2588 -49.6994 0.5056
v 75.5204 0.0000 0.0745
v -8.7765 -109.0730 0.5039
v 84.3563 0.0000 3.9294
v -8.5725 -112.0507 0.5039
v 72.1121 0.0000 3.9294
v -9.0000 -48.4474 0.5056
v 62.9219 0.0000 0.0745
v -9.2706 -43.4758 0.5055
v 50.7167 0.0000 0.0745
v -9.7843 -115.0284 0.5039
v 59.8679 0.0000 3.9294
v -9.3020 -123.2997 0.5039
v 18.8335 0.0000 3.9294
v -10.4510 -68.7725 0.5055
v 24.7604 0.0000 0.0745
v -11.2510 -68.5789 0.5055
v 14.4946 0.0000 0.0745
v -11.6510 -120.9837 0.5039
v -1.6837 0.0000 3.9294
v -10.9647 -47.8652 0.5039
v -99.9678 0.0000 3.9294
v -14.3255 -15.4807 0.5055
v -41.3997 0.0000 0.0745
v -14.7804 -3.4668 0.5055
v -45.1200 0.0000 0.0745
v -15.2706 -24.0437 0.5039
v -103.6080 0.0000 3.9294
v -15.0235 61.8654 0.5056
v 266.5249 0.0000 2.0706
v 0.7529 36.2494 0.5055
v 275.0016 -0.0000 2.0706
v -0.1725 19.8640 0.5055
v 276.4609 -0.0000 2.0706
v -0.7333 4.1704 0.5055
v 273.7285 -0.0000 2.0706
v -1.2824 -9.7885 0.5055
v 266.0060 -0.0000 2.0706
v -1.8275 -22.0128 0.5055
v 253.2933 -0.0000 2.0706
v -2.4353 -28.5012 0.5055
v 236.2284 -0.0000 2.0706
v -8.7216 -68.1567 0.5056
v 64.7896 -0.0000 2.0706
v -9.1725 -66.8309 0.5055
v 53.8480 -0.0000 2.0706
v -9.5529 -71.0059 0.5055
v 43.7078 -0.0000 2.0706
v -9.9294 -80.6816 0.5055
v 34.3690 -0.0000 2.0706
v -12.8039 -49.6429 0.5055
v -37.1451 -0.0000 2.0706
v -13.3098 -41.3411 0.5055
v -53.4544 -0.0000 2.0706
v -13.9373 -28.7054 0.5055
v -64.3420 -0.0000 2.0706
v -14.5098 -11.7358 0.5055
v -69.8080 -0.0000 2.0706
v -15.1216 6.7535 0.5055
v -69.5146 -0.0000 2.0706
v -15.7569 36.7667 0.5055
v -60.4357 0.0000 2.0706
v -16.8314 61.8654 0.5056
v 266.5249 0.0000 2.0706
v 0.7529 36.2494 0.5055
v 275.0016 -0.0000 2.0706
v -0.1725 19.8640 0.5055
v 276.4609 -0.0000 2.0706
v -0.7333 4.1704 0.5055
v 273.7285 -0.0000 2.0706
v -1.2824 -9.7885 0.5055
v 266.0060 -0.0000 2.0706
v -1.8275 -22.0128 0.5055
v 253.2933 -0.0000 2.0706
v -2.4353 -28.5012 0.5055
v 236.2284 -0.0000 2.0706
v -8.7216 -68.1567 0.5056
v 64.7896 -0.0000 2.0706
v -9.1725 -66.8309 0.5055
v 53.8480 -0.0000 2.0706
v -9.5529 -71.0059 0.5055
v 43.7078 -0.0000 2.0706
v -9.9294 -80.6816 0.5055
v 34.3690 -0.0000 2.0706
v -12.8039 -49.6429 0.5055
v -37.1451 -0.0000 2.0706
v -13.3098 -41.3411 0.5055
v -53.4544 -0.0000 2.0706
v -13.9373 -28.7054 0.5055
v -64.3420 -0.0000 2.0706
v -14.5098 -11.7358 0.5055
v -69.8080 -0.0000 2.0706
v -15.1216 6.7535 0.5055
v -69.5146 -0.0000 2.0706
v -15.7569 36.7667 0.5055
v -60.4357 0.0000 2.0706
v -16.8314 0.0000 0.0000
v 0.0000 -30.0131 0.5048
v 100.6442 224.5469 0.0000
v 0.0000 1.0000 1.0000
v 1.0000 0.0000 0.0000
v -7.5000 380.1510 728.1562
v 0.0000 0.0000 1.0000
v 1.0000 1.0000 0.0000
v 0.0000 0.0000 -42.6315
v 10.1226 106.6456 0.0000
v 0.0745 -0.6863 -25.5059
v 10.1226 124.8984 0.0000
v 0.3294 -0.9490 -5.9527
v 10.1226 128.7791 0.0000
v 0.6235 -1.0039 6.1034
v 10.1226 123.9423 0.0000
v 0.8039 -0.9333 11.1340
v 10.1226 104.6483 0.0000
v 0.8784 -0.6549 1.2145
v 10.1226 84.9736 0.0000
v 0.7294 -0.3725 -1.0996
v 10.1226 63.3525 0.0000
v 0.6941 -0.0627 13.5676
v 10.1226 46.0268 0.0000
v 0.9137 0.1843 29.6488
v 10.1226 39.2827 0.0000
v 1.1529 0.2824 41.2735
v 10.1226 25.1737 0.0000
v 1.3255 0.4863 47.8394
v 10.1226 5.8601 0.0000
v 1.4235 0.7647 38.5697
v 10.1226 -10.5985 0.0000
v 1.2863 1.0000 17.8440
v 10.1226 -6.1225 0.0000
v 0.9765 0.9373 8.1270
v 10.1226 17.7765 0.0000
v 0.8314 0.5922 -2.1487
v 10.1226 38.8661 0.0000
v 0.6784 0.2863 -29.1510
v 10.1226 46.8059 0.0000
v 0.2745 0.1725 -47.6752
v 10.1226 80.4578 0.0000
v 0.0000 -0.3059 38.3320
v 10.1226 87.1133 0.0000
v 1.2824 -0.4039 36.0931
v 10.1226 105.5416 0.0000
v 1.2510 -0.6706 44.3774
v 10.1226 115.7574 0.0000
v 1.3725 -0.8157 56.5451
v 10.1226 118.5165 0.0000
v 1.5569 -0.8549 64.2653
v 10.1226 115.1945 0.0000
v 1.6706 -0.8078 68.3371
v 10.1226 105.0016 0.0000
v 1.7294 -0.6627 68.7462
v 10.1226 89.6191 0.0000
v 1.7373 -0.4392 76.4341
v 10.1226 77.8180 0.0000
v 1.8510 -0.2706 85.3511
v 10.1226 71.6533 0.0000
v 1.9843 -0.1804 82.4831
v 10.1226 55.9422 0.0000
v 1.9412 0.0431 70.2369
v 10.1226 57.4966 0.0000
v 1.7608 0.0196 57.8266
v 10.1226 57.2646 0.0000
v 1.5725 0.0235 47.9143
v 10.1226 71.4720 0.0000
v 1.1882 0.7765 20.1465
v 10.1226 26.4887 -0.0000
v 1.0118 0.4667 28.6688
v 10.1226 -9.6949 0.0000
v 1.1373 0.9882 45.5664
v 10.1226 -2.8567 0.0000
v 1.3922 0.8902 45.2081
v 10.1226 15.8066 0.0000
v 1.3843 0.6196 11.2307
v 10.1226 3.4035 0.0000
v 0.8784 0.8000 36.0355
v 10.1226 33.9612 0.0000
v 1.2510 0.3569 4.3026
v 10.1226 30.0570 0.0000
v 0.7765 0.4157 22.1135
v 10.1226 41.1381 0.0000
v 1.0431 0.2549 -13.2999
v 10.1226 44.4491 0.0000
v 0.5137 0.2078 4.0110
v 10.1226 53.9487 0.0000
v 0.7725 0.0706 -39.8197
v 10.1226 54.3847 0.0000
v 0.1176 0.0627 -45.3062
v 10.1226 67.1853 0.0000
v 0.0353 -0.1176 -1.7643
v 10.1226 74.2382 0.0000
v 0.6863 -0.2196 7.8367
v 10.1226 95.5587 0.0000
v 0.8275 -0.5255 11.1065
v 10.1226 112.2422 0.0000
v 0.8784 -0.7647 9.4296
v 10.1226 118.6735 0.0000
v 0.8510 -0.8588 0.9759
v 10.1226 127.3108 0.0000
v 0.7255 -0.9843 -14.7800
v 10.1226 127.9749 0.0000
v 0.4902 -0.9922 -34.7898
v 10.1226 117.7886 0.0000
v 0.1922 -0.8471 -46.9267
v 10.1226 94.2020 0.0000
v 0.0118 -0.5059 26.6489
v 10.1226 14.6683 -0.0000
v 0.8980 0.3412 4.7304
v 10.1226 42.0004 0.0000
v 0.7804 0.2431 -4.4092
v 10.1226 49.3280 128.0000
v 0.4941 0.0471 -23.5546
v 10.1226 70.6314 -0.0000
v 0.3608 -0.1647 63.7620
v 10.1226 58.4296 0.0000
v 1.6627 0.0039 -24.6967
v 10.1226 84.3753 -0.0000
v 0.3412 -0.3647 -20.7085
v 10.1226 95.8096 -0.0000
v 0.3412 -0.2627 77.2515
v 10.1226 54.4656 0.0000
v 1.8627 0.0627 85.9317
v 10.1226 61.9264 0.0000
v 1.9922 -0.0392 86.8877
v 10.1226 67.1634 0.0000
v 2.0078 -0.1176 81.8665
v 10.1226 75.2049 0.0000
v 1.9333 -0.2314 72.0606
v 10.1226 82.6227 0.0000
v 1.7882 -0.3373 67.5050
v 10.1226 97.0787 0.0000
v 1.7176 -0.5490 67.2572
v 10.1226 111.0402 0.0000
v 1.7137 -0.7490 60.6946
v 10.1226 117.6865 0.0000
v 1.6157 -0.8431 51.1060
v 10.1226 117.8735 0.0000
v 1.4745 -0.8471 39.3731
v 10.1226 111.6469 0.0000
v 1.2980 -0.7569 34.6396
v 10.1226 99.6460 0.0000
v 1.2275 -0.5843 35.0128
v 10.1226 93.9601 0.0000
v 1.2353 -0.5020 44.5973
v 10.1226 79.1053 0.0000
v 1.3765 -0.2902 48.2831
v 10.1226 64.2134 0.0000
v 1.4314 -0.0745 50.0653
v 10.1226 59.6086 0.0000
v 1.4588 -0.0078 53.2610
v 10.1226 57.6576 0.0000
v 1.4706 -0.6667 51.6750
v 10.1226 99.4809 -0.0000
v 1.4824 -0.5804 52.9185
v 10.1226 92.0959 -0.0000
v 1.5020 -0.4745 56.6718
v 10.1226 84.3622 -0.0000
v 1.6431 -0.1725 69.1935
v 10.1226 67.2142 -0.0000
v 1.1882 0.7765 28.6688
v 10.1226 -9.6949 0.0000
v 1.1373 0.9882 26.6489
v 10.1226 14.6683 -0.0000
v 1.1882 0.7765 45.5664
v 10.1226 -2.8567 0.0000
v 1.3922 0.8902 45.2081
v 10.1226 15.8066 0.0000
v 1.3843 0.6196 41.2735
v 10.1226 25.1737 0.0000
v 1.3255 0.4863 26.6489
v 10.1226 14.6683 -0.0000
v 1.1098 0.6353 20.1465
v 10.1226 26.4887 -0.0000
v 1.0118 0.4667 8.1270
v 10.1226 17.7765 0.0000
v 0.8314 0.5922 -23.5546
v 10.1226 70.6314 -0.0000
v 0.4941 0.0471 -1.0996
v 10.1226 63.3525 0.0000
v 0.6941 -0.0627 -4.4092
v 10.1226 49.3280 128.0000
v 0.6471 0.1373 4.7304
v 10.1226 42.0004 0.0000
v 0.8980 0.3412 20.1465
v 10.1226 26.4887 -0.0000
v 1.0118 0.4667 36.0355
v 10.1226 33.9612 0.0000
v 1.2510 0.3569 -23.5546
v 10.1226 70.6314 -0.0000
v 0.3412 -0.2627 -1.7643
v 10.1226 74.2382 0.0000
v 0.6863 -0.2196 -24.6967
v 10.1226 84.3753 -0.0000
v 0.3412 -0.3647 -20.7085
v 10.1226 95.8096 -0.0000
v 0.6039 -0.8039 -14.7800
v 10.1226 127.9749 0.0000
v 0.4902 -0.9922 -5.9527
v 10.1226 128.7791 0.0000
v 0.6039 -0.8039 9.4296
v 10.1226 118.6735 0.0000
v 0.8510 -0.8588 50.0653
v 10.1226 59.6086 0.0000
v 1.8706 -0.0784 77.2515
v 10.1226 54.4656 0.0000
v 1.4706 -0.6667 36.0931
v 10.1226 105.5416 0.0000
v 1.4706 -0.6667 44.3774
v 10.1226 115.7574 0.0000
v 1.3725 -0.8157 60.6946
v 10.1226 117.6865 0.0000
v 1.4706 -0.6667 51.6750
v 10.1226 99.4809 -0.0000
v 1.4824 -0.5804 52.9185
v 10.1226 92.0959 -0.0000
v 1.5020 -0.4745 56.6718
v 10.1226 84.3622 -0.0000
v 1.6431 -0.1725 69.1935
v 10.1226 67.2142 -0.0000
v 1.8706 -0.0784 86.8877
v 10.1226 67.1634 0.0000
v 2.0078 -0.1176 0.0000
v 0.0000 19.6062 10.1226
v 59.0903 96.8676 0.0000
v 0.0000 1.0000 1.0000
v 1.0000 0.0000 0.0000
v 0.0000 0.0000 -10.0000
v -7.5000 260.1510 632.5988
v 0.0000 0.0000 1.0000
v 1.0000 1.0000 0.0000
v 0.0000 0.0000 -79.9232
v 10.1080 -58.7140 0.0000
v 0.7412 0.6314 -102.6611
v 10.1080 -35.4805 0.0000
v 0.2039 0.2157 -55.8734
v 10.1080 -78.9470 0.0000
v 1.3137 0.9922 -102.1873
v 10.1080 32.5582 0.0000
v 0.2157 -0.9922 -100.6873
v 10.1080 66.3205 0.0000
v 0.2510 -1.5961 -111.2233
v 10.1080 3.4344 0.0000
v 0.0000 -0.4745 -45.7156
v 10.1080 -79.4076 0.0000
v 1.5529 1.0000 -104.5816
v 10.1080 116.9634 0.0000
v 0.1569 -2.4980 -102.7320
v 10.1080 128.3057 0.0000
v 0.2000 -2.6980 -89.2193
v 10.1080 139.0981 0.0000
v 0.5216 -2.8902 -73.4211
v 10.1080 123.5131 0.0000
v 0.8980 -2.6157 -101.9177
v 10.1080 80.7095 0.0000
v 0.2196 -1.8510 -81.9059
v 10.1080 79.0087 0.0000
v 0.6941 -1.8196 -90.8932
v 10.1080 72.0820 0.0000
v 0.4824 -1.6980 -34.3605
v 10.1080 -69.4135 0.0000
v 1.8235 0.8235 -47.3999
v 10.1080 -0.9599 0.0000
v 1.5137 -0.3961 -40.7420
v 10.1080 -37.6278 0.0000
v 1.6706 0.2549 -82.8118
v 10.1080 29.0245 0.0000
v 0.6745 -0.9294 -54.5577
v 10.1080 9.1725 0.0000
v 1.3451 -0.5765 -37.5027
v 10.1080 59.1855 0.0000
v 1.7490 -1.4667 -19.6809
v 10.1080 89.7294 0.0000
v 2.1725 -2.0118 -38.1039
v 10.1080 50.2354 0.0000
v 1.7333 -1.3059 -27.0221
v 10.1080 132.1270 0.0000
v 1.9961 -2.7686 -19.2460
v 10.1080 107.8509 0.0000
v 2.1804 -2.3333 -20.9198
v 10.1080 143.9851 0.0000
v 2.1412 -2.9804 4.4398
v 10.1080 140.5660 0.0000
v 2.7451 -2.9176 3.2322
v 10.1080 104.1310 0.0000
v 2.7137 -2.2667 11.2179
v 10.1080 109.5777 0.0000
v 2.9059 -2.3647 15.7383
v 10.1080 124.4801 0.0000
v 3.0118 -2.6314 -9.0740
v 10.1080 65.1972 0.0000
v 2.4235 -1.5725 -5.0127
v 10.1080 85.8534 0.0000
v 2.5176 -1.9412 -19.3553
v 10.1080 34.3455 0.0000
v 2.1804 -1.0235 -12.1274
v 10.1080 37.5731 0.0000
v 2.3490 -1.0824 -70.4457
v 10.1080 -66.8931 0.0000
v 0.9686 0.7765 -64.1168
v 10.1080 -74.7755 0.0000
v 1.1176 0.9176 -38.5446
v 10.1080 -76.2298 0.0000
v 1.7255 0.9451 -34.1302
v 10.1080 -61.5445 0.0000
v 1.8275 0.6824 -37.8538
v 10.1080 -52.6226 0.0000
v 1.7412 0.5216 -92.5493
v 10.1080 -50.2383 0.0000
v 0.4431 0.4784 -42.7946
v 10.1080 -16.5600 0.0000
v 1.6235 -0.1176 -110.2585
v 10.1080 -14.4405 0.0000
v 0.0235 -0.1529 -66.3617
v 10.1080 19.1673 0.0000
v 1.0627 -0.7529 -92.1244
v 10.1080 42.6195 0.0000
v 0.4549 -1.1725 -105.5554
v 10.1080 18.1440 0.0000
v 0.1333 -0.7373 -81.1559
v 10.1080 135.0412 0.0000
v 0.7137 -2.8196 -71.5183
v 10.1080 108.9298 0.0000
v 0.9412 -2.3529 -75.4476
v 10.1080 91.2913 0.0000
v 0.8471 -2.0392 -97.6112
v 10.1080 135.6840 0.0000
v 0.3216 -2.8314 -104.3102
v 10.1080 101.0980 0.0000
v 0.1647 -2.2157 -94.2994
v 10.1080 59.9523 0.0000
v 0.4000 -1.4824 -101.1190
v 10.1080 46.6768 0.0000
v 0.2392 -1.2431 -100.6190
v 10.1080 57.9309 0.0000
v 0.5059 -2.1255 -96.6217
v 10.1080 44.6481 0.0000
v 0.3451 -1.2078 -97.4934
v 10.1080 63.1364 0.0000
v 0.3255 -1.5373 -34.5457
v 10.1080 42.5032 0.0000
v 1.8196 -1.1686 -26.8280
v 10.1080 35.9889 0.0000
v 2.0039 -1.0549 -8.8739
v 10.1080 44.4002 0.0000
v 2.4275 -1.2039 -9.5949
v 10.1080 54.8268 0.0000
v 2.4118 -1.3882 -32.8761
v 10.1080 67.9126 0.0000
v 1.8588 -1.6235 -24.2242
v 10.1080 76.4166 0.0000
v 2.0627 -1.7725 -2.1780
v 10.1080 96.2228 0.0000
v 2.5882 -2.1255 -21.6931
v 10.1080 121.9834 0.0000
v 2.1255 -2.5882 15.3866
v 10.1080 116.3608 0.0000
v 3.0039 -2.4863 12.0893
v 10.1080 132.5485 0.0000
v 2.9255 -2.7765 -4.0381
v 10.1080 144.9929 0.0000
v 2.5412 -2.9961 -13.3444
v 10.1080 145.8292 0.0000
v 2.3216 -3.0118 -26.7644
v 10.1080 139.4609 0.0000
v 2.2431 -1.6745 -12.3468
v 10.1080 87.7914 0.0312
v 2.5059 -2.6980 -81.1559
v 10.1080 135.0412 0.0000
v 1.3529 0.6510 -34.1302
v 10.1080 -61.5445 0.0000
v 1.3529 0.6510 -45.7156
v 10.1080 -79.4076 0.0000
v 0.5490 -2.4275 -102.7320
v 10.1080 128.3057 0.0000
v 0.2000 -2.6980 -70.4457
v 10.1080 -66.8931 0.0000
v 0.9686 0.7765 -79.9232
v 10.1080 -58.7140 0.0000
v 1.0314 0.1804 -37.8538
v 10.1080 -52.6226 0.0000
v 1.0314 0.1804 -40.7420
v 10.1080 -37.6278 0.0000
v 1.6706 0.2549 -90.8932
v 10.1080 72.0820 0.0000
v 0.4118 -1.8353 -66.3617
v 10.1080 19.1673 0.0000
v 0.6824 -0.3647 -111.2233
v 10.1080 3.4344 0.0000
v 0.0000 -0.4745 -101.9177
v 10.1080 80.7095 0.0000
v 0.4118 -1.8353 -94.2994
v 10.1080 59.9523 0.0000
v 0.4039 -0.8314 -66.3617
v 10.1080 19.1673 0.0000
v 1.0627 -0.7529 -19.6809
v 10.1080 89.7294 0.0000
v 2.0902 -1.3333 -34.5457
v 10.1080 42.5032 0.0000
v 1.8196 -1.1686 -38.1039
v 10.1080 50.2354 0.0000
v 2.0902 -1.3333 -12.1274
v 10.1080 37.5731 0.0000
v 2.3490 -1.0824 -19.6809
v 10.1080 89.7294 0.0000
v 2.4471 -2.3020 -12.3468
v 10.1080 87.7914 0.0312
v 2.2431 -1.6745 -9.5949
v 10.1080 54.8268 0.0000
v 2.4118 -1.3882 -5.0127
v 10.1080 85.8534 0.0000
v 2.5059 -2.6980 -26.7644
v 10.1080 139.4609 0.0000
v 2.5059 -2.6980 15.3866
v 10.1080 116.3608 0.0000
v 3.0039 -2.4863 4.4398
v 10.1080 140.5660 0.0000
v 2.5059 -2.6980 -20.9198
v 10.1080 143.9851 0.0000
v 2.1412 -2.9804 -100.6873
v 10.1080 66.3205 0.0000
v 0.2510 -1.5961 -97.4934
v 10.1080 63.1364 0.0000
v 0.3255 -1.5373 -96.6217
v 10.1080 44.6481 0.0000
v 0.4039 -0.8314 -105.5554
v 10.1080 18.1440 0.0000
v 0.1333 -0.7373 0.0000
v 0.0000 0.0000 -47.7425
v 10.1080 33.2108 129.2776
v 0.0000 0.0000 1.0000
v 1.0000 1.0000 0.0000
v 0.4549 -0.9725 0.0000
v 0.0000 0.0000 -35.0811
v 10.5000 21.7764 66.6898
v 0.0000 0.0000 1.0000
v 1.0000 1.0000 0.0000
v -232.8707 0.2656 86.2338
v 0.0000 0.0941 -7.1412
v -262.0673 0.2656 86.2701
v 0.0000 0.0941 -7.6235
v -313.4300 0.2656 130.3398
v 0.0000 3.9216 -8.2314
v -301.5864 0.2656 143.8925
v 0.0000 3.9216 -7.9569
v -207.7077 0.2656 149.9356
v 0.0000 0.0941 -5.8863
v -208.8805 0.2656 126.1765
v 0.0000 0.0941 -6.2784
v -262.3197 0.2656 179.5994
v 0.0000 3.9216 -7.1490
v -246.0584 0.2656 192.8754
v 0.0000 3.9216 -6.8275
v -138.1396 0.2656 158.8218
v 0.0000 0.0941 -4.3412
v -148.7232 0.2656 168.6539
v 0.0000 0.0941 -4.5804
v -137.3093 0.2656 227.2855
v 0.0000 3.9216 -4.9922
v -103.0457 0.2656 213.0565
v 0.0000 3.9216 -4.4275
v -69.5897 0.2656 20.4786
v 0.0000 3.9216 -1.2353
v -71.8524 0.2656 -3.7755
v 0.0000 3.9216 -0.8627
v -179.8150 0.2656 1.2369
v 0.0000 0.0941 -1.3098
v -167.2086 0.2656 22.5806
v 0.0000 0.0941 -1.7176
v -342.5139 0.2656 95.4943
v 0.0000 3.9216 -8.9216
v -327.0725 0.2656 114.2071
v 0.0000 3.9216 -8.5529
v -282.8904 0.2656 76.8643
v 0.0000 0.0941 -8.0000
v -295.3403 0.2656 58.0164
v 0.0000 0.0941 -8.3765
v -289.3610 0.2656 156.2421
v 0.0000 3.9216 -7.6902
v -276.7539 0.2656 167.3884
v 0.0000 3.9216 -7.4353
v -211.6683 0.2656 107.2766
v 0.0000 0.0941 -6.5961
v -216.0711 0.2656 93.2360
v 0.0000 0.0941 -6.8392
v -182.5169 0.2656 231.4396
v 0.0000 3.9216 -5.6902
v -163.7997 0.2656 233.4133
v 0.0000 3.9216 -5.4039
v -161.4278 0.2656 176.2045
v 0.0000 0.0941 -4.8275
v -176.2534 0.2656 181.4733
v 0.0000 0.0941 -5.0863
v -78.3177 0.2656 192.5212
v 0.0000 3.9216 -3.9373
v -63.1254 0.2656 165.6801
v 0.0000 3.9216 -3.4667
v -118.0116 0.2656 132.2975
v 0.0000 0.0941 -3.7922
v -127.9025 0.2656 146.7030
v 0.0000 0.0941 -4.0784
v -171.7340 0.2656 -21.0768
v 0.0000 0.0941 -0.9176
v -73.6302 0.2656 -27.0595
v 0.0000 3.9216 -0.5059
v -75.5696 0.2656 -60.5302
v 0.0000 3.9216 0.0000
v -128.5812 0.2656 -56.0028
v 0.0000 0.0941 0.0000
v -150.7234 0.2656 46.5114
v 0.0000 0.0941 -2.2000
v -130.3595 0.2656 73.0292
v 0.0000 0.0941 -2.7529
v -61.6702 0.2656 72.8675
v 0.0000 3.9216 -2.0392
v -66.1956 0.2656 46.0263
v 0.0000 3.9216 -1.6275
v -56.4988 0.2656 135.7666
v 0.0000 3.9216 -3.0000
v -58.4380 0.2656 102.7809
v 0.0000 3.9216 -2.4980
v -118.3997 0.2656 95.9898
v 0.0000 0.0941 -3.1804
v -114.8440 0.2656 115.3931
v 0.0000 0.0941 -3.5059
v -226.4147 0.2656 207.2482
v 0.0000 3.9216 -6.4588
v -203.3885 0.2656 222.7179
v 0.0000 3.9216 -6.0353
v -189.5300 0.2656 178.5346
v 0.0000 0.0941 -5.3098
v -201.2576 0.2656 167.3883
v 0.0000 0.0941 -5.5804
v -304.9814 0.2656 95.5357
v -0.0000 2.0078 -8.2510
v -287.7486 0.2656 108.3050
v -0.0000 2.0078 -7.9020
v -267.2286 0.2656 115.0632
v -0.0000 2.0078 -7.5490
v -252.7160 0.2656 124.7390
v -0.0000 2.0078 -7.2667
v -244.2111 0.2656 137.3324
v -0.0000 2.0078 -7.0196
v -235.6001 0.2656 152.8879
v -0.0000 2.0078 -6.7294
v -226.8831 0.2656 171.4055
v -0.0000 2.0078 -6.3961
v -213.8362 0.2656 187.3182
v -0.0005 2.0078 -6.0588
v -196.4592 0.2656 200.6262
v -0.0005 2.0078 -5.7020
v -179.3851 0.2656 206.4564
v -0.0000 2.0078 -5.4078
v -162.6137 0.2656 204.8088
v -0.0000 2.0078 -5.1333
v -143.0162 0.2656 197.9697
v -0.0000 2.0078 -4.7961
v -120.5926 0.2656 185.9391
v -0.0000 2.0078 -4.3804
v -103.1101 0.2656 169.6121
v -0.0000 2.0078 -3.9922
v -90.5685 0.2656 148.9888
v -0.0005 2.0078 -3.5961
v -85.6714 0.2656 125.5799
v -0.0005 2.0078 -3.2078
v -88.4188 0.2656 99.3854
v -0.0000 2.0078 -2.7765
v -96.0149 0.2656 72.9484
v -0.0000 2.0078 -2.3294
v -122.6821 0.2656 -24.0682
v 0.0000 2.0078 -0.6471
v -102.0754 0.2656 -58.2665
v 0.0000 2.0078 0.0000
v -304.9814 0.2656 95.5357
v -0.0000 2.0078 -8.2510
v -287.7486 0.2656 108.3050
v -0.0000 2.0078 -7.9020
v -267.2286 0.2656 115.0632
v -0.0000 2.0078 -7.5490
v -252.7160 0.2656 124.7390
v -0.0000 2.0078 -7.2667
v -244.2111 0.2656 137.3324
v -0.0000 2.0078 -7.0196
v -235.6001 0.2656 152.8879
v -0.0000 2.0078 -6.7294
v -226.8831 0.2656 171.4055
v -0.0000 2.0078 -6.3961
v -213.8362 0.2656 187.3182
v -0.0005 2.0078 -6.0588
v -196.4592 0.2656 200.6262
v -0.0005 2.0078 -5.7020
v -179.3851 0.2656 206.4564
v -0.0000 2.0078 -5.4078
v -162.6137 0.2656 204.8088
v -0.0000 2.0078 -5.1333
v -143.0162 0.2656 197.9697
v -0.0000 2.0078 -4.7961
v -120.5926 0.2656 185.9391
v -0.0000 2.0078 -4.3804
v -103.1101 0.2656 169.6121
v -0.0000 2.0078 -3.9922
v -90.5685 0.2656 148.9888
v -0.0005 2.0078 -3.5961
v -85.6714 0.2656 125.5799
v -0.0005 2.0078 -3.2078
v -88.4188 0.2656 99.3854
v -0.0000 2.0078 -2.7765
v -96.0149 0.2656 72.9484
v -0.0000 2.0078 -2.3294
v -122.6821 0.2656 -24.0682
v 0.0000 2.0078 -0.6471
v -73.6302 0.2656 -27.0595
v 0.0000 3.9216 -0.5059
v -171.7340 0.2656 -21.0768
v 0.0000 0.0941 -0.9176
v 0.0000 -199.5063 0.2656
v 86.4415 205.0655 0.0000
v 0.0000 1.0000 1.0000
v 1.0000 0.0000 0.0000
v -0.1020 0.0000 0.0000
v 9.0000 7.5000 111.7195
v 0.0000 0.0000 1.0000
v 1.0000 1.0000 0.0000
v 56.3368 10.1080 -17.3784
v 0.0000 1.9647 0.3294
v 57.9765 10.1080 -3.5829
v 0.0000 1.9922 0.0392
v 38.3993 10.1080 -31.6667
v 0.0000 1.6784 0.6275
v 53.1603 10.1080 8.1682
v 0.0000 1.9137 -0.2039
v 23.5757 10.1080 40.0881
v 0.0000 1.4431 -0.8745
v 22.5133 10.1080 -43.8484
v 0.0000 1.4235 0.8824
v 17.0648 10.1080 -41.3262
v 0.0000 1.3373 0.8314
v 15.4651 10.1080 46.3420
v 0.0000 1.3137 -1.0039
v 8.6816 10.1080 44.5231
v 0.0000 1.2039 -0.9647
v 3.4238 10.1080 1.1380
v 0.0000 1.1216 -0.0549
v -4.9629 10.1080 12.7321
v 0.0000 0.9843 -0.2980
v -58.8793 10.1080 -19.7876
v 0.0000 0.1255 0.3804
v -44.1337 10.1080 -44.7856
v 0.0000 0.3608 0.9020
v -62.1428 10.1080 2.5113
v 0.0000 0.0706 -0.0863
v -66.6828 10.1080 -2.6014
v 0.0000 0.0000 0.0196
v -57.2911 10.1080 1.7967
v 0.0000 0.1490 -0.0706
v -25.0639 10.1080 -35.7812
v 0.0000 0.6627 0.7137
v -45.7661 10.1080 -12.5473
v 0.0000 0.3333 0.2275
v -28.7918 10.1080 -46.8706
v 0.0000 0.6039 0.9490
v -62.6743 10.1080 -8.5176
v 0.0000 0.0627 0.1412
v -31.9683 10.1080 -49.3928
v 0.0000 0.5529 1.0000
v -2.8165 10.1080 36.4439
v 0.0000 1.0196 -0.7961
v -37.0823 10.1080 -48.6978
v 0.0000 0.4745 0.9843
v -26.4903 10.1080 -42.3334
v 0.0000 0.6431 0.8510
v -28.9462 10.1080 -28.6812
v 0.0000 0.6039 0.5647
v -38.1374 10.1080 -21.0334
v 0.0000 0.4549 0.4039
v -50.2791 10.1080 -37.8945
v 0.0000 0.2627 0.7608
v -55.5183 10.1080 -28.0245
v 0.0000 0.1765 0.5529
v -51.8322 10.1080 -3.2229
v 0.0000 0.2353 0.0314
v -60.3619 10.1080 -13.1838
v 0.0000 0.1020 0.2392
v -65.8164 10.1080 -5.7890
v 0.0000 0.0157 0.0863
v -65.2733 10.1080 1.0453
v 0.0000 0.0235 -0.0549
v 27.1456 10.1080 -42.7195
v 0.0000 1.4980 0.8588
v 30.9618 10.1080 -37.9395
v 0.0000 1.5608 0.7608
v 12.6596 10.1080 -31.2135
v 0.0000 1.2667 0.6196
v 9.2979 10.1080 -13.5105
v 0.0000 1.2118 0.2471
v 49.4581 10.1080 -23.9012
v 0.0000 1.8549 0.4667
v 59.0353 10.1080 -12.0984
v 0.0000 2.0078 0.2196
v 44.3513 10.1080 19.9579
v 0.0000 1.7725 -0.4510
v 31.5495 10.1080 31.7862
v 0.0000 1.5686 -0.6980
v 20.4298 10.1080 44.8637
v 0.0000 1.3922 -0.9725
v 2.5878 10.1080 41.2238
v 0.0000 1.1059 -0.8980
v -6.4280 10.1080 30.1728
v 0.0000 0.9608 -0.6667
v -8.2468 10.1080 22.4104
v 0.0000 0.9333 -0.5020
v -66.6828 10.1080 -2.6014
v 0.0000 0.0000 0.0196
v -26.4903 10.1080 -42.3334
v 0.0000 0.6431 0.8510
v -60.3619 10.1080 -13.1838
v 0.0000 0.1020 0.2392
v -65.8164 10.1080 -5.7890
v 0.0000 0.0157 0.0863
v -38.1374 10.1080 -21.0334
v 0.0000 0.4549 0.4039
v -57.2911 10.1080 1.7967
v 0.0000 0.1490 -0.0706
v -58.8793 10.1080 -19.7876
v 0.0000 0.1255 0.3804
v -37.0823 10.1080 -48.6978
v 0.0000 0.4745 0.9843
v -6.4280 10.1080 30.1728
v 0.0000 0.9608 -0.6667
v 8.6816 10.1080 44.5231
v 0.0000 1.2039 -0.9647
v 17.0648 10.1080 -41.3262
v 0.0000 1.3373 0.8314
v 30.9618 10.1080 -37.9395
v 0.0000 1.5608 0.7608
v 59.0353 10.1080 -12.0984
v 0.0000 2.0078 0.2196
v 23.5757 10.1080 40.0881
v 0.0000 1.4431 -0.8745
v 0.0000 0.0000 -3.8237
v 10.1080 -1.5254 79.0098
v 0.0000 0.0000 1.0000
v 1.0000 1.0000 0.0000
v -128.4844 0.2656 -104.3212
v 0.0000 0.0902 0.8392
v -157.7066 0.2656 -54.5418
v 0.0000 0.0902 -1.0902
v -87.4711 0.2656 -42.7674
v 0.0000 3.9255 -0.9412
v -82.9807 0.2656 -88.4396
v 0.0000 3.9255 0.8392
v -111.4291 0.2656 149.2763
v 0.0000 0.0902 0.8392
v -102.4403 0.2656 178.9776
v 0.0000 0.0902 -0.5490
v -35.3901 0.2656 195.4091
v 0.0000 3.9255 -0.2980
v -40.3228 0.2656 153.3986
v 0.0000 3.9255 0.8392
v -173.7993 0.2656 -21.0495
v 0.0000 0.0902 -2.3333
v -186.5029 0.2656 12.7487
v 0.0000 0.0902 -3.5412
v -85.9742 0.2656 14.8844
v 0.0000 3.9255 -3.1922
v -89.7162 0.2656 -13.5671
v 0.0000 3.9255 -2.0784
v -146.1230 0.2656 237.8133
v 0.0000 0.0902 -4.0980
v -168.7637 0.2656 233.0723
v 0.0000 0.0902 -5.1373
v -181.4004 0.2656 302.6055
v 0.0000 3.9255 -5.8078
v -133.4863 0.2656 307.3464
v 0.0000 3.9255 -4.5098
v -71.7550 0.2656 70.2901
v 0.0000 3.9255 -5.4196
v -79.9872 0.2656 44.0847
v 0.0000 3.9255 -4.3529
v -183.3192 0.2656 44.6853
v 0.0000 0.0902 -4.6157
v -164.2480 0.2656 74.7604
v 0.0000 0.0902 -5.8078
v -90.0480 0.2656 286.2757
v 0.0000 3.9255 -3.2039
v -51.0850 0.2656 239.3936
v 0.0000 3.9255 -1.5608
v -107.1601 0.2656 205.4172
v 0.0000 0.0902 -1.7569
v -125.5885 0.2656 228.5948
v 0.0000 0.0902 -3.0863
v -218.5205 0.2656 280.7447
v 0.0000 3.9255 -6.9725
v -191.6676 0.2656 216.4792
v 0.0000 0.0902 -6.4078
v -226.4183 0.2656 173.8112
v 0.0000 0.0902 -8.8784
v -258.0099 0.2656 222.2736
v 0.0000 3.9255 -8.8784
v -145.0151 0.2656 100.9549
v 0.0000 0.0902 -6.8941
v -125.6207 0.2656 123.2687
v 0.0000 0.0902 -7.8863
v -49.8206 0.2656 121.0050
v 0.0000 3.9255 -7.5647
v -59.7808 0.2656 97.2442
v 0.0000 3.9255 -6.5647
v -105.7325 0.2656 -96.3804
v 0.0000 2.0078 0.8392
v -122.5889 0.2656 -48.6546
v 0.0000 2.0078 -1.0039
v -131.7578 0.2656 -17.3083
v -0.0000 2.0078 -2.1922
v -136.2385 0.2656 13.8165
v -0.0000 2.0078 -3.3412
v -131.6532 0.2656 44.3850
v -2.0000 2.0078 -4.4667
v -75.8760 0.2656 151.3374
v -0.0000 2.0078 0.8392
v -68.9153 0.2656 187.1933
v -2.0000 2.0078 -0.3922
v -107.8182 0.2656 257.4353
v -0.0000 2.0078 -3.1569
v -205.0940 0.2656 248.6119
v 0.0000 2.0078 -6.7569
v -242.2141 0.2656 198.0424
v 0.0000 2.0078 -8.8784
v -242.2141 0.2656 198.0424
v 0.0000 2.0078 -8.8784
v -205.0940 0.2656 248.6119
v 0.0000 2.0078 -6.7569
v -75.8760 0.2656 151.3374
v -0.0000 2.0078 0.8392
v -68.9153 0.2656 187.1933
v -2.0000 2.0078 -0.3922
v -107.8182 0.2656 257.4353
v -0.0000 2.0078 -3.1569
v -205.0940 0.2656 248.6119
v 0.0000 2.0078 -6.7569
v -226.4183 0.2656 173.8112
v 0.0000 0.0902 -8.8784
v -75.8760 0.2656 151.3374
v -0.0000 2.0078 -8.8784
v -40.3228 0.2656 153.3986
v 0.0000 3.9255 -8.8784
v -82.9807 0.2656 -88.4396
v 0.0000 3.9255 0.8392
v -105.7325 0.2656 -96.3804
v 0.0000 2.0078 0.8392
v -131.7578 0.2656 -17.3083
v -0.0000 2.0078 -2.1922
v -136.2385 0.2656 13.8165
v -0.0000 2.0078 -3.3412
v -131.6532 0.2656 44.3850
v -2.0000 2.0078 -4.4667
v -75.8760 0.2656 151.3374
v -0.0000 2.0078 -8.8784
v -111.4291 0.2656 149.2763
v 0.0000 0.0902 -8.8784
v -146.7000 0.2656 101.5126
v 234.0031 0.0000 0.0000
v 1.0000 1.0000 1.0000
v 12.4795 0.2656 -35.9548
v 0.0000 3.8745 -14.5373
v 28.1594 0.2656 -1.2761
v 0.0000 3.8745 -13.9059
v 77.0070 0.2656 -27.3661
v 0.0000 0.1412 -13.8824
v 51.0916 0.2656 -52.6726
v 0.0000 0.1412 -14.5373
v 137.0281 0.2656 37.8582
v 0.0000 0.1412 -12.1569
v 135.1564 0.2656 16.8366
v 0.0000 0.1412 -12.5412
v 59.4211 0.2656 63.9096
v 0.0000 3.8745 -12.7020
v 68.6099 0.2656 80.9824
v 0.0000 3.8745 -12.3765
v 100.3319 0.2656 131.5408
v 0.0000 3.8745 -11.3843
v 113.0018 0.2656 149.6113
v 0.0000 3.8745 -11.0157
v 181.5626 0.2656 99.1461
v 0.0000 0.1412 -10.7255
v 161.5434 0.2656 85.8297
v 0.0000 0.1412 -11.1608
v 38.7461 0.2656 21.5559
v 0.0000 3.8745 -13.4863
v 49.4666 0.2656 44.1007
v 0.0000 3.8745 -13.0706
v 122.0767 0.2656 0.0117
v 0.0000 0.1412 -12.9255
v 97.7892 0.2656 -12.6165
v 0.0000 0.1412 -13.4196
v 215.6772 0.2656 122.9968
v 0.0000 0.1412 -9.9686
v 199.6072 0.2656 111.5352
v 0.0000 0.1412 -10.3294
v 125.7870 0.2656 165.8330
v 0.0000 3.8745 -10.6706
v 138.6873 0.2656 180.2058
v 0.0000 3.8745 -10.3490
v 177.4861 0.2656 225.4943
v 0.0000 3.8745 -9.3569
v 224.6597 0.2656 188.0164
v 0.0000 0.1412 -8.7608
v 219.7541 0.2656 166.1263
v 0.0000 0.1412 -9.1647
v 222.3929 0.2656 141.1939
v 0.0000 0.1412 -9.6196
v 151.2944 0.2656 194.5786
v 0.0000 3.8745 -10.0314
v 163.6084 0.2656 208.9515
v 0.0000 3.8745 -9.7176
v 78.4025 0.2656 97.7655
v 0.0000 3.8745 -12.0549
v 88.7988 0.2656 114.2588
v 0.0000 3.8745 -11.7294
v 148.1415 0.2656 71.4709
v 0.0000 0.1412 -11.5137
v 141.3564 0.2656 56.0696
v 0.0000 0.1412 -11.8196
v 31.7855 0.2656 -44.3137
v 0.0000 2.0078 -14.5373
v 52.5833 0.2656 -14.3211
v 0.0000 2.0078 -13.8863
v 102.8190 0.2656 59.4203
v -0.0000 2.0078 -12.2667
v 109.8794 0.2656 76.9176
v -0.0000 2.0078 -11.9294
v 118.4702 0.2656 92.8648
v -0.0000 2.0078 -11.6078
v 130.9377 0.2656 108.6852
v -0.0000 2.0078 -11.2471
v 147.2822 0.2656 124.3787
v -0.0000 2.0078 -10.8431
v 162.6970 0.2656 138.6841
v -0.0078 2.0078 -10.4706
v 177.1823 0.2656 151.6013
v -0.0078 2.0078 -10.1216
v 186.8437 0.2656 167.8863
v -0.0000 2.0078 -9.7843
v 191.6813 0.2656 187.5389
v -0.0000 2.0078 -9.4235
v 191.6813 0.2656 187.5389
v -0.0000 2.0078 -9.4235
v 186.8437 0.2656 167.8863
v -0.0000 2.0078 -9.7843
v 177.1823 0.2656 151.6013
v -0.0078 2.0078 -10.1216
v 162.6970 0.2656 138.6841
v -0.0078 2.0078 -10.4706
v 147.2822 0.2656 124.3787
v -0.0000 2.0078 -10.8431
v 130.9377 0.2656 108.6852
v -0.0000 2.0078 -11.2471
v 118.4702 0.2656 92.8648
v -0.0000 2.0078 -11.6078
v 109.8794 0.2656 76.9176
v -0.0000 2.0078 -11.9294
v 102.8190 0.2656 59.4203
v -0.0000 2.0078 -12.2667
v 52.5833 0.2656 -14.3211
v 0.0000 2.0078 -13.8863
v 77.0070 0.2656 -27.3661
v 0.0000 0.1412 -13.8824
v 31.7855 0.2656 -44.3137
v 0.0000 2.0078 -14.5373
v 28.1594 0.2656 -1.2761
v 0.0000 3.8745 -13.9059
v 0.0000 118.5696 0.2656
v 86.4108 174.9266 0.0000
v 0.0000 1.0000 1.0000
v 1.0000 0.0000 0.0000
v 0.0000 150.0000 11.0000
v -350.0000 0.0000 0.2549
v 0.8745 150.0000 11.0000
v -320.0000 8.0000 0.2510
v 0.5804 200.0000 11.0000
v -340.0000 0.0000 0.0000
v 0.9020 200.0000 11.0000
v -320.0000 8.0000 0.0000
v 0.7529 100.0000 11.0000
v -340.0000 0.0000 0.5059
v 0.8941 100.0000 11.0000
v -320.0000 8.0000 0.5020
v 0.7333 50.0000 11.0000
v -350.0000 0.0000 0.7608
v 0.9098 50.0000 11.0000
v -320.0000 8.0000 0.7529
v 0.6980 0.0000 11.0000
v -340.0000 0.0000 1.0157
v 0.8863 0.0000 11.0000
v -320.0000 8.0000 1.0039
v 0.7098 -50.0000 11.0000
v -340.0000 0.0000 1.2627
v 0.9020 -50.0000 11.0000
v -320.0000 8.0000 1.2549
v 0.7529 -100.0000 11.0000
v -340.0000 0.0000 1.5098
v 0.8627 -100.0000 11.0000
v -320.0000 8.0000 1.5059
v 0.6471 -122.0000 11.0000
v -340.0000 0.0000 1.6196
v 0.9451 -150.0000 11.0000
v -320.0000 0.0000 1.7569
v 0.7020 150.0000 11.0000
v -290.0000 8.0000 0.2588
v 0.2902 200.0000 11.0000
v -270.0000 8.0000 0.0000
v 0.3725 100.0000 11.0000
v -270.0000 8.0000 0.5176
v 0.3490 0.0000 11.0000
v -280.0000 8.0000 1.0039
v 0.3725 -100.0000 11.0000
v -290.0000 8.0000 1.5098
v 0.3216 -150.0000 11.0000
v -270.0000 0.0000 1.7686
v 0.3490 150.0000 21.0000
v -358.0000 0.0000 0.2510
v 1.0000 200.0000 21.0000
v -348.0000 0.0000 0.0000
v 1.0000 100.0000 21.0000
v -348.0000 0.0000 0.5059
v 1.0000 50.0000 21.0000
v -358.0000 0.0000 0.7569
v 1.0000 0.0000 21.0000
v -348.0000 0.0000 1.0078
v 1.0000 -50.0000 21.0000
v -348.0000 0.0000 1.2549
v 1.0000 -100.0000 21.0000
v -348.0000 0.0000 1.5020
v 1.0000 -122.0000 11.0000
v -348.0000 0.0000 1.6235
v 1.0000 -150.0000 11.0000
v -220.0000 0.0000 1.7882
v 0.0000 -100.0000 11.0000
v -260.0000 8.0000 1.5098
v 0.0000 200.0000 11.0000
v -220.0000 8.0000 0.0000
v 0.0000 -200.0000 11.0000
v -348.0000 0.0000 2.0078
v 1.0000 -200.0000 11.0000
v -340.0000 0.0000 2.0078
v 0.9373 -200.0000 11.0000
v -320.0000 0.0000 2.0078
v 0.7804 -200.0000 11.0000
v -270.0000 0.0000 2.0078
v 0.3882 -200.0000 11.0000
v -220.0000 0.0000 2.0078
v 0.0000 -200.0000 11.0000
v -340.0000 0.0000 2.0078
v 0.9373 -150.0000 11.0000
v -320.0000 0.0000 1.7569
v 0.7020 -150.0000 11.0000
v -270.0000 0.0000 1.7686
v 0.3490 -150.0000 11.0000
v -320.0000 0.0000 1.7569
v 0.7020 -100.0000 11.0000
v -320.0000 8.0000 1.5059
v 0.6471 -50.0000 11.0000
v -320.0000 8.0000 1.2549
v 0.7529 0.0000 11.0000
v -320.0000 8.0000 1.0039
v 0.7098 50.0000 11.0000
v -320.0000 8.0000 0.7529
v 0.6980 100.0000 11.0000
v -320.0000 8.0000 0.5020
v 0.7333 150.0000 11.0000
v -320.0000 8.0000 0.2510
v 0.5804 200.0000 11.0000
v -320.0000 8.0000 0.0000
v 0.7529 -200.0000 11.0000
v -348.0000 0.0000 2.0078
v 1.0000 -122.0000 11.0000
v -340.0000 0.0000 1.6196
v 0.9451 -100.0000 11.0000
v -340.0000 0.0000 1.5098
v 0.8627 -50.0000 11.0000
v -340.0000 0.0000 1.2627
v 0.9020 0.0000 11.0000
v -340.0000 0.0000 1.0157
v 0.8863 50.0000 11.0000
v -350.0000 0.0000 0.7608
v 0.9098 100.0000 11.0000
v -340.0000 0.0000 0.5059
v 0.8941 150.0000 11.0000
v -350.0000 0.0000 0.2549
v 0.8745 200.0000 11.0000
v -340.0000 0.0000 0.0000
v 0.9020 200.0000 11.0000
v -270.0000 8.0000 0.0000
v 0.3725 150.0000 11.0000
v -290.0000 8.0000 0.2588
v 0.2902 100.0000 11.0000
v -270.0000 8.0000 0.5176
v 0.3490 0.0000 11.0000
v -280.0000 8.0000 1.0039
v 0.3725 -100.0000 11.0000
v -290.0000 8.0000 1.5098
v 0.3216 -150.0000 11.0000
v -270.0000 0.0000 1.7686
v 0.3490 -200.0000 11.0000
v -270.0000 0.0000 2.0078
v 0.3882 0.0000 0.0000
v 16.0000 -289.0000 211.5680
v 0.0000 0.0000 1.0000
v 1.0000 1.0000 0.0000
v 0.0000 230.0000 11.0000
v -279.0000 0.0000 0.2549
v 0.8784 219.0000 11.0000
v -256.0000 8.0000 0.3059
v 0.6353 280.0000 11.0000
v -264.0000 0.0000 0.0000
v 0.8980 280.0000 11.0000
v -250.0000 8.0000 0.0000
v 0.7882 180.0000 11.0000
v -276.0000 0.0000 0.5020
v 0.8706 180.0000 11.0000
v -250.0000 8.0000 0.5059
v 0.6039 130.0000 11.0000
v -285.0000 0.0000 0.7490
v 0.9020 138.0000 11.0000
v -250.0000 8.0000 0.7137
v 0.6235 80.0000 11.0000
v -270.0000 0.0000 1.0039
v 0.9020 80.0000 11.0000
v -250.0000 8.0000 1.0039
v 0.7529 30.0000 11.0000
v -277.0000 0.0000 1.2510
v 0.9098 30.0000 11.0000
v -250.0000 8.0000 1.2549
v 0.7137 -20.0000 11.0000
v -288.0000 0.0000 1.5020
v 0.9020 -20.0000 11.0000
v -250.0000 8.0000 1.5059
v 0.6118 -70.0000 11.0000
v -270.0000 0.0000 1.7647
v 0.9020 -70.0000 11.0000
v -250.0000 8.0000 1.7569
v 0.7529 230.0000 11.0000
v -220.0000 8.0000 0.2667
v 0.2784 280.0000 11.0000
v -200.0000 8.0000 0.0000
v 0.3922 180.0000 11.0000
v -220.0000 8.0000 0.5098
v 0.3059 80.0000 11.0000
v -200.0000 8.0000 1.0118
v 0.3569 -20.0000 11.0000
v -210.0000 8.0000 1.5098
v 0.3725 230.0000 21.0000
v -287.0000 0.0000 0.2549
v 1.0000 280.0000 21.0000
v -272.0000 0.0000 0.0000
v 1.0000 180.0000 21.0000
v -284.0000 0.0000 0.5020
v 1.0000 130.0000 21.0000
v -293.0000 0.0000 0.7490
v 1.0000 80.0000 21.0000
v -278.0000 0.0000 1.0039
v 1.0000 30.0000 21.0000
v -285.0000 0.0000 1.2510
v 1.0000 -20.0000 21.0000
v -296.0000 0.0000 1.5020
v 1.0000 -70.0000 21.0000
v -278.0000 0.0000 1.7647
v 0.0000 -20.0000 11.0000
v -170.0000 8.0000 1.5216
v 0.0000 280.0000 11.0000
v -150.0000 8.0000 0.0000
v 0.0000 -120.0000 21.0000
v -278.0000 0.0000 2.0078
v 1.0000 -120.0000 11.0000
v -270.0000 0.0000 2.0078
v 0.9020 -120.0000 11.0000
v -250.0000 8.0000 2.0078
v 0.7529 -120.0000 11.0000
v -200.0000 8.0000 2.0078
v 0.3725 -120.0000 11.0000
v -150.0000 8.0000 2.0078
v 0.0000 -120.0000 11.0000
v -270.0000 0.0000 2.0078
v 0.9020 -70.0000 11.0000
v -250.0000 8.0000 1.7569
v 0.3725 -70.0000 11.0000
v -250.0000 8.0000 1.7569
v 0.7529 -20.0000 11.0000
v -250.0000 8.0000 1.5059
v 0.6118 30.0000 11.0000
v -250.0000 8.0000 1.2549
v 0.7137 80.0000 11.0000
v -250.0000 8.0000 1.0039
v 0.7529 138.0000 11.0000
v -250.0000 8.0000 0.7137
v 0.6235 180.0000 11.0000
v -250.0000 8.0000 0.5059
v 0.6039 219.0000 11.0000
v -256.0000 8.0000 0.3059
v 0.6353 280.0000 11.0000
v -250.0000 8.0000 0.0000
v 0.7882 -120.0000 21.0000
v -278.0000 0.0000 2.0078
v 1.0000 -70.0000 11.0000
v -270.0000 0.0000 1.7647
v 0.9020 -20.0000 11.0000
v -288.0000 0.0000 1.5020
v 0.9020 30.0000 11.0000
v -277.0000 0.0000 1.2510
v 0.9098 80.0000 11.0000
v -270.0000 0.0000 1.0039
v 0.9020 130.0000 11.0000
v -285.0000 0.0000 0.7490
v 0.9020 180.0000 11.0000
v -276.0000 0.0000 0.5020
v 0.8706 230.0000 11.0000
v -279.0000 0.0000 0.2549
v 0.8784 280.0000 11.0000
v -264.0000 0.0000 0.0000
v 0.8980 280.0000 11.0000
v -200.0000 8.0000 0.0000
v 0.3922 230.0000 11.0000
v -220.0000 8.0000 0.2667
v 0.2784 180.0000 11.0000
v -220.0000 8.0000 0.5098
v 0.3059 80.0000 11.0000
v -200.0000 8.0000 1.0118
v 0.3569 -20.0000 11.0000
v -210.0000 8.0000 1.5098
v 0.3725 -120.0000 11.0000
v -200.0000 8.0000 2.0078
v 0.3725 0.0000 0.0000
v 0.0000 0.0000 80.0000
v 16.0000 -223.0000 212.9061
v 0.0000 0.0000 1.0000
v 1.0000 1.0000 0.0000
v 0.0000 140.0000 11.0000
v -360.0000 0.0000 0.2471
v 0.8863 140.0000 11.0000
v -340.0000 0.0000 0.2510
v 0.7098 190.0000 11.0000
v -360.0000 0.0000 0.0000
v 0.9020 190.0000 11.0000
v -340.0000 0.0000 0.0000
v 0.7529 90.0000 11.0000
v -371.0000 0.0000 0.5020
v 0.8980 90.0000 11.0000
v -340.0000 8.0000 0.5020
v 0.6431 40.0000 11.0000
v -368.0000 0.0000 0.7490
v 0.9098 40.0000 11.0000
v -340.0000 8.0000 0.7529
v 0.7098 -10.0000 11.0000
v -366.0000 0.0000 0.9961
v 0.9059 -10.0000 11.0000
v -340.0000 8.0000 1.0039
v 0.7176 -60.0000 11.0000
v -357.0000 0.0000 1.2471
v 0.8706 -60.0000 11.0000
v -340.0000 8.0000 1.2549
v 0.7020 -110.0000 11.0000
v -368.0000 0.0000 1.4980
v 0.8824 -110.0000 11.0000
v -340.0000 8.0000 1.5059
v 0.6314 -160.0000 11.0000
v -371.0000 0.0000 1.7451
v 0.9098 -160.0000 11.0000
v -340.0000 8.0000 1.7569
v 0.6941 -210.0000 11.0000
v -354.0000 0.0000 2.0078
v 0.8980 -210.0000 11.0000
v -340.0000 8.0000 2.0078
v 0.7882 140.0000 11.0000
v -300.0000 0.0000 0.2549
v 0.3529 190.0000 11.0000
v -290.0000 0.0000 0.0000
v 0.3725 90.0000 11.0000
v -300.0000 8.0000 0.5020
v 0.3529 -10.0000 11.0000
v -290.0000 8.0000 1.0039
v 0.2980 -110.0000 11.0000
v -300.0000 8.0000 1.5059
v 0.3451 -210.0000 11.0000
v -290.0000 8.0000 2.0078
v 0.3922 140.0000 21.0000
v -368.0000 0.0000 0.2471
v 1.0000 190.0000 21.0000
v -368.0000 0.0000 0.0000
v 1.0000 90.0000 21.0000
v -379.0000 0.0000 0.5020
v 1.0000 40.0000 21.0000
v -376.0000 0.0000 0.7490
v 1.0000 -10.0000 21.0000
v -374.0000 0.0000 0.9961
v 1.0000 -60.0000 21.0000
v -365.0000 0.0000 1.2471
v 1.0000 -110.0000 21.0000
v -376.0000 0.0000 1.4980
v 1.0000 -160.0000 21.0000
v -379.0000 0.0000 1.7451
v 1.0000 -210.0000 21.0000
v -362.0000 0.0000 2.0078
v 1.0000 -210.0000 11.0000
v -240.0000 8.0000 2.0078
v 0.0000 -10.0000 11.0000
v -240.0000 8.0000 0.9843
v 0.0000 90.0000 11.0000
v -260.0000 8.0000 0.4902
v 0.0000 140.0000 11.0000
v -260.0000 0.0000 0.2549
v 0.0000 190.0000 11.0000
v -240.0000 0.0000 0.0000
v 0.0000 -210.0000 11.0000
v -340.0000 8.0000 2.0078
v 0.7882 -160.0000 11.0000
v -340.0000 8.0000 1.7569
v 0.6941 -110.0000 11.0000
v -340.0000 8.0000 1.5059
v 0.6314 -60.0000 11.0000
v -340.0000 8.0000 1.2549
v 0.7020 -10.0000 11.0000
v -340.0000 8.0000 1.0039
v 0.7176 40.0000 11.0000
v -340.0000 8.0000 0.7529
v 0.7098 90.0000 11.0000
v -340.0000 8.0000 0.5020
v 0.6431 140.0000 11.0000
v -340.0000 0.0000 0.2510
v 0.7098 190.0000 11.0000
v -340.0000 0.0000 0.0000
v 0.7529 -210.0000 11.0000
v -354.0000 0.0000 2.0078
v 0.8980 -160.0000 11.0000
v -371.0000 0.0000 1.7451
v 0.9098 -110.0000 11.0000
v -368.0000 0.0000 1.4980
v 0.8824 -60.0000 11.0000
v -357.0000 0.0000 1.2471
v 0.8706 -10.0000 11.0000
v -366.0000 0.0000 0.9961
v 0.9059 40.0000 11.0000
v -368.0000 0.0000 0.7490
v 0.9098 90.0000 11.0000
v -371.0000 0.0000 0.5020
v 0.8980 140.0000 11.0000
v -360.0000 0.0000 0.2471
v 0.8863 190.0000 11.0000
v -360.0000 0.0000 0.0000
v 0.9020 190.0000 11.0000
v -290.0000 0.0000 0.0000
v 0.3725 140.0000 11.0000
v -300.0000 0.0000 0.2549
v 0.3529 90.0000 11.0000
v -300.0000 8.0000 0.5020
v 0.3529 -10.0000 11.0000
v -290.0000 8.0000 1.0039
v 0.2980 -110.0000 11.0000
v -300.0000 8.0000 1.5059
v 0.3451 -210.0000 11.0000
v -290.0000 8.0000 2.0078
v 0.3922 0.0000 0.0000
v 0.0000 -10.0000 16.0000
v -309.5000 211.7315 0.0000
v 0.0000 1.0000 1.0000
v 1.0000 0.0000 0.0000
v -320.0000 11.0000 -470.0000
v 0.0000 0.0000 0.9020
v -320.0000 11.0000 -450.0000
v 8.0000 0.0000 0.7529
v -320.0000 11.0000 -400.0000
v 8.0000 0.0000 0.3725
v -320.0000 21.0000 -478.0000
v 0.0000 0.0000 1.0000
v -320.0000 11.0000 -350.0000
v 8.0000 0.0000 0.0000
v -152.0000 11.0000 -281.0000
v 8.0000 1.6980 0.7922
v -144.0000 11.0000 -293.0000
v 0.0000 1.7765 0.9294
v -139.0000 11.0000 -299.0000
v 0.0000 1.8000 1.0000
v -120.0000 21.0000 -278.0000
v 0.0000 2.0078 1.0000
v -120.0000 11.0000 -270.0000
v 0.0000 2.0078 0.9020
v -120.0000 11.0000 -250.0000
v 8.0000 2.0078 0.7529
v -120.0000 11.0000 -200.0000
v 8.0000 2.0078 0.3725
v -120.0000 11.0000 -150.0000
v 8.0000 2.0078 0.0000
v -270.0000 11.0000 -400.0000
v 8.0000 0.4902 0.6510
v -270.0000 11.0000 -435.0000
v 0.0000 0.4275 0.8745
v -270.0000 21.0000 -452.0000
v 0.0000 0.3882 1.0000
v -220.0000 11.0000 -250.0000
v 8.0000 1.0039 0.0000
v -210.0000 11.0000 -290.0000
v 8.0000 1.1059 0.2471
v -220.0000 11.0000 -342.0000
v 8.0000 1.0196 0.5725
v -220.0000 11.0000 -398.0000
v 0.0000 0.8627 0.9137
v -220.0000 21.0000 -408.0000
v 0.0000 0.8510 1.0000
v -189.5000 11.0000 -364.0000
v 0.0000 1.1843 0.9373
v -185.0000 11.0000 -372.5000
v 0.0000 1.2000 1.0000
v -194.8750 11.0000 -340.5000
v 8.0000 1.1922 0.7725
v -220.0000 21.0000 -408.0000
v 0.0000 0.8510 1.0000
v -220.0000 11.0000 -398.0000
v 0.0000 0.8627 0.9137
v -220.0000 11.0000 -342.0000
v 8.0000 1.0196 0.5725
v -210.0000 11.0000 -290.0000
v 8.0000 1.1059 0.2471
v -185.0000 11.0000 -372.5000
v 0.0000 1.2000 1.0000
v -189.5000 11.0000 -364.0000
v 0.0000 1.1843 0.9373
v -194.8750 11.0000 -340.5000
v 8.0000 1.1922 0.7725
v -152.0000 11.0000 -281.0000
v 8.0000 1.6980 0.7922
v -144.0000 11.0000 -293.0000
v 0.0000 1.7765 0.9294
v -139.0000 11.0000 -299.0000
v 0.0000 1.8000 1.0000
v -270.0000 21.0000 -452.0000
v 0.0000 0.3882 1.0000
v -270.0000 11.0000 -435.0000
v 0.0000 0.4275 0.8745
v -270.0000 11.0000 -400.0000
v 8.0000 0.4902 0.6510
v -220.0000 16.0000 -314.0000
v 192.0833 0.0000 0.0000
v 1.0000 1.0000 1.0000
v 1.0000 0.0000 0.0000
v -10.0000 10.0000 5.0000
v 145.7738 0.0000 0.0000
v 1.0000 1.0000 1.0000
v -123.0407 0.5352 243.3067
v 0.0000 0.0000 -2.4431
v -132.8891 0.5352 242.7654
v 0.0000 0.0000 -1.5725
v -134.7289 0.5352 274.3811
v 0.0000 3.0118 -1.6588
v -121.6338 0.5352 274.9225
v 0.0000 3.0118 -2.5765
v -113.0300 0.5352 240.0044
v 0.0000 0.0000 -3.3725
v -110.2162 0.5352 269.5630
v 0.0000 3.0118 -3.4588
v -95.6060 0.5352 252.6724
v 0.0000 3.0118 -5.0196
v -97.7705 0.5352 229.2854
v 0.0000 0.0000 -5.0196
v -146.7958 0.5352 268.1013
v 0.0000 3.0118 -0.7098
v -143.0080 0.5352 239.1924
v 0.0000 0.0000 -0.6275
v -158.5922 0.5352 229.2854
v 0.0000 0.0000 1.0000
v -163.3541 0.5352 250.0738
v 0.0000 3.0118 1.0000
v -160.9731 0.5352 239.6797
v 0.0000 1.5059 1.0000
v -133.8090 0.5352 258.5733
v -0.0000 1.5059 -1.6196
v -122.3373 0.5352 259.1146
v -0.0000 1.5059 -2.5176
v -96.6882 0.5352 240.9789
v 0.0000 1.5059 -5.0196
v -160.9731 0.5352 239.6797
v 0.0000 1.5059 1.0000
v -146.7958 0.5352 268.1013
v 0.0000 3.0118 -0.7098
v -96.6882 0.5352 240.9789
v 0.0000 1.5059 -5.0196
v -96.6882 0.5352 240.9789
v 0.0000 1.5059 -5.0196
v -113.0300 0.5352 240.0044
v 0.0000 0.0000 -3.3725
v -122.3373 0.5352 259.1146
v -0.0000 1.5059 -2.5176
v -133.8090 0.5352 258.5733
v -0.0000 1.5059 -1.6196
v -143.0080 0.5352 239.1924
v 0.0000 0.0000 -0.6275
v 0.0000 0.0000 -129.4800
v 0.5352 252.1039 40.8428
v 0.0000 0.0000 1.0000
v 1.0000 1.0000 0.0000
v 0.0000 0.0000 -195.8455
v 0.5352 251.9971 0.0000
v 0.0000 -2.4431 -205.6938
v 0.5352 251.4557 0.0000
v 0.0000 -1.5725 -207.5336
v 0.5352 283.0714 0.0000
v 3.0118 -1.6588 -194.4386
v 0.5352 283.6128 0.0000
v 3.0118 -2.5765 -185.8348
v 0.5352 248.6947 0.0000
v 0.0000 -3.3725 -183.0209
v 0.5352 278.2533 0.0000
v 3.0118 -3.4588 -168.4107
v 0.5352 261.3627 0.0000
v 3.0118 -5.0196 -170.5752
v 0.5352 237.9758 0.0000
v 0.0000 -5.0196 -219.6006
v 0.5352 276.7916 0.0000
v 3.0118 -0.7098 -215.8127
v 0.5352 247.8827 0.0000
v 0.0000 -0.6275 -231.3970
v 0.5352 237.9758 0.0000
v 0.0000 1.0000 -236.1588
v 0.5352 258.7641 0.0000
v 3.0118 1.0000 -233.7779
v 0.5352 248.3700 0.0000
v 1.5059 -0.6667 -206.6137
v 0.5352 267.2636 -0.0000
v 1.5059 -1.6196 -195.1420
v 0.5352 267.8049 -0.0000
v 1.5059 -3.4235 -169.4930
v 0.5352 249.6692 0.0000
v 1.5059 -5.0196 -233.7779
v 0.5352 248.3700 0.0000
v 1.5059 1.0000 -219.6006
v 0.5352 276.7916 0.0000
v 3.0118 -0.7098 -169.4930
v 0.5352 249.6692 0.0000
v 1.5059 -5.0196 -169.4930
v 0.5352 249.6692 0.0000
v 1.5059 -3.4235 -185.8348
v 0.5352 248.6947 0.0000
v 0.0000 -3.3725 -195.1420
v 0.5352 267.8049 -0.0000
v 1.5059 -2.5176 -206.6137
v 0.5352 267.2636 -0.0000
v 1.5059 -0.6667 -215.8127
v 0.5352 247.8827 0.0000
v 0.0000 -0.6275 0.0000
v 0.0000 -202.2848 0.5352
v 260.7943 40.8428 0.0000
v 0.0000 1.0000 1.0000
v 1.0000 0.0000 0.0000
v 0.0000 -60.6818 0.5352
v 297.3289 0.0000 0.0000
v -2.4431 -70.5302 0.5352
v 296.7876 0.0000 0.0000
v -1.5725 -72.3700 0.5352
v 328.4034 0.0000 3.0118
v -1.6588 -59.2749 0.5352
v 328.9447 0.0000 3.0118
v -2.5765 -50.6711 0.5352
v 294.0266 0.0000 0.0000
v -3.3725 -47.8573 0.5352
v 323.5852 0.0000 3.0118
v -3.4588 -33.2471 0.5352
v 306.6946 0.0000 3.0118
v -5.0196 -35.4116 0.5352
v 283.3076 0.0000 0.0000
v -5.0196 -84.4369 0.5352
v 322.1235 0.0000 3.0118
v -0.7098 -80.6491 0.5352
v 293.2146 0.0000 0.0000
v -0.6275 -96.2333 0.5352
v 283.3076 0.0000 0.0000
v 1.0000 -100.9951 0.5352
v 304.0960 0.0000 3.0118
v 1.0000 -98.6142 0.5352
v 293.7019 0.0000 1.5059
v -0.6667 -71.4501 0.5352
v 312.5955 -0.0000 1.5059
v -1.6196 -59.9784 0.5352
v 313.1368 -0.0000 1.5059
v -3.4235 -34.3293 0.5352
v 295.0011 0.0000 1.5059
v -5.0196 -98.6142 0.5352
v 293.7019 0.0000 1.5059
v 1.0000 -84.4369 0.5352
v 322.1235 0.0000 3.0118
v -0.7098 -34.3293 0.5352
v 295.0011 0.0000 1.5059
v -5.0196 -34.3293 0.5352
v 295.0011 0.0000 1.5059
v -3.4235 -50.6711 0.5352
v 294.0266 0.0000 0.0000
v -3.3725 -59.9784 0.5352
v 313.1368 -0.0000 1.5059
v -2.5176 -71.4501 0.5352
v 312.5955 -0.0000 1.5059
v -0.6667 -80.6491 0.5352
v 293.2146 0.0000 0.0000
v -0.6275 0.0000 0.0000
v -67.1211 0.5352 306.1262
v 40.8428 0.0000 0.0000
v 1.0000 1.0000 1.0000
v -4.9999 10.0000 -2.5000
v 152.5820 0.0000 0.0000
v 1.0000 1.0000 1.0000
v 5.0001 10.0000 -12.4998
v 97.6282 0.0000 0.0000
v 1.0000 1.0000 1.0000
v -2.8000 0.0000 0.0000
v 0.0000 -13.5000 10.0000
v -8.0000 138.9469 0.0000
v 0.0000 1.0000 1.0000
v 1.0000 0.0000 0.0000
v 0.0000 0.0000 -180.0000
v 11.0000 -170.0000 8.0000
v 2.0078 1.0000 -130.0000
v 11.0000 -40.0000 0.0000
v 2.0078 0.0000 110.0000
v 11.0000 -280.0000 0.0000
v 0.0000 1.0000 160.0000
v 11.0000 -150.0000 0.0000
v 0.0000 0.0000 -155.0000
v 11.0000 -105.0000 0.0000
v 2.0078 0.4980 135.0000
v 11.0000 -215.0000 0.0000
v 0.0000 0.4980 15.0000
v 11.0000 -95.0000 0.0000
v 1.0039 0.0000 -35.0000
v 11.0000 -225.0000 8.0000
v 1.0039 1.0000 37.5000
v 11.0000 -252.5000 0.0000
v 0.5020 1.0000 -107.5000
v 11.0000 -197.5000 0.0000
v 1.5059 1.0000 -57.5000
v 11.0000 -67.5000 8.0000
v 1.5059 0.0000 87.5000
v 11.0000 -122.5000 8.0000
v 0.5020 0.0000 -82.5000
v 11.0000 -132.5000 0.0000
v 1.5059 0.4980 -10.0000
v 11.0000 -160.0000 8.0000
v 1.0039 0.4980 62.5000
v 11.0000 -187.5000 8.0000
v 0.5020 0.4980 -155.0000
v 11.0000 -105.0000 0.0000
v 2.0078 0.4980 -82.5000
v 11.0000 -132.5000 0.0000
v 1.5059 0.4980 -10.0000
v 11.0000 -160.0000 8.0000
v 1.0039 0.4980 62.5000
v 11.0000 -187.5000 8.0000
v 0.5020 0.4980 135.0000
v 11.0000 -215.0000 0.0000
v 0.0000 0.4980 0.0000
v 0.0000 0.0000 -10.0000
v 11.0000 -160.0000 208.0865
v 0.0000 0.0000 1.0000
v 1.0000 1.0000 0.0000
v 0.0000 0.0000 -97.8141
v 11.0000 81.1628 8.0000
v 2.0078 1.0000 41.3911
v 11.0000 85.8449 0.0000
v 2.0078 0.0000 -85.9528
v 11.0000 -228.7715 0.0000
v 0.0000 1.0000 53.2523
v 11.0000 -224.0894 0.0000
v 0.0000 0.0000 -28.2115
v 11.0000 83.5039 0.0000
v 2.0078 0.4980 -16.3503
v 11.0000 -226.4305 0.0000
v 0.0000 0.4980 47.3217
v 11.0000 -69.1222 0.0000
v 1.0039 0.0000 -91.8835
v 11.0000 -73.8044 8.0000
v 1.0039 1.0000 -88.9182
v 11.0000 -151.2879 0.0000
v 0.5020 1.0000 -94.8488
v 11.0000 3.6792 0.0000
v 1.5059 1.0000 44.3564
v 11.0000 8.3613 8.0000
v 1.5059 0.0000 50.2870
v 11.0000 -146.6058 8.0000
v 0.5020 0.0000 -25.2462
v 11.0000 6.0203 0.0000
v 1.5059 0.4980 -22.2809
v 11.0000 -71.4633 8.0000
v 1.0039 0.4980 -19.3156
v 11.0000 -148.9469 8.0000
v 0.5020 0.4980 -28.2115
v 11.0000 83.5039 0.0000
v 2.0078 0.4980 -25.2462
v 11.0000 6.0203 0.0000
v 1.5059 0.4980 -22.2809
v 11.0000 -71.4633 8.0000
v 1.0039 0.4980 -19.3156
v 11.0000 -148.9469 8.0000
v 0.5020 0.4980 -16.3503
v 11.0000 -226.4305 0.0000
v 0.0000 0.4980 0.0000
v 0.0000 0.0000 -22.2809
v 11.0000 -71.4633 174.5026
v 0.0000 0.0000 1.0000
v 1.0000 1.0000 0.0000
v 2.9451 -2.2667 0.0000
v 0.0000 5.0000 10.0000
v -2.5000 100.9022 0.0000
v 0.0000 1.0000 1.0000
v 1.0000 0.0000 0.0000
v 1.3922 0.6235 0.0000
v 0.0000 0.0000 -2.4996
v 10.0000 -10.0000 83.8526
v 0.0000 0.0000 1.0000
v 1.0000 1.0000 0.0000
v 1.1216 -1.7333 0.0000
v 0.0000 0.0000 -2.5000
v 10.0000 0.0000 72.5000
v 0.0000 0.0000 1.0000
v 1.0000 1.0000 0.0000
v 0.0000 -10.0000 10.0000
v -2.5000 80.0391 0.0000
v 0.0000 1.0000 1.0000
v 0.0000 0.0000 1.0000
v 0.0000 0.7071 0.0000
v -0.7071 0.0000 0.0000
v 0.0000 0.0000 1.0000
v 0.0000 0.0000 0.7071
v 0.0000 0.7071 0.0000
v 0.0000 1.0000 0.0000
v 1.0000 0.0000 0.0000
v 178.0508 52.4925 -131.9844
v 0.0000 175.8070 42.3238
v -157.2978 0.0000 166.4572
v 30.3197 -191.0787 0.0000
v 145.9194 16.2593 -236.2228
v 0.0000 109.8986 1.6775
v -291.6051 0.0000 66.3171
v -8.1767 -340.2239 0.0000
v 27.3784 -11.7220 -371.2469
v 0.0000 -12.5400 -10.7491
v -392.1723 0.0000 -82.5672
v -3.2273 -415.1515 0.0000
v -152.9197 8.5816 -428.1981
v 0.0000 -223.6024 24.1632
v -432.5294 0.0000 -250.0770
v 31.1672 -431.3947 0.0000
v -273.1190 37.9914 -428.6875
v 0.0000 -298.4623 46.6384
v -423.0154 0.0000 0.0000
v 1.0000 0.0000 0.0000
v -0.4770 2.5000 0.0000
v 0.0000 -0.4770 -2.5000
v 0.0000 0.0000 -0.4770
v 1.0000 0.0000 0.0000
v -0.4770 2.5000 0.0000
v 0.0000 -0.4770 -2.5000
v 0.0000 0.0000 -0.4770
v 1.0000 0.0000 0.0000
v -0.4770 1.5000 0.0000
v 0.0000 -0.4770 2.5000
v 0.0000 0.0000 -0.4770
v -2.5000 0.0000 0.0000
v -0.4770 1.0000 0.0000
v 0.0000 -0.4770 2.5000
v 0.0000 0.0000 -0.4770
v -2.5000 0.0000 0.0000
v -0.4770 1.0000 0.0000
v 0.0000 -0.4770 1.5000
v 0.0000 0.0000 -0.4770
v 2.5000 0.0000 0.0000
v -0.4770 -2.5000 0.0000
v 0.0000 -0.4770 1.0000
v 0.0000 0.0000 -0.4770
v 2.5000 0.0000 0.0000
v -0.4770 -2.5000 0.0000
v 0.0000 -0.4770 1.0000
v 0.0000 0.0000 -0.4770
v 1.5000 0.0000 0.0000
v -0.4770 2.5000 0.0000
v 0.0000 -0.4770 -2.5000
v 0.0000 0.0000 -0.4770
v 1.0000 0.0000 0.0000
v -0.4770 2.5000 0.0000
v 0.0000 -0.4770 -2.5000
v 0.0000 0.0000 -0.4770
v 1.0000 0.0000 0.0000
v -0.4770 1.5000 0.0000
v 0.0000 -0.4770 2.5000
v 0.0000 0.0000 -0.4770
v -2.5000 0.0000 0.0000
v -0.4770 1.0000 0.0000
v 0.0000 -0.4770 2.5000
v 0.0000 0.0000 -0.4770
v -2.5000 0.0000 0.0000
v -0.4770 1.0000 0.0000
v 0.0000 -0.4770 1.5000
v 0.0000 0.0000 -0.4770
v 2.5000 0.0000 0.0000
v -0.4770 -2.5000 0.0000
v 0.0000 -0.4770 1.0000
v 0.0000 0.0000 -0.4770
v 2.5000 0.0000 0.0000
v -0.4770 -2.5000 0.0000
v 0.0000 -0.4770 1.0000
v 0.0000 0.0000 -0.4770
v 1.5000 0.0000 0.0000
v -0.4770 2.5000 0.0000
v 0.0000 -0.4770 -2.5000
v 0.0000 0.0000 -0.4770
v 1.0000 0.0000 0.0000
v -0.4770 2.5000 0.0000
v 0.0000 -0.4770 -2.5000
v 0.0000 0.0000 -0.4770
v 1.0000 0.0000 0.0000
v -0.4770 1.5000 0.0000
v 0.0000 -0.4770 2.5000
v 0.0000 0.0000 -0.4770
v -2.5000 0.0000 0.0000
v -0.4770 1.0000 0.0000
v 0.0000 -0.4770 2.5000
v 0.0000 0.0000 -0.4770
v -2.5000 0.0000 0.0000
v -0.4770 1.0000 0.0000
v 0.0000 -0.4770 1.5000
v 0.0000 0.0000 -0.4770
v 2.5000 0.0000 0.0000
v -0.4770 -2.5000 0.0000
v 0.0000 -0.4770 1.0000
v 0.0000 0.0000 -0.4770
v 1.5000 0.0000 0.0000
v -0.4770 2.5000 0.0000
v 0.0000 -0.4770 -2.5000
v 0.0000 0.0000 -0.4770
v 1.0000 0.0000 0.0000
v -0.4770 1.5000 0.0000
v 0.0000 -0.4770 2.5000
v 0.0000 0.0000 -0.4770
v -2.5000 0.0000 0.0000
v -0.4770 1.0000 0.0000
v 0.0000 -0.4770 1.5000
v 0.0000 0.0000 -0.4770
v 2.5000 0.0000 0.0000
v -0.4770 -2.5000 0.0000
v 0.0000 -0.4770 1.0000
v 0.0000 0.0000 -0.4770
v 1.5000 0.0000 0.0000
v -0.4770 2.5000 0.0000
v 0.0000 -0.4770 -1.3851
v 0.0000 0.0000 -157.2109
v 93.4263 37.5329 0.0000
v -125.4158 90.9075 18.0800
v 0.0000 -79.8042 84.1446
v -19.2836 0.0000 4.8967
v 61.9423 -117.6254 0.0000
v 32.3468 47.6490 -170.6902
v 0.0000 43.9744 32.7098
v -215.1691 0.0000 48.2928
v 13.4461 -266.4196 0.0000
v 45.4434 1.6199 -297.0607
v 0.0000 36.4334 -9.5567
v -326.6804 0.0000 26.6490
v -15.2504 -342.8709 0.0000
v 10.7966 -19.5472 -357.3253
v 0.0000 -20.1786 -20.4202
v -367.8387 0.0000 -81.3656
v -14.9117 -369.5530 0.0000
v -161.1169 -2.9892 -358.9086
v 0.0000 -253.2830 14.8579
v -335.5588 0.0000 -346.9236
v -0.4770 1.0000 0.0000
v 0.0000 -0.4770 2.5000
v 0.0000 0.0000 -0.4770
v -2.5000 0.0000 0.0000
v -0.4770 1.0000 0.0000
v 0.0000 -0.4770 2.5000
v 0.0000 0.0000 -0.4770
v -2.5000 0.0000 0.0000
v -0.4770 1.0000 0.0000
v 0.0000 -0.4770 1.5000
v 0.0000 0.0000 -0.4770
v 2.5000 0.0000 0.0000
v -0.4770 -2.5000 0.0000
v 0.0000 -0.4770 1.0000
v 0.0000 0.0000 -0.4770
v 2.5000 0.0000 0.0000
v -0.4770 -2.5000 0.0000
v 0.0000 -0.4770 1.0000
v 0.0000 0.0000 -0.4770
v 1.5000 0.0000 0.0000
v -0.4770 2.5000 0.0000
v 0.0000 -0.4770 -2.5000
v 0.0000 0.0000 -0.4770
v 1.0000 0.0000 0.0000
v -0.4770 2.5000 0.0000
v 0.0000 -0.4770 -2.5000
v 0.0000 0.0000 -0.4770
v 1.0000 0.0000 0.0000
v -0.4770 1.5000 0.0000
v 0.0000 -0.4770 2.5000
v 0.0000 0.0000 -0.4770
v -2.5000 0.0000 0.0000
v -0.4770 1.0000 0.0000
v 0.0000 -0.4770 2.5000
v 0.0000 0.0000 -0.4770
v -2.5000 0.0000 0.0000
v -0.4770 1.0000 0.0000
v 0.0000 -0.4770 1.5000
v 0.0000 0.0000 -0.4770
v 2.5000 0.0000 0.0000
v -0.4770 -2.5000 0.0000
v 0.0000 -0.4770 1.0000
v 0.0000 0.0000 -0.4770
v 2.5000 0.0000 0.0000
v -0.4770 -2.5000 0.0000
v 0.0000 -0.4770 1.0000
v 0.0000 0.0000 -0.4770
v 1.5000 0.0000 0.0000
v -0.4770 2.5000 0.0000
v 0.0000 -0.4770 -2.5000
v 0.0000 0.0000 -0.4770
v 1.0000 0.0000 0.0000
v -0.4770 2.5000 0.0000
v 0.0000 -0.4770 -2.5000
v 0.0000 0.0000 -0.4770
v 1.0000 0.0000 0.0000
v -0.4770 1.5000 0.0000
v 0.0000 -0.4770 2.5000
v 0.0000 0.0000 -0.4770
v -2.5000 0.0000 0.0000
v -0.4770 1.0000 0.0000
v 0.0000 -0.4770 2.5000
v 0.0000 0.0000 -0.4770
v -2.5000 0.0000 0.0000
v -0.4770 1.0000 0.0000
v 0.0000 -0.4770 1.5000
v 0.0000 0.0000 -0.4770
v 2.5000 0.0000 0.0000
v -0.4770 -2.5000 0.0000
v 0.0000 -0.4770 1.0000
v 0.0000 0.0000 -0.4770
v 2.5000 0.0000 0.0000
v -0.4770 -2.5000 0.0000
v 0.0000 -0.4770 1.0000
v 0.0000 0.0000 -0.4770
v 1.5000 0.0000 0.0000
v -0.4770 2.5000 0.0000
v 0.0000 -0.4770 -2.5000
v 0.0000 0.0000 -0.4770
v 1.0000 0.0000 0.0000
v -0.4770 1.5000 0.0000
v 0.0000 -0.4770 2.5000
v 0.0000 0.0000 -0.4770
v -2.5000 0.0000 0.0000
v -0.4770 1.0000 0.0000
v 0.0000 -0.4770 1.5000
v 0.0000 0.0000 -0.4770
v 2.5000 0.0000 0.0000
v -0.4770 -2.5000 0.0000
v 0.0000 -0.4770 1.0000
v 0.0000 0.0000 -0.4770
v 1.5000 0.0000 0.0000
v -0.4770 2.5000 0.0000
v 0.0000 -0.4770 -2.5000
v 0.0000 0.0000 -0.4770
v 1.0000 0.0000 0.0000
v -0.4770 1.5000 0.0000
v 0.0000 -0.4770 2.5000
v 0.0000 0.0000 -0.4770
v -1.3851 0.0000 0.0000
v -141.3898 92.6406 437.4232
v 0.0000 -152.5161 86.5541
v 431.6107 0.0000 -159.2297
v 78.4701 415.3521 0.0000
v -156.1332 71.3020 391.3535
v 0.0000 -145.1966 65.4907
v 362.9750 0.0000 -114.1100
v 58.5028 309.8594 0.0000
v -75.1571 54.8990 258.1964
v 0.0000 -18.3868 54.0319
v 195.5781 0.0000 37.0504
v 56.3340 143.5321 0.0000
v 94.9761 60.5365 94.3440
v 0.0000 395.3539 92.1664
v -132.2866 0.0000 515.7079
v 107.8273 -214.4559 0.0000
v 638.7867 126.1309 -291.8719
v -0.4770 1.0000 0.0000
v 0.0000 -0.4770 2.5000
v 0.0000 0.0000 -0.4770
v -2.5000 0.0000 0.0000
v -0.4770 0.7681 0.0000
v 0.0000 -0.4770 1.3226
v 0.0000 0.0000 -0.4770
v 2.3226 0.0000 0.0000
v -0.4770 -2.3387 0.0000
v 0.0000 -0.4770 1.1452
v 0.0000 0.0000 -0.4770
v 1.6452 0.0000 0.0000
v -0.4770 2.3680 0.0000
v 0.0000 -0.4770 -2.3102
v 0.0000 0.0000 -0.4770
v 0.9578 0.0000 0.0000
v -0.4770 1.4677 0.0000
v 0.0000 -0.4770 2.4677
v 0.0000 0.0000 -0.4770
v -2.4707 0.0000 0.0000
v -0.4770 0.7259 0.0000
v 0.0000 -0.4770 1.2903
v 0.0000 0.0000 -0.4770
v 2.2903 0.0000 0.0000
v -0.4770 -2.3094 0.0000
v 0.0000 -0.4770 1.1129
v 0.0000 0.0000 -0.4770
v 1.6129 0.0000 0.0000
v -0.4770 2.3974 0.0000
v 0.0000 -0.4770 -2.3524
v 0.0000 0.0000 -0.4770
v 0.9157 0.0000 0.0000
v -0.4770 1.4355 0.0000
v 0.0000 -0.4770 2.4355
v 0.0000 0.0000 -0.4770
v -2.4414 0.0000 0.0000
v -0.4770 0.6837 0.0000
v 0.0000 -0.4770 1.2581
v 0.0000 0.0000 -0.4770
v 2.2581 0.0000 0.0000
v -0.4770 -2.2801 0.0000
v 0.0000 -0.4770 1.0807
v 0.0000 0.0000 -0.4770
v 1.5807 0.0000 0.0000
v -0.4770 2.4267 0.0000
v 0.0000 -0.4770 -2.3946
v 0.0000 0.0000 -0.4770
v 0.8735 0.0000 0.0000
v -0.4770 1.4032 0.0000
v 0.0000 -0.4770 2.4032
v 0.0000 0.0000 -0.4770
v -2.4120 0.0000 0.0000
v -0.4770 1.2258 0.0000
v 0.0000 -0.4770 1.7258
v 0.0000 0.0000 -0.4770
v 2.2947 0.0000 0.0000
v -0.4770 -2.2048 0.0000
v 0.0000 -0.4770 1.0484
v 0.0000 0.0000 -0.4770
v 1.5484 0.0000 0.0000
v -0.4770 2.4560 0.0000
v 0.0000 -0.4770 -2.4367
v 0.0000 0.0000 -0.4770
v 0.8313 0.0000 0.0000
v -0.4770 1.3710 0.0000
v 0.0000 -0.4770 2.3710
v 0.0000 0.0000 -0.4770
v -2.3827 0.0000 0.0000
v -0.4770 1.1936 0.0000
v 0.0000 -0.4770 1.6936
v 0.0000 0.0000 -0.4770
v 2.3240 0.0000 0.0000
v -0.4770 -2.2470 0.0000
v 0.0000 -0.4770 1.0161
v 0.0000 0.0000 -0.4770
v 1.5161 0.0000 0.0000
v -0.4770 2.4853 0.0000
v 0.0000 -0.4770 -2.4789
v 0.0000 0.0000 -0.4770
v 0.7892 0.0000 0.0000
v -0.4770 1.3387 0.0000
v 0.0000 -0.4770 2.3387
v 0.0000 0.0000 -0.4770
v -2.3534 0.0000 0.0000
v -0.4770 1.1613 0.0000
v 0.0000 -0.4770 1.6613
v 0.0000 0.0000 -0.4770
v 2.3534 0.0000 0.0000
v -0.4770 -2.2891 0.0000
v 0.0000 -0.4770 0.9789
v 0.0000 0.0000 -0.4770
v 1.4839 0.0000 0.0000
v -0.4770 2.4839 0.0000
v 0.0000 -0.4770 -2.4853
v 0.0000 0.0000 -0.4770
v 0.7470 0.0000 0.0000
v -0.4770 1.3065 0.0000
v 0.0000 -0.4770 2.3065
v 0.0000 0.0000 -0.4770
v -2.3241 0.0000 0.0000
v -0.4770 1.1291 0.0000
v 0.0000 -0.4770 1.6290
v 0.0000 0.0000 -0.4770
v 2.3827 0.0000 0.0000
v -0.4770 -2.3313 0.0000
v 0.0000 -0.4770 0.9368
v 0.0000 0.0000 -0.4770
v 1.4516 0.0000 0.0000
v -0.4770 2.4516 0.0000
v 0.0000 -0.4770 -1.5469
v 0.0000 0.0000 399.0974
v 100.0045 265.4270 0.0000
v 335.9383 91.4815 264.6201
v 0.0000 249.3867 80.5431
v 249.2524 0.0000 170.9358
v 71.6391 215.8752 0.0000
v 123.7495 67.2180 177.8194
v 0.0000 104.5809 66.0254
v 150.7500 0.0000 95.4677
v 65.9936 127.5807 0.0000
v 92.4680 67.0131 100.1371
v 0.0000 99.3259 69.6210
v 67.8494 0.0000 120.0668
v 74.4518 29.0157 0.0000
v 146.1517 79.8322 -6.4498
v 0.0000 191.7959 88.6926
v -57.8403 0.0000 273.5034
v 103.8029 -135.3906 0.0000
v 419.9860 129.6827 -251.1440
v 0.0000 506.5280 144.4457
v -309.3950 0.0000 611.0256
v 0.0000 -0.4770 1.0000
v 0.0000 0.0000 -0.4770
v 2.5000 0.0000 0.0000
v -0.4770 -2.5000 0.0000
v 0.0000 -0.4770 1.0000
v 0.0000 0.0000 -0.4770
v 2.5000 0.0000 0.0000
v -0.4770 -2.5000 0.0000
v 0.0000 -0.4770 1.0000
v 0.0000 0.0000 -0.4770
v 1.5000 0.0000 0.0000
v -0.4770 2.5000 0.0000
v 0.0000 -0.4770 -2.5000
v 0.0000 0.0000 -0.4770
v 1.0000 0.0000 0.0000
v -0.4770 2.5000 0.0000
v 0.0000 -0.4770 -2.5000
v 0.0000 0.0000 -0.4770
v 1.0000 0.0000 0.0000
v -0.4770 1.5000 0.0000
v 0.0000 -0.4770 2.5000
v 0.0000 0.0000 -0.4770
v -2.5000 0.0000 0.0000
v -0.4770 1.0000 0.0000
v 0.0000 -0.4770 2.5000
v 0.0000 0.0000 -0.4770
v -2.5000 0.0000 0.0000
v -0.4770 1.0000 0.0000
v 0.0000 -0.4770 1.5000
v 0.0000 0.0000 -0.4770
v 2.5000 0.0000 0.0000
v -0.4770 -2.5000 0.0000
v 0.0000 -0.4770 1.0000
v 0.0000 0.0000 -0.4770
v 2.5000 0.0000 0.0000
v -0.4770 -2.5000 0.0000
v 0.0000 -0.4770 1.0000
v 0.0000 0.0000 -0.4770
v 1.5000 0.0000 0.0000
v -0.4770 2.5000 0.0000
v 0.0000 -0.4770 -2.5000
v 0.0000 0.0000 -0.4770
v 1.0000 0.0000 0.0000
v -0.4770 2.5000 0.0000
v 0.0000 -0.4770 -2.5000
v 0.0000 0.0000 -0.4770
v 1.0000 0.0000 0.0000
v -0.4770 1.5000 0.0000
v 0.0000 -0.4770 2.5000
v 0.0000 0.0000 -0.4770
v -2.5000 0.0000 0.0000
v -0.4770 1.0000 0.0000
v 0.0000 -0.4770 2.5000
v 0.0000 0.0000 -0.4770
v -2.5000 0.0000 0.0000
v -0.4770 1.0000 0.0000
v 0.0000 -0.4770 1.5000
v 0.0000 0.0000 -0.4770
v 2.5000 0.0000 0.0000
v -0.4770 -2.5000 0.0000
v 0.0000 -0.4770 1.0000
v 0.0000 0.0000 -0.4770
v 2.5000 0.0000 0.0000
v -0.4770 -2.5000 0.0000
v 0.0000 -0.4770 1.0000
v 0.0000 0.0000 -0.4770
v 1.5000 0.0000 0.0000
v -0.4770 2.5000 0.0000
v 0.0000 -0.4770 -2.5000
v 0.0000 0.0000 -0.4770
v 1.0000 0.0000 0.0000
v -0.4770 2.5000 0.0000
v 0.0000 -0.4770 -2.5000
v 0.0000 0.0000 -0.4770
v 1.0000 0.0000 0.0000
v -0.4770 1.5000 0.0000
v 0.0000 -0.4770 2.5000
v 0.0000 0.0000 -0.4770
v -2.5000 0.0000 0.0000
v -0.4770 1.0000 0.0000
v 0.0000 -0.4770 1.5000
v 0.0000 0.0000 -0.4770
v 2.5000 0.0000 0.0000
v -0.4770 -2.5000 0.0000
v 0.0000 -0.4770 1.0000
v 0.0000 0.0000 -0.4770
v 1.5000 0.0000 0.0000
v -0.4770 2.5000 0.0000
v 0.0000 -0.4770 -2.5000
v 0.0000 0.0000 -0.4770
v 1.0000 0.0000 0.0000
v -0.4770 1.5000 0.0000
v 0.0000 -0.4770 2.5000
v 0.0000 0.0000 -0.4770
v -2.5000 0.0000 0.0000
v -0.4770 1.0000 0.0000
v 0.0000 -0.4770 1.5000
v 0.0000 0.0000 -0.4770
v 2.5000 0.0000 0.0000
v -0.4770 -1.3851 0.0000
vn 0.0000 1.0000 0.0000
vn 0.0000 1.0000 0.0000
vn 0.0000 1.0000 0.0000
vn 0.0000 1.0000 0.0000
vn 0.0000 1.0000 0.0000
vn 0.0000 1.0000 0.0000
vn 0.0000 1.0000 0.0000
vn 0.0000 1.0000 0.0000
vn 0.0000 1.0000 0.0000
vn 0.0000 1.0000 0.0000
vn 0.0000 1.0000 0.0000
vn 0.0000 1.0000 0.0000
vn 0.0000 1.0000 0.0000
vn 0.0000 1.0000 0.0000
vn 0.0000 1.0000 0.0000
vn 0.0000 1.0000 0.0000
vn 0.0000 1.0000 0.0000
vn 0.0000 1.0000 0.0000
vn 0.0000 1.0000 0.0000
vn 0.0000 1.0000 0.0000
vn 0.0000 1.0000 0.0000
vn 0.0000 1.0000 0.0000
vn 0.0000 1.0000 0.0000
vn 0.0000 1.0000 0.0000
vn 0.0000 1.0000 0.0000
vn 0.0000 1.0000 0.0000
vn 0.0000 1.0000 0.0000
vn 0.0000 1.0000 0.0000
vn 0.0000 1.0000 0.0000
vn 0.0000 1.0000 0.0000
vn 0.0000 1.0000 0.0000
vn 0.0000 1.0000 0.0000
vn 0.0000 1.0000 0.0000
vn 0.0000 1.0000 0.0000
vn 0.0000 1.0000 0.0000
vn 0.0000 1.0000 0.0000
vn 0.0000 1.0000 0.0000
vn 0.0000 1.0000 0.0000
vn 0.0000 1.0000 0.0000
vn 0.0000 1.0000 0.0000
vn 0.0000 1.0000 0.0000
vn 0.0000 1.0000 0.0000
vn 0.0000 1.0000 0.0000
vn 0.0000 1.0000 0.0000
vn 0.0000 1.0000 0.0000
vn 0.0000 1.0000 0.0000
vn 0.0000 1.0000 0.0000
vn 0.0000 1.0000 0.0000
vn 0.0000 1.0000 0.0000
vn 0.0000 1.0000 0.0000
vn 0.0000 1.0000 0.0000
vn 0.0000 1.0000 0.0000
vn 0.0000 1.0000 0.0000
vn 0.0000 1.0000 0.0000
vn 0.0000 1.0000 0.0000
vn 0.0000 1.0000 0.0000
vn 0.0000 1.0000 0.0000
vn 0.0000 1.0000 0.0000
vn 0.0000 1.0000 0.0000
vn 0.0000 1.0000 0.0000
vn 0.0000 1.0000 0.0000
vn 0.0000 1.0000 0.0000
vn 0.0000 1.0000 0.0000
vn 0.0000 1.0000 0.0000
vn 0.0000 1.0000 0.0000
vn 0.0000 1.0000 0.0000
vn 0.0000 1.0000 0.0000
vn 0.0000 1.0000 0.0000
vn 0.0000 1.0000 0.0000
vn 0.0000 1.0000 0.0000
vn 0.0000 1.0000 0.0000
vn 0.0000 1.0000 0.0000
vn 0.0000 1.0000 0.0000
vn 0.0000 1.0000 0.0000
vn 0.0000 1.0000 0.0000
vn 0.0000 1.0000 0.0000
vn 0.0000 1.0000 0.0000
vn 0.0000 1.0000 0.0000
vn 0.0000 1.0000 0.0000
vn 0.0000 1.0000 0.0000
vn 0.0000 1.0000 0.0000
vn 0.0000 1.0000 0.0000
vn 0.0000 1.0000 0.0000
vn 0.0000 1.0000 0.0000
vn 0.0000 1.0000 0.0000
vn 0.0000 1.0000 0.0000
vn 0.0000 1.0000 0.0000
vn 0.0000 1.0000 0.0000
vn 0.0000 1.0000 0.0000
vn 0.0000 1.0000 0.0000
vn 0.0000 1.0000 0.0000
vn 0.0000 1.0000 0.0000
vn 0.0000 1.0000 0.0000
vn 0.0000 1.0000 0.0000
vn 0.0000 1.0000 0.0000
vn 0.0000 1.0000 0.0000
vn 0.0000 1.0000 0.0000
vn 0.0000 1.0000 0.0000
vn 0.0000 1.0000 0.0000
vn 0.0000 1.0000 0.0000
vn 0.0000 1.0000 0.0000
vn 0.0000 1.0000 0.0000
vn 0.0000 1.0000 0.0000
vn 0.0000 1.0000 0.0000
vn 0.0000 1.0000 0.0000
vn 0.0000 1.0000 0.0000
vn 0.0000 1.0000 0.0000
vn 0.0000 1.0000 0.0000
vn 0.0000 1.0000 0.0000
vn 0.0000 1.0000 0.0000
vn 0.0000 1.0000 0.0000
vn 0.0000 1.0000 0.0000
vn 0.0000 1.0000 0.0000
vn 0.0000 1.0000 0.0000
vn 0.0000 1.0000 0.0000
vn 0.0000 1.0000 0.0000
vn 0.0000 1.0000 0.0000
vn 0.0000 1.0000 0.0000
vn 0.0000 1.0000 0.0000
vn 0.0000 1.0000 0.0000
vn 0.0000 1.0000 0.0000
vn 0.0000 1.0000 0.0000
vn 0.0000 1.0000 0.0000
vn 0.0000 1.0000 0.0000
vn 0.0000 1.0000 0.0000
vn 0.0000 1.0000 0.0000
vn 0.0000 1.0000 0.0000
vn 0.0000 1.0000 0.0000
vn 0.0000 1.0000 0.0000
vn 0.0000 1.0000 0.0000
vn 0.0000 1.0000 0.0000
vn 0.0000 1.0000 0.0000
vn 0.0000 1.0000 0.0000
vn 0.0000 1.0000 0.0000
vn 0.0000 1.0000 0.0000
vn 0.0000 1.0000 0.0000
vn 0.0000 1.0000 0.0000
vn 0.0000 1.0000 0.0000
vn 0.0000 1.0000 0.0000
vn 0.0000 1.0000 0.0000
vn 0.0000 1.0000 0.0000
vn 0.0000 1.0000 0.0000
vn 0.0000 1.0000 0.0000
vn 0.0000 1.0000 0.0000
vn 0.0000 1.0000 0.0000
vn 0.0000 1.0000 0.0000
vn 0.0000 1.0000 0.0000
vn 0.0000 1.0000 0.0000
vn 0.0000 1.0000 0.0000
vn 0.0000 1.0000 0.0000
vn 0.0000 1.0000 0.0000
vn 0.0000 1.0000 0.0000
vn 0.0000 1.0000 0.0000
vn 0.0000 1.0000 0.0000
vn 0.0000 1.0000 0.0000
vn 0.0000 1.0000 0.0000
vn 0.0000 1.0000 0.0000
vn 0.0000 1.0000 0.0000
vn 0.0000 1.0000 0.0000
vn 0.0000 1.0000 0.0000
vn 0.0000 1.0000 0.0000
vn 0.0000 1.0000 0.0000
vn 0.0000 1.0000 0.0000
vn 0.0000 1.0000 0.0000
vn 0.0000 1.0000 0.0000
vn 0.0000 1.0000 0.0000
vn 0.0000 1.0000 0.0000
vn 0.0000 1.0000 0.0000
vn 0.0000 1.0000 0.0000
vn 0.0000 1.0000 0.0000
vn 0.0000 1.0000 0.0000
vn 0.0000 1.0000 0.0000
vn 0.0000 1.0000 0.0000
vn 0.0000 1.0000 0.0000
vn 0.0000 1.0000 0.0000
vn 0.0000 1.0000 0.0000
vn 0.0000 1.0000 0.0000
vn 0.0000 1.0000 0.0000
vn 0.0000 1.0000 0.0000
vn 0.0000 1.0000 0.0000
vn 0.0000 1.0000 0.0000
vn 0.0000 1.0000 0.0000
vn 0.0000 1.0000 0.0000
vn 0.0000 1.0000 0.0000
vn 0.0000 1.0000 0.0000
vn 0.0000 1.0000 0.0000
vn 0.0000 1.0000 0.0000
vn 0.0000 1.0000 0.0000
vn 0.0000 1.0000 0.0000
vn 0.0000 1.0000 0.0000
vn 0.0000 1.0000 0.0000
vn 0.0000 1.0000 0.0000
vn 0.0000 1.0000 0.0000
vn 0.0000 1.0000 0.0000
vn 0.0000 1.0000 0.0000
vn 0.0000 1.0000 0.0000
vn 0.0000 1.0000 0.0000
vn 0.0000 1.0000 0.0000
vn 0.0000 1.0000 0.0000
vn 0.0000 1.0000 0.0000
vn 0.0000 1.0000 0.0000
vn 0.0000 1.0000 0.0000
vn 0.0000 1.0000 0.0000
vn 0.0000 1.0000 0.0000
vn 0.0000 1.0000 0.0000
vn 0.0000 1.0000 0.0000
vn 0.0000 1.0000 0.0000
vn 0.0000 1.0000 0.0000
vn 0.0000 1.0000 0.0000
vn 0.0000 1.0000 0.0000
vn 0.0000 1.0000 0.0000
vn 0.0000 1.0000 0.0000
vn 0.0000 1.0000 0.0000
vn 0.0000 1.0000 0.0000
vn 0.0000 1.0000 0.0000
vn 0.0000 1.0000 0.0000
vn 0.0000 1.0000 0.0000
vn 0.0000 1.0000 0.0000
vn 0.0000 1.0000 0.0000
vn 0.0000 1.0000 0.0000
vn 0.0000 1.0000 0.0000
vn 0.0000 1.0000 0.0000
vn 0.0000 1.0000 0.0000
vn 0.0000 1.0000 0.0000
vn 0.0000 1.0000 0.0000
vn 0.0000 1.0000 0.0000
vn 0.0000 1.0000 0.0000
vn 0.0000 1.0000 0.0000
vn 0.0000 1.0000 0.0000
vn 0.0000 1.0000 0.0000
vn 0.0000 1.0000 0.0000
vn 0.0000 1.0000 0.0000
vn 0.0000 1.0000 0.0000
vn 0.0000 1.0000 0.0000
vn 0.0000 1.0000 0.0000
vn 0.0000 1.0000 0.0000
vn 0.0000 1.0000 0.0000
vn 0.0000 1.0000 0.0000
vn 0.0000 1.0000 0.0000
vn 0.0000 1.0000 0.0000
vn 0.0000 1.0000 0.0000
vn 0.0000 1.0000 0.0000
vn 0.0000 1.0000 0.0000
vn 0.0000 1.0000 0.0000
vn 0.0000 1.0000 0.0000
vn 0.0000 1.0000 0.0000
vn 0.0000 1.0000 0.0000
vn 0.0000 1.0000 0.0000
vn 0.0000 1.0000 0.0000
vn 0.0000 1.0000 0.0000
vn 0.0000 1.0000 0.0000
vn 0.0000 1.0000 0.0000
vn 0.0000 1.0000 0.0000
vn 0.0000 1.0000 0.0000
vn 0.0000 1.0000 0.0000
vn 0.0000 1.0000 0.0000
vn 0.0000 1.0000 0.0000
vn 0.0000 1.0000 0.0000
vn 0.0000 1.0000 0.0000
vn 0.0000 1.0000 0.0000
vn 0.0000 1.0000 0.0000
vn 0.0000 1.0000 0.0000
vn 0.0000 1.0000 0.0000
vn 0.0000 1.0000 0.0000
vn 0.0000 1.0000 0.0000
vn 0.0000 1.0000 0.0000
vn 0.0000 1.0000 0.0000
vn 0.0000 1.0000 0.0000
vn 0.0000 1.0000 0.0000
vn 0.0000 1.0000 0.0000
vn 0.0000 1.0000 0.0000
vn 0.0000 1.0000 0.0000
vn 0.0000 1.0000 0.0000
vn 0.0000 1.0000 0.0000
vn 0.0000 1.0000 0.0000
vn 0.0000 1.0000 0.0000
vn 0.0000 1.0000 0.0000
vn 0.0000 1.0000 0.0000
vn 0.0000 1.0000 0.0000
vn 0.0000 1.0000 0.0000
vn 0.0000 1.0000 0.0000
vn 0.0000 1.0000 0.0000
vn 0.0000 1.0000 0.0000
vn 0.0000 1.0000 0.0000
vn 0.0000 1.0000 0.0000
vn 0.0000 1.0000 0.0000
vn 0.0000 1.0000 0.0000
vn 0.0000 1.0000 0.0000
vn 0.0000 1.0000 0.0000
vn 0.0000 1.0000 0.0000
vn 0.0000 1.0000 0.0000
vn 0.0000 1.0000 0.0000
vn 0.0000 1.0000 0.0000
vn 0.0000 1.0000 0.0000
vn 0.0000 1.0000 0.0000
vn 0.0000 1.0000 0.0000
vn 0.0000 1.0000 0.0000
vn 0.0000 1.0000 0.0000
vn 0.0000 1.0000 0.0000
vn 0.0000 1.0000 0.0000
vn 0.0000 1.0000 0.0000
vn 0.0000 1.0000 0.0000
vn 0.0000 1.0000 0.0000
vn 0.0000 1.0000 0.0000
vn 0.0000 1.0000 0.0000
vn 0.0000 1.0000 0.0000
vn 0.0000 1.0000 0.0000
vn 0.0000 1.0000 0.0000
vn 0.0000 1.0000 0.0000
vn 0.0000 1.0000 0.0000
vn 0.0000 1.0000 0.0000
vn 0.0000 1.0000 0.0000
vn 0.0000 1.0000 0.0000
vn 0.0000 1.0000 0.0000
vn 0.0000 1.0000 0.0000
vn 0.0000 1.0000 0.0000
vn 0.0000 1.0000 0.0000
vn 0.0000 1.0000 0.0000
vn 0.0000 1.0000 0.0000
vn 0.0000 1.0000 0.0000
vn 0.0000 1.0000 0.0000
vn 0.0000 1.0000 0.0000
vn 0.0000 1.0000 0.0000
vn 0.0000 1.0000 0.0000
vn 0.0000 1.0000 0.0000
vn 0.0000 1.0000 0.0000
vn 0.0000 1.0000 0.0000
vn 0.0000 1.0000 0.0000
vn 0.0000 1.0000 0.0000
vn 0.0000 1.0000 0.0000
vn 0.0000 1.0000 0.0000
vn 0.0000 1.0000 0.0000
vn 0.0000 1.0000 0.0000
vn 0.0000 1.0000 0.0000
vn 0.0000 1.0000 0.0000
vn 0.0000 1.0000 0.0000
vn 0.0000 1.0000 0.0000
vn 0.0000 1.0000 0.0000
vn 0.0000 1.0000 0.0000
vn 0.0000 1.0000 0.0000
vn 0.0000 1.0000 0.0000
vn 0.0000 1.0000 0.0000
vn 0.0000 1.0000 0.0000
vn 0.0000 1.0000 0.0000
vn 0.0000 1.0000 0.0000
vn 0.0000 1.0000 0.0000
vn 0.0000 1.0000 0.0000
vn 0.0000 1.0000 0.0000
vn 0.0000 1.0000 0.0000
vn 0.0000 1.0000 0.0000
vn 0.0000 1.0000 0.0000
vn 0.0000 1.0000 0.0000
vn 0.0000 1.0000 0.0000
vn 0.0000 1.0000 0.0000
vn 0.0000 1.0000 0.0000
vn 0.0000 1.0000 0.0000
vn 0.0000 1.0000 0.0000
vn 0.0000 1.0000 0.0000
vn 0.0000 1.0000 0.0000
vn 0.0000 1.0000 0.0000
vn 0.0000 1.0000 0.0000
vn 0.0000 1.0000 0.0000
vn 0.0000 1.0000 0.0000
vn 0.0000 1.0000 0.0000
vn 0.0000 1.0000 0.0000
vn 0.0000 1.0000 0.0000
vn 0.0000 1.0000 0.0000
vn 0.0000 1.0000 0.0000
vn 0.0000 1.0000 0.0000
vn 0.0000 1.0000 0.0000
vn 0.0000 1.0000 0.0000
vn 0.0000 1.0000 0.0000
vn 0.0000 1.0000 0.0000
vn 0.0000 1.0000 0.0000
vn 0.0000 1.0000 0.0000
vn 0.0000 1.0000 0.0000
vn 0.0000 1.0000 0.0000
vn 0.0000 1.0000 0.0000
vn 0.0000 1.0000 0.0000
vn 0.0000 1.0000 0.0000
vn 0.0000 1.0000 0.0000
vn 0.0000 1.0000 0.0000
vn 0.0000 1.0000 0.0000
vn 0.0000 1.0000 0.0000
vn 0.0000 1.0000 0.0000
vn 0.0000 1.0000 0.0000
vn 0.0000 1.0000 0.0000
vn 0.0000 1.0000 0.0000
vn 0.0000 1.0000 0.0000
vn 0.0000 1.0000 0.0000
vn 0.0000 1.0000 0.0000
vn 0.0000 1.0000 0.0000
vn 0.0000 1.0000 0.0000
vn 0.0000 1.0000 0.0000
vn 0.0000 1.0000 0.0000
vn 0.0000 1.0000 0.0000
vn 0.0000 1.0000 0.0000
vn 0.0000 1.0000 0.0000
vn 0.0000 1.0000 0.0000
vn 0.0000 1.0000 0.0000
vn 0.0000 1.0000 0.0000
vn 0.0000 1.0000 0.0000
vn 0.0000 1.0000 0.0000
vn 0.0000 1.0000 0.0000
vn 0.0000 1.0000 0.0000
vn 0.0000 1.0000 0.0000
vn 0.0000 1.0000 0.0000
vn 0.0000 1.0000 0.0000
vn 0.0000 1.0000 0.0000
vn 0.0000 1.0000 0.0000
vn 0.0000 1.0000 0.0000
vn 0.0000 1.0000 0.0000
vn 0.0000 1.0000 0.0000
vn 0.0000 1.0000 0.0000
vn 0.0000 1.0000 0.0000
vn 0.0000 1.0000 0.0000
vn 0.0000 1.0000 0.0000
vn 0.0000 1.0000 0.0000
vn 0.0000 1.0000 0.0000
vn 0.0000 1.0000 0.0000
vn 0.0000 1.0000 0.0000
vn 0.0000 1.0000 0.0000
vn 0.0000 1.0000 0.0000
vn 0.0000 1.0000 0.0000
vn 0.0000 1.0000 0.0000
vn 0.0000 1.0000 0.0000
vn 0.0000 1.0000 0.0000
vn 0.0000 1.0000 0.0000
vn 0.0000 1.0000 0.0000
vn 0.0000 1.0000 0.0000
vn 0.0000 1.0000 0.0000
vn 0.0000 1.0000 0.0000
vn 0.0000 1.0000 0.0000
vn 0.0000 1.0000 0.0000
vn 0.0000 1.0000 0.0000
vn 0.0000 1.0000 0.0000
vn 0.0000 1.0000 0.0000
vn 0.0000 1.0000 0.0000
vn 0.0000 1.0000 0.0000
vn 0.0000 1.0000 0.0000
vn 0.0000 1.0000 0.0000
vn 0.0000 1.0000 0.0000
vn 0.0000 1.0000 0.0000
vn 0.0000 1.0000 0.0000
vn 0.0000 1.0000 0.0000
vn 0.0000 1.0000 0.0000
vn 0.0000 1.0000 0.0000
vn 0.0000 1.0000 0.0000
vn 0.0000 1.0000 0.0000
vn 0.0000 1.0000 0.0000
vn 0.0000 1.0000 0.0000
vn 0.0000 1.0000 0.0000
vn 0.0000 1.0000 0.0000
vn 0.0000 1.0000 0.0000
vn 0.0000 1.0000 0.0000
vn 0.0000 1.0000 0.0000
vn 0.0000 1.0000 0.0000
vn 0.0000 1.0000 0.0000
vn 0.0000 1.0000 0.0000
vn 0.0000 1.0000 0.0000
vn 0.0000 1.0000 0.0000
vn 0.0000 1.0000 0.0000
vn 0.0000 1.0000 0.0000
vn 0.0000 1.0000 0.0000
vn 0.0000 1.0000 0.0000
vn 0.0000 1.0000 0.0000
vn 0.0000 1.0000 0.0000
vn 0.0000 1.0000 0.0000
vn 0.0000 1.0000 0.0000
vn 0.0000 1.0000 0.0000
vn 0.0000 1.0000 0.0000
vn 0.0000 1.0000 0.0000
vn 0.0000 1.0000 0.0000
vn 0.0000 1.0000 0.0000
vn 0.0000 1.0000 0.0000
vn 0.0000 1.0000 0.0000
vn 0.0000 1.0000 0.0000
vn 0.0000 1.0000 0.0000
vn 0.0000 1.0000 0.0000
vn 0.0000 1.0000 0.0000
vn 0.0000 1.0000 0.0000
vn 0.0000 1.0000 0.0000
vn 0.0000 1.0000 0.0000
vn 0.0000 1.0000 0.0000
vn 0.0000 1.0000 0.0000
vn 0.0000 1.0000 0.0000
vn 0.0000 1.0000 0.0000
vn 0.0000 1.0000 0.0000
vn 0.0000 1.0000 0.0000
vn 0.0000 1.0000 0.0000
vn 0.0000 1.0000 0.0000
vn 0.0000 1.0000 0.0000
vn 0.0000 1.0000 0.0000
vn 0.0000 1.0000 0.0000
vn 0.0000 1.0000 0.0000
vn 0.0000 1.0000 0.0000
vn 0.0000 1.0000 0.0000
vn 0.0000 1.0000 0.0000
vn 0.0000 1.0000 0.0000
vn 0.0000 1.0000 0.0000
vn 0.0000 1.0000 0.0000
vn 0.0000 1.0000 0.0000
vn 0.0000 1.0000 0.0000
vn 0.0000 1.0000 0.0000
vn 0.0000 1.0000 0.0000
vn 0.0000 1.0000 0.0000
vn 0.0000 1.0000 0.0000
vn 0.0000 1.0000 0.0000
vn 0.0000 1.0000 0.0000
vn 0.0000 1.0000 0.0000
vn 0.0000 1.0000 0.0000
vn 0.0000 1.0000 0.0000
vn 0.0000 1.0000 0.0000
vn 0.0000 1.0000 0.0000
vn 0.0000 1.0000 0.0000
vn 0.0000 1.0000 0.0000
vn 0.0000 1.0000 0.0000
vn 0.0000 1.0000 0.0000
vn 0.0000 1.0000 0.0000
vn 0.0000 1.0000 0.0000
vn 0.0000 1.0000 0.0000
vn 0.0000 1.0000 0.0000
vn 0.0000 1.0000 0.0000
vn 0.0000 1.0000 0.0000
vn 0.0000 1.0000 0.0000
vn 0.0000 1.0000 0.0000
vn 0.0000 1.0000 0.0000
vn 0.0000 1.0000 0.0000
vn 0.0000 1.0000 0.0000
vn 0.0000 1.0000 0.0000
vn 0.0000 1.0000 0.0000
vn 0.0000 1.0000 0.0000
vn 0.0000 1.0000 0.0000
vn 0.0000 1.0000 0.0000
vn 0.0000 1.0000 0.0000
vn 0.0000 1.0000 0.0000
vn 0.0000 1.0000 0.0000
vn 0.0000 1.0000 0.0000
vn 0.0000 1.0000 0.0000
vn 0.0000 1.0000 0.0000
vn 0.0000 1.0000 0.0000
vn 0.0000 1.0000 0.0000
vn 0.0000 1.0000 0.0000
vn 0.0000 1.0000 0.0000
vn 0.0000 1.0000 0.0000
vn 0.0000 1.0000 0.0000
vn 0.0000 1.0000 0.0000
vn 0.0000 1.0000 0.0000
vn 0.0000 1.0000 0.0000
vn 0.0000 1.0000 0.0000
vn 0.0000 1.0000 0.0000
vn 0.0000 1.0000 0.0000
vn 0.0000 1.0000 0.0000
vn 0.0000 1.0000 0.0000
vn 0.0000 1.0000 0.0000
vn 0.0000 1.0000 0.0000
vn 0.0000 1.0000 0.0000
vn 0.0000 1.0000 0.0000
vn 0.0000 1.0000 0.0000
vn 0.0000 1.0000 0.0000
vn 0.0000 1.0000 0.0000
vn 0.0000 1.0000 0.0000
vn 0.0000 1.0000 0.0000
vn 0.0000 1.0000 0.0000
vn 0.0000 1.0000 0.0000
vn 0.0000 1.0000 0.0000
vn 0.0000 1.0000 0.0000
vn 0.0000 1.0000 0.0000
vn 0.0000 1.0000 0.0000
vn 0.0000 1.0000 0.0000
vn 0.0000 1.0000 0.0000
vn 0.0000 1.0000 0.0000
vn 0.0000 1.0000 0.0000
vn 0.0000 1.0000 0.0000
vn 0.0000 1.0000 0.0000
vn 0.0000 1.0000 0.0000
vn 0.0000 1.0000 0.0000
vn 0.0000 1.0000 0.0000
vn 0.0000 1.0000 0.0000
vn 0.0000 1.0000 0.0000
vn 0.0000 1.0000 0.0000
vn 0.0000 1.0000 0.0000
vn 0.0000 1.0000 0.0000
vn 0.0000 1.0000 0.0000
vn 0.0000 1.0000 0.0000
vn 0.0000 1.0000 0.0000
vn 0.0000 1.0000 0.0000
vn 0.0000 1.0000 0.0000
vn 0.0000 1.0000 0.0000
vn 0.0000 1.0000 0.0000
vn 0.0000 1.0000 0.0000
vn 0.0000 1.0000 0.0000
vn 0.0000 1.0000 0.0000
vn 0.0000 1.0000 0.0000
vn 0.0000 1.0000 0.0000
vn 0.0000 1.0000 0.0000
vn 0.0000 1.0000 0.0000
vn 0.0000 1.0000 0.0000
vn 0.0000 1.0000 0.0000
vn 0.0000 1.0000 0.0000
vn 0.0000 1.0000 0.0000
vn 0.0000 1.0000 0.0000
vn 0.0000 1.0000 0.0000
vn 0.0000 1.0000 0.0000
vn 0.0000 1.0000 0.0000
vn 0.0000 1.0000 0.0000
vn 0.0000 1.0000 0.0000
vn 0.0000 1.0000 0.0000
vn 0.0000 1.0000 0.0000
vn 0.0000 1.0000 0.0000
vn 0.0000 1.0000 0.0000
vn 0.0000 1.0000 0.0000
vn 0.0000 1.0000 0.0000
vn 0.0000 1.0000 0.0000
vn 0.0000 1.0000 0.0000
vn 0.0000 1.0000 0.0000
vn 0.0000 1.0000 0.0000
vn 0.0000 1.0000 0.0000
vn 0.0000 1.0000 0.0000
vn 0.0000 1.0000 0.0000
vn 0.0000 1.0000 0.0000
vn 0.0000 1.0000 0.0000
vn 0.0000 1.0000 0.0000
vn 0.0000 1.0000 0.0000
vn 0.0000 1.0000 0.0000
vn 0.0000 1.0000 0.0000
vn 0.0000 1.0000 0.0000
vn 0.0000 1.0000 0.0000
vn 0.0000 1.0000 0.0000
vn 0.0000 1.0000 0.0000
vn 0.0000 1.0000 0.0000
vn 0.0000 1.0000 0.0000
vn 0.0000 1.0000 0.0000
vn 0.0000 1.0000 0.0000
vn 0.0000 1.0000 0.0000
vn 0.0000 1.0000 0.0000
vn 0.0000 1.0000 0.0000
vn 0.0000 1.0000 0.0000
vn 0.0000 1.0000 0.0000
vn 0.0000 1.0000 0.0000
vn 0.0000 1.0000 0.0000
vn 0.0000 1.0000 0.0000
vn 0.0000 1.0000 0.0000
vn 0.0000 1.0000 0.0000
vn 0.0000 1.0000 0.0000
vn 0.0000 1.0000 0.0000
vn 0.0000 1.0000 0.0000
vn 0.0000 1.0000 0.0000
vn 0.0000 1.0000 0.0000
vn 0.0000 1.0000 0.0000
vn 0.0000 1.0000 0.0000
vn 0.0000 1.0000 0.0000
vn 0.0000 1.0000 0.0000
vn 0.0000 1.0000 0.0000
vn 0.0000 1.0000 0.0000
vn 0.0000 1.0000 0.0000
vn 0.0000 1.0000 0.0000
vn 0.0000 1.0000 0.0000
vn 0.0000 1.0000 0.0000
vn 0.0000 1.0000 0.0000
vn 0.0000 1.0000 0.0000
vn 0.0000 1.0000 0.0000
vn 0.0000 1.0000 0.0000
vn 0.0000 1.0000 0.0000
vn 0.0000 1.0000 0.0000
vn 0.0000 1.0000 0.0000
vn 0.0000 1.0000 0.0000
vn 0.0000 1.0000 0.0000
vn 0.0000 1.0000 0.0000
vn 0.0000 1.0000 0.0000
vn 0.0000 1.0000 0.0000
vn 0.0000 1.0000 0.0000
vn 0.0000 1.0000 0.0000
vn 0.0000 1.0000 0.0000
vn 0.0000 1.0000 0.0000
vn 0.0000 1.0000 0.0000
vn 0.0000 1.0000 0.0000
vn 0.0000 1.0000 0.0000
vn 0.0000 1.0000 0.0000
vn 0.0000 1.0000 0.0000
vn 0.0000 1.0000 0.0000
vn 0.0000 1.0000 0.0000
vn 0.0000 1.0000 0.0000
vn 0.0000 1.0000 0.0000
vn 0.0000 1.0000 0.0000
vn 0.0000 1.0000 0.0000
vn 0.0000 1.0000 0.0000
vn 0.0000 1.0000 0.0000
vn 0.0000 1.0000 0.0000
vn 0.0000 1.0000 0.0000
vn 0.0000 1.0000 0.0000
vn 0.0000 1.0000 0.0000
vn 0.0000 1.0000 0.0000
vn 0.0000 1.0000 0.0000
vn 0.0000 1.0000 0.0000
vn 0.0000 1.0000 0.0000
vn 0.0000 1.0000 0.0000
vn 0.0000 1.0000 0.0000
vn 0.0000 1.0000 0.0000
vn 0.0000 1.0000 0.0000
vn 0.0000 1.0000 0.0000
vn 0.0000 1.0000 0.0000
vn 0.0000 1.0000 0.0000
vn 0.0000 1.0000 0.0000
vn 0.0000 1.0000 0.0000
vn 0.0000 1.0000 0.0000
vn 0.0000 1.0000 0.0000
vn 0.0000 1.0000 0.0000
vn 0.0000 1.0000 0.0000
vn 0.0000 1.0000 0.0000
vn 0.0000 1.0000 0.0000
vn 0.0000 1.0000 0.0000
vn 0.0000 1.0000 0.0000
vn 0.0000 1.0000 0.0000
vn 0.0000 1.0000 0.0000
vn 0.0000 1.0000 0.0000
vn 0.0000 1.0000 0.0000
vn 0.0000 1.0000 0.0000
vn 0.0000 1.0000 0.0000
vn 0.0000 1.0000 0.0000
vn 0.0000 1.0000 0.0000
vn 0.0000 1.0000 0.0000
vn 0.0000 1.0000 0.0000
vn 0.0000 1.0000 0.0000
vn 0.0000 1.0000 0.0000
vn 0.0000 1.0000 0.0000
vn 0.0000 1.0000 0.0000
vn 0.0000 1.0000 0.0000
vn 0.0000 1.0000 0.0000
vn 0.0000 1.0000 0.0000
vn 0.0000 1.0000 0.0000
vn 0.0000 1.0000 0.0000
vn 0.0000 1.0000 0.0000
vn 0.0000 1.0000 0.0000
vn 0.0000 1.0000 0.0000
vn 0.0000 1.0000 0.0000
vn 0.0000 1.0000 0.0000
vn 0.0000 1.0000 0.0000
vn 0.0000 1.0000 0.0000
vn 0.0000 1.0000 0.0000
vn 0.0000 1.0000 0.0000
vn 0.0000 1.0000 0.0000
vn 0.0000 1.0000 0.0000
vn 0.0000 1.0000 0.0000
vn 0.0000 1.0000 0.0000
vn 0.0000 1.0000 0.0000
vn 0.0000 1.0000 0.0000
vn 0.0000 1.0000 0.0000
vn 0.0000 1.0000 0.0000
vn 0.0000 1.0000 0.0000
vn 0.0000 1.0000 0.0000
vn 0.0000 1.0000 0.0000
vn 0.0000 1.0000 0.0000
vn 0.0000 1.0000 0.0000
vn 0.0000 1.0000 0.0000
vn 0.0000 1.0000 0.0000
vn 0.0000 1.0000 0.0000
vn 0.0000 1.0000 0.0000
vn 0.0000 1.0000 0.0000
vn 0.0000 1.0000 0.0000
vn 0.0000 1.0000 0.0000
vn 0.0000 1.0000 0.0000
vn 0.0000 1.0000 0.0000
vn 0.0000 1.0000 0.0000
vn 0.0000 1.0000 0.0000
vn 0.0000 1.0000 0.0000
vn 0.0000 1.0000 0.0000
vn 0.0000 1.0000 0.0000
vn 0.0000 1.0000 0.0000
vn 0.0000 1.0000 0.0000
vn 0.0000 1.0000 0.0000
vn 0.0000 1.0000 0.0000
vn 0.0000 1.0000 0.0000
vn 0.0000 1.0000 0.0000
vn 0.0000 1.0000 0.0000
vn 0.0000 1.0000 0.0000
vn 0.0000 1.0000 0.0000
vn 0.0000 1.0000 0.0000
vn 0.0000 1.0000 0.0000
vn 0.0000 1.0000 0.0000
vn 0.0000 1.0000 0.0000
vn 0.0000 1.0000 0.0000
vn 0.0000 1.0000 0.0000
vn 0.0000 1.0000 0.0000
vn 0.0000 1.0000 0.0000
vn 0.0000 1.0000 0.0000
vn 0.0000 1.0000 0.0000
vn 0.0000 1.0000 0.0000
vn 0.0000 1.0000 0.0000
vn 0.0000 1.0000 0.0000
vn 0.0000 1.0000 0.0000
vn 0.0000 1.0000 0.0000
vn 0.0000 1.0000 0.0000
vn 0.0000 1.0000 0.0000
vn 0.0000 1.0000 0.0000
vn 0.0000 1.0000 0.0000
vn 0.0000 1.0000 0.0000
vn 0.0000 1.0000 0.0000
vn 0.0000 1.0000 0.0000
vn 0.0000 1.0000 0.0000
vn 0.0000 1.0000 0.0000
vn 0.0000 1.0000 0.0000
vn 0.0000 1.0000 0.0000
vn 0.0000 1.0000 0.0000
vn 0.0000 1.0000 0.0000
vn 0.0000 1.0000 0.0000
vn 0.0000 1.0000 0.0000
vn 0.0000 1.0000 0.0000
vn 0.0000 1.0000 0.0000
vn 0.0000 1.0000 0.0000
vn 0.0000 1.0000 0.0000
vn 0.0000 1.0000 0.0000
vn 0.0000 1.0000 0.0000
vn 0.0000 1.0000 0.0000
vn 0.0000 1.0000 0.0000
vn 0.0000 1.0000 0.0000
vn 0.0000 1.0000 0.0000
vn 0.0000 1.0000 0.0000
vn 0.0000 1.0000 0.0000
vn 0.0000 1.0000 0.0000
vn 0.0000 1.0000 0.0000
vn 0.0000 1.0000 0.0000
vn 0.0000 1.0000 0.0000
vn 0.0000 1.0000 0.0000
vn 0.0000 1.0000 0.0000
vn 0.0000 1.0000 0.0000
vn 0.0000 1.0000 0.0000
vn 0.0000 1.0000 0.0000
vn 0.0000 1.0000 0.0000
vn 0.0000 1.0000 0.0000
vn 0.0000 1.0000 0.0000
vn 0.0000 1.0000 0.0000
vn 0.0000 1.0000 0.0000
vn 0.0000 1.0000 0.0000
vn 0.0000 1.0000 0.0000
vn 0.0000 1.0000 0.0000
vn 0.0000 1.0000 0.0000
vn 0.0000 1.0000 0.0000
vn 0.0000 1.0000 0.0000
vn 0.0000 1.0000 0.0000
vn 0.0000 1.0000 0.0000
vn 0.0000 1.0000 0.0000
vn 0.0000 1.0000 0.0000
vn 0.0000 1.0000 0.0000
vn 0.0000 1.0000 0.0000
vn 0.0000 1.0000 0.0000
vn 0.0000 1.0000 0.0000
vn 0.0000 1.0000 0.0000
vn 0.0000 1.0000 0.0000
vn 0.0000 1.0000 0.0000
vn 0.0000 1.0000 0.0000
vn 0.0000 1.0000 0.0000
vn 0.0000 1.0000 0.0000
vn 0.0000 1.0000 0.0000
vn 0.0000 1.0000 0.0000
vn 0.0000 1.0000 0.0000
vn 0.0000 1.0000 0.0000
vn 0.0000 1.0000 0.0000
vn 0.0000 1.0000 0.0000
vn 0.0000 1.0000 0.0000
vn 0.0000 1.0000 0.0000
vn 0.0000 1.0000 0.0000
vn 0.0000 1.0000 0.0000
vn 0.0000 1.0000 0.0000
vn 0.0000 1.0000 0.0000
vn 0.0000 1.0000 0.0000
vn 0.0000 1.0000 0.0000
vn 0.0000 1.0000 0.0000
vn 0.0000 1.0000 0.0000
vn 0.0000 1.0000 0.0000
vn 0.0000 1.0000 0.0000
vn 0.0000 1.0000 0.0000
vn 0.0000 1.0000 0.0000
vn 0.0000 1.0000 0.0000
vn 0.0000 1.0000 0.0000
vn 0.0000 1.0000 0.0000
vn 0.0000 1.0000 0.0000
vn 0.0000 1.0000 0.0000
vn 0.0000 1.0000 0.0000
vn 0.0000 1.0000 0.0000
vn 0.0000 1.0000 0.0000
vn 0.0000 1.0000 0.0000
vn 0.0000 1.0000 0.0000
vn 0.0000 1.0000 0.0000
vn 0.0000 1.0000 0.0000
vn 0.0000 1.0000 0.0000
vn 0.0000 1.0000 0.0000
vn 0.0000 1.0000 0.0000
vn 0.0000 1.0000 0.0000
vn 0.0000 1.0000 0.0000
vn 0.0000 1.0000 0.0000
vn 0.0000 1.0000 0.0000
vn 0.0000 1.0000 0.0000
vn 0.0000 1.0000 0.0000
vn 0.0000 1.0000 0.0000
vn 0.0000 1.0000 0.0000
vn 0.0000 1.0000 0.0000
vn 0.0000 1.0000 0.0000
vn 0.0000 1.0000 0.0000
vn 0.0000 1.0000 0.0000
vn 0.0000 1.0000 0.0000
vn 0.0000 1.0000 0.0000
vn 0.0000 1.0000 0.0000
vn 0.0000 1.0000 0.0000
vn 0.0000 1.0000 0.0000
vn 0.0000 1.0000 0.0000
vn 0.0000 1.0000 0.0000
vn 0.0000 1.0000 0.0000
vn 0.0000 1.0000 0.0000
vn 0.0000 1.0000 0.0000
vn 0.0000 1.0000 0.0000
vn 0.0000 1.0000 0.0000
vn 0.0000 1.0000 0.0000
vn 0.0000 1.0000 0.0000
vn 0.0000 1.0000 0.0000
vn 0.0000 1.0000 0.0000
vn 0.0000 1.0000 0.0000
vn 0.0000 1.0000 0.0000
vn 0.0000 1.0000 0.0000
vn 0.0000 1.0000 0.0000
vn 0.0000 1.0000 0.0000
vn 0.0000 1.0000 0.0000
vn 0.0000 1.0000 0.0000
vn 0.0000 1.0000 0.0000
vn 0.0000 1.0000 0.0000
vn 0.0000 1.0000 0.0000
vn 0.0000 1.0000 0.0000
vn 0.0000 1.0000 0.0000
vn 0.0000 1.0000 0.0000
vn 0.0000 1.0000 0.0000
vn 0.0000 1.0000 0.0000
vn 0.0000 1.0000 0.0000
vn 0.0000 1.0000 0.0000
vn 0.0000 1.0000 0.0000
vn 0.0000 1.0000 0.0000
vn 0.0000 1.0000 0.0000
vn 0.0000 1.0000 0.0000
vn 0.0000 1.0000 0.0000
vn 0.0000 1.0000 0.0000
vn 0.0000 1.0000 0.0000
vn 0.0000 1.0000 0.0000
vn 0.0000 1.0000 0.0000
vn 0.0000 1.0000 0.0000
vn 0.0000 1.0000 0.0000
vn 0.0000 1.0000 0.0000
vn 0.0000 1.0000 0.0000
vn 0.0000 1.0000 0.0000
vn 0.0000 1.0000 0.0000
vn 0.0000 1.0000 0.0000
vn 0.0000 1.0000 0.0000
vn 0.0000 1.0000 0.0000
vn 0.0000 1.0000 0.0000
vn 0.0000 1.0000 0.0000
vn 0.0000 1.0000 0.0000
vn 0.0000 1.0000 0.0000
vn 0.0000 1.0000 0.0000
vn 0.0000 1.0000 0.0000
vn 0.0000 1.0000 0.0000
vn 0.0000 1.0000 0.0000
vn 0.0000 1.0000 0.0000
vn 0.0000 1.0000 0.0000
vn 0.0000 1.0000 0.0000
vn 0.0000 1.0000 0.0000
vn 0.0000 1.0000 0.0000
vn 0.0000 1.0000 0.0000
vn 0.0000 1.0000 0.0000
vn 0.0000 1.0000 0.0000
vn 0.0000 1.0000 0.0000
vn 0.0000 1.0000 0.0000
vn 0.0000 1.0000 0.0000
vn 0.0000 1.0000 0.0000
vn 0.0000 1.0000 0.0000
vn 0.0000 1.0000 0.0000
vn 0.0000 1.0000 0.0000
vn 0.0000 1.0000 0.0000
vn 0.0000 1.0000 0.0000
vn 0.0000 1.0000 0.0000
vn 0.0000 1.0000 0.0000
vn 0.0000 1.0000 0.0000
vn 0.0000 1.0000 0.0000
vn 0.0000 1.0000 0.0000
vn 0.0000 1.0000 0.0000
vn 0.0000 1.0000 0.0000
vn 0.0000 1.0000 0.0000
vn 0.0000 1.0000 0.0000
vn 0.0000 1.0000 0.0000
vn 0.0000 1.0000 0.0000
vn 0.0000 1.0000 0.0000
vn 0.0000 1.0000 0.0000
vn 0.0000 1.0000 0.0000
vn 0.0000 1.0000 0.0000
vn 0.0000 1.0000 0.0000
vn 0.0000 1.0000 0.0000
vn 0.0000 1.0000 0.0000
vn 0.0000 1.0000 0.0000
vn 0.0000 1.0000 0.0000
vn 0.0000 1.0000 0.0000
vn 0.0000 1.0000 0.0000
vn 0.0000 1.0000 0.0000
vn 0.0000 1.0000 0.0000
vn 0.0000 1.0000 0.0000
vn 0.0000 1.0000 0.0000
vn 0.0000 1.0000 0.0000
vn 0.0000 1.0000 0.0000
vn 0.0000 1.0000 0.0000
vn 0.0000 1.0000 0.0000
vn 0.0000 1.0000 0.0000
vn 0.0000 1.0000 0.0000
vn 0.0000 1.0000 0.0000
vn 0.0000 1.0000 0.0000
vn 0.0000 1.0000 0.0000
vn 0.0000 1.0000 0.0000
vn 0.0000 1.0000 0.0000
vn 0.0000 1.0000 0.0000
vn 0.0000 1.0000 0.0000
vn 0.0000 1.0000 0.0000
vn 0.0000 1.0000 0.0000
vn 0.0000 1.0000 0.0000
vn 0.0000 1.0000 0.0000
vn 0.0000 1.0000 0.0000
vn 0.0000 1.0000 0.0000
vn 0.0000 1.0000 0.0000
vn 0.0000 1.0000 0.0000
vn 0.0000 1.0000 0.0000
vn 0.0000 1.0000 0.0000
vn 0.0000 1.0000 0.0000
vn 0.0000 1.0000 0.0000
vn 0.0000 1.0000 0.0000
vn 0.0000 1.0000 0.0000
vn 0.0000 1.0000 0.0000
vn 0.0000 1.0000 0.0000
vn 0.0000 1.0000 0.0000
vn 0.0000 1.0000 0.0000
vn 0.0000 1.0000 0.0000
vn 0.0000 1.0000 0.0000
vn 0.0000 1.0000 0.0000
vn 0.0000 1.0000 0.0000
vn 0.0000 1.0000 0.0000
vn 0.0000 1.0000 0.0000
vn 0.0000 1.0000 0.0000
vn 0.0000 1.0000 0.0000
vn 0.0000 1.0000 0.0000
vn 0.0000 1.0000 0.0000
vn 0.0000 1.0000 0.0000
vn 0.0000 1.0000 0.0000
vn 0.0000 1.0000 0.0000
vn 0.0000 1.0000 0.0000
vn 0.0000 1.0000 0.0000
vn 0.0000 1.0000 0.0000
vn 0.0000 1.0000 0.0000
vn 0.0000 1.0000 0.0000
vn 0.0000 1.0000 0.0000
vn 0.0000 1.0000 0.0000
vn 0.0000 1.0000 0.0000
vn 0.0000 1.0000 0.0000
vn 0.0000 1.0000 0.0000
vn 0.0000 1.0000 0.0000
vn 0.0000 1.0000 0.0000
vn 0.0000 1.0000 0.0000
vn 0.0000 1.0000 0.0000
vn 0.0000 1.0000 0.0000
vn 0.0000 1.0000 0.0000
vn 0.0000 1.0000 0.0000
vn 0.0000 1.0000 0.0000
vn 0.0000 1.0000 0.0000
vn 0.0000 1.0000 0.0000
vn 0.0000 1.0000 0.0000
vn 0.0000 1.0000 0.0000
vn 0.0000 1.0000 0.0000
vn 0.0000 1.0000 0.0000
vn 0.0000 1.0000 0.0000
vn 0.0000 1.0000 0.0000
vn 0.0000 1.0000 0.0000
vn 0.0000 1.0000 0.0000
vn 0.0000 1.0000 0.0000
vn 0.0000 1.0000 0.0000
vn 0.0000 1.0000 0.0000
vn 0.0000 1.0000 0.0000
vn 0.0000 1.0000 0.0000
vn 0.0000 1.0000 0.0000
vn 0.0000 1.0000 0.0000
vn 0.0000 1.0000 0.0000
vn 0.0000 1.0000 0.0000
vn 0.0000 1.0000 0.0000
vn 0.0000 1.0000 0.0000
vn 0.0000 1.0000 0.0000
vn 0.0000 1.0000 0.0000
vn 0.0000 1.0000 0.0000
vn 0.0000 1.0000 0.0000
vn 0.0000 1.0000 0.0000
vn 0.0000 1.0000 0.0000
vn 0.0000 1.0000 0.0000
vn 0.0000 1.0000 0.0000
vn 0.0000 1.0000 0.0000
vn 0.0000 1.0000 0.0000
vn 0.0000 1.0000 0.0000
vn 0.0000 1.0000 0.0000
vn 0.0000 1.0000 0.0000
vn 0.0000 1.0000 0.0000
vn 0.0000 1.0000 0.0000
vn 0.0000 1.0000 0.0000
vn 0.0000 1.0000 0.0000
vn 0.0000 1.0000 0.0000
vn 0.0000 1.0000 0.0000
vn 0.0000 1.0000 0.0000
vn 0.0000 1.0000 0.0000
vn 0.0000 1.0000 0.0000
vn 0.0000 1.0000 0.0000
vn 0.0000 1.0000 0.0000
vn 0.0000 1.0000 0.0000
vn 0.0000 1.0000 0.0000
vn 0.0000 1.0000 0.0000
vn 0.0000 1.0000 0.0000
vn 0.0000 1.0000 0.0000
vn 0.0000 1.0000 0.0000
vn 0.0000 1.0000 0.0000
vn 0.0000 1.0000 0.0000
vn 0.0000 1.0000 0.0000
vn 0.0000 1.0000 0.0000
vn 0.0000 1.0000 0.0000
vn 0.0000 1.0000 0.0000
vn 0.0000 1.0000 0.0000
vn 0.0000 1.0000 0.0000
vn 0.0000 1.0000 0.0000
vn 0.0000 1.0000 0.0000
vn 0.0000 1.0000 0.0000
vn 0.0000 1.0000 0.0000
vn 0.0000 1.0000 0.0000
vn 0.0000 1.0000 0.0000
vn 0.0000 1.0000 0.0000
vn 0.0000 1.0000 0.0000
vn 0.0000 1.0000 0.0000
vn 0.0000 1.0000 0.0000
vn 0.0000 1.0000 0.0000
vn 0.0000 1.0000 0.0000
vn 0.0000 1.0000 0.0000
vn 0.0000 1.0000 0.0000
vn 0.0000 1.0000 0.0000
vn 0.0000 1.0000 0.0000
vn 0.0000 1.0000 0.0000
vn 0.0000 1.0000 0.0000
vn 0.0000 1.0000 0.0000
vn 0.0000 1.0000 0.0000
vn 0.0000 1.0000 0.0000
vn 0.0000 1.0000 0.0000
vn 0.0000 1.0000 0.0000
vn 0.0000 1.0000 0.0000
vn 0.0000 1.0000 0.0000
vn 0.0000 1.0000 0.0000
vn 0.0000 1.0000 0.0000
vn 0.0000 1.0000 0.0000
vn 0.0000 1.0000 0.0000
vn 0.0000 1.0000 0.0000
vn 0.0000 1.0000 0.0000
vn 0.0000 1.0000 0.0000
vn 0.0000 1.0000 0.0000
vn 0.0000 1.0000 0.0000
vn 0.0000 1.0000 0.0000
vn 0.0000 1.0000 0.0000
vn 0.0000 1.0000 0.0000
vn 0.0000 1.0000 0.0000
vn 0.0000 1.0000 0.0000
vn 0.0000 1.0000 0.0000
vn 0.0000 1.0000 0.0000
vn 0.0000 1.0000 0.0000
vn 0.0000 1.0000 0.0000
vn 0.0000 1.0000 0.0000
vn 0.0000 1.0000 0.0000
vn 0.0000 1.0000 0.0000
vn 0.0000 1.0000 0.0000
vn 0.0000 1.0000 0.0000
vn 0.0000 1.0000 0.0000
vn 0.0000 1.0000 0.0000
vn 0.0000 1.0000 0.0000
vn 0.0000 1.0000 0.0000
vn 0.0000 1.0000 0.0000
vn 0.0000 1.0000 0.0000
vn 0.0000 1.0000 0.0000
vn 0.0000 1.0000 0.0000
vn 0.0000 1.0000 0.0000
vn 0.0000 1.0000 0.0000
vn 0.0000 1.0000 0.0000
vn 0.0000 1.0000 0.0000
vn 0.0000 1.0000 0.0000
vn 0.0000 1.0000 0.0000
vn 0.0000 1.0000 0.0000
vn 0.0000 1.0000 0.0000
vn 0.0000 1.0000 0.0000
vn 0.0000 1.0000 0.0000
vn 0.0000 1.0000 0.0000
vn 0.0000 1.0000 0.0000
vn 0.0000 1.0000 0.0000
vn 0.0000 1.0000 0.0000
vn 0.0000 1.0000 0.0000
vn 0.0000 1.0000 0.0000
vn 0.0000 1.0000 0.0000
vn 0.0000 1.0000 0.0000
vn 0.0000 1.0000 0.0000
vn 0.0000 1.0000 0.0000
vn 0.0000 1.0000 0.0000
vn 0.0000 1.0000 0.0000
vn 0.0000 1.0000 0.0000
vn 0.0000 1.0000 0.0000
vn 0.0000 1.0000 0.0000
vn 0.0000 1.0000 0.0000
vn 0.0000 1.0000 0.0000
vn 0.0000 1.0000 0.0000
vn 0.0000 1.0000 0.0000
vn 0.0000 1.0000 0.0000
vn 0.0000 1.0000 0.0000
vn 0.0000 1.0000 0.0000
vn 0.0000 1.0000 0.0000
vn 0.0000 1.0000 0.0000
vn 0.0000 1.0000 0.0000
vn 0.0000 1.0000 0.0000
vn 0.0000 1.0000 0.0000
vn 0.0000 1.0000 0.0000
vn 0.0000 1.0000 0.0000
vn 0.0000 1.0000 0.0000
vn 0.0000 1.0000 0.0000
vn 0.0000 1.0000 0.0000
vn 0.0000 1.0000 0.0000
vn 0.0000 1.0000 0.0000
vn 0.0000 1.0000 0.0000
vn 0.0000 1.0000 0.0000
vn 0.0000 1.0000 0.0000
vn 0.0000 1.0000 0.0000
vn 0.0000 1.0000 0.0000
vn 0.0000 1.0000 0.0000
vn 0.0000 1.0000 0.0000
vn 0.0000 1.0000 0.0000
vn 0.0000 1.0000 0.0000
vn 0.0000 1.0000 0.0000
vn 0.0000 1.0000 0.0000
vn 0.0000 1.0000 0.0000
vn 0.0000 1.0000 0.0000
vn 0.0000 1.0000 0.0000
vn 0.0000 1.0000 0.0000
vn 0.0000 1.0000 0.0000
vn 0.0000 1.0000 0.0000
vn 0.0000 1.0000 0.0000
vn 0.0000 1.0000 0.0000
vn 0.0000 1.0000 0.0000
vn 0.0000 1.0000 0.0000
vn 0.0000 1.0000 0.0000
vn 0.0000 1.0000 0.0000
vn 0.0000 1.0000 0.0000
vn 0.0000 1.0000 0.0000
vn 0.0000 1.0000 0.0000
vn 0.0000 1.0000 0.0000
vn 0.0000 1.0000 0.0000
vn 0.0000 1.0000 0.0000
vn 0.0000 1.0000 0.0000
vn 0.0000 1.0000 0.0000
vn 0.0000 1.0000 0.0000
vn 0.0000 1.0000 0.0000
vn 0.0000 1.0000 0.0000
vn 0.0000 1.0000 0.0000
vn 0.0000 1.0000 0.0000
vn 0.0000 1.0000 0.0000
vn 0.0000 1.0000 0.0000
vn 0.0000 1.0000 0.0000
vn 0.0000 1.0000 0.0000
vn 0.0000 1.0000 0.0000
vn 0.0000 1.0000 0.0000
vn 0.0000 1.0000 0.0000
vn 0.0000 1.0000 0.0000
vn 0.0000 1.0000 0.0000
vn 0.0000 1.0000 0.0000
vn 0.0000 1.0000 0.0000
vn 0.0000 1.0000 0.0000
vn 0.0000 1.0000 0.0000
vn 0.0000 1.0000 0.0000
vn 0.0000 1.0000 0.0000
vn 0.0000 1.0000 0.0000
vn 0.0000 1.0000 0.0000
vn 0.0000 1.0000 0.0000
vn 0.0000 1.0000 0.0000
vn 0.0000 1.0000 0.0000
vn 0.0000 1.0000 0.0000
vn 0.0000 1.0000 0.0000
vn 0.0000 1.0000 0.0000
vn 0.0000 1.0000 0.0000
vn 0.0000 1.0000 0.0000
vn 0.0000 1.0000 0.0000
vn 0.0000 1.0000 0.0000
vn 0.0000 1.0000 0.0000
vn 0.0000 1.0000 0.0000
vn 0.0000 1.0000 0.0000
vn 0.0000 1.0000 0.0000
vn 0.0000 1.0000 0.0000
vn 0.0000 1.0000 0.0000
vn 0.0000 1.0000 0.0000
vn 0.0000 1.0000 0.0000
vn 0.0000 1.0000 0.0000
vn 0.0000 1.0000 0.0000
vn 0.0000 1.0000 0.0000
vn 0.0000 1.0000 0.0000
vn 0.0000 1.0000 0.0000
vn 0.0000 1.0000 0.0000
vn 0.0000 1.0000 0.0000
vn 0.0000 1.0000 0.0000
vn 0.0000 1.0000 0.0000
vn 0.0000 1.0000 0.0000
vn 0.0000 1.0000 0.0000
vn 0.0000 1.0000 0.0000
vn 0.0000 1.0000 0.0000
vn 0.0000 1.0000 0.0000
vn 0.0000 1.0000 0.0000
vn 0.0000 1.0000 0.0000
vn 0.0000 1.0000 0.0000
vn 0.0000 1.0000 0.0000
vn 0.0000 1.0000 0.0000
vn 0.0000 1.0000 0.0000
vn 0.0000 1.0000 0.0000
vn 0.0000 1.0000 0.0000
vn 0.0000 1.0000 0.0000
vn 0.0000 1.0000 0.0000
vn 0.0000 1.0000 0.0000
vn 0.0000 1.0000 0.0000
vn 0.0000 1.0000 0.0000
vn 0.0000 1.0000 0.0000
vn 0.0000 1.0000 0.0000
vn 0.0000 1.0000 0.0000
vn 0.0000 1.0000 0.0000
vn 0.0000 1.0000 0.0000
vn 0.0000 1.0000 0.0000
vn 0.0000 1.0000 0.0000
vn 0.0000 1.0000 0.0000
vn 0.0000 1.0000 0.0000
vn 0.0000 1.0000 0.0000
vn 0.0000 1.0000 0.0000
vn 0.0000 1.0000 0.0000
vn 0.0000 1.0000 0.0000
vn 0.0000 1.0000 0.0000
vn 0.0000 1.0000 0.0000
vn 0.0000 1.0000 0.0000
vn 0.0000 1.0000 0.0000
vn 0.0000 1.0000 0.0000
vn 0.0000 1.0000 0.0000
vn 0.0000 1.0000 0.0000
vn 0.0000 1.0000 0.0000
vn 0.0000 1.0000 0.0000
vn 0.0000 1.0000 0.0000
vn 0.0000 1.0000 0.0000
vn 0.0000 1.0000 0.0000
vn 0.0000 1.0000 0.0000
vn 0.0000 1.0000 0.0000
vn 0.0000 1.0000 0.0000
vn 0.0000 1.0000 0.0000
vn 0.0000 1.0000 0.0000
vn 0.0000 1.0000 0.0000
vn 0.0000 1.0000 0.0000
vn 0.0000 1.0000 0.0000
vn 0.0000 1.0000 0.0000
vn 0.0000 1.0000 0.0000
vn 0.0000 1.0000 0.0000
vn 0.0000 1.0000 0.0000
vn 0.0000 1.0000 0.0000
vn 0.0000 1.0000 0.0000
vn 0.0000 1.0000 0.0000
vn 0.0000 1.0000 0.0000
vn 0.0000 1.0000 0.0000
vn 0.0000 1.0000 0.0000
vn 0.0000 1.0000 0.0000
vn 0.0000 1.0000 0.0000
vn 0.0000 1.0000 0.0000
vn 0.0000 1.0000 0.0000
vn 0.0000 1.0000 0.0000
vn 0.0000 1.0000 0.0000
vn 0.0000 1.0000 0.0000
vn 0.0000 1.0000 0.0000
vn 0.0000 1.0000 0.0000
vn 0.0000 1.0000 0.0000
vn 0.0000 1.0000 0.0000
vn 0.0000 1.0000 0.0000
vn 0.0000 1.0000 0.0000
vn 0.0000 1.0000 0.0000
vn 0.0000 1.0000 0.0000
vn 0.0000 1.0000 0.0000
vn 0.0000 1.0000 0.0000
vn 0.0000 1.0000 0.0000
vn 0.0000 1.0000 0.0000
vn 0.0000 1.0000 0.0000
vn 0.0000 1.0000 0.0000
vn 0.0000 1.0000 0.0000
vn 0.0000 1.0000 0.0000
vn 0.0000 1.0000 0.0000
vn 0.0000 1.0000 0.0000
vn 0.0000 1.0000 0.0000
vn 0.0000 1.0000 0.0000
vn 0.0000 1.0000 0.0000
vn 0.0000 1.0000 0.0000
vn 0.0000 1.0000 0.0000
vn 0.0000 1.0000 0.0000
vn 0.0000 1.0000 0.0000
vn 0.0000 1.0000 0.0000
vn 0.0000 1.0000 0.0000
vn 0.0000 1.0000 0.0000
vn 0.0000 1.0000 0.0000
vn 0.0000 1.0000 0.0000
vn 0.0000 1.0000 0.0000
vn 0.0000 1.0000 0.0000
vn 0.0000 1.0000 0.0000
vn 0.0000 1.0000 0.0000
vn 0.0000 1.0000 0.0000
vn 0.0000 1.0000 0.0000
vn 0.0000 1.0000 0.0000
vn 0.0000 1.0000 0.0000
vn 0.0000 1.0000 0.0000
vn 0.0000 1.0000 0.0000
vn 0.0000 1.0000 0.0000
vn 0.0000 1.0000 0.0000
vn 0.0000 1.0000 0.0000
vn 0.0000 1.0000 0.0000
vn 0.0000 1.0000 0.0000
vn 0.0000 1.0000 0.0000
vn 0.0000 1.0000 0.0000
vn 0.0000 1.0000 0.0000
vn 0.0000 1.0000 0.0000
vn 0.0000 1.0000 0.0000
vn 0.0000 1.0000 0.0000
vn 0.0000 1.0000 0.0000
vn 0.0000 1.0000 0.0000
vn 0.0000 1.0000 0.0000
vn 0.0000 1.0000 0.0000
vn 0.0000 1.0000 0.0000
vn 0.0000 1.0000 0.0000
vn 0.0000 1.0000 0.0000
vn 0.0000 1.0000 0.0000
vn 0.0000 1.0000 0.0000
vn 0.0000 1.0000 0.0000
vn 0.0000 1.0000 0.0000
vn 0.0000 1.0000 0.0000
vn 0.0000 1.0000 0.0000
vn 0.0000 1.0000 0.0000
vn 0.0000 1.0000 0.0000
vn 0.0000 1.0000 0.0000
vn 0.0000 1.0000 0.0000
vn 0.0000 1.0000 0.0000
vn 0.0000 1.0000 0.0000
vn 0.0000 1.0000 0.0000
vn 0.0000 1.0000 0.0000
vn 0.0000 1.0000 0.0000
vn 0.0000 1.0000 0.0000
vn 0.0000 1.0000 0.0000
vn 0.0000 1.0000 0.0000
vn 0.0000 1.0000 0.0000
vn 0.0000 1.0000 0.0000
vn 0.0000 1.0000 0.0000
vn 0.0000 1.0000 0.0000
vn 0.0000 1.0000 0.0000
vn 0.0000 1.0000 0.0000
vn 0.0000 1.0000 0.0000
vn 0.0000 1.0000 0.0000
vn 0.0000 1.0000 0.0000
vn 0.0000 1.0000 0.0000
vn 0.0000 1.0000 0.0000
vn 0.0000 1.0000 0.0000
vn 0.0000 1.0000 0.0000
vn 0.0000 1.0000 0.0000
vn 0.0000 1.0000 0.0000
vn 0.0000 1.0000 0.0000
vn 0.0000 1.0000 0.0000
vn 0.0000 1.0000 0.0000
vn 0.0000 1.0000 0.0000
vn 0.0000 1.0000 0.0000
vn 0.0000 1.0000 0.0000
vn 0.0000 1.0000 0.0000
vn 0.0000 1.0000 0.0000
vn 0.0000 1.0000 0.0000
vn 0.0000 1.0000 0.0000
vn 0.0000 1.0000 0.0000
vn 0.0000 1.0000 0.0000
vn 0.0000 1.0000 0.0000
vn 0.0000 1.0000 0.0000
vn 0.0000 1.0000 0.0000
vn 0.0000 1.0000 0.0000
vn 0.0000 1.0000 0.0000
vn 0.0000 1.0000 0.0000
vn 0.0000 1.0000 0.0000
vn 0.0000 1.0000 0.0000
vn 0.0000 1.0000 0.0000
vn 0.0000 1.0000 0.0000
vn 0.0000 1.0000 0.0000
vn 0.0000 1.0000 0.0000
vn 0.0000 1.0000 0.0000
vn 0.0000 1.0000 0.0000
vn 0.0000 1.0000 0.0000
vn 0.0000 1.0000 0.0000
vn 0.0000 1.0000 0.0000
vn 0.0000 1.0000 0.0000
vn 0.0000 1.0000 0.0000
vn 0.0000 1.0000 0.0000
vn 0.0000 1.0000 0.0000
vn 0.0000 1.0000 0.0000
vn 0.0000 1.0000 0.0000
vn 0.0000 1.0000 0.0000
vn 0.0000 1.0000 0.0000
vn 0.0000 1.0000 0.0000
vn 0.0000 1.0000 0.0000
vn 0.0000 1.0000 0.0000
vn 0.0000 1.0000 0.0000
vn 0.0000 1.0000 0.0000
vn 0.0000 1.0000 0.0000
vn 0.0000 1.0000 0.0000
vn 0.0000 1.0000 0.0000
vn 0.0000 1.0000 0.0000
vn 0.0000 1.0000 0.0000
vn 0.0000 1.0000 0.0000
vn 0.0000 1.0000 0.0000
vn 0.0000 1.0000 0.0000
vn 0.0000 1.0000 0.0000
vn 0.0000 1.0000 0.0000
vn 0.0000 1.0000 0.0000
vn 0.0000 1.0000 0.0000
vn 0.0000 1.0000 0.0000
vn 0.0000 1.0000 0.0000
vn 0.0000 1.0000 0.0000
vn 0.0000 1.0000 0.0000
vn 0.0000 1.0000 0.0000
vn 0.0000 1.0000 0.0000
vn 0.0000 1.0000 0.0000
vn 0.0000 1.0000 0.0000
vn 0.0000 1.0000 0.0000
vn 0.0000 1.0000 0.0000
vn 0.0000 1.0000 0.0000
vn 0.0000 1.0000 0.0000
vn 0.0000 1.0000 0.0000
vn 0.0000 1.0000 0.0000
vn 0.0000 1.0000 0.0000
vn 0.0000 1.0000 0.0000
vn 0.0000 1.0000 0.0000
vn 0.0000 1.0000 0.0000
vn 0.0000 1.0000 0.0000
vn 0.0000 1.0000 0.0000
vn 0.0000 1.0000 0.0000
vn 0.0000 1.0000 0.0000
vn 0.0000 1.0000 0.0000
vn 0.0000 1.0000 0.0000
vn 0.0000 1.0000 0.0000
vn 0.0000 1.0000 0.0000
vn 0.0000 1.0000 0.0000
vn 0.0000 1.0000 0.0000
vn 0.0000 1.0000 0.0000
vn 0.0000 1.0000 0.0000
vn 0.0000 1.0000 0.0000
vn 0.0000 1.0000 0.0000
vn 0.0000 1.0000 0.0000
vn 0.0000 1.0000 0.0000
vn 0.0000 1.0000 0.0000
vn 0.0000 1.0000 0.0000
vn 0.0000 1.0000 0.0000
vn 0.0000 1.0000 0.0000
vn 0.0000 1.0000 0.0000
vn 0.0000 1.0000 0.0000
vn 0.0000 1.0000 0.0000
vn 0.0000 1.0000 0.0000
vn 0.0000 1.0000 0.0000
vn 0.0000 1.0000 0.0000
vn 0.0000 1.0000 0.0000
vn 0.0000 1.0000 0.0000
vn 0.0000 1.0000 0.0000
vn 0.0000 1.0000 0.0000
vn 0.0000 1.0000 0.0000
vn 0.0000 1.0000 0.0000
vn 0.0000 1.0000 0.0000
vn 0.0000 1.0000 0.0000
vn 0.0000 1.0000 0.0000
vn 0.0000 1.0000 0.0000
vn 0.0000 1.0000 0.0000
vn 0.0000 1.0000 0.0000
vn 0.0000 1.0000 0.0000
vn 0.0000 1.0000 0.0000
vn 0.0000 1.0000 0.0000
vn 0.0000 1.0000 0.0000
vn 0.0000 1.0000 0.0000
vn 0.0000 1.0000 0.0000
vn 0.0000 1.0000 0.0000
vn 0.0000 1.0000 0.0000
vn 0.0000 1.0000 0.0000
vn 0.0000 1.0000 0.0000
vn 0.0000 1.0000 0.0000
vn 0.0000 1.0000 0.0000
vn 0.0000 1.0000 0.0000
vn 0.0000 1.0000 0.0000
vn 0.0000 1.0000 0.0000
vn 0.0000 1.0000 0.0000
vn 0.0000 1.0000 0.0000
vn 0.0000 1.0000 0.0000
vn 0.0000 1.0000 0.0000
vn 0.0000 1.0000 0.0000
vn 0.0000 1.0000 0.0000
vn 0.0000 1.0000 0.0000
vn 0.0000 1.0000 0.0000
vn 0.0000 1.0000 0.0000
vn 0.0000 1.0000 0.0000
vn 0.0000 1.0000 0.0000
vn 0.0000 1.0000 0.0000
vn 0.0000 1.0000 0.0000
vn 0.0000 1.0000 0.0000
vn 0.0000 1.0000 0.0000
vn 0.0000 1.0000 0.0000
vn 0.0000 1.0000 0.0000
vn 0.0000 1.0000 0.0000
vn 0.0000 1.0000 0.0000
vn 0.0000 1.0000 0.0000
vn 0.0000 1.0000 0.0000
vn 0.0000 1.0000 0.0000
vn 0.0000 1.0000 0.0000
vn 0.0000 1.0000 0.0000
vn 0.0000 1.0000 0.0000
vn 0.0000 1.0000 0.0000
vn 0.0000 1.0000 0.0000
vn 0.0000 1.0000 0.0000
vn 0.0000 1.0000 0.0000
vn 0.0000 1.0000 0.0000
vn 0.0000 1.0000 0.0000
vn 0.0000 1.0000 0.0000
vn 0.0000 1.0000 0.0000
vn 0.0000 1.0000 0.0000
vn 0.0000 1.0000 0.0000
vn 0.0000 1.0000 0.0000
vn 0.0000 1.0000 0.0000
vn 0.0000 1.0000 0.0000
vn 0.0000 1.0000 0.0000
vn 0.0000 1.0000 0.0000
vn 0.0000 1.0000 0.0000
vn 0.0000 1.0000 0.0000
vn 0.0000 1.0000 0.0000
vn 0.0000 1.0000 0.0000
vn 0.0000 1.0000 0.0000
vn 0.0000 1.0000 0.0000
vn 0.0000 1.0000 0.0000
vn 0.0000 1.0000 0.0000
vn 0.0000 1.0000 0.0000
vn 0.0000 1.0000 0.0000
vn 0.0000 1.0000 0.0000
vn 0.0000 1.0000 0.0000
vn 0.0000 1.0000 0.0000
vn 0.0000 1.0000 0.0000
vn 0.0000 1.0000 0.0000
vn 0.0000 1.0000 0.0000
vn 0.0000 1.0000 0.0000
vn 0.0000 1.0000 0.0000
vn 0.0000 1.0000 0.0000
vn 0.0000 1.0000 0.0000
vn 0.0000 1.0000 0.0000
vn 0.0000 1.0000 0.0000
vn 0.0000 1.0000 0.0000
vn 0.0000 1.0000 0.0000
vn 0.0000 1.0000 0.0000
vn 0.0000 1.0000 0.0000
vn 0.0000 1.0000 0.0000
vn 0.0000 1.0000 0.0000
vn 0.0000 1.0000 0.0000
vn 0.0000 1.0000 0.0000
vn 0.0000 1.0000 0.0000
vn 0.0000 1.0000 0.0000
vn 0.0000 1.0000 0.0000
vn 0.0000 1.0000 0.0000
vn 0.0000 1.0000 0.0000
vn 0.0000 1.0000 0.0000
vn 0.0000 1.0000 0.0000
vn 0.0000 1.0000 0.0000
vn 0.0000 1.0000 0.0000
vn 0.0000 1.0000 0.0000
vn 0.0000 1.0000 0.0000
vn 0.0000 1.0000 0.0000
vn 0.0000 1.0000 0.0000
vn 0.0000 1.0000 0.0000
vn 0.0000 1.0000 0.0000
vn 0.0000 1.0000 0.0000
vn 0.0000 1.0000 0.0000
vn 0.0000 1.0000 0.0000
vn 0.0000 1.0000 0.0000
vn 0.0000 1.0000 0.0000
vn 0.0000 1.0000 0.0000
vn 0.0000 1.0000 0.0000
vn 0.0000 1.0000 0.0000
vn 0.0000 1.0000 0.0000
vn 0.0000 1.0000 0.0000
vn 0.0000 1.0000 0.0000
vn 0.0000 1.0000 0.0000
vn 0.0000 1.0000 0.0000
vn 0.0000 1.0000 0.0000
vn 0.0000 1.0000 0.0000
vn 0.0000 1.0000 0.0000
vn 0.0000 1.0000 0.0000
vn 0.0000 1.0000 0.0000
vn 0.0000 1.0000 0.0000
vn 0.0000 1.0000 0.0000
vn 0.0000 1.0000 0.0000
vn 0.0000 1.0000 0.0000
vn 0.0000 1.0000 0.0000
vn 0.0000 1.0000 0.0000
vn 0.0000 1.0000 0.0000
vn 0.0000 1.0000 0.0000
vn 0.0000 1.0000 0.0000
vn 0.0000 1.0000 0.0000
vn 0.0000 1.0000 0.0000
vn 0.0000 1.0000 0.0000
vn 0.0000 1.0000 0.0000
vn 0.0000 1.0000 0.0000
vn 0.0000 1.0000 0.0000
vn 0.0000 1.0000 0.0000
vn 0.0000 1.0000 0.0000
vn 0.0000 1.0000 0.0000
vn 0.0000 1.0000 0.0000
vn 0.0000 1.0000 0.0000
vn 0.0000 1.0000 0.0000
vn 0.0000 1.0000 0.0000
vn 0.0000 1.0000 0.0000
vn 0.0000 1.0000 0.0000
vn 0.0000 1.0000 0.0000
vn 0.0000 1.0000 0.0000
vn 0.0000 1.0000 0.0000
vn 0.0000 1.0000 0.0000
vn 0.0000 1.0000 0.0000
vn 0.0000 1.0000 0.0000
vn 0.0000 1.0000 0.0000
vn 0.0000 1.0000 0.0000
vn 0.0000 1.0000 0.0000
vn 0.0000 1.0000 0.0000
vn 0.0000 1.0000 0.0000
vn 0.0000 1.0000 0.0000
vn 0.0000 1.0000 0.0000
vn 0.0000 1.0000 0.0000
vn 0.0000 1.0000 0.0000
vn 0.0000 1.0000 0.0000
vn 0.0000 1.0000 0.0000
vn 0.0000 1.0000 0.0000
vn 0.0000 1.0000 0.0000
vn 0.0000 1.0000 0.0000
vn 0.0000 1.0000 0.0000
vn 0.0000 1.0000 0.0000
vn 0.0000 1.0000 0.0000
vn 0.0000 1.0000 0.0000
vn 0.0000 1.0000 0.0000
vn 0.0000 1.0000 0.0000
vn 0.0000 1.0000 0.0000
vn 0.0000 1.0000 0.0000
vn 0.0000 1.0000 0.0000
vn 0.0000 1.0000 0.0000
vn 0.0000 1.0000 0.0000
vn 0.0000 1.0000 0.0000
vn 0.0000 1.0000 0.0000
vn 0.0000 1.0000 0.0000
vn 0.0000 1.0000 0.0000
vn 0.0000 1.0000 0.0000
vn 0.0000 1.0000 0.0000
vn 0.0000 1.0000 0.0000
vn 0.0000 1.0000 0.0000
vn 0.0000 1.0000 0.0000
vn 0.0000 1.0000 0.0000
vn 0.0000 1.0000 0.0000
vn 0.0000 1.0000 0.0000
vn 0.0000 1.0000 0.0000
vn 0.0000 1.0000 0.0000
vn 0.0000 1.0000 0.0000
vn 0.0000 1.0000 0.0000
vn 0.0000 1.0000 0.0000
vn 0.0000 1.0000 0.0000
vn 0.0000 1.0000 0.0000
vn 0.0000 1.0000 0.0000
vn 0.0000 1.0000 0.0000
vn 0.0000 1.0000 0.0000
vn 0.0000 1.0000 0.0000
vn 0.0000 1.0000 0.0000
vn 0.0000 1.0000 0.0000
vn 0.0000 1.0000 0.0000
vn 0.0000 1.0000 0.0000
vn 0.0000 1.0000 0.0000
vn 0.0000 1.0000 0.0000
vn 0.0000 1.0000 0.0000
vn 0.0000 1.0000 0.0000
vn 0.0000 1.0000 0.0000
vn 0.0000 1.0000 0.0000
vn 0.0000 1.0000 0.0000
vn 0.0000 1.0000 0.0000
vn 0.0000 1.0000 0.0000
vn 0.0000 1.0000 0.0000
vn 0.0000 1.0000 0.0000
vn 0.0000 1.0000 0.0000
vn 0.0000 1.0000 0.0000
vn 0.0000 1.0000 0.0000
vn 0.0000 1.0000 0.0000
vn 0.0000 1.0000 0.0000
vn 0.0000 1.0000 0.0000
vn 0.0000 1.0000 0.0000
vn 0.0000 1.0000 0.0000
vn 0.0000 1.0000 0.0000
vn 0.0000 1.0000 0.0000
vn 0.0000 1.0000 0.0000
vn 0.0000 1.0000 0.0000
vn 0.0000 1.0000 0.0000
vn 0.0000 1.0000 0.0000
vn 0.0000 1.0000 0.0000
vn 0.0000 1.0000 0.0000
vn 0.0000 1.0000 0.0000
vn 0.0000 1.0000 0.0000
vn 0.0000 1.0000 0.0000
vn 0.0000 1.0000 0.0000
vn 0.0000 1.0000 0.0000
vn 0.0000 1.0000 0.0000
vn 0.0000 1.0000 0.0000
vn 0.0000 1.0000 0.0000
vn 0.0000 1.0000 0.0000
vn 0.0000 1.0000 0.0000
vn 0.0000 1.0000 0.0000
vn 0.0000 1.0000 0.0000
vn 0.0000 1.0000 0.0000
vn 0.0000 1.0000 0.0000
vn 0.0000 1.0000 0.0000
vn 0.0000 1.0000 0.0000
vn 0.0000 1.0000 0.0000
vn 0.0000 1.0000 0.0000
vn 0.0000 1.0000 0.0000
vn 0.0000 1.0000 0.0000
vn 0.0000 1.0000 0.0000
vn 0.0000 1.0000 0.0000
vn 0.0000 1.0000 0.0000
vn 0.0000 1.0000 0.0000
vn 0.0000 1.0000 0.0000
vn 0.0000 1.0000 0.0000
vn 0.0000 1.0000 0.0000
vn 0.0000 1.0000 0.0000
vn 0.0000 1.0000 0.0000
vn 0.0000 1.0000 0.0000
vn 0.0000 1.0000 0.0000
vn 0.0000 1.0000 0.0000
vn 0.0000 1.0000 0.0000
vn 0.0000 1.0000 0.0000
vn 0.0000 1.0000 0.0000
vn 0.0000 1.0000 0.0000
vn 0.0000 1.0000 0.0000
vn 0.0000 1.0000 0.0000
vn 0.0000 1.0000 0.0000
vn 0.0000 1.0000 0.0000
vn 0.0000 1.0000 0.0000
vn 0.0000 1.0000 0.0000
vn 0.0000 1.0000 0.0000
vn 0.0000 1.0000 0.0000
vn 0.0000 1.0000 0.0000
vn 0.0000 1.0000 0.0000
vn 0.0000 1.0000 0.0000
vn 0.0000 1.0000 0.0000
vn 0.0000 1.0000 0.0000
vn 0.0000 1.0000 0.0000
vn 0.0000 1.0000 0.0000
vn 0.0000 1.0000 0.0000
vn 0.0000 1.0000 0.0000
vn 0.0000 1.0000 0.0000
vn 0.0000 1.0000 0.0000
vn 0.0000 1.0000 0.0000
vn 0.0000 1.0000 0.0000
vn 0.0000 1.0000 0.0000
vn 0.0000 1.0000 0.0000
vn 0.0000 1.0000 0.0000
vn 0.0000 1.0000 0.0000
vn 0.0000 1.0000 0.0000
vn 0.0000 1.0000 0.0000
vn 0.0000 1.0000 0.0000
vn 0.0000 1.0000 0.0000
vn 0.0000 1.0000 0.0000
vn 0.0000 1.0000 0.0000
vn 0.0000 1.0000 0.0000
vn 0.0000 1.0000 0.0000
vn 0.0000 1.0000 0.0000
vn 0.0000 1.0000 0.0000
vn 0.0000 1.0000 0.0000
vn 0.0000 1.0000 0.0000
vn 0.0000 1.0000 0.0000
vn 0.0000 1.0000 0.0000
vn 0.0000 1.0000 0.0000
vn 0.0000 1.0000 0.0000
vn 0.0000 1.0000 0.0000
vn 0.0000 1.0000 0.0000
vn 0.0000 1.0000 0.0000
vn 0.0000 1.0000 0.0000
vn 0.0000 1.0000 0.0000
vn 0.0000 1.0000 0.0000
vn 0.0000 1.0000 0.0000
vn 0.0000 1.0000 0.0000
vn 0.0000 1.0000 0.0000
vn 0.0000 1.0000 0.0000
vn 0.0000 1.0000 0.0000
vn 0.0000 1.0000 0.0000
vn 0.0000 1.0000 0.0000
vn 0.0000 1.0000 0.0000
vn 0.0000 1.0000 0.0000
vn 0.0000 1.0000 0.0000
vn 0.0000 1.0000 0.0000
vn 0.0000 1.0000 0.0000
vn 0.0000 1.0000 0.0000
vn 0.0000 1.0000 0.0000
vn 0.0000 1.0000 0.0000
vn 0.0000 1.0000 0.0000
vn 0.0000 1.0000 0.0000
vn 0.0000 1.0000 0.0000
vn 0.0000 1.0000 0.0000
vn 0.0000 1.0000 0.0000
vn 0.0000 1.0000 0.0000
vn 0.0000 1.0000 0.0000
vn 0.0000 1.0000 0.0000
vn 0.0000 1.0000 0.0000
vn 0.0000 1.0000 0.0000
vn 0.0000 1.0000 0.0000
vn 0.0000 1.0000 0.0000
vn 0.0000 1.0000 0.0000
vn 0.0000 1.0000 0.0000
vn 0.0000 1.0000 0.0000
vn 0.0000 1.0000 0.0000
vn 0.0000 1.0000 0.0000
vn 0.0000 1.0000 0.0000
vn 0.0000 1.0000 0.0000
vn 0.0000 1.0000 0.0000
vn 0.0000 1.0000 0.0000
vn 0.0000 1.0000 0.0000
vn 0.0000 1.0000 0.0000
vn 0.0000 1.0000 0.0000
vn 0.0000 1.0000 0.0000
vn 0.0000 1.0000 0.0000
vn 0.0000 1.0000 0.0000
vn 0.0000 1.0000 0.0000
vn 0.0000 1.0000 0.0000
vn 0.0000 1.0000 0.0000
vn 0.0000 1.0000 0.0000
vn 0.0000 1.0000 0.0000
vn 0.0000 1.0000 0.0000
vn 0.0000 1.0000 0.0000
vn 0.0000 1.0000 0.0000
vn 0.0000 1.0000 0.0000
vn 0.0000 1.0000 0.0000
vn 0.0000 1.0000 0.0000
vn 0.0000 1.0000 0.0000
vn 0.0000 1.0000 0.0000
vn 0.0000 1.0000 0.0000
vn 0.0000 1.0000 0.0000
vn 0.0000 1.0000 0.0000
vn 0.0000 1.0000 0.0000
vn 0.0000 1.0000 0.0000
vn 0.0000 1.0000 0.0000
vn 0.0000 1.0000 0.0000
vn 0.0000 1.0000 0.0000
vn 0.0000 1.0000 0.0000
vn 0.0000 1.0000 0.0000
vn 0.0000 1.0000 0.0000
vn 0.0000 1.0000 0.0000
vn 0.0000 1.0000 0.0000
vn 0.0000 1.0000 0.0000
vn 0.0000 1.0000 0.0000
vn 0.0000 1.0000 0.0000
vn 0.0000 1.0000 0.0000
vn 0.0000 1.0000 0.0000
vn 0.0000 1.0000 0.0000
vn 0.0000 1.0000 0.0000
vn 0.0000 1.0000 0.0000
vn 0.0000 1.0000 0.0000
vn 0.0000 1.0000 0.0000
vn 0.0000 1.0000 0.0000
vn 0.0000 1.0000 0.0000
vn 0.0000 1.0000 0.0000
vn 0.0000 1.0000 0.0000
vn 0.0000 1.0000 0.0000
vn 0.0000 1.0000 0.0000
vn 0.0000 1.0000 0.0000
vn 0.0000 1.0000 0.0000
vn 0.0000 1.0000 0.0000
vn 0.0000 1.0000 0.0000
vn 0.0000 1.0000 0.0000
vn 0.0000 1.0000 0.0000
vn 0.0000 1.0000 0.0000
vn 0.0000 1.0000 0.0000
vn 0.0000 1.0000 0.0000
vn 0.0000 1.0000 0.0000
vn 0.0000 1.0000 0.0000
vn 0.0000 1.0000 0.0000
vn 0.0000 1.0000 0.0000
vn 0.0000 1.0000 0.0000
vn 0.0000 1.0000 0.0000
vn 0.0000 1.0000 0.0000
vn 0.0000 1.0000 0.0000
vn 0.0000 1.0000 0.0000
vn 0.0000 1.0000 0.0000
vn 0.0000 1.0000 0.0000
vn 0.0000 1.0000 0.0000
vn 0.0000 1.0000 0.0000
vn 0.0000 1.0000 0.0000
vn 0.0000 1.0000 0.0000
vn 0.0000 1.0000 0.0000
vn 0.0000 1.0000 0.0000
vn 0.0000 1.0000 0.0000
vn 0.0000 1.0000 0.0000
vn 0.0000 1.0000 0.0000
vn 0.0000 1.0000 0.0000
vn 0.0000 1.0000 0.0000
vn 0.0000 1.0000 0.0000
vn 0.0000 1.0000 0.0000
vn 0.0000 1.0000 0.0000
vn 0.0000 1.0000 0.0000
vn 0.0000 1.0000 0.0000
vn 0.0000 1.0000 0.0000
vn 0.0000 1.0000 0.0000
vn 0.0000 1.0000 0.0000
vn 0.0000 1.0000 0.0000
vn 0.0000 1.0000 0.0000
vn 0.0000 1.0000 0.0000
vn 0.0000 1.0000 0.0000
vn 0.0000 1.0000 0.0000
vn 0.0000 1.0000 0.0000
vn 0.0000 1.0000 0.0000
vn 0.0000 1.0000 0.0000
vn 0.0000 1.0000 0.0000
vn 0.0000 1.0000 0.0000
vn 0.0000 1.0000 0.0000
vn 0.0000 1.0000 0.0000
vn 0.0000 1.0000 0.0000
vn 0.0000 1.0000 0.0000
vn 0.0000 1.0000 0.0000
vn 0.0000 1.0000 0.0000
vn 0.0000 1.0000 0.0000
vn 0.0000 1.0000 0.0000
vn 0.0000 1.0000 0.0000
vn 0.0000 1.0000 0.0000
vn 0.0000 1.0000 0.0000
vn 0.0000 1.0000 0.0000
vn 0.0000 1.0000 0.0000
vn 0.0000 1.0000 0.0000
vn 0.0000 1.0000 0.0000
vn 0.0000 1.0000 0.0000
vn 0.0000 1.0000 0.0000
vn 0.0000 1.0000 0.0000
vn 0.0000 1.0000 0.0000
vn 0.0000 1.0000 0.0000
vn 0.0000 1.0000 0.0000
vn 0.0000 1.0000 0.0000
vn 0.0000 1.0000 0.0000
vn 0.0000 1.0000 0.0000
vn 0.0000 1.0000 0.0000
vn 0.0000 1.0000 0.0000
vn 0.0000 1.0000 0.0000
vn 0.0000 1.0000 0.0000
vn 0.0000 1.0000 0.0000
vn 0.0000 1.0000 0.0000
vn 0.0000 1.0000 0.0000
vn 0.0000 1.0000 0.0000
vn 0.0000 1.0000 0.0000
vn 0.0000 1.0000 0.0000
vn 0.0000 1.0000 0.0000
vn 0.0000 1.0000 0.0000
vn 0.0000 1.0000 0.0000
vn 0.0000 1.0000 0.0000
vn 0.0000 1.0000 0.0000
vn 0.0000 1.0000 0.0000
vn 0.0000 1.0000 0.0000
vn 0.0000 1.0000 0.0000
vn 0.0000 1.0000 0.0000
vn 0.0000 1.0000 0.0000
vn 0.0000 1.0000 0.0000
vn 0.0000 1.0000 0.0000
vn 0.0000 1.0000 0.0000
vn 0.0000 1.0000 0.0000
vn 0.0000 1.0000 0.0000
vn 0.0000 1.0000 0.0000
vn 0.0000 1.0000 0.0000
vn 0.0000 1.0000 0.0000
vn 0.0000 1.0000 0.0000
vn 0.0000 1.0000 0.0000
vn 0.0000 1.0000 0.0000
vn 0.0000 1.0000 0.0000
vn 0.0000 1.0000 0.0000
vn 0.0000 1.0000 0.0000
vn 0.0000 1.0000 0.0000
vn 0.0000 1.0000 0.0000
vn 0.0000 1.0000 0.0000
vn 0.0000 1.0000 0.0000
vn 0.0000 1.0000 0.0000
vn 0.0000 1.0000 0.0000
vn 0.0000 1.0000 0.0000
vn 0.0000 1.0000 0.0000
vn 0.0000 1.0000 0.0000
vn 0.0000 1.0000 0.0000
vn 0.0000 1.0000 0.0000
vn 0.0000 1.0000 0.0000
vn 0.0000 1.0000 0.0000
vn 0.0000 1.0000 0.0000
vn 0.0000 1.0000 0.0000
vn 0.0000 1.0000 0.0000
vn 0.0000 1.0000 0.0000
vn 0.0000 1.0000 0.0000
vn 0.0000 1.0000 0.0000
vn 0.0000 1.0000 0.0000
vn 0.0000 1.0000 0.0000
vn 0.0000 1.0000 0.0000
vn 0.0000 1.0000 0.0000
vn 0.0000 1.0000 0.0000
vn 0.0000 1.0000 0.0000
vn 0.0000 1.0000 0.0000
vn 0.0000 1.0000 0.0000
vn 0.0000 1.0000 0.0000
vn 0.0000 1.0000 0.0000
vn 0.0000 1.0000 0.0000
vn 0.0000 1.0000 0.0000
vn 0.0000 1.0000 0.0000
vn 0.0000 1.0000 0.0000
vn 0.0000 1.0000 0.0000
vn 0.0000 1.0000 0.0000
vn 0.0000 1.0000 0.0000
vn 0.0000 1.0000 0.0000
vn 0.0000 1.0000 0.0000
vn 0.0000 1.0000 0.0000
vn 0.0000 1.0000 0.0000
vn 0.0000 1.0000 0.0000
vn 0.0000 1.0000 0.0000
vn 0.0000 1.0000 0.0000
vn 0.0000 1.0000 0.0000
vn 0.0000 1.0000 0.0000
vn 0.0000 1.0000 0.0000
vn 0.0000 1.0000 0.0000
vn 0.0000 1.0000 0.0000
vn 0.0000 1.0000 0.0000
vn 0.0000 1.0000 0.0000
vn 0.0000 1.0000 0.0000
vn 0.0000 1.0000 0.0000
vn 0.0000 1.0000 0.0000
vn 0.0000 1.0000 0.0000
vn 0.0000 1.0000 0.0000
vn 0.0000 1.0000 0.0000
vn 0.0000 1.0000 0.0000
vn 0.0000 1.0000 0.0000
vn 0.0000 1.0000 0.0000
vn 0.0000 1.0000 0.0000
vn 0.0000 1.0000 0.0000
vn 0.0000 1.0000 0.0000
vn 0.0000 1.0000 0.0000
vn 0.0000 1.0000 0.0000
vn 0.0000 1.0000 0.0000
vn 0.0000 1.0000 0.0000
vn 0.0000 1.0000 0.0000
vn 0.0000 1.0000 0.0000
vn 0.0000 1.0000 0.0000
vn 0.0000 1.0000 0.0000
vn 0.0000 1.0000 0.0000
vn 0.0000 1.0000 0.0000
vn 0.0000 1.0000 0.0000
vn 0.0000 1.0000 0.0000
vn 0.0000 1.0000 0.0000
vn 0.0000 1.0000 0.0000
vn 0.0000 1.0000 0.0000
vn 0.0000 1.0000 0.0000
vn 0.0000 1.0000 0.0000
vn 0.0000 1.0000 0.0000
vn 0.0000 1.0000 0.0000
vn 0.0000 1.0000 0.0000
vn 0.0000 1.0000 0.0000
vn 0.0000 1.0000 0.0000
vn 0.0000 1.0000 0.0000
vn 0.0000 1.0000 0.0000
vn 0.0000 1.0000 0.0000
vn 0.0000 1.0000 0.0000
vn 0.0000 1.0000 0.0000
vn 0.0000 1.0000 0.0000
vn 0.0000 1.0000 0.0000
vn 0.0000 1.0000 0.0000
vn 0.0000 1.0000 0.0000
vn 0.0000 1.0000 0.0000
vn 0.0000 1.0000 0.0000
vn 0.0000 1.0000 0.0000
vn 0.0000 1.0000 0.0000
vn 0.0000 1.0000 0.0000
vn 0.0000 1.0000 0.0000
vn 0.0000 1.0000 0.0000
vn 0.0000 1.0000 0.0000
vn 0.0000 1.0000 0.0000
vn 0.0000 1.0000 0.0000
vn 0.0000 1.0000 0.0000
vn 0.0000 1.0000 0.0000
vn 0.0000 1.0000 0.0000
vn 0.0000 1.0000 0.0000
vn 0.0000 1.0000 0.0000
vn 0.0000 1.0000 0.0000
vn 0.0000 1.0000 0.0000
vn 0.0000 1.0000 0.0000
vn 0.0000 1.0000 0.0000
vn 0.0000 1.0000 0.0000
vn 0.0000 1.0000 0.0000
vn 0.0000 1.0000 0.0000
vn 0.0000 1.0000 0.0000
vn 0.0000 1.0000 0.0000
vn 0.0000 1.0000 0.0000
vn 0.0000 1.0000 0.0000
vn 0.0000 1.0000 0.0000
vn 0.0000 1.0000 0.0000
vn 0.0000 1.0000 0.0000
vn 0.0000 1.0000 0.0000
vn 0.0000 1.0000 0.0000
vn 0.0000 1.0000 0.0000
vn 0.0000 1.0000 0.0000
vn 0.0000 1.0000 0.0000
vn 0.0000 1.0000 0.0000
vn 0.0000 1.0000 0.0000
vn 0.0000 1.0000 0.0000
vn 0.0000 1.0000 0.0000
vn 0.0000 1.0000 0.0000
vn 0.0000 1.0000 0.0000
vn 0.0000 1.0000 0.0000
vn 0.0000 1.0000 0.0000
vn 0.0000 1.0000 0.0000
vn 0.0000 1.0000 0.0000
vn 0.0000 1.0000 0.0000
vn 0.0000 1.0000 0.0000
vn 0.0000 1.0000 0.0000
vn 0.0000 1.0000 0.0000
vn 0.0000 1.0000 0.0000
vn 0.0000 1.0000 0.0000
vn 0.0000 1.0000 0.0000
vn 0.0000 1.0000 0.0000
vn 0.0000 1.0000 0.0000
vn 0.0000 1.0000 0.0000
vn 0.0000 1.0000 0.0000
vn 0.0000 1.0000 0.0000
vn 0.0000 1.0000 0.0000
vn 0.0000 1.0000 0.0000
vn 0.0000 1.0000 0.0000
vn 0.0000 1.0000 0.0000
vn 0.0000 1.0000 0.0000
vn 0.0000 1.0000 0.0000
vn 0.0000 1.0000 0.0000
vn 0.0000 1.0000 0.0000
vn 0.0000 1.0000 0.0000
vn 0.0000 1.0000 0.0000
vn 0.0000 1.0000 0.0000
vn 0.0000 1.0000 0.0000
vn 0.0000 1.0000 0.0000
vn 0.0000 1.0000 0.0000
vn 0.0000 1.0000 0.0000
vn 0.0000 1.0000 0.0000
vn 0.0000 1.0000 0.0000
vn 0.0000 1.0000 0.0000
vn 0.0000 1.0000 0.0000
vn 0.0000 1.0000 0.0000
vn 0.0000 1.0000 0.0000
vn 0.0000 1.0000 0.0000
vn 0.0000 1.0000 0.0000
vn 0.0000 1.0000 0.0000
vn 0.0000 1.0000 0.0000
vn 0.0000 1.0000 0.0000
vn 0.0000 1.0000 0.0000
vn 0.0000 1.0000 0.0000
vn 0.0000 1.0000 0.0000
vn 0.0000 1.0000 0.0000
vn 0.0000 1.0000 0.0000
vn 0.0000 1.0000 0.0000
vn 0.0000 1.0000 0.0000
vn 0.0000 1.0000 0.0000
vn 0.0000 1.0000 0.0000
vn 0.0000 1.0000 0.0000
vn 0.0000 1.0000 0.0000
vn 0.0000 1.0000 0.0000
vn 0.0000 1.0000 0.0000
vn 0.0000 1.0000 0.0000
vn 0.0000 1.0000 0.0000
vn 0.0000 1.0000 0.0000
vn 0.0000 1.0000 0.0000
vn 0.0000 1.0000 0.0000
vn 0.0000 1.0000 0.0000
vn 0.0000 1.0000 0.0000
vn 0.0000 1.0000 0.0000
vn 0.0000 1.0000 0.0000
vn 0.0000 1.0000 0.0000
vn 0.0000 1.0000 0.0000
vn 0.0000 1.0000 0.0000
vn 0.0000 1.0000 0.0000
vn 0.0000 1.0000 0.0000
vn 0.0000 1.0000 0.0000
vn 0.0000 1.0000 0.0000
vn 0.0000 1.0000 0.0000
vn 0.0000 1.0000 0.0000
vn 0.0000 1.0000 0.0000
vn 0.0000 1.0000 0.0000
vn 0.0000 1.0000 0.0000
vn 0.0000 1.0000 0.0000
vn 0.0000 1.0000 0.0000
vn 0.0000 1.0000 0.0000
vn 0.0000 1.0000 0.0000
vn 0.0000 1.0000 0.0000
vn 0.0000 1.0000 0.0000
vn 0.0000 1.0000 0.0000
vn 0.0000 1.0000 0.0000
vn 0.0000 1.0000 0.0000
vn 0.0000 1.0000 0.0000
vn 0.0000 1.0000 0.0000
vn 0.0000 1.0000 0.0000
vn 0.0000 1.0000 0.0000
vn 0.0000 1.0000 0.0000
vn 0.0000 1.0000 0.0000
vn 0.0000 1.0000 0.0000
vn 0.0000 1.0000 0.0000
vn 0.0000 1.0000 0.0000
vn 0.0000 1.0000 0.0000
vn 0.0000 1.0000 0.0000
vn 0.0000 1.0000 0.0000
vn 0.0000 1.0000 0.0000
vn 0.0000 1.0000 0.0000
vn 0.0000 1.0000 0.0000
vn 0.0000 1.0000 0.0000
vn 0.0000 1.0000 0.0000
vn 0.0000 1.0000 0.0000
vn 0.0000 1.0000 0.0000
vn 0.0000 1.0000 0.0000
vn 0.0000 1.0000 0.0000
vn 0.0000 1.0000 0.0000
vn 0.0000 1.0000 0.0000
vn 0.0000 1.0000 0.0000
vn 0.0000 1.0000 0.0000
vn 0.0000 1.0000 0.0000
vn 0.0000 1.0000 0.0000
vn 0.0000 1.0000 0.0000
vn 0.0000 1.0000 0.0000
vn 0.0000 1.0000 0.0000
vn 0.0000 1.0000 0.0000
vn 0.0000 1.0000 0.0000
vn 0.0000 1.0000 0.0000
vn 0.0000 1.0000 0.0000
vn 0.0000 1.0000 0.0000
vn 0.0000 1.0000 0.0000
vn 0.0000 1.0000 0.0000
vn 0.0000 1.0000 0.0000
vn 0.0000 1.0000 0.0000
vn 0.0000 1.0000 0.0000
vn 0.0000 1.0000 0.0000
vn 0.0000 1.0000 0.0000
vn 0.0000 1.0000 0.0000
vn 0.0000 1.0000 0.0000
vn 0.0000 1.0000 0.0000
vn 0.0000 1.0000 0.0000
vn 0.0000 1.0000 0.0000
vn 0.0000 1.0000 0.0000
vn 0.0000 1.0000 0.0000
vn 0.0000 1.0000 0.0000
vn 0.0000 1.0000 0.0000
vn 0.0000 1.0000 0.0000
vn 0.0000 1.0000 0.0000
vn 0.0000 1.0000 0.0000
vn 0.0000 1.0000 0.0000
vn 0.0000 1.0000 0.0000
vn 0.0000 1.0000 0.0000
vn 0.0000 1.0000 0.0000
vn 0.0000 1.0000 0.0000
vn 0.0000 1.0000 0.0000
vn 0.0000 1.0000 0.0000
vn 0.0000 1.0000 0.0000
vn 0.0000 1.0000 0.0000
vn 0.0000 1.0000 0.0000
vn 0.0000 1.0000 0.0000
vn 0.0000 1.0000 0.0000
vn 0.0000 1.0000 0.0000
vn 0.0000 1.0000 0.0000
vn 0.0000 1.0000 0.0000
vn 0.0000 1.0000 0.0000
vn 0.0000 1.0000 0.0000
vn 0.0000 1.0000 0.0000
vn 0.0000 1.0000 0.0000
vn 0.0000 1.0000 0.0000
vn 0.0000 1.0000 0.0000
vn 0.0000 1.0000 0.0000
vn 0.0000 1.0000 0.0000
vn 0.0000 1.0000 0.0000
vn 0.0000 1.0000 0.0000
vn 0.0000 1.0000 0.0000
vn 0.0000 1.0000 0.0000
vn 0.0000 1.0000 0.0000
vn 0.0000 1.0000 0.0000
vn 0.0000 1.0000 0.0000
vn 0.0000 1.0000 0.0000
vn 0.0000 1.0000 0.0000
vn 0.0000 1.0000 0.0000
vn 0.0000 1.0000 0.0000
vn 0.0000 1.0000 0.0000
vn 0.0000 1.0000 0.0000
vn 0.0000 1.0000 0.0000
vn 0.0000 1.0000 0.0000
vn 0.0000 1.0000 0.0000
vn 0.0000 1.0000 0.0000
vn 0.0000 1.0000 0.0000
vn 0.0000 1.0000 0.0000
vn 0.0000 1.0000 0.0000
vn 0.0000 1.0000 0.0000
vn 0.0000 1.0000 0.0000
vn 0.0000 1.0000 0.0000
vn 0.0000 1.0000 0.0000
vn 0.0000 1.0000 0.0000
vn 0.0000 1.0000 0.0000
vn 0.0000 1.0000 0.0000
vn 0.0000 1.0000 0.0000
vn 0.0000 1.0000 0.0000
vn 0.0000 1.0000 0.0000
vn 0.0000 1.0000 0.0000
vn 0.0000 1.0000 0.0000
vn 0.0000 1.0000 0.0000
vn 0.0000 1.0000 0.0000
vn 0.0000 1.0000 0.0000
vn 0.0000 1.0000 0.0000
vn 0.0000 1.0000 0.0000
vn 0.0000 1.0000 0.0000
vn 0.0000 1.0000 0.0000
vn 0.0000 1.0000 0.0000
vn 0.0000 1.0000 0.0000
vn 0.0000 1.0000 0.0000
vn 0.0000 1.0000 0.0000
vn 0.0000 1.0000 0.0000
vn 0.0000 1.0000 0.0000
vn 0.0000 1.0000 0.0000
vn 0.0000 1.0000 0.0000
vn 0.0000 1.0000 0.0000
vn 0.0000 1.0000 0.0000
vn 0.0000 1.0000 0.0000
vn 0.0000 1.0000 0.0000
vn 0.0000 1.0000 0.0000
vn 0.0000 1.0000 0.0000
vn 0.0000 1.0000 0.0000
vn 0.0000 1.0000 0.0000
vn 0.0000 1.0000 0.0000
vn 0.0000 1.0000 0.0000
vn 0.0000 1.0000 0.0000
vn 0.0000 1.0000 0.0000
vn 0.0000 1.0000 0.0000
vn 0.0000 1.0000 0.0000
vn 0.0000 1.0000 0.0000
vn 0.0000 1.0000 0.0000
vn 0.0000 1.0000 0.0000
vn 0.0000 1.0000 0.0000
vn 0.0000 1.0000 0.0000
vn 0.0000 1.0000 0.0000
vn 0.0000 1.0000 0.0000
vn 0.0000 1.0000 0.0000
vn 0.0000 1.0000 0.0000
vn 0.0000 1.0000 0.0000
vn 0.0000 1.0000 0.0000
vn 0.0000 1.0000 0.0000
vn 0.0000 1.0000 0.0000
vn 0.0000 1.0000 0.0000
vn 0.0000 1.0000 0.0000
vn 0.0000 1.0000 0.0000
vn 0.0000 1.0000 0.0000
vn 0.0000 1.0000 0.0000
vn 0.0000 1.0000 0.0000
vn 0.0000 1.0000 0.0000
vn 0.0000 1.0000 0.0000
vn 0.0000 1.0000 0.0000
vn 0.0000 1.0000 0.0000
vn 0.0000 1.0000 0.0000
vn 0.0000 1.0000 0.0000
vn 0.0000 1.0000 0.0000
vn 0.0000 1.0000 0.0000
vn 0.0000 1.0000 0.0000
vn 0.0000 1.0000 0.0000
vn 0.0000 1.0000 0.0000
vn 0.0000 1.0000 0.0000
vn 0.0000 1.0000 0.0000
vn 0.0000 1.0000 0.0000
vn 0.0000 1.0000 0.0000
vn 0.0000 1.0000 0.0000
vn 0.0000 1.0000 0.0000
vn 0.0000 1.0000 0.0000
vn 0.0000 1.0000 0.0000
vn 0.0000 1.0000 0.0000
vn 0.0000 1.0000 0.0000
vn 0.0000 1.0000 0.0000
vn 0.0000 1.0000 0.0000
vn 0.0000 1.0000 0.0000
vn 0.0000 1.0000 0.0000
vn 0.0000 1.0000 0.0000
vn 0.0000 1.0000 0.0000
vn 0.0000 1.0000 0.0000
vn 0.0000 1.0000 0.0000
vn 0.0000 1.0000 0.0000
vn 0.0000 1.0000 0.0000
vn 0.0000 1.0000 0.0000
vn 0.0000 1.0000 0.0000
vn 0.0000 1.0000 0.0000
vn 0.0000 1.0000 0.0000
vn 0.0000 1.0000 0.0000
vn 0.0000 1.0000 0.0000
vn 0.0000 1.0000 0.0000
vn 0.0000 1.0000 0.0000
vn 0.0000 1.0000 0.0000
vn 0.0000 1.0000 0.0000
vn 0.0000 1.0000 0.0000
vn 0.0000 1.0000 0.0000
vn 0.0000 1.0000 0.0000
vn 0.0000 1.0000 0.0000
vn 0.0000 1.0000 0.0000
vn 0.0000 1.0000 0.0000
vn 0.0000 1.0000 0.0000
vn 0.0000 1.0000 0.0000
vn 0.0000 1.0000 0.0000
vn 0.0000 1.0000 0.0000
vn 0.0000 1.0000 0.0000
vn 0.0000 1.0000 0.0000
vn 0.0000 1.0000 0.0000
vn 0.0000 1.0000 0.0000
vn 0.0000 1.0000 0.0000
vn 0.0000 1.0000 0.0000
vn 0.0000 1.0000 0.0000
vn 0.0000 1.0000 0.0000
vn 0.0000 1.0000 0.0000
vn 0.0000 1.0000 0.0000
vn 0.0000 1.0000 0.0000
vn 0.0000 1.0000 0.0000
vn 0.0000 1.0000 0.0000
vn 0.0000 1.0000 0.0000
vn 0.0000 1.0000 0.0000
vn 0.0000 1.0000 0.0000
vn 0.0000 1.0000 0.0000
vn 0.0000 1.0000 0.0000
vn 0.0000 1.0000 0.0000
vn 0.0000 1.0000 0.0000
vn 0.0000 1.0000 0.0000
vn 0.0000 1.0000 0.0000
vn 0.0000 1.0000 0.0000
vn 0.0000 1.0000 0.0000
vn 0.0000 1.0000 0.0000
vn 0.0000 1.0000 0.0000
vn 0.0000 1.0000 0.0000
vn 0.0000 1.0000 0.0000
vn 0.0000 1.0000 0.0000
vn 0.0000 1.0000 0.0000
vn 0.0000 1.0000 0.0000
vn 0.0000 1.0000 0.0000
vn 0.0000 1.0000 0.0000
vn 0.0000 1.0000 0.0000
vn 0.0000 1.0000 0.0000
vn 0.0000 1.0000 0.0000
vn 0.0000 1.0000 0.0000
vn 0.0000 1.0000 0.0000
vn 0.0000 1.0000 0.0000
vn 0.0000 1.0000 0.0000
vn 0.0000 1.0000 0.0000
vn 0.0000 1.0000 0.0000
vn 0.0000 1.0000 0.0000
vn 0.0000 1.0000 0.0000
vn 0.0000 1.0000 0.0000
vn 0.0000 1.0000 0.0000
vn 0.0000 1.0000 0.0000
vn 0.0000 1.0000 0.0000
vn 0.0000 1.0000 0.0000
vn 0.0000 1.0000 0.0000
vn 0.0000 1.0000 0.0000
vn 0.0000 1.0000 0.0000
vn 0.0000 1.0000 0.0000
vn 0.0000 1.0000 0.0000
vn 0.0000 1.0000 0.0000
vn 0.0000 1.0000 0.0000
vn 0.0000 1.0000 0.0000
vn 0.0000 1.0000 0.0000
vn 0.0000 1.0000 0.0000
vn 0.0000 1.0000 0.0000
vn 0.0000 1.0000 0.0000
vn 0.0000 1.0000 0.0000
vn 0.0000 1.0000 0.0000
vn 0.0000 1.0000 0.0000
vn 0.0000 1.0000 0.0000
vn 0.0000 1.0000 0.0000
vn 0.0000 1.0000 0.0000
vn 0.0000 1.0000 0.0000
vn 0.0000 1.0000 0.0000
vn 0.0000 1.0000 0.0000
vn 0.0000 1.0000 0.0000
vn 0.0000 1.0000 0.0000
vn 0.0000 1.0000 0.0000
vn 0.0000 1.0000 0.0000
vn 0.0000 1.0000 0.0000
vn 0.0000 1.0000 0.0000
vn 0.0000 1.0000 0.0000
vn 0.0000 1.0000 0.0000
vn 0.0000 1.0000 0.0000
vn 0.0000 1.0000 0.0000
vn 0.0000 1.0000 0.0000
vn 0.0000 1.0000 0.0000
vn 0.0000 1.0000 0.0000
vn 0.0000 1.0000 0.0000
vn 0.0000 1.0000 0.0000
vn 0.0000 1.0000 0.0000
vn 0.0000 1.0000 0.0000
vn 0.0000 1.0000 0.0000
vn 0.0000 1.0000 0.0000
vn 0.0000 1.0000 0.0000
vn 0.0000 1.0000 0.0000
vn 0.0000 1.0000 0.0000
vn 0.0000 1.0000 0.0000
vn 0.0000 1.0000 0.0000
vn 0.0000 1.0000 0.0000
vn 0.0000 1.0000 0.0000
vn 0.0000 1.0000 0.0000
vn 0.0000 1.0000 0.0000
vn 0.0000 1.0000 0.0000
vn 0.0000 1.0000 0.0000
vn 0.0000 1.0000 0.0000
vn 0.0000 1.0000 0.0000
vn 0.0000 1.0000 0.0000
vn 0.0000 1.0000 0.0000
vn 0.0000 1.0000 0.0000
vn 0.0000 1.0000 0.0000
vn 0.0000 1.0000 0.0000
vn 0.0000 1.0000 0.0000
vn 0.0000 1.0000 0.0000
vn 0.0000 1.0000 0.0000
vn 0.0000 1.0000 0.0000
vn 0.0000 1.0000 0.0000
vn 0.0000 1.0000 0.0000
vn 0.0000 1.0000 0.0000
vn 0.0000 1.0000 0.0000
vn 0.0000 1.0000 0.0000
vn 0.0000 1.0000 0.0000
vn 0.0000 1.0000 0.0000
vn 0.0000 1.0000 0.0000
vn 0.0000 1.0000 0.0000
vn 0.0000 1.0000 0.0000
vn 0.0000 1.0000 0.0000
vn 0.0000 1.0000 0.0000
vn 0.0000 1.0000 0.0000
vn 0.0000 1.0000 0.0000
vn 0.0000 1.0000 0.0000
vn 0.0000 1.0000 0.0000
vn 0.0000 1.0000 0.0000
vn 0.0000 1.0000 0.0000
vn 0.0000 1.0000 0.0000
vn 0.0000 1.0000 0.0000
vn 0.0000 1.0000 0.0000
vn 0.0000 1.0000 0.0000
vn 0.0000 1.0000 0.0000
vn 0.0000 1.0000 0.0000
vn 0.0000 1.0000 0.0000
vn 0.0000 1.0000 0.0000
vn 0.0000 1.0000 0.0000
vn 0.0000 1.0000 0.0000
vn 0.0000 1.0000 0.0000
vn 0.0000 1.0000 0.0000
vn 0.0000 1.0000 0.0000
vn 0.0000 1.0000 0.0000
vn 0.0000 1.0000 0.0000
vn 0.0000 1.0000 0.0000
vn 0.0000 1.0000 0.0000
vn 0.0000 1.0000 0.0000
vn 0.0000 1.0000 0.0000
vn 0.0000 1.0000 0.0000
vn 0.0000 1.0000 0.0000
vn 0.0000 1.0000 0.0000
vn 0.0000 1.0000 0.0000
vn 0.0000 1.0000 0.0000
vn 0.0000 1.0000 0.0000
vn 0.0000 1.0000 0.0000
vn 0.0000 1.0000 0.0000
vn 0.0000 1.0000 0.0000
vn 0.0000 1.0000 0.0000
vn 0.0000 1.0000 0.0000
vn 0.0000 1.0000 0.0000
vn 0.0000 1.0000 0.0000
vn 0.0000 1.0000 0.0000
vn 0.0000 1.0000 0.0000
vn 0.0000 1.0000 0.0000
vn 0.0000 1.0000 0.0000
vn 0.0000 1.0000 0.0000
vn 0.0000 1.0000 0.0000
vn 0.0000 1.0000 0.0000
vn 0.0000 1.0000 0.0000
vn 0.0000 1.0000 0.0000
vn 0.0000 1.0000 0.0000
vn 0.0000 1.0000 0.0000
vn 0.0000 1.0000 0.0000
vn 0.0000 1.0000 0.0000
vn 0.0000 1.0000 0.0000
vn 0.0000 1.0000 0.0000
vn 0.0000 1.0000 0.0000
vn 0.0000 1.0000 0.0000
vn 0.0000 1.0000 0.0000
vn 0.0000 1.0000 0.0000
vn 0.0000 1.0000 0.0000
vn 0.0000 1.0000 0.0000
vn 0.0000 1.0000 0.0000
vn 0.0000 1.0000 0.0000
vn 0.0000 1.0000 0.0000
vn 0.0000 1.0000 0.0000
vn 0.0000 1.0000 0.0000
vn 0.0000 1.0000 0.0000
vn 0.0000 1.0000 0.0000
vn 0.0000 1.0000 0.0000
vn 0.0000 1.0000 0.0000
vn 0.0000 1.0000 0.0000
vn 0.0000 1.0000 0.0000
vn 0.0000 1.0000 0.0000
vn 0.0000 1.0000 0.0000
vn 0.0000 1.0000 0.0000
vn 0.0000 1.0000 0.0000
vn 0.0000 1.0000 0.0000
vn 0.0000 1.0000 0.0000
vn 0.0000 1.0000 0.0000
vn 0.0000 1.0000 0.0000
vn 0.0000 1.0000 0.0000
vn 0.0000 1.0000 0.0000
vn 0.0000 1.0000 0.0000
vn 0.0000 1.0000 0.0000
vn 0.0000 1.0000 0.0000
vn 0.0000 1.0000 0.0000
vn 0.0000 1.0000 0.0000
vn 0.0000 1.0000 0.0000
vn 0.0000 1.0000 0.0000
vn 0.0000 1.0000 0.0000
vn 0.0000 1.0000 0.0000
vn 0.0000 1.0000 0.0000
vn 0.0000 1.0000 0.0000
vn 0.0000 1.0000 0.0000
vn 0.0000 1.0000 0.0000
vn 0.0000 1.0000 0.0000
vn 0.0000 1.0000 0.0000
vn 0.0000 1.0000 0.0000
vn 0.0000 1.0000 0.0000
vn 0.0000 1.0000 0.0000
vn 0.0000 1.0000 0.0000
vn 0.0000 1.0000 0.0000
vn 0.0000 1.0000 0.0000
vn 0.0000 1.0000 0.0000
vn 0.0000 1.0000 0.0000
vn 0.0000 1.0000 0.0000
vn 0.0000 1.0000 0.0000
vn 0.0000 1.0000 0.0000
vn 0.0000 1.0000 0.0000
vn 0.0000 1.0000 0.0000
vn 0.0000 1.0000 0.0000
vn 0.0000 1.0000 0.0000
vn 0.0000 1.0000 0.0000
vn 0.0000 1.0000 0.0000
vn 0.0000 1.0000 0.0000
vn 0.0000 1.0000 0.0000
vn 0.0000 1.0000 0.0000
vn 0.0000 1.0000 0.0000
vn 0.0000 1.0000 0.0000
vn 0.0000 1.0000 0.0000
vn 0.0000 1.0000 0.0000
vn 0.0000 1.0000 0.0000
vn 0.0000 1.0000 0.0000
vn 0.0000 1.0000 0.0000
vn 0.0000 1.0000 0.0000
vn 0.0000 1.0000 0.0000
vn 0.0000 1.0000 0.0000
vn 0.0000 1.0000 0.0000
vn 0.0000 1.0000 0.0000
vn 0.0000 1.0000 0.0000
vn 0.0000 1.0000 0.0000
vn 0.0000 1.0000 0.0000
vn 0.0000 1.0000 0.0000
vn 0.0000 1.0000 0.0000
vn 0.0000 1.0000 0.0000
vn 0.0000 1.0000 0.0000
vn 0.0000 1.0000 0.0000
vn 0.0000 1.0000 0.0000
vn 0.0000 1.0000 0.0000
vn 0.0000 1.0000 0.0000
vn 0.0000 1.0000 0.0000
vn 0.0000 1.0000 0.0000
vn 0.0000 1.0000 0.0000
vn 0.0000 1.0000 0.0000
vn 0.0000 1.0000 0.0000
vn 0.0000 1.0000 0.0000
vn 0.0000 1.0000 0.0000
vn 0.0000 1.0000 0.0000
vn 0.0000 1.0000 0.0000
vn 0.0000 1.0000 0.0000
vn 0.0000 1.0000 0.0000
vn 0.0000 1.0000 0.0000
vn 0.0000 1.0000 0.0000
vn 0.0000 1.0000 0.0000
vn 0.0000 1.0000 0.0000
vn 0.0000 1.0000 0.0000
vn 0.0000 1.0000 0.0000
vn 0.0000 1.0000 0.0000
vn 0.0000 1.0000 0.0000
vn 0.0000 1.0000 0.0000
vn 0.0000 1.0000 0.0000
vn 0.0000 1.0000 0.0000
vn 0.0000 1.0000 0.0000
vn 0.0000 1.0000 0.0000
vn 0.0000 1.0000 0.0000
vn 0.0000 1.0000 0.0000
vn 0.0000 1.0000 0.0000
vn 0.0000 1.0000 0.0000
vn 0.0000 1.0000 0.0000
vn 0.0000 1.0000 0.0000
vn 0.0000 1.0000 0.0000
vn 0.0000 1.0000 0.0000
vn 0.0000 1.0000 0.0000
vn 0.0000 1.0000 0.0000
vn 0.0000 1.0000 0.0000
vn 0.0000 1.0000 0.0000
vn 0.0000 1.0000 0.0000
vn 0.0000 1.0000 0.0000
vn 0.0000 1.0000 0.0000
vn 0.0000 1.0000 0.0000
vn 0.0000 1.0000 0.0000
vn 0.0000 1.0000 0.0000
vn 0.0000 1.0000 0.0000
vn 0.0000 1.0000 0.0000
vn 0.0000 1.0000 0.0000
vn 0.0000 1.0000 0.0000
vn 0.0000 1.0000 0.0000
vn 0.0000 1.0000 0.0000
vn 0.0000 1.0000 0.0000
vn 0.0000 1.0000 0.0000
vn 0.0000 1.0000 0.0000
vn 0.0000 1.0000 0.0000
vn 0.0000 1.0000 0.0000
vn 0.0000 1.0000 0.0000
vn 0.0000 1.0000 0.0000
vn 0.0000 1.0000 0.0000
vn 0.0000 1.0000 0.0000
vn 0.0000 1.0000 0.0000
vn 0.0000 1.0000 0.0000
vn 0.0000 1.0000 0.0000
vn 0.0000 1.0000 0.0000
vn 0.0000 1.0000 0.0000
vn 0.0000 1.0000 0.0000
vn 0.0000 1.0000 0.0000
vn 0.0000 1.0000 0.0000
vn 0.0000 1.0000 0.0000
vn 0.0000 1.0000 0.0000
vn 0.0000 1.0000 0.0000
vn 0.0000 1.0000 0.0000
vn 0.0000 1.0000 0.0000
vn 0.0000 1.0000 0.0000
vn 0.0000 1.0000 0.0000
vn 0.0000 1.0000 0.0000
vn 0.0000 1.0000 0.0000
vn 0.0000 1.0000 0.0000
vn 0.0000 1.0000 0.0000
vn 0.0000 1.0000 0.0000
vn 0.0000 1.0000 0.0000
vn 0.0000 1.0000 0.0000
vn 0.0000 1.0000 0.0000
vn 0.0000 1.0000 0.0000
vn 0.0000 1.0000 0.0000
vn 0.0000 1.0000 0.0000
vn 0.0000 1.0000 0.0000
vn 0.0000 1.0000 0.0000
vn 0.0000 1.0000 0.0000
vn 0.0000 1.0000 0.0000
vn 0.0000 1.0000 0.0000
vn 0.0000 1.0000 0.0000
vn 0.0000 1.0000 0.0000
vn 0.0000 1.0000 0.0000
vn 0.0000 1.0000 0.0000
vn 0.0000 1.0000 0.0000
vn 0.0000 1.0000 0.0000
vn 0.0000 1.0000 0.0000
vn 0.0000 1.0000 0.0000
vn 0.0000 1.0000 0.0000
vn 0.0000 1.0000 0.0000
vn 0.0000 1.0000 0.0000
vn 0.0000 1.0000 0.0000
vn 0.0000 1.0000 0.0000
vn 0.0000 1.0000 0.0000
vn 0.0000 1.0000 0.0000
vn 0.0000 1.0000 0.0000
vn 0.0000 1.0000 0.0000
vn 0.0000 1.0000 0.0000
vn 0.0000 1.0000 0.0000
vn 0.0000 1.0000 0.0000
vn 0.0000 1.0000 0.0000
vn 0.0000 1.0000 0.0000
vn 0.0000 1.0000 0.0000
vn 0.0000 1.0000 0.0000
vn 0.0000 1.0000 0.0000
vn 0.0000 1.0000 0.0000
vn 0.0000 1.0000 0.0000
vn 0.0000 1.0000 0.0000
vn 0.0000 1.0000 0.0000
vn 0.0000 1.0000 0.0000
vn 0.0000 1.0000 0.0000
vn 0.0000 1.0000 0.0000
vn 0.0000 1.0000 0.0000
vn 0.0000 1.0000 0.0000
vn 0.0000 1.0000 0.0000
vn 0.0000 1.0000 0.0000
vn 0.0000 1.0000 0.0000
vn 0.0000 1.0000 0.0000
vn 0.0000 1.0000 0.0000
vn 0.0000 1.0000 0.0000
vn 0.0000 1.0000 0.0000
vn 0.0000 1.0000 0.0000
vn 0.0000 1.0000 0.0000
vn 0.0000 1.0000 0.0000
vn 0.0000 1.0000 0.0000
vn 0.0000 1.0000 0.0000
vn 0.0000 1.0000 0.0000
vn 0.0000 1.0000 0.0000
vn 0.0000 1.0000 0.0000
vn 0.0000 1.0000 0.0000
vn 0.0000 1.0000 0.0000
vn 0.0000 1.0000 0.0000
vn 0.0000 1.0000 0.0000
vn 0.0000 1.0000 0.0000
vn 0.0000 1.0000 0.0000
vn 0.0000 1.0000 0.0000
vn 0.0000 1.0000 0.0000
vn 0.0000 1.0000 0.0000
vn 0.0000 1.0000 0.0000
vn 0.0000 1.0000 0.0000
vn 0.0000 1.0000 0.0000
vn 0.0000 1.0000 0.0000
vn 0.0000 1.0000 0.0000
vn 0.0000 1.0000 0.0000
vn 0.0000 1.0000 0.0000
vn 0.0000 1.0000 0.0000
vn 0.0000 1.0000 0.0000
vn 0.0000 1.0000 0.0000
vn 0.0000 1.0000 0.0000
vn 0.0000 1.0000 0.0000
vn 0.0000 1.0000 0.0000
vn 0.0000 1.0000 0.0000
vn 0.0000 1.0000 0.0000
vn 0.0000 1.0000 0.0000
vn 0.0000 1.0000 0.0000
vn 0.0000 1.0000 0.0000
vn 0.0000 1.0000 0.0000
vn 0.0000 1.0000 0.0000
vn 0.0000 1.0000 0.0000
vn 0.0000 1.0000 0.0000
vn 0.0000 1.0000 0.0000
vn 0.0000 1.0000 0.0000
vn 0.0000 1.0000 0.0000
vn 0.0000 1.0000 0.0000
vn 0.0000 1.0000 0.0000
vn 0.0000 1.0000 0.0000
vn 0.0000 1.0000 0.0000
vn 0.0000 1.0000 0.0000
vn 0.0000 1.0000 0.0000
vn 0.0000 1.0000 0.0000
vn 0.0000 1.0000 0.0000
vn 0.0000 1.0000 0.0000
vn 0.0000 1.0000 0.0000
vn 0.0000 1.0000 0.0000
vn 0.0000 1.0000 0.0000
vn 0.0000 1.0000 0.0000
vn 0.0000 1.0000 0.0000
vn 0.0000 1.0000 0.0000
vn 0.0000 1.0000 0.0000
vn 0.0000 1.0000 0.0000
vn 0.0000 1.0000 0.0000
vn 0.0000 1.0000 0.0000
vn 0.0000 1.0000 0.0000
vn 0.0000 1.0000 0.0000
vn 0.0000 1.0000 0.0000
vn 0.0000 1.0000 0.0000
vn 0.0000 1.0000 0.0000
vn 0.0000 1.0000 0.0000
vn 0.0000 1.0000 0.0000
vn 0.0000 1.0000 0.0000
vn 0.0000 1.0000 0.0000
vn 0.0000 1.0000 0.0000
vn 0.0000 1.0000 0.0000
vn 0.0000 1.0000 0.0000
vn 0.0000 1.0000 0.0000
vn 0.0000 1.0000 0.0000
vn 0.0000 1.0000 0.0000
vn 0.0000 1.0000 0.0000
vn 0.0000 1.0000 0.0000
vn 0.0000 1.0000 0.0000
vn 0.0000 1.0000 0.0000
vn 0.0000 1.0000 0.0000
vn 0.0000 1.0000 0.0000
vn 0.0000 1.0000 0.0000
vn 0.0000 1.0000 0.0000
vn 0.0000 1.0000 0.0000
vn 0.0000 1.0000 0.0000
vn 0.0000 1.0000 0.0000
vn 0.0000 1.0000 0.0000
vn 0.0000 1.0000 0.0000
vn 0.0000 1.0000 0.0000
vn 0.0000 1.0000 0.0000
vn 0.0000 1.0000 0.0000
vn 0.0000 1.0000 0.0000
vn 0.0000 1.0000 0.0000
vn 0.0000 1.0000 0.0000
vn 0.0000 1.0000 0.0000
vn 0.0000 1.0000 0.0000
vn 0.0000 1.0000 0.0000
vn 0.0000 1.0000 0.0000
vn 0.0000 1.0000 0.0000
vn 0.0000 1.0000 0.0000
vn 0.0000 1.0000 0.0000
vn 0.0000 1.0000 0.0000
vn 0.0000 1.0000 0.0000
vn 0.0000 1.0000 0.0000
vn 0.0000 1.0000 0.0000
vn 0.0000 1.0000 0.0000
vn 0.0000 1.0000 0.0000
vn 0.0000 1.0000 0.0000
vn 0.0000 1.0000 0.0000
vn 0.0000 1.0000 0.0000
vn 0.0000 1.0000 0.0000
vn 0.0000 1.0000 0.0000
vn 0.0000 1.0000 0.0000
vn 0.0000 1.0000 0.0000
vn 0.0000 1.0000 0.0000
vn 0.0000 1.0000 0.0000
vn 0.0000 1.0000 0.0000
vn 0.0000 1.0000 0.0000
vn 0.0000 1.0000 0.0000
vn 0.0000 1.0000 0.0000
vn 0.0000 1.0000 0.0000
vn 0.0000 1.0000 0.0000
vn 0.0000 1.0000 0.0000
vn 0.0000 1.0000 0.0000
vn 0.0000 1.0000 0.0000
vn 0.0000 1.0000 0.0000
vn 0.0000 1.0000 0.0000
vn 0.0000 1.0000 0.0000
vn 0.0000 1.0000 0.0000
vn 0.0000 1.0000 0.0000
vn 0.0000 1.0000 0.0000
vn 0.0000 1.0000 0.0000
vn 0.0000 1.0000 0.0000
vn 0.0000 1.0000 0.0000
vn 0.0000 1.0000 0.0000
vn 0.0000 1.0000 0.0000
vn 0.0000 1.0000 0.0000
vn 0.0000 1.0000 0.0000
vn 0.0000 1.0000 0.0000
vn 0.0000 1.0000 0.0000
vn 0.0000 1.0000 0.0000
vn 0.0000 1.0000 0.0000
vn 0.0000 1.0000 0.0000
vn 0.0000 1.0000 0.0000
vn 0.0000 1.0000 0.0000
vn 0.0000 1.0000 0.0000
vn 0.0000 1.0000 0.0000
vn 0.0000 1.0000 0.0000
vn 0.0000 1.0000 0.0000
vn 0.0000 1.0000 0.0000
vn 0.0000 1.0000 0.0000
vn 0.0000 1.0000 0.0000
vn 0.0000 1.0000 0.0000
vn 0.0000 1.0000 0.0000
vn 0.0000 1.0000 0.0000
vn 0.0000 1.0000 0.0000
vn 0.0000 1.0000 0.0000
vn 0.0000 1.0000 0.0000
vn 0.0000 1.0000 0.0000
vn 0.0000 1.0000 0.0000
vn 0.0000 1.0000 0.0000
vn 0.0000 1.0000 0.0000
vn 0.0000 1.0000 0.0000
vn 0.0000 1.0000 0.0000
vn 0.0000 1.0000 0.0000
vn 0.0000 1.0000 0.0000
vn 0.0000 1.0000 0.0000
vn 0.0000 1.0000 0.0000
vn 0.0000 1.0000 0.0000
vn 0.0000 1.0000 0.0000
vn 0.0000 1.0000 0.0000
vn 0.0000 1.0000 0.0000
vn 0.0000 1.0000 0.0000
vn 0.0000 1.0000 0.0000
vn 0.0000 1.0000 0.0000
vn 0.0000 1.0000 0.0000
vn 0.0000 1.0000 0.0000
vn 0.0000 1.0000 0.0000
vn 0.0000 1.0000 0.0000
vn 0.0000 1.0000 0.0000
vn 0.0000 1.0000 0.0000
vn 0.0000 1.0000 0.0000
vn 0.0000 1.0000 0.0000
vn 0.0000 1.0000 0.0000
vn 0.0000 1.0000 0.0000
vn 0.0000 1.0000 0.0000
vn 0.0000 1.0000 0.0000
vn 0.0000 1.0000 0.0000
vn 0.0000 1.0000 0.0000
vn 0.0000 1.0000 0.0000
vn 0.0000 1.0000 0.0000
vn 0.0000 1.0000 0.0000
vn 0.0000 1.0000 0.0000
vn 0.0000 1.0000 0.0000
vn 0.0000 1.0000 0.0000
vn 0.0000 1.0000 0.0000
vn 0.0000 1.0000 0.0000
vn 0.0000 1.0000 0.0000
vn 0.0000 1.0000 0.0000
vn 0.0000 1.0000 0.0000
vn 0.0000 1.0000 0.0000
vn 0.0000 1.0000 0.0000
vn 0.0000 1.0000 0.0000
vn 0.0000 1.0000 0.0000
vn 0.0000 1.0000 0.0000
vn 0.0000 1.0000 0.0000
vn 0.0000 1.0000 0.0000
vn 0.0000 1.0000 0.0000
vn 0.0000 1.0000 0.0000
vn 0.0000 1.0000 0.0000
vn 0.0000 1.0000 0.0000
vn 0.0000 1.0000 0.0000
vn 0.0000 1.0000 0.0000
vn 0.0000 1.0000 0.0000
vn 0.0000 1.0000 0.0000
vn 0.0000 1.0000 0.0000
vn 0.0000 1.0000 0.0000
vn 0.0000 1.0000 0.0000
vn 0.0000 1.0000 0.0000
vn 0.0000 1.0000 0.0000
vn 0.0000 1.0000 0.0000
vn 0.0000 1.0000 0.0000
vn 0.0000 1.0000 0.0000
vn 0.0000 1.0000 0.0000
vn 0.0000 1.0000 0.0000
vn 0.0000 1.0000 0.0000
vn 0.0000 1.0000 0.0000
vn 0.0000 1.0000 0.0000
vn 0.0000 1.0000 0.0000
vn 0.0000 1.0000 0.0000
vn 0.0000 1.0000 0.0000
vn 0.0000 1.0000 0.0000
vn 0.0000 1.0000 0.0000
vn 0.0000 1.0000 0.0000
vn 0.0000 1.0000 0.0000
vn 0.0000 1.0000 0.0000
vn 0.0000 1.0000 0.0000
vn 0.0000 1.0000 0.0000
vn 0.0000 1.0000 0.0000
vn 0.0000 1.0000 0.0000
vn 0.0000 1.0000 0.0000
vn 0.0000 1.0000 0.0000
vn 0.0000 1.0000 0.0000
vn 0.0000 1.0000 0.0000
vn 0.0000 1.0000 0.0000
vn 0.0000 1.0000 0.0000
vn 0.0000 1.0000 0.0000
vn 0.0000 1.0000 0.0000
vn 0.0000 1.0000 0.0000
vn 0.0000 1.0000 0.0000
vn 0.0000 1.0000 0.0000
vn 0.0000 1.0000 0.0000
vn 0.0000 1.0000 0.0000
vn 0.0000 1.0000 0.0000
vn 0.0000 1.0000 0.0000
vn 0.0000 1.0000 0.0000
vn 0.0000 1.0000 0.0000
vn 0.0000 1.0000 0.0000
vn 0.0000 1.0000 0.0000
vn 0.0000 1.0000 0.0000
vn 0.0000 1.0000 0.0000
vn 0.0000 1.0000 0.0000
vn 0.0000 1.0000 0.0000
vn 0.0000 1.0000 0.0000
vn 0.0000 1.0000 0.0000
vn 0.0000 1.0000 0.0000
vn 0.0000 1.0000 0.0000
vn 0.0000 1.0000 0.0000
vn 0.0000 1.0000 0.0000
vn 0.0000 1.0000 0.0000
vn 0.0000 1.0000 0.0000
vn 0.0000 1.0000 0.0000
vn 0.0000 1.0000 0.0000
vn 0.0000 1.0000 0.0000
vn 0.0000 1.0000 0.0000
vn 0.0000 1.0000 0.0000
vn 0.0000 1.0000 0.0000
vn 0.0000 1.0000 0.0000
vn 0.0000 1.0000 0.0000
vn 0.0000 1.0000 0.0000
vn 0.0000 1.0000 0.0000
vn 0.0000 1.0000 0.0000
vn 0.0000 1.0000 0.0000
vn 0.0000 1.0000 0.0000
vn 0.0000 1.0000 0.0000
vn 0.0000 1.0000 0.0000
vn 0.0000 1.0000 0.0000
vn 0.0000 1.0000 0.0000
vn 0.0000 1.0000 0.0000
vn 0.0000 1.0000 0.0000
vn 0.0000 1.0000 0.0000
vn 0.0000 1.0000 0.0000
vn 0.0000 1.0000 0.0000
vn 0.0000 1.0000 0.0000
vn 0.0000 1.0000 0.0000
vn 0.0000 1.0000 0.0000
vn 0.0000 1.0000 0.0000
vn 0.0000 1.0000 0.0000
vn 0.0000 1.0000 0.0000
vn 0.0000 1.0000 0.0000
vn 0.0000 1.0000 0.0000
vn 0.0000 1.0000 0.0000
vn 0.0000 1.0000 0.0000
vn 0.0000 1.0000 0.0000
vn 0.0000 1.0000 0.0000
vn 0.0000 1.0000 0.0000
vn 0.0000 1.0000 0.0000
vn 0.0000 1.0000 0.0000
vn 0.0000 1.0000 0.0000
vn 0.0000 1.0000 0.0000
vn 0.0000 1.0000 0.0000
vn 0.0000 1.0000 0.0000
vn 0.0000 1.0000 0.0000
vn 0.0000 1.0000 0.0000
vn 0.0000 1.0000 0.0000
vn 0.0000 1.0000 0.0000
vn 0.0000 1.0000 0.0000
vn 0.0000 1.0000 0.0000
vn 0.0000 1.0000 0.0000
vn 0.0000 1.0000 0.0000
vn 0.0000 1.0000 0.0000
vn 0.0000 1.0000 0.0000
vn 0.0000 1.0000 0.0000
vn 0.0000 1.0000 0.0000
vn 0.0000 1.0000 0.0000
vn 0.0000 1.0000 0.0000
vn 0.0000 1.0000 0.0000
vn 0.0000 1.0000 0.0000
vn 0.0000 1.0000 0.0000
vn 0.0000 1.0000 0.0000
vn 0.0000 1.0000 0.0000
vn 0.0000 1.0000 0.0000
vn 0.0000 1.0000 0.0000
vn 0.0000 1.0000 0.0000
vn 0.0000 1.0000 0.0000
vn 0.0000 1.0000 0.0000
vn 0.0000 1.0000 0.0000
vn 0.0000 1.0000 0.0000
vn 0.0000 1.0000 0.0000
vn 0.0000 1.0000 0.0000
vn 0.0000 1.0000 0.0000
vn 0.0000 1.0000 0.0000
vn 0.0000 1.0000 0.0000
vn 0.0000 1.0000 0.0000
vn 0.0000 1.0000 0.0000
vn 0.0000 1.0000 0.0000
vn 0.0000 1.0000 0.0000
vn 0.0000 1.0000 0.0000
vn 0.0000 1.0000 0.0000
vn 0.0000 1.0000 0.0000
vn 0.0000 1.0000 0.0000
vn 0.0000 1.0000 0.0000
vn 0.0000 1.0000 0.0000
vn 0.0000 1.0000 0.0000
vn 0.0000 1.0000 0.0000
vn 0.0000 1.0000 0.0000
vn 0.0000 1.0000 0.0000
vn 0.0000 1.0000 0.0000
vn 0.0000 1.0000 0.0000
vn 0.0000 1.0000 0.0000
vn 0.0000 1.0000 0.0000
vn 0.0000 1.0000 0.0000
vn 0.0000 1.0000 0.0000
vn 0.0000 1.0000 0.0000
vn 0.0000 1.0000 0.0000
vn 0.0000 1.0000 0.0000
vn 0.0000 1.0000 0.0000
vn 0.0000 1.0000 0.0000
vn 0.0000 1.0000 0.0000
vn 0.0000 1.0000 0.0000
vn 0.0000 1.0000 0.0000
vn 0.0000 1.0000 0.0000
vn 0.0000 1.0000 0.0000
vn 0.0000 1.0000 0.0000
vn 0.0000 1.0000 0.0000
vn 0.0000 1.0000 0.0000
vn 0.0000 1.0000 0.0000
vn 0.0000 1.0000 0.0000
vn 0.0000 1.0000 0.0000
vn 0.0000 1.0000 0.0000
vn 0.0000 1.0000 0.0000
vn 0.0000 1.0000 0.0000
vn 0.0000 1.0000 0.0000
vn 0.0000 1.0000 0.0000
vn 0.0000 1.0000 0.0000
vn 0.0000 1.0000 0.0000
vn 0.0000 1.0000 0.0000
vn 0.0000 1.0000 0.0000
vn 0.0000 1.0000 0.0000
vn 0.0000 1.0000 0.0000
vn 0.0000 1.0000 0.0000
vn 0.0000 1.0000 0.0000
vn 0.0000 1.0000 0.0000
vn 0.0000 1.0000 0.0000
vn 0.0000 1.0000 0.0000
vn 0.0000 1.0000 0.0000
vn 0.0000 1.0000 0.0000
vn 0.0000 1.0000 0.0000
vn 0.0000 1.0000 0.0000
vn 0.0000 1.0000 0.0000
vn 0.0000 1.0000 0.0000
vn 0.0000 1.0000 0.0000
vn 0.0000 1.0000 0.0000
vn 0.0000 1.0000 0.0000
vn 0.0000 1.0000 0.0000
vn 0.0000 1.0000 0.0000
vn 0.0000 1.0000 0.0000
vn 0.0000 1.0000 0.0000
vn 0.0000 1.0000 0.0000
vn 0.0000 1.0000 0.0000
vn 0.0000 1.0000 0.0000
vn 0.0000 1.0000 0.0000
vn 0.0000 1.0000 0.0000
vn 0.0000 1.0000 0.0000
vn 0.0000 1.0000 0.0000
vn 0.0000 1.0000 0.0000
vn 0.0000 1.0000 0.0000
vn 0.0000 1.0000 0.0000
vn 0.0000 1.0000 0.0000
vn 0.0000 1.0000 0.0000
vn 0.0000 1.0000 0.0000
vn 0.0000 1.0000 0.0000
vn 0.0000 1.0000 0.0000
vn 0.0000 1.0000 0.0000
vn 0.0000 1.0000 0.0000
vn 0.0000 1.0000 0.0000
vn 0.0000 1.0000 0.0000
vn 0.0000 1.0000 0.0000
vn 0.0000 1.0000 0.0000
vn 0.0000 1.0000 0.0000
vn 0.0000 1.0000 0.0000
vn 0.0000 1.0000 0.0000
vn 0.0000 1.0000 0.0000
vn 0.0000 1.0000 0.0000
vn 0.0000 1.0000 0.0000
vn 0.0000 1.0000 0.0000
vn 0.0000 1.0000 0.0000
vn 0.0000 1.0000 0.0000
vn 0.0000 1.0000 0.0000
vn 0.0000 1.0000 0.0000
vn 0.0000 1.0000 0.0000
vn 0.0000 1.0000 0.0000
vn 0.0000 1.0000 0.0000
vn 0.0000 1.0000 0.0000
vn 0.0000 1.0000 0.0000
vn 0.0000 1.0000 0.0000
vn 0.0000 1.0000 0.0000
vn 0.0000 1.0000 0.0000
vn 0.0000 1.0000 0.0000
vn 0.0000 1.0000 0.0000
vn 0.0000 1.0000 0.0000
vn 0.0000 1.0000 0.0000
vn 0.0000 1.0000 0.0000
vn 0.0000 1.0000 0.0000
vn 0.0000 1.0000 0.0000
vn 0.0000 1.0000 0.0000
vn 0.0000 1.0000 0.0000
vn 0.0000 1.0000 0.0000
vn 0.0000 1.0000 0.0000
vn 0.0000 1.0000 0.0000
vn 0.0000 1.0000 0.0000
vn 0.0000 1.0000 0.0000
vn 0.0000 1.0000 0.0000
vn 0.0000 1.0000 0.0000
vn 0.0000 1.0000 0.0000
vn 0.0000 1.0000 0.0000
vn 0.0000 1.0000 0.0000
vn 0.0000 1.0000 0.0000
vn 0.0000 1.0000 0.0000
vn 0.0000 1.0000 0.0000
vn 0.0000 1.0000 0.0000
vn 0.0000 1.0000 0.0000
vn 0.0000 1.0000 0.0000
vn 0.0000 1.0000 0.0000
vn 0.0000 1.0000 0.0000
vn 0.0000 1.0000 0.0000
vn 0.0000 1.0000 0.0000
vn 0.0000 1.0000 0.0000
vn 0.0000 1.0000 0.0000
vn 0.0000 1.0000 0.0000
vn 0.0000 1.0000 0.0000
vn 0.0000 1.0000 0.0000
vn 0.0000 1.0000 0.0000
vn 0.0000 1.0000 0.0000
vn 0.0000 1.0000 0.0000
vn 0.0000 1.0000 0.0000
vn 0.0000 1.0000 0.0000
vn 0.0000 1.0000 0.0000
vn 0.0000 1.0000 0.0000
vn 0.0000 1.0000 0.0000
vn 0.0000 1.0000 0.0000
vn 0.0000 1.0000 0.0000
vn 0.0000 1.0000 0.0000
vn 0.0000 1.0000 0.0000
vn 0.0000 1.0000 0.0000
vn 0.0000 1.0000 0.0000
vn 0.0000 1.0000 0.0000
vn 0.0000 1.0000 0.0000
vn 0.0000 1.0000 0.0000
vn 0.0000 1.0000 0.0000
vn 0.0000 1.0000 0.0000
vn 0.0000 1.0000 0.0000
vn 0.0000 1.0000 0.0000
vn 0.0000 1.0000 0.0000
vn 0.0000 1.0000 0.0000
vn 0.0000 1.0000 0.0000
vn 0.0000 1.0000 0.0000
vn 0.0000 1.0000 0.0000
vn 0.0000 1.0000 0.0000
vn 0.0000 1.0000 0.0000
vn 0.0000 1.0000 0.0000
vn 0.0000 1.0000 0.0000
vn 0.0000 1.0000 0.0000
vn 0.0000 1.0000 0.0000
vn 0.0000 1.0000 0.0000
vn 0.0000 1.0000 0.0000
vn 0.0000 1.0000 0.0000
vn 0.0000 1.0000 0.0000
vn 0.0000 1.0000 0.0000
vn 0.0000 1.0000 0.0000
vn 0.0000 1.0000 0.0000
vn 0.0000 1.0000 0.0000
vn 0.0000 1.0000 0.0000
vn 0.0000 1.0000 0.0000
vn 0.0000 1.0000 0.0000
vn 0.0000 1.0000 0.0000
vn 0.0000 1.0000 0.0000
vn 0.0000 1.0000 0.0000
vn 0.0000 1.0000 0.0000
vn 0.0000 1.0000 0.0000
vn 0.0000 1.0000 0.0000
vn 0.0000 1.0000 0.0000
vn 0.0000 1.0000 0.0000
vn 0.0000 1.0000 0.0000
vn 0.0000 1.0000 0.0000
vn 0.0000 1.0000 0.0000
vn 0.0000 1.0000 0.0000
vn 0.0000 1.0000 0.0000
vn 0.0000 1.0000 0.0000
vn 0.0000 1.0000 0.0000
vn 0.0000 1.0000 0.0000
vn 0.0000 1.0000 0.0000
vn 0.0000 1.0000 0.0000
vn 0.0000 1.0000 0.0000
vn 0.0000 1.0000 0.0000
vn 0.0000 1.0000 0.0000
vn 0.0000 1.0000 0.0000
vn 0.0000 1.0000 0.0000
vn 0.0000 1.0000 0.0000
vn 0.0000 1.0000 0.0000
vn 0.0000 1.0000 0.0000
vn 0.0000 1.0000 0.0000
vn 0.0000 1.0000 0.0000
vn 0.0000 1.0000 0.0000
vn 0.0000 1.0000 0.0000
vn 0.0000 1.0000 0.0000
vn 0.0000 1.0000 0.0000
vn 0.0000 1.0000 0.0000
vn 0.0000 1.0000 0.0000
vn 0.0000 1.0000 0.0000
vn 0.0000 1.0000 0.0000
vn 0.0000 1.0000 0.0000
vn 0.0000 1.0000 0.0000
vn 0.0000 1.0000 0.0000
vn 0.0000 1.0000 0.0000
vn 0.0000 1.0000 0.0000
vn 0.0000 1.0000 0.0000
vn 0.0000 1.0000 0.0000
vn 0.0000 1.0000 0.0000
vn 0.0000 1.0000 0.0000
vn 0.0000 1.0000 0.0000
vn 0.0000 1.0000 0.0000
vn 0.0000 1.0000 0.0000
vn 0.0000 1.0000 0.0000
vn 0.0000 1.0000 0.0000
vn 0.0000 1.0000 0.0000
vn 0.0000 1.0000 0.0000
vn 0.0000 1.0000 0.0000
vn 0.0000 1.0000 0.0000
vn 0.0000 1.0000 0.0000
vn 0.0000 1.0000 0.0000
vn 0.0000 1.0000 0.0000
vn 0.0000 1.0000 0.0000
vn 0.0000 1.0000 0.0000
vn 0.0000 1.0000 0.0000
vn 0.0000 1.0000 0.0000
vn 0.0000 1.0000 0.0000
vn 0.0000 1.0000 0.0000
vn 0.0000 1.0000 0.0000
vn 0.0000 1.0000 0.0000
vn 0.0000 1.0000 0.0000
vn 0.0000 1.0000 0.0000
vn 0.0000 1.0000 0.0000
vn 0.0000 1.0000 0.0000
vn 0.0000 1.0000 0.0000
vn 0.0000 1.0000 0.0000
vn 0.0000 1.0000 0.0000
vn 0.0000 1.0000 0.0000
vn 0.0000 1.0000 0.0000
vn 0.0000 1.0000 0.0000
vn 0.0000 1.0000 0.0000
vn 0.0000 1.0000 0.0000
vn 0.0000 1.0000 0.0000
vn 0.0000 1.0000 0.0000
vn 0.0000 1.0000 0.0000
vn 0.0000 1.0000 0.0000
vn 0.0000 1.0000 0.0000
vn 0.0000 1.0000 0.0000
vn 0.0000 1.0000 0.0000
vn 0.0000 1.0000 0.0000
vn 0.0000 1.0000 0.0000
vn 0.0000 1.0000 0.0000
vn 0.0000 1.0000 0.0000
vn 0.0000 1.0000 0.0000
vn 0.0000 1.0000 0.0000
vn 0.0000 1.0000 0.0000
vn 0.0000 1.0000 0.0000
vn 0.0000 1.0000 0.0000
vn 0.0000 1.0000 0.0000
vn 0.0000 1.0000 0.0000
vn 0.0000 1.0000 0.0000
vn 0.0000 1.0000 0.0000
vn 0.0000 1.0000 0.0000
vn 0.0000 1.0000 0.0000
vn 0.0000 1.0000 0.0000
vn 0.0000 1.0000 0.0000
vn 0.0000 1.0000 0.0000
vn 0.0000 1.0000 0.0000
vn 0.0000 1.0000 0.0000
vn 0.0000 1.0000 0.0000
vn 0.0000 1.0000 0.0000
vn 0.0000 1.0000 0.0000
vn 0.0000 1.0000 0.0000
vn 0.0000 1.0000 0.0000
vn 0.0000 1.0000 0.0000
vn 0.0000 1.0000 0.0000
vn 0.0000 1.0000 0.0000
vn 0.0000 1.0000 0.0000
vn 0.0000 1.0000 0.0000
vn 0.0000 1.0000 0.0000
vn 0.0000 1.0000 0.0000
vn 0.0000 1.0000 0.0000
vn 0.0000 1.0000 0.0000
vn 0.0000 1.0000 0.0000
vn 0.0000 1.0000 0.0000
vn 0.0000 1.0000 0.0000
vn 0.0000 1.0000 0.0000
vn 0.0000 1.0000 0.0000
vn 0.0000 1.0000 0.0000
vn 0.0000 1.0000 0.0000
vn 0.0000 1.0000 0.0000
vn 0.0000 1.0000 0.0000
vn 0.0000 1.0000 0.0000
vn 0.0000 1.0000 0.0000
vn 0.0000 1.0000 0.0000
vn 0.0000 1.0000 0.0000
vn 0.0000 1.0000 0.0000
vn 0.0000 1.0000 0.0000
vn 0.0000 1.0000 0.0000
vn 0.0000 1.0000 0.0000
vn 0.0000 1.0000 0.0000
vn 0.0000 1.0000 0.0000
vn 0.0000 1.0000 0.0000
vn 0.0000 1.0000 0.0000
vn 0.0000 1.0000 0.0000
vn 0.0000 1.0000 0.0000
vn 0.0000 1.0000 0.0000
vn 0.0000 1.0000 0.0000
vn 0.0000 1.0000 0.0000
vn 0.0000 1.0000 0.0000
vn 0.0000 1.0000 0.0000
vn 0.0000 1.0000 0.0000
vn 0.0000 1.0000 0.0000
vn 0.0000 1.0000 0.0000
vn 0.0000 1.0000 0.0000
vn 0.0000 1.0000 0.0000
vn 0.0000 1.0000 0.0000
vn 0.0000 1.0000 0.0000
vn 0.0000 1.0000 0.0000
vn 0.0000 1.0000 0.0000
vn 0.0000 1.0000 0.0000
vn 0.0000 1.0000 0.0000
vn 0.0000 1.0000 0.0000
vn 0.0000 1.0000 0.0000
vn 0.0000 1.0000 0.0000
vn 0.0000 1.0000 0.0000
vn 0.0000 1.0000 0.0000
vn 0.0000 1.0000 0.0000
vn 0.0000 1.0000 0.0000
vn 0.0000 1.0000 0.0000
vn 0.0000 1.0000 0.0000
vn 0.0000 1.0000 0.0000
vn 0.0000 1.0000 0.0000
vn 0.0000 1.0000 0.0000
vn 0.0000 1.0000 0.0000
vn 0.0000 1.0000 0.0000
vn 0.0000 1.0000 0.0000
vn 0.0000 1.0000 0.0000
vn 0.0000 1.0000 0.0000
vn 0.0000 1.0000 0.0000
vn 0.0000 1.0000 0.0000
vn 0.0000 1.0000 0.0000
vn 0.0000 1.0000 0.0000
vn 0.0000 1.0000 0.0000
vn 0.0000 1.0000 0.0000
vn 0.0000 1.0000 0.0000
vn 0.0000 1.0000 0.0000
vn 0.0000 1.0000 0.0000
vn 0.0000 1.0000 0.0000
vn 0.0000 1.0000 0.0000
vn 0.0000 1.0000 0.0000
vn 0.0000 1.0000 0.0000
vn 0.0000 1.0000 0.0000
vn 0.0000 1.0000 0.0000
vn 0.0000 1.0000 0.0000
vn 0.0000 1.0000 0.0000
vn 0.0000 1.0000 0.0000
vn 0.0000 1.0000 0.0000
vn 0.0000 1.0000 0.0000
vn 0.0000 1.0000 0.0000
vn 0.0000 1.0000 0.0000
vn 0.0000 1.0000 0.0000
vn 0.0000 1.0000 0.0000
vn 0.0000 1.0000 0.0000
vn 0.0000 1.0000 0.0000
vn 0.0000 1.0000 0.0000
vn 0.0000 1.0000 0.0000
vn 0.0000 1.0000 0.0000
vn 0.0000 1.0000 0.0000
vn 0.0000 1.0000 0.0000
vn 0.0000 1.0000 0.0000
vn 0.0000 1.0000 0.0000
vn 0.0000 1.0000 0.0000
vn 0.0000 1.0000 0.0000
vn 0.0000 1.0000 0.0000
vn 0.0000 1.0000 0.0000
vn 0.0000 1.0000 0.0000
vn 0.0000 1.0000 0.0000
vn 0.0000 1.0000 0.0000
vn 0.0000 1.0000 0.0000
vn 0.0000 1.0000 0.0000
vn 0.0000 1.0000 0.0000
vn 0.0000 1.0000 0.0000
vn 0.0000 1.0000 0.0000
vn 0.0000 1.0000 0.0000
vn 0.0000 1.0000 0.0000
vn 0.0000 1.0000 0.0000
vn 0.0000 1.0000 0.0000
vn 0.0000 1.0000 0.0000
vn 0.0000 1.0000 0.0000
vn 0.0000 1.0000 0.0000
vn 0.0000 1.0000 0.0000
vn 0.0000 1.0000 0.0000
vn 0.0000 1.0000 0.0000
vn 0.0000 1.0000 0.0000
vn 0.0000 1.0000 0.0000
vn 0.0000 1.0000 0.0000
vn 0.0000 1.0000 0.0000
vn 0.0000 1.0000 0.0000
vn 0.0000 1.0000 0.0000
vn 0.0000 1.0000 0.0000
vn 0.0000 1.0000 0.0000
vn 0.0000 1.0000 0.0000
vn 0.0000 1.0000 0.0000
vn 0.0000 1.0000 0.0000
vn 0.0000 1.0000 0.0000
vn 0.0000 1.0000 0.0000
vn 0.0000 1.0000 0.0000
vn 0.0000 1.0000 0.0000
vn 0.0000 1.0000 0.0000
vn 0.0000 1.0000 0.0000
vn 0.0000 1.0000 0.0000
vn 0.0000 1.0000 0.0000
vn 0.0000 1.0000 0.0000
vn 0.0000 1.0000 0.0000
vn 0.0000 1.0000 0.0000
vn 0.0000 1.0000 0.0000
vn 0.0000 1.0000 0.0000
vn 0.0000 1.0000 0.0000
vn 0.0000 1.0000 0.0000
vn 0.0000 1.0000 0.0000
vn 0.0000 1.0000 0.0000
vn 0.0000 1.0000 0.0000
vn 0.0000 1.0000 0.0000
vn 0.0000 1.0000 0.0000
vn 0.0000 1.0000 0.0000
vn 0.0000 1.0000 0.0000
vn 0.0000 1.0000 0.0000
vn 0.0000 1.0000 0.0000
vn 0.0000 1.0000 0.0000
vn 0.0000 1.0000 0.0000
vn 0.0000 1.0000 0.0000
vn 0.0000 1.0000 0.0000
vn 0.0000 1.0000 0.0000
vn 0.0000 1.0000 0.0000
vn 0.0000 1.0000 0.0000
vn 0.0000 1.0000 0.0000
vn 0.0000 1.0000 0.0000
vn 0.0000 1.0000 0.0000
vn 0.0000 1.0000 0.0000
vn 0.0000 1.0000 0.0000
vn 0.0000 1.0000 0.0000
vn 0.0000 1.0000 0.0000
vn 0.0000 1.0000 0.0000
vn 0.0000 1.0000 0.0000
vn 0.0000 1.0000 0.0000
vn 0.0000 1.0000 0.0000
vn 0.0000 1.0000 0.0000
vn 0.0000 1.0000 0.0000
vn 0.0000 1.0000 0.0000
vn 0.0000 1.0000 0.0000
vn 0.0000 1.0000 0.0000
vn 0.0000 1.0000 0.0000
vn 0.0000 1.0000 0.0000
vn 0.0000 1.0000 0.0000
vn 0.0000 1.0000 0.0000
vn 0.0000 1.0000 0.0000
vn 0.0000 1.0000 0.0000
vn 0.0000 1.0000 0.0000
vn 0.0000 1.0000 0.0000
vn 0.0000 1.0000 0.0000
vn 0.0000 1.0000 0.0000
vn 0.0000 1.0000 0.0000
vn 0.0000 1.0000 0.0000
vn 0.0000 1.0000 0.0000
vn 0.0000 1.0000 0.0000
vn 0.0000 1.0000 0.0000
vn 0.0000 1.0000 0.0000
vn 0.0000 1.0000 0.0000
vn 0.0000 1.0000 0.0000
vn 0.0000 1.0000 0.0000
vn 0.0000 1.0000 0.0000
vn 0.0000 1.0000 0.0000
vn 0.0000 1.0000 0.0000
vn 0.0000 1.0000 0.0000
vn 0.0000 1.0000 0.0000
vn 0.0000 1.0000 0.0000
vn 0.0000 1.0000 0.0000
vn 0.0000 1.0000 0.0000
vn 0.0000 1.0000 0.0000
vn 0.0000 1.0000 0.0000
vn 0.0000 1.0000 0.0000
vn 0.0000 1.0000 0.0000
vn 0.0000 1.0000 0.0000
vn 0.0000 1.0000 0.0000
vn 0.0000 1.0000 0.0000
vn 0.0000 1.0000 0.0000
vn 0.0000 1.0000 0.0000
vn 0.0000 1.0000 0.0000
vn 0.0000 1.0000 0.0000
vn 0.0000 1.0000 0.0000
vn 0.0000 1.0000 0.0000
vn 0.0000 1.0000 0.0000
vn 0.0000 1.0000 0.0000
vn 0.0000 1.0000 0.0000
vn 0.0000 1.0000 0.0000
vn 0.0000 1.0000 0.0000
vn 0.0000 1.0000 0.0000
vn 0.0000 1.0000 0.0000
vn 0.0000 1.0000 0.0000
vn 0.0000 1.0000 0.0000
vn 0.0000 1.0000 0.0000
vn 0.0000 1.0000 0.0000
vn 0.0000 1.0000 0.0000
vn 0.0000 1.0000 0.0000
vn 0.0000 1.0000 0.0000
vn 0.0000 1.0000 0.0000
vn 0.0000 1.0000 0.0000
vn 0.0000 1.0000 0.0000
vn 0.0000 1.0000 0.0000
vn 0.0000 1.0000 0.0000
vn 0.0000 1.0000 0.0000
vn 0.0000 1.0000 0.0000
vn 0.0000 1.0000 0.0000
vn 0.0000 1.0000 0.0000
vn 0.0000 1.0000 0.0000
vn 0.0000 1.0000 0.0000
vn 0.0000 1.0000 0.0000
vn 0.0000 1.0000 0.0000
vn 0.0000 1.0000 0.0000
vn 0.0000 1.0000 0.0000
vn 0.0000 1.0000 0.0000
vn 0.0000 1.0000 0.0000
vn 0.0000 1.0000 0.0000
vn 0.0000 1.0000 0.0000
vn 0.0000 1.0000 0.0000
vn 0.0000 1.0000 0.0000
vn 0.0000 1.0000 0.0000
vn 0.0000 1.0000 0.0000
vn 0.0000 1.0000 0.0000
vn 0.0000 1.0000 0.0000
vn 0.0000 1.0000 0.0000
vn 0.0000 1.0000 0.0000
vn 0.0000 1.0000 0.0000
vn 0.0000 1.0000 0.0000
vn 0.0000 1.0000 0.0000
vn 0.0000 1.0000 0.0000
vn 0.0000 1.0000 0.0000
vn 0.0000 1.0000 0.0000
vn 0.0000 1.0000 0.0000
vn 0.0000 1.0000 0.0000
vn 0.0000 1.0000 0.0000
vn 0.0000 1.0000 0.0000
vn 0.0000 1.0000 0.0000
vn 0.0000 1.0000 0.0000
vn 0.0000 1.0000 0.0000
vn 0.0000 1.0000 0.0000
vn 0.0000 1.0000 0.0000
vn 0.0000 1.0000 0.0000
vn 0.0000 1.0000 0.0000
vn 0.0000 1.0000 0.0000
vn 0.0000 1.0000 0.0000
vn 0.0000 1.0000 0.0000
vn 0.0000 1.0000 0.0000
vn 0.0000 1.0000 0.0000
vn 0.0000 1.0000 0.0000
vn 0.0000 1.0000 0.0000
vn 0.0000 1.0000 0.0000
vn 0.0000 1.0000 0.0000
vn 0.0000 1.0000 0.0000
vn 0.0000 1.0000 0.0000
vn 0.0000 1.0000 0.0000
vn 0.0000 1.0000 0.0000
vn 0.0000 1.0000 0.0000
vn 0.0000 1.0000 0.0000
vn 0.0000 1.0000 0.0000
vn 0.0000 1.0000 0.0000
vn 0.0000 1.0000 0.0000
vn 0.0000 1.0000 0.0000
vn 0.0000 1.0000 0.0000
vn 0.0000 1.0000 0.0000
vn 0.0000 1.0000 0.0000
vn 0.0000 1.0000 0.0000
vn 0.0000 1.0000 0.0000
vn 0.0000 1.0000 0.0000
vn 0.0000 1.0000 0.0000
vn 0.0000 1.0000 0.0000
vn 0.0000 1.0000 0.0000
vn 0.0000 1.0000 0.0000
vn 0.0000 1.0000 0.0000
vn 0.0000 1.0000 0.0000
vn 0.0000 1.0000 0.0000
vn 0.0000 1.0000 0.0000
vn 0.0000 1.0000 0.0000
vn 0.0000 1.0000 0.0000
vn 0.0000 1.0000 0.0000
vn 0.0000 1.0000 0.0000
vn 0.0000 1.0000 0.0000
vn 0.0000 1.0000 0.0000
vn 0.0000 1.0000 0.0000
vn 0.0000 1.0000 0.0000
vn 0.0000 1.0000 0.0000
vn 0.0000 1.0000 0.0000
vn 0.0000 1.0000 0.0000
vn 0.0000 1.0000 0.0000
vn 0.0000 1.0000 0.0000
vn 0.0000 1.0000 0.0000
vn 0.0000 1.0000 0.0000
vn 0.0000 1.0000 0.0000
vn 0.0000 1.0000 0.0000
vn 0.0000 1.0000 0.0000
vn 0.0000 1.0000 0.0000
vn 0.0000 1.0000 0.0000
vn 0.0000 1.0000 0.0000
vn 0.0000 1.0000 0.0000
vn 0.0000 1.0000 0.0000
vn 0.0000 1.0000 0.0000
vn 0.0000 1.0000 0.0000
vn 0.0000 1.0000 0.0000
vn 0.0000 1.0000 0.0000
vn 0.0000 1.0000 0.0000
vn 0.0000 1.0000 0.0000
vn 0.0000 1.0000 0.0000
vn 0.0000 1.0000 0.0000
vn 0.0000 1.0000 0.0000
vn 0.0000 1.0000 0.0000
vn 0.0000 1.0000 0.0000
vn 0.0000 1.0000 0.0000
vn 0.0000 1.0000 0.0000
vn 0.0000 1.0000 0.0000
vn 0.0000 1.0000 0.0000
vn 0.0000 1.0000 0.0000
vn 0.0000 1.0000 0.0000
vn 0.0000 1.0000 0.0000
vn 0.0000 1.0000 0.0000
vn 0.0000 1.0000 0.0000
vn 0.0000 1.0000 0.0000
vn 0.0000 1.0000 0.0000
vn 0.0000 1.0000 0.0000
vn 0.0000 1.0000 0.0000
vn 0.0000 1.0000 0.0000
vn 0.0000 1.0000 0.0000
vn 0.0000 1.0000 0.0000
vn 0.0000 1.0000 0.0000
vn 0.0000 1.0000 0.0000
vn 0.0000 1.0000 0.0000
vn 0.0000 1.0000 0.0000
vn 0.0000 1.0000 0.0000
vn 0.0000 1.0000 0.0000
vn 0.0000 1.0000 0.0000
vn 0.0000 1.0000 0.0000
vn 0.0000 1.0000 0.0000
vn 0.0000 1.0000 0.0000
vn 0.0000 1.0000 0.0000
vn 0.0000 1.0000 0.0000
vn 0.0000 1.0000 0.0000
vn 0.0000 1.0000 0.0000
vn 0.0000 1.0000 0.0000
vn 0.0000 1.0000 0.0000
vn 0.0000 1.0000 0.0000
vn 0.0000 1.0000 0.0000
vn 0.0000 1.0000 0.0000
vn 0.0000 1.0000 0.0000
vn 0.0000 1.0000 0.0000
vn 0.0000 1.0000 0.0000
vn 0.0000 1.0000 0.0000
vn 0.0000 1.0000 0.0000
vn 0.0000 1.0000 0.0000
vn 0.0000 1.0000 0.0000
vn 0.0000 1.0000 0.0000
vn 0.0000 1.0000 0.0000
vn 0.0000 1.0000 0.0000
vn 0.0000 1.0000 0.0000
vn 0.0000 1.0000 0.0000
vn 0.0000 1.0000 0.0000
vn 0.0000 1.0000 0.0000
vn 0.0000 1.0000 0.0000
vn 0.0000 1.0000 0.0000
vn 0.0000 1.0000 0.0000
vn 0.0000 1.0000 0.0000
vn 0.0000 1.0000 0.0000
vn 0.0000 1.0000 0.0000
vn 0.0000 1.0000 0.0000
vn 0.0000 1.0000 0.0000
vn 0.0000 1.0000 0.0000
vn 0.0000 1.0000 0.0000
vn 0.0000 1.0000 0.0000
vn 0.0000 1.0000 0.0000
vn 0.0000 1.0000 0.0000
vn 0.0000 1.0000 0.0000
vn 0.0000 1.0000 0.0000
vn 0.0000 1.0000 0.0000
vn 0.0000 1.0000 0.0000
vn 0.0000 1.0000 0.0000
vn 0.0000 1.0000 0.0000
vn 0.0000 1.0000 0.0000
vn 0.0000 1.0000 0.0000
vn 0.0000 1.0000 0.0000
vn 0.0000 1.0000 0.0000
vn 0.0000 1.0000 0.0000
vn 0.0000 1.0000 0.0000
vn 0.0000 1.0000 0.0000
vn 0.0000 1.0000 0.0000
vn 0.0000 1.0000 0.0000
vn 0.0000 1.0000 0.0000
vn 0.0000 1.0000 0.0000
vn 0.0000 1.0000 0.0000
vn 0.0000 1.0000 0.0000
vn 0.0000 1.0000 0.0000
vn 0.0000 1.0000 0.0000
vn 0.0000 1.0000 0.0000
vn 0.0000 1.0000 0.0000
vn 0.0000 1.0000 0.0000
vn 0.0000 1.0000 0.0000
vn 0.0000 1.0000 0.0000
vn 0.0000 1.0000 0.0000
vn 0.0000 1.0000 0.0000
vn 0.0000 1.0000 0.0000
vn 0.0000 1.0000 0.0000
vn 0.0000 1.0000 0.0000
vn 0.0000 1.0000 0.0000
vn 0.0000 1.0000 0.0000
vn 0.0000 1.0000 0.0000
vn 0.0000 1.0000 0.0000
vn 0.0000 1.0000 0.0000
vn 0.0000 1.0000 0.0000
vn 0.0000 1.0000 0.0000
vn 0.0000 1.0000 0.0000
vn 0.0000 1.0000 0.0000
vn 0.0000 1.0000 0.0000
vn 0.0000 1.0000 0.0000
vn 0.0000 1.0000 0.0000
vn 0.0000 1.0000 0.0000
vn 0.0000 1.0000 0.0000
vn 0.0000 1.0000 0.0000
vn 0.0000 1.0000 0.0000
vn 0.0000 1.0000 0.0000
vn 0.0000 1.0000 0.0000
vn 0.0000 1.0000 0.0000
vn 0.0000 1.0000 0.0000
vn 0.0000 1.0000 0.0000
vn 0.0000 1.0000 0.0000
vn 0.0000 1.0000 0.0000
vn 0.0000 1.0000 0.0000
vn 0.0000 1.0000 0.0000
vn 0.0000 1.0000 0.0000
vn 0.0000 1.0000 0.0000
vn 0.0000 1.0000 0.0000
vn 0.0000 1.0000 0.0000
vn 0.0000 1.0000 0.0000
vn 0.0000 1.0000 0.0000
vn 0.0000 1.0000 0.0000
vn 0.0000 1.0000 0.0000
vn 0.0000 1.0000 0.0000
vn 0.0000 1.0000 0.0000
vn 0.0000 1.0000 0.0000
vn 0.0000 1.0000 0.0000
vn 0.0000 1.0000 0.0000
vn 0.0000 1.0000 0.0000
vn 0.0000 1.0000 0.0000
vn 0.0000 1.0000 0.0000
vn 0.0000 1.0000 0.0000
vn 0.0000 1.0000 0.0000
vn 0.0000 1.0000 0.0000
vn 0.0000 1.0000 0.0000
vn 0.0000 1.0000 0.0000
vn 0.0000 1.0000 0.0000
vn 0.0000 1.0000 0.0000
vn 0.0000 1.0000 0.0000
vn 0.0000 1.0000 0.0000
vn 0.0000 1.0000 0.0000
vn 0.0000 1.0000 0.0000
vn 0.0000 1.0000 0.0000
vn 0.0000 1.0000 0.0000
vn 0.0000 1.0000 0.0000
vn 0.0000 1.0000 0.0000
vn 0.0000 1.0000 0.0000
vn 0.0000 1.0000 0.0000
vn 0.0000 1.0000 0.0000
vn 0.0000 1.0000 0.0000
vn 0.0000 1.0000 0.0000
vn 0.0000 1.0000 0.0000
vn 0.0000 1.0000 0.0000
vn 0.0000 1.0000 0.0000
vn 0.0000 1.0000 0.0000
vn 0.0000 1.0000 0.0000
vn 0.0000 1.0000 0.0000
vn 0.0000 1.0000 0.0000
vn 0.0000 1.0000 0.0000
vn 0.0000 1.0000 0.0000
vn 0.0000 1.0000 0.0000
vn 0.0000 1.0000 0.0000
vn 0.0000 1.0000 0.0000
vn 0.0000 1.0000 0.0000
vn 0.0000 1.0000 0.0000
vn 0.0000 1.0000 0.0000
vn 0.0000 1.0000 0.0000
vn 0.0000 1.0000 0.0000
vn 0.0000 1.0000 0.0000
vn 0.0000 1.0000 0.0000
vn 0.0000 1.0000 0.0000
vn 0.0000 1.0000 0.0000
vn 0.0000 1.0000 0.0000
vn 0.0000 1.0000 0.0000
vn 0.0000 1.0000 0.0000
vn 0.0000 1.0000 0.0000
vn 0.0000 1.0000 0.0000
vn 0.0000 1.0000 0.0000
vn 0.0000 1.0000 0.0000
vn 0.0000 1.0000 0.0000
vn 0.0000 1.0000 0.0000
vn 0.0000 1.0000 0.0000
vn 0.0000 1.0000 0.0000
vn 0.0000 1.0000 0.0000
vn 0.0000 1.0000 0.0000
vn 0.0000 1.0000 0.0000
vn 0.0000 1.0000 0.0000
vn 0.0000 1.0000 0.0000
vn 0.0000 1.0000 0.0000
vn 0.0000 1.0000 0.0000
vn 0.0000 1.0000 0.0000
vn 0.0000 1.0000 0.0000
vn 0.0000 1.0000 0.0000
vn 0.0000 1.0000 0.0000
vn 0.0000 1.0000 0.0000
vn 0.0000 1.0000 0.0000
vn 0.0000 1.0000 0.0000
vn 0.0000 1.0000 0.0000
vn 0.0000 1.0000 0.0000
vn 0.0000 1.0000 0.0000
vn 0.0000 1.0000 0.0000
vn 0.0000 1.0000 0.0000
vn 0.0000 1.0000 0.0000
vn 0.0000 1.0000 0.0000
vn 0.0000 1.0000 0.0000
vn 0.0000 1.0000 0.0000
vn 0.0000 1.0000 0.0000
vn 0.0000 1.0000 0.0000
vn 0.0000 1.0000 0.0000
vn 0.0000 1.0000 0.0000
vn 0.0000 1.0000 0.0000
vn 0.0000 1.0000 0.0000
vn 0.0000 1.0000 0.0000
vn 0.0000 1.0000 0.0000
vn 0.0000 1.0000 0.0000
vn 0.0000 1.0000 0.0000
vn 0.0000 1.0000 0.0000
vn 0.0000 1.0000 0.0000
vn 0.0000 1.0000 0.0000
vn 0.0000 1.0000 0.0000
vn 0.0000 1.0000 0.0000
vn 0.0000 1.0000 0.0000
vn 0.0000 1.0000 0.0000
vn 0.0000 1.0000 0.0000
vn 0.0000 1.0000 0.0000
vn 0.0000 1.0000 0.0000
vn 0.0000 1.0000 0.0000
vn 0.0000 1.0000 0.0000
vn 0.0000 1.0000 0.0000
vn 0.0000 1.0000 0.0000
vn 0.0000 1.0000 0.0000
vn 0.0000 1.0000 0.0000
vn 0.0000 1.0000 0.0000
vn 0.0000 1.0000 0.0000
vn 0.0000 1.0000 0.0000
vn 0.0000 1.0000 0.0000
vn 0.0000 1.0000 0.0000
vn 0.0000 1.0000 0.0000
vn 0.0000 1.0000 0.0000
vn 0.0000 1.0000 0.0000
vn 0.0000 1.0000 0.0000
vn 0.0000 1.0000 0.0000
vn 0.0000 1.0000 0.0000
vn 0.0000 1.0000 0.0000
vn 0.0000 1.0000 0.0000
vn 0.0000 1.0000 0.0000
vn 0.0000 1.0000 0.0000
vn 0.0000 1.0000 0.0000
vn 0.0000 1.0000 0.0000
vn 0.0000 1.0000 0.0000
vn 0.0000 1.0000 0.0000
vn 0.0000 1.0000 0.0000
vn 0.0000 1.0000 0.0000
vn 0.0000 1.0000 0.0000
vn 0.0000 1.0000 0.0000
vn 0.0000 1.0000 0.0000
vn 0.0000 1.0000 0.0000
vn 0.0000 1.0000 0.0000
vn 0.0000 1.0000 0.0000
vn 0.0000 1.0000 0.0000
vn 0.0000 1.0000 0.0000
vn 0.0000 1.0000 0.0000
vn 0.0000 1.0000 0.0000
vn 0.0000 1.0000 0.0000
vn 0.0000 1.0000 0.0000
vn 0.0000 1.0000 0.0000
vn 0.0000 1.0000 0.0000
vn 0.0000 1.0000 0.0000
vn 0.0000 1.0000 0.0000
vn 0.0000 1.0000 0.0000
vn 0.0000 1.0000 0.0000
vn 0.0000 1.0000 0.0000
vn 0.0000 1.0000 0.0000
vn 0.0000 1.0000 0.0000
vn 0.0000 1.0000 0.0000
vn 0.0000 1.0000 0.0000
vn 0.0000 1.0000 0.0000
vn 0.0000 1.0000 0.0000
vn 0.0000 1.0000 0.0000
vn 0.0000 1.0000 0.0000
vn 0.0000 1.0000 0.0000
vn 0.0000 1.0000 0.0000
vn 0.0000 1.0000 0.0000
vn 0.0000 1.0000 0.0000
vn 0.0000 1.0000 0.0000
vn 0.0000 1.0000 0.0000
vn 0.0000 1.0000 0.0000
vn 0.0000 1.0000 0.0000
vn 0.0000 1.0000 0.0000
vn 0.0000 1.0000 0.0000
vn 0.0000 1.0000 0.0000
vn 0.0000 1.0000 0.0000
vn 0.0000 1.0000 0.0000
vn 0.0000 1.0000 0.0000
vn 0.0000 1.0000 0.0000
vn 0.0000 1.0000 0.0000
vn 0.0000 1.0000 0.0000
vn 0.0000 1.0000 0.0000
vn 0.0000 1.0000 0.0000
vn 0.0000 1.0000 0.0000
vn 0.0000 1.0000 0.0000
vn 0.0000 1.0000 0.0000
vn 0.0000 1.0000 0.0000
vn 0.0000 1.0000 0.0000
vn 0.0000 1.0000 0.0000
vn 0.0000 1.0000 0.0000
vn 0.0000 1.0000 0.0000
vn 0.0000 1.0000 0.0000
vn 0.0000 1.0000 0.0000
vn 0.0000 1.0000 0.0000
vn 0.0000 1.0000 0.0000
vn 0.0000 1.0000 0.0000
vn 0.0000 1.0000 0.0000
vn 0.0000 1.0000 0.0000
vn 0.0000 1.0000 0.0000
vn 0.0000 1.0000 0.0000
vn 0.0000 1.0000 0.0000
vn 0.0000 1.0000 0.0000
vn 0.0000 1.0000 0.0000
vn 0.0000 1.0000 0.0000
vn 0.0000 1.0000 0.0000
vn 0.0000 1.0000 0.0000
vn 0.0000 1.0000 0.0000
vn 0.0000 1.0000 0.0000
vn 0.0000 1.0000 0.0000
vn 0.0000 1.0000 0.0000
vn 0.0000 1.0000 0.0000
vn 0.0000 1.0000 0.0000
vn 0.0000 1.0000 0.0000
vn 0.0000 1.0000 0.0000
vn 0.0000 1.0000 0.0000
vn 0.0000 1.0000 0.0000
vn 0.0000 1.0000 0.0000
vn 0.0000 1.0000 0.0000
vn 0.0000 1.0000 0.0000
vn 0.0000 1.0000 0.0000
vn 0.0000 1.0000 0.0000
vn 0.0000 1.0000 0.0000
vn 0.0000 1.0000 0.0000
vn 0.0000 1.0000 0.0000
vn 0.0000 1.0000 0.0000
vn 0.0000 1.0000 0.0000
vn 0.0000 1.0000 0.0000
vn 0.0000 1.0000 0.0000
vn 0.0000 1.0000 0.0000
vn 0.0000 1.0000 0.0000
vn 0.0000 1.0000 0.0000
vn 0.0000 1.0000 0.0000
vn 0.0000 1.0000 0.0000
vn 0.0000 1.0000 0.0000
vn 0.0000 1.0000 0.0000
vn 0.0000 1.0000 0.0000
vn 0.0000 1.0000 0.0000
vn 0.0000 1.0000 0.0000
vn 0.0000 1.0000 0.0000
vn 0.0000 1.0000 0.0000
vn 0.0000 1.0000 0.0000
vn 0.0000 1.0000 0.0000
vn 0.0000 1.0000 0.0000
vn 0.0000 1.0000 0.0000
vn 0.0000 1.0000 0.0000
vn 0.0000 1.0000 0.0000
vn 0.0000 1.0000 0.0000
vn 0.0000 1.0000 0.0000
vn 0.0000 1.0000 0.0000
vn 0.0000 1.0000 0.0000
vn 0.0000 1.0000 0.0000
vn 0.0000 1.0000 0.0000
vn 0.0000 1.0000 0.0000
vn 0.0000 1.0000 0.0000
vn 0.0000 1.0000 0.0000
vn 0.0000 1.0000 0.0000
vn 0.0000 1.0000 0.0000
vn 0.0000 1.0000 0.0000
vn 0.0000 1.0000 0.0000
vn 0.0000 1.0000 0.0000
vn 0.0000 1.0000 0.0000
vn 0.0000 1.0000 0.0000
vn 0.0000 1.0000 0.0000
vn 0.0000 1.0000 0.0000
vn 0.0000 1.0000 0.0000
vn 0.0000 1.0000 0.0000
vn 0.0000 1.0000 0.0000
vn 0.0000 1.0000 0.0000
vn 0.0000 1.0000 0.0000
vn 0.0000 1.0000 0.0000
vn 0.0000 1.0000 0.0000
vn 0.0000 1.0000 0.0000
vn 0.0000 1.0000 0.0000
vn 0.0000 1.0000 0.0000
vn 0.0000 1.0000 0.0000
vn 0.0000 1.0000 0.0000
vn 0.0000 1.0000 0.0000
vn 0.0000 1.0000 0.0000
vn 0.0000 1.0000 0.0000
vn 0.0000 1.0000 0.0000
vn 0.0000 1.0000 0.0000
vn 0.0000 1.0000 0.0000
vn 0.0000 1.0000 0.0000
vn 0.0000 1.0000 0.0000
vn 0.0000 1.0000 0.0000
vn 0.0000 1.0000 0.0000
vn 0.0000 1.0000 0.0000
vn 0.0000 1.0000 0.0000
vn 0.0000 1.0000 0.0000
vn 0.0000 1.0000 0.0000
vn 0.0000 1.0000 0.0000
vn 0.0000 1.0000 0.0000
vn 0.0000 1.0000 0.0000
vn 0.0000 1.0000 0.0000
vn 0.0000 1.0000 0.0000
vn 0.0000 1.0000 0.0000
vn 0.0000 1.0000 0.0000
vn 0.0000 1.0000 0.0000
vn 0.0000 1.0000 0.0000
vn 0.0000 1.0000 0.0000
vn 0.0000 1.0000 0.0000
vn 0.0000 1.0000 0.0000
vn 0.0000 1.0000 0.0000
vn 0.0000 1.0000 0.0000
vn 0.0000 1.0000 0.0000
vn 0.0000 1.0000 0.0000
vn 0.0000 1.0000 0.0000
vn 0.0000 1.0000 0.0000
vn 0.0000 1.0000 0.0000
vn 0.0000 1.0000 0.0000
vn 0.0000 1.0000 0.0000
vn 0.0000 1.0000 0.0000
vn 0.0000 1.0000 0.0000
vn 0.0000 1.0000 0.0000
vn 0.0000 1.0000 0.0000
vn 0.0000 1.0000 0.0000
vn 0.0000 1.0000 0.0000
vn 0.0000 1.0000 0.0000
vn 0.0000 1.0000 0.0000
vn 0.0000 1.0000 0.0000
vn 0.0000 1.0000 0.0000
vn 0.0000 1.0000 0.0000
vn 0.0000 1.0000 0.0000
vn 0.0000 1.0000 0.0000
vn 0.0000 1.0000 0.0000
vn 0.0000 1.0000 0.0000
vn 0.0000 1.0000 0.0000
vn 0.0000 1.0000 0.0000
vn 0.0000 1.0000 0.0000
vn 0.0000 1.0000 0.0000
vn 0.0000 1.0000 0.0000
vn 0.0000 1.0000 0.0000
vn 0.0000 1.0000 0.0000
vn 0.0000 1.0000 0.0000
vn 0.0000 1.0000 0.0000
vn 0.0000 1.0000 0.0000
vn 0.0000 1.0000 0.0000
vn 0.0000 1.0000 0.0000
vn 0.0000 1.0000 0.0000
vn 0.0000 1.0000 0.0000
vn 0.0000 1.0000 0.0000
vn 0.0000 1.0000 0.0000
vn 0.0000 1.0000 0.0000
vn 0.0000 1.0000 0.0000
vn 0.0000 1.0000 0.0000
vn 0.0000 1.0000 0.0000
vn 0.0000 1.0000 0.0000
vn 0.0000 1.0000 0.0000
vn 0.0000 1.0000 0.0000
vn 0.0000 1.0000 0.0000
vn 0.0000 1.0000 0.0000
vn 0.0000 1.0000 0.0000
vn 0.0000 1.0000 0.0000
vn 0.0000 1.0000 0.0000
vn 0.0000 1.0000 0.0000
vn 0.0000 1.0000 0.0000
vn 0.0000 1.0000 0.0000
vn 0.0000 1.0000 0.0000
vn 0.0000 1.0000 0.0000
vn 0.0000 1.0000 0.0000
vn 0.0000 1.0000 0.0000
vn 0.0000 1.0000 0.0000
vn 0.0000 1.0000 0.0000
vn 0.0000 1.0000 0.0000
vn 0.0000 1.0000 0.0000
vn 0.0000 1.0000 0.0000
vn 0.0000 1.0000 0.0000
vn 0.0000 1.0000 0.0000
vn 0.0000 1.0000 0.0000
vn 0.0000 1.0000 0.0000
vn 0.0000 1.0000 0.0000
vn 0.0000 1.0000 0.0000
vn 0.0000 1.0000 0.0000
vn 0.0000 1.0000 0.0000
vn 0.0000 1.0000 0.0000
vn 0.0000 1.0000 0.0000
vn 0.0000 1.0000 0.0000
vn 0.0000 1.0000 0.0000
vn 0.0000 1.0000 0.0000
vn 0.0000 1.0000 0.0000
vn 0.0000 1.0000 0.0000
vn 0.0000 1.0000 0.0000
vn 0.0000 1.0000 0.0000
vn 0.0000 1.0000 0.0000
vn 0.0000 1.0000 0.0000
vn 0.0000 1.0000 0.0000
vn 0.0000 1.0000 0.0000
vn 0.0000 1.0000 0.0000
vn 0.0000 1.0000 0.0000
vn 0.0000 1.0000 0.0000
vn 0.0000 1.0000 0.0000
vn 0.0000 1.0000 0.0000
vn 0.0000 1.0000 0.0000
vn 0.0000 1.0000 0.0000
vn 0.0000 1.0000 0.0000
vn 0.0000 1.0000 0.0000
vn 0.0000 1.0000 0.0000
vn 0.0000 1.0000 0.0000
vn 0.0000 1.0000 0.0000
vn 0.0000 1.0000 0.0000
vn 0.0000 1.0000 0.0000
vn 0.0000 1.0000 0.0000
vn 0.0000 1.0000 0.0000
vn 0.0000 1.0000 0.0000
vn 0.0000 1.0000 0.0000
vn 0.0000 1.0000 0.0000
vn 0.0000 1.0000 0.0000
vn 0.0000 1.0000 0.0000
vn 0.0000 1.0000 0.0000
vn 0.0000 1.0000 0.0000
vn 0.0000 1.0000 0.0000
vn 0.0000 1.0000 0.0000
vn 0.0000 1.0000 0.0000
vn 0.0000 1.0000 0.0000
vn 0.0000 1.0000 0.0000
vn 0.0000 1.0000 0.0000
vn 0.0000 1.0000 0.0000
vn 0.0000 1.0000 0.0000
vn 0.0000 1.0000 0.0000
vn 0.0000 1.0000 0.0000
vn 0.0000 1.0000 0.0000
vn 0.0000 1.0000 0.0000
vn 0.0000 1.0000 0.0000
vn 0.0000 1.0000 0.0000
vn 0.0000 1.0000 0.0000
vn 0.0000 1.0000 0.0000
vn 0.0000 1.0000 0.0000
vn 0.0000 1.0000 0.0000
vn 0.0000 1.0000 0.0000
vn 0.0000 1.0000 0.0000
vn 0.0000 1.0000 0.0000
vn 0.0000 1.0000 0.0000
vn 0.0000 1.0000 0.0000
vn 0.0000 1.0000 0.0000
vn 0.0000 1.0000 0.0000
vn 0.0000 1.0000 0.0000
vn 0.0000 1.0000 0.0000
vn 0.0000 1.0000 0.0000
vn 0.0000 1.0000 0.0000
vn 0.0000 1.0000 0.0000
vn 0.0000 1.0000 0.0000
vn 0.0000 1.0000 0.0000
vn 0.0000 1.0000 0.0000
vn 0.0000 1.0000 0.0000
vn 0.0000 1.0000 0.0000
vn 0.0000 1.0000 0.0000
vn 0.0000 1.0000 0.0000
vn 0.0000 1.0000 0.0000
vn 0.0000 1.0000 0.0000
vn 0.0000 1.0000 0.0000
vn 0.0000 1.0000 0.0000
vn 0.0000 1.0000 0.0000
vn 0.0000 1.0000 0.0000
vn 0.0000 1.0000 0.0000
vn 0.0000 1.0000 0.0000
vn 0.0000 1.0000 0.0000
vn 0.0000 1.0000 0.0000
vn 0.0000 1.0000 0.0000
vn 0.0000 1.0000 0.0000
vn 0.0000 1.0000 0.0000
vn 0.0000 1.0000 0.0000
vn 0.0000 1.0000 0.0000
vn 0.0000 1.0000 0.0000
vn 0.0000 1.0000 0.0000
vn 0.0000 1.0000 0.0000
vn 0.0000 1.0000 0.0000
vn 0.0000 1.0000 0.0000
vn 0.0000 1.0000 0.0000
vn 0.0000 1.0000 0.0000
vn 0.0000 1.0000 0.0000
vn 0.0000 1.0000 0.0000
vn 0.0000 1.0000 0.0000
vn 0.0000 1.0000 0.0000
vn 0.0000 1.0000 0.0000
vn 0.0000 1.0000 0.0000
vn 0.0000 1.0000 0.0000
vn 0.0000 1.0000 0.0000
vn 0.0000 1.0000 0.0000
vn 0.0000 1.0000 0.0000
vn 0.0000 1.0000 0.0000
vn 0.0000 1.0000 0.0000
vn 0.0000 1.0000 0.0000
vn 0.0000 1.0000 0.0000
vn 0.0000 1.0000 0.0000
vn 0.0000 1.0000 0.0000
vn 0.0000 1.0000 0.0000
vn 0.0000 1.0000 0.0000
vn 0.0000 1.0000 0.0000
vn 0.0000 1.0000 0.0000
vn 0.0000 1.0000 0.0000
vn 0.0000 1.0000 0.0000
vn 0.0000 1.0000 0.0000
vn 0.0000 1.0000 0.0000
vn 0.0000 1.0000 0.0000
vn 0.0000 1.0000 0.0000
vn 0.0000 1.0000 0.0000
vn 0.0000 1.0000 0.0000
vn 0.0000 1.0000 0.0000
vn 0.0000 1.0000 0.0000
vn 0.0000 1.0000 0.0000
vn 0.0000 1.0000 0.0000
vn 0.0000 1.0000 0.0000
vn 0.0000 1.0000 0.0000
vn 0.0000 1.0000 0.0000
vn 0.0000 1.0000 0.0000
vn 0.0000 1.0000 0.0000
vn 0.0000 1.0000 0.0000
vn 0.0000 1.0000 0.0000
vn 0.0000 1.0000 0.0000
vn 0.0000 1.0000 0.0000
vn 0.0000 1.0000 0.0000
vn 0.0000 1.0000 0.0000
vn 0.0000 1.0000 0.0000
vn 0.0000 1.0000 0.0000
vn 0.0000 1.0000 0.0000
vn 0.0000 1.0000 0.0000
vn 0.0000 1.0000 0.0000
vn 0.0000 1.0000 0.0000
vn 0.0000 1.0000 0.0000
vn 0.0000 1.0000 0.0000
vn 0.0000 1.0000 0.0000
vn 0.0000 1.0000 0.0000
vn 0.0000 1.0000 0.0000
vn 0.0000 1.0000 0.0000
vn 0.0000 1.0000 0.0000
vn 0.0000 1.0000 0.0000
vn 0.0000 1.0000 0.0000
vn 0.0000 1.0000 0.0000
vn 0.0000 1.0000 0.0000
vn 0.0000 1.0000 0.0000
vn 0.0000 1.0000 0.0000
vn 0.0000 1.0000 0.0000
vn 0.0000 1.0000 0.0000
vn 0.0000 1.0000 0.0000
vn 0.0000 1.0000 0.0000
vn 0.0000 1.0000 0.0000
vn 0.0000 1.0000 0.0000
vn 0.0000 1.0000 0.0000
vn 0.0000 1.0000 0.0000
vn 0.0000 1.0000 0.0000
vn 0.0000 1.0000 0.0000
vn 0.0000 1.0000 0.0000
vn 0.0000 1.0000 0.0000
vn 0.0000 1.0000 0.0000
vn 0.0000 1.0000 0.0000
vn 0.0000 1.0000 0.0000
vn 0.0000 1.0000 0.0000
vn 0.0000 1.0000 0.0000
vn 0.0000 1.0000 0.0000
vn 0.0000 1.0000 0.0000
vn 0.0000 1.0000 0.0000
vn 0.0000 1.0000 0.0000
vn 0.0000 1.0000 0.0000
vn 0.0000 1.0000 0.0000
vn 0.0000 1.0000 0.0000
vn 0.0000 1.0000 0.0000
vn 0.0000 1.0000 0.0000
vn 0.0000 1.0000 0.0000
vn 0.0000 1.0000 0.0000
vn 0.0000 1.0000 0.0000
vn 0.0000 1.0000 0.0000
vn 0.0000 1.0000 0.0000
vn 0.0000 1.0000 0.0000
vn 0.0000 1.0000 0.0000
vn 0.0000 1.0000 0.0000
vn 0.0000 1.0000 0.0000
vn 0.0000 1.0000 0.0000
vn 0.0000 1.0000 0.0000
vn 0.0000 1.0000 0.0000
vn 0.0000 1.0000 0.0000
vn 0.0000 1.0000 0.0000
vn 0.0000 1.0000 0.0000
vn 0.0000 1.0000 0.0000
vn 0.0000 1.0000 0.0000
vn 0.0000 1.0000 0.0000
vn 0.0000 1.0000 0.0000
vn 0.0000 1.0000 0.0000
vn 0.0000 1.0000 0.0000
vn 0.0000 1.0000 0.0000
vn 0.0000 1.0000 0.0000
vn 0.0000 1.0000 0.0000
vn 0.0000 1.0000 0.0000
vn 0.0000 1.0000 0.0000
vn 0.0000 1.0000 0.0000
vn 0.0000 1.0000 0.0000
vn 0.0000 1.0000 0.0000
vn 0.0000 1.0000 0.0000
vn 0.0000 1.0000 0.0000
vn 0.0000 1.0000 0.0000
vn 0.0000 1.0000 0.0000
vn 0.0000 1.0000 0.0000
vn 0.0000 1.0000 0.0000
vn 0.0000 1.0000 0.0000
vn 0.0000 1.0000 0.0000
vn 0.0000 1.0000 0.0000
vn 0.0000 1.0000 0.0000
vn 0.0000 1.0000 0.0000
vn 0.0000 1.0000 0.0000
vn 0.0000 1.0000 0.0000
vn 0.0000 1.0000 0.0000
vn 0.0000 1.0000 0.0000
vn 0.0000 1.0000 0.0000
vn 0.0000 1.0000 0.0000
vn 0.0000 1.0000 0.0000
vn 0.0000 1.0000 0.0000
vn 0.0000 1.0000 0.0000
vn 0.0000 1.0000 0.0000
vn 0.0000 1.0000 0.0000
vn 0.0000 1.0000 0.0000
vn 0.0000 1.0000 0.0000
vn 0.0000 1.0000 0.0000
vn 0.0000 1.0000 0.0000
vn 0.0000 1.0000 0.0000
vn 0.0000 1.0000 0.0000
vn 0.0000 1.0000 0.0000
vn 0.0000 1.0000 0.0000
vn 0.0000 1.0000 0.0000
vn 0.0000 1.0000 0.0000
vn 0.0000 1.0000 0.0000
vn 0.0000 1.0000 0.0000
vn 0.0000 1.0000 0.0000
vn 0.0000 1.0000 0.0000
vn 0.0000 1.0000 0.0000
vn 0.0000 1.0000 0.0000
vn 0.0000 1.0000 0.0000
vn 0.0000 1.0000 0.0000
vn 0.0000 1.0000 0.0000
vn 0.0000 1.0000 0.0000
vn 0.0000 1.0000 0.0000
vn 0.0000 1.0000 0.0000
vn 0.0000 1.0000 0.0000
vn 0.0000 1.0000 0.0000
vn 0.0000 1.0000 0.0000
vn 0.0000 1.0000 0.0000
vn 0.0000 1.0000 0.0000
vn 0.0000 1.0000 0.0000
vn 0.0000 1.0000 0.0000
vn 0.0000 1.0000 0.0000
vn 0.0000 1.0000 0.0000
vn 0.0000 1.0000 0.0000
vn 0.0000 1.0000 0.0000
vn 0.0000 1.0000 0.0000
vn 0.0000 1.0000 0.0000
vn 0.0000 1.0000 0.0000
vn 0.0000 1.0000 0.0000
vn 0.0000 1.0000 0.0000
vn 0.0000 1.0000 0.0000
vn 0.0000 1.0000 0.0000
vn 0.0000 1.0000 0.0000
vn 0.0000 1.0000 0.0000
vn 0.0000 1.0000 0.0000
vn 0.0000 1.0000 0.0000
vn 0.0000 1.0000 0.0000
vn 0.0000 1.0000 0.0000
vn 0.0000 1.0000 0.0000
vn 0.0000 1.0000 0.0000
vn 0.0000 1.0000 0.0000
vn 0.0000 1.0000 0.0000
vn 0.0000 1.0000 0.0000
vn 0.0000 1.0000 0.0000
vn 0.0000 1.0000 0.0000
vn 0.0000 1.0000 0.0000
vn 0.0000 1.0000 0.0000
vn 0.0000 1.0000 0.0000
vn 0.0000 1.0000 0.0000
vn 0.0000 1.0000 0.0000
vn 0.0000 1.0000 0.0000
vn 0.0000 1.0000 0.0000
vn 0.0000 1.0000 0.0000
vn 0.0000 1.0000 0.0000
vn 0.0000 1.0000 0.0000
vn 0.0000 1.0000 0.0000
vn 0.0000 1.0000 0.0000
vn 0.0000 1.0000 0.0000
vn 0.0000 1.0000 0.0000
vn 0.0000 1.0000 0.0000
vn 0.0000 1.0000 0.0000
vn 0.0000 1.0000 0.0000
vn 0.0000 1.0000 0.0000
vn 0.0000 1.0000 0.0000
vn 0.0000 1.0000 0.0000
vn 0.0000 1.0000 0.0000
vn 0.0000 1.0000 0.0000
vn 0.0000 1.0000 0.0000
vn 0.0000 1.0000 0.0000
vn 0.0000 1.0000 0.0000
vn 0.0000 1.0000 0.0000
vn 0.0000 1.0000 0.0000
vn 0.0000 1.0000 0.0000
vn 0.0000 1.0000 0.0000
vn 0.0000 1.0000 0.0000
vn 0.0000 1.0000 0.0000
vn 0.0000 1.0000 0.0000
vn 0.0000 1.0000 0.0000
vn 0.0000 1.0000 0.0000
vn 0.0000 1.0000 0.0000
vn 0.0000 1.0000 0.0000
vn 0.0000 1.0000 0.0000
vn 0.0000 1.0000 0.0000
vn 0.0000 1.0000 0.0000
vn 0.0000 1.0000 0.0000
vn 0.0000 1.0000 0.0000
vn 0.0000 1.0000 0.0000
vn 0.0000 1.0000 0.0000
vn 0.0000 1.0000 0.0000
vn 0.0000 1.0000 0.0000
vn 0.0000 1.0000 0.0000
vn 0.0000 1.0000 0.0000
vn 0.0000 1.0000 0.0000
vn 0.0000 1.0000 0.0000
vn 0.0000 1.0000 0.0000
vn 0.0000 1.0000 0.0000
vn 0.0000 1.0000 0.0000
vn 0.0000 1.0000 0.0000
vn 0.0000 1.0000 0.0000
vn 0.0000 1.0000 0.0000
vn 0.0000 1.0000 0.0000
vn 0.0000 1.0000 0.0000
vn 0.0000 1.0000 0.0000
vn 0.0000 1.0000 0.0000
vn 0.0000 1.0000 0.0000
vn 0.0000 1.0000 0.0000
vn 0.0000 1.0000 0.0000
vn 0.0000 1.0000 0.0000
vn 0.0000 1.0000 0.0000
vn 0.0000 1.0000 0.0000
vn 0.0000 1.0000 0.0000
vn 0.0000 1.0000 0.0000
vn 0.0000 1.0000 0.0000
vn 0.0000 1.0000 0.0000
vn 0.0000 1.0000 0.0000
vn 0.0000 1.0000 0.0000
vn 0.0000 1.0000 0.0000
vn 0.0000 1.0000 0.0000
vn 0.0000 1.0000 0.0000
vn 0.0000 1.0000 0.0000
vn 0.0000 1.0000 0.0000
vn 0.0000 1.0000 0.0000
vn 0.0000 1.0000 0.0000
vn 0.0000 1.0000 0.0000
vn 0.0000 1.0000 0.0000
vn 0.0000 1.0000 0.0000
vn 0.0000 1.0000 0.0000
vn 0.0000 1.0000 0.0000
vn 0.0000 1.0000 0.0000
vn 0.0000 1.0000 0.0000
vn 0.0000 1.0000 0.0000
vn 0.0000 1.0000 0.0000
vn 0.0000 1.0000 0.0000
vn 0.0000 1.0000 0.0000
vn 0.0000 1.0000 0.0000
vn 0.0000 1.0000 0.0000
vn 0.0000 1.0000 0.0000
vn 0.0000 1.0000 0.0000
vn 0.0000 1.0000 0.0000
vn 0.0000 1.0000 0.0000
vn 0.0000 1.0000 0.0000
vn 0.0000 1.0000 0.0000
vn 0.0000 1.0000 0.0000
vn 0.0000 1.0000 0.0000
vn 0.0000 1.0000 0.0000
vn 0.0000 1.0000 0.0000
vn 0.0000 1.0000 0.0000
vn 0.0000 1.0000 0.0000
vn 0.0000 1.0000 0.0000
vn 0.0000 1.0000 0.0000
vn 0.0000 1.0000 0.0000
vn 0.0000 1.0000 0.0000
vn 0.0000 1.0000 0.0000
vn 0.0000 1.0000 0.0000
vn 0.0000 1.0000 0.0000
vn 0.0000 1.0000 0.0000
vn 0.0000 1.0000 0.0000
vn 0.0000 1.0000 0.0000
vn 0.0000 1.0000 0.0000
vn 0.0000 1.0000 0.0000
vn 0.0000 1.0000 0.0000
vn 0.0000 1.0000 0.0000
vn 0.0000 1.0000 0.0000
vn 0.0000 1.0000 0.0000
vn 0.0000 1.0000 0.0000
vn 0.0000 1.0000 0.0000
vn 0.0000 1.0000 0.0000
vn 0.0000 1.0000 0.0000
vn 0.0000 1.0000 0.0000
vn 0.0000 1.0000 0.0000
vn 0.0000 1.0000 0.0000
vn 0.0000 1.0000 0.0000
vn 0.0000 1.0000 0.0000
vn 0.0000 1.0000 0.0000
vn 0.0000 1.0000 0.0000
vn 0.0000 1.0000 0.0000
vn 0.0000 1.0000 0.0000
vn 0.0000 1.0000 0.0000
vn 0.0000 1.0000 0.0000
vn 0.0000 1.0000 0.0000
vn 0.0000 1.0000 0.0000
vn 0.0000 1.0000 0.0000
vn 0.0000 1.0000 0.0000
vn 0.0000 1.0000 0.0000
vn 0.0000 1.0000 0.0000
vn 0.0000 1.0000 0.0000
vn 0.0000 1.0000 0.0000
vn 0.0000 1.0000 0.0000
vn 0.0000 1.0000 0.0000
vn 0.0000 1.0000 0.0000
vn 0.0000 1.0000 0.0000
vn 0.0000 1.0000 0.0000
vn 0.0000 1.0000 0.0000
vn 0.0000 1.0000 0.0000
vn 0.0000 1.0000 0.0000
vn 0.0000 1.0000 0.0000
vn 0.0000 1.0000 0.0000
vn 0.0000 1.0000 0.0000
vn 0.0000 1.0000 0.0000
vn 0.0000 1.0000 0.0000
vn 0.0000 1.0000 0.0000
vn 0.0000 1.0000 0.0000
vn 0.0000 1.0000 0.0000
vn 0.0000 1.0000 0.0000
vn 0.0000 1.0000 0.0000
vn 0.0000 1.0000 0.0000
vn 0.0000 1.0000 0.0000
vn 0.0000 1.0000 0.0000
vn 0.0000 1.0000 0.0000
vn 0.0000 1.0000 0.0000
vn 0.0000 1.0000 0.0000
vn 0.0000 1.0000 0.0000
vn 0.0000 1.0000 0.0000
vn 0.0000 1.0000 0.0000
vn 0.0000 1.0000 0.0000
vn 0.0000 1.0000 0.0000
vn 0.0000 1.0000 0.0000
vn 0.0000 1.0000 0.0000
vn 0.0000 1.0000 0.0000
vn 0.0000 1.0000 0.0000
vn 0.0000 1.0000 0.0000
vn 0.0000 1.0000 0.0000
vn 0.0000 1.0000 0.0000
vn 0.0000 1.0000 0.0000
vn 0.0000 1.0000 0.0000
vn 0.0000 1.0000 0.0000
vn 0.0000 1.0000 0.0000
vn 0.0000 1.0000 0.0000
vn 0.0000 1.0000 0.0000
vn 0.0000 1.0000 0.0000
vn 0.0000 1.0000 0.0000
vn 0.0000 1.0000 0.0000
vn 0.0000 1.0000 0.0000
vn 0.0000 1.0000 0.0000
vn 0.0000 1.0000 0.0000
vn 0.0000 1.0000 0.0000
vn 0.0000 1.0000 0.0000
vn 0.0000 1.0000 0.0000
vn 0.0000 1.0000 0.0000
vn 0.0000 1.0000 0.0000
vn 0.0000 1.0000 0.0000
vn 0.0000 1.0000 0.0000
vn 0.0000 1.0000 0.0000
vn 0.0000 1.0000 0.0000
vn 0.0000 1.0000 0.0000
vn 0.0000 1.0000 0.0000
vn 0.0000 1.0000 0.0000
vn 0.0000 1.0000 0.0000
vn 0.0000 1.0000 0.0000
vn 0.0000 1.0000 0.0000
vn 0.0000 1.0000 0.0000
vn 0.0000 1.0000 0.0000
vn 0.0000 1.0000 0.0000
vn 0.0000 1.0000 0.0000
vn 0.0000 1.0000 0.0000
vn 0.0000 1.0000 0.0000
vn 0.0000 1.0000 0.0000
vn 0.0000 1.0000 0.0000
vn 0.0000 1.0000 0.0000
vn 0.0000 1.0000 0.0000
vn 0.0000 1.0000 0.0000
vn 0.0000 1.0000 0.0000
vn 0.0000 1.0000 0.0000
vn 0.0000 1.0000 0.0000
vn 0.0000 1.0000 0.0000
vn 0.0000 1.0000 0.0000
vn 0.0000 1.0000 0.0000
vn 0.0000 1.0000 0.0000
vn 0.0000 1.0000 0.0000
vn 0.0000 1.0000 0.0000
vn 0.0000 1.0000 0.0000
vn 0.0000 1.0000 0.0000
vn 0.0000 1.0000 0.0000
vn 0.0000 1.0000 0.0000
vn 0.0000 1.0000 0.0000
vn 0.0000 1.0000 0.0000
vn 0.0000 1.0000 0.0000
vn 0.0000 1.0000 0.0000
vn 0.0000 1.0000 0.0000
vn 0.0000 1.0000 0.0000
vn 0.0000 1.0000 0.0000
vn 0.0000 1.0000 0.0000
vn 0.0000 1.0000 0.0000
vn 0.0000 1.0000 0.0000
vn 0.0000 1.0000 0.0000
vn 0.0000 1.0000 0.0000
vn 0.0000 1.0000 0.0000
vn 0.0000 1.0000 0.0000
vn 0.0000 1.0000 0.0000
vn 0.0000 1.0000 0.0000
vn 0.0000 1.0000 0.0000
vn 0.0000 1.0000 0.0000
vn 0.0000 1.0000 0.0000
vn 0.0000 1.0000 0.0000
vn 0.0000 1.0000 0.0000
vn 0.0000 1.0000 0.0000
vn 0.0000 1.0000 0.0000
vn 0.0000 1.0000 0.0000
vn 0.0000 1.0000 0.0000
vn 0.0000 1.0000 0.0000
vn 0.0000 1.0000 0.0000
vn 0.0000 1.0000 0.0000
vn 0.0000 1.0000 0.0000
vn 0.0000 1.0000 0.0000
vn 0.0000 1.0000 0.0000
vn 0.0000 1.0000 0.0000
vn 0.0000 1.0000 0.0000
vn 0.0000 1.0000 0.0000
vn 0.0000 1.0000 0.0000
vn 0.0000 1.0000 0.0000
vn 0.0000 1.0000 0.0000
vn 0.0000 1.0000 0.0000
vn 0.0000 1.0000 0.0000
vn 0.0000 1.0000 0.0000
vn 0.0000 1.0000 0.0000
vn 0.0000 1.0000 0.0000
vn 0.0000 1.0000 0.0000
vn 0.0000 1.0000 0.0000
vn 0.0000 1.0000 0.0000
vn 0.0000 1.0000 0.0000
vn 0.0000 1.0000 0.0000
vn 0.0000 1.0000 0.0000
vn 0.0000 1.0000 0.0000
vn 0.0000 1.0000 0.0000
vn 0.0000 1.0000 0.0000
vn 0.0000 1.0000 0.0000
vn 0.0000 1.0000 0.0000
vn 0.0000 1.0000 0.0000
vn 0.0000 1.0000 0.0000
vn 0.0000 1.0000 0.0000
vn 0.0000 1.0000 0.0000
vn 0.0000 1.0000 0.0000
vn 0.0000 1.0000 0.0000
vn 0.0000 1.0000 0.0000
vn 0.0000 1.0000 0.0000
vn 0.0000 1.0000 0.0000
vn 0.0000 1.0000 0.0000
vn 0.0000 1.0000 0.0000
vn 0.0000 1.0000 0.0000
vn 0.0000 1.0000 0.0000
vn 0.0000 1.0000 0.0000
vn 0.0000 1.0000 0.0000
vn 0.0000 1.0000 0.0000
vn 0.0000 1.0000 0.0000
vn 0.0000 1.0000 0.0000
vn 0.0000 1.0000 0.0000
vn 0.0000 1.0000 0.0000
vn 0.0000 1.0000 0.0000
vn 0.0000 1.0000 0.0000
vn 0.0000 1.0000 0.0000
vn 0.0000 1.0000 0.0000
vn 0.0000 1.0000 0.0000
vn 0.0000 1.0000 0.0000
vn 0.0000 1.0000 0.0000
vn 0.0000 1.0000 0.0000
vn 0.0000 1.0000 0.0000
vn 0.0000 1.0000 0.0000
vn 0.0000 1.0000 0.0000
vn 0.0000 1.0000 0.0000
vn 0.0000 1.0000 0.0000
vn 0.0000 1.0000 0.0000
vn 0.0000 1.0000 0.0000
vn 0.0000 1.0000 0.0000
vn 0.0000 1.0000 0.0000
vn 0.0000 1.0000 0.0000
vn 0.0000 1.0000 0.0000
vn 0.0000 1.0000 0.0000
vn 0.0000 1.0000 0.0000
vn 0.0000 1.0000 0.0000
vn 0.0000 1.0000 0.0000
vn 0.0000 1.0000 0.0000
vn 0.0000 1.0000 0.0000
vn 0.0000 1.0000 0.0000
vn 0.0000 1.0000 0.0000
vn 0.0000 1.0000 0.0000
vn 0.0000 1.0000 0.0000
vn 0.0000 1.0000 0.0000
vn 0.0000 1.0000 0.0000
vn 0.0000 1.0000 0.0000
vn 0.0000 1.0000 0.0000
vn 0.0000 1.0000 0.0000
vn 0.0000 1.0000 0.0000
vn 0.0000 1.0000 0.0000
vn 0.0000 1.0000 0.0000
vn 0.0000 1.0000 0.0000
vn 0.0000 1.0000 0.0000
vn 0.0000 1.0000 0.0000
vn 0.0000 1.0000 0.0000
vn 0.0000 1.0000 0.0000
vn 0.0000 1.0000 0.0000
vn 0.0000 1.0000 0.0000
vn 0.0000 1.0000 0.0000
vn 0.0000 1.0000 0.0000
vn 0.0000 1.0000 0.0000
vn 0.0000 1.0000 0.0000
vn 0.0000 1.0000 0.0000
vn 0.0000 1.0000 0.0000
vn 0.0000 1.0000 0.0000
vn 0.0000 1.0000 0.0000
vn 0.0000 1.0000 0.0000
vn 0.0000 1.0000 0.0000
vn 0.0000 1.0000 0.0000
vn 0.0000 1.0000 0.0000
vn 0.0000 1.0000 0.0000
vn 0.0000 1.0000 0.0000
vn 0.0000 1.0000 0.0000
vn 0.0000 1.0000 0.0000
vn 0.0000 1.0000 0.0000
vn 0.0000 1.0000 0.0000
vn 0.0000 1.0000 0.0000
vn 0.0000 1.0000 0.0000
vn 0.0000 1.0000 0.0000
vn 0.0000 1.0000 0.0000
vn 0.0000 1.0000 0.0000
vn 0.0000 1.0000 0.0000
vn 0.0000 1.0000 0.0000
vn 0.0000 1.0000 0.0000
vn 0.0000 1.0000 0.0000
vn 0.0000 1.0000 0.0000
vn 0.0000 1.0000 0.0000
vn 0.0000 1.0000 0.0000
vn 0.0000 1.0000 0.0000
vn 0.0000 1.0000 0.0000
vn 0.0000 1.0000 0.0000
vn 0.0000 1.0000 0.0000
vn 0.0000 1.0000 0.0000
vn 0.0000 1.0000 0.0000
vn 0.0000 1.0000 0.0000
vn 0.0000 1.0000 0.0000
vn 0.0000 1.0000 0.0000
vn 0.0000 1.0000 0.0000
vn 0.0000 1.0000 0.0000
vn 0.0000 1.0000 0.0000
vn 0.0000 1.0000 0.0000
vn 0.0000 1.0000 0.0000
vn 0.0000 1.0000 0.0000
vn 0.0000 1.0000 0.0000
vn 0.0000 1.0000 0.0000
vn 0.0000 1.0000 0.0000
vn 0.0000 1.0000 0.0000
vn 0.0000 1.0000 0.0000
vn 0.0000 1.0000 0.0000
vn 0.0000 1.0000 0.0000
vn 0.0000 1.0000 0.0000
vn 0.0000 1.0000 0.0000
vn 0.0000 1.0000 0.0000
vn 0.0000 1.0000 0.0000
vn 0.0000 1.0000 0.0000
vn 0.0000 1.0000 0.0000
vn 0.0000 1.0000 0.0000
vn 0.0000 1.0000 0.0000
vn 0.0000 1.0000 0.0000
vn 0.0000 1.0000 0.0000
vn 0.0000 1.0000 0.0000
vn 0.0000 1.0000 0.0000
vn 0.0000 1.0000 0.0000
vn 0.0000 1.0000 0.0000
vn 0.0000 1.0000 0.0000
vn 0.0000 1.0000 0.0000
vn 0.0000 1.0000 0.0000
vn 0.0000 1.0000 0.0000
vn 0.0000 1.0000 0.0000
vn 0.0000 1.0000 0.0000
vn 0.0000 1.0000 0.0000
vn 0.0000 1.0000 0.0000
vn 0.0000 1.0000 0.0000
vn 0.0000 1.0000 0.0000
vn 0.0000 1.0000 0.0000
vn 0.0000 1.0000 0.0000
vn 0.0000 1.0000 0.0000
vn 0.0000 1.0000 0.0000
vn 0.0000 1.0000 0.0000
vn 0.0000 1.0000 0.0000
vn 0.0000 1.0000 0.0000
vn 0.0000 1.0000 0.0000
vn 0.0000 1.0000 0.0000
vn 0.0000 1.0000 0.0000
vn 0.0000 1.0000 0.0000
vn 0.0000 1.0000 0.0000
vn 0.0000 1.0000 0.0000
vn 0.0000 1.0000 0.0000
vn 0.0000 1.0000 0.0000
vn 0.0000 1.0000 0.0000
vn 0.0000 1.0000 0.0000
vn 0.0000 1.0000 0.0000
vn 0.0000 1.0000 0.0000
vn 0.0000 1.0000 0.0000
vn 0.0000 1.0000 0.0000
vn 0.0000 1.0000 0.0000
vn 0.0000 1.0000 0.0000
vn 0.0000 1.0000 0.0000
vn 0.0000 1.0000 0.0000
vn 0.0000 1.0000 0.0000
vn 0.0000 1.0000 0.0000
vn 0.0000 1.0000 0.0000
vn 0.0000 1.0000 0.0000
vn 0.0000 1.0000 0.0000
vn 0.0000 1.0000 0.0000
vn 0.0000 1.0000 0.0000
vn 0.0000 1.0000 0.0000
vn 0.0000 1.0000 0.0000
vn 0.0000 1.0000 0.0000
vn 0.0000 1.0000 0.0000
vn 0.0000 1.0000 0.0000
vn 0.0000 1.0000 0.0000
vn 0.0000 1.0000 0.0000
vn 0.0000 1.0000 0.0000
vn 0.0000 1.0000 0.0000
vn 0.0000 1.0000 0.0000
vn 0.0000 1.0000 0.0000
vn 0.0000 1.0000 0.0000
vn 0.0000 1.0000 0.0000
vn 0.0000 1.0000 0.0000
vn 0.0000 1.0000 0.0000
vn 0.0000 1.0000 0.0000
vn 0.0000 1.0000 0.0000
vn 0.0000 1.0000 0.0000
vn 0.0000 1.0000 0.0000
vn 0.0000 1.0000 0.0000
vn 0.0000 1.0000 0.0000
vn 0.0000 1.0000 0.0000
vn 0.0000 1.0000 0.0000
vn 0.0000 1.0000 0.0000
vn 0.0000 1.0000 0.0000
vn 0.0000 1.0000 0.0000
vn 0.0000 1.0000 0.0000
vn 0.0000 1.0000 0.0000
vn 0.0000 1.0000 0.0000
vn 0.0000 1.0000 0.0000
vn 0.0000 1.0000 0.0000
vn 0.0000 1.0000 0.0000
vn 0.0000 1.0000 0.0000
vn 0.0000 1.0000 0.0000
vn 0.0000 1.0000 0.0000
vn 0.0000 1.0000 0.0000
vn 0.0000 1.0000 0.0000
vn 0.0000 1.0000 0.0000
vn 0.0000 1.0000 0.0000
vn 0.0000 1.0000 0.0000
vn 0.0000 1.0000 0.0000
vn 0.0000 1.0000 0.0000
vn 0.0000 1.0000 0.0000
vn 0.0000 1.0000 0.0000
vn 0.0000 1.0000 0.0000
vn 0.0000 1.0000 0.0000
vn 0.0000 1.0000 0.0000
vn 0.0000 1.0000 0.0000
vn 0.0000 1.0000 0.0000
vn 0.0000 1.0000 0.0000
vn 0.0000 1.0000 0.0000
vn 0.0000 1.0000 0.0000
vn 0.0000 1.0000 0.0000
vn 0.0000 1.0000 0.0000
vn 0.0000 1.0000 0.0000
vn 0.0000 1.0000 0.0000
vn 0.0000 1.0000 0.0000
vn 0.0000 1.0000 0.0000
vn 0.0000 1.0000 0.0000
vn 0.0000 1.0000 0.0000
vn 0.0000 1.0000 0.0000
vn 0.0000 1.0000 0.0000
vn 0.0000 1.0000 0.0000
vn 0.0000 1.0000 0.0000
vn 0.0000 1.0000 0.0000
vn 0.0000 1.0000 0.0000
vn 0.0000 1.0000 0.0000
vn 0.0000 1.0000 0.0000
vn 0.0000 1.0000 0.0000
vn 0.0000 1.0000 0.0000
vn 0.0000 1.0000 0.0000
vn 0.0000 1.0000 0.0000
vn 0.0000 1.0000 0.0000
vn 0.0000 1.0000 0.0000
vn 0.0000 1.0000 0.0000
vn 0.0000 1.0000 0.0000
vn 0.0000 1.0000 0.0000
vn 0.0000 1.0000 0.0000
vn 0.0000 1.0000 0.0000
vn 0.0000 1.0000 0.0000
vn 0.0000 1.0000 0.0000
vn 0.0000 1.0000 0.0000
vn 0.0000 1.0000 0.0000
vn 0.0000 1.0000 0.0000
vn 0.0000 1.0000 0.0000
vn 0.0000 1.0000 0.0000
vn 0.0000 1.0000 0.0000
vn 0.0000 1.0000 0.0000
vn 0.0000 1.0000 0.0000
vn 0.0000 1.0000 0.0000
vn 0.0000 1.0000 0.0000
vn 0.0000 1.0000 0.0000
vn 0.0000 1.0000 0.0000
vn 0.0000 1.0000 0.0000
vn 0.0000 1.0000 0.0000
vn 0.0000 1.0000 0.0000
vn 0.0000 1.0000 0.0000
vn 0.0000 1.0000 0.0000
vn 0.0000 1.0000 0.0000
vn 0.0000 1.0000 0.0000
vn 0.0000 1.0000 0.0000
vn 0.0000 1.0000 0.0000
vn 0.0000 1.0000 0.0000
vn 0.0000 1.0000 0.0000
vn 0.0000 1.0000 0.0000
vn 0.0000 1.0000 0.0000
vn 0.0000 1.0000 0.0000
vn 0.0000 1.0000 0.0000
vn 0.0000 1.0000 0.0000
vn 0.0000 1.0000 0.0000
vn 0.0000 1.0000 0.0000
vn 0.0000 1.0000 0.0000
vn 0.0000 1.0000 0.0000
vn 0.0000 1.0000 0.0000
vn 0.0000 1.0000 0.0000
vn 0.0000 1.0000 0.0000
vn 0.0000 1.0000 0.0000
vn 0.0000 1.0000 0.0000
vn 0.0000 1.0000 0.0000
vn 0.0000 1.0000 0.0000
vn 0.0000 1.0000 0.0000
vn 0.0000 1.0000 0.0000
vn 0.0000 1.0000 0.0000
vn 0.0000 1.0000 0.0000
vn 0.0000 1.0000 0.0000
vn 0.0000 1.0000 0.0000
vn 0.0000 1.0000 0.0000
vn 0.0000 1.0000 0.0000
vn 0.0000 1.0000 0.0000
vn 0.0000 1.0000 0.0000
vn 0.0000 1.0000 0.0000
vn 0.0000 1.0000 0.0000
vn 0.0000 1.0000 0.0000
vn 0.0000 1.0000 0.0000
vn 0.0000 1.0000 0.0000
vn 0.0000 1.0000 0.0000
vn 0.0000 1.0000 0.0000
vn 0.0000 1.0000 0.0000
vn 0.0000 1.0000 0.0000
vn 0.0000 1.0000 0.0000
vn 0.0000 1.0000 0.0000
vn 0.0000 1.0000 0.0000
vn 0.0000 1.0000 0.0000
vn 0.0000 1.0000 0.0000
vn 0.0000 1.0000 0.0000
vn 0.0000 1.0000 0.0000
vn 0.0000 1.0000 0.0000
vn 0.0000 1.0000 0.0000
vn 0.0000 1.0000 0.0000
vn 0.0000 1.0000 0.0000
vn 0.0000 1.0000 0.0000
vn 0.0000 1.0000 0.0000
vn 0.0000 1.0000 0.0000
vn 0.0000 1.0000 0.0000
vn 0.0000 1.0000 0.0000
vn 0.0000 1.0000 0.0000
vn 0.0000 1.0000 0.0000
vn 0.0000 1.0000 0.0000
vn 0.0000 1.0000 0.0000
vn 0.0000 1.0000 0.0000
vn 0.0000 1.0000 0.0000
vn 0.0000 1.0000 0.0000
vn 0.0000 1.0000 0.0000
vn 0.0000 1.0000 0.0000
vn 0.0000 1.0000 0.0000
vn 0.0000 1.0000 0.0000
vn 0.0000 1.0000 0.0000
vn 0.0000 1.0000 0.0000
vn 0.0000 1.0000 0.0000
vn 0.0000 1.0000 0.0000
vn 0.0000 1.0000 0.0000
vn 0.0000 1.0000 0.0000
vn 0.0000 1.0000 0.0000
vn 0.0000 1.0000 0.0000
vn 0.0000 1.0000 0.0000
vn 0.0000 1.0000 0.0000
vn 0.0000 1.0000 0.0000
vn 0.0000 1.0000 0.0000
vn 0.0000 1.0000 0.0000
vn 0.0000 1.0000 0.0000
vn 0.0000 1.0000 0.0000
vn 0.0000 1.0000 0.0000
vn 0.0000 1.0000 0.0000
vn 0.0000 1.0000 0.0000
vn 0.0000 1.0000 0.0000
vn 0.0000 1.0000 0.0000
vn 0.0000 1.0000 0.0000
vn 0.0000 1.0000 0.0000
vn 0.0000 1.0000 0.0000
vn 0.0000 1.0000 0.0000
vn 0.0000 1.0000 0.0000
vn 0.0000 1.0000 0.0000
vn 0.0000 1.0000 0.0000
vn 0.0000 1.0000 0.0000
vn 0.0000 1.0000 0.0000
vn 0.0000 1.0000 0.0000
vn 0.0000 1.0000 0.0000
vn 0.0000 1.0000 0.0000
vn 0.0000 1.0000 0.0000
vn 0.0000 1.0000 0.0000
vn 0.0000 1.0000 0.0000
vn 0.0000 1.0000 0.0000
vn 0.0000 1.0000 0.0000
vn 0.0000 1.0000 0.0000
vn 0.0000 1.0000 0.0000
vn 0.0000 1.0000 0.0000
vn 0.0000 1.0000 0.0000
vn 0.0000 1.0000 0.0000
vn 0.0000 1.0000 0.0000
vn 0.0000 1.0000 0.0000
vn 0.0000 1.0000 0.0000
vn 0.0000 1.0000 0.0000
vn 0.0000 1.0000 0.0000
vn 0.0000 1.0000 0.0000
vn 0.0000 1.0000 0.0000
vn 0.0000 1.0000 0.0000
vn 0.0000 1.0000 0.0000
vn 0.0000 1.0000 0.0000
vn 0.0000 1.0000 0.0000
vn 0.0000 1.0000 0.0000
vn 0.0000 1.0000 0.0000
vn 0.0000 1.0000 0.0000
vn 0.0000 1.0000 0.0000
vn 0.0000 1.0000 0.0000
vn 0.0000 1.0000 0.0000
vn 0.0000 1.0000 0.0000
vn 0.0000 1.0000 0.0000
vn 0.0000 1.0000 0.0000
vn 0.0000 1.0000 0.0000
vn 0.0000 1.0000 0.0000
vn 0.0000 1.0000 0.0000
vn 0.0000 1.0000 0.0000
vn 0.0000 1.0000 0.0000
vn 0.0000 1.0000 0.0000
vn 0.0000 1.0000 0.0000
vn 0.0000 1.0000 0.0000
vn 0.0000 1.0000 0.0000
vn 0.0000 1.0000 0.0000
vn 0.0000 1.0000 0.0000
vn 0.0000 1.0000 0.0000
vn 0.0000 1.0000 0.0000
vn 0.0000 1.0000 0.0000
vn 0.0000 1.0000 0.0000
vn 0.0000 1.0000 0.0000
vn 0.0000 1.0000 0.0000
vn 0.0000 1.0000 0.0000
vn 0.0000 1.0000 0.0000
vn 0.0000 1.0000 0.0000
vn 0.0000 1.0000 0.0000
vn 0.0000 1.0000 0.0000
vn 0.0000 1.0000 0.0000
vn 0.0000 1.0000 0.0000
vn 0.0000 1.0000 0.0000
vn 0.0000 1.0000 0.0000
vn 0.0000 1.0000 0.0000
vn 0.0000 1.0000 0.0000
vn 0.0000 1.0000 0.0000
vn 0.0000 1.0000 0.0000
vn 0.0000 1.0000 0.0000
vn 0.0000 1.0000 0.0000
vn 0.0000 1.0000 0.0000
vn 0.0000 1.0000 0.0000
vn 0.0000 1.0000 0.0000
vn 0.0000 1.0000 0.0000
vn 0.0000 1.0000 0.0000
vn 0.0000 1.0000 0.0000
vn 0.0000 1.0000 0.0000
vn 0.0000 1.0000 0.0000
vn 0.0000 1.0000 0.0000
vn 0.0000 1.0000 0.0000
vn 0.0000 1.0000 0.0000
vn 0.0000 1.0000 0.0000
vn 0.0000 1.0000 0.0000
vn 0.0000 1.0000 0.0000
vn 0.0000 1.0000 0.0000
vn 0.0000 1.0000 0.0000
vn 0.0000 1.0000 0.0000
vn 0.0000 1.0000 0.0000
vn 0.0000 1.0000 0.0000
vn 0.0000 1.0000 0.0000
vn 0.0000 1.0000 0.0000
vn 0.0000 1.0000 0.0000
vn 0.0000 1.0000 0.0000
vn 0.0000 1.0000 0.0000
vn 0.0000 1.0000 0.0000
vn 0.0000 1.0000 0.0000
vn 0.0000 1.0000 0.0000
vn 0.0000 1.0000 0.0000
vn 0.0000 1.0000 0.0000
vn 0.0000 1.0000 0.0000
vn 0.0000 1.0000 0.0000
vn 0.0000 1.0000 0.0000
vn 0.0000 1.0000 0.0000
vn 0.0000 1.0000 0.0000
vn 0.0000 1.0000 0.0000
vn 0.0000 1.0000 0.0000
vn 0.0000 1.0000 0.0000
vn 0.0000 1.0000 0.0000
vn 0.0000 1.0000 0.0000
vn 0.0000 1.0000 0.0000
vn 0.0000 1.0000 0.0000
vn 0.0000 1.0000 0.0000
vn 0.0000 1.0000 0.0000
vn 0.0000 1.0000 0.0000
vn 0.0000 1.0000 0.0000
vn 0.0000 1.0000 0.0000
vn 0.0000 1.0000 0.0000
vn 0.0000 1.0000 0.0000
vn 0.0000 1.0000 0.0000
vn 0.0000 1.0000 0.0000
vn 0.0000 1.0000 0.0000
vn 0.0000 1.0000 0.0000
vn 0.0000 1.0000 0.0000
vn 0.0000 1.0000 0.0000
vn 0.0000 1.0000 0.0000
vn 0.0000 1.0000 0.0000
vn 0.0000 1.0000 0.0000
vn 0.0000 1.0000 0.0000
vn 0.0000 1.0000 0.0000
vn 0.0000 1.0000 0.0000
vn 0.0000 1.0000 0.0000
vn 0.0000 1.0000 0.0000
vn 0.0000 1.0000 0.0000
vn 0.0000 1.0000 0.0000
vn 0.0000 1.0000 0.0000
vn 0.0000 1.0000 0.0000
vn 0.0000 1.0000 0.0000
vn 0.0000 1.0000 0.0000
vn 0.0000 1.0000 0.0000
vn 0.0000 1.0000 0.0000
vn 0.0000 1.0000 0.0000
vn 0.0000 1.0000 0.0000
vn 0.0000 1.0000 0.0000
vn 0.0000 1.0000 0.0000
vn 0.0000 1.0000 0.0000
vn 0.0000 1.0000 0.0000
vn 0.0000 1.0000 0.0000
vn 0.0000 1.0000 0.0000
vn 0.0000 1.0000 0.0000
vn 0.0000 1.0000 0.0000
vn 0.0000 1.0000 0.0000
vn 0.0000 1.0000 0.0000
vn 0.0000 1.0000 0.0000
vn 0.0000 1.0000 0.0000
vn 0.0000 1.0000 0.0000
vn 0.0000 1.0000 0.0000
vn 0.0000 1.0000 0.0000
vn 0.0000 1.0000 0.0000
vn 0.0000 1.0000 0.0000
vn 0.0000 1.0000 0.0000
vn 0.0000 1.0000 0.0000
vn 0.0000 1.0000 0.0000
vn 0.0000 1.0000 0.0000
vn 0.0000 1.0000 0.0000
vn 0.0000 1.0000 0.0000
vn 0.0000 1.0000 0.0000
vn 0.0000 1.0000 0.0000
vn 0.0000 1.0000 0.0000
vn 0.0000 1.0000 0.0000
vn 0.0000 1.0000 0.0000
vn 0.0000 1.0000 0.0000
vn 0.0000 1.0000 0.0000
vn 0.0000 1.0000 0.0000
vn 0.0000 1.0000 0.0000
vn 0.0000 1.0000 0.0000
vn 0.0000 1.0000 0.0000
vn 0.0000 1.0000 0.0000
vn 0.0000 1.0000 0.0000
vn 0.0000 1.0000 0.0000
vn 0.0000 1.0000 0.0000
vn 0.0000 1.0000 0.0000
vn 0.0000 1.0000 0.0000
vn 0.0000 1.0000 0.0000
vn 0.0000 1.0000 0.0000
vn 0.0000 1.0000 0.0000
vn 0.0000 1.0000 0.0000
vn 0.0000 1.0000 0.0000
vn 0.0000 1.0000 0.0000
vn 0.0000 1.0000 0.0000
vn 0.0000 1.0000 0.0000
vn 0.0000 1.0000 0.0000
vn 0.0000 1.0000 0.0000
vn 0.0000 1.0000 0.0000
vn 0.0000 1.0000 0.0000
vn 0.0000 1.0000 0.0000
vn 0.0000 1.0000 0.0000
vn 0.0000 1.0000 0.0000
vn 0.0000 1.0000 0.0000
vn 0.0000 1.0000 0.0000
vn 0.0000 1.0000 0.0000
vn 0.0000 1.0000 0.0000
vn 0.0000 1.0000 0.0000
vn 0.0000 1.0000 0.0000
vn 0.0000 1.0000 0.0000
vn 0.0000 1.0000 0.0000
vn 0.0000 1.0000 0.0000
vn 0.0000 1.0000 0.0000
vn 0.0000 1.0000 0.0000
vn 0.0000 1.0000 0.0000
vn 0.0000 1.0000 0.0000
vn 0.0000 1.0000 0.0000
vn 0.0000 1.0000 0.0000
vn 0.0000 1.0000 0.0000
vn 0.0000 1.0000 0.0000
vn 0.0000 1.0000 0.0000
vn 0.0000 1.0000 0.0000
vn 0.0000 1.0000 0.0000
vn 0.0000 1.0000 0.0000
vn 0.0000 1.0000 0.0000
vn 0.0000 1.0000 0.0000
vn 0.0000 1.0000 0.0000
vn 0.0000 1.0000 0.0000
vn 0.0000 1.0000 0.0000
vn 0.0000 1.0000 0.0000
vn 0.0000 1.0000 0.0000
vn 0.0000 1.0000 0.0000
vn 0.0000 1.0000 0.0000
vn 0.0000 1.0000 0.0000
vn 0.0000 1.0000 0.0000
vn 0.0000 1.0000 0.0000
vn 0.0000 1.0000 0.0000
vn 0.0000 1.0000 0.0000
vn 0.0000 1.0000 0.0000
vn 0.0000 1.0000 0.0000
vn 0.0000 1.0000 0.0000
vn 0.0000 1.0000 0.0000
vn 0.0000 1.0000 0.0000
vn 0.0000 1.0000 0.0000
vn 0.0000 1.0000 0.0000
vn 0.0000 1.0000 0.0000
vn 0.0000 1.0000 0.0000
vn 0.0000 1.0000 0.0000
vn 0.0000 1.0000 0.0000
vn 0.0000 1.0000 0.0000
vn 0.0000 1.0000 0.0000
vn 0.0000 1.0000 0.0000
vn 0.0000 1.0000 0.0000
vn 0.0000 1.0000 0.0000
vn 0.0000 1.0000 0.0000
vn 0.0000 1.0000 0.0000
vn 0.0000 1.0000 0.0000
vn 0.0000 1.0000 0.0000
vn 0.0000 1.0000 0.0000
vn 0.0000 1.0000 0.0000
vn 0.0000 1.0000 0.0000
vn 0.0000 1.0000 0.0000
vn 0.0000 1.0000 0.0000
vn 0.0000 1.0000 0.0000
vn 0.0000 1.0000 0.0000
vn 0.0000 1.0000 0.0000
vn 0.0000 1.0000 0.0000
vn 0.0000 1.0000 0.0000
vn 0.0000 1.0000 0.0000
vn 0.0000 1.0000 0.0000
vn 0.0000 1.0000 0.0000
vn 0.0000 1.0000 0.0000
vn 0.0000 1.0000 0.0000
vn 0.0000 1.0000 0.0000
vn 0.0000 1.0000 0.0000
vn 0.0000 1.0000 0.0000
vn 0.0000 1.0000 0.0000
vn 0.0000 1.0000 0.0000
vn 0.0000 1.0000 0.0000
vn 0.0000 1.0000 0.0000
vn 0.0000 1.0000 0.0000
vn 0.0000 1.0000 0.0000
vn 0.0000 1.0000 0.0000
vn 0.0000 1.0000 0.0000
vn 0.0000 1.0000 0.0000
vn 0.0000 1.0000 0.0000
vn 0.0000 1.0000 0.0000
vn 0.0000 1.0000 0.0000
vn 0.0000 1.0000 0.0000
vn 0.0000 1.0000 0.0000
vn 0.0000 1.0000 0.0000
vn 0.0000 1.0000 0.0000
vn 0.0000 1.0000 0.0000
vn 0.0000 1.0000 0.0000
vn 0.0000 1.0000 0.0000
vn 0.0000 1.0000 0.0000
vn 0.0000 1.0000 0.0000
vn 0.0000 1.0000 0.0000
vn 0.0000 1.0000 0.0000
vn 0.0000 1.0000 0.0000
vn 0.0000 1.0000 0.0000
vn 0.0000 1.0000 0.0000
vn 0.0000 1.0000 0.0000
vn 0.0000 1.0000 0.0000
vn 0.0000 1.0000 0.0000
vn 0.0000 1.0000 0.0000
vn 0.0000 1.0000 0.0000
vn 0.0000 1.0000 0.0000
vn 0.0000 1.0000 0.0000
vn 0.0000 1.0000 0.0000
vn 0.0000 1.0000 0.0000
vn 0.0000 1.0000 0.0000
vn 0.0000 1.0000 0.0000
vn 0.0000 1.0000 0.0000
vn 0.0000 1.0000 0.0000
vn 0.0000 1.0000 0.0000
vn 0.0000 1.0000 0.0000
vn 0.0000 1.0000 0.0000
vn 0.0000 1.0000 0.0000
vn 0.0000 1.0000 0.0000
vn 0.0000 1.0000 0.0000
vn 0.0000 1.0000 0.0000
vn 0.0000 1.0000 0.0000
vn 0.0000 1.0000 0.0000
vn 0.0000 1.0000 0.0000
vn 0.0000 1.0000 0.0000
vn 0.0000 1.0000 0.0000
vn 0.0000 1.0000 0.0000
vn 0.0000 1.0000 0.0000
vn 0.0000 1.0000 0.0000
vn 0.0000 1.0000 0.0000
vn 0.0000 1.0000 0.0000
vn 0.0000 1.0000 0.0000
vn 0.0000 1.0000 0.0000
vn 0.0000 1.0000 0.0000
vn 0.0000 1.0000 0.0000
vn 0.0000 1.0000 0.0000
vn 0.0000 1.0000 0.0000
vn 0.0000 1.0000 0.0000
vn 0.0000 1.0000 0.0000
vn 0.0000 1.0000 0.0000
vn 0.0000 1.0000 0.0000
vn 0.0000 1.0000 0.0000
vn 0.0000 1.0000 0.0000
vn 0.0000 1.0000 0.0000
vn 0.0000 1.0000 0.0000
vn 0.0000 1.0000 0.0000
vn 0.0000 1.0000 0.0000
vn 0.0000 1.0000 0.0000
vn 0.0000 1.0000 0.0000
vn 0.0000 1.0000 0.0000
vn 0.0000 1.0000 0.0000
vn 0.0000 1.0000 0.0000
vn 0.0000 1.0000 0.0000
vn 0.0000 1.0000 0.0000
vn 0.0000 1.0000 0.0000
vn 0.0000 1.0000 0.0000
vn 0.0000 1.0000 0.0000
vn 0.0000 1.0000 0.0000
vn 0.0000 1.0000 0.0000
vn 0.0000 1.0000 0.0000
vn 0.0000 1.0000 0.0000
vn 0.0000 1.0000 0.0000
vn 0.0000 1.0000 0.0000
vn 0.0000 1.0000 0.0000
vn 0.0000 1.0000 0.0000
vn 0.0000 1.0000 0.0000
vn 0.0000 1.0000 0.0000
vn 0.0000 1.0000 0.0000
vn 0.0000 1.0000 0.0000
vn 0.0000 1.0000 0.0000
vn 0.0000 1.0000 0.0000
vn 0.0000 1.0000 0.0000
vn 0.0000 1.0000 0.0000
vn 0.0000 1.0000 0.0000
vn 0.0000 1.0000 0.0000
vn 0.0000 1.0000 0.0000
vn 0.0000 1.0000 0.0000
vn 0.0000 1.0000 0.0000
vn 0.0000 1.0000 0.0000
vn 0.0000 1.0000 0.0000
vn 0.0000 1.0000 0.0000
vn 0.0000 1.0000 0.0000
vn 0.0000 1.0000 0.0000
vn 0.0000 1.0000 0.0000
vn 0.0000 1.0000 0.0000
vn 0.0000 1.0000 0.0000
vn 0.0000 1.0000 0.0000
vn 0.0000 1.0000 0.0000
vn 0.0000 1.0000 0.0000
vn 0.0000 1.0000 0.0000
vn 0.0000 1.0000 0.0000
vn 0.0000 1.0000 0.0000
vn 0.0000 1.0000 0.0000
vn 0.0000 1.0000 0.0000
vn 0.0000 1.0000 0.0000
vn 0.0000 1.0000 0.0000
vn 0.0000 1.0000 0.0000
vn 0.0000 1.0000 0.0000
vn 0.0000 1.0000 0.0000
vn 0.0000 1.0000 0.0000
vn 0.0000 1.0000 0.0000
vn 0.0000 1.0000 0.0000
vn 0.0000 1.0000 0.0000
vn 0.0000 1.0000 0.0000
vn 0.0000 1.0000 0.0000
vn 0.0000 1.0000 0.0000
vn 0.0000 1.0000 0.0000
vn 0.0000 1.0000 0.0000
vn 0.0000 1.0000 0.0000
vn 0.0000 1.0000 0.0000
vn 0.0000 1.0000 0.0000
vn 0.0000 1.0000 0.0000
vn 0.0000 1.0000 0.0000
vn 0.0000 1.0000 0.0000
vn 0.0000 1.0000 0.0000
vn 0.0000 1.0000 0.0000
vn 0.0000 1.0000 0.0000
vn 0.0000 1.0000 0.0000
vn 0.0000 1.0000 0.0000
vn 0.0000 1.0000 0.0000
vn 0.0000 1.0000 0.0000
vn 0.0000 1.0000 0.0000
vn 0.0000 1.0000 0.0000
vn 0.0000 1.0000 0.0000
vn 0.0000 1.0000 0.0000
vn 0.0000 1.0000 0.0000
vn 0.0000 1.0000 0.0000
vn 0.0000 1.0000 0.0000
vn 0.0000 1.0000 0.0000
vn 0.0000 1.0000 0.0000
vn 0.0000 1.0000 0.0000
vn 0.0000 1.0000 0.0000
vn 0.0000 1.0000 0.0000
vn 0.0000 1.0000 0.0000
vn 0.0000 1.0000 0.0000
vn 0.0000 1.0000 0.0000
vn 0.0000 1.0000 0.0000
vn 0.0000 1.0000 0.0000
vn 0.0000 1.0000 0.0000
vn 0.0000 1.0000 0.0000
vn 0.0000 1.0000 0.0000
vn 0.0000 1.0000 0.0000
vn 0.0000 1.0000 0.0000
vn 0.0000 1.0000 0.0000
vn 0.0000 1.0000 0.0000
vn 0.0000 1.0000 0.0000
vn 0.0000 1.0000 0.0000
vn 0.0000 1.0000 0.0000
vn 0.0000 1.0000 0.0000
vn 0.0000 1.0000 0.0000
vn 0.0000 1.0000 0.0000
vn 0.0000 1.0000 0.0000
vn 0.0000 1.0000 0.0000
vn 0.0000 1.0000 0.0000
vn 0.0000 1.0000 0.0000
vn 0.0000 1.0000 0.0000
vn 0.0000 1.0000 0.0000
vn 0.0000 1.0000 0.0000
vn 0.0000 1.0000 0.0000
vn 0.0000 1.0000 0.0000
vn 0.0000 1.0000 0.0000
vn 0.0000 1.0000 0.0000
vn 0.0000 1.0000 0.0000
vn 0.0000 1.0000 0.0000
vn 0.0000 1.0000 0.0000
vn 0.0000 1.0000 0.0000
vn 0.0000 1.0000 0.0000
vn 0.0000 1.0000 0.0000
vn 0.0000 1.0000 0.0000
vn 0.0000 1.0000 0.0000
vn 0.0000 1.0000 0.0000
vn 0.0000 1.0000 0.0000
vn 0.0000 1.0000 0.0000
vn 0.0000 1.0000 0.0000
vn 0.0000 1.0000 0.0000
vn 0.0000 1.0000 0.0000
vn 0.0000 1.0000 0.0000
vn 0.0000 1.0000 0.0000
vn 0.0000 1.0000 0.0000
vn 0.0000 1.0000 0.0000
vn 0.0000 1.0000 0.0000
vn 0.0000 1.0000 0.0000
vn 0.0000 1.0000 0.0000
vn 0.0000 1.0000 0.0000
vn 0.0000 1.0000 0.0000
vn 0.0000 1.0000 0.0000
vn 0.0000 1.0000 0.0000
vn 0.0000 1.0000 0.0000
vn 0.0000 1.0000 0.0000
vn 0.0000 1.0000 0.0000
vn 0.0000 1.0000 0.0000
vn 0.0000 1.0000 0.0000
vn 0.0000 1.0000 0.0000
vn 0.0000 1.0000 0.0000
vn 0.0000 1.0000 0.0000
vn 0.0000 1.0000 0.0000
vn 0.0000 1.0000 0.0000
vn 0.0000 1.0000 0.0000
vn 0.0000 1.0000 0.0000
vn 0.0000 1.0000 0.0000
vn 0.0000 1.0000 0.0000
vn 0.0000 1.0000 0.0000
vn 0.0000 1.0000 0.0000
vn 0.0000 1.0000 0.0000
vn 0.0000 1.0000 0.0000
vn 0.0000 1.0000 0.0000
vn 0.0000 1.0000 0.0000
vn 0.0000 1.0000 0.0000
vn 0.0000 1.0000 0.0000
vn 0.0000 1.0000 0.0000
vn 0.0000 1.0000 0.0000
vn 0.0000 1.0000 0.0000
vn 0.0000 1.0000 0.0000
vn 0.0000 1.0000 0.0000
vn 0.0000 1.0000 0.0000
vn 0.0000 1.0000 0.0000
vn 0.0000 1.0000 0.0000
vn 0.0000 1.0000 0.0000
vn 0.0000 1.0000 0.0000
vn 0.0000 1.0000 0.0000
vn 0.0000 1.0000 0.0000
vn 0.0000 1.0000 0.0000
vn 0.0000 1.0000 0.0000
vn 0.0000 1.0000 0.0000
vn 0.0000 1.0000 0.0000
vn 0.0000 1.0000 0.0000
vn 0.0000 1.0000 0.0000
vn 0.0000 1.0000 0.0000
vn 0.0000 1.0000 0.0000
vn 0.0000 1.0000 0.0000
vn 0.0000 1.0000 0.0000
vn 0.0000 1.0000 0.0000
vn 0.0000 1.0000 0.0000
vn 0.0000 1.0000 0.0000
vn 0.0000 1.0000 0.0000
vn 0.0000 1.0000 0.0000
vn 0.0000 1.0000 0.0000
vn 0.0000 1.0000 0.0000
vn 0.0000 1.0000 0.0000
vn 0.0000 1.0000 0.0000
vn 0.0000 1.0000 0.0000
vn 0.0000 1.0000 0.0000
vn 0.0000 1.0000 0.0000
vn 0.0000 1.0000 0.0000
vn 0.0000 1.0000 0.0000
vn 0.0000 1.0000 0.0000
vn 0.0000 1.0000 0.0000
vn 0.0000 1.0000 0.0000
vn 0.0000 1.0000 0.0000
vn 0.0000 1.0000 0.0000
vn 0.0000 1.0000 0.0000
vn 0.0000 1.0000 0.0000
vn 0.0000 1.0000 0.0000
vn 0.0000 1.0000 0.0000
vn 0.0000 1.0000 0.0000
vn 0.0000 1.0000 0.0000
vn 0.0000 1.0000 0.0000
vn 0.0000 1.0000 0.0000
vn 0.0000 1.0000 0.0000
vn 0.0000 1.0000 0.0000
vn 0.0000 1.0000 0.0000
vn 0.0000 1.0000 0.0000
vn 0.0000 1.0000 0.0000
vn 0.0000 1.0000 0.0000
vn 0.0000 1.0000 0.0000
vn 0.0000 1.0000 0.0000
vn 0.0000 1.0000 0.0000
vn 0.0000 1.0000 0.0000
vn 0.0000 1.0000 0.0000
vn 0.0000 1.0000 0.0000
vn 0.0000 1.0000 0.0000
vn 0.0000 1.0000 0.0000
vn 0.0000 1.0000 0.0000
vn 0.0000 1.0000 0.0000
vn 0.0000 1.0000 0.0000
vn 0.0000 1.0000 0.0000
vn 0.0000 1.0000 0.0000
vn 0.0000 1.0000 0.0000
vn 0.0000 1.0000 0.0000
vn 0.0000 1.0000 0.0000
vn 0.0000 1.0000 0.0000
vn 0.0000 1.0000 0.0000
vn 0.0000 1.0000 0.0000
vn 0.0000 1.0000 0.0000
vn 0.0000 1.0000 0.0000
vn 0.0000 1.0000 0.0000
vn 0.0000 1.0000 0.0000
vn 0.0000 1.0000 0.0000
vn 0.0000 1.0000 0.0000
vn 0.0000 1.0000 0.0000
vn 0.0000 1.0000 0.0000
vn 0.0000 1.0000 0.0000
vn 0.0000 1.0000 0.0000
vn 0.0000 1.0000 0.0000
vn 0.0000 1.0000 0.0000
vn 0.0000 1.0000 0.0000
vn 0.0000 1.0000 0.0000
vn 0.0000 1.0000 0.0000
vn 0.0000 1.0000 0.0000
vn 0.0000 1.0000 0.0000
vn 0.0000 1.0000 0.0000
vn 0.0000 1.0000 0.0000
vn 0.0000 1.0000 0.0000
vn 0.0000 1.0000 0.0000
vn 0.0000 1.0000 0.0000
vn 0.0000 1.0000 0.0000
vn 0.0000 1.0000 0.0000
vn 0.0000 1.0000 0.0000
vn 0.0000 1.0000 0.0000
vn 0.0000 1.0000 0.0000
vn 0.0000 1.0000 0.0000
vn 0.0000 1.0000 0.0000
vn 0.0000 1.0000 0.0000
vn 0.0000 1.0000 0.0000
vn 0.0000 1.0000 0.0000
vn 0.0000 1.0000 0.0000
vn 0.0000 1.0000 0.0000
vn 0.0000 1.0000 0.0000
vn 0.0000 1.0000 0.0000
vn 0.0000 1.0000 0.0000
vn 0.0000 1.0000 0.0000
vn 0.0000 1.0000 0.0000
vn 0.0000 1.0000 0.0000
vn 0.0000 1.0000 0.0000
vn 0.0000 1.0000 0.0000
vn 0.0000 1.0000 0.0000
vn 0.0000 1.0000 0.0000
vn 0.0000 1.0000 0.0000
vn 0.0000 1.0000 0.0000
vn 0.0000 1.0000 0.0000
vn 0.0000 1.0000 0.0000
vn 0.0000 1.0000 0.0000
vn 0.0000 1.0000 0.0000
vn 0.0000 1.0000 0.0000
vn 0.0000 1.0000 0.0000
vn 0.0000 1.0000 0.0000
vn 0.0000 1.0000 0.0000
vn 0.0000 1.0000 0.0000
vn 0.0000 1.0000 0.0000
vn 0.0000 1.0000 0.0000
vn 0.0000 1.0000 0.0000
vn 0.0000 1.0000 0.0000
vn 0.0000 1.0000 0.0000
vn 0.0000 1.0000 0.0000
vn 0.0000 1.0000 0.0000
vn 0.0000 1.0000 0.0000
vn 0.0000 1.0000 0.0000
vn 0.0000 1.0000 0.0000
vn 0.0000 1.0000 0.0000
vn 0.0000 1.0000 0.0000
vn 0.0000 1.0000 0.0000
vn 0.0000 1.0000 0.0000
vn 0.0000 1.0000 0.0000
vn 0.0000 1.0000 0.0000
vn 0.0000 1.0000 0.0000
vn 0.0000 1.0000 0.0000
vn 0.0000 1.0000 0.0000
vn 0.0000 1.0000 0.0000
vn 0.0000 1.0000 0.0000
vn 0.0000 1.0000 0.0000
vn 0.0000 1.0000 0.0000
vn 0.0000 1.0000 0.0000
vn 0.0000 1.0000 0.0000
vn 0.0000 1.0000 0.0000
vn 0.0000 1.0000 0.0000
vn 0.0000 1.0000 0.0000
vn 0.0000 1.0000 0.0000
vn 0.0000 1.0000 0.0000
vn 0.0000 1.0000 0.0000
vn 0.0000 1.0000 0.0000
vn 0.0000 1.0000 0.0000
vn 0.0000 1.0000 0.0000
vn 0.0000 1.0000 0.0000
vn 0.0000 1.0000 0.0000
vn 0.0000 1.0000 0.0000
vn 0.0000 1.0000 0.0000
vn 0.0000 1.0000 0.0000
vn 0.0000 1.0000 0.0000
vn 0.0000 1.0000 0.0000
vn 0.0000 1.0000 0.0000
vn 0.0000 1.0000 0.0000
vn 0.0000 1.0000 0.0000
vn 0.0000 1.0000 0.0000
vn 0.0000 1.0000 0.0000
vn 0.0000 1.0000 0.0000
vn 0.0000 1.0000 0.0000
vn 0.0000 1.0000 0.0000
vn 0.0000 1.0000 0.0000
vn 0.0000 1.0000 0.0000
vn 0.0000 1.0000 0.0000
vn 0.0000 1.0000 0.0000
vn 0.0000 1.0000 0.0000
vn 0.0000 1.0000 0.0000
vn 0.0000 1.0000 0.0000
vn 0.0000 1.0000 0.0000
vn 0.0000 1.0000 0.0000
vn 0.0000 1.0000 0.0000
vn 0.0000 1.0000 0.0000
vn 0.0000 1.0000 0.0000
vn 0.0000 1.0000 0.0000
vn 0.0000 1.0000 0.0000
vn 0.0000 1.0000 0.0000
vn 0.0000 1.0000 0.0000
vn 0.0000 1.0000 0.0000
vn 0.0000 1.0000 0.0000
vn 0.0000 1.0000 0.0000
vn 0.0000 1.0000 0.0000
vn 0.0000 1.0000 0.0000
vn 0.0000 1.0000 0.0000
vn 0.0000 1.0000 0.0000
vn 0.0000 1.0000 0.0000
vn 0.0000 1.0000 0.0000
vn 0.0000 1.0000 0.0000
vn 0.0000 1.0000 0.0000
vn 0.0000 1.0000 0.0000
vn 0.0000 1.0000 0.0000
vn 0.0000 1.0000 0.0000
vn 0.0000 1.0000 0.0000
vn 0.0000 1.0000 0.0000
vn 0.0000 1.0000 0.0000
vn 0.0000 1.0000 0.0000
vn 0.0000 1.0000 0.0000
vn 0.0000 1.0000 0.0000
vn 0.0000 1.0000 0.0000
vn 0.0000 1.0000 0.0000
vn 0.0000 1.0000 0.0000
vn 0.0000 1.0000 0.0000
vn 0.0000 1.0000 0.0000
vn 0.0000 1.0000 0.0000
vn 0.0000 1.0000 0.0000
vn 0.0000 1.0000 0.0000
vn 0.0000 1.0000 0.0000
vn 0.0000 1.0000 0.0000
vn 0.0000 1.0000 0.0000
vn 0.0000 1.0000 0.0000
vn 0.0000 1.0000 0.0000
vn 0.0000 1.0000 0.0000
vn 0.0000 1.0000 0.0000
vn 0.0000 1.0000 0.0000
vn 0.0000 1.0000 0.0000
vn 0.0000 1.0000 0.0000
vn 0.0000 1.0000 0.0000
vn 0.0000 1.0000 0.0000
vn 0.0000 1.0000 0.0000
vn 0.0000 1.0000 0.0000
vn 0.0000 1.0000 0.0000
vn 0.0000 1.0000 0.0000
vn 0.0000 1.0000 0.0000
vn 0.0000 1.0000 0.0000
vn 0.0000 1.0000 0.0000
vn 0.0000 1.0000 0.0000
vn 0.0000 1.0000 0.0000
vn 0.0000 1.0000 0.0000
vn 0.0000 1.0000 0.0000
vn 0.0000 1.0000 0.0000
vn 0.0000 1.0000 0.0000
vn 0.0000 1.0000 0.0000
vn 0.0000 1.0000 0.0000
vn 0.0000 1.0000 0.0000
vn 0.0000 1.0000 0.0000
vn 0.0000 1.0000 0.0000
vn 0.0000 1.0000 0.0000
vn 0.0000 1.0000 0.0000
vn 0.0000 1.0000 0.0000
vn 0.0000 1.0000 0.0000
vn 0.0000 1.0000 0.0000
vn 0.0000 1.0000 0.0000
vn 0.0000 1.0000 0.0000
vn 0.0000 1.0000 0.0000
vn 0.0000 1.0000 0.0000
vn 0.0000 1.0000 0.0000
vn 0.0000 1.0000 0.0000
vn 0.0000 1.0000 0.0000
vn 0.0000 1.0000 0.0000
vn 0.0000 1.0000 0.0000
vn 0.0000 1.0000 0.0000
vn 0.0000 1.0000 0.0000
vn 0.0000 1.0000 0.0000
vn 0.0000 1.0000 0.0000
vn 0.0000 1.0000 0.0000
vn 0.0000 1.0000 0.0000
vn 0.0000 1.0000 0.0000
vn 0.0000 1.0000 0.0000
vn 0.0000 1.0000 0.0000
vn 0.0000 1.0000 0.0000
vn 0.0000 1.0000 0.0000
vn 0.0000 1.0000 0.0000
vn 0.0000 1.0000 0.0000
vn 0.0000 1.0000 0.0000
vn 0.0000 1.0000 0.0000
vn 0.0000 1.0000 0.0000
vn 0.0000 1.0000 0.0000
vn 0.0000 1.0000 0.0000
vn 0.0000 1.0000 0.0000
vn 0.0000 1.0000 0.0000
vn 0.0000 1.0000 0.0000
vn 0.0000 1.0000 0.0000
vn 0.0000 1.0000 0.0000
vn 0.0000 1.0000 0.0000
vn 0.0000 1.0000 0.0000
vn 0.0000 1.0000 0.0000
vn 0.0000 1.0000 0.0000
vn 0.0000 1.0000 0.0000
vn 0.0000 1.0000 0.0000
vn 0.0000 1.0000 0.0000
vn 0.0000 1.0000 0.0000
vn 0.0000 1.0000 0.0000
vn 0.0000 1.0000 0.0000
vn 0.0000 1.0000 0.0000
vn 0.0000 1.0000 0.0000
vn 0.0000 1.0000 0.0000
vn 0.0000 1.0000 0.0000
vn 0.0000 1.0000 0.0000
vn 0.0000 1.0000 0.0000
vn 0.0000 1.0000 0.0000
vn 0.0000 1.0000 0.0000
vn 0.0000 1.0000 0.0000
vn 0.0000 1.0000 0.0000
vn 0.0000 1.0000 0.0000
vn 0.0000 1.0000 0.0000
vn 0.0000 1.0000 0.0000
vn 0.0000 1.0000 0.0000
vn 0.0000 1.0000 0.0000
vn 0.0000 1.0000 0.0000
vn 0.0000 1.0000 0.0000
vn 0.0000 1.0000 0.0000
vn 0.0000 1.0000 0.0000
vn 0.0000 1.0000 0.0000
vn 0.0000 1.0000 0.0000
vn 0.0000 1.0000 0.0000
vn 0.0000 1.0000 0.0000
vn 0.0000 1.0000 0.0000
vn 0.0000 1.0000 0.0000
vn 0.0000 1.0000 0.0000
vn 0.0000 1.0000 0.0000
vn 0.0000 1.0000 0.0000
vn 0.0000 1.0000 0.0000
vn 0.0000 1.0000 0.0000
vn 0.0000 1.0000 0.0000
vn 0.0000 1.0000 0.0000
vn 0.0000 1.0000 0.0000
vn 0.0000 1.0000 0.0000
vn 0.0000 1.0000 0.0000
vn 0.0000 1.0000 0.0000
vn 0.0000 1.0000 0.0000
vn 0.0000 1.0000 0.0000
vn 0.0000 1.0000 0.0000
vn 0.0000 1.0000 0.0000
vn 0.0000 1.0000 0.0000
vn 0.0000 1.0000 0.0000
vn 0.0000 1.0000 0.0000
vn 0.0000 1.0000 0.0000
vn 0.0000 1.0000 0.0000
vn 0.0000 1.0000 0.0000
vn 0.0000 1.0000 0.0000
vn 0.0000 1.0000 0.0000
vn 0.0000 1.0000 0.0000
vn 0.0000 1.0000 0.0000
vn 0.0000 1.0000 0.0000
vn 0.0000 1.0000 0.0000
vn 0.0000 1.0000 0.0000
vn 0.0000 1.0000 0.0000
vn 0.0000 1.0000 0.0000
vn 0.0000 1.0000 0.0000
vn 0.0000 1.0000 0.0000
vn 0.0000 1.0000 0.0000
vn 0.0000 1.0000 0.0000
vn 0.0000 1.0000 0.0000
vn 0.0000 1.0000 0.0000
vn 0.0000 1.0000 0.0000
vn 0.0000 1.0000 0.0000
vn 0.0000 1.0000 0.0000
vn 0.0000 1.0000 0.0000
vn 0.0000 1.0000 0.0000
vn 0.0000 1.0000 0.0000
vn 0.0000 1.0000 0.0000
vn 0.0000 1.0000 0.0000
vn 0.0000 1.0000 0.0000
vn 0.0000 1.0000 0.0000
vn 0.0000 1.0000 0.0000
vn 0.0000 1.0000 0.0000
vn 0.0000 1.0000 0.0000
vn 0.0000 1.0000 0.0000
vn 0.0000 1.0000 0.0000
vn 0.0000 1.0000 0.0000
vn 0.0000 1.0000 0.0000
vn 0.0000 1.0000 0.0000
vn 0.0000 1.0000 0.0000
vn 0.0000 1.0000 0.0000
vn 0.0000 1.0000 0.0000
vn 0.0000 1.0000 0.0000
vn 0.0000 1.0000 0.0000
vn 0.0000 1.0000 0.0000
vn 0.0000 1.0000 0.0000
vn 0.0000 1.0000 0.0000
vn 0.0000 1.0000 0.0000
vn 0.0000 1.0000 0.0000
vn 0.0000 1.0000 0.0000
vn 0.0000 1.0000 0.0000
vn 0.0000 1.0000 0.0000
vn 0.0000 1.0000 0.0000
vn 0.0000 1.0000 0.0000
vn 0.0000 1.0000 0.0000
vn 0.0000 1.0000 0.0000
vn 0.0000 1.0000 0.0000
vn 0.0000 1.0000 0.0000
vn 0.0000 1.0000 0.0000
vn 0.0000 1.0000 0.0000
vn 0.0000 1.0000 0.0000
vn 0.0000 1.0000 0.0000
vn 0.0000 1.0000 0.0000
vn 0.0000 1.0000 0.0000
vn 0.0000 1.0000 0.0000
vn 0.0000 1.0000 0.0000
vn 0.0000 1.0000 0.0000
vn 0.0000 1.0000 0.0000
vn 0.0000 1.0000 0.0000
vn 0.0000 1.0000 0.0000
vn 0.0000 1.0000 0.0000
vn 0.0000 1.0000 0.0000
vn 0.0000 1.0000 0.0000
vn 0.0000 1.0000 0.0000
vn 0.0000 1.0000 0.0000
vn 0.0000 1.0000 0.0000
vn 0.0000 1.0000 0.0000
vn 0.0000 1.0000 0.0000
vn 0.0000 1.0000 0.0000
vn 0.0000 1.0000 0.0000
vn 0.0000 1.0000 0.0000
vn 0.0000 1.0000 0.0000
vn 0.0000 1.0000 0.0000
vn 0.0000 1.0000 0.0000
vn 0.0000 1.0000 0.0000
vn 0.0000 1.0000 0.0000
vn 0.0000 1.0000 0.0000
vn 0.0000 1.0000 0.0000
vn 0.0000 1.0000 0.0000
vn 0.0000 1.0000 0.0000
vn 0.0000 1.0000 0.0000
vn 0.0000 1.0000 0.0000
vn 0.0000 1.0000 0.0000
vn 0.0000 1.0000 0.0000
vn 0.0000 1.0000 0.0000
vn 0.0000 1.0000 0.0000
vn 0.0000 1.0000 0.0000
vn 0.0000 1.0000 0.0000
vn 0.0000 1.0000 0.0000
vn 0.0000 1.0000 0.0000
vn 0.0000 1.0000 0.0000
vn 0.0000 1.0000 0.0000
vn 0.0000 1.0000 0.0000
vn 0.0000 1.0000 0.0000
vn 0.0000 1.0000 0.0000
vn 0.0000 1.0000 0.0000
vn 0.0000 1.0000 0.0000
vn 0.0000 1.0000 0.0000
vn 0.0000 1.0000 0.0000
vn 0.0000 1.0000 0.0000
vn 0.0000 1.0000 0.0000
vn 0.0000 1.0000 0.0000
vn 0.0000 1.0000 0.0000
vn 0.0000 1.0000 0.0000
vn 0.0000 1.0000 0.0000
vn 0.0000 1.0000 0.0000
vn 0.0000 1.0000 0.0000
vn 0.0000 1.0000 0.0000
vn 0.0000 1.0000 0.0000
vn 0.0000 1.0000 0.0000
vn 0.0000 1.0000 0.0000
vn 0.0000 1.0000 0.0000
vn 0.0000 1.0000 0.0000
vn 0.0000 1.0000 0.0000
vn 0.0000 1.0000 0.0000
vn 0.0000 1.0000 0.0000
vn 0.0000 1.0000 0.0000
vn 0.0000 1.0000 0.0000
vn 0.0000 1.0000 0.0000
vn 0.0000 1.0000 0.0000
vn 0.0000 1.0000 0.0000
vn 0.0000 1.0000 0.0000
vn 0.0000 1.0000 0.0000
vn 0.0000 1.0000 0.0000
vn 0.0000 1.0000 0.0000
vn 0.0000 1.0000 0.0000
vn 0.0000 1.0000 0.0000
vn 0.0000 1.0000 0.0000
vn 0.0000 1.0000 0.0000
vn 0.0000 1.0000 0.0000
vn 0.0000 1.0000 0.0000
vn 0.0000 1.0000 0.0000
vn 0.0000 1.0000 0.0000
vn 0.0000 1.0000 0.0000
vn 0.0000 1.0000 0.0000
vn 0.0000 1.0000 0.0000
vn 0.0000 1.0000 0.0000
vn 0.0000 1.0000 0.0000
vn 0.0000 1.0000 0.0000
vn 0.0000 1.0000 0.0000
vn 0.0000 1.0000 0.0000
vn 0.0000 1.0000 0.0000
vn 0.0000 1.0000 0.0000
vn 0.0000 1.0000 0.0000
vn 0.0000 1.0000 0.0000
vn 0.0000 1.0000 0.0000
vn 0.0000 1.0000 0.0000
vn 0.0000 1.0000 0.0000
vn 0.0000 1.0000 0.0000
vn 0.0000 1.0000 0.0000
vn 0.0000 1.0000 0.0000
vn 0.0000 1.0000 0.0000
vn 0.0000 1.0000 0.0000
vn 0.0000 1.0000 0.0000
vn 0.0000 1.0000 0.0000
vn 0.0000 1.0000 0.0000
vn 0.0000 1.0000 0.0000
vn 0.0000 1.0000 0.0000
vn 0.0000 1.0000 0.0000
vn 0.0000 1.0000 0.0000
vn 0.0000 1.0000 0.0000
vn 0.0000 1.0000 0.0000
vn 0.0000 1.0000 0.0000
vn 0.0000 1.0000 0.0000
vn 0.0000 1.0000 0.0000
vn 0.0000 1.0000 0.0000
vn 0.0000 1.0000 0.0000
vn 0.0000 1.0000 0.0000
vn 0.0000 1.0000 0.0000
vn 0.0000 1.0000 0.0000
vn 0.0000 1.0000 0.0000
vn 0.0000 1.0000 0.0000
vn 0.0000 1.0000 0.0000
vn 0.0000 1.0000 0.0000
vn 0.0000 1.0000 0.0000
vn 0.0000 1.0000 0.0000
vn 0.0000 1.0000 0.0000
vn 0.0000 1.0000 0.0000
vn 0.0000 1.0000 0.0000
vn 0.0000 1.0000 0.0000
vn 0.0000 1.0000 0.0000
vn 0.0000 1.0000 0.0000
vn 0.0000 1.0000 0.0000
vn 0.0000 1.0000 0.0000
vn 0.0000 1.0000 0.0000
vn 0.0000 1.0000 0.0000
vn 0.0000 1.0000 0.0000
vn 0.0000 1.0000 0.0000
vn 0.0000 1.0000 0.0000
vn 0.0000 1.0000 0.0000
vn 0.0000 1.0000 0.0000
vn 0.0000 1.0000 0.0000
vn 0.0000 1.0000 0.0000
vn 0.0000 1.0000 0.0000
vn 0.0000 1.0000 0.0000
vn 0.0000 1.0000 0.0000
vn 0.0000 1.0000 0.0000
vn 0.0000 1.0000 0.0000
vn 0.0000 1.0000 0.0000
vn 0.0000 1.0000 0.0000
vn 0.0000 1.0000 0.0000
vn 0.0000 1.0000 0.0000
vn 0.0000 1.0000 0.0000
vn 0.0000 1.0000 0.0000
vn 0.0000 1.0000 0.0000
vn 0.0000 1.0000 0.0000
vn 0.0000 1.0000 0.0000
vn 0.0000 1.0000 0.0000
vn 0.0000 1.0000 0.0000
vn 0.0000 1.0000 0.0000
vn 0.0000 1.0000 0.0000
vn 0.0000 1.0000 0.0000
vn 0.0000 1.0000 0.0000
vn 0.0000 1.0000 0.0000
vn 0.0000 1.0000 0.0000
vn 0.0000 1.0000 0.0000
vn 0.0000 1.0000 0.0000
vn 0.0000 1.0000 0.0000
vn 0.0000 1.0000 0.0000
vn 0.0000 1.0000 0.0000
vn 0.0000 1.0000 0.0000
vn 0.0000 1.0000 0.0000
vn 0.0000 1.0000 0.0000
vn 0.0000 1.0000 0.0000
vn 0.0000 1.0000 0.0000
vn 0.0000 1.0000 0.0000
vn 0.0000 1.0000 0.0000
vn 0.0000 1.0000 0.0000
vn 0.0000 1.0000 0.0000
vn 0.0000 1.0000 0.0000
vn 0.0000 1.0000 0.0000
vn 0.0000 1.0000 0.0000
vn 0.0000 1.0000 0.0000
vn 0.0000 1.0000 0.0000
vn 0.0000 1.0000 0.0000
vn 0.0000 1.0000 0.0000
vn 0.0000 1.0000 0.0000
vn 0.0000 1.0000 0.0000
vn 0.0000 1.0000 0.0000
vn 0.0000 1.0000 0.0000
vn 0.0000 1.0000 0.0000
vn 0.0000 1.0000 0.0000
vn 0.0000 1.0000 0.0000
vn 0.0000 1.0000 0.0000
vn 0.0000 1.0000 0.0000
vn 0.0000 1.0000 0.0000
vn 0.0000 1.0000 0.0000
vn 0.0000 1.0000 0.0000
vn 0.0000 1.0000 0.0000
vn 0.0000 1.0000 0.0000
vn 0.0000 1.0000 0.0000
vn 0.0000 1.0000 0.0000
vn 0.0000 1.0000 0.0000
vn 0.0000 1.0000 0.0000
vn 0.0000 1.0000 0.0000
vn 0.0000 1.0000 0.0000
vn 0.0000 1.0000 0.0000
vn 0.0000 1.0000 0.0000
vn 0.0000 1.0000 0.0000
vn 0.0000 1.0000 0.0000
vn 0.0000 1.0000 0.0000
vn 0.0000 1.0000 0.0000
vn 0.0000 1.0000 0.0000
vn 0.0000 1.0000 0.0000
vn 0.0000 1.0000 0.0000
vn 0.0000 1.0000 0.0000
vn 0.0000 1.0000 0.0000
vn 0.0000 1.0000 0.0000
vn 0.0000 1.0000 0.0000
vn 0.0000 1.0000 0.0000
vn 0.0000 1.0000 0.0000
vn 0.0000 1.0000 0.0000
vn 0.0000 1.0000 0.0000
vn 0.0000 1.0000 0.0000
vn 0.0000 1.0000 0.0000
vn 0.0000 1.0000 0.0000
vn 0.0000 1.0000 0.0000
vn 0.0000 1.0000 0.0000
vn 0.0000 1.0000 0.0000
vn 0.0000 1.0000 0.0000
vn 0.0000 1.0000 0.0000
vn 0.0000 1.0000 0.0000
vn 0.0000 1.0000 0.0000
vn 0.0000 1.0000 0.0000
vn 0.0000 1.0000 0.0000
vn 0.0000 1.0000 0.0000
vn 0.0000 1.0000 0.0000
vn 0.0000 1.0000 0.0000
vn 0.0000 1.0000 0.0000
vn 0.0000 1.0000 0.0000
vn 0.0000 1.0000 0.0000
vn 0.0000 1.0000 0.0000
vn 0.0000 1.0000 0.0000
vn 0.0000 1.0000 0.0000
vn 0.0000 1.0000 0.0000
vn 0.0000 1.0000 0.0000
vn 0.0000 1.0000 0.0000
vn 0.0000 1.0000 0.0000
vn 0.0000 1.0000 0.0000
vn 0.0000 1.0000 0.0000
vn 0.0000 1.0000 0.0000
vn 0.0000 1.0000 0.0000
vn 0.0000 1.0000 0.0000
vn 0.0000 1.0000 0.0000
vn 0.0000 1.0000 0.0000
vn 0.0000 1.0000 0.0000
vn 0.0000 1.0000 0.0000
vn 0.0000 1.0000 0.0000
vn 0.0000 1.0000 0.0000
vn 0.0000 1.0000 0.0000
vn 0.0000 1.0000 0.0000
vn 0.0000 1.0000 0.0000
vn 0.0000 1.0000 0.0000
vn 0.0000 1.0000 0.0000
vn 0.0000 1.0000 0.0000
vn 0.0000 1.0000 0.0000
vn 0.0000 1.0000 0.0000
vn 0.0000 1.0000 0.0000
vn 0.0000 1.0000 0.0000
vn 0.0000 1.0000 0.0000
vn 0.0000 1.0000 0.0000
vn 0.0000 1.0000 0.0000
vn 0.0000 1.0000 0.0000
vn 0.0000 1.0000 0.0000
vn 0.0000 1.0000 0.0000
vn 0.0000 1.0000 0.0000
vn 0.0000 1.0000 0.0000
vn 0.0000 1.0000 0.0000
vn 0.0000 1.0000 0.0000
vn 0.0000 1.0000 0.0000
vn 0.0000 1.0000 0.0000
vn 0.0000 1.0000 0.0000
vn 0.0000 1.0000 0.0000
vn 0.0000 1.0000 0.0000
vn 0.0000 1.0000 0.0000
vn 0.0000 1.0000 0.0000
vn 0.0000 1.0000 0.0000
vn 0.0000 1.0000 0.0000
vn 0.0000 1.0000 0.0000
vn 0.0000 1.0000 0.0000
vn 0.0000 1.0000 0.0000
vn 0.0000 1.0000 0.0000
vn 0.0000 1.0000 0.0000
vn 0.0000 1.0000 0.0000
vn 0.0000 1.0000 0.0000
vn 0.0000 1.0000 0.0000
vn 0.0000 1.0000 0.0000
vn 0.0000 1.0000 0.0000
vn 0.0000 1.0000 0.0000
vn 0.0000 1.0000 0.0000
vn 0.0000 1.0000 0.0000
vn 0.0000 1.0000 0.0000
vn 0.0000 1.0000 0.0000
vn 0.0000 1.0000 0.0000
vn 0.0000 1.0000 0.0000
vn 0.0000 1.0000 0.0000
vn 0.0000 1.0000 0.0000
vn 0.0000 1.0000 0.0000
vn 0.0000 1.0000 0.0000
vn 0.0000 1.0000 0.0000
vn 0.0000 1.0000 0.0000
vn 0.0000 1.0000 0.0000
vn 0.0000 1.0000 0.0000
vn 0.0000 1.0000 0.0000
vn 0.0000 1.0000 0.0000
vn 0.0000 1.0000 0.0000
vn 0.0000 1.0000 0.0000
vn 0.0000 1.0000 0.0000
vn 0.0000 1.0000 0.0000
vn 0.0000 1.0000 0.0000
vn 0.0000 1.0000 0.0000
vn 0.0000 1.0000 0.0000
vn 0.0000 1.0000 0.0000
vn 0.0000 1.0000 0.0000
vn 0.0000 1.0000 0.0000
vn 0.0000 1.0000 0.0000
vn 0.0000 1.0000 0.0000
vn 0.0000 1.0000 0.0000
vn 0.0000 1.0000 0.0000
vn 0.0000 1.0000 0.0000
vn 0.0000 1.0000 0.0000
vn 0.0000 1.0000 0.0000
vn 0.0000 1.0000 0.0000
vn 0.0000 1.0000 0.0000
vn 0.0000 1.0000 0.0000
vn 0.0000 1.0000 0.0000
vn 0.0000 1.0000 0.0000
vn 0.0000 1.0000 0.0000
vn 0.0000 1.0000 0.0000
vn 0.0000 1.0000 0.0000
vn 0.0000 1.0000 0.0000
vn 0.0000 1.0000 0.0000
vn 0.0000 1.0000 0.0000
vn 0.0000 1.0000 0.0000
vn 0.0000 1.0000 0.0000
vn 0.0000 1.0000 0.0000
vn 0.0000 1.0000 0.0000
vn 0.0000 1.0000 0.0000
vn 0.0000 1.0000 0.0000
vn 0.0000 1.0000 0.0000
vn 0.0000 1.0000 0.0000
vn 0.0000 1.0000 0.0000
vn 0.0000 1.0000 0.0000
vn 0.0000 1.0000 0.0000
vn 0.0000 1.0000 0.0000
vn 0.0000 1.0000 0.0000
vn 0.0000 1.0000 0.0000
vn 0.0000 1.0000 0.0000
vn 0.0000 1.0000 0.0000
vn 0.0000 1.0000 0.0000
vn 0.0000 1.0000 0.0000
vn 0.0000 1.0000 0.0000
vn 0.0000 1.0000 0.0000
vn 0.0000 1.0000 0.0000
vn 0.0000 1.0000 0.0000
vn 0.0000 1.0000 0.0000
vn 0.0000 1.0000 0.0000
vn 0.0000 1.0000 0.0000
vn 0.0000 1.0000 0.0000
vn 0.0000 1.0000 0.0000
vn 0.0000 1.0000 0.0000
vn 0.0000 1.0000 0.0000
vn 0.0000 1.0000 0.0000
vn 0.0000 1.0000 0.0000
vn 0.0000 1.0000 0.0000
vn 0.0000 1.0000 0.0000
vn 0.0000 1.0000 0.0000
vn 0.0000 1.0000 0.0000
vn 0.0000 1.0000 0.0000
vn 0.0000 1.0000 0.0000
vn 0.0000 1.0000 0.0000
vn 0.0000 1.0000 0.0000
vn 0.0000 1.0000 0.0000
vn 0.0000 1.0000 0.0000
vn 0.0000 1.0000 0.0000
vn 0.0000 1.0000 0.0000
vn 0.0000 1.0000 0.0000
vn 0.0000 1.0000 0.0000
vn 0.0000 1.0000 0.0000
vn 0.0000 1.0000 0.0000
vn 0.0000 1.0000 0.0000
vn 0.0000 1.0000 0.0000
vn 0.0000 1.0000 0.0000
vn 0.0000 1.0000 0.0000
vn 0.0000 1.0000 0.0000
vn 0.0000 1.0000 0.0000
vn 0.0000 1.0000 0.0000
vn 0.0000 1.0000 0.0000
vn 0.0000 1.0000 0.0000
vn 0.0000 1.0000 0.0000
vn 0.0000 1.0000 0.0000
vn 0.0000 1.0000 0.0000
vn 0.0000 1.0000 0.0000
vn 0.0000 1.0000 0.0000
vn 0.0000 1.0000 0.0000
vn 0.0000 1.0000 0.0000
vn 0.0000 1.0000 0.0000
vn 0.0000 1.0000 0.0000
vn 0.0000 1.0000 0.0000
vn 0.0000 1.0000 0.0000
vn 0.0000 1.0000 0.0000
vn 0.0000 1.0000 0.0000
vn 0.0000 1.0000 0.0000
vn 0.0000 1.0000 0.0000
vn 0.0000 1.0000 0.0000
vn 0.0000 1.0000 0.0000
vn 0.0000 1.0000 0.0000
vn 0.0000 1.0000 0.0000
vn 0.0000 1.0000 0.0000
vn 0.0000 1.0000 0.0000
vn 0.0000 1.0000 0.0000
vn 0.0000 1.0000 0.0000
vn 0.0000 1.0000 0.0000
vn 0.0000 1.0000 0.0000
vn 0.0000 1.0000 0.0000
vn 0.0000 1.0000 0.0000
vn 0.0000 1.0000 0.0000
vn 0.0000 1.0000 0.0000
vn 0.0000 1.0000 0.0000
vn 0.0000 1.0000 0.0000
vn 0.0000 1.0000 0.0000
vn 0.0000 1.0000 0.0000
vn 0.0000 1.0000 0.0000
vn 0.0000 1.0000 0.0000
vn 0.0000 1.0000 0.0000
vn 0.0000 1.0000 0.0000
vn 0.0000 1.0000 0.0000
vn 0.0000 1.0000 0.0000
vn 0.0000 1.0000 0.0000
vn 0.0000 1.0000 0.0000
vn 0.0000 1.0000 0.0000
vn 0.0000 1.0000 0.0000
vn 0.0000 1.0000 0.0000
vn 0.0000 1.0000 0.0000
vn 0.0000 1.0000 0.0000
vn 0.0000 1.0000 0.0000
vn 0.0000 1.0000 0.0000
vn 0.0000 1.0000 0.0000
vn 0.0000 1.0000 0.0000
vn 0.0000 1.0000 0.0000
vn 0.0000 1.0000 0.0000
vn 0.0000 1.0000 0.0000
vn 0.0000 1.0000 0.0000
vn 0.0000 1.0000 0.0000
vn 0.0000 1.0000 0.0000
vn 0.0000 1.0000 0.0000
vn 0.0000 1.0000 0.0000
vn 0.0000 1.0000 0.0000
vn 0.0000 1.0000 0.0000
vn 0.0000 1.0000 0.0000
vn 0.0000 1.0000 0.0000
vn 0.0000 1.0000 0.0000
vn 0.0000 1.0000 0.0000
vn 0.0000 1.0000 0.0000
vn 0.0000 1.0000 0.0000
vn 0.0000 1.0000 0.0000
vn 0.0000 1.0000 0.0000
vn 0.0000 1.0000 0.0000
vn 0.0000 1.0000 0.0000
vn 0.0000 1.0000 0.0000
vn 0.0000 1.0000 0.0000
vn 0.0000 1.0000 0.0000
vn 0.0000 1.0000 0.0000
vn 0.0000 1.0000 0.0000
vn 0.0000 1.0000 0.0000
vn 0.0000 1.0000 0.0000
vn 0.0000 1.0000 0.0000
vn 0.0000 1.0000 0.0000
vn 0.0000 1.0000 0.0000
vn 0.0000 1.0000 0.0000
vn 0.0000 1.0000 0.0000
vn 0.0000 1.0000 0.0000
vn 0.0000 1.0000 0.0000
vn 0.0000 1.0000 0.0000
vn 0.0000 1.0000 0.0000
vn 0.0000 1.0000 0.0000
vn 0.0000 1.0000 0.0000
vn 0.0000 1.0000 0.0000
vn 0.0000 1.0000 0.0000
vn 0.0000 1.0000 0.0000
vn 0.0000 1.0000 0.0000
vn 0.0000 1.0000 0.0000
vn 0.0000 1.0000 0.0000
vn 0.0000 1.0000 0.0000
vn 0.0000 1.0000 0.0000
vn 0.0000 1.0000 0.0000
vn 0.0000 1.0000 0.0000
vn 0.0000 1.0000 0.0000
vn 0.0000 1.0000 0.0000
vn 0.0000 1.0000 0.0000
vn 0.0000 1.0000 0.0000
vn 0.0000 1.0000 0.0000
vn 0.0000 1.0000 0.0000
vn 0.0000 1.0000 0.0000
vn 0.0000 1.0000 0.0000
vn 0.0000 1.0000 0.0000
vn 0.0000 1.0000 0.0000
vn 0.0000 1.0000 0.0000
vn 0.0000 1.0000 0.0000
vn 0.0000 1.0000 0.0000
vn 0.0000 1.0000 0.0000
vn 0.0000 1.0000 0.0000
vn 0.0000 1.0000 0.0000
vn 0.0000 1.0000 0.0000
vn 0.0000 1.0000 0.0000
vn 0.0000 1.0000 0.0000
vn 0.0000 1.0000 0.0000
vn 0.0000 1.0000 0.0000
vn 0.0000 1.0000 0.0000
vn 0.0000 1.0000 0.0000
vn 0.0000 1.0000 0.0000
vn 0.0000 1.0000 0.0000
vn 0.0000 1.0000 0.0000
vn 0.0000 1.0000 0.0000
vn 0.0000 1.0000 0.0000
vn 0.0000 1.0000 0.0000
vn 0.0000 1.0000 0.0000
vn 0.0000 1.0000 0.0000
vn 0.0000 1.0000 0.0000
vn 0.0000 1.0000 0.0000
vn 0.0000 1.0000 0.0000
vn 0.0000 1.0000 0.0000
vn 0.0000 1.0000 0.0000
vn 0.0000 1.0000 0.0000
vn 0.0000 1.0000 0.0000
vn 0.0000 1.0000 0.0000
vn 0.0000 1.0000 0.0000
vn 0.0000 1.0000 0.0000
vn 0.0000 1.0000 0.0000
vn 0.0000 1.0000 0.0000
vn 0.0000 1.0000 0.0000
vn 0.0000 1.0000 0.0000
vn 0.0000 1.0000 0.0000
vn 0.0000 1.0000 0.0000
vn 0.0000 1.0000 0.0000
vn 0.0000 1.0000 0.0000
vn 0.0000 1.0000 0.0000
vn 0.0000 1.0000 0.0000
vn 0.0000 1.0000 0.0000
vn 0.0000 1.0000 0.0000
vn 0.0000 1.0000 0.0000
vn 0.0000 1.0000 0.0000
vn 0.0000 1.0000 0.0000
vn 0.0000 1.0000 0.0000
vn 0.0000 1.0000 0.0000
vn 0.0000 1.0000 0.0000
vn 0.0000 1.0000 0.0000
vn 0.0000 1.0000 0.0000
vn 0.0000 1.0000 0.0000
vn 0.0000 1.0000 0.0000
vn 0.0000 1.0000 0.0000
vn 0.0000 1.0000 0.0000
vn 0.0000 1.0000 0.0000
vn 0.0000 1.0000 0.0000
vn 0.0000 1.0000 0.0000
vn 0.0000 1.0000 0.0000
vn 0.0000 1.0000 0.0000
vn 0.0000 1.0000 0.0000
vn 0.0000 1.0000 0.0000
vn 0.0000 1.0000 0.0000
vn 0.0000 1.0000 0.0000
vn 0.0000 1.0000 0.0000
vn 0.0000 1.0000 0.0000
vn 0.0000 1.0000 0.0000
vn 0.0000 1.0000 0.0000
vn 0.0000 1.0000 0.0000
vn 0.0000 1.0000 0.0000
vn 0.0000 1.0000 0.0000
vn 0.0000 1.0000 0.0000
vn 0.0000 1.0000 0.0000
vn 0.0000 1.0000 0.0000
vn 0.0000 1.0000 0.0000
vn 0.0000 1.0000 0.0000
vn 0.0000 1.0000 0.0000
vn 0.0000 1.0000 0.0000
vn 0.0000 1.0000 0.0000
vn 0.0000 1.0000 0.0000
vn 0.0000 1.0000 0.0000
vn 0.0000 1.0000 0.0000
vn 0.0000 1.0000 0.0000
vn 0.0000 1.0000 0.0000
vn 0.0000 1.0000 0.0000
vn 0.0000 1.0000 0.0000
vn 0.0000 1.0000 0.0000
vn 0.0000 1.0000 0.0000
vn 0.0000 1.0000 0.0000
vn 0.0000 1.0000 0.0000
vn 0.0000 1.0000 0.0000
vn 0.0000 1.0000 0.0000
vn 0.0000 1.0000 0.0000
vn 0.0000 1.0000 0.0000
vn 0.0000 1.0000 0.0000
vn 0.0000 1.0000 0.0000
vn 0.0000 1.0000 0.0000
vn 0.0000 1.0000 0.0000
vn 0.0000 1.0000 0.0000
vn 0.0000 1.0000 0.0000
vn 0.0000 1.0000 0.0000
vn 0.0000 1.0000 0.0000
vn 0.0000 1.0000 0.0000
vn 0.0000 1.0000 0.0000
vn 0.0000 1.0000 0.0000
vn 0.0000 1.0000 0.0000
vn 0.0000 1.0000 0.0000
vn 0.0000 1.0000 0.0000
vn 0.0000 1.0000 0.0000
vn 0.0000 1.0000 0.0000
vn 0.0000 1.0000 0.0000
vn 0.0000 1.0000 0.0000
vn 0.0000 1.0000 0.0000
vn 0.0000 1.0000 0.0000
vn 0.0000 1.0000 0.0000
vn 0.0000 1.0000 0.0000
vn 0.0000 1.0000 0.0000
vn 0.0000 1.0000 0.0000
vn 0.0000 1.0000 0.0000
vn 0.0000 1.0000 0.0000
vn 0.0000 1.0000 0.0000
vn 0.0000 1.0000 0.0000
vn 0.0000 1.0000 0.0000
vn 0.0000 1.0000 0.0000
vn 0.0000 1.0000 0.0000
vn 0.0000 1.0000 0.0000
vn 0.0000 1.0000 0.0000
vn 0.0000 1.0000 0.0000
vn 0.0000 1.0000 0.0000
vn 0.0000 1.0000 0.0000
vn 0.0000 1.0000 0.0000
vn 0.0000 1.0000 0.0000
vn 0.0000 1.0000 0.0000
vn 0.0000 1.0000 0.0000
vn 0.0000 1.0000 0.0000
vn 0.0000 1.0000 0.0000
vn 0.0000 1.0000 0.0000
vn 0.0000 1.0000 0.0000
vn 0.0000 1.0000 0.0000
vn 0.0000 1.0000 0.0000
vn 0.0000 1.0000 0.0000
vn 0.0000 1.0000 0.0000
vn 0.0000 1.0000 0.0000
vn 0.0000 1.0000 0.0000
vn 0.0000 1.0000 0.0000
vn 0.0000 1.0000 0.0000
vn 0.0000 1.0000 0.0000
vn 0.0000 1.0000 0.0000
vn 0.0000 1.0000 0.0000
vn 0.0000 1.0000 0.0000
vn 0.0000 1.0000 0.0000
vn 0.0000 1.0000 0.0000
vn 0.0000 1.0000 0.0000
vn 0.0000 1.0000 0.0000
vn 0.0000 1.0000 0.0000
vn 0.0000 1.0000 0.0000
vn 0.0000 1.0000 0.0000
vn 0.0000 1.0000 0.0000
vn 0.0000 1.0000 0.0000
vn 0.0000 1.0000 0.0000
vn 0.0000 1.0000 0.0000
vn 0.0000 1.0000 0.0000
vn 0.0000 1.0000 0.0000
vn 0.0000 1.0000 0.0000
vn 0.0000 1.0000 0.0000
vn 0.0000 1.0000 0.0000
vn 0.0000 1.0000 0.0000
vn 0.0000 1.0000 0.0000
vn 0.0000 1.0000 0.0000
vn 0.0000 1.0000 0.0000
vn 0.0000 1.0000 0.0000
vn 0.0000 1.0000 0.0000
vn 0.0000 1.0000 0.0000
vn 0.0000 1.0000 0.0000
vn 0.0000 1.0000 0.0000
vn 0.0000 1.0000 0.0000
vn 0.0000 1.0000 0.0000
vn 0.0000 1.0000 0.0000
vn 0.0000 1.0000 0.0000
vn 0.0000 1.0000 0.0000
vn 0.0000 1.0000 0.0000
vn 0.0000 1.0000 0.0000
vn 0.0000 1.0000 0.0000
vn 0.0000 1.0000 0.0000
vn 0.0000 1.0000 0.0000
vn 0.0000 1.0000 0.0000
vn 0.0000 1.0000 0.0000
vn 0.0000 1.0000 0.0000
vn 0.0000 1.0000 0.0000
vn 0.0000 1.0000 0.0000
vn 0.0000 1.0000 0.0000
vn 0.0000 1.0000 0.0000
vn 0.0000 1.0000 0.0000
vn 0.0000 1.0000 0.0000
vn 0.0000 1.0000 0.0000
vn 0.0000 1.0000 0.0000
vn 0.0000 1.0000 0.0000
vn 0.0000 1.0000 0.0000
vn 0.0000 1.0000 0.0000
vn 0.0000 1.0000 0.0000
vn 0.0000 1.0000 0.0000
vn 0.0000 1.0000 0.0000
vn 0.0000 1.0000 0.0000
vn 0.0000 1.0000 0.0000
vn 0.0000 1.0000 0.0000
vn 0.0000 1.0000 0.0000
vn 0.0000 1.0000 0.0000
vn 0.0000 1.0000 0.0000
vn 0.0000 1.0000 0.0000
vn 0.0000 1.0000 0.0000
vn 0.0000 1.0000 0.0000
vn 0.0000 1.0000 0.0000
vn 0.0000 1.0000 0.0000
vn 0.0000 1.0000 0.0000
vn 0.0000 1.0000 0.0000
vn 0.0000 1.0000 0.0000
vn 0.0000 1.0000 0.0000
vn 0.0000 1.0000 0.0000
vn 0.0000 1.0000 0.0000
vn 0.0000 1.0000 0.0000
vn 0.0000 1.0000 0.0000
vn 0.0000 1.0000 0.0000
vn 0.0000 1.0000 0.0000
vn 0.0000 1.0000 0.0000
vn 0.0000 1.0000 0.0000
vn 0.0000 1.0000 0.0000
vn 0.0000 1.0000 0.0000
vn 0.0000 1.0000 0.0000
vn 0.0000 1.0000 0.0000
vn 0.0000 1.0000 0.0000
vn 0.0000 1.0000 0.0000
vn 0.0000 1.0000 0.0000
vn 0.0000 1.0000 0.0000
vn 0.0000 1.0000 0.0000
vn 0.0000 1.0000 0.0000
vn 0.0000 1.0000 0.0000
vn 0.0000 1.0000 0.0000
vn 0.0000 1.0000 0.0000
vn 0.0000 1.0000 0.0000
vn 0.0000 1.0000 0.0000
vn 0.0000 1.0000 0.0000
vn 0.0000 1.0000 0.0000
vn 0.0000 1.0000 0.0000
vn 0.0000 1.0000 0.0000
vn 0.0000 1.0000 0.0000
vn 0.0000 1.0000 0.0000
vn 0.0000 1.0000 0.0000
vn 0.0000 1.0000 0.0000
vn 0.0000 1.0000 0.0000
vn 0.0000 1.0000 0.0000
vn 0.0000 1.0000 0.0000
vn 0.0000 1.0000 0.0000
vn 0.0000 1.0000 0.0000
vn 0.0000 1.0000 0.0000
vn 0.0000 1.0000 0.0000
vn 0.0000 1.0000 0.0000
vn 0.0000 1.0000 0.0000
vn 0.0000 1.0000 0.0000
vn 0.0000 1.0000 0.0000
vn 0.0000 1.0000 0.0000
vn 0.0000 1.0000 0.0000
vn 0.0000 1.0000 0.0000
vn 0.0000 1.0000 0.0000
vn 0.0000 1.0000 0.0000
vn 0.0000 1.0000 0.0000
vn 0.0000 1.0000 0.0000
vn 0.0000 1.0000 0.0000
vn 0.0000 1.0000 0.0000
vn 0.0000 1.0000 0.0000
vn 0.0000 1.0000 0.0000
vn 0.0000 1.0000 0.0000
vn 0.0000 1.0000 0.0000
vn 0.0000 1.0000 0.0000
vn 0.0000 1.0000 0.0000
vn 0.0000 1.0000 0.0000
vn 0.0000 1.0000 0.0000
vn 0.0000 1.0000 0.0000
vn 0.0000 1.0000 0.0000
vn 0.0000 1.0000 0.0000
vn 0.0000 1.0000 0.0000
vn 0.0000 1.0000 0.0000
vn 0.0000 1.0000 0.0000
vn 0.0000 1.0000 0.0000
vn 0.0000 1.0000 0.0000
vn 0.0000 1.0000 0.0000
vn 0.0000 1.0000 0.0000
vn 0.0000 1.0000 0.0000
vn 0.0000 1.0000 0.0000
vn 0.0000 1.0000 0.0000
vn 0.0000 1.0000 0.0000
vn 0.0000 1.0000 0.0000
vn 0.0000 1.0000 0.0000
vn 0.0000 1.0000 0.0000
vn 0.0000 1.0000 0.0000
vn 0.0000 1.0000 0.0000
vn 0.0000 1.0000 0.0000
vn 0.0000 1.0000 0.0000
vn 0.0000 1.0000 0.0000
vn 0.0000 1.0000 0.0000
vn 0.0000 1.0000 0.0000
vn 0.0000 1.0000 0.0000
vn 0.0000 1.0000 0.0000
vn 0.0000 1.0000 0.0000
vn 0.0000 1.0000 0.0000
vn 0.0000 1.0000 0.0000
vn 0.0000 1.0000 0.0000
vn 0.0000 1.0000 0.0000
vn 0.0000 1.0000 0.0000
vn 0.0000 1.0000 0.0000
vn 0.0000 1.0000 0.0000
vn 0.0000 1.0000 0.0000
vn 0.0000 1.0000 0.0000
vn 0.0000 1.0000 0.0000
vn 0.0000 1.0000 0.0000
vn 0.0000 1.0000 0.0000
vn 0.0000 1.0000 0.0000
vn 0.0000 1.0000 0.0000
vn 0.0000 1.0000 0.0000
vn 0.0000 1.0000 0.0000
vn 0.0000 1.0000 0.0000
vn 0.0000 1.0000 0.0000
vn 0.0000 1.0000 0.0000
vn 0.0000 1.0000 0.0000
vn 0.0000 1.0000 0.0000
vn 0.0000 1.0000 0.0000
vn 0.0000 1.0000 0.0000
vn 0.0000 1.0000 0.0000
vn 0.0000 1.0000 0.0000
vn 0.0000 1.0000 0.0000
vn 0.0000 1.0000 0.0000
vn 0.0000 1.0000 0.0000
vn 0.0000 1.0000 0.0000
vn 0.0000 1.0000 0.0000
vn 0.0000 1.0000 0.0000
vn 0.0000 1.0000 0.0000
vn 0.0000 1.0000 0.0000
vn 0.0000 1.0000 0.0000
vn 0.0000 1.0000 0.0000
vn 0.0000 1.0000 0.0000
vn 0.0000 1.0000 0.0000
vn 0.0000 1.0000 0.0000
vn 0.0000 1.0000 0.0000
vn 0.0000 1.0000 0.0000
vn 0.0000 1.0000 0.0000
vn 0.0000 1.0000 0.0000
vn 0.0000 1.0000 0.0000
vn 0.0000 1.0000 0.0000
vn 0.0000 1.0000 0.0000
vn 0.0000 1.0000 0.0000
vn 0.0000 1.0000 0.0000
vn 0.0000 1.0000 0.0000
vn 0.0000 1.0000 0.0000
vn 0.0000 1.0000 0.0000
vn 0.0000 1.0000 0.0000
vn 0.0000 1.0000 0.0000
vn 0.0000 1.0000 0.0000
vn 0.0000 1.0000 0.0000
vn 0.0000 1.0000 0.0000
vn 0.0000 1.0000 0.0000
vn 0.0000 1.0000 0.0000
vn 0.0000 1.0000 0.0000
vn 0.0000 1.0000 0.0000
vn 0.0000 1.0000 0.0000
vn 0.0000 1.0000 0.0000
vn 0.0000 1.0000 0.0000
vn 0.0000 1.0000 0.0000
vn 0.0000 1.0000 0.0000
vn 0.0000 1.0000 0.0000
vn 0.0000 1.0000 0.0000
vn 0.0000 1.0000 0.0000
vn 0.0000 1.0000 0.0000
vn 0.0000 1.0000 0.0000
vn 0.0000 1.0000 0.0000
vn 0.0000 1.0000 0.0000
vn 0.0000 1.0000 0.0000
vn 0.0000 1.0000 0.0000
vn 0.0000 1.0000 0.0000
vn 0.0000 1.0000 0.0000
vn 0.0000 1.0000 0.0000
vn 0.0000 1.0000 0.0000
vn 0.0000 1.0000 0.0000
vn 0.0000 1.0000 0.0000
vn 0.0000 1.0000 0.0000
vn 0.0000 1.0000 0.0000
vn 0.0000 1.0000 0.0000
vn 0.0000 1.0000 0.0000
vn 0.0000 1.0000 0.0000
vn 0.0000 1.0000 0.0000
vn 0.0000 1.0000 0.0000
vn 0.0000 1.0000 0.0000
vn 0.0000 1.0000 0.0000
vn 0.0000 1.0000 0.0000
vn 0.0000 1.0000 0.0000
vn 0.0000 1.0000 0.0000
vn 0.0000 1.0000 0.0000
vn 0.0000 1.0000 0.0000
vn 0.0000 1.0000 0.0000
vn 0.0000 1.0000 0.0000
vn 0.0000 1.0000 0.0000
vn 0.0000 1.0000 0.0000
vn 0.0000 1.0000 0.0000
vn 0.0000 1.0000 0.0000
vn 0.0000 1.0000 0.0000
vn 0.0000 1.0000 0.0000
vn 0.0000 1.0000 0.0000
vn 0.0000 1.0000 0.0000
vn 0.0000 1.0000 0.0000
vn 0.0000 1.0000 0.0000
vn 0.0000 1.0000 0.0000
vn 0.0000 1.0000 0.0000
vn 0.0000 1.0000 0.0000
vn 0.0000 1.0000 0.0000
vn 0.0000 1.0000 0.0000
vn 0.0000 1.0000 0.0000
vn 0.0000 1.0000 0.0000
vn 0.0000 1.0000 0.0000
vn 0.0000 1.0000 0.0000
vn 0.0000 1.0000 0.0000
vn 0.0000 1.0000 0.0000
vn 0.0000 1.0000 0.0000
vn 0.0000 1.0000 0.0000
vn 0.0000 1.0000 0.0000
vn 0.0000 1.0000 0.0000
vn 0.0000 1.0000 0.0000
vn 0.0000 1.0000 0.0000
vn 0.0000 1.0000 0.0000
vn 0.0000 1.0000 0.0000
vn 0.0000 1.0000 0.0000
vn 0.0000 1.0000 0.0000
vn 0.0000 1.0000 0.0000
vn 0.0000 1.0000 0.0000
vn 0.0000 1.0000 0.0000
vn 0.0000 1.0000 0.0000
vn 0.0000 1.0000 0.0000
vn 0.0000 1.0000 0.0000
vn 0.0000 1.0000 0.0000
vn 0.0000 1.0000 0.0000
vn 0.0000 1.0000 0.0000
vn 0.0000 1.0000 0.0000
vn 0.0000 1.0000 0.0000
vn 0.0000 1.0000 0.0000
vn 0.0000 1.0000 0.0000
vn 0.0000 1.0000 0.0000
vn 0.0000 1.0000 0.0000
vn 0.0000 1.0000 0.0000
vn 0.0000 1.0000 0.0000
vn 0.0000 1.0000 0.0000
vn 0.0000 1.0000 0.0000
vn 0.0000 1.0000 0.0000
vn 0.0000 1.0000 0.0000
vn 0.0000 1.0000 0.0000
vn 0.0000 1.0000 0.0000
vn 0.0000 1.0000 0.0000
vn 0.0000 1.0000 0.0000
vn 0.0000 1.0000 0.0000
vn 0.0000 1.0000 0.0000
vn 0.0000 1.0000 0.0000
vn 0.0000 1.0000 0.0000
vn 0.0000 1.0000 0.0000
vn 0.0000 1.0000 0.0000
vn 0.0000 1.0000 0.0000
vn 0.0000 1.0000 0.0000
vn 0.0000 1.0000 0.0000
vn 0.0000 1.0000 0.0000
vn 0.0000 1.0000 0.0000
vn 0.0000 1.0000 0.0000
vn 0.0000 1.0000 0.0000
vn 0.0000 1.0000 0.0000
vn 0.0000 1.0000 0.0000
vn 0.0000 1.0000 0.0000
vn 0.0000 1.0000 0.0000
vn 0.0000 1.0000 0.0000
vn 0.0000 1.0000 0.0000
vn 0.0000 1.0000 0.0000
vn 0.0000 1.0000 0.0000
vn 0.0000 1.0000 0.0000
vn 0.0000 1.0000 0.0000
vn 0.0000 1.0000 0.0000
vn 0.0000 1.0000 0.0000
vn 0.0000 1.0000 0.0000
vn 0.0000 1.0000 0.0000
vn 0.0000 1.0000 0.0000
vn 0.0000 1.0000 0.0000
vn 0.0000 1.0000 0.0000
vn 0.0000 1.0000 0.0000
vn 0.0000 1.0000 0.0000
vn 0.0000 1.0000 0.0000
vn 0.0000 1.0000 0.0000
vn 0.0000 1.0000 0.0000
vn 0.0000 1.0000 0.0000
vn 0.0000 1.0000 0.0000
vn 0.0000 1.0000 0.0000
vn 0.0000 1.0000 0.0000
vn 0.0000 1.0000 0.0000
vn 0.0000 1.0000 0.0000
vn 0.0000 1.0000 0.0000
vn 0.0000 1.0000 0.0000
vn 0.0000 1.0000 0.0000
vn 0.0000 1.0000 0.0000
vn 0.0000 1.0000 0.0000
vn 0.0000 1.0000 0.0000
vn 0.0000 1.0000 0.0000
vn 0.0000 1.0000 0.0000
vn 0.0000 1.0000 0.0000
vn 0.0000 1.0000 0.0000
vn 0.0000 1.0000 0.0000
vn 0.0000 1.0000 0.0000
vn 0.0000 1.0000 0.0000
vn 0.0000 1.0000 0.0000
vn 0.0000 1.0000 0.0000
vn 0.0000 1.0000 0.0000
vn 0.0000 1.0000 0.0000
vn 0.0000 1.0000 0.0000
vn 0.0000 1.0000 0.0000
vn 0.0000 1.0000 0.0000
vn 0.0000 1.0000 0.0000
vn 0.0000 1.0000 0.0000
vn 0.0000 1.0000 0.0000
vn 0.0000 1.0000 0.0000
vn 0.0000 1.0000 0.0000
vn 0.0000 1.0000 0.0000
vn 0.0000 1.0000 0.0000
vn 0.0000 1.0000 0.0000
vn 0.0000 1.0000 0.0000
vn 0.0000 1.0000 0.0000
vn 0.0000 1.0000 0.0000
vn 0.0000 1.0000 0.0000
vn 0.0000 1.0000 0.0000
vn 0.0000 1.0000 0.0000
vn 0.0000 1.0000 0.0000
vn 0.0000 1.0000 0.0000
vn 0.0000 1.0000 0.0000
vn 0.0000 1.0000 0.0000
vn 0.0000 1.0000 0.0000
vn 0.0000 1.0000 0.0000
vn 0.0000 1.0000 0.0000
vn 0.0000 1.0000 0.0000
vn 0.0000 1.0000 0.0000
vn 0.0000 1.0000 0.0000
vn 0.0000 1.0000 0.0000
vn 0.0000 1.0000 0.0000
vn 0.0000 1.0000 0.0000
vn 0.0000 1.0000 0.0000
vn 0.0000 1.0000 0.0000
vn 0.0000 1.0000 0.0000
vn 0.0000 1.0000 0.0000
vn 0.0000 1.0000 0.0000
vn 0.0000 1.0000 0.0000
vn 0.0000 1.0000 0.0000
vn 0.0000 1.0000 0.0000
vn 0.0000 1.0000 0.0000
vn 0.0000 1.0000 0.0000
vn 0.0000 1.0000 0.0000
vn 0.0000 1.0000 0.0000
vn 0.0000 1.0000 0.0000
vn 0.0000 1.0000 0.0000
vn 0.0000 1.0000 0.0000
vn 0.0000 1.0000 0.0000
vn 0.0000 1.0000 0.0000
vn 0.0000 1.0000 0.0000
vn 0.0000 1.0000 0.0000
vn 0.0000 1.0000 0.0000
vn 0.0000 1.0000 0.0000
vn 0.0000 1.0000 0.0000
vn 0.0000 1.0000 0.0000
vn 0.0000 1.0000 0.0000
vn 0.0000 1.0000 0.0000
vn 0.0000 1.0000 0.0000
vn 0.0000 1.0000 0.0000
vn 0.0000 1.0000 0.0000
vn 0.0000 1.0000 0.0000
vn 0.0000 1.0000 0.0000
vn 0.0000 1.0000 0.0000
vn 0.0000 1.0000 0.0000
vn 0.0000 1.0000 0.0000
vn 0.0000 1.0000 0.0000
vn 0.0000 1.0000 0.0000
vn 0.0000 1.0000 0.0000
vn 0.0000 1.0000 0.0000
vn 0.0000 1.0000 0.0000
vn 0.0000 1.0000 0.0000
vn 0.0000 1.0000 0.0000
vn 0.0000 1.0000 0.0000
vn 0.0000 1.0000 0.0000
vn 0.0000 1.0000 0.0000
vn 0.0000 1.0000 0.0000
vn 0.0000 1.0000 0.0000
vn 0.0000 1.0000 0.0000
vn 0.0000 1.0000 0.0000
vn 0.0000 1.0000 0.0000
vn 0.0000 1.0000 0.0000
vn 0.0000 1.0000 0.0000
vn 0.0000 1.0000 0.0000
vn 0.0000 1.0000 0.0000
vn 0.0000 1.0000 0.0000
vn 0.0000 1.0000 0.0000
vn 0.0000 1.0000 0.0000
vn 0.0000 1.0000 0.0000
vn 0.0000 1.0000 0.0000
vn 0.0000 1.0000 0.0000
vn 0.0000 1.0000 0.0000
vn 0.0000 1.0000 0.0000
vn 0.0000 1.0000 0.0000
vn 0.0000 1.0000 0.0000
vn 0.0000 1.0000 0.0000
vn 0.0000 1.0000 0.0000
vn 0.0000 1.0000 0.0000
vn 0.0000 1.0000 0.0000
vn 0.0000 1.0000 0.0000
vn 0.0000 1.0000 0.0000
vn 0.0000 1.0000 0.0000
vn 0.0000 1.0000 0.0000
vn 0.0000 1.0000 0.0000
vn 0.0000 1.0000 0.0000
vn 0.0000 1.0000 0.0000
vn 0.0000 1.0000 0.0000
vn 0.0000 1.0000 0.0000
vn 0.0000 1.0000 0.0000
vn 0.0000 1.0000 0.0000
vn 0.0000 1.0000 0.0000
vn 0.0000 1.0000 0.0000
vn 0.0000 1.0000 0.0000
vn 0.0000 1.0000 0.0000
vn 0.0000 1.0000 0.0000
vn 0.0000 1.0000 0.0000
vn 0.0000 1.0000 0.0000
vn 0.0000 1.0000 0.0000
vn 0.0000 1.0000 0.0000
vn 0.0000 1.0000 0.0000
vn 0.0000 1.0000 0.0000
vn 0.0000 1.0000 0.0000
vn 0.0000 1.0000 0.0000
vn 0.0000 1.0000 0.0000
vn 0.0000 1.0000 0.0000
vn 0.0000 1.0000 0.0000
vn 0.0000 1.0000 0.0000
vn 0.0000 1.0000 0.0000
vn 0.0000 1.0000 0.0000
vn 0.0000 1.0000 0.0000
vn 0.0000 1.0000 0.0000
vn 0.0000 1.0000 0.0000
vn 0.0000 1.0000 0.0000
vn 0.0000 1.0000 0.0000
vn 0.0000 1.0000 0.0000
vn 0.0000 1.0000 0.0000
vn 0.0000 1.0000 0.0000
vn 0.0000 1.0000 0.0000
vn 0.0000 1.0000 0.0000
vn 0.0000 1.0000 0.0000
vn 0.0000 1.0000 0.0000
vn 0.0000 1.0000 0.0000
vn 0.0000 1.0000 0.0000
vn 0.0000 1.0000 0.0000
vn 0.0000 1.0000 0.0000
vn 0.0000 1.0000 0.0000
vn 0.0000 1.0000 0.0000
vn 0.0000 1.0000 0.0000
vn 0.0000 1.0000 0.0000
vn 0.0000 1.0000 0.0000
vn 0.0000 1.0000 0.0000
vn 0.0000 1.0000 0.0000
vn 0.0000 1.0000 0.0000
vn 0.0000 1.0000 0.0000
vn 0.0000 1.0000 0.0000
vn 0.0000 1.0000 0.0000
vn 0.0000 1.0000 0.0000
vn 0.0000 1.0000 0.0000
vn 0.0000 1.0000 0.0000
vn 0.0000 1.0000 0.0000
vn 0.0000 1.0000 0.0000
vn 0.0000 1.0000 0.0000
vn 0.0000 1.0000 0.0000
vn 0.0000 1.0000 0.0000
vn 0.0000 1.0000 0.0000
vn 0.0000 1.0000 0.0000
vn 0.0000 1.0000 0.0000
vn 0.0000 1.0000 0.0000
vn 0.0000 1.0000 0.0000
vn 0.0000 1.0000 0.0000
vn 0.0000 1.0000 0.0000
vn 0.0000 1.0000 0.0000
vn 0.0000 1.0000 0.0000
vn 0.0000 1.0000 0.0000
vn 0.0000 1.0000 0.0000
vn 0.0000 1.0000 0.0000
vn 0.0000 1.0000 0.0000
vn 0.0000 1.0000 0.0000
vn 0.0000 1.0000 0.0000
vn 0.0000 1.0000 0.0000
vn 0.0000 1.0000 0.0000
vn 0.0000 1.0000 0.0000
vn 0.0000 1.0000 0.0000
vn 0.0000 1.0000 0.0000
vn 0.0000 1.0000 0.0000
vn 0.0000 1.0000 0.0000
vn 0.0000 1.0000 0.0000
vn 0.0000 1.0000 0.0000
vn 0.0000 1.0000 0.0000
vn 0.0000 1.0000 0.0000
vn 0.0000 1.0000 0.0000
vn 0.0000 1.0000 0.0000
vn 0.0000 1.0000 0.0000
vn 0.0000 1.0000 0.0000
vn 0.0000 1.0000 0.0000
vn 0.0000 1.0000 0.0000
vn 0.0000 1.0000 0.0000
vn 0.0000 1.0000 0.0000
vn 0.0000 1.0000 0.0000
vn 0.0000 1.0000 0.0000
vn 0.0000 1.0000 0.0000
vn 0.0000 1.0000 0.0000
vn 0.0000 1.0000 0.0000
vn 0.0000 1.0000 0.0000
vn 0.0000 1.0000 0.0000
vn 0.0000 1.0000 0.0000
vn 0.0000 1.0000 0.0000
vn 0.0000 1.0000 0.0000
vn 0.0000 1.0000 0.0000
vn 0.0000 1.0000 0.0000
vn 0.0000 1.0000 0.0000
vn 0.0000 1.0000 0.0000
vn 0.0000 1.0000 0.0000
vn 0.0000 1.0000 0.0000
vn 0.0000 1.0000 0.0000
vn 0.0000 1.0000 0.0000
vn 0.0000 1.0000 0.0000
vn 0.0000 1.0000 0.0000
vn 0.0000 1.0000 0.0000
vn 0.0000 1.0000 0.0000
vn 0.0000 1.0000 0.0000
vn 0.0000 1.0000 0.0000
vn 0.0000 1.0000 0.0000
vn 0.0000 1.0000 0.0000
vn 0.0000 1.0000 0.0000
vn 0.0000 1.0000 0.0000
vn 0.0000 1.0000 0.0000
vn 0.0000 1.0000 0.0000
vn 0.0000 1.0000 0.0000
vn 0.0000 1.0000 0.0000
vn 0.0000 1.0000 0.0000
vn 0.0000 1.0000 0.0000
vn 0.0000 1.0000 0.0000
vn 0.0000 1.0000 0.0000
vn 0.0000 1.0000 0.0000
vn 0.0000 1.0000 0.0000
vn 0.0000 1.0000 0.0000
vn 0.0000 1.0000 0.0000
vn 0.0000 1.0000 0.0000
vn 0.0000 1.0000 0.0000
vn 0.0000 1.0000 0.0000
vn 0.0000 1.0000 0.0000
vn 0.0000 1.0000 0.0000
vn 0.0000 1.0000 0.0000
vn 0.0000 1.0000 0.0000
vn 0.0000 1.0000 0.0000
vn 0.0000 1.0000 0.0000
vn 0.0000 1.0000 0.0000
vn 0.0000 1.0000 0.0000
vn 0.0000 1.0000 0.0000
vn 0.0000 1.0000 0.0000
vn 0.0000 1.0000 0.0000
vn 0.0000 1.0000 0.0000
vn 0.0000 1.0000 0.0000
vn 0.0000 1.0000 0.0000
vn 0.0000 1.0000 0.0000
vn 0.0000 1.0000 0.0000
vn 0.0000 1.0000 0.0000
vn 0.0000 1.0000 0.0000
vn 0.0000 1.0000 0.0000
vn 0.0000 1.0000 0.0000
vn 0.0000 1.0000 0.0000
vn 0.0000 1.0000 0.0000
vn 0.0000 1.0000 0.0000
vn 0.0000 1.0000 0.0000
vn 0.0000 1.0000 0.0000
vn 0.0000 1.0000 0.0000
vn 0.0000 1.0000 0.0000
vn 0.0000 1.0000 0.0000
vn 0.0000 1.0000 0.0000
vn 0.0000 1.0000 0.0000
vn 0.0000 1.0000 0.0000
vn 0.0000 1.0000 0.0000
vn 0.0000 1.0000 0.0000
vn 0.0000 1.0000 0.0000
vn 0.0000 1.0000 0.0000
vn 0.0000 1.0000 0.0000
vn 0.0000 1.0000 0.0000
vn 0.0000 1.0000 0.0000
vn 0.0000 1.0000 0.0000
vn 0.0000 1.0000 0.0000
vn 0.0000 1.0000 0.0000
vn 0.0000 1.0000 0.0000
vn 0.0000 1.0000 0.0000
vn 0.0000 1.0000 0.0000
vn 0.0000 1.0000 0.0000
vn 0.0000 1.0000 0.0000
vn 0.0000 1.0000 0.0000
vn 0.0000 1.0000 0.0000
vn 0.0000 1.0000 0.0000
vn 0.0000 1.0000 0.0000
vn 0.0000 1.0000 0.0000
vn 0.0000 1.0000 0.0000
vn 0.0000 1.0000 0.0000
vn 0.0000 1.0000 0.0000
vn 0.0000 1.0000 0.0000
vn 0.0000 1.0000 0.0000
vn 0.0000 1.0000 0.0000
vn 0.0000 1.0000 0.0000
vn 0.0000 1.0000 0.0000
vn 0.0000 1.0000 0.0000
vn 0.0000 1.0000 0.0000
vn 0.0000 1.0000 0.0000
vn 0.0000 1.0000 0.0000
vn 0.0000 1.0000 0.0000
vn 0.0000 1.0000 0.0000
vn 0.0000 1.0000 0.0000
vn 0.0000 1.0000 0.0000
vn 0.0000 1.0000 0.0000
vn 0.0000 1.0000 0.0000
vn 0.0000 1.0000 0.0000
vn 0.0000 1.0000 0.0000
vn 0.0000 1.0000 0.0000
vn 0.0000 1.0000 0.0000
vn 0.0000 1.0000 0.0000
vn 0.0000 1.0000 0.0000
vn 0.0000 1.0000 0.0000
vn 0.0000 1.0000 0.0000
vn 0.0000 1.0000 0.0000
vn 0.0000 1.0000 0.0000
vn 0.0000 1.0000 0.0000
vn 0.0000 1.0000 0.0000
vn 0.0000 1.0000 0.0000
vn 0.0000 1.0000 0.0000
vn 0.0000 1.0000 0.0000
vn 0.0000 1.0000 0.0000
vn 0.0000 1.0000 0.0000
vn 0.0000 1.0000 0.0000
vn 0.0000 1.0000 0.0000
vn 0.0000 1.0000 0.0000
vn 0.0000 1.0000 0.0000
vn 0.0000 1.0000 0.0000
vn 0.0000 1.0000 0.0000
vn 0.0000 1.0000 0.0000
vn 0.0000 1.0000 0.0000
vn 0.0000 1.0000 0.0000
vn 0.0000 1.0000 0.0000
vn 0.0000 1.0000 0.0000
vn 0.0000 1.0000 0.0000
vn 0.0000 1.0000 0.0000
vn 0.0000 1.0000 0.0000
vn 0.0000 1.0000 0.0000
vn 0.0000 1.0000 0.0000
vn 0.0000 1.0000 0.0000
vn 0.0000 1.0000 0.0000
vn 0.0000 1.0000 0.0000
vn 0.0000 1.0000 0.0000
vn 0.0000 1.0000 0.0000
vn 0.0000 1.0000 0.0000
vn 0.0000 1.0000 0.0000
vn 0.0000 1.0000 0.0000
vn 0.0000 1.0000 0.0000
vn 0.0000 1.0000 0.0000
vn 0.0000 1.0000 0.0000
vn 0.0000 1.0000 0.0000
vn 0.0000 1.0000 0.0000
vn 0.0000 1.0000 0.0000
vn 0.0000 1.0000 0.0000
vn 0.0000 1.0000 0.0000
vn 0.0000 1.0000 0.0000
vn 0.0000 1.0000 0.0000
vn 0.0000 1.0000 0.0000
vn 0.0000 1.0000 0.0000
vn 0.0000 1.0000 0.0000
vn 0.0000 1.0000 0.0000
vn 0.0000 1.0000 0.0000
vn 0.0000 1.0000 0.0000
vn 0.0000 1.0000 0.0000
vn 0.0000 1.0000 0.0000
vn 0.0000 1.0000 0.0000
vn 0.0000 1.0000 0.0000
vn 0.0000 1.0000 0.0000
vn 0.0000 1.0000 0.0000
vn 0.0000 1.0000 0.0000
vn 0.0000 1.0000 0.0000
vn 0.0000 1.0000 0.0000
vn 0.0000 1.0000 0.0000
vn 0.0000 1.0000 0.0000
vn 0.0000 1.0000 0.0000
vn 0.0000 1.0000 0.0000
vn 0.0000 1.0000 0.0000
vn 0.0000 1.0000 0.0000
vn 0.0000 1.0000 0.0000
vn 0.0000 1.0000 0.0000
vn 0.0000 1.0000 0.0000
vn 0.0000 1.0000 0.0000
vn 0.0000 1.0000 0.0000
vn 0.0000 1.0000 0.0000
vn 0.0000 1.0000 0.0000
vn 0.0000 1.0000 0.0000
vn 0.0000 1.0000 0.0000
vn 0.0000 1.0000 0.0000
vn 0.0000 1.0000 0.0000
vn 0.0000 1.0000 0.0000
vn 0.0000 1.0000 0.0000
vn 0.0000 1.0000 0.0000
vn 0.0000 1.0000 0.0000
vn 0.0000 1.0000 0.0000
vn 0.0000 1.0000 0.0000
vn 0.0000 1.0000 0.0000
vn 0.0000 1.0000 0.0000
vn 0.0000 1.0000 0.0000
vn 0.0000 1.0000 0.0000
vn 0.0000 1.0000 0.0000
vn 0.0000 1.0000 0.0000
vn 0.0000 1.0000 0.0000
vn 0.0000 1.0000 0.0000
vn 0.0000 1.0000 0.0000
vn 0.0000 1.0000 0.0000
vn 0.0000 1.0000 0.0000
vn 0.0000 1.0000 0.0000
vn 0.0000 1.0000 0.0000
vn 0.0000 1.0000 0.0000
vn 0.0000 1.0000 0.0000
vn 0.0000 1.0000 0.0000
vn 0.0000 1.0000 0.0000
vn 0.0000 1.0000 0.0000
vn 0.0000 1.0000 0.0000
vn 0.0000 1.0000 0.0000
vn 0.0000 1.0000 0.0000
vn 0.0000 1.0000 0.0000
vn 0.0000 1.0000 0.0000
vn 0.0000 1.0000 0.0000
vn 0.0000 1.0000 0.0000
vn 0.0000 1.0000 0.0000
vn 0.0000 1.0000 0.0000
vn 0.0000 1.0000 0.0000
vn 0.0000 1.0000 0.0000
vn 0.0000 1.0000 0.0000
vn 0.0000 1.0000 0.0000
vn 0.0000 1.0000 0.0000
vn 0.0000 1.0000 0.0000
vn 0.0000 1.0000 0.0000
vn 0.0000 1.0000 0.0000
vn 0.0000 1.0000 0.0000
vn 0.0000 1.0000 0.0000
vn 0.0000 1.0000 0.0000
vn 0.0000 1.0000 0.0000
vn 0.0000 1.0000 0.0000
vn 0.0000 1.0000 0.0000
vn 0.0000 1.0000 0.0000
vn 0.0000 1.0000 0.0000
vn 0.0000 1.0000 0.0000
vn 0.0000 1.0000 0.0000
vn 0.0000 1.0000 0.0000
vn 0.0000 1.0000 0.0000
vn 0.0000 1.0000 0.0000
vn 0.0000 1.0000 0.0000
vn 0.0000 1.0000 0.0000
vn 0.0000 1.0000 0.0000
vn 0.0000 1.0000 0.0000
vn 0.0000 1.0000 0.0000
vn 0.0000 1.0000 0.0000
vn 0.0000 1.0000 0.0000
vn 0.0000 1.0000 0.0000
vn 0.0000 1.0000 0.0000
vn 0.0000 1.0000 0.0000
vn 0.0000 1.0000 0.0000
vn 0.0000 1.0000 0.0000
vn 0.0000 1.0000 0.0000
vn 0.0000 1.0000 0.0000
vn 0.0000 1.0000 0.0000
vn 0.0000 1.0000 0.0000
vn 0.0000 1.0000 0.0000
vn 0.0000 1.0000 0.0000
vn 0.0000 1.0000 0.0000
vn 0.0000 1.0000 0.0000
vn 0.0000 1.0000 0.0000
vn 0.0000 1.0000 0.0000
vn 0.0000 1.0000 0.0000
vn 0.0000 1.0000 0.0000
vn 0.0000 1.0000 0.0000
vn 0.0000 1.0000 0.0000
vn 0.0000 1.0000 0.0000
vn 0.0000 1.0000 0.0000
vn 0.0000 1.0000 0.0000
vn 0.0000 1.0000 0.0000
vn 0.0000 1.0000 0.0000
vn 0.0000 1.0000 0.0000
vn 0.0000 1.0000 0.0000
vn 0.0000 1.0000 0.0000
vn 0.0000 1.0000 0.0000
vn 0.0000 1.0000 0.0000
vn 0.0000 1.0000 0.0000
vn 0.0000 1.0000 0.0000
vn 0.0000 1.0000 0.0000
vn 0.0000 1.0000 0.0000
vn 0.0000 1.0000 0.0000
vn 0.0000 1.0000 0.0000
vn 0.0000 1.0000 0.0000
vn 0.0000 1.0000 0.0000
vn 0.0000 1.0000 0.0000
vn 0.0000 1.0000 0.0000
vn 0.0000 1.0000 0.0000
vn 0.0000 1.0000 0.0000
vn 0.0000 1.0000 0.0000
vn 0.0000 1.0000 0.0000
vn 0.0000 1.0000 0.0000
vn 0.0000 1.0000 0.0000
vn 0.0000 1.0000 0.0000
vn 0.0000 1.0000 0.0000
vn 0.0000 1.0000 0.0000
vn 0.0000 1.0000 0.0000
vn 0.0000 1.0000 0.0000
vn 0.0000 1.0000 0.0000
vn 0.0000 1.0000 0.0000
vn 0.0000 1.0000 0.0000
vn 0.0000 1.0000 0.0000
vn 0.0000 1.0000 0.0000
vn 0.0000 1.0000 0.0000
vn 0.0000 1.0000 0.0000
vn 0.0000 1.0000 0.0000
vn 0.0000 1.0000 0.0000
vn 0.0000 1.0000 0.0000
vn 0.0000 1.0000 0.0000
vn 0.0000 1.0000 0.0000
vn 0.0000 1.0000 0.0000
vn 0.0000 1.0000 0.0000
vn 0.0000 1.0000 0.0000
vn 0.0000 1.0000 0.0000
vn 0.0000 1.0000 0.0000
vn 0.0000 1.0000 0.0000
vn 0.0000 1.0000 0.0000
vn 0.0000 1.0000 0.0000
vn 0.0000 1.0000 0.0000
vn 0.0000 1.0000 0.0000
vn 0.0000 1.0000 0.0000
vn 0.0000 1.0000 0.0000
vn 0.0000 1.0000 0.0000
vn 0.0000 1.0000 0.0000
vn 0.0000 1.0000 0.0000
vn 0.0000 1.0000 0.0000
vn 0.0000 1.0000 0.0000
vn 0.0000 1.0000 0.0000
vn 0.0000 1.0000 0.0000
vn 0.0000 1.0000 0.0000
vn 0.0000 1.0000 0.0000
vn 0.0000 1.0000 0.0000
vn 0.0000 1.0000 0.0000
vn 0.0000 1.0000 0.0000
vn 0.0000 1.0000 0.0000
vn 0.0000 1.0000 0.0000
vn 0.0000 1.0000 0.0000
vn 0.0000 1.0000 0.0000
vn 0.0000 1.0000 0.0000
vn 0.0000 1.0000 0.0000
vn 0.0000 1.0000 0.0000
vn 0.0000 1.0000 0.0000
vn 0.0000 1.0000 0.0000
vn 0.0000 1.0000 0.0000
vn 0.0000 1.0000 0.0000
vn 0.0000 1.0000 0.0000
vn 0.0000 1.0000 0.0000
vn 0.0000 1.0000 0.0000
vn 0.0000 1.0000 0.0000
vn 0.0000 1.0000 0.0000
vn 0.0000 1.0000 0.0000
vn 0.0000 1.0000 0.0000
vn 0.0000 1.0000 0.0000
vn 0.0000 1.0000 0.0000
vn 0.0000 1.0000 0.0000
vn 0.0000 1.0000 0.0000
vn 0.0000 1.0000 0.0000
vn 0.0000 1.0000 0.0000
vn 0.0000 1.0000 0.0000
vn 0.0000 1.0000 0.0000
vn 0.0000 1.0000 0.0000
vn 0.0000 1.0000 0.0000
vn 0.0000 1.0000 0.0000
vn 0.0000 1.0000 0.0000
vn 0.0000 1.0000 0.0000
vn 0.0000 1.0000 0.0000
vn 0.0000 1.0000 0.0000
vn 0.0000 1.0000 0.0000
vn 0.0000 1.0000 0.0000
vn 0.0000 1.0000 0.0000
vn 0.0000 1.0000 0.0000
vn 0.0000 1.0000 0.0000
vn 0.0000 1.0000 0.0000
vn 0.0000 1.0000 0.0000
vn 0.0000 1.0000 0.0000
vn 0.0000 1.0000 0.0000
vn 0.0000 1.0000 0.0000
vn 0.0000 1.0000 0.0000
vn 0.0000 1.0000 0.0000
vn 0.0000 1.0000 0.0000
vn 0.0000 1.0000 0.0000
vn 0.0000 1.0000 0.0000
vn 0.0000 1.0000 0.0000
vn 0.0000 1.0000 0.0000
vn 0.0000 1.0000 0.0000
vn 0.0000 1.0000 0.0000
vn 0.0000 1.0000 0.0000
vn 0.0000 1.0000 0.0000
vn 0.0000 1.0000 0.0000
vn 0.0000 1.0000 0.0000
vn 0.0000 1.0000 0.0000
vn 0.0000 1.0000 0.0000
vn 0.0000 1.0000 0.0000
vn 0.0000 1.0000 0.0000
vn 0.0000 1.0000 0.0000
vn 0.0000 1.0000 0.0000
vn 0.0000 1.0000 0.0000
vn 0.0000 1.0000 0.0000
vn 0.0000 1.0000 0.0000
vn 0.0000 1.0000 0.0000
vn 0.0000 1.0000 0.0000
vn 0.0000 1.0000 0.0000
vn 0.0000 1.0000 0.0000
vn 0.0000 1.0000 0.0000
vn 0.0000 1.0000 0.0000
vn 0.0000 1.0000 0.0000
vn 0.0000 1.0000 0.0000
vn 0.0000 1.0000 0.0000
vn 0.0000 1.0000 0.0000
vn 0.0000 1.0000 0.0000
vn 0.0000 1.0000 0.0000
vn 0.0000 1.0000 0.0000
vn 0.0000 1.0000 0.0000
vn 0.0000 1.0000 0.0000
vn 0.0000 1.0000 0.0000
vn 0.0000 1.0000 0.0000
vn 0.0000 1.0000 0.0000
vn 0.0000 1.0000 0.0000
vn 0.0000 1.0000 0.0000
vn 0.0000 1.0000 0.0000
vn 0.0000 1.0000 0.0000
vn 0.0000 1.0000 0.0000
vn 0.0000 1.0000 0.0000
vn 0.0000 1.0000 0.0000
vn 0.0000 1.0000 0.0000
vn 0.0000 1.0000 0.0000
vn 0.0000 1.0000 0.0000
vn 0.0000 1.0000 0.0000
vn 0.0000 1.0000 0.0000
vn 0.0000 1.0000 0.0000
vn 0.0000 1.0000 0.0000
vn 0.0000 1.0000 0.0000
vn 0.0000 1.0000 0.0000
vn 0.0000 1.0000 0.0000
vn 0.0000 1.0000 0.0000
vn 0.0000 1.0000 0.0000
vn 0.0000 1.0000 0.0000
vn 0.0000 1.0000 0.0000
vn 0.0000 1.0000 0.0000
vn 0.0000 1.0000 0.0000
vn 0.0000 1.0000 0.0000
vn 0.0000 1.0000 0.0000
vn 0.0000 1.0000 0.0000
vn 0.0000 1.0000 0.0000
vn 0.0000 1.0000 0.0000
vn 0.0000 1.0000 0.0000
vn 0.0000 1.0000 0.0000
vn 0.0000 1.0000 0.0000
vn 0.0000 1.0000 0.0000
vn 0.0000 1.0000 0.0000
vn 0.0000 1.0000 0.0000
vn 0.0000 1.0000 0.0000
vn 0.0000 1.0000 0.0000
vn 0.0000 1.0000 0.0000
vn 0.0000 1.0000 0.0000
vn 0.0000 1.0000 0.0000
vn 0.0000 1.0000 0.0000
vn 0.0000 1.0000 0.0000
vn 0.0000 1.0000 0.0000
vn 0.0000 1.0000 0.0000
vn 0.0000 1.0000 0.0000
vn 0.0000 1.0000 0.0000
vn 0.0000 1.0000 0.0000
vn 0.0000 1.0000 0.0000
vn 0.0000 1.0000 0.0000
vn 0.0000 1.0000 0.0000
vn 0.0000 1.0000 0.0000
vn 0.0000 1.0000 0.0000
vn 0.0000 1.0000 0.0000
vn 0.0000 1.0000 0.0000
vn 0.0000 1.0000 0.0000
vn 0.0000 1.0000 0.0000
vn 0.0000 1.0000 0.0000
vn 0.0000 1.0000 0.0000
vn 0.0000 1.0000 0.0000
vn 0.0000 1.0000 0.0000
vn 0.0000 1.0000 0.0000
vn 0.0000 1.0000 0.0000
vn 0.0000 1.0000 0.0000
vn 0.0000 1.0000 0.0000
vn 0.0000 1.0000 0.0000
vn 0.0000 1.0000 0.0000
vn 0.0000 1.0000 0.0000
vn 0.0000 1.0000 0.0000
vn 0.0000 1.0000 0.0000
vn 0.0000 1.0000 0.0000
vn 0.0000 1.0000 0.0000
vn 0.0000 1.0000 0.0000
vn 0.0000 1.0000 0.0000
vn 0.0000 1.0000 0.0000
vn 0.0000 1.0000 0.0000
vn 0.0000 1.0000 0.0000
vn 0.0000 1.0000 0.0000
vn 0.0000 1.0000 0.0000
vn 0.0000 1.0000 0.0000
vn 0.0000 1.0000 0.0000
vn 0.0000 1.0000 0.0000
vn 0.0000 1.0000 0.0000
vn 0.0000 1.0000 0.0000
vn 0.0000 1.0000 0.0000
vn 0.0000 1.0000 0.0000
vn 0.0000 1.0000 0.0000
vn 0.0000 1.0000 0.0000
vn 0.0000 1.0000 0.0000
vn 0.0000 1.0000 0.0000
vn 0.0000 1.0000 0.0000
vn 0.0000 1.0000 0.0000
vn 0.0000 1.0000 0.0000
vn 0.0000 1.0000 0.0000
vn 0.0000 1.0000 0.0000
vn 0.0000 1.0000 0.0000
vn 0.0000 1.0000 0.0000
vn 0.0000 1.0000 0.0000
vn 0.0000 1.0000 0.0000
vn 0.0000 1.0000 0.0000
vn 0.0000 1.0000 0.0000
vn 0.0000 1.0000 0.0000
vn 0.0000 1.0000 0.0000
vn 0.0000 1.0000 0.0000
vn 0.0000 1.0000 0.0000
vn 0.0000 1.0000 0.0000
vn 0.0000 1.0000 0.0000
vn 0.0000 1.0000 0.0000
vn 0.0000 1.0000 0.0000
vn 0.0000 1.0000 0.0000
vn 0.0000 1.0000 0.0000
vn 0.0000 1.0000 0.0000
vn 0.0000 1.0000 0.0000
vn 0.0000 1.0000 0.0000
vn 0.0000 1.0000 0.0000
vn 0.0000 1.0000 0.0000
vn 0.0000 1.0000 0.0000
vn 0.0000 1.0000 0.0000
vn 0.0000 1.0000 0.0000
vn 0.0000 1.0000 0.0000
vn 0.0000 1.0000 0.0000
vn 0.0000 1.0000 0.0000
vn 0.0000 1.0000 0.0000
vn 0.0000 1.0000 0.0000
vn 0.0000 1.0000 0.0000
vn 0.0000 1.0000 0.0000
vn 0.0000 1.0000 0.0000
vn 0.0000 1.0000 0.0000
vn 0.0000 1.0000 0.0000
vn 0.0000 1.0000 0.0000
vn 0.0000 1.0000 0.0000
vn 0.0000 1.0000 0.0000
vn 0.0000 1.0000 0.0000
vn 0.0000 1.0000 0.0000
vn 0.0000 1.0000 0.0000
vn 0.0000 1.0000 0.0000
vn 0.0000 1.0000 0.0000
vn 0.0000 1.0000 0.0000
vn 0.0000 1.0000 0.0000
vn 0.0000 1.0000 0.0000
vn 0.0000 1.0000 0.0000
vn 0.0000 1.0000 0.0000
vn 0.0000 1.0000 0.0000
vn 0.0000 1.0000 0.0000
vn 0.0000 1.0000 0.0000
vn 0.0000 1.0000 0.0000
vn 0.0000 1.0000 0.0000
vn 0.0000 1.0000 0.0000
vn 0.0000 1.0000 0.0000
vn 0.0000 1.0000 0.0000
vn 0.0000 1.0000 0.0000
vn 0.0000 1.0000 0.0000
vn 0.0000 1.0000 0.0000
vn 0.0000 1.0000 0.0000
vn 0.0000 1.0000 0.0000
vn 0.0000 1.0000 0.0000
vn 0.0000 1.0000 0.0000
vn 0.0000 1.0000 0.0000
vn 0.0000 1.0000 0.0000
vn 0.0000 1.0000 0.0000
vn 0.0000 1.0000 0.0000
vn 0.0000 1.0000 0.0000
vn 0.0000 1.0000 0.0000
vn 0.0000 1.0000 0.0000
vn 0.0000 1.0000 0.0000
vn 0.0000 1.0000 0.0000
vn 0.0000 1.0000 0.0000
vn 0.0000 1.0000 0.0000
vn 0.0000 1.0000 0.0000
vn 0.0000 1.0000 0.0000
vn 0.0000 1.0000 0.0000
vn 0.0000 1.0000 0.0000
vn 0.0000 1.0000 0.0000
vn 0.0000 1.0000 0.0000
vn 0.0000 1.0000 0.0000
vn 0.0000 1.0000 0.0000
vn 0.0000 1.0000 0.0000
vn 0.0000 1.0000 0.0000
vn 0.0000 1.0000 0.0000
vn 0.0000 1.0000 0.0000
vn 0.0000 1.0000 0.0000
vn 0.0000 1.0000 0.0000
vn 0.0000 1.0000 0.0000
vn 0.0000 1.0000 0.0000
vn 0.0000 1.0000 0.0000
vn 0.0000 1.0000 0.0000
vn 0.0000 1.0000 0.0000
vn 0.0000 1.0000 0.0000
vn 0.0000 1.0000 0.0000
vn 0.0000 1.0000 0.0000
vn 0.0000 1.0000 0.0000
vn 0.0000 1.0000 0.0000
vn 0.0000 1.0000 0.0000
vn 0.0000 1.0000 0.0000
vn 0.0000 1.0000 0.0000
vn 0.0000 1.0000 0.0000
vn 0.0000 1.0000 0.0000
vn 0.0000 1.0000 0.0000
vn 0.0000 1.0000 0.0000
vn 0.0000 1.0000 0.0000
vn 0.0000 1.0000 0.0000
vn 0.0000 1.0000 0.0000
vn 0.0000 1.0000 0.0000
vn 0.0000 1.0000 0.0000
vn 0.0000 1.0000 0.0000
vn 0.0000 1.0000 0.0000
vn 0.0000 1.0000 0.0000
vn 0.0000 1.0000 0.0000
vn 0.0000 1.0000 0.0000
vn 0.0000 1.0000 0.0000
vn 0.0000 1.0000 0.0000
vn 0.0000 1.0000 0.0000
vn 0.0000 1.0000 0.0000
vn 0.0000 1.0000 0.0000
vn 0.0000 1.0000 0.0000
vn 0.0000 1.0000 0.0000
vn 0.0000 1.0000 0.0000
vn 0.0000 1.0000 0.0000
vn 0.0000 1.0000 0.0000
vn 0.0000 1.0000 0.0000
vn 0.0000 1.0000 0.0000
vn 0.0000 1.0000 0.0000
vn 0.0000 1.0000 0.0000
vn 0.0000 1.0000 0.0000
vn 0.0000 1.0000 0.0000
vn 0.0000 1.0000 0.0000
vn 0.0000 1.0000 0.0000
vn 0.0000 1.0000 0.0000
vn 0.0000 1.0000 0.0000
vn 0.0000 1.0000 0.0000
vn 0.0000 1.0000 0.0000
vn 0.0000 1.0000 0.0000
vn 0.0000 1.0000 0.0000
vn 0.0000 1.0000 0.0000
vn 0.0000 1.0000 0.0000
vn 0.0000 1.0000 0.0000
vn 0.0000 1.0000 0.0000
vn 0.0000 1.0000 0.0000
vn 0.0000 1.0000 0.0000
vn 0.0000 1.0000 0.0000
vn 0.0000 1.0000 0.0000
vn 0.0000 1.0000 0.0000
vn 0.0000 1.0000 0.0000
vn 0.0000 1.0000 0.0000
vn 0.0000 1.0000 0.0000
vn 0.0000 1.0000 0.0000
vn 0.0000 1.0000 0.0000
vn 0.0000 1.0000 0.0000
vn 0.0000 1.0000 0.0000
vn 0.0000 1.0000 0.0000
vn 0.0000 1.0000 0.0000
vn 0.0000 1.0000 0.0000
vn 0.0000 1.0000 0.0000
vn 0.0000 1.0000 0.0000
vn 0.0000 1.0000 0.0000
vn 0.0000 1.0000 0.0000
vn 0.0000 1.0000 0.0000
vn 0.0000 1.0000 0.0000
vn 0.0000 1.0000 0.0000
vn 0.0000 1.0000 0.0000
vn 0.0000 1.0000 0.0000
vn 0.0000 1.0000 0.0000
vn 0.0000 1.0000 0.0000
vn 0.0000 1.0000 0.0000
vn 0.0000 1.0000 0.0000
vn 0.0000 1.0000 0.0000
vn 0.0000 1.0000 0.0000
vn 0.0000 1.0000 0.0000
vn 0.0000 1.0000 0.0000
vn 0.0000 1.0000 0.0000
vn 0.0000 1.0000 0.0000
vn 0.0000 1.0000 0.0000
vn 0.0000 1.0000 0.0000
vn 0.0000 1.0000 0.0000
vn 0.0000 1.0000 0.0000
vn 0.0000 1.0000 0.0000
vn 0.0000 1.0000 0.0000
vn 0.0000 1.0000 0.0000
vn 0.0000 1.0000 0.0000
vn 0.0000 1.0000 0.0000
vn 0.0000 1.0000 0.0000
vn 0.0000 1.0000 0.0000
vn 0.0000 1.0000 0.0000
vn 0.0000 1.0000 0.0000
vn 0.0000 1.0000 0.0000
vn 0.0000 1.0000 0.0000
vn 0.0000 1.0000 0.0000
vn 0.0000 1.0000 0.0000
vn 0.0000 1.0000 0.0000
vn 0.0000 1.0000 0.0000
vn 0.0000 1.0000 0.0000
vn 0.0000 1.0000 0.0000
vn 0.0000 1.0000 0.0000
vn 0.0000 1.0000 0.0000
vn 0.0000 1.0000 0.0000
vn 0.0000 1.0000 0.0000
vn 0.0000 1.0000 0.0000
vn 0.0000 1.0000 0.0000
vn 0.0000 1.0000 0.0000
vn 0.0000 1.0000 0.0000
vn 0.0000 1.0000 0.0000
vn 0.0000 1.0000 0.0000
vn 0.0000 1.0000 0.0000
vn 0.0000 1.0000 0.0000
vn 0.0000 1.0000 0.0000
vn 0.0000 1.0000 0.0000
vn 0.0000 1.0000 0.0000
vn 0.0000 1.0000 0.0000
vn 0.0000 1.0000 0.0000
vn 0.0000 1.0000 0.0000
vn 0.0000 1.0000 0.0000
vn 0.0000 1.0000 0.0000
vn 0.0000 1.0000 0.0000
vn 0.0000 1.0000 0.0000
vn 0.0000 1.0000 0.0000
vn 0.0000 1.0000 0.0000
vn 0.0000 1.0000 0.0000
vn 0.0000 1.0000 0.0000
vn 0.0000 1.0000 0.0000
vn 0.0000 1.0000 0.0000
vn 0.0000 1.0000 0.0000
vn 0.0000 1.0000 0.0000
vn 0.0000 1.0000 0.0000
vn 0.0000 1.0000 0.0000
vn 0.0000 1.0000 0.0000
vn 0.0000 1.0000 0.0000
vn 0.0000 1.0000 0.0000
vn 0.0000 1.0000 0.0000
vn 0.0000 1.0000 0.0000
vn 0.0000 1.0000 0.0000
vn 0.0000 1.0000 0.0000
vn 0.0000 1.0000 0.0000
vn 0.0000 1.0000 0.0000
vn 0.0000 1.0000 0.0000
vn 0.0000 1.0000 0.0000
vn 0.0000 1.0000 0.0000
vn 0.0000 1.0000 0.0000
vn 0.0000 1.0000 0.0000
vn 0.0000 1.0000 0.0000
vn 0.0000 1.0000 0.0000
vn 0.0000 1.0000 0.0000
vn 0.0000 1.0000 0.0000
vn 0.0000 1.0000 0.0000
vn 0.0000 1.0000 0.0000
vn 0.0000 1.0000 0.0000
vn 0.0000 1.0000 0.0000
vn 0.0000 1.0000 0.0000
vn 0.0000 1.0000 0.0000
vn 0.0000 1.0000 0.0000
vn 0.0000 1.0000 0.0000
vn 0.0000 1.0000 0.0000
vn 0.0000 1.0000 0.0000
vn 0.0000 1.0000 0.0000
vn 0.0000 1.0000 0.0000
vn 0.0000 1.0000 0.0000
vn 0.0000 1.0000 0.0000
vn 0.0000 1.0000 0.0000
vn 0.0000 1.0000 0.0000
vn 0.0000 1.0000 0.0000
vn 0.0000 1.0000 0.0000
vn 0.0000 1.0000 0.0000
vn 0.0000 1.0000 0.0000
vn 0.0000 1.0000 0.0000
vn 0.0000 1.0000 0.0000
vn 0.0000 1.0000 0.0000
vn 0.0000 1.0000 0.0000
vn 0.0000 1.0000 0.0000
vn 0.0000 1.0000 0.0000
vn 0.0000 1.0000 0.0000
vn 0.0000 1.0000 0.0000
vn 0.0000 1.0000 0.0000
vn 0.0000 1.0000 0.0000
vn 0.0000 1.0000 0.0000
vn 0.0000 1.0000 0.0000
vn 0.0000 1.0000 0.0000
vn 0.0000 1.0000 0.0000
vn 0.0000 1.0000 0.0000
vn 0.0000 1.0000 0.0000
vn 0.0000 1.0000 0.0000
vn 0.0000 1.0000 0.0000
vn 0.0000 1.0000 0.0000
vn 0.0000 1.0000 0.0000
vn 0.0000 1.0000 0.0000
vn 0.0000 1.0000 0.0000
vn 0.0000 1.0000 0.0000
vn 0.0000 1.0000 0.0000
vn 0.0000 1.0000 0.0000
vn 0.0000 1.0000 0.0000
vn 0.0000 1.0000 0.0000
vn 0.0000 1.0000 0.0000
vn 0.0000 1.0000 0.0000
vn 0.0000 1.0000 0.0000
vn 0.0000 1.0000 0.0000
vn 0.0000 1.0000 0.0000
vn 0.0000 1.0000 0.0000
vn 0.0000 1.0000 0.0000
vn 0.0000 1.0000 0.0000
vn 0.0000 1.0000 0.0000
vn 0.0000 1.0000 0.0000
vn 0.0000 1.0000 0.0000
vn 0.0000 1.0000 0.0000
vn 0.0000 1.0000 0.0000
vn 0.0000 1.0000 0.0000
vn 0.0000 1.0000 0.0000
vn 0.0000 1.0000 0.0000
vn 0.0000 1.0000 0.0000
vn 0.0000 1.0000 0.0000
vn 0.0000 1.0000 0.0000
vn 0.0000 1.0000 0.0000
vn 0.0000 1.0000 0.0000
vn 0.0000 1.0000 0.0000
vn 0.0000 1.0000 0.0000
vn 0.0000 1.0000 0.0000
vn 0.0000 1.0000 0.0000
vn 0.0000 1.0000 0.0000
vn 0.0000 1.0000 0.0000
vn 0.0000 1.0000 0.0000
vn 0.0000 1.0000 0.0000
vn 0.0000 1.0000 0.0000
vn 0.0000 1.0000 0.0000
vn 0.0000 1.0000 0.0000
vn 0.0000 1.0000 0.0000
vn 0.0000 1.0000 0.0000
vn 0.0000 1.0000 0.0000
vn 0.0000 1.0000 0.0000
vn 0.0000 1.0000 0.0000
vn 0.0000 1.0000 0.0000
vn 0.0000 1.0000 0.0000
vn 0.0000 1.0000 0.0000
vn 0.0000 1.0000 0.0000
vn 0.0000 1.0000 0.0000
vn 0.0000 1.0000 0.0000
vn 0.0000 1.0000 0.0000
vn 0.0000 1.0000 0.0000
vn 0.0000 1.0000 0.0000
vn 0.0000 1.0000 0.0000
vn 0.0000 1.0000 0.0000
vn 0.0000 1.0000 0.0000
vn 0.0000 1.0000 0.0000
vn 0.0000 1.0000 0.0000
vn 0.0000 1.0000 0.0000
vn 0.0000 1.0000 0.0000
vn 0.0000 1.0000 0.0000
vn 0.0000 1.0000 0.0000
vn 0.0000 1.0000 0.0000
vn 0.0000 1.0000 0.0000
vn 0.0000 1.0000 0.0000
vn 0.0000 1.0000 0.0000
vn 0.0000 1.0000 0.0000
vn 0.0000 1.0000 0.0000
vn 0.0000 1.0000 0.0000
vn 0.0000 1.0000 0.0000
vn 0.0000 1.0000 0.0000
vn 0.0000 1.0000 0.0000
vn 0.0000 1.0000 0.0000
vn 0.0000 1.0000 0.0000
vn 0.0000 1.0000 0.0000
vn 0.0000 1.0000 0.0000
vn 0.0000 1.0000 0.0000
vn 0.0000 1.0000 0.0000
vn 0.0000 1.0000 0.0000
vn 0.0000 1.0000 0.0000
vn 0.0000 1.0000 0.0000
vn 0.0000 1.0000 0.0000
vn 0.0000 1.0000 0.0000
vn 0.0000 1.0000 0.0000
vn 0.0000 1.0000 0.0000
vn 0.0000 1.0000 0.0000
vn 0.0000 1.0000 0.0000
vn 0.0000 1.0000 0.0000
vn 0.0000 1.0000 0.0000
vn 0.0000 1.0000 0.0000
vn 0.0000 1.0000 0.0000
vn 0.0000 1.0000 0.0000
vn 0.0000 1.0000 0.0000
vn 0.0000 1.0000 0.0000
vn 0.0000 1.0000 0.0000
vn 0.0000 1.0000 0.0000
vn 0.0000 1.0000 0.0000
vn 0.0000 1.0000 0.0000
vn 0.0000 1.0000 0.0000
vn 0.0000 1.0000 0.0000
vn 0.0000 1.0000 0.0000
vn 0.0000 1.0000 0.0000
vn 0.0000 1.0000 0.0000
vn 0.0000 1.0000 0.0000
vn 0.0000 1.0000 0.0000
vn 0.0000 1.0000 0.0000
vn 0.0000 1.0000 0.0000
vn 0.0000 1.0000 0.0000
vn 0.0000 1.0000 0.0000
vn 0.0000 1.0000 0.0000
vn 0.0000 1.0000 0.0000
vn 0.0000 1.0000 0.0000
vn 0.0000 1.0000 0.0000
vn 0.0000 1.0000 0.0000
vn 0.0000 1.0000 0.0000
vn 0.0000 1.0000 0.0000
vn 0.0000 1.0000 0.0000
vn 0.0000 1.0000 0.0000
vn 0.0000 1.0000 0.0000
vn 0.0000 1.0000 0.0000
vn 0.0000 1.0000 0.0000
vn 0.0000 1.0000 0.0000
vn 0.0000 1.0000 0.0000
vn 0.0000 1.0000 0.0000
vn 0.0000 1.0000 0.0000
vn 0.0000 1.0000 0.0000
vn 0.0000 1.0000 0.0000
vn 0.0000 1.0000 0.0000
vn 0.0000 1.0000 0.0000
vn 0.0000 1.0000 0.0000
vn 0.0000 1.0000 0.0000
vn 0.0000 1.0000 0.0000
vn 0.0000 1.0000 0.0000
vn 0.0000 1.0000 0.0000
vn 0.0000 1.0000 0.0000
vn 0.0000 1.0000 0.0000
vn 0.0000 1.0000 0.0000
vn 0.0000 1.0000 0.0000
vn 0.0000 1.0000 0.0000
vn 0.0000 1.0000 0.0000
vn 0.0000 1.0000 0.0000
vn 0.0000 1.0000 0.0000
vn 0.0000 1.0000 0.0000
vn 0.0000 1.0000 0.0000
vn 0.0000 1.0000 0.0000
vn 0.0000 1.0000 0.0000
vn 0.0000 1.0000 0.0000
vn 0.0000 1.0000 0.0000
vn 0.0000 1.0000 0.0000
vn 0.0000 1.0000 0.0000
vn 0.0000 1.0000 0.0000
vn 0.0000 1.0000 0.0000
vn 0.0000 1.0000 0.0000
vn 0.0000 1.0000 0.0000
vn 0.0000 1.0000 0.0000
vn 0.0000 1.0000 0.0000
vn 0.0000 1.0000 0.0000
vn 0.0000 1.0000 0.0000
vn 0.0000 1.0000 0.0000
vn 0.0000 1.0000 0.0000
vn 0.0000 1.0000 0.0000
vn 0.0000 1.0000 0.0000
vn 0.0000 1.0000 0.0000
vn 0.0000 1.0000 0.0000
vn 0.0000 1.0000 0.0000
vn 0.0000 1.0000 0.0000
vn 0.0000 1.0000 0.0000
vn 0.0000 1.0000 0.0000
vn 0.0000 1.0000 0.0000
vn 0.0000 1.0000 0.0000
vn 0.0000 1.0000 0.0000
vn 0.0000 1.0000 0.0000
vn 0.0000 1.0000 0.0000
vn 0.0000 1.0000 0.0000
vn 0.0000 1.0000 0.0000
vn 0.0000 1.0000 0.0000
vn 0.0000 1.0000 0.0000
vn 0.0000 1.0000 0.0000
vn 0.0000 1.0000 0.0000
vn 0.0000 1.0000 0.0000
vn 0.0000 1.0000 0.0000
vn 0.0000 1.0000 0.0000
vn 0.0000 1.0000 0.0000
vn 0.0000 1.0000 0.0000
vn 0.0000 1.0000 0.0000
vn 0.0000 1.0000 0.0000
vn 0.0000 1.0000 0.0000
vn 0.0000 1.0000 0.0000
vn 0.0000 1.0000 0.0000
vn 0.0000 1.0000 0.0000
vn 0.0000 1.0000 0.0000
vn 0.0000 1.0000 0.0000
vn 0.0000 1.0000 0.0000
vn 0.0000 1.0000 0.0000
vn 0.0000 1.0000 0.0000
vn 0.0000 1.0000 0.0000
vn 0.0000 1.0000 0.0000
vn 0.0000 1.0000 0.0000
vn 0.0000 1.0000 0.0000
vn 0.0000 1.0000 0.0000
vn 0.0000 1.0000 0.0000
vn 0.0000 1.0000 0.0000
vn 0.0000 1.0000 0.0000
vn 0.0000 1.0000 0.0000
vn 0.0000 1.0000 0.0000
vn 0.0000 1.0000 0.0000
vn 0.0000 1.0000 0.0000
vn 0.0000 1.0000 0.0000
vn 0.0000 1.0000 0.0000
vn 0.0000 1.0000 0.0000
vn 0.0000 1.0000 0.0000
vn 0.0000 1.0000 0.0000
vn 0.0000 1.0000 0.0000
vn 0.0000 1.0000 0.0000
vn 0.0000 1.0000 0.0000
vn 0.0000 1.0000 0.0000
vn 0.0000 1.0000 0.0000
vn 0.0000 1.0000 0.0000
vn 0.0000 1.0000 0.0000
vn 0.0000 1.0000 0.0000
vn 0.0000 1.0000 0.0000
vn 0.0000 1.0000 0.0000
vn 0.0000 1.0000 0.0000
vn 0.0000 1.0000 0.0000
vn 0.0000 1.0000 0.0000
vn 0.0000 1.0000 0.0000
vn 0.0000 1.0000 0.0000
vn 0.0000 1.0000 0.0000
vn 0.0000 1.0000 0.0000
vn 0.0000 1.0000 0.0000
vn 0.0000 1.0000 0.0000
vn 0.0000 1.0000 0.0000
vn 0.0000 1.0000 0.0000
vn 0.0000 1.0000 0.0000
vn 0.0000 1.0000 0.0000
vn 0.0000 1.0000 0.0000
vn 0.0000 1.0000 0.0000
vn 0.0000 1.0000 0.0000
vn 0.0000 1.0000 0.0000
vn 0.0000 1.0000 0.0000
vn 0.0000 1.0000 0.0000
vn 0.0000 1.0000 0.0000
vn 0.0000 1.0000 0.0000
vn 0.0000 1.0000 0.0000
vn 0.0000 1.0000 0.0000
vn 0.0000 1.0000 0.0000
vn 0.0000 1.0000 0.0000
vn 0.0000 1.0000 0.0000
vn 0.0000 1.0000 0.0000
vn 0.0000 1.0000 0.0000
vn 0.0000 1.0000 0.0000
vn 0.0000 1.0000 0.0000
vn 0.0000 1.0000 0.0000
vn 0.0000 1.0000 0.0000
vn 0.0000 1.0000 0.0000
vn 0.0000 1.0000 0.0000
vn 0.0000 1.0000 0.0000
vn 0.0000 1.0000 0.0000
vn 0.0000 1.0000 0.0000
vn 0.0000 1.0000 0.0000
vn 0.0000 1.0000 0.0000
vn 0.0000 1.0000 0.0000
vn 0.0000 1.0000 0.0000
vn 0.0000 1.0000 0.0000
vn 0.0000 1.0000 0.0000
vn 0.0000 1.0000 0.0000
vn 0.0000 1.0000 0.0000
vn 0.0000 1.0000 0.0000
vn 0.0000 1.0000 0.0000
vn 0.0000 1.0000 0.0000
vn 0.0000 1.0000 0.0000
vn 0.0000 1.0000 0.0000
vn 0.0000 1.0000 0.0000
vn 0.0000 1.0000 0.0000
vn 0.0000 1.0000 0.0000
vn 0.0000 1.0000 0.0000
vn 0.0000 1.0000 0.0000
vn 0.0000 1.0000 0.0000
vn 0.0000 1.0000 0.0000
vn 0.0000 1.0000 0.0000
vn 0.0000 1.0000 0.0000
vn 0.0000 1.0000 0.0000
vn 0.0000 1.0000 0.0000
vn 0.0000 1.0000 0.0000
vn 0.0000 1.0000 0.0000
vn 0.0000 1.0000 0.0000
vn 0.0000 1.0000 0.0000
vn 0.0000 1.0000 0.0000
vn 0.0000 1.0000 0.0000
vn 0.0000 1.0000 0.0000
vn 0.0000 1.0000 0.0000
vn 0.0000 1.0000 0.0000
vn 0.0000 1.0000 0.0000
vn 0.0000 1.0000 0.0000
vn 0.0000 1.0000 0.0000
vn 0.0000 1.0000 0.0000
vn 0.0000 1.0000 0.0000
vn 0.0000 1.0000 0.0000
vn 0.0000 1.0000 0.0000
vn 0.0000 1.0000 0.0000
vn 0.0000 1.0000 0.0000
vn 0.0000 1.0000 0.0000
vn 0.0000 1.0000 0.0000
vn 0.0000 1.0000 0.0000
vn 0.0000 1.0000 0.0000
vn 0.0000 1.0000 0.0000
vn 0.0000 1.0000 0.0000
vn 0.0000 1.0000 0.0000
vn 0.0000 1.0000 0.0000
vn 0.0000 1.0000 0.0000
vn 0.0000 1.0000 0.0000
vn 0.0000 1.0000 0.0000
vn 0.0000 1.0000 0.0000
vn 0.0000 1.0000 0.0000
vn 0.0000 1.0000 0.0000
vn 0.0000 1.0000 0.0000
vn 0.0000 1.0000 0.0000
vn 0.0000 1.0000 0.0000
vn 0.0000 1.0000 0.0000
vn 0.0000 1.0000 0.0000
vn 0.0000 1.0000 0.0000
vn 0.0000 1.0000 0.0000
vn 0.0000 1.0000 0.0000
vn 0.0000 1.0000 0.0000
vn 0.0000 1.0000 0.0000
vn 0.0000 1.0000 0.0000
vn 0.0000 1.0000 0.0000
vn 0.0000 1.0000 0.0000
vn 0.0000 1.0000 0.0000
vn 0.0000 1.0000 0.0000
vn 0.0000 1.0000 0.0000
vn 0.0000 1.0000 0.0000
vn 0.0000 1.0000 0.0000
vn 0.0000 1.0000 0.0000
vn 0.0000 1.0000 0.0000
vn 0.0000 1.0000 0.0000
vn 0.0000 1.0000 0.0000
vn 0.0000 1.0000 0.0000
vn 0.0000 1.0000 0.0000
vn 0.0000 1.0000 0.0000
vn 0.0000 1.0000 0.0000
vn 0.0000 1.0000 0.0000
vn 0.0000 1.0000 0.0000
vn 0.0000 1.0000 0.0000
vn 0.0000 1.0000 0.0000
vn 0.0000 1.0000 0.0000
vn 0.0000 1.0000 0.0000
vn 0.0000 1.0000 0.0000
vn 0.0000 1.0000 0.0000
vn 0.0000 1.0000 0.0000
vn 0.0000 1.0000 0.0000
vn 0.0000 1.0000 0.0000
vn 0.0000 1.0000 0.0000
vn 0.0000 1.0000 0.0000
vn 0.0000 1.0000 0.0000
vn 0.0000 1.0000 0.0000
vn 0.0000 1.0000 0.0000
vn 0.0000 1.0000 0.0000
vn 0.0000 1.0000 0.0000
vn 0.0000 1.0000 0.0000
vn 0.0000 1.0000 0.0000
vn 0.0000 1.0000 0.0000
vn 0.0000 1.0000 0.0000
vn 0.0000 1.0000 0.0000
vn 0.0000 1.0000 0.0000
vn 0.0000 1.0000 0.0000
vn 0.0000 1.0000 0.0000
vn 0.0000 1.0000 0.0000
vn 0.0000 1.0000 0.0000
vn 0.0000 1.0000 0.0000
vn 0.0000 1.0000 0.0000
vn 0.0000 1.0000 0.0000
vn 0.0000 1.0000 0.0000
vn 0.0000 1.0000 0.0000
vn 0.0000 1.0000 0.0000
vn 0.0000 1.0000 0.0000
vn 0.0000 1.0000 0.0000
vn 0.0000 1.0000 0.0000
vn 0.0000 1.0000 0.0000
vn 0.0000 1.0000 0.0000
vn 0.0000 1.0000 0.0000
vn 0.0000 1.0000 0.0000
vn 0.0000 1.0000 0.0000
vn 0.0000 1.0000 0.0000
vn 0.0000 1.0000 0.0000
vn 0.0000 1.0000 0.0000
vn 0.0000 1.0000 0.0000
vn 0.0000 1.0000 0.0000
vn 0.0000 1.0000 0.0000
vn 0.0000 1.0000 0.0000
vn 0.0000 1.0000 0.0000
vn 0.0000 1.0000 0.0000
vn 0.0000 1.0000 0.0000
vn 0.0000 1.0000 0.0000
vn 0.0000 1.0000 0.0000
vn 0.0000 1.0000 0.0000
vn 0.0000 1.0000 0.0000
vn 0.0000 1.0000 0.0000
vn 0.0000 1.0000 0.0000
vn 0.0000 1.0000 0.0000
vn 0.0000 1.0000 0.0000
vn 0.0000 1.0000 0.0000
vn 0.0000 1.0000 0.0000
vn 0.0000 1.0000 0.0000
vn 0.0000 1.0000 0.0000
vn 0.0000 1.0000 0.0000
vn 0.0000 1.0000 0.0000
vn 0.0000 1.0000 0.0000
vn 0.0000 1.0000 0.0000
vn 0.0000 1.0000 0.0000
vn 0.0000 1.0000 0.0000
vn 0.0000 1.0000 0.0000
vn 0.0000 1.0000 0.0000
vn 0.0000 1.0000 0.0000
vn 0.0000 1.0000 0.0000
vn 0.0000 1.0000 0.0000
vn 0.0000 1.0000 0.0000
vn 0.0000 1.0000 0.0000
vn 0.0000 1.0000 0.0000
vn 0.0000 1.0000 0.0000
vn 0.0000 1.0000 0.0000
vn 0.0000 1.0000 0.0000
vn 0.0000 1.0000 0.0000
vn 0.0000 1.0000 0.0000
vn 0.0000 1.0000 0.0000
vn 0.0000 1.0000 0.0000
vn 0.0000 1.0000 0.0000
vn 0.0000 1.0000 0.0000
vn 0.0000 1.0000 0.0000
vn 0.0000 1.0000 0.0000
vn 0.0000 1.0000 0.0000
vn 0.0000 1.0000 0.0000
vn 0.0000 1.0000 0.0000
vn 0.0000 1.0000 0.0000
vn 0.0000 1.0000 0.0000
vn 0.0000 1.0000 0.0000
vn 0.0000 1.0000 0.0000
vn 0.0000 1.0000 0.0000
vn 0.0000 1.0000 0.0000
vn 0.0000 1.0000 0.0000
vn 0.0000 1.0000 0.0000
vn 0.0000 1.0000 0.0000
vn 0.0000 1.0000 0.0000
vn 0.0000 1.0000 0.0000
vn 0.0000 1.0000 0.0000
vn 0.0000 1.0000 0.0000
vn 0.0000 1.0000 0.0000
vn 0.0000 1.0000 0.0000
vn 0.0000 1.0000 0.0000
vn 0.0000 1.0000 0.0000
vn 0.0000 1.0000 0.0000
vn 0.0000 1.0000 0.0000
vn 0.0000 1.0000 0.0000
vn 0.0000 1.0000 0.0000
vn 0.0000 1.0000 0.0000
vn 0.0000 1.0000 0.0000
vn 0.0000 1.0000 0.0000
vn 0.0000 1.0000 0.0000
vn 0.0000 1.0000 0.0000
vn 0.0000 1.0000 0.0000
vn 0.0000 1.0000 0.0000
vn 0.0000 1.0000 0.0000
vn 0.0000 1.0000 0.0000
vn 0.0000 1.0000 0.0000
vn 0.0000 1.0000 0.0000
vn 0.0000 1.0000 0.0000
vn 0.0000 1.0000 0.0000
vn 0.0000 1.0000 0.0000
vn 0.0000 1.0000 0.0000
vn 0.0000 1.0000 0.0000
vn 0.0000 1.0000 0.0000
vn 0.0000 1.0000 0.0000
vn 0.0000 1.0000 0.0000
vn 0.0000 1.0000 0.0000
vn 0.0000 1.0000 0.0000
vn 0.0000 1.0000 0.0000
vn 0.0000 1.0000 0.0000
vn 0.0000 1.0000 0.0000
vn 0.0000 1.0000 0.0000
vn 0.0000 1.0000 0.0000
vn 0.0000 1.0000 0.0000
vn 0.0000 1.0000 0.0000
vn 0.0000 1.0000 0.0000
vn 0.0000 1.0000 0.0000
vn 0.0000 1.0000 0.0000
vn 0.0000 1.0000 0.0000
vn 0.0000 1.0000 0.0000
vn 0.0000 1.0000 0.0000
vn 0.0000 1.0000 0.0000
vn 0.0000 1.0000 0.0000
vn 0.0000 1.0000 0.0000
vn 0.0000 1.0000 0.0000
vn 0.0000 1.0000 0.0000
vn 0.0000 1.0000 0.0000
vn 0.0000 1.0000 0.0000
vn 0.0000 1.0000 0.0000
vn 0.0000 1.0000 0.0000
vn 0.0000 1.0000 0.0000
vn 0.0000 1.0000 0.0000
vn 0.0000 1.0000 0.0000
vn 0.0000 1.0000 0.0000
vn 0.0000 1.0000 0.0000
vn 0.0000 1.0000 0.0000
vn 0.0000 1.0000 0.0000
vn 0.0000 1.0000 0.0000
vn 0.0000 1.0000 0.0000
vn 0.0000 1.0000 0.0000
vn 0.0000 1.0000 0.0000
vn 0.0000 1.0000 0.0000
vn 0.0000 1.0000 0.0000
vn 0.0000 1.0000 0.0000
vn 0.0000 1.0000 0.0000
vn 0.0000 1.0000 0.0000
vn 0.0000 1.0000 0.0000
vn 0.0000 1.0000 0.0000
vn 0.0000 1.0000 0.0000
vn 0.0000 1.0000 0.0000
vn 0.0000 1.0000 0.0000
vn 0.0000 1.0000 0.0000
vn 0.0000 1.0000 0.0000
vn 0.0000 1.0000 0.0000
vn 0.0000 1.0000 0.0000
vn 0.0000 1.0000 0.0000
vn 0.0000 1.0000 0.0000
vn 0.0000 1.0000 0.0000
vn 0.0000 1.0000 0.0000
vn 0.0000 1.0000 0.0000
vn 0.0000 1.0000 0.0000
vn 0.0000 1.0000 0.0000
vn 0.0000 1.0000 0.0000
vn 0.0000 1.0000 0.0000
vn 0.0000 1.0000 0.0000
vn 0.0000 1.0000 0.0000
vn 0.0000 1.0000 0.0000
vn 0.0000 1.0000 0.0000
vn 0.0000 1.0000 0.0000
vn 0.0000 1.0000 0.0000
vn 0.0000 1.0000 0.0000
vn 0.0000 1.0000 0.0000
vn 0.0000 1.0000 0.0000
vn 0.0000 1.0000 0.0000
vn 0.0000 1.0000 0.0000
vn 0.0000 1.0000 0.0000
vn 0.0000 1.0000 0.0000
vn 0.0000 1.0000 0.0000
vn 0.0000 1.0000 0.0000
vn 0.0000 1.0000 0.0000
vn 0.0000 1.0000 0.0000
vn 0.0000 1.0000 0.0000
vn 0.0000 1.0000 0.0000
vn 0.0000 1.0000 0.0000
vn 0.0000 1.0000 0.0000
vn 0.0000 1.0000 0.0000
vn 0.0000 1.0000 0.0000
vn 0.0000 1.0000 0.0000
vn 0.0000 1.0000 0.0000
vn 0.0000 1.0000 0.0000
vn 0.0000 1.0000 0.0000
vn 0.0000 1.0000 0.0000
vn 0.0000 1.0000 0.0000
vn 0.0000 1.0000 0.0000
vn 0.0000 1.0000 0.0000
vn 0.0000 1.0000 0.0000
vn 0.0000 1.0000 0.0000
vn 0.0000 1.0000 0.0000
vn 0.0000 1.0000 0.0000
vn 0.0000 1.0000 0.0000
vn 0.0000 1.0000 0.0000
vn 0.0000 1.0000 0.0000
vn 0.0000 1.0000 0.0000
vn 0.0000 1.0000 0.0000
vn 0.0000 1.0000 0.0000
vn 0.0000 1.0000 0.0000
vn 0.0000 1.0000 0.0000
vn 0.0000 1.0000 0.0000
vn 0.0000 1.0000 0.0000
vn 0.0000 1.0000 0.0000
vn 0.0000 1.0000 0.0000
vn 0.0000 1.0000 0.0000
vn 0.0000 1.0000 0.0000
vn 0.0000 1.0000 0.0000
vn 0.0000 1.0000 0.0000
vn 0.0000 1.0000 0.0000
vn 0.0000 1.0000 0.0000
vn 0.0000 1.0000 0.0000
vn 0.0000 1.0000 0.0000
vn 0.0000 1.0000 0.0000
vn 0.0000 1.0000 0.0000
vn 0.0000 1.0000 0.0000
vn 0.0000 1.0000 0.0000
vn 0.0000 1.0000 0.0000
vn 0.0000 1.0000 0.0000
vn 0.0000 1.0000 0.0000
vn 0.0000 1.0000 0.0000
vn 0.0000 1.0000 0.0000
vn 0.0000 1.0000 0.0000
vn 0.0000 1.0000 0.0000
vn 0.0000 1.0000 0.0000
vn 0.0000 1.0000 0.0000
vn 0.0000 1.0000 0.0000
vn 0.0000 1.0000 0.0000
vn 0.0000 1.0000 0.0000
vn 0.0000 1.0000 0.0000
vn 0.0000 1.0000 0.0000
vn 0.0000 1.0000 0.0000
vn 0.0000 1.0000 0.0000
vn 0.0000 1.0000 0.0000
vn 0.0000 1.0000 0.0000
vn 0.0000 1.0000 0.0000
vn 0.0000 1.0000 0.0000
vn 0.0000 1.0000 0.0000
vn 0.0000 1.0000 0.0000
vn 0.0000 1.0000 0.0000
vn 0.0000 1.0000 0.0000
vn 0.0000 1.0000 0.0000
vn 0.0000 1.0000 0.0000
vn 0.0000 1.0000 0.0000
vn 0.0000 1.0000 0.0000
vn 0.0000 1.0000 0.0000
vn 0.0000 1.0000 0.0000
vn 0.0000 1.0000 0.0000
vn 0.0000 1.0000 0.0000
vn 0.0000 1.0000 0.0000
vn 0.0000 1.0000 0.0000
vn 0.0000 1.0000 0.0000
vn 0.0000 1.0000 0.0000
vn 0.0000 1.0000 0.0000
vn 0.0000 1.0000 0.0000
vn 0.0000 1.0000 0.0000
vn 0.0000 1.0000 0.0000
vn 0.0000 1.0000 0.0000
vn 0.0000 1.0000 0.0000
vn 0.0000 1.0000 0.0000
f 1 2 3
f 4 5 6
f 7 8 9
f 10 11 12
f 13 14 15
f 16 17 18
f 19 20 21
f 22 23 24
f 25 26 27
f 28 29 30
f 31 32 33
f 34 35 36
f 37 38 39
f 40 41 42
f 43 44 45
f 46 47 48
f 49 50 51
f 52 53 54
f 55 56 57
f 58 59 60
f 61 62 63
f 64 65 66
f 67 68 69
f 70 71 72
f 73 74 75
f 76 77 78
f 79 80 81
f 82 83 84
f 85 86 87
f 88 89 90
f 91 92 93
f 94 95 96
f 97 98 99
f 100 101 102
f 103 104 105
f 106 107 108
f 109 110 111
f 112 113 114
f 115 116 117
f 118 119 120
f 121 122 123
f 124 125 126
f 127 128 129
f 130 131 132
f 133 134 135
f 136 137 138
f 139 140 141
f 142 143 144
f 145 146 147
f 148 149 150
f 151 152 153
f 154 155 156
f 157 158 159
f 160 161 162
f 163 164 165
f 166 167 168
f 169 170 171
f 172 173 174
f 175 176 177
f 178 179 180
f 181 182 183
f 184 185 186
f 187 188 189
f 190 191 192
f 193 194 195
f 196 197 198
f 199 200 201
f 202 203 204
f 205 206 207
f 208 209 210
f 211 212 213
f 214 215 216
f 217 218 219
f 220 221 222
f 223 224 225
f 226 227 228
f 229 230 231
f 232 233 234
f 235 236 237
f 238 239 240
f 241 242 243
f 244 245 246
f 247 248 249
f 250 251 252
f 253 254 255
f 256 257 258
f 259 260 261
f 262 263 264
f 265 266 267
f 268 269 270
f 271 272 273
f 274 275 276
f 277 278 279
f 280 281 282
f 283 284 285
f 286 287 288
f 289 290 291
f 292 293 294
f 295 296 297
f 298 299 300
f 301 302 303
f 304 305 306
f 307 308 309
f 310 311 312
f 313 314 315
f 316 317 318
f 319 320 321
f 322 323 324
f 325 326 327
f 328 329 330
f 331 332 333
f 334 335 336
f 337 338 339
f 340 341 342
f 343 344 345
f 346 347 348
f 349 350 351
f 352 353 354
f 355 356 357
f 358 359 360
f 361 362 363
f 364 365 366
f 367 368 369
f 370 371 372
f 373 374 375
f 376 377 378
f 379 380 381
f 382 383 384
f 385 386 387
f 388 389 390
f 391 392 393
f 394 395 396
f 397 398 399
f 400 401 402
f 403 404 405
f 406 407 408
f 409 410 411
f 412 413 414
f 415 416 417
f 418 419 420
f 421 422 423
f 424 425 426
f 427 428 429
f 430 431 432
f 433 434 435
f 436 437 438
f 439 440 441
f 442 443 444
f 445 446 447
f 448 449 450
f 451 452 453
f 454 455 456
f 457 458 459
f 460 461 462
f 463 464 465
f 466 467 468
f 469 470 471
f 472 473 474
f 475 476 477
f 478 479 480
f 481 482 483
f 484 485 486
f 487 488 489
f 490 491 492
f 493 494 495
f 496 497 498
f 499 500 501
f 502 503 504
f 505 506 507
f 508 509 510
f 511 512 513
f 514 515 516
f 517 518 519
f 520 521 522
f 523 524 525
f 526 527 528
f 529 530 531
f 532 533 534
f 535 536 537
f 538 539 540
f 541 542 543
f 544 545 546
f 547 548 549
f 550 551 552
f 553 554 555
f 556 557 558
f 559 560 561
f 562 563 564
f 565 566 567
f 568 569 570
f 571 572 573
f 574 575 576
f 577 578 579
f 580 581 582
f 583 584 585
f 586 587 588
f 589 590 591
f 592 593 594
f 595 596 597
f 598 599 600
f 601 602 603
f 604 605 606
f 607 608 609
f 610 611 612
f 613 614 615
f 616 617 618
f 619 620 621
f 622 623 624
f 625 626 627
f 628 629 630
f 631 632 633
f 634 635 636
f 637 638 639
f 640 641 642
f 643 644 645
f 646 647 648
f 649 650 651
f 652 653 654
f 655 656 657
f 658 659 660
f 661 662 663
f 664 665 666
f 667 668 669
f 670 671 672
f 673 674 675
f 676 677 678
f 679 680 681
f 682 683 684
f 685 686 687
f 688 689 690
f 691 692 693
f 694 695 696
f 697 698 699
f 700 701 702
f 703 704 705
f 706 707 708
f 709 710 711
f 712 713 714
f 715 716 717
f 718 719 720
f 721 722 723
f 724 725 726
f 727 728 729
f 730 731 732
f 733 734 735
f 736 737 738
f 739 740 741
f 742 743 744
f 745 746 747
f 748 749 750
f 751 752 753
f 754 755 756
f 757 758 759
f 760 761 762
f 763 764 765
f 766 767 768
f 769 770 771
f 772 773 774
f 775 776 777
f 778 779 780
f 781 782 783
f 784 785 786
f 787 788 789
f 790 791 792
f 793 794 795
f 796 797 798
f 799 800 801
f 802 803 804
f 805 806 807
f 808 809 810
f 811 812 813
f 814 815 816
f 817 818 819
f 820 821 822
f 823 824 825
f 826 827 828
f 829 830 831
f 832 833 834
f 835 836 837
f 838 839 840
f 841 842 843
f 844 845 846
f 847 848 849
f 850 851 852
f 853 854 855
f 856 857 858
f 859 860 861
f 862 863 864
f 865 866 867
f 868 869 870
f 871 872 873
f 874 875 876
f 877 878 879
f 880 881 882
f 883 884 885
f 886 887 888
f 889 890 891
f 892 893 894
f 895 896 897
f 898 899 900
f 901 902 903
f 904 905 906
f 907 908 909
f 910 911 912
f 913 914 915
f 916 917 918
f 919 920 921
f 922 923 924
f 925 926 927
f 928 929 930
f 931 932 933
f 934 935 936
f 937 938 939
f 940 941 942
f 943 944 945
f 946 947 948
f 949 950 951
f 952 953 954
f 955 956 957
f 958 959 960
f 961 962 963
f 964 965 966
f 967 968 969
f 970 971 972
f 973 974 975
f 976 977 978
f 979 980 981
f 982 983 984
f 985 986 987
f 988 989 990
f 991 992 993
f 994 995 996
f 997 998 999
f 1000 1001 1002
f 1003 1004 1005
f 1006 1007 1008
f 1009 1010 1011
f 1012 1013 1014
f 1015 1016 1017
f 1018 1019 1020
f 1021 1022 1023
f 1024 1025 1026
f 1027 1028 1029
f 1030 1031 1032
f 1033 1034 1035
f 1036 1037 1038
f 1039 1040 1041
f 1042 1043 1044
f 1045 1046 1047
f 1048 1049 1050
f 1051 1052 1053
f 1054 1055 1056
f 1057 1058 1059
f 1060 1061 1062
f 1063 1064 1065
f 1066 1067 1068
f 1069 1070 1071
f 1072 1073 1074
f 1075 1076 1077
f 1078 1079 1080
f 1081 1082 1083
f 1084 1085 1086
f 1087 1088 1089
f 1090 1091 1092
f 1093 1094 1095
f 1096 1097 1098
f 1099 1100 1101
f 1102 1103 1104
f 1105 1106 1107
f 1108 1109 1110
f 1111 1112 1113
f 1114 1115 1116
f 1117 1118 1119
f 1120 1121 1122
f 1123 1124 1125
f 1126 1127 1128
f 1129 1130 1131
f 1132 1133 1134
f 1135 1136 1137
f 1138 1139 1140
f 1141 1142 1143
f 1144 1145 1146
f 1147 1148 1149
f 1150 1151 1152
f 1153 1154 1155
f 1156 1157 1158
f 1159 1160 1161
f 1162 1163 1164
f 1165 1166 1167
f 1168 1169 1170
f 1171 1172 1173
f 1174 1175 1176
f 1177 1178 1179
f 1180 1181 1182
f 1183 1184 1185
f 1186 1187 1188
f 1189 1190 1191
f 1192 1193 1194
f 1195 1196 1197
f 1198 1199 1200
f 1201 1202 1203
f 1204 1205 1206
f 1207 1208 1209
f 1210 1211 1212
f 1213 1214 1215
f 1216 1217 1218
f 1219 1220 1221
f 1222 1223 1224
f 1225 1226 1227
f 1228 1229 1230
f 1231 1232 1233
f 1234 1235 1236
f 1237 1238 1239
f 1240 1241 1242
f 1243 1244 1245
f 1246 1247 1248
f 1249 1250 1251
f 1252 1253 1254
f 1255 1256 1257
f 1258 1259 1260
f 1261 1262 1263
f 1264 1265 1266
f 1267 1268 1269
f 1270 1271 1272
f 1273 1274 1275
f 1276 1277 1278
f 1279 1280 1281
f 1282 1283 1284
f 1285 1286 1287
f 1288 1289 1290
f 1291 1292 1293
f 1294 1295 1296
f 1297 1298 1299
f 1300 1301 1302
f 1303 1304 1305
f 1306 1307 1308
f 1309 1310 1311
f 1312 1313 1314
f 1315 1316 1317
f 1318 1319 1320
f 1321 1322 1323
f 1324 1325 1326
f 1327 1328 1329
f 1330 1331 1332
f 1333 1334 1335
f 1336 1337 1338
f 1339 1340 1341
f 1342 1343 1344
f 1345 1346 1347
f 1348 1349 1350
f 1351 1352 1353
f 1354 1355 1356
f 1357 1358 1359
f 1360 1361 1362
f 1363 1364 1365
f 1366 1367 1368
f 1369 1370 1371
f 1372 1373 1374
f 1375 1376 1377
f 1378 1379 1380
f 1381 1382 1383
f 1384 1385 1386
f 1387 1388 1389
f 1390 1391 1392
f 1393 1394 1395
f 1396 1397 1398
f 1399 1400 1401
f 1402 1403 1404
f 1405 1406 1407
f 1408 1409 1410
f 1411 1412 1413
f 1414 1415 1416
f 1417 1418 1419
f 1420 1421 1422
f 1423 1424 1425
f 1426 1427 1428
f 1429 1430 1431
f 1432 1433 1434
f 1435 1436 1437
f 1438 1439 1440
f 1441 1442 1443
f 1444 1445 1446
f 1447 1448 1449
f 1450 1451 1452
f 1453 1454 1455
f 1456 1457 1458
f 1459 1460 1461
f 1462 1463 1464
f 1465 1466 1467
f 1468 1469 1470
f 1471 1472 1473
f 1474 1475 1476
f 1477 1478 1479
f 1480 1481 1482
f 1483 1484 1485
f 1486 1487 1488
f 1489 1490 1491
f 1492 1493 1494
f 1495 1496 1497
f 1498 1499 1500
f 1501 1502 1503
f 1504 1505 1506
f 1507 1508 1509
f 1510 1511 1512
f 1513 1514 1515
f 1516 1517 1518
f 1519 1520 1521
f 1522 1523 1524
f 1525 1526 1527
f 1528 1529 1530
f 1531 1532 1533
f 1534 1535 1536
f 1537 1538 1539
f 1540 1541 1542
f 1543 1544 1545
f 1546 1547 1548
f 1549 1550 1551
f 1552 1553 1554
f 1555 1556 1557
f 1558 1559 1560
f 1561 1562 1563
f 1564 1565 1566
f 1567 1568 1569
f 1570 1571 1572
f 1573 1574 1575
f 1576 1577 1578
f 1579 1580 1581
f 1582 1583 1584
f 1585 1586 1587
f 1588 1589 1590
f 1591 1592 1593
f 1594 1595 1596
f 1597 1598 1599
f 1600 1601 1602
f 1603 1604 1605
f 1606 1607 1608
f 1609 1610 1611
f 1612 1613 1614
f 1615 1616 1617
f 1618 1619 1620
f 1621 1622 1623
f 1624 1625 1626
f 1627 1628 1629
f 1630 1631 1632
f 1633 1634 1635
f 1636 1637 1638
f 1639 1640 1641
f 1642 1643 1644
f 1645 1646 1647
f 1648 1649 1650
f 1651 1652 1653
f 1654 1655 1656
f 1657 1658 1659
f 1660 1661 1662
f 1663 1664 1665
f 1666 1667 1668
f 1669 1670 1671
f 1672 1673 1674
f 1675 1676 1677
f 1678 1679 1680
f 1681 1682 1683
f 1684 1685 1686
f 1687 1688 1689
f 1690 1691 1692
f 1693 1694 1695
f 1696 1697 1698
f 1699 1700 1701
f 1702 1703 1704
f 1705 1706 1707
f 1708 1709 1710
f 1711 1712 1713
f 1714 1715 1716
f 1717 1718 1719
f 1720 1721 1722
f 1723 1724 1725
f 1726 1727 1728
f 1729 1730 1731
f 1732 1733 1734
f 1735 1736 1737
f 1738 1739 1740
f 1741 1742 1743
f 1744 1745 1746
f 1747 1748 1749
f 1750 1751 1752
f 1753 1754 1755
f 1756 1757 1758
f 1759 1760 1761
f 1762 1763 1764
f 1765 1766 1767
f 1768 1769 1770
f 1771 1772 1773
f 1774 1775 1776
f 1777 1778 1779
f 1780 1781 1782
f 1783 1784 1785
f 1786 1787 1788
f 1789 1790 1791
f 1792 1793 1794
f 1795 1796 1797
f 1798 1799 1800
f 1801 1802 1803
f 1804 1805 1806
f 1807 1808 1809
f 1810 1811 1812
f 1813 1814 1815
f 1816 1817 1818
f 1819 1820 1821
f 1822 1823 1824
f 1825 1826 1827
f 1828 1829 1830
f 1831 1832 1833
f 1834 1835 1836
f 1837 1838 1839
f 1840 1841 1842
f 1843 1844 1845
f 1846 1847 1848
f 1849 1850 1851
f 1852 1853 1854
f 1855 1856 1857
f 1858 1859 1860
f 1861 1862 1863
f 1864 1865 1866
f 1867 1868 1869
f 1870 1871 1872
f 1873 1874 1875
f 1876 1877 1878
f 1879 1880 1881
f 1882 1883 1884
f 1885 1886 1887
f 1888 1889 1890
f 1891 1892 1893
f 1894 1895 1896
f 1897 1898 1899
f 1900 1901 1902
f 1903 1904 1905
f 1906 1907 1908
f 1909 1910 1911
f 1912 1913 1914
f 1915 1916 1917
f 1918 1919 1920
f 1921 1922 1923
f 1924 1925 1926
f 1927 1928 1929
f 1930 1931 1932
f 1933 1934 1935
f 1936 1937 1938
f 1939 1940 1941
f 1942 1943 1944
f 1945 1946 1947
f 1948 1949 1950
f 1951 1952 1953
f 1954 1955 1956
f 1957 1958 1959
f 1960 1961 1962
f 1963 1964 1965
f 1966 1967 1968
f 1969 1970 1971
f 1972 1973 1974
f 1975 1976 1977
f 1978 1979 1980
f 1981 1982 1983
f 1984 1985 1986
f 1987 1988 1989
f 1990 1991 1992
f 1993 1994 1995
f 1996 1997 1998
f 1999 2000 2001
f 2002 2003 2004
f 2005 2006 2007
f 2008 2009 2010
f 2011 2012 2013
f 2014 2015 2016
f 2017 2018 2019
f 2020 2021 2022
f 2023 2024 2025
f 2026 2027 2028
f 2029 2030 2031
f 2032 2033 2034
f 2035 2036 2037
f 2038 2039 2040
f 2041 2042 2043
f 2044 2045 2046
f 2047 2048 2049
f 2050 2051 2052
f 2053 2054 2055
f 2056 2057 2058
f 2059 2060 2061
f 2062 2063 2064
f 2065 2066 2067
f 2068 2069 2070
f 2071 2072 2073
f 2074 2075 2076
f 2077 2078 2079
f 2080 2081 2082
f 2083 2084 2085
f 2086 2087 2088
f 2089 2090 2091
f 2092 2093 2094
f 2095 2096 2097
f 2098 2099 2100
f 2101 2102 2103
f 2104 2105 2106
f 2107 2108 2109
f 2110 2111 2112
f 2113 2114 2115
f 2116 2117 2118
f 2119 2120 2121
f 2122 2123 2124
f 2125 2126 2127
f 2128 2129 2130
f 2131 2132 2133
f 2134 2135 2136
f 2137 2138 2139
f 2140 2141 2142
f 2143 2144 2145
f 2146 2147 2148
f 2149 2150 2151
f 2152 2153 2154
f 2155 2156 2157
f 2158 2159 2160
f 2161 2162 2163
f 2164 2165 2166
f 2167 2168 2169
f 2170 2171 2172
f 2173 2174 2175
f 2176 2177 2178
f 2179 2180 2181
f 2182 2183 2184
f 2185 2186 2187
f 2188 2189 2190
f 2191 2192 2193
f 2194 2195 2196
f 2197 2198 2199
f 2200 2201 2202
f 2203 2204 2205
f 2206 2207 2208
f 2209 2210 2211
f 2212 2213 2214
f 2215 2216 2217
f 2218 2219 2220
f 2221 2222 2223
f 2224 2225 2226
f 2227 2228 2229
f 2230 2231 2232
f 2233 2234 2235
f 2236 2237 2238
f 2239 2240 2241
f 2242 2243 2244
f 2245 2246 2247
f 2248 2249 2250
f 2251 2252 2253
f 2254 2255 2256
f 2257 2258 2259
f 2260 2261 2262
f 2263 2264 2265
f 2266 2267 2268
f 2269 2270 2271
f 2272 2273 2274
f 2275 2276 2277
f 2278 2279 2280
f 2281 2282 2283
f 2284 2285 2286
f 2287 2288 2289
f 2290 2291 2292
f 2293 2294 2295
f 2296 2297 2298
f 2299 2300 2301
f 2302 2303 2304
f 2305 2306 2307
f 2308 2309 2310
f 2311 2312 2313
f 2314 2315 2316
f 2317 2318 2319
f 2320 2321 2322
f 2323 2324 2325
f 2326 2327 2328
f 2329 2330 2331
f 2332 2333 2334
f 2335 2336 2337
f 2338 2339 2340
f 2341 2342 2343
f 2344 2345 2346
f 2347 2348 2349
f 2350 2351 2352
f 2353 2354 2355
f 2356 2357 2358
f 2359 2360 2361
f 2362 2363 2364
f 2365 2366 2367
f 2368 2369 2370
f 2371 2372 2373
f 2374 2375 2376
f 2377 2378 2379
f 2380 2381 2382
f 2383 2384 2385
f 2386 2387 2388
f 2389 2390 2391
f 2392 2393 2394
f 2395 2396 2397
f 2398 2399 2400
f 2401 2402 2403
f 2404 2405 2406
f 2407 2408 2409
f 2410 2411 2412
f 2413 2414 2415
f 2416 2417 2418
f 2419 2420 2421
f 2422 2423 2424
f 2425 2426 2427
f 2428 2429 2430
f 2431 2432 2433
f 2434 2435 2436
f 2437 2438 2439
f 2440 2441 2442
f 2443 2444 2445
f 2446 2447 2448
f 2449 2450 2451
f 2452 2453 2454
f 2455 2456 2457
f 2458 2459 2460
f 2461 2462 2463
f 2464 2465 2466
f 2467 2468 2469
f 2470 2471 2472
f 2473 2474 2475
f 2476 2477 2478
f 2479 2480 2481
f 2482 2483 2484
f 2485 2486 2487
f 2488 2489 2490
f 2491 2492 2493
f 2494 2495 2496
f 2497 2498 2499
f 2500 2501 2502
f 2503 2504 2505
f 2506 2507 2508
f 2509 2510 2511
f 2512 2513 2514
f 2515 2516 2517
f 2518 2519 2520
f 2521 2522 2523
f 2524 2525 2526
f 2527 2528 2529
f 2530 2531 2532
f 2533 2534 2535
f 2536 2537 2538
f 2539 2540 2541
f 2542 2543 2544
f 2545 2546 2547
f 2548 2549 2550
f 2551 2552 2553
f 2554 2555 2556
f 2557 2558 2559
f 2560 2561 2562
f 2563 2564 2565
f 2566 2567 2568
f 2569 2570 2571
f 2572 2573 2574
f 2575 2576 2577
f 2578 2579 2580
f 2581 2582 2583
f 2584 2585 2586
f 2587 2588 2589
f 2590 2591 2592
f 2593 2594 2595
f 2596 2597 2598
f 2599 2600 2601
f 2602 2603 2604
f 2605 2606 2607
f 2608 2609 2610
f 2611 2612 2613
f 2614 2615 2616
f 2617 2618 2619
f 2620 2621 2622
f 2623 2624 2625
f 2626 2627 2628
f 2629 2630 2631
f 2632 2633 2634
f 2635 2636 2637
f 2638 2639 2640
f 2641 2642 2643
f 2644 2645 2646
f 2647 2648 2649
f 2650 2651 2652
f 2653 2654 2655
f 2656 2657 2658
f 2659 2660 2661
f 2662 2663 2664
f 2665 2666 2667
f 2668 2669 2670
f 2671 2672 2673
f 2674 2675 2676
f 2677 2678 2679
f 2680 2681 2682
f 2683 2684 2685
f 2686 2687 2688
f 2689 2690 2691
f 2692 2693 2694
f 2695 2696 2697
f 2698 2699 2700
f 2701 2702 2703
f 2704 2705 2706
f 2707 2708 2709
f 2710 2711 2712
f 2713 2714 2715
f 2716 2717 2718
f 2719 2720 2721
f 2722 2723 2724
f 2725 2726 2727
f 2728 2729 2730
f 2731 2732 2733
f 2734 2735 2736
f 2737 2738 2739
f 2740 2741 2742
f 2743 2744 2745
f 2746 2747 2748
f 2749 2750 2751
f 2752 2753 2754
f 2755 2756 2757
f 2758 2759 2760
f 2761 2762 2763
f 2764 2765 2766
f 2767 2768 2769
f 2770 2771 2772
f 2773 2774 2775
f 2776 2777 2778
f 2779 2780 2781
f 2782 2783 2784
f 2785 2786 2787
f 2788 2789 2790
f 2791 2792 2793
f 2794 2795 2796
f 2797 2798 2799
f 2800 2801 2802
f 2803 2804 2805
f 2806 2807 2808
f 2809 2810 2811
f 2812 2813 2814
f 2815 2816 2817
f 2818 2819 2820
f 2821 2822 2823
f 2824 2825 2826
f 2827 2828 2829
f 2830 2831 2832
f 2833 2834 2835
f 2836 2837 2838
f 2839 2840 2841
f 2842 2843 2844
f 2845 2846 2847
f 2848 2849 2850
f 2851 2852 2853
f 2854 2855 2856
f 2857 2858 2859
f 2860 2861 2862
f 2863 2864 2865
f 2866 2867 2868
f 2869 2870 2871
f 2872 2873 2874
f 2875 2876 2877
f 2878 2879 2880
f 2881 2882 2883
f 2884 2885 2886
f 2887 2888 2889
f 2890 2891 2892
f 2893 2894 2895
f 2896 2897 2898
f 2899 2900 2901
f 2902 2903 2904
f 2905 2906 2907
f 2908 2909 2910
f 2911 2912 2913
f 2914 2915 2916
f 2917 2918 2919
f 2920 2921 2922
f 2923 2924 2925
f 2926 2927 2928
f 2929 2930 2931
f 2932 2933 2934
f 2935 2936 2937
f 2938 2939 2940
f 2941 2942 2943
f 2944 2945 2946
f 2947 2948 2949
f 2950 2951 2952
f 2953 2954 2955
f 2956 2957 2958
f 2959 2960 2961
f 2962 2963 2964
f 2965 2966 2967
f 2968 2969 2970
f 2971 2972 2973
f 2974 2975 2976
f 2977 2978 2979
f 2980 2981 2982
f 2983 2984 2985
f 2986 2987 2988
f 2989 2990 2991
f 2992 2993 2994
f 2995 2996 2997
f 2998 2999 3000
f 3001 3002 3003
f 3004 3005 3006
f 3007 3008 3009
f 3010 3011 3012
f 3013 3014 3015
f 3016 3017 3018
f 3019 3020 3021
f 3022 3023 3024
f 3025 3026 3027
f 3028 3029 3030
f 3031 3032 3033
f 3034 3035 3036
f 3037 3038 3039
f 3040 3041 3042
f 3043 3044 3045
f 3046 3047 3048
f 3049 3050 3051
f 3052 3053 3054
f 3055 3056 3057
f 3058 3059 3060
f 3061 3062 3063
f 3064 3065 3066
f 3067 3068 3069
f 3070 3071 3072
f 3073 3074 3075
f 3076 3077 3078
f 3079 3080 3081
f 3082 3083 3084
f 3085 3086 3087
f 3088 3089 3090
f 3091 3092 3093
f 3094 3095 3096
f 3097 3098 3099
f 3100 3101 3102
f 3103 3104 3105
f 3106 3107 3108
f 3109 3110 3111
f 3112 3113 3114
f 3115 3116 3117
f 3118 3119 3120
f 3121 3122 3123
f 3124 3125 3126
f 3127 3128 3129
f 3130 3131 3132
f 3133 3134 3135
f 3136 3137 3138
f 3139 3140 3141
f 3142 3143 3144
f 3145 3146 3147
f 3148 3149 3150
f 3151 3152 3153
f 3154 3155 3156
f 3157 3158 3159
f 3160 3161 3162
f 3163 3164 3165
f 3166 3167 3168
f 3169 3170 3171
f 3172 3173 3174
f 3175 3176 3177
f 3178 3179 3180
f 3181 3182 3183
f 3184 3185 3186
f 3187 3188 3189
f 3190 3191 3192
f 3193 3194 3195
f 3196 3197 3198
f 3199 3200 3201
f 3202 3203 3204
f 3205 3206 3207
f 3208 3209 3210
f 3211 3212 3213
f 3214 3215 3216
f 3217 3218 3219
f 3220 3221 3222
f 3223 3224 3225
f 3226 3227 3228
f 3229 3230 3231
f 3232 3233 3234
f 3235 3236 3237
f 3238 3239 3240
f 3241 3242 3243
f 3244 3245 3246
f 3247 3248 3249
f 3250 3251 3252
f 3253 3254 3255
f 3256 3257 3258
f 3259 3260 3261
f 3262 3263 3264
f 3265 3266 3267
f 3268 3269 3270
f 3271 3272 3273
f 3274 3275 3276
f 3277 3278 3279
f 3280 3281 3282
f 3283 3284 3285
f 3286 3287 3288
f 3289 3290 3291
f 3292 3293 3294
f 3295 3296 3297
f 3298 3299 3300
f 3301 3302 3303
f 3304 3305 3306
f 3307 3308 3309
f 3310 3311 3312
f 3313 3314 3315
f 3316 3317 3318
f 3319 3320 3321
f 3322 3323 3324
f 3325 3326 3327
f 3328 3329 3330
f 3331 3332 3333
f 3334 3335 3336
f 3337 3338 3339
f 3340 3341 3342
f 3343 3344 3345
f 3346 3347 3348
f 3349 3350 3351
f 3352 3353 3354
f 3355 3356 3357
f 3358 3359 3360
f 3361 3362 3363
f 3364 3365 3366
f 3367 3368 3369
f 3370 3371 3372
f 3373 3374 3375
f 3376 3377 3378
f 3379 3380 3381
f 3382 3383 3384
f 3385 3386 3387
f 3388 3389 3390
f 3391 3392 3393
f 3394 3395 3396
f 3397 3398 3399
f 3400 3401 3402
f 3403 3404 3405
f 3406 3407 3408
f 3409 3410 3411
f 3412 3413 3414
f 3415 3416 3417
f 3418 3419 3420
f 3421 3422 3423
f 3424 3425 3426
f 3427 3428 3429
f 3430 3431 3432
f 3433 3434 3435
f 3436 3437 3438
f 3439 3440 3441
f 3442 3443 3444
f 3445 3446 3447
f 3448 3449 3450
f 3451 3452 3453
f 3454 3455 3456
f 3457 3458 3459
f 3460 3461 3462
f 3463 3464 3465
f 3466 3467 3468
f 3469 3470 3471
f 3472 3473 3474
f 3475 3476 3477
f 3478 3479 3480
f 3481 3482 3483
f 3484 3485 3486
f 3487 3488 3489
f 3490 3491 3492
f 3493 3494 3495
f 3496 3497 3498
f 3499 3500 3501
f 3502 3503 3504
f 3505 3506 3507
f 3508 3509 3510
f 3511 3512 3513
f 3514 3515 3516
f 3517 3518 3519
f 3520 3521 3522
f 3523 3524 3525
f 3526 3527 3528
f 3529 3530 3531
f 3532 3533 3534
f 3535 3536 3537
f 3538 3539 3540
f 3541 3542 3543
f 3544 3545 3546
f 3547 3548 3549
f 3550 3551 3552
f 3553 3554 3555
f 3556 3557 3558
f 3559 3560 3561
f 3562 3563 3564
f 3565 3566 3567
f 3568 3569 3570
f 3571 3572 3573
f 3574 3575 3576
f 3577 3578 3579
f 3580 3581 3582
f 3583 3584 3585
f 3586 3587 3588
f 3589 3590 3591
f 3592 3593 3594
f 3595 3596 3597
f 3598 3599 3600
f 3601 3602 3603
f 3604 3605 3606
f 3607 3608 3609
f 3610 3611 3612
f 3613 3614 3615
f 3616 3617 3618
f 3619 3620 3621
f 3622 3623 3624
f 3625 3626 3627
f 3628 3629 3630
f 3631 3632 3633
f 3634 3635 3636
f 3637 3638 3639
f 3640 3641 3642
f 3643 3644 3645
f 3646 3647 3648
f 3649 3650 3651
f 3652 3653 3654
f 3655 3656 3657
f 3658 3659 3660
f 3661 3662 3663
f 3664 3665 3666
f 3667 3668 3669
f 3670 3671 3672
f 3673 3674 3675
f 3676 3677 3678
f 3679 3680 3681
f 3682 3683 3684
f 3685 3686 3687
f 3688 3689 3690
f 3691 3692 3693
f 3694 3695 3696
f 3697 3698 3699
f 3700 3701 3702
f 3703 3704 3705
f 3706 3707 3708
f 3709 3710 3711
f 3712 3713 3714
f 3715 3716 3717
f 3718 3719 3720
f 3721 3722 3723
f 3724 3725 3726
f 3727 3728 3729
f 3730 3731 3732
f 3733 3734 3735
f 3736 3737 3738
f 3739 3740 3741
f 3742 3743 3744
f 3745 3746 3747
f 3748 3749 3750
f 3751 3752 3753
f 3754 3755 3756
f 3757 3758 3759
f 3760 3761 3762
f 3763 3764 3765
f 3766 3767 3768
f 3769 3770 3771
f 3772 3773 3774
f 3775 3776 3777
f 3778 3779 3780
f 3781 3782 3783
f 3784 3785 3786
f 3787 3788 3789
f 3790 3791 3792
f 3793 3794 3795
f 3796 3797 3798
f 3799 3800 3801
f 3802 3803 3804
f 3805 3806 3807
f 3808 3809 3810
f 3811 3812 3813
f 3814 3815 3816
f 3817 3818 3819
f 3820 3821 3822
f 3823 3824 3825
f 3826 3827 3828
f 3829 3830 3831
f 3832 3833 3834
f 3835 3836 3837
f 3838 3839 3840
f 3841 3842 3843
f 3844 3845 3846
f 3847 3848 3849
f 3850 3851 3852
f 3853 3854 3855
f 3856 3857 3858
f 3859 3860 3861
f 3862 3863 3864
f 3865 3866 3867
f 3868 3869 3870
f 3871 3872 3873
f 3874 3875 3876
f 3877 3878 3879
f 3880 3881 3882
f 3883 3884 3885
f 3886 3887 3888
f 3889 3890 3891
f 3892 3893 3894
f 3895 3896 3897
f 3898 3899 3900
f 3901 3902 3903
f 3904 3905 3906
f 3907 3908 3909
f 3910 3911 3912
f 3913 3914 3915
f 3916 3917 3918
f 3919 3920 3921
f 3922 3923 3924
f 3925 3926 3927
f 3928 3929 3930
f 3931 3932 3933
f 3934 3935 3936
f 3937 3938 3939
f 3940 3941 3942
f 3943 3944 3945
f 3946 3947 3948
f 3949 3950 3951
f 3952 3953 3954
f 3955 3956 3957
f 3958 3959 3960
f 3961 3962 3963
f 3964 3965 3966
f 3967 3968 3969
f 3970 3971 3972
f 3973 3974 3975
f 3976 3977 3978
f 3979 3980 3981
f 3982 3983 3984
f 3985 3986 3987
f 3988 3989 3990
f 3991 3992 3993
f 3994 3995 3996
f 3997 3998 3999
f 4000 4001 4002
f 4003 4004 4005
f 4006 4007 4008
f 4009 4010 4011
f 4012 4013 4014
f 4015 4016 4017
f 4018 4019 4020
f 4021 4022 4023
f 4024 4025 4026
f 4027 4028 4029
f 4030 4031 4032
f 4033 4034 4035
f 4036 4037 4038
f 4039 4040 4041
f 4042 4043 4044
f 4045 4046 4047
f 4048 4049 4050
f 4051 4052 4053
f 4054 4055 4056
f 4057 4058 4059
f 4060 4061 4062
f 4063 4064 4065
f 4066 4067 4068
f 4069 4070 4071
f 4072 4073 4074
f 4075 4076 4077
f 4078 4079 4080
f 4081 4082 4083
f 4084 4085 4086
f 4087 4088 4089
f 4090 4091 4092
f 4093 4094 4095
f 4096 4097 4098
f 4099 4100 4101
f 4102 4103 4104
f 4105 4106 4107
f 4108 4109 4110
f 4111 4112 4113
f 4114 4115 4116
f 4117 4118 4119
f 4120 4121 4122
f 4123 4124 4125
f 4126 4127 4128
f 4129 4130 4131
f 4132 4133 4134
f 4135 4136 4137
f 4138 4139 4140
f 4141 4142 4143
f 4144 4145 4146
f 4147 4148 4149
f 4150 4151 4152
f 4153 4154 4155
f 4156 4157 4158
f 4159 4160 4161
f 4162 4163 4164
f 4165 4166 4167
f 4168 4169 4170
f 4171 4172 4173
f 4174 4175 4176
f 4177 4178 4179
f 4180 4181 4182
f 4183 4184 4185
f 4186 4187 4188
f 4189 4190 4191
f 4192 4193 4194
f 4195 4196 4197
f 4198 4199 4200
f 4201 4202 4203
f 4204 4205 4206
f 4207 4208 4209
f 4210 4211 4212
f 4213 4214 4215
f 4216 4217 4218
f 4219 4220 4221
f 4222 4223 4224
f 4225 4226 4227
f 4228 4229 4230
f 4231 4232 4233
f 4234 4235 4236
f 4237 4238 4239
f 4240 4241 4242
f 4243 4244 4245
f 4246 4247 4248
f 4249 4250 4251
f 4252 4253 4254
f 4255 4256 4257
f 4258 4259 4260
f 4261 4262 4263
f 4264 4265 4266
f 4267 4268 4269
f 4270 4271 4272
f 4273 4274 4275
f 4276 4277 4278
f 4279 4280 4281
f 4282 4283 4284
f 4285 4286 4287
f 4288 4289 4290
f 4291 4292 4293
f 4294 4295 4296
f 4297 4298 4299
f 4300 4301 4302
f 4303 4304 4305
f 4306 4307 4308
f 4309 4310 4311
f 4312 4313 4314
f 4315 4316 4317
f 4318 4319 4320
f 4321 4322 4323
f 4324 4325 4326
f 4327 4328 4329
f 4330 4331 4332
f 4333 4334 4335
f 4336 4337 4338
f 4339 4340 4341
f 4342 4343 4344
f 4345 4346 4347
f 4348 4349 4350
f 4351 4352 4353
f 4354 4355 4356
f 4357 4358 4359
f 4360 4361 4362
f 4363 4364 4365
f 4366 4367 4368
f 4369 4370 4371
f 4372 4373 4374
f 4375 4376 4377
f 4378 4379 4380
f 4381 4382 4383
f 4384 4385 4386
f 4387 4388 4389
f 4390 4391 4392
f 4393 4394 4395
f 4396 4397 4398
f 4399 4400 4401
f 4402 4403 4404
f 4405 4406 4407
f 4408 4409 4410
f 4411 4412 4413
f 4414 4415 4416
f 4417 4418 4419
f 4420 4421 4422
f 4423 4424 4425
f 4426 4427 4428
f 4429 4430 4431
f 4432 4433 4434
f 4435 4436 4437
f 4438 4439 4440
f 4441 4442 4443
f 4444 4445 4446
f 4447 4448 4449
f 4450 4451 4452
f 4453 4454 4455
f 4456 4457 4458
f 4459 4460 4461
f 4462 4463 4464
f 4465 4466 4467
f 4468 4469 4470
f 4471 4472 4473
f 4474 4475 4476
f 4477 4478 4479
f 4480 4481 4482
f 4483 4484 4485
f 4486 4487 4488
f 4489 4490 4491
f 4492 4493 4494
f 4495 4496 4497
f 4498 4499 4500
f 4501 4502 4503
f 4504 4505 4506
f 4507 4508 4509
f 4510 4511 4512
f 4513 4514 4515
f 4516 4517 4518
f 4519 4520 4521
f 4522 4523 4524
f 4525 4526 4527
f 4528 4529 4530
f 4531 4532 4533
f 4534 4535 4536
f 4537 4538 4539
f 4540 4541 4542
f 4543 4544 4545
f 4546 4547 4548
f 4549 4550 4551
f 4552 4553 4554
f 4555 4556 4557
f 4558 4559 4560
f 4561 4562 4563
f 4564 4565 4566
f 4567 4568 4569
f 4570 4571 4572
f 4573 4574 4575
f 4576 4577 4578
f 4579 4580 4581
f 4582 4583 4584
f 4585 4586 4587
f 4588 4589 4590
f 4591 4592 4593
f 4594 4595 4596
f 4597 4598 4599
f 4600 4601 4602
f 4603 4604 4605
f 4606 4607 4608
f 4609 4610 4611
f 4612 4613 4614
f 4615 4616 4617
f 4618 4619 4620
f 4621 4622 4623
f 4624 4625 4626
f 4627 4628 4629
f 4630 4631 4632
f 4633 4634 4635
f 4636 4637 4638
f 4639 4640 4641
f 4642 4643 4644
f 4645 4646 4647
f 4648 4649 4650
f 4651 4652 4653
f 4654 4655 4656
f 4657 4658 4659
f 4660 4661 4662
f 4663 4664 4665
f 4666 4667 4668
f 4669 4670 4671
f 4672 4673 4674
f 4675 4676 4677
f 4678 4679 4680
f 4681 4682 4683
f 4684 4685 4686
f 4687 4688 4689
f 4690 4691 4692
f 4693 4694 4695
f 4696 4697 4698
f 4699 4700 4701
f 4702 4703 4704
f 4705 4706 4707
f 4708 4709 4710
f 4711 4712 4713
f 4714 4715 4716
f 4717 4718 4719
f 4720 4721 4722
f 4723 4724 4725
f 4726 4727 4728
f 4729 4730 4731
f 4732 4733 4734
f 4735 4736 4737
f 4738 4739 4740
f 4741 4742 4743
f 4744 4745 4746
f 4747 4748 4749
f 4750 4751 4752
f 4753 4754 4755
f 4756 4757 4758
f 4759 4760 4761
f 4762 4763 4764
f 4765 4766 4767
f 4768 4769 4770
f 4771 4772 4773
f 4774 4775 4776
f 4777 4778 4779
f 4780 4781 4782
f 4783 4784 4785
f 4786 4787 4788
f 4789 4790 4791
f 4792 4793 4794
f 4795 4796 4797
f 4798 4799 4800
f 4801 4802 4803
f 4804 4805 4806
f 4807 4808 4809
f 4810 4811 4812
f 4813 4814 4815
f 4816 4817 4818
f 4819 4820 4821
f 4822 4823 4824
f 4825 4826 4827
f 4828 4829 4830
f 4831 4832 4833
f 4834 4835 4836
f 4837 4838 4839
f 4840 4841 4842
f 4843 4844 4845
f 4846 4847 4848
f 4849 4850 4851
f 4852 4853 4854
f 4855 4856 4857
f 4858 4859 4860
f 4861 4862 4863
f 4864 4865 4866
f 4867 4868 4869
f 4870 4871 4872
f 4873 4874 4875
f 4876 4877 4878
f 4879 4880 4881
f 4882 4883 4884
f 4885 4886 4887
f 4888 4889 4890
f 4891 4892 4893
f 4894 4895 4896
f 4897 4898 4899
f 4900 4901 4902
f 4903 4904 4905
f 4906 4907 4908
f 4909 4910 4911
f 4912 4913 4914
f 4915 4916 4917
f 4918 4919 4920
f 4921 4922 4923
f 4924 4925 4926
f 4927 4928 4929
f 4930 4931 4932
f 4933 4934 4935
f 4936 4937 4938
f 4939 4940 4941
f 4942 4943 4944
f 4945 4946 4947
f 4948 4949 4950
f 4951 4952 4953
f 4954 4955 4956
f 4957 4958 4959
f 4960 4961 4962
f 4963 4964 4965
f 4966 4967 4968
f 4969 4970 4971
f 4972 4973 4974
f 4975 4976 4977
f 4978 4979 4980
f 4981 4982 4983
f 4984 4985 4986
f 4987 4988 4989
f 4990 4991 4992
f 4993 4994 4995
f 4996 4997 4998
f 4999 5000 5001
f 5002 5003 5004
f 5005 5006 5007
f 5008 5009 5010
f 5011 5012 5013
f 5014 5015 5016
f 5017 5018 5019
f 5020 5021 5022
f 5023 5024 5025
f 5026 5027 5028
f 5029 5030 5031
f 5032 5033 5034
f 5035 5036 5037
f 5038 5039 5040
f 5041 5042 5043
f 5044 5045 5046
f 5047 5048 5049
f 5050 5051 5052
f 5053 5054 5055
f 5056 5057 5058
f 5059 5060 5061
f 5062 5063 5064
f 5065 5066 5067
f 5068 5069 5070
f 5071 5072 5073
f 5074 5075 5076
f 5077 5078 5079
f 5080 5081 5082
f 5083 5084 5085
f 5086 5087 5088
f 5089 5090 5091
f 5092 5093 5094
f 5095 5096 5097
f 5098 5099 5100
f 5101 5102 5103
f 5104 5105 5106
f 5107 5108 5109
f 5110 5111 5112
f 5113 5114 5115
f 5116 5117 5118
f 5119 5120 5121
f 5122 5123 5124
f 5125 5126 5127
f 5128 5129 5130
f 5131 5132 5133
f 5134 5135 5136
f 5137 5138 5139
f 5140 5141 5142
f 5143 5144 5145
f 5146 5147 5148
f 5149 5150 5151
f 5152 5153 5154
f 5155 5156 5157
f 5158 5159 5160
f 5161 5162 5163
f 5164 5165 5166
f 5167 5168 5169
f 5170 5171 5172
f 5173 5174 5175
f 5176 5177 5178
f 5179 5180 5181
f 5182 5183 5184
f 5185 5186 5187
f 5188 5189 5190
f 5191 5192 5193
f 5194 5195 5196
f 5197 5198 5199
f 5200 5201 5202
f 5203 5204 5205
f 5206 5207 5208
f 5209 5210 5211
f 5212 5213 5214
f 5215 5216 5217
f 5218 5219 5220
f 5221 5222 5223
f 5224 5225 5226
f 5227 5228 5229
f 5230 5231 5232
f 5233 5234 5235
f 5236 5237 5238
f 5239 5240 5241
f 5242 5243 5244
f 5245 5246 5247
f 5248 5249 5250
f 5251 5252 5253
f 5254 5255 5256
f 5257 5258 5259
f 5260 5261 5262
f 5263 5264 5265
f 5266 5267 5268
f 5269 5270 5271
f 5272 5273 5274
f 5275 5276 5277
f 5278 5279 5280
f 5281 5282 5283
f 5284 5285 5286
f 5287 5288 5289
f 5290 5291 5292
f 5293 5294 5295
f 5296 5297 5298
f 5299 5300 5301
f 5302 5303 5304
f 5305 5306 5307
f 5308 5309 5310
f 5311 5312 5313
f 5314 5315 5316
f 5317 5318 5319
f 5320 5321 5322
f 5323 5324 5325
f 5326 5327 5328
f 5329 5330 5331
f 5332 5333 5334
f 5335 5336 5337
f 5338 5339 5340
f 5341 5342 5343
f 5344 5345 5346
f 5347 5348 5349
f 5350 5351 5352
f 5353 5354 5355
f 5356 5357 5358
f 5359 5360 5361
f 5362 5363 5364
f 5365 5366 5367
f 5368 5369 5370
f 5371 5372 5373
f 5374 5375 5376
f 5377 5378 5379
f 5380 5381 5382
f 5383 5384 5385
f 5386 5387 5388
f 5389 5390 5391
f 5392 5393 5394
f 5395 5396 5397
f 5398 5399 5400
f 5401 5402 5403
f 5404 5405 5406
f 5407 5408 5409
f 5410 5411 5412
f 5413 5414 5415
f 5416 5417 5418
f 5419 5420 5421
f 5422 5423 5424
f 5425 5426 5427
f 5428 5429 5430
f 5431 5432 5433
f 5434 5435 5436
f 5437 5438 5439
f 5440 5441 5442
f 5443 5444 5445
f 5446 5447 5448
f 5449 5450 5451
f 5452 5453 5454
f 5455 5456 5457
f 5458 5459 5460
f 5461 5462 5463
f 5464 5465 5466
f 5467 5468 5469
f 5470 5471 5472
f 5473 5474 5475
f 5476 5477 5478
f 5479 5480 5481
f 5482 5483 5484
f 5485 5486 5487
f 5488 5489 5490
f 5491 5492 5493
f 5494 5495 5496
f 5497 5498 5499
f 5500 5501 5502
f 5503 5504 5505
f 5506 5507 5508
f 5509 5510 5511
f 5512 5513 5514
f 5515 5516 5517
f 5518 5519 5520
f 5521 5522 5523
f 5524 5525 5526
f 5527 5528 5529
f 5530 5531 5532
f 5533 5534 5535
f 5536 5537 5538
f 5539 5540 5541
f 5542 5543 5544
f 5545 5546 5547
f 5548 5549 5550
f 5551 5552 5553
f 5554 5555 5556
f 5557 5558 5559
f 5560 5561 5562
f 5563 5564 5565
f 5566 5567 5568
f 5569 5570 5571
f 5572 5573 5574
f 5575 5576 5577
f 5578 5579 5580
f 5581 5582 5583
f 5584 5585 5586
f 5587 5588 5589
f 5590 5591 5592
f 5593 5594 5595
f 5596 5597 5598
f 5599 5600 5601
f 5602 5603 5604
f 5605 5606 5607
f 5608 5609 5610
f 5611 5612 5613
f 5614 5615 5616
f 5617 5618 5619
f 5620 5621 5622
f 5623 5624 5625
f 5626 5627 5628
f 5629 5630 5631
f 5632 5633 5634
f 5635 5636 5637
f 5638 5639 5640
f 5641 5642 5643
f 5644 5645 5646
f 5647 5648 5649
f 5650 5651 5652
f 5653 5654 5655
f 5656 5657 5658
f 5659 5660 5661
f 5662 5663 5664
f 5665 5666 5667
f 5668 5669 5670
f 5671 5672 5673
f 5674 5675 5676
f 5677 5678 5679
f 5680 5681 5682
f 5683 5684 5685
f 5686 5687 5688
f 5689 5690 5691
f 5692 5693 5694
f 5695 5696 5697
f 5698 5699 5700
f 5701 5702 5703
f 5704 5705 5706
f 5707 5708 5709
f 5710 5711 5712
f 5713 5714 5715
f 5716 5717 5718
f 5719 5720 5721
f 5722 5723 5724
f 5725 5726 5727
f 5728 5729 5730
f 5731 5732 5733
f 5734 5735 5736
f 5737 5738 5739
f 5740 5741 5742
f 5743 5744 5745
f 5746 5747 5748
f 5749 5750 5751
f 5752 5753 5754
f 5755 5756 5757
f 5758 5759 5760
f 5761 5762 5763
f 5764 5765 5766
f 5767 5768 5769
f 5770 5771 5772
f 5773 5774 5775
f 5776 5777 5778
f 5779 5780 5781
f 5782 5783 5784
f 5785 5786 5787
f 5788 5789 5790
f 5791 5792 5793
f 5794 5795 5796
f 5797 5798 5799
f 5800 5801 5802
f 5803 5804 5805
f 5806 5807 5808
f 5809 5810 5811
f 5812 5813 5814
f 5815 5816 5817
f 5818 5819 5820
f 5821 5822 5823
f 5824 5825 5826
f 5827 5828 5829
f 5830 5831 5832
f 5833 5834 5835
f 5836 5837 5838
f 5839 5840 5841
f 5842 5843 5844
f 5845 5846 5847
f 5848 5849 5850
f 5851 5852 5853
f 5854 5855 5856
f 5857 5858 5859
f 5860 5861 5862
f 5863 5864 5865
f 5866 5867 5868
f 5869 5870 5871
f 5872 5873 5874
f 5875 5876 5877
f 5878 5879 5880
f 5881 5882 5883
f 5884 5885 5886
f 5887 5888 5889
f 5890 5891 5892
f 5893 5894 5895
f 5896 5897 5898
f 5899 5900 5901
f 5902 5903 5904
f 5905 5906 5907
f 5908 5909 5910
f 5911 5912 5913
f 5914 5915 5916
f 5917 5918 5919
f 5920 5921 5922
f 5923 5924 5925
f 5926 5927 5928
f 5929 5930 5931
f 5932 5933 5934
f 5935 5936 5937
f 5938 5939 5940
f 5941 5942 5943
f 5944 5945 5946
f 5947 5948 5949
f 5950 5951 5952
f 5953 5954 5955
f 5956 5957 5958
f 5959 5960 5961
f 5962 5963 5964
f 5965 5966 5967
f 5968 5969 5970
f 5971 5972 5973
f 5974 5975 5976
f 5977 5978 5979
f 5980 5981 5982
f 5983 5984 5985
f 5986 5987 5988
f 5989 5990 5991
f 5992 5993 5994
f 5995 5996 5997
f 5998 5999 6000
f 6001 6002 6003
f 6004 6005 6006
f 6007 6008 6009
f 6010 6011 6012
f 6013 6014 6015
f 6016 6017 6018
f 6019 6020 6021
f 6022 6023 6024
f 6025 6026 6027
f 6028 6029 6030
f 6031 6032 6033
f 6034 6035 6036
f 6037 6038 6039
f 6040 6041 6042
f 6043 6044 6045
f 6046 6047 6048
f 6049 6050 6051
f 6052 6053 6054
f 6055 6056 6057
f 6058 6059 6060
f 6061 6062 6063
f 6064 6065 6066
f 6067 6068 6069
f 6070 6071 6072
f 6073 6074 6075
f 6076 6077 6078
f 6079 6080 6081
f 6082 6083 6084
f 6085 6086 6087
f 6088 6089 6090
f 6091 6092 6093
f 6094 6095 6096
f 6097 6098 6099
f 6100 6101 6102
f 6103 6104 6105
f 6106 6107 6108
f 6109 6110 6111
f 6112 6113 6114
f 6115 6116 6117
f 6118 6119 6120
f 6121 6122 6123
f 6124 6125 6126
f 6127 6128 6129
f 6130 6131 6132
f 6133 6134 6135
f 6136 6137 6138
f 6139 6140 6141
f 6142 6143 6144
f 6145 6146 6147
f 6148 6149 6150
f 6151 6152 6153
f 6154 6155 6156
f 6157 6158 6159
f 6160 6161 6162
f 6163 6164 6165
f 6166 6167 6168
f 6169 6170 6171
f 6172 6173 6174
f 6175 6176 6177
f 6178 6179 6180
f 6181 6182 6183
f 6184 6185 6186
f 6187 6188 6189
f 6190 6191 6192
f 6193 6194 6195
f 6196 6197 6198
f 6199 6200 6201
f 6202 6203 6204
f 6205 6206 6207
f 6208 6209 6210
f 6211 6212 6213
f 6214 6215 6216
f 6217 6218 6219
f 6220 6221 6222
f 6223 6224 6225
f 6226 6227 6228
f 6229 6230 6231
f 6232 6233 6234
f 6235 6236 6237
f 6238 6239 6240
f 6241 6242 6243
f 6244 6245 6246
f 6247 6248 6249
f 6250 6251 6252
f 6253 6254 6255
f 6256 6257 6258
f 6259 6260 6261
f 6262 6263 6264
f 6265 6266 6267
f 6268 6269 6270
f 6271 6272 6273
f 6274 6275 6276
f 6277 6278 6279
f 6280 6281 6282
f 6283 6284 6285
f 6286 6287 6288
f 6289 6290 6291
f 6292 6293 6294
f 6295 6296 6297
f 6298 6299 6300
f 6301 6302 6303
f 6304 6305 6306
f 6307 6308 6309
f 6310 6311 6312
f 6313 6314 6315
f 6316 6317 6318
f 6319 6320 6321
f 6322 6323 6324
f 6325 6326 6327
f 6328 6329 6330
f 6331 6332 6333
f 6334 6335 6336
f 6337 6338 6339
f 6340 6341 6342
f 6343 6344 6345
f 6346 6347 6348
f 6349 6350 6351
f 6352 6353 6354
f 6355 6356 6357
f 6358 6359 6360
f 6361 6362 6363
f 6364 6365 6366
f 6367 6368 6369
f 6370 6371 6372
f 6373 6374 6375
f 6376 6377 6378
f 6379 6380 6381
f 6382 6383 6384
f 6385 6386 6387
f 6388 6389 6390
f 6391 6392 6393
f 6394 6395 6396
f 6397 6398 6399
f 6400 6401 6402
f 6403 6404 6405
f 6406 6407 6408
f 6409 6410 6411
f 6412 6413 6414
f 6415 6416 6417
f 6418 6419 6420
f 6421 6422 6423
f 6424 6425 6426
f 6427 6428 6429
f 6430 6431 6432
f 6433 6434 6435
f 6436 6437 6438
f 6439 6440 6441
f 6442 6443 6444
f 6445 6446 6447
f 6448 6449 6450
f 6451 6452 6453
f 6454 6455 6456
f 6457 6458 6459
f 6460 6461 6462
f 6463 6464 6465
f 6466 6467 6468
f 6469 6470 6471
f 6472 6473 6474
f 6475 6476 6477
f 6478 6479 6480
f 6481 6482 6483
f 6484 6485 6486
f 6487 6488 6489
f 6490 6491 6492
f 6493 6494 6495
f 6496 6497 6498
f 6499 6500 6501
f 6502 6503 6504
f 6505 6506 6507
f 6508 6509 6510
f 6511 6512 6513
f 6514 6515 6516
f 6517 6518 6519
f 6520 6521 6522
f 6523 6524 6525
f 6526 6527 6528
f 6529 6530 6531
f 6532 6533 6534
f 6535 6536 6537
f 6538 6539 6540
f 6541 6542 6543
f 6544 6545 6546
f 6547 6548 6549
f 6550 6551 6552
f 6553 6554 6555
f 6556 6557 6558
f 6559 6560 6561
f 6562 6563 6564
f 6565 6566 6567
f 6568 6569 6570
f 6571 6572 6573
f 6574 6575 6576
f 6577 6578 6579
f 6580 6581 6582
f 6583 6584 6585
f 6586 6587 6588
f 6589 6590 6591
f 6592 6593 6594
f 6595 6596 6597
f 6598 6599 6600
f 6601 6602 6603
f 6604 6605 6606
f 6607 6608 6609
f 6610 6611 6612
f 6613 6614 6615
f 6616 6617 6618
f 6619 6620 6621
f 6622 6623 6624
f 6625 6626 6627
f 6628 6629 6630
f 6631 6632 6633
f 6634 6635 6636
f 6637 6638 6639
f 6640 6641 6642
f 6643 6644 6645
f 6646 6647 6648
f 6649 6650 6651
f 6652 6653 6654
f 6655 6656 6657
f 6658 6659 6660
f 6661 6662 6663
f 6664 6665 6666
f 6667 6668 6669
f 6670 6671 6672
f 6673 6674 6675
f 6676 6677 6678
f 6679 6680 6681
f 6682 6683 6684
f 6685 6686 6687
f 6688 6689 6690
f 6691 6692 6693
f 6694 6695 6696
f 6697 6698 6699
f 6700 6701 6702
f 6703 6704 6705
f 6706 6707 6708
f 6709 6710 6711
f 6712 6713 6714
f 6715 6716 6717
f 6718 6719 6720
f 6721 6722 6723
f 6724 6725 6726
f 6727 6728 6729
f 6730 6731 6732
f 6733 6734 6735
f 6736 6737 6738
f 6739 6740 6741
f 6742 6743 6744
f 6745 6746 6747
f 6748 6749 6750
f 6751 6752 6753
f 6754 6755 6756
f 6757 6758 6759
f 6760 6761 6762
f 6763 6764 6765
f 6766 6767 6768
f 6769 6770 6771
f 6772 6773 6774
f 6775 6776 6777
f 6778 6779 6780
f 6781 6782 6783
f 6784 6785 6786
f 6787 6788 6789
f 6790 6791 6792
f 6793 6794 6795
f 6796 6797 6798
f 6799 6800 6801
f 6802 6803 6804
f 6805 6806 6807
f 6808 6809 6810
f 6811 6812 6813
f 6814 6815 6816
f 6817 6818 6819
f 6820 6821 6822
f 6823 6824 6825
f 6826 6827 6828
f 6829 6830 6831
f 6832 6833 6834
f 6835 6836 6837
f 6838 6839 6840
f 6841 6842 6843
f 6844 6845 6846
f 6847 6848 6849
f 6850 6851 6852
f 6853 6854 6855
f 6856 6857 6858
f 6859 6860 6861
f 6862 6863 6864
f 6865 6866 6867
f 6868 6869 6870
f 6871 6872 6873
f 6874 6875 6876
f 6877 6878 6879
f 6880 6881 6882
f 6883 6884 6885
f 6886 6887 6888
f 6889 6890 6891
f 6892 6893 6894
f 6895 6896 6897
f 6898 6899 6900
f 6901 6902 6903
f 6904 6905 6906
f 6907 6908 6909
f 6910 6911 6912
f 6913 6914 6915
f 6916 6917 6918
f 6919 6920 6921
f 6922 6923 6924
f 6925 6926 6927
f 6928 6929 6930
f 6931 6932 6933
f 6934 6935 6936
f 6937 6938 6939
f 6940 6941 6942
f 6943 6944 6945
f 6946 6947 6948
f 6949 6950 6951
f 6952 6953 6954
f 6955 6956 6957
f 6958 6959 6960
f 6961 6962 6963
f 6964 6965 6966
f 6967 6968 6969
f 6970 6971 6972
f 6973 6974 6975
f 6976 6977 6978
f 6979 6980 6981
f 6982 6983 6984
f 6985 6986 6987
f 6988 6989 6990
f 6991 6992 6993
f 6994 6995 6996
f 6997 6998 6999
f 7000 7001 7002
f 7003 7004 7005
f 7006 7007 7008
f 7009 7010 7011
f 7012 7013 7014
f 7015 7016 7017
f 7018 7019 7020
f 7021 7022 7023
f 7024 7025 7026
f 7027 7028 7029
f 7030 7031 7032
f 7033 7034 7035
f 7036 7037 7038
f 7039 7040 7041
f 7042 7043 7044
f 7045 7046 7047
f 7048 7049 7050
f 7051 7052 7053
f 7054 7055 7056
f 7057 7058 7059
f 7060 7061 7062
f 7063 7064 7065
f 7066 7067 7068
f 7069 7070 7071
f 7072 7073 7074
f 7075 7076 7077
f 7078 7079 7080
f 7081 7082 7083
f 7084 7085 7086
f 7087 7088 7089
f 7090 7091 7092
f 7093 7094 7095
f 7096 7097 7098
f 7099 7100 7101
f 7102 7103 7104
f 7105 7106 7107
f 7108 7109 7110
f 7111 7112 7113
f 7114 7115 7116
f 7117 7118 7119
f 7120 7121 7122
f 7123 7124 7125
f 7126 7127 7128
f 7129 7130 7131
f 7132 7133 7134
f 7135 7136 7137
f 7138 7139 7140
f 7141 7142 7143
f 7144 7145 7146
f 7147 7148 7149
f 7150 7151 7152
f 7153 7154 7155
f 7156 7157 7158
f 7159 7160 7161
f 7162 7163 7164
f 7165 7166 7167
f 7168 7169 7170
f 7171 7172 7173
f 7174 7175 7176
f 7177 7178 7179
f 7180 7181 7182
f 7183 7184 7185
f 7186 7187 7188
f 7189 7190 7191
f 7192 7193 7194
f 7195 7196 7197
f 7198 7199 7200
f 7201 7202 7203
f 7204 7205 7206
f 7207 7208 7209
f 7210 7211 7212
f 7213 7214 7215
f 7216 7217 7218
f 7219 7220 7221
f 7222 7223 7224
f 7225 7226 7227
f 7228 7229 7230
f 7231 7232 7233
f 7234 7235 7236
f 7237 7238 7239
f 7240 7241 7242
f 7243 7244 7245
f 7246 7247 7248
f 7249 7250 7251
f 7252 7253 7254
f 7255 7256 7257
f 7258 7259 7260
f 7261 7262 7263
f 7264 7265 7266
f 7267 7268 7269
f 7270 7271 7272
f 7273 7274 7275
f 7276 7277 7278
f 7279 7280 7281
f 7282 7283 7284
f 7285 7286 7287
f 7288 7289 7290
f 7291 7292 7293
f 7294 7295 7296
f 7297 7298 7299
f 7300 7301 7302
f 7303 7304 7305
f 7306 7307 7308
f 7309 7310 7311
f 7312 7313 7314
f 7315 7316 7317
f 7318 7319 7320
f 7321 7322 7323
f 7324 7325 7326
f 7327 7328 7329
f 7330 7331 7332
f 7333 7334 7335
f 7336 7337 7338
f 7339 7340 7341
f 7342 7343 7344
f 7345 7346 7347
f 7348 7349 7350
f 7351 7352 7353
f 7354 7355 7356
f 7357 7358 7359
f 7360 7361 7362
f 7363 7364 7365
f 7366 7367 7368
f 7369 7370 7371
f 7372 7373 7374
f 7375 7376 7377
f 7378 7379 7380
f 7381 7382 7383
f 7384 7385 7386
f 7387 7388 7389
f 7390 7391 7392
f 7393 7394 7395
f 7396 7397 7398
f 7399 7400 7401
f 7402 7403 7404
f 7405 7406 7407
f 7408 7409 7410
f 7411 7412 7413
f 7414 7415 7416
f 7417 7418 7419
f 7420 7421 7422
f 7423 7424 7425
f 7426 7427 7428
f 7429 7430 7431
f 7432 7433 7434
f 7435 7436 7437
f 7438 7439 7440
f 7441 7442 7443
f 7444 7445 7446
f 7447 7448 7449
f 7450 7451 7452
f 7453 7454 7455
f 7456 7457 7458
f 7459 7460 7461
f 7462 7463 7464
f 7465 7466 7467
f 7468 7469 7470
f 7471 7472 7473
f 7474 7475 7476
f 7477 7478 7479
f 7480 7481 7482
f 7483 7484 7485
f 7486 7487 7488
f 7489 7490 7491
f 7492 7493 7494
f 7495 7496 7497
f 7498 7499 7500
f 7501 7502 7503
f 7504 7505 7506
f 7507 7508 7509
f 7510 7511 7512
f 7513 7514 7515
f 7516 7517 7518
f 7519 7520 7521
f 7522 7523 7524
f 7525 7526 7527
f 7528 7529 7530
f 7531 7532 7533
f 7534 7535 7536
f 7537 7538 7539
f 7540 7541 7542
f 7543 7544 7545
f 7546 7547 7548
f 7549 7550 7551
f 7552 7553 7554
f 7555 7556 7557
f 7558 7559 7560
f 7561 7562 7563
f 7564 7565 7566
f 7567 7568 7569
f 7570 7571 7572
f 7573 7574 7575
f 7576 7577 7578
f 7579 7580 7581
f 7582 7583 7584
f 7585 7586 7587
f 7588 7589 7590
f 7591 7592 7593
f 7594 7595 7596
f 7597 7598 7599
f 7600 7601 7602
f 7603 7604 7605
f 7606 7607 7608
f 7609 7610 7611
f 7612 7613 7614
f 7615 7616 7617
f 7618 7619 7620
f 7621 7622 7623
f 7624 7625 7626
f 7627 7628 7629
f 7630 7631 7632
f 7633 7634 7635
f 7636 7637 7638
f 7639 7640 7641
f 7642 7643 7644
f 7645 7646 7647
f 7648 7649 7650
f 7651 7652 7653
f 7654 7655 7656
f 7657 7658 7659
f 7660 7661 7662
f 7663 7664 7665
f 7666 7667 7668
f 7669 7670 7671
f 7672 7673 7674
f 7675 7676 7677
f 7678 7679 7680
f 7681 7682 7683
f 7684 7685 7686
f 7687 7688 7689
f 7690 7691 7692
f 7693 7694 7695
f 7696 7697 7698
f 7699 7700 7701
f 7702 7703 7704
f 7705 7706 7707
f 7708 7709 7710
f 7711 7712 7713
f 7714 7715 7716
f 7717 7718 7719
f 7720 7721 7722
f 7723 7724 7725
f 7726 7727 7728
f 7729 7730 7731
f 7732 7733 7734
f 7735 7736 7737
f 7738 7739 7740
f 7741 7742 7743
f 7744 7745 7746
f 7747 7748 7749
f 7750 7751 7752
f 7753 7754 7755
f 7756 7757 7758
f 7759 7760 7761
f 7762 7763 7764
f 7765 7766 7767
f 7768 7769 7770
f 7771 7772 7773
f 7774 7775 7776
f 7777 7778 7779
f 7780 7781 7782
f 7783 7784 7785
f 7786 7787 7788
f 7789 7790 7791
f 7792 7793 7794
f 7795 7796 7797
f 7798 7799 7800
f 7801 7802 7803
f 7804 7805 7806
f 7807 7808 7809
f 7810 7811 7812
f 7813 7814 7815
f 7816 7817 7818
f 7819 7820 7821
f 7822 7823 7824
f 7825 7826 7827
f 7828 7829 7830
f 7831 7832 7833
f 7834 7835 7836
f 7837 7838 7839
f 7840 7841 7842
f 7843 7844 7845
f 7846 7847 7848
f 7849 7850 7851
f 7852 7853 7854
f 7855 7856 7857
f 7858 7859 7860
f 7861 7862 7863
f 7864 7865 7866
f 7867 7868 7869
f 7870 7871 7872
f 7873 7874 7875
f 7876 7877 7878
f 7879 7880 7881
f 7882 7883 7884
f 7885 7886 7887
f 7888 7889 7890
f 7891 7892 7893
f 7894 7895 7896
f 7897 7898 7899
f 7900 7901 7902
f 7903 7904 7905
f 7906 7907 7908
f 7909 7910 7911
f 7912 7913 7914
f 7915 7916 7917
f 7918 7919 7920
f 7921 7922 7923
f 7924 7925 7926
f 7927 7928 7929
f 7930 7931 7932
f 7933 7934 7935
f 7936 7937 7938
f 7939 7940 7941
f 7942 7943 7944
f 7945 7946 7947
f 7948 7949 7950
f 7951 7952 7953
f 7954 7955 7956
f 7957 7958 7959
f 7960 7961 7962
f 7963 7964 7965
f 7966 7967 7968
f 7969 7970 7971
f 7972 7973 7974
f 7975 7976 7977
f 7978 7979 7980
f 7981 7982 7983
f 7984 7985 7986
f 7987 7988 7989
f 7990 7991 7992
f 7993 7994 7995
f 7996 7997 7998
f 7999 8000 8001
f 8002 8003 8004
f 8005 8006 8007
f 8008 8009 8010
f 8011 8012 8013
f 8014 8015 8016
f 8017 8018 8019
f 8020 8021 8022
f 8023 8024 8025
f 8026 8027 8028
f 8029 8030 8031
f 8032 8033 8034
f 8035 8036 8037
f 8038 8039 8040
f 8041 8042 8043
f 8044 8045 8046
f 8047 8048 8049
f 8050 8051 8052
f 8053 8054 8055
f 8056 8057 8058
f 8059 8060 8061
f 8062 8063 8064
f 8065 8066 8067
f 8068 8069 8070
f 8071 8072 8073
f 8074 8075 8076
f 8077 8078 8079
f 8080 8081 8082
f 8083 8084 8085
f 8086 8087 8088
f 8089 8090 8091
f 8092 8093 8094
f 8095 8096 8097
f 8098 8099 8100
f 8101 8102 8103
f 8104 8105 8106
f 8107 8108 8109
f 8110 8111 8112
f 8113 8114 8115
f 8116 8117 8118
f 8119 8120 8121
f 8122 8123 8124
f 8125 8126 8127
f 8128 8129 8130
f 8131 8132 8133
f 8134 8135 8136
f 8137 8138 8139
f 8140 8141 8142
f 8143 8144 8145
f 8146 8147 8148
f 8149 8150 8151
f 8152 8153 8154
f 8155 8156 8157
f 8158 8159 8160
f 8161 8162 8163
f 8164 8165 8166
f 8167 8168 8169
f 8170 8171 8172
f 8173 8174 8175
f 8176 8177 8178
f 8179 8180 8181
f 8182 8183 8184
f 8185 8186 8187
f 8188 8189 8190
f 8191 8192 8193
f 8194 8195 8196
f 8197 8198 8199
f 8200 8201 8202
f 8203 8204 8205
f 8206 8207 8208
f 8209 8210 8211
f 8212 8213 8214
f 8215 8216 8217
f 8218 8219 8220
f 8221 8222 8223
f 8224 8225 8226
f 8227 8228 8229
f 8230 8231 8232
f 8233 8234 8235
f 8236 8237 8238
f 8239 8240 8241
f 8242 8243 8244
f 8245 8246 8247
f 8248 8249 8250
f 8251 8252 8253
f 8254 8255 8256
f 8257 8258 8259
f 8260 8261 8262
f 8263 8264 8265
f 8266 8267 8268
f 8269 8270 8271
f 8272 8273 8274
f 8275 8276 8277
f 8278 8279 8280
f 8281 8282 8283
f 8284 8285 8286
f 8287 8288 8289
f 8290 8291 8292
f 8293 8294 8295
f 8296 8297 8298
f 8299 8300 8301
f 8302 8303 8304
f 8305 8306 8307
f 8308 8309 8310
f 8311 8312 8313
f 8314 8315 8316
f 8317 8318 8319
f 8320 8321 8322
f 8323 8324 8325
f 8326 8327 8328
f 8329 8330 8331
f 8332 8333 8334
f 8335 8336 8337
f 8338 8339 8340
f 8341 8342 8343
f 8344 8345 8346
f 8347 8348 8349
f 8350 8351 8352
f 8353 8354 8355
f 8356 8357 8358
f 8359 8360 8361
f 8362 8363 8364
f 8365 8366 8367
f 8368 8369 8370
f 8371 8372 8373
f 8374 8375 8376
f 8377 8378 8379
f 8380 8381 8382
f 8383 8384 8385
f 8386 8387 8388
f 8389 8390 8391
f 8392 8393 8394
f 8395 8396 8397
f 8398 8399 8400
f 8401 8402 8403
f 8404 8405 8406
f 8407 8408 8409
f 8410 8411 8412
f 8413 8414 8415
f 8416 8417 8418
f 8419 8420 8421
f 8422 8423 8424
f 8425 8426 8427
f 8428 8429 8430
f 8431 8432 8433
f 8434 8435 8436
f 8437 8438 8439
f 8440 8441 8442
f 8443 8444 8445
f 8446 8447 8448
f 8449 8450 8451
f 8452 8453 8454
f 8455 8456 8457
f 8458 8459 8460
f 8461 8462 8463
f 8464 8465 8466
f 8467 8468 8469
f 8470 8471 8472
f 8473 8474 8475
f 8476 8477 8478
f 8479 8480 8481
f 8482 8483 8484
f 8485 8486 8487
f 8488 8489 8490
f 8491 8492 8493
f 8494 8495 8496
f 8497 8498 8499
f 8500 8501 8502
f 8503 8504 8505
f 8506 8507 8508
f 8509 8510 8511
f 8512 8513 8514
f 8515 8516 8517
f 8518 8519 8520
f 8521 8522 8523
f 8524 8525 8526
f 8527 8528 8529
f 8530 8531 8532
f 8533 8534 8535
f 8536 8537 8538
f 8539 8540 8541
f 8542 8543 8544
f 8545 8546 8547
f 8548 8549 8550
f 8551 8552 8553
f 8554 8555 8556
f 8557 8558 8559
f 8560 8561 8562
f 8563 8564 8565
f 8566 8567 8568
f 8569 8570 8571
f 8572 8573 8574
f 8575 8576 8577
f 8578 8579 8580
f 8581 8582 8583
f 8584 8585 8586
f 8587 8588 8589
f 8590 8591 8592
f 8593 8594 8595
f 8596 8597 8598
f 8599 8600 8601
f 8602 8603 8604
f 8605 8606 8607
f 8608 8609 8610
f 8611 8612 8613
f 8614 8615 8616
f 8617 8618 8619
f 8620 8621 8622
f 8623 8624 8625
f 8626 8627 8628
f 8629 8630 8631
f 8632 8633 8634
f 8635 8636 8637
f 8638 8639 8640
f 8641 8642 8643
f 8644 8645 8646
f 8647 8648 8649
f 8650 8651 8652
f 8653 8654 8655
f 8656 8657 8658
f 8659 8660 8661
f 8662 8663 8664
f 8665 8666 8667
f 8668 8669 8670
f 8671 8672 8673
f 8674 8675 8676
f 8677 8678 8679
f 8680 8681 8682
f 8683 8684 8685
f 8686 8687 8688
f 8689 8690 8691
f 8692 8693 8694
f 8695 8696 8697
f 8698 8699 8700
f 8701 8702 8703
f 8704 8705 8706
f 8707 8708 8709
f 8710 8711 8712
f 8713 8714 8715
f 8716 8717 8718
f 8719 8720 8721
f 8722 8723 8724
f 8725 8726 8727
f 8728 8729 8730
f 8731 8732 8733
f 8734 8735 8736
f 8737 8738 8739
f 8740 8741 8742
f 8743 8744 8745
f 8746 8747 8748
f 8749 8750 8751
f 8752 8753 8754
f 8755 8756 8757
f 8758 8759 8760
f 8761 8762 8763
f 8764 8765 8766
f 8767 8768 8769
f 8770 8771 8772
f 8773 8774 8775
f 8776 8777 8778
f 8779 8780 8781
f 8782 8783 8784
f 8785 8786 8787
f 8788 8789 8790
f 8791 8792 8793
f 8794 8795 8796
f 8797 8798 8799
f 8800 8801 8802
f 8803 8804 8805
f 8806 8807 8808
f 8809 8810 8811
f 8812 8813 8814
f 8815 8816 8817
f 8818 8819 8820
f 8821 8822 8823
f 8824 8825 8826
f 8827 8828 8829
f 8830 8831 8832
f 8833 8834 8835
f 8836 8837 8838
f 8839 8840 8841
f 8842 8843 8844
