# PSO Extracted Authentic Geometry
v 616.2963 0.0000 0.0000
v 0.0000 -840.0000 0.0000
v -840.0000 0.0000 0.0000
v 0.0000 238.5454 0.0000
v 0.0000 0.0000 280.0000
v 238.5454 0.0000 0.0000
v 0.0000 238.5454 0.0000
v 0.0000 0.0000 840.0000
v 238.5454 0.0000 0.0000
v 0.0000 -840.0001 0.0000
v 839.9999 0.0000 0.0000
v 0.0000 238.5454 0.0000
v 0.0000 0.0000 -840.0000
v 0.0000 280.0000 0.0000
v 0.0000 0.0000 238.5454
v -280.0000 0.0000 -840.0000
v 237.5948 0.0000 0.0000
v 0.0000 237.5948 0.0000
v 0.0000 0.0000 -840.0000
v 0.0000 -280.0001 0.0000
v 0.0000 0.0000 237.5948
v 280.0000 0.0000 840.0000
v 250.4147 0.0000 0.0000
v 0.0000 -560.0000 0.0000
v -920.0000 0.0000 0.0000
v 0.0000 78.8733 0.0000
v 0.0000 -920.0000 0.0000
v 0.0000 0.0000 78.8733
v 560.0000 0.0000 -920.0000
v 78.8733 0.0000 0.0000
v 0.0000 920.0000 0.0000
v -560.0001 0.0000 0.0000
v 0.0000 78.8733 0.0000
v 0.0000 0.0000 920.0000
v 0.0000 0.0000 78.8733
v 920.0000 0.0000 560.0000
v 78.8733 0.0000 0.0000
v 0.0000 560.0000 0.0000
v 920.0000 0.0000 0.0000
v 0.0000 78.8733 0.0000
v 0.0000 920.0000 0.0000
v 0.0000 0.0000 78.8733
v -560.0000 0.0000 920.0000
v 78.8733 0.0000 0.0000
v 0.0000 -920.0000 0.0000
v 560.0000 0.0000 0.0000
v 0.0000 78.8733 0.0000
v 0.0000 0.0000 -920.0000
v 0.0000 0.0000 78.8733
v -920.0000 0.0000 -560.0000
v 78.8733 0.0000 0.0000
v 0.0000 -360.0000 0.0000
v -560.0000 0.0000 0.0000
v 0.0000 78.8733 0.0000
v 0.0000 0.0000 360.0000
v 0.0000 -560.0000 0.0000
v 0.0000 0.0000 78.8733
v 560.0000 0.0000 -200.0000
v 78.8733 0.0000 0.0000
v 0.0000 560.0000 0.0000
v 359.9999 0.0000 0.0000
v 0.0000 78.8733 0.0000
v 0.0000 0.0000 200.0000
v 0.0000 560.0000 0.0000
v 0.0000 0.0000 78.8733
v -200.0000 0.0000 560.0000
v 78.8733 0.0000 0.0000
v 0.0000 -560.0000 0.0000
v 200.0000 0.0000 0.0000
v 0.0000 78.8733 0.0000
v 0.0000 0.0000 -560.0000
v 0.0000 -200.0000 0.0000
v 0.0000 0.0000 78.8733
v -920.0000 0.0000 -1045.0000
v 28.2843 0.0000 0.0000
v 0.0000 28.2843 0.0000
v 0.0000 1045.0000 0.0000
v 0.0000 0.0000 28.2843
v -1045.0000 0.0000 920.0000
v 28.2843 0.0000 0.0000
v 800.0000 0.0000 0.0000
v -4.6689 2.0411 -13.0917
v 112.0807 0.0000 0.0000
v 95.1096 76.9254 455.7392
v 1.0000 1.0000 1.0000
v 0.6275 0.5333 0.0000
v -4.9860 -1.6223 26.4615
v 127.4213 0.0000 0.0000
v 100.6013 94.1307 -419.9430
v 1.0000 1.0000 1.0000
v -6.3894 -3.2107 -1.6236
v 79.0480 0.0000 0.0000
v 470.8466 51.9366 -120.3209
v 1.0000 1.0000 1.0000
v 0.3412 0.0000 0.0000
v 4.1013 -5.0353 -0.4105
v 79.2480 0.0000 0.0000
v -469.2085 -0.7243 10.3427
v 1.0000 1.0000 1.0000
v 0.0000 0.0000 -2.5934
v 3.0095 -5.3432 103.1552
v 0.0000 0.0000 -340.7145
v 80.9295 441.3150 0.0000
v 0.0000 0.0000 1.0000
v 1.0000 1.0000 0.0000
v 5.6636 -0.6079 1.6926
v 86.5729 0.0000 0.0000
v -459.7434 83.8144 145.7139
v 1.0000 1.0000 1.0000
v 1.0039 0.0000 0.0000
v 0.0000 0.0000 -11.3935
v -0.6455 -4.1061 88.6374
v 0.0000 0.0000 460.3495
v 49.7318 269.8959 0.0000
v 0.0000 0.0000 1.0000
v 1.0000 1.0000 0.0000
v -7.7858 -1.0134 -1.6192
v 91.7166 0.0000 0.0000
v 439.1808 69.4764 -349.9146
v 1.0000 1.0000 1.0000
v -0.2963 0.0000 0.0000
v 0.0000 0.0000 1.0000
v 1.0000 1.0000 0.0000
v 0.0353 0.0000 0.0000
v 0.0000 0.0000 26.2750
v -0.0001 623.3953 0.0000
v 0.0000 1.0000 1.0000
v 1.0000 0.0000 0.0000
v 1.9961 -0.2078 0.0000
v -396.3680 10.5889 -463.5874
v 17.4254 0.0000 0.0000
v 1.0000 1.0000 1.0000
v -0.2078 0.0000 0.0000
v 465.8674 7.7700 -148.4858
v 25.9380 0.0000 0.0000
v 1.0000 1.0000 1.0000
v 0.0000 0.0000 -310.7914
v 10.3198 -461.3953 27.1896
v 0.0000 0.0000 1.0000
v 1.0000 1.0000 0.0000
v 0.2863 0.2510 0.0000
v 0.0000 0.0000 42.7416
v -0.0001 609.6684 0.0000
v 0.0000 1.0000 1.0000
v 1.0000 0.0000 0.0000
v 1.0000 1.0000 1.0000
v 0.0000 3.1163 -62.9212
v 0.0672 654.1207 0.0000
v 0.0000 0.0000 -0.2963
v 0.0000 1.0000 1.0000
v 1.0000 0.0000 0.0000
v 2.0078 0.6078 0.0000
v 4.5678 22.0794 -20.6944
v 48.4819 0.0000 0.0000
v 120.1324 1.4809 -124.9091
v 1.0000 1.0000 1.0000
v -135.9542 27.1396 -188.1537
v 44.8269 0.0000 0.0000
v 1.0000 1.0000 1.0000
v 0.0000 0.0000 -171.4798
v 56.1309 -85.0644 60.2159
v 0.0000 0.0000 1.0000
v 1.0000 1.0000 0.0000
v -37.5810 -27.1563 -31.4793
v 0.0000 0.0000 1.0000
v -35.4118 -12.3728 -33.2748
v 0.0000 0.0588 0.7451
v -35.5041 2.4636 -33.3432
v 0.0000 0.0549 0.4902
v -35.5946 17.5581 -33.4106
v 0.0000 0.0510 0.2314
v -35.5341 27.0428 -33.4793
v 0.0000 0.0549 0.0706
v -0.0977 -22.1345 -0.1377
v 0.0000 0.9961 0.9137
v 0.0000 -18.6621 2.1164
v -15.3133 38.8621 0.0000
v 0.0000 -15.4396 26.8446
v -164.2418 0.0000 0.0000
v 0.0000 1.0000 1.0000
v 1.0000 0.0000 0.0000
v 0.0000 0.0000 -50.3277
v -27.1563 17.9573 0.0000
v 0.0157 1.0000 -50.8184
v -12.3728 14.9274 0.0000
v 0.0039 0.7451 -50.9338
v 2.4636 14.9765 0.0000
v 0.0039 0.4902 -51.0470
v 17.5581 15.0243 0.0000
v 0.0000 0.2314 -51.0783
v 27.0428 14.9295 0.0000
v 0.9373 0.7647 -0.1834
v -22.1345 0.0158 0.0000
v 1.0039 0.0000 0.0000
v -24.3858 2.1164 8.4574
v 40.2507 0.0000 0.0000
v 41.2612 26.8446 -179.3995
v 1.0000 1.0000 1.0000
v 0.0000 165.1897 58.6046
v -156.1453 0.0000 4.2627
v -0.2314 58.3205 19.6882
v -155.9115 0.0000 2.6471
v -0.0235 -56.1438 -0.3117
v -196.4637 0.0000 0.9176
v 0.9333 -54.8578 14.4718
v -197.9888 0.0000 0.9373
v 0.6392 -54.9370 29.3082
v -198.0109 0.0000 0.9373
v 0.3451 -55.0147 44.4027
v -198.0327 0.0000 0.9373
v 0.0471 -54.9820 53.8874
v -198.0865 0.0000 0.9373
v -0.1373 -54.9820 53.8874
v -198.0865 0.0000 0.9373
v -0.1373 -101.9926 54.4037
v -198.0886 0.0000 0.2275
v -0.1490 141.9270 21.4410
v -159.7576 0.0000 3.9098
v -0.2157 90.3374 23.4866
v -142.7449 0.0000 3.1333
v 0.4588 90.3374 23.4866
v -142.7449 0.0000 3.1333
v 0.4588 112.7825 25.4893
v -146.9247 0.0000 3.4706
v 0.4196 143.4993 30.2877
v -157.8992 0.0000 3.9333
v -0.0706 22.9738 55.2534
v -161.7310 0.0000 2.1137
v -0.1647 13.9566 34.8473
v -196.4976 0.0000 1.9765
v 0.6588 -13.8170 4.7101
v -186.1723 0.0000 1.5569
v 0.2471 -21.6690 58.2337
v -159.3216 0.0000 1.4392
v -0.2235 -11.2268 52.5107
v -167.6618 0.0000 1.5961
v 0.1137 -110.9863 57.6498
v -190.2817 0.0000 0.0902
v -0.4431 10.9283 61.9123
v -145.0901 0.0000 1.9333
v -0.2980 43.9926 55.9695
v -184.0148 0.0000 2.4314
v -0.1804 -55.2847 65.5083
v -179.7551 0.0000 0.9333
v -0.3686 -55.2847 65.5083
v -179.7551 0.0000 0.9333
v -0.3686 41.9979 92.5309
v -117.3880 0.0000 2.4000
v -0.9765 84.6073 81.1254
v -154.2254 0.0000 3.0471
v -0.6784 85.2699 81.6367
v -119.8650 0.0000 3.0549
v -0.8588 122.8042 82.4624
v -123.4760 0.0000 3.6235
v -0.7765 -106.7569 72.2035
v -170.6871 0.0000 0.1529
v -0.6745 -88.0202 73.4566
v -160.9978 0.0000 0.4353
v -0.6980 -117.2358 71.8411
v -177.3510 0.0000 0.0000
v -0.4941 -54.9971 75.8902
v -158.9390 0.0000 0.9373
v -0.6471 -54.9971 75.8902
v -158.9390 0.0000 0.9373
v -0.6471 -12.1213 82.3097
v -124.2897 0.0000 1.5843
v -0.7725 38.3940 84.7614
v -141.9624 0.0000 2.3451
v -0.7490 136.4278 67.7201
v -162.6118 0.0000 3.8275
v -0.4118 136.4278 67.7201
v -162.6118 0.0000 3.8275
v -0.4118 136.4278 67.7201
v -162.6118 0.0000 3.8275
v -0.4118 165.0549 73.2499
v -151.9604 0.0000 4.2588
v -0.5922 52.0590 71.3177
v -163.9172 0.0000 2.5529
v -0.4824 75.1160 70.7619
v -185.8833 0.0000 2.9020
v -0.5373 168.7952 42.9019
v -157.9545 0.0000 4.3176
v 0.0745 137.1152 46.5145
v -158.7312 0.0000 3.8392
v 0.3765 11.9030 6.3113
v -192.9345 0.0000 1.9451
v 0.8000 11.9030 6.3113
v -192.9345 0.0000 1.9451
v 0.8000 0.0000 0.0000
v 0.0000 0.0000 25.7797
v 46.1096 -157.8211 146.6184
v 0.0000 0.0000 1.0000
v 1.0000 1.0000 0.0000
v 135.6030 63.6591 13.2289
v 74.1851 0.0000 0.0000
v 1.0000 1.0000 1.0000
v 15.8291 44.4562 164.0545
v 55.4473 0.0000 0.0000
v 1.0000 1.0000 1.0000
v 0.0000 -24.5508 32.9227
v 166.0828 49.0161 0.0000
v 0.0000 1.0000 1.0000
v 1.0000 0.0000 0.0000
v -181.1130 29.9770 56.3983
v 38.9385 0.0000 0.0000
v 1.0000 1.0000 1.0000
v 0.5020 0.0000 0.0000
v 0.0000 0.0000 1.7338
v 11.8577 -170.8378 51.4973
v 0.0000 0.0000 1.0000
v 1.0000 1.0000 0.0000
v 0.0000 0.0000 170.8042
v 43.5186 -33.7974 52.6284
v 0.0000 0.0000 1.0000
v 1.0000 1.0000 0.0000
v 0.0000 1.0000 0.0000
v 0.0000 52.4347 17.7805
v -159.4020 55.9267 0.0000
v 0.0000 1.0000 1.0000
v 1.0000 0.0000 0.0000
v 0.7373 0.0000 0.0000
v 163.8294 33.9791 -134.0038
v 56.5774 0.0000 0.0000
v 1.0000 1.0000 1.0000
v 0.0000 0.0000 1.0000
v 1.0000 1.0000 0.0000
v 0.3608 0.0000 0.0000
v 51.3659 42.7416 0.0000
v 248.4003 0.0000 0.0000
v 1.0000 1.0000 1.0000
v 1.6850 47.3670 0.5951
v 257.8292 0.0000 0.0000
v 1.0000 1.0000 1.0000
v -122.7516 17.1304 -88.0597
v 13.9753 0.0000 0.0000
v 1.0000 1.0000 1.0000
v 0.0000 0.0000 129.3333
v 26.4971 80.1819 22.0495
v 0.0000 0.0000 1.0000
v 1.0000 1.0000 0.0000
v 0.1608 0.0000 0.0000
v 0.0000 0.0000 55.5336
v 13.4313 92.1117 15.9753
v 0.0000 0.0000 1.0000
v 1.0000 1.0000 0.0000
v -135.9369 59.8288 -158.2797
v 8.7914 0.0000 0.0000
v 1.0000 1.0000 1.0000
v -139.7480 60.1471 -92.3339
v 11.4470 0.0000 0.0000
v 1.0000 1.0000 1.0000
v -131.0894 14.5984 -116.1587
v 31.9128 0.0000 0.0000
v 1.0000 1.0000 1.0000
v 0.2471 0.0000 0.0000
v 1.7656 11.8562 -170.8499
v 51.3006 0.0000 0.0000
v 1.0000 1.0000 1.0000
v 160.3659 10.9570 47.7520
v 21.3068 0.0000 0.0000
v 1.0000 1.0000 1.0000
v 1.9961 -0.2078 0.0000
v 0.0000 47.2866 10.5610
v 119.7766 31.5265 0.0000
v 0.0000 1.0000 1.0000
v 1.0000 0.0000 0.0000
v 1.0039 0.0980 0.0000
v 0.0000 -135.6995 40.1629
v -43.2250 37.6321 0.0000
v 0.0000 1.0000 1.0000
v 1.0000 0.0000 0.0000
v 1.0000 0.0745 0.0000
v 0.0000 99.1752 9.3065
v 68.7229 9.3936 0.0000
v 0.0000 1.0000 1.0000
v 1.0000 0.0000 0.0000
v 0.7216 0.0000 0.0000
v 0.0000 0.0000 84.9992
v 8.6997 91.5279 10.1597
v 0.0000 0.0000 1.0000
v 1.0000 1.0000 0.0000
v 0.0353 0.0549 0.0000
v 47.2958 26.2750 0.0000
v 260.5258 0.0000 0.0000
v 1.0000 1.0000 1.0000
v 0.8471 0.0000 0.0000
v 0.0000 0.0000 133.7169
v 53.0892 80.4261 11.4942
v 0.0000 0.0000 1.0000
v 1.0000 1.0000 0.0000
v 0.2941 0.0000 0.0000
v 0.0000 -144.0351 12.8511
v -77.5717 25.6804 0.0000
v 0.0000 1.0000 1.0000
v 1.0000 0.0000 0.0000
v 0.0000 0.0000 150.1467
v 24.0903 114.3478 14.0904
v 0.0000 0.0000 1.0000
v 1.0000 1.0000 0.0000
v 0.0000 0.8471 0.0000
v 155.6195 42.0440 135.0558
v 16.3087 0.0000 0.0000
v 1.0000 1.0000 1.0000
v 0.0745 0.0000 0.0000
v 149.3622 13.4833 55.0488
v 7.0452 0.0000 0.0000
v 1.0000 1.0000 1.0000
v 0.2784 0.0000 0.0000
v 0.0000 -123.1247 53.3163
v -114.3637 17.0431 0.0000
v 0.0000 1.0000 1.0000
v 1.0000 0.0000 0.0000
v -0.2078 0.0000 0.0000
v 0.0000 74.0735 9.2146
v 107.1320 17.9198 0.0000
v 0.0000 1.0000 1.0000
v 1.0000 0.0000 0.0000
v 1.0039 0.9373 0.0000
v 0.0000 0.0000 -144.9303
v 34.3479 -132.7915 31.4416
v 0.0000 0.0000 1.0000
v 1.0000 1.0000 0.0000
v 0.6706 0.9451 0.0000
v 0.0000 -142.1723 18.1947
v -164.1847 13.9753 0.0000
v 0.0000 1.0000 1.0000
v 1.0000 0.0000 0.0000
v 70.3845 54.2384 103.7106
v 28.1173 0.0000 0.0000
v 1.0000 1.0000 1.0000
v 0.0000 1.0000 0.0000
v 0.0000 -11.7517 37.0820
v -160.9613 35.7423 0.0000
v 0.0000 1.0000 1.0000
v 1.0000 0.0000 0.0000
v 0.0000 0.0588 0.0000
v -153.6680 52.5342 -152.2247
v 13.3688 0.0000 0.0000
v 1.0000 1.0000 1.0000
v 1.9961 -0.2078 0.0000
v 0.0000 106.4253 13.6128
v 92.9374 27.2707 0.0000
v 0.0000 1.0000 1.0000
v 1.0000 0.0000 0.0000
v 1.0000 0.0000 0.0000
v 0.0000 0.0000 -106.7265
v 39.0186 -150.2338 36.8945
v 0.0000 0.0000 1.0000
v 1.0000 1.0000 0.0000
v 0.0000 1.0000 1.0000
v 1.0000 0.0000 0.0000
v -162.7943 47.1751 39.7489
v 7.5038 0.0000 0.0000
v 1.0000 1.0000 1.0000
v 0.0000 0.0000 -165.3688
v 52.5405 39.7503 1.5480
v 0.0000 0.0000 1.0000
v 1.0000 1.0000 0.0000
v 0.8157 0.8000 0.0000
v 0.0000 0.0000 -175.6771
v 40.2552 29.7299 9.6570
v 0.0000 0.0000 1.0000
v 1.0000 1.0000 0.0000
v 0.7529 0.0000 0.0000
v -180.1733 47.6696 27.4122
v 2.0640 0.0000 0.0000
v 1.0000 1.0000 1.0000
v 0.0000 85.4731 64.4855
v -172.9767 11.9935 0.0000
v 0.0000 1.0000 1.0000
v 1.0000 0.0000 0.0000
v 0.0000 89.0103 73.4339
v -179.1718 2.5799 0.0000
v 0.0000 1.0000 1.0000
v 1.0000 0.0000 0.0000
v 0.8980 0.0000 0.0000
v 0.0000 0.0000 -162.6026
v 38.8462 147.2448 14.3251
v 0.0000 0.0000 1.0000
v 1.0000 1.0000 0.0000
v 0.0000 -170.0303 49.9603
v 147.2469 3.0959 0.0000
v 0.0000 1.0000 1.0000
v 1.0000 0.0000 0.0000
v 0.8000 0.0000 0.0000
v 0.0000 0.0000 60.6013
v 63.6913 -163.0756 9.5188
v 0.0000 0.0000 1.0000
v 1.0000 1.0000 0.0000
v 0.7529 0.0000 0.0000
v 59.0679 71.0284 -168.0317
v 2.0640 0.0000 0.0000
v 1.0000 1.0000 1.0000
v 0.0000 68.0126 57.3279
v -181.4703 9.5423 0.0000
v 0.0000 1.0000 1.0000
v 1.0000 0.0000 0.0000
v 0.0000 0.0000 68.0127
v 64.7230 -186.4264 2.0640
v 0.0000 0.0000 1.0000
v 1.0000 1.0000 0.0000
v 0.0000 0.3961 0.0000
v 157.2474 60.5431 -143.9437
v 14.1999 0.0000 0.0000
v 1.0000 1.0000 1.0000
v 0.7529 0.0000 0.0000
v 162.4490 71.0234 -151.6964
v 3.0959 0.0000 0.0000
v 1.0000 1.0000 1.0000
v 0.0000 0.0000 94.7364
v 46.5739 141.4137 14.8728
v 0.0000 0.0000 1.0000
v 1.0000 1.0000 0.0000
v 0.0000 91.7951 57.6192
v 146.9447 3.0959 0.0000
v 0.0000 1.0000 1.0000
v 1.0000 0.0000 0.0000
v 0.3961 0.0000 0.0000
v 159.7777 68.3231 -122.9339
v 10.0667 0.0000 0.0000
v 1.0000 1.0000 1.0000
v 0.0000 0.0000 162.9525
v 75.5199 -123.6674 2.0640
v 0.0000 0.0000 1.0000
v 1.0000 1.0000 0.0000
v 1.0039 0.0000 0.0000
v 0.0000 62.4752 56.6862
v 155.7731 12.2539 0.0000
v 0.0000 1.0000 1.0000
v 1.0000 0.0000 0.0000
v 0.7529 0.0000 0.0000
v 67.4095 65.9824 158.9123
v 2.5799 0.0000 0.0000
v 1.0000 1.0000 1.0000
v 0.0000 0.0000 1.0000
v 1.0000 1.0000 0.0000
v 0.0000 1.0000 1.0000
v 1.0000 0.0000 0.0000
v 1.0000 1.0000 1.0000
v 0.0000 0.0000 1.0000
v 1.0000 1.0000 0.0000
v 0.0000 1.0000 1.0000
v 1.0000 0.0000 0.0000
v 1.0000 1.0000 1.0000
v 0.0000 0.0000 1.0000
v 1.0000 1.0000 0.0000
v 0.0000 1.0000 1.0000
v 1.0000 0.0000 0.0000
v 1.0000 1.0000 1.0000
v 0.0000 0.0000 1.0000
v 1.0000 1.0000 0.0000
v 0.0000 1.0000 1.0000
v 1.0000 0.0000 0.0000
v 0.0000 1.0000 0.0000
v 0.0000 155.1504 21.2826
v 25.5194 57.3316 0.0000
v 0.0000 1.0000 1.0000
v 1.0000 0.0000 0.0000
v 1.0039 0.7137 0.0000
v -33.7974 36.1373 170.8042
v 56.9978 0.0000 0.0000
v 1.0000 1.0000 1.0000
v 1.0039 0.3843 0.0000
v 127.7442 83.7314 -51.5913
v 78.3267 0.0000 0.0000
v 1.0000 1.0000 1.0000
v 0.0000 79.1937 39.6613
v -172.1258 65.0669 0.0000
v 0.0000 1.0000 1.0000
v 1.0000 0.0000 0.0000
v -150.2337 72.7648 -29.9961
v 88.5629 0.0000 0.0000
v 1.0000 1.0000 1.0000
v 0.0000 166.7743 40.4205
v -20.8533 45.7556 0.0000
v 0.0000 1.0000 1.0000
v 1.0000 0.0000 0.0000
v 1.0000 1.0000 1.0000
v 0.9765 0.9922 0.0000
v 113.4968 11.7217 -156.3182
v 13.1803 0.0000 0.0000
v 1.0000 1.0000 1.0000
v 1.0000 0.0000 0.0000
v 0.0000 109.5070 14.2589
v 37.7704 16.9824 0.0000
v 0.0000 1.0000 1.0000
v 1.0000 0.0000 0.0000
v 1.0000 1.0000 1.0000
v 118.9787 18.0736 69.4973
v 20.3194 0.0000 0.0000
v 1.0000 1.0000 1.0000
v -47.7639 36.3256 -131.4464
v 35.7423 0.0000 0.0000
v 1.0000 1.0000 1.0000
v 1.0000 0.0000 0.0000
v 50.6359 15.5582 152.9195
v 9.3936 0.0000 0.0000
v 1.0000 1.0000 1.0000
v -155.8794 65.0568 -141.6079
v 8.7914 0.0000 0.0000
v 1.0000 1.0000 1.0000
v 88.8897 9.6997 82.6877
v 10.1597 0.0000 0.0000
v 1.0000 1.0000 1.0000
v 80.1819 26.4971 129.3333
v 22.0495 0.0000 0.0000
v 1.0000 1.0000 1.0000
v 1.0000 0.0000 0.0000
v 0.0000 0.0000 -150.2338
v 37.8729 -112.5529 39.0549
v 0.0000 0.0000 1.0000
v 1.0000 1.0000 0.0000
v 1.0000 0.0000 0.0000
v 0.0000 135.0558 42.0440
v 155.6195 16.3087 0.0000
v 0.0000 1.0000 1.0000
v 1.0000 0.0000 0.0000
v -117.7377 57.7230 -102.2614
v 21.2044 0.0000 0.0000
v 1.0000 1.0000 1.0000
v 0.0000 1.0000 0.0000
v 0.0000 -100.7941 68.1776
v -121.2912 11.4470 0.0000
v 0.0000 1.0000 1.0000
v 1.0000 0.0000 0.0000
v 0.1608 0.0000 0.0000
v 92.1117 13.4313 55.5336
v 15.9753 0.0000 0.0000
v 1.0000 1.0000 1.0000
v 0.0000 0.0000 104.7888
v 58.7003 97.9273 51.5597
v 0.0000 0.0000 1.0000
v 1.0000 1.0000 0.0000
v 0.9451 0.0000 0.0000
v 0.0000 0.0000 -168.2727
v 16.3773 -140.9651 13.9753
v 0.0000 0.0000 1.0000
v 1.0000 1.0000 0.0000
v 0.0000 1.0000 0.0000
v 0.0000 0.0000 108.5971
v 24.2529 161.4680 14.0904
v 0.0000 0.0000 1.0000
v 1.0000 1.0000 0.0000
v 0.0000 -94.5060 16.5347
v -124.9000 13.9753 0.0000
v 0.0000 1.0000 1.0000
v 1.0000 0.0000 0.0000
v 0.0000 -138.6778 40.1213
v -152.3067 36.9436 0.0000
v 0.0000 1.0000 1.0000
v 1.0000 0.0000 0.0000
v 0.0000 0.0000 -118.5123
v 63.0012 -133.4154 16.4321
v 0.0000 0.0000 1.0000
v 1.0000 1.0000 0.0000
v 0.0000 0.0745 0.0000
v 0.0000 71.8358 5.9799
v 95.0397 7.0452 0.0000
v 0.0000 1.0000 1.0000
v 1.0000 0.0000 0.0000
v 1.0000 1.0000 1.0000
v 164.9533 39.6854 -172.8067
v 1.0320 0.0000 0.0000
v 1.0000 1.0000 1.0000
v 0.3961 0.0000 0.0000
v 162.4761 36.2483 -170.6826
v 4.6733 0.0000 0.0000
v 1.0000 1.0000 1.0000
v 0.7529 0.0000 0.0000
v 0.0000 151.7989 49.2492
v -170.5857 2.0640 0.0000
v 0.0000 1.0000 1.0000
v 1.0000 0.0000 0.0000
v 0.0000 0.3961 0.0000
v 0.0000 149.8781 42.0838
v -167.9520 10.0937 0.0000
v 0.0000 1.0000 1.0000
v 1.0000 0.0000 0.0000
v 0.0000 165.6716 47.8199
v -158.8610 1.5480 0.0000
v 0.0000 1.0000 1.0000
v 1.0000 0.0000 0.0000
v 0.0000 0.3961 0.0000
v 163.1604 42.4662 -158.8624
v 7.5174 0.0000 0.0000
v 1.0000 1.0000 1.0000
v 0.0000 0.0000 1.0000
v 1.0000 1.0000 0.0000
v 0.0000 1.0000 1.0000
v 1.0000 0.0000 0.0000
v 1.0000 1.0000 1.0000
v 0.0000 0.0000 1.0000
v 1.0000 1.0000 0.0000
v 1.9961 -0.2078 0.0000
v 0.0000 0.0000 -135.1426
v 19.3101 -164.2866 33.5934
v 0.0000 0.0000 1.0000
v 1.0000 1.0000 0.0000
v -180.4388 12.1374 -121.8537
v 18.5858 0.0000 0.0000
v 1.0000 1.0000 1.0000
v -0.2078 0.0000 0.0000
v 0.0000 -152.4234 9.7389
v -134.0313 18.7760 0.0000
v 0.0000 1.0000 1.0000
v 1.0000 0.0000 0.0000
v 1.9961 -0.2078 0.0000
v 0.0000 0.0000 103.6129
v 16.2353 97.7257 35.4821
v 0.0000 0.0000 1.0000
v 1.0000 1.0000 0.0000
v 0.5951 69.0371 1.6850
v 259.6842 0.0000 0.0000
v 1.0000 1.0000 1.0000
v 26.2750 47.2958 260.5258
v 0.0000 0.0000 1.0000
v 1.0000 1.0000 0.0000
v 0.0000 -169.6949 11.8562
v 1.7657 50.7126 0.0000
v 0.0000 1.0000 1.0000
v 1.0000 0.0000 0.0000
v 0.2745 0.0000 0.0000
v 0.0000 0.0000 42.7416
v 51.3659 248.4003 0.0000
v 0.0000 1.0000 1.0000
v 1.0000 0.0000 0.0000
v 1.0000 1.0000 1.0000
v 1.0039 0.7490 -159.3916
v 30.8016 102.2648 0.0000
v 0.0000 0.7490 -170.6763
v 30.8016 63.8896 0.0000
v 0.0000 1.0000 0.0000
v 0.0000 -165.0339 78.8016
v 83.0772 52.0000 0.0000
v 0.0000 1.0000 1.0000
v 1.0000 0.0000 0.0000
v -245.7424 72.1525 -256.1637
v 0.0000 0.0000 0.8784
v -205.0548 89.1957 -161.4202
v 0.0000 0.4039 0.0157
v -169.1082 89.1603 -160.8110
v 0.0000 0.7608 0.0118
v -128.9635 87.9171 -159.2901
v 0.0000 1.1608 0.0000
v -84.6668 93.7969 -161.2310
v 0.0000 1.6000 0.0157
v -49.1608 81.4510 -249.0215
v 0.0000 1.9843 0.9137
v -209.7727 65.3007 -269.6957
v 0.0000 0.3569 1.0000
v -135.5379 69.5977 -220.4891
v 0.0000 1.0902 0.6706
v -117.5761 62.1574 -224.0381
v 0.0000 1.2745 0.7020
v -76.5126 71.5782 -242.8148
v 0.0000 1.7020 0.8588
v -172.0301 65.7578 -245.2540
v 0.0000 0.7098 0.8824
v -204.0065 81.9031 -201.6351
v 0.0000 0.4157 0.3804
v -43.5791 101.2881 -206.3851
v 0.0000 2.0078 0.4235
v -44.0850 100.7798 -161.7539
v 0.0000 2.0039 0.0196
v 0.0000 -144.6608 81.7227
v -214.4929 115.1524 0.0000
v 0.0000 128.4560 0.0172
v 78.7367 0.0000 0.0000
v 0.0000 1.0000 1.0000
v 1.0000 0.0000 0.0000
v 0.0000 -159.8999 92.2307
v 160.7631 0.0000 0.0549
v 0.6627 -164.6562 70.7514
v 204.1270 0.0000 0.0000
v 0.3922 -90.6850 149.3748
v 126.5139 0.0000 0.9922
v 0.8039 -132.3767 103.8958
v 107.1418 0.0000 0.3804
v 1.0000 -119.8682 107.5963
v 253.7022 0.0000 0.6510
v 0.0078 -101.7183 138.6690
v 155.2993 0.0000 0.8627
v 0.6235 -110.7918 115.5376
v 216.2805 0.0000 0.7569
v 0.7765 -142.2605 81.1451
v 227.0546 0.0000 0.2627
v 0.5137 0.0000 0.0000
v 0.0000 0.0000 -127.6706
v 110.0631 180.4220 76.2851
v 0.0000 0.0000 1.0000
v 1.0000 1.0000 0.0000
v 0.0000 -41.6717 28.9033
v -49.2711 0.0000 0.2039
v 0.2941 24.8103 7.3444
v -60.1031 0.0000 0.0118
v 0.7922 25.0883 -12.6874
v 31.4412 0.0000 1.7020
v 0.5373 29.8361 -12.4325
v 12.8861 0.0000 1.3059
v 0.7725 27.5338 -8.9850
v -14.8982 0.0000 0.8118
v 0.9451 -34.5255 9.9847
v 2.5524 0.0000 1.1216
v 0.2157 -40.2162 10.8427
v 16.7277 0.0000 1.4392
v 0.1569 10.2442 -12.2628
v 47.4425 0.0000 1.9843
v 0.8078 -35.1658 7.5046
v 26.6887 0.0000 1.6157
v 0.2314 3.1510 -3.1984
v 39.2223 0.0000 1.8392
v 0.6706 -1.2563 30.5962
v -44.8058 0.0000 0.2824
v 0.3529 -41.0863 14.3134
v -15.1260 0.0000 0.8078
v 0.2078 -37.7920 21.8906
v -36.8556 0.0000 0.4235
v 0.3020 28.5096 6.4516
v -17.3716 0.0000 0.7686
v 0.8314 0.0000 0.0000
v 0.0000 -5.9178 8.9544
v -6.3303 61.9542 0.0000
v 0.0000 172.0019 48.1406
v 116.3249 0.0000 0.0000
v 0.0000 1.0000 1.0000
v 1.0000 0.0000 0.0000
v 0.0000 0.0000 -75.1123
v 131.3986 255.9702 0.0000
v 2.0941 -7.9569 -26.1681
v 129.2891 211.8510 0.0000
v 3.0157 -7.1412 -117.9926
v 92.4548 74.3776 -664.6735
v 1.2902 -4.0549 -57.5151
v 146.5650 135.1377 0.0000
v 2.4275 -5.7137 -159.8999
v 92.2307 160.7631 0.0000
v 2.8627 -5.9882 -164.6562
v 70.7514 204.1270 0.0000
v 0.4157 -6.9961 67.6345
v 127.7875 190.7357 0.0000
v 4.7765 -6.9137 -90.6850
v 149.3748 126.5139 0.0000
v 1.0196 -4.6627 -119.8682
v 107.5963 253.7022 0.0000
v 2.1725 -6.4745 25.0336
v 130.5107 184.8080 0.0000
v 2.1333 -7.4353 -110.7918
v 115.5376 216.2805 -716.8611
v 1.3098 -5.3294 -142.2605
v 81.1451 227.0546 0.0000
v 1.0706 -6.6392 -166.7486
v 73.9532 -128.1352 0.0000
v 0.3765 -0.2941 -140.5620
v 83.3696 -96.5907 0.0000
v 0.8667 -0.8784 -121.3095
v 84.1896 -41.7283 0.0000
v 1.2275 -1.8980 -121.3095
v 84.1896 -41.7283 0.0000
v 1.2275 -1.8980 -126.5020
v 85.4998 2.2911 0.0000
v 1.1333 -2.7137 -115.7439
v 94.1174 44.7810 0.0000
v 1.3333 -3.5059 -115.7439
v 94.1174 44.7810 0.0000
v 1.3333 -3.5059 -117.2852
v 72.1891 -177.4319 0.0000
v 1.3059 0.6157 -75.5505
v 81.9200 -122.8996 0.0000
v 2.0431 -1.8196 -90.4326
v 94.9549 -4.2830 -889.2998
v 1.8078 -2.5922 -84.5347
v 99.2456 36.2703 -780.9553
v 1.9333 -4.1686 -38.8327
v 76.2290 -141.0979 0.0000
v 2.7765 -0.0549 -38.8327
v 76.2290 -141.0979 0.0000
v 2.7765 -0.0549 -39.6680
v 89.0476 -121.6621 0.0000
v 2.8275 -1.9176 -36.6488
v 87.5595 -0.8892 -877.3472
v 2.8863 -4.1373 4.9410
v 82.6396 -125.3469 0.0000
v 3.6000 -0.3451 -1.5122
v 89.7565 -115.4784 0.0000
v 3.4980 -1.1765 3.3843
v 82.2227 -41.9756 -752.9402
v 3.5686 -1.8941 4.3515
v 82.3663 -1.8442 -877.4103
v 3.5961 -3.3961 9.6615
v 89.1721 79.2839 -769.0655
v 3.6863 -4.1451 38.3586
v 85.0812 -142.1290 0.0000
v 4.2235 -0.0353 40.6680
v 92.8884 -130.4844 0.0000
v 4.3725 -1.8745 43.7034
v 86.8941 -2.4652 -744.9089
v 4.3412 -4.8275 79.2897
v 81.4844 -170.2953 0.0000
v 4.9922 0.4863 84.8749
v 101.3050 -127.6487 0.0000
v 5.0980 -0.3020 84.3684
v 100.7967 -83.0186 -668.7523
v 5.1059 -1.9569 81.0175
v 87.8414 1.6871 -656.5641
v 4.8784 -5.2706 108.0220
v 84.7735 -163.5933 0.0000
v 5.5333 0.3608 114.9786
v 102.1299 -119.5584 0.0000
v 5.6627 -0.4549 125.0147
v 98.2017 -79.3294 -604.5486
v 5.7529 -1.8392 122.7560
v 86.6644 -10.1106 -636.4700
v 5.1373 -5.1333 142.7637
v 91.2474 -140.6127 0.0000
v 6.1843 -0.0627 169.3913
v 88.2350 -118.8279 0.0000
v 6.6863 -0.4667 176.8016
v 78.8390 -85.6997 0.0000
v 6.8235 -1.0824 166.7785
v 82.8296 -59.5555 0.0000
v 6.6353 -1.5686 141.7358
v 79.3099 -7.2562 0.0000
v 6.1647 -2.5373 161.3761
v 93.7821 29.0702 0.0000
v 6.5333 -3.2118 157.8055
v 86.4669 56.3237 0.0000
v 5.6157 -4.2980 120.4710
v 58.5941 146.8434 0.0000
v 5.7686 -5.4000 173.8643
v 62.8897 119.8550 0.0000
v 6.7686 -4.8980 -165.2698
v 66.6687 -158.8324 0.0000
v 0.4039 0.2706 119.1424
v 59.0197 140.4633 0.0000
v 5.7412 -5.2824 51.9352
v 71.6082 -164.0910 0.0000
v 4.4784 0.3686 81.5895
v 52.0028 -195.2589 0.0000
v 5.0353 0.9490 96.4129
v 75.3677 -181.0396 0.0000
v 5.3137 0.6863 92.2539
v 58.8678 143.3614 0.0000
v 5.2353 -5.3333 101.4606
v 58.9144 137.3945 0.0000
v 5.4118 -5.2235 170.7422
v 78.7372 71.5216 0.0000
v 6.7098 -4.0000 162.6338
v 70.6670 87.6105 0.0000
v 6.5569 -4.2980 130.9200
v 62.4543 101.1960 0.0000
v 5.9608 -4.5529 99.1640
v 58.1333 103.6442 0.0000
v 5.3686 -4.5961 109.4069
v 60.1296 100.2525 0.0000
v 5.5608 -4.5333 93.1401
v 58.5552 120.3177 0.0000
v 4.8431 -4.9137 140.0535
v 62.4804 89.2481 0.0000
v 6.0235 -4.1490 147.2164
v 58.7725 111.7985 0.0000
v 6.2667 -4.7490 81.7446
v 61.4588 155.6649 0.0000
v 5.0392 -5.5647 77.2220
v 67.2803 151.3172 0.0000
v 4.9569 -5.4824 -151.9231
v 85.1797 74.7228 0.0000
v 0.6549 -4.0588 -154.3993
v 89.0644 124.6785 0.0000
v 1.9647 -4.8275 72.9193
v 76.9776 181.6917 0.0000
v 3.9608 -5.1255 77.9614
v 109.0324 195.8972 0.0000
v 4.9686 -7.1098 0.0000
v 0.0000 5.0265 113.7140
v 30.3556 258.8555 0.0000
v 0.0000 1.0000 1.0000
v 1.0000 0.0000 0.0000
v -0.7725 20.8122 1.1950
v 12.0159 0.0000 0.6588
v -0.1608 20.8122 1.1950
v -12.0159 0.0000 0.8196
v -0.1608 -0.0001 -1.6593
v -24.0319 0.0000 0.0039
v -0.1608 -20.8122 -3.6672
v -12.0159 0.0000 0.1686
v -0.1608 -20.8122 -3.6672
v 12.0159 0.0000 0.3294
v -0.1608 -0.0001 -1.6593
v 24.0319 0.0000 0.4941
v 0.9961 -0.0001 -1.6593
v -24.0319 0.0000 0.9843
v -1.2588 0.0000 0.0000
v 0.0000 71.8253 -42.0388
v -72.1391 130.9051 0.0000
v 0.0000 -130.5177 83.6024
v -31.2822 0.0000 0.0000
v 0.0000 1.0000 1.0000
v 1.0000 0.0000 0.0000
v 0.0000 -45.6040 7.1415
v 81.8633 0.0000 5.6863
v -5.0549 -43.4888 -5.1069
v 77.1416 0.0000 6.0980
v -4.6314 -55.1216 11.7654
v 94.2901 0.0000 0.1804
v 0.8824 -55.0692 -5.8482
v 77.5610 0.0000 3.2784
v -6.8510 -63.9218 0.3391
v 110.2608 0.0000 0.0118
v 0.9216 -203.5699 131.3998
v 177.2411 0.0000 1.8157
v -6.9608 -154.6169 129.2874
v 133.1248 0.0000 2.6353
v -3.4902 63.9166 54.7453
v -158.4768 -0.0000 2.5569
v 0.3451 -327.1956 -0.0234
v 28.6581 0.0000 0.7255
v -0.3137 -314.7701 -40.6081
v 95.2078 0.0000 2.2667
v -4.9686 -288.3667 92.2299
v 82.0299 0.0000 1.6784
v 0.2824 -314.6676 -11.4484
v 63.0840 0.0000 1.5843
v -5.2118 -293.1184 70.7527
v 125.3947 0.0000 2.8078
v -0.6627 -301.9944 32.8741
v 116.7957 0.0000 2.8941
v -0.0980 -302.6842 24.4419
v 117.7261 0.0000 2.6706
v 0.0275 -305.8004 10.5358
v 119.2402 0.0000 2.6980
v 0.2314 -307.7497 -4.8951
v 116.9682 0.0000 2.6549
v 0.4627 -305.7984 -21.9724
v 104.2080 0.0000 2.4275
v 0.7176 -60.8078 127.7813
v 111.9894 0.0000 4.2039
v -4.8275 -260.8400 103.8967
v 28.4005 0.0000 0.5451
v -4.0314 -248.3375 107.5940
v 174.9664 0.0000 0.9098
v -5.6431 -103.4184 130.5108
v 106.0806 0.0000 3.4902
v -5.7882 -158.7080 144.9195
v 113.8910 2.8002 2.5686
v -5.9176 -201.5643 145.8176
v 149.0341 2.8002 1.8510
v -6.4980 -239.2628 115.5335
v 137.5453 2.8002 1.0588
v -6.3059 -245.5141 95.9084
v 64.2581 0.0000 0.7922
v -4.6235 -270.7285 81.1439
v 148.3170 0.0000 0.3882
v -6.4863 -258.1233 87.1870
v 106.2864 0.0000 0.5882
v -0.6706 -249.7713 84.1915
v -120.4662 0.0000 1.0549
v -1.5765 -249.7713 84.1915
v -120.4662 0.0000 1.0549
v -1.5765 -249.7713 84.1915
v -120.4662 0.0000 0.1765
v -0.7333 -254.9639 85.5016
v -76.4467 0.0000 0.7216
v 0.6588 -204.0078 81.9222
v -201.6409 0.0000 1.8078
v -0.2353 -205.0567 89.2155
v -161.4221 0.0000 1.7922
v -0.8980 -206.2887 83.1200
v -124.6305 0.0000 1.7725
v -1.5059 -218.8891 95.3718
v -83.0225 0.0000 1.5608
v -3.5922 -167.2869 76.2296
v -219.8435 0.0000 2.4235
v 0.0588 -167.2869 76.2296
v -219.8435 0.0000 2.4235
v 0.0588 -168.1248 89.0494
v -200.4049 0.0000 2.4078
v -0.2549 -169.1091 89.1803
v -160.8117 0.0000 2.3922
v -0.9098 -164.6605 81.8840
v -119.3765 0.0000 2.4667
v -1.5922 -164.6605 81.8840
v -119.3765 0.0000 2.4667
v -1.5922 -165.1028 87.9764
v -79.6282 0.0000 2.4588
v -2.2510 -163.0753 88.5466
v -41.0513 0.0000 2.4941
v -2.8863 -161.5113 94.7491
v 0.0416 0.0000 2.5216
v -3.5647 -123.5163 82.6374
v -204.0968 0.0000 3.1569
v -0.1961 -129.9699 89.7584
v -194.2208 0.0000 3.0471
v -0.3569 -128.9645 87.9370
v -159.2897 0.0000 3.0627
v -0.9333 -125.0732 82.2255
v -120.7111 0.0000 3.1294
v -1.5725 -124.1051 82.7833
v -80.5820 0.0000 3.1451
v -2.2353 -123.5920 89.7668
v -39.7464 0.0000 3.1529
v -2.9098 -118.7916 89.5889
v 0.5448 0.0000 3.2353
v -3.5725 -90.1046 85.0779
v -220.8781 0.0000 3.7137
v 0.0784 -87.7922 92.8898
v -209.2272 0.0000 3.7529
v -0.1098 -84.6696 93.8167
v -161.2309 0.0000 3.8039
v -0.9020 -84.6696 93.8167
v -161.2309 0.0000 3.8039
v -0.9020 -82.2782 92.9038
v -121.8535 0.0000 3.8431
v -1.5529 -84.7545 86.8969
v -81.2019 0.0000 3.8039
v -2.2235 -85.4095 88.8487
v -43.2631 0.0000 3.7922
v -2.8510 -83.6081 85.2238
v 3.5731 0.0000 3.8235
v 0.5412 -43.5824 101.3074
v -206.3892 0.0000 4.4902
v -0.1569 -44.0885 100.7995
v -161.7539 0.0000 4.4824
v -0.8941 -43.0971 95.9350
v -117.4125 0.0000 4.4980
v -1.6275 -47.4387 87.8442
v -77.0496 0.0000 4.4275
v -2.2941 -42.9073 94.1921
v -52.3287 0.0000 4.5020
v -2.7020 -47.7622 85.2772
v -15.2953 0.0000 4.4196
v -4.5725 -20.4321 84.7739
v -242.3393 -0.0000 4.8784
v 0.4314 -13.4748 102.1322
v -198.2986 0.0000 4.9961
v -0.2902 -3.4368 98.2039
v -158.0639 0.0000 5.1608
v -0.9569 -8.8046 91.3592
v -123.5984 0.0000 5.0706
v -1.5255 -5.6970 86.6670
v -88.8486 0.0000 5.1255
v -2.0980 -3.0105 94.7819
v -48.0164 0.0000 5.1686
v -2.7725 -3.0105 94.7819
v -48.0164 0.0000 5.1686
v -2.7725 -1.9642 88.2267
v -20.9327 0.0000 5.1882
v 0.0510 40.9459 88.2346
v -197.5671 -0.0000 5.9059
v -0.3020 48.3553 78.8393
v -164.4367 2.4078 0.0118
v -1.0039 38.3322 82.8287
v -138.2860 -0.0000 0.6392
v -3.7098 10.2299 -0.0065
v -85.2713 0.0000 1.7725
v 0.9922 27.6607 1.4011
v -52.1240 0.0000 2.5216
v -0.1529 60.9105 -0.0074
v -139.6500 0.0000 0.0039
v 0.9922 70.3146 14.7542
v -132.9335 2.6428 0.0118
v 0.1804 69.3140 54.7375
v -132.9330 -0.0000 0.0000
v -0.1922 0.4169 0.5426
v -203.7854 0.0000 0.6353
v 0.9725 50.0819 20.1178
v -222.2134 2.7525 1.6431
v 0.3137 -63.8176 3.7151
v -202.9435 0.0000 1.7176
v 0.9137 -63.8436 14.4060
v -215.6691 0.0000 1.8157
v 0.7137 -63.8436 14.4060
v -215.6691 0.0000 1.8157
v 0.7137 -70.0014 19.5166
v -234.8353 0.0000 2.0510
v 0.6157 -64.4161 27.6019
v -242.4771 0.0000 1.9961
v 0.4627 -60.7711 34.2238
v -256.9226 0.0000 2.0157
v 0.3412 -49.0154 42.8684
v -275.0122 0.0000 1.9294
v 0.1765 -184.5027 -0.3674
v -275.5674 0.0000 1.2549
v -0.4039 -232.5840 -0.3757
v -274.9454 0.0000 6.3451
v 0.1608 -310.8200 8.4416
v -195.8995 0.0000 1.5647
v 0.1608 -44.6890 27.5299
v 111.3647 0.0000 0.2392
v 0.6863 14.2062 12.8742
v 59.3362 0.0000 9.0039
v -3.5804 18.0068 15.5084
v 58.0133 0.0000 9.7647
v 0.1059 65.3387 -0.0179
v -24.0928 0.0000 3.7765
v -0.1608 -11.8545 6.1296
v 66.4895 0.0000 8.0627
v 0.8745 60.6491 13.6343
v 48.4362 0.0000 5.0196
v 0.9961 63.9180 54.7406
v -184.0234 -0.0000 2.2471
v 0.5608 61.9650 14.7509
v -184.0249 2.9093 2.2275
v 0.6902 61.9642 -0.0155
v -184.0254 0.0000 2.2275
v 0.8196 13.7084 21.3567
v -238.7400 2.2510 1.0706
v 0.6353 20.7421 13.0972
v -233.9723 2.2510 0.6941
v 0.7373 4.3120 29.6441
v -244.0284 2.2510 0.9882
v 0.4275 -6.0122 38.9321
v -249.4452 2.2510 1.1647
v 0.2510 -11.5760 57.7944
v -248.5043 -0.0000 0.6941
v 0.6667 -270.7445 5.2069
v -272.9849 0.0000 4.0627
v 0.1725 -268.9967 81.2617
v -93.1704 0.0000 0.5137
v 0.3373 -325.8187 7.8796
v -27.8090 0.0000 1.3294
v 0.1843 69.8503 -0.0157
v 24.8779 0.0000 4.5255
v 0.6588 70.0234 -0.0222
v -37.7190 0.0000 3.1490
v 1.0000 62.3119 53.6661
v -122.4426 -0.0000 0.9647
v 0.6902 50.8149 -0.0054
v -128.9367 0.0000 0.4118
v 0.9922 34.8454 52.5934
v -102.2439 -0.0000 1.3843
v 0.6588 -37.9016 3.9231
v -199.6192 0.0000 1.1961
v 0.7961 8.0714 67.9379
v -241.6332 -0.0000 0.9765
v 0.5569 -24.8619 45.8492
v -266.3496 2.2510 1.5412
v 0.1216 -116.4144 6.1519
v -271.9776 0.0000 2.9569
v 0.8667 -113.1677 13.3227
v -276.8262 2.2821 2.9098
v 0.7333 -113.1677 13.3227
v -276.8262 2.8934 2.6667
v 0.6627 -97.8601 26.0639
v -273.2613 3.0189 2.6627
v 0.4941 -82.0151 35.7870
v -272.3246 3.0816 2.4118
v 0.3098 -65.2289 45.5947
v -275.6590 2.8309 2.1686
v 0.1255 -102.4564 -0.2435
v -252.4032 0.0000 2.6941
v 0.6588 -142.2694 4.4676
v -265.2149 0.0000 2.0902
v 0.0392 -311.0038 6.6889
v -222.6269 0.0000 1.5529
v -0.4824 -303.8722 3.9687
v -61.6949 0.0000 0.9020
v 0.6314 -292.4362 13.4947
v -129.8454 0.0000 2.6471
v 0.8353 -275.5593 7.2758
v -86.0097 0.0000 3.6941
v -3.7333 -292.2522 5.9938
v -239.0650 0.0000 2.6588
v -2.9020 -304.4362 9.6552
v -160.6451 0.0000 1.9412
v -3.5098 -304.4362 9.6552
v -160.6451 0.0000 2.1647
v -0.4824 -309.1713 9.0809
v -172.0735 0.0000 1.6627
v -3.0863 -309.1713 9.0809
v -172.0735 0.0000 1.6627
v -0.4471 -295.7531 11.1850
v -163.2863 0.0000 1.6980
v 0.7569 -286.7751 10.0472
v -166.8356 0.0000 1.3255
v 0.7569 -286.7751 10.0472
v -166.8356 0.0000 1.3255
v 0.7569 -282.8893 9.5478
v -182.5282 0.0000 0.6745
v 0.7569 -294.7959 9.0119
v -188.7283 0.0000 0.3020
v 0.7569 -305.3998 9.6947
v -182.6055 0.0000 0.0196
v 0.6980 -1.8895 10.9189
v 28.0419 0.0000 0.8157
v 0.9804 -10.8974 11.1706
v 24.8303 0.0000 0.7255
v 0.9804 5.2177 11.2124
v 40.7237 0.0000 0.9098
v 0.9804 -24.6702 9.8146
v 29.5270 0.0000 0.5020
v 0.9804 -28.3609 6.6178
v 42.7140 0.0000 0.2784
v 0.9804 -9.4701 11.2869
v 60.3585 0.0000 0.0941
v 0.9804 2.2342 10.7660
v 52.1625 0.0000 1.0039
v 0.9804 -23.2559 5.6640
v 54.6339 0.0000 0.1882
v 0.9804 -23.2559 5.6640
v 54.6339 0.0000 0.1882
v 0.9804 -22.3275 13.0347
v 42.2418 -0.0000 0.2784
v 0.8392 -18.9627 10.7744
v 50.0058 -0.0000 0.1882
v 0.8392 -19.9894 13.6235
v 33.7596 -0.0000 0.5020
v 0.8392 -5.3547 13.6048
v 32.8653 -0.0000 0.8157
v 0.8392 -11.1835 14.7643
v 30.7293 -0.0000 0.7255
v 0.7725 51.3105 3.0991
v -204.0938 0.0000 1.8745
v 0.7922 54.6671 17.7274
v -208.8366 2.6428 1.8510
v 0.4275 44.4749 60.5825
v -201.2049 -0.0000 1.8392
v 0.2941 44.4749 60.5825
v -201.2049 -0.0000 1.8392
v -0.0863 -282.5625 9.4181
v -174.3325 0.0000 0.9529
v 0.4392 -46.8651 51.9953
v -274.0131 2.2510 4.4353
v 0.9529 -32.0380 75.3598
v -259.7932 -0.0000 4.6824
v -4.6314 -3.5072 78.9496
v -245.8693 -0.0000 0.8078
v 0.1843 48.4167 72.4671
v -209.3764 -0.0000 1.7804
v 0.1922 59.3136 66.1469
v -183.2461 2.5174 2.2118
v 0.2471 66.4473 72.2461
v -149.3962 2.5174 0.0118
v -0.5686 42.5143 69.1905
v -125.0100 2.4236 0.8706
v -0.5686 21.4954 67.0366
v -105.6109 -0.0000 1.3569
v 0.5608 31.1710 -0.0102
v -107.8605 0.0000 1.2549
v -0.5059 21.5352 0.1182
v -8.5577 0.0000 0.1765
v 0.9961 21.5352 0.1182
v 11.4423 0.0000 0.0118
v 0.9961 -13.4560 0.2631
v -22.7367 0.0000 0.6706
v 0.9882 -18.4560 0.1182
v -0.7367 0.0000 0.7961
v 0.9882 -12.3068 8.0042
v 22.4289 0.0000 0.9961
v 0.9882 -12.3068 8.0042
v 22.4289 0.0000 0.9961
v 0.9882 3.1518 0.2631
v -27.1691 0.0000 0.3412
v 0.4980 0.4984 -0.0096
v 14.0211 0.0000 0.0039
v 0.4980 -5.9314 3.8569
v 11.8451 0.0000 0.8824
v 0.4941 -9.0564 0.8251
v 5.0399 -0.0000 0.7569
v 0.4941 -9.0564 0.8251
v 5.0399 -0.0000 0.7569
v 0.4941 -7.5369 1.2142
v -4.0283 -0.0000 0.6314
v 0.0118 -68.9872 -2.1558
v 22.0691 0.0000 0.1529
v 0.7804 -78.6040 -1.6393
v 20.9999 0.0000 0.3294
v 0.7804 -75.2565 -0.6690
v 4.6816 0.0000 0.6824
v 0.7804 -65.1529 -0.8209
v 6.1279 0.0000 0.8588
v 0.7804 -81.7511 -0.6062
v 10.4533 0.0000 0.5059
v 0.7804 -64.0924 -1.6733
v 16.3111 0.0000 0.0353
v 0.7804 -77.1966 4.0604
v 18.9941 0.0000 0.3294
v 0.6706 -77.1966 4.0604
v 18.9941 0.0000 0.3294
v 0.6706 -79.1583 4.4970
v 11.2851 0.0000 0.5059
v 0.8706 -281.9996 9.7227
v -101.7882 0.0000 3.2627
v -0.9373 61.9640 -0.0145
v -158.4772 0.0000 2.5373
v 0.4314 -281.4505 11.4916
v -82.2587 0.0000 0.6353
v 0.8078 -314.6654 -78.8789
v 63.0894 0.0000 2.8941
v -4.1804 -55.5201 76.9704
v 102.9500 0.0000 4.2902
v -5.2627 -47.1315 53.7992
v 111.0167 0.0000 0.2314
v -4.4431 -50.4803 109.0179
v 117.1468 0.0000 4.3765
v -6.2078 -46.9999 -15.6438
v 72.2099 0.0000 3.9608
v -5.6431 -38.3030 -12.9656
v 72.9080 0.0000 6.4902
v -4.3294 -314.8463 5.9296
v -44.7547 0.0000 1.1176
v 0.5608 -10.3753 0.2618
v -7.7402 728.9712 0.6314
v 0.5569 -11.3922 0.1182
v 5.6048 217.3171 0.7569
v 0.5569 -7.5086 0.1182
v 14.7201 0.0000 0.8824
v 0.5569 -7.5086 0.1182
v 14.7201 0.0000 0.8824
v 0.5608 -15.3879 0.1155
v 10.8497 0.0000 0.8706
v 0.0039 27.6607 1.4011
v -52.1240 0.0000 2.5098
v 0.9961 -288.3667 92.2299
v 82.0299 0.0000 0.1020
v -4.9176 -293.1184 70.7527
v 125.3947 0.0000 0.0275
v -6.1059 -293.1184 70.7527
v 125.3947 0.0000 0.0275
v -6.1059 -254.9639 85.5016
v -76.4467 0.0000 0.9686
v -2.3020 -254.9639 85.5016
v -76.4467 0.0000 0.9686
v -2.3020 -293.1184 70.7527
v 125.3947 0.0000 0.0275
v -6.1059 -293.1184 70.7527
v 125.3947 0.0000 0.0275
v -3.4980 -254.9639 85.5016
v -76.4467 0.0000 0.9686
v -2.1451 38.3322 82.8287
v -138.2860 -0.0000 5.8588
v -1.2824 48.3553 78.8393
v -164.4367 2.4078 6.0275
v -4.3216 -288.3667 92.2299
v 82.0299 0.0000 0.1020
v -4.9176 -303.8722 3.9687
v -61.6949 0.0000 3.2157
v -7.7020 -303.8722 3.9687
v -61.6949 0.0000 3.2157
v -7.7020 -281.4505 11.4916
v -82.2587 0.0000 3.1176
v -4.6745 66.4473 72.2461
v -149.3962 2.5174 2.6941
v 0.1922 51.3105 3.0991
v -204.0938 0.0000 0.0392
v 0.9255 51.3105 3.0991
v -204.0938 0.0000 0.0392
v 0.9255 -46.8651 51.9953
v -274.0131 2.2510 1.8941
v 0.0039 20.7421 13.0972
v -233.9723 2.2510 1.2000
v 0.0039 40.9459 88.2346
v -197.5671 -0.0000 1.8471
v 0.0314 48.3553 78.8393
v -164.4367 2.4078 2.3255
v 0.1255 48.3553 78.8393
v -164.4367 2.4078 2.3255
v 0.1255 13.7084 21.3567
v -238.7400 2.2510 0.8235
v 0.5804 13.7084 21.3567
v -238.7400 2.2510 0.8235
v 0.5804 -46.8651 51.9953
v -274.0131 2.2510 0.0235
v 0.3686 -46.8651 51.9953
v -274.0131 2.2510 0.0235
v 0.3686 -32.0380 75.3598
v -259.7932 -0.0000 0.3451
v 0.0039 -20.4321 84.7739
v -242.3393 -0.0000 0.6784
v 0.0667 -20.4321 84.7739
v -242.3393 -0.0000 0.6784
v 0.0667 13.7084 21.3567
v -238.7400 2.2510 0.8235
v 0.5804 66.4473 72.2461
v -149.3962 2.5174 2.6941
v 0.1922 48.3553 78.8393
v -164.4367 2.4078 2.3255
v 0.1255 48.3553 78.8393
v -164.4367 2.4078 2.3255
v 0.1255 -20.4321 84.7739
v -242.3393 -0.0000 0.6784
v 0.0667 -32.0380 75.3598
v -259.7932 -0.0000 0.3451
v 0.1686 -32.0380 75.3598
v -259.7932 -0.0000 0.3451
v 0.1686 -46.8651 51.9953
v -274.0131 2.2510 0.0235
v 0.3686 -46.8651 51.9953
v -274.0131 2.2510 0.0235
v 0.3686 -24.8619 45.8492
v -266.3496 2.2510 0.3412
v 0.4235 -6.0122 38.9321
v -249.4452 2.2510 0.7373
v 0.4824 4.3120 29.6441
v -244.0284 2.2510 0.9098
v 0.5608 66.4473 72.2461
v -149.3962 2.5174 2.6941
v 0.1922 66.4473 72.2461
v -149.3962 2.5174 2.6941
v 0.1922 69.3140 54.7375
v -132.9330 -0.0000 2.9255
v 0.5608 70.3146 14.7542
v -132.9335 2.6428 2.9333
v 0.6902 60.9105 -0.0074
v -139.6500 0.0000 2.9333
v 0.6510 -249.7713 84.1915
v -120.4662 0.0000 2.7412
v -0.1294 -309.1713 9.0809
v -172.0735 0.0000 2.1647
v -0.6902 -309.1713 9.0809
v -172.0735 0.0000 2.1647
v 0.7569 -309.1713 9.0809
v -172.0735 0.0000 2.1647
v 0.5216 -309.1713 9.0809
v -172.0735 0.0000 2.1647
v 0.7569 -305.3998 9.6947
v -182.6055 0.0000 2.4431
v 0.7569 -310.8200 8.4416
v -195.8995 0.0000 2.7216
v 0.7569 -310.8200 8.4416
v -195.8995 0.0000 2.7216
v 0.2471 60.6491 13.6343
v 48.4362 0.0000 1.8314
v 0.9843 60.6491 13.6343
v 48.4362 0.0000 1.8314
v 0.2667 -55.5201 76.9704
v 102.9500 0.0000 0.1529
v 0.0745 -55.5201 76.9704
v 102.9500 0.0000 0.1529
v 0.0745 60.6491 13.6343
v 48.4362 0.0000 1.8314
v 0.9843 60.6491 13.6343
v 48.4362 0.0000 1.8314
v 0.9843 18.0068 15.5084
v 58.0133 0.0000 1.2078
v 0.8980 18.0068 15.5084
v 58.0133 0.0000 1.2078
v 0.9373 -45.6040 7.1415
v 81.8633 0.0000 0.3451
v 0.9412 -45.6040 7.1415
v 81.8633 0.0000 0.3451
v -0.6471 -167.2869 76.2296
v -219.8435 0.0000 1.5961
v -0.2431 -116.4144 6.1519
v -271.9776 0.0000 2.6000
v 0.8196 -116.4144 6.1519
v -271.9776 0.0000 2.6000
v 0.8196 -123.5163 82.6374
v -204.0968 0.0000 2.4588
v -0.8784 -123.5163 82.6374
v -204.0968 0.0000 2.4588
v -0.8784 -167.2869 76.2296
v -219.8435 0.0000 1.5961
v -0.6353 -46.8651 51.9953
v -274.0131 2.2510 3.9765
v -0.1961 -65.2289 45.5947
v -275.6590 2.8309 3.6118
v -0.0549 -82.0151 35.7870
v -272.3246 3.0816 3.2824
v 0.1608 -82.0151 35.7870
v -272.3246 3.0816 3.2824
v 0.1608 -116.4144 6.1519
v -271.9776 0.0000 2.6000
v 0.8196 -116.4144 6.1519
v -271.9776 0.0000 2.6000
v 0.8196 -97.8601 26.0639
v -273.2613 3.0189 2.9686
v 0.3765 -97.8601 26.0639
v -273.2613 3.0189 2.9686
v 0.3765 -82.0151 35.7870
v -272.3246 3.0816 3.2824
v -0.6353 -90.1046 85.0779
v -220.8781 0.0000 3.1216
v -0.9333 -90.1046 85.0779
v -220.8781 0.0000 3.1216
v -0.9333 -97.8601 26.0639
v -273.2613 3.0189 2.9686
v 0.3765 -123.5163 82.6374
v -204.0968 0.0000 2.4588
v -0.8784 -90.1046 85.0779
v -220.8781 0.0000 3.1216
v 0.6706 -64.0924 -1.6733
v 16.3111 0.0000 0.9725
v 0.7804 -64.0924 -1.6733
v 16.3111 0.0000 0.9725
v 0.3216 0.4984 -0.0096
v 14.0211 0.0000 1.0039
v 0.8392 2.2342 10.7660
v 52.1625 0.0000 0.0000
v 0.9804 2.2342 10.7660
v 52.1625 0.0000 0.0000
v 0.5529 0.4984 -0.0096
v 14.0211 0.0000 1.0039
v 0.4941 0.4984 -0.0096
v 14.0211 0.0000 1.0039
v 0.4941 0.0000 0.0000
v -127.0709 48.2741 -50.0637
v 277.6174 0.0000 0.0000
v 128.4560 0.0172 78.7367
v 1.0000 1.0000 1.0000
v 0.0000 0.0000 1.0000
v 1.0000 1.0000 0.0000
v 17.0371 0.1457 5.8194
v 0.0000 2.7804 -0.4392
v 19.7692 0.1457 1.2459
v 0.0000 3.0118 -0.0784
v 0.5030 0.1457 10.6023
v 0.0000 1.3686 -0.8118
v 5.3765 0.1457 12.3617
v 0.0000 1.7843 -0.9529
v 8.5935 0.1457 12.5064
v 0.0000 2.0588 -0.9647
v 14.5640 0.1457 10.5479
v 0.0000 2.5686 -0.8078
v -2.0594 0.1457 -10.9857
v 0.0000 1.1490 0.8784
v -8.0093 0.1457 -11.4534
v 0.0000 0.6392 0.9137
v -11.6673 0.1457 -6.1424
v 0.0000 0.3294 0.4980
v -14.3808 0.1457 -0.3600
v 0.0000 0.0980 0.0431
v 15.6012 0.1457 -7.2006
v 0.0000 2.6549 0.5804
v 13.6227 0.1457 -10.9834
v 0.0000 2.4863 0.8784
v 8.8463 0.1457 -12.5502
v 0.0000 2.0784 1.0000
v 4.0698 0.1457 -10.9834
v 0.0000 1.6706 0.8784
v -15.5120 0.1457 6.3164
v 0.0000 0.0000 -0.4784
v -10.4082 0.1457 13.0282
v 0.0000 0.4353 -1.0039
v -4.8466 0.1457 11.2167
v 0.0000 0.9098 -0.8627
v 2.1286 0.1620 0.2390
v 18.6581 0.0000 0.0000
v 1.0000 1.0000 1.0000
v 12.7799 0.1821 0.3487
v 0.0000 2.0078 0.2078
v 5.8879 0.1821 13.1985
v 0.0000 1.5020 -1.0039
v -5.7003 0.1821 12.9501
v 0.0000 0.6549 -0.9804
v -14.6088 0.1821 0.0583
v 0.0000 0.0000 0.2353
v 7.7626 0.1821 -6.5221
v 0.0000 1.6392 0.8588
v -6.3988 0.1821 -8.0072
v 0.0000 0.6000 1.0000
v 10.9207 0.1821 6.7991
v 0.0000 1.8706 -0.3961
v -11.8809 0.1821 6.4839
v 0.0000 0.2000 -0.3686
v -0.9144 0.2289 2.5956
v 13.9275 0.0000 0.0000
v 82.6176 3.7513 -113.0165
v 1.2500 1.7500 1.2500
v 0.0000 271.4333 42.0112
v -237.5818 72.6647 0.0000
v 0.0000 -148.1067 7.4848
v 118.3102 0.0000 0.0000
v 0.0000 1.0000 1.0000
v 1.0000 0.0000 0.0000
v 0.0000 0.0000 17.0371
v 0.1457 5.8194 0.0000
v 2.7804 -0.4392 19.7692
v 0.1457 1.2458 0.0000
v 0.7176 0.0157 0.5030
v 0.1457 10.6022 0.0000
v 1.3686 -0.8118 5.3765
v 0.1457 12.3617 0.0000
v 1.7843 -0.9529 8.5935
v 0.1457 12.5064 0.0000
v 2.0588 -0.9647 14.5640
v 0.1457 10.5478 0.0000
v 2.5686 -0.8078 -3.1653
v 0.1457 -10.8628 0.0000
v 1.6745 -0.6118 -10.3441
v 0.1457 -9.4873 0.0000
v 0.8824 0.2353 -15.3638
v 0.1457 -1.5888 0.0000
v 0.0118 0.1412 15.6012
v 0.1457 -7.2006 0.0000
v 2.6549 0.5804 13.6228
v 0.1457 -10.9834 0.0000
v 2.4863 0.8784 8.8463
v 0.1457 -12.5503 0.0000
v 2.0784 1.0000 2.9639
v 0.1457 -10.8605 0.0000
v 1.5765 0.8667 -15.5120
v 0.1457 6.3163 0.0000
v 0.0000 -0.4784 -10.4082
v 0.1457 13.0282 0.0000
v 0.4353 -1.0039 -4.8466
v 0.1457 11.2167 0.0000
v 1.1176 0.2353 0.0000
v 2.1286 0.1620 0.2390
v 18.6581 0.0000 0.0000
v -14.1178 4.1803 -155.3039
v 1.0000 1.0000 1.0000
v 0.0000 0.0000 1.0000
v 1.0000 1.0000 0.0000
v -8.6109 26.8894 12.8893
v 128.9812 0.0000 0.0000
v -109.8769 39.8827 226.3870
v 1.0000 1.0000 1.0000
v -1.4039 0.0000 0.0000
v 0.0000 -2.0077 48.3250
v -5.1607 85.1516 0.0000
v 0.0000 285.3488 61.2633
v 870.2853 0.0000 0.0000
v 0.0000 1.0000 1.0000
v 1.0000 0.0000 0.0000
v 2.9961 -0.8157 0.0000
v 0.0000 69.7355 -158.9821
v -152.7992 259.2763 0.0000
v 0.0000 -463.5402 297.0265
v 832.1545 0.0000 0.0000
v 0.0000 1.0000 1.0000
v 1.0000 0.0000 0.0000
v -1.3804 0.0000 0.0000
v 0.0000 0.0000 10.8314
v 14.4203 -117.0197 131.6729
v 0.0000 0.0000 -514.8280
v 132.4958 841.3149 0.0000
v 0.0000 0.0000 1.0000
v 1.0000 1.0000 0.0000
v 0.0000 0.0000 3.5404
v 33.8336 -0.1043 56.2655
v 0.0000 0.0000 -345.3488
v 49.9332 740.7800 0.0000
v 0.0000 0.0000 1.0000
v 1.0000 1.0000 0.0000
v -2.6118 0.0000 0.0000
v 2.2542 6.4991 1.0704
v 116.8906 0.0000 0.0000
v 142.2360 175.7200 1107.4965
v 1.0000 1.0000 1.0000
v 0.7216 -2.2353 0.0000
v 0.0000 0.0000 -2.9417
v 16.0612 0.7027 76.9413
v 0.0000 0.0000 227.0990
v 115.5485 1097.0330 0.0000
v 0.0000 0.0000 1.0000
v 1.0000 1.0000 0.0000
v 0.0000 0.0000 0.3683
v -42.5632 -4.8438 94.0844
v 0.0000 0.0000 -246.8161
v 330.7258 624.8521 0.0000
v 0.0000 0.0000 1.0000
v 1.0000 1.0000 0.0000
v 1.9451 0.3412 0.0000
v 0.0000 0.0000 -1.4744
v 176.7317 1.6617 46.6674
v 0.0000 0.0000 329.7255
v 188.7840 831.7977 0.0000
v 0.0000 0.0000 1.0000
v 1.0000 1.0000 0.0000
v 0.3922 0.0000 0.0000
v -0.3684 -42.5632 -4.8437
v 94.0844 0.0000 0.0000
v 246.8161 452.5861 624.8521
v 1.0000 1.0000 1.0000
v -1.0058 176.2403 0.7832
v 44.9106 0.0000 0.0000
v -91.5576 188.7840 949.7569
v 1.0000 1.0000 1.0000
v 0.0706 0.3961 0.0000
v 0.0000 0.0000 -0.0732
v 3.1401 -5.0733 117.9861
v 0.0000 0.0000 179.4108
v 471.5995 780.7268 0.0000
v 0.0000 0.0000 1.0000
v 1.0000 1.0000 0.0000
v -0.6588 0.0000 0.0000
v 0.1135 190.7554 3.8088
v 97.6764 0.0000 0.0000
v -150.0285 238.3056 875.1132
v 1.0000 1.0000 1.0000
v -57.1433 0.0000 0.0000
v 0.0000 0.0000 1.0000
v 1.0000 1.0000 0.0000
v 0.0000 0.0000 -142.0530
v 12.4280 0.0000 0.0000
v 0.0000 1.0000 1.0000
v 1.0000 0.0000 0.0000
v 0.3686 0.0000 0.0000
v 0.0000 -32.9399 64.5911
v 202.5721 203.0544 0.0000
v 0.0000 280.0000 0.0000
v 80.0000 0.0000 0.0000
v 0.0000 1.0000 1.0000
v 1.0000 0.0000 0.0000
v -3.3765 0.0000 0.0000
v -71.2052 320.3985 -574.9436
v 898.4929 0.0000 0.0000
v 62.1953 -32.3712 1366.5264
v 1.0000 1.0000 1.0000
v 0.0000 0.0000 -60.0659
v 77.0949 382.0536 840.8137
v -187.0108 442.9846 0.0000
v 0.0000 0.0000 1.0000
v 1.0000 1.0000 0.0000
v 2.2745 0.3686 0.0000
v 0.0000 0.0000 43.7867
v 55.0575 202.5722 207.4605
v 0.0000 0.0000 -280.0000
v 0.0000 80.0000 0.0000
v 0.0000 0.0000 1.0000
v 1.0000 1.0000 0.0000
v 0.0000 0.0000 -30.6756
v 89.9348 380.9301 886.8116
v -92.4357 434.7104 0.0000
v 0.0000 0.0000 1.0000
v 1.0000 1.0000 0.0000
v 0.4824 -0.9804 0.0000
v -11.5000 -96.5073 -16.9540
v 296.2460 0.0000 0.0000
v 29.4719 -100.3506 687.2200
v 1.0000 1.0000 1.0000
v 0.0000 0.0000 1.0000
v 1.0000 1.0000 0.0000
v -0.4973 0.5089 -0.7695
v 6.4989 0.0000 0.0000
v 199.4860 -3.3806 -48.5359
v 1.0000 1.0000 1.0000
v 0.2796 0.4969 -1.5060
v 6.6901 0.0000 0.0000
v 182.0621 26.1087 221.0991
v 1.0000 1.0000 1.0000
v 0.0000 0.0000 0.7845
v 0.0543 0.0840 6.7601
v 0.0000 0.0000 170.5134
v 28.4350 230.7189 0.0000
v 0.0000 0.0000 1.0000
v 1.0000 1.0000 0.0000
v 0.5922 0.0000 0.0000
v -0.2901 -0.1497 1.6636
v 6.7130 0.0000 0.0000
v -175.0811 20.6991 159.9818
v 1.0000 1.0000 1.0000
v 1.4824 1.0000 0.0000
v 0.0000 0.0000 1.5251
v 0.7243 0.2403 6.9168
v 0.0000 0.0000 -166.5337
v 20.6568 171.2471 0.0000
v 0.0000 0.0000 1.0000
v 1.0000 1.0000 0.0000
v 1.4824 1.0000 0.0000
v 0.0000 0.0000 -0.3258
v 0.6531 1.7943 7.0360
v 0.0000 0.0000 -156.2608
v -9.4318 -103.8845 0.0000
v 0.0000 0.0000 1.0000
v 1.0000 1.0000 0.0000
v 0.0157 0.5922 0.0000
v 0.0000 -1.4139 -0.0258
v -0.5444 6.5616 0.0000
v 0.0000 -136.9015 -8.0722
v -103.1040 0.0000 0.0000
v 0.0000 1.0000 1.0000
v 1.0000 0.0000 0.0000
v 0.0373 0.3832 -0.0643
v 4.6075 0.0000 0.0000
v -97.9203 21.7450 206.3763
v 1.0000 1.0000 1.0000
v 0.0000 -0.2823 0.4237
v -0.3101 2.5160 0.0000
v 0.0000 148.7952 -11.1659
v -109.6841 0.0000 0.0000
v 0.0000 1.0000 1.0000
v 1.0000 0.0000 0.0000
v 1.4824 1.0000 0.0000
v 0.0000 0.0000 1.4530
v 1.3954 0.1805 13.6018
v 0.0000 0.0000 202.3474
v 2.2382 -113.4254 0.0000
v 0.0000 0.0000 1.0000
v 1.0000 1.0000 0.0000
v 0.0000 -0.1675 0.0673
v -0.1579 1.5560 0.0000
v 0.0000 187.3121 -7.5901
v -74.3595 0.0000 0.0000
v 0.0000 1.0000 1.0000
v 1.0000 0.0000 0.0000
v -0.6314 0.0000 0.0000
v 0.0000 -0.1675 0.3245
v -0.1759 1.5694 0.0000
v 0.0000 106.1762 -14.0039
v -134.9284 0.0000 0.0000
v 0.0000 1.0000 1.0000
v 1.0000 0.0000 0.0000
v 1.8627 1.0000 0.0000
v 0.0000 0.0000 -0.2823
v -0.1271 -0.3101 2.4705
v 0.0000 0.0000 -204.3467
v 0.7356 -0.8985 0.0000
v 0.0000 0.0000 1.0000
v 1.0000 1.0000 0.0000
v 0.0000 -0.2823 0.5469
v -0.2964 2.6448 0.0000
v 0.0000 224.6416 -1.2533
v -38.3045 0.0000 0.0000
v 0.0000 1.0000 1.0000
v 1.0000 0.0000 0.0000
v 1.8627 1.0000 0.0000
v 0.0000 -0.5264 -0.1342
v -0.5657 4.5941 0.0000
v 0.0000 -76.2729 -14.1071
v -144.4923 0.0000 0.0000
v 0.0000 1.0000 1.0000
v 1.0000 0.0000 0.0000
v 1.1569 -0.6314 0.0000
v 0.0000 -0.1675 0.3245
v -0.1759 1.5694 0.0000
v 0.0000 -76.2279 -16.1697
v -154.5265 0.0000 0.0000
v 0.0000 1.0000 1.0000
v 1.0000 0.0000 0.0000
v 0.0471 0.4980 0.0000
v 0.0000 0.0000 0.1871
v 0.5089 -0.7695 6.7817
v 0.0000 0.0000 207.8293
v -2.1059 -36.8798 0.0000
v 0.0000 0.0000 1.0000
v 1.0000 1.0000 0.0000
v 1.1569 -0.6314 0.0000
v 0.0000 0.0000 -0.2823
v 0.4237 -0.3101 2.5160
v 0.0000 0.0000 -192.2137
v -4.5935 -46.7714 0.0000
v 0.0000 0.0000 1.0000
v 1.0000 1.0000 0.0000
v 1.0000 0.0000 0.0000
v 0.0000 -0.5264 -0.2370
v -0.5784 4.6074 0.0000
v 0.0000 -41.7580 17.2938
v 224.1539 0.0000 0.0000
v 0.0000 1.0000 1.0000
v 1.0000 0.0000 0.0000
v 0.0000 0.0000 -0.1675
v -0.0754 -0.1840 1.4660
v 0.0000 0.0000 101.8202
v 31.5358 280.3068 0.0000
v 0.0000 0.0000 1.0000
v 1.0000 1.0000 0.0000
v 1.0000 0.0000 0.0000
v 0.0000 -0.1675 -0.0754
v -0.1840 1.4660 0.0000
v 0.0000 233.8848 14.0462
v 116.8085 0.0000 0.0000
v 0.0000 1.0000 1.0000
v 1.0000 0.0000 0.0000
v 1.1569 -0.6314 0.0000
v -0.1675 0.3245 -0.1759
v 1.5694 0.0000 0.0000
v 23.0912 -16.0425 -152.8466
v 1.0000 1.0000 1.0000
v -0.6314 0.0000 0.0000
v 0.0000 0.0000 -0.1675
v 0.1150 -0.1714 1.5667
v 0.0000 0.0000 208.5282
v -8.6293 -83.5211 0.0000
v 0.0000 0.0000 1.0000
v 1.0000 1.0000 0.0000
v 1.8627 1.0000 0.0000
v 0.0000 0.0000 -1.3624
v -0.6224 -0.0909 14.9225
v 0.0000 0.0000 359.5749
v 51.2739 185.3643 0.0000
v 0.0000 0.0000 1.0000
v 1.0000 1.0000 0.0000
v 0.3843 0.0000 0.0000
v 0.0000 0.0000 51.7349
v 38.4034 288.9931 540.3239
v 0.0000 0.0000 1.0000
v 1.0000 1.0000 0.0000
v -0.8157 0.0000 0.0000
v 0.0000 0.0000 -21.3100
v -89.7067 -114.8015 532.1469
v 0.0000 0.0000 33.2310
v 12.5086 114.3793 0.0000
v 0.0000 0.0000 1.0000
v 1.0000 1.0000 0.0000
v 0.0000 12.8262 -24.0921
v 67.4500 237.2873 0.0000
v 0.0000 1.0000 1.0000
v 1.0000 0.0000 0.0000
v 0.7265 0.6977 0.0902
v 6.8009 0.0000 0.0000
v -205.8040 5.7466 39.9742
v 1.0000 1.0000 1.0000
v 2.5412 -1.3882 0.0000
v 2.0354 4.3027 -9.5515
v 52.7781 0.0000 0.0000
v 348.7180 45.7911 -79.5789
v 1.0000 1.0000 1.0000
v -0.0706 0.0000 0.0000
v 0.0000 0.1777 11.5304
v 1.2927 18.3047 0.0000
v 0.0000 -194.3181 14.8618
v 137.2883 0.0000 0.0000
v 0.0000 1.0201 1.0201
v 1.0201 0.0000 0.0000
v -0.9725 0.0000 0.0000
v -5.9440 -5.9572 8.6037
v 56.5344 0.0000 0.0000
v -204.2965 104.7332 386.2007
v 1.0000 1.0000 1.0000
v 3.7451 -1.4118 0.0000
v 0.0000 -1.4808 20.4733
v -2.4581 36.9454 0.0000
v 0.0000 -268.3319 17.8671
v 60.4140 0.0000 0.0000
v 0.0000 0.4410 0.4410
v 0.4410 0.0000 0.0000
v 0.4343 0.2098 -1.8403
v 11.0928 0.0000 0.0000
v -143.4475 -0.1274 -134.4758
v 1.0000 1.0000 1.0000
v 3.6706 -2.6235 0.0000
v 0.0000 6.5704 23.6984
v -0.2305 30.7039 0.0000
v 0.0000 -258.2620 5.5913
v 31.1275 0.0000 0.0000
v 0.0000 0.4410 0.4410
v 0.4410 0.0000 0.0000
v 0.0000 -1.8309 6.8171
v -1.3469 17.5769 0.0000
v 0.0000 -161.6746 -10.9176
v -72.6005 0.0000 0.0000
v 0.0000 1.0201 1.0201
v 1.0201 0.0000 0.0000
v 1.0405 -1.2913 -2.6970
v 13.8196 0.0000 0.0000
v -162.5874 -8.4030 18.7016
v 1.0000 1.0000 1.0000
v 0.0000 -0.6581 -0.2962
v -0.7230 5.7593 0.0000
v 0.0000 -174.0756 1.3527
v -28.9606 0.0000 0.0000
v 0.0000 1.0000 1.0000
v 1.0000 0.0000 0.0000
v -1.2235 0.0000 0.0000
v 0.0000 -4.7971 4.2065
v 8.0569 63.1172 0.0000
v 0.0000 -216.0035 56.5079
v 261.3979 0.0000 0.0000
v 0.0000 1.0000 1.0000
v 1.0000 0.0000 0.0000
v 0.0000 0.0294 0.9841
v -0.1297 12.4834 0.0000
v 0.0000 -113.2221 -10.9450
v -123.2181 0.0000 0.0000
v 0.0000 1.0000 1.0000
v 1.0000 0.0000 0.0000
v -0.5647 0.0000 0.0000
v 0.2420 20.7680 -1.7968
v 36.6665 0.0000 0.0000
v -113.2602 -9.2174 -155.9468
v 0.4410 0.4410 0.4410
v 0.0000 -0.6667 0.0000
v 0.0000 -0.6485 -2.1818
v -3.1420 35.0031 0.0000
v 0.0000 1.1760 120.8061
v 386.6408 0.0000 0.0000
v 0.0000 2.0000 2.0000
v 2.0000 0.0000 0.0000
v 1.4824 1.0000 0.0000
v 0.0000 0.0000 0.3116
v 1.0320 -1.2515 13.7889
v 0.0000 0.0000 36.0949
v 63.5859 349.7060 0.0000
v 0.0000 0.0000 1.0000
v 1.0000 1.0000 0.0000
v 0.3412 0.0000 0.0000
v -0.3173 -1.0163 -1.5549
v 14.3661 0.0000 0.0000
v 31.9058 38.6203 272.9332
v 1.0000 1.0000 1.0000
v 1.8627 -0.0706 0.0000
v 0.0000 0.0000 4.3036
v 23.2198 -1.5638 35.9556
v 0.0000 0.0000 117.3192
v 30.7797 282.8424 0.0000
v 0.0000 0.0000 1.0201
v 1.0201 1.0201 0.0000
v 9.1804 -8.0706 0.0000
v 0.0000 1.5031 22.8882
v -7.8140 30.3783 0.0000
v 0.0000 -33.4428 33.9689
v 335.4278 0.0000 0.0000
v 0.0000 1.8750 1.8750
v 1.8750 0.0000 0.0000
v -2.6161 -0.7247 -0.5474
v 13.7455 0.0000 0.0000
v -6.0833 34.3676 264.5949
v 1.0000 1.0000 1.0000
v 0.0000 0.0000 1.8308
v 13.5567 -0.5494 24.7144
v 0.0000 0.0000 -114.9148
v 24.4987 224.0173 0.0000
v 0.0000 0.0000 1.1731
v 1.1731 1.1731 0.0000
v 0.0000 -0.6914 -0.3692
v 0.7379 5.7642 0.0000
v 0.0000 -52.8840 30.6722
v 239.1379 0.0000 0.0000
v 0.0000 1.0000 1.0000
v 1.0000 0.0000 0.0000
v -0.1098 0.0000 0.0000
v 0.0000 -0.2669 0.7522
v 1.3674 15.5570 0.0000
v 0.0000 -73.0629 31.5811
v 227.0350 0.0000 0.0000
v 0.0000 1.0000 1.0000
v 1.0000 0.0000 0.0000
v 0.0000 0.5356 0.8151
v -1.8279 11.1674 0.0000
v 0.0000 -156.8885 23.0488
v 187.6230 0.0000 0.0000
v 0.0000 1.0000 1.0000
v 1.0000 0.0000 0.0000
v 1.0000 0.0000 0.0000
v 0.0000 -0.0437 0.1295
v -0.1679 14.9975 0.0000
v 0.0000 -110.4297 16.6520
v 180.3705 0.0000 0.0000
v 0.0000 1.0000 1.0000
v 1.0000 0.0000 0.0000
v 0.0000 0.0000 -2.3020
v -1.2592 2.9427 18.3701
v 0.0000 0.0000 287.2394
v 10.3452 -35.0631 0.0000
v 0.0000 0.0000 2.0000
v 2.0000 2.0000 0.0000
v 1.0000 0.0000 0.0000
v 0.0000 -0.7265 0.9116
v -0.2201 6.8005 0.0000
v 0.0000 210.6691 -2.8247
v -38.4013 0.0000 0.0000
v 0.0000 1.0000 1.0000
v 1.0000 0.0000 0.0000
v 0.0000 1.0868 2.9725
v 0.6186 31.4836 0.0000
v 0.0000 258.5123 7.2741
v -142.4736 0.0000 0.0000
v 0.0000 2.0000 2.0000
v 2.0000 0.0000 0.0000
v 0.3412 0.0000 0.0000
v -1.5347 -1.0901 0.6551
v 14.6233 0.0000 0.0000
v 213.1615 2.7938 -54.6658
v 1.0000 1.0000 1.0000
v 1.8627 -0.0706 0.0000
v 0.0000 0.0000 -0.2221
v 14.5603 -3.8528 23.0522
v 0.0000 0.0000 191.1295
v -14.3262 -129.6077 0.0000
v 0.0000 0.0000 1.0201
v 1.0201 1.0201 0.0000
v 0.7686 0.3412 0.0000
v 0.0000 0.0000 -1.0405
v -1.6118 2.4886 13.4296
v 0.0000 0.0000 204.5585
v 5.6095 -16.7287 0.0000
v 0.0000 0.0000 1.0000
v 1.0000 1.0000 0.0000
v -0.0118 -0.3373 0.0000
v 1.8309 5.7389 0.2212
v 17.7483 0.0000 0.0000
v 172.0810 6.5488 77.9346
v 1.0201 1.0201 1.0201
v 1.8627 1.0000 0.0000
v 0.6581 -0.2586 0.6545
v 5.6885 0.0000 0.0000
v 178.9407 7.8112 30.0967
v 1.0000 1.0000 1.0000
v 4.8076 -3.5309 1.8406
v 46.9854 0.0000 0.0000
v 256.7759 49.2386 84.3954
v 1.0000 1.0000 1.0000
v 1.3255 1.0000 0.0000
v -2.7642 1.2341 -0.9111
v 11.7739 0.0000 0.0000
v 119.3674 16.8799 131.2142
v 1.0000 1.0000 1.0000
v -0.4292 -0.3722 0.9052
v 17.0809 0.0000 0.0000
v 121.8888 9.1017 88.8869
v 1.0000 1.0000 1.0000
v 1.4824 1.0000 0.0000
v 0.0000 0.0000 -2.9060
v 3.6464 -0.8808 27.2019
v 0.0000 0.0000 356.3978
v 38.7373 50.7190 0.0000
v 0.0000 0.0000 1.0000
v 1.0000 1.0000 0.0000
v -0.1098 0.0000 0.0000
v 0.0000 0.0000 0.5513
v 0.1884 -0.4502 15.1102
v 0.0000 0.0000 -59.4440
v -9.5457 -149.0306 0.0000
v 0.0000 0.0000 1.0000
v 1.0000 1.0000 0.0000
v 0.7686 0.3412 0.0000
v 0.0000 0.3173 -1.2520
v 1.5029 14.2595 0.0000
v 0.0000 -4.2827 -8.2658
v -155.7948 0.0000 0.0000
v 0.0000 1.0000 1.0000
v 1.0000 0.0000 0.0000
v 0.0000 0.0000 -3.8046
v 61.9909 13.3570 78.1001
v 0.0000 0.0000 77.0659
v -20.2633 -160.4742 0.0000
v 0.0000 0.0000 0.3307
v 0.3307 0.3307 0.0000
v -1.4118 0.0000 0.0000
v 1.5480 20.8163 -2.0383
v 35.6176 0.0000 0.0000
v -30.1736 -17.7705 -147.3441
v 0.4410 0.4410 0.4410
v 0.7686 0.3412 0.0000
v 0.0000 0.0000 2.6161
v -1.6644 1.5257 13.7885
v 0.0000 0.0000 33.7064
v -10.6440 -146.9925 0.0000
v 0.0000 0.0000 1.0000
v 1.0000 1.0000 0.0000
v 3.1098 0.6667 0.0000
v 0.0000 -0.7886 8.6111
v -2.3160 16.9728 0.0000
v 0.0000 153.6587 -12.3369
v -91.0620 0.0000 0.0000
v 0.0000 1.0201 1.0201
v 1.0201 0.0000 0.0000
v -0.0157 -0.6706 0.0000
v 0.9839 6.9978 -2.5629
v 22.1100 0.0000 0.0000
v 151.6975 13.4788 -189.1931
v 1.0201 1.0201 1.0201
v 1.8627 1.0000 0.0000
v 2.7655 -0.7423 -2.2929
v 22.6869 0.0000 0.0000
v 0.5071 9.3433 -227.0730
v 1.0000 1.0000 1.0000
v -1.7396 0.8086 -1.3036
v 15.4392 0.0000 0.0000
v 207.4078 -0.5459 60.7842
v 1.0000 1.0000 1.0000
v 1.3255 1.0000 0.0000
v 0.0180 1.0446 0.0566
v 12.1998 0.0000 0.0000
v 175.2632 -4.1023 -60.6485
v 1.0000 1.0000 1.0000
v -3.9453 4.0442 -3.4931
v 78.9741 0.0000 0.0000
v 437.2105 89.5419 38.0802
v 1.0000 1.0000 1.0000
v -108.9632 596.7676 0.0000
v 0.0000 0.0000 1.2500
v 1.0000 1.2500 0.0000
v 0.0000 26.6505 -96.1934
v 742.7280 0.0000 0.0000
v 0.0000 1.2500 1.0000
v 1.2500 0.0000 0.0000
v 0.0002 -108.9632 596.7676
v 1.2500 1.0000 1.2500
v -108.9632 596.7676 0.0000
v 0.0000 0.0000 1.2500
v 1.0000 1.2500 0.0000
v 0.0000 0.0000 -78.4909
v 594.1017 0.0000 0.0000
v 0.0000 1.2500 1.0000
v 1.2500 0.0000 0.0000
v 0.0000 -110.4183 596.8948
v 1.2500 1.0000 1.2500
v 0.0000 0.0000 1.0000
v 1.0000 1.0000 0.0000
v 0.8000 0.0000 0.0000
v -2.1377 0.0005 2.4213
v 0.0000 0.0000 -0.0133
v 0.1525 0.0027 0.0000
v 0.0000 0.0000 1.0000
v 1.0000 1.0000 0.0000
v 0.7529 0.0000 0.0000
v 0.5977 -0.0000 3.2551
v -0.5815 -0.0000 0.0000
v 0.0000 0.0000 0.1596
v 0.1584 0.1596 0.0000
v 0.0627 0.8000 0.0000
v -0.0000 -2.1377 0.0005
v 2.4213 0.0000 0.0000
v -0.0133 0.1525 0.0027
v 1.0000 1.0000 1.0000
v 0.0000 0.5977 -0.0000
v 3.2551 0.0000 0.0000
v -0.0000 -0.5815 -0.0000
v 0.1596 0.1584 0.1596
v 0.0000 -0.0000 -2.1377
v 0.0005 2.4213 0.0000
v 0.0000 -0.0133 0.1525
v 0.0000 1.0000 1.0000
v 1.0000 0.0000 0.0000
v 0.0000 0.0000 0.5977
v -0.0000 3.2551 0.0000
v 0.0000 -0.0000 -0.5815
v 0.0000 0.1596 0.1584
v 0.1596 0.0000 0.0000
v 0.8000 0.0000 0.0000
v -2.1377 0.0005 2.4213
v 0.0000 0.0000 -0.0133
v 0.1525 0.0027 0.0000
v 0.0000 0.0000 1.0000
v 1.0000 1.0000 0.0000
v 0.7529 0.0000 0.0000
v 0.5977 -0.0000 3.2551
v -0.5815 -0.0000 0.0000
v 0.0000 0.0000 0.1596
v 0.1584 0.1596 0.0000
v 0.0627 0.8000 0.0000
v -0.0000 -2.1377 0.0005
v 2.4213 0.0000 0.0000
v -0.0133 0.1525 0.0027
v 1.0000 1.0000 1.0000
v 0.0000 0.5977 -0.0000
v 3.2551 0.0000 0.0000
v -0.0000 -0.5815 -0.0000
v 0.1596 0.1584 0.1596
v -2.1377 0.0005 2.4213
v 0.0000 0.0000 1.0000
v 1.0000 1.0000 0.0000
v 0.0000 0.0000 0.5977
v 0.0000 3.2551 0.0000
v 0.0000 0.0000 -0.5816
v 0.0000 0.1596 0.1584
v 0.1596 0.0000 0.0000
v -0.0000 -2.1377 -0.0005
v 2.4213 0.0000 0.0000
v 1.0000 1.0000 1.0000
v 0.0000 0.0000 0.5977
v 0.0000 3.2551 0.0000
v 0.0000 0.0000 -0.5816
v 0.0000 0.1596 0.1584
v 0.1596 0.0000 0.0000
v -0.0000 -2.1377 -0.0005
v 2.4213 0.0000 0.0000
v 1.0000 1.0000 1.0000
v 0.0000 0.0000 0.5977
v 0.0000 3.2551 0.0000
v 0.0000 0.0000 -0.5816
v 0.0000 0.1596 0.1584
v 0.1596 0.0000 0.0000
v 0.0000 -0.0000 -2.1377
v -0.0005 2.4213 0.0000
v 0.0000 1.0000 1.0000
v 1.0000 0.0000 0.0000
v 0.0000 0.0000 0.5977
v 0.0000 3.2551 0.0000
v 0.0000 0.0000 -0.5816
v 0.0000 0.1596 0.1584
v 0.1596 0.0000 0.0000
v 0.0000 -0.0000 -2.1377
v -0.0005 2.4213 0.0000
v 0.0000 1.0000 1.0000
v 1.0000 0.0000 0.0000
v 0.7529 0.0000 0.0000
v 0.0000 0.5977 0.0000
v 3.2551 0.0000 0.0000
v 0.0000 -0.5816 0.0000
v 0.1596 0.1584 0.1596
v 0.0000 0.3961 0.0000
v -0.0000 -2.1377 -0.0005
v 2.4213 0.0000 0.0000
v 1.0000 1.0000 1.0000
v 0.0000 0.0000 0.5977
v 0.0000 3.2551 0.0000
v 0.0000 0.0000 -0.5816
v 0.0000 0.1596 0.1584
v 0.1596 0.0000 0.0000
v 0.0000 -0.0000 -2.1377
v 0.0005 2.4213 0.0000
v 0.0000 -0.0133 0.1525
v 0.0000 1.0000 1.0000
v 1.0000 0.0000 0.0000
v 0.0000 0.0000 0.5977
v -0.0000 3.2551 0.0000
v 0.0000 -0.0000 -0.5815
v 0.0000 0.1596 0.1584
v 0.1596 0.0000 0.0000
v 4.0000 4.0000 4.0000
v 3.0000 3.0000 0.0000
v 3.0000 0.0000 0.0000
v 4.0000 4.0000 4.0000
v 3.0000 3.0000 0.0000
v 4.0000 0.0000 0.0000
v 4.0000 4.0000 4.0000
v 0.0000 0.0000 -144.6884
v 3.0000 3.0000 0.0000
v 0.0000 3.0000 3.0000
v 3.0000 0.0000 0.0000
v 3.0000 3.0000 3.0000
v 4.0000 4.0000 0.0000
v 0.0000 3.0000 3.0000
v 3.0000 0.0000 0.0000
v 0.2471 0.0000 0.0000
v 0.0000 0.0000 -205.7861
v 22.9179 -228.2591 124.7250
v 0.0000 0.0000 144.9609
v 15.1639 119.9338 0.0000
v 0.0000 0.0000 1.0000
v 1.0000 1.0000 0.0000
v 0.0000 1.0000 1.0000
v 1.0000 0.0000 0.0000
v 1.4902 -1.0039 0.0000
v 0.0000 69.4988 8.5756
v 0.0000 13.8473 0.0000
v 0.0000 1.0000 1.0000
v 1.0000 0.0000 0.0000
v 0.0000 0.0000 -47.8343
v -90.9208 139.4946 156.7430
v 1.0000 0.0000 0.0000
v 0.0000 0.0000 1.0000
v 1.0000 1.0000 0.0000
v 47.2958 26.2750 -0.0000
v 260.5258 0.0000 0.0000
v 1.0000 1.0000 1.0000
v 0.0078 1.0000 0.0000
v 0.0000 -10.9785 39.1924
v 5.9211 58.4691 0.0000
v 0.0000 -148.1067 7.4848
v 118.3102 0.0000 0.0000
v 0.0000 1.0000 1.0000
v 1.0000 0.0000 0.0000
v 1.0471 -2.8275 0.0000
v -0.0000 10.8902 -0.3483
v 12.5864 0.0000 0.0000
v 82.6176 3.7513 -113.0165
v 1.2500 1.7500 1.2500
v 0.0000 0.0000 0.5499
v 71.7383 18.1044 39.6947
v 0.0000 0.0000 -148.1067
v 7.4848 118.3102 0.0000
v 0.0000 0.0000 1.0000
v 1.0000 1.0000 0.0000
v 0.0745 0.0000 0.0000
v -32.4767 21.8799 -1.6872
v 64.2631 0.0000 0.0000
v 144.9609 15.1639 119.9338
v 1.0000 1.0000 1.0000
v 0.0275 -0.2706 0.0000
v 0.0000 1.3864 39.4834
v 45.1215 317.1786 0.0000
v 0.0000 1.0000 1.0000
v 1.0000 0.0000 0.0000
v -1.0039 0.0000 0.0000
v 0.0000 -54.4102 8.5756
v 0.0000 12.5825 0.0000
v 0.0000 42.3543 4.1803
v -155.3039 0.0000 0.0000
v 0.0000 1.0000 1.0000
v 1.0000 0.0000 0.0000
v 1.0000 1.0000 1.0000
v 0.1490 0.0000 0.0000
v 0.0000 0.0000 0.4391
v 121.2236 -0.4946 150.9873
v 0.0000 0.0000 -34.1701
v -84.3575 307.6171 0.0000
v 0.0000 0.0000 1.0000
v 1.0000 1.0000 0.0000
v 0.0000 0.4391 121.2236
v -0.4946 150.9873 0.0000
v 0.0000 152.2186 -84.3575
v 300.2532 0.0000 0.0000
v 0.0000 1.0000 1.0000
v 1.0000 0.0000 0.0000
v 0.3725 0.1490 0.0000
v 0.4391 121.2236 -0.4946
v 150.9873 0.0000 0.0000
v -117.1652 -42.7107 160.8647
v 1.0000 1.0000 1.0000
v 0.1490 0.0000 0.0000
v 0.0000 0.0000 0.4391
v 121.2236 -0.4946 150.9873
v 0.0000 0.0000 -136.1602
v -84.3575 235.3262 0.0000
v 0.0000 0.0000 1.0000
v 1.0000 1.0000 0.0000
v 0.0000 0.4391 121.2236
v -0.4946 150.9873 0.0000
v 0.0000 -17.4339 -84.3575
v 184.5445 0.0000 0.0000
v 0.0000 1.0000 1.0000
v 1.0000 0.0000 0.0000
v 0.3725 0.1490 0.0000
v 0.4391 121.2236 -0.4946
v 150.9873 0.0000 0.0000
v 13.8903 -84.3575 127.2360
v 1.0000 1.0000 1.0000
v 0.1490 0.0000 0.0000
v 0.0000 0.0000 0.4391
v 121.2236 -0.4946 150.9873
v 0.0000 0.0000 -101.5298
v -84.3575 354.7019 0.0000
v 0.0000 0.0000 1.0000
v 1.0000 1.0000 0.0000
v 0.0000 0.4391 121.2236
v -0.4946 150.9873 0.0000
v 0.0000 60.8631 -84.3575
v 262.6591 0.0000 0.0000
v 0.0000 1.0000 1.0000
v 1.0000 0.0000 0.0000
v 1.0000 1.0000 1.0000
v -1.5608 -126.4017 -0.2701
v 99.8929 0.0000 0.4235
v -1.3216 -107.6962 -0.6008
v 100.0151 0.0000 0.5922
v -1.9176 -145.0779 -0.5720
v 99.7973 0.0000 0.2588
v -1.9686 -171.8078 -0.3777
v 96.9071 0.0000 0.0157
v -1.5294 -64.3119 -6.3609
v 97.1852 0.0000 0.9843
v -1.3804 -81.3601 -3.7272
v 98.3345 0.0000 0.8314
v -1.0745 0.0000 0.0000
v 0.0000 0.0000 -119.4822
v -83.0848 132.9134 106.6832
v 0.0000 0.0000 1.0000
v 1.0000 1.0000 0.0000
v 96.7164 -135.2986 156.7291
v 0.0000 1.0039 1.0000
v 22.9546 -137.5170 116.6365
v 0.0000 0.0000 1.0000
v 96.7164 -73.6967 156.7291
v 0.0000 1.0039 -0.1529
v 96.7164 -45.6958 156.7291
v 0.0000 1.0039 -0.6784
v 88.6015 3.4130 121.6423
v 0.0000 0.4784 -2.0078
v 61.1814 -2.5687 104.6826
v 0.0000 0.0000 -2.0078
v 79.8333 -5.1743 132.9704
v 0.0000 0.4745 -1.6824
v 96.7236 -13.9169 156.7163
v 0.0000 1.0039 -1.2784
v 22.9546 -47.9141 116.6365
v 0.0000 0.0000 -0.6235
v 47.6860 -7.9197 116.3595
v 0.0000 0.0000 -1.6706
v 22.9651 -16.1181 116.6165
v 0.0000 0.0000 -1.2000
v 116.5478 6.2859 145.3431
v 0.0000 1.0039 -1.8471
v 22.9546 -77.7817 116.6365
v 0.0000 0.0000 -0.0824
v 66.5286 -7.9170 126.7659
v 0.0000 0.2784 -1.6667
v 105.1577 5.8555 133.4033
v 0.0000 0.7725 -2.0078
v 96.9577 1.5495 142.2188
v 0.0000 0.7412 -1.7569
v 118.9349 11.4763 139.1262
v 0.0000 1.0039 -2.0078
v 70.9448 -63.0204 130.7059
v 89.7260 0.0000 0.0000
v 1.0000 1.0000 1.0000
v -9.2542 -2.7984 86.6052
v 0.0000 0.7569 -2.0078
v -33.9850 -3.0941 88.3523
v 0.0000 0.5686 -2.0078
v -81.3600 -3.7273 98.3347
v 0.0000 0.2000 -2.0078
v -107.6962 -0.6008 100.0151
v 0.0000 0.0000 -2.0078
v 23.4661 -2.5045 87.5532
v 0.0000 1.0039 -2.0078
v -64.5357 -4.4920 92.0483
v 0.0000 0.3333 -2.0078
v -64.2996 -5.7532 97.2458
v 0.0000 0.3373 -1.9255
v 0.0000 -42.1569 -83.1645
v 121.4563 109.3702 0.0000
v 0.0000 1.0000 1.0000
v 1.0000 0.0000 0.0000
v 0.5373 1.0000 23.0605
v -137.5169 116.2676 0.0000
v 0.5216 -0.7608 23.0605
v -77.7817 116.2676 0.0000
v 1.0039 -0.1373 23.0757
v -47.9144 116.2714 0.0000
v 1.0039 -0.7059 41.9882
v -2.9193 87.8994 0.0000
v 1.0039 -2.0078 -9.2538
v -3.4705 86.4061 0.0000
v 0.5608 -1.7608 23.0754
v -32.1679 116.1705 0.0000
v 1.0039 -1.0078 32.5306
v -9.4075 102.1469 0.0000
v 0.1216 -1.1137 23.0782
v -16.1345 116.2098 0.0000
v 0.4157 -1.7059 -23.1636
v -3.4766 85.7252 0.0000
v 0.3922 -2.0078 0.0000
v 0.0000 -1.7093 -79.4269
v 102.4218 89.6743 0.0000
v 0.0000 0.0000 0.8320
v 0.0000 1.0000 1.0000
v 1.0000 0.0000 0.0000
v 41.8754 -2.4803 88.0400
v 0.0000 0.3961 -2.0078
v -9.2700 -3.0387 86.6403
v 0.0000 0.0039 -2.0078
v 97.0274 1.5914 142.1383
v 0.0000 1.0000 -1.8039
v 65.2500 -1.5830 94.7500
v 0.0000 0.5843 -2.0078
v 88.6786 3.4326 121.5882
v 0.0000 0.8588 -2.0078
v 61.2395 -2.5542 104.6220
v 0.0000 0.6000 -1.8510
v 46.7063 -2.7502 102.6420
v 0.0000 0.4706 -1.8353
v 73.0000 -2.7502 97.0000
v 0.0000 0.6275 -2.0078
v 41.2461 -70.3678 119.3267
v 93.8619 0.0000 0.0000
v 1.0000 1.0000 1.0000
v 0.0000 0.0000 1.0000
v 1.0000 1.0000 0.0000
v 0.2000 0.0353 0.0000
v 26.2750 0.0000 86.7628
v 0.0000 0.0000 1.0000
v 1.0000 1.0000 0.0000
v 0.3608 0.0000 0.0000
v 42.7416 0.0000 72.2414
v 0.0000 0.0000 1.0000
v 1.0000 1.0000 0.0000
v 1.9882 -2.6157 0.0000
v 0.0000 19.5519 17.3613
v -0.8357 139.0794 0.0000
v 0.0000 1.0000 1.0000
v 1.0000 0.0000 0.0000
v 1.0000 1.0000 1.0000
v 1.0968 0.0000 76.6028
v 0.0000 0.0000 1.0000
v 1.0000 1.0000 0.0000
v -3.6863 0.0000 0.0000
v 242.2088 49.0000 8.9289
v 131.5294 0.0000 0.0000
v -42.7611 0.0000 0.0000
v 1.0000 1.0000 1.0000
v 134.9564 46.0000 -21.7975
v 155.2985 0.0000 0.0000
v 22.2215 0.0000 0.0000
v 1.0000 1.0000 1.0000
v 0.0235 0.0000 0.0000
v 71.4533 76.7079 -50.0000
v 51.2035 0.0000 0.0000
v 0.0000 0.0000 25.9992
v 1.0000 1.0000 1.0000
v -0.6235 0.0000 0.0000
v 0.0000 84.6530 37.3992
v 43.5723 104.2988 0.0000
v -15.7014 0.0000 0.0000
v 0.0000 1.0000 1.0000
v 1.0000 0.0000 0.0000
v 0.0000 113.1052 118.6393
v -60.0000 51.2035 0.0000
v 25.9992 0.0000 0.0000
v 0.0000 1.0000 1.0000
v 1.0000 0.0000 0.0000
v 0.0000 0.4902 0.0000
v 0.0000 0.0000 87.2308
v 80.0643 -30.0000 34.5550
v 0.0000 25.9992 0.0000
v 0.0000 0.0000 1.0000
v 1.0000 1.0000 0.0000
v 0.0000 1.0000 1.0000
v 1.0000 0.0000 0.0000
v 0.0000 0.0000 -30.0000
v 0.1000 -46.4800 -2240.7529
v 1.0353 0.2667 -21.7675
v 0.1000 -46.4800 0.0000
v 1.0353 0.4784 21.7675
v 0.1000 -46.4800 0.0000
v 4.9882 0.4784 30.0000
v 0.1000 -46.4800 -2240.7529
v 2.0235 0.2667 -21.7675
v 0.1000 -23.3333 0.0000
v 2.0235 0.4784 21.7675
v 0.1000 -23.3333 0.0000
v 4.0000 0.4784 30.0000
v 0.1000 -23.3333 -2240.7529
v 3.0118 0.2667 -21.7675
v 0.1000 -0.0000 0.0000
v 3.0118 0.4784 21.7675
v 0.1000 0.0000 0.0000
v 3.0118 0.2667 -30.0000
v 0.1000 23.3333 -2240.7529
v 4.0000 0.2667 -21.7675
v 0.1000 23.3333 0.0000
v 4.0000 0.4784 21.7675
v 0.1000 23.3333 0.0000
v 2.0235 0.4784 30.0000
v 0.1000 23.3333 -2240.7529
v 2.0235 0.2667 -21.7675
v 0.1000 46.4800 0.0000
v 1.0353 0.2667 21.7675
v 0.1000 46.4800 0.0000
v 1.0353 0.4784 0.0000
v 0.0000 0.0000 0.1000
v 0.0000 55.3208 0.0000
v 0.0000 0.0000 0.2000
v 0.0000 1.0000 1.0000
v 1.0000 0.0000 0.0000
v -19.7440 0.1000 -46.4800
v 0.0000 1.0353 0.4784
v 19.7440 0.1000 -46.4800
v 0.0000 4.9882 0.4784
v -19.7440 0.1000 -23.3333
v 0.0000 2.0235 0.4784
v 19.7440 0.1000 -23.3333
v 0.0000 4.0000 0.4784
v -19.7440 0.1000 -0.0000
v 0.0000 3.0118 0.4784
v 19.7440 0.1000 0.0000
v 0.0000 3.0118 0.4784
v -19.7440 0.1000 23.3333
v 0.0000 4.0000 0.4784
v 19.7440 0.1000 23.3333
v 0.0000 2.0235 0.4784
v -19.7440 0.1000 46.4800
v 0.0000 4.9882 0.4784
v 19.7440 0.1000 46.4800
v 0.0000 1.0353 0.4784
v 0.1000 0.0000 55.3208
v 0.3000 0.0000 0.0000
v 0.0000 0.0000 1.0000
v 1.0000 1.0000 0.0000
v -0.1333 0.0000 0.0000
v 0.0000 -80.0355 30.0097
v 3.7405 84.8471 0.0000
v 0.0000 1.0000 1.0000
v 1.0000 0.0000 0.0000
v 0.9882 0.0000 0.0000
v 0.0000 0.0000 92.5405
v 184.5587 38.3296 178.0524
v 0.0000 0.0000 66.5955
v -126.9552 -39.0071 0.0000
v 0.0000 0.0000 1.0000
v 1.0000 1.0000 0.0000
v -3.9765 0.0000 0.0000
v 1.4043 0.0000 76.5169
v 0.0000 0.0000 1.0000
v 1.0000 1.0000 0.0000
v 0.4471 0.0000 0.0000
v 51.9240 -62.2092 36.8794
v 212.9877 0.0000 0.0000
v 101.8136 114.7226 -36.4441
v 1.0000 1.0000 1.0000
v 0.0941 0.1020 0.0000
v 0.0000 0.0000 -78.5475
v 20.0000 5.2294 114.8959
v 0.0000 0.0000 1.0000
v 1.0000 1.0000 0.0000
v -77.1632 4.9961 8.8891
v 44.2215 0.0000 0.0000
v 1.0000 1.0000 1.0000
v 0.0000 0.0000 1.0000
v 1.0000 1.0000 0.0000
v 21.0000 4.0000 28.2843
v 0.0000 0.0000 1.0000
v 1.0000 1.0000 0.0000
v 1.5137 -0.9843 0.0000
v 0.6302 -141.4199 0.6351
v 633.0929 0.0000 0.0000
v 1.0000 1.0000 1.0000
v 0.8706 0.0000 0.0000
v 0.0000 0.5625 -0.0001
v 606.3566 0.0000 0.0000
v 1.0000 1.0000 1.0000
v 0.0000 -359.9999 -2.0000
v -476.7635 21.9283 0.0000
v 0.0000 1.0000 1.0000
v 1.0000 0.0000 0.0000
v 0.3137 0.8039 0.0000
v 0.0000 0.0000 -476.7634
v -2.0000 200.0000 21.9283
v 0.0000 0.0000 1.0000
v 1.0000 1.0000 0.0000
v 0.3137 0.8706 0.0000
v 0.0000 0.0000 -2.0000
v 476.7634 220.2745 0.0000
v 0.0000 1.0000 1.0000
v 1.0000 0.0000 0.0000
v 0.8706 0.0000 0.0000
v 476.7634 -2.0000 -200.0000
v 21.9283 0.0000 0.0000
v 1.0000 1.0000 1.0000
v 0.0000 476.7634 -2.0000
v 360.0000 21.9283 0.0000
v 0.0000 1.0000 1.0000
v 1.0000 0.0000 0.0000
v 0.8039 0.0000 0.0000
v 0.0000 360.0001 -2.0000
v -476.7634 21.9283 0.0000
v 0.0000 1.0000 1.0000
v 1.0000 0.0000 0.0000
v 0.3137 0.8039 0.0000
v 0.0000 0.0000 -476.7634
v -2.0000 -200.0000 21.9283
v 0.0000 0.0000 1.0000
v 1.0000 1.0000 0.0000
v 0.0000 1.0000 1.0000
v 1.0000 0.0000 0.0000
v 343.4963 -0.3500 288.0848
v 0.0000 1.0039 -1.0039
v 246.4832 -0.3500 356.0049
v 0.0000 0.0039 -1.0039
v 356.4276 -0.3500 242.4163
v 0.0000 0.0039 -1.0039
v 206.3796 -0.3500 178.3515
v 0.0000 0.4431 -1.0039
v 153.8673 -0.3500 231.5320
v 0.0000 0.3176 -1.0039
v 274.2361 -0.3500 153.2638
v 0.0000 1.0039 -1.0039
v 164.4761 -0.3500 266.6475
v 0.0000 0.0039 -1.0039
v 227.7617 -0.3500 167.7197
v 0.0000 1.0039 -1.0039
v 170.8768 -0.3500 202.4488
v 0.0000 0.6314 -1.0039
v 170.8768 -0.3500 202.4488
v 0.0000 0.6314 -1.0039
v 200.0639 -0.3500 208.2163
v 0.0000 0.0039 -1.0039
v 200.0639 -0.3500 208.2163
v 0.0000 1.0039 -1.0039
v 291.9948 -0.3500 304.0712
v 0.0000 1.0039 -1.0039
v 291.9948 -0.3500 304.0712
v 0.0000 0.0039 -1.0039
v 315.9712 -0.3500 301.6179
v 0.0000 0.4431 -1.0039
v 295.2532 -0.3500 326.9326
v 0.0000 0.4431 -1.0039
v 279.2447 -0.3500 353.0206
v 0.0000 0.0039 -1.0039
v 309.4321 -0.3500 208.2165
v 0.0000 0.0039 -1.0039
v 309.4321 -0.3500 208.2165
v 0.0000 1.0039 -1.0039
v 332.4703 -0.3500 216.9093
v 0.0000 0.6941 -1.0039
v 231.7316 -0.3500 312.9058
v 0.0000 1.0039 -1.0039
v 231.7316 -0.3500 312.9058
v 0.0000 1.0039 -1.0039
v 197.2716 -0.3500 301.9626
v 0.0000 0.0039 -1.0039
v 226.1245 -0.3500 336.0384
v 0.0000 0.4431 -1.0039
v 289.4920 -0.3500 167.6006
v 0.0000 0.6314 -1.0039
v 313.4242 -0.3500 179.2880
v 0.0000 0.0039 -1.0039
v 313.4242 -0.3500 179.2880
v 0.0000 1.0039 -1.0039
v 255.1474 -150.6000 254.6344
v 182.6649 0.0000 0.0000
v 1.0000 1.0000 1.0000
v -258.3708 -0.3500 -344.7426
v 0.0000 0.0039 -1.0039
v -262.0794 -0.3500 -160.1431
v 0.0000 1.0039 -1.0039
v -238.9544 -0.3500 -159.7580
v 0.0000 1.0039 -1.0039
v -288.3412 -0.3500 -176.3266
v 0.0000 0.5059 -1.0039
v -162.7977 -0.3500 -263.6237
v 0.0000 1.0039 -1.0039
v -282.2102 -0.3500 -324.1720
v 0.0000 0.5059 -1.0039
v -292.1143 -0.3500 -299.2867
v 0.0000 0.0039 -1.0039
v -292.1143 -0.3500 -299.2867
v 0.0000 1.0039 -1.0039
v -349.5480 -0.3500 -264.6979
v 0.0000 1.0039 -1.0039
v -209.5587 -0.3500 -168.1580
v 0.0000 0.5059 -1.0039
v -332.5568 -0.3500 -293.0053
v 0.0000 0.5059 -1.0039
v -301.2429 -0.3500 -205.3199
v 0.0000 0.0039 -1.0039
v -178.4693 -0.3500 -295.8521
v 0.0000 0.0039 -1.0039
v -194.8692 -0.3500 -196.6553
v 0.0000 0.0039 -1.0039
v 0.0000 -256.1729 -150.6000
v -252.2503 178.3801 0.0000
v 0.0000 1.0000 1.0000
v 1.0000 0.0000 0.0000
v 166.6064 -0.3500 -32.3203
v 0.0000 0.0039 -1.0039
v 167.7877 -0.3500 12.3315
v 0.0000 1.0039 -1.0039
v 280.7211 -0.3500 86.9110
v 0.0000 0.0039 -1.0039
v 182.5300 -0.3500 37.0135
v 0.0000 0.5059 -1.0039
v 351.4647 -0.3500 18.4014
v 0.0000 1.0039 -1.0039
v 282.1121 -0.3500 -107.1321
v 0.0000 0.5059 -1.0039
v 331.1690 -0.3500 42.9484
v 0.0000 0.5059 -1.0039
v 331.4614 -0.3500 -67.8673
v 0.0000 0.5059 -1.0039
v 304.2657 -0.3500 -98.0738
v 0.0000 0.0039 -1.0039
v 301.5247 -0.3500 67.2367
v 0.0000 0.5059 -1.0039
v 208.8584 -0.3500 65.8216
v 0.0000 0.5059 -1.0039
v 233.5928 -0.3500 87.0291
v 0.0000 0.0039 -1.0039
v 303.7032 -0.3500 42.6612
v 0.0000 0.0039 -1.0039
v 303.7032 -0.3500 42.6612
v 0.0000 1.0039 -1.0039
v 310.2780 -0.3500 -74.5252
v 0.0000 1.0039 -1.0039
v 253.6877 -0.3500 -96.1609
v 0.0000 1.0039 -1.0039
v 346.0732 -0.3500 -50.9941
v 0.0000 0.0039 -1.0039
v 205.3772 -0.3500 38.7899
v 0.0000 0.0039 -1.0039
v 205.3772 -0.3500 38.7899
v 0.0000 1.0039 -1.0039
v 219.2222 -0.3500 -91.4274
v 0.0000 1.0039 -1.0039
v 0.0000 0.0000 259.0356
v -150.6000 -10.0515 180.6849
v 0.0000 0.0000 1.0000
v 1.0000 1.0000 0.0000
v 145.9802 -0.3500 -264.1700
v 0.0000 1.0039 -1.0039
v 150.3743 -0.3500 -236.8696
v 0.0000 1.0039 -1.0039
v 229.1144 -0.3500 -155.0139
v 0.0000 0.0039 -1.0039
v 281.0963 -0.3500 -163.8620
v 0.0000 0.0039 -1.0039
v 288.7477 -0.3500 -351.0226
v 0.0000 1.0039 -1.0039
v 246.9662 -0.3500 -355.4631
v 0.0000 1.0039 -1.0039
v 313.6534 -0.3500 -309.1877
v 0.0000 0.0039 -1.0039
v 308.9625 -0.3500 -335.1008
v 0.0000 0.5059 -1.0039
v 202.8271 -0.3500 -307.1026
v 0.0000 0.0039 -1.0039
v 169.6506 -0.3500 -299.8885
v 0.0000 0.0039 -1.0039
v 214.6114 -0.3500 -338.2610
v 0.0000 0.5059 -1.0039
v 309.1486 -0.3500 -231.4664
v 0.0000 1.0039 -1.0039
v 304.8219 -0.3500 -206.6039
v 0.0000 0.5059 -1.0039
v 172.5991 -0.3500 -204.6422
v 0.0000 0.5059 -1.0039
v 197.3960 -0.3500 -171.8621
v 0.0000 0.5059 -1.0039
v 197.3960 -0.3500 -171.8621
v 0.0000 0.5059 -1.0039
v 200.0572 -0.3500 -203.2940
v 0.0000 1.0039 -1.0039
v 200.0572 -0.3500 -203.2940
v 0.0000 0.0039 -1.0039
v 0.0000 0.0000 229.8168
v -150.6000 -255.2385 187.6766
v 0.0000 0.0000 1.0000
v 1.0000 1.0000 0.0000
v 0.0000 0.0000 90.2893
v -0.3500 -279.3553 0.0000
v 0.0039 -1.0039 95.1316
v -0.3500 -233.4514 0.0000
v 1.0039 0.9922 -20.4170
v -0.3500 -166.8872 0.0000
v 0.0039 0.9922 -14.7579
v -0.3500 -346.5044 0.0000
v 0.0039 -1.0039 -87.2116
v -0.3500 -231.1716 0.0000
v 1.0039 -1.0039 -93.7162
v -0.3500 -279.7443 0.0000
v 1.0039 -1.0039 -47.1845
v -0.3500 -301.9746 0.0000
v 0.0039 -1.0039 -47.1845
v -0.3500 -301.9746 0.0000
v 1.0039 -1.0039 -40.6871
v -0.3500 -330.5925 0.0000
v 0.5059 -1.0039 -72.2735
v -0.3500 -303.9664 0.0000
v 0.5059 -1.0039 46.7369
v -0.3500 -324.3507 0.0000
v 0.5059 -1.0039 45.9273
v -0.3500 -301.9745 0.0000
v 1.0039 -1.0039 45.9273
v -0.3500 -301.9745 0.0000
v 0.0039 -1.0039 69.7650
v -0.3500 -298.0806 0.0000
v 0.5059 -1.0039 26.4999
v -0.3500 -347.1716 0.0000
v 1.0039 -1.0039 -43.5709
v -0.3500 -186.5660 0.0000
v 0.5059 -1.0039 -44.4305
v -0.3500 -208.0071 0.0000
v 1.0039 -1.0039 -44.4305
v -0.3500 -208.0071 0.0000
v 0.0039 -1.0039 -69.2376
v -0.3500 -207.6714 0.0000
v 0.5059 -1.0039 -69.2376
v -0.3500 -207.6714 0.0000
v 0.5059 -1.0039 66.9296
v -0.3500 -202.5058 0.0000
v 0.5059 -1.0039 44.6346
v -0.3500 -208.0072 0.0000
v 0.0039 0.9922 0.0000
v 0.7077 -150.6000 -257.0294
v 179.0163 0.0000 0.0000
v 1.0000 1.0000 1.0000
v 106.7332 -0.3500 2.4100
v 0.0000 1.0039 -1.0039
v 39.9514 -0.3500 -99.6354
v 0.0000 1.0039 -1.0039
v 28.0059 -0.3500 100.4043
v 0.0000 0.0039 -1.0039
v 100.4070 -0.3500 -31.3057
v 0.0000 0.0039 -1.0039
v -25.0986 -0.3500 -95.5689
v 0.0000 0.0039 -1.0039
v -25.8308 -0.3500 102.0698
v 0.0000 1.0039 -1.0039
v 47.6912 -0.3500 78.3261
v 0.0000 0.6314 -1.0039
v -49.2245 -0.3500 82.4608
v 0.0000 0.6314 -1.0039
v -56.3364 -0.3500 -59.7754
v 0.0000 0.0039 -1.0039
v -56.3364 -0.3500 -59.7754
v 0.0000 1.0039 -1.0039
v -49.3763 -0.3500 53.0244
v 0.0000 0.0039 -1.0039
v -49.3763 -0.3500 53.0244
v 0.0000 1.0039 -1.0039
v 49.5804 -0.3500 -52.8166
v 0.0000 1.0039 -1.0039
v 49.5804 -0.3500 -52.8166
v 0.0000 0.0039 -1.0039
v -47.4412 -0.3500 -84.9937
v 0.0000 0.3176 -1.0039
v -89.5079 -0.3500 40.9517
v 0.0000 0.0039 -1.0039
v -103.5392 -0.3500 -33.8825
v 0.0000 1.0039 -1.0039
v 57.2357 -0.3500 55.0545
v 0.0000 1.0039 -1.0039
v 57.2357 -0.3500 55.0545
v 0.0000 0.0039 -1.0039
v 78.1141 -0.3500 43.7172
v 0.0000 0.5686 -1.0039
v 82.1350 -0.3500 -47.2984
v 0.0000 0.6314 -1.0039
v 82.1350 -0.3500 -47.2984
v 0.0000 0.3804 -1.0039
v 1.5970 -150.6000 1.2172
v 186.7101 0.0000 0.0000
v 1.0000 1.0000 1.0000
v 46.8864 -0.3500 359.7567
v 0.0000 0.3176 -1.0039
v -63.8068 -0.3500 333.2712
v 0.0000 1.0039 -1.0039
v 93.8633 -0.3500 233.9150
v 0.0000 0.6941 -1.0039
v -92.1629 -0.3500 250.0945
v 0.0000 0.0039 -1.0039
v 103.1429 -0.3500 291.6420
v 0.0000 1.0039 -1.0039
v 0.5873 -0.3500 169.3950
v 0.0000 1.0039 -1.0039
v -32.2922 -0.3500 177.0510
v 0.0000 0.5686 -1.0039
v 64.6989 -0.3500 345.9387
v 0.0000 0.5686 -1.0039
v -52.3645 -0.3500 201.9759
v 0.0000 0.0039 -1.0039
v -52.3645 -0.3500 201.9759
v 0.0000 1.0039 -1.0039
v -77.2818 -0.3500 215.4768
v 0.0000 0.3176 -1.0039
v -96.8596 -0.3500 302.9821
v 0.0000 0.4431 -1.0039
v 44.5705 -0.3500 189.8330
v 0.0000 0.6941 -1.0039
v 10.0597 -0.3500 362.9954
v 0.0000 0.0039 -1.0039
v 44.8354 -0.3500 212.6041
v 0.0000 1.0039 -1.0039
v 44.8354 -0.3500 212.6041
v 0.0000 0.0039 -1.0039
v 73.0309 -0.3500 217.4845
v 0.0000 0.3804 -1.0039
v 95.0652 -0.3500 249.5440
v 0.0000 1.0039 -1.0039
v -71.3564 -0.3500 311.7325
v 0.0000 0.0039 -1.0039
v -71.3564 -0.3500 311.7325
v 0.0000 1.0039 -1.0039
v 77.2122 -0.3500 314.6290
v 0.0000 1.0039 -1.0039
v 77.2122 -0.3500 314.6290
v 0.0000 0.0039 -1.0039
v -102.2282 -0.3500 280.5110
v 0.0000 0.0039 -1.0039
v 27.8321 -0.3500 170.7644
v 0.0000 0.0039 -1.0039
v 0.0000 0.4574 -150.6000
v 266.1952 183.7578 0.0000
v 0.0000 1.0000 1.0000
v 1.0000 0.0000 0.0000
v 0.0000 -271.5536 -0.3500
v 171.9840 0.0000 0.0039
v -1.0039 -252.3637 -0.3500
v 160.8177 0.0000 0.0039
v -1.0039 -355.5351 -0.3500
v 243.8620 0.0000 0.0039
v -1.0039 -246.2219 -0.3500
v 353.7515 0.0000 1.0039
v -1.0039 -293.4883 -0.3500
v 359.2611 0.0000 0.6314
v -1.0039 -293.4883 -0.3500
v 359.2611 0.0000 0.6314
v -0.8863 -308.3260 -0.3500
v 331.2729 0.0000 0.3176
v -1.0039 -166.3442 -0.3500
v 278.9460 0.0000 1.0039
v -1.0039 -225.8730 -0.3500
v 307.9043 0.0000 0.0039
v -1.0039 -225.8730 -0.3500
v 307.9043 0.0000 0.0039
v -1.0039 -205.4841 -0.3500
v 173.0686 0.0000 0.5686
v -1.0039 -200.8054 -0.3500
v 202.5084 0.0000 1.0039
v -1.0039 -200.8054 -0.3500
v 202.5084 0.0000 0.0039
v -1.0039 -165.7647 -0.3500
v 210.2403 0.0000 0.6314
v -0.8863 -156.4893 -0.3500
v 245.8069 0.0000 1.0039
v -0.6353 -360.6981 -0.3500
v 283.8390 0.0000 0.0000
v -0.6353 -228.1162 -0.3500
v 160.2411 0.0000 0.2549
v -0.8863 -329.3085 -0.3500
v 223.7954 0.0000 0.5686
v 0.9922 -303.2210 -0.3500
v 222.5289 0.0000 1.0039
v -1.0039 -303.2210 -0.3500
v 222.5289 0.0000 1.0039
v -1.0039 -296.8678 -0.3500
v 197.8828 0.0000 0.5059
v -0.6353 -268.5399 -0.3500
v 363.9617 0.0000 1.0039
v 0.9922 -230.9441 -0.3500
v 334.3140 0.0000 0.5059
v -0.8863 -203.8738 -0.3500
v 302.9029 0.0000 0.3804
v 0.9922 -336.7786 -0.3500
v 306.8990 0.0000 0.6314
v -0.8863 -312.8581 -0.3500
v 308.2868 0.0000 0.0039
v -1.0039 -312.8581 -0.3500
v 308.2868 0.0000 1.0039
v -0.6353 0.0000 0.0000
v -258.5937 -150.6000 262.1013
v 184.0702 0.0000 0.0000
v 1.0000 1.0000 1.0000
v -324.9605 -0.3500 -46.1512
v 0.0000 0.3804 -1.0039
v -349.1493 -0.3500 16.5253
v 0.0000 0.0039 -1.0039
v -258.0216 -0.3500 106.7160
v 0.0000 1.0039 -1.0039
v -229.6995 -0.3500 99.0433
v 0.0000 1.0039 -1.0039
v -199.7994 -0.3500 -47.4386
v 0.0000 1.0039 -1.0039
v -199.7994 -0.3500 -47.4386
v 0.0000 0.0039 -1.0039
v -288.8150 -0.3500 -88.6004
v 0.0000 0.0039 -1.0039
v -210.0401 -0.3500 79.0244
v 0.0000 0.5686 -1.0039
v -167.5093 -0.3500 -21.1946
v 0.0000 0.6941 -1.0039
v -158.5234 -0.3500 28.8833
v 0.0000 0.0039 -1.0039
v -300.1133 -0.3500 60.4500
v 0.0000 0.0039 -1.0039
v -300.1133 -0.3500 60.4500
v 0.0000 1.0039 -1.0039
v -291.1541 -0.3500 92.8613
v 0.0000 0.4431 -1.0039
v -183.8453 -0.3500 52.2644
v 0.0000 0.5059 -1.0039
v -204.6941 -0.3500 51.8696
v 0.0000 1.0039 -1.0039
v -204.6941 -0.3500 51.8696
v 0.0000 0.0039 -1.0039
v -327.3892 -0.3500 44.4668
v 0.0000 0.4431 -1.0039
v -294.2469 -0.3500 -53.9970
v 0.0000 1.0039 -1.0039
v -294.2469 -0.3500 -53.9970
v 0.0000 0.0039 -1.0039
v -170.0564 -0.3500 5.6434
v 0.0000 1.0039 -1.0039
v -216.2511 -0.3500 -84.1769
v 0.0000 0.3176 -1.0039
v -348.5184 -0.3500 -19.3617
v 0.0000 1.0039 -1.0039
v -243.6411 -0.3500 -89.9769
v 0.0000 0.0039 -1.0039
v 0.0000 -253.8364 -150.6000
v 8.3696 182.2134 0.0000
v 0.0000 1.0000 1.0000
v 1.0000 0.0000 0.0000
v 1.0000 1.0000 1.0000
v 0.0000 1.0000 0.0000
v 0.0000 8.1164 7.5735
v 0.6251 246.1931 0.0000
v 0.0000 1.0000 1.0000
v 1.0000 0.0000 0.0000
v 46.7531 0.5625 0.0000
v 242.0910 0.0000 0.0000
v 1.0000 1.0000 1.0000
v 0.0000 196.7634 -2.0000
v -80.0000 21.9283 0.0000
v 0.0000 1.0000 1.0000
v 1.0000 0.0000 0.0000
v 0.3137 0.8039 0.0000
v -79.9999 -2.0000 196.7634
v 21.9283 0.0000 0.0000
v 1.0000 1.0000 1.0000
v 0.3137 0.8706 0.0000
v 0.0000 0.0000 -80.0000
v -2.0000 -196.7634 21.9283
v 0.0000 0.0000 1.0000
v 1.0000 1.0000 0.0000
v 0.0000 1.0000 1.0000
v 1.0000 0.0000 0.0000
v 0.0000 -124.9583 0.7423
v 128.8709 0.0000 0.0000
v 0.0784 -61.6451 0.2000
v 0.7818 0.0000 0.7412
v -0.7490 -196.1907 43.0733
v 79.4452 0.0000 0.6118
v -1.0039 -141.9399 17.6418
v 113.5207 0.0000 0.0000
v -0.7137 -163.2423 35.9265
v 109.6156 0.0000 0.0000
v -0.6588 -154.1658 31.1835
v 108.4611 0.0000 0.0000
v -0.5294 -147.0570 25.4926
v 112.9205 0.0000 0.0000
v -0.3059 -19.1254 0.2000
v 94.2734 0.0000 0.2627
v 1.0000 -187.5291 46.0579
v 103.6024 0.0000 0.0000
v -1.0039 -194.4418 26.2725
v 30.6013 0.0000 1.0039
v -0.5255 -193.5062 35.9963
v 46.4436 0.0000 1.0039
v -0.7569 -196.8422 45.8137
v 63.2249 0.0000 1.0039
v -1.0039 -173.5777 -0.0354
v 26.0136 0.0000 1.0039
v -0.0941 -179.0760 8.4196
v 25.1933 0.0000 1.0039
v -0.2196 -187.5081 15.0810
v 26.0860 0.0000 1.0039
v -0.3529 -191.8599 44.5656
v 91.5238 0.0000 0.3059
v -1.0039 -142.9000 4.2000
v -15.0000 0.0000 1.0039
v -0.0196 -113.9681 0.2000
v 136.9830 0.0000 0.0000
v 0.2980 -108.8287 2.7186
v -29.1672 0.0000 1.0039
v 1.0000 -55.0499 0.2000
v 137.9249 0.0000 0.0000
v 1.0000 -101.5000 3.1500
v 4.5000 0.0000 0.8745
v 0.7686 0.0000 0.0000
v 0.0000 -107.9838 23.0113
v 54.3788 101.5002 0.0000
v 0.0000 1.0000 1.0000
v 1.0000 0.0000 0.0000
v 0.0980 0.2510 0.0000
v 0.6251 7.5735 10.4131
v 247.6030 0.0000 0.0000
v 1.0000 1.0000 1.0000
v 0.8706 0.0000 0.0000
v -2.0000 52.4500 255.5494
v 0.0000 0.0000 1.0000
v 1.0000 1.0000 0.0000
v 0.0000 0.0000 0.5625
v 46.7531 242.0910 0.0000
v 0.0000 1.0000 1.0000
v 1.0000 0.0000 0.0000
v 1.0000 1.0000 1.0000
v 0.0000 106.3856 0.1457
v 19.7615 0.0000 2.0000
v -0.4353 103.4004 0.1457
v 24.1845 0.0000 1.8510
v -0.0039 118.4511 0.1457
v 32.0365 0.0000 1.0039
v -0.8078 117.6832 0.1457
v 26.9123 0.0000 1.2980
v -0.9451 116.2818 0.1457
v 24.0130 0.0000 1.4902
v -0.9569 111.7213 0.1457
v 19.6905 0.0000 1.8510
v -0.8039 100.6741 0.1457
v 44.5499 0.0000 0.8471
v 0.4039 103.0901 0.1457
v 50.0074 0.0000 0.4902
v 0.9059 109.5014 0.1457
v 50.7020 0.0000 0.2667
v 0.0941 115.8787 0.1457
v 50.3417 0.0000 0.1020
v 0.0431 95.6120 0.1457
v 27.2122 0.0000 1.9137
v 0.5765 93.2238 0.1457
v 30.7505 0.0000 1.7922
v 0.8706 94.1150 0.1457
v 35.6978 0.0000 1.5059
v 0.9922 97.7635 0.1457
v 39.1559 0.0000 1.2157
v 0.8706 122.2905 0.1457
v 48.1644 0.0000 0.0353
v -0.4745 125.7708 0.1457
v 40.4841 0.0000 0.3451
v -0.9961 121.5339 0.1457
v 36.4515 0.0000 0.6784
v -0.6353 0.0000 0.0000
v 109.4973 0.3540 35.1963
v 18.2176 0.0000 0.0000
v 1.0000 1.0000 1.0000
v 126.2156 0.0000 -151.7894
v 0.0000 2.0078 -0.4431
v 124.1224 0.0000 -159.0791
v 0.0000 1.8353 0.3255
v 117.0038 0.0000 -146.6209
v 0.0000 1.2431 -0.9922
v 119.5452 0.0000 -146.5066
v 0.0000 1.4549 -1.0039
v 124.2619 0.0000 -148.0539
v 0.0000 1.8471 -0.8392
v 111.2173 0.0000 -164.5965
v 0.0000 0.7608 0.9098
v 106.4289 0.0000 -165.4349
v 0.0000 0.3647 1.0000
v 102.0493 0.0000 -161.2392
v 0.0000 0.0000 0.5569
v 117.8476 0.0000 -164.5904
v 0.0000 1.3137 0.9098
v 111.0406 0.0000 -147.7682
v 0.0000 0.7451 -0.8706
v 103.6716 0.0000 -152.0983
v 0.0000 0.1333 -0.4118
v 114.4578 0.0000 -164.3075
v 0.0000 1.0314 0.8824
v 0.0000 114.1324 0.3129
v -155.9707 13.1855 0.0000
v 0.0000 1.0000 1.0000
v 1.0000 0.0000 0.0000
v 1.0000 1.0000 1.0000
v 0.0314 0.8902 0.0000
v 0.0000 -0.1291 -14.5426
v -13.9654 256.8612 0.0000
v 0.0000 1.0000 1.0000
v 1.0000 0.0000 0.0000
v 0.8706 0.0000 0.0000
v 0.0000 -2.0000 -52.4500
v 255.5494 0.0000 0.0000
v 1.0000 1.0000 1.0000
v 0.0000 0.0000 1.0000
v 1.0000 1.0000 0.0000
v 0.0000 43.6683 0.0000
v -100.6225 0.0000 0.0000
v -4.7176 3.0000 0.0000
v -94.5000 0.0000 0.0000
v -3.7608 -37.3398 0.0000
v -105.0717 0.0000 0.0000
v -2.7882 -80.0000 0.0000
v -115.0000 0.0000 0.0000
v -1.7686 -129.5285 0.0637
v -2.0125 0.0000 1.8392
v -4.5961 66.5862 -7.8827
v 126.6927 0.0000 4.2039
v -5.2196 97.0274 1.5914
v 142.1383 0.0000 4.3961
v -6.0157 136.9829 0.0000
v -114.0683 0.0000 0.0000
v -5.1569 -142.8336 0.0000
v 43.3794 0.0000 2.5725
v -0.2824 -142.2217 0.0000
v 84.9561 0.0000 3.2549
v -2.1059 -63.7033 -9.0755
v 110.6394 0.0000 3.6941
v -3.5255 137.9249 0.0000
v -55.1499 0.0000 1.0275
v -2.0431 94.1561 0.0000
v 48.7270 0.0000 2.7490
v -5.8353 -107.8152 -2.4687
v 117.6645 0.0000 3.8275
v -1.0549 -147.9341 -0.4930
v 114.6387 0.0000 3.7490
v -0.1490 -24.4821 -9.2366
v 99.0631 0.0000 3.5294
v -3.0078 -10.4763 -9.3303
v 98.5115 0.0000 3.4706
v -3.3098 -44.0667 -9.3087
v 104.9521 0.0000 3.5922
v -2.7098 32.3806 -9.3572
v 102.7940 0.0000 3.6902
v -5.1490 97.8040 0.0000
v 99.0386 0.0000 3.6353
v -2.8000 -127.8747 -1.2484
v 116.1516 0.0000 3.7882
v -5.8196 64.8117 0.0000
v -103.6690 0.0000 0.0000
v -5.2157 93.5621 0.0000
v -107.8117 0.0000 0.0000
v -5.8902 138.7022 0.0000
v -6.5303 0.0000 1.8745
v -6.8431 -83.4852 0.3257
v -89.0000 0.0000 0.4235
v -1.7529 -107.1133 0.0637
v -16.1667 0.0000 1.6314
v -1.0824 47.7326 -7.8827
v 116.2732 0.0000 3.9451
v -4.7176 88.6786 3.4326
v 121.5882 0.0000 4.0157
v -5.0196 79.9117 -5.1321
v 132.8978 0.0000 4.2824
v -1.0824 -145.0779 -0.7554
v 99.7973 0.0000 3.5020
v -1.6941 -75.7571 -6.5597
v 112.5590 0.0000 3.7294
v -0.6941 0.0000 0.0000
v -4.6160 -2.9623 13.5691
v 190.6576 0.0000 0.0000
v 1.0000 1.0000 1.0000
v 0.0000 0.0000 1.0000
v 1.0000 1.0000 0.0000
v 0.8000 0.0000 0.0000
v -6.1336 0.0000 78.6275
v 0.0000 0.0000 1.0000
v 1.0000 1.0000 0.0000
v 1.5332 0.0000 76.4355
v 0.0000 0.0000 1.0000
v 1.0000 1.0000 0.0000
v 0.8706 0.0000 0.0000
v 0.5625 0.0000 65.9232
v 0.0000 0.0000 1.0000
v 1.0000 1.0000 0.0000
v 0.0000 0.0000 -6.1735
v 0.0000 78.5405 0.0000
v 0.0000 1.0000 1.0000
v 1.0000 0.0000 0.0000
v 0.0000 -0.0000 -2.0000
v 66.7635 21.9283 0.0000
v 0.0000 1.0000 1.0000
v 1.0000 0.0000 0.0000
v 0.0000 -2.0000 -66.7634
v 21.9283 0.0000 0.0000
v 1.0000 1.0000 1.0000
v 0.0000 0.0000 1.0000
vn 0.0000 1.0000 0.0000
vn 0.0000 1.0000 0.0000
vn 0.0000 1.0000 0.0000
vn 0.0000 1.0000 0.0000
vn 0.0000 1.0000 0.0000
vn 0.0000 1.0000 0.0000
vn 0.0000 1.0000 0.0000
vn 0.0000 1.0000 0.0000
vn 0.0000 1.0000 0.0000
vn 0.0000 1.0000 0.0000
vn 0.0000 1.0000 0.0000
vn 0.0000 1.0000 0.0000
vn 0.0000 1.0000 0.0000
vn 0.0000 1.0000 0.0000
vn 0.0000 1.0000 0.0000
vn 0.0000 1.0000 0.0000
vn 0.0000 1.0000 0.0000
vn 0.0000 1.0000 0.0000
vn 0.0000 1.0000 0.0000
vn 0.0000 1.0000 0.0000
vn 0.0000 1.0000 0.0000
vn 0.0000 1.0000 0.0000
vn 0.0000 1.0000 0.0000
vn 0.0000 1.0000 0.0000
vn 0.0000 1.0000 0.0000
vn 0.0000 1.0000 0.0000
vn 0.0000 1.0000 0.0000
vn 0.0000 1.0000 0.0000
vn 0.0000 1.0000 0.0000
vn 0.0000 1.0000 0.0000
vn 0.0000 1.0000 0.0000
vn 0.0000 1.0000 0.0000
vn 0.0000 1.0000 0.0000
vn 0.0000 1.0000 0.0000
vn 0.0000 1.0000 0.0000
vn 0.0000 1.0000 0.0000
vn 0.0000 1.0000 0.0000
vn 0.0000 1.0000 0.0000
vn 0.0000 1.0000 0.0000
vn 0.0000 1.0000 0.0000
vn 0.0000 1.0000 0.0000
vn 0.0000 1.0000 0.0000
vn 0.0000 1.0000 0.0000
vn 0.0000 1.0000 0.0000
vn 0.0000 1.0000 0.0000
vn 0.0000 1.0000 0.0000
vn 0.0000 1.0000 0.0000
vn 0.0000 1.0000 0.0000
vn 0.0000 1.0000 0.0000
vn 0.0000 1.0000 0.0000
vn 0.0000 1.0000 0.0000
vn 0.0000 1.0000 0.0000
vn 0.0000 1.0000 0.0000
vn 0.0000 1.0000 0.0000
vn 0.0000 1.0000 0.0000
vn 0.0000 1.0000 0.0000
vn 0.0000 1.0000 0.0000
vn 0.0000 1.0000 0.0000
vn 0.0000 1.0000 0.0000
vn 0.0000 1.0000 0.0000
vn 0.0000 1.0000 0.0000
vn 0.0000 1.0000 0.0000
vn 0.0000 1.0000 0.0000
vn 0.0000 1.0000 0.0000
vn 0.0000 1.0000 0.0000
vn 0.0000 1.0000 0.0000
vn 0.0000 1.0000 0.0000
vn 0.0000 1.0000 0.0000
vn 0.0000 1.0000 0.0000
vn 0.0000 1.0000 0.0000
vn 0.0000 1.0000 0.0000
vn 0.0000 1.0000 0.0000
vn 0.0000 1.0000 0.0000
vn 0.0000 1.0000 0.0000
vn 0.0000 1.0000 0.0000
vn 0.0000 1.0000 0.0000
vn 0.0000 1.0000 0.0000
vn 0.0000 1.0000 0.0000
vn 0.0000 1.0000 0.0000
vn 0.0000 1.0000 0.0000
vn 0.0000 1.0000 0.0000
vn 0.0000 1.0000 0.0000
vn 0.0000 1.0000 0.0000
vn 0.0000 1.0000 0.0000
vn 0.0000 1.0000 0.0000
vn 0.0000 1.0000 0.0000
vn 0.0000 1.0000 0.0000
vn 0.0000 1.0000 0.0000
vn 0.0000 1.0000 0.0000
vn 0.0000 1.0000 0.0000
vn 0.0000 1.0000 0.0000
vn 0.0000 1.0000 0.0000
vn 0.0000 1.0000 0.0000
vn 0.0000 1.0000 0.0000
vn 0.0000 1.0000 0.0000
vn 0.0000 1.0000 0.0000
vn 0.0000 1.0000 0.0000
vn 0.0000 1.0000 0.0000
vn 0.0000 1.0000 0.0000
vn 0.0000 1.0000 0.0000
vn 0.0000 1.0000 0.0000
vn 0.0000 1.0000 0.0000
vn 0.0000 1.0000 0.0000
vn 0.0000 1.0000 0.0000
vn 0.0000 1.0000 0.0000
vn 0.0000 1.0000 0.0000
vn 0.0000 1.0000 0.0000
vn 0.0000 1.0000 0.0000
vn 0.0000 1.0000 0.0000
vn 0.0000 1.0000 0.0000
vn 0.0000 1.0000 0.0000
vn 0.0000 1.0000 0.0000
vn 0.0000 1.0000 0.0000
vn 0.0000 1.0000 0.0000
vn 0.0000 1.0000 0.0000
vn 0.0000 1.0000 0.0000
vn 0.0000 1.0000 0.0000
vn 0.0000 1.0000 0.0000
vn 0.0000 1.0000 0.0000
vn 0.0000 1.0000 0.0000
vn 0.0000 1.0000 0.0000
vn 0.0000 1.0000 0.0000
vn 0.0000 1.0000 0.0000
vn 0.0000 1.0000 0.0000
vn 0.0000 1.0000 0.0000
vn 0.0000 1.0000 0.0000
vn 0.0000 1.0000 0.0000
vn 0.0000 1.0000 0.0000
vn 0.0000 1.0000 0.0000
vn 0.0000 1.0000 0.0000
vn 0.0000 1.0000 0.0000
vn 0.0000 1.0000 0.0000
vn 0.0000 1.0000 0.0000
vn 0.0000 1.0000 0.0000
vn 0.0000 1.0000 0.0000
vn 0.0000 1.0000 0.0000
vn 0.0000 1.0000 0.0000
vn 0.0000 1.0000 0.0000
vn 0.0000 1.0000 0.0000
vn 0.0000 1.0000 0.0000
vn 0.0000 1.0000 0.0000
vn 0.0000 1.0000 0.0000
vn 0.0000 1.0000 0.0000
vn 0.0000 1.0000 0.0000
vn 0.0000 1.0000 0.0000
vn 0.0000 1.0000 0.0000
vn 0.0000 1.0000 0.0000
vn 0.0000 1.0000 0.0000
vn 0.0000 1.0000 0.0000
vn 0.0000 1.0000 0.0000
vn 0.0000 1.0000 0.0000
vn 0.0000 1.0000 0.0000
vn 0.0000 1.0000 0.0000
vn 0.0000 1.0000 0.0000
vn 0.0000 1.0000 0.0000
vn 0.0000 1.0000 0.0000
vn 0.0000 1.0000 0.0000
vn 0.0000 1.0000 0.0000
vn 0.0000 1.0000 0.0000
vn 0.0000 1.0000 0.0000
vn 0.0000 1.0000 0.0000
vn 0.0000 1.0000 0.0000
vn 0.0000 1.0000 0.0000
vn 0.0000 1.0000 0.0000
vn 0.0000 1.0000 0.0000
vn 0.0000 1.0000 0.0000
vn 0.0000 1.0000 0.0000
vn 0.0000 1.0000 0.0000
vn 0.0000 1.0000 0.0000
vn 0.0000 1.0000 0.0000
vn 0.0000 1.0000 0.0000
vn 0.0000 1.0000 0.0000
vn 0.0000 1.0000 0.0000
vn 0.0000 1.0000 0.0000
vn 0.0000 1.0000 0.0000
vn 0.0000 1.0000 0.0000
vn 0.0000 1.0000 0.0000
vn 0.0000 1.0000 0.0000
vn 0.0000 1.0000 0.0000
vn 0.0000 1.0000 0.0000
vn 0.0000 1.0000 0.0000
vn 0.0000 1.0000 0.0000
vn 0.0000 1.0000 0.0000
vn 0.0000 1.0000 0.0000
vn 0.0000 1.0000 0.0000
vn 0.0000 1.0000 0.0000
vn 0.0000 1.0000 0.0000
vn 0.0000 1.0000 0.0000
vn 0.0000 1.0000 0.0000
vn 0.0000 1.0000 0.0000
vn 0.0000 1.0000 0.0000
vn 0.0000 1.0000 0.0000
vn 0.0000 1.0000 0.0000
vn 0.0000 1.0000 0.0000
vn 0.0000 1.0000 0.0000
vn 0.0000 1.0000 0.0000
vn 0.0000 1.0000 0.0000
vn 0.0000 1.0000 0.0000
vn 0.0000 1.0000 0.0000
vn 0.0000 1.0000 0.0000
vn 0.0000 1.0000 0.0000
vn 0.0000 1.0000 0.0000
vn 0.0000 1.0000 0.0000
vn 0.0000 1.0000 0.0000
vn 0.0000 1.0000 0.0000
vn 0.0000 1.0000 0.0000
vn 0.0000 1.0000 0.0000
vn 0.0000 1.0000 0.0000
vn 0.0000 1.0000 0.0000
vn 0.0000 1.0000 0.0000
vn 0.0000 1.0000 0.0000
vn 0.0000 1.0000 0.0000
vn 0.0000 1.0000 0.0000
vn 0.0000 1.0000 0.0000
vn 0.0000 1.0000 0.0000
vn 0.0000 1.0000 0.0000
vn 0.0000 1.0000 0.0000
vn 0.0000 1.0000 0.0000
vn 0.0000 1.0000 0.0000
vn 0.0000 1.0000 0.0000
vn 0.0000 1.0000 0.0000
vn 0.0000 1.0000 0.0000
vn 0.0000 1.0000 0.0000
vn 0.0000 1.0000 0.0000
vn 0.0000 1.0000 0.0000
vn 0.0000 1.0000 0.0000
vn 0.0000 1.0000 0.0000
vn 0.0000 1.0000 0.0000
vn 0.0000 1.0000 0.0000
vn 0.0000 1.0000 0.0000
vn 0.0000 1.0000 0.0000
vn 0.0000 1.0000 0.0000
vn 0.0000 1.0000 0.0000
vn 0.0000 1.0000 0.0000
vn 0.0000 1.0000 0.0000
vn 0.0000 1.0000 0.0000
vn 0.0000 1.0000 0.0000
vn 0.0000 1.0000 0.0000
vn 0.0000 1.0000 0.0000
vn 0.0000 1.0000 0.0000
vn 0.0000 1.0000 0.0000
vn 0.0000 1.0000 0.0000
vn 0.0000 1.0000 0.0000
vn 0.0000 1.0000 0.0000
vn 0.0000 1.0000 0.0000
vn 0.0000 1.0000 0.0000
vn 0.0000 1.0000 0.0000
vn 0.0000 1.0000 0.0000
vn 0.0000 1.0000 0.0000
vn 0.0000 1.0000 0.0000
vn 0.0000 1.0000 0.0000
vn 0.0000 1.0000 0.0000
vn 0.0000 1.0000 0.0000
vn 0.0000 1.0000 0.0000
vn 0.0000 1.0000 0.0000
vn 0.0000 1.0000 0.0000
vn 0.0000 1.0000 0.0000
vn 0.0000 1.0000 0.0000
vn 0.0000 1.0000 0.0000
vn 0.0000 1.0000 0.0000
vn 0.0000 1.0000 0.0000
vn 0.0000 1.0000 0.0000
vn 0.0000 1.0000 0.0000
vn 0.0000 1.0000 0.0000
vn 0.0000 1.0000 0.0000
vn 0.0000 1.0000 0.0000
vn 0.0000 1.0000 0.0000
vn 0.0000 1.0000 0.0000
vn 0.0000 1.0000 0.0000
vn 0.0000 1.0000 0.0000
vn 0.0000 1.0000 0.0000
vn 0.0000 1.0000 0.0000
vn 0.0000 1.0000 0.0000
vn 0.0000 1.0000 0.0000
vn 0.0000 1.0000 0.0000
vn 0.0000 1.0000 0.0000
vn 0.0000 1.0000 0.0000
vn 0.0000 1.0000 0.0000
vn 0.0000 1.0000 0.0000
vn 0.0000 1.0000 0.0000
vn 0.0000 1.0000 0.0000
vn 0.0000 1.0000 0.0000
vn 0.0000 1.0000 0.0000
vn 0.0000 1.0000 0.0000
vn 0.0000 1.0000 0.0000
vn 0.0000 1.0000 0.0000
vn 0.0000 1.0000 0.0000
vn 0.0000 1.0000 0.0000
vn 0.0000 1.0000 0.0000
vn 0.0000 1.0000 0.0000
vn 0.0000 1.0000 0.0000
vn 0.0000 1.0000 0.0000
vn 0.0000 1.0000 0.0000
vn 0.0000 1.0000 0.0000
vn 0.0000 1.0000 0.0000
vn 0.0000 1.0000 0.0000
vn 0.0000 1.0000 0.0000
vn 0.0000 1.0000 0.0000
vn 0.0000 1.0000 0.0000
vn 0.0000 1.0000 0.0000
vn 0.0000 1.0000 0.0000
vn 0.0000 1.0000 0.0000
vn 0.0000 1.0000 0.0000
vn 0.0000 1.0000 0.0000
vn 0.0000 1.0000 0.0000
vn 0.0000 1.0000 0.0000
vn 0.0000 1.0000 0.0000
vn 0.0000 1.0000 0.0000
vn 0.0000 1.0000 0.0000
vn 0.0000 1.0000 0.0000
vn 0.0000 1.0000 0.0000
vn 0.0000 1.0000 0.0000
vn 0.0000 1.0000 0.0000
vn 0.0000 1.0000 0.0000
vn 0.0000 1.0000 0.0000
vn 0.0000 1.0000 0.0000
vn 0.0000 1.0000 0.0000
vn 0.0000 1.0000 0.0000
vn 0.0000 1.0000 0.0000
vn 0.0000 1.0000 0.0000
vn 0.0000 1.0000 0.0000
vn 0.0000 1.0000 0.0000
vn 0.0000 1.0000 0.0000
vn 0.0000 1.0000 0.0000
vn 0.0000 1.0000 0.0000
vn 0.0000 1.0000 0.0000
vn 0.0000 1.0000 0.0000
vn 0.0000 1.0000 0.0000
vn 0.0000 1.0000 0.0000
vn 0.0000 1.0000 0.0000
vn 0.0000 1.0000 0.0000
vn 0.0000 1.0000 0.0000
vn 0.0000 1.0000 0.0000
vn 0.0000 1.0000 0.0000
vn 0.0000 1.0000 0.0000
vn 0.0000 1.0000 0.0000
vn 0.0000 1.0000 0.0000
vn 0.0000 1.0000 0.0000
vn 0.0000 1.0000 0.0000
vn 0.0000 1.0000 0.0000
vn 0.0000 1.0000 0.0000
vn 0.0000 1.0000 0.0000
vn 0.0000 1.0000 0.0000
vn 0.0000 1.0000 0.0000
vn 0.0000 1.0000 0.0000
vn 0.0000 1.0000 0.0000
vn 0.0000 1.0000 0.0000
vn 0.0000 1.0000 0.0000
vn 0.0000 1.0000 0.0000
vn 0.0000 1.0000 0.0000
vn 0.0000 1.0000 0.0000
vn 0.0000 1.0000 0.0000
vn 0.0000 1.0000 0.0000
vn 0.0000 1.0000 0.0000
vn 0.0000 1.0000 0.0000
vn 0.0000 1.0000 0.0000
vn 0.0000 1.0000 0.0000
vn 0.0000 1.0000 0.0000
vn 0.0000 1.0000 0.0000
vn 0.0000 1.0000 0.0000
vn 0.0000 1.0000 0.0000
vn 0.0000 1.0000 0.0000
vn 0.0000 1.0000 0.0000
vn 0.0000 1.0000 0.0000
vn 0.0000 1.0000 0.0000
vn 0.0000 1.0000 0.0000
vn 0.0000 1.0000 0.0000
vn 0.0000 1.0000 0.0000
vn 0.0000 1.0000 0.0000
vn 0.0000 1.0000 0.0000
vn 0.0000 1.0000 0.0000
vn 0.0000 1.0000 0.0000
vn 0.0000 1.0000 0.0000
vn 0.0000 1.0000 0.0000
vn 0.0000 1.0000 0.0000
vn 0.0000 1.0000 0.0000
vn 0.0000 1.0000 0.0000
vn 0.0000 1.0000 0.0000
vn 0.0000 1.0000 0.0000
vn 0.0000 1.0000 0.0000
vn 0.0000 1.0000 0.0000
vn 0.0000 1.0000 0.0000
vn 0.0000 1.0000 0.0000
vn 0.0000 1.0000 0.0000
vn 0.0000 1.0000 0.0000
vn 0.0000 1.0000 0.0000
vn 0.0000 1.0000 0.0000
vn 0.0000 1.0000 0.0000
vn 0.0000 1.0000 0.0000
vn 0.0000 1.0000 0.0000
vn 0.0000 1.0000 0.0000
vn 0.0000 1.0000 0.0000
vn 0.0000 1.0000 0.0000
vn 0.0000 1.0000 0.0000
vn 0.0000 1.0000 0.0000
vn 0.0000 1.0000 0.0000
vn 0.0000 1.0000 0.0000
vn 0.0000 1.0000 0.0000
vn 0.0000 1.0000 0.0000
vn 0.0000 1.0000 0.0000
vn 0.0000 1.0000 0.0000
vn 0.0000 1.0000 0.0000
vn 0.0000 1.0000 0.0000
vn 0.0000 1.0000 0.0000
vn 0.0000 1.0000 0.0000
vn 0.0000 1.0000 0.0000
vn 0.0000 1.0000 0.0000
vn 0.0000 1.0000 0.0000
vn 0.0000 1.0000 0.0000
vn 0.0000 1.0000 0.0000
vn 0.0000 1.0000 0.0000
vn 0.0000 1.0000 0.0000
vn 0.0000 1.0000 0.0000
vn 0.0000 1.0000 0.0000
vn 0.0000 1.0000 0.0000
vn 0.0000 1.0000 0.0000
vn 0.0000 1.0000 0.0000
vn 0.0000 1.0000 0.0000
vn 0.0000 1.0000 0.0000
vn 0.0000 1.0000 0.0000
vn 0.0000 1.0000 0.0000
vn 0.0000 1.0000 0.0000
vn 0.0000 1.0000 0.0000
vn 0.0000 1.0000 0.0000
vn 0.0000 1.0000 0.0000
vn 0.0000 1.0000 0.0000
vn 0.0000 1.0000 0.0000
vn 0.0000 1.0000 0.0000
vn 0.0000 1.0000 0.0000
vn 0.0000 1.0000 0.0000
vn 0.0000 1.0000 0.0000
vn 0.0000 1.0000 0.0000
vn 0.0000 1.0000 0.0000
vn 0.0000 1.0000 0.0000
vn 0.0000 1.0000 0.0000
vn 0.0000 1.0000 0.0000
vn 0.0000 1.0000 0.0000
vn 0.0000 1.0000 0.0000
vn 0.0000 1.0000 0.0000
vn 0.0000 1.0000 0.0000
vn 0.0000 1.0000 0.0000
vn 0.0000 1.0000 0.0000
vn 0.0000 1.0000 0.0000
vn 0.0000 1.0000 0.0000
vn 0.0000 1.0000 0.0000
vn 0.0000 1.0000 0.0000
vn 0.0000 1.0000 0.0000
vn 0.0000 1.0000 0.0000
vn 0.0000 1.0000 0.0000
vn 0.0000 1.0000 0.0000
vn 0.0000 1.0000 0.0000
vn 0.0000 1.0000 0.0000
vn 0.0000 1.0000 0.0000
vn 0.0000 1.0000 0.0000
vn 0.0000 1.0000 0.0000
vn 0.0000 1.0000 0.0000
vn 0.0000 1.0000 0.0000
vn 0.0000 1.0000 0.0000
vn 0.0000 1.0000 0.0000
vn 0.0000 1.0000 0.0000
vn 0.0000 1.0000 0.0000
vn 0.0000 1.0000 0.0000
vn 0.0000 1.0000 0.0000
vn 0.0000 1.0000 0.0000
vn 0.0000 1.0000 0.0000
vn 0.0000 1.0000 0.0000
vn 0.0000 1.0000 0.0000
vn 0.0000 1.0000 0.0000
vn 0.0000 1.0000 0.0000
vn 0.0000 1.0000 0.0000
vn 0.0000 1.0000 0.0000
vn 0.0000 1.0000 0.0000
vn 0.0000 1.0000 0.0000
vn 0.0000 1.0000 0.0000
vn 0.0000 1.0000 0.0000
vn 0.0000 1.0000 0.0000
vn 0.0000 1.0000 0.0000
vn 0.0000 1.0000 0.0000
vn 0.0000 1.0000 0.0000
vn 0.0000 1.0000 0.0000
vn 0.0000 1.0000 0.0000
vn 0.0000 1.0000 0.0000
vn 0.0000 1.0000 0.0000
vn 0.0000 1.0000 0.0000
vn 0.0000 1.0000 0.0000
vn 0.0000 1.0000 0.0000
vn 0.0000 1.0000 0.0000
vn 0.0000 1.0000 0.0000
vn 0.0000 1.0000 0.0000
vn 0.0000 1.0000 0.0000
vn 0.0000 1.0000 0.0000
vn 0.0000 1.0000 0.0000
vn 0.0000 1.0000 0.0000
vn 0.0000 1.0000 0.0000
vn 0.0000 1.0000 0.0000
vn 0.0000 1.0000 0.0000
vn 0.0000 1.0000 0.0000
vn 0.0000 1.0000 0.0000
vn 0.0000 1.0000 0.0000
vn 0.0000 1.0000 0.0000
vn 0.0000 1.0000 0.0000
vn 0.0000 1.0000 0.0000
vn 0.0000 1.0000 0.0000
vn 0.0000 1.0000 0.0000
vn 0.0000 1.0000 0.0000
vn 0.0000 1.0000 0.0000
vn 0.0000 1.0000 0.0000
vn 0.0000 1.0000 0.0000
vn 0.0000 1.0000 0.0000
vn 0.0000 1.0000 0.0000
vn 0.0000 1.0000 0.0000
vn 0.0000 1.0000 0.0000
vn 0.0000 1.0000 0.0000
vn 0.0000 1.0000 0.0000
vn 0.0000 1.0000 0.0000
vn 0.0000 1.0000 0.0000
vn 0.0000 1.0000 0.0000
vn 0.0000 1.0000 0.0000
vn 0.0000 1.0000 0.0000
vn 0.0000 1.0000 0.0000
vn 0.0000 1.0000 0.0000
vn 0.0000 1.0000 0.0000
vn 0.0000 1.0000 0.0000
vn 0.0000 1.0000 0.0000
vn 0.0000 1.0000 0.0000
vn 0.0000 1.0000 0.0000
vn 0.0000 1.0000 0.0000
vn 0.0000 1.0000 0.0000
vn 0.0000 1.0000 0.0000
vn 0.0000 1.0000 0.0000
vn 0.0000 1.0000 0.0000
vn 0.0000 1.0000 0.0000
vn 0.0000 1.0000 0.0000
vn 0.0000 1.0000 0.0000
vn 0.0000 1.0000 0.0000
vn 0.0000 1.0000 0.0000
vn 0.0000 1.0000 0.0000
vn 0.0000 1.0000 0.0000
vn 0.0000 1.0000 0.0000
vn 0.0000 1.0000 0.0000
vn 0.0000 1.0000 0.0000
vn 0.0000 1.0000 0.0000
vn 0.0000 1.0000 0.0000
vn 0.0000 1.0000 0.0000
vn 0.0000 1.0000 0.0000
vn 0.0000 1.0000 0.0000
vn 0.0000 1.0000 0.0000
vn 0.0000 1.0000 0.0000
vn 0.0000 1.0000 0.0000
vn 0.0000 1.0000 0.0000
vn 0.0000 1.0000 0.0000
vn 0.0000 1.0000 0.0000
vn 0.0000 1.0000 0.0000
vn 0.0000 1.0000 0.0000
vn 0.0000 1.0000 0.0000
vn 0.0000 1.0000 0.0000
vn 0.0000 1.0000 0.0000
vn 0.0000 1.0000 0.0000
vn 0.0000 1.0000 0.0000
vn 0.0000 1.0000 0.0000
vn 0.0000 1.0000 0.0000
vn 0.0000 1.0000 0.0000
vn 0.0000 1.0000 0.0000
vn 0.0000 1.0000 0.0000
vn 0.0000 1.0000 0.0000
vn 0.0000 1.0000 0.0000
vn 0.0000 1.0000 0.0000
vn 0.0000 1.0000 0.0000
vn 0.0000 1.0000 0.0000
vn 0.0000 1.0000 0.0000
vn 0.0000 1.0000 0.0000
vn 0.0000 1.0000 0.0000
vn 0.0000 1.0000 0.0000
vn 0.0000 1.0000 0.0000
vn 0.0000 1.0000 0.0000
vn 0.0000 1.0000 0.0000
vn 0.0000 1.0000 0.0000
vn 0.0000 1.0000 0.0000
vn 0.0000 1.0000 0.0000
vn 0.0000 1.0000 0.0000
vn 0.0000 1.0000 0.0000
vn 0.0000 1.0000 0.0000
vn 0.0000 1.0000 0.0000
vn 0.0000 1.0000 0.0000
vn 0.0000 1.0000 0.0000
vn 0.0000 1.0000 0.0000
vn 0.0000 1.0000 0.0000
vn 0.0000 1.0000 0.0000
vn 0.0000 1.0000 0.0000
vn 0.0000 1.0000 0.0000
vn 0.0000 1.0000 0.0000
vn 0.0000 1.0000 0.0000
vn 0.0000 1.0000 0.0000
vn 0.0000 1.0000 0.0000
vn 0.0000 1.0000 0.0000
vn 0.0000 1.0000 0.0000
vn 0.0000 1.0000 0.0000
vn 0.0000 1.0000 0.0000
vn 0.0000 1.0000 0.0000
vn 0.0000 1.0000 0.0000
vn 0.0000 1.0000 0.0000
vn 0.0000 1.0000 0.0000
vn 0.0000 1.0000 0.0000
vn 0.0000 1.0000 0.0000
vn 0.0000 1.0000 0.0000
vn 0.0000 1.0000 0.0000
vn 0.0000 1.0000 0.0000
vn 0.0000 1.0000 0.0000
vn 0.0000 1.0000 0.0000
vn 0.0000 1.0000 0.0000
vn 0.0000 1.0000 0.0000
vn 0.0000 1.0000 0.0000
vn 0.0000 1.0000 0.0000
vn 0.0000 1.0000 0.0000
vn 0.0000 1.0000 0.0000
vn 0.0000 1.0000 0.0000
vn 0.0000 1.0000 0.0000
vn 0.0000 1.0000 0.0000
vn 0.0000 1.0000 0.0000
vn 0.0000 1.0000 0.0000
vn 0.0000 1.0000 0.0000
vn 0.0000 1.0000 0.0000
vn 0.0000 1.0000 0.0000
vn 0.0000 1.0000 0.0000
vn 0.0000 1.0000 0.0000
vn 0.0000 1.0000 0.0000
vn 0.0000 1.0000 0.0000
vn 0.0000 1.0000 0.0000
vn 0.0000 1.0000 0.0000
vn 0.0000 1.0000 0.0000
vn 0.0000 1.0000 0.0000
vn 0.0000 1.0000 0.0000
vn 0.0000 1.0000 0.0000
vn 0.0000 1.0000 0.0000
vn 0.0000 1.0000 0.0000
vn 0.0000 1.0000 0.0000
vn 0.0000 1.0000 0.0000
vn 0.0000 1.0000 0.0000
vn 0.0000 1.0000 0.0000
vn 0.0000 1.0000 0.0000
vn 0.0000 1.0000 0.0000
vn 0.0000 1.0000 0.0000
vn 0.0000 1.0000 0.0000
vn 0.0000 1.0000 0.0000
vn 0.0000 1.0000 0.0000
vn 0.0000 1.0000 0.0000
vn 0.0000 1.0000 0.0000
vn 0.0000 1.0000 0.0000
vn 0.0000 1.0000 0.0000
vn 0.0000 1.0000 0.0000
vn 0.0000 1.0000 0.0000
vn 0.0000 1.0000 0.0000
vn 0.0000 1.0000 0.0000
vn 0.0000 1.0000 0.0000
vn 0.0000 1.0000 0.0000
vn 0.0000 1.0000 0.0000
vn 0.0000 1.0000 0.0000
vn 0.0000 1.0000 0.0000
vn 0.0000 1.0000 0.0000
vn 0.0000 1.0000 0.0000
vn 0.0000 1.0000 0.0000
vn 0.0000 1.0000 0.0000
vn 0.0000 1.0000 0.0000
vn 0.0000 1.0000 0.0000
vn 0.0000 1.0000 0.0000
vn 0.0000 1.0000 0.0000
vn 0.0000 1.0000 0.0000
vn 0.0000 1.0000 0.0000
vn 0.0000 1.0000 0.0000
vn 0.0000 1.0000 0.0000
vn 0.0000 1.0000 0.0000
vn 0.0000 1.0000 0.0000
vn 0.0000 1.0000 0.0000
vn 0.0000 1.0000 0.0000
vn 0.0000 1.0000 0.0000
vn 0.0000 1.0000 0.0000
vn 0.0000 1.0000 0.0000
vn 0.0000 1.0000 0.0000
vn 0.0000 1.0000 0.0000
vn 0.0000 1.0000 0.0000
vn 0.0000 1.0000 0.0000
vn 0.0000 1.0000 0.0000
vn 0.0000 1.0000 0.0000
vn 0.0000 1.0000 0.0000
vn 0.0000 1.0000 0.0000
vn 0.0000 1.0000 0.0000
vn 0.0000 1.0000 0.0000
vn 0.0000 1.0000 0.0000
vn 0.0000 1.0000 0.0000
vn 0.0000 1.0000 0.0000
vn 0.0000 1.0000 0.0000
vn 0.0000 1.0000 0.0000
vn 0.0000 1.0000 0.0000
vn 0.0000 1.0000 0.0000
vn 0.0000 1.0000 0.0000
vn 0.0000 1.0000 0.0000
vn 0.0000 1.0000 0.0000
vn 0.0000 1.0000 0.0000
vn 0.0000 1.0000 0.0000
vn 0.0000 1.0000 0.0000
vn 0.0000 1.0000 0.0000
vn 0.0000 1.0000 0.0000
vn 0.0000 1.0000 0.0000
vn 0.0000 1.0000 0.0000
vn 0.0000 1.0000 0.0000
vn 0.0000 1.0000 0.0000
vn 0.0000 1.0000 0.0000
vn 0.0000 1.0000 0.0000
vn 0.0000 1.0000 0.0000
vn 0.0000 1.0000 0.0000
vn 0.0000 1.0000 0.0000
vn 0.0000 1.0000 0.0000
vn 0.0000 1.0000 0.0000
vn 0.0000 1.0000 0.0000
vn 0.0000 1.0000 0.0000
vn 0.0000 1.0000 0.0000
vn 0.0000 1.0000 0.0000
vn 0.0000 1.0000 0.0000
vn 0.0000 1.0000 0.0000
vn 0.0000 1.0000 0.0000
vn 0.0000 1.0000 0.0000
vn 0.0000 1.0000 0.0000
vn 0.0000 1.0000 0.0000
vn 0.0000 1.0000 0.0000
vn 0.0000 1.0000 0.0000
vn 0.0000 1.0000 0.0000
vn 0.0000 1.0000 0.0000
vn 0.0000 1.0000 0.0000
vn 0.0000 1.0000 0.0000
vn 0.0000 1.0000 0.0000
vn 0.0000 1.0000 0.0000
vn 0.0000 1.0000 0.0000
vn 0.0000 1.0000 0.0000
vn 0.0000 1.0000 0.0000
vn 0.0000 1.0000 0.0000
vn 0.0000 1.0000 0.0000
vn 0.0000 1.0000 0.0000
vn 0.0000 1.0000 0.0000
vn 0.0000 1.0000 0.0000
vn 0.0000 1.0000 0.0000
vn 0.0000 1.0000 0.0000
vn 0.0000 1.0000 0.0000
vn 0.0000 1.0000 0.0000
vn 0.0000 1.0000 0.0000
vn 0.0000 1.0000 0.0000
vn 0.0000 1.0000 0.0000
vn 0.0000 1.0000 0.0000
vn 0.0000 1.0000 0.0000
vn 0.0000 1.0000 0.0000
vn 0.0000 1.0000 0.0000
vn 0.0000 1.0000 0.0000
vn 0.0000 1.0000 0.0000
vn 0.0000 1.0000 0.0000
vn 0.0000 1.0000 0.0000
vn 0.0000 1.0000 0.0000
vn 0.0000 1.0000 0.0000
vn 0.0000 1.0000 0.0000
vn 0.0000 1.0000 0.0000
vn 0.0000 1.0000 0.0000
vn 0.0000 1.0000 0.0000
vn 0.0000 1.0000 0.0000
vn 0.0000 1.0000 0.0000
vn 0.0000 1.0000 0.0000
vn 0.0000 1.0000 0.0000
vn 0.0000 1.0000 0.0000
vn 0.0000 1.0000 0.0000
vn 0.0000 1.0000 0.0000
vn 0.0000 1.0000 0.0000
vn 0.0000 1.0000 0.0000
vn 0.0000 1.0000 0.0000
vn 0.0000 1.0000 0.0000
vn 0.0000 1.0000 0.0000
vn 0.0000 1.0000 0.0000
vn 0.0000 1.0000 0.0000
vn 0.0000 1.0000 0.0000
vn 0.0000 1.0000 0.0000
vn 0.0000 1.0000 0.0000
vn 0.0000 1.0000 0.0000
vn 0.0000 1.0000 0.0000
vn 0.0000 1.0000 0.0000
vn 0.0000 1.0000 0.0000
vn 0.0000 1.0000 0.0000
vn 0.0000 1.0000 0.0000
vn 0.0000 1.0000 0.0000
vn 0.0000 1.0000 0.0000
vn 0.0000 1.0000 0.0000
vn 0.0000 1.0000 0.0000
vn 0.0000 1.0000 0.0000
vn 0.0000 1.0000 0.0000
vn 0.0000 1.0000 0.0000
vn 0.0000 1.0000 0.0000
vn 0.0000 1.0000 0.0000
vn 0.0000 1.0000 0.0000
vn 0.0000 1.0000 0.0000
vn 0.0000 1.0000 0.0000
vn 0.0000 1.0000 0.0000
vn 0.0000 1.0000 0.0000
vn 0.0000 1.0000 0.0000
vn 0.0000 1.0000 0.0000
vn 0.0000 1.0000 0.0000
vn 0.0000 1.0000 0.0000
vn 0.0000 1.0000 0.0000
vn 0.0000 1.0000 0.0000
vn 0.0000 1.0000 0.0000
vn 0.0000 1.0000 0.0000
vn 0.0000 1.0000 0.0000
vn 0.0000 1.0000 0.0000
vn 0.0000 1.0000 0.0000
vn 0.0000 1.0000 0.0000
vn 0.0000 1.0000 0.0000
vn 0.0000 1.0000 0.0000
vn 0.0000 1.0000 0.0000
vn 0.0000 1.0000 0.0000
vn 0.0000 1.0000 0.0000
vn 0.0000 1.0000 0.0000
vn 0.0000 1.0000 0.0000
vn 0.0000 1.0000 0.0000
vn 0.0000 1.0000 0.0000
vn 0.0000 1.0000 0.0000
vn 0.0000 1.0000 0.0000
vn 0.0000 1.0000 0.0000
vn 0.0000 1.0000 0.0000
vn 0.0000 1.0000 0.0000
vn 0.0000 1.0000 0.0000
vn 0.0000 1.0000 0.0000
vn 0.0000 1.0000 0.0000
vn 0.0000 1.0000 0.0000
vn 0.0000 1.0000 0.0000
vn 0.0000 1.0000 0.0000
vn 0.0000 1.0000 0.0000
vn 0.0000 1.0000 0.0000
vn 0.0000 1.0000 0.0000
vn 0.0000 1.0000 0.0000
vn 0.0000 1.0000 0.0000
vn 0.0000 1.0000 0.0000
vn 0.0000 1.0000 0.0000
vn 0.0000 1.0000 0.0000
vn 0.0000 1.0000 0.0000
vn 0.0000 1.0000 0.0000
vn 0.0000 1.0000 0.0000
vn 0.0000 1.0000 0.0000
vn 0.0000 1.0000 0.0000
vn 0.0000 1.0000 0.0000
vn 0.0000 1.0000 0.0000
vn 0.0000 1.0000 0.0000
vn 0.0000 1.0000 0.0000
vn 0.0000 1.0000 0.0000
vn 0.0000 1.0000 0.0000
vn 0.0000 1.0000 0.0000
vn 0.0000 1.0000 0.0000
vn 0.0000 1.0000 0.0000
vn 0.0000 1.0000 0.0000
vn 0.0000 1.0000 0.0000
vn 0.0000 1.0000 0.0000
vn 0.0000 1.0000 0.0000
vn 0.0000 1.0000 0.0000
vn 0.0000 1.0000 0.0000
vn 0.0000 1.0000 0.0000
vn 0.0000 1.0000 0.0000
vn 0.0000 1.0000 0.0000
vn 0.0000 1.0000 0.0000
vn 0.0000 1.0000 0.0000
vn 0.0000 1.0000 0.0000
vn 0.0000 1.0000 0.0000
vn 0.0000 1.0000 0.0000
vn 0.0000 1.0000 0.0000
vn 0.0000 1.0000 0.0000
vn 0.0000 1.0000 0.0000
vn 0.0000 1.0000 0.0000
vn 0.0000 1.0000 0.0000
vn 0.0000 1.0000 0.0000
vn 0.0000 1.0000 0.0000
vn 0.0000 1.0000 0.0000
vn 0.0000 1.0000 0.0000
vn 0.0000 1.0000 0.0000
vn 0.0000 1.0000 0.0000
vn 0.0000 1.0000 0.0000
vn 0.0000 1.0000 0.0000
vn 0.0000 1.0000 0.0000
vn 0.0000 1.0000 0.0000
vn 0.0000 1.0000 0.0000
vn 0.0000 1.0000 0.0000
vn 0.0000 1.0000 0.0000
vn 0.0000 1.0000 0.0000
vn 0.0000 1.0000 0.0000
vn 0.0000 1.0000 0.0000
vn 0.0000 1.0000 0.0000
vn 0.0000 1.0000 0.0000
vn 0.0000 1.0000 0.0000
vn 0.0000 1.0000 0.0000
vn 0.0000 1.0000 0.0000
vn 0.0000 1.0000 0.0000
vn 0.0000 1.0000 0.0000
vn 0.0000 1.0000 0.0000
vn 0.0000 1.0000 0.0000
vn 0.0000 1.0000 0.0000
vn 0.0000 1.0000 0.0000
vn 0.0000 1.0000 0.0000
vn 0.0000 1.0000 0.0000
vn 0.0000 1.0000 0.0000
vn 0.0000 1.0000 0.0000
vn 0.0000 1.0000 0.0000
vn 0.0000 1.0000 0.0000
vn 0.0000 1.0000 0.0000
vn 0.0000 1.0000 0.0000
vn 0.0000 1.0000 0.0000
vn 0.0000 1.0000 0.0000
vn 0.0000 1.0000 0.0000
vn 0.0000 1.0000 0.0000
vn 0.0000 1.0000 0.0000
vn 0.0000 1.0000 0.0000
vn 0.0000 1.0000 0.0000
vn 0.0000 1.0000 0.0000
vn 0.0000 1.0000 0.0000
vn 0.0000 1.0000 0.0000
vn 0.0000 1.0000 0.0000
vn 0.0000 1.0000 0.0000
vn 0.0000 1.0000 0.0000
vn 0.0000 1.0000 0.0000
vn 0.0000 1.0000 0.0000
vn 0.0000 1.0000 0.0000
vn 0.0000 1.0000 0.0000
vn 0.0000 1.0000 0.0000
vn 0.0000 1.0000 0.0000
vn 0.0000 1.0000 0.0000
vn 0.0000 1.0000 0.0000
vn 0.0000 1.0000 0.0000
vn 0.0000 1.0000 0.0000
vn 0.0000 1.0000 0.0000
vn 0.0000 1.0000 0.0000
vn 0.0000 1.0000 0.0000
vn 0.0000 1.0000 0.0000
vn 0.0000 1.0000 0.0000
vn 0.0000 1.0000 0.0000
vn 0.0000 1.0000 0.0000
vn 0.0000 1.0000 0.0000
vn 0.0000 1.0000 0.0000
vn 0.0000 1.0000 0.0000
vn 0.0000 1.0000 0.0000
vn 0.0000 1.0000 0.0000
vn 0.0000 1.0000 0.0000
vn 0.0000 1.0000 0.0000
vn 0.0000 1.0000 0.0000
vn 0.0000 1.0000 0.0000
vn 0.0000 1.0000 0.0000
vn 0.0000 1.0000 0.0000
vn 0.0000 1.0000 0.0000
vn 0.0000 1.0000 0.0000
vn 0.0000 1.0000 0.0000
vn 0.0000 1.0000 0.0000
vn 0.0000 1.0000 0.0000
vn 0.0000 1.0000 0.0000
vn 0.0000 1.0000 0.0000
vn 0.0000 1.0000 0.0000
vn 0.0000 1.0000 0.0000
vn 0.0000 1.0000 0.0000
vn 0.0000 1.0000 0.0000
vn 0.0000 1.0000 0.0000
vn 0.0000 1.0000 0.0000
vn 0.0000 1.0000 0.0000
vn 0.0000 1.0000 0.0000
vn 0.0000 1.0000 0.0000
vn 0.0000 1.0000 0.0000
vn 0.0000 1.0000 0.0000
vn 0.0000 1.0000 0.0000
vn 0.0000 1.0000 0.0000
vn 0.0000 1.0000 0.0000
vn 0.0000 1.0000 0.0000
vn 0.0000 1.0000 0.0000
vn 0.0000 1.0000 0.0000
vn 0.0000 1.0000 0.0000
vn 0.0000 1.0000 0.0000
vn 0.0000 1.0000 0.0000
vn 0.0000 1.0000 0.0000
vn 0.0000 1.0000 0.0000
vn 0.0000 1.0000 0.0000
vn 0.0000 1.0000 0.0000
vn 0.0000 1.0000 0.0000
vn 0.0000 1.0000 0.0000
vn 0.0000 1.0000 0.0000
vn 0.0000 1.0000 0.0000
vn 0.0000 1.0000 0.0000
vn 0.0000 1.0000 0.0000
vn 0.0000 1.0000 0.0000
vn 0.0000 1.0000 0.0000
vn 0.0000 1.0000 0.0000
vn 0.0000 1.0000 0.0000
vn 0.0000 1.0000 0.0000
vn 0.0000 1.0000 0.0000
vn 0.0000 1.0000 0.0000
vn 0.0000 1.0000 0.0000
vn 0.0000 1.0000 0.0000
vn 0.0000 1.0000 0.0000
vn 0.0000 1.0000 0.0000
vn 0.0000 1.0000 0.0000
vn 0.0000 1.0000 0.0000
vn 0.0000 1.0000 0.0000
vn 0.0000 1.0000 0.0000
vn 0.0000 1.0000 0.0000
vn 0.0000 1.0000 0.0000
vn 0.0000 1.0000 0.0000
vn 0.0000 1.0000 0.0000
vn 0.0000 1.0000 0.0000
vn 0.0000 1.0000 0.0000
vn 0.0000 1.0000 0.0000
vn 0.0000 1.0000 0.0000
vn 0.0000 1.0000 0.0000
vn 0.0000 1.0000 0.0000
vn 0.0000 1.0000 0.0000
vn 0.0000 1.0000 0.0000
vn 0.0000 1.0000 0.0000
vn 0.0000 1.0000 0.0000
vn 0.0000 1.0000 0.0000
vn 0.0000 1.0000 0.0000
vn 0.0000 1.0000 0.0000
vn 0.0000 1.0000 0.0000
vn 0.0000 1.0000 0.0000
vn 0.0000 1.0000 0.0000
vn 0.0000 1.0000 0.0000
vn 0.0000 1.0000 0.0000
vn 0.0000 1.0000 0.0000
vn 0.0000 1.0000 0.0000
vn 0.0000 1.0000 0.0000
vn 0.0000 1.0000 0.0000
vn 0.0000 1.0000 0.0000
vn 0.0000 1.0000 0.0000
vn 0.0000 1.0000 0.0000
vn 0.0000 1.0000 0.0000
vn 0.0000 1.0000 0.0000
vn 0.0000 1.0000 0.0000
vn 0.0000 1.0000 0.0000
vn 0.0000 1.0000 0.0000
vn 0.0000 1.0000 0.0000
vn 0.0000 1.0000 0.0000
vn 0.0000 1.0000 0.0000
vn 0.0000 1.0000 0.0000
vn 0.0000 1.0000 0.0000
vn 0.0000 1.0000 0.0000
vn 0.0000 1.0000 0.0000
vn 0.0000 1.0000 0.0000
vn 0.0000 1.0000 0.0000
vn 0.0000 1.0000 0.0000
vn 0.0000 1.0000 0.0000
vn 0.0000 1.0000 0.0000
vn 0.0000 1.0000 0.0000
vn 0.0000 1.0000 0.0000
vn 0.0000 1.0000 0.0000
vn 0.0000 1.0000 0.0000
vn 0.0000 1.0000 0.0000
vn 0.0000 1.0000 0.0000
vn 0.0000 1.0000 0.0000
vn 0.0000 1.0000 0.0000
vn 0.0000 1.0000 0.0000
vn 0.0000 1.0000 0.0000
vn 0.0000 1.0000 0.0000
vn 0.0000 1.0000 0.0000
vn 0.0000 1.0000 0.0000
vn 0.0000 1.0000 0.0000
vn 0.0000 1.0000 0.0000
vn 0.0000 1.0000 0.0000
vn 0.0000 1.0000 0.0000
vn 0.0000 1.0000 0.0000
vn 0.0000 1.0000 0.0000
vn 0.0000 1.0000 0.0000
vn 0.0000 1.0000 0.0000
vn 0.0000 1.0000 0.0000
vn 0.0000 1.0000 0.0000
vn 0.0000 1.0000 0.0000
vn 0.0000 1.0000 0.0000
vn 0.0000 1.0000 0.0000
vn 0.0000 1.0000 0.0000
vn 0.0000 1.0000 0.0000
vn 0.0000 1.0000 0.0000
vn 0.0000 1.0000 0.0000
vn 0.0000 1.0000 0.0000
vn 0.0000 1.0000 0.0000
vn 0.0000 1.0000 0.0000
vn 0.0000 1.0000 0.0000
vn 0.0000 1.0000 0.0000
vn 0.0000 1.0000 0.0000
vn 0.0000 1.0000 0.0000
vn 0.0000 1.0000 0.0000
vn 0.0000 1.0000 0.0000
vn 0.0000 1.0000 0.0000
vn 0.0000 1.0000 0.0000
vn 0.0000 1.0000 0.0000
vn 0.0000 1.0000 0.0000
vn 0.0000 1.0000 0.0000
vn 0.0000 1.0000 0.0000
vn 0.0000 1.0000 0.0000
vn 0.0000 1.0000 0.0000
vn 0.0000 1.0000 0.0000
vn 0.0000 1.0000 0.0000
vn 0.0000 1.0000 0.0000
vn 0.0000 1.0000 0.0000
vn 0.0000 1.0000 0.0000
vn 0.0000 1.0000 0.0000
vn 0.0000 1.0000 0.0000
vn 0.0000 1.0000 0.0000
vn 0.0000 1.0000 0.0000
vn 0.0000 1.0000 0.0000
vn 0.0000 1.0000 0.0000
vn 0.0000 1.0000 0.0000
vn 0.0000 1.0000 0.0000
vn 0.0000 1.0000 0.0000
vn 0.0000 1.0000 0.0000
vn 0.0000 1.0000 0.0000
vn 0.0000 1.0000 0.0000
vn 0.0000 1.0000 0.0000
vn 0.0000 1.0000 0.0000
vn 0.0000 1.0000 0.0000
vn 0.0000 1.0000 0.0000
vn 0.0000 1.0000 0.0000
vn 0.0000 1.0000 0.0000
vn 0.0000 1.0000 0.0000
vn 0.0000 1.0000 0.0000
vn 0.0000 1.0000 0.0000
vn 0.0000 1.0000 0.0000
vn 0.0000 1.0000 0.0000
vn 0.0000 1.0000 0.0000
vn 0.0000 1.0000 0.0000
vn 0.0000 1.0000 0.0000
vn 0.0000 1.0000 0.0000
vn 0.0000 1.0000 0.0000
vn 0.0000 1.0000 0.0000
vn 0.0000 1.0000 0.0000
vn 0.0000 1.0000 0.0000
vn 0.0000 1.0000 0.0000
vn 0.0000 1.0000 0.0000
vn 0.0000 1.0000 0.0000
vn 0.0000 1.0000 0.0000
vn 0.0000 1.0000 0.0000
vn 0.0000 1.0000 0.0000
vn 0.0000 1.0000 0.0000
vn 0.0000 1.0000 0.0000
vn 0.0000 1.0000 0.0000
vn 0.0000 1.0000 0.0000
vn 0.0000 1.0000 0.0000
vn 0.0000 1.0000 0.0000
vn 0.0000 1.0000 0.0000
vn 0.0000 1.0000 0.0000
vn 0.0000 1.0000 0.0000
vn 0.0000 1.0000 0.0000
vn 0.0000 1.0000 0.0000
vn 0.0000 1.0000 0.0000
vn 0.0000 1.0000 0.0000
vn 0.0000 1.0000 0.0000
vn 0.0000 1.0000 0.0000
vn 0.0000 1.0000 0.0000
vn 0.0000 1.0000 0.0000
vn 0.0000 1.0000 0.0000
vn 0.0000 1.0000 0.0000
vn 0.0000 1.0000 0.0000
vn 0.0000 1.0000 0.0000
vn 0.0000 1.0000 0.0000
vn 0.0000 1.0000 0.0000
vn 0.0000 1.0000 0.0000
vn 0.0000 1.0000 0.0000
vn 0.0000 1.0000 0.0000
vn 0.0000 1.0000 0.0000
vn 0.0000 1.0000 0.0000
vn 0.0000 1.0000 0.0000
vn 0.0000 1.0000 0.0000
vn 0.0000 1.0000 0.0000
vn 0.0000 1.0000 0.0000
vn 0.0000 1.0000 0.0000
vn 0.0000 1.0000 0.0000
vn 0.0000 1.0000 0.0000
vn 0.0000 1.0000 0.0000
vn 0.0000 1.0000 0.0000
vn 0.0000 1.0000 0.0000
vn 0.0000 1.0000 0.0000
vn 0.0000 1.0000 0.0000
vn 0.0000 1.0000 0.0000
vn 0.0000 1.0000 0.0000
vn 0.0000 1.0000 0.0000
vn 0.0000 1.0000 0.0000
vn 0.0000 1.0000 0.0000
vn 0.0000 1.0000 0.0000
vn 0.0000 1.0000 0.0000
vn 0.0000 1.0000 0.0000
vn 0.0000 1.0000 0.0000
vn 0.0000 1.0000 0.0000
vn 0.0000 1.0000 0.0000
vn 0.0000 1.0000 0.0000
vn 0.0000 1.0000 0.0000
vn 0.0000 1.0000 0.0000
vn 0.0000 1.0000 0.0000
vn 0.0000 1.0000 0.0000
vn 0.0000 1.0000 0.0000
vn 0.0000 1.0000 0.0000
vn 0.0000 1.0000 0.0000
vn 0.0000 1.0000 0.0000
vn 0.0000 1.0000 0.0000
vn 0.0000 1.0000 0.0000
vn 0.0000 1.0000 0.0000
vn 0.0000 1.0000 0.0000
vn 0.0000 1.0000 0.0000
vn 0.0000 1.0000 0.0000
vn 0.0000 1.0000 0.0000
vn 0.0000 1.0000 0.0000
vn 0.0000 1.0000 0.0000
vn 0.0000 1.0000 0.0000
vn 0.0000 1.0000 0.0000
vn 0.0000 1.0000 0.0000
vn 0.0000 1.0000 0.0000
vn 0.0000 1.0000 0.0000
vn 0.0000 1.0000 0.0000
vn 0.0000 1.0000 0.0000
vn 0.0000 1.0000 0.0000
vn 0.0000 1.0000 0.0000
vn 0.0000 1.0000 0.0000
vn 0.0000 1.0000 0.0000
vn 0.0000 1.0000 0.0000
vn 0.0000 1.0000 0.0000
vn 0.0000 1.0000 0.0000
vn 0.0000 1.0000 0.0000
vn 0.0000 1.0000 0.0000
vn 0.0000 1.0000 0.0000
vn 0.0000 1.0000 0.0000
vn 0.0000 1.0000 0.0000
vn 0.0000 1.0000 0.0000
vn 0.0000 1.0000 0.0000
vn 0.0000 1.0000 0.0000
vn 0.0000 1.0000 0.0000
vn 0.0000 1.0000 0.0000
vn 0.0000 1.0000 0.0000
vn 0.0000 1.0000 0.0000
vn 0.0000 1.0000 0.0000
vn 0.0000 1.0000 0.0000
vn 0.0000 1.0000 0.0000
vn 0.0000 1.0000 0.0000
vn 0.0000 1.0000 0.0000
vn 0.0000 1.0000 0.0000
vn 0.0000 1.0000 0.0000
vn 0.0000 1.0000 0.0000
vn 0.0000 1.0000 0.0000
vn 0.0000 1.0000 0.0000
vn 0.0000 1.0000 0.0000
vn 0.0000 1.0000 0.0000
vn 0.0000 1.0000 0.0000
vn 0.0000 1.0000 0.0000
vn 0.0000 1.0000 0.0000
vn 0.0000 1.0000 0.0000
vn 0.0000 1.0000 0.0000
vn 0.0000 1.0000 0.0000
vn 0.0000 1.0000 0.0000
vn 0.0000 1.0000 0.0000
vn 0.0000 1.0000 0.0000
vn 0.0000 1.0000 0.0000
vn 0.0000 1.0000 0.0000
vn 0.0000 1.0000 0.0000
vn 0.0000 1.0000 0.0000
vn 0.0000 1.0000 0.0000
vn 0.0000 1.0000 0.0000
vn 0.0000 1.0000 0.0000
vn 0.0000 1.0000 0.0000
vn 0.0000 1.0000 0.0000
vn 0.0000 1.0000 0.0000
vn 0.0000 1.0000 0.0000
vn 0.0000 1.0000 0.0000
vn 0.0000 1.0000 0.0000
vn 0.0000 1.0000 0.0000
vn 0.0000 1.0000 0.0000
vn 0.0000 1.0000 0.0000
vn 0.0000 1.0000 0.0000
vn 0.0000 1.0000 0.0000
vn 0.0000 1.0000 0.0000
vn 0.0000 1.0000 0.0000
vn 0.0000 1.0000 0.0000
vn 0.0000 1.0000 0.0000
vn 0.0000 1.0000 0.0000
vn 0.0000 1.0000 0.0000
vn 0.0000 1.0000 0.0000
vn 0.0000 1.0000 0.0000
vn 0.0000 1.0000 0.0000
vn 0.0000 1.0000 0.0000
vn 0.0000 1.0000 0.0000
vn 0.0000 1.0000 0.0000
vn 0.0000 1.0000 0.0000
vn 0.0000 1.0000 0.0000
vn 0.0000 1.0000 0.0000
vn 0.0000 1.0000 0.0000
vn 0.0000 1.0000 0.0000
vn 0.0000 1.0000 0.0000
vn 0.0000 1.0000 0.0000
vn 0.0000 1.0000 0.0000
vn 0.0000 1.0000 0.0000
vn 0.0000 1.0000 0.0000
vn 0.0000 1.0000 0.0000
vn 0.0000 1.0000 0.0000
vn 0.0000 1.0000 0.0000
vn 0.0000 1.0000 0.0000
vn 0.0000 1.0000 0.0000
vn 0.0000 1.0000 0.0000
vn 0.0000 1.0000 0.0000
vn 0.0000 1.0000 0.0000
vn 0.0000 1.0000 0.0000
vn 0.0000 1.0000 0.0000
vn 0.0000 1.0000 0.0000
vn 0.0000 1.0000 0.0000
vn 0.0000 1.0000 0.0000
vn 0.0000 1.0000 0.0000
vn 0.0000 1.0000 0.0000
vn 0.0000 1.0000 0.0000
vn 0.0000 1.0000 0.0000
vn 0.0000 1.0000 0.0000
vn 0.0000 1.0000 0.0000
vn 0.0000 1.0000 0.0000
vn 0.0000 1.0000 0.0000
vn 0.0000 1.0000 0.0000
vn 0.0000 1.0000 0.0000
vn 0.0000 1.0000 0.0000
vn 0.0000 1.0000 0.0000
vn 0.0000 1.0000 0.0000
vn 0.0000 1.0000 0.0000
vn 0.0000 1.0000 0.0000
vn 0.0000 1.0000 0.0000
vn 0.0000 1.0000 0.0000
vn 0.0000 1.0000 0.0000
vn 0.0000 1.0000 0.0000
vn 0.0000 1.0000 0.0000
vn 0.0000 1.0000 0.0000
vn 0.0000 1.0000 0.0000
vn 0.0000 1.0000 0.0000
vn 0.0000 1.0000 0.0000
vn 0.0000 1.0000 0.0000
vn 0.0000 1.0000 0.0000
vn 0.0000 1.0000 0.0000
vn 0.0000 1.0000 0.0000
vn 0.0000 1.0000 0.0000
vn 0.0000 1.0000 0.0000
vn 0.0000 1.0000 0.0000
vn 0.0000 1.0000 0.0000
vn 0.0000 1.0000 0.0000
vn 0.0000 1.0000 0.0000
vn 0.0000 1.0000 0.0000
vn 0.0000 1.0000 0.0000
vn 0.0000 1.0000 0.0000
vn 0.0000 1.0000 0.0000
vn 0.0000 1.0000 0.0000
vn 0.0000 1.0000 0.0000
vn 0.0000 1.0000 0.0000
vn 0.0000 1.0000 0.0000
vn 0.0000 1.0000 0.0000
vn 0.0000 1.0000 0.0000
vn 0.0000 1.0000 0.0000
vn 0.0000 1.0000 0.0000
vn 0.0000 1.0000 0.0000
vn 0.0000 1.0000 0.0000
vn 0.0000 1.0000 0.0000
vn 0.0000 1.0000 0.0000
vn 0.0000 1.0000 0.0000
vn 0.0000 1.0000 0.0000
vn 0.0000 1.0000 0.0000
vn 0.0000 1.0000 0.0000
vn 0.0000 1.0000 0.0000
vn 0.0000 1.0000 0.0000
vn 0.0000 1.0000 0.0000
vn 0.0000 1.0000 0.0000
vn 0.0000 1.0000 0.0000
vn 0.0000 1.0000 0.0000
vn 0.0000 1.0000 0.0000
vn 0.0000 1.0000 0.0000
vn 0.0000 1.0000 0.0000
vn 0.0000 1.0000 0.0000
vn 0.0000 1.0000 0.0000
vn 0.0000 1.0000 0.0000
vn 0.0000 1.0000 0.0000
vn 0.0000 1.0000 0.0000
vn 0.0000 1.0000 0.0000
vn 0.0000 1.0000 0.0000
vn 0.0000 1.0000 0.0000
vn 0.0000 1.0000 0.0000
vn 0.0000 1.0000 0.0000
vn 0.0000 1.0000 0.0000
vn 0.0000 1.0000 0.0000
vn 0.0000 1.0000 0.0000
vn 0.0000 1.0000 0.0000
vn 0.0000 1.0000 0.0000
vn 0.0000 1.0000 0.0000
vn 0.0000 1.0000 0.0000
vn 0.0000 1.0000 0.0000
vn 0.0000 1.0000 0.0000
vn 0.0000 1.0000 0.0000
vn 0.0000 1.0000 0.0000
vn 0.0000 1.0000 0.0000
vn 0.0000 1.0000 0.0000
vn 0.0000 1.0000 0.0000
vn 0.0000 1.0000 0.0000
vn 0.0000 1.0000 0.0000
vn 0.0000 1.0000 0.0000
vn 0.0000 1.0000 0.0000
vn 0.0000 1.0000 0.0000
vn 0.0000 1.0000 0.0000
vn 0.0000 1.0000 0.0000
vn 0.0000 1.0000 0.0000
vn 0.0000 1.0000 0.0000
vn 0.0000 1.0000 0.0000
vn 0.0000 1.0000 0.0000
vn 0.0000 1.0000 0.0000
vn 0.0000 1.0000 0.0000
vn 0.0000 1.0000 0.0000
vn 0.0000 1.0000 0.0000
vn 0.0000 1.0000 0.0000
vn 0.0000 1.0000 0.0000
vn 0.0000 1.0000 0.0000
vn 0.0000 1.0000 0.0000
vn 0.0000 1.0000 0.0000
vn 0.0000 1.0000 0.0000
vn 0.0000 1.0000 0.0000
vn 0.0000 1.0000 0.0000
vn 0.0000 1.0000 0.0000
vn 0.0000 1.0000 0.0000
vn 0.0000 1.0000 0.0000
vn 0.0000 1.0000 0.0000
vn 0.0000 1.0000 0.0000
vn 0.0000 1.0000 0.0000
vn 0.0000 1.0000 0.0000
vn 0.0000 1.0000 0.0000
vn 0.0000 1.0000 0.0000
vn 0.0000 1.0000 0.0000
vn 0.0000 1.0000 0.0000
vn 0.0000 1.0000 0.0000
vn 0.0000 1.0000 0.0000
vn 0.0000 1.0000 0.0000
vn 0.0000 1.0000 0.0000
vn 0.0000 1.0000 0.0000
vn 0.0000 1.0000 0.0000
vn 0.0000 1.0000 0.0000
vn 0.0000 1.0000 0.0000
vn 0.0000 1.0000 0.0000
vn 0.0000 1.0000 0.0000
vn 0.0000 1.0000 0.0000
vn 0.0000 1.0000 0.0000
vn 0.0000 1.0000 0.0000
vn 0.0000 1.0000 0.0000
vn 0.0000 1.0000 0.0000
vn 0.0000 1.0000 0.0000
vn 0.0000 1.0000 0.0000
vn 0.0000 1.0000 0.0000
vn 0.0000 1.0000 0.0000
vn 0.0000 1.0000 0.0000
vn 0.0000 1.0000 0.0000
vn 0.0000 1.0000 0.0000
vn 0.0000 1.0000 0.0000
vn 0.0000 1.0000 0.0000
vn 0.0000 1.0000 0.0000
vn 0.0000 1.0000 0.0000
vn 0.0000 1.0000 0.0000
vn 0.0000 1.0000 0.0000
vn 0.0000 1.0000 0.0000
vn 0.0000 1.0000 0.0000
vn 0.0000 1.0000 0.0000
vn 0.0000 1.0000 0.0000
vn 0.0000 1.0000 0.0000
vn 0.0000 1.0000 0.0000
vn 0.0000 1.0000 0.0000
vn 0.0000 1.0000 0.0000
vn 0.0000 1.0000 0.0000
vn 0.0000 1.0000 0.0000
vn 0.0000 1.0000 0.0000
vn 0.0000 1.0000 0.0000
vn 0.0000 1.0000 0.0000
vn 0.0000 1.0000 0.0000
vn 0.0000 1.0000 0.0000
vn 0.0000 1.0000 0.0000
vn 0.0000 1.0000 0.0000
vn 0.0000 1.0000 0.0000
vn 0.0000 1.0000 0.0000
vn 0.0000 1.0000 0.0000
vn 0.0000 1.0000 0.0000
vn 0.0000 1.0000 0.0000
vn 0.0000 1.0000 0.0000
vn 0.0000 1.0000 0.0000
vn 0.0000 1.0000 0.0000
vn 0.0000 1.0000 0.0000
vn 0.0000 1.0000 0.0000
vn 0.0000 1.0000 0.0000
vn 0.0000 1.0000 0.0000
vn 0.0000 1.0000 0.0000
vn 0.0000 1.0000 0.0000
vn 0.0000 1.0000 0.0000
vn 0.0000 1.0000 0.0000
vn 0.0000 1.0000 0.0000
vn 0.0000 1.0000 0.0000
vn 0.0000 1.0000 0.0000
vn 0.0000 1.0000 0.0000
vn 0.0000 1.0000 0.0000
vn 0.0000 1.0000 0.0000
vn 0.0000 1.0000 0.0000
vn 0.0000 1.0000 0.0000
vn 0.0000 1.0000 0.0000
vn 0.0000 1.0000 0.0000
vn 0.0000 1.0000 0.0000
vn 0.0000 1.0000 0.0000
vn 0.0000 1.0000 0.0000
vn 0.0000 1.0000 0.0000
vn 0.0000 1.0000 0.0000
vn 0.0000 1.0000 0.0000
vn 0.0000 1.0000 0.0000
vn 0.0000 1.0000 0.0000
vn 0.0000 1.0000 0.0000
vn 0.0000 1.0000 0.0000
vn 0.0000 1.0000 0.0000
vn 0.0000 1.0000 0.0000
vn 0.0000 1.0000 0.0000
vn 0.0000 1.0000 0.0000
vn 0.0000 1.0000 0.0000
vn 0.0000 1.0000 0.0000
vn 0.0000 1.0000 0.0000
vn 0.0000 1.0000 0.0000
vn 0.0000 1.0000 0.0000
vn 0.0000 1.0000 0.0000
vn 0.0000 1.0000 0.0000
vn 0.0000 1.0000 0.0000
vn 0.0000 1.0000 0.0000
vn 0.0000 1.0000 0.0000
vn 0.0000 1.0000 0.0000
vn 0.0000 1.0000 0.0000
vn 0.0000 1.0000 0.0000
vn 0.0000 1.0000 0.0000
vn 0.0000 1.0000 0.0000
vn 0.0000 1.0000 0.0000
vn 0.0000 1.0000 0.0000
vn 0.0000 1.0000 0.0000
vn 0.0000 1.0000 0.0000
vn 0.0000 1.0000 0.0000
vn 0.0000 1.0000 0.0000
vn 0.0000 1.0000 0.0000
vn 0.0000 1.0000 0.0000
vn 0.0000 1.0000 0.0000
vn 0.0000 1.0000 0.0000
vn 0.0000 1.0000 0.0000
vn 0.0000 1.0000 0.0000
vn 0.0000 1.0000 0.0000
vn 0.0000 1.0000 0.0000
vn 0.0000 1.0000 0.0000
vn 0.0000 1.0000 0.0000
vn 0.0000 1.0000 0.0000
vn 0.0000 1.0000 0.0000
vn 0.0000 1.0000 0.0000
vn 0.0000 1.0000 0.0000
vn 0.0000 1.0000 0.0000
vn 0.0000 1.0000 0.0000
vn 0.0000 1.0000 0.0000
vn 0.0000 1.0000 0.0000
vn 0.0000 1.0000 0.0000
vn 0.0000 1.0000 0.0000
vn 0.0000 1.0000 0.0000
vn 0.0000 1.0000 0.0000
vn 0.0000 1.0000 0.0000
vn 0.0000 1.0000 0.0000
vn 0.0000 1.0000 0.0000
vn 0.0000 1.0000 0.0000
vn 0.0000 1.0000 0.0000
vn 0.0000 1.0000 0.0000
vn 0.0000 1.0000 0.0000
vn 0.0000 1.0000 0.0000
vn 0.0000 1.0000 0.0000
vn 0.0000 1.0000 0.0000
vn 0.0000 1.0000 0.0000
vn 0.0000 1.0000 0.0000
vn 0.0000 1.0000 0.0000
vn 0.0000 1.0000 0.0000
vn 0.0000 1.0000 0.0000
vn 0.0000 1.0000 0.0000
vn 0.0000 1.0000 0.0000
vn 0.0000 1.0000 0.0000
vn 0.0000 1.0000 0.0000
vn 0.0000 1.0000 0.0000
vn 0.0000 1.0000 0.0000
vn 0.0000 1.0000 0.0000
vn 0.0000 1.0000 0.0000
vn 0.0000 1.0000 0.0000
vn 0.0000 1.0000 0.0000
vn 0.0000 1.0000 0.0000
vn 0.0000 1.0000 0.0000
vn 0.0000 1.0000 0.0000
vn 0.0000 1.0000 0.0000
vn 0.0000 1.0000 0.0000
vn 0.0000 1.0000 0.0000
vn 0.0000 1.0000 0.0000
vn 0.0000 1.0000 0.0000
vn 0.0000 1.0000 0.0000
vn 0.0000 1.0000 0.0000
vn 0.0000 1.0000 0.0000
vn 0.0000 1.0000 0.0000
vn 0.0000 1.0000 0.0000
vn 0.0000 1.0000 0.0000
vn 0.0000 1.0000 0.0000
vn 0.0000 1.0000 0.0000
vn 0.0000 1.0000 0.0000
vn 0.0000 1.0000 0.0000
vn 0.0000 1.0000 0.0000
vn 0.0000 1.0000 0.0000
vn 0.0000 1.0000 0.0000
vn 0.0000 1.0000 0.0000
vn 0.0000 1.0000 0.0000
vn 0.0000 1.0000 0.0000
vn 0.0000 1.0000 0.0000
vn 0.0000 1.0000 0.0000
vn 0.0000 1.0000 0.0000
vn 0.0000 1.0000 0.0000
vn 0.0000 1.0000 0.0000
vn 0.0000 1.0000 0.0000
vn 0.0000 1.0000 0.0000
vn 0.0000 1.0000 0.0000
vn 0.0000 1.0000 0.0000
vn 0.0000 1.0000 0.0000
vn 0.0000 1.0000 0.0000
vn 0.0000 1.0000 0.0000
vn 0.0000 1.0000 0.0000
vn 0.0000 1.0000 0.0000
vn 0.0000 1.0000 0.0000
vn 0.0000 1.0000 0.0000
vn 0.0000 1.0000 0.0000
vn 0.0000 1.0000 0.0000
vn 0.0000 1.0000 0.0000
vn 0.0000 1.0000 0.0000
vn 0.0000 1.0000 0.0000
vn 0.0000 1.0000 0.0000
vn 0.0000 1.0000 0.0000
vn 0.0000 1.0000 0.0000
vn 0.0000 1.0000 0.0000
vn 0.0000 1.0000 0.0000
vn 0.0000 1.0000 0.0000
vn 0.0000 1.0000 0.0000
vn 0.0000 1.0000 0.0000
vn 0.0000 1.0000 0.0000
vn 0.0000 1.0000 0.0000
vn 0.0000 1.0000 0.0000
vn 0.0000 1.0000 0.0000
vn 0.0000 1.0000 0.0000
vn 0.0000 1.0000 0.0000
vn 0.0000 1.0000 0.0000
vn 0.0000 1.0000 0.0000
vn 0.0000 1.0000 0.0000
vn 0.0000 1.0000 0.0000
vn 0.0000 1.0000 0.0000
vn 0.0000 1.0000 0.0000
vn 0.0000 1.0000 0.0000
vn 0.0000 1.0000 0.0000
vn 0.0000 1.0000 0.0000
vn 0.0000 1.0000 0.0000
vn 0.0000 1.0000 0.0000
vn 0.0000 1.0000 0.0000
vn 0.0000 1.0000 0.0000
vn 0.0000 1.0000 0.0000
vn 0.0000 1.0000 0.0000
vn 0.0000 1.0000 0.0000
vn 0.0000 1.0000 0.0000
vn 0.0000 1.0000 0.0000
vn 0.0000 1.0000 0.0000
vn 0.0000 1.0000 0.0000
vn 0.0000 1.0000 0.0000
vn 0.0000 1.0000 0.0000
vn 0.0000 1.0000 0.0000
vn 0.0000 1.0000 0.0000
vn 0.0000 1.0000 0.0000
vn 0.0000 1.0000 0.0000
vn 0.0000 1.0000 0.0000
vn 0.0000 1.0000 0.0000
vn 0.0000 1.0000 0.0000
vn 0.0000 1.0000 0.0000
vn 0.0000 1.0000 0.0000
vn 0.0000 1.0000 0.0000
vn 0.0000 1.0000 0.0000
vn 0.0000 1.0000 0.0000
vn 0.0000 1.0000 0.0000
vn 0.0000 1.0000 0.0000
vn 0.0000 1.0000 0.0000
vn 0.0000 1.0000 0.0000
vn 0.0000 1.0000 0.0000
vn 0.0000 1.0000 0.0000
vn 0.0000 1.0000 0.0000
vn 0.0000 1.0000 0.0000
vn 0.0000 1.0000 0.0000
vn 0.0000 1.0000 0.0000
vn 0.0000 1.0000 0.0000
vn 0.0000 1.0000 0.0000
vn 0.0000 1.0000 0.0000
vn 0.0000 1.0000 0.0000
vn 0.0000 1.0000 0.0000
vn 0.0000 1.0000 0.0000
vn 0.0000 1.0000 0.0000
vn 0.0000 1.0000 0.0000
vn 0.0000 1.0000 0.0000
vn 0.0000 1.0000 0.0000
vn 0.0000 1.0000 0.0000
vn 0.0000 1.0000 0.0000
vn 0.0000 1.0000 0.0000
vn 0.0000 1.0000 0.0000
vn 0.0000 1.0000 0.0000
vn 0.0000 1.0000 0.0000
vn 0.0000 1.0000 0.0000
vn 0.0000 1.0000 0.0000
vn 0.0000 1.0000 0.0000
vn 0.0000 1.0000 0.0000
vn 0.0000 1.0000 0.0000
vn 0.0000 1.0000 0.0000
vn 0.0000 1.0000 0.0000
vn 0.0000 1.0000 0.0000
vn 0.0000 1.0000 0.0000
vn 0.0000 1.0000 0.0000
vn 0.0000 1.0000 0.0000
vn 0.0000 1.0000 0.0000
vn 0.0000 1.0000 0.0000
vn 0.0000 1.0000 0.0000
vn 0.0000 1.0000 0.0000
vn 0.0000 1.0000 0.0000
vn 0.0000 1.0000 0.0000
vn 0.0000 1.0000 0.0000
vn 0.0000 1.0000 0.0000
vn 0.0000 1.0000 0.0000
vn 0.0000 1.0000 0.0000
vn 0.0000 1.0000 0.0000
vn 0.0000 1.0000 0.0000
vn 0.0000 1.0000 0.0000
vn 0.0000 1.0000 0.0000
vn 0.0000 1.0000 0.0000
vn 0.0000 1.0000 0.0000
vn 0.0000 1.0000 0.0000
vn 0.0000 1.0000 0.0000
vn 0.0000 1.0000 0.0000
vn 0.0000 1.0000 0.0000
vn 0.0000 1.0000 0.0000
vn 0.0000 1.0000 0.0000
vn 0.0000 1.0000 0.0000
vn 0.0000 1.0000 0.0000
vn 0.0000 1.0000 0.0000
vn 0.0000 1.0000 0.0000
vn 0.0000 1.0000 0.0000
vn 0.0000 1.0000 0.0000
vn 0.0000 1.0000 0.0000
vn 0.0000 1.0000 0.0000
vn 0.0000 1.0000 0.0000
vn 0.0000 1.0000 0.0000
vn 0.0000 1.0000 0.0000
vn 0.0000 1.0000 0.0000
vn 0.0000 1.0000 0.0000
vn 0.0000 1.0000 0.0000
vn 0.0000 1.0000 0.0000
vn 0.0000 1.0000 0.0000
vn 0.0000 1.0000 0.0000
vn 0.0000 1.0000 0.0000
vn 0.0000 1.0000 0.0000
vn 0.0000 1.0000 0.0000
vn 0.0000 1.0000 0.0000
vn 0.0000 1.0000 0.0000
vn 0.0000 1.0000 0.0000
vn 0.0000 1.0000 0.0000
vn 0.0000 1.0000 0.0000
vn 0.0000 1.0000 0.0000
vn 0.0000 1.0000 0.0000
vn 0.0000 1.0000 0.0000
vn 0.0000 1.0000 0.0000
vn 0.0000 1.0000 0.0000
vn 0.0000 1.0000 0.0000
vn 0.0000 1.0000 0.0000
vn 0.0000 1.0000 0.0000
vn 0.0000 1.0000 0.0000
vn 0.0000 1.0000 0.0000
vn 0.0000 1.0000 0.0000
vn 0.0000 1.0000 0.0000
vn 0.0000 1.0000 0.0000
vn 0.0000 1.0000 0.0000
vn 0.0000 1.0000 0.0000
vn 0.0000 1.0000 0.0000
vn 0.0000 1.0000 0.0000
vn 0.0000 1.0000 0.0000
vn 0.0000 1.0000 0.0000
vn 0.0000 1.0000 0.0000
vn 0.0000 1.0000 0.0000
vn 0.0000 1.0000 0.0000
vn 0.0000 1.0000 0.0000
vn 0.0000 1.0000 0.0000
vn 0.0000 1.0000 0.0000
vn 0.0000 1.0000 0.0000
vn 0.0000 1.0000 0.0000
vn 0.0000 1.0000 0.0000
vn 0.0000 1.0000 0.0000
vn 0.0000 1.0000 0.0000
vn 0.0000 1.0000 0.0000
vn 0.0000 1.0000 0.0000
vn 0.0000 1.0000 0.0000
vn 0.0000 1.0000 0.0000
vn 0.0000 1.0000 0.0000
vn 0.0000 1.0000 0.0000
vn 0.0000 1.0000 0.0000
vn 0.0000 1.0000 0.0000
vn 0.0000 1.0000 0.0000
vn 0.0000 1.0000 0.0000
vn 0.0000 1.0000 0.0000
vn 0.0000 1.0000 0.0000
vn 0.0000 1.0000 0.0000
vn 0.0000 1.0000 0.0000
vn 0.0000 1.0000 0.0000
vn 0.0000 1.0000 0.0000
vn 0.0000 1.0000 0.0000
vn 0.0000 1.0000 0.0000
vn 0.0000 1.0000 0.0000
vn 0.0000 1.0000 0.0000
vn 0.0000 1.0000 0.0000
vn 0.0000 1.0000 0.0000
vn 0.0000 1.0000 0.0000
vn 0.0000 1.0000 0.0000
vn 0.0000 1.0000 0.0000
vn 0.0000 1.0000 0.0000
vn 0.0000 1.0000 0.0000
vn 0.0000 1.0000 0.0000
vn 0.0000 1.0000 0.0000
vn 0.0000 1.0000 0.0000
vn 0.0000 1.0000 0.0000
vn 0.0000 1.0000 0.0000
vn 0.0000 1.0000 0.0000
vn 0.0000 1.0000 0.0000
vn 0.0000 1.0000 0.0000
vn 0.0000 1.0000 0.0000
vn 0.0000 1.0000 0.0000
vn 0.0000 1.0000 0.0000
vn 0.0000 1.0000 0.0000
vn 0.0000 1.0000 0.0000
vn 0.0000 1.0000 0.0000
vn 0.0000 1.0000 0.0000
vn 0.0000 1.0000 0.0000
vn 0.0000 1.0000 0.0000
vn 0.0000 1.0000 0.0000
vn 0.0000 1.0000 0.0000
vn 0.0000 1.0000 0.0000
vn 0.0000 1.0000 0.0000
vn 0.0000 1.0000 0.0000
vn 0.0000 1.0000 0.0000
vn 0.0000 1.0000 0.0000
vn 0.0000 1.0000 0.0000
vn 0.0000 1.0000 0.0000
vn 0.0000 1.0000 0.0000
vn 0.0000 1.0000 0.0000
vn 0.0000 1.0000 0.0000
vn 0.0000 1.0000 0.0000
vn 0.0000 1.0000 0.0000
vn 0.0000 1.0000 0.0000
vn 0.0000 1.0000 0.0000
vn 0.0000 1.0000 0.0000
vn 0.0000 1.0000 0.0000
vn 0.0000 1.0000 0.0000
vn 0.0000 1.0000 0.0000
vn 0.0000 1.0000 0.0000
vn 0.0000 1.0000 0.0000
vn 0.0000 1.0000 0.0000
vn 0.0000 1.0000 0.0000
vn 0.0000 1.0000 0.0000
vn 0.0000 1.0000 0.0000
vn 0.0000 1.0000 0.0000
vn 0.0000 1.0000 0.0000
vn 0.0000 1.0000 0.0000
vn 0.0000 1.0000 0.0000
vn 0.0000 1.0000 0.0000
vn 0.0000 1.0000 0.0000
vn 0.0000 1.0000 0.0000
vn 0.0000 1.0000 0.0000
vn 0.0000 1.0000 0.0000
vn 0.0000 1.0000 0.0000
vn 0.0000 1.0000 0.0000
vn 0.0000 1.0000 0.0000
vn 0.0000 1.0000 0.0000
vn 0.0000 1.0000 0.0000
vn 0.0000 1.0000 0.0000
vn 0.0000 1.0000 0.0000
vn 0.0000 1.0000 0.0000
vn 0.0000 1.0000 0.0000
vn 0.0000 1.0000 0.0000
vn 0.0000 1.0000 0.0000
vn 0.0000 1.0000 0.0000
vn 0.0000 1.0000 0.0000
vn 0.0000 1.0000 0.0000
vn 0.0000 1.0000 0.0000
vn 0.0000 1.0000 0.0000
vn 0.0000 1.0000 0.0000
vn 0.0000 1.0000 0.0000
vn 0.0000 1.0000 0.0000
vn 0.0000 1.0000 0.0000
vn 0.0000 1.0000 0.0000
vn 0.0000 1.0000 0.0000
vn 0.0000 1.0000 0.0000
vn 0.0000 1.0000 0.0000
vn 0.0000 1.0000 0.0000
vn 0.0000 1.0000 0.0000
vn 0.0000 1.0000 0.0000
vn 0.0000 1.0000 0.0000
vn 0.0000 1.0000 0.0000
vn 0.0000 1.0000 0.0000
vn 0.0000 1.0000 0.0000
vn 0.0000 1.0000 0.0000
vn 0.0000 1.0000 0.0000
vn 0.0000 1.0000 0.0000
vn 0.0000 1.0000 0.0000
vn 0.0000 1.0000 0.0000
vn 0.0000 1.0000 0.0000
vn 0.0000 1.0000 0.0000
vn 0.0000 1.0000 0.0000
vn 0.0000 1.0000 0.0000
vn 0.0000 1.0000 0.0000
vn 0.0000 1.0000 0.0000
vn 0.0000 1.0000 0.0000
vn 0.0000 1.0000 0.0000
vn 0.0000 1.0000 0.0000
vn 0.0000 1.0000 0.0000
vn 0.0000 1.0000 0.0000
vn 0.0000 1.0000 0.0000
vn 0.0000 1.0000 0.0000
vn 0.0000 1.0000 0.0000
vn 0.0000 1.0000 0.0000
vn 0.0000 1.0000 0.0000
vn 0.0000 1.0000 0.0000
vn 0.0000 1.0000 0.0000
vn 0.0000 1.0000 0.0000
vn 0.0000 1.0000 0.0000
vn 0.0000 1.0000 0.0000
vn 0.0000 1.0000 0.0000
vn 0.0000 1.0000 0.0000
vn 0.0000 1.0000 0.0000
vn 0.0000 1.0000 0.0000
vn 0.0000 1.0000 0.0000
vn 0.0000 1.0000 0.0000
vn 0.0000 1.0000 0.0000
vn 0.0000 1.0000 0.0000
vn 0.0000 1.0000 0.0000
vn 0.0000 1.0000 0.0000
vn 0.0000 1.0000 0.0000
vn 0.0000 1.0000 0.0000
vn 0.0000 1.0000 0.0000
vn 0.0000 1.0000 0.0000
vn 0.0000 1.0000 0.0000
vn 0.0000 1.0000 0.0000
vn 0.0000 1.0000 0.0000
vn 0.0000 1.0000 0.0000
vn 0.0000 1.0000 0.0000
vn 0.0000 1.0000 0.0000
vn 0.0000 1.0000 0.0000
vn 0.0000 1.0000 0.0000
vn 0.0000 1.0000 0.0000
vn 0.0000 1.0000 0.0000
vn 0.0000 1.0000 0.0000
vn 0.0000 1.0000 0.0000
vn 0.0000 1.0000 0.0000
vn 0.0000 1.0000 0.0000
vn 0.0000 1.0000 0.0000
vn 0.0000 1.0000 0.0000
vn 0.0000 1.0000 0.0000
vn 0.0000 1.0000 0.0000
vn 0.0000 1.0000 0.0000
vn 0.0000 1.0000 0.0000
vn 0.0000 1.0000 0.0000
vn 0.0000 1.0000 0.0000
vn 0.0000 1.0000 0.0000
vn 0.0000 1.0000 0.0000
vn 0.0000 1.0000 0.0000
vn 0.0000 1.0000 0.0000
vn 0.0000 1.0000 0.0000
vn 0.0000 1.0000 0.0000
vn 0.0000 1.0000 0.0000
vn 0.0000 1.0000 0.0000
vn 0.0000 1.0000 0.0000
vn 0.0000 1.0000 0.0000
vn 0.0000 1.0000 0.0000
vn 0.0000 1.0000 0.0000
vn 0.0000 1.0000 0.0000
vn 0.0000 1.0000 0.0000
vn 0.0000 1.0000 0.0000
vn 0.0000 1.0000 0.0000
vn 0.0000 1.0000 0.0000
vn 0.0000 1.0000 0.0000
vn 0.0000 1.0000 0.0000
vn 0.0000 1.0000 0.0000
vn 0.0000 1.0000 0.0000
vn 0.0000 1.0000 0.0000
vn 0.0000 1.0000 0.0000
vn 0.0000 1.0000 0.0000
vn 0.0000 1.0000 0.0000
vn 0.0000 1.0000 0.0000
vn 0.0000 1.0000 0.0000
vn 0.0000 1.0000 0.0000
vn 0.0000 1.0000 0.0000
vn 0.0000 1.0000 0.0000
vn 0.0000 1.0000 0.0000
vn 0.0000 1.0000 0.0000
vn 0.0000 1.0000 0.0000
vn 0.0000 1.0000 0.0000
vn 0.0000 1.0000 0.0000
vn 0.0000 1.0000 0.0000
vn 0.0000 1.0000 0.0000
vn 0.0000 1.0000 0.0000
vn 0.0000 1.0000 0.0000
vn 0.0000 1.0000 0.0000
vn 0.0000 1.0000 0.0000
vn 0.0000 1.0000 0.0000
vn 0.0000 1.0000 0.0000
vn 0.0000 1.0000 0.0000
vn 0.0000 1.0000 0.0000
vn 0.0000 1.0000 0.0000
vn 0.0000 1.0000 0.0000
vn 0.0000 1.0000 0.0000
vn 0.0000 1.0000 0.0000
vn 0.0000 1.0000 0.0000
vn 0.0000 1.0000 0.0000
vn 0.0000 1.0000 0.0000
vn 0.0000 1.0000 0.0000
vn 0.0000 1.0000 0.0000
vn 0.0000 1.0000 0.0000
vn 0.0000 1.0000 0.0000
vn 0.0000 1.0000 0.0000
vn 0.0000 1.0000 0.0000
vn 0.0000 1.0000 0.0000
vn 0.0000 1.0000 0.0000
vn 0.0000 1.0000 0.0000
vn 0.0000 1.0000 0.0000
vn 0.0000 1.0000 0.0000
vn 0.0000 1.0000 0.0000
vn 0.0000 1.0000 0.0000
vn 0.0000 1.0000 0.0000
vn 0.0000 1.0000 0.0000
vn 0.0000 1.0000 0.0000
vn 0.0000 1.0000 0.0000
vn 0.0000 1.0000 0.0000
vn 0.0000 1.0000 0.0000
vn 0.0000 1.0000 0.0000
vn 0.0000 1.0000 0.0000
vn 0.0000 1.0000 0.0000
vn 0.0000 1.0000 0.0000
vn 0.0000 1.0000 0.0000
vn 0.0000 1.0000 0.0000
vn 0.0000 1.0000 0.0000
vn 0.0000 1.0000 0.0000
vn 0.0000 1.0000 0.0000
vn 0.0000 1.0000 0.0000
vn 0.0000 1.0000 0.0000
vn 0.0000 1.0000 0.0000
vn 0.0000 1.0000 0.0000
vn 0.0000 1.0000 0.0000
vn 0.0000 1.0000 0.0000
vn 0.0000 1.0000 0.0000
vn 0.0000 1.0000 0.0000
vn 0.0000 1.0000 0.0000
vn 0.0000 1.0000 0.0000
vn 0.0000 1.0000 0.0000
vn 0.0000 1.0000 0.0000
vn 0.0000 1.0000 0.0000
vn 0.0000 1.0000 0.0000
vn 0.0000 1.0000 0.0000
vn 0.0000 1.0000 0.0000
vn 0.0000 1.0000 0.0000
vn 0.0000 1.0000 0.0000
vn 0.0000 1.0000 0.0000
vn 0.0000 1.0000 0.0000
vn 0.0000 1.0000 0.0000
vn 0.0000 1.0000 0.0000
vn 0.0000 1.0000 0.0000
vn 0.0000 1.0000 0.0000
vn 0.0000 1.0000 0.0000
vn 0.0000 1.0000 0.0000
vn 0.0000 1.0000 0.0000
vn 0.0000 1.0000 0.0000
vn 0.0000 1.0000 0.0000
vn 0.0000 1.0000 0.0000
vn 0.0000 1.0000 0.0000
vn 0.0000 1.0000 0.0000
vn 0.0000 1.0000 0.0000
vn 0.0000 1.0000 0.0000
vn 0.0000 1.0000 0.0000
vn 0.0000 1.0000 0.0000
vn 0.0000 1.0000 0.0000
vn 0.0000 1.0000 0.0000
vn 0.0000 1.0000 0.0000
vn 0.0000 1.0000 0.0000
vn 0.0000 1.0000 0.0000
vn 0.0000 1.0000 0.0000
vn 0.0000 1.0000 0.0000
vn 0.0000 1.0000 0.0000
vn 0.0000 1.0000 0.0000
vn 0.0000 1.0000 0.0000
vn 0.0000 1.0000 0.0000
vn 0.0000 1.0000 0.0000
vn 0.0000 1.0000 0.0000
vn 0.0000 1.0000 0.0000
vn 0.0000 1.0000 0.0000
vn 0.0000 1.0000 0.0000
vn 0.0000 1.0000 0.0000
vn 0.0000 1.0000 0.0000
vn 0.0000 1.0000 0.0000
vn 0.0000 1.0000 0.0000
vn 0.0000 1.0000 0.0000
vn 0.0000 1.0000 0.0000
vn 0.0000 1.0000 0.0000
vn 0.0000 1.0000 0.0000
vn 0.0000 1.0000 0.0000
vn 0.0000 1.0000 0.0000
vn 0.0000 1.0000 0.0000
vn 0.0000 1.0000 0.0000
vn 0.0000 1.0000 0.0000
vn 0.0000 1.0000 0.0000
vn 0.0000 1.0000 0.0000
vn 0.0000 1.0000 0.0000
vn 0.0000 1.0000 0.0000
vn 0.0000 1.0000 0.0000
vn 0.0000 1.0000 0.0000
vn 0.0000 1.0000 0.0000
vn 0.0000 1.0000 0.0000
vn 0.0000 1.0000 0.0000
vn 0.0000 1.0000 0.0000
vn 0.0000 1.0000 0.0000
vn 0.0000 1.0000 0.0000
vn 0.0000 1.0000 0.0000
vn 0.0000 1.0000 0.0000
vn 0.0000 1.0000 0.0000
vn 0.0000 1.0000 0.0000
vn 0.0000 1.0000 0.0000
vn 0.0000 1.0000 0.0000
vn 0.0000 1.0000 0.0000
vn 0.0000 1.0000 0.0000
vn 0.0000 1.0000 0.0000
vn 0.0000 1.0000 0.0000
vn 0.0000 1.0000 0.0000
vn 0.0000 1.0000 0.0000
vn 0.0000 1.0000 0.0000
vn 0.0000 1.0000 0.0000
vn 0.0000 1.0000 0.0000
vn 0.0000 1.0000 0.0000
vn 0.0000 1.0000 0.0000
vn 0.0000 1.0000 0.0000
vn 0.0000 1.0000 0.0000
vn 0.0000 1.0000 0.0000
vn 0.0000 1.0000 0.0000
vn 0.0000 1.0000 0.0000
vn 0.0000 1.0000 0.0000
vn 0.0000 1.0000 0.0000
vn 0.0000 1.0000 0.0000
vn 0.0000 1.0000 0.0000
vn 0.0000 1.0000 0.0000
vn 0.0000 1.0000 0.0000
vn 0.0000 1.0000 0.0000
vn 0.0000 1.0000 0.0000
vn 0.0000 1.0000 0.0000
vn 0.0000 1.0000 0.0000
vn 0.0000 1.0000 0.0000
vn 0.0000 1.0000 0.0000
vn 0.0000 1.0000 0.0000
vn 0.0000 1.0000 0.0000
vn 0.0000 1.0000 0.0000
vn 0.0000 1.0000 0.0000
vn 0.0000 1.0000 0.0000
vn 0.0000 1.0000 0.0000
vn 0.0000 1.0000 0.0000
vn 0.0000 1.0000 0.0000
vn 0.0000 1.0000 0.0000
vn 0.0000 1.0000 0.0000
vn 0.0000 1.0000 0.0000
vn 0.0000 1.0000 0.0000
vn 0.0000 1.0000 0.0000
vn 0.0000 1.0000 0.0000
vn 0.0000 1.0000 0.0000
vn 0.0000 1.0000 0.0000
vn 0.0000 1.0000 0.0000
vn 0.0000 1.0000 0.0000
vn 0.0000 1.0000 0.0000
vn 0.0000 1.0000 0.0000
vn 0.0000 1.0000 0.0000
vn 0.0000 1.0000 0.0000
vn 0.0000 1.0000 0.0000
vn 0.0000 1.0000 0.0000
vn 0.0000 1.0000 0.0000
vn 0.0000 1.0000 0.0000
vn 0.0000 1.0000 0.0000
vn 0.0000 1.0000 0.0000
vn 0.0000 1.0000 0.0000
vn 0.0000 1.0000 0.0000
vn 0.0000 1.0000 0.0000
vn 0.0000 1.0000 0.0000
vn 0.0000 1.0000 0.0000
vn 0.0000 1.0000 0.0000
vn 0.0000 1.0000 0.0000
vn 0.0000 1.0000 0.0000
vn 0.0000 1.0000 0.0000
vn 0.0000 1.0000 0.0000
vn 0.0000 1.0000 0.0000
vn 0.0000 1.0000 0.0000
vn 0.0000 1.0000 0.0000
vn 0.0000 1.0000 0.0000
vn 0.0000 1.0000 0.0000
vn 0.0000 1.0000 0.0000
vn 0.0000 1.0000 0.0000
vn 0.0000 1.0000 0.0000
vn 0.0000 1.0000 0.0000
vn 0.0000 1.0000 0.0000
vn 0.0000 1.0000 0.0000
vn 0.0000 1.0000 0.0000
vn 0.0000 1.0000 0.0000
vn 0.0000 1.0000 0.0000
vn 0.0000 1.0000 0.0000
vn 0.0000 1.0000 0.0000
vn 0.0000 1.0000 0.0000
vn 0.0000 1.0000 0.0000
vn 0.0000 1.0000 0.0000
vn 0.0000 1.0000 0.0000
vn 0.0000 1.0000 0.0000
vn 0.0000 1.0000 0.0000
vn 0.0000 1.0000 0.0000
vn 0.0000 1.0000 0.0000
vn 0.0000 1.0000 0.0000
vn 0.0000 1.0000 0.0000
vn 0.0000 1.0000 0.0000
vn 0.0000 1.0000 0.0000
vn 0.0000 1.0000 0.0000
vn 0.0000 1.0000 0.0000
vn 0.0000 1.0000 0.0000
vn 0.0000 1.0000 0.0000
vn 0.0000 1.0000 0.0000
vn 0.0000 1.0000 0.0000
vn 0.0000 1.0000 0.0000
vn 0.0000 1.0000 0.0000
vn 0.0000 1.0000 0.0000
vn 0.0000 1.0000 0.0000
vn 0.0000 1.0000 0.0000
vn 0.0000 1.0000 0.0000
vn 0.0000 1.0000 0.0000
vn 0.0000 1.0000 0.0000
vn 0.0000 1.0000 0.0000
vn 0.0000 1.0000 0.0000
vn 0.0000 1.0000 0.0000
vn 0.0000 1.0000 0.0000
vn 0.0000 1.0000 0.0000
vn 0.0000 1.0000 0.0000
vn 0.0000 1.0000 0.0000
vn 0.0000 1.0000 0.0000
vn 0.0000 1.0000 0.0000
vn 0.0000 1.0000 0.0000
vn 0.0000 1.0000 0.0000
vn 0.0000 1.0000 0.0000
vn 0.0000 1.0000 0.0000
vn 0.0000 1.0000 0.0000
vn 0.0000 1.0000 0.0000
vn 0.0000 1.0000 0.0000
vn 0.0000 1.0000 0.0000
vn 0.0000 1.0000 0.0000
vn 0.0000 1.0000 0.0000
vn 0.0000 1.0000 0.0000
vn 0.0000 1.0000 0.0000
vn 0.0000 1.0000 0.0000
vn 0.0000 1.0000 0.0000
vn 0.0000 1.0000 0.0000
vn 0.0000 1.0000 0.0000
vn 0.0000 1.0000 0.0000
vn 0.0000 1.0000 0.0000
vn 0.0000 1.0000 0.0000
vn 0.0000 1.0000 0.0000
vn 0.0000 1.0000 0.0000
vn 0.0000 1.0000 0.0000
vn 0.0000 1.0000 0.0000
vn 0.0000 1.0000 0.0000
vn 0.0000 1.0000 0.0000
vn 0.0000 1.0000 0.0000
vn 0.0000 1.0000 0.0000
vn 0.0000 1.0000 0.0000
vn 0.0000 1.0000 0.0000
vn 0.0000 1.0000 0.0000
vn 0.0000 1.0000 0.0000
vn 0.0000 1.0000 0.0000
vn 0.0000 1.0000 0.0000
vn 0.0000 1.0000 0.0000
vn 0.0000 1.0000 0.0000
vn 0.0000 1.0000 0.0000
vn 0.0000 1.0000 0.0000
vn 0.0000 1.0000 0.0000
vn 0.0000 1.0000 0.0000
vn 0.0000 1.0000 0.0000
vn 0.0000 1.0000 0.0000
vn 0.0000 1.0000 0.0000
vn 0.0000 1.0000 0.0000
vn 0.0000 1.0000 0.0000
vn 0.0000 1.0000 0.0000
vn 0.0000 1.0000 0.0000
vn 0.0000 1.0000 0.0000
vn 0.0000 1.0000 0.0000
vn 0.0000 1.0000 0.0000
vn 0.0000 1.0000 0.0000
vn 0.0000 1.0000 0.0000
vn 0.0000 1.0000 0.0000
vn 0.0000 1.0000 0.0000
vn 0.0000 1.0000 0.0000
vn 0.0000 1.0000 0.0000
vn 0.0000 1.0000 0.0000
vn 0.0000 1.0000 0.0000
vn 0.0000 1.0000 0.0000
vn 0.0000 1.0000 0.0000
vn 0.0000 1.0000 0.0000
vn 0.0000 1.0000 0.0000
vn 0.0000 1.0000 0.0000
vn 0.0000 1.0000 0.0000
vn 0.0000 1.0000 0.0000
vn 0.0000 1.0000 0.0000
vn 0.0000 1.0000 0.0000
vn 0.0000 1.0000 0.0000
vn 0.0000 1.0000 0.0000
vn 0.0000 1.0000 0.0000
vn 0.0000 1.0000 0.0000
vn 0.0000 1.0000 0.0000
vn 0.0000 1.0000 0.0000
vn 0.0000 1.0000 0.0000
vn 0.0000 1.0000 0.0000
vn 0.0000 1.0000 0.0000
vn 0.0000 1.0000 0.0000
vn 0.0000 1.0000 0.0000
vn 0.0000 1.0000 0.0000
vn 0.0000 1.0000 0.0000
vn 0.0000 1.0000 0.0000
vn 0.0000 1.0000 0.0000
vn 0.0000 1.0000 0.0000
vn 0.0000 1.0000 0.0000
vn 0.0000 1.0000 0.0000
vn 0.0000 1.0000 0.0000
vn 0.0000 1.0000 0.0000
vn 0.0000 1.0000 0.0000
vn 0.0000 1.0000 0.0000
vn 0.0000 1.0000 0.0000
vn 0.0000 1.0000 0.0000
vn 0.0000 1.0000 0.0000
vn 0.0000 1.0000 0.0000
vn 0.0000 1.0000 0.0000
vn 0.0000 1.0000 0.0000
vn 0.0000 1.0000 0.0000
vn 0.0000 1.0000 0.0000
vn 0.0000 1.0000 0.0000
vn 0.0000 1.0000 0.0000
vn 0.0000 1.0000 0.0000
vn 0.0000 1.0000 0.0000
vn 0.0000 1.0000 0.0000
vn 0.0000 1.0000 0.0000
vn 0.0000 1.0000 0.0000
vn 0.0000 1.0000 0.0000
vn 0.0000 1.0000 0.0000
vn 0.0000 1.0000 0.0000
vn 0.0000 1.0000 0.0000
vn 0.0000 1.0000 0.0000
vn 0.0000 1.0000 0.0000
vn 0.0000 1.0000 0.0000
vn 0.0000 1.0000 0.0000
vn 0.0000 1.0000 0.0000
vn 0.0000 1.0000 0.0000
vn 0.0000 1.0000 0.0000
vn 0.0000 1.0000 0.0000
vn 0.0000 1.0000 0.0000
vn 0.0000 1.0000 0.0000
vn 0.0000 1.0000 0.0000
vn 0.0000 1.0000 0.0000
vn 0.0000 1.0000 0.0000
vn 0.0000 1.0000 0.0000
vn 0.0000 1.0000 0.0000
vn 0.0000 1.0000 0.0000
vn 0.0000 1.0000 0.0000
vn 0.0000 1.0000 0.0000
vn 0.0000 1.0000 0.0000
vn 0.0000 1.0000 0.0000
vn 0.0000 1.0000 0.0000
vn 0.0000 1.0000 0.0000
vn 0.0000 1.0000 0.0000
vn 0.0000 1.0000 0.0000
vn 0.0000 1.0000 0.0000
vn 0.0000 1.0000 0.0000
vn 0.0000 1.0000 0.0000
vn 0.0000 1.0000 0.0000
vn 0.0000 1.0000 0.0000
vn 0.0000 1.0000 0.0000
vn 0.0000 1.0000 0.0000
vn 0.0000 1.0000 0.0000
vn 0.0000 1.0000 0.0000
vn 0.0000 1.0000 0.0000
vn 0.0000 1.0000 0.0000
vn 0.0000 1.0000 0.0000
vn 0.0000 1.0000 0.0000
vn 0.0000 1.0000 0.0000
vn 0.0000 1.0000 0.0000
vn 0.0000 1.0000 0.0000
vn 0.0000 1.0000 0.0000
vn 0.0000 1.0000 0.0000
vn 0.0000 1.0000 0.0000
vn 0.0000 1.0000 0.0000
vn 0.0000 1.0000 0.0000
vn 0.0000 1.0000 0.0000
vn 0.0000 1.0000 0.0000
vn 0.0000 1.0000 0.0000
vn 0.0000 1.0000 0.0000
vn 0.0000 1.0000 0.0000
vn 0.0000 1.0000 0.0000
vn 0.0000 1.0000 0.0000
vn 0.0000 1.0000 0.0000
vn 0.0000 1.0000 0.0000
vn 0.0000 1.0000 0.0000
vn 0.0000 1.0000 0.0000
vn 0.0000 1.0000 0.0000
vn 0.0000 1.0000 0.0000
vn 0.0000 1.0000 0.0000
vn 0.0000 1.0000 0.0000
vn 0.0000 1.0000 0.0000
vn 0.0000 1.0000 0.0000
vn 0.0000 1.0000 0.0000
vn 0.0000 1.0000 0.0000
vn 0.0000 1.0000 0.0000
vn 0.0000 1.0000 0.0000
vn 0.0000 1.0000 0.0000
vn 0.0000 1.0000 0.0000
vn 0.0000 1.0000 0.0000
vn 0.0000 1.0000 0.0000
vn 0.0000 1.0000 0.0000
vn 0.0000 1.0000 0.0000
vn 0.0000 1.0000 0.0000
vn 0.0000 1.0000 0.0000
vn 0.0000 1.0000 0.0000
vn 0.0000 1.0000 0.0000
vn 0.0000 1.0000 0.0000
vn 0.0000 1.0000 0.0000
vn 0.0000 1.0000 0.0000
vn 0.0000 1.0000 0.0000
vn 0.0000 1.0000 0.0000
vn 0.0000 1.0000 0.0000
vn 0.0000 1.0000 0.0000
vn 0.0000 1.0000 0.0000
vn 0.0000 1.0000 0.0000
vn 0.0000 1.0000 0.0000
vn 0.0000 1.0000 0.0000
vn 0.0000 1.0000 0.0000
vn 0.0000 1.0000 0.0000
vn 0.0000 1.0000 0.0000
vn 0.0000 1.0000 0.0000
vn 0.0000 1.0000 0.0000
vn 0.0000 1.0000 0.0000
vn 0.0000 1.0000 0.0000
vn 0.0000 1.0000 0.0000
vn 0.0000 1.0000 0.0000
vn 0.0000 1.0000 0.0000
vn 0.0000 1.0000 0.0000
vn 0.0000 1.0000 0.0000
vn 0.0000 1.0000 0.0000
vn 0.0000 1.0000 0.0000
vn 0.0000 1.0000 0.0000
vn 0.0000 1.0000 0.0000
vn 0.0000 1.0000 0.0000
vn 0.0000 1.0000 0.0000
vn 0.0000 1.0000 0.0000
vn 0.0000 1.0000 0.0000
vn 0.0000 1.0000 0.0000
vn 0.0000 1.0000 0.0000
vn 0.0000 1.0000 0.0000
vn 0.0000 1.0000 0.0000
vn 0.0000 1.0000 0.0000
vn 0.0000 1.0000 0.0000
vn 0.0000 1.0000 0.0000
vn 0.0000 1.0000 0.0000
vn 0.0000 1.0000 0.0000
vn 0.0000 1.0000 0.0000
vn 0.0000 1.0000 0.0000
vn 0.0000 1.0000 0.0000
vn 0.0000 1.0000 0.0000
vn 0.0000 1.0000 0.0000
vn 0.0000 1.0000 0.0000
vn 0.0000 1.0000 0.0000
vn 0.0000 1.0000 0.0000
vn 0.0000 1.0000 0.0000
vn 0.0000 1.0000 0.0000
vn 0.0000 1.0000 0.0000
vn 0.0000 1.0000 0.0000
vn 0.0000 1.0000 0.0000
vn 0.0000 1.0000 0.0000
vn 0.0000 1.0000 0.0000
vn 0.0000 1.0000 0.0000
vn 0.0000 1.0000 0.0000
vn 0.0000 1.0000 0.0000
vn 0.0000 1.0000 0.0000
vn 0.0000 1.0000 0.0000
vn 0.0000 1.0000 0.0000
vn 0.0000 1.0000 0.0000
vn 0.0000 1.0000 0.0000
vn 0.0000 1.0000 0.0000
vn 0.0000 1.0000 0.0000
vn 0.0000 1.0000 0.0000
vn 0.0000 1.0000 0.0000
vn 0.0000 1.0000 0.0000
vn 0.0000 1.0000 0.0000
vn 0.0000 1.0000 0.0000
vn 0.0000 1.0000 0.0000
vn 0.0000 1.0000 0.0000
vn 0.0000 1.0000 0.0000
vn 0.0000 1.0000 0.0000
vn 0.0000 1.0000 0.0000
vn 0.0000 1.0000 0.0000
vn 0.0000 1.0000 0.0000
vn 0.0000 1.0000 0.0000
vn 0.0000 1.0000 0.0000
vn 0.0000 1.0000 0.0000
vn 0.0000 1.0000 0.0000
vn 0.0000 1.0000 0.0000
vn 0.0000 1.0000 0.0000
vn 0.0000 1.0000 0.0000
vn 0.0000 1.0000 0.0000
vn 0.0000 1.0000 0.0000
vn 0.0000 1.0000 0.0000
vn 0.0000 1.0000 0.0000
vn 0.0000 1.0000 0.0000
vn 0.0000 1.0000 0.0000
vn 0.0000 1.0000 0.0000
vn 0.0000 1.0000 0.0000
vn 0.0000 1.0000 0.0000
vn 0.0000 1.0000 0.0000
vn 0.0000 1.0000 0.0000
vn 0.0000 1.0000 0.0000
vn 0.0000 1.0000 0.0000
vn 0.0000 1.0000 0.0000
vn 0.0000 1.0000 0.0000
vn 0.0000 1.0000 0.0000
vn 0.0000 1.0000 0.0000
vn 0.0000 1.0000 0.0000
vn 0.0000 1.0000 0.0000
vn 0.0000 1.0000 0.0000
vn 0.0000 1.0000 0.0000
vn 0.0000 1.0000 0.0000
vn 0.0000 1.0000 0.0000
vn 0.0000 1.0000 0.0000
vn 0.0000 1.0000 0.0000
vn 0.0000 1.0000 0.0000
vn 0.0000 1.0000 0.0000
vn 0.0000 1.0000 0.0000
vn 0.0000 1.0000 0.0000
vn 0.0000 1.0000 0.0000
vn 0.0000 1.0000 0.0000
vn 0.0000 1.0000 0.0000
vn 0.0000 1.0000 0.0000
vn 0.0000 1.0000 0.0000
vn 0.0000 1.0000 0.0000
vn 0.0000 1.0000 0.0000
vn 0.0000 1.0000 0.0000
vn 0.0000 1.0000 0.0000
vn 0.0000 1.0000 0.0000
vn 0.0000 1.0000 0.0000
vn 0.0000 1.0000 0.0000
vn 0.0000 1.0000 0.0000
vn 0.0000 1.0000 0.0000
vn 0.0000 1.0000 0.0000
vn 0.0000 1.0000 0.0000
vn 0.0000 1.0000 0.0000
vn 0.0000 1.0000 0.0000
vn 0.0000 1.0000 0.0000
vn 0.0000 1.0000 0.0000
vn 0.0000 1.0000 0.0000
vn 0.0000 1.0000 0.0000
vn 0.0000 1.0000 0.0000
vn 0.0000 1.0000 0.0000
vn 0.0000 1.0000 0.0000
vn 0.0000 1.0000 0.0000
vn 0.0000 1.0000 0.0000
vn 0.0000 1.0000 0.0000
vn 0.0000 1.0000 0.0000
vn 0.0000 1.0000 0.0000
vn 0.0000 1.0000 0.0000
vn 0.0000 1.0000 0.0000
vn 0.0000 1.0000 0.0000
vn 0.0000 1.0000 0.0000
vn 0.0000 1.0000 0.0000
vn 0.0000 1.0000 0.0000
vn 0.0000 1.0000 0.0000
vn 0.0000 1.0000 0.0000
vn 0.0000 1.0000 0.0000
vn 0.0000 1.0000 0.0000
vn 0.0000 1.0000 0.0000
vn 0.0000 1.0000 0.0000
vn 0.0000 1.0000 0.0000
vn 0.0000 1.0000 0.0000
vn 0.0000 1.0000 0.0000
vn 0.0000 1.0000 0.0000
vn 0.0000 1.0000 0.0000
vn 0.0000 1.0000 0.0000
vn 0.0000 1.0000 0.0000
vn 0.0000 1.0000 0.0000
vn 0.0000 1.0000 0.0000
vn 0.0000 1.0000 0.0000
vn 0.0000 1.0000 0.0000
vn 0.0000 1.0000 0.0000
vn 0.0000 1.0000 0.0000
vn 0.0000 1.0000 0.0000
vn 0.0000 1.0000 0.0000
vn 0.0000 1.0000 0.0000
vn 0.0000 1.0000 0.0000
vn 0.0000 1.0000 0.0000
vn 0.0000 1.0000 0.0000
vn 0.0000 1.0000 0.0000
vn 0.0000 1.0000 0.0000
vn 0.0000 1.0000 0.0000
vn 0.0000 1.0000 0.0000
vn 0.0000 1.0000 0.0000
vn 0.0000 1.0000 0.0000
vn 0.0000 1.0000 0.0000
vn 0.0000 1.0000 0.0000
vn 0.0000 1.0000 0.0000
vn 0.0000 1.0000 0.0000
vn 0.0000 1.0000 0.0000
vn 0.0000 1.0000 0.0000
vn 0.0000 1.0000 0.0000
vn 0.0000 1.0000 0.0000
vn 0.0000 1.0000 0.0000
vn 0.0000 1.0000 0.0000
vn 0.0000 1.0000 0.0000
vn 0.0000 1.0000 0.0000
vn 0.0000 1.0000 0.0000
vn 0.0000 1.0000 0.0000
vn 0.0000 1.0000 0.0000
vn 0.0000 1.0000 0.0000
vn 0.0000 1.0000 0.0000
vn 0.0000 1.0000 0.0000
vn 0.0000 1.0000 0.0000
vn 0.0000 1.0000 0.0000
vn 0.0000 1.0000 0.0000
vn 0.0000 1.0000 0.0000
vn 0.0000 1.0000 0.0000
vn 0.0000 1.0000 0.0000
vn 0.0000 1.0000 0.0000
vn 0.0000 1.0000 0.0000
vn 0.0000 1.0000 0.0000
vn 0.0000 1.0000 0.0000
vn 0.0000 1.0000 0.0000
vn 0.0000 1.0000 0.0000
vn 0.0000 1.0000 0.0000
vn 0.0000 1.0000 0.0000
vn 0.0000 1.0000 0.0000
vn 0.0000 1.0000 0.0000
vn 0.0000 1.0000 0.0000
vn 0.0000 1.0000 0.0000
vn 0.0000 1.0000 0.0000
vn 0.0000 1.0000 0.0000
vn 0.0000 1.0000 0.0000
vn 0.0000 1.0000 0.0000
vn 0.0000 1.0000 0.0000
vn 0.0000 1.0000 0.0000
vn 0.0000 1.0000 0.0000
vn 0.0000 1.0000 0.0000
vn 0.0000 1.0000 0.0000
vn 0.0000 1.0000 0.0000
vn 0.0000 1.0000 0.0000
vn 0.0000 1.0000 0.0000
vn 0.0000 1.0000 0.0000
vn 0.0000 1.0000 0.0000
vn 0.0000 1.0000 0.0000
vn 0.0000 1.0000 0.0000
vn 0.0000 1.0000 0.0000
vn 0.0000 1.0000 0.0000
vn 0.0000 1.0000 0.0000
vn 0.0000 1.0000 0.0000
vn 0.0000 1.0000 0.0000
vn 0.0000 1.0000 0.0000
vn 0.0000 1.0000 0.0000
vn 0.0000 1.0000 0.0000
vn 0.0000 1.0000 0.0000
vn 0.0000 1.0000 0.0000
vn 0.0000 1.0000 0.0000
vn 0.0000 1.0000 0.0000
vn 0.0000 1.0000 0.0000
vn 0.0000 1.0000 0.0000
vn 0.0000 1.0000 0.0000
vn 0.0000 1.0000 0.0000
vn 0.0000 1.0000 0.0000
vn 0.0000 1.0000 0.0000
vn 0.0000 1.0000 0.0000
vn 0.0000 1.0000 0.0000
vn 0.0000 1.0000 0.0000
vn 0.0000 1.0000 0.0000
vn 0.0000 1.0000 0.0000
vn 0.0000 1.0000 0.0000
vn 0.0000 1.0000 0.0000
vn 0.0000 1.0000 0.0000
vn 0.0000 1.0000 0.0000
vn 0.0000 1.0000 0.0000
vn 0.0000 1.0000 0.0000
vn 0.0000 1.0000 0.0000
vn 0.0000 1.0000 0.0000
vn 0.0000 1.0000 0.0000
vn 0.0000 1.0000 0.0000
vn 0.0000 1.0000 0.0000
vn 0.0000 1.0000 0.0000
vn 0.0000 1.0000 0.0000
vn 0.0000 1.0000 0.0000
vn 0.0000 1.0000 0.0000
vn 0.0000 1.0000 0.0000
vn 0.0000 1.0000 0.0000
vn 0.0000 1.0000 0.0000
vn 0.0000 1.0000 0.0000
vn 0.0000 1.0000 0.0000
vn 0.0000 1.0000 0.0000
vn 0.0000 1.0000 0.0000
vn 0.0000 1.0000 0.0000
vn 0.0000 1.0000 0.0000
vn 0.0000 1.0000 0.0000
vn 0.0000 1.0000 0.0000
vn 0.0000 1.0000 0.0000
vn 0.0000 1.0000 0.0000
vn 0.0000 1.0000 0.0000
vn 0.0000 1.0000 0.0000
vn 0.0000 1.0000 0.0000
vn 0.0000 1.0000 0.0000
vn 0.0000 1.0000 0.0000
vn 0.0000 1.0000 0.0000
vn 0.0000 1.0000 0.0000
vn 0.0000 1.0000 0.0000
vn 0.0000 1.0000 0.0000
vn 0.0000 1.0000 0.0000
vn 0.0000 1.0000 0.0000
vn 0.0000 1.0000 0.0000
vn 0.0000 1.0000 0.0000
vn 0.0000 1.0000 0.0000
vn 0.0000 1.0000 0.0000
vn 0.0000 1.0000 0.0000
vn 0.0000 1.0000 0.0000
vn 0.0000 1.0000 0.0000
vn 0.0000 1.0000 0.0000
vn 0.0000 1.0000 0.0000
vn 0.0000 1.0000 0.0000
vn 0.0000 1.0000 0.0000
vn 0.0000 1.0000 0.0000
vn 0.0000 1.0000 0.0000
vn 0.0000 1.0000 0.0000
vn 0.0000 1.0000 0.0000
vn 0.0000 1.0000 0.0000
vn 0.0000 1.0000 0.0000
vn 0.0000 1.0000 0.0000
vn 0.0000 1.0000 0.0000
vn 0.0000 1.0000 0.0000
vn 0.0000 1.0000 0.0000
vn 0.0000 1.0000 0.0000
vn 0.0000 1.0000 0.0000
vn 0.0000 1.0000 0.0000
vn 0.0000 1.0000 0.0000
vn 0.0000 1.0000 0.0000
vn 0.0000 1.0000 0.0000
vn 0.0000 1.0000 0.0000
vn 0.0000 1.0000 0.0000
vn 0.0000 1.0000 0.0000
vn 0.0000 1.0000 0.0000
vn 0.0000 1.0000 0.0000
vn 0.0000 1.0000 0.0000
vn 0.0000 1.0000 0.0000
vn 0.0000 1.0000 0.0000
vn 0.0000 1.0000 0.0000
vn 0.0000 1.0000 0.0000
vn 0.0000 1.0000 0.0000
vn 0.0000 1.0000 0.0000
vn 0.0000 1.0000 0.0000
vn 0.0000 1.0000 0.0000
vn 0.0000 1.0000 0.0000
vn 0.0000 1.0000 0.0000
vn 0.0000 1.0000 0.0000
vn 0.0000 1.0000 0.0000
vn 0.0000 1.0000 0.0000
vn 0.0000 1.0000 0.0000
vn 0.0000 1.0000 0.0000
vn 0.0000 1.0000 0.0000
vn 0.0000 1.0000 0.0000
vn 0.0000 1.0000 0.0000
vn 0.0000 1.0000 0.0000
vn 0.0000 1.0000 0.0000
vn 0.0000 1.0000 0.0000
vn 0.0000 1.0000 0.0000
vn 0.0000 1.0000 0.0000
vn 0.0000 1.0000 0.0000
vn 0.0000 1.0000 0.0000
vn 0.0000 1.0000 0.0000
vn 0.0000 1.0000 0.0000
vn 0.0000 1.0000 0.0000
vn 0.0000 1.0000 0.0000
vn 0.0000 1.0000 0.0000
vn 0.0000 1.0000 0.0000
vn 0.0000 1.0000 0.0000
vn 0.0000 1.0000 0.0000
vn 0.0000 1.0000 0.0000
vn 0.0000 1.0000 0.0000
vn 0.0000 1.0000 0.0000
vn 0.0000 1.0000 0.0000
vn 0.0000 1.0000 0.0000
vn 0.0000 1.0000 0.0000
vn 0.0000 1.0000 0.0000
vn 0.0000 1.0000 0.0000
vn 0.0000 1.0000 0.0000
vn 0.0000 1.0000 0.0000
vn 0.0000 1.0000 0.0000
vn 0.0000 1.0000 0.0000
vn 0.0000 1.0000 0.0000
vn 0.0000 1.0000 0.0000
vn 0.0000 1.0000 0.0000
vn 0.0000 1.0000 0.0000
vn 0.0000 1.0000 0.0000
vn 0.0000 1.0000 0.0000
vn 0.0000 1.0000 0.0000
vn 0.0000 1.0000 0.0000
vn 0.0000 1.0000 0.0000
vn 0.0000 1.0000 0.0000
vn 0.0000 1.0000 0.0000
vn 0.0000 1.0000 0.0000
vn 0.0000 1.0000 0.0000
vn 0.0000 1.0000 0.0000
vn 0.0000 1.0000 0.0000
vn 0.0000 1.0000 0.0000
vn 0.0000 1.0000 0.0000
vn 0.0000 1.0000 0.0000
vn 0.0000 1.0000 0.0000
vn 0.0000 1.0000 0.0000
vn 0.0000 1.0000 0.0000
vn 0.0000 1.0000 0.0000
vn 0.0000 1.0000 0.0000
vn 0.0000 1.0000 0.0000
vn 0.0000 1.0000 0.0000
vn 0.0000 1.0000 0.0000
vn 0.0000 1.0000 0.0000
vn 0.0000 1.0000 0.0000
vn 0.0000 1.0000 0.0000
vn 0.0000 1.0000 0.0000
vn 0.0000 1.0000 0.0000
vn 0.0000 1.0000 0.0000
vn 0.0000 1.0000 0.0000
vn 0.0000 1.0000 0.0000
vn 0.0000 1.0000 0.0000
vn 0.0000 1.0000 0.0000
vn 0.0000 1.0000 0.0000
vn 0.0000 1.0000 0.0000
vn 0.0000 1.0000 0.0000
vn 0.0000 1.0000 0.0000
vn 0.0000 1.0000 0.0000
vn 0.0000 1.0000 0.0000
vn 0.0000 1.0000 0.0000
vn 0.0000 1.0000 0.0000
vn 0.0000 1.0000 0.0000
vn 0.0000 1.0000 0.0000
vn 0.0000 1.0000 0.0000
vn 0.0000 1.0000 0.0000
vn 0.0000 1.0000 0.0000
vn 0.0000 1.0000 0.0000
vn 0.0000 1.0000 0.0000
vn 0.0000 1.0000 0.0000
vn 0.0000 1.0000 0.0000
vn 0.0000 1.0000 0.0000
vn 0.0000 1.0000 0.0000
vn 0.0000 1.0000 0.0000
vn 0.0000 1.0000 0.0000
vn 0.0000 1.0000 0.0000
vn 0.0000 1.0000 0.0000
vn 0.0000 1.0000 0.0000
vn 0.0000 1.0000 0.0000
vn 0.0000 1.0000 0.0000
vn 0.0000 1.0000 0.0000
vn 0.0000 1.0000 0.0000
vn 0.0000 1.0000 0.0000
vn 0.0000 1.0000 0.0000
vn 0.0000 1.0000 0.0000
vn 0.0000 1.0000 0.0000
vn 0.0000 1.0000 0.0000
vn 0.0000 1.0000 0.0000
vn 0.0000 1.0000 0.0000
vn 0.0000 1.0000 0.0000
vn 0.0000 1.0000 0.0000
vn 0.0000 1.0000 0.0000
vn 0.0000 1.0000 0.0000
vn 0.0000 1.0000 0.0000
vn 0.0000 1.0000 0.0000
vn 0.0000 1.0000 0.0000
vn 0.0000 1.0000 0.0000
vn 0.0000 1.0000 0.0000
vn 0.0000 1.0000 0.0000
vn 0.0000 1.0000 0.0000
vn 0.0000 1.0000 0.0000
vn 0.0000 1.0000 0.0000
vn 0.0000 1.0000 0.0000
vn 0.0000 1.0000 0.0000
vn 0.0000 1.0000 0.0000
vn 0.0000 1.0000 0.0000
vn 0.0000 1.0000 0.0000
vn 0.0000 1.0000 0.0000
vn 0.0000 1.0000 0.0000
vn 0.0000 1.0000 0.0000
vn 0.0000 1.0000 0.0000
vn 0.0000 1.0000 0.0000
vn 0.0000 1.0000 0.0000
vn 0.0000 1.0000 0.0000
vn 0.0000 1.0000 0.0000
vn 0.0000 1.0000 0.0000
vn 0.0000 1.0000 0.0000
vn 0.0000 1.0000 0.0000
vn 0.0000 1.0000 0.0000
vn 0.0000 1.0000 0.0000
vn 0.0000 1.0000 0.0000
vn 0.0000 1.0000 0.0000
vn 0.0000 1.0000 0.0000
vn 0.0000 1.0000 0.0000
vn 0.0000 1.0000 0.0000
vn 0.0000 1.0000 0.0000
vn 0.0000 1.0000 0.0000
vn 0.0000 1.0000 0.0000
vn 0.0000 1.0000 0.0000
vn 0.0000 1.0000 0.0000
vn 0.0000 1.0000 0.0000
vn 0.0000 1.0000 0.0000
vn 0.0000 1.0000 0.0000
vn 0.0000 1.0000 0.0000
vn 0.0000 1.0000 0.0000
vn 0.0000 1.0000 0.0000
vn 0.0000 1.0000 0.0000
vn 0.0000 1.0000 0.0000
vn 0.0000 1.0000 0.0000
vn 0.0000 1.0000 0.0000
vn 0.0000 1.0000 0.0000
vn 0.0000 1.0000 0.0000
vn 0.0000 1.0000 0.0000
vn 0.0000 1.0000 0.0000
vn 0.0000 1.0000 0.0000
vn 0.0000 1.0000 0.0000
vn 0.0000 1.0000 0.0000
vn 0.0000 1.0000 0.0000
vn 0.0000 1.0000 0.0000
vn 0.0000 1.0000 0.0000
vn 0.0000 1.0000 0.0000
vn 0.0000 1.0000 0.0000
vn 0.0000 1.0000 0.0000
vn 0.0000 1.0000 0.0000
vn 0.0000 1.0000 0.0000
vn 0.0000 1.0000 0.0000
vn 0.0000 1.0000 0.0000
vn 0.0000 1.0000 0.0000
vn 0.0000 1.0000 0.0000
vn 0.0000 1.0000 0.0000
vn 0.0000 1.0000 0.0000
vn 0.0000 1.0000 0.0000
vn 0.0000 1.0000 0.0000
vn 0.0000 1.0000 0.0000
vn 0.0000 1.0000 0.0000
vn 0.0000 1.0000 0.0000
vn 0.0000 1.0000 0.0000
vn 0.0000 1.0000 0.0000
vn 0.0000 1.0000 0.0000
vn 0.0000 1.0000 0.0000
vn 0.0000 1.0000 0.0000
vn 0.0000 1.0000 0.0000
vn 0.0000 1.0000 0.0000
vn 0.0000 1.0000 0.0000
vn 0.0000 1.0000 0.0000
vn 0.0000 1.0000 0.0000
vn 0.0000 1.0000 0.0000
vn 0.0000 1.0000 0.0000
vn 0.0000 1.0000 0.0000
vn 0.0000 1.0000 0.0000
vn 0.0000 1.0000 0.0000
vn 0.0000 1.0000 0.0000
vn 0.0000 1.0000 0.0000
vn 0.0000 1.0000 0.0000
vn 0.0000 1.0000 0.0000
vn 0.0000 1.0000 0.0000
vn 0.0000 1.0000 0.0000
vn 0.0000 1.0000 0.0000
vn 0.0000 1.0000 0.0000
vn 0.0000 1.0000 0.0000
vn 0.0000 1.0000 0.0000
vn 0.0000 1.0000 0.0000
vn 0.0000 1.0000 0.0000
vn 0.0000 1.0000 0.0000
vn 0.0000 1.0000 0.0000
vn 0.0000 1.0000 0.0000
vn 0.0000 1.0000 0.0000
vn 0.0000 1.0000 0.0000
vn 0.0000 1.0000 0.0000
vn 0.0000 1.0000 0.0000
vn 0.0000 1.0000 0.0000
vn 0.0000 1.0000 0.0000
vn 0.0000 1.0000 0.0000
vn 0.0000 1.0000 0.0000
vn 0.0000 1.0000 0.0000
vn 0.0000 1.0000 0.0000
vn 0.0000 1.0000 0.0000
vn 0.0000 1.0000 0.0000
vn 0.0000 1.0000 0.0000
vn 0.0000 1.0000 0.0000
vn 0.0000 1.0000 0.0000
vn 0.0000 1.0000 0.0000
vn 0.0000 1.0000 0.0000
vn 0.0000 1.0000 0.0000
vn 0.0000 1.0000 0.0000
vn 0.0000 1.0000 0.0000
vn 0.0000 1.0000 0.0000
vn 0.0000 1.0000 0.0000
vn 0.0000 1.0000 0.0000
vn 0.0000 1.0000 0.0000
vn 0.0000 1.0000 0.0000
vn 0.0000 1.0000 0.0000
vn 0.0000 1.0000 0.0000
vn 0.0000 1.0000 0.0000
vn 0.0000 1.0000 0.0000
vn 0.0000 1.0000 0.0000
vn 0.0000 1.0000 0.0000
vn 0.0000 1.0000 0.0000
vn 0.0000 1.0000 0.0000
vn 0.0000 1.0000 0.0000
vn 0.0000 1.0000 0.0000
vn 0.0000 1.0000 0.0000
vn 0.0000 1.0000 0.0000
vn 0.0000 1.0000 0.0000
vn 0.0000 1.0000 0.0000
vn 0.0000 1.0000 0.0000
vn 0.0000 1.0000 0.0000
vn 0.0000 1.0000 0.0000
vn 0.0000 1.0000 0.0000
vn 0.0000 1.0000 0.0000
vn 0.0000 1.0000 0.0000
vn 0.0000 1.0000 0.0000
vn 0.0000 1.0000 0.0000
vn 0.0000 1.0000 0.0000
vn 0.0000 1.0000 0.0000
vn 0.0000 1.0000 0.0000
vn 0.0000 1.0000 0.0000
vn 0.0000 1.0000 0.0000
vn 0.0000 1.0000 0.0000
vn 0.0000 1.0000 0.0000
vn 0.0000 1.0000 0.0000
vn 0.0000 1.0000 0.0000
vn 0.0000 1.0000 0.0000
vn 0.0000 1.0000 0.0000
vn 0.0000 1.0000 0.0000
vn 0.0000 1.0000 0.0000
vn 0.0000 1.0000 0.0000
vn 0.0000 1.0000 0.0000
vn 0.0000 1.0000 0.0000
vn 0.0000 1.0000 0.0000
vn 0.0000 1.0000 0.0000
vn 0.0000 1.0000 0.0000
vn 0.0000 1.0000 0.0000
vn 0.0000 1.0000 0.0000
vn 0.0000 1.0000 0.0000
vn 0.0000 1.0000 0.0000
vn 0.0000 1.0000 0.0000
vn 0.0000 1.0000 0.0000
vn 0.0000 1.0000 0.0000
vn 0.0000 1.0000 0.0000
vn 0.0000 1.0000 0.0000
vn 0.0000 1.0000 0.0000
vn 0.0000 1.0000 0.0000
vn 0.0000 1.0000 0.0000
vn 0.0000 1.0000 0.0000
vn 0.0000 1.0000 0.0000
vn 0.0000 1.0000 0.0000
vn 0.0000 1.0000 0.0000
vn 0.0000 1.0000 0.0000
vn 0.0000 1.0000 0.0000
vn 0.0000 1.0000 0.0000
vn 0.0000 1.0000 0.0000
vn 0.0000 1.0000 0.0000
vn 0.0000 1.0000 0.0000
vn 0.0000 1.0000 0.0000
vn 0.0000 1.0000 0.0000
vn 0.0000 1.0000 0.0000
vn 0.0000 1.0000 0.0000
vn 0.0000 1.0000 0.0000
vn 0.0000 1.0000 0.0000
vn 0.0000 1.0000 0.0000
vn 0.0000 1.0000 0.0000
vn 0.0000 1.0000 0.0000
vn 0.0000 1.0000 0.0000
vn 0.0000 1.0000 0.0000
vn 0.0000 1.0000 0.0000
vn 0.0000 1.0000 0.0000
vn 0.0000 1.0000 0.0000
vn 0.0000 1.0000 0.0000
vn 0.0000 1.0000 0.0000
vn 0.0000 1.0000 0.0000
vn 0.0000 1.0000 0.0000
vn 0.0000 1.0000 0.0000
vn 0.0000 1.0000 0.0000
vn 0.0000 1.0000 0.0000
vn 0.0000 1.0000 0.0000
vn 0.0000 1.0000 0.0000
vn 0.0000 1.0000 0.0000
vn 0.0000 1.0000 0.0000
vn 0.0000 1.0000 0.0000
vn 0.0000 1.0000 0.0000
vn 0.0000 1.0000 0.0000
vn 0.0000 1.0000 0.0000
vn 0.0000 1.0000 0.0000
vn 0.0000 1.0000 0.0000
vn 0.0000 1.0000 0.0000
vn 0.0000 1.0000 0.0000
vn 0.0000 1.0000 0.0000
vn 0.0000 1.0000 0.0000
vn 0.0000 1.0000 0.0000
vn 0.0000 1.0000 0.0000
vn 0.0000 1.0000 0.0000
vn 0.0000 1.0000 0.0000
vn 0.0000 1.0000 0.0000
vn 0.0000 1.0000 0.0000
vn 0.0000 1.0000 0.0000
vn 0.0000 1.0000 0.0000
vn 0.0000 1.0000 0.0000
vn 0.0000 1.0000 0.0000
vn 0.0000 1.0000 0.0000
vn 0.0000 1.0000 0.0000
vn 0.0000 1.0000 0.0000
vn 0.0000 1.0000 0.0000
vn 0.0000 1.0000 0.0000
vn 0.0000 1.0000 0.0000
vn 0.0000 1.0000 0.0000
vn 0.0000 1.0000 0.0000
vn 0.0000 1.0000 0.0000
vn 0.0000 1.0000 0.0000
vn 0.0000 1.0000 0.0000
vn 0.0000 1.0000 0.0000
vn 0.0000 1.0000 0.0000
vn 0.0000 1.0000 0.0000
vn 0.0000 1.0000 0.0000
vn 0.0000 1.0000 0.0000
vn 0.0000 1.0000 0.0000
vn 0.0000 1.0000 0.0000
vn 0.0000 1.0000 0.0000
vn 0.0000 1.0000 0.0000
vn 0.0000 1.0000 0.0000
vn 0.0000 1.0000 0.0000
vn 0.0000 1.0000 0.0000
vn 0.0000 1.0000 0.0000
vn 0.0000 1.0000 0.0000
vn 0.0000 1.0000 0.0000
vn 0.0000 1.0000 0.0000
vn 0.0000 1.0000 0.0000
vn 0.0000 1.0000 0.0000
vn 0.0000 1.0000 0.0000
vn 0.0000 1.0000 0.0000
vn 0.0000 1.0000 0.0000
vn 0.0000 1.0000 0.0000
vn 0.0000 1.0000 0.0000
vn 0.0000 1.0000 0.0000
vn 0.0000 1.0000 0.0000
vn 0.0000 1.0000 0.0000
vn 0.0000 1.0000 0.0000
vn 0.0000 1.0000 0.0000
vn 0.0000 1.0000 0.0000
vn 0.0000 1.0000 0.0000
vn 0.0000 1.0000 0.0000
vn 0.0000 1.0000 0.0000
vn 0.0000 1.0000 0.0000
vn 0.0000 1.0000 0.0000
vn 0.0000 1.0000 0.0000
vn 0.0000 1.0000 0.0000
vn 0.0000 1.0000 0.0000
vn 0.0000 1.0000 0.0000
vn 0.0000 1.0000 0.0000
vn 0.0000 1.0000 0.0000
vn 0.0000 1.0000 0.0000
vn 0.0000 1.0000 0.0000
vn 0.0000 1.0000 0.0000
vn 0.0000 1.0000 0.0000
vn 0.0000 1.0000 0.0000
vn 0.0000 1.0000 0.0000
vn 0.0000 1.0000 0.0000
vn 0.0000 1.0000 0.0000
vn 0.0000 1.0000 0.0000
vn 0.0000 1.0000 0.0000
vn 0.0000 1.0000 0.0000
vn 0.0000 1.0000 0.0000
vn 0.0000 1.0000 0.0000
vn 0.0000 1.0000 0.0000
vn 0.0000 1.0000 0.0000
vn 0.0000 1.0000 0.0000
vn 0.0000 1.0000 0.0000
vn 0.0000 1.0000 0.0000
vn 0.0000 1.0000 0.0000
vn 0.0000 1.0000 0.0000
vn 0.0000 1.0000 0.0000
vn 0.0000 1.0000 0.0000
vn 0.0000 1.0000 0.0000
vn 0.0000 1.0000 0.0000
vn 0.0000 1.0000 0.0000
vn 0.0000 1.0000 0.0000
vn 0.0000 1.0000 0.0000
vn 0.0000 1.0000 0.0000
vn 0.0000 1.0000 0.0000
vn 0.0000 1.0000 0.0000
vn 0.0000 1.0000 0.0000
vn 0.0000 1.0000 0.0000
vn 0.0000 1.0000 0.0000
vn 0.0000 1.0000 0.0000
vn 0.0000 1.0000 0.0000
vn 0.0000 1.0000 0.0000
vn 0.0000 1.0000 0.0000
vn 0.0000 1.0000 0.0000
vn 0.0000 1.0000 0.0000
vn 0.0000 1.0000 0.0000
vn 0.0000 1.0000 0.0000
vn 0.0000 1.0000 0.0000
vn 0.0000 1.0000 0.0000
vn 0.0000 1.0000 0.0000
vn 0.0000 1.0000 0.0000
vn 0.0000 1.0000 0.0000
vn 0.0000 1.0000 0.0000
vn 0.0000 1.0000 0.0000
vn 0.0000 1.0000 0.0000
vn 0.0000 1.0000 0.0000
vn 0.0000 1.0000 0.0000
vn 0.0000 1.0000 0.0000
vn 0.0000 1.0000 0.0000
vn 0.0000 1.0000 0.0000
vn 0.0000 1.0000 0.0000
vn 0.0000 1.0000 0.0000
vn 0.0000 1.0000 0.0000
vn 0.0000 1.0000 0.0000
vn 0.0000 1.0000 0.0000
vn 0.0000 1.0000 0.0000
vn 0.0000 1.0000 0.0000
vn 0.0000 1.0000 0.0000
vn 0.0000 1.0000 0.0000
vn 0.0000 1.0000 0.0000
vn 0.0000 1.0000 0.0000
vn 0.0000 1.0000 0.0000
vn 0.0000 1.0000 0.0000
vn 0.0000 1.0000 0.0000
vn 0.0000 1.0000 0.0000
vn 0.0000 1.0000 0.0000
vn 0.0000 1.0000 0.0000
vn 0.0000 1.0000 0.0000
vn 0.0000 1.0000 0.0000
vn 0.0000 1.0000 0.0000
vn 0.0000 1.0000 0.0000
vn 0.0000 1.0000 0.0000
vn 0.0000 1.0000 0.0000
vn 0.0000 1.0000 0.0000
vn 0.0000 1.0000 0.0000
vn 0.0000 1.0000 0.0000
vn 0.0000 1.0000 0.0000
vn 0.0000 1.0000 0.0000
vn 0.0000 1.0000 0.0000
vn 0.0000 1.0000 0.0000
vn 0.0000 1.0000 0.0000
vn 0.0000 1.0000 0.0000
vn 0.0000 1.0000 0.0000
vn 0.0000 1.0000 0.0000
vn 0.0000 1.0000 0.0000
vn 0.0000 1.0000 0.0000
vn 0.0000 1.0000 0.0000
vn 0.0000 1.0000 0.0000
vn 0.0000 1.0000 0.0000
vn 0.0000 1.0000 0.0000
vn 0.0000 1.0000 0.0000
vn 0.0000 1.0000 0.0000
vn 0.0000 1.0000 0.0000
vn 0.0000 1.0000 0.0000
vn 0.0000 1.0000 0.0000
vn 0.0000 1.0000 0.0000
vn 0.0000 1.0000 0.0000
vn 0.0000 1.0000 0.0000
vn 0.0000 1.0000 0.0000
vn 0.0000 1.0000 0.0000
vn 0.0000 1.0000 0.0000
vn 0.0000 1.0000 0.0000
vn 0.0000 1.0000 0.0000
vn 0.0000 1.0000 0.0000
vn 0.0000 1.0000 0.0000
vn 0.0000 1.0000 0.0000
vn 0.0000 1.0000 0.0000
vn 0.0000 1.0000 0.0000
vn 0.0000 1.0000 0.0000
vn 0.0000 1.0000 0.0000
vn 0.0000 1.0000 0.0000
vn 0.0000 1.0000 0.0000
vn 0.0000 1.0000 0.0000
vn 0.0000 1.0000 0.0000
vn 0.0000 1.0000 0.0000
vn 0.0000 1.0000 0.0000
vn 0.0000 1.0000 0.0000
vn 0.0000 1.0000 0.0000
vn 0.0000 1.0000 0.0000
vn 0.0000 1.0000 0.0000
vn 0.0000 1.0000 0.0000
vn 0.0000 1.0000 0.0000
vn 0.0000 1.0000 0.0000
vn 0.0000 1.0000 0.0000
vn 0.0000 1.0000 0.0000
vn 0.0000 1.0000 0.0000
vn 0.0000 1.0000 0.0000
vn 0.0000 1.0000 0.0000
vn 0.0000 1.0000 0.0000
vn 0.0000 1.0000 0.0000
vn 0.0000 1.0000 0.0000
vn 0.0000 1.0000 0.0000
vn 0.0000 1.0000 0.0000
vn 0.0000 1.0000 0.0000
vn 0.0000 1.0000 0.0000
vn 0.0000 1.0000 0.0000
vn 0.0000 1.0000 0.0000
vn 0.0000 1.0000 0.0000
vn 0.0000 1.0000 0.0000
vn 0.0000 1.0000 0.0000
vn 0.0000 1.0000 0.0000
vn 0.0000 1.0000 0.0000
vn 0.0000 1.0000 0.0000
vn 0.0000 1.0000 0.0000
vn 0.0000 1.0000 0.0000
vn 0.0000 1.0000 0.0000
vn 0.0000 1.0000 0.0000
vn 0.0000 1.0000 0.0000
vn 0.0000 1.0000 0.0000
vn 0.0000 1.0000 0.0000
vn 0.0000 1.0000 0.0000
vn 0.0000 1.0000 0.0000
vn 0.0000 1.0000 0.0000
vn 0.0000 1.0000 0.0000
vn 0.0000 1.0000 0.0000
vn 0.0000 1.0000 0.0000
vn 0.0000 1.0000 0.0000
vn 0.0000 1.0000 0.0000
vn 0.0000 1.0000 0.0000
vn 0.0000 1.0000 0.0000
vn 0.0000 1.0000 0.0000
vn 0.0000 1.0000 0.0000
vn 0.0000 1.0000 0.0000
vn 0.0000 1.0000 0.0000
vn 0.0000 1.0000 0.0000
vn 0.0000 1.0000 0.0000
vn 0.0000 1.0000 0.0000
vn 0.0000 1.0000 0.0000
vn 0.0000 1.0000 0.0000
vn 0.0000 1.0000 0.0000
vn 0.0000 1.0000 0.0000
vn 0.0000 1.0000 0.0000
vn 0.0000 1.0000 0.0000
vn 0.0000 1.0000 0.0000
vn 0.0000 1.0000 0.0000
vn 0.0000 1.0000 0.0000
vn 0.0000 1.0000 0.0000
vn 0.0000 1.0000 0.0000
vn 0.0000 1.0000 0.0000
vn 0.0000 1.0000 0.0000
vn 0.0000 1.0000 0.0000
vn 0.0000 1.0000 0.0000
vn 0.0000 1.0000 0.0000
vn 0.0000 1.0000 0.0000
vn 0.0000 1.0000 0.0000
vn 0.0000 1.0000 0.0000
vn 0.0000 1.0000 0.0000
vn 0.0000 1.0000 0.0000
vn 0.0000 1.0000 0.0000
vn 0.0000 1.0000 0.0000
vn 0.0000 1.0000 0.0000
vn 0.0000 1.0000 0.0000
vn 0.0000 1.0000 0.0000
vn 0.0000 1.0000 0.0000
vn 0.0000 1.0000 0.0000
vn 0.0000 1.0000 0.0000
vn 0.0000 1.0000 0.0000
vn 0.0000 1.0000 0.0000
vn 0.0000 1.0000 0.0000
vn 0.0000 1.0000 0.0000
vn 0.0000 1.0000 0.0000
vn 0.0000 1.0000 0.0000
vn 0.0000 1.0000 0.0000
vn 0.0000 1.0000 0.0000
vn 0.0000 1.0000 0.0000
vn 0.0000 1.0000 0.0000
vn 0.0000 1.0000 0.0000
vn 0.0000 1.0000 0.0000
vn 0.0000 1.0000 0.0000
vn 0.0000 1.0000 0.0000
vn 0.0000 1.0000 0.0000
vn 0.0000 1.0000 0.0000
vn 0.0000 1.0000 0.0000
vn 0.0000 1.0000 0.0000
vn 0.0000 1.0000 0.0000
vn 0.0000 1.0000 0.0000
vn 0.0000 1.0000 0.0000
vn 0.0000 1.0000 0.0000
vn 0.0000 1.0000 0.0000
vn 0.0000 1.0000 0.0000
vn 0.0000 1.0000 0.0000
vn 0.0000 1.0000 0.0000
vn 0.0000 1.0000 0.0000
vn 0.0000 1.0000 0.0000
vn 0.0000 1.0000 0.0000
vn 0.0000 1.0000 0.0000
vn 0.0000 1.0000 0.0000
vn 0.0000 1.0000 0.0000
vn 0.0000 1.0000 0.0000
vn 0.0000 1.0000 0.0000
vn 0.0000 1.0000 0.0000
vn 0.0000 1.0000 0.0000
vn 0.0000 1.0000 0.0000
vn 0.0000 1.0000 0.0000
vn 0.0000 1.0000 0.0000
vn 0.0000 1.0000 0.0000
vn 0.0000 1.0000 0.0000
vn 0.0000 1.0000 0.0000
vn 0.0000 1.0000 0.0000
vn 0.0000 1.0000 0.0000
vn 0.0000 1.0000 0.0000
vn 0.0000 1.0000 0.0000
vn 0.0000 1.0000 0.0000
vn 0.0000 1.0000 0.0000
vn 0.0000 1.0000 0.0000
vn 0.0000 1.0000 0.0000
vn 0.0000 1.0000 0.0000
vn 0.0000 1.0000 0.0000
vn 0.0000 1.0000 0.0000
vn 0.0000 1.0000 0.0000
vn 0.0000 1.0000 0.0000
vn 0.0000 1.0000 0.0000
vn 0.0000 1.0000 0.0000
vn 0.0000 1.0000 0.0000
vn 0.0000 1.0000 0.0000
vn 0.0000 1.0000 0.0000
vn 0.0000 1.0000 0.0000
vn 0.0000 1.0000 0.0000
vn 0.0000 1.0000 0.0000
vn 0.0000 1.0000 0.0000
vn 0.0000 1.0000 0.0000
vn 0.0000 1.0000 0.0000
vn 0.0000 1.0000 0.0000
vn 0.0000 1.0000 0.0000
vn 0.0000 1.0000 0.0000
vn 0.0000 1.0000 0.0000
vn 0.0000 1.0000 0.0000
vn 0.0000 1.0000 0.0000
vn 0.0000 1.0000 0.0000
vn 0.0000 1.0000 0.0000
vn 0.0000 1.0000 0.0000
vn 0.0000 1.0000 0.0000
vn 0.0000 1.0000 0.0000
vn 0.0000 1.0000 0.0000
vn 0.0000 1.0000 0.0000
vn 0.0000 1.0000 0.0000
vn 0.0000 1.0000 0.0000
vn 0.0000 1.0000 0.0000
vn 0.0000 1.0000 0.0000
vn 0.0000 1.0000 0.0000
vn 0.0000 1.0000 0.0000
vn 0.0000 1.0000 0.0000
vn 0.0000 1.0000 0.0000
vn 0.0000 1.0000 0.0000
vn 0.0000 1.0000 0.0000
vn 0.0000 1.0000 0.0000
vn 0.0000 1.0000 0.0000
vn 0.0000 1.0000 0.0000
vn 0.0000 1.0000 0.0000
vn 0.0000 1.0000 0.0000
vn 0.0000 1.0000 0.0000
vn 0.0000 1.0000 0.0000
vn 0.0000 1.0000 0.0000
vn 0.0000 1.0000 0.0000
vn 0.0000 1.0000 0.0000
vn 0.0000 1.0000 0.0000
vn 0.0000 1.0000 0.0000
vn 0.0000 1.0000 0.0000
vn 0.0000 1.0000 0.0000
vn 0.0000 1.0000 0.0000
vn 0.0000 1.0000 0.0000
vn 0.0000 1.0000 0.0000
vn 0.0000 1.0000 0.0000
vn 0.0000 1.0000 0.0000
vn 0.0000 1.0000 0.0000
vn 0.0000 1.0000 0.0000
vn 0.0000 1.0000 0.0000
vn 0.0000 1.0000 0.0000
vn 0.0000 1.0000 0.0000
vn 0.0000 1.0000 0.0000
vn 0.0000 1.0000 0.0000
vn 0.0000 1.0000 0.0000
vn 0.0000 1.0000 0.0000
vn 0.0000 1.0000 0.0000
vn 0.0000 1.0000 0.0000
vn 0.0000 1.0000 0.0000
vn 0.0000 1.0000 0.0000
vn 0.0000 1.0000 0.0000
vn 0.0000 1.0000 0.0000
vn 0.0000 1.0000 0.0000
vn 0.0000 1.0000 0.0000
vn 0.0000 1.0000 0.0000
vn 0.0000 1.0000 0.0000
vn 0.0000 1.0000 0.0000
vn 0.0000 1.0000 0.0000
vn 0.0000 1.0000 0.0000
vn 0.0000 1.0000 0.0000
vn 0.0000 1.0000 0.0000
vn 0.0000 1.0000 0.0000
vn 0.0000 1.0000 0.0000
vn 0.0000 1.0000 0.0000
vn 0.0000 1.0000 0.0000
vn 0.0000 1.0000 0.0000
vn 0.0000 1.0000 0.0000
vn 0.0000 1.0000 0.0000
vn 0.0000 1.0000 0.0000
vn 0.0000 1.0000 0.0000
vn 0.0000 1.0000 0.0000
vn 0.0000 1.0000 0.0000
vn 0.0000 1.0000 0.0000
vn 0.0000 1.0000 0.0000
vn 0.0000 1.0000 0.0000
vn 0.0000 1.0000 0.0000
f 1 2 3
f 4 5 6
f 7 8 9
f 10 11 12
f 13 14 15
f 16 17 18
f 19 20 21
f 22 23 24
f 25 26 27
f 28 29 30
f 31 32 33
f 34 35 36
f 37 38 39
f 40 41 42
f 43 44 45
f 46 47 48
f 49 50 51
f 52 53 54
f 55 56 57
f 58 59 60
f 61 62 63
f 64 65 66
f 67 68 69
f 70 71 72
f 73 74 75
f 76 77 78
f 79 80 81
f 82 83 84
f 85 86 87
f 88 89 90
f 91 92 93
f 94 95 96
f 97 98 99
f 100 101 102
f 103 104 105
f 106 107 108
f 109 110 111
f 112 113 114
f 115 116 117
f 118 119 120
f 121 122 123
f 124 125 126
f 127 128 129
f 130 131 132
f 133 134 135
f 136 137 138
f 139 140 141
f 142 143 144
f 145 146 147
f 148 149 150
f 151 152 153
f 154 155 156
f 157 158 159
f 160 161 162
f 163 164 165
f 166 167 168
f 169 170 171
f 172 173 174
f 175 176 177
f 178 179 180
f 181 182 183
f 184 185 186
f 187 188 189
f 190 191 192
f 193 194 195
f 196 197 198
f 199 200 201
f 202 203 204
f 205 206 207
f 208 209 210
f 211 212 213
f 214 215 216
f 217 218 219
f 220 221 222
f 223 224 225
f 226 227 228
f 229 230 231
f 232 233 234
f 235 236 237
f 238 239 240
f 241 242 243
f 244 245 246
f 247 248 249
f 250 251 252
f 253 254 255
f 256 257 258
f 259 260 261
f 262 263 264
f 265 266 267
f 268 269 270
f 271 272 273
f 274 275 276
f 277 278 279
f 280 281 282
f 283 284 285
f 286 287 288
f 289 290 291
f 292 293 294
f 295 296 297
f 298 299 300
f 301 302 303
f 304 305 306
f 307 308 309
f 310 311 312
f 313 314 315
f 316 317 318
f 319 320 321
f 322 323 324
f 325 326 327
f 328 329 330
f 331 332 333
f 334 335 336
f 337 338 339
f 340 341 342
f 343 344 345
f 346 347 348
f 349 350 351
f 352 353 354
f 355 356 357
f 358 359 360
f 361 362 363
f 364 365 366
f 367 368 369
f 370 371 372
f 373 374 375
f 376 377 378
f 379 380 381
f 382 383 384
f 385 386 387
f 388 389 390
f 391 392 393
f 394 395 396
f 397 398 399
f 400 401 402
f 403 404 405
f 406 407 408
f 409 410 411
f 412 413 414
f 415 416 417
f 418 419 420
f 421 422 423
f 424 425 426
f 427 428 429
f 430 431 432
f 433 434 435
f 436 437 438
f 439 440 441
f 442 443 444
f 445 446 447
f 448 449 450
f 451 452 453
f 454 455 456
f 457 458 459
f 460 461 462
f 463 464 465
f 466 467 468
f 469 470 471
f 472 473 474
f 475 476 477
f 478 479 480
f 481 482 483
f 484 485 486
f 487 488 489
f 490 491 492
f 493 494 495
f 496 497 498
f 499 500 501
f 502 503 504
f 505 506 507
f 508 509 510
f 511 512 513
f 514 515 516
f 517 518 519
f 520 521 522
f 523 524 525
f 526 527 528
f 529 530 531
f 532 533 534
f 535 536 537
f 538 539 540
f 541 542 543
f 544 545 546
f 547 548 549
f 550 551 552
f 553 554 555
f 556 557 558
f 559 560 561
f 562 563 564
f 565 566 567
f 568 569 570
f 571 572 573
f 574 575 576
f 577 578 579
f 580 581 582
f 583 584 585
f 586 587 588
f 589 590 591
f 592 593 594
f 595 596 597
f 598 599 600
f 601 602 603
f 604 605 606
f 607 608 609
f 610 611 612
f 613 614 615
f 616 617 618
f 619 620 621
f 622 623 624
f 625 626 627
f 628 629 630
f 631 632 633
f 634 635 636
f 637 638 639
f 640 641 642
f 643 644 645
f 646 647 648
f 649 650 651
f 652 653 654
f 655 656 657
f 658 659 660
f 661 662 663
f 664 665 666
f 667 668 669
f 670 671 672
f 673 674 675
f 676 677 678
f 679 680 681
f 682 683 684
f 685 686 687
f 688 689 690
f 691 692 693
f 694 695 696
f 697 698 699
f 700 701 702
f 703 704 705
f 706 707 708
f 709 710 711
f 712 713 714
f 715 716 717
f 718 719 720
f 721 722 723
f 724 725 726
f 727 728 729
f 730 731 732
f 733 734 735
f 736 737 738
f 739 740 741
f 742 743 744
f 745 746 747
f 748 749 750
f 751 752 753
f 754 755 756
f 757 758 759
f 760 761 762
f 763 764 765
f 766 767 768
f 769 770 771
f 772 773 774
f 775 776 777
f 778 779 780
f 781 782 783
f 784 785 786
f 787 788 789
f 790 791 792
f 793 794 795
f 796 797 798
f 799 800 801
f 802 803 804
f 805 806 807
f 808 809 810
f 811 812 813
f 814 815 816
f 817 818 819
f 820 821 822
f 823 824 825
f 826 827 828
f 829 830 831
f 832 833 834
f 835 836 837
f 838 839 840
f 841 842 843
f 844 845 846
f 847 848 849
f 850 851 852
f 853 854 855
f 856 857 858
f 859 860 861
f 862 863 864
f 865 866 867
f 868 869 870
f 871 872 873
f 874 875 876
f 877 878 879
f 880 881 882
f 883 884 885
f 886 887 888
f 889 890 891
f 892 893 894
f 895 896 897
f 898 899 900
f 901 902 903
f 904 905 906
f 907 908 909
f 910 911 912
f 913 914 915
f 916 917 918
f 919 920 921
f 922 923 924
f 925 926 927
f 928 929 930
f 931 932 933
f 934 935 936
f 937 938 939
f 940 941 942
f 943 944 945
f 946 947 948
f 949 950 951
f 952 953 954
f 955 956 957
f 958 959 960
f 961 962 963
f 964 965 966
f 967 968 969
f 970 971 972
f 973 974 975
f 976 977 978
f 979 980 981
f 982 983 984
f 985 986 987
f 988 989 990
f 991 992 993
f 994 995 996
f 997 998 999
f 1000 1001 1002
f 1003 1004 1005
f 1006 1007 1008
f 1009 1010 1011
f 1012 1013 1014
f 1015 1016 1017
f 1018 1019 1020
f 1021 1022 1023
f 1024 1025 1026
f 1027 1028 1029
f 1030 1031 1032
f 1033 1034 1035
f 1036 1037 1038
f 1039 1040 1041
f 1042 1043 1044
f 1045 1046 1047
f 1048 1049 1050
f 1051 1052 1053
f 1054 1055 1056
f 1057 1058 1059
f 1060 1061 1062
f 1063 1064 1065
f 1066 1067 1068
f 1069 1070 1071
f 1072 1073 1074
f 1075 1076 1077
f 1078 1079 1080
f 1081 1082 1083
f 1084 1085 1086
f 1087 1088 1089
f 1090 1091 1092
f 1093 1094 1095
f 1096 1097 1098
f 1099 1100 1101
f 1102 1103 1104
f 1105 1106 1107
f 1108 1109 1110
f 1111 1112 1113
f 1114 1115 1116
f 1117 1118 1119
f 1120 1121 1122
f 1123 1124 1125
f 1126 1127 1128
f 1129 1130 1131
f 1132 1133 1134
f 1135 1136 1137
f 1138 1139 1140
f 1141 1142 1143
f 1144 1145 1146
f 1147 1148 1149
f 1150 1151 1152
f 1153 1154 1155
f 1156 1157 1158
f 1159 1160 1161
f 1162 1163 1164
f 1165 1166 1167
f 1168 1169 1170
f 1171 1172 1173
f 1174 1175 1176
f 1177 1178 1179
f 1180 1181 1182
f 1183 1184 1185
f 1186 1187 1188
f 1189 1190 1191
f 1192 1193 1194
f 1195 1196 1197
f 1198 1199 1200
f 1201 1202 1203
f 1204 1205 1206
f 1207 1208 1209
f 1210 1211 1212
f 1213 1214 1215
f 1216 1217 1218
f 1219 1220 1221
f 1222 1223 1224
f 1225 1226 1227
f 1228 1229 1230
f 1231 1232 1233
f 1234 1235 1236
f 1237 1238 1239
f 1240 1241 1242
f 1243 1244 1245
f 1246 1247 1248
f 1249 1250 1251
f 1252 1253 1254
f 1255 1256 1257
f 1258 1259 1260
f 1261 1262 1263
f 1264 1265 1266
f 1267 1268 1269
f 1270 1271 1272
f 1273 1274 1275
f 1276 1277 1278
f 1279 1280 1281
f 1282 1283 1284
f 1285 1286 1287
f 1288 1289 1290
f 1291 1292 1293
f 1294 1295 1296
f 1297 1298 1299
f 1300 1301 1302
f 1303 1304 1305
f 1306 1307 1308
f 1309 1310 1311
f 1312 1313 1314
f 1315 1316 1317
f 1318 1319 1320
f 1321 1322 1323
f 1324 1325 1326
f 1327 1328 1329
f 1330 1331 1332
f 1333 1334 1335
f 1336 1337 1338
f 1339 1340 1341
f 1342 1343 1344
f 1345 1346 1347
f 1348 1349 1350
f 1351 1352 1353
f 1354 1355 1356
f 1357 1358 1359
f 1360 1361 1362
f 1363 1364 1365
f 1366 1367 1368
f 1369 1370 1371
f 1372 1373 1374
f 1375 1376 1377
f 1378 1379 1380
f 1381 1382 1383
f 1384 1385 1386
f 1387 1388 1389
f 1390 1391 1392
f 1393 1394 1395
f 1396 1397 1398
f 1399 1400 1401
f 1402 1403 1404
f 1405 1406 1407
f 1408 1409 1410
f 1411 1412 1413
f 1414 1415 1416
f 1417 1418 1419
f 1420 1421 1422
f 1423 1424 1425
f 1426 1427 1428
f 1429 1430 1431
f 1432 1433 1434
f 1435 1436 1437
f 1438 1439 1440
f 1441 1442 1443
f 1444 1445 1446
f 1447 1448 1449
f 1450 1451 1452
f 1453 1454 1455
f 1456 1457 1458
f 1459 1460 1461
f 1462 1463 1464
f 1465 1466 1467
f 1468 1469 1470
f 1471 1472 1473
f 1474 1475 1476
f 1477 1478 1479
f 1480 1481 1482
f 1483 1484 1485
f 1486 1487 1488
f 1489 1490 1491
f 1492 1493 1494
f 1495 1496 1497
f 1498 1499 1500
f 1501 1502 1503
f 1504 1505 1506
f 1507 1508 1509
f 1510 1511 1512
f 1513 1514 1515
f 1516 1517 1518
f 1519 1520 1521
f 1522 1523 1524
f 1525 1526 1527
f 1528 1529 1530
f 1531 1532 1533
f 1534 1535 1536
f 1537 1538 1539
f 1540 1541 1542
f 1543 1544 1545
f 1546 1547 1548
f 1549 1550 1551
f 1552 1553 1554
f 1555 1556 1557
f 1558 1559 1560
f 1561 1562 1563
f 1564 1565 1566
f 1567 1568 1569
f 1570 1571 1572
f 1573 1574 1575
f 1576 1577 1578
f 1579 1580 1581
f 1582 1583 1584
f 1585 1586 1587
f 1588 1589 1590
f 1591 1592 1593
f 1594 1595 1596
f 1597 1598 1599
f 1600 1601 1602
f 1603 1604 1605
f 1606 1607 1608
f 1609 1610 1611
f 1612 1613 1614
f 1615 1616 1617
f 1618 1619 1620
f 1621 1622 1623
f 1624 1625 1626
f 1627 1628 1629
f 1630 1631 1632
f 1633 1634 1635
f 1636 1637 1638
f 1639 1640 1641
f 1642 1643 1644
f 1645 1646 1647
f 1648 1649 1650
f 1651 1652 1653
f 1654 1655 1656
f 1657 1658 1659
f 1660 1661 1662
f 1663 1664 1665
f 1666 1667 1668
f 1669 1670 1671
f 1672 1673 1674
f 1675 1676 1677
f 1678 1679 1680
f 1681 1682 1683
f 1684 1685 1686
f 1687 1688 1689
f 1690 1691 1692
f 1693 1694 1695
f 1696 1697 1698
f 1699 1700 1701
f 1702 1703 1704
f 1705 1706 1707
f 1708 1709 1710
f 1711 1712 1713
f 1714 1715 1716
f 1717 1718 1719
f 1720 1721 1722
f 1723 1724 1725
f 1726 1727 1728
f 1729 1730 1731
f 1732 1733 1734
f 1735 1736 1737
f 1738 1739 1740
f 1741 1742 1743
f 1744 1745 1746
f 1747 1748 1749
f 1750 1751 1752
f 1753 1754 1755
f 1756 1757 1758
f 1759 1760 1761
f 1762 1763 1764
f 1765 1766 1767
f 1768 1769 1770
f 1771 1772 1773
f 1774 1775 1776
f 1777 1778 1779
f 1780 1781 1782
f 1783 1784 1785
f 1786 1787 1788
f 1789 1790 1791
f 1792 1793 1794
f 1795 1796 1797
f 1798 1799 1800
f 1801 1802 1803
f 1804 1805 1806
f 1807 1808 1809
f 1810 1811 1812
f 1813 1814 1815
f 1816 1817 1818
f 1819 1820 1821
f 1822 1823 1824
f 1825 1826 1827
f 1828 1829 1830
f 1831 1832 1833
f 1834 1835 1836
f 1837 1838 1839
f 1840 1841 1842
f 1843 1844 1845
f 1846 1847 1848
f 1849 1850 1851
f 1852 1853 1854
f 1855 1856 1857
f 1858 1859 1860
f 1861 1862 1863
f 1864 1865 1866
f 1867 1868 1869
f 1870 1871 1872
f 1873 1874 1875
f 1876 1877 1878
f 1879 1880 1881
f 1882 1883 1884
f 1885 1886 1887
f 1888 1889 1890
f 1891 1892 1893
f 1894 1895 1896
f 1897 1898 1899
f 1900 1901 1902
f 1903 1904 1905
f 1906 1907 1908
f 1909 1910 1911
f 1912 1913 1914
f 1915 1916 1917
f 1918 1919 1920
f 1921 1922 1923
f 1924 1925 1926
f 1927 1928 1929
f 1930 1931 1932
f 1933 1934 1935
f 1936 1937 1938
f 1939 1940 1941
f 1942 1943 1944
f 1945 1946 1947
f 1948 1949 1950
f 1951 1952 1953
f 1954 1955 1956
f 1957 1958 1959
f 1960 1961 1962
f 1963 1964 1965
f 1966 1967 1968
f 1969 1970 1971
f 1972 1973 1974
f 1975 1976 1977
f 1978 1979 1980
f 1981 1982 1983
f 1984 1985 1986
f 1987 1988 1989
f 1990 1991 1992
f 1993 1994 1995
f 1996 1997 1998
f 1999 2000 2001
f 2002 2003 2004
f 2005 2006 2007
f 2008 2009 2010
f 2011 2012 2013
f 2014 2015 2016
f 2017 2018 2019
f 2020 2021 2022
f 2023 2024 2025
f 2026 2027 2028
f 2029 2030 2031
f 2032 2033 2034
f 2035 2036 2037
f 2038 2039 2040
f 2041 2042 2043
f 2044 2045 2046
f 2047 2048 2049
f 2050 2051 2052
f 2053 2054 2055
f 2056 2057 2058
f 2059 2060 2061
f 2062 2063 2064
f 2065 2066 2067
f 2068 2069 2070
f 2071 2072 2073
f 2074 2075 2076
f 2077 2078 2079
f 2080 2081 2082
f 2083 2084 2085
f 2086 2087 2088
f 2089 2090 2091
f 2092 2093 2094
f 2095 2096 2097
f 2098 2099 2100
f 2101 2102 2103
f 2104 2105 2106
f 2107 2108 2109
f 2110 2111 2112
f 2113 2114 2115
f 2116 2117 2118
f 2119 2120 2121
f 2122 2123 2124
f 2125 2126 2127
f 2128 2129 2130
f 2131 2132 2133
f 2134 2135 2136
f 2137 2138 2139
f 2140 2141 2142
f 2143 2144 2145
f 2146 2147 2148
f 2149 2150 2151
f 2152 2153 2154
f 2155 2156 2157
f 2158 2159 2160
f 2161 2162 2163
f 2164 2165 2166
f 2167 2168 2169
f 2170 2171 2172
f 2173 2174 2175
f 2176 2177 2178
f 2179 2180 2181
f 2182 2183 2184
f 2185 2186 2187
f 2188 2189 2190
f 2191 2192 2193
f 2194 2195 2196
f 2197 2198 2199
f 2200 2201 2202
f 2203 2204 2205
f 2206 2207 2208
f 2209 2210 2211
f 2212 2213 2214
f 2215 2216 2217
f 2218 2219 2220
f 2221 2222 2223
f 2224 2225 2226
f 2227 2228 2229
f 2230 2231 2232
f 2233 2234 2235
f 2236 2237 2238
f 2239 2240 2241
f 2242 2243 2244
f 2245 2246 2247
f 2248 2249 2250
f 2251 2252 2253
f 2254 2255 2256
f 2257 2258 2259
f 2260 2261 2262
f 2263 2264 2265
f 2266 2267 2268
f 2269 2270 2271
f 2272 2273 2274
f 2275 2276 2277
f 2278 2279 2280
f 2281 2282 2283
f 2284 2285 2286
f 2287 2288 2289
f 2290 2291 2292
f 2293 2294 2295
f 2296 2297 2298
f 2299 2300 2301
f 2302 2303 2304
f 2305 2306 2307
f 2308 2309 2310
f 2311 2312 2313
f 2314 2315 2316
f 2317 2318 2319
f 2320 2321 2322
f 2323 2324 2325
f 2326 2327 2328
f 2329 2330 2331
f 2332 2333 2334
f 2335 2336 2337
f 2338 2339 2340
f 2341 2342 2343
f 2344 2345 2346
f 2347 2348 2349
f 2350 2351 2352
f 2353 2354 2355
f 2356 2357 2358
f 2359 2360 2361
f 2362 2363 2364
f 2365 2366 2367
f 2368 2369 2370
f 2371 2372 2373
f 2374 2375 2376
f 2377 2378 2379
f 2380 2381 2382
f 2383 2384 2385
f 2386 2387 2388
f 2389 2390 2391
f 2392 2393 2394
f 2395 2396 2397
f 2398 2399 2400
f 2401 2402 2403
f 2404 2405 2406
f 2407 2408 2409
f 2410 2411 2412
f 2413 2414 2415
f 2416 2417 2418
f 2419 2420 2421
f 2422 2423 2424
f 2425 2426 2427
f 2428 2429 2430
f 2431 2432 2433
f 2434 2435 2436
f 2437 2438 2439
f 2440 2441 2442
f 2443 2444 2445
f 2446 2447 2448
f 2449 2450 2451
f 2452 2453 2454
f 2455 2456 2457
f 2458 2459 2460
f 2461 2462 2463
f 2464 2465 2466
f 2467 2468 2469
f 2470 2471 2472
f 2473 2474 2475
f 2476 2477 2478
f 2479 2480 2481
f 2482 2483 2484
f 2485 2486 2487
f 2488 2489 2490
f 2491 2492 2493
f 2494 2495 2496
f 2497 2498 2499
f 2500 2501 2502
f 2503 2504 2505
f 2506 2507 2508
f 2509 2510 2511
f 2512 2513 2514
f 2515 2516 2517
f 2518 2519 2520
f 2521 2522 2523
f 2524 2525 2526
f 2527 2528 2529
f 2530 2531 2532
f 2533 2534 2535
f 2536 2537 2538
f 2539 2540 2541
f 2542 2543 2544
f 2545 2546 2547
f 2548 2549 2550
f 2551 2552 2553
f 2554 2555 2556
f 2557 2558 2559
f 2560 2561 2562
f 2563 2564 2565
f 2566 2567 2568
f 2569 2570 2571
f 2572 2573 2574
f 2575 2576 2577
f 2578 2579 2580
f 2581 2582 2583
f 2584 2585 2586
f 2587 2588 2589
f 2590 2591 2592
f 2593 2594 2595
f 2596 2597 2598
f 2599 2600 2601
f 2602 2603 2604
f 2605 2606 2607
f 2608 2609 2610
f 2611 2612 2613
f 2614 2615 2616
f 2617 2618 2619
f 2620 2621 2622
f 2623 2624 2625
f 2626 2627 2628
f 2629 2630 2631
f 2632 2633 2634
f 2635 2636 2637
f 2638 2639 2640
f 2641 2642 2643
f 2644 2645 2646
f 2647 2648 2649
f 2650 2651 2652
f 2653 2654 2655
f 2656 2657 2658
f 2659 2660 2661
f 2662 2663 2664
f 2665 2666 2667
f 2668 2669 2670
f 2671 2672 2673
f 2674 2675 2676
f 2677 2678 2679
f 2680 2681 2682
f 2683 2684 2685
f 2686 2687 2688
f 2689 2690 2691
f 2692 2693 2694
f 2695 2696 2697
f 2698 2699 2700
f 2701 2702 2703
f 2704 2705 2706
f 2707 2708 2709
f 2710 2711 2712
f 2713 2714 2715
f 2716 2717 2718
f 2719 2720 2721
f 2722 2723 2724
f 2725 2726 2727
f 2728 2729 2730
f 2731 2732 2733
f 2734 2735 2736
f 2737 2738 2739
f 2740 2741 2742
f 2743 2744 2745
f 2746 2747 2748
f 2749 2750 2751
f 2752 2753 2754
f 2755 2756 2757
f 2758 2759 2760
f 2761 2762 2763
f 2764 2765 2766
f 2767 2768 2769
f 2770 2771 2772
f 2773 2774 2775
f 2776 2777 2778
f 2779 2780 2781
f 2782 2783 2784
f 2785 2786 2787
f 2788 2789 2790
f 2791 2792 2793
f 2794 2795 2796
f 2797 2798 2799
f 2800 2801 2802
f 2803 2804 2805
f 2806 2807 2808
f 2809 2810 2811
f 2812 2813 2814
f 2815 2816 2817
f 2818 2819 2820
f 2821 2822 2823
f 2824 2825 2826
f 2827 2828 2829
f 2830 2831 2832
f 2833 2834 2835
f 2836 2837 2838
f 2839 2840 2841
f 2842 2843 2844
f 2845 2846 2847
f 2848 2849 2850
f 2851 2852 2853
f 2854 2855 2856
f 2857 2858 2859
f 2860 2861 2862
f 2863 2864 2865
f 2866 2867 2868
f 2869 2870 2871
f 2872 2873 2874
f 2875 2876 2877
f 2878 2879 2880
f 2881 2882 2883
f 2884 2885 2886
f 2887 2888 2889
f 2890 2891 2892
f 2893 2894 2895
f 2896 2897 2898
f 2899 2900 2901
f 2902 2903 2904
f 2905 2906 2907
f 2908 2909 2910
f 2911 2912 2913
f 2914 2915 2916
f 2917 2918 2919
f 2920 2921 2922
f 2923 2924 2925
f 2926 2927 2928
f 2929 2930 2931
f 2932 2933 2934
f 2935 2936 2937
f 2938 2939 2940
f 2941 2942 2943
f 2944 2945 2946
f 2947 2948 2949
f 2950 2951 2952
f 2953 2954 2955
f 2956 2957 2958
f 2959 2960 2961
f 2962 2963 2964
f 2965 2966 2967
f 2968 2969 2970
f 2971 2972 2973
f 2974 2975 2976
f 2977 2978 2979
f 2980 2981 2982
f 2983 2984 2985
f 2986 2987 2988
f 2989 2990 2991
f 2992 2993 2994
f 2995 2996 2997
f 2998 2999 3000
f 3001 3002 3003
f 3004 3005 3006
f 3007 3008 3009
f 3010 3011 3012
f 3013 3014 3015
f 3016 3017 3018
f 3019 3020 3021
f 3022 3023 3024
f 3025 3026 3027
f 3028 3029 3030
f 3031 3032 3033
f 3034 3035 3036
f 3037 3038 3039
f 3040 3041 3042
f 3043 3044 3045
f 3046 3047 3048
f 3049 3050 3051
f 3052 3053 3054
f 3055 3056 3057
f 3058 3059 3060
f 3061 3062 3063
f 3064 3065 3066
f 3067 3068 3069
f 3070 3071 3072
f 3073 3074 3075
f 3076 3077 3078
f 3079 3080 3081
f 3082 3083 3084
f 3085 3086 3087
f 3088 3089 3090
f 3091 3092 3093
f 3094 3095 3096
f 3097 3098 3099
f 3100 3101 3102
f 3103 3104 3105
f 3106 3107 3108
f 3109 3110 3111
f 3112 3113 3114
f 3115 3116 3117
f 3118 3119 3120
f 3121 3122 3123
f 3124 3125 3126
f 3127 3128 3129
f 3130 3131 3132
f 3133 3134 3135
f 3136 3137 3138
f 3139 3140 3141
f 3142 3143 3144
f 3145 3146 3147
f 3148 3149 3150
f 3151 3152 3153
f 3154 3155 3156
f 3157 3158 3159
f 3160 3161 3162
f 3163 3164 3165
f 3166 3167 3168
f 3169 3170 3171
f 3172 3173 3174
f 3175 3176 3177
f 3178 3179 3180
f 3181 3182 3183
f 3184 3185 3186
f 3187 3188 3189
f 3190 3191 3192
f 3193 3194 3195
f 3196 3197 3198
f 3199 3200 3201
f 3202 3203 3204
f 3205 3206 3207
f 3208 3209 3210
f 3211 3212 3213
f 3214 3215 3216
f 3217 3218 3219
f 3220 3221 3222
f 3223 3224 3225
f 3226 3227 3228
f 3229 3230 3231
f 3232 3233 3234
f 3235 3236 3237
f 3238 3239 3240
f 3241 3242 3243
f 3244 3245 3246
f 3247 3248 3249
f 3250 3251 3252
f 3253 3254 3255
f 3256 3257 3258
f 3259 3260 3261
f 3262 3263 3264
f 3265 3266 3267
f 3268 3269 3270
f 3271 3272 3273
f 3274 3275 3276
f 3277 3278 3279
f 3280 3281 3282
f 3283 3284 3285
f 3286 3287 3288
f 3289 3290 3291
f 3292 3293 3294
f 3295 3296 3297
f 3298 3299 3300
f 3301 3302 3303
f 3304 3305 3306
f 3307 3308 3309
f 3310 3311 3312
f 3313 3314 3315
f 3316 3317 3318
f 3319 3320 3321
f 3322 3323 3324
f 3325 3326 3327
f 3328 3329 3330
f 3331 3332 3333
f 3334 3335 3336
f 3337 3338 3339
f 3340 3341 3342
f 3343 3344 3345
f 3346 3347 3348
f 3349 3350 3351
f 3352 3353 3354
f 3355 3356 3357
f 3358 3359 3360
f 3361 3362 3363
f 3364 3365 3366
f 3367 3368 3369
f 3370 3371 3372
f 3373 3374 3375
f 3376 3377 3378
f 3379 3380 3381
f 3382 3383 3384
f 3385 3386 3387
f 3388 3389 3390
f 3391 3392 3393
f 3394 3395 3396
f 3397 3398 3399
f 3400 3401 3402
f 3403 3404 3405
f 3406 3407 3408
f 3409 3410 3411
f 3412 3413 3414
f 3415 3416 3417
f 3418 3419 3420
f 3421 3422 3423
f 3424 3425 3426
f 3427 3428 3429
f 3430 3431 3432
f 3433 3434 3435
f 3436 3437 3438
f 3439 3440 3441
f 3442 3443 3444
f 3445 3446 3447
f 3448 3449 3450
f 3451 3452 3453
f 3454 3455 3456
f 3457 3458 3459
f 3460 3461 3462
f 3463 3464 3465
f 3466 3467 3468
f 3469 3470 3471
f 3472 3473 3474
f 3475 3476 3477
f 3478 3479 3480
f 3481 3482 3483
f 3484 3485 3486
f 3487 3488 3489
f 3490 3491 3492
f 3493 3494 3495
f 3496 3497 3498
