# PSO Extracted Authentic Geometry
v 0.2000 0.0000 0.0000
v 0.0000 0.0000 0.2000
v 0.0000 0.2000 0.0000
v 0.2000 0.0000 0.0000
v 0.0000 0.0000 0.2000
v 0.0000 0.0000 0.2000
v 0.0000 0.2000 0.0000
v 0.2000 0.0000 0.0000
v 0.0000 0.0000 0.2000
v 0.0000 0.2000 0.0000
v 0.2000 0.0000 0.0000
v 0.0000 0.0000 0.2000
v 0.0000 0.2000 0.0000
v 0.2000 0.0000 0.0000
v 0.0000 0.0000 0.2000
v 0.2000 0.0000 0.0000
v 0.0000 0.0000 0.2000
v 0.0000 0.2000 0.0000
v 0.2000 0.0000 0.0000
v 0.0000 0.0000 0.2000
v 0.0000 0.2000 0.0000
v 0.0000 0.2000 0.0000
v 0.2000 0.0000 0.0000
v 0.0000 0.2000 0.0000
v 0.2000 0.0000 0.0000
v 0.0000 0.0000 0.2000
v 0.0000 0.0000 0.2000
v 0.0000 0.0000 0.2000
v 0.2000 0.0000 0.0000
v 0.0000 0.0000 0.2000
v 0.0000 0.0000 0.2000
v 0.0000 0.2000 0.0000
v 0.2000 0.0000 0.0000
v 0.0000 0.0000 0.2000
v 0.0000 0.2000 0.0000
v 0.2000 0.0000 0.0000
v -480.0000 0.0000 -480.0000
v 452.5483 0.0000 0.0000
v 0.0000 -160.0000 0.0000
v -480.0000 0.0000 0.0000
v 0.0000 452.5483 0.0000
v 0.0000 0.0000 160.0000
v 0.0000 -480.0000 0.0000
v 0.0000 0.0000 452.5483
v 480.0000 0.0000 -480.0000
v 452.5483 0.0000 0.0000
v 0.0000 -480.0000 0.0000
v -160.0000 0.0000 0.0000
v 0.0000 452.5483 0.0000
v 0.0000 0.0000 -160.0000
v 0.0000 -160.0000 0.0000
v 0.0000 0.0000 452.5483
v 160.0000 0.0000 -160.0000
v 452.5483 0.0000 0.0000
v 0.0000 480.0000 0.0000
v -160.0000 0.0000 0.0000
v 0.0000 452.5483 0.0000
v 0.0000 0.0000 -480.0000
v 0.0000 160.0000 0.0000
v 0.0000 0.0000 452.5483
v -160.0000 0.0000 160.0000
v 452.5483 0.0000 0.0000
v 0.0000 160.0000 0.0000
v 160.0000 0.0000 0.0000
v 0.0000 452.5483 0.0000
v 0.0000 0.0000 480.0000
v 0.0000 160.0000 0.0000
v 0.0000 0.0000 452.5483
v -480.0000 0.0000 480.0000
v 452.5483 0.0000 0.0000
v 0.0000 -160.0000 0.0000
v 480.0000 0.0000 0.0000
v 0.0000 452.5483 0.0000
v 0.0000 0.0000 160.0000
v 0.0000 480.0000 0.0000
v 0.0000 0.0000 452.5483
v 480.0000 0.0000 480.0000
v 452.5483 0.0000 0.0000
v 0.0000 800.0000 0.0000
v 77.6788 32.7707 -78.8058
v 30.5371 0.0000 0.0000
v 1.0000 1.0000 1.0000
v 103.8586 37.3267 100.1138
v 30.6100 0.0000 0.0000
v 1.0000 1.0000 1.0000
v 1.9922 0.4902 0.0000
v 0.0000 0.0000 66.2172
v 20.8734 79.6052 10.4135
v 0.0000 0.0000 1.0000
v 1.0000 1.0000 0.0000
v -116.2599 122.2179 -58.5292
v 28.7927 0.0000 0.0000
v 1.0000 1.0000 1.0000
v 2.0078 1.0000 0.0000
v -38.2811 4.0430 107.0635
v 19.3215 0.0000 0.0000
v 1.0000 1.0000 1.0000
v 0.0000 0.0000 17.6839
v 38.9551 0.6010 29.0813
v 0.0000 0.0000 1.0000
v 1.0000 1.0000 0.0000
v 1.0000 0.0000 0.0000
v 0.0000 149.0000 54.1248
v 91.0407 7.5831 0.0000
v 0.0000 1.0000 1.0000
v 1.0000 0.0000 0.0000
v 1.0000 0.0000 0.0000
v 0.0000 145.0000 53.5185
v 75.0407 5.6873 0.0000
v 0.0000 1.0000 1.0000
v 1.0000 0.0000 0.0000
v 0.0000 0.0000 37.8343
v 44.3858 90.9549 27.4365
v 0.0000 0.0000 1.0000
v 1.0000 1.0000 0.0000
v 1.0000 0.0000 0.0000
v 0.0000 145.0000 23.9980
v -26.2713 7.5072 0.0000
v 0.0000 1.0000 1.0000
v 1.0000 0.0000 0.0000
v 0.4902 0.0000 0.0000
v 0.0000 107.0012 7.3020
v -94.1016 9.6256 0.0000
v 0.0000 1.0000 1.0000
v 1.0000 0.0000 0.0000
v 1.0000 0.0000 0.0000
v 0.0000 0.0000 -1.7278
v 13.0191 76.2447 18.0584
v 0.0000 0.0000 1.0000
v 1.0000 1.0000 0.0000
v 0.0000 0.0000 -117.9336
v 110.3752 -59.9351 17.4804
v 0.0000 0.0000 1.0000
v 1.0000 1.0000 0.0000
v -85.1883 25.8467 104.2501
v 17.1534 0.0000 0.0000
v 1.0000 1.0000 1.0000
v 2.0078 1.0000 0.0000
v 0.0000 0.0000 63.8801
v 13.1859 -24.8395 19.3338
v 0.0000 0.0000 1.0000
v 1.0000 1.0000 0.0000
v 0.0000 0.0000 4.2836
v 23.6048 83.0804 16.8655
v 0.0000 0.0000 1.0000
v 1.0000 1.0000 0.0000
v 76.7394 22.8062 -81.7022
v 16.1357 0.0000 0.0000
v 1.0000 1.0000 1.0000
v 0.0000 104.0782 28.8932
v 94.9356 18.7556 0.0000
v 0.0000 1.0000 1.0000
v 1.0000 0.0000 0.0000
v 0.0000 0.0000 159.5964
v 92.3000 16.8082 81.5895
v 0.0000 0.0000 1.0000
v 1.0000 1.0000 0.0000
v 0.4902 0.0000 0.0000
v 0.0000 11.5732 14.6809
v 25.0286 10.1434 0.0000
v 0.0000 1.0000 1.0000
v 1.0000 0.0000 0.0000
v 1.0000 0.0000 0.0000
v 0.0000 -44.8247 80.5478
v -150.5158 207.9597 0.0000
v 0.0000 1.0000 1.0000
v 1.0000 0.0000 0.0000
v 1.0039 -3.4314 0.0000
v 0.0000 0.0000 151.6067
v 66.7566 -14.7009 82.2940
v 0.0000 0.0000 1.0000
v 1.0000 1.0000 0.0000
v 0.0000 -112.5240 51.4186
v -151.4607 34.6808 0.0000
v 0.0000 1.0000 1.0000
v 1.0000 0.0000 0.0000
v 0.3804 0.9922 0.0000
v 0.0000 146.5287 88.4507
v 62.5045 86.5935 0.0000
v 0.0000 1.0000 1.0000
v 1.0000 0.0000 0.0000
v -4.0157 0.0000 0.0000
v 0.0000 -123.5751 27.2385
v 131.4607 60.1109 0.0000
v 0.0000 1.0000 1.0000
v 1.0000 0.0000 0.0000
v 0.0000 0.0000 13.9519
v 35.1682 0.8212 17.6272
v 0.0000 0.0000 1.0000
v 1.0000 1.0000 0.0000
v 0.0000 0.0000 27.2809
v 27.3178 -28.2328 21.8958
v 0.0000 0.0000 1.0000
v 1.0000 1.0000 0.0000
v 0.0000 0.0000 119.8245
v 25.3178 -18.2533 22.3647
v 0.0000 0.0000 1.0000
v 1.0000 1.0000 0.0000
v 40.0177 36.1086 97.0527
v 18.1302 0.0000 0.0000
v 1.0000 1.0000 1.0000
v 2.0078 0.0000 0.0000
v 135.6117 21.3178 -102.3693
v 22.1632 0.0000 0.0000
v 1.0000 1.0000 1.0000
v 2.0078 0.9098 0.0000
v 0.0000 16.6432 27.7000
v -29.8648 4.8444 0.0000
v 0.0000 1.0000 1.0000
v 1.0000 0.0000 0.0000
v 0.0000 0.0000 87.5964
v 100.3000 165.8082 81.5895
v 0.0000 0.0000 1.0000
v 1.0000 1.0000 0.0000
v 2.0078 0.9098 0.0000
v 0.0000 129.3693 25.7000
v -10.8529 4.8464 0.0000
v 0.0000 1.0000 1.0000
v 1.0000 0.0000 0.0000
v 134.9038 21.7000 -112.1019
v 4.7640 0.0000 0.0000
v 1.0000 1.0000 1.0000
v 2.0078 1.0000 0.0000
v 0.0000 0.0000 107.5444
v 32.4948 132.7324 3.1909
v 0.0000 0.0000 1.0000
v 1.0000 1.0000 0.0000
v 0.0000 0.0000 -193.5000
v 70.0000 -31.2500 -8.0000
v 0.8275 -0.9725 -195.6493
v 60.0000 -29.5316 0.0000
v 0.6745 -0.8863 -195.6493
v 16.0955 -29.5316 0.0000
v 0.0000 -0.8863 -190.1493
v 16.0955 -14.0316 0.0000
v 0.0000 -0.0863 -190.1493
v 60.0000 -14.0316 0.0000
v 0.6745 -0.0863 -188.2500
v 70.0000 -15.8750 0.0000
v 0.8275 -0.1804 -198.7500
v 70.0000 -46.6250 0.0000
v 0.8275 -1.7647 -196.1250
v 70.0000 -38.9375 0.0000
v 0.8275 -1.3686 -201.1493
v 60.0000 -45.0316 0.0000
v 0.6745 -1.6863 -198.3993
v 60.0000 -37.2816 0.0000
v 0.6745 -1.2863 -201.1493
v 16.0955 -45.0316 0.0000
v 0.0000 -1.6863 -198.3993
v 16.0955 -37.2816 0.0000
v 0.0000 -1.2863 -243.6024
v 16.0955 -117.2504 -8.0000
v 0.0000 -5.4078 -214.9123
v 70.0000 -78.6329 0.0000
v 0.0000 -4.9294 -217.3993
v 60.0000 -77.0316 0.0000
v 0.8275 -5.0275 -217.3993
v 16.0955 -77.0316 0.0000
v 0.0000 -3.3333 -212.0243
v 16.0955 -68.7816 0.0000
v 0.0000 -2.9098 -212.0243
v 60.0000 -68.7816 0.0000
v 0.6745 -2.9098 -209.4561
v 70.0000 -70.3164 0.0000
v 0.8275 -2.9882 -212.1842
v 70.0000 -74.4747 0.0000
v 0.8275 -3.2039 -214.7118
v 60.0000 -72.9066 0.0000
v 0.6745 -3.1216 -214.7118
v 16.0955 -72.9066 0.0000
v 0.0000 -3.1216 -236.7370
v 70.0000 -111.8987 0.0000
v 0.8275 -5.1333 -238.8993
v 60.0000 -110.0316 0.0000
v 0.6745 -5.0353 -238.8993
v 16.0955 -110.0316 0.0000
v 0.0000 -5.0353 -242.1931
v 70.0000 -120.2152 0.0000
v 0.8275 -5.5608 -244.2743
v 60.0000 -118.2816 0.0000
v 0.6745 -5.4627 -244.2743
v 16.0955 -118.2816 0.0000
v 0.0000 -5.4627 -240.2431
v 16.0955 -112.0941 0.0000
v 0.0000 -5.1412 -154.6493
v 99.7205 -75.6566 0.0000
v 1.2824 -3.2627 -238.1010
v 70.0000 -113.9778 0.0000
v 0.8275 -5.2392 -238.7831
v 70.0000 -115.0174 -8.0000
v 0.8275 -5.2941 -176.6493
v 99.7205 -98.9066 0.0000
v 0.6745 -5.4078 -241.5111
v 70.0000 -119.1756 -8.0000
v 0.8275 -5.5098 -212.6962
v 60.0000 -69.8129 -8.0000
v 0.6745 -2.9608 -214.0399
v 16.0955 -71.8754 -8.0000
v 0.0000 -3.0706 -188.9062
v 70.0000 -17.7969 -8.0000
v 0.8275 -0.2784 -190.8368
v 60.0000 -15.9691 -8.0000
v 0.6745 -0.1843 -212.6962
v 16.0955 -69.8129 -8.0000
v 0.8275 -0.8745 -190.8368
v 16.0955 -15.9691 8.0000
v 0.0000 -0.1843 -194.9618
v 16.0955 -27.5941 -8.0000
v 0.6745 -3.4392 -196.7812
v 70.0000 -40.8594 -8.0000
v 0.8275 -1.4706 -198.0938
v 70.0000 -44.7031 -8.0000
v 0.0000 -3.4392 -200.4618
v 60.0000 -43.0941 -8.0000
v 0.0000 -1.5843 -199.0868
v 16.0955 -39.2191 -8.0000
v 0.6745 -4.9294 -211.5022
v 70.0000 -73.4351 -8.0000
v 0.8275 -3.1490 -210.1382
v 70.0000 -71.3560 -8.0000
v 0.8275 -3.0431 -240.9149
v 60.0000 -113.1254 -8.0000
v 0.6745 -3.0706 -216.5000
v 110.0000 -122.2500 0.0000
v 1.4392 -5.6667 -217.6493
v 99.7205 -119.5316 0.0000
v 1.2824 -5.5255 -217.6493
v 70.0000 -119.5316 0.0000
v 0.8275 -5.5255 -232.6493
v 70.0000 -124.0316 -0.0000
v 0.8275 -5.7569 -232.6493
v 99.7205 -124.0316 -0.0000
v 1.2824 -5.7569 -231.2500
v 110.0000 -126.6250 -0.0000
v 1.4392 -5.8941 -238.6250
v 110.0000 -128.8125 0.0000
v 1.4392 -6.0039 -240.1493
v 99.7205 -126.2816 0.0000
v 1.2824 -5.8745 -240.1493
v 70.0000 -126.2816 0.0000
v 0.8275 -5.8745 -165.0000
v 110.0000 -90.5000 -8.0000
v 1.4392 -4.0275 -176.0000
v 110.0000 -102.0000 0.0000
v 1.4392 -4.6235 -154.0000
v 110.0000 -79.0000 0.0000
v 1.4392 -3.4353 -165.6493
v 70.0000 -87.2816 -8.0000
v 0.8275 -3.8627 -176.6493
v 70.0000 -98.9066 0.0000
v 0.8275 -4.4627 -154.6493
v 70.0000 -75.6566 0.0000
v 1.2824 -3.8627 -240.9149
v 16.0955 -113.1254 -8.0000
v 0.0000 -5.1961 -240.2431
v 60.0000 -112.0941 0.0000
v 0.6745 -5.1412 -230.7743
v 70.0000 -123.4691 -0.0000
v 1.4392 -5.9765 -230.7743
v 99.7205 -123.4691 -0.0000
v 1.2824 -5.8471 -229.4062
v 110.0000 -126.0781 -0.0000
v 1.4392 -4.1765 -155.3750
v 110.0000 -80.4375 -8.0000
v 1.2824 -4.0118 -156.0243
v 99.7205 -77.1097 -8.0000
v 0.8275 -4.0118 -156.0243
v 70.0000 -77.1097 -8.0000
v 1.4392 -4.5490 -166.3750
v 110.0000 -91.9375 -0.0000
v 1.4392 -4.1020 -167.0243
v 99.7205 -88.7347 -0.0000
v 1.2824 -3.9373 -167.0243
v 70.0000 -88.7347 -0.0000
v 0.8275 -3.9373 -171.8368
v 70.0000 -93.8207 -0.0000
v 0.8275 -4.2000 -171.8368
v 99.7205 -93.8207 -0.0000
v 1.2824 -4.2000 -171.1875
v 110.0000 -96.9688 -0.0000
v 1.4392 -4.3647 -225.7977
v 16.0955 -89.9222 -0.0000
v 0.0000 -4.0000 -225.7977
v 60.0000 -89.9222 -0.0000
v 0.6745 -4.0000 -221.0505
v 70.0000 -87.9889 -0.0000
v 0.8275 -3.8980 -223.4462
v 60.0000 -86.3129 -0.0000
v 0.6745 -3.8118 -223.4376
v 70.0000 -91.6274 -0.0000
v 0.8275 -4.0863 -223.4462
v 16.0955 -86.3129 -0.0000
v 1.9765 -8.9333 -165.0625
v 110.0000 -176.2812 -0.0000
v 1.4392 -8.4549 -165.0625
v 135.0000 -176.2812 -0.0000
v 1.8235 -8.4549 -163.4375
v 145.0000 -178.3438 -0.0000
v 1.4392 -7.3059 -130.6875
v 145.0000 -149.4688 -0.0000
v 1.9765 -7.0706 -131.8125
v 135.0000 -146.6562 -0.0000
v 1.8235 -6.9255 -131.8125
v 110.0000 -146.6562 -0.0000
v 1.4392 -6.9255 -173.6719
v 145.0000 -187.3672 0.0000
v 1.9765 -9.0235 -175.4531
v 135.0000 -185.5391 0.0000
v 1.8235 -8.9294 -175.4531
v 110.0000 -185.5391 0.0000
v 1.4392 -8.9294 -162.9844
v 110.0000 -174.4297 0.0000
v 1.4392 -8.3569 -162.9844
v 135.0000 -174.4297 0.0000
v 1.8235 -8.3569 -161.3906
v 145.0000 -176.5391 0.0000
v 1.4392 -7.6902 -152.5938
v 110.0000 -165.1719 0.0000
v 1.4392 -7.8824 -152.5938
v 135.0000 -165.1719 0.0000
v 1.8235 -7.8824 -151.1562
v 145.0000 -167.5156 0.0000
v 1.9765 -8.0000 -126.5938
v 145.0000 -145.8594 0.0000
v 1.9765 -6.8863 -127.6562
v 135.0000 -142.9531 0.0000
v 1.8235 -6.7333 -127.6562
v 110.0000 -142.9531 0.0000
v 1.4392 -6.7333 -144.2812
v 110.0000 -157.7656 -0.0000
v 1.4392 -7.4980 -144.2812
v 135.0000 -157.7656 -0.0000
v 1.8235 -7.4980 -142.9688
v 145.0000 -160.2969 -0.0000
v 1.9765 -7.6275 -109.0000
v 70.0000 -7.0000 0.0000
v 0.8275 0.2745 -127.5000
v 70.0000 4.7500 0.0000
v 0.8275 0.8784 -107.6493
v 60.0000 -4.7816 0.0000
v 0.6745 0.3882 -126.6493
v 60.0000 7.0934 0.0000
v 0.6745 1.0000 -107.6493
v 16.0955 -4.7816 0.0000
v 0.0000 0.3882 -126.6493
v 16.0955 7.0934 0.0000
v 0.0000 1.0000 -88.6493
v 16.0955 -16.6566 0.0000
v 0.0000 -0.2196 -88.6493
v 60.0000 -16.6566 0.0000
v 0.6745 -0.2196 -90.5000
v 70.0000 -18.7500 0.0000
v 0.8275 -0.3294 -81.2500
v 70.0000 -24.6250 0.0000
v 0.8275 -0.6314 -79.1493
v 60.0000 -22.5941 0.0000
v 0.6745 -0.5255 -79.1493
v 16.0955 -22.5941 0.0000
v 0.0000 -0.5255 -73.9001
v 110.0000 -108.2500 0.0000
v 1.4392 -4.9451 -83.8501
v 110.0000 -82.8750 0.0000
v 1.4392 -3.6353 -72.0494
v 99.7205 -106.2816 0.0000
v 1.2824 -4.8431 -82.2495
v 99.7205 -80.6566 0.0000
v 1.2824 -3.5216 -72.0494
v 70.0000 -106.2816 0.0000
v 0.8275 -4.8431 -82.2495
v 70.0000 -80.6566 0.0000
v 0.8275 -3.5216 -63.9500
v 110.0000 -133.6250 0.0000
v 1.4392 -6.2549 -61.8494
v 99.7205 -131.9066 0.0000
v 1.2824 -6.1647 -61.8494
v 70.0000 -131.9066 0.0000
v 0.8275 -6.1647 -56.7493
v 70.0000 -144.7191 0.0000
v 0.8275 -6.8275 -56.7493
v 99.7205 -144.7191 0.0000
v 1.2824 -6.8275 -58.9750
v 110.0000 -146.3125 0.0000
v 1.4392 -6.9098 -51.0000
v 70.0000 -99.0000 0.0000
v 0.8275 -4.4667 -48.6493
v 60.0000 -97.2816 0.0000
v 0.6745 -4.3804 -48.6493
v 16.0955 -97.2816 0.0000
v 0.0000 -4.3804 -59.1493
v 16.0955 -62.9066 0.0000
v 0.0000 -2.6078 -59.1493
v 60.0000 -62.9066 0.0000
v 0.6745 -2.6078 -61.5000
v 70.0000 -64.7500 0.0000
v 0.8275 -2.7020 -66.7500
v 70.0000 -47.6250 0.0000
v 0.8275 -1.8196 -64.3993
v 60.0000 -45.7191 0.0000
v 0.6745 -1.7216 -64.3993
v 16.0955 -45.7191 0.0000
v 0.0000 -1.7216 -61.7743
v 16.0955 -54.3129 0.0000
v 0.0000 -2.1647 -61.7743
v 60.0000 -54.3129 0.0000
v 0.6745 -2.1647 -64.1250
v 70.0000 -56.1875 0.0000
v 0.8275 -2.2588 -88.2500
v 145.0000 -151.6250 0.0000
v 1.9765 -7.1804 -87.7500
v 135.0000 -149.1250 0.0000
v 1.8235 -7.0510 -87.7500
v 110.0000 -149.1250 0.0000
v 1.4392 -7.0510 -70.8750
v 110.0000 -154.0625 0.0000
v 1.4392 -7.3059 -70.8750
v 135.0000 -154.0625 0.0000
v 1.8235 -7.3059 -72.1250
v 145.0000 -156.3125 0.0000
v 0.6745 0.4627 -124.2743
v 16.0955 5.6090 -8.0000
v 0.0000 0.9216 -113.6250
v 70.0000 -4.0625 -0.0000
v 0.8275 0.3490 -124.2743
v 60.0000 5.6090 -8.0000
v 0.6745 0.9216 -112.3993
v 60.0000 -1.8129 -0.0000
v 0.0000 0.4627 -125.1875
v 70.0000 3.2812 -8.0000
v 0.8275 0.8039 -112.3993
v 16.0955 -1.8129 -0.0000
v 0.0000 0.5412 -63.7431
v 60.0000 -47.8676 -8.0000
v 0.0000 -0.2980 -81.5243
v 16.0955 -21.1097 -8.0000
v 0.0000 -0.4510 -83.5312
v 135.0000 -150.3594 -0.0000
v 1.8235 -7.1176 -88.1875
v 70.0000 -20.2188 -8.0000
v 0.8275 -0.4039 -83.5625
v 70.0000 -23.1562 -8.0000
v 0.8275 -0.5569 -75.0938
v 135.0000 -152.8281 -8.0000
v 1.8235 -7.2431 -86.2743
v 60.0000 -18.1410 -8.0000
v 0.6745 -0.2980 -81.5243
v 60.0000 -21.1097 -8.0000
v 0.6745 -0.4510 -80.9745
v 70.0000 -83.8597 -0.0000
v 0.8275 -3.6863 -76.1562
v 145.0000 -155.1406 -8.0000
v 1.9765 -7.3647 -64.7812
v 70.0000 -54.0469 -0.0000
v 1.4392 -6.7451 -62.7063
v 110.0000 -136.7969 -0.0000
v 1.4392 -6.4157 -84.2188
v 145.0000 -152.7969 -0.0000
v 1.9765 -7.2431 -75.0938
v 110.0000 -152.8281 -0.0000
v 1.4392 -7.2431 -62.4306
v 60.0000 -52.1644 -0.0000
v 0.6745 -2.0510 -83.5312
v 110.0000 -150.3594 -0.0000
v 1.4392 -7.1176 -55.2118
v 16.0955 -75.7972 -8.0000
v 0.0000 -3.2706 -55.2118
v 60.0000 -75.7972 -8.0000
v 0.6745 -3.2706 -57.5625
v 70.0000 -77.5938 -8.0000
v 0.0000 -2.8275 -49.9618
v 16.0955 -92.9847 -0.0000
v 0.0000 -4.1569 -49.9618
v 60.0000 -92.9847 -0.0000
v 0.6745 -4.1569 -52.3125
v 70.0000 -94.7188 -0.0000
v 0.8275 -4.2471 -60.5744
v 99.7205 -135.1097 -0.0000
v 1.2824 -6.6588 -80.9745
v 99.7205 -83.8597 -0.0000
v 0.8275 -6.6588 -82.6064
v 110.0000 -86.0469 -0.0000
v 1.4392 -3.8000 -60.5744
v 70.0000 -135.1097 -0.0000
v 0.8275 -6.3294 -76.3876
v 110.0000 -101.9062 -0.0000
v 1.4392 -4.6157 -74.5994
v 99.7205 -99.8754 -0.0000
v 1.2824 -4.5137 -74.5994
v 70.0000 -99.8754 -0.0000
v 0.8275 -4.5137 -73.3244
v 70.0000 -103.0785 -8.0000
v 0.8275 -4.6784 -73.3244
v 99.7205 -103.0785 -8.0000
v 1.2824 -4.6784 -75.1439
v 110.0000 -105.0781 -8.0000
v 1.4392 -4.7804 -66.0938
v 70.0000 -49.7656 -8.0000
v 0.8275 -1.9294 -62.4306
v 16.0955 -52.1644 -0.0000
v 0.0000 -2.0510 -63.7431
v 16.0955 -47.8676 -0.0000
v 0.0000 -1.8314 -236.7831
v 72.0000 -116.0174 0.0000
v 0.8588 -5.3451 -221.4376
v 72.0000 -92.6274 0.0000
v 0.8588 -4.1373 -209.5022
v 72.0000 -74.4351 0.0000
v 0.8588 -3.2000 -228.4062
v 112.0000 -128.0781 0.0000
v 1.4706 -5.9686 -164.0000
v 112.0000 -92.5000 0.0000
v 1.4706 -4.1333 -194.7812
v 72.0000 -41.8594 0.0000
v 0.8588 -1.5216 -186.9062
v 72.0000 -18.7969 0.0000
v 0.8588 -0.3294 -126.1875
v 72.0000 1.2812 0.0000
v 0.8588 0.7020 -89.1875
v 72.0000 -22.2188 0.0000
v 0.8588 -0.5059 -68.0938
v 72.0000 -50.7656 0.0000
v 0.8588 -1.9804 -59.5625
v 72.0000 -78.5938 0.0000
v 0.8588 -3.4157 -78.3876
v 112.0000 -102.9062 0.0000
v 1.4706 -4.6706 -62.2188
v 112.0000 -144.1406 0.0000
v 1.4706 -6.7961 -162.4375
v 147.0000 -180.3438 0.0000
v 2.0078 -8.6627 -137.8750
v 147.0000 -158.6875 0.0000
v 2.0078 -7.5451 -235.7812
v 112.0000 -130.2656 0.0000
v 1.4706 -6.0784 -230.2500
v 112.0000 -128.6250 0.0000
v 1.4706 -5.9961 -217.3438
v 112.0000 -124.7969 0.0000
v 1.4706 -5.8000 -239.5111
v 72.0000 -120.1756 0.0000
v 0.8588 -5.5608 -233.3729
v 72.0000 -110.8196 0.0000
v 0.8588 -5.0784 -219.0505
v 72.0000 -88.9889 0.0000
v 0.8588 -3.9529 -214.2764
v 72.0000 -81.7120 0.0000
v 0.8588 -3.5765 -208.1382
v 72.0000 -72.3560 0.0000
v 0.8588 -3.0941 -196.0938
v 72.0000 -45.7031 0.0000
v 0.8588 -1.7176 -190.8438
v 72.0000 -30.3281 0.0000
v 0.8588 -0.9255 -170.1875
v 112.0000 -98.9688 0.0000
v 1.4706 -4.4667 -173.6250
v 112.0000 -102.5625 0.0000
v 1.4706 -4.6510 -166.7500
v 112.0000 -95.3750 0.0000
v 1.4706 -4.2824 -165.3750
v 112.0000 -93.9375 0.0000
v 1.4706 -4.2078 -154.3750
v 112.0000 -82.4375 0.0000
v 1.4706 -3.6118 -114.6250
v 72.0000 -6.0625 0.0000
v 0.8588 0.3216 -112.3125
v 72.0000 -7.5312 0.0000
v 0.8588 0.2471 -84.5625
v 72.0000 -25.1562 0.0000
v 0.8588 -0.6588 -66.7812
v 72.0000 -55.0469 0.0000
v 0.8588 -2.2000 -62.1875
v 72.0000 -70.0312 0.0000
v 0.8588 -2.9725 -54.3125
v 72.0000 -95.7188 0.0000
v 0.8588 -4.2980 -84.6064
v 112.0000 -87.0469 0.0000
v 1.4706 -3.8510 -77.1439
v 112.0000 -106.0781 0.0000
v 1.4706 -4.8314 -64.7063
v 112.0000 -137.7969 0.0000
v 1.4706 -6.4706 -170.6250
v 147.0000 -187.5625 0.0000
v 2.0078 -9.0353 -141.9688
v 147.0000 -162.2969 0.0000
v 2.0078 -7.7333 -146.0625
v 147.0000 -165.9062 0.0000
v 2.0078 -7.9176 -129.6875
v 147.0000 -151.4688 0.0000
v 2.0078 -7.1725 -77.1562
v 147.0000 -157.1406 0.0000
v 2.0078 -7.4667 -85.2188
v 147.0000 -154.7969 0.0000
v 2.0078 -7.3451 0.0000
v -146.4618 81.5478 -90.2346
v 120.9873 0.0000 0.0000
v 1.0000 1.0000 1.0000
v -0.5882 0.0000 0.0000
v 0.0000 0.0000 51.5356
v 85.4672 -244.0574 79.1382
v 0.0000 0.0000 1.0000
v 1.0000 1.0000 0.0000
v 0.0000 0.6000 0.0000
v 100.5117 36.4213 131.7267
v 4.4318 0.0000 0.0000
v 1.0000 1.0000 1.0000
v 0.0000 100.1057 41.6258
v 31.4867 27.3637 0.0000
v 0.0000 1.0000 1.0000
v 1.0000 0.0000 0.0000
v 0.0000 0.0000 -77.2791
v 10.8559 46.6426 29.4936
v 0.0000 0.0000 1.0000
v 1.0000 1.0000 0.0000
v 0.4863 -2.6275 0.0000
v -179.9594 61.0994 52.4098
v 132.4736 0.0000 0.0000
v 1.0000 1.0000 1.0000
v -36.8697 4.9732 -110.9199
v 16.7091 0.0000 0.0000
v 1.0000 1.0000 1.0000
v 1.0000 0.0000 0.0000
v 0.0000 28.7451 25.4478
v 153.6496 25.5117 0.0000
v 0.0000 1.0000 1.0000
v 1.0000 0.0000 0.0000
v 0.3804 -4.0078 0.0000
v 57.9358 95.3755 137.5587
v 83.3000 0.0000 0.0000
v 1.0000 1.0000 1.0000
v 0.2824 0.7255 0.0000
v 0.0000 -7.9232 72.0625
v 156.0659 33.3890 0.0000
v 0.0000 1.0000 1.0000
v 1.0000 0.0000 0.0000
v 0.2824 0.7255 0.0000
v 131.9384 46.5412 -100.6704
v 33.9916 0.0000 0.0000
v 1.0000 1.0000 1.0000
v 0.0000 0.0000 137.5702
v 49.2178 143.5964 22.8813
v 0.0000 0.0000 1.0000
v 1.0000 1.0000 0.0000
v 99.2855 30.9100 33.3433
v 17.7387 0.0000 0.0000
v 1.0000 1.0000 1.0000
v 2.0078 1.0000 0.0000
v 0.0000 0.0000 -15.2000
v 15.2564 102.8999 3.4945
v 0.0000 0.0000 1.0000
v 1.0000 1.0000 0.0000
v 2.0078 0.0000 0.0000
v 98.9208 33.2178 94.9698
v 22.2389 0.0000 0.0000
v 1.0000 1.0000 1.0000
v 2.0078 1.0000 0.0000
v 0.0000 0.0000 -18.2000
v 14.0199 92.8999 3.9313
v 0.0000 0.0000 1.0000
v 1.0000 1.0000 0.0000
v 2.0078 1.0000 0.0000
v -11.2000 13.9493 88.8999
v 4.3681 0.0000 0.0000
v 1.0000 1.0000 1.0000
v 91.6010 33.6000 104.7228
v 4.8534 0.0000 0.0000
v 1.0000 1.0000 1.0000
v 2.0078 1.0000 0.0000
v 0.0000 0.0000 78.8000
v 11.0656 38.8999 4.3681
v 0.0000 0.0000 1.0000
v 1.0000 1.0000 0.0000
v 2.0078 -1.0039 0.0000
v 0.0000 0.0000 90.8000
v 9.5468 21.8999 4.3681
v 0.0000 0.0000 1.0000
v 1.0000 1.0000 0.0000
v 0.0000 0.0000 -110.0000
v 117.9000 -155.0000 148.6607
v 0.0000 0.0000 1.0000
v 1.0000 1.0000 0.0000
v 0.6000 0.0000 0.0000
v 0.0000 0.0000 87.8000
v 8.7129 13.8999 4.3681
v 0.0000 0.0000 1.0000
v 1.0000 1.0000 0.0000
v 0.7059 -2.8314 0.0000
v -123.9595 45.4053 -212.7672
v 121.2158 0.0000 0.0000
v 1.0000 1.0000 1.0000
v 0.0000 0.8309 48.3153
v 33.9678 26.8161 0.0000
v 0.0000 1.0000 1.0000
v 1.0000 0.0000 0.0000
v 0.0000 0.0000 218.4770
v 53.5053 104.4098 120.3025
v 0.0000 0.0000 1.0000
v 1.0000 1.0000 0.0000
v 1.0000 0.0000 0.0000
v 171.6944 68.4590 -200.6427
v 192.7129 0.0000 0.0000
v 1.0000 1.0000 1.0000
v 0.0000 66.3829 35.3858
v 108.7270 29.8296 0.0000
v 0.0000 1.0000 1.0000
v 1.0000 0.0000 0.0000
v 0.0000 -121.0766 73.1034
v 24.7335 85.5903 0.0000
v 0.0000 1.0000 1.0000
v 1.0000 0.0000 0.0000
v 0.0000 -102.5354 22.3178
v 6.7710 22.6555 0.0000
v 0.0000 1.0000 1.0000
v 1.0000 0.0000 0.0000
v 0.0000 116.1181 82.9179
v -35.3695 27.8198 0.0000
v 0.0000 1.0000 1.0000
v 1.0000 0.0000 0.0000
v -110.1832 22.7000 15.4945
v 4.8022 0.0000 0.0000
v 1.0000 1.0000 1.0000
v 2.2353 -0.9569 0.0000
v 0.0000 0.0000 -100.5737
v 35.9018 94.0581 56.2475
v 0.0000 0.0000 1.0000
v 1.0000 1.0000 0.0000
v 2.0078 1.0000 0.0000
v 0.0000 0.0000 -158.7508
v 14.6520 -94.6009 27.6118
v 0.0000 0.0000 1.0000
v 1.0000 1.0000 0.0000
v 131.0000 113.5000 -98.0000
v 148.6607 0.0000 0.0000
v 1.0000 1.0000 1.0000
v 1.0196 0.4902 0.0000
v 0.0000 0.0000 95.7553
v 49.3957 -109.9587 8.1216
v 0.0000 0.0000 1.0000
v 1.0000 1.0000 0.0000
v 0.0000 0.0000 -22.5619
v 17.8695 -61.7524 22.6980
v 0.0000 0.0000 1.0000
v 1.0000 1.0000 0.0000
v -187.4087 57.1582 36.2672
v 30.8954 0.0000 0.0000
v 1.0000 1.0000 1.0000
v 46.4492 50.2870 -108.2985
v 30.3272 0.0000 0.0000
v 1.0000 1.0000 1.0000
v 2.0078 1.0000 0.0000
v 0.0000 0.0000 -11.8703
v 19.2618 15.7133 12.3849
v 0.0000 0.0000 1.0000
v 1.0000 1.0000 0.0000
v 0.0000 25.2130 17.2036
v -48.9795 51.0805 0.0000
v 0.0000 1.0000 1.0000
v 1.0000 0.0000 0.0000
v 0.0000 0.0000 -129.5254
v 73.0932 -126.8935 34.8496
v 0.0000 0.0000 1.0000
v 1.0000 1.0000 0.0000
v 0.0000 -73.5002 16.0571
v 135.5111 11.8358 0.0000
v 0.0000 1.0000 1.0000
v 1.0000 0.0000 0.0000
v 0.2824 0.7255 0.0000
v 0.0000 85.2046 51.4202
v 154.4126 34.1646 0.0000
v 0.0000 1.0000 1.0000
v 1.0000 0.0000 0.0000
v 0.0000 1.0000 0.0000
v 0.0000 -326.0000 116.3120
v -64.7281 19.4392 0.0000
v 0.0000 1.0000 1.0000
v 1.0000 0.0000 0.0000
v 1.0000 0.0000 0.0000
v 96.0883 7.8145 154.6951
v 27.9890 0.0000 0.0000
v 1.0000 1.0000 1.0000
v 0.0000 0.0000 -191.7589
v 54.7238 35.9004 18.1855
v 0.0000 0.0000 1.0000
v 1.0000 1.0000 0.0000
v 53.9156 44.4206 -109.6147
v 19.3418 0.0000 0.0000
v 1.0000 1.0000 1.0000
v 1.0039 1.0000 0.0000
v 0.0000 0.0000 72.1859
v 40.4819 74.0407 7.7600
v 0.0000 0.0000 1.0000
v 1.0000 1.0000 0.0000
v 2.0706 0.7176 0.0000
v 0.0000 -150.0111 31.4009
v 69.3440 10.4777 0.0000
v 0.0000 1.0000 1.0000
v 1.0000 0.0000 0.0000
v 2.0706 0.7176 0.0000
v 0.0000 -153.0111 32.4008
v 20.3440 10.4777 0.0000
v 0.0000 1.0000 1.0000
v 1.0000 0.0000 0.0000
v 0.3765 -9.1216 0.0000
v -151.5565 53.7787 -140.8262
v 33.9945 0.0000 0.0000
v 1.0000 1.0000 1.0000
v 0.7176 0.0000 0.0000
v -257.0111 91.5727 75.3440
v 10.4777 0.0000 0.0000
v 1.0000 1.0000 1.0000
v 0.7176 0.0000 0.0000
v -272.0111 83.4298 -26.6560
v 10.4777 0.0000 0.0000
v 1.0000 1.0000 1.0000
v 0.1369 37.5686 31.3800
v 16.4000 0.0000 0.0000
v 1.0000 1.0000 1.0000
v 2.0078 -1.0039 0.0000
v 0.0000 0.0000 111.2174
v 33.7960 -175.0514 3.5454
v 0.0000 0.0000 1.0000
v 1.0000 1.0000 0.0000
v 10.0392 0.4980 0.0000
v 0.0000 -334.0000 85.2263
v 172.0000 30.0666 0.0000
v 0.0000 1.0000 1.0000
v 1.0000 0.0000 0.0000
v 0.0000 0.0000 69.5049
v 31.3264 105.9132 18.3128
v 0.0000 0.0000 1.0000
v 1.0000 1.0000 0.0000
v 0.4980 0.0000 0.0000
v -312.0000 95.1774 144.0000
v 37.5533 0.0000 0.0000
v 1.0000 1.0000 1.0000
v 0.3804 0.9922 0.0000
v 0.0000 0.0000 98.3719
v 93.1532 -100.9741 80.1805
v 0.0000 0.0000 1.0000
v 1.0000 1.0000 0.0000
v 0.0000 0.0000 119.6068
v 73.3403 -34.0766 16.6578
v 0.0000 0.0000 1.0000
v 1.0000 1.0000 0.0000
v -4.0157 0.0000 0.0000
v 139.9019 85.6192 -165.4606
v 92.5723 0.0000 0.0000
v 1.0000 1.0000 1.0000
v 0.0000 0.0000 129.9472
v 49.6000 -169.2491 4.7410
v 0.0000 0.0000 1.0000
v 1.0000 1.0000 0.0000
v 1.0000 0.0000 0.0000
v 0.0000 149.5964 61.2500
v 149.8082 53.7135 0.0000
v 0.0000 1.0000 1.0000
v 1.0000 0.0000 0.0000
v 0.2471 0.0000 0.0000
v 0.0000 -285.2500 89.0965
v 34.0000 55.2606 0.0000
v 0.0000 1.0000 1.0000
v 1.0000 0.0000 0.0000
v 1.0000 0.0000 0.0000
v -297.5707 89.5652 -69.4832
v 57.7990 0.0000 0.0000
v 1.0000 1.0000 1.0000
v 1.0000 0.0000 0.0000
v 0.0000 25.8000 8.9563
v 147.8999 3.4945 0.0000
v 0.0000 1.0000 1.0000
v 1.0000 0.0000 0.0000
v 0.0000 -29.0000 18.7000
v 89.7500 23.6699 0.0000
v 0.0000 1.0000 1.0000
v 1.0000 0.0000 0.0000
v 0.0000 0.0000 86.0000
v 117.9000 151.0000 148.6607
v 0.0000 0.0000 1.0000
v 1.0000 1.0000 0.0000
v 1.0000 0.0000 0.0000
v 0.0000 108.3189 22.8294
v 125.4419 3.5997 0.0000
v 0.0000 1.0000 1.0000
v 1.0000 0.0000 0.0000
v 0.0000 -131.0000 112.9000
v -134.0000 148.6607 0.0000
v 0.0000 1.0000 1.0000
v 1.0000 0.0000 0.0000
v -365.0000 91.4000 160.3540
v 44.8220 0.0000 0.0000
v 1.0000 1.0000 1.0000
v 1.0000 0.0000 0.0000
v 0.0000 107.5619 21.7873
v 131.0397 3.2397 0.0000
v 0.0000 1.0000 1.0000
v 1.0000 0.0000 0.0000
v 1.0000 0.0000 0.0000
v 0.0000 -302.0000 91.4000
v 177.3540 44.8220 0.0000
v 0.0000 1.0000 1.0000
v 1.0000 0.0000 0.0000
v 4.0157 1.0000 0.0000
v 0.0000 0.0000 -321.0000
v 103.6730 103.3540 44.8220
v 0.0000 0.0000 1.0000
v 1.0000 1.0000 0.0000
v 120.6988 23.6322 132.9782
v 3.5997 0.0000 0.0000
v 1.0000 1.0000 1.0000
v 54.4512 39.5520 128.9900
v 8.4260 0.0000 0.0000
v 1.0000 1.0000 1.0000
v 0.4902 0.0000 0.0000
v 0.0000 -109.2331 52.8901
v -141.9173 8.0400 0.0000
v 0.0000 1.0000 1.0000
v 1.0000 0.0000 0.0000
v 2.6627 0.0745 0.0000
v 90.4253 80.5478 -150.5158
v 199.3880 0.0000 0.0000
v 1.0000 1.0000 1.0000
v 0.4902 0.0000 0.0000
v 0.0000 123.2119 32.3801
v -161.9861 8.1518 0.0000
v 0.0000 1.0000 1.0000
v 1.0000 0.0000 0.0000
v -145.0841 46.5034 -157.4519
v 26.9174 0.0000 0.0000
v 1.0000 1.0000 1.0000
v 0.0000 0.0000 -191.1455
v 8.8530 -110.5264 0.0000
v 5.0196 1.0000 -160.0002
v 12.5345 -71.0003 0.0000
v 3.9608 1.0000 -75.1071
v 16.3044 -27.3274 0.0000
v 1.9490 1.0000 -9.5771
v 14.0607 38.0015 0.0000
v 0.0000 1.0000 -4.1724
v 14.2002 9.4749 0.0000
v 0.0000 0.2980 -11.2986
v 13.7878 -43.9761 0.0000
v 0.0000 -1.0039 -35.4082
v 12.4757 -92.3146 0.0000
v 2.2235 -1.0039 -96.1914
v 11.0914 -122.6146 0.0000
v 5.0196 -1.0039 -160.0002
v 9.8505 -117.0004 0.0000
v 5.0196 0.3333 -65.7997
v 12.1367 -107.4645 0.0000
v 3.6235 -1.0039 -55.2576
v 14.7503 -59.8210 -0.0000
v 2.1020 0.0000 -112.9000
v 13.0902 -89.2325 -0.0000
v 3.6824 0.0000 -17.7684
v 14.6783 29.8354 0.0000
v 0.2431 1.0000 -123.2525
v 11.0225 -117.1251 -0.0000
v 4.8510 -0.3569 -154.1127
v 10.2979 -113.5294 -0.0000
v 4.8510 0.2902 -187.2523
v 9.3223 -105.5856 0.0000
v 4.8863 1.0000 -92.3924
v 11.2574 -120.7208 0.0000
v 4.8431 -1.0039 -14.3123
v 13.7222 -50.0184 0.0000
v 0.2784 -1.0039 -12.4352
v 14.3721 -24.6027 -0.0000
v 0.2667 -0.3725 -37.8894
v 12.7887 -88.2529 -0.0000
v 2.1961 -0.8784 -187.2523
v 8.9963 -111.3356 0.0000
v 5.0196 0.9176 -10.4079
v 13.9507 -37.2947 0.0000
v 0.0000 -0.8392 -71.6873
v 12.3423 -105.1855 -0.0000
v 3.6314 -0.8784 -7.7355
v 14.2583 -17.2506 0.0000
v 0.0000 -0.3529 -45.3329
v 13.6836 -76.0678 -0.0000
v 2.1451 -0.5020 -89.3499
v 12.8137 -98.3484 -0.0000
v 3.6588 -0.5020 -128.0957
v 10.7169 -119.8075 0.0000
v 5.0196 -0.3333 -100.1074
v 11.2498 -119.8218 -0.0000
v 4.8471 -0.8431 -8.9015
v 14.1103 34.4357 0.0000
v 0.0000 0.9137 -183.1098
v 9.4675 -106.5786 -0.0000
v 4.8824 0.9098 -104.1675
v 11.0500 -121.9127 0.0000
v 5.0196 -0.8353 -16.8671
v 14.7002 26.2076 -0.0000
v 0.2471 0.9059 -13.8431
v 13.9229 -43.6645 0.0000
v 0.2745 -0.8471 -154.1127
v 12.6769 -73.2793 -0.0000
v 3.9373 0.8745 -10.5581
v 14.5694 0.8130 -0.0000
v 0.2627 0.2588 -72.6259
v 16.1595 -31.3890 -0.0000
v 1.9686 0.8745 0.0000
v 0.0000 0.0000 -97.6590
v 12.5787 -42.3065 119.2056
v 0.0000 0.0000 1.0000
v 1.0000 1.0000 0.0000
v 120.9403 52.9268 110.8329
v 30.3176 0.0000 0.0000
v 1.0000 1.0000 1.0000
v 2.0078 1.0000 0.0000
v 0.0000 0.0000 103.2990
v -0.9564 -39.2363 34.6506
v 0.0000 0.0000 1.0000
v 1.0000 1.0000 0.0000
v 102.5169 52.8994 103.0459
v 67.3218 0.0000 0.0000
v 1.0000 1.0000 1.0000
v 0.8824 0.0000 0.0000
v 33.3250 49.3254 -64.3241
v 34.3021 0.0000 0.0000
v 1.0000 1.0000 1.0000
v 0.0000 -142.8038 34.6120
v -156.0879 18.0587 0.0000
v 0.0000 1.0000 1.0000
v 1.0000 0.0000 0.0000
v 0.0000 -88.0426 48.2178
v 159.9210 22.1293 0.0000
v 0.0000 1.0000 1.0000
v 1.0000 0.0000 0.0000
v 0.0000 0.0000 118.2469
v 45.9383 106.4500 17.6202
v 0.0000 0.0000 1.0000
v 1.0000 1.0000 0.0000
v 1.0000 0.0000 0.0000
v 0.0000 37.8000 7.8722
v -160.1001 4.3681 0.0000
v 0.0000 1.0000 1.0000
v 1.0000 0.0000 0.0000
v 0.0000 0.0000 7.7881
v 34.2178 -21.1633 21.9366
v 0.0000 0.0000 1.0000
v 1.0000 1.0000 0.0000
v 1.0000 0.0000 0.0000
v 0.0000 40.8000 6.8201
v -152.1001 3.4945 0.0000
v 0.0000 1.0000 1.0000
v 1.0000 0.0000 0.0000
v 0.4980 0.0000 0.0000
v -107.0000 88.0000 31.0000
v 30.0666 0.0000 0.0000
v 1.0000 1.0000 1.0000
v 2.0078 0.0000 0.0000
v 110.4298 22.3178 157.6812
v 22.7682 0.0000 0.0000
v 1.0000 1.0000 1.0000
v 10.0392 0.4980 0.0000
v 0.0000 -129.0000 75.6070
v 71.0000 30.0666 0.0000
v 0.0000 1.0000 1.0000
v 1.0000 0.0000 0.0000
v 0.0000 34.0791 48.5017
v 146.2378 85.4406 0.0000
v 0.0000 1.0000 1.0000
v 1.0000 0.0000 0.0000
v 0.3804 -4.0157 0.0000
v 0.0000 -89.8395 39.3887
v -131.3955 86.6497 0.0000
v 0.0000 1.0000 1.0000
v 1.0000 0.0000 0.0000
v 0.3686 0.0000 0.0000
v 0.0000 18.0784 34.6000
v -20.7787 4.7551 0.0000
v 0.0000 1.0000 1.0000
v 1.0000 0.0000 0.0000
v 133.3423 38.9159 -139.3642
v 48.4984 0.0000 0.0000
v 1.0000 1.0000 1.0000
v 2.0078 0.9098 0.0000
v 0.0000 -91.2990 48.6000
v -149.9803 4.8325 0.0000
v 0.0000 1.0000 1.0000
v 1.0000 0.0000 0.0000
v 0.0000 0.0000 161.7219
v 17.7000 -135.4967 4.8320
v 0.0000 0.0000 1.0000
v 1.0000 1.0000 0.0000
v 0.9098 0.0000 0.0000
v 118.0737 22.7000 149.7271
v 4.7525 0.0000 0.0000
v 1.0000 1.0000 1.0000
v 2.2353 -0.9569 0.0000
v -101.3681 67.1574 -57.0992
v 56.1912 0.0000 0.0000
v 1.0000 1.0000 1.0000
v 2.0275 -0.0078 0.0000
v 0.0000 63.4914 36.9436
v 2.1528 56.1588 0.0000
v 0.0000 1.0000 1.0000
v 1.0000 0.0000 0.0000
v 0.0000 -153.0000 117.9000
v -139.0000 148.6607 0.0000
v 0.0000 1.0000 1.0000
v 1.0000 0.0000 0.0000
v 30.0000 108.7000 -64.0000
v 148.6607 0.0000 0.0000
v 1.0000 1.0000 1.0000
v 4.0157 1.0000 0.0000
v 0.0000 0.0000 -96.0000
v 87.4000 60.3540 44.8220
v 0.0000 0.0000 1.0000
v 1.0000 1.0000 0.0000
v 0.0000 -79.1856 34.3755
v 106.1472 31.5792 0.0000
v 0.0000 1.0000 1.0000
v 1.0000 0.0000 0.0000
v -160.0000 76.4000 74.3540
v 54.3563 0.0000 0.0000
v 1.0000 1.0000 1.0000
v -1.0039 0.0000 0.0000
v 0.0000 0.0000 -114.0000
v 100.4000 -2.6460 44.8220
v 0.0000 0.0000 1.0000
v 1.0000 1.0000 0.0000
v 0.0000 9.4823 32.9932
v 87.1495 28.3326 0.0000
v 0.0000 1.0000 1.0000
v 1.0000 0.0000 0.0000
v 145.8567 75.2698 -26.7432
v 43.1286 0.0000 0.0000
v 1.0000 1.0000 1.0000
v 0.0235 0.8824 0.0000
v 0.0000 0.0000 -110.6502
v 72.7674 -28.5953 34.7381
v 0.0000 0.0000 1.0000
v 1.0000 1.0000 0.0000
v 0.0000 -97.8508 33.7114
v 97.3185 42.9578 0.0000
v 0.0000 1.0000 1.0000
v 1.0000 0.0000 0.0000
v 0.0000 -63.7566 36.0988
v 65.6139 18.8309 0.0000
v 0.0000 1.0000 1.0000
v 1.0000 0.0000 0.0000
v 0.0000 0.0000 37.8835
v 34.6197 -36.0267 15.6568
v 0.0000 0.0000 1.0000
v 1.0000 1.0000 0.0000
v 1.0000 0.0000 0.0000
v 0.0000 0.0000 50.0392
v 6.8360 -137.2301 36.1131
v 0.0000 0.0000 1.0000
v 1.0000 1.0000 0.0000
v 0.0000 0.0000 151.6429
v 45.9165 5.7820 18.9787
v 0.0000 0.0000 1.0000
v 1.0000 1.0000 0.0000
v -105.4516 50.1451 -147.2000
v 18.2550 0.0000 0.0000
v 1.0000 1.0000 1.0000
v 2.0078 1.0000 0.0000
v -28.9432 4.1223 -161.1422
v 27.8221 0.0000 0.0000
v 1.0000 1.0000 1.0000
v 0.0000 1.0000 0.0000
v 0.0000 -47.4036 109.5000
v -61.1917 81.5895 0.0000
v 0.0000 1.0000 1.0000
v 1.0000 0.0000 0.0000
v 0.0000 -39.8446 81.5323
v -108.9706 98.0365 0.0000
v 0.0000 1.0000 1.0000
v 1.0000 0.0000 0.0000
v 1.0000 0.0000 0.0000
v 146.0141 20.2946 164.2504
v 27.3444 0.0000 0.0000
v 1.0000 1.0000 1.0000
v 0.0000 0.0000 -10.7291
v 81.1851 -29.5498 87.7426
v 0.0000 0.0000 1.0000
v 1.0000 1.0000 0.0000
v -52.3987 71.7299 -26.1201
v 74.4939 0.0000 0.0000
v 1.0000 1.0000 1.0000
v -8.9961 0.0000 0.0000
v 0.0000 0.0000 109.1328
v 51.9254 -61.9768 34.6321
v 0.0000 0.0000 1.0000
v 1.0000 1.0000 0.0000
v 0.0000 0.0000 -24.1274
v 30.0178 -15.1411 22.9536
v 0.0000 0.0000 1.0000
v 1.0000 1.0000 0.0000
v 0.0000 0.0000 20.5171
v 53.2178 -16.1679 21.9914
v 0.0000 0.0000 1.0000
v 1.0000 1.0000 0.0000
v -104.4825 19.8138 101.0035
v 32.2818 0.0000 0.0000
v 1.0000 1.0000 1.0000
v 2.0078 0.9098 0.0000
v 0.0000 -30.8931 30.4000
v -22.8040 4.7679 0.0000
v 0.0000 1.0000 1.0000
v 1.0000 0.0000 0.0000
v 0.0000 0.0000 10.0141
v 53.6000 -20.7047 4.7180
v 0.0000 0.0000 1.0000
v 1.0000 1.0000 0.0000
v 1.0000 0.0000 0.0000
v 0.0000 -16.4131 0.3847
v 160.2201 4.8049 0.0000
v 0.0000 1.0000 1.0000
v 1.0000 0.0000 0.0000
v 0.0000 -109.0000 135.0000
v -24.0000 148.6607 0.0000
v 0.0000 1.0000 1.0000
v 1.0000 0.0000 0.0000
v -68.6842 35.3900 134.1221
v 7.9930 0.0000 0.0000
v 1.0000 1.0000 1.0000
v 1.0000 0.0000 0.0000
v 0.0000 -2.4131 1.4123
v 164.2201 4.3244 0.0000
v 0.0000 1.0000 1.0000
v 1.0000 0.0000 0.0000
v 0.4902 0.0000 0.0000
v 0.0000 38.3253 72.2630
v -61.8164 8.1824 0.0000
v 0.0000 1.0000 1.0000
v 1.0000 0.0000 0.0000
v -58.6982 55.8190 78.5901
v 28.8735 0.0000 0.0000
v 1.0000 1.0000 1.0000
v 2.0078 1.0000 0.0000
v 5.0761 1.9367 163.1525
v 3.6325 0.0000 0.0000
v 1.0000 1.0000 1.0000
v 0.0000 131.6960 60.0878
v -158.8173 30.5310 0.0000
v 0.0000 1.0000 1.0000
v 1.0000 0.0000 0.0000
v 0.0000 64.7775 58.5983
v -94.2623 30.1162 0.0000
v 0.0000 1.0000 1.0000
v 1.0000 0.0000 0.0000
v 0.4205 1.2821 152.0283
v 4.2811 0.0000 0.0000
v 1.0000 1.0000 1.0000
v 118.6136 40.2544 -110.8212
v 10.5711 0.0000 0.0000
v 1.0000 1.0000 1.0000
v 0.0000 0.0000 -59.4180
v 49.9429 74.9708 18.7382
v 0.0000 0.0000 1.0000
v 1.0000 1.0000 0.0000
v 0.0000 -49.7133 -0.7736
v -223.3650 0.0000 8.0314
v 1.0000 -23.7880 -0.8568
v -186.8772 0.0000 7.1255
v 1.0000 -13.4374 -0.8200
v -160.0002 0.0000 6.5412
v 1.0000 6.1555 -0.5090
v -119.8440 0.0000 5.6353
v 1.0000 36.5403 0.5641
v -62.4230 0.0000 4.3216
v 1.0000 85.2360 4.1905
v -9.7485 0.0000 2.8667
v 1.0000 114.5366 7.5969
v 49.3606 0.0000 1.5294
v 1.0000 160.0002 13.5557
v 83.9062 0.0000 0.3647
v 1.0000 160.0002 13.0635
v 42.9374 0.0000 0.2431
v 0.0000 133.1911 9.6934
v 36.5737 0.0000 0.9020
v 0.0000 97.4069 5.3325
v -22.3372 0.0000 2.5412
v 0.0000 56.6994 1.8620
v -73.8033 0.0000 4.0980
v 0.0000 35.6384 0.6536
v -113.6539 0.0000 5.1686
v 0.0000 15.0245 -0.2670
v -196.3772 0.0000 7.1922
v 0.0000 -1.6760 -0.6358
v -227.5350 0.0000 8.0314
v 0.0000 169.4009 14.2002
v 39.1056 0.0000 0.0000
v 0.0000 176.9985 15.7903
v 89.4268 0.0000 0.0000
v 1.0000 22.8751 0.0665
v -160.0002 0.0000 6.3098
v 0.0000 119.2002 8.1147
v 46.1639 -0.0000 1.3725
v 0.7490 -37.7040 -0.8054
v -224.4075 -0.0000 8.0314
v 0.7490 -13.6853 -0.7357
v -226.4925 -0.0000 8.0314
v 0.2471 128.5275 9.1637
v 39.7704 -0.0000 1.0510
v 0.2471 -14.0849 -0.7456
v -189.2522 -0.0000 7.1373
v 0.7490 5.3214 -0.4505
v -194.0022 -0.0000 7.1725
v 0.2471 94.3641 5.0467
v -19.1900 -0.0000 2.6118
v 0.2471 -4.3593 -0.6441
v -160.0002 -0.0000 6.4863
v 0.7490 13.7970 -0.2013
v -160.0002 -0.0000 6.3686
v 0.2471 160.0002 13.4259
v 73.6640 -0.0000 0.3294
v 0.7490 13.5262 -0.2591
v -118.2965 -0.0000 5.5294
v 0.7490 28.2677 0.3215
v -115.2014 -0.0000 5.2941
v 0.2471 160.0002 13.1822
v 53.1796 -0.0000 0.2627
v 0.2471 41.5801 0.8821
v -65.2680 -0.0000 4.2627
v 0.7490 51.6596 1.5310
v -70.9582 -0.0000 4.1490
v 0.2471 171.3003 14.5943
v 51.6859 -0.0000 0.0000
v 0.2471 88.2787 4.4754
v -12.8956 -0.0000 2.7804
v 0.7490 175.0991 15.3868
v 76.8465 -0.0000 0.0000
v 0.7490 0.0000 0.0000
v 63.6426 7.4668 -69.0541
v 195.0257 0.0000 0.0000
v 1.0000 1.0000 1.0000
v 0.0000 63.4663 51.7631
v -91.0639 17.8132 0.0000
v 0.0000 1.0000 1.0000
v 1.0000 0.0000 0.0000
v 0.0000 0.0000 135.5741
v 55.6324 -155.2414 19.2923
v 0.0000 0.0000 1.0000
v 1.0000 1.0000 0.0000
v 0.0000 0.0000 -159.6406
v 17.3178 -124.7993 21.8763
v 0.0000 0.0000 1.0000
v 1.0000 1.0000 0.0000
v -6.5333 0.0000 0.0000
v 0.0000 91.0406 89.5053
v 64.4098 128.7517 0.0000
v 0.0000 1.0000 1.0000
v 1.0000 0.0000 0.0000
v -4.0078 0.0000 0.0000
v 0.0000 20.7668 56.7117
v -96.1439 82.3310 0.0000
v 0.0000 1.0000 1.0000
v 1.0000 0.0000 0.0000
v 0.0000 0.0000 104.0000
v 108.7000 -70.0000 148.6607
v 0.0000 0.0000 1.0000
v 1.0000 1.0000 0.0000
v -4.0078 0.0000 0.0000
v 0.0000 -53.1851 41.5063
v 136.2707 79.0885 0.0000
v 0.0000 1.0000 1.0000
v 1.0000 0.0000 0.0000
v 0.0000 0.0000 15.5467
v 51.3178 -85.2559 22.0782
v 0.0000 0.0000 1.0000
v 1.0000 1.0000 0.0000
v 0.0000 0.0000 -148.8088
v 46.7789 127.9154 31.9794
v 0.0000 0.0000 1.0000
v 1.0000 1.0000 0.0000
v 0.3686 0.0000 0.0000
v 0.0000 12.6230 51.7000
v -75.0547 4.8476 0.0000
v 0.0000 1.0000 1.0000
v 1.0000 0.0000 0.0000
v -170.0000 135.0000 -21.0000
v 148.6607 0.0000 0.0000
v 1.0000 1.0000 1.0000
v 109.0882 65.3643 -111.2756
v 30.4688 0.0000 0.0000
v 1.0000 1.0000 1.0000
v 0.0000 -6.2980 0.0000
v 230.2383 92.3636 -132.4014
v 102.8609 0.0000 0.0000
v 1.0000 1.0000 1.0000
v 2.0078 1.0000 0.0000
v 0.0000 0.0000 66.7937
v 3.8647 -104.4988 22.2042
v 0.0000 0.0000 1.0000
v 1.0000 1.0000 0.0000
v 0.0000 129.3533 39.8818
v 123.6863 27.9647 0.0000
v 0.0000 1.0000 1.0000
v 1.0000 0.0000 0.0000
v 1.0588 0.8824 0.0000
v 0.0000 10.6948 50.8948
v -69.3226 35.3909 0.0000
v 0.0000 1.0000 1.0000
v 1.0000 0.0000 0.0000
v 0.0000 1.0000 0.0000
v -175.1945 67.5478 163.6427
v 218.2219 0.0000 0.0000
v 1.0000 1.0000 1.0000
v -30.8560 35.8232 75.2123
v 17.6876 0.0000 0.0000
v 1.0000 1.0000 1.0000
v 0.0000 62.7700 4.0752
v -99.1885 34.1576 0.0000
v 0.0000 1.0000 1.0000
v 1.0000 0.0000 0.0000
v 2.0157 -0.9843 0.0000
v 0.0000 0.0000 -45.9632
v 34.7930 -153.1246 56.5049
v 0.0000 0.0000 1.0000
v 1.0000 1.0000 0.0000
v 2.0078 1.0000 0.0000
v -7.1329 36.7335 140.4691
v 23.5424 0.0000 0.0000
v 1.0000 1.0000 1.0000
v 0.0000 0.0000 17.0000
v 117.9000 -71.0000 148.6607
v 0.0000 0.0000 1.0000
v 1.0000 1.0000 0.0000
v -4.0000 0.0000 0.0000
v 0.0000 47.4867 60.3636
v 207.2577 103.9070 0.0000
v 0.0000 1.0000 1.0000
v 1.0000 0.0000 0.0000
v 1.0000 0.0000 0.0000
v 0.0000 -149.2882 20.3978
v 63.7406 23.0212 0.0000
v 0.0000 1.0000 1.0000
v 1.0000 0.0000 0.0000
v -148.5239 31.7387 -64.4617
v 29.0128 0.0000 0.0000
v 1.0000 1.0000 1.0000
v 82.2163 33.4359 -13.9953
v 30.8691 0.0000 0.0000
v 1.0000 1.0000 1.0000
v 1.9922 0.4902 0.0000
v 0.0000 0.0000 143.6189
v 43.0810 55.9460 9.8406
v 0.0000 0.0000 1.0000
v 1.0000 1.0000 0.0000
v 130.6758 42.7726 -101.7115
v 31.8360 0.0000 0.0000
v 1.0000 1.0000 1.0000
v 2.0078 1.0000 0.0000
v 0.0000 -147.7333 5.2376
v -110.8348 31.7832 0.0000
v 0.0000 1.0000 1.0000
v 1.0000 0.0000 0.0000
v -8.9961 0.0000 0.0000
v 0.0000 -66.6016 76.9134
v 105.1398 35.5825 0.0000
v 0.0000 1.0000 1.0000
v 1.0000 0.0000 0.0000
v 0.4902 0.0000 0.0000
v 0.0000 128.1501 14.3212
v -5.8786 10.2737 0.0000
v 0.0000 1.0000 1.0000
v 1.0000 0.0000 0.0000
v 0.4902 0.0000 0.0000
v 0.0000 106.9178 15.0017
v -84.4307 10.4090 0.0000
v 0.0000 1.0000 1.0000
v 1.0000 0.0000 0.0000
v -8.5255 0.0000 0.0000
v 0.0000 0.0000 204.4263
v 100.5173 24.8252 35.9952
v 0.0000 0.0000 1.0000
v 1.0000 1.0000 0.0000
v -8.9961 0.0000 0.0000
v 0.0000 0.0000 -38.7115
v 72.7749 -69.6479 34.7979
v 0.0000 0.0000 1.0000
v 1.0000 1.0000 0.0000
v -147.2380 24.5559 -65.4244
v 19.1114 0.0000 0.0000
v 1.0000 1.0000 1.0000
v 0.0000 -151.0758 41.6736
v 130.3410 19.2348 0.0000
v 0.0000 1.0000 1.0000
v 1.0000 0.0000 0.0000
v 0.0000 0.0000 120.2614
v 30.7009 -109.9926 20.0361
v 0.0000 0.0000 1.0000
v 1.0000 1.0000 0.0000
v 77.2960 25.9443 -9.7547
v 18.3307 0.0000 0.0000
v 1.0000 1.0000 1.0000
v 0.0000 111.4678 54.0644
v -110.1012 17.7016 0.0000
v 0.0000 1.0000 1.0000
v 1.0000 0.0000 0.0000
v 59.2065 61.0994 112.3970
v 123.0868 0.0000 0.0000
v 1.0000 1.0000 1.0000
v 0.0000 -47.0000 112.8000
v -70.0000 148.6607 0.0000
v 0.0000 1.0000 1.0000
v 1.0000 0.0000 0.0000
v 0.8000 32.7683 12.8999
v 3.9313 0.0000 0.0000
v 1.0000 1.0000 1.0000
v 0.0000 152.7857 60.0785
v 116.9968 24.9190 0.0000
v 0.0000 1.0000 1.0000
v 1.0000 0.0000 0.0000
v 0.0000 0.0000 -23.0359
v 24.6721 -57.2989 20.6781
v 0.0000 0.0000 1.0000
v 1.0000 1.0000 0.0000
v 2.0078 1.0000 0.0000
v 12.8000 33.7663 16.8999
v 3.4945 0.0000 0.0000
v 1.0000 1.0000 1.0000
v 108.9154 32.7860 103.3927
v 9.9429 0.0000 0.0000
v 1.0000 1.0000 1.0000
v 0.0000 0.0000 -117.7319
v 74.5081 -42.3411 35.3793
v 0.0000 0.0000 1.0000
v 1.0000 1.0000 0.0000
v 2.0078 1.0000 0.0000
v 0.0000 0.0000 8.8000
v 33.9574 25.8999 4.3681
v 0.0000 0.0000 1.0000
v 1.0000 1.0000 0.0000
v 0.0000 150.7658 77.6949
v 119.5800 17.9703 0.0000
v 0.0000 1.0000 1.0000
v 1.0000 0.0000 0.0000
v -60.4130 18.8631 -110.7799
v 4.3681 0.0000 0.0000
v 1.0000 1.0000 1.0000
v 10.8001 34.0718 32.9136
v 3.4945 0.0000 0.0000
v 1.0000 1.0000 1.0000
v 0.0000 63.2428 43.2463
v 95.0494 3.6012 0.0000
v 0.0000 1.0000 1.0000
v 1.0000 0.0000 0.0000
v 0.6000 0.0000 0.0000
v 0.0000 0.0000 53.7651
v 48.9114 97.7848 5.9101
v 0.0000 0.0000 1.0000
v 1.0000 1.0000 0.0000
v 0.0000 0.0000 -33.5839
v 28.4004 66.2872 0.0000
v 0.0000 1.0000 -33.3500
v 28.7049 109.7668 0.0000
v 0.0000 0.0000 -0.8409
v 31.4499 104.8316 0.0000
v 0.7255 0.0000 64.8763
v 34.1215 146.3299 0.0000
v 2.4392 0.0000 135.7283
v 33.4852 156.3925 0.0000
v 4.0157 0.0000 140.8574
v 34.7947 113.7213 0.0000
v 4.0157 1.0000 67.5547
v 34.5915 125.0302 0.0000
v 2.4745 1.0000 1.1512
v 31.5297 75.8159 0.0000
v 0.7529 1.0000 137.0105
v 33.8727 145.7247 -0.0000
v 4.0157 0.2471 -0.3429
v 31.4849 97.5776 -0.0000
v 0.7255 0.2471 139.5751
v 34.5297 124.3891 -0.0000
v 4.0157 0.7490 -33.5254
v 28.5045 77.1571 -0.0000
v 0.0000 0.7490 -33.4085
v 28.6540 98.8969 -0.0000
v 0.0000 0.2471 0.6532
v 31.5258 83.0698 -0.0000
v 0.7373 0.7490 66.8851
v 34.4830 130.3551 -0.0000
v 2.4667 0.7490 65.5460
v 34.2477 141.0049 -0.0000
v 2.4510 0.2471 0.0000
v 0.0000 53.6368 31.5975
v 111.3398 98.2212 0.0000
v 0.0000 1.0000 1.0000
v 1.0000 0.0000 0.0000
v 0.0000 0.6000 0.0000
v 51.0126 45.5516 85.9468
v 5.2464 0.0000 0.0000
v 1.0000 1.0000 1.0000
v 43.9100 46.1386 78.9049
v 5.9166 0.0000 0.0000
v 1.0000 1.0000 1.0000
v 195.0000 143.5000 30.0000
v 148.6607 0.0000 0.0000
v 1.0000 1.0000 1.0000
v 2.0078 1.0000 0.0000
v 0.0000 0.0000 -54.4131
v 19.5423 -104.7799 4.8049
v 0.0000 0.0000 1.0000
v 1.0000 1.0000 0.0000
v 2.0078 1.0000 0.0000
v 0.0000 0.0000 -55.4131
v 19.2091 -87.7799 3.9313
v 0.0000 0.0000 1.0000
v 1.0000 1.0000 0.0000
v 0.0000 0.0000 -65.0000
v 133.5000 107.0000 148.6607
v 0.0000 0.0000 1.0000
v 1.0000 1.0000 0.0000
v -3.8863 0.0000 0.0000
v 0.0000 -51.5172 92.9994
v 140.3970 121.6584 0.0000
v 0.0000 1.0000 1.0000
v 1.0000 0.0000 0.0000
v 0.3804 -4.0078 0.0000
v 0.0000 114.7420 94.6335
v -8.5500 79.5069 0.0000
v 0.0000 1.0000 1.0000
v 1.0000 0.0000 0.0000
v 0.0000 -10.0000 133.5000
v -168.0000 148.6607 0.0000
v 0.0000 1.0000 1.0000
v 1.0000 0.0000 0.0000
v 0.0000 156.0084 88.7858
v -32.8132 76.0644 0.0000
v 0.0000 1.0000 1.0000
v 1.0000 0.0000 0.0000
v 2.0078 0.0000 0.0000
v 126.5351 47.3178 -46.9648
v 22.6463 0.0000 0.0000
v 1.0000 1.0000 1.0000
v 1.0196 0.4902 0.0000
v 0.0000 0.0000 91.6550
v 26.5900 99.8141 8.1892
v 0.0000 0.0000 1.0000
v 1.0000 1.0000 0.0000
v 0.0000 46.5702 43.3178
v 61.0964 22.8812 0.0000
v 0.0000 1.0000 1.0000
v 1.0000 0.0000 0.0000
v 0.0000 86.7136 44.6178
v -25.3758 21.9171 0.0000
v 0.0000 1.0000 1.0000
v 1.0000 0.0000 0.0000
v 0.0000 -219.7075 113.3383
v -85.4238 30.7503 0.0000
v 0.0000 1.0000 1.0000
v 1.0000 0.0000 0.0000
v 0.0000 22.0174 43.4178
v -11.9189 22.3303 0.0000
v 0.0000 1.0000 1.0000
v 1.0000 0.0000 0.0000
v 0.0000 126.0589 48.2178
v 37.6847 22.1277 0.0000
v 0.0000 1.0000 1.0000
v 1.0000 0.0000 0.0000
v 0.0000 -118.0291 56.6972
v -131.6781 28.3352 0.0000
v 0.0000 1.0000 1.0000
v 1.0000 0.0000 0.0000
v 0.0000 0.0000 129.3539
v 47.7000 -38.0762 4.8475
v 0.0000 0.0000 1.0000
v 1.0000 1.0000 0.0000
v 0.3686 0.0000 0.0000
v 0.0000 38.6386 43.7000
v 68.6840 4.8487 0.0000
v 0.0000 1.0000 1.0000
v 1.0000 0.0000 0.0000
v 0.0000 -16.0247 36.3470
v 56.3618 30.2987 0.0000
v 0.0000 1.0000 1.0000
v 1.0000 0.0000 0.0000
v 0.0000 0.0000 97.1179
v 45.0000 -24.8139 4.7727
v 0.0000 0.0000 1.0000
v 1.0000 1.0000 0.0000
v 0.3686 0.0000 0.0000
v 0.0000 14.6386 43.8000
v -2.3159 4.8487 0.0000
v 0.0000 1.0000 1.0000
v 1.0000 0.0000 0.0000
v 0.0000 155.2265 42.8813
v 78.3118 29.2831 0.0000
v 0.0000 1.0000 1.0000
v 1.0000 0.0000 0.0000
v 0.0000 0.0000 129.3022
v 48.6000 27.5832 4.8333
v 0.0000 0.0000 1.0000
v 1.0000 1.0000 0.0000
v 0.0000 -117.0000 127.0000
v -41.0000 148.6607 0.0000
v 0.0000 1.0000 1.0000
v 1.0000 0.0000 0.0000
v 0.0000 -91.9743 9.9815
v 26.1320 11.3362 0.0000
v 0.0000 1.0000 1.0000
v 1.0000 0.0000 0.0000
v 143.1446 40.2794 1.4119
v 27.4050 0.0000 0.0000
v 1.0000 1.0000 1.0000
v -117.9584 49.0851 -61.1481
v 29.5925 0.0000 0.0000
v 1.0000 1.0000 1.0000
v 2.0078 1.0000 0.0000
v 0.0000 -21.4222 7.2706
v 47.1094 24.2988 0.0000
v 0.0000 1.0000 1.0000
v 1.0000 0.0000 0.0000
v 0.0000 0.0000 -58.8417
v 46.7792 -17.7522 27.5489
v 0.0000 0.0000 1.0000
v 1.0000 1.0000 0.0000
v 0.0000 0.0000 -54.0582
v 50.3896 -148.4236 27.7639
v 0.0000 0.0000 1.0000
v 1.0000 1.0000 0.0000
v 1.0000 0.0000 0.0000
v 0.0000 39.0000 47.6179
v -25.6201 5.6999 0.0000
v 0.0000 1.0000 1.0000
v 1.0000 0.0000 0.0000
v 0.0000 0.0000 121.1059
v 63.4525 -81.1642 28.5360
v 0.0000 0.0000 1.0000
v 1.0000 1.0000 0.0000
v 1.0000 0.0000 0.0000
v 0.0000 21.2710 18.0447
v -71.0546 20.5199 0.0000
v 0.0000 1.0000 1.0000
v 1.0000 0.0000 0.0000
v 1.0039 1.0000 0.0000
v 0.0000 0.0000 51.0000
v 54.3269 -6.7734 7.7362
v 0.0000 0.0000 1.0000
v 1.0000 1.0000 0.0000
v 2.0078 1.0000 0.0000
v 118.9059 10.7865 -56.8179
v 13.5412 0.0000 0.0000
v 1.0000 1.0000 1.0000
v 1.0000 0.0000 0.0000
v 0.0000 48.7861 8.2825
v 119.7575 23.2946 0.0000
v 0.0000 1.0000 1.0000
v 1.0000 0.0000 0.0000
v 1.9922 0.4902 0.0000
v 0.0000 0.0000 15.5513
v 8.8435 67.8400 9.8483
v 0.0000 0.0000 1.0000
v 1.0000 1.0000 0.0000
v 2.0078 1.0000 0.0000
v 0.0000 0.0000 -58.6809
v 20.2518 2.6095 10.8361
v 0.0000 0.0000 1.0000
v 1.0000 1.0000 0.0000
v 120.2751 29.8198 104.4244
v 7.5072 0.0000 0.0000
v 1.0000 1.0000 1.0000
v 93.1922 9.6908 160.7552
v 10.3071 0.0000 0.0000
v 1.0000 1.0000 1.0000
v -61.5771 20.0116 96.3304
v 9.9164 0.0000 0.0000
v 1.0000 1.0000 1.0000
v 0.0000 0.0000 -38.4453
v 71.2600 -112.2664 36.5159
v 0.0000 0.0000 1.0000
v 1.0000 1.0000 0.0000
v 2.9412 -8.9961 0.0000
v 0.0000 -151.4559 55.2953
v 27.2228 33.3054 0.0000
v 0.0000 1.0000 1.0000
v 1.0000 0.0000 0.0000
v 0.0000 -127.5041 70.0951
v 108.1360 36.5908 0.0000
v 0.0000 1.0000 1.0000
v 1.0000 0.0000 0.0000
v 0.2824 0.7255 0.0000
v 0.0000 61.6234 64.5989
v 153.5624 34.8925 0.0000
v 0.0000 1.0000 1.0000
v 1.0000 0.0000 0.0000
v 0.0000 -301.0000 117.7845
v -83.2719 19.4392 0.0000
v 0.0000 1.0000 1.0000
v 1.0000 0.0000 0.0000
v -115.6050 42.0659 -57.5347
v 18.6304 0.0000 0.0000
v 1.0000 1.0000 1.0000
v 0.0000 -63.2789 43.1724
v -19.0297 18.5118 0.0000
v 0.0000 1.0000 1.0000
v 1.0000 0.0000 0.0000
v 0.0000 0.0000 -223.1900
v 108.8473 -77.5044 17.5756
v 0.0000 0.0000 1.0000
v 1.0000 1.0000 0.0000
v -52.5339 44.9053 -148.3914
v 19.1532 0.0000 0.0000
v 1.0000 1.0000 1.0000
v 0.0000 124.2419 51.4588
v -80.9590 18.4100 0.0000
v 0.0000 1.0000 1.0000
v 1.0000 0.0000 0.0000
v 0.0000 0.0000 -124.9892
v 50.6595 -135.1157 19.5500
v 0.0000 0.0000 1.0000
v 1.0000 1.0000 0.0000
v 144.6249 30.2352 4.4751
v 20.9842 0.0000 0.0000
v 1.0000 1.0000 1.0000
v 0.0000 1.0000 0.0000
v 0.0000 -160.0000 116.0000
v -5.0000 81.5895 0.0000
v 0.0000 1.0000 1.0000
v 1.0000 0.0000 0.0000
v -11.5485 28.8312 52.3247
v 17.8865 0.0000 0.0000
v 1.0000 1.0000 1.0000
v 2.0078 1.0000 0.0000
v 0.0000 0.0000 -104.0017
v 19.4521 46.0018 4.4283
v 0.0000 0.0000 1.0000
v 1.0000 1.0000 0.0000
v 2.0078 1.0000 0.0000
v 0.0000 0.0000 -99.1935
v 19.1672 38.0018 4.3681
v 0.0000 0.0000 1.0000
v 1.0000 1.0000 0.0000
v 0.0000 152.5918 36.3818
v 77.6327 16.4319 0.0000
v 0.0000 1.0000 1.0000
v 1.0000 0.0000 0.0000
v 0.0000 -124.5657 47.8768
v 16.8987 5.1174 0.0000
v 0.0000 1.0000 1.0000
v 1.0000 0.0000 0.0000
v 1.0000 0.0000 0.0000
v 0.0000 -121.5790 48.8968
v 8.9867 4.5021 0.0000
v 0.0000 1.0000 1.0000
v 1.0000 0.0000 0.0000
v 0.0000 83.5964 90.1001
v 32.8082 81.5895 0.0000
v 0.0000 1.0000 1.0000
v 1.0000 0.0000 0.0000
v 0.0000 -114.0232 43.3949
v 7.9765 5.2421 0.0000
v 0.0000 1.0000 1.0000
v 1.0000 0.0000 0.0000
v 1.0000 0.0000 0.0000
v 0.0000 22.8001 7.1000
v 97.8999 5.7974 0.0000
v 0.0000 1.0000 1.0000
v 1.0000 0.0000 0.0000
v 1.0000 0.0000 0.0000
v 123.5315 87.6954 8.0163
v 84.2404 0.0000 0.0000
v 1.0000 1.0000 1.0000
v 1.0000 0.0000 0.0000
v 0.0000 14.8000 8.0000
v 87.8999 5.1245 0.0000
v 0.0000 1.0000 1.0000
v 1.0000 0.0000 0.0000
v 1.0000 0.0000 0.0000
v 0.0000 31.8000 6.4000
v 93.8999 4.3681 0.0000
v 0.0000 1.0000 1.0000
v 1.0000 0.0000 0.0000
v -4.0078 0.0000 0.0000
v 0.0000 0.0000 92.5496
v 68.6701 80.2579 74.9216
v 0.0000 0.0000 1.0000
v 1.0000 1.0000 0.0000
v 2.0078 1.0000 0.0000
v 0.0000 0.0000 27.8000
v 7.1000 82.8999 5.7974
v 0.0000 0.0000 1.0000
v 1.0000 1.0000 0.0000
v 16.0627 -5.6471 0.0000
v 0.0000 0.0000 247.4234
v 136.5000 36.4785 148.2043
v 0.0000 0.0000 1.0000
v 1.0000 1.0000 0.0000
v 0.9922 0.0000 0.0000
v 0.0000 0.0000 57.5525
v 94.1475 -5.3244 84.7303
v 0.0000 0.0000 1.0000
v 1.0000 1.0000 0.0000
v 0.0000 0.0000 -56.7254
v 14.9355 -25.4933 0.0000
v 0.0000 1.0000 -75.6805
v 15.0366 16.0050 0.0000
v 0.0000 0.0000 -33.2114
v 12.0897 -6.9100 0.0000
v 1.1333 0.0000 1.7958
v 10.4188 -27.7722 0.0000
v 2.0863 0.0000 36.1844
v 8.5797 -36.0537 0.0000
v 2.9176 0.0000 78.7303
v 6.2313 -38.5064 0.0000
v 3.9176 0.0000 123.4478
v 4.7971 -53.2075 0.0000
v 5.0196 0.0000 113.8057
v 6.6663 -76.9493 0.0000
v 5.0196 1.0000 73.7678
v 8.4617 -69.0977 0.0000
v 3.9020 1.0000 30.2400
v 10.9214 -65.3739 0.0000
v 2.7020 1.0000 -13.4067
v 12.9738 -51.2413 0.0000
v 1.4431 1.0000 -38.4223
v 13.5540 -27.8797 0.0000
v 0.5059 1.0000 116.2162
v 6.1744 -71.0139 -0.0000
v 5.0196 0.7490 -61.4642
v 14.8761 -15.1187 -0.0000
v 0.0000 0.7490 -70.9417
v 14.9278 5.6304 -0.0000
v 0.0000 0.2471 121.0372
v 5.2393 -59.1430 -0.0000
v 5.0196 0.2471 -34.5141
v 12.4470 -12.1524 -0.0000
v 0.9882 0.2471 -37.1196
v 13.1798 -22.6372 -0.0000
v 0.6745 0.7490 77.4897
v 6.7602 -46.1543 -0.0000
v 3.9137 0.2471 -2.0048
v 11.0471 -33.6395 -0.0000
v 1.9412 0.2471 -9.6060
v 12.3270 -45.3740 -0.0000
v 1.6157 0.7490 75.0085
v 7.8765 -61.4499 -0.0000
v 3.9020 0.7490 34.6983
v 9.1418 -43.3838 -0.0000
v 2.8667 0.2471 31.7261
v 10.3140 -58.0439 -0.0000
v 2.7569 0.7490 0.0000
v 0.0000 0.0000 23.8836
v 9.9168 -30.4722 109.9970
v 0.0000 0.0000 1.0000
v 1.0000 1.0000 0.0000
v 0.9922 0.0000 0.0000
v 0.0000 -138.6707 70.9825
v 29.2039 68.1021 0.0000
v 0.0000 1.0000 1.0000
v 1.0000 0.0000 0.0000
v 0.3765 1.0000 0.0000
v 0.0000 61.8514 69.2416
v 54.9185 80.2872 0.0000
v 0.0000 1.0000 1.0000
v 1.0000 0.0000 0.0000
v 0.3804 -4.0157 0.0000
v -110.6383 73.6727 -3.7310
v 72.8516 0.0000 0.0000
v 1.0000 1.0000 1.0000
v 0.1216 0.0000 0.0000
v 0.0000 127.7677 31.4868
v 87.6052 63.6231 0.0000
v 0.0000 1.0000 1.0000
v 1.0000 0.0000 0.0000
v 0.0000 139.3621 24.5178
v 120.7052 21.8987 0.0000
v 0.0000 1.0000 1.0000
v 1.0000 0.0000 0.0000
v 182.3206 60.4820 -55.7553
v 79.4525 0.0000 0.0000
v 1.0000 1.0000 1.0000
v 0.3804 -4.0078 0.0000
v 0.0000 -9.8636 56.8867
v -89.0040 86.9788 0.0000
v 0.0000 1.0000 1.0000
v 1.0000 0.0000 0.0000
v 0.0000 0.0000 54.8551
v 24.5178 75.1108 22.1474
v 0.0000 0.0000 1.0000
v 1.0000 1.0000 0.0000
v 0.0000 0.0000 -101.5940
v 49.3178 110.4050 22.9035
v 0.0000 0.0000 1.0000
v 1.0000 1.0000 0.0000
v 0.0000 0.0000 -142.2986
v 74.4178 28.9940 22.7014
v 0.0000 0.0000 1.0000
v 1.0000 1.0000 0.0000
v 0.9098 0.0000 0.0000
v 128.8394 24.9000 119.9523
v 4.7898 0.0000 0.0000
v 1.0000 1.0000 1.0000
v 2.0078 0.0000 0.0000
v -87.1575 37.4178 17.2112
v 22.0776 0.0000 0.0000
v 1.0000 1.0000 1.0000
v 2.0078 0.9098 0.0000
v 0.0000 -97.4775 49.7000
v 118.7528 4.8573 0.0000
v 0.0000 1.0000 1.0000
v 1.0000 0.0000 0.0000
v 0.0000 0.0000 58.2629
v 24.9000 65.0465 4.8234
v 0.0000 0.0000 1.0000
v 1.0000 1.0000 0.0000
v 0.9098 0.0000 0.0000
v -146.9150 74.8000 19.8855
v 4.7583 0.0000 0.0000
v 1.0000 1.0000 1.0000
v 2.0078 0.9098 0.0000
v 0.0000 -97.6191 37.8000
v 10.7042 4.8514 0.0000
v 0.0000 1.0000 1.0000
v 1.0000 0.0000 0.0000
v 0.0000 0.0000 -290.8207
v 112.3911 -43.4832 43.3492
v 0.0000 0.0000 1.0000
v 1.0000 1.0000 0.0000
v 74.0000 110.0000 163.0000
v 148.6607 0.0000 0.0000
v 1.0000 1.0000 1.0000
v 0.0000 0.0000 -45.0000
v 135.0000 -103.0000 148.6607
v 0.0000 0.0000 1.0000
v 1.0000 1.0000 0.0000
v 0.0000 -151.0000 117.9000
v 33.0000 148.6607 0.0000
v 0.0000 1.0000 1.0000
v 1.0000 0.0000 0.0000
v -123.0000 148.5000 115.0000
v 148.6607 0.0000 0.0000
v 1.0000 1.0000 1.0000
v 16.3725 -3.8549 0.0000
v 288.6191 115.5400 -85.7007
v 54.5611 0.0000 0.0000
v 1.0000 1.0000 1.0000
v 138.7479 49.7900 130.2635
v 8.0718 0.0000 0.0000
v 1.0000 1.0000 1.0000
v 1.0000 0.0000 0.0000
v 0.0000 5.3921 1.8844
v -11.7258 13.8054 0.0000
v 0.0000 1.0000 1.0000
v 1.0000 0.0000 0.0000
v 0.0000 8.9380 2.3486
v 8.3280 14.1440 0.0000
v 0.0000 1.0000 1.0000
v 1.0000 0.0000 0.0000
v 0.0000 -6.5969 1.8844
v 10.9990 13.8707 0.0000
v 0.0000 1.0000 1.0000
v 1.0000 0.0000 0.0000
v 0.0000 -13.2118 2.1965
v 0.3828 13.3986 0.0000
v 0.0000 1.0000 1.0000
v 1.0000 0.0000 0.0000
v 0.0000 -3.6337 2.1516
v -12.4230 13.6984 0.0000
v 0.0000 1.0000 1.0000
v 1.0000 0.0000 0.0000
v 138.0000 15.5000 45.0000
v 1.0000 1.0000 1.0000
v 3.0118 1.0000 0.0000
v 0.0000 0.0000 5.3921
v 1.8844 -11.7258 13.8054
v 0.0000 0.0000 1.0000
v 1.0000 1.0000 0.0000
v 3.0118 0.0000 0.0000
v 0.0000 0.0000 8.9380
v 2.3486 8.3280 14.1440
v 0.0000 0.0000 1.0000
v 1.0000 1.0000 0.0000
v 3.0118 0.0000 0.0000
v 0.0000 0.0000 -6.5969
v 1.8844 10.9990 13.8707
v 0.0000 0.0000 1.0000
v 1.0000 1.0000 0.0000
v 0.0000 0.0000 -13.2118
v 2.1965 0.3828 13.3986
v 0.0000 0.0000 1.0000
v 1.0000 1.0000 0.0000
v 3.0118 0.0000 0.0000
v 0.0000 0.0000 -3.6337
v 2.1516 -12.4230 13.6984
v 0.0000 0.0000 1.0000
v 1.0000 1.0000 0.0000
v 0.0000 40.0000 10.1000
v 20.0000 0.0000 0.0000
v 0.0000 1.0000 1.0000
v 1.0000 0.0000 0.0000
v 0.0000 -127.4785 57.3656
v -58.0472 27.4952 0.0000
v 0.0000 1.0000 1.0000
v 1.0000 0.0000 0.0000
v 5.3921 1.8844 -11.7258
v 13.8054 0.0000 0.0000
v 1.0000 1.0000 1.0000
v 8.9380 2.3486 8.3280
v 14.1440 0.0000 0.0000
v 1.0000 1.0000 1.0000
v -6.5969 1.8844 10.9990
v 13.8707 0.0000 0.0000
v 1.0000 1.0000 1.0000
v -13.2118 2.1965 0.3828
v 13.3986 0.0000 0.0000
v 1.0000 1.0000 1.0000
v -3.6337 2.1516 -12.4230
v 13.6984 0.0000 0.0000
v 1.0000 1.0000 1.0000
v 0.0000 0.0000 -93.0000
v 15.5000 94.0000 0.0000
v 0.0000 0.0000 1.0000
v 1.0000 1.0000 0.0000
v 1.0000 0.0000 0.0000
v 0.0000 5.3921 1.8844
v -11.7258 13.8054 0.0000
v 0.0000 1.0000 1.0000
v 1.0000 0.0000 0.0000
v 0.0000 8.9380 2.3486
v 8.3280 14.1440 0.0000
v 0.0000 1.0000 1.0000
v 1.0000 0.0000 0.0000
v 0.0000 -6.5969 1.8844
v 10.9990 13.8707 0.0000
v 0.0000 1.0000 1.0000
v 1.0000 0.0000 0.0000
v 0.0000 -13.2118 2.1965
v 0.3828 13.3986 0.0000
v 0.0000 1.0000 1.0000
v 1.0000 0.0000 0.0000
v 0.0000 -3.6337 2.1516
v -12.4230 13.6984 0.0000
v 0.0000 1.0000 1.0000
v 1.0000 0.0000 0.0000
v -77.0000 18.1000 14.0000
v 1.0000 1.0000 1.0000
v -129.5117 32.6766 121.4057
v 29.1073 0.0000 0.0000
v 1.0000 1.0000 1.0000
v 3.0118 1.0000 0.0000
v 0.0000 0.0000 5.3921
v 1.8844 -11.7258 13.8054
v 0.0000 0.0000 1.0000
v 1.0000 1.0000 0.0000
v 3.0118 0.0000 0.0000
v 0.0000 0.0000 8.9380
v 2.3486 8.3280 14.1440
v 0.0000 0.0000 1.0000
v 1.0000 1.0000 0.0000
v 3.0118 0.0000 0.0000
v 0.0000 0.0000 -6.5969
v 1.8844 10.9990 13.8707
v 0.0000 0.0000 1.0000
v 1.0000 1.0000 0.0000
v 0.0000 0.0000 -13.2118
v 2.1965 0.3828 13.3986
v 0.0000 0.0000 1.0000
v 1.0000 1.0000 0.0000
v 3.0118 0.0000 0.0000
v 0.0000 0.0000 -3.6337
v 2.1516 -12.4230 13.6984
v 0.0000 0.0000 1.0000
v 1.0000 1.0000 0.0000
v 0.0000 1.0000 1.0000
v 1.0000 0.0000 0.0000
v 22.6357 45.2998 158.9591
v 10.5506 0.0000 0.0000
v 1.0000 1.0000 1.0000
v 19.8048 50.1707 -117.6409
v 26.1355 0.0000 0.0000
v 1.0000 1.0000 1.0000
v 3.0118 1.0000 0.0000
v 0.0000 0.0000 5.3921
v 1.8844 -11.7258 13.8054
v 0.0000 0.0000 1.0000
v 1.0000 1.0000 0.0000
v 3.0118 0.0000 0.0000
v 0.0000 0.0000 8.9380
v 2.3486 8.3280 14.1440
v 0.0000 0.0000 1.0000
v 1.0000 1.0000 0.0000
v 3.0118 0.0000 0.0000
v 0.0000 0.0000 -6.5969
v 1.8844 10.9990 13.8707
v 0.0000 0.0000 1.0000
v 1.0000 1.0000 0.0000
v 0.0000 0.0000 -13.2118
v 2.1965 0.3828 13.3986
v 0.0000 0.0000 1.0000
v 1.0000 1.0000 0.0000
v 3.0118 0.0000 0.0000
v 0.0000 0.0000 -3.6337
v 2.1516 -12.4230 13.6984
v 0.0000 0.0000 1.0000
v 1.0000 1.0000 0.0000
v 0.0000 5.0000 1.7000
v -107.0000 0.0000 0.0000
v 0.0000 1.0000 1.0000
v 1.0000 0.0000 0.0000
v 5.3921 1.8844 -11.7258
v 13.8054 0.0000 0.0000
v 1.0000 1.0000 1.0000
v 8.9380 2.3486 8.3280
v 14.1440 0.0000 0.0000
v 1.0000 1.0000 1.0000
v -6.5969 1.8844 10.9990
v 13.8707 0.0000 0.0000
v 1.0000 1.0000 1.0000
v -13.2118 2.1965 0.3828
v 13.3986 0.0000 0.0000
v 1.0000 1.0000 1.0000
v -3.6337 2.1516 -12.4230
v 13.6984 0.0000 0.0000
v 1.0000 1.0000 1.0000
v 0.0000 0.0000 -54.0000
v 1.0000 1.0000 0.0000
v 0.0000 0.0000 74.6492
v 57.0099 145.7180 27.3601
v 0.0000 0.0000 1.0000
v 1.0000 1.0000 0.0000
v 1.0000 0.0000 0.0000
v 0.0000 5.3921 1.8844
v -11.7258 13.8054 0.0000
v 0.0000 1.0000 1.0000
v 1.0000 0.0000 0.0000
v 0.0000 8.9380 2.3486
v 8.3280 14.1440 0.0000
v 0.0000 1.0000 1.0000
v 1.0000 0.0000 0.0000
v 0.0000 -6.5969 1.8844
v 10.9990 13.8707 0.0000
v 0.0000 1.0000 1.0000
v 1.0000 0.0000 0.0000
v 0.0000 -13.2118 2.1965
v 0.3828 13.3986 0.0000
v 0.0000 1.0000 1.0000
v 1.0000 0.0000 0.0000
v 0.0000 -3.6337 2.1516
v -12.4230 13.6984 0.0000
v 0.0000 1.0000 1.0000
v 1.0000 0.0000 0.0000
v -2.0000 12.5000 73.0000
v 1.0000 1.0000 1.0000
v 3.0118 1.0000 0.0000
v 0.0000 0.0000 5.3921
v 1.8844 -11.7258 13.8054
v 0.0000 0.0000 1.0000
v 1.0000 1.0000 0.0000
v 3.0118 0.0000 0.0000
v 0.0000 0.0000 8.9380
v 2.3486 8.3280 14.1440
v 0.0000 0.0000 1.0000
v 1.0000 1.0000 0.0000
v 3.0118 0.0000 0.0000
v 0.0000 0.0000 -6.5969
v 1.8844 10.9990 13.8707
v 0.0000 0.0000 1.0000
v 1.0000 1.0000 0.0000
v 0.0000 0.0000 -13.2118
v 2.1965 0.3828 13.3986
v 0.0000 0.0000 1.0000
v 1.0000 1.0000 0.0000
v 3.0118 0.0000 0.0000
v 0.0000 0.0000 -3.6337
v 2.1516 -12.4230 13.6984
v 0.0000 0.0000 1.0000
v 1.0000 1.0000 0.0000
v 0.0000 -22.0000 14.6000
v -81.0000 0.0000 0.0000
v 0.0000 1.0000 1.0000
v 1.0000 0.0000 0.0000
v 0.0000 158.1997 66.1568
v 106.9979 32.5368 0.0000
v 0.0000 1.0000 1.0000
v 1.0000 0.0000 0.0000
v 5.3921 1.8844 -11.7258
v 13.8054 0.0000 0.0000
v 1.0000 1.0000 1.0000
v 8.9380 2.3486 8.3280
v 14.1440 0.0000 0.0000
v 1.0000 1.0000 1.0000
v -6.5969 1.8844 10.9990
v 13.8707 0.0000 0.0000
v 1.0000 1.0000 1.0000
v -13.2118 2.1965 0.3828
v 13.3986 0.0000 0.0000
v 1.0000 1.0000 1.0000
v -3.6337 2.1516 -12.4230
v 13.6984 0.0000 0.0000
v 1.0000 1.0000 1.0000
v 0.0000 0.0000 -52.0000
v 16.9000 27.0000 0.0000
v 0.0000 0.0000 1.0000
v 1.0000 1.0000 0.0000
v 1.0000 0.0000 0.0000
v 0.0000 5.3921 1.8844
v -11.7258 13.8054 0.0000
v 0.0000 1.0000 1.0000
v 1.0000 0.0000 0.0000
v 0.0000 8.9380 2.3486
v 8.3280 14.1440 0.0000
v 0.0000 1.0000 1.0000
v 1.0000 0.0000 0.0000
v 0.0000 -6.5969 1.8844
v 10.9990 13.8707 0.0000
v 0.0000 1.0000 1.0000
v 1.0000 0.0000 0.0000
v 0.0000 -13.2118 2.1965
v 0.3828 13.3986 0.0000
v 0.0000 1.0000 1.0000
v 1.0000 0.0000 0.0000
v 0.0000 -3.6337 2.1516
v -12.4230 13.6984 0.0000
v 0.0000 1.0000 1.0000
v 1.0000 0.0000 0.0000
v 47.0000 10.3000 65.0000
v 1.0000 1.0000 1.0000
v 2.0078 1.0000 0.0000
v 0.0000 0.0000 19.2544
v 32.5794 18.8471 23.4876
v 0.0000 0.0000 1.0000
v 1.0000 1.0000 0.0000
v 5.3921 1.8844 -11.7258
v 13.8054 0.0000 0.0000
v 1.0000 1.0000 1.0000
v 8.9380 2.3486 8.3280
v 14.1440 0.0000 0.0000
v 1.0000 1.0000 1.0000
v -6.5969 1.8844 10.9990
v 13.8707 0.0000 0.0000
v 1.0000 1.0000 1.0000
v -13.2118 2.1965 0.3828
v 13.3986 0.0000 0.0000
v 1.0000 1.0000 1.0000
v -3.6337 2.1516 -12.4230
v 13.6984 0.0000 0.0000
v 1.0000 1.0000 1.0000
v 0.0000 0.0000 -89.0000
v 16.3000 120.0000 0.0000
v 0.0000 0.0000 1.0000
v 1.0000 1.0000 0.0000
v 1.0000 0.0000 0.0000
v 0.0000 46.6357 25.8966
v -95.0410 10.5506 0.0000
v 0.0000 1.0000 1.0000
v 1.0000 0.0000 0.0000
v -125.3849 9.6873 143.9644
v 10.4097 0.0000 0.0000
v 1.0000 1.0000 1.0000
v 5.3921 1.8844 -11.7258
v 13.8054 0.0000 0.0000
v 1.0000 1.0000 1.0000
v 8.9380 2.3486 8.3280
v 14.1440 0.0000 0.0000
v 1.0000 1.0000 1.0000
v -6.5969 1.8844 10.9990
v 13.8707 0.0000 0.0000
v 1.0000 1.0000 1.0000
v -13.2118 2.1965 0.3828
v 13.3986 0.0000 0.0000
v 1.0000 1.0000 1.0000
v -3.6337 2.1516 -12.4230
v 13.6984 0.0000 0.0000
v 1.0000 1.0000 1.0000
v 0.0000 0.0000 56.0000
v 1.0000 1.0000 0.0000
v 1.0000 0.0000 0.0000
v 0.0000 5.3921 1.8844
v -11.7258 13.8054 0.0000
v 0.0000 1.0000 1.0000
v 1.0000 0.0000 0.0000
v 0.0000 8.9380 2.3486
v 8.3280 14.1440 0.0000
v 0.0000 1.0000 1.0000
v 1.0000 0.0000 0.0000
v 0.0000 -6.5969 1.8844
v 10.9990 13.8707 0.0000
v 0.0000 1.0000 1.0000
v 1.0000 0.0000 0.0000
v 0.0000 -13.2118 2.1965
v 0.3828 13.3986 0.0000
v 0.0000 1.0000 1.0000
v 1.0000 0.0000 0.0000
v 0.0000 -3.6337 2.1516
v -12.4230 13.6984 0.0000
v 0.0000 1.0000 1.0000
v 1.0000 0.0000 0.0000
v 3.0000 0.8000 137.0000
v 1.0000 1.0000 1.0000
v 1.9922 0.4902 0.0000
v 0.0000 0.0000 69.8885
v 23.2496 160.7734 10.3091
v 0.0000 0.0000 1.0000
v 1.0000 1.0000 0.0000
v 3.0118 1.0000 0.0000
v 0.0000 0.0000 5.3921
v 1.8844 -11.7258 13.8054
v 0.0000 0.0000 1.0000
v 1.0000 1.0000 0.0000
v 3.0118 0.0000 0.0000
v 0.0000 0.0000 8.9380
v 2.3486 8.3280 14.1440
v 0.0000 0.0000 1.0000
v 1.0000 1.0000 0.0000
v 3.0118 0.0000 0.0000
v 0.0000 0.0000 -6.5969
v 1.8844 10.9990 13.8707
v 0.0000 0.0000 1.0000
v 1.0000 1.0000 0.0000
v 0.0000 0.0000 -13.2118
v 2.1965 0.3828 13.3986
v 0.0000 0.0000 1.0000
v 1.0000 1.0000 0.0000
v 3.0118 0.0000 0.0000
v 0.0000 0.0000 -3.6337
v 2.1516 -12.4230 13.6984
v 0.0000 0.0000 1.0000
v 1.0000 1.0000 0.0000
v 0.0000 1.0000 1.0000
v 1.0000 0.0000 0.0000
v 5.3921 1.8844 -11.7258
v 13.8054 0.0000 0.0000
v 1.0000 1.0000 1.0000
v 8.9380 2.3486 8.3280
v 14.1440 0.0000 0.0000
v 1.0000 1.0000 1.0000
v -6.5969 1.8844 10.9990
v 13.8707 0.0000 0.0000
v 1.0000 1.0000 1.0000
v -13.2118 2.1965 0.3828
v 13.3986 0.0000 0.0000
v 1.0000 1.0000 1.0000
v -3.6337 2.1516 -12.4230
v 13.6984 0.0000 0.0000
v 1.0000 1.0000 1.0000
v 0.0000 0.0000 44.0000
v 1.0000 1.0000 0.0000
v -124.0586 49.6933 -62.4065
v 18.8321 0.0000 0.0000
v 1.0000 1.0000 1.0000
v 3.0118 1.0000 0.0000
v 0.0000 0.0000 5.3921
v 1.8844 -11.7258 13.8054
v 0.0000 0.0000 1.0000
v 1.0000 1.0000 0.0000
v 3.0118 0.0000 0.0000
v 0.0000 0.0000 8.9380
v 2.3486 8.3280 14.1440
v 0.0000 0.0000 1.0000
v 1.0000 1.0000 0.0000
v 3.0118 0.0000 0.0000
v 0.0000 0.0000 -6.5969
v 1.8844 10.9990 13.8707
v 0.0000 0.0000 1.0000
v 1.0000 1.0000 0.0000
v 0.0000 0.0000 -13.2118
v 2.1965 0.3828 13.3986
v 0.0000 0.0000 1.0000
v 1.0000 1.0000 0.0000
v 3.0118 0.0000 0.0000
v 0.0000 0.0000 -3.6337
v 2.1516 -12.4230 13.6984
v 0.0000 0.0000 1.0000
v 1.0000 1.0000 0.0000
v 0.0000 1.0000 1.0000
v 1.0000 0.0000 0.0000
v -123.3644 38.8365 -4.0410
v 10.5506 0.0000 0.0000
v 1.0000 1.0000 1.0000
v 0.0000 -126.9884 26.3787
v 122.6443 17.5435 0.0000
v 0.0000 1.0000 1.0000
v 1.0000 0.0000 0.0000
v -33.6357 54.4766 137.9591
v 10.5506 0.0000 0.0000
v 1.0000 1.0000 1.0000
v 3.0118 1.0000 0.0000
v 0.0000 0.0000 5.3921
v 1.8844 -11.7258 13.8054
v 0.0000 0.0000 1.0000
v 1.0000 1.0000 0.0000
v 3.0118 0.0000 0.0000
v 0.0000 0.0000 8.9380
v 2.3486 8.3280 14.1440
v 0.0000 0.0000 1.0000
v 1.0000 1.0000 0.0000
v 3.0118 0.0000 0.0000
v 0.0000 0.0000 -6.5969
v 1.8844 10.9990 13.8707
v 0.0000 0.0000 1.0000
v 1.0000 1.0000 0.0000
v 0.0000 0.0000 -13.2118
v 2.1965 0.3828 13.3986
v 0.0000 0.0000 1.0000
v 1.0000 1.0000 0.0000
v 3.0118 0.0000 0.0000
v 0.0000 0.0000 -3.6337
v 2.1516 -12.4230 13.6984
v 0.0000 0.0000 1.0000
v 1.0000 1.0000 0.0000
v 0.0000 -33.0000 10.3000
v -92.0000 0.0000 0.0000
v 0.0000 1.0000 1.0000
v 1.0000 0.0000 0.0000
v 0.0000 0.0000 19.1807
v 43.4309 -125.8757 18.1054
v 0.0000 0.0000 1.0000
v 1.0000 1.0000 0.0000
v 1.0000 0.0000 0.0000
v 0.0000 5.3921 1.8844
v -11.7258 13.8054 0.0000
v 0.0000 1.0000 1.0000
v 1.0000 0.0000 0.0000
v 0.0000 8.9380 2.3486
v 8.3280 14.1440 0.0000
v 0.0000 1.0000 1.0000
v 1.0000 0.0000 0.0000
v 0.0000 -6.5969 1.8844
v 10.9990 13.8707 0.0000
v 0.0000 1.0000 1.0000
v 1.0000 0.0000 0.0000
v 0.0000 -13.2118 2.1965
v 0.3828 13.3986 0.0000
v 0.0000 1.0000 1.0000
v 1.0000 0.0000 0.0000
v 0.0000 -3.6337 2.1516
v -12.4230 13.6984 0.0000
v 0.0000 1.0000 1.0000
v 1.0000 0.0000 0.0000
v -84.0000 6.9000 -12.0000
v 1.0000 1.0000 1.0000
v 3.0118 1.0000 0.0000
v 0.0000 0.0000 5.3921
v 1.8844 -11.7258 13.8054
v 0.0000 0.0000 1.0000
v 1.0000 1.0000 0.0000
v 3.0118 0.0000 0.0000
v 0.0000 0.0000 8.9380
v 2.3486 8.3280 14.1440
v 0.0000 0.0000 1.0000
v 1.0000 1.0000 0.0000
v 3.0118 0.0000 0.0000
v 0.0000 0.0000 -6.5969
v 1.8844 10.9990 13.8707
v 0.0000 0.0000 1.0000
v 1.0000 1.0000 0.0000
v 0.0000 0.0000 -13.2118
v 2.1965 0.3828 13.3986
v 0.0000 0.0000 1.0000
v 1.0000 1.0000 0.0000
v 3.0118 0.0000 0.0000
v 0.0000 0.0000 -3.6337
v 2.1516 -12.4230 13.6984
v 0.0000 0.0000 1.0000
v 1.0000 1.0000 0.0000
v 0.0000 1.0000 1.0000
v 1.0000 0.0000 0.0000
v 0.0000 0.0000 74.7451
v 44.4728 142.4052 18.4661
v 0.0000 0.0000 1.0000
v 1.0000 1.0000 0.0000
v 1.0000 0.0000 0.0000
v 0.0000 5.3921 1.8844
v -11.7258 13.8054 0.0000
v 0.0000 1.0000 1.0000
v 1.0000 0.0000 0.0000
v 0.0000 8.9380 2.3486
v 8.3280 14.1440 0.0000
v 0.0000 1.0000 1.0000
v 1.0000 0.0000 0.0000
v 0.0000 -6.5969 1.8844
v 10.9990 13.8707 0.0000
v 0.0000 1.0000 1.0000
v 1.0000 0.0000 0.0000
v 0.0000 -13.2118 2.1965
v 0.3828 13.3986 0.0000
v 0.0000 1.0000 1.0000
v 1.0000 0.0000 0.0000
v 0.0000 -3.6337 2.1516
v -12.4230 13.6984 0.0000
v 0.0000 1.0000 1.0000
v 1.0000 0.0000 0.0000
v 14.0000 23.1000 -76.0000
v 1.0000 1.0000 1.0000
v 3.0118 1.0000 0.0000
v 0.0000 0.0000 5.3921
v 1.8844 -11.7258 13.8054
v 0.0000 0.0000 1.0000
v 1.0000 1.0000 0.0000
v 3.0118 0.0000 0.0000
v 0.0000 0.0000 8.9380
v 2.3486 8.3280 14.1440
v 0.0000 0.0000 1.0000
v 1.0000 1.0000 0.0000
v 3.0118 0.0000 0.0000
v 0.0000 0.0000 -6.5969
v 1.8844 10.9990 13.8707
v 0.0000 0.0000 1.0000
v 1.0000 1.0000 0.0000
v 0.0000 0.0000 -13.2118
v 2.1965 0.3828 13.3986
v 0.0000 0.0000 1.0000
v 1.0000 1.0000 0.0000
v 3.0118 0.0000 0.0000
v 0.0000 0.0000 -3.6337
v 2.1516 -12.4230 13.6984
v 0.0000 0.0000 1.0000
v 1.0000 1.0000 0.0000
v 0.0000 1.0000 1.0000
v 1.0000 0.0000 0.0000
v 0.0000 0.0000 164.0367
v 53.6533 105.1299 19.6324
v 0.0000 0.0000 1.0000
v 1.0000 1.0000 0.0000
v 1.0000 0.0000 0.0000
v 0.0000 5.3921 1.8844
v -11.7258 13.8054 0.0000
v 0.0000 1.0000 1.0000
v 1.0000 0.0000 0.0000
v 0.0000 8.9380 2.3486
v 8.3280 14.1440 0.0000
v 0.0000 1.0000 1.0000
v 1.0000 0.0000 0.0000
v 0.0000 -6.5969 1.8844
v 10.9990 13.8707 0.0000
v 0.0000 1.0000 1.0000
v 1.0000 0.0000 0.0000
v 0.0000 -13.2118 2.1965
v 0.3828 13.3986 0.0000
v 0.0000 1.0000 1.0000
v 1.0000 0.0000 0.0000
v 0.0000 -3.6337 2.1516
v -12.4230 13.6984 0.0000
v 0.0000 1.0000 1.0000
v 1.0000 0.0000 0.0000
v 1.0000 1.0000 1.0000
v 3.0118 1.0000 0.0000
v 0.0000 0.0000 5.3921
v 1.8844 -11.7258 13.8054
v 0.0000 0.0000 1.0000
v 1.0000 1.0000 0.0000
v 3.0118 0.0000 0.0000
v 0.0000 0.0000 8.9380
v 2.3486 8.3280 14.1440
v 0.0000 0.0000 1.0000
v 1.0000 1.0000 0.0000
v 3.0118 0.0000 0.0000
v 0.0000 0.0000 -6.5969
v 1.8844 10.9990 13.8707
v 0.0000 0.0000 1.0000
v 1.0000 1.0000 0.0000
v 0.0000 0.0000 -13.2118
v 2.1965 0.3828 13.3986
v 0.0000 0.0000 1.0000
v 1.0000 1.0000 0.0000
v 3.0118 0.0000 0.0000
v 0.0000 0.0000 -3.6337
v 2.1516 -12.4230 13.6984
v 0.0000 0.0000 1.0000
v 1.0000 1.0000 0.0000
v 0.0000 1.0000 1.0000
v 1.0000 0.0000 0.0000
v 0.0000 0.0000 -46.0000
v 124.2000 28.0000 81.5895
v 0.0000 0.0000 1.0000
v 1.0000 1.0000 0.0000
v 3.0118 1.0000 0.0000
v 0.0000 0.0000 5.3921
v 1.8844 -11.7258 13.8054
v 0.0000 0.0000 1.0000
v 1.0000 1.0000 0.0000
v 3.0118 0.0000 0.0000
v 0.0000 0.0000 8.9380
v 2.3486 8.3280 14.1440
v 0.0000 0.0000 1.0000
v 1.0000 1.0000 0.0000
v 3.0118 0.0000 0.0000
v 0.0000 0.0000 -6.5969
v 1.8844 10.9990 13.8707
v 0.0000 0.0000 1.0000
v 1.0000 1.0000 0.0000
v 0.0000 0.0000 -13.2118
v 2.1965 0.3828 13.3986
v 0.0000 0.0000 1.0000
v 1.0000 1.0000 0.0000
v 3.0118 0.0000 0.0000
v 0.0000 0.0000 -3.6337
v 2.1516 -12.4230 13.6984
v 0.0000 0.0000 1.0000
v 1.0000 1.0000 0.0000
v 0.0000 1.0000 1.0000
v 1.0000 0.0000 0.0000
v 5.3921 1.8844 -11.7258
v 13.8054 0.0000 0.0000
v 1.0000 1.0000 1.0000
v 8.9380 2.3486 8.3280
v 14.1440 0.0000 0.0000
v 1.0000 1.0000 1.0000
v -6.5969 1.8844 10.9990
v 13.8707 0.0000 0.0000
v 1.0000 1.0000 1.0000
v -13.2118 2.1965 0.3828
v 13.3986 0.0000 0.0000
v 1.0000 1.0000 1.0000
v -3.6337 2.1516 -12.4230
v 13.6984 0.0000 0.0000
v 1.0000 1.0000 1.0000
v 0.0000 0.0000 -145.0000
v 1.0000 1.0000 0.0000
v -4.0078 0.0000 0.0000
v 0.0000 0.0000 119.5005
v 41.7284 131.2398 78.3108
v 0.0000 0.0000 1.0000
v 1.0000 1.0000 0.0000
v 42.6357 26.5029 -82.0409
v 10.5506 0.0000 0.0000
v 1.0000 1.0000 1.0000
v 3.0118 1.0000 0.0000
v 0.0000 0.0000 5.3921
v 1.8844 -11.7258 13.8054
v 0.0000 0.0000 1.0000
v 1.0000 1.0000 0.0000
v 3.0118 0.0000 0.0000
v 0.0000 0.0000 8.9380
v 2.3486 8.3280 14.1440
v 0.0000 0.0000 1.0000
v 1.0000 1.0000 0.0000
v 3.0118 0.0000 0.0000
v 0.0000 0.0000 -6.5969
v 1.8844 10.9990 13.8707
v 0.0000 0.0000 1.0000
v 1.0000 1.0000 0.0000
v 0.0000 0.0000 -13.2118
v 2.1965 0.3828 13.3986
v 0.0000 0.0000 1.0000
v 1.0000 1.0000 0.0000
v 3.0118 0.0000 0.0000
v 0.0000 0.0000 -3.6337
v 2.1516 -12.4230 13.6984
v 0.0000 0.0000 1.0000
v 1.0000 1.0000 0.0000
v 0.0000 122.0000 0.4000
v -84.0000 0.0000 0.0000
v 0.0000 1.0000 1.0000
v 1.0000 0.0000 0.0000
v -7.0804 88.1202 29.2144
v 70.2371 0.0000 0.0000
v 1.0000 1.0000 1.0000
v 1.0000 0.0000 0.0000
v 0.0000 25.6357 25.9977
v -94.0409 10.5506 0.0000
v 0.0000 1.0000 1.0000
v 1.0000 0.0000 0.0000
v 5.3921 1.8844 -11.7258
v 13.8054 0.0000 0.0000
v 1.0000 1.0000 1.0000
v 8.9380 2.3486 8.3280
v 14.1440 0.0000 0.0000
v 1.0000 1.0000 1.0000
v -6.5969 1.8844 10.9990
v 13.8707 0.0000 0.0000
v 1.0000 1.0000 1.0000
v -13.2118 2.1965 0.3828
v 13.3986 0.0000 0.0000
v 1.0000 1.0000 1.0000
v -3.6337 2.1516 -12.4230
v 13.6984 0.0000 0.0000
v 1.0000 1.0000 1.0000
v 0.0000 0.0000 78.0000
v 1.0000 1.0000 0.0000
v -3.4314 0.0000 0.0000
v 0.0000 -44.8088 109.1825
v 69.0192 77.4738 0.0000
v 0.0000 1.0000 1.0000
v 1.0000 0.0000 0.0000
v 3.0118 1.0000 0.0000
v 0.0000 0.0000 5.3921
v 1.8844 -11.7258 13.8054
v 0.0000 0.0000 1.0000
v 1.0000 1.0000 0.0000
v 3.0118 0.0000 0.0000
v 0.0000 0.0000 8.9380
v 2.3486 8.3280 14.1440
v 0.0000 0.0000 1.0000
v 1.0000 1.0000 0.0000
v 3.0118 0.0000 0.0000
v 0.0000 0.0000 -6.5969
v 1.8844 10.9990 13.8707
v 0.0000 0.0000 1.0000
v 1.0000 1.0000 0.0000
v 0.0000 0.0000 -13.2118
v 2.1965 0.3828 13.3986
v 0.0000 0.0000 1.0000
v 1.0000 1.0000 0.0000
v 3.0118 0.0000 0.0000
v 0.0000 0.0000 -3.6337
v 2.1516 -12.4230 13.6984
v 0.0000 0.0000 1.0000
v 1.0000 1.0000 0.0000
v 0.0000 1.0000 1.0000
v 1.0000 0.0000 0.0000
v 5.3921 1.8844 -11.7258
v 13.8054 0.0000 0.0000
v 1.0000 1.0000 1.0000
v 8.9380 2.3486 8.3280
v 14.1440 0.0000 0.0000
v 1.0000 1.0000 1.0000
v -6.5969 1.8844 10.9990
v 13.8707 0.0000 0.0000
v 1.0000 1.0000 1.0000
v -13.2118 2.1965 0.3828
v 13.3986 0.0000 0.0000
v 1.0000 1.0000 1.0000
v -3.6337 2.1516 -12.4230
v 13.6984 0.0000 0.0000
v 1.0000 1.0000 1.0000
v 0.0000 0.0000 -2.0000
v 21.8000 -86.0000 0.0000
v 0.0000 0.0000 1.0000
v 1.0000 1.0000 0.0000
v -3.4314 0.0000 0.0000
v 0.0000 -67.5008 103.1746
v -2.3159 88.4855 0.0000
v 0.0000 1.0000 1.0000
v 1.0000 0.0000 0.0000
v 0.0000 1.0000 0.0000
v 0.0000 0.0000 53.0000
v 29.2222 144.2202 10.5592
v 0.0000 0.0000 1.0000
v 1.0000 1.0000 0.0000
v 1.0000 0.0000 0.0000
v 0.0000 0.0000 119.4550
v 26.0509 120.2201 10.6778
v 0.0000 0.0000 1.0000
v 1.0000 1.0000 0.0000
v -4.0078 0.0000 0.0000
v -86.0615 93.8100 36.5683
v 98.5113 0.0000 0.0000
v 1.0000 1.0000 1.0000
v -23.4372 43.0590 -90.5047
v 10.4564 0.0000 0.0000
v 1.0000 1.0000 1.0000
v 3.0118 1.0000 0.0000
v 0.0000 0.0000 5.3921
v 1.8844 -11.7258 13.8054
v 0.0000 0.0000 1.0000
v 1.0000 1.0000 0.0000
v 3.0118 0.0000 0.0000
v 0.0000 0.0000 8.9380
v 2.3486 8.3280 14.1440
v 0.0000 0.0000 1.0000
v 1.0000 1.0000 0.0000
v 3.0118 0.0000 0.0000
v 0.0000 0.0000 -6.5969
v 1.8844 10.9990 13.8707
v 0.0000 0.0000 1.0000
v 1.0000 1.0000 0.0000
v 0.0000 0.0000 -13.2118
v 2.1965 0.3828 13.3986
v 0.0000 0.0000 1.0000
v 1.0000 1.0000 0.0000
v 3.0118 0.0000 0.0000
v 0.0000 0.0000 -3.6337
v 2.1516 -12.4230 13.6984
v 0.0000 0.0000 1.0000
v 1.0000 1.0000 0.0000
v 0.0000 88.0000 7.2000
v -13.0000 0.0000 0.0000
v 0.0000 1.0000 1.0000
v 1.0000 0.0000 0.0000
v 0.0000 -91.5220 47.4178
v 8.7488 21.9893 0.0000
v 0.0000 1.0000 1.0000
v 1.0000 0.0000 0.0000
v 5.3921 1.8844 -11.7258
v 13.8054 0.0000 0.0000
v 1.0000 1.0000 1.0000
v 8.9380 2.3486 8.3280
v 14.1440 0.0000 0.0000
v 1.0000 1.0000 1.0000
v -6.5969 1.8844 10.9990
v 13.8707 0.0000 0.0000
v 1.0000 1.0000 1.0000
v -13.2118 2.1965 0.3828
v 13.3986 0.0000 0.0000
v 1.0000 1.0000 1.0000
v -3.6337 2.1516 -12.4230
v 13.6984 0.0000 0.0000
v 1.0000 1.0000 1.0000
v 0.0000 0.0000 72.0000
v 1.0000 1.0000 0.0000
v 1.0000 0.0000 0.0000
v 0.0000 5.3921 1.8844
v -11.7258 13.8054 0.0000
v 0.0000 1.0000 1.0000
v 1.0000 0.0000 0.0000
v 0.0000 8.9380 2.3486
v 8.3280 14.1440 0.0000
v 0.0000 1.0000 1.0000
v 1.0000 0.0000 0.0000
v 0.0000 -6.5969 1.8844
v 10.9990 13.8707 0.0000
v 0.0000 1.0000 1.0000
v 1.0000 0.0000 0.0000
v 0.0000 -13.2118 2.1965
v 0.3828 13.3986 0.0000
v 0.0000 1.0000 1.0000
v 1.0000 0.0000 0.0000
v 0.0000 -3.6337 2.1516
v -12.4230 13.6984 0.0000
v 0.0000 1.0000 1.0000
v 1.0000 0.0000 0.0000
v 1.0000 1.0000 1.0000
v 2.0078 0.0000 0.0000
v 90.4780 53.6178 65.7488
v 21.9893 0.0000 0.0000
v 1.0000 1.0000 1.0000
v 3.0118 1.0000 0.0000
v 0.0000 0.0000 5.3921
v 1.8844 -11.7258 13.8054
v 0.0000 0.0000 1.0000
v 1.0000 1.0000 0.0000
v 3.0118 0.0000 0.0000
v 0.0000 0.0000 8.9380
v 2.3486 8.3280 14.1440
v 0.0000 0.0000 1.0000
v 1.0000 1.0000 0.0000
v 3.0118 0.0000 0.0000
v 0.0000 0.0000 -6.5969
v 1.8844 10.9990 13.8707
v 0.0000 0.0000 1.0000
v 1.0000 1.0000 0.0000
v 0.0000 0.0000 -13.2118
v 2.1965 0.3828 13.3986
v 0.0000 0.0000 1.0000
v 1.0000 1.0000 0.0000
v 3.0118 0.0000 0.0000
v 0.0000 0.0000 -3.6337
v 2.1516 -12.4230 13.6984
v 0.0000 0.0000 1.0000
v 1.0000 1.0000 0.0000
v 0.0000 1.0000 1.0000
v 1.0000 0.0000 0.0000
v 5.3921 1.8844 -11.7258
v 13.8054 0.0000 0.0000
v 1.0000 1.0000 1.0000
v 8.9380 2.3486 8.3280
v 14.1440 0.0000 0.0000
v 1.0000 1.0000 1.0000
v -6.5969 1.8844 10.9990
v 13.8707 0.0000 0.0000
v 1.0000 1.0000 1.0000
v -13.2118 2.1965 0.3828
v 13.3986 0.0000 0.0000
v 1.0000 1.0000 1.0000
v -3.6337 2.1516 -12.4230
v 13.6984 0.0000 0.0000
v 1.0000 1.0000 1.0000
v 0.0000 0.0000 -153.0000
v 1.0000 1.0000 0.0000
v 0.0000 0.0000 4.1398
v 53.2178 55.5679 21.9568
v 0.0000 0.0000 1.0000
v 1.0000 1.0000 0.0000
v 1.0000 0.0000 0.0000
v 0.0000 5.3921 1.8844
v -11.7258 13.8054 0.0000
v 0.0000 1.0000 1.0000
v 1.0000 0.0000 0.0000
v 0.0000 8.9380 2.3486
v 8.3280 14.1440 0.0000
v 0.0000 1.0000 1.0000
v 1.0000 0.0000 0.0000
v 0.0000 -6.5969 1.8844
v 10.9990 13.8707 0.0000
v 0.0000 1.0000 1.0000
v 1.0000 0.0000 0.0000
v 0.0000 -13.2118 2.1965
v 0.3828 13.3986 0.0000
v 0.0000 1.0000 1.0000
v 1.0000 0.0000 0.0000
v 0.0000 -3.6337 2.1516
v -12.4230 13.6984 0.0000
v 0.0000 1.0000 1.0000
v 1.0000 0.0000 0.0000
v 1.0000 1.0000 1.0000
v 2.0078 0.9098 0.0000
v 0.0000 -6.0420 53.6000
v 55.3466 4.7374 0.0000
v 0.0000 1.0000 1.0000
v 1.0000 0.0000 0.0000
v 0.0000 0.0000 -81.0114
v 47.8000 13.3016 4.7163
v 0.0000 0.0000 1.0000
v 1.0000 1.0000 0.0000
v 0.9098 0.0000 0.0000
v 100.9886 54.0000 70.3016
v 4.7163 0.0000 0.0000
v 1.0000 1.0000 1.0000
v -105.1138 58.6282 -151.0155
v 28.5913 0.0000 0.0000
v 1.0000 1.0000 1.0000
v 145.6150 49.8970 7.1889
v 29.8893 0.0000 0.0000
v 1.0000 1.0000 1.0000
v -61.5457 41.6463 64.2341
v 30.0115 0.0000 0.0000
v 1.0000 1.0000 1.0000
v 45.0150 37.5590 -34.6290
v 29.6433 0.0000 0.0000
v 1.0000 1.0000 1.0000
v 2.0078 1.0000 0.0000
v 0.0000 0.0000 -58.9817
v 17.1679 64.3728 22.1277
v 0.0000 0.0000 1.0000
v 1.0000 1.0000 0.0000
v 0.0000 37.5353 8.2193
v -148.6804 15.7602 0.0000
v 0.0000 1.0000 1.0000
v 1.0000 0.0000 0.0000
v 1.9922 0.4902 0.0000
v 0.0000 0.0000 -142.1778
v 18.0915 108.6066 10.8313
v 0.0000 0.0000 1.0000
v 1.0000 1.0000 0.0000
v 0.2998 0.2988 0.0000
v -79.9957 61.4299 -79.9885
v 339.4184 0.0000 0.0000
v 1.0000 1.0000 1.0000
v 0.0000 0.0089 42.0612
v -79.9879 288.4490 0.0000
v 0.0000 1.0000 1.0000
v 1.0000 0.0000 0.0000
v 0.2988 0.0000 0.0000
v 41.8082 -79.9821 288.4487
v 0.0000 0.0000 1.0000
v 1.0000 1.0000 0.0000
v 0.2988 0.0000 0.0000
v 79.9876 67.9898 -79.9892
v 339.4183 0.0000 0.0000
v 1.0000 1.0000 1.0000
v -79.9972 45.3737 -0.0110
v 288.4637 0.0000 0.0000
v 1.0000 1.0000 1.0000
v 0.5000 0.2988 0.0000
v 0.0000 -0.0069 38.2989
v -0.0092 226.3132 0.0000
v 0.0000 1.0000 1.0000
v 1.0000 0.0000 0.0000
v 22.1950 -0.0092 226.2801
v 0.0000 0.0000 1.0000
v 1.0000 1.0000 0.0000
v 0.7314 0.2988 0.0000
v 79.9809 76.3248 -0.0013
v 288.4555 0.0000 0.0000
v 1.0000 1.0000 1.0000
v 0.5469 0.0000 0.0000
v 0.0000 -79.9839 52.7783
v -0.0016 288.4628 0.0000
v 0.0000 1.0000 1.0000
v 1.0000 0.0000 0.0000
v 0.4629 0.6631 0.0000
v 41.7067 0.0049 226.2931
v 0.0000 0.0000 1.0000
v 1.0000 1.0000 0.0000
v 0.7002 0.5889 0.0000
v 32.3129 -0.0121 226.2883
v 0.0000 0.0000 1.0000
v 1.0000 1.0000 0.0000
v 0.7002 0.5889 0.0000
v 0.0000 79.9845 93.2119
v -0.0051 288.4647 0.0000
v 0.0000 1.0000 1.0000
v 1.0000 0.0000 0.0000
v 0.0000 -79.9977 30.6250
v 79.9942 339.4181 0.0000
v 0.0000 1.0000 1.0000
v 1.0000 0.0000 0.0000
v -0.0071 79.4875 79.9907
v 288.4447 0.0000 0.0000
v 1.0000 1.0000 1.0000
v 0.7959 0.0000 0.0000
v -0.0114 91.7940 79.9833
v 288.4538 0.0000 0.0000
v 1.0000 1.0000 1.0000
v 0.0000 79.9957 105.8661
v 79.9919 339.4072 0.0000
v 0.0000 1.0000 1.0000
v 1.0000 0.0000 0.0000
v 12.0471 -6.5255 0.0000
v 0.0000 -80.0003 61.3524
v -80.0003 339.4114 0.0000
v 0.0000 1.0000 1.0000
v 1.0000 0.0000 0.0000
v 0.0000 59.4997 11.7130
v -25.5003 31.3148 0.0000
v 0.0000 1.0000 1.0000
v 1.0000 0.0000 0.0000
v -6.1383 12.6040 67.1093
v 35.2909 0.0000 0.0000
v 1.0000 1.0000 1.0000
v 4.9569 0.0000 0.0000
v 0.0000 0.0000 158.2396
v 11.6950 -100.6639 44.7795
v 0.0000 0.0000 1.0000
v 1.0000 1.0000 0.0000
v 0.0000 1.0000 0.0000
v 0.0000 -0.0001 41.9916
v -80.0003 288.4442 0.0000
v 0.0000 1.0000 1.0000
v 1.0000 0.0000 0.0000
v 3.0118 0.0000 0.0000
v 0.0000 0.0000 -62.3923
v 15.2264 137.4741 32.0512
v 0.0000 0.0000 1.0000
v 1.0000 1.0000 0.0000
v 106.1431 6.5144 155.9416
v 45.1805 0.0000 0.0000
v 1.0000 1.0000 1.0000
v -4.0223 17.0897 14.2165
v 21.7273 0.0000 0.0000
v 1.0000 1.0000 1.0000
v 0.0000 -26.2011 15.5244
v -71.0841 46.6447 0.0000
v 0.0000 1.0000 1.0000
v 1.0000 0.0000 0.0000
v 0.3765 0.0000 0.0000
v 0.0000 0.0000 -106.0000
v 20.1000 69.7500 23.6699
v 0.0000 0.0000 1.0000
v 1.0000 1.0000 0.0000
v -127.0000 20.1000 32.7500
v 23.6699 0.0000 0.0000
v 1.0000 1.0000 1.0000
v 0.0000 104.0000 122.4000
v -153.8750 37.4537 0.0000
v 0.0000 1.0000 1.0000
v 1.0000 0.0000 0.0000
v 1.6000 1.0000 0.0000
v 0.0001 41.7392 -80.0003
v 288.4442 0.0000 0.0000
v 1.0000 1.0000 1.0000
v -37.0324 3.6658 103.0220
v 30.0457 0.0000 0.0000
v 1.0000 1.0000 1.0000
v 0.0000 -71.0000 152.4000
v -171.3750 37.4537 0.0000
v 0.0000 1.0000 1.0000
v 1.0000 0.0000 0.0000
v 0.3765 0.0000 0.0000
v 0.0000 0.0000 57.0000
v 49.7210 -148.0000 47.6687
v 0.0000 0.0000 1.0000
v 1.0000 1.0000 0.0000
v 0.0000 80.0004 67.9214
v -80.0003 339.4115 0.0000
v 0.0000 1.0000 1.0000
v 1.0000 0.0000 0.0000
v 0.0000 0.0000 -82.0988
v 8.9388 50.9431 41.6234
v 0.0000 0.0000 1.0000
v 1.0000 1.0000 0.0000
v 4.9686 0.0000 0.0000
v 0.0000 0.0000 -38.8886
v 3.0457 -112.5741 30.5204
v 0.0000 0.0000 1.0000
v 1.0000 1.0000 0.0000
v 6.0235 0.0000 0.0000
v 0.0000 0.0000 26.2458
v 23.1810 155.6884 41.0737
v 0.0000 0.0000 1.0000
v 1.0000 1.0000 0.0000
v -10.0000 6.3000 -42.2500
v 23.6699 0.0000 0.0000
v 1.0000 1.0000 1.0000
v -12.4000 0.0000 0.0000
v 0.0000 0.0000 -80.0003
v 45.2984 -0.0001 288.4443
v 0.0000 0.0000 1.0000
v 1.0000 1.0000 0.0000
v 5.0118 0.0000 0.0000
v 21.4997 15.2601 -47.0001
v 67.9889 0.0000 0.0000
v 1.0000 1.0000 1.0000
v 3.5412 1.0000 0.0000
v -0.0001 38.2251 -0.0001
v 226.2743 0.0000 0.0000
v 1.0000 1.0000 1.0000
v 95.9201 -0.9854 -33.7641
v 46.8836 0.0000 0.0000
v 1.0000 1.0000 1.0000
v 0.0000 0.0001 22.0605
v -0.0001 226.2743 0.0000
v 0.0000 1.0000 1.0000
v 1.0000 0.0000 0.0000
v 0.0000 50.6249 4.7297
v -136.7128 44.0683 0.0000
v 0.0000 1.0000 1.0000
v 1.0000 0.0000 0.0000
v 0.0000 -36.7758 2.6778
v -157.4173 43.8530 0.0000
v 0.0000 1.0000 1.0000
v 1.0000 0.0000 0.0000
v 0.0000 -95.7303 -2.7571
v 85.2360 45.9489 0.0000
v 0.0000 1.0000 1.0000
v 1.0000 0.0000 0.0000
v 0.3765 0.0000 0.0000
v 0.0000 0.0000 -86.0000
v 2.7000 -131.2500 23.6699
v 0.0000 0.0000 1.0000
v 1.0000 1.0000 0.0000
v -59.0000 -0.2000 22.7500
v 23.6699 0.0000 0.0000
v 1.0000 1.0000 1.0000
v 0.0000 8.0000 3.0000
v 40.9000 28.3554 0.0000
v 0.0000 1.0000 1.0000
v 1.0000 0.0000 0.0000
v 0.3765 0.0000 0.0000
v 0.0000 0.0000 -132.0000
v 25.6000 110.7500 23.7279
v 0.0000 0.0000 1.0000
v 1.0000 1.0000 0.0000
v -109.0000 26.8000 132.7500
v 23.7279 0.0000 0.0000
v 1.0000 1.0000 1.0000
v 80.0004 76.2529 -0.0001
v 288.4443 0.0000 0.0000
v 1.0000 1.0000 1.0000
v 132.0548 35.5838 145.8647
v 31.8357 0.0000 0.0000
v 1.0000 1.0000 1.0000
v -148.3549 19.2577 61.7291
v 29.9830 0.0000 0.0000
v 1.0000 1.0000 1.0000
v -170.7953 19.3749 167.8669
v 41.4197 0.0000 0.0000
v 1.0000 1.0000 1.0000
v 3.0118 0.0000 0.0000
v 0.0000 -33.0116 31.0865
v 75.8467 27.1043 0.0000
v 0.0000 1.0000 1.0000
v 1.0000 0.0000 0.0000
v 4.4314 0.0000 0.0000
v 0.0000 0.0000 -15.3055
v 32.8898 148.3615 41.3037
v 0.0000 0.0000 1.0000
v 1.0000 1.0000 0.0000
v 0.0000 0.0000 137.7923
v 37.6649 118.2553 27.3318
v 0.0000 0.0000 1.0000
v 1.0000 1.0000 0.0000
v 95.0000 36.0000 -56.2500
v 23.6699 0.0000 0.0000
v 1.0000 1.0000 1.0000
v 0.0000 104.0000 37.9000
v -26.1000 28.3554 0.0000
v 0.0000 1.0000 1.0000
v 1.0000 0.0000 0.0000
v 7.5333 -3.3725 0.0000
v 0.0000 -80.0003 52.7100
v 0.0001 288.4443 0.0000
v 0.0000 1.0000 1.0000
v 1.0000 0.0000 0.0000
v 0.0000 -15.6877 7.0992
v 44.5590 32.8480 0.0000
v 0.0000 1.0000 1.0000
v 1.0000 0.0000 0.0000
v 4.0157 0.0000 0.0000
v 0.0000 0.0000 -90.5733
v 8.0115 40.2771 34.4377
v 0.0000 0.0000 1.0000
v 1.0000 1.0000 0.0000
v -0.0001 41.6334 0.0001
v 226.2743 0.0000 0.0000
v 1.0000 1.0000 1.0000
v 0.0000 16.2701 32.1439
v 19.8113 34.4416 0.0000
v 0.0000 1.0000 1.0000
v 1.0000 0.0000 0.0000
v 0.3765 0.0000 0.0000
v 0.0000 0.0000 86.0000
v 27.2000 -101.8750 35.3947
v 0.0000 0.0000 1.0000
v 1.0000 1.0000 0.0000
v 0.0001 32.1765 0.0001
v 226.2743 0.0000 0.0000
v 1.0000 1.0000 1.0000
v -65.0166 15.7032 63.8249
v 35.7446 0.0000 0.0000
v 1.0000 1.0000 1.0000
v 0.0000 30.5081 6.2000
v -147.6096 36.0844 0.0000
v 0.0000 1.0000 1.0000
v 1.0000 0.0000 0.0000
v 65.0000 25.2000 151.9000
v 28.3554 0.0000 0.0000
v 1.0000 1.0000 1.0000
v 0.0000 90.0000 25.4000
v 100.7500 23.6699 0.0000
v 0.0000 1.0000 1.0000
v 1.0000 0.0000 0.0000
v 0.0000 1.0000 0.0000
v 80.0004 93.1459 0.0001
v 288.4443 0.0000 0.0000
v 1.0000 1.0000 1.0000
v 0.0000 25.0000 35.9000
v -100.1000 28.3555 0.0000
v 0.0000 1.0000 1.0000
v 1.0000 0.0000 0.0000
v 10.1882 1.0000 0.0000
v -80.0003 30.5500 80.0003
v 339.4114 0.0000 0.0000
v 1.0000 1.0000 1.0000
v 79.4166 80.0003 288.4442
v 0.0000 0.0000 1.0000
v 1.0000 1.0000 0.0000
v 6.0235 0.0000 0.0000
v 0.0000 0.0000 -141.1168
v 4.5158 -107.4293 46.4739
v 0.0000 0.0000 1.0000
v 1.0000 1.0000 0.0000
v 0.0001 91.7228 80.0003
v 288.4442 0.0000 0.0000
v 1.0000 1.0000 1.0000
v 0.0000 -27.4999 21.9253
v -56.4998 31.3142 0.0000
v 0.0000 1.0000 1.0000
v 1.0000 0.0000 0.0000
v 1.0000 0.0000 0.0000
v 0.0000 80.0004 105.7958
v 80.0003 339.4115 0.0000
v 0.0000 1.0000 1.0000
v 1.0000 0.0000 0.0000
v 122.5881 7.9108 -56.1759
v 17.1044 0.0000 0.0000
v 1.0000 1.0000 1.0000
v 0.0000 16.7106 15.8416
v -81.1497 41.4725 0.0000
v 0.0000 1.0000 1.0000
v 1.0000 0.0000 0.0000
v 3.0118 0.0000 0.0000
v 0.0000 -69.1817 18.0799
v 4.5074 24.0332 0.0000
v 0.0000 1.0000 1.0000
v 1.0000 0.0000 0.0000
v 4.0157 0.0000 0.0000
v 0.0000 42.9664 6.6649
v 125.0682 39.1209 0.0000
v 0.0000 1.0000 1.0000
v 1.0000 0.0000 0.0000
v 0.0000 0.0000 0.1625
v -0.0681 -0.1280 71.1661
v 0.0000 0.0000 -991.8723
v 168.5835 -90.0705 0.0000
v 0.0000 0.0000 1.0000
v 1.0000 1.0000 0.0000
vn 0.0000 1.0000 0.0000
vn 0.0000 1.0000 0.0000
vn 0.0000 1.0000 0.0000
vn 0.0000 1.0000 0.0000
vn 0.0000 1.0000 0.0000
vn 0.0000 1.0000 0.0000
vn 0.0000 1.0000 0.0000
vn 0.0000 1.0000 0.0000
vn 0.0000 1.0000 0.0000
vn 0.0000 1.0000 0.0000
vn 0.0000 1.0000 0.0000
vn 0.0000 1.0000 0.0000
vn 0.0000 1.0000 0.0000
vn 0.0000 1.0000 0.0000
vn 0.0000 1.0000 0.0000
vn 0.0000 1.0000 0.0000
vn 0.0000 1.0000 0.0000
vn 0.0000 1.0000 0.0000
vn 0.0000 1.0000 0.0000
vn 0.0000 1.0000 0.0000
vn 0.0000 1.0000 0.0000
vn 0.0000 1.0000 0.0000
vn 0.0000 1.0000 0.0000
vn 0.0000 1.0000 0.0000
vn 0.0000 1.0000 0.0000
vn 0.0000 1.0000 0.0000
vn 0.0000 1.0000 0.0000
vn 0.0000 1.0000 0.0000
vn 0.0000 1.0000 0.0000
vn 0.0000 1.0000 0.0000
vn 0.0000 1.0000 0.0000
vn 0.0000 1.0000 0.0000
vn 0.0000 1.0000 0.0000
vn 0.0000 1.0000 0.0000
vn 0.0000 1.0000 0.0000
vn 0.0000 1.0000 0.0000
vn 0.0000 1.0000 0.0000
vn 0.0000 1.0000 0.0000
vn 0.0000 1.0000 0.0000
vn 0.0000 1.0000 0.0000
vn 0.0000 1.0000 0.0000
vn 0.0000 1.0000 0.0000
vn 0.0000 1.0000 0.0000
vn 0.0000 1.0000 0.0000
vn 0.0000 1.0000 0.0000
vn 0.0000 1.0000 0.0000
vn 0.0000 1.0000 0.0000
vn 0.0000 1.0000 0.0000
vn 0.0000 1.0000 0.0000
vn 0.0000 1.0000 0.0000
vn 0.0000 1.0000 0.0000
vn 0.0000 1.0000 0.0000
vn 0.0000 1.0000 0.0000
vn 0.0000 1.0000 0.0000
vn 0.0000 1.0000 0.0000
vn 0.0000 1.0000 0.0000
vn 0.0000 1.0000 0.0000
vn 0.0000 1.0000 0.0000
vn 0.0000 1.0000 0.0000
vn 0.0000 1.0000 0.0000
vn 0.0000 1.0000 0.0000
vn 0.0000 1.0000 0.0000
vn 0.0000 1.0000 0.0000
vn 0.0000 1.0000 0.0000
vn 0.0000 1.0000 0.0000
vn 0.0000 1.0000 0.0000
vn 0.0000 1.0000 0.0000
vn 0.0000 1.0000 0.0000
vn 0.0000 1.0000 0.0000
vn 0.0000 1.0000 0.0000
vn 0.0000 1.0000 0.0000
vn 0.0000 1.0000 0.0000
vn 0.0000 1.0000 0.0000
vn 0.0000 1.0000 0.0000
vn 0.0000 1.0000 0.0000
vn 0.0000 1.0000 0.0000
vn 0.0000 1.0000 0.0000
vn 0.0000 1.0000 0.0000
vn 0.0000 1.0000 0.0000
vn 0.0000 1.0000 0.0000
vn 0.0000 1.0000 0.0000
vn 0.0000 1.0000 0.0000
vn 0.0000 1.0000 0.0000
vn 0.0000 1.0000 0.0000
vn 0.0000 1.0000 0.0000
vn 0.0000 1.0000 0.0000
vn 0.0000 1.0000 0.0000
vn 0.0000 1.0000 0.0000
vn 0.0000 1.0000 0.0000
vn 0.0000 1.0000 0.0000
vn 0.0000 1.0000 0.0000
vn 0.0000 1.0000 0.0000
vn 0.0000 1.0000 0.0000
vn 0.0000 1.0000 0.0000
vn 0.0000 1.0000 0.0000
vn 0.0000 1.0000 0.0000
vn 0.0000 1.0000 0.0000
vn 0.0000 1.0000 0.0000
vn 0.0000 1.0000 0.0000
vn 0.0000 1.0000 0.0000
vn 0.0000 1.0000 0.0000
vn 0.0000 1.0000 0.0000
vn 0.0000 1.0000 0.0000
vn 0.0000 1.0000 0.0000
vn 0.0000 1.0000 0.0000
vn 0.0000 1.0000 0.0000
vn 0.0000 1.0000 0.0000
vn 0.0000 1.0000 0.0000
vn 0.0000 1.0000 0.0000
vn 0.0000 1.0000 0.0000
vn 0.0000 1.0000 0.0000
vn 0.0000 1.0000 0.0000
vn 0.0000 1.0000 0.0000
vn 0.0000 1.0000 0.0000
vn 0.0000 1.0000 0.0000
vn 0.0000 1.0000 0.0000
vn 0.0000 1.0000 0.0000
vn 0.0000 1.0000 0.0000
vn 0.0000 1.0000 0.0000
vn 0.0000 1.0000 0.0000
vn 0.0000 1.0000 0.0000
vn 0.0000 1.0000 0.0000
vn 0.0000 1.0000 0.0000
vn 0.0000 1.0000 0.0000
vn 0.0000 1.0000 0.0000
vn 0.0000 1.0000 0.0000
vn 0.0000 1.0000 0.0000
vn 0.0000 1.0000 0.0000
vn 0.0000 1.0000 0.0000
vn 0.0000 1.0000 0.0000
vn 0.0000 1.0000 0.0000
vn 0.0000 1.0000 0.0000
vn 0.0000 1.0000 0.0000
vn 0.0000 1.0000 0.0000
vn 0.0000 1.0000 0.0000
vn 0.0000 1.0000 0.0000
vn 0.0000 1.0000 0.0000
vn 0.0000 1.0000 0.0000
vn 0.0000 1.0000 0.0000
vn 0.0000 1.0000 0.0000
vn 0.0000 1.0000 0.0000
vn 0.0000 1.0000 0.0000
vn 0.0000 1.0000 0.0000
vn 0.0000 1.0000 0.0000
vn 0.0000 1.0000 0.0000
vn 0.0000 1.0000 0.0000
vn 0.0000 1.0000 0.0000
vn 0.0000 1.0000 0.0000
vn 0.0000 1.0000 0.0000
vn 0.0000 1.0000 0.0000
vn 0.0000 1.0000 0.0000
vn 0.0000 1.0000 0.0000
vn 0.0000 1.0000 0.0000
vn 0.0000 1.0000 0.0000
vn 0.0000 1.0000 0.0000
vn 0.0000 1.0000 0.0000
vn 0.0000 1.0000 0.0000
vn 0.0000 1.0000 0.0000
vn 0.0000 1.0000 0.0000
vn 0.0000 1.0000 0.0000
vn 0.0000 1.0000 0.0000
vn 0.0000 1.0000 0.0000
vn 0.0000 1.0000 0.0000
vn 0.0000 1.0000 0.0000
vn 0.0000 1.0000 0.0000
vn 0.0000 1.0000 0.0000
vn 0.0000 1.0000 0.0000
vn 0.0000 1.0000 0.0000
vn 0.0000 1.0000 0.0000
vn 0.0000 1.0000 0.0000
vn 0.0000 1.0000 0.0000
vn 0.0000 1.0000 0.0000
vn 0.0000 1.0000 0.0000
vn 0.0000 1.0000 0.0000
vn 0.0000 1.0000 0.0000
vn 0.0000 1.0000 0.0000
vn 0.0000 1.0000 0.0000
vn 0.0000 1.0000 0.0000
vn 0.0000 1.0000 0.0000
vn 0.0000 1.0000 0.0000
vn 0.0000 1.0000 0.0000
vn 0.0000 1.0000 0.0000
vn 0.0000 1.0000 0.0000
vn 0.0000 1.0000 0.0000
vn 0.0000 1.0000 0.0000
vn 0.0000 1.0000 0.0000
vn 0.0000 1.0000 0.0000
vn 0.0000 1.0000 0.0000
vn 0.0000 1.0000 0.0000
vn 0.0000 1.0000 0.0000
vn 0.0000 1.0000 0.0000
vn 0.0000 1.0000 0.0000
vn 0.0000 1.0000 0.0000
vn 0.0000 1.0000 0.0000
vn 0.0000 1.0000 0.0000
vn 0.0000 1.0000 0.0000
vn 0.0000 1.0000 0.0000
vn 0.0000 1.0000 0.0000
vn 0.0000 1.0000 0.0000
vn 0.0000 1.0000 0.0000
vn 0.0000 1.0000 0.0000
vn 0.0000 1.0000 0.0000
vn 0.0000 1.0000 0.0000
vn 0.0000 1.0000 0.0000
vn 0.0000 1.0000 0.0000
vn 0.0000 1.0000 0.0000
vn 0.0000 1.0000 0.0000
vn 0.0000 1.0000 0.0000
vn 0.0000 1.0000 0.0000
vn 0.0000 1.0000 0.0000
vn 0.0000 1.0000 0.0000
vn 0.0000 1.0000 0.0000
vn 0.0000 1.0000 0.0000
vn 0.0000 1.0000 0.0000
vn 0.0000 1.0000 0.0000
vn 0.0000 1.0000 0.0000
vn 0.0000 1.0000 0.0000
vn 0.0000 1.0000 0.0000
vn 0.0000 1.0000 0.0000
vn 0.0000 1.0000 0.0000
vn 0.0000 1.0000 0.0000
vn 0.0000 1.0000 0.0000
vn 0.0000 1.0000 0.0000
vn 0.0000 1.0000 0.0000
vn 0.0000 1.0000 0.0000
vn 0.0000 1.0000 0.0000
vn 0.0000 1.0000 0.0000
vn 0.0000 1.0000 0.0000
vn 0.0000 1.0000 0.0000
vn 0.0000 1.0000 0.0000
vn 0.0000 1.0000 0.0000
vn 0.0000 1.0000 0.0000
vn 0.0000 1.0000 0.0000
vn 0.0000 1.0000 0.0000
vn 0.0000 1.0000 0.0000
vn 0.0000 1.0000 0.0000
vn 0.0000 1.0000 0.0000
vn 0.0000 1.0000 0.0000
vn 0.0000 1.0000 0.0000
vn 0.0000 1.0000 0.0000
vn 0.0000 1.0000 0.0000
vn 0.0000 1.0000 0.0000
vn 0.0000 1.0000 0.0000
vn 0.0000 1.0000 0.0000
vn 0.0000 1.0000 0.0000
vn 0.0000 1.0000 0.0000
vn 0.0000 1.0000 0.0000
vn 0.0000 1.0000 0.0000
vn 0.0000 1.0000 0.0000
vn 0.0000 1.0000 0.0000
vn 0.0000 1.0000 0.0000
vn 0.0000 1.0000 0.0000
vn 0.0000 1.0000 0.0000
vn 0.0000 1.0000 0.0000
vn 0.0000 1.0000 0.0000
vn 0.0000 1.0000 0.0000
vn 0.0000 1.0000 0.0000
vn 0.0000 1.0000 0.0000
vn 0.0000 1.0000 0.0000
vn 0.0000 1.0000 0.0000
vn 0.0000 1.0000 0.0000
vn 0.0000 1.0000 0.0000
vn 0.0000 1.0000 0.0000
vn 0.0000 1.0000 0.0000
vn 0.0000 1.0000 0.0000
vn 0.0000 1.0000 0.0000
vn 0.0000 1.0000 0.0000
vn 0.0000 1.0000 0.0000
vn 0.0000 1.0000 0.0000
vn 0.0000 1.0000 0.0000
vn 0.0000 1.0000 0.0000
vn 0.0000 1.0000 0.0000
vn 0.0000 1.0000 0.0000
vn 0.0000 1.0000 0.0000
vn 0.0000 1.0000 0.0000
vn 0.0000 1.0000 0.0000
vn 0.0000 1.0000 0.0000
vn 0.0000 1.0000 0.0000
vn 0.0000 1.0000 0.0000
vn 0.0000 1.0000 0.0000
vn 0.0000 1.0000 0.0000
vn 0.0000 1.0000 0.0000
vn 0.0000 1.0000 0.0000
vn 0.0000 1.0000 0.0000
vn 0.0000 1.0000 0.0000
vn 0.0000 1.0000 0.0000
vn 0.0000 1.0000 0.0000
vn 0.0000 1.0000 0.0000
vn 0.0000 1.0000 0.0000
vn 0.0000 1.0000 0.0000
vn 0.0000 1.0000 0.0000
vn 0.0000 1.0000 0.0000
vn 0.0000 1.0000 0.0000
vn 0.0000 1.0000 0.0000
vn 0.0000 1.0000 0.0000
vn 0.0000 1.0000 0.0000
vn 0.0000 1.0000 0.0000
vn 0.0000 1.0000 0.0000
vn 0.0000 1.0000 0.0000
vn 0.0000 1.0000 0.0000
vn 0.0000 1.0000 0.0000
vn 0.0000 1.0000 0.0000
vn 0.0000 1.0000 0.0000
vn 0.0000 1.0000 0.0000
vn 0.0000 1.0000 0.0000
vn 0.0000 1.0000 0.0000
vn 0.0000 1.0000 0.0000
vn 0.0000 1.0000 0.0000
vn 0.0000 1.0000 0.0000
vn 0.0000 1.0000 0.0000
vn 0.0000 1.0000 0.0000
vn 0.0000 1.0000 0.0000
vn 0.0000 1.0000 0.0000
vn 0.0000 1.0000 0.0000
vn 0.0000 1.0000 0.0000
vn 0.0000 1.0000 0.0000
vn 0.0000 1.0000 0.0000
vn 0.0000 1.0000 0.0000
vn 0.0000 1.0000 0.0000
vn 0.0000 1.0000 0.0000
vn 0.0000 1.0000 0.0000
vn 0.0000 1.0000 0.0000
vn 0.0000 1.0000 0.0000
vn 0.0000 1.0000 0.0000
vn 0.0000 1.0000 0.0000
vn 0.0000 1.0000 0.0000
vn 0.0000 1.0000 0.0000
vn 0.0000 1.0000 0.0000
vn 0.0000 1.0000 0.0000
vn 0.0000 1.0000 0.0000
vn 0.0000 1.0000 0.0000
vn 0.0000 1.0000 0.0000
vn 0.0000 1.0000 0.0000
vn 0.0000 1.0000 0.0000
vn 0.0000 1.0000 0.0000
vn 0.0000 1.0000 0.0000
vn 0.0000 1.0000 0.0000
vn 0.0000 1.0000 0.0000
vn 0.0000 1.0000 0.0000
vn 0.0000 1.0000 0.0000
vn 0.0000 1.0000 0.0000
vn 0.0000 1.0000 0.0000
vn 0.0000 1.0000 0.0000
vn 0.0000 1.0000 0.0000
vn 0.0000 1.0000 0.0000
vn 0.0000 1.0000 0.0000
vn 0.0000 1.0000 0.0000
vn 0.0000 1.0000 0.0000
vn 0.0000 1.0000 0.0000
vn 0.0000 1.0000 0.0000
vn 0.0000 1.0000 0.0000
vn 0.0000 1.0000 0.0000
vn 0.0000 1.0000 0.0000
vn 0.0000 1.0000 0.0000
vn 0.0000 1.0000 0.0000
vn 0.0000 1.0000 0.0000
vn 0.0000 1.0000 0.0000
vn 0.0000 1.0000 0.0000
vn 0.0000 1.0000 0.0000
vn 0.0000 1.0000 0.0000
vn 0.0000 1.0000 0.0000
vn 0.0000 1.0000 0.0000
vn 0.0000 1.0000 0.0000
vn 0.0000 1.0000 0.0000
vn 0.0000 1.0000 0.0000
vn 0.0000 1.0000 0.0000
vn 0.0000 1.0000 0.0000
vn 0.0000 1.0000 0.0000
vn 0.0000 1.0000 0.0000
vn 0.0000 1.0000 0.0000
vn 0.0000 1.0000 0.0000
vn 0.0000 1.0000 0.0000
vn 0.0000 1.0000 0.0000
vn 0.0000 1.0000 0.0000
vn 0.0000 1.0000 0.0000
vn 0.0000 1.0000 0.0000
vn 0.0000 1.0000 0.0000
vn 0.0000 1.0000 0.0000
vn 0.0000 1.0000 0.0000
vn 0.0000 1.0000 0.0000
vn 0.0000 1.0000 0.0000
vn 0.0000 1.0000 0.0000
vn 0.0000 1.0000 0.0000
vn 0.0000 1.0000 0.0000
vn 0.0000 1.0000 0.0000
vn 0.0000 1.0000 0.0000
vn 0.0000 1.0000 0.0000
vn 0.0000 1.0000 0.0000
vn 0.0000 1.0000 0.0000
vn 0.0000 1.0000 0.0000
vn 0.0000 1.0000 0.0000
vn 0.0000 1.0000 0.0000
vn 0.0000 1.0000 0.0000
vn 0.0000 1.0000 0.0000
vn 0.0000 1.0000 0.0000
vn 0.0000 1.0000 0.0000
vn 0.0000 1.0000 0.0000
vn 0.0000 1.0000 0.0000
vn 0.0000 1.0000 0.0000
vn 0.0000 1.0000 0.0000
vn 0.0000 1.0000 0.0000
vn 0.0000 1.0000 0.0000
vn 0.0000 1.0000 0.0000
vn 0.0000 1.0000 0.0000
vn 0.0000 1.0000 0.0000
vn 0.0000 1.0000 0.0000
vn 0.0000 1.0000 0.0000
vn 0.0000 1.0000 0.0000
vn 0.0000 1.0000 0.0000
vn 0.0000 1.0000 0.0000
vn 0.0000 1.0000 0.0000
vn 0.0000 1.0000 0.0000
vn 0.0000 1.0000 0.0000
vn 0.0000 1.0000 0.0000
vn 0.0000 1.0000 0.0000
vn 0.0000 1.0000 0.0000
vn 0.0000 1.0000 0.0000
vn 0.0000 1.0000 0.0000
vn 0.0000 1.0000 0.0000
vn 0.0000 1.0000 0.0000
vn 0.0000 1.0000 0.0000
vn 0.0000 1.0000 0.0000
vn 0.0000 1.0000 0.0000
vn 0.0000 1.0000 0.0000
vn 0.0000 1.0000 0.0000
vn 0.0000 1.0000 0.0000
vn 0.0000 1.0000 0.0000
vn 0.0000 1.0000 0.0000
vn 0.0000 1.0000 0.0000
vn 0.0000 1.0000 0.0000
vn 0.0000 1.0000 0.0000
vn 0.0000 1.0000 0.0000
vn 0.0000 1.0000 0.0000
vn 0.0000 1.0000 0.0000
vn 0.0000 1.0000 0.0000
vn 0.0000 1.0000 0.0000
vn 0.0000 1.0000 0.0000
vn 0.0000 1.0000 0.0000
vn 0.0000 1.0000 0.0000
vn 0.0000 1.0000 0.0000
vn 0.0000 1.0000 0.0000
vn 0.0000 1.0000 0.0000
vn 0.0000 1.0000 0.0000
vn 0.0000 1.0000 0.0000
vn 0.0000 1.0000 0.0000
vn 0.0000 1.0000 0.0000
vn 0.0000 1.0000 0.0000
vn 0.0000 1.0000 0.0000
vn 0.0000 1.0000 0.0000
vn 0.0000 1.0000 0.0000
vn 0.0000 1.0000 0.0000
vn 0.0000 1.0000 0.0000
vn 0.0000 1.0000 0.0000
vn 0.0000 1.0000 0.0000
vn 0.0000 1.0000 0.0000
vn 0.0000 1.0000 0.0000
vn 0.0000 1.0000 0.0000
vn 0.0000 1.0000 0.0000
vn 0.0000 1.0000 0.0000
vn 0.0000 1.0000 0.0000
vn 0.0000 1.0000 0.0000
vn 0.0000 1.0000 0.0000
vn 0.0000 1.0000 0.0000
vn 0.0000 1.0000 0.0000
vn 0.0000 1.0000 0.0000
vn 0.0000 1.0000 0.0000
vn 0.0000 1.0000 0.0000
vn 0.0000 1.0000 0.0000
vn 0.0000 1.0000 0.0000
vn 0.0000 1.0000 0.0000
vn 0.0000 1.0000 0.0000
vn 0.0000 1.0000 0.0000
vn 0.0000 1.0000 0.0000
vn 0.0000 1.0000 0.0000
vn 0.0000 1.0000 0.0000
vn 0.0000 1.0000 0.0000
vn 0.0000 1.0000 0.0000
vn 0.0000 1.0000 0.0000
vn 0.0000 1.0000 0.0000
vn 0.0000 1.0000 0.0000
vn 0.0000 1.0000 0.0000
vn 0.0000 1.0000 0.0000
vn 0.0000 1.0000 0.0000
vn 0.0000 1.0000 0.0000
vn 0.0000 1.0000 0.0000
vn 0.0000 1.0000 0.0000
vn 0.0000 1.0000 0.0000
vn 0.0000 1.0000 0.0000
vn 0.0000 1.0000 0.0000
vn 0.0000 1.0000 0.0000
vn 0.0000 1.0000 0.0000
vn 0.0000 1.0000 0.0000
vn 0.0000 1.0000 0.0000
vn 0.0000 1.0000 0.0000
vn 0.0000 1.0000 0.0000
vn 0.0000 1.0000 0.0000
vn 0.0000 1.0000 0.0000
vn 0.0000 1.0000 0.0000
vn 0.0000 1.0000 0.0000
vn 0.0000 1.0000 0.0000
vn 0.0000 1.0000 0.0000
vn 0.0000 1.0000 0.0000
vn 0.0000 1.0000 0.0000
vn 0.0000 1.0000 0.0000
vn 0.0000 1.0000 0.0000
vn 0.0000 1.0000 0.0000
vn 0.0000 1.0000 0.0000
vn 0.0000 1.0000 0.0000
vn 0.0000 1.0000 0.0000
vn 0.0000 1.0000 0.0000
vn 0.0000 1.0000 0.0000
vn 0.0000 1.0000 0.0000
vn 0.0000 1.0000 0.0000
vn 0.0000 1.0000 0.0000
vn 0.0000 1.0000 0.0000
vn 0.0000 1.0000 0.0000
vn 0.0000 1.0000 0.0000
vn 0.0000 1.0000 0.0000
vn 0.0000 1.0000 0.0000
vn 0.0000 1.0000 0.0000
vn 0.0000 1.0000 0.0000
vn 0.0000 1.0000 0.0000
vn 0.0000 1.0000 0.0000
vn 0.0000 1.0000 0.0000
vn 0.0000 1.0000 0.0000
vn 0.0000 1.0000 0.0000
vn 0.0000 1.0000 0.0000
vn 0.0000 1.0000 0.0000
vn 0.0000 1.0000 0.0000
vn 0.0000 1.0000 0.0000
vn 0.0000 1.0000 0.0000
vn 0.0000 1.0000 0.0000
vn 0.0000 1.0000 0.0000
vn 0.0000 1.0000 0.0000
vn 0.0000 1.0000 0.0000
vn 0.0000 1.0000 0.0000
vn 0.0000 1.0000 0.0000
vn 0.0000 1.0000 0.0000
vn 0.0000 1.0000 0.0000
vn 0.0000 1.0000 0.0000
vn 0.0000 1.0000 0.0000
vn 0.0000 1.0000 0.0000
vn 0.0000 1.0000 0.0000
vn 0.0000 1.0000 0.0000
vn 0.0000 1.0000 0.0000
vn 0.0000 1.0000 0.0000
vn 0.0000 1.0000 0.0000
vn 0.0000 1.0000 0.0000
vn 0.0000 1.0000 0.0000
vn 0.0000 1.0000 0.0000
vn 0.0000 1.0000 0.0000
vn 0.0000 1.0000 0.0000
vn 0.0000 1.0000 0.0000
vn 0.0000 1.0000 0.0000
vn 0.0000 1.0000 0.0000
vn 0.0000 1.0000 0.0000
vn 0.0000 1.0000 0.0000
vn 0.0000 1.0000 0.0000
vn 0.0000 1.0000 0.0000
vn 0.0000 1.0000 0.0000
vn 0.0000 1.0000 0.0000
vn 0.0000 1.0000 0.0000
vn 0.0000 1.0000 0.0000
vn 0.0000 1.0000 0.0000
vn 0.0000 1.0000 0.0000
vn 0.0000 1.0000 0.0000
vn 0.0000 1.0000 0.0000
vn 0.0000 1.0000 0.0000
vn 0.0000 1.0000 0.0000
vn 0.0000 1.0000 0.0000
vn 0.0000 1.0000 0.0000
vn 0.0000 1.0000 0.0000
vn 0.0000 1.0000 0.0000
vn 0.0000 1.0000 0.0000
vn 0.0000 1.0000 0.0000
vn 0.0000 1.0000 0.0000
vn 0.0000 1.0000 0.0000
vn 0.0000 1.0000 0.0000
vn 0.0000 1.0000 0.0000
vn 0.0000 1.0000 0.0000
vn 0.0000 1.0000 0.0000
vn 0.0000 1.0000 0.0000
vn 0.0000 1.0000 0.0000
vn 0.0000 1.0000 0.0000
vn 0.0000 1.0000 0.0000
vn 0.0000 1.0000 0.0000
vn 0.0000 1.0000 0.0000
vn 0.0000 1.0000 0.0000
vn 0.0000 1.0000 0.0000
vn 0.0000 1.0000 0.0000
vn 0.0000 1.0000 0.0000
vn 0.0000 1.0000 0.0000
vn 0.0000 1.0000 0.0000
vn 0.0000 1.0000 0.0000
vn 0.0000 1.0000 0.0000
vn 0.0000 1.0000 0.0000
vn 0.0000 1.0000 0.0000
vn 0.0000 1.0000 0.0000
vn 0.0000 1.0000 0.0000
vn 0.0000 1.0000 0.0000
vn 0.0000 1.0000 0.0000
vn 0.0000 1.0000 0.0000
vn 0.0000 1.0000 0.0000
vn 0.0000 1.0000 0.0000
vn 0.0000 1.0000 0.0000
vn 0.0000 1.0000 0.0000
vn 0.0000 1.0000 0.0000
vn 0.0000 1.0000 0.0000
vn 0.0000 1.0000 0.0000
vn 0.0000 1.0000 0.0000
vn 0.0000 1.0000 0.0000
vn 0.0000 1.0000 0.0000
vn 0.0000 1.0000 0.0000
vn 0.0000 1.0000 0.0000
vn 0.0000 1.0000 0.0000
vn 0.0000 1.0000 0.0000
vn 0.0000 1.0000 0.0000
vn 0.0000 1.0000 0.0000
vn 0.0000 1.0000 0.0000
vn 0.0000 1.0000 0.0000
vn 0.0000 1.0000 0.0000
vn 0.0000 1.0000 0.0000
vn 0.0000 1.0000 0.0000
vn 0.0000 1.0000 0.0000
vn 0.0000 1.0000 0.0000
vn 0.0000 1.0000 0.0000
vn 0.0000 1.0000 0.0000
vn 0.0000 1.0000 0.0000
vn 0.0000 1.0000 0.0000
vn 0.0000 1.0000 0.0000
vn 0.0000 1.0000 0.0000
vn 0.0000 1.0000 0.0000
vn 0.0000 1.0000 0.0000
vn 0.0000 1.0000 0.0000
vn 0.0000 1.0000 0.0000
vn 0.0000 1.0000 0.0000
vn 0.0000 1.0000 0.0000
vn 0.0000 1.0000 0.0000
vn 0.0000 1.0000 0.0000
vn 0.0000 1.0000 0.0000
vn 0.0000 1.0000 0.0000
vn 0.0000 1.0000 0.0000
vn 0.0000 1.0000 0.0000
vn 0.0000 1.0000 0.0000
vn 0.0000 1.0000 0.0000
vn 0.0000 1.0000 0.0000
vn 0.0000 1.0000 0.0000
vn 0.0000 1.0000 0.0000
vn 0.0000 1.0000 0.0000
vn 0.0000 1.0000 0.0000
vn 0.0000 1.0000 0.0000
vn 0.0000 1.0000 0.0000
vn 0.0000 1.0000 0.0000
vn 0.0000 1.0000 0.0000
vn 0.0000 1.0000 0.0000
vn 0.0000 1.0000 0.0000
vn 0.0000 1.0000 0.0000
vn 0.0000 1.0000 0.0000
vn 0.0000 1.0000 0.0000
vn 0.0000 1.0000 0.0000
vn 0.0000 1.0000 0.0000
vn 0.0000 1.0000 0.0000
vn 0.0000 1.0000 0.0000
vn 0.0000 1.0000 0.0000
vn 0.0000 1.0000 0.0000
vn 0.0000 1.0000 0.0000
vn 0.0000 1.0000 0.0000
vn 0.0000 1.0000 0.0000
vn 0.0000 1.0000 0.0000
vn 0.0000 1.0000 0.0000
vn 0.0000 1.0000 0.0000
vn 0.0000 1.0000 0.0000
vn 0.0000 1.0000 0.0000
vn 0.0000 1.0000 0.0000
vn 0.0000 1.0000 0.0000
vn 0.0000 1.0000 0.0000
vn 0.0000 1.0000 0.0000
vn 0.0000 1.0000 0.0000
vn 0.0000 1.0000 0.0000
vn 0.0000 1.0000 0.0000
vn 0.0000 1.0000 0.0000
vn 0.0000 1.0000 0.0000
vn 0.0000 1.0000 0.0000
vn 0.0000 1.0000 0.0000
vn 0.0000 1.0000 0.0000
vn 0.0000 1.0000 0.0000
vn 0.0000 1.0000 0.0000
vn 0.0000 1.0000 0.0000
vn 0.0000 1.0000 0.0000
vn 0.0000 1.0000 0.0000
vn 0.0000 1.0000 0.0000
vn 0.0000 1.0000 0.0000
vn 0.0000 1.0000 0.0000
vn 0.0000 1.0000 0.0000
vn 0.0000 1.0000 0.0000
vn 0.0000 1.0000 0.0000
vn 0.0000 1.0000 0.0000
vn 0.0000 1.0000 0.0000
vn 0.0000 1.0000 0.0000
vn 0.0000 1.0000 0.0000
vn 0.0000 1.0000 0.0000
vn 0.0000 1.0000 0.0000
vn 0.0000 1.0000 0.0000
vn 0.0000 1.0000 0.0000
vn 0.0000 1.0000 0.0000
vn 0.0000 1.0000 0.0000
vn 0.0000 1.0000 0.0000
vn 0.0000 1.0000 0.0000
vn 0.0000 1.0000 0.0000
vn 0.0000 1.0000 0.0000
vn 0.0000 1.0000 0.0000
vn 0.0000 1.0000 0.0000
vn 0.0000 1.0000 0.0000
vn 0.0000 1.0000 0.0000
vn 0.0000 1.0000 0.0000
vn 0.0000 1.0000 0.0000
vn 0.0000 1.0000 0.0000
vn 0.0000 1.0000 0.0000
vn 0.0000 1.0000 0.0000
vn 0.0000 1.0000 0.0000
vn 0.0000 1.0000 0.0000
vn 0.0000 1.0000 0.0000
vn 0.0000 1.0000 0.0000
vn 0.0000 1.0000 0.0000
vn 0.0000 1.0000 0.0000
vn 0.0000 1.0000 0.0000
vn 0.0000 1.0000 0.0000
vn 0.0000 1.0000 0.0000
vn 0.0000 1.0000 0.0000
vn 0.0000 1.0000 0.0000
vn 0.0000 1.0000 0.0000
vn 0.0000 1.0000 0.0000
vn 0.0000 1.0000 0.0000
vn 0.0000 1.0000 0.0000
vn 0.0000 1.0000 0.0000
vn 0.0000 1.0000 0.0000
vn 0.0000 1.0000 0.0000
vn 0.0000 1.0000 0.0000
vn 0.0000 1.0000 0.0000
vn 0.0000 1.0000 0.0000
vn 0.0000 1.0000 0.0000
vn 0.0000 1.0000 0.0000
vn 0.0000 1.0000 0.0000
vn 0.0000 1.0000 0.0000
vn 0.0000 1.0000 0.0000
vn 0.0000 1.0000 0.0000
vn 0.0000 1.0000 0.0000
vn 0.0000 1.0000 0.0000
vn 0.0000 1.0000 0.0000
vn 0.0000 1.0000 0.0000
vn 0.0000 1.0000 0.0000
vn 0.0000 1.0000 0.0000
vn 0.0000 1.0000 0.0000
vn 0.0000 1.0000 0.0000
vn 0.0000 1.0000 0.0000
vn 0.0000 1.0000 0.0000
vn 0.0000 1.0000 0.0000
vn 0.0000 1.0000 0.0000
vn 0.0000 1.0000 0.0000
vn 0.0000 1.0000 0.0000
vn 0.0000 1.0000 0.0000
vn 0.0000 1.0000 0.0000
vn 0.0000 1.0000 0.0000
vn 0.0000 1.0000 0.0000
vn 0.0000 1.0000 0.0000
vn 0.0000 1.0000 0.0000
vn 0.0000 1.0000 0.0000
vn 0.0000 1.0000 0.0000
vn 0.0000 1.0000 0.0000
vn 0.0000 1.0000 0.0000
vn 0.0000 1.0000 0.0000
vn 0.0000 1.0000 0.0000
vn 0.0000 1.0000 0.0000
vn 0.0000 1.0000 0.0000
vn 0.0000 1.0000 0.0000
vn 0.0000 1.0000 0.0000
vn 0.0000 1.0000 0.0000
vn 0.0000 1.0000 0.0000
vn 0.0000 1.0000 0.0000
vn 0.0000 1.0000 0.0000
vn 0.0000 1.0000 0.0000
vn 0.0000 1.0000 0.0000
vn 0.0000 1.0000 0.0000
vn 0.0000 1.0000 0.0000
vn 0.0000 1.0000 0.0000
vn 0.0000 1.0000 0.0000
vn 0.0000 1.0000 0.0000
vn 0.0000 1.0000 0.0000
vn 0.0000 1.0000 0.0000
vn 0.0000 1.0000 0.0000
vn 0.0000 1.0000 0.0000
vn 0.0000 1.0000 0.0000
vn 0.0000 1.0000 0.0000
vn 0.0000 1.0000 0.0000
vn 0.0000 1.0000 0.0000
vn 0.0000 1.0000 0.0000
vn 0.0000 1.0000 0.0000
vn 0.0000 1.0000 0.0000
vn 0.0000 1.0000 0.0000
vn 0.0000 1.0000 0.0000
vn 0.0000 1.0000 0.0000
vn 0.0000 1.0000 0.0000
vn 0.0000 1.0000 0.0000
vn 0.0000 1.0000 0.0000
vn 0.0000 1.0000 0.0000
vn 0.0000 1.0000 0.0000
vn 0.0000 1.0000 0.0000
vn 0.0000 1.0000 0.0000
vn 0.0000 1.0000 0.0000
vn 0.0000 1.0000 0.0000
vn 0.0000 1.0000 0.0000
vn 0.0000 1.0000 0.0000
vn 0.0000 1.0000 0.0000
vn 0.0000 1.0000 0.0000
vn 0.0000 1.0000 0.0000
vn 0.0000 1.0000 0.0000
vn 0.0000 1.0000 0.0000
vn 0.0000 1.0000 0.0000
vn 0.0000 1.0000 0.0000
vn 0.0000 1.0000 0.0000
vn 0.0000 1.0000 0.0000
vn 0.0000 1.0000 0.0000
vn 0.0000 1.0000 0.0000
vn 0.0000 1.0000 0.0000
vn 0.0000 1.0000 0.0000
vn 0.0000 1.0000 0.0000
vn 0.0000 1.0000 0.0000
vn 0.0000 1.0000 0.0000
vn 0.0000 1.0000 0.0000
vn 0.0000 1.0000 0.0000
vn 0.0000 1.0000 0.0000
vn 0.0000 1.0000 0.0000
vn 0.0000 1.0000 0.0000
vn 0.0000 1.0000 0.0000
vn 0.0000 1.0000 0.0000
vn 0.0000 1.0000 0.0000
vn 0.0000 1.0000 0.0000
vn 0.0000 1.0000 0.0000
vn 0.0000 1.0000 0.0000
vn 0.0000 1.0000 0.0000
vn 0.0000 1.0000 0.0000
vn 0.0000 1.0000 0.0000
vn 0.0000 1.0000 0.0000
vn 0.0000 1.0000 0.0000
vn 0.0000 1.0000 0.0000
vn 0.0000 1.0000 0.0000
vn 0.0000 1.0000 0.0000
vn 0.0000 1.0000 0.0000
vn 0.0000 1.0000 0.0000
vn 0.0000 1.0000 0.0000
vn 0.0000 1.0000 0.0000
vn 0.0000 1.0000 0.0000
vn 0.0000 1.0000 0.0000
vn 0.0000 1.0000 0.0000
vn 0.0000 1.0000 0.0000
vn 0.0000 1.0000 0.0000
vn 0.0000 1.0000 0.0000
vn 0.0000 1.0000 0.0000
vn 0.0000 1.0000 0.0000
vn 0.0000 1.0000 0.0000
vn 0.0000 1.0000 0.0000
vn 0.0000 1.0000 0.0000
vn 0.0000 1.0000 0.0000
vn 0.0000 1.0000 0.0000
vn 0.0000 1.0000 0.0000
vn 0.0000 1.0000 0.0000
vn 0.0000 1.0000 0.0000
vn 0.0000 1.0000 0.0000
vn 0.0000 1.0000 0.0000
vn 0.0000 1.0000 0.0000
vn 0.0000 1.0000 0.0000
vn 0.0000 1.0000 0.0000
vn 0.0000 1.0000 0.0000
vn 0.0000 1.0000 0.0000
vn 0.0000 1.0000 0.0000
vn 0.0000 1.0000 0.0000
vn 0.0000 1.0000 0.0000
vn 0.0000 1.0000 0.0000
vn 0.0000 1.0000 0.0000
vn 0.0000 1.0000 0.0000
vn 0.0000 1.0000 0.0000
vn 0.0000 1.0000 0.0000
vn 0.0000 1.0000 0.0000
vn 0.0000 1.0000 0.0000
vn 0.0000 1.0000 0.0000
vn 0.0000 1.0000 0.0000
vn 0.0000 1.0000 0.0000
vn 0.0000 1.0000 0.0000
vn 0.0000 1.0000 0.0000
vn 0.0000 1.0000 0.0000
vn 0.0000 1.0000 0.0000
vn 0.0000 1.0000 0.0000
vn 0.0000 1.0000 0.0000
vn 0.0000 1.0000 0.0000
vn 0.0000 1.0000 0.0000
vn 0.0000 1.0000 0.0000
vn 0.0000 1.0000 0.0000
vn 0.0000 1.0000 0.0000
vn 0.0000 1.0000 0.0000
vn 0.0000 1.0000 0.0000
vn 0.0000 1.0000 0.0000
vn 0.0000 1.0000 0.0000
vn 0.0000 1.0000 0.0000
vn 0.0000 1.0000 0.0000
vn 0.0000 1.0000 0.0000
vn 0.0000 1.0000 0.0000
vn 0.0000 1.0000 0.0000
vn 0.0000 1.0000 0.0000
vn 0.0000 1.0000 0.0000
vn 0.0000 1.0000 0.0000
vn 0.0000 1.0000 0.0000
vn 0.0000 1.0000 0.0000
vn 0.0000 1.0000 0.0000
vn 0.0000 1.0000 0.0000
vn 0.0000 1.0000 0.0000
vn 0.0000 1.0000 0.0000
vn 0.0000 1.0000 0.0000
vn 0.0000 1.0000 0.0000
vn 0.0000 1.0000 0.0000
vn 0.0000 1.0000 0.0000
vn 0.0000 1.0000 0.0000
vn 0.0000 1.0000 0.0000
vn 0.0000 1.0000 0.0000
vn 0.0000 1.0000 0.0000
vn 0.0000 1.0000 0.0000
vn 0.0000 1.0000 0.0000
vn 0.0000 1.0000 0.0000
vn 0.0000 1.0000 0.0000
vn 0.0000 1.0000 0.0000
vn 0.0000 1.0000 0.0000
vn 0.0000 1.0000 0.0000
vn 0.0000 1.0000 0.0000
vn 0.0000 1.0000 0.0000
vn 0.0000 1.0000 0.0000
vn 0.0000 1.0000 0.0000
vn 0.0000 1.0000 0.0000
vn 0.0000 1.0000 0.0000
vn 0.0000 1.0000 0.0000
vn 0.0000 1.0000 0.0000
vn 0.0000 1.0000 0.0000
vn 0.0000 1.0000 0.0000
vn 0.0000 1.0000 0.0000
vn 0.0000 1.0000 0.0000
vn 0.0000 1.0000 0.0000
vn 0.0000 1.0000 0.0000
vn 0.0000 1.0000 0.0000
vn 0.0000 1.0000 0.0000
vn 0.0000 1.0000 0.0000
vn 0.0000 1.0000 0.0000
vn 0.0000 1.0000 0.0000
vn 0.0000 1.0000 0.0000
vn 0.0000 1.0000 0.0000
vn 0.0000 1.0000 0.0000
vn 0.0000 1.0000 0.0000
vn 0.0000 1.0000 0.0000
vn 0.0000 1.0000 0.0000
vn 0.0000 1.0000 0.0000
vn 0.0000 1.0000 0.0000
vn 0.0000 1.0000 0.0000
vn 0.0000 1.0000 0.0000
vn 0.0000 1.0000 0.0000
vn 0.0000 1.0000 0.0000
vn 0.0000 1.0000 0.0000
vn 0.0000 1.0000 0.0000
vn 0.0000 1.0000 0.0000
vn 0.0000 1.0000 0.0000
vn 0.0000 1.0000 0.0000
vn 0.0000 1.0000 0.0000
vn 0.0000 1.0000 0.0000
vn 0.0000 1.0000 0.0000
vn 0.0000 1.0000 0.0000
vn 0.0000 1.0000 0.0000
vn 0.0000 1.0000 0.0000
vn 0.0000 1.0000 0.0000
vn 0.0000 1.0000 0.0000
vn 0.0000 1.0000 0.0000
vn 0.0000 1.0000 0.0000
vn 0.0000 1.0000 0.0000
vn 0.0000 1.0000 0.0000
vn 0.0000 1.0000 0.0000
vn 0.0000 1.0000 0.0000
vn 0.0000 1.0000 0.0000
vn 0.0000 1.0000 0.0000
vn 0.0000 1.0000 0.0000
vn 0.0000 1.0000 0.0000
vn 0.0000 1.0000 0.0000
vn 0.0000 1.0000 0.0000
vn 0.0000 1.0000 0.0000
vn 0.0000 1.0000 0.0000
vn 0.0000 1.0000 0.0000
vn 0.0000 1.0000 0.0000
vn 0.0000 1.0000 0.0000
vn 0.0000 1.0000 0.0000
vn 0.0000 1.0000 0.0000
vn 0.0000 1.0000 0.0000
vn 0.0000 1.0000 0.0000
vn 0.0000 1.0000 0.0000
vn 0.0000 1.0000 0.0000
vn 0.0000 1.0000 0.0000
vn 0.0000 1.0000 0.0000
vn 0.0000 1.0000 0.0000
vn 0.0000 1.0000 0.0000
vn 0.0000 1.0000 0.0000
vn 0.0000 1.0000 0.0000
vn 0.0000 1.0000 0.0000
vn 0.0000 1.0000 0.0000
vn 0.0000 1.0000 0.0000
vn 0.0000 1.0000 0.0000
vn 0.0000 1.0000 0.0000
vn 0.0000 1.0000 0.0000
vn 0.0000 1.0000 0.0000
vn 0.0000 1.0000 0.0000
vn 0.0000 1.0000 0.0000
vn 0.0000 1.0000 0.0000
vn 0.0000 1.0000 0.0000
vn 0.0000 1.0000 0.0000
vn 0.0000 1.0000 0.0000
vn 0.0000 1.0000 0.0000
vn 0.0000 1.0000 0.0000
vn 0.0000 1.0000 0.0000
vn 0.0000 1.0000 0.0000
vn 0.0000 1.0000 0.0000
vn 0.0000 1.0000 0.0000
vn 0.0000 1.0000 0.0000
vn 0.0000 1.0000 0.0000
vn 0.0000 1.0000 0.0000
vn 0.0000 1.0000 0.0000
vn 0.0000 1.0000 0.0000
vn 0.0000 1.0000 0.0000
vn 0.0000 1.0000 0.0000
vn 0.0000 1.0000 0.0000
vn 0.0000 1.0000 0.0000
vn 0.0000 1.0000 0.0000
vn 0.0000 1.0000 0.0000
vn 0.0000 1.0000 0.0000
vn 0.0000 1.0000 0.0000
vn 0.0000 1.0000 0.0000
vn 0.0000 1.0000 0.0000
vn 0.0000 1.0000 0.0000
vn 0.0000 1.0000 0.0000
vn 0.0000 1.0000 0.0000
vn 0.0000 1.0000 0.0000
vn 0.0000 1.0000 0.0000
vn 0.0000 1.0000 0.0000
vn 0.0000 1.0000 0.0000
vn 0.0000 1.0000 0.0000
vn 0.0000 1.0000 0.0000
vn 0.0000 1.0000 0.0000
vn 0.0000 1.0000 0.0000
vn 0.0000 1.0000 0.0000
vn 0.0000 1.0000 0.0000
vn 0.0000 1.0000 0.0000
vn 0.0000 1.0000 0.0000
vn 0.0000 1.0000 0.0000
vn 0.0000 1.0000 0.0000
vn 0.0000 1.0000 0.0000
vn 0.0000 1.0000 0.0000
vn 0.0000 1.0000 0.0000
vn 0.0000 1.0000 0.0000
vn 0.0000 1.0000 0.0000
vn 0.0000 1.0000 0.0000
vn 0.0000 1.0000 0.0000
vn 0.0000 1.0000 0.0000
vn 0.0000 1.0000 0.0000
vn 0.0000 1.0000 0.0000
vn 0.0000 1.0000 0.0000
vn 0.0000 1.0000 0.0000
vn 0.0000 1.0000 0.0000
vn 0.0000 1.0000 0.0000
vn 0.0000 1.0000 0.0000
vn 0.0000 1.0000 0.0000
vn 0.0000 1.0000 0.0000
vn 0.0000 1.0000 0.0000
vn 0.0000 1.0000 0.0000
vn 0.0000 1.0000 0.0000
vn 0.0000 1.0000 0.0000
vn 0.0000 1.0000 0.0000
vn 0.0000 1.0000 0.0000
vn 0.0000 1.0000 0.0000
vn 0.0000 1.0000 0.0000
vn 0.0000 1.0000 0.0000
vn 0.0000 1.0000 0.0000
vn 0.0000 1.0000 0.0000
vn 0.0000 1.0000 0.0000
vn 0.0000 1.0000 0.0000
vn 0.0000 1.0000 0.0000
vn 0.0000 1.0000 0.0000
vn 0.0000 1.0000 0.0000
vn 0.0000 1.0000 0.0000
vn 0.0000 1.0000 0.0000
vn 0.0000 1.0000 0.0000
vn 0.0000 1.0000 0.0000
vn 0.0000 1.0000 0.0000
vn 0.0000 1.0000 0.0000
vn 0.0000 1.0000 0.0000
vn 0.0000 1.0000 0.0000
vn 0.0000 1.0000 0.0000
vn 0.0000 1.0000 0.0000
vn 0.0000 1.0000 0.0000
vn 0.0000 1.0000 0.0000
vn 0.0000 1.0000 0.0000
vn 0.0000 1.0000 0.0000
vn 0.0000 1.0000 0.0000
vn 0.0000 1.0000 0.0000
vn 0.0000 1.0000 0.0000
vn 0.0000 1.0000 0.0000
vn 0.0000 1.0000 0.0000
vn 0.0000 1.0000 0.0000
vn 0.0000 1.0000 0.0000
vn 0.0000 1.0000 0.0000
vn 0.0000 1.0000 0.0000
vn 0.0000 1.0000 0.0000
vn 0.0000 1.0000 0.0000
vn 0.0000 1.0000 0.0000
vn 0.0000 1.0000 0.0000
vn 0.0000 1.0000 0.0000
vn 0.0000 1.0000 0.0000
vn 0.0000 1.0000 0.0000
vn 0.0000 1.0000 0.0000
vn 0.0000 1.0000 0.0000
vn 0.0000 1.0000 0.0000
vn 0.0000 1.0000 0.0000
vn 0.0000 1.0000 0.0000
vn 0.0000 1.0000 0.0000
vn 0.0000 1.0000 0.0000
vn 0.0000 1.0000 0.0000
vn 0.0000 1.0000 0.0000
vn 0.0000 1.0000 0.0000
vn 0.0000 1.0000 0.0000
vn 0.0000 1.0000 0.0000
vn 0.0000 1.0000 0.0000
vn 0.0000 1.0000 0.0000
vn 0.0000 1.0000 0.0000
vn 0.0000 1.0000 0.0000
vn 0.0000 1.0000 0.0000
vn 0.0000 1.0000 0.0000
vn 0.0000 1.0000 0.0000
vn 0.0000 1.0000 0.0000
vn 0.0000 1.0000 0.0000
vn 0.0000 1.0000 0.0000
vn 0.0000 1.0000 0.0000
vn 0.0000 1.0000 0.0000
vn 0.0000 1.0000 0.0000
vn 0.0000 1.0000 0.0000
vn 0.0000 1.0000 0.0000
vn 0.0000 1.0000 0.0000
vn 0.0000 1.0000 0.0000
vn 0.0000 1.0000 0.0000
vn 0.0000 1.0000 0.0000
vn 0.0000 1.0000 0.0000
vn 0.0000 1.0000 0.0000
vn 0.0000 1.0000 0.0000
vn 0.0000 1.0000 0.0000
vn 0.0000 1.0000 0.0000
vn 0.0000 1.0000 0.0000
vn 0.0000 1.0000 0.0000
vn 0.0000 1.0000 0.0000
vn 0.0000 1.0000 0.0000
vn 0.0000 1.0000 0.0000
vn 0.0000 1.0000 0.0000
vn 0.0000 1.0000 0.0000
vn 0.0000 1.0000 0.0000
vn 0.0000 1.0000 0.0000
vn 0.0000 1.0000 0.0000
vn 0.0000 1.0000 0.0000
vn 0.0000 1.0000 0.0000
vn 0.0000 1.0000 0.0000
vn 0.0000 1.0000 0.0000
vn 0.0000 1.0000 0.0000
vn 0.0000 1.0000 0.0000
vn 0.0000 1.0000 0.0000
vn 0.0000 1.0000 0.0000
vn 0.0000 1.0000 0.0000
vn 0.0000 1.0000 0.0000
vn 0.0000 1.0000 0.0000
vn 0.0000 1.0000 0.0000
vn 0.0000 1.0000 0.0000
vn 0.0000 1.0000 0.0000
vn 0.0000 1.0000 0.0000
vn 0.0000 1.0000 0.0000
vn 0.0000 1.0000 0.0000
vn 0.0000 1.0000 0.0000
vn 0.0000 1.0000 0.0000
vn 0.0000 1.0000 0.0000
vn 0.0000 1.0000 0.0000
vn 0.0000 1.0000 0.0000
vn 0.0000 1.0000 0.0000
vn 0.0000 1.0000 0.0000
vn 0.0000 1.0000 0.0000
vn 0.0000 1.0000 0.0000
vn 0.0000 1.0000 0.0000
vn 0.0000 1.0000 0.0000
vn 0.0000 1.0000 0.0000
vn 0.0000 1.0000 0.0000
vn 0.0000 1.0000 0.0000
vn 0.0000 1.0000 0.0000
vn 0.0000 1.0000 0.0000
vn 0.0000 1.0000 0.0000
vn 0.0000 1.0000 0.0000
vn 0.0000 1.0000 0.0000
vn 0.0000 1.0000 0.0000
vn 0.0000 1.0000 0.0000
vn 0.0000 1.0000 0.0000
vn 0.0000 1.0000 0.0000
vn 0.0000 1.0000 0.0000
vn 0.0000 1.0000 0.0000
vn 0.0000 1.0000 0.0000
vn 0.0000 1.0000 0.0000
vn 0.0000 1.0000 0.0000
vn 0.0000 1.0000 0.0000
vn 0.0000 1.0000 0.0000
vn 0.0000 1.0000 0.0000
vn 0.0000 1.0000 0.0000
vn 0.0000 1.0000 0.0000
vn 0.0000 1.0000 0.0000
vn 0.0000 1.0000 0.0000
vn 0.0000 1.0000 0.0000
vn 0.0000 1.0000 0.0000
vn 0.0000 1.0000 0.0000
vn 0.0000 1.0000 0.0000
vn 0.0000 1.0000 0.0000
vn 0.0000 1.0000 0.0000
vn 0.0000 1.0000 0.0000
vn 0.0000 1.0000 0.0000
vn 0.0000 1.0000 0.0000
vn 0.0000 1.0000 0.0000
vn 0.0000 1.0000 0.0000
vn 0.0000 1.0000 0.0000
vn 0.0000 1.0000 0.0000
vn 0.0000 1.0000 0.0000
vn 0.0000 1.0000 0.0000
vn 0.0000 1.0000 0.0000
vn 0.0000 1.0000 0.0000
vn 0.0000 1.0000 0.0000
vn 0.0000 1.0000 0.0000
vn 0.0000 1.0000 0.0000
vn 0.0000 1.0000 0.0000
vn 0.0000 1.0000 0.0000
vn 0.0000 1.0000 0.0000
vn 0.0000 1.0000 0.0000
vn 0.0000 1.0000 0.0000
vn 0.0000 1.0000 0.0000
vn 0.0000 1.0000 0.0000
vn 0.0000 1.0000 0.0000
vn 0.0000 1.0000 0.0000
vn 0.0000 1.0000 0.0000
vn 0.0000 1.0000 0.0000
vn 0.0000 1.0000 0.0000
vn 0.0000 1.0000 0.0000
vn 0.0000 1.0000 0.0000
vn 0.0000 1.0000 0.0000
vn 0.0000 1.0000 0.0000
vn 0.0000 1.0000 0.0000
vn 0.0000 1.0000 0.0000
vn 0.0000 1.0000 0.0000
vn 0.0000 1.0000 0.0000
vn 0.0000 1.0000 0.0000
vn 0.0000 1.0000 0.0000
vn 0.0000 1.0000 0.0000
vn 0.0000 1.0000 0.0000
vn 0.0000 1.0000 0.0000
vn 0.0000 1.0000 0.0000
vn 0.0000 1.0000 0.0000
vn 0.0000 1.0000 0.0000
vn 0.0000 1.0000 0.0000
vn 0.0000 1.0000 0.0000
vn 0.0000 1.0000 0.0000
vn 0.0000 1.0000 0.0000
vn 0.0000 1.0000 0.0000
vn 0.0000 1.0000 0.0000
vn 0.0000 1.0000 0.0000
vn 0.0000 1.0000 0.0000
vn 0.0000 1.0000 0.0000
vn 0.0000 1.0000 0.0000
vn 0.0000 1.0000 0.0000
vn 0.0000 1.0000 0.0000
vn 0.0000 1.0000 0.0000
vn 0.0000 1.0000 0.0000
vn 0.0000 1.0000 0.0000
vn 0.0000 1.0000 0.0000
vn 0.0000 1.0000 0.0000
vn 0.0000 1.0000 0.0000
vn 0.0000 1.0000 0.0000
vn 0.0000 1.0000 0.0000
vn 0.0000 1.0000 0.0000
vn 0.0000 1.0000 0.0000
vn 0.0000 1.0000 0.0000
vn 0.0000 1.0000 0.0000
vn 0.0000 1.0000 0.0000
vn 0.0000 1.0000 0.0000
vn 0.0000 1.0000 0.0000
vn 0.0000 1.0000 0.0000
vn 0.0000 1.0000 0.0000
vn 0.0000 1.0000 0.0000
vn 0.0000 1.0000 0.0000
vn 0.0000 1.0000 0.0000
vn 0.0000 1.0000 0.0000
vn 0.0000 1.0000 0.0000
vn 0.0000 1.0000 0.0000
vn 0.0000 1.0000 0.0000
vn 0.0000 1.0000 0.0000
vn 0.0000 1.0000 0.0000
vn 0.0000 1.0000 0.0000
vn 0.0000 1.0000 0.0000
vn 0.0000 1.0000 0.0000
vn 0.0000 1.0000 0.0000
vn 0.0000 1.0000 0.0000
vn 0.0000 1.0000 0.0000
vn 0.0000 1.0000 0.0000
vn 0.0000 1.0000 0.0000
vn 0.0000 1.0000 0.0000
vn 0.0000 1.0000 0.0000
vn 0.0000 1.0000 0.0000
vn 0.0000 1.0000 0.0000
vn 0.0000 1.0000 0.0000
vn 0.0000 1.0000 0.0000
vn 0.0000 1.0000 0.0000
vn 0.0000 1.0000 0.0000
vn 0.0000 1.0000 0.0000
vn 0.0000 1.0000 0.0000
vn 0.0000 1.0000 0.0000
vn 0.0000 1.0000 0.0000
vn 0.0000 1.0000 0.0000
vn 0.0000 1.0000 0.0000
vn 0.0000 1.0000 0.0000
vn 0.0000 1.0000 0.0000
vn 0.0000 1.0000 0.0000
vn 0.0000 1.0000 0.0000
vn 0.0000 1.0000 0.0000
vn 0.0000 1.0000 0.0000
vn 0.0000 1.0000 0.0000
vn 0.0000 1.0000 0.0000
vn 0.0000 1.0000 0.0000
vn 0.0000 1.0000 0.0000
vn 0.0000 1.0000 0.0000
vn 0.0000 1.0000 0.0000
vn 0.0000 1.0000 0.0000
vn 0.0000 1.0000 0.0000
vn 0.0000 1.0000 0.0000
vn 0.0000 1.0000 0.0000
vn 0.0000 1.0000 0.0000
vn 0.0000 1.0000 0.0000
vn 0.0000 1.0000 0.0000
vn 0.0000 1.0000 0.0000
vn 0.0000 1.0000 0.0000
vn 0.0000 1.0000 0.0000
vn 0.0000 1.0000 0.0000
vn 0.0000 1.0000 0.0000
vn 0.0000 1.0000 0.0000
vn 0.0000 1.0000 0.0000
vn 0.0000 1.0000 0.0000
vn 0.0000 1.0000 0.0000
vn 0.0000 1.0000 0.0000
vn 0.0000 1.0000 0.0000
vn 0.0000 1.0000 0.0000
vn 0.0000 1.0000 0.0000
vn 0.0000 1.0000 0.0000
vn 0.0000 1.0000 0.0000
vn 0.0000 1.0000 0.0000
vn 0.0000 1.0000 0.0000
vn 0.0000 1.0000 0.0000
vn 0.0000 1.0000 0.0000
vn 0.0000 1.0000 0.0000
vn 0.0000 1.0000 0.0000
vn 0.0000 1.0000 0.0000
vn 0.0000 1.0000 0.0000
vn 0.0000 1.0000 0.0000
vn 0.0000 1.0000 0.0000
vn 0.0000 1.0000 0.0000
vn 0.0000 1.0000 0.0000
vn 0.0000 1.0000 0.0000
vn 0.0000 1.0000 0.0000
vn 0.0000 1.0000 0.0000
vn 0.0000 1.0000 0.0000
vn 0.0000 1.0000 0.0000
vn 0.0000 1.0000 0.0000
vn 0.0000 1.0000 0.0000
vn 0.0000 1.0000 0.0000
vn 0.0000 1.0000 0.0000
vn 0.0000 1.0000 0.0000
vn 0.0000 1.0000 0.0000
vn 0.0000 1.0000 0.0000
vn 0.0000 1.0000 0.0000
vn 0.0000 1.0000 0.0000
vn 0.0000 1.0000 0.0000
vn 0.0000 1.0000 0.0000
vn 0.0000 1.0000 0.0000
vn 0.0000 1.0000 0.0000
vn 0.0000 1.0000 0.0000
vn 0.0000 1.0000 0.0000
vn 0.0000 1.0000 0.0000
vn 0.0000 1.0000 0.0000
vn 0.0000 1.0000 0.0000
vn 0.0000 1.0000 0.0000
vn 0.0000 1.0000 0.0000
vn 0.0000 1.0000 0.0000
vn 0.0000 1.0000 0.0000
vn 0.0000 1.0000 0.0000
vn 0.0000 1.0000 0.0000
vn 0.0000 1.0000 0.0000
vn 0.0000 1.0000 0.0000
vn 0.0000 1.0000 0.0000
vn 0.0000 1.0000 0.0000
vn 0.0000 1.0000 0.0000
vn 0.0000 1.0000 0.0000
vn 0.0000 1.0000 0.0000
vn 0.0000 1.0000 0.0000
vn 0.0000 1.0000 0.0000
vn 0.0000 1.0000 0.0000
vn 0.0000 1.0000 0.0000
vn 0.0000 1.0000 0.0000
vn 0.0000 1.0000 0.0000
vn 0.0000 1.0000 0.0000
vn 0.0000 1.0000 0.0000
vn 0.0000 1.0000 0.0000
vn 0.0000 1.0000 0.0000
vn 0.0000 1.0000 0.0000
vn 0.0000 1.0000 0.0000
vn 0.0000 1.0000 0.0000
vn 0.0000 1.0000 0.0000
vn 0.0000 1.0000 0.0000
vn 0.0000 1.0000 0.0000
vn 0.0000 1.0000 0.0000
vn 0.0000 1.0000 0.0000
vn 0.0000 1.0000 0.0000
vn 0.0000 1.0000 0.0000
vn 0.0000 1.0000 0.0000
vn 0.0000 1.0000 0.0000
vn 0.0000 1.0000 0.0000
vn 0.0000 1.0000 0.0000
vn 0.0000 1.0000 0.0000
vn 0.0000 1.0000 0.0000
vn 0.0000 1.0000 0.0000
vn 0.0000 1.0000 0.0000
vn 0.0000 1.0000 0.0000
vn 0.0000 1.0000 0.0000
vn 0.0000 1.0000 0.0000
vn 0.0000 1.0000 0.0000
vn 0.0000 1.0000 0.0000
vn 0.0000 1.0000 0.0000
vn 0.0000 1.0000 0.0000
vn 0.0000 1.0000 0.0000
vn 0.0000 1.0000 0.0000
vn 0.0000 1.0000 0.0000
vn 0.0000 1.0000 0.0000
vn 0.0000 1.0000 0.0000
vn 0.0000 1.0000 0.0000
vn 0.0000 1.0000 0.0000
vn 0.0000 1.0000 0.0000
vn 0.0000 1.0000 0.0000
vn 0.0000 1.0000 0.0000
vn 0.0000 1.0000 0.0000
vn 0.0000 1.0000 0.0000
vn 0.0000 1.0000 0.0000
vn 0.0000 1.0000 0.0000
vn 0.0000 1.0000 0.0000
vn 0.0000 1.0000 0.0000
vn 0.0000 1.0000 0.0000
vn 0.0000 1.0000 0.0000
vn 0.0000 1.0000 0.0000
vn 0.0000 1.0000 0.0000
vn 0.0000 1.0000 0.0000
vn 0.0000 1.0000 0.0000
vn 0.0000 1.0000 0.0000
vn 0.0000 1.0000 0.0000
vn 0.0000 1.0000 0.0000
vn 0.0000 1.0000 0.0000
vn 0.0000 1.0000 0.0000
vn 0.0000 1.0000 0.0000
vn 0.0000 1.0000 0.0000
vn 0.0000 1.0000 0.0000
vn 0.0000 1.0000 0.0000
vn 0.0000 1.0000 0.0000
vn 0.0000 1.0000 0.0000
vn 0.0000 1.0000 0.0000
vn 0.0000 1.0000 0.0000
vn 0.0000 1.0000 0.0000
vn 0.0000 1.0000 0.0000
vn 0.0000 1.0000 0.0000
vn 0.0000 1.0000 0.0000
vn 0.0000 1.0000 0.0000
vn 0.0000 1.0000 0.0000
vn 0.0000 1.0000 0.0000
vn 0.0000 1.0000 0.0000
vn 0.0000 1.0000 0.0000
vn 0.0000 1.0000 0.0000
vn 0.0000 1.0000 0.0000
vn 0.0000 1.0000 0.0000
vn 0.0000 1.0000 0.0000
vn 0.0000 1.0000 0.0000
vn 0.0000 1.0000 0.0000
vn 0.0000 1.0000 0.0000
vn 0.0000 1.0000 0.0000
vn 0.0000 1.0000 0.0000
vn 0.0000 1.0000 0.0000
vn 0.0000 1.0000 0.0000
vn 0.0000 1.0000 0.0000
vn 0.0000 1.0000 0.0000
vn 0.0000 1.0000 0.0000
vn 0.0000 1.0000 0.0000
vn 0.0000 1.0000 0.0000
vn 0.0000 1.0000 0.0000
vn 0.0000 1.0000 0.0000
vn 0.0000 1.0000 0.0000
vn 0.0000 1.0000 0.0000
vn 0.0000 1.0000 0.0000
vn 0.0000 1.0000 0.0000
vn 0.0000 1.0000 0.0000
vn 0.0000 1.0000 0.0000
vn 0.0000 1.0000 0.0000
vn 0.0000 1.0000 0.0000
vn 0.0000 1.0000 0.0000
vn 0.0000 1.0000 0.0000
vn 0.0000 1.0000 0.0000
vn 0.0000 1.0000 0.0000
vn 0.0000 1.0000 0.0000
vn 0.0000 1.0000 0.0000
vn 0.0000 1.0000 0.0000
vn 0.0000 1.0000 0.0000
vn 0.0000 1.0000 0.0000
vn 0.0000 1.0000 0.0000
vn 0.0000 1.0000 0.0000
vn 0.0000 1.0000 0.0000
vn 0.0000 1.0000 0.0000
vn 0.0000 1.0000 0.0000
vn 0.0000 1.0000 0.0000
vn 0.0000 1.0000 0.0000
vn 0.0000 1.0000 0.0000
vn 0.0000 1.0000 0.0000
vn 0.0000 1.0000 0.0000
vn 0.0000 1.0000 0.0000
vn 0.0000 1.0000 0.0000
vn 0.0000 1.0000 0.0000
vn 0.0000 1.0000 0.0000
vn 0.0000 1.0000 0.0000
vn 0.0000 1.0000 0.0000
vn 0.0000 1.0000 0.0000
vn 0.0000 1.0000 0.0000
vn 0.0000 1.0000 0.0000
vn 0.0000 1.0000 0.0000
vn 0.0000 1.0000 0.0000
vn 0.0000 1.0000 0.0000
vn 0.0000 1.0000 0.0000
vn 0.0000 1.0000 0.0000
vn 0.0000 1.0000 0.0000
vn 0.0000 1.0000 0.0000
vn 0.0000 1.0000 0.0000
vn 0.0000 1.0000 0.0000
vn 0.0000 1.0000 0.0000
vn 0.0000 1.0000 0.0000
vn 0.0000 1.0000 0.0000
vn 0.0000 1.0000 0.0000
vn 0.0000 1.0000 0.0000
vn 0.0000 1.0000 0.0000
vn 0.0000 1.0000 0.0000
vn 0.0000 1.0000 0.0000
vn 0.0000 1.0000 0.0000
vn 0.0000 1.0000 0.0000
vn 0.0000 1.0000 0.0000
vn 0.0000 1.0000 0.0000
vn 0.0000 1.0000 0.0000
vn 0.0000 1.0000 0.0000
vn 0.0000 1.0000 0.0000
vn 0.0000 1.0000 0.0000
vn 0.0000 1.0000 0.0000
vn 0.0000 1.0000 0.0000
vn 0.0000 1.0000 0.0000
vn 0.0000 1.0000 0.0000
vn 0.0000 1.0000 0.0000
vn 0.0000 1.0000 0.0000
vn 0.0000 1.0000 0.0000
vn 0.0000 1.0000 0.0000
vn 0.0000 1.0000 0.0000
vn 0.0000 1.0000 0.0000
vn 0.0000 1.0000 0.0000
vn 0.0000 1.0000 0.0000
vn 0.0000 1.0000 0.0000
vn 0.0000 1.0000 0.0000
vn 0.0000 1.0000 0.0000
vn 0.0000 1.0000 0.0000
vn 0.0000 1.0000 0.0000
vn 0.0000 1.0000 0.0000
vn 0.0000 1.0000 0.0000
vn 0.0000 1.0000 0.0000
vn 0.0000 1.0000 0.0000
vn 0.0000 1.0000 0.0000
vn 0.0000 1.0000 0.0000
vn 0.0000 1.0000 0.0000
vn 0.0000 1.0000 0.0000
vn 0.0000 1.0000 0.0000
vn 0.0000 1.0000 0.0000
vn 0.0000 1.0000 0.0000
vn 0.0000 1.0000 0.0000
vn 0.0000 1.0000 0.0000
vn 0.0000 1.0000 0.0000
vn 0.0000 1.0000 0.0000
vn 0.0000 1.0000 0.0000
vn 0.0000 1.0000 0.0000
vn 0.0000 1.0000 0.0000
vn 0.0000 1.0000 0.0000
vn 0.0000 1.0000 0.0000
vn 0.0000 1.0000 0.0000
vn 0.0000 1.0000 0.0000
vn 0.0000 1.0000 0.0000
vn 0.0000 1.0000 0.0000
vn 0.0000 1.0000 0.0000
vn 0.0000 1.0000 0.0000
vn 0.0000 1.0000 0.0000
vn 0.0000 1.0000 0.0000
vn 0.0000 1.0000 0.0000
vn 0.0000 1.0000 0.0000
vn 0.0000 1.0000 0.0000
vn 0.0000 1.0000 0.0000
vn 0.0000 1.0000 0.0000
vn 0.0000 1.0000 0.0000
vn 0.0000 1.0000 0.0000
vn 0.0000 1.0000 0.0000
vn 0.0000 1.0000 0.0000
vn 0.0000 1.0000 0.0000
vn 0.0000 1.0000 0.0000
vn 0.0000 1.0000 0.0000
vn 0.0000 1.0000 0.0000
vn 0.0000 1.0000 0.0000
vn 0.0000 1.0000 0.0000
vn 0.0000 1.0000 0.0000
vn 0.0000 1.0000 0.0000
vn 0.0000 1.0000 0.0000
vn 0.0000 1.0000 0.0000
vn 0.0000 1.0000 0.0000
vn 0.0000 1.0000 0.0000
vn 0.0000 1.0000 0.0000
vn 0.0000 1.0000 0.0000
vn 0.0000 1.0000 0.0000
vn 0.0000 1.0000 0.0000
vn 0.0000 1.0000 0.0000
vn 0.0000 1.0000 0.0000
vn 0.0000 1.0000 0.0000
vn 0.0000 1.0000 0.0000
vn 0.0000 1.0000 0.0000
vn 0.0000 1.0000 0.0000
vn 0.0000 1.0000 0.0000
vn 0.0000 1.0000 0.0000
vn 0.0000 1.0000 0.0000
vn 0.0000 1.0000 0.0000
vn 0.0000 1.0000 0.0000
vn 0.0000 1.0000 0.0000
vn 0.0000 1.0000 0.0000
vn 0.0000 1.0000 0.0000
vn 0.0000 1.0000 0.0000
vn 0.0000 1.0000 0.0000
vn 0.0000 1.0000 0.0000
vn 0.0000 1.0000 0.0000
vn 0.0000 1.0000 0.0000
vn 0.0000 1.0000 0.0000
vn 0.0000 1.0000 0.0000
vn 0.0000 1.0000 0.0000
vn 0.0000 1.0000 0.0000
vn 0.0000 1.0000 0.0000
vn 0.0000 1.0000 0.0000
vn 0.0000 1.0000 0.0000
vn 0.0000 1.0000 0.0000
vn 0.0000 1.0000 0.0000
vn 0.0000 1.0000 0.0000
vn 0.0000 1.0000 0.0000
vn 0.0000 1.0000 0.0000
vn 0.0000 1.0000 0.0000
vn 0.0000 1.0000 0.0000
vn 0.0000 1.0000 0.0000
vn 0.0000 1.0000 0.0000
vn 0.0000 1.0000 0.0000
vn 0.0000 1.0000 0.0000
vn 0.0000 1.0000 0.0000
vn 0.0000 1.0000 0.0000
vn 0.0000 1.0000 0.0000
vn 0.0000 1.0000 0.0000
vn 0.0000 1.0000 0.0000
vn 0.0000 1.0000 0.0000
vn 0.0000 1.0000 0.0000
vn 0.0000 1.0000 0.0000
vn 0.0000 1.0000 0.0000
vn 0.0000 1.0000 0.0000
vn 0.0000 1.0000 0.0000
vn 0.0000 1.0000 0.0000
vn 0.0000 1.0000 0.0000
vn 0.0000 1.0000 0.0000
vn 0.0000 1.0000 0.0000
vn 0.0000 1.0000 0.0000
vn 0.0000 1.0000 0.0000
vn 0.0000 1.0000 0.0000
vn 0.0000 1.0000 0.0000
vn 0.0000 1.0000 0.0000
vn 0.0000 1.0000 0.0000
vn 0.0000 1.0000 0.0000
vn 0.0000 1.0000 0.0000
vn 0.0000 1.0000 0.0000
vn 0.0000 1.0000 0.0000
vn 0.0000 1.0000 0.0000
vn 0.0000 1.0000 0.0000
vn 0.0000 1.0000 0.0000
vn 0.0000 1.0000 0.0000
vn 0.0000 1.0000 0.0000
vn 0.0000 1.0000 0.0000
vn 0.0000 1.0000 0.0000
vn 0.0000 1.0000 0.0000
vn 0.0000 1.0000 0.0000
vn 0.0000 1.0000 0.0000
vn 0.0000 1.0000 0.0000
vn 0.0000 1.0000 0.0000
vn 0.0000 1.0000 0.0000
vn 0.0000 1.0000 0.0000
vn 0.0000 1.0000 0.0000
vn 0.0000 1.0000 0.0000
vn 0.0000 1.0000 0.0000
vn 0.0000 1.0000 0.0000
vn 0.0000 1.0000 0.0000
vn 0.0000 1.0000 0.0000
vn 0.0000 1.0000 0.0000
vn 0.0000 1.0000 0.0000
vn 0.0000 1.0000 0.0000
vn 0.0000 1.0000 0.0000
vn 0.0000 1.0000 0.0000
vn 0.0000 1.0000 0.0000
vn 0.0000 1.0000 0.0000
vn 0.0000 1.0000 0.0000
vn 0.0000 1.0000 0.0000
vn 0.0000 1.0000 0.0000
vn 0.0000 1.0000 0.0000
vn 0.0000 1.0000 0.0000
vn 0.0000 1.0000 0.0000
vn 0.0000 1.0000 0.0000
vn 0.0000 1.0000 0.0000
vn 0.0000 1.0000 0.0000
vn 0.0000 1.0000 0.0000
vn 0.0000 1.0000 0.0000
vn 0.0000 1.0000 0.0000
vn 0.0000 1.0000 0.0000
vn 0.0000 1.0000 0.0000
vn 0.0000 1.0000 0.0000
vn 0.0000 1.0000 0.0000
vn 0.0000 1.0000 0.0000
vn 0.0000 1.0000 0.0000
vn 0.0000 1.0000 0.0000
vn 0.0000 1.0000 0.0000
vn 0.0000 1.0000 0.0000
vn 0.0000 1.0000 0.0000
vn 0.0000 1.0000 0.0000
vn 0.0000 1.0000 0.0000
vn 0.0000 1.0000 0.0000
vn 0.0000 1.0000 0.0000
vn 0.0000 1.0000 0.0000
vn 0.0000 1.0000 0.0000
vn 0.0000 1.0000 0.0000
vn 0.0000 1.0000 0.0000
vn 0.0000 1.0000 0.0000
vn 0.0000 1.0000 0.0000
vn 0.0000 1.0000 0.0000
vn 0.0000 1.0000 0.0000
vn 0.0000 1.0000 0.0000
vn 0.0000 1.0000 0.0000
vn 0.0000 1.0000 0.0000
vn 0.0000 1.0000 0.0000
vn 0.0000 1.0000 0.0000
vn 0.0000 1.0000 0.0000
vn 0.0000 1.0000 0.0000
vn 0.0000 1.0000 0.0000
vn 0.0000 1.0000 0.0000
vn 0.0000 1.0000 0.0000
vn 0.0000 1.0000 0.0000
vn 0.0000 1.0000 0.0000
vn 0.0000 1.0000 0.0000
vn 0.0000 1.0000 0.0000
vn 0.0000 1.0000 0.0000
vn 0.0000 1.0000 0.0000
vn 0.0000 1.0000 0.0000
vn 0.0000 1.0000 0.0000
vn 0.0000 1.0000 0.0000
vn 0.0000 1.0000 0.0000
vn 0.0000 1.0000 0.0000
vn 0.0000 1.0000 0.0000
vn 0.0000 1.0000 0.0000
vn 0.0000 1.0000 0.0000
vn 0.0000 1.0000 0.0000
vn 0.0000 1.0000 0.0000
vn 0.0000 1.0000 0.0000
vn 0.0000 1.0000 0.0000
vn 0.0000 1.0000 0.0000
vn 0.0000 1.0000 0.0000
vn 0.0000 1.0000 0.0000
vn 0.0000 1.0000 0.0000
vn 0.0000 1.0000 0.0000
vn 0.0000 1.0000 0.0000
vn 0.0000 1.0000 0.0000
vn 0.0000 1.0000 0.0000
vn 0.0000 1.0000 0.0000
vn 0.0000 1.0000 0.0000
vn 0.0000 1.0000 0.0000
vn 0.0000 1.0000 0.0000
vn 0.0000 1.0000 0.0000
vn 0.0000 1.0000 0.0000
vn 0.0000 1.0000 0.0000
vn 0.0000 1.0000 0.0000
vn 0.0000 1.0000 0.0000
vn 0.0000 1.0000 0.0000
vn 0.0000 1.0000 0.0000
vn 0.0000 1.0000 0.0000
vn 0.0000 1.0000 0.0000
vn 0.0000 1.0000 0.0000
vn 0.0000 1.0000 0.0000
vn 0.0000 1.0000 0.0000
vn 0.0000 1.0000 0.0000
vn 0.0000 1.0000 0.0000
vn 0.0000 1.0000 0.0000
vn 0.0000 1.0000 0.0000
vn 0.0000 1.0000 0.0000
vn 0.0000 1.0000 0.0000
vn 0.0000 1.0000 0.0000
vn 0.0000 1.0000 0.0000
vn 0.0000 1.0000 0.0000
vn 0.0000 1.0000 0.0000
vn 0.0000 1.0000 0.0000
vn 0.0000 1.0000 0.0000
vn 0.0000 1.0000 0.0000
vn 0.0000 1.0000 0.0000
vn 0.0000 1.0000 0.0000
vn 0.0000 1.0000 0.0000
vn 0.0000 1.0000 0.0000
vn 0.0000 1.0000 0.0000
vn 0.0000 1.0000 0.0000
vn 0.0000 1.0000 0.0000
vn 0.0000 1.0000 0.0000
vn 0.0000 1.0000 0.0000
vn 0.0000 1.0000 0.0000
vn 0.0000 1.0000 0.0000
vn 0.0000 1.0000 0.0000
vn 0.0000 1.0000 0.0000
vn 0.0000 1.0000 0.0000
vn 0.0000 1.0000 0.0000
vn 0.0000 1.0000 0.0000
vn 0.0000 1.0000 0.0000
vn 0.0000 1.0000 0.0000
vn 0.0000 1.0000 0.0000
vn 0.0000 1.0000 0.0000
vn 0.0000 1.0000 0.0000
vn 0.0000 1.0000 0.0000
vn 0.0000 1.0000 0.0000
vn 0.0000 1.0000 0.0000
vn 0.0000 1.0000 0.0000
vn 0.0000 1.0000 0.0000
vn 0.0000 1.0000 0.0000
vn 0.0000 1.0000 0.0000
vn 0.0000 1.0000 0.0000
vn 0.0000 1.0000 0.0000
vn 0.0000 1.0000 0.0000
vn 0.0000 1.0000 0.0000
vn 0.0000 1.0000 0.0000
vn 0.0000 1.0000 0.0000
vn 0.0000 1.0000 0.0000
vn 0.0000 1.0000 0.0000
vn 0.0000 1.0000 0.0000
vn 0.0000 1.0000 0.0000
vn 0.0000 1.0000 0.0000
vn 0.0000 1.0000 0.0000
vn 0.0000 1.0000 0.0000
vn 0.0000 1.0000 0.0000
vn 0.0000 1.0000 0.0000
vn 0.0000 1.0000 0.0000
vn 0.0000 1.0000 0.0000
vn 0.0000 1.0000 0.0000
vn 0.0000 1.0000 0.0000
vn 0.0000 1.0000 0.0000
vn 0.0000 1.0000 0.0000
vn 0.0000 1.0000 0.0000
vn 0.0000 1.0000 0.0000
vn 0.0000 1.0000 0.0000
vn 0.0000 1.0000 0.0000
vn 0.0000 1.0000 0.0000
vn 0.0000 1.0000 0.0000
vn 0.0000 1.0000 0.0000
vn 0.0000 1.0000 0.0000
vn 0.0000 1.0000 0.0000
vn 0.0000 1.0000 0.0000
vn 0.0000 1.0000 0.0000
vn 0.0000 1.0000 0.0000
vn 0.0000 1.0000 0.0000
vn 0.0000 1.0000 0.0000
vn 0.0000 1.0000 0.0000
vn 0.0000 1.0000 0.0000
vn 0.0000 1.0000 0.0000
vn 0.0000 1.0000 0.0000
vn 0.0000 1.0000 0.0000
vn 0.0000 1.0000 0.0000
vn 0.0000 1.0000 0.0000
vn 0.0000 1.0000 0.0000
vn 0.0000 1.0000 0.0000
vn 0.0000 1.0000 0.0000
vn 0.0000 1.0000 0.0000
vn 0.0000 1.0000 0.0000
vn 0.0000 1.0000 0.0000
vn 0.0000 1.0000 0.0000
vn 0.0000 1.0000 0.0000
vn 0.0000 1.0000 0.0000
vn 0.0000 1.0000 0.0000
vn 0.0000 1.0000 0.0000
vn 0.0000 1.0000 0.0000
vn 0.0000 1.0000 0.0000
vn 0.0000 1.0000 0.0000
vn 0.0000 1.0000 0.0000
vn 0.0000 1.0000 0.0000
vn 0.0000 1.0000 0.0000
vn 0.0000 1.0000 0.0000
vn 0.0000 1.0000 0.0000
vn 0.0000 1.0000 0.0000
vn 0.0000 1.0000 0.0000
vn 0.0000 1.0000 0.0000
vn 0.0000 1.0000 0.0000
vn 0.0000 1.0000 0.0000
vn 0.0000 1.0000 0.0000
vn 0.0000 1.0000 0.0000
vn 0.0000 1.0000 0.0000
vn 0.0000 1.0000 0.0000
vn 0.0000 1.0000 0.0000
vn 0.0000 1.0000 0.0000
vn 0.0000 1.0000 0.0000
vn 0.0000 1.0000 0.0000
vn 0.0000 1.0000 0.0000
vn 0.0000 1.0000 0.0000
vn 0.0000 1.0000 0.0000
vn 0.0000 1.0000 0.0000
vn 0.0000 1.0000 0.0000
vn 0.0000 1.0000 0.0000
vn 0.0000 1.0000 0.0000
vn 0.0000 1.0000 0.0000
vn 0.0000 1.0000 0.0000
vn 0.0000 1.0000 0.0000
vn 0.0000 1.0000 0.0000
vn 0.0000 1.0000 0.0000
vn 0.0000 1.0000 0.0000
vn 0.0000 1.0000 0.0000
vn 0.0000 1.0000 0.0000
vn 0.0000 1.0000 0.0000
vn 0.0000 1.0000 0.0000
vn 0.0000 1.0000 0.0000
vn 0.0000 1.0000 0.0000
vn 0.0000 1.0000 0.0000
vn 0.0000 1.0000 0.0000
vn 0.0000 1.0000 0.0000
vn 0.0000 1.0000 0.0000
vn 0.0000 1.0000 0.0000
vn 0.0000 1.0000 0.0000
vn 0.0000 1.0000 0.0000
vn 0.0000 1.0000 0.0000
vn 0.0000 1.0000 0.0000
vn 0.0000 1.0000 0.0000
vn 0.0000 1.0000 0.0000
vn 0.0000 1.0000 0.0000
vn 0.0000 1.0000 0.0000
vn 0.0000 1.0000 0.0000
vn 0.0000 1.0000 0.0000
vn 0.0000 1.0000 0.0000
vn 0.0000 1.0000 0.0000
vn 0.0000 1.0000 0.0000
vn 0.0000 1.0000 0.0000
vn 0.0000 1.0000 0.0000
vn 0.0000 1.0000 0.0000
vn 0.0000 1.0000 0.0000
vn 0.0000 1.0000 0.0000
vn 0.0000 1.0000 0.0000
vn 0.0000 1.0000 0.0000
vn 0.0000 1.0000 0.0000
vn 0.0000 1.0000 0.0000
vn 0.0000 1.0000 0.0000
vn 0.0000 1.0000 0.0000
vn 0.0000 1.0000 0.0000
vn 0.0000 1.0000 0.0000
vn 0.0000 1.0000 0.0000
vn 0.0000 1.0000 0.0000
vn 0.0000 1.0000 0.0000
vn 0.0000 1.0000 0.0000
vn 0.0000 1.0000 0.0000
vn 0.0000 1.0000 0.0000
vn 0.0000 1.0000 0.0000
vn 0.0000 1.0000 0.0000
vn 0.0000 1.0000 0.0000
vn 0.0000 1.0000 0.0000
vn 0.0000 1.0000 0.0000
vn 0.0000 1.0000 0.0000
vn 0.0000 1.0000 0.0000
vn 0.0000 1.0000 0.0000
vn 0.0000 1.0000 0.0000
vn 0.0000 1.0000 0.0000
vn 0.0000 1.0000 0.0000
vn 0.0000 1.0000 0.0000
vn 0.0000 1.0000 0.0000
vn 0.0000 1.0000 0.0000
vn 0.0000 1.0000 0.0000
vn 0.0000 1.0000 0.0000
vn 0.0000 1.0000 0.0000
vn 0.0000 1.0000 0.0000
vn 0.0000 1.0000 0.0000
vn 0.0000 1.0000 0.0000
vn 0.0000 1.0000 0.0000
vn 0.0000 1.0000 0.0000
vn 0.0000 1.0000 0.0000
vn 0.0000 1.0000 0.0000
vn 0.0000 1.0000 0.0000
vn 0.0000 1.0000 0.0000
vn 0.0000 1.0000 0.0000
vn 0.0000 1.0000 0.0000
vn 0.0000 1.0000 0.0000
vn 0.0000 1.0000 0.0000
vn 0.0000 1.0000 0.0000
vn 0.0000 1.0000 0.0000
vn 0.0000 1.0000 0.0000
vn 0.0000 1.0000 0.0000
vn 0.0000 1.0000 0.0000
vn 0.0000 1.0000 0.0000
vn 0.0000 1.0000 0.0000
vn 0.0000 1.0000 0.0000
vn 0.0000 1.0000 0.0000
vn 0.0000 1.0000 0.0000
vn 0.0000 1.0000 0.0000
vn 0.0000 1.0000 0.0000
vn 0.0000 1.0000 0.0000
vn 0.0000 1.0000 0.0000
vn 0.0000 1.0000 0.0000
vn 0.0000 1.0000 0.0000
vn 0.0000 1.0000 0.0000
vn 0.0000 1.0000 0.0000
vn 0.0000 1.0000 0.0000
vn 0.0000 1.0000 0.0000
vn 0.0000 1.0000 0.0000
vn 0.0000 1.0000 0.0000
vn 0.0000 1.0000 0.0000
vn 0.0000 1.0000 0.0000
vn 0.0000 1.0000 0.0000
vn 0.0000 1.0000 0.0000
vn 0.0000 1.0000 0.0000
vn 0.0000 1.0000 0.0000
vn 0.0000 1.0000 0.0000
vn 0.0000 1.0000 0.0000
vn 0.0000 1.0000 0.0000
vn 0.0000 1.0000 0.0000
vn 0.0000 1.0000 0.0000
vn 0.0000 1.0000 0.0000
vn 0.0000 1.0000 0.0000
vn 0.0000 1.0000 0.0000
vn 0.0000 1.0000 0.0000
vn 0.0000 1.0000 0.0000
vn 0.0000 1.0000 0.0000
vn 0.0000 1.0000 0.0000
vn 0.0000 1.0000 0.0000
vn 0.0000 1.0000 0.0000
vn 0.0000 1.0000 0.0000
vn 0.0000 1.0000 0.0000
vn 0.0000 1.0000 0.0000
vn 0.0000 1.0000 0.0000
vn 0.0000 1.0000 0.0000
vn 0.0000 1.0000 0.0000
vn 0.0000 1.0000 0.0000
vn 0.0000 1.0000 0.0000
vn 0.0000 1.0000 0.0000
vn 0.0000 1.0000 0.0000
vn 0.0000 1.0000 0.0000
vn 0.0000 1.0000 0.0000
vn 0.0000 1.0000 0.0000
vn 0.0000 1.0000 0.0000
vn 0.0000 1.0000 0.0000
vn 0.0000 1.0000 0.0000
vn 0.0000 1.0000 0.0000
vn 0.0000 1.0000 0.0000
vn 0.0000 1.0000 0.0000
vn 0.0000 1.0000 0.0000
vn 0.0000 1.0000 0.0000
vn 0.0000 1.0000 0.0000
vn 0.0000 1.0000 0.0000
vn 0.0000 1.0000 0.0000
vn 0.0000 1.0000 0.0000
vn 0.0000 1.0000 0.0000
vn 0.0000 1.0000 0.0000
vn 0.0000 1.0000 0.0000
vn 0.0000 1.0000 0.0000
vn 0.0000 1.0000 0.0000
vn 0.0000 1.0000 0.0000
vn 0.0000 1.0000 0.0000
vn 0.0000 1.0000 0.0000
vn 0.0000 1.0000 0.0000
vn 0.0000 1.0000 0.0000
vn 0.0000 1.0000 0.0000
vn 0.0000 1.0000 0.0000
vn 0.0000 1.0000 0.0000
vn 0.0000 1.0000 0.0000
vn 0.0000 1.0000 0.0000
vn 0.0000 1.0000 0.0000
vn 0.0000 1.0000 0.0000
vn 0.0000 1.0000 0.0000
vn 0.0000 1.0000 0.0000
vn 0.0000 1.0000 0.0000
vn 0.0000 1.0000 0.0000
vn 0.0000 1.0000 0.0000
vn 0.0000 1.0000 0.0000
vn 0.0000 1.0000 0.0000
vn 0.0000 1.0000 0.0000
vn 0.0000 1.0000 0.0000
vn 0.0000 1.0000 0.0000
vn 0.0000 1.0000 0.0000
vn 0.0000 1.0000 0.0000
vn 0.0000 1.0000 0.0000
vn 0.0000 1.0000 0.0000
vn 0.0000 1.0000 0.0000
vn 0.0000 1.0000 0.0000
vn 0.0000 1.0000 0.0000
vn 0.0000 1.0000 0.0000
vn 0.0000 1.0000 0.0000
vn 0.0000 1.0000 0.0000
vn 0.0000 1.0000 0.0000
vn 0.0000 1.0000 0.0000
vn 0.0000 1.0000 0.0000
vn 0.0000 1.0000 0.0000
vn 0.0000 1.0000 0.0000
vn 0.0000 1.0000 0.0000
vn 0.0000 1.0000 0.0000
vn 0.0000 1.0000 0.0000
vn 0.0000 1.0000 0.0000
vn 0.0000 1.0000 0.0000
vn 0.0000 1.0000 0.0000
vn 0.0000 1.0000 0.0000
vn 0.0000 1.0000 0.0000
vn 0.0000 1.0000 0.0000
vn 0.0000 1.0000 0.0000
vn 0.0000 1.0000 0.0000
vn 0.0000 1.0000 0.0000
vn 0.0000 1.0000 0.0000
vn 0.0000 1.0000 0.0000
vn 0.0000 1.0000 0.0000
vn 0.0000 1.0000 0.0000
vn 0.0000 1.0000 0.0000
vn 0.0000 1.0000 0.0000
vn 0.0000 1.0000 0.0000
vn 0.0000 1.0000 0.0000
vn 0.0000 1.0000 0.0000
vn 0.0000 1.0000 0.0000
vn 0.0000 1.0000 0.0000
vn 0.0000 1.0000 0.0000
vn 0.0000 1.0000 0.0000
vn 0.0000 1.0000 0.0000
vn 0.0000 1.0000 0.0000
vn 0.0000 1.0000 0.0000
vn 0.0000 1.0000 0.0000
vn 0.0000 1.0000 0.0000
vn 0.0000 1.0000 0.0000
vn 0.0000 1.0000 0.0000
vn 0.0000 1.0000 0.0000
vn 0.0000 1.0000 0.0000
vn 0.0000 1.0000 0.0000
vn 0.0000 1.0000 0.0000
vn 0.0000 1.0000 0.0000
vn 0.0000 1.0000 0.0000
vn 0.0000 1.0000 0.0000
vn 0.0000 1.0000 0.0000
vn 0.0000 1.0000 0.0000
vn 0.0000 1.0000 0.0000
vn 0.0000 1.0000 0.0000
vn 0.0000 1.0000 0.0000
vn 0.0000 1.0000 0.0000
vn 0.0000 1.0000 0.0000
vn 0.0000 1.0000 0.0000
vn 0.0000 1.0000 0.0000
vn 0.0000 1.0000 0.0000
vn 0.0000 1.0000 0.0000
vn 0.0000 1.0000 0.0000
vn 0.0000 1.0000 0.0000
vn 0.0000 1.0000 0.0000
vn 0.0000 1.0000 0.0000
vn 0.0000 1.0000 0.0000
vn 0.0000 1.0000 0.0000
vn 0.0000 1.0000 0.0000
vn 0.0000 1.0000 0.0000
vn 0.0000 1.0000 0.0000
vn 0.0000 1.0000 0.0000
vn 0.0000 1.0000 0.0000
vn 0.0000 1.0000 0.0000
vn 0.0000 1.0000 0.0000
vn 0.0000 1.0000 0.0000
vn 0.0000 1.0000 0.0000
vn 0.0000 1.0000 0.0000
vn 0.0000 1.0000 0.0000
vn 0.0000 1.0000 0.0000
vn 0.0000 1.0000 0.0000
vn 0.0000 1.0000 0.0000
vn 0.0000 1.0000 0.0000
vn 0.0000 1.0000 0.0000
vn 0.0000 1.0000 0.0000
vn 0.0000 1.0000 0.0000
vn 0.0000 1.0000 0.0000
vn 0.0000 1.0000 0.0000
vn 0.0000 1.0000 0.0000
vn 0.0000 1.0000 0.0000
vn 0.0000 1.0000 0.0000
vn 0.0000 1.0000 0.0000
vn 0.0000 1.0000 0.0000
vn 0.0000 1.0000 0.0000
vn 0.0000 1.0000 0.0000
vn 0.0000 1.0000 0.0000
vn 0.0000 1.0000 0.0000
vn 0.0000 1.0000 0.0000
vn 0.0000 1.0000 0.0000
vn 0.0000 1.0000 0.0000
vn 0.0000 1.0000 0.0000
vn 0.0000 1.0000 0.0000
vn 0.0000 1.0000 0.0000
vn 0.0000 1.0000 0.0000
vn 0.0000 1.0000 0.0000
vn 0.0000 1.0000 0.0000
vn 0.0000 1.0000 0.0000
vn 0.0000 1.0000 0.0000
vn 0.0000 1.0000 0.0000
vn 0.0000 1.0000 0.0000
vn 0.0000 1.0000 0.0000
vn 0.0000 1.0000 0.0000
vn 0.0000 1.0000 0.0000
vn 0.0000 1.0000 0.0000
vn 0.0000 1.0000 0.0000
vn 0.0000 1.0000 0.0000
vn 0.0000 1.0000 0.0000
vn 0.0000 1.0000 0.0000
vn 0.0000 1.0000 0.0000
vn 0.0000 1.0000 0.0000
vn 0.0000 1.0000 0.0000
vn 0.0000 1.0000 0.0000
vn 0.0000 1.0000 0.0000
vn 0.0000 1.0000 0.0000
vn 0.0000 1.0000 0.0000
vn 0.0000 1.0000 0.0000
vn 0.0000 1.0000 0.0000
vn 0.0000 1.0000 0.0000
vn 0.0000 1.0000 0.0000
vn 0.0000 1.0000 0.0000
vn 0.0000 1.0000 0.0000
vn 0.0000 1.0000 0.0000
vn 0.0000 1.0000 0.0000
vn 0.0000 1.0000 0.0000
vn 0.0000 1.0000 0.0000
vn 0.0000 1.0000 0.0000
vn 0.0000 1.0000 0.0000
vn 0.0000 1.0000 0.0000
vn 0.0000 1.0000 0.0000
vn 0.0000 1.0000 0.0000
vn 0.0000 1.0000 0.0000
vn 0.0000 1.0000 0.0000
vn 0.0000 1.0000 0.0000
vn 0.0000 1.0000 0.0000
vn 0.0000 1.0000 0.0000
vn 0.0000 1.0000 0.0000
vn 0.0000 1.0000 0.0000
vn 0.0000 1.0000 0.0000
vn 0.0000 1.0000 0.0000
vn 0.0000 1.0000 0.0000
vn 0.0000 1.0000 0.0000
vn 0.0000 1.0000 0.0000
vn 0.0000 1.0000 0.0000
vn 0.0000 1.0000 0.0000
vn 0.0000 1.0000 0.0000
vn 0.0000 1.0000 0.0000
vn 0.0000 1.0000 0.0000
vn 0.0000 1.0000 0.0000
vn 0.0000 1.0000 0.0000
vn 0.0000 1.0000 0.0000
vn 0.0000 1.0000 0.0000
vn 0.0000 1.0000 0.0000
vn 0.0000 1.0000 0.0000
vn 0.0000 1.0000 0.0000
vn 0.0000 1.0000 0.0000
vn 0.0000 1.0000 0.0000
vn 0.0000 1.0000 0.0000
vn 0.0000 1.0000 0.0000
vn 0.0000 1.0000 0.0000
vn 0.0000 1.0000 0.0000
vn 0.0000 1.0000 0.0000
vn 0.0000 1.0000 0.0000
vn 0.0000 1.0000 0.0000
vn 0.0000 1.0000 0.0000
vn 0.0000 1.0000 0.0000
vn 0.0000 1.0000 0.0000
vn 0.0000 1.0000 0.0000
vn 0.0000 1.0000 0.0000
vn 0.0000 1.0000 0.0000
vn 0.0000 1.0000 0.0000
vn 0.0000 1.0000 0.0000
vn 0.0000 1.0000 0.0000
vn 0.0000 1.0000 0.0000
vn 0.0000 1.0000 0.0000
vn 0.0000 1.0000 0.0000
vn 0.0000 1.0000 0.0000
vn 0.0000 1.0000 0.0000
vn 0.0000 1.0000 0.0000
vn 0.0000 1.0000 0.0000
vn 0.0000 1.0000 0.0000
vn 0.0000 1.0000 0.0000
vn 0.0000 1.0000 0.0000
vn 0.0000 1.0000 0.0000
vn 0.0000 1.0000 0.0000
vn 0.0000 1.0000 0.0000
vn 0.0000 1.0000 0.0000
vn 0.0000 1.0000 0.0000
vn 0.0000 1.0000 0.0000
vn 0.0000 1.0000 0.0000
vn 0.0000 1.0000 0.0000
vn 0.0000 1.0000 0.0000
vn 0.0000 1.0000 0.0000
vn 0.0000 1.0000 0.0000
vn 0.0000 1.0000 0.0000
vn 0.0000 1.0000 0.0000
vn 0.0000 1.0000 0.0000
vn 0.0000 1.0000 0.0000
vn 0.0000 1.0000 0.0000
vn 0.0000 1.0000 0.0000
vn 0.0000 1.0000 0.0000
vn 0.0000 1.0000 0.0000
vn 0.0000 1.0000 0.0000
vn 0.0000 1.0000 0.0000
vn 0.0000 1.0000 0.0000
vn 0.0000 1.0000 0.0000
vn 0.0000 1.0000 0.0000
vn 0.0000 1.0000 0.0000
vn 0.0000 1.0000 0.0000
vn 0.0000 1.0000 0.0000
vn 0.0000 1.0000 0.0000
vn 0.0000 1.0000 0.0000
vn 0.0000 1.0000 0.0000
vn 0.0000 1.0000 0.0000
vn 0.0000 1.0000 0.0000
vn 0.0000 1.0000 0.0000
vn 0.0000 1.0000 0.0000
vn 0.0000 1.0000 0.0000
vn 0.0000 1.0000 0.0000
vn 0.0000 1.0000 0.0000
vn 0.0000 1.0000 0.0000
vn 0.0000 1.0000 0.0000
vn 0.0000 1.0000 0.0000
vn 0.0000 1.0000 0.0000
vn 0.0000 1.0000 0.0000
vn 0.0000 1.0000 0.0000
vn 0.0000 1.0000 0.0000
vn 0.0000 1.0000 0.0000
vn 0.0000 1.0000 0.0000
vn 0.0000 1.0000 0.0000
vn 0.0000 1.0000 0.0000
vn 0.0000 1.0000 0.0000
vn 0.0000 1.0000 0.0000
vn 0.0000 1.0000 0.0000
vn 0.0000 1.0000 0.0000
vn 0.0000 1.0000 0.0000
vn 0.0000 1.0000 0.0000
vn 0.0000 1.0000 0.0000
vn 0.0000 1.0000 0.0000
vn 0.0000 1.0000 0.0000
vn 0.0000 1.0000 0.0000
vn 0.0000 1.0000 0.0000
vn 0.0000 1.0000 0.0000
vn 0.0000 1.0000 0.0000
vn 0.0000 1.0000 0.0000
vn 0.0000 1.0000 0.0000
vn 0.0000 1.0000 0.0000
vn 0.0000 1.0000 0.0000
vn 0.0000 1.0000 0.0000
vn 0.0000 1.0000 0.0000
vn 0.0000 1.0000 0.0000
vn 0.0000 1.0000 0.0000
vn 0.0000 1.0000 0.0000
vn 0.0000 1.0000 0.0000
vn 0.0000 1.0000 0.0000
vn 0.0000 1.0000 0.0000
vn 0.0000 1.0000 0.0000
vn 0.0000 1.0000 0.0000
vn 0.0000 1.0000 0.0000
vn 0.0000 1.0000 0.0000
vn 0.0000 1.0000 0.0000
vn 0.0000 1.0000 0.0000
vn 0.0000 1.0000 0.0000
vn 0.0000 1.0000 0.0000
vn 0.0000 1.0000 0.0000
vn 0.0000 1.0000 0.0000
vn 0.0000 1.0000 0.0000
vn 0.0000 1.0000 0.0000
vn 0.0000 1.0000 0.0000
vn 0.0000 1.0000 0.0000
vn 0.0000 1.0000 0.0000
vn 0.0000 1.0000 0.0000
vn 0.0000 1.0000 0.0000
vn 0.0000 1.0000 0.0000
vn 0.0000 1.0000 0.0000
vn 0.0000 1.0000 0.0000
vn 0.0000 1.0000 0.0000
vn 0.0000 1.0000 0.0000
vn 0.0000 1.0000 0.0000
vn 0.0000 1.0000 0.0000
vn 0.0000 1.0000 0.0000
vn 0.0000 1.0000 0.0000
vn 0.0000 1.0000 0.0000
vn 0.0000 1.0000 0.0000
vn 0.0000 1.0000 0.0000
vn 0.0000 1.0000 0.0000
vn 0.0000 1.0000 0.0000
vn 0.0000 1.0000 0.0000
vn 0.0000 1.0000 0.0000
vn 0.0000 1.0000 0.0000
vn 0.0000 1.0000 0.0000
vn 0.0000 1.0000 0.0000
vn 0.0000 1.0000 0.0000
vn 0.0000 1.0000 0.0000
vn 0.0000 1.0000 0.0000
vn 0.0000 1.0000 0.0000
vn 0.0000 1.0000 0.0000
vn 0.0000 1.0000 0.0000
vn 0.0000 1.0000 0.0000
vn 0.0000 1.0000 0.0000
vn 0.0000 1.0000 0.0000
vn 0.0000 1.0000 0.0000
vn 0.0000 1.0000 0.0000
vn 0.0000 1.0000 0.0000
vn 0.0000 1.0000 0.0000
vn 0.0000 1.0000 0.0000
vn 0.0000 1.0000 0.0000
vn 0.0000 1.0000 0.0000
vn 0.0000 1.0000 0.0000
vn 0.0000 1.0000 0.0000
vn 0.0000 1.0000 0.0000
vn 0.0000 1.0000 0.0000
vn 0.0000 1.0000 0.0000
vn 0.0000 1.0000 0.0000
vn 0.0000 1.0000 0.0000
vn 0.0000 1.0000 0.0000
vn 0.0000 1.0000 0.0000
vn 0.0000 1.0000 0.0000
vn 0.0000 1.0000 0.0000
vn 0.0000 1.0000 0.0000
vn 0.0000 1.0000 0.0000
vn 0.0000 1.0000 0.0000
vn 0.0000 1.0000 0.0000
vn 0.0000 1.0000 0.0000
vn 0.0000 1.0000 0.0000
vn 0.0000 1.0000 0.0000
vn 0.0000 1.0000 0.0000
vn 0.0000 1.0000 0.0000
vn 0.0000 1.0000 0.0000
vn 0.0000 1.0000 0.0000
vn 0.0000 1.0000 0.0000
vn 0.0000 1.0000 0.0000
vn 0.0000 1.0000 0.0000
vn 0.0000 1.0000 0.0000
vn 0.0000 1.0000 0.0000
vn 0.0000 1.0000 0.0000
vn 0.0000 1.0000 0.0000
vn 0.0000 1.0000 0.0000
vn 0.0000 1.0000 0.0000
vn 0.0000 1.0000 0.0000
vn 0.0000 1.0000 0.0000
vn 0.0000 1.0000 0.0000
vn 0.0000 1.0000 0.0000
vn 0.0000 1.0000 0.0000
vn 0.0000 1.0000 0.0000
vn 0.0000 1.0000 0.0000
vn 0.0000 1.0000 0.0000
vn 0.0000 1.0000 0.0000
vn 0.0000 1.0000 0.0000
vn 0.0000 1.0000 0.0000
vn 0.0000 1.0000 0.0000
vn 0.0000 1.0000 0.0000
vn 0.0000 1.0000 0.0000
vn 0.0000 1.0000 0.0000
vn 0.0000 1.0000 0.0000
vn 0.0000 1.0000 0.0000
vn 0.0000 1.0000 0.0000
vn 0.0000 1.0000 0.0000
vn 0.0000 1.0000 0.0000
vn 0.0000 1.0000 0.0000
vn 0.0000 1.0000 0.0000
vn 0.0000 1.0000 0.0000
vn 0.0000 1.0000 0.0000
vn 0.0000 1.0000 0.0000
vn 0.0000 1.0000 0.0000
vn 0.0000 1.0000 0.0000
vn 0.0000 1.0000 0.0000
vn 0.0000 1.0000 0.0000
vn 0.0000 1.0000 0.0000
vn 0.0000 1.0000 0.0000
vn 0.0000 1.0000 0.0000
vn 0.0000 1.0000 0.0000
vn 0.0000 1.0000 0.0000
vn 0.0000 1.0000 0.0000
vn 0.0000 1.0000 0.0000
vn 0.0000 1.0000 0.0000
vn 0.0000 1.0000 0.0000
vn 0.0000 1.0000 0.0000
vn 0.0000 1.0000 0.0000
vn 0.0000 1.0000 0.0000
vn 0.0000 1.0000 0.0000
vn 0.0000 1.0000 0.0000
vn 0.0000 1.0000 0.0000
vn 0.0000 1.0000 0.0000
vn 0.0000 1.0000 0.0000
vn 0.0000 1.0000 0.0000
vn 0.0000 1.0000 0.0000
vn 0.0000 1.0000 0.0000
vn 0.0000 1.0000 0.0000
vn 0.0000 1.0000 0.0000
vn 0.0000 1.0000 0.0000
vn 0.0000 1.0000 0.0000
vn 0.0000 1.0000 0.0000
vn 0.0000 1.0000 0.0000
vn 0.0000 1.0000 0.0000
vn 0.0000 1.0000 0.0000
vn 0.0000 1.0000 0.0000
vn 0.0000 1.0000 0.0000
vn 0.0000 1.0000 0.0000
vn 0.0000 1.0000 0.0000
vn 0.0000 1.0000 0.0000
vn 0.0000 1.0000 0.0000
vn 0.0000 1.0000 0.0000
vn 0.0000 1.0000 0.0000
vn 0.0000 1.0000 0.0000
vn 0.0000 1.0000 0.0000
vn 0.0000 1.0000 0.0000
vn 0.0000 1.0000 0.0000
vn 0.0000 1.0000 0.0000
vn 0.0000 1.0000 0.0000
vn 0.0000 1.0000 0.0000
vn 0.0000 1.0000 0.0000
vn 0.0000 1.0000 0.0000
vn 0.0000 1.0000 0.0000
vn 0.0000 1.0000 0.0000
vn 0.0000 1.0000 0.0000
vn 0.0000 1.0000 0.0000
vn 0.0000 1.0000 0.0000
vn 0.0000 1.0000 0.0000
vn 0.0000 1.0000 0.0000
vn 0.0000 1.0000 0.0000
vn 0.0000 1.0000 0.0000
vn 0.0000 1.0000 0.0000
vn 0.0000 1.0000 0.0000
vn 0.0000 1.0000 0.0000
vn 0.0000 1.0000 0.0000
vn 0.0000 1.0000 0.0000
vn 0.0000 1.0000 0.0000
vn 0.0000 1.0000 0.0000
vn 0.0000 1.0000 0.0000
vn 0.0000 1.0000 0.0000
vn 0.0000 1.0000 0.0000
vn 0.0000 1.0000 0.0000
vn 0.0000 1.0000 0.0000
vn 0.0000 1.0000 0.0000
vn 0.0000 1.0000 0.0000
vn 0.0000 1.0000 0.0000
vn 0.0000 1.0000 0.0000
vn 0.0000 1.0000 0.0000
vn 0.0000 1.0000 0.0000
vn 0.0000 1.0000 0.0000
vn 0.0000 1.0000 0.0000
vn 0.0000 1.0000 0.0000
vn 0.0000 1.0000 0.0000
vn 0.0000 1.0000 0.0000
vn 0.0000 1.0000 0.0000
vn 0.0000 1.0000 0.0000
vn 0.0000 1.0000 0.0000
vn 0.0000 1.0000 0.0000
vn 0.0000 1.0000 0.0000
vn 0.0000 1.0000 0.0000
vn 0.0000 1.0000 0.0000
vn 0.0000 1.0000 0.0000
vn 0.0000 1.0000 0.0000
vn 0.0000 1.0000 0.0000
vn 0.0000 1.0000 0.0000
vn 0.0000 1.0000 0.0000
vn 0.0000 1.0000 0.0000
vn 0.0000 1.0000 0.0000
vn 0.0000 1.0000 0.0000
vn 0.0000 1.0000 0.0000
vn 0.0000 1.0000 0.0000
vn 0.0000 1.0000 0.0000
vn 0.0000 1.0000 0.0000
vn 0.0000 1.0000 0.0000
vn 0.0000 1.0000 0.0000
vn 0.0000 1.0000 0.0000
vn 0.0000 1.0000 0.0000
vn 0.0000 1.0000 0.0000
vn 0.0000 1.0000 0.0000
vn 0.0000 1.0000 0.0000
vn 0.0000 1.0000 0.0000
vn 0.0000 1.0000 0.0000
vn 0.0000 1.0000 0.0000
vn 0.0000 1.0000 0.0000
vn 0.0000 1.0000 0.0000
vn 0.0000 1.0000 0.0000
vn 0.0000 1.0000 0.0000
vn 0.0000 1.0000 0.0000
vn 0.0000 1.0000 0.0000
vn 0.0000 1.0000 0.0000
vn 0.0000 1.0000 0.0000
vn 0.0000 1.0000 0.0000
vn 0.0000 1.0000 0.0000
vn 0.0000 1.0000 0.0000
vn 0.0000 1.0000 0.0000
vn 0.0000 1.0000 0.0000
vn 0.0000 1.0000 0.0000
vn 0.0000 1.0000 0.0000
vn 0.0000 1.0000 0.0000
vn 0.0000 1.0000 0.0000
vn 0.0000 1.0000 0.0000
vn 0.0000 1.0000 0.0000
vn 0.0000 1.0000 0.0000
vn 0.0000 1.0000 0.0000
vn 0.0000 1.0000 0.0000
vn 0.0000 1.0000 0.0000
vn 0.0000 1.0000 0.0000
vn 0.0000 1.0000 0.0000
vn 0.0000 1.0000 0.0000
vn 0.0000 1.0000 0.0000
vn 0.0000 1.0000 0.0000
vn 0.0000 1.0000 0.0000
vn 0.0000 1.0000 0.0000
vn 0.0000 1.0000 0.0000
vn 0.0000 1.0000 0.0000
vn 0.0000 1.0000 0.0000
vn 0.0000 1.0000 0.0000
vn 0.0000 1.0000 0.0000
vn 0.0000 1.0000 0.0000
vn 0.0000 1.0000 0.0000
vn 0.0000 1.0000 0.0000
vn 0.0000 1.0000 0.0000
vn 0.0000 1.0000 0.0000
vn 0.0000 1.0000 0.0000
vn 0.0000 1.0000 0.0000
vn 0.0000 1.0000 0.0000
vn 0.0000 1.0000 0.0000
vn 0.0000 1.0000 0.0000
vn 0.0000 1.0000 0.0000
vn 0.0000 1.0000 0.0000
vn 0.0000 1.0000 0.0000
vn 0.0000 1.0000 0.0000
vn 0.0000 1.0000 0.0000
vn 0.0000 1.0000 0.0000
vn 0.0000 1.0000 0.0000
vn 0.0000 1.0000 0.0000
vn 0.0000 1.0000 0.0000
vn 0.0000 1.0000 0.0000
vn 0.0000 1.0000 0.0000
vn 0.0000 1.0000 0.0000
vn 0.0000 1.0000 0.0000
vn 0.0000 1.0000 0.0000
vn 0.0000 1.0000 0.0000
vn 0.0000 1.0000 0.0000
vn 0.0000 1.0000 0.0000
vn 0.0000 1.0000 0.0000
vn 0.0000 1.0000 0.0000
vn 0.0000 1.0000 0.0000
vn 0.0000 1.0000 0.0000
vn 0.0000 1.0000 0.0000
vn 0.0000 1.0000 0.0000
vn 0.0000 1.0000 0.0000
vn 0.0000 1.0000 0.0000
vn 0.0000 1.0000 0.0000
vn 0.0000 1.0000 0.0000
vn 0.0000 1.0000 0.0000
vn 0.0000 1.0000 0.0000
vn 0.0000 1.0000 0.0000
vn 0.0000 1.0000 0.0000
vn 0.0000 1.0000 0.0000
vn 0.0000 1.0000 0.0000
vn 0.0000 1.0000 0.0000
vn 0.0000 1.0000 0.0000
vn 0.0000 1.0000 0.0000
vn 0.0000 1.0000 0.0000
vn 0.0000 1.0000 0.0000
vn 0.0000 1.0000 0.0000
vn 0.0000 1.0000 0.0000
vn 0.0000 1.0000 0.0000
vn 0.0000 1.0000 0.0000
vn 0.0000 1.0000 0.0000
vn 0.0000 1.0000 0.0000
vn 0.0000 1.0000 0.0000
vn 0.0000 1.0000 0.0000
vn 0.0000 1.0000 0.0000
vn 0.0000 1.0000 0.0000
vn 0.0000 1.0000 0.0000
vn 0.0000 1.0000 0.0000
vn 0.0000 1.0000 0.0000
vn 0.0000 1.0000 0.0000
vn 0.0000 1.0000 0.0000
vn 0.0000 1.0000 0.0000
vn 0.0000 1.0000 0.0000
vn 0.0000 1.0000 0.0000
vn 0.0000 1.0000 0.0000
vn 0.0000 1.0000 0.0000
vn 0.0000 1.0000 0.0000
vn 0.0000 1.0000 0.0000
vn 0.0000 1.0000 0.0000
vn 0.0000 1.0000 0.0000
vn 0.0000 1.0000 0.0000
vn 0.0000 1.0000 0.0000
vn 0.0000 1.0000 0.0000
vn 0.0000 1.0000 0.0000
vn 0.0000 1.0000 0.0000
vn 0.0000 1.0000 0.0000
vn 0.0000 1.0000 0.0000
vn 0.0000 1.0000 0.0000
vn 0.0000 1.0000 0.0000
vn 0.0000 1.0000 0.0000
vn 0.0000 1.0000 0.0000
vn 0.0000 1.0000 0.0000
vn 0.0000 1.0000 0.0000
vn 0.0000 1.0000 0.0000
vn 0.0000 1.0000 0.0000
vn 0.0000 1.0000 0.0000
vn 0.0000 1.0000 0.0000
vn 0.0000 1.0000 0.0000
vn 0.0000 1.0000 0.0000
vn 0.0000 1.0000 0.0000
vn 0.0000 1.0000 0.0000
vn 0.0000 1.0000 0.0000
vn 0.0000 1.0000 0.0000
vn 0.0000 1.0000 0.0000
vn 0.0000 1.0000 0.0000
vn 0.0000 1.0000 0.0000
vn 0.0000 1.0000 0.0000
vn 0.0000 1.0000 0.0000
vn 0.0000 1.0000 0.0000
vn 0.0000 1.0000 0.0000
vn 0.0000 1.0000 0.0000
vn 0.0000 1.0000 0.0000
vn 0.0000 1.0000 0.0000
vn 0.0000 1.0000 0.0000
vn 0.0000 1.0000 0.0000
vn 0.0000 1.0000 0.0000
vn 0.0000 1.0000 0.0000
vn 0.0000 1.0000 0.0000
vn 0.0000 1.0000 0.0000
vn 0.0000 1.0000 0.0000
vn 0.0000 1.0000 0.0000
vn 0.0000 1.0000 0.0000
vn 0.0000 1.0000 0.0000
vn 0.0000 1.0000 0.0000
vn 0.0000 1.0000 0.0000
vn 0.0000 1.0000 0.0000
vn 0.0000 1.0000 0.0000
vn 0.0000 1.0000 0.0000
vn 0.0000 1.0000 0.0000
vn 0.0000 1.0000 0.0000
vn 0.0000 1.0000 0.0000
vn 0.0000 1.0000 0.0000
vn 0.0000 1.0000 0.0000
vn 0.0000 1.0000 0.0000
vn 0.0000 1.0000 0.0000
vn 0.0000 1.0000 0.0000
vn 0.0000 1.0000 0.0000
vn 0.0000 1.0000 0.0000
vn 0.0000 1.0000 0.0000
vn 0.0000 1.0000 0.0000
vn 0.0000 1.0000 0.0000
vn 0.0000 1.0000 0.0000
vn 0.0000 1.0000 0.0000
vn 0.0000 1.0000 0.0000
vn 0.0000 1.0000 0.0000
vn 0.0000 1.0000 0.0000
vn 0.0000 1.0000 0.0000
vn 0.0000 1.0000 0.0000
vn 0.0000 1.0000 0.0000
vn 0.0000 1.0000 0.0000
vn 0.0000 1.0000 0.0000
vn 0.0000 1.0000 0.0000
vn 0.0000 1.0000 0.0000
vn 0.0000 1.0000 0.0000
vn 0.0000 1.0000 0.0000
vn 0.0000 1.0000 0.0000
vn 0.0000 1.0000 0.0000
vn 0.0000 1.0000 0.0000
vn 0.0000 1.0000 0.0000
vn 0.0000 1.0000 0.0000
vn 0.0000 1.0000 0.0000
vn 0.0000 1.0000 0.0000
vn 0.0000 1.0000 0.0000
vn 0.0000 1.0000 0.0000
vn 0.0000 1.0000 0.0000
vn 0.0000 1.0000 0.0000
vn 0.0000 1.0000 0.0000
vn 0.0000 1.0000 0.0000
vn 0.0000 1.0000 0.0000
vn 0.0000 1.0000 0.0000
vn 0.0000 1.0000 0.0000
vn 0.0000 1.0000 0.0000
vn 0.0000 1.0000 0.0000
vn 0.0000 1.0000 0.0000
vn 0.0000 1.0000 0.0000
vn 0.0000 1.0000 0.0000
vn 0.0000 1.0000 0.0000
vn 0.0000 1.0000 0.0000
vn 0.0000 1.0000 0.0000
vn 0.0000 1.0000 0.0000
vn 0.0000 1.0000 0.0000
vn 0.0000 1.0000 0.0000
vn 0.0000 1.0000 0.0000
vn 0.0000 1.0000 0.0000
vn 0.0000 1.0000 0.0000
vn 0.0000 1.0000 0.0000
vn 0.0000 1.0000 0.0000
vn 0.0000 1.0000 0.0000
vn 0.0000 1.0000 0.0000
vn 0.0000 1.0000 0.0000
vn 0.0000 1.0000 0.0000
vn 0.0000 1.0000 0.0000
vn 0.0000 1.0000 0.0000
vn 0.0000 1.0000 0.0000
vn 0.0000 1.0000 0.0000
vn 0.0000 1.0000 0.0000
vn 0.0000 1.0000 0.0000
vn 0.0000 1.0000 0.0000
vn 0.0000 1.0000 0.0000
vn 0.0000 1.0000 0.0000
vn 0.0000 1.0000 0.0000
vn 0.0000 1.0000 0.0000
vn 0.0000 1.0000 0.0000
vn 0.0000 1.0000 0.0000
vn 0.0000 1.0000 0.0000
vn 0.0000 1.0000 0.0000
vn 0.0000 1.0000 0.0000
vn 0.0000 1.0000 0.0000
vn 0.0000 1.0000 0.0000
vn 0.0000 1.0000 0.0000
vn 0.0000 1.0000 0.0000
vn 0.0000 1.0000 0.0000
vn 0.0000 1.0000 0.0000
vn 0.0000 1.0000 0.0000
vn 0.0000 1.0000 0.0000
vn 0.0000 1.0000 0.0000
vn 0.0000 1.0000 0.0000
vn 0.0000 1.0000 0.0000
vn 0.0000 1.0000 0.0000
vn 0.0000 1.0000 0.0000
vn 0.0000 1.0000 0.0000
vn 0.0000 1.0000 0.0000
vn 0.0000 1.0000 0.0000
vn 0.0000 1.0000 0.0000
vn 0.0000 1.0000 0.0000
vn 0.0000 1.0000 0.0000
vn 0.0000 1.0000 0.0000
vn 0.0000 1.0000 0.0000
vn 0.0000 1.0000 0.0000
vn 0.0000 1.0000 0.0000
vn 0.0000 1.0000 0.0000
vn 0.0000 1.0000 0.0000
vn 0.0000 1.0000 0.0000
vn 0.0000 1.0000 0.0000
vn 0.0000 1.0000 0.0000
vn 0.0000 1.0000 0.0000
vn 0.0000 1.0000 0.0000
vn 0.0000 1.0000 0.0000
vn 0.0000 1.0000 0.0000
vn 0.0000 1.0000 0.0000
vn 0.0000 1.0000 0.0000
vn 0.0000 1.0000 0.0000
vn 0.0000 1.0000 0.0000
vn 0.0000 1.0000 0.0000
vn 0.0000 1.0000 0.0000
vn 0.0000 1.0000 0.0000
vn 0.0000 1.0000 0.0000
vn 0.0000 1.0000 0.0000
vn 0.0000 1.0000 0.0000
vn 0.0000 1.0000 0.0000
vn 0.0000 1.0000 0.0000
vn 0.0000 1.0000 0.0000
vn 0.0000 1.0000 0.0000
vn 0.0000 1.0000 0.0000
vn 0.0000 1.0000 0.0000
vn 0.0000 1.0000 0.0000
vn 0.0000 1.0000 0.0000
vn 0.0000 1.0000 0.0000
vn 0.0000 1.0000 0.0000
vn 0.0000 1.0000 0.0000
vn 0.0000 1.0000 0.0000
vn 0.0000 1.0000 0.0000
vn 0.0000 1.0000 0.0000
vn 0.0000 1.0000 0.0000
vn 0.0000 1.0000 0.0000
vn 0.0000 1.0000 0.0000
vn 0.0000 1.0000 0.0000
vn 0.0000 1.0000 0.0000
vn 0.0000 1.0000 0.0000
vn 0.0000 1.0000 0.0000
vn 0.0000 1.0000 0.0000
vn 0.0000 1.0000 0.0000
vn 0.0000 1.0000 0.0000
vn 0.0000 1.0000 0.0000
vn 0.0000 1.0000 0.0000
vn 0.0000 1.0000 0.0000
vn 0.0000 1.0000 0.0000
vn 0.0000 1.0000 0.0000
vn 0.0000 1.0000 0.0000
vn 0.0000 1.0000 0.0000
vn 0.0000 1.0000 0.0000
vn 0.0000 1.0000 0.0000
vn 0.0000 1.0000 0.0000
vn 0.0000 1.0000 0.0000
vn 0.0000 1.0000 0.0000
vn 0.0000 1.0000 0.0000
vn 0.0000 1.0000 0.0000
vn 0.0000 1.0000 0.0000
vn 0.0000 1.0000 0.0000
vn 0.0000 1.0000 0.0000
vn 0.0000 1.0000 0.0000
vn 0.0000 1.0000 0.0000
vn 0.0000 1.0000 0.0000
vn 0.0000 1.0000 0.0000
vn 0.0000 1.0000 0.0000
vn 0.0000 1.0000 0.0000
vn 0.0000 1.0000 0.0000
vn 0.0000 1.0000 0.0000
vn 0.0000 1.0000 0.0000
vn 0.0000 1.0000 0.0000
vn 0.0000 1.0000 0.0000
vn 0.0000 1.0000 0.0000
vn 0.0000 1.0000 0.0000
vn 0.0000 1.0000 0.0000
vn 0.0000 1.0000 0.0000
vn 0.0000 1.0000 0.0000
vn 0.0000 1.0000 0.0000
vn 0.0000 1.0000 0.0000
vn 0.0000 1.0000 0.0000
vn 0.0000 1.0000 0.0000
vn 0.0000 1.0000 0.0000
vn 0.0000 1.0000 0.0000
vn 0.0000 1.0000 0.0000
vn 0.0000 1.0000 0.0000
vn 0.0000 1.0000 0.0000
vn 0.0000 1.0000 0.0000
vn 0.0000 1.0000 0.0000
vn 0.0000 1.0000 0.0000
vn 0.0000 1.0000 0.0000
vn 0.0000 1.0000 0.0000
vn 0.0000 1.0000 0.0000
vn 0.0000 1.0000 0.0000
vn 0.0000 1.0000 0.0000
vn 0.0000 1.0000 0.0000
vn 0.0000 1.0000 0.0000
vn 0.0000 1.0000 0.0000
vn 0.0000 1.0000 0.0000
vn 0.0000 1.0000 0.0000
vn 0.0000 1.0000 0.0000
vn 0.0000 1.0000 0.0000
vn 0.0000 1.0000 0.0000
vn 0.0000 1.0000 0.0000
vn 0.0000 1.0000 0.0000
vn 0.0000 1.0000 0.0000
vn 0.0000 1.0000 0.0000
vn 0.0000 1.0000 0.0000
vn 0.0000 1.0000 0.0000
vn 0.0000 1.0000 0.0000
vn 0.0000 1.0000 0.0000
vn 0.0000 1.0000 0.0000
vn 0.0000 1.0000 0.0000
vn 0.0000 1.0000 0.0000
vn 0.0000 1.0000 0.0000
vn 0.0000 1.0000 0.0000
vn 0.0000 1.0000 0.0000
vn 0.0000 1.0000 0.0000
vn 0.0000 1.0000 0.0000
vn 0.0000 1.0000 0.0000
vn 0.0000 1.0000 0.0000
vn 0.0000 1.0000 0.0000
vn 0.0000 1.0000 0.0000
vn 0.0000 1.0000 0.0000
vn 0.0000 1.0000 0.0000
vn 0.0000 1.0000 0.0000
vn 0.0000 1.0000 0.0000
vn 0.0000 1.0000 0.0000
vn 0.0000 1.0000 0.0000
vn 0.0000 1.0000 0.0000
vn 0.0000 1.0000 0.0000
vn 0.0000 1.0000 0.0000
vn 0.0000 1.0000 0.0000
vn 0.0000 1.0000 0.0000
vn 0.0000 1.0000 0.0000
vn 0.0000 1.0000 0.0000
vn 0.0000 1.0000 0.0000
vn 0.0000 1.0000 0.0000
vn 0.0000 1.0000 0.0000
vn 0.0000 1.0000 0.0000
vn 0.0000 1.0000 0.0000
vn 0.0000 1.0000 0.0000
vn 0.0000 1.0000 0.0000
vn 0.0000 1.0000 0.0000
vn 0.0000 1.0000 0.0000
vn 0.0000 1.0000 0.0000
vn 0.0000 1.0000 0.0000
vn 0.0000 1.0000 0.0000
vn 0.0000 1.0000 0.0000
vn 0.0000 1.0000 0.0000
vn 0.0000 1.0000 0.0000
vn 0.0000 1.0000 0.0000
vn 0.0000 1.0000 0.0000
vn 0.0000 1.0000 0.0000
vn 0.0000 1.0000 0.0000
vn 0.0000 1.0000 0.0000
vn 0.0000 1.0000 0.0000
vn 0.0000 1.0000 0.0000
vn 0.0000 1.0000 0.0000
vn 0.0000 1.0000 0.0000
vn 0.0000 1.0000 0.0000
vn 0.0000 1.0000 0.0000
vn 0.0000 1.0000 0.0000
vn 0.0000 1.0000 0.0000
vn 0.0000 1.0000 0.0000
vn 0.0000 1.0000 0.0000
vn 0.0000 1.0000 0.0000
vn 0.0000 1.0000 0.0000
vn 0.0000 1.0000 0.0000
vn 0.0000 1.0000 0.0000
vn 0.0000 1.0000 0.0000
vn 0.0000 1.0000 0.0000
vn 0.0000 1.0000 0.0000
vn 0.0000 1.0000 0.0000
vn 0.0000 1.0000 0.0000
vn 0.0000 1.0000 0.0000
vn 0.0000 1.0000 0.0000
vn 0.0000 1.0000 0.0000
vn 0.0000 1.0000 0.0000
vn 0.0000 1.0000 0.0000
vn 0.0000 1.0000 0.0000
vn 0.0000 1.0000 0.0000
vn 0.0000 1.0000 0.0000
vn 0.0000 1.0000 0.0000
vn 0.0000 1.0000 0.0000
vn 0.0000 1.0000 0.0000
vn 0.0000 1.0000 0.0000
vn 0.0000 1.0000 0.0000
vn 0.0000 1.0000 0.0000
vn 0.0000 1.0000 0.0000
vn 0.0000 1.0000 0.0000
vn 0.0000 1.0000 0.0000
vn 0.0000 1.0000 0.0000
vn 0.0000 1.0000 0.0000
vn 0.0000 1.0000 0.0000
vn 0.0000 1.0000 0.0000
vn 0.0000 1.0000 0.0000
vn 0.0000 1.0000 0.0000
vn 0.0000 1.0000 0.0000
vn 0.0000 1.0000 0.0000
vn 0.0000 1.0000 0.0000
vn 0.0000 1.0000 0.0000
vn 0.0000 1.0000 0.0000
vn 0.0000 1.0000 0.0000
vn 0.0000 1.0000 0.0000
vn 0.0000 1.0000 0.0000
vn 0.0000 1.0000 0.0000
vn 0.0000 1.0000 0.0000
vn 0.0000 1.0000 0.0000
vn 0.0000 1.0000 0.0000
vn 0.0000 1.0000 0.0000
vn 0.0000 1.0000 0.0000
vn 0.0000 1.0000 0.0000
vn 0.0000 1.0000 0.0000
vn 0.0000 1.0000 0.0000
vn 0.0000 1.0000 0.0000
vn 0.0000 1.0000 0.0000
vn 0.0000 1.0000 0.0000
vn 0.0000 1.0000 0.0000
vn 0.0000 1.0000 0.0000
vn 0.0000 1.0000 0.0000
vn 0.0000 1.0000 0.0000
vn 0.0000 1.0000 0.0000
vn 0.0000 1.0000 0.0000
vn 0.0000 1.0000 0.0000
vn 0.0000 1.0000 0.0000
vn 0.0000 1.0000 0.0000
vn 0.0000 1.0000 0.0000
vn 0.0000 1.0000 0.0000
vn 0.0000 1.0000 0.0000
vn 0.0000 1.0000 0.0000
vn 0.0000 1.0000 0.0000
vn 0.0000 1.0000 0.0000
vn 0.0000 1.0000 0.0000
vn 0.0000 1.0000 0.0000
vn 0.0000 1.0000 0.0000
vn 0.0000 1.0000 0.0000
vn 0.0000 1.0000 0.0000
vn 0.0000 1.0000 0.0000
vn 0.0000 1.0000 0.0000
vn 0.0000 1.0000 0.0000
vn 0.0000 1.0000 0.0000
vn 0.0000 1.0000 0.0000
vn 0.0000 1.0000 0.0000
vn 0.0000 1.0000 0.0000
vn 0.0000 1.0000 0.0000
vn 0.0000 1.0000 0.0000
vn 0.0000 1.0000 0.0000
vn 0.0000 1.0000 0.0000
vn 0.0000 1.0000 0.0000
vn 0.0000 1.0000 0.0000
vn 0.0000 1.0000 0.0000
vn 0.0000 1.0000 0.0000
vn 0.0000 1.0000 0.0000
vn 0.0000 1.0000 0.0000
vn 0.0000 1.0000 0.0000
vn 0.0000 1.0000 0.0000
vn 0.0000 1.0000 0.0000
vn 0.0000 1.0000 0.0000
vn 0.0000 1.0000 0.0000
vn 0.0000 1.0000 0.0000
vn 0.0000 1.0000 0.0000
vn 0.0000 1.0000 0.0000
vn 0.0000 1.0000 0.0000
vn 0.0000 1.0000 0.0000
vn 0.0000 1.0000 0.0000
vn 0.0000 1.0000 0.0000
vn 0.0000 1.0000 0.0000
vn 0.0000 1.0000 0.0000
vn 0.0000 1.0000 0.0000
vn 0.0000 1.0000 0.0000
vn 0.0000 1.0000 0.0000
vn 0.0000 1.0000 0.0000
vn 0.0000 1.0000 0.0000
vn 0.0000 1.0000 0.0000
vn 0.0000 1.0000 0.0000
vn 0.0000 1.0000 0.0000
vn 0.0000 1.0000 0.0000
vn 0.0000 1.0000 0.0000
vn 0.0000 1.0000 0.0000
vn 0.0000 1.0000 0.0000
vn 0.0000 1.0000 0.0000
vn 0.0000 1.0000 0.0000
vn 0.0000 1.0000 0.0000
vn 0.0000 1.0000 0.0000
vn 0.0000 1.0000 0.0000
vn 0.0000 1.0000 0.0000
vn 0.0000 1.0000 0.0000
vn 0.0000 1.0000 0.0000
vn 0.0000 1.0000 0.0000
vn 0.0000 1.0000 0.0000
vn 0.0000 1.0000 0.0000
vn 0.0000 1.0000 0.0000
vn 0.0000 1.0000 0.0000
vn 0.0000 1.0000 0.0000
vn 0.0000 1.0000 0.0000
vn 0.0000 1.0000 0.0000
vn 0.0000 1.0000 0.0000
vn 0.0000 1.0000 0.0000
vn 0.0000 1.0000 0.0000
vn 0.0000 1.0000 0.0000
vn 0.0000 1.0000 0.0000
vn 0.0000 1.0000 0.0000
vn 0.0000 1.0000 0.0000
vn 0.0000 1.0000 0.0000
vn 0.0000 1.0000 0.0000
vn 0.0000 1.0000 0.0000
vn 0.0000 1.0000 0.0000
vn 0.0000 1.0000 0.0000
vn 0.0000 1.0000 0.0000
vn 0.0000 1.0000 0.0000
vn 0.0000 1.0000 0.0000
vn 0.0000 1.0000 0.0000
vn 0.0000 1.0000 0.0000
vn 0.0000 1.0000 0.0000
vn 0.0000 1.0000 0.0000
vn 0.0000 1.0000 0.0000
vn 0.0000 1.0000 0.0000
vn 0.0000 1.0000 0.0000
vn 0.0000 1.0000 0.0000
vn 0.0000 1.0000 0.0000
vn 0.0000 1.0000 0.0000
vn 0.0000 1.0000 0.0000
vn 0.0000 1.0000 0.0000
vn 0.0000 1.0000 0.0000
vn 0.0000 1.0000 0.0000
vn 0.0000 1.0000 0.0000
vn 0.0000 1.0000 0.0000
vn 0.0000 1.0000 0.0000
vn 0.0000 1.0000 0.0000
vn 0.0000 1.0000 0.0000
vn 0.0000 1.0000 0.0000
vn 0.0000 1.0000 0.0000
vn 0.0000 1.0000 0.0000
vn 0.0000 1.0000 0.0000
vn 0.0000 1.0000 0.0000
vn 0.0000 1.0000 0.0000
vn 0.0000 1.0000 0.0000
vn 0.0000 1.0000 0.0000
vn 0.0000 1.0000 0.0000
vn 0.0000 1.0000 0.0000
vn 0.0000 1.0000 0.0000
vn 0.0000 1.0000 0.0000
vn 0.0000 1.0000 0.0000
vn 0.0000 1.0000 0.0000
vn 0.0000 1.0000 0.0000
vn 0.0000 1.0000 0.0000
vn 0.0000 1.0000 0.0000
vn 0.0000 1.0000 0.0000
vn 0.0000 1.0000 0.0000
vn 0.0000 1.0000 0.0000
vn 0.0000 1.0000 0.0000
vn 0.0000 1.0000 0.0000
vn 0.0000 1.0000 0.0000
vn 0.0000 1.0000 0.0000
vn 0.0000 1.0000 0.0000
vn 0.0000 1.0000 0.0000
vn 0.0000 1.0000 0.0000
vn 0.0000 1.0000 0.0000
vn 0.0000 1.0000 0.0000
vn 0.0000 1.0000 0.0000
vn 0.0000 1.0000 0.0000
vn 0.0000 1.0000 0.0000
vn 0.0000 1.0000 0.0000
vn 0.0000 1.0000 0.0000
vn 0.0000 1.0000 0.0000
vn 0.0000 1.0000 0.0000
vn 0.0000 1.0000 0.0000
vn 0.0000 1.0000 0.0000
vn 0.0000 1.0000 0.0000
vn 0.0000 1.0000 0.0000
vn 0.0000 1.0000 0.0000
vn 0.0000 1.0000 0.0000
vn 0.0000 1.0000 0.0000
vn 0.0000 1.0000 0.0000
vn 0.0000 1.0000 0.0000
vn 0.0000 1.0000 0.0000
vn 0.0000 1.0000 0.0000
vn 0.0000 1.0000 0.0000
vn 0.0000 1.0000 0.0000
vn 0.0000 1.0000 0.0000
vn 0.0000 1.0000 0.0000
vn 0.0000 1.0000 0.0000
vn 0.0000 1.0000 0.0000
vn 0.0000 1.0000 0.0000
vn 0.0000 1.0000 0.0000
vn 0.0000 1.0000 0.0000
vn 0.0000 1.0000 0.0000
vn 0.0000 1.0000 0.0000
vn 0.0000 1.0000 0.0000
vn 0.0000 1.0000 0.0000
vn 0.0000 1.0000 0.0000
vn 0.0000 1.0000 0.0000
vn 0.0000 1.0000 0.0000
vn 0.0000 1.0000 0.0000
vn 0.0000 1.0000 0.0000
vn 0.0000 1.0000 0.0000
vn 0.0000 1.0000 0.0000
vn 0.0000 1.0000 0.0000
vn 0.0000 1.0000 0.0000
vn 0.0000 1.0000 0.0000
vn 0.0000 1.0000 0.0000
vn 0.0000 1.0000 0.0000
vn 0.0000 1.0000 0.0000
vn 0.0000 1.0000 0.0000
vn 0.0000 1.0000 0.0000
vn 0.0000 1.0000 0.0000
vn 0.0000 1.0000 0.0000
vn 0.0000 1.0000 0.0000
vn 0.0000 1.0000 0.0000
vn 0.0000 1.0000 0.0000
vn 0.0000 1.0000 0.0000
vn 0.0000 1.0000 0.0000
vn 0.0000 1.0000 0.0000
vn 0.0000 1.0000 0.0000
vn 0.0000 1.0000 0.0000
vn 0.0000 1.0000 0.0000
vn 0.0000 1.0000 0.0000
vn 0.0000 1.0000 0.0000
vn 0.0000 1.0000 0.0000
vn 0.0000 1.0000 0.0000
vn 0.0000 1.0000 0.0000
vn 0.0000 1.0000 0.0000
vn 0.0000 1.0000 0.0000
vn 0.0000 1.0000 0.0000
vn 0.0000 1.0000 0.0000
vn 0.0000 1.0000 0.0000
vn 0.0000 1.0000 0.0000
vn 0.0000 1.0000 0.0000
vn 0.0000 1.0000 0.0000
vn 0.0000 1.0000 0.0000
vn 0.0000 1.0000 0.0000
vn 0.0000 1.0000 0.0000
vn 0.0000 1.0000 0.0000
vn 0.0000 1.0000 0.0000
vn 0.0000 1.0000 0.0000
vn 0.0000 1.0000 0.0000
vn 0.0000 1.0000 0.0000
vn 0.0000 1.0000 0.0000
vn 0.0000 1.0000 0.0000
vn 0.0000 1.0000 0.0000
vn 0.0000 1.0000 0.0000
vn 0.0000 1.0000 0.0000
vn 0.0000 1.0000 0.0000
vn 0.0000 1.0000 0.0000
vn 0.0000 1.0000 0.0000
vn 0.0000 1.0000 0.0000
vn 0.0000 1.0000 0.0000
vn 0.0000 1.0000 0.0000
vn 0.0000 1.0000 0.0000
vn 0.0000 1.0000 0.0000
vn 0.0000 1.0000 0.0000
vn 0.0000 1.0000 0.0000
vn 0.0000 1.0000 0.0000
vn 0.0000 1.0000 0.0000
vn 0.0000 1.0000 0.0000
vn 0.0000 1.0000 0.0000
vn 0.0000 1.0000 0.0000
vn 0.0000 1.0000 0.0000
vn 0.0000 1.0000 0.0000
vn 0.0000 1.0000 0.0000
vn 0.0000 1.0000 0.0000
vn 0.0000 1.0000 0.0000
vn 0.0000 1.0000 0.0000
vn 0.0000 1.0000 0.0000
vn 0.0000 1.0000 0.0000
vn 0.0000 1.0000 0.0000
vn 0.0000 1.0000 0.0000
vn 0.0000 1.0000 0.0000
vn 0.0000 1.0000 0.0000
vn 0.0000 1.0000 0.0000
vn 0.0000 1.0000 0.0000
vn 0.0000 1.0000 0.0000
vn 0.0000 1.0000 0.0000
vn 0.0000 1.0000 0.0000
vn 0.0000 1.0000 0.0000
vn 0.0000 1.0000 0.0000
vn 0.0000 1.0000 0.0000
vn 0.0000 1.0000 0.0000
vn 0.0000 1.0000 0.0000
vn 0.0000 1.0000 0.0000
vn 0.0000 1.0000 0.0000
vn 0.0000 1.0000 0.0000
vn 0.0000 1.0000 0.0000
vn 0.0000 1.0000 0.0000
vn 0.0000 1.0000 0.0000
vn 0.0000 1.0000 0.0000
vn 0.0000 1.0000 0.0000
vn 0.0000 1.0000 0.0000
vn 0.0000 1.0000 0.0000
vn 0.0000 1.0000 0.0000
vn 0.0000 1.0000 0.0000
vn 0.0000 1.0000 0.0000
vn 0.0000 1.0000 0.0000
vn 0.0000 1.0000 0.0000
vn 0.0000 1.0000 0.0000
vn 0.0000 1.0000 0.0000
vn 0.0000 1.0000 0.0000
vn 0.0000 1.0000 0.0000
vn 0.0000 1.0000 0.0000
vn 0.0000 1.0000 0.0000
vn 0.0000 1.0000 0.0000
vn 0.0000 1.0000 0.0000
vn 0.0000 1.0000 0.0000
vn 0.0000 1.0000 0.0000
vn 0.0000 1.0000 0.0000
vn 0.0000 1.0000 0.0000
vn 0.0000 1.0000 0.0000
vn 0.0000 1.0000 0.0000
vn 0.0000 1.0000 0.0000
vn 0.0000 1.0000 0.0000
vn 0.0000 1.0000 0.0000
vn 0.0000 1.0000 0.0000
vn 0.0000 1.0000 0.0000
vn 0.0000 1.0000 0.0000
vn 0.0000 1.0000 0.0000
vn 0.0000 1.0000 0.0000
vn 0.0000 1.0000 0.0000
vn 0.0000 1.0000 0.0000
vn 0.0000 1.0000 0.0000
vn 0.0000 1.0000 0.0000
vn 0.0000 1.0000 0.0000
vn 0.0000 1.0000 0.0000
vn 0.0000 1.0000 0.0000
vn 0.0000 1.0000 0.0000
vn 0.0000 1.0000 0.0000
vn 0.0000 1.0000 0.0000
vn 0.0000 1.0000 0.0000
vn 0.0000 1.0000 0.0000
vn 0.0000 1.0000 0.0000
vn 0.0000 1.0000 0.0000
vn 0.0000 1.0000 0.0000
vn 0.0000 1.0000 0.0000
vn 0.0000 1.0000 0.0000
vn 0.0000 1.0000 0.0000
vn 0.0000 1.0000 0.0000
vn 0.0000 1.0000 0.0000
vn 0.0000 1.0000 0.0000
vn 0.0000 1.0000 0.0000
vn 0.0000 1.0000 0.0000
vn 0.0000 1.0000 0.0000
vn 0.0000 1.0000 0.0000
vn 0.0000 1.0000 0.0000
vn 0.0000 1.0000 0.0000
vn 0.0000 1.0000 0.0000
vn 0.0000 1.0000 0.0000
vn 0.0000 1.0000 0.0000
vn 0.0000 1.0000 0.0000
vn 0.0000 1.0000 0.0000
vn 0.0000 1.0000 0.0000
vn 0.0000 1.0000 0.0000
vn 0.0000 1.0000 0.0000
vn 0.0000 1.0000 0.0000
vn 0.0000 1.0000 0.0000
vn 0.0000 1.0000 0.0000
vn 0.0000 1.0000 0.0000
vn 0.0000 1.0000 0.0000
vn 0.0000 1.0000 0.0000
vn 0.0000 1.0000 0.0000
vn 0.0000 1.0000 0.0000
vn 0.0000 1.0000 0.0000
vn 0.0000 1.0000 0.0000
vn 0.0000 1.0000 0.0000
vn 0.0000 1.0000 0.0000
vn 0.0000 1.0000 0.0000
vn 0.0000 1.0000 0.0000
vn 0.0000 1.0000 0.0000
vn 0.0000 1.0000 0.0000
vn 0.0000 1.0000 0.0000
vn 0.0000 1.0000 0.0000
vn 0.0000 1.0000 0.0000
vn 0.0000 1.0000 0.0000
vn 0.0000 1.0000 0.0000
vn 0.0000 1.0000 0.0000
vn 0.0000 1.0000 0.0000
vn 0.0000 1.0000 0.0000
vn 0.0000 1.0000 0.0000
vn 0.0000 1.0000 0.0000
vn 0.0000 1.0000 0.0000
vn 0.0000 1.0000 0.0000
vn 0.0000 1.0000 0.0000
vn 0.0000 1.0000 0.0000
vn 0.0000 1.0000 0.0000
vn 0.0000 1.0000 0.0000
vn 0.0000 1.0000 0.0000
vn 0.0000 1.0000 0.0000
vn 0.0000 1.0000 0.0000
vn 0.0000 1.0000 0.0000
vn 0.0000 1.0000 0.0000
vn 0.0000 1.0000 0.0000
vn 0.0000 1.0000 0.0000
vn 0.0000 1.0000 0.0000
vn 0.0000 1.0000 0.0000
vn 0.0000 1.0000 0.0000
vn 0.0000 1.0000 0.0000
vn 0.0000 1.0000 0.0000
vn 0.0000 1.0000 0.0000
vn 0.0000 1.0000 0.0000
vn 0.0000 1.0000 0.0000
vn 0.0000 1.0000 0.0000
vn 0.0000 1.0000 0.0000
vn 0.0000 1.0000 0.0000
vn 0.0000 1.0000 0.0000
vn 0.0000 1.0000 0.0000
vn 0.0000 1.0000 0.0000
vn 0.0000 1.0000 0.0000
vn 0.0000 1.0000 0.0000
vn 0.0000 1.0000 0.0000
f 1 2 3
f 4 5 6
f 7 8 9
f 10 11 12
f 13 14 15
f 16 17 18
f 19 20 21
f 22 23 24
f 25 26 27
f 28 29 30
f 31 32 33
f 34 35 36
f 37 38 39
f 40 41 42
f 43 44 45
f 46 47 48
f 49 50 51
f 52 53 54
f 55 56 57
f 58 59 60
f 61 62 63
f 64 65 66
f 67 68 69
f 70 71 72
f 73 74 75
f 76 77 78
f 79 80 81
f 82 83 84
f 85 86 87
f 88 89 90
f 91 92 93
f 94 95 96
f 97 98 99
f 100 101 102
f 103 104 105
f 106 107 108
f 109 110 111
f 112 113 114
f 115 116 117
f 118 119 120
f 121 122 123
f 124 125 126
f 127 128 129
f 130 131 132
f 133 134 135
f 136 137 138
f 139 140 141
f 142 143 144
f 145 146 147
f 148 149 150
f 151 152 153
f 154 155 156
f 157 158 159
f 160 161 162
f 163 164 165
f 166 167 168
f 169 170 171
f 172 173 174
f 175 176 177
f 178 179 180
f 181 182 183
f 184 185 186
f 187 188 189
f 190 191 192
f 193 194 195
f 196 197 198
f 199 200 201
f 202 203 204
f 205 206 207
f 208 209 210
f 211 212 213
f 214 215 216
f 217 218 219
f 220 221 222
f 223 224 225
f 226 227 228
f 229 230 231
f 232 233 234
f 235 236 237
f 238 239 240
f 241 242 243
f 244 245 246
f 247 248 249
f 250 251 252
f 253 254 255
f 256 257 258
f 259 260 261
f 262 263 264
f 265 266 267
f 268 269 270
f 271 272 273
f 274 275 276
f 277 278 279
f 280 281 282
f 283 284 285
f 286 287 288
f 289 290 291
f 292 293 294
f 295 296 297
f 298 299 300
f 301 302 303
f 304 305 306
f 307 308 309
f 310 311 312
f 313 314 315
f 316 317 318
f 319 320 321
f 322 323 324
f 325 326 327
f 328 329 330
f 331 332 333
f 334 335 336
f 337 338 339
f 340 341 342
f 343 344 345
f 346 347 348
f 349 350 351
f 352 353 354
f 355 356 357
f 358 359 360
f 361 362 363
f 364 365 366
f 367 368 369
f 370 371 372
f 373 374 375
f 376 377 378
f 379 380 381
f 382 383 384
f 385 386 387
f 388 389 390
f 391 392 393
f 394 395 396
f 397 398 399
f 400 401 402
f 403 404 405
f 406 407 408
f 409 410 411
f 412 413 414
f 415 416 417
f 418 419 420
f 421 422 423
f 424 425 426
f 427 428 429
f 430 431 432
f 433 434 435
f 436 437 438
f 439 440 441
f 442 443 444
f 445 446 447
f 448 449 450
f 451 452 453
f 454 455 456
f 457 458 459
f 460 461 462
f 463 464 465
f 466 467 468
f 469 470 471
f 472 473 474
f 475 476 477
f 478 479 480
f 481 482 483
f 484 485 486
f 487 488 489
f 490 491 492
f 493 494 495
f 496 497 498
f 499 500 501
f 502 503 504
f 505 506 507
f 508 509 510
f 511 512 513
f 514 515 516
f 517 518 519
f 520 521 522
f 523 524 525
f 526 527 528
f 529 530 531
f 532 533 534
f 535 536 537
f 538 539 540
f 541 542 543
f 544 545 546
f 547 548 549
f 550 551 552
f 553 554 555
f 556 557 558
f 559 560 561
f 562 563 564
f 565 566 567
f 568 569 570
f 571 572 573
f 574 575 576
f 577 578 579
f 580 581 582
f 583 584 585
f 586 587 588
f 589 590 591
f 592 593 594
f 595 596 597
f 598 599 600
f 601 602 603
f 604 605 606
f 607 608 609
f 610 611 612
f 613 614 615
f 616 617 618
f 619 620 621
f 622 623 624
f 625 626 627
f 628 629 630
f 631 632 633
f 634 635 636
f 637 638 639
f 640 641 642
f 643 644 645
f 646 647 648
f 649 650 651
f 652 653 654
f 655 656 657
f 658 659 660
f 661 662 663
f 664 665 666
f 667 668 669
f 670 671 672
f 673 674 675
f 676 677 678
f 679 680 681
f 682 683 684
f 685 686 687
f 688 689 690
f 691 692 693
f 694 695 696
f 697 698 699
f 700 701 702
f 703 704 705
f 706 707 708
f 709 710 711
f 712 713 714
f 715 716 717
f 718 719 720
f 721 722 723
f 724 725 726
f 727 728 729
f 730 731 732
f 733 734 735
f 736 737 738
f 739 740 741
f 742 743 744
f 745 746 747
f 748 749 750
f 751 752 753
f 754 755 756
f 757 758 759
f 760 761 762
f 763 764 765
f 766 767 768
f 769 770 771
f 772 773 774
f 775 776 777
f 778 779 780
f 781 782 783
f 784 785 786
f 787 788 789
f 790 791 792
f 793 794 795
f 796 797 798
f 799 800 801
f 802 803 804
f 805 806 807
f 808 809 810
f 811 812 813
f 814 815 816
f 817 818 819
f 820 821 822
f 823 824 825
f 826 827 828
f 829 830 831
f 832 833 834
f 835 836 837
f 838 839 840
f 841 842 843
f 844 845 846
f 847 848 849
f 850 851 852
f 853 854 855
f 856 857 858
f 859 860 861
f 862 863 864
f 865 866 867
f 868 869 870
f 871 872 873
f 874 875 876
f 877 878 879
f 880 881 882
f 883 884 885
f 886 887 888
f 889 890 891
f 892 893 894
f 895 896 897
f 898 899 900
f 901 902 903
f 904 905 906
f 907 908 909
f 910 911 912
f 913 914 915
f 916 917 918
f 919 920 921
f 922 923 924
f 925 926 927
f 928 929 930
f 931 932 933
f 934 935 936
f 937 938 939
f 940 941 942
f 943 944 945
f 946 947 948
f 949 950 951
f 952 953 954
f 955 956 957
f 958 959 960
f 961 962 963
f 964 965 966
f 967 968 969
f 970 971 972
f 973 974 975
f 976 977 978
f 979 980 981
f 982 983 984
f 985 986 987
f 988 989 990
f 991 992 993
f 994 995 996
f 997 998 999
f 1000 1001 1002
f 1003 1004 1005
f 1006 1007 1008
f 1009 1010 1011
f 1012 1013 1014
f 1015 1016 1017
f 1018 1019 1020
f 1021 1022 1023
f 1024 1025 1026
f 1027 1028 1029
f 1030 1031 1032
f 1033 1034 1035
f 1036 1037 1038
f 1039 1040 1041
f 1042 1043 1044
f 1045 1046 1047
f 1048 1049 1050
f 1051 1052 1053
f 1054 1055 1056
f 1057 1058 1059
f 1060 1061 1062
f 1063 1064 1065
f 1066 1067 1068
f 1069 1070 1071
f 1072 1073 1074
f 1075 1076 1077
f 1078 1079 1080
f 1081 1082 1083
f 1084 1085 1086
f 1087 1088 1089
f 1090 1091 1092
f 1093 1094 1095
f 1096 1097 1098
f 1099 1100 1101
f 1102 1103 1104
f 1105 1106 1107
f 1108 1109 1110
f 1111 1112 1113
f 1114 1115 1116
f 1117 1118 1119
f 1120 1121 1122
f 1123 1124 1125
f 1126 1127 1128
f 1129 1130 1131
f 1132 1133 1134
f 1135 1136 1137
f 1138 1139 1140
f 1141 1142 1143
f 1144 1145 1146
f 1147 1148 1149
f 1150 1151 1152
f 1153 1154 1155
f 1156 1157 1158
f 1159 1160 1161
f 1162 1163 1164
f 1165 1166 1167
f 1168 1169 1170
f 1171 1172 1173
f 1174 1175 1176
f 1177 1178 1179
f 1180 1181 1182
f 1183 1184 1185
f 1186 1187 1188
f 1189 1190 1191
f 1192 1193 1194
f 1195 1196 1197
f 1198 1199 1200
f 1201 1202 1203
f 1204 1205 1206
f 1207 1208 1209
f 1210 1211 1212
f 1213 1214 1215
f 1216 1217 1218
f 1219 1220 1221
f 1222 1223 1224
f 1225 1226 1227
f 1228 1229 1230
f 1231 1232 1233
f 1234 1235 1236
f 1237 1238 1239
f 1240 1241 1242
f 1243 1244 1245
f 1246 1247 1248
f 1249 1250 1251
f 1252 1253 1254
f 1255 1256 1257
f 1258 1259 1260
f 1261 1262 1263
f 1264 1265 1266
f 1267 1268 1269
f 1270 1271 1272
f 1273 1274 1275
f 1276 1277 1278
f 1279 1280 1281
f 1282 1283 1284
f 1285 1286 1287
f 1288 1289 1290
f 1291 1292 1293
f 1294 1295 1296
f 1297 1298 1299
f 1300 1301 1302
f 1303 1304 1305
f 1306 1307 1308
f 1309 1310 1311
f 1312 1313 1314
f 1315 1316 1317
f 1318 1319 1320
f 1321 1322 1323
f 1324 1325 1326
f 1327 1328 1329
f 1330 1331 1332
f 1333 1334 1335
f 1336 1337 1338
f 1339 1340 1341
f 1342 1343 1344
f 1345 1346 1347
f 1348 1349 1350
f 1351 1352 1353
f 1354 1355 1356
f 1357 1358 1359
f 1360 1361 1362
f 1363 1364 1365
f 1366 1367 1368
f 1369 1370 1371
f 1372 1373 1374
f 1375 1376 1377
f 1378 1379 1380
f 1381 1382 1383
f 1384 1385 1386
f 1387 1388 1389
f 1390 1391 1392
f 1393 1394 1395
f 1396 1397 1398
f 1399 1400 1401
f 1402 1403 1404
f 1405 1406 1407
f 1408 1409 1410
f 1411 1412 1413
f 1414 1415 1416
f 1417 1418 1419
f 1420 1421 1422
f 1423 1424 1425
f 1426 1427 1428
f 1429 1430 1431
f 1432 1433 1434
f 1435 1436 1437
f 1438 1439 1440
f 1441 1442 1443
f 1444 1445 1446
f 1447 1448 1449
f 1450 1451 1452
f 1453 1454 1455
f 1456 1457 1458
f 1459 1460 1461
f 1462 1463 1464
f 1465 1466 1467
f 1468 1469 1470
f 1471 1472 1473
f 1474 1475 1476
f 1477 1478 1479
f 1480 1481 1482
f 1483 1484 1485
f 1486 1487 1488
f 1489 1490 1491
f 1492 1493 1494
f 1495 1496 1497
f 1498 1499 1500
f 1501 1502 1503
f 1504 1505 1506
f 1507 1508 1509
f 1510 1511 1512
f 1513 1514 1515
f 1516 1517 1518
f 1519 1520 1521
f 1522 1523 1524
f 1525 1526 1527
f 1528 1529 1530
f 1531 1532 1533
f 1534 1535 1536
f 1537 1538 1539
f 1540 1541 1542
f 1543 1544 1545
f 1546 1547 1548
f 1549 1550 1551
f 1552 1553 1554
f 1555 1556 1557
f 1558 1559 1560
f 1561 1562 1563
f 1564 1565 1566
f 1567 1568 1569
f 1570 1571 1572
f 1573 1574 1575
f 1576 1577 1578
f 1579 1580 1581
f 1582 1583 1584
f 1585 1586 1587
f 1588 1589 1590
f 1591 1592 1593
f 1594 1595 1596
f 1597 1598 1599
f 1600 1601 1602
f 1603 1604 1605
f 1606 1607 1608
f 1609 1610 1611
f 1612 1613 1614
f 1615 1616 1617
f 1618 1619 1620
f 1621 1622 1623
f 1624 1625 1626
f 1627 1628 1629
f 1630 1631 1632
f 1633 1634 1635
f 1636 1637 1638
f 1639 1640 1641
f 1642 1643 1644
f 1645 1646 1647
f 1648 1649 1650
f 1651 1652 1653
f 1654 1655 1656
f 1657 1658 1659
f 1660 1661 1662
f 1663 1664 1665
f 1666 1667 1668
f 1669 1670 1671
f 1672 1673 1674
f 1675 1676 1677
f 1678 1679 1680
f 1681 1682 1683
f 1684 1685 1686
f 1687 1688 1689
f 1690 1691 1692
f 1693 1694 1695
f 1696 1697 1698
f 1699 1700 1701
f 1702 1703 1704
f 1705 1706 1707
f 1708 1709 1710
f 1711 1712 1713
f 1714 1715 1716
f 1717 1718 1719
f 1720 1721 1722
f 1723 1724 1725
f 1726 1727 1728
f 1729 1730 1731
f 1732 1733 1734
f 1735 1736 1737
f 1738 1739 1740
f 1741 1742 1743
f 1744 1745 1746
f 1747 1748 1749
f 1750 1751 1752
f 1753 1754 1755
f 1756 1757 1758
f 1759 1760 1761
f 1762 1763 1764
f 1765 1766 1767
f 1768 1769 1770
f 1771 1772 1773
f 1774 1775 1776
f 1777 1778 1779
f 1780 1781 1782
f 1783 1784 1785
f 1786 1787 1788
f 1789 1790 1791
f 1792 1793 1794
f 1795 1796 1797
f 1798 1799 1800
f 1801 1802 1803
f 1804 1805 1806
f 1807 1808 1809
f 1810 1811 1812
f 1813 1814 1815
f 1816 1817 1818
f 1819 1820 1821
f 1822 1823 1824
f 1825 1826 1827
f 1828 1829 1830
f 1831 1832 1833
f 1834 1835 1836
f 1837 1838 1839
f 1840 1841 1842
f 1843 1844 1845
f 1846 1847 1848
f 1849 1850 1851
f 1852 1853 1854
f 1855 1856 1857
f 1858 1859 1860
f 1861 1862 1863
f 1864 1865 1866
f 1867 1868 1869
f 1870 1871 1872
f 1873 1874 1875
f 1876 1877 1878
f 1879 1880 1881
f 1882 1883 1884
f 1885 1886 1887
f 1888 1889 1890
f 1891 1892 1893
f 1894 1895 1896
f 1897 1898 1899
f 1900 1901 1902
f 1903 1904 1905
f 1906 1907 1908
f 1909 1910 1911
f 1912 1913 1914
f 1915 1916 1917
f 1918 1919 1920
f 1921 1922 1923
f 1924 1925 1926
f 1927 1928 1929
f 1930 1931 1932
f 1933 1934 1935
f 1936 1937 1938
f 1939 1940 1941
f 1942 1943 1944
f 1945 1946 1947
f 1948 1949 1950
f 1951 1952 1953
f 1954 1955 1956
f 1957 1958 1959
f 1960 1961 1962
f 1963 1964 1965
f 1966 1967 1968
f 1969 1970 1971
f 1972 1973 1974
f 1975 1976 1977
f 1978 1979 1980
f 1981 1982 1983
f 1984 1985 1986
f 1987 1988 1989
f 1990 1991 1992
f 1993 1994 1995
f 1996 1997 1998
f 1999 2000 2001
f 2002 2003 2004
f 2005 2006 2007
f 2008 2009 2010
f 2011 2012 2013
f 2014 2015 2016
f 2017 2018 2019
f 2020 2021 2022
f 2023 2024 2025
f 2026 2027 2028
f 2029 2030 2031
f 2032 2033 2034
f 2035 2036 2037
f 2038 2039 2040
f 2041 2042 2043
f 2044 2045 2046
f 2047 2048 2049
f 2050 2051 2052
f 2053 2054 2055
f 2056 2057 2058
f 2059 2060 2061
f 2062 2063 2064
f 2065 2066 2067
f 2068 2069 2070
f 2071 2072 2073
f 2074 2075 2076
f 2077 2078 2079
f 2080 2081 2082
f 2083 2084 2085
f 2086 2087 2088
f 2089 2090 2091
f 2092 2093 2094
f 2095 2096 2097
f 2098 2099 2100
f 2101 2102 2103
f 2104 2105 2106
f 2107 2108 2109
f 2110 2111 2112
f 2113 2114 2115
f 2116 2117 2118
f 2119 2120 2121
f 2122 2123 2124
f 2125 2126 2127
f 2128 2129 2130
f 2131 2132 2133
f 2134 2135 2136
f 2137 2138 2139
f 2140 2141 2142
f 2143 2144 2145
f 2146 2147 2148
f 2149 2150 2151
f 2152 2153 2154
f 2155 2156 2157
f 2158 2159 2160
f 2161 2162 2163
f 2164 2165 2166
f 2167 2168 2169
f 2170 2171 2172
f 2173 2174 2175
f 2176 2177 2178
f 2179 2180 2181
f 2182 2183 2184
f 2185 2186 2187
f 2188 2189 2190
f 2191 2192 2193
f 2194 2195 2196
f 2197 2198 2199
f 2200 2201 2202
f 2203 2204 2205
f 2206 2207 2208
f 2209 2210 2211
f 2212 2213 2214
f 2215 2216 2217
f 2218 2219 2220
f 2221 2222 2223
f 2224 2225 2226
f 2227 2228 2229
f 2230 2231 2232
f 2233 2234 2235
f 2236 2237 2238
f 2239 2240 2241
f 2242 2243 2244
f 2245 2246 2247
f 2248 2249 2250
f 2251 2252 2253
f 2254 2255 2256
f 2257 2258 2259
f 2260 2261 2262
f 2263 2264 2265
f 2266 2267 2268
f 2269 2270 2271
f 2272 2273 2274
f 2275 2276 2277
f 2278 2279 2280
f 2281 2282 2283
f 2284 2285 2286
f 2287 2288 2289
f 2290 2291 2292
f 2293 2294 2295
f 2296 2297 2298
f 2299 2300 2301
f 2302 2303 2304
f 2305 2306 2307
f 2308 2309 2310
f 2311 2312 2313
f 2314 2315 2316
f 2317 2318 2319
f 2320 2321 2322
f 2323 2324 2325
f 2326 2327 2328
f 2329 2330 2331
f 2332 2333 2334
f 2335 2336 2337
f 2338 2339 2340
f 2341 2342 2343
f 2344 2345 2346
f 2347 2348 2349
f 2350 2351 2352
f 2353 2354 2355
f 2356 2357 2358
f 2359 2360 2361
f 2362 2363 2364
f 2365 2366 2367
f 2368 2369 2370
f 2371 2372 2373
f 2374 2375 2376
f 2377 2378 2379
f 2380 2381 2382
f 2383 2384 2385
f 2386 2387 2388
f 2389 2390 2391
f 2392 2393 2394
f 2395 2396 2397
f 2398 2399 2400
f 2401 2402 2403
f 2404 2405 2406
f 2407 2408 2409
f 2410 2411 2412
f 2413 2414 2415
f 2416 2417 2418
f 2419 2420 2421
f 2422 2423 2424
f 2425 2426 2427
f 2428 2429 2430
f 2431 2432 2433
f 2434 2435 2436
f 2437 2438 2439
f 2440 2441 2442
f 2443 2444 2445
f 2446 2447 2448
f 2449 2450 2451
f 2452 2453 2454
f 2455 2456 2457
f 2458 2459 2460
f 2461 2462 2463
f 2464 2465 2466
f 2467 2468 2469
f 2470 2471 2472
f 2473 2474 2475
f 2476 2477 2478
f 2479 2480 2481
f 2482 2483 2484
f 2485 2486 2487
f 2488 2489 2490
f 2491 2492 2493
f 2494 2495 2496
f 2497 2498 2499
f 2500 2501 2502
f 2503 2504 2505
f 2506 2507 2508
f 2509 2510 2511
f 2512 2513 2514
f 2515 2516 2517
f 2518 2519 2520
f 2521 2522 2523
f 2524 2525 2526
f 2527 2528 2529
f 2530 2531 2532
f 2533 2534 2535
f 2536 2537 2538
f 2539 2540 2541
f 2542 2543 2544
f 2545 2546 2547
f 2548 2549 2550
f 2551 2552 2553
f 2554 2555 2556
f 2557 2558 2559
f 2560 2561 2562
f 2563 2564 2565
f 2566 2567 2568
f 2569 2570 2571
f 2572 2573 2574
f 2575 2576 2577
f 2578 2579 2580
f 2581 2582 2583
f 2584 2585 2586
f 2587 2588 2589
f 2590 2591 2592
f 2593 2594 2595
f 2596 2597 2598
f 2599 2600 2601
f 2602 2603 2604
f 2605 2606 2607
f 2608 2609 2610
f 2611 2612 2613
f 2614 2615 2616
f 2617 2618 2619
f 2620 2621 2622
f 2623 2624 2625
f 2626 2627 2628
f 2629 2630 2631
f 2632 2633 2634
f 2635 2636 2637
f 2638 2639 2640
f 2641 2642 2643
f 2644 2645 2646
f 2647 2648 2649
f 2650 2651 2652
f 2653 2654 2655
f 2656 2657 2658
f 2659 2660 2661
f 2662 2663 2664
f 2665 2666 2667
f 2668 2669 2670
f 2671 2672 2673
f 2674 2675 2676
f 2677 2678 2679
f 2680 2681 2682
f 2683 2684 2685
f 2686 2687 2688
f 2689 2690 2691
f 2692 2693 2694
f 2695 2696 2697
f 2698 2699 2700
f 2701 2702 2703
f 2704 2705 2706
f 2707 2708 2709
f 2710 2711 2712
f 2713 2714 2715
f 2716 2717 2718
f 2719 2720 2721
f 2722 2723 2724
f 2725 2726 2727
f 2728 2729 2730
f 2731 2732 2733
f 2734 2735 2736
f 2737 2738 2739
f 2740 2741 2742
f 2743 2744 2745
f 2746 2747 2748
f 2749 2750 2751
f 2752 2753 2754
f 2755 2756 2757
f 2758 2759 2760
f 2761 2762 2763
f 2764 2765 2766
f 2767 2768 2769
f 2770 2771 2772
f 2773 2774 2775
f 2776 2777 2778
f 2779 2780 2781
f 2782 2783 2784
f 2785 2786 2787
f 2788 2789 2790
f 2791 2792 2793
f 2794 2795 2796
f 2797 2798 2799
f 2800 2801 2802
f 2803 2804 2805
f 2806 2807 2808
f 2809 2810 2811
f 2812 2813 2814
f 2815 2816 2817
f 2818 2819 2820
f 2821 2822 2823
f 2824 2825 2826
f 2827 2828 2829
f 2830 2831 2832
f 2833 2834 2835
f 2836 2837 2838
f 2839 2840 2841
f 2842 2843 2844
f 2845 2846 2847
f 2848 2849 2850
f 2851 2852 2853
f 2854 2855 2856
f 2857 2858 2859
f 2860 2861 2862
f 2863 2864 2865
f 2866 2867 2868
f 2869 2870 2871
f 2872 2873 2874
f 2875 2876 2877
f 2878 2879 2880
f 2881 2882 2883
f 2884 2885 2886
f 2887 2888 2889
f 2890 2891 2892
f 2893 2894 2895
f 2896 2897 2898
f 2899 2900 2901
f 2902 2903 2904
f 2905 2906 2907
f 2908 2909 2910
f 2911 2912 2913
f 2914 2915 2916
f 2917 2918 2919
f 2920 2921 2922
f 2923 2924 2925
f 2926 2927 2928
f 2929 2930 2931
f 2932 2933 2934
f 2935 2936 2937
f 2938 2939 2940
f 2941 2942 2943
f 2944 2945 2946
f 2947 2948 2949
f 2950 2951 2952
f 2953 2954 2955
f 2956 2957 2958
f 2959 2960 2961
f 2962 2963 2964
f 2965 2966 2967
f 2968 2969 2970
f 2971 2972 2973
f 2974 2975 2976
f 2977 2978 2979
f 2980 2981 2982
f 2983 2984 2985
f 2986 2987 2988
f 2989 2990 2991
f 2992 2993 2994
f 2995 2996 2997
f 2998 2999 3000
f 3001 3002 3003
f 3004 3005 3006
f 3007 3008 3009
f 3010 3011 3012
f 3013 3014 3015
f 3016 3017 3018
f 3019 3020 3021
f 3022 3023 3024
f 3025 3026 3027
f 3028 3029 3030
f 3031 3032 3033
f 3034 3035 3036
f 3037 3038 3039
f 3040 3041 3042
f 3043 3044 3045
f 3046 3047 3048
f 3049 3050 3051
f 3052 3053 3054
f 3055 3056 3057
f 3058 3059 3060
f 3061 3062 3063
f 3064 3065 3066
f 3067 3068 3069
f 3070 3071 3072
f 3073 3074 3075
f 3076 3077 3078
f 3079 3080 3081
f 3082 3083 3084
f 3085 3086 3087
f 3088 3089 3090
f 3091 3092 3093
f 3094 3095 3096
f 3097 3098 3099
f 3100 3101 3102
f 3103 3104 3105
f 3106 3107 3108
f 3109 3110 3111
f 3112 3113 3114
f 3115 3116 3117
f 3118 3119 3120
f 3121 3122 3123
f 3124 3125 3126
f 3127 3128 3129
f 3130 3131 3132
f 3133 3134 3135
f 3136 3137 3138
f 3139 3140 3141
f 3142 3143 3144
f 3145 3146 3147
f 3148 3149 3150
f 3151 3152 3153
f 3154 3155 3156
f 3157 3158 3159
f 3160 3161 3162
f 3163 3164 3165
f 3166 3167 3168
f 3169 3170 3171
f 3172 3173 3174
f 3175 3176 3177
f 3178 3179 3180
f 3181 3182 3183
f 3184 3185 3186
f 3187 3188 3189
f 3190 3191 3192
f 3193 3194 3195
f 3196 3197 3198
f 3199 3200 3201
f 3202 3203 3204
f 3205 3206 3207
f 3208 3209 3210
f 3211 3212 3213
f 3214 3215 3216
f 3217 3218 3219
f 3220 3221 3222
f 3223 3224 3225
f 3226 3227 3228
f 3229 3230 3231
f 3232 3233 3234
f 3235 3236 3237
f 3238 3239 3240
f 3241 3242 3243
f 3244 3245 3246
f 3247 3248 3249
f 3250 3251 3252
f 3253 3254 3255
f 3256 3257 3258
f 3259 3260 3261
f 3262 3263 3264
f 3265 3266 3267
f 3268 3269 3270
f 3271 3272 3273
f 3274 3275 3276
f 3277 3278 3279
f 3280 3281 3282
f 3283 3284 3285
f 3286 3287 3288
f 3289 3290 3291
f 3292 3293 3294
f 3295 3296 3297
f 3298 3299 3300
f 3301 3302 3303
f 3304 3305 3306
f 3307 3308 3309
f 3310 3311 3312
f 3313 3314 3315
f 3316 3317 3318
f 3319 3320 3321
f 3322 3323 3324
f 3325 3326 3327
f 3328 3329 3330
f 3331 3332 3333
f 3334 3335 3336
f 3337 3338 3339
f 3340 3341 3342
f 3343 3344 3345
f 3346 3347 3348
f 3349 3350 3351
f 3352 3353 3354
f 3355 3356 3357
f 3358 3359 3360
f 3361 3362 3363
f 3364 3365 3366
f 3367 3368 3369
f 3370 3371 3372
f 3373 3374 3375
f 3376 3377 3378
f 3379 3380 3381
f 3382 3383 3384
f 3385 3386 3387
f 3388 3389 3390
f 3391 3392 3393
f 3394 3395 3396
f 3397 3398 3399
f 3400 3401 3402
f 3403 3404 3405
f 3406 3407 3408
f 3409 3410 3411
f 3412 3413 3414
f 3415 3416 3417
f 3418 3419 3420
f 3421 3422 3423
f 3424 3425 3426
f 3427 3428 3429
f 3430 3431 3432
f 3433 3434 3435
f 3436 3437 3438
f 3439 3440 3441
f 3442 3443 3444
f 3445 3446 3447
f 3448 3449 3450
f 3451 3452 3453
