# PSO Extracted Authentic Geometry
v 0.2000 0.0000 0.0000
v 0.0000 0.0000 0.2000
v 0.0000 0.2000 0.0000
v 0.2000 0.0000 0.0000
v 0.0000 0.0000 0.2000
v 0.0000 0.2000 0.0000
v 0.2000 0.0000 0.0000
v 0.0000 0.0000 0.2000
v 0.0000 0.2000 0.0000
v 0.2000 0.0000 0.0000
v 0.0000 0.0000 0.2000
v 0.0000 0.2000 0.0000
v 0.2000 0.0000 0.0000
v 0.0000 0.0000 0.2000
v 0.0000 0.2000 0.0000
v 0.2000 0.0000 0.0000
v 0.0000 0.0000 0.2000
v 0.0000 0.2000 0.0000
v 0.2000 0.0000 0.0000
v 0.0000 0.0000 0.2000
v 0.0000 0.2000 0.0000
v 0.2000 0.0000 0.0000
v 0.0000 0.0000 0.2000
v 0.0000 0.2000 0.0000
v 0.2000 0.0000 0.0000
v 0.0000 0.0000 0.2000
v 0.0000 0.2000 0.0000
v 0.2000 0.0000 0.0000
v 0.0000 0.0000 0.2000
v 0.0000 0.2000 0.0000
v 0.2000 0.0000 0.0000
v 0.0000 0.0000 0.2000
v 0.0000 0.2000 0.0000
v 0.2000 0.0000 0.0000
v 0.0000 0.0000 0.2000
v 0.0000 0.2000 0.0000
v 0.2000 0.0000 0.0000
v 0.0000 0.0000 0.2000
v 0.0000 0.2000 0.0000
v 0.2000 0.0000 0.0000
v 0.0000 0.0000 0.2000
v 0.0000 0.2000 0.0000
v 0.2000 0.0000 0.0000
v 0.0000 0.0000 0.2000
v 0.0000 0.2000 0.0000
v 0.2000 0.0000 0.0000
v 0.0000 0.0000 0.2000
v 0.0000 0.2000 0.0000
v 0.2000 0.0000 0.0000
v 0.0000 0.0000 0.2000
v 0.0000 0.2000 0.0000
v 0.2000 0.0000 0.0000
v 0.0000 0.0000 0.2000
v 0.0000 0.2000 0.0000
v 0.2000 0.0000 0.0000
v 0.0000 0.0000 0.2000
v 0.0000 0.2000 0.0000
v 0.2000 0.0000 0.0000
v 0.0000 0.0000 0.2000
v 0.0000 0.2000 0.0000
v 0.2000 0.0000 0.0000
v 0.0000 0.0000 0.2000
v 0.0000 800.0000 0.0000
v -430.0000 55.0000 890.0000
v -0.0000 0.0000 0.8941
v 0.0000 15.0000 1045.0000
v -0.0000 0.5020 1.0000
v 430.0000 55.0000 890.0000
v -0.0000 1.0039 0.8941
v 430.0000 80.0000 890.0000
v -0.0000 1.0039 0.8314
v -430.0000 80.0000 890.0000
v -0.0000 0.0000 0.8314
v -0.0000 295.0000 935.0000
v 0.0000 0.5020 0.2706
v 0.0000 375.0000 830.0000
v 0.0000 0.5020 0.0627
v -270.0000 55.0000 985.0000
v -0.0000 0.1882 0.8941
v -270.0000 295.0000 900.0000
v 0.0000 0.1882 0.2706
v -270.0000 375.0000 790.0000
v 0.0000 0.1882 0.0627
v 270.0000 375.0000 790.0000
v 0.0000 0.8157 0.0627
v 270.0000 295.0000 900.0000
v 0.0000 0.8157 0.2706
v 270.0000 55.0000 985.0000
v -0.0000 0.8157 0.8941
v -130.0000 15.0000 1025.0000
v -0.0000 0.3490 1.0000
v 130.0000 15.0000 1025.0000
v -0.0000 0.6549 1.0000
v 130.0000 295.0000 925.0000
v 0.0000 0.6549 0.2706
v -130.0000 295.0000 925.0000
v 0.0000 0.3490 0.2706
v -130.0000 375.0000 820.0000
v 0.0000 0.3490 0.0627
v -130.0000 400.0000 740.0000
v 0.0000 0.3490 0.0000
v 130.0000 375.0000 820.0000
v 0.0000 0.6549 0.0627
v 130.0000 400.0000 740.0000
v 0.0000 0.6549 0.0000
v 400.0000 55.0000 910.0000
v -0.0000 0.9686 0.8941
v -400.0000 55.0000 910.0000
v -0.0000 0.0353 0.8941
v 430.0000 100.0000 890.0000
v -0.0000 1.0039 0.7765
v -270.0000 95.0000 985.0000
v 0.0079 0.1882 0.7922
v -430.0000 100.0000 890.0000
v -0.0000 0.0000 0.7765
v 207.5000 822.5000 484.1552
v 0.0000 0.0000 1.0000
v 1.0000 1.0000 0.0000
v 0.0000 0.0000 169.8001
v 781.0086 623.6785 0.0000
v 0.0000 1.0000 1.0000
v 1.0000 0.0000 0.0000
v 1.7529 -0.0314 0.0000
v 0.0000 0.0000 461.5246
v 87.3160 3.0000 311.2512
v 0.0000 0.0000 1.0000
v 1.0000 1.0000 0.0000
v -461.5245 87.3160 -2.9999
v 311.2512 0.0000 0.0000
v 1.0000 1.0000 1.0000
v -1.0039 0.0000 0.0000
v 0.0000 0.0000 30.9710
v 0.0000 629.8284 0.0000
v 0.0000 1.0000 1.0000
v 1.0000 0.0000 0.0000
v 0.0000 -3.9300 -400.3798
v 0.0312 12.0471 1.0000
v -61.3916 -3.9300 -395.0414
v 0.0312 10.2000 0.8392
v -122.7832 -3.9300 -381.6954
v 0.0312 8.3529 0.4392
v -181.5055 -3.9300 -355.0034
v 0.0312 6.5843 -0.3608
v -234.8895 -3.9300 -322.9731
v 0.0312 4.9804 -1.3255
v -282.9351 -3.9300 -282.9351
v 0.0312 3.5333 -2.5294
v -322.9731 -3.9300 -234.8895
v 0.0312 2.3294 -3.9765
v -357.6726 -3.9300 -181.5055
v 0.0312 1.2863 -5.5804
v -381.6954 -3.9300 -122.7832
v 0.0312 0.5608 -7.3490
v -395.0414 -3.9300 -61.3916
v 0.0312 0.1608 -9.1961
v -400.3798 -3.9300 0.0000
v 0.0312 0.0000 -11.0431
v -395.0414 -3.9300 61.3916
v 0.0312 0.1608 -12.8902
v -381.6954 -3.9300 122.7832
v 0.0312 0.5608 -14.7373
v -357.6726 -3.9300 181.5055
v 0.0312 1.2863 -16.5059
v -322.9731 -3.9300 234.8895
v 0.0312 2.3294 -18.1098
v -282.9351 -3.9300 282.9351
v 0.0312 3.5333 -19.5569
v -234.8895 -3.9300 322.9731
v 0.0312 4.9804 -20.7608
v -181.5055 -3.9300 357.6726
v 0.0312 6.5843 -21.8039
v -122.7832 -3.9300 381.6954
v 0.0312 8.3529 -22.5294
v -61.3916 -3.9300 395.0414
v 0.0312 10.2000 -22.9294
v 0.0000 -3.9300 400.3798
v 0.0312 12.0471 -23.0902
v 61.3916 -3.9300 -395.0414
v 0.0312 13.8941 0.8392
v 122.7832 -3.9300 -381.6954
v 0.0312 15.7412 0.4392
v 181.5055 -3.9300 -355.0034
v 0.0312 17.5098 -0.3608
v 234.8895 -3.9300 -322.9731
v 0.0312 19.1137 -1.3255
v 282.9351 -3.9300 -282.9351
v 0.0312 20.5608 -2.5294
v 322.9731 -3.9300 -234.8895
v 0.0312 21.7647 -3.9765
v 357.6726 -3.9300 -181.5055
v 0.0312 22.8078 -5.5804
v 381.6954 -3.9300 -122.7832
v 0.0312 23.5333 -7.3490
v 395.0414 -3.9300 -61.3916
v 0.0312 23.9333 -9.1961
v 400.3798 -3.9300 0.0000
v 0.0312 24.0941 -11.0431
v 395.0414 -3.9300 61.3916
v 0.0312 23.9333 -12.8902
v 381.6954 -3.9300 122.7832
v 0.0312 23.5333 -14.7373
v 357.6726 -3.9300 181.5055
v 0.0312 22.8078 -16.5059
v 322.9731 -3.9300 234.8895
v 0.0312 21.7647 -18.1098
v 282.9351 -3.9300 282.9351
v 0.0312 20.5608 -19.5569
v 234.8895 -3.9300 322.9731
v 0.0312 19.1137 -20.7608
v 181.5055 -3.9300 357.6726
v 0.0312 17.5098 -21.8039
v 122.7832 -3.9300 381.6954
v 0.0312 15.7412 -22.5294
v 61.3916 -3.9300 395.0414
v 0.0312 13.8941 -22.9294
v 0.0000 -3.9300 0.0000
v 0.0312 12.0471 -11.0431
v -3.9300 0.0000 566.2225
v -0.0968 0.0000 0.0000
v 0.0000 0.0000 1.0000
v 1.0000 1.0000 0.0000
v -1.9300 0.0000 566.2225
v 0.0000 0.0000 1.0000
v 1.0000 1.0000 0.0000
v 0.0700 0.0000 566.2225
v 0.0000 0.0000 1.0000
v 1.0000 1.0000 0.0000
v 0.0000 -165.0000 -75.0000
v 822.2681 0.0000 0.0000
v 1.0000 1.0000 1.0000
v 0.0000 465.4247 293.5000
v 0.0000 331.6283 0.0000
v 0.0000 1.0000 1.0000
v 1.0000 0.0000 0.0000
v 0.5020 0.0000 0.0000
v 0.0000 -465.4247 293.5000
v 0.0000 331.6283 0.0000
v 0.0000 1.0000 1.0000
v 1.0000 0.0000 0.0000
v 0.9647 0.0000 0.0000
v -0.0001 325.0000 0.0000
v 564.3580 0.0000 0.0000
v 1.0000 1.0000 1.0000
v -0.0000 1.5000 0.0000
v 616.0315 0.0000 0.0000
v 0.0000 600.0000 0.0000
v 1.0000 1.0000 1.0000
v -2.0078 0.0000 0.0000
v 0.0000 -11.5150 0.0000
v 566.3925 0.0000 0.0000
v 1.0000 1.0000 1.0000
v 0.0706 345.0000 60.0001
v 356.0000 0.0000 3.8314
v 0.8235 345.0000 80.0000
v 356.0000 0.0000 3.8314
v 0.8235 320.0000 60.0001
v 391.0000 0.0000 3.6980
v 0.8235 320.0000 80.0000
v 391.0000 0.0000 3.6980
v 0.0706 315.0000 80.0000
v 426.0000 0.0000 3.6706
v 0.0706 315.0000 60.0001
v 426.0000 0.0000 3.6706
v 0.8235 320.0000 80.0000
v 461.0000 0.0000 3.6980
v 0.0706 320.0000 60.0000
v 461.0000 0.0000 3.6980
v 0.8235 345.0000 60.0000
v 496.0000 0.0000 3.8314
v 0.8235 345.0000 80.0000
v 496.0000 0.0000 3.8314
v 0.0706 345.0000 60.0000
v -354.0000 0.0000 3.8314
v 0.8235 345.0000 80.0000
v -354.0000 0.0000 3.8314
v 0.0706 320.0000 60.0000
v -389.0000 0.0000 3.6980
v 0.8235 320.0000 80.0000
v -389.0000 0.0000 3.6980
v 0.0706 315.0000 60.0001
v -424.0000 0.0000 3.6706
v 0.8235 315.0000 80.0000
v -424.0000 0.0000 3.6706
v 0.0706 320.0000 60.0001
v -459.0000 0.0000 3.6980
v 0.8235 320.0000 80.0000
v -459.0000 0.0000 3.6980
v 0.0706 345.0000 60.0001
v -494.0000 0.0000 3.8314
v 0.8235 345.0000 80.0000
v -494.0000 0.0000 3.8314
v 0.0706 -344.9999 80.0000
v 494.0000 0.0000 0.1843
v 0.0706 -344.9999 60.0001
v 494.0000 0.0000 0.1843
v 0.8235 -319.9999 60.0001
v 459.0000 0.0000 0.3176
v 0.8235 -319.9999 80.0000
v 459.0000 0.0000 0.3176
v 0.0706 -314.9999 80.0000
v 424.0000 0.0000 0.3451
v 0.0706 -314.9999 60.0001
v 424.0000 0.0000 0.3451
v 0.8235 -319.9999 80.0000
v 389.0000 0.0000 0.3176
v 0.0706 -319.9999 60.0000
v 389.0000 0.0000 0.3176
v 0.8235 -344.9999 60.0000
v 354.0000 0.0000 0.1843
v 0.8235 -344.9999 80.0000
v 354.0000 0.0000 0.1843
v 0.0706 -345.0000 80.0000
v -495.9999 0.0000 0.1843
v 0.0706 -345.0000 60.0000
v -495.9999 0.0000 0.1843
v 0.8235 -320.0000 60.0000
v -460.9999 0.0000 0.3176
v 0.8235 -320.0000 80.0000
v -460.9999 0.0000 0.3176
v 0.0706 -315.0000 60.0001
v -425.9999 0.0000 0.3451
v 0.8235 -315.0000 80.0000
v -425.9999 0.0000 0.3451
v 0.0706 -320.0000 60.0001
v -390.9999 0.0000 0.3176
v 0.8235 -320.0000 80.0000
v -390.9999 0.0000 0.3176
v 0.0706 -345.0000 60.0001
v -355.9999 0.0000 0.1843
v 0.8235 -345.0000 80.0000
v -355.9999 0.0000 0.1843
v 0.0706 -375.6250 60.0001
v -338.4999 0.0000 0.0235
v 1.0000 -375.6250 60.0000
v -513.4999 0.0000 0.0235
v 0.8235 -375.6250 80.0000
v -513.4999 0.0000 0.0235
v 0.0000 -375.6250 80.0000
v -338.4999 0.0000 0.0235
v 0.0706 -375.6249 80.0000
v 511.5000 0.0000 0.0235
v 0.0000 -375.6249 60.0001
v 511.5000 0.0000 0.0235
v 0.8235 -375.6249 80.0000
v 336.5000 0.0000 0.0235
v 0.0706 -375.6249 60.0000
v 336.5000 0.0000 0.0235
v 1.0000 375.6250 60.0000
v 513.5000 0.0000 3.9922
v 0.8235 375.6250 80.0000
v 513.5000 0.0000 3.9922
v 1.0000 375.6250 60.0001
v 338.5000 0.0000 3.9922
v 0.8235 375.6250 80.0000
v 338.5000 0.0000 3.9922
v 1.0000 375.6250 60.0000
v -336.5000 0.0000 3.9922
v 0.0000 375.6250 80.0000
v -336.5000 0.0000 3.9922
v 0.0000 375.6250 80.0000
v -511.5000 0.0000 3.9922
v 0.0706 375.6250 60.0001
v -511.5000 0.0000 3.9922
v 1.0000 0.0000 0.0000
v 63.0000 0.0000 640.8245
v 0.0000 0.0000 1.0000
v 1.0000 1.0000 0.0000
v -9.0353 0.0000 0.0000
v 0.0000 -0.0002 322.0000
v 0.0001 597.8503 0.0000
v 0.0000 1.0000 1.0000
v 1.0000 0.0000 0.0000
v 0.0000 0.0000 156.0000
v 343.0000 -430.0000 0.0312
v 0.9882 0.8745 -156.0000
v 343.0000 -430.0000 0.0312
v 0.0157 0.8745 -156.0000
v 376.0000 -430.0000 0.0312
v 0.0157 0.1451 156.0000
v 376.0000 -430.0000 0.0312
v 0.9882 0.1451 -161.0000
v 337.2500 -350.0000 0.0000
v 0.0000 1.0000 -161.0000
v 382.7500 -350.0000 0.0000
v 0.0000 0.0000 161.0000
v 382.7500 -350.0000 0.0000
v 1.0039 0.0000 161.0000
v 337.2500 -350.0000 0.0000
v 1.0039 1.0000 0.0000
v 0.0000 0.0000 360.0000
v -390.0000 165.8945 0.0000
v 0.0000 1.0000 1.0000
v 1.0000 0.0000 0.0000
v 0.0000 0.0000 200.0000
v -552.0818 524.9512 0.0000
v 0.0000 1.0000 1.0000
v 1.0000 0.0000 0.0000
v -1.0039 0.0000 0.0000
v -0.0001 -61.3000 0.0001
v 1120.0573 0.0000 0.0000
v 0.0000 600.0000 0.0000
v 1.0000 1.0000 1.0000
v 1.0000 170.3593 495.6000
v 237.4948 0.0000 0.0000
v 1.0000 209.1912 495.6000
v 150.2768 0.0000 1.0039
v 1.0000 190.9173 495.6000
v 191.3206 1.5078 0.5098
v 1.0000 220.6264 495.6000
v 232.2115 0.0000 0.0000
v 1.0000 164.5093 495.6000
v 154.9731 0.0000 1.0039
v 1.0000 190.9173 495.6000
v 191.3206 1.5078 0.5098
v 1.0000 241.1845 495.6000
v 186.0373 0.0000 0.0000
v 1.0000 146.2355 495.6000
v 196.0168 0.0000 1.0039
v 1.0000 190.9173 495.6000
v 191.3206 0.0059 0.5098
v 1.0000 164.7052 482.0000
v 210.3648 0.0000 0.0000
v 1.0000 214.2170 482.0000
v 174.3924 0.0000 1.0039
v 1.0000 190.9173 482.0000
v 191.3206 1.5000 0.5098
v 1.0000 194.3041 482.0000
v 223.5431 0.0000 0.0000
v 1.0000 187.9069 482.0000
v 162.6783 0.0000 1.0039
v 1.0000 190.9173 482.0000
v 191.3206 1.5000 0.5098
v 1.0000 220.5163 482.0000
v 204.4989 0.0000 0.0000
v 1.0000 164.6072 482.0000
v 179.6066 0.0000 1.0039
v 1.0000 190.9173 482.0000
v 191.3206 0.0059 0.5098
v 0.0000 352.7207 333.0000
v 73.7635 0.0000 0.0000
v 1.0000 222.2043 333.0000
v -6.2171 0.0000 0.0000
v 1.0000 73.3603 333.0000
v 29.5172 0.0000 0.0000
v 1.0000 -6.6203 333.0000
v 160.0337 0.0000 0.0000
v 1.0000 29.1139 333.0000
v 308.8776 0.0000 0.0000
v 1.0000 159.6304 333.0000
v 388.8582 0.0000 0.0000
v 1.0000 308.4744 333.0000
v 353.1240 0.0000 0.0000
v 1.0000 388.4550 333.0000
v 222.6075 0.0000 0.0000
v 1.0000 287.4625 333.0000
v 33.7732 0.0000 0.0000
v 1.0000 147.7823 333.0000
v 11.6500 0.0000 0.0000
v 1.0000 33.3700 333.0000
v 94.7754 0.0000 0.0000
v 1.0000 94.3722 333.0000
v 348.8679 0.0000 0.0000
v 1.0000 11.2468 333.0000
v 234.4556 0.0000 0.0000
v 1.0000 234.0524 333.0000
v 370.9911 0.0000 0.0000
v 1.0000 348.4647 333.0000
v 287.8657 0.0000 0.0000
v 1.0000 370.5879 333.0000
v 148.1855 0.0000 0.0000
v 1.0000 -1.7722 495.6000
v 292.2720 0.0000 0.0000
v 1.0000 80.9089 495.6000
v 244.5359 0.0000 1.0039
v 1.0000 42.0002 495.6000
v 266.9999 1.5078 0.5098
v 1.0000 42.0002 495.6000
v 317.5440 0.0000 0.0000
v 1.0000 42.0001 495.6000
v 222.0719 0.0000 1.0039
v 1.0000 42.0002 495.6000
v 266.9999 1.5078 0.5098
v 1.0000 85.7726 495.6000
v 292.2719 0.0000 0.0000
v 1.0000 3.0914 495.6000
v 244.5360 0.0000 1.0039
v 1.0000 42.0002 495.6000
v 266.9999 0.0059 0.5098
v 1.0000 9.6002 482.0000
v 267.0000 0.0000 0.0000
v 1.0000 70.8002 482.0000
v 266.9999 0.0000 1.0039
v 1.0000 42.0002 482.0000
v 266.9999 1.5000 0.5098
v 1.0000 25.8002 482.0000
v 295.0592 0.0000 0.0000
v 1.0000 56.4002 482.0000
v 242.0584 0.0000 1.0039
v 1.0000 42.0002 482.0000
v 266.9999 1.5000 0.5098
v 1.0000 58.2002 482.0000
v 295.0592 0.0000 0.0000
v 1.0000 27.6002 482.0000
v 242.0584 0.0000 1.0039
v 1.0000 42.0002 482.0000
v 266.9999 1.5000 0.5098
v 0.0000 242.0002 333.0000
v 266.9998 0.0000 0.0000
v 1.0000 183.4214 333.0000
v 125.5785 0.0000 0.0000
v 1.0000 42.0000 333.0000
v 67.0000 0.0000 0.0000
v 1.0000 -99.4213 333.0000
v 125.5787 0.0000 0.0000
v 1.0000 -157.9998 333.0000
v 267.0001 0.0000 0.0000
v 1.0000 -99.4211 333.0000
v 408.4214 0.0000 0.0000
v 1.0000 42.0003 333.0000
v 466.9999 0.0000 0.0000
v 1.0000 183.4216 333.0000
v 408.4212 0.0000 0.0000
v 1.0000 212.7108 333.0000
v 196.2892 0.0000 0.0000
v 1.0000 112.7107 333.0000
v 96.2892 0.0000 0.0000
v 1.0000 -28.7106 333.0000
v 96.2893 0.0000 0.0000
v 1.0000 -128.7104 333.0000
v 337.7108 0.0000 0.0000
v 1.0000 -128.7105 333.0000
v 196.2894 0.0000 0.0000
v 1.0000 -28.7104 333.0000
v 437.7107 0.0000 0.0000
v 1.0000 112.7110 333.0000
v 437.7106 0.0000 0.0000
v 1.0000 212.7109 333.0000
v 337.7105 0.0000 0.0000
v 1.0000 277.4195 495.6000
v 92.0027 0.0000 0.0000
v 1.0000 257.5697 495.6000
v -1.3830 0.0000 1.0039
v 1.0000 266.9108 495.6000
v 42.5632 1.5078 0.5098
v 1.0000 314.9810 495.6000
v 58.1821 0.0000 0.0000
v 1.0000 224.1817 495.6000
v 28.6797 0.0000 1.0039
v 1.0000 266.9108 495.6000
v 42.5632 1.5078 0.5098
v 1.0000 304.4723 495.6000
v 8.7427 0.0000 0.0000
v 1.0000 233.5228 495.6000
v 72.6259 0.0000 1.0039
v 1.0000 266.9108 495.6000
v 42.5632 1.2578 0.5098
v 1.0000 256.8986 482.0000
v 73.3774 0.0000 0.0000
v 1.0000 275.8105 482.0000
v 15.1728 0.0000 1.0039
v 1.0000 266.9108 482.0000
v 42.5632 1.5000 0.5098
v 1.0000 288.5906 482.0000
v 66.6411 0.0000 0.0000
v 1.0000 247.6398 482.0000
v 21.1606 0.0000 1.0039
v 1.0000 266.9108 482.0000
v 42.5632 1.5000 0.5098
v 1.0000 298.6028 482.0000
v 35.8268 0.0000 0.0000
v 1.0000 238.7401 482.0000
v 48.5510 0.0000 1.0039
v 1.0000 266.9108 482.0000
v 42.5632 1.5000 0.5098
v 0.0000 328.7142 333.0000
v -147.6481 0.0000 0.0000
v 1.0000 176.1127 333.0000
v -135.6381 0.0000 0.0000
v 1.0000 76.6995 333.0000
v -19.2402 0.0000 0.0000
v 1.0000 88.7095 333.0000
v 133.3613 0.0000 0.0000
v 1.0000 205.1074 333.0000
v 232.7745 0.0000 0.0000
v 1.0000 357.7089 333.0000
v 220.7645 0.0000 0.0000
v 1.0000 457.1221 333.0000
v 104.3666 0.0000 0.0000
v 1.0000 445.1121 333.0000
v -48.2349 0.0000 0.0000
v 1.0000 252.4135 333.0000
v -141.6431 0.0000 0.0000
v 1.0000 126.4061 333.0000
v -77.4392 0.0000 0.0000
v 1.0000 82.7045 333.0000
v 57.0605 0.0000 0.0000
v 1.0000 281.4081 333.0000
v 226.7695 0.0000 0.0000
v 1.0000 146.9084 333.0000
v 183.0679 0.0000 0.0000
v 1.0000 407.4155 333.0000
v 162.5656 0.0000 0.0000
v 1.0000 451.1171 333.0000
v 28.0658 0.0000 0.0000
v 1.0000 386.9131 333.0000
v -97.9415 0.0000 0.0000
v 1.0000 278.5148 495.6000
v -88.6315 0.0000 0.0000
v 1.0000 207.5653 495.6000
v -152.5147 0.0000 1.0039
v 1.0000 240.9533 495.6000
v -122.4520 1.5078 0.5098
v 1.0000 289.0235 495.6000
v -138.0710 0.0000 0.0000
v 1.0000 198.2242 495.6000
v -108.5685 0.0000 1.0039
v 1.0000 240.9533 495.6000
v -122.4520 1.5078 0.5098
v 1.0000 251.4620 495.6000
v -171.8915 0.0000 0.0000
v 1.0000 231.6123 495.6000
v -78.5058 0.0000 1.0039
v 1.0000 240.9533 495.6000
v -122.4520 1.2578 0.5098
v 1.0000 250.9655 482.0000
v -91.6378 0.0000 0.0000
v 1.0000 232.0536 482.0000
v -149.8425 0.0000 1.0039
v 1.0000 240.9533 482.0000
v -122.4520 1.5000 0.5098
v 1.0000 272.6453 482.0000
v -115.7157 0.0000 0.0000
v 1.0000 212.7827 482.0000
v -128.4399 0.0000 1.0039
v 1.0000 240.9533 482.0000
v -122.4520 1.5000 0.5098
v 1.0000 262.6331 482.0000
v -146.5299 0.0000 0.0000
v 1.0000 221.6824 482.0000
v -101.0495 0.0000 1.0039
v 1.0000 240.9533 482.0000
v -122.4520 1.5000 0.5098
v 0.0000 179.1498 333.0000
v -312.6633 0.0000 0.0000
v 1.0000 62.7520 333.0000
v -213.2500 0.0000 0.0000
v 1.0000 50.7420 333.0000
v -60.6485 0.0000 0.0000
v 1.0000 150.1553 333.0000
v 55.7493 0.0000 0.0000
v 1.0000 302.7568 333.0000
v 67.7592 0.0000 0.0000
v 1.0000 419.1546 333.0000
v -31.6540 0.0000 0.0000
v 1.0000 431.1646 333.0000
v -184.2555 0.0000 0.0000
v 1.0000 331.7513 333.0000
v -300.6534 0.0000 0.0000
v 1.0000 120.9509 333.0000
v -262.9567 0.0000 0.0000
v 1.0000 56.7470 333.0000
v -136.9493 0.0000 0.0000
v 1.0000 100.4487 333.0000
v -2.4496 0.0000 0.0000
v 1.0000 360.9557 333.0000
v 18.0526 0.0000 0.0000
v 1.0000 226.4561 333.0000
v 61.7543 0.0000 0.0000
v 1.0000 425.1596 333.0000
v -107.9548 0.0000 0.0000
v 1.0000 381.4579 333.0000
v -242.4545 0.0000 0.0000
v 1.0000 255.4506 333.0000
v -306.6584 0.0000 0.0000
v 1.0000 173.2271 495.6000
v -235.4112 0.0000 0.0000
v 1.0000 78.2781 495.6000
v -245.3907 0.0000 1.0039
v 1.0000 122.9600 495.6000
v -240.6945 1.5078 0.5098
v 1.0000 152.6690 495.6000
v -281.5854 0.0000 0.0000
v 1.0000 96.5520 495.6000
v -204.3470 0.0000 1.0039
v 1.0000 122.9600 495.6000
v -240.6945 1.5078 0.5098
v 1.0000 102.4019 495.6000
v -286.8687 0.0000 0.0000
v 1.0000 141.2338 495.6000
v -199.6507 0.0000 1.0039
v 1.0000 122.9600 495.6000
v -240.6945 0.0059 0.5098
v 1.0000 149.1721 482.0000
v -221.6502 0.0000 0.0000
v 1.0000 99.6603 482.0000
v -257.6227 0.0000 1.0039
v 1.0000 122.9600 482.0000
v -240.6945 1.5000 0.5098
v 1.0000 152.5589 482.0000
v -253.8728 0.0000 0.0000
v 1.0000 96.6499 482.0000
v -228.9805 0.0000 1.0039
v 1.0000 122.9600 482.0000
v -240.6945 1.5000 0.5098
v 1.0000 126.3467 482.0000
v -272.9170 0.0000 0.0000
v 1.0000 119.9496 482.0000
v -212.0522 0.0000 1.0039
v 1.0000 122.9600 482.0000
v -240.6945 0.0059 0.5098
v 0.0000 -38.8434 333.0000
v -358.2515 0.0000 0.0000
v 1.0000 -74.5777 333.0000
v -209.4076 0.0000 0.0000
v 1.0000 5.4029 333.0000
v -78.8911 0.0000 0.0000
v 1.0000 154.2468 333.0000
v -43.1568 0.0000 0.0000
v 1.0000 284.7634 333.0000
v -123.1374 0.0000 0.0000
v 1.0000 320.4976 333.0000
v -271.9814 0.0000 0.0000
v 1.0000 240.5170 333.0000
v -402.4979 0.0000 0.0000
v 1.0000 91.6731 333.0000
v -438.2321 0.0000 0.0000
v 1.0000 -56.7105 333.0000
v -283.8296 0.0000 0.0000
v 1.0000 -34.5874 333.0000
v -144.1494 0.0000 0.0000
v 1.0000 79.8249 333.0000
v -61.0240 0.0000 0.0000
v 1.0000 302.6305 333.0000
v -197.5594 0.0000 0.0000
v 1.0000 219.5051 333.0000
v -83.1471 0.0000 0.0000
v 1.0000 280.5074 333.0000
v -337.2396 0.0000 0.0000
v 1.0000 166.0951 333.0000
v -420.3650 0.0000 0.0000
v 1.0000 26.4149 333.0000
v -398.2419 0.0000 0.0000
v 1.0000 1.7723 495.6000
v -292.2720 0.0000 0.0000
v 1.0000 -80.9089 495.6000
v -244.5360 0.0000 1.0039
v 1.0000 -42.0001 495.6000
v -267.0000 1.5078 0.5098
v 1.0000 -42.0001 495.6000
v -317.5440 0.0000 0.0000
v 1.0000 -42.0001 495.6000
v -222.0720 0.0000 1.0039
v 1.0000 -42.0001 495.6000
v -267.0000 1.5078 0.5098
v 1.0000 -85.7725 495.6000
v -292.2720 0.0000 0.0000
v 1.0000 -3.0913 495.6000
v -244.5360 0.0000 1.0039
v 1.0000 -42.0001 495.6000
v -267.0000 1.2578 0.5098
v 1.0000 -9.6001 482.0000
v -267.0000 0.0000 0.0000
v 1.0000 -70.8001 482.0000
v -266.9999 0.0000 1.0039
v 1.0000 -42.0001 482.0000
v -267.0000 1.5000 0.5098
v 1.0000 -25.8001 482.0000
v -295.0592 0.0000 0.0000
v 1.0000 -56.4001 482.0000
v -242.0584 0.0000 1.0039
v 1.0000 -42.0001 482.0000
v -267.0000 1.5000 0.5098
v 1.0000 -58.2001 482.0000
v -295.0592 0.0000 0.0000
v 1.0000 -27.6001 482.0000
v -242.0584 0.0000 1.0039
v 1.0000 -42.0001 482.0000
v -267.0000 0.0059 0.5098
v 0.0000 -242.0001 333.0000
v -266.9999 0.0000 0.0000
v 1.0000 -183.4214 333.0000
v -125.5786 0.0000 0.0000
v 1.0000 -42.0000 333.0000
v -67.0000 0.0000 0.0000
v 1.0000 99.4213 333.0000
v -125.5787 0.0000 0.0000
v 1.0000 157.9999 333.0000
v -267.0000 0.0000 0.0000
v 1.0000 99.4212 333.0000
v -408.4214 0.0000 0.0000
v 1.0000 -42.0002 333.0000
v -467.0000 0.0000 0.0000
v 1.0000 -183.4215 333.0000
v -408.4213 0.0000 0.0000
v 1.0000 -212.7107 333.0000
v -196.2892 0.0000 0.0000
v 1.0000 -112.7107 333.0000
v -96.2893 0.0000 0.0000
v 1.0000 28.7106 333.0000
v -96.2893 0.0000 0.0000
v 1.0000 128.7106 333.0000
v -337.7107 0.0000 0.0000
v 1.0000 128.7106 333.0000
v -196.2894 0.0000 0.0000
v 1.0000 28.7105 333.0000
v -437.7107 0.0000 0.0000
v 1.0000 -112.7108 333.0000
v -437.7107 0.0000 0.0000
v 1.0000 -212.7108 333.0000
v -337.7106 0.0000 0.0000
v 1.0000 -170.3592 495.6000
v -237.4948 0.0000 0.0000
v 1.0000 -209.1912 495.6000
v -150.2768 0.0000 1.0039
v 1.0000 -190.9173 495.6000
v -191.3206 1.5078 0.5098
v 1.0000 -220.6263 495.6000
v -232.2115 0.0000 0.0000
v 1.0000 -164.5093 495.6000
v -154.9731 0.0000 1.0039
v 1.0000 -190.9173 495.6000
v -191.3206 1.5078 0.5098
v 1.0000 -241.1845 495.6000
v -186.0373 0.0000 0.0000
v 1.0000 -146.2355 495.6000
v -196.0168 0.0000 1.0039
v 1.0000 -190.9173 495.6000
v -191.3206 0.0059 0.5098
v 1.0000 -164.7052 482.0000
v -210.3648 0.0000 0.0000
v 1.0000 -214.2170 482.0000
v -174.3924 0.0000 1.0039
v 1.0000 -190.9173 482.0000
v -191.3206 1.5000 0.5098
v 1.0000 -194.3041 482.0000
v -223.5431 0.0000 0.0000
v 1.0000 -187.9069 482.0000
v -162.6784 0.0000 1.0039
v 1.0000 -190.9173 482.0000
v -191.3206 1.5000 0.5098
v 1.0000 -220.5162 482.0000
v -204.4989 0.0000 0.0000
v 1.0000 -164.6072 482.0000
v -179.6066 0.0000 1.0039
v 1.0000 -190.9173 482.0000
v -191.3206 0.0059 0.5098
v 0.0000 -352.7207 333.0000
v -73.7635 0.0000 0.0000
v 1.0000 -222.2043 333.0000
v 6.2171 0.0000 0.0000
v 1.0000 -73.3603 333.0000
v -29.5172 0.0000 0.0000
v 1.0000 6.6203 333.0000
v -160.0337 0.0000 0.0000
v 1.0000 -29.1139 333.0000
v -308.8776 0.0000 0.0000
v 1.0000 -159.6304 333.0000
v -388.8582 0.0000 0.0000
v 1.0000 -308.4743 333.0000
v -353.1240 0.0000 0.0000
v 1.0000 -388.4550 333.0000
v -222.6075 0.0000 0.0000
v 1.0000 -287.4625 333.0000
v -33.7732 0.0000 0.0000
v 1.0000 -147.7823 333.0000
v -11.6500 0.0000 0.0000
v 1.0000 -33.3700 333.0000
v -94.7754 0.0000 0.0000
v 1.0000 -94.3722 333.0000
v -348.8679 0.0000 0.0000
v 1.0000 -11.2468 333.0000
v -234.4556 0.0000 0.0000
v 1.0000 -234.0524 333.0000
v -370.9911 0.0000 0.0000
v 1.0000 -348.4647 333.0000
v -287.8657 0.0000 0.0000
v 1.0000 -370.5879 333.0000
v -148.1855 0.0000 0.0000
v 1.0000 -277.4195 495.6000
v -92.0026 0.0000 0.0000
v 1.0000 -257.5697 495.6000
v 1.3831 0.0000 1.0039
v 1.0000 -266.9108 495.6000
v -42.5631 1.5078 0.5098
v 1.0000 -314.9810 495.6000
v -58.1820 0.0000 0.0000
v 1.0000 -224.1817 495.6000
v -28.6796 0.0000 1.0039
v 1.0000 -266.9108 495.6000
v -42.5631 1.5078 0.5098
v 1.0000 -304.4723 495.6000
v -8.7425 0.0000 0.0000
v 1.0000 -233.5228 495.6000
v -72.6258 0.0000 1.0039
v 1.0000 -266.9108 495.6000
v -42.5631 0.0059 0.5098
v 1.0000 -256.8987 482.0000
v -73.3773 0.0000 0.0000
v 1.0000 -275.8105 482.0000
v -15.1726 0.0000 1.0039
v 1.0000 -266.9108 482.0000
v -42.5631 1.5000 0.5098
v 1.0000 -288.5907 482.0000
v -66.6409 0.0000 0.0000
v 1.0000 -247.6398 482.0000
v -21.1605 0.0000 1.0039
v 1.0000 -266.9108 482.0000
v -42.5631 1.5000 0.5098
v 1.0000 -298.6028 482.0000
v -35.8267 0.0000 0.0000
v 1.0000 -238.7402 482.0000
v -48.5509 0.0000 1.0039
v 1.0000 -266.9108 482.0000
v -42.5631 0.0059 0.5098
v 0.0000 -328.7141 333.0000
v 147.6482 0.0000 0.0000
v 1.0000 -176.1127 333.0000
v 135.6382 0.0000 0.0000
v 1.0000 -76.6995 333.0000
v 19.2403 0.0000 0.0000
v 1.0000 -88.7095 333.0000
v -133.3612 0.0000 0.0000
v 1.0000 -205.1075 333.0000
v -232.7744 0.0000 0.0000
v 1.0000 -357.7090 333.0000
v -220.7643 0.0000 0.0000
v 1.0000 -457.1221 333.0000
v -104.3664 0.0000 0.0000
v 1.0000 -445.1121 333.0000
v 48.2351 0.0000 0.0000
v 1.0000 -252.4134 333.0000
v 141.6432 0.0000 0.0000
v 1.0000 -126.4061 333.0000
v 77.4392 0.0000 0.0000
v 1.0000 -82.7045 333.0000
v -57.0605 0.0000 0.0000
v 1.0000 -281.4082 333.0000
v -226.7693 0.0000 0.0000
v 1.0000 -146.9085 333.0000
v -183.0678 0.0000 0.0000
v 1.0000 -407.4156 333.0000
v -162.5654 0.0000 0.0000
v 1.0000 -451.1171 333.0000
v -28.0657 0.0000 0.0000
v 1.0000 -386.9131 333.0000
v 97.9417 0.0000 0.0000
v 1.0000 -278.5149 495.6000
v 88.6314 0.0000 0.0000
v 1.0000 -207.5653 495.6000
v 152.5146 0.0000 1.0039
v 1.0000 -240.9534 495.6000
v 122.4519 1.5078 0.5098
v 1.0000 -289.0236 495.6000
v 138.0709 0.0000 0.0000
v 1.0000 -198.2243 495.6000
v 108.5684 0.0000 1.0039
v 1.0000 -240.9534 495.6000
v 122.4519 1.5078 0.5098
v 1.0000 -251.4620 495.6000
v 171.8914 0.0000 0.0000
v 1.0000 -231.6123 495.6000
v 78.5057 0.0000 1.0039
v 1.0000 -240.9534 495.6000
v 122.4519 1.2578 0.5098
v 1.0000 -250.9655 482.0000
v 91.6377 0.0000 0.0000
v 1.0000 -232.0536 482.0000
v 149.8424 0.0000 1.0039
v 1.0000 -240.9534 482.0000
v 122.4519 1.5000 0.5098
v 1.0000 -272.6453 482.0000
v 115.7156 0.0000 0.0000
v 1.0000 -212.7827 482.0000
v 128.4398 0.0000 1.0039
v 1.0000 -240.9534 482.0000
v 122.4519 1.5000 0.5098
v 1.0000 -262.6332 482.0000
v 146.5298 0.0000 0.0000
v 1.0000 -221.6824 482.0000
v 101.0494 0.0000 1.0039
v 1.0000 -240.9534 482.0000
v 122.4519 1.5000 0.5098
v 0.0000 -179.1499 333.0000
v 312.6632 0.0000 0.0000
v 1.0000 -62.7520 333.0000
v 213.2500 0.0000 0.0000
v 1.0000 -50.7421 333.0000
v 60.6485 0.0000 0.0000
v 1.0000 -150.1553 333.0000
v -55.7494 0.0000 0.0000
v 1.0000 -302.7568 333.0000
v -67.7594 0.0000 0.0000
v 1.0000 -419.1547 333.0000
v 31.6539 0.0000 0.0000
v 1.0000 -431.1646 333.0000
v 184.2554 0.0000 0.0000
v 1.0000 -331.7514 333.0000
v 300.6532 0.0000 0.0000
v 1.0000 -120.9510 333.0000
v 262.9566 0.0000 0.0000
v 1.0000 -56.7471 333.0000
v 136.9493 0.0000 0.0000
v 1.0000 -100.4487 333.0000
v 2.4496 0.0000 0.0000
v 1.0000 -360.9557 333.0000
v -18.0527 0.0000 0.0000
v 1.0000 -226.4560 333.0000
v -61.7544 0.0000 0.0000
v 1.0000 -425.1597 333.0000
v 107.9546 0.0000 0.0000
v 1.0000 -381.4581 333.0000
v 242.4543 0.0000 0.0000
v 1.0000 -255.4507 333.0000
v 306.6582 0.0000 0.0000
v 1.0000 -173.2270 495.6000
v 235.4113 0.0000 0.0000
v 1.0000 -78.2780 495.6000
v 245.3908 0.0000 1.0039
v 1.0000 -122.9598 495.6000
v 240.6946 1.5078 0.5098
v 1.0000 -152.6689 495.6000
v 281.5855 0.0000 0.0000
v 1.0000 -96.5519 495.6000
v 204.3470 0.0000 1.0039
v 1.0000 -122.9598 495.6000
v 240.6946 1.5078 0.5098
v 1.0000 -102.4017 495.6000
v 286.8688 0.0000 0.0000
v 1.0000 -141.2337 495.6000
v 199.6508 0.0000 1.0039
v 1.0000 -122.9598 495.6000
v 240.6946 0.0059 0.5098
v 1.0000 -149.1720 482.0000
v 221.6503 0.0000 0.0000
v 1.0000 -99.6601 482.0000
v 257.6227 0.0000 1.0039
v 1.0000 -122.9598 482.0000
v 240.6946 1.5000 0.5098
v 1.0000 -152.5587 482.0000
v 253.8729 0.0000 0.0000
v 1.0000 -96.6497 482.0000
v 228.9805 0.0000 1.0039
v 1.0000 -122.9598 482.0000
v 240.6946 1.5000 0.5098
v 1.0000 -126.3466 482.0000
v 272.9171 0.0000 0.0000
v 1.0000 -119.9494 482.0000
v 212.0523 0.0000 1.0039
v 1.0000 -122.9598 482.0000
v 240.6946 0.0059 0.5098
v 0.0000 38.8436 333.0000
v 358.2515 0.0000 0.0000
v 1.0000 74.5778 333.0000
v 209.4076 0.0000 0.0000
v 1.0000 -5.4029 333.0000
v 78.8911 0.0000 0.0000
v 1.0000 -154.2468 333.0000
v 43.1569 0.0000 0.0000
v 1.0000 -284.7633 333.0000
v 123.1376 0.0000 0.0000
v 1.0000 -320.4975 333.0000
v 271.9815 0.0000 0.0000
v 1.0000 -240.5168 333.0000
v 402.4980 0.0000 0.0000
v 1.0000 -91.6729 333.0000
v 438.2322 0.0000 0.0000
v 1.0000 56.7107 333.0000
v 283.8296 0.0000 0.0000
v 1.0000 34.5875 333.0000
v 144.1494 0.0000 0.0000
v 1.0000 -79.8248 333.0000
v 61.0240 0.0000 0.0000
v 1.0000 -302.6304 333.0000
v 197.5596 0.0000 0.0000
v 1.0000 -219.5051 333.0000
v 83.1472 0.0000 0.0000
v 1.0000 -280.5072 333.0000
v 337.2398 0.0000 0.0000
v 1.0000 -166.0949 333.0000
v 420.3651 0.0000 0.0000
v 1.0000 -26.4147 333.0000
v 398.2419 0.0000 0.0000
v 1.0000 0.0000 0.0000
v -0.0000 450.3000 -0.0000
v 653.4903 0.0000 0.0000
v 1.0000 1.0000 1.0000
v 595.5000 -0.0000 446.5158
v 0.0000 0.0000 1.0000
v 1.0000 1.0000 0.0000
v 0.0000 35.0000 1.0000
v 704.0064 0.0000 0.0000
v 1.0000 1.0000 1.0000
v 0.0000 0.0000 532.0000
v -45.0000 -315.0000 -0.0000
v 0.0000 0.9255 532.0000
v -45.0000 315.0000 -0.0000
v 1.0039 0.9255 553.0000
v 140.0000 -315.0000 -0.0000
v 1.0039 0.0000 586.0000
v 4.0000 -315.0000 -0.0000
v 0.0000 0.6784 586.0000
v 4.0000 315.0000 -0.0000
v 1.0039 0.6784 577.0000
v 107.0000 -315.0000 -0.0000
v 0.0000 0.1608 577.0000
v 107.0000 315.0000 -0.0000
v 1.0039 0.1608 540.0000
v -60.0000 -315.0000 -0.0000
v 0.0000 1.0000 540.0000
v -60.0000 315.0000 -0.0000
v 1.0039 1.0000 553.0000
v 140.0000 -65.0000 -0.0000
v 0.4000 0.0000 577.0000
v 107.0000 -65.0000 -0.0000
v 0.4000 0.1608 586.0000
v 4.0000 -65.0000 -0.0000
v 0.4000 0.6784 532.0000
v -45.0000 -65.0000 -0.0000
v 0.4000 0.9255 553.0000
v 140.0000 190.0000 -0.0000
v 0.8039 0.0000 577.0000
v 107.0000 190.0000 -0.0000
v 0.8039 0.1608 586.0000
v 4.0000 190.0000 -0.0000
v 0.8039 0.6784 532.0000
v -45.0000 190.0000 -0.0000
v 0.2000 0.0000 577.0000
v 107.0000 -190.0000 -0.0000
v 0.2000 0.1608 586.0000
v 4.0000 -190.0000 -0.0000
v 0.2000 0.6784 532.0000
v -45.0000 -190.0000 -0.0000
v 0.0314 0.1608 586.0000
v 4.0000 -295.0000 0.0000
v 0.0314 0.6784 532.0000
v -45.0000 -295.0000 0.0000
v 0.0314 0.9255 540.0000
v -60.0000 -65.0000 -0.0000
v 0.4000 1.0000 540.0000
v -60.0000 -190.0000 -0.0000
v 0.1686 1.0000 532.0000
v -45.0000 -210.0000 0.0000
v 0.1686 0.9255 586.0000
v 4.0000 -210.0000 0.0000
v 0.2314 0.1608 586.0000
v 4.0000 -170.0000 0.0000
v 0.2314 0.6784 532.0000
v -45.0000 -170.0000 0.0000
v 0.3647 1.0000 532.0000
v -45.0000 -85.0000 0.0000
v 0.3647 0.9255 586.0000
v 4.0000 -85.0000 0.0000
v 0.4314 0.1608 586.0000
v 4.0000 -45.0000 0.0000
v 0.4314 0.6784 532.0000
v -45.0000 -45.0000 0.0000
v 0.4314 0.9255 540.0000
v -60.0000 190.0000 -0.0000
v 0.9725 1.0000 532.0000
v -45.0000 295.0000 0.0000
v 0.9725 0.9255 586.0000
v 4.0000 295.0000 0.0000
v 0.8353 0.1608 586.0000
v 4.0000 210.0000 0.0000
v 0.8353 0.6784 586.0000
v 4.0000 170.0000 0.0000
v 0.7725 0.6784 532.0000
v -45.0000 170.0000 0.0000
v 0.7725 0.9255 532.0000
v -45.0000 210.0000 0.0000
v 0.5725 0.1608 586.0000
v 4.0000 45.0000 0.0000
v 0.5725 0.6784 532.0000
v -45.0000 45.0000 0.0000
v 0.6392 1.0000 532.0000
v -45.0000 85.0000 0.0000
v 0.6392 0.9255 586.0000
v 4.0000 85.0000 0.0000
v 0.6039 0.0000 577.0000
v 107.0000 65.0000 -0.0000
v 0.6039 0.1608 586.0000
v 4.0000 65.0000 -0.0000
v 0.6039 0.6784 532.0000
v -45.0000 65.0000 -0.0000
v 0.6039 0.9255 540.0000
v -60.0000 65.0000 -0.0000
v 0.6039 1.0000 562.0000
v 129.0000 315.0000 -0.0000
v 0.8353 0.0510 562.0000
v 129.0000 190.0000 -0.0000
v 0.6392 0.0510 562.0000
v 129.0000 65.0000 -0.0000
v 0.4314 0.0510 562.0000
v 129.0000 -65.0000 -0.0000
v 0.2314 0.0510 562.0000
v 129.0000 -190.0000 -0.0000
v 0.0314 0.0510 562.0000
v 129.0000 -315.0000 -0.0000
v 0.0000 0.0510 601.0000
v 50.0000 315.0000 -0.0000
v 1.0039 0.4471 601.0000
v 50.0000 295.0000 0.0079
v 0.9725 0.4471 601.0000
v 50.0000 210.0000 0.0079
v 0.8353 0.4471 601.0000
v 50.0000 190.0000 -0.0000
v 0.8039 0.4471 601.0000
v 50.0000 170.0000 8.0490
v 0.7725 0.4471 601.0000
v 50.0000 85.0000 8.0490
v 0.6392 0.4471 601.0000
v 50.0000 65.0000 -0.0000
v 0.6039 0.4471 601.0000
v 50.0000 45.0000 8.0490
v 0.5725 0.4471 601.0000
v 50.0000 -45.0000 8.0490
v 0.4314 0.4471 601.0000
v 50.0000 -65.0000 -0.0000
v 0.4000 0.4471 601.0000
v 50.0000 -85.0000 8.0490
v 0.3647 0.4471 601.0000
v 50.0000 -170.0000 8.0490
v 0.2314 0.4471 601.0000
v 50.0000 -190.0000 -0.0000
v 0.2000 0.4471 601.0000
v 50.0000 -210.0000 0.0079
v 0.1686 0.4471 601.0000
v 50.0000 -295.0000 0.0079
v 0.0314 0.4471 601.0000
v 50.0000 -315.0000 -0.0000
v 0.0000 0.4471 -532.0000
v -45.0000 315.0000 -0.0000
v 1.0039 0.9255 -532.0000
v -45.0000 -314.9999 -0.0000
v 0.0000 0.9255 -553.0000
v 140.0000 315.0000 -0.0000
v 0.0000 0.0000 -586.0000
v 4.0000 315.0001 -0.0000
v 1.0039 0.6784 -586.0000
v 4.0000 -314.9999 -0.0000
v 0.0000 0.6784 -577.0000
v 107.0000 315.0000 -0.0000
v 1.0039 0.1608 -577.0000
v 107.0000 -314.9999 -0.0000
v 0.0000 0.1608 -540.0000
v -60.0000 315.0000 -0.0000
v 1.0039 1.0000 -540.0000
v -60.0000 -314.9999 -0.0000
v 0.0000 1.0000 -553.0000
v 140.0000 65.0001 -0.0000
v 0.6039 0.0000 -577.0000
v 107.0000 65.0001 -0.0000
v 0.6039 0.1608 -586.0000
v 4.0000 65.0001 -0.0000
v 0.6039 0.6784 -532.0000
v -45.0000 65.0001 -0.0000
v 0.6039 0.9255 -553.0000
v 140.0000 -189.9999 -0.0000
v 0.2000 0.0000 -577.0000
v 107.0000 -189.9999 -0.0000
v 0.2000 0.1608 -586.0000
v 4.0000 -189.9999 -0.0000
v 0.2000 0.6784 -532.0000
v -45.0000 -189.9999 -0.0000
v 0.2000 0.9255 -553.0000
v 140.0000 190.0000 -0.0000
v 0.8039 0.0000 -577.0000
v 107.0000 190.0000 -0.0000
v 0.8039 0.1608 -586.0000
v 4.0000 190.0000 -0.0000
v 0.8039 0.6784 -532.0000
v -45.0000 190.0000 -0.0000
v 0.9725 0.1608 -586.0000
v 4.0000 295.0000 0.0000
v 0.9725 0.6784 -532.0000
v -45.0000 295.0000 0.0000
v 0.9725 0.9255 -540.0000
v -60.0000 65.0001 -0.0000
v 0.6039 1.0000 -540.0000
v -60.0000 190.0000 -0.0000
v 0.8353 1.0000 -532.0000
v -45.0000 210.0000 0.0000
v 0.8353 0.9255 -586.0000
v 4.0000 210.0000 0.0000
v 0.7725 0.1608 -586.0000
v 4.0000 170.0000 0.0000
v 0.7725 0.6784 -532.0000
v -45.0000 170.0000 0.0000
v 0.6392 1.0000 -532.0000
v -45.0000 85.0001 0.0000
v 0.6392 0.9255 -586.0000
v 4.0000 85.0000 0.0000
v 0.5725 0.1608 -586.0000
v 4.0000 45.0000 0.0000
v 0.5725 0.6784 -532.0000
v -45.0000 45.0001 0.0000
v 0.5725 0.9255 -540.0000
v -60.0000 -189.9999 -0.0000
v 0.0314 1.0000 -532.0000
v -45.0000 -294.9999 0.0000
v 0.0314 0.9255 -586.0000
v 4.0000 -294.9999 0.0000
v 0.1686 0.1608 -586.0000
v 4.0000 -209.9999 0.0000
v 0.1686 0.6784 -586.0000
v 4.0000 -170.0000 0.0000
v 0.2314 0.6784 -532.0000
v -45.0000 -169.9999 0.0000
v 0.2314 0.9255 -532.0000
v -45.0000 -209.9999 0.0000
v 0.4314 0.1608 -586.0000
v 4.0000 -44.9999 0.0000
v 0.4314 0.6784 -532.0000
v -45.0000 -45.0000 0.0000
v 0.3647 1.0000 -532.0000
v -45.0000 -85.0000 0.0000
v 0.3647 0.9255 -586.0000
v 4.0000 -84.9999 0.0000
v 0.4000 0.0000 -577.0000
v 107.0000 -64.9999 -0.0000
v 0.4000 0.1608 -586.0000
v 4.0000 -64.9999 -0.0000
v 0.4000 0.6784 -532.0000
v -45.0000 -64.9999 -0.0000
v 0.4000 0.9255 -540.0000
v -60.0000 -64.9999 -0.0000
v 0.4000 1.0000 -562.0000
v 129.0000 -314.9999 -0.0000
v 0.1686 0.0510 -562.0000
v 129.0000 -189.9999 -0.0000
v 0.3647 0.0510 -562.0000
v 129.0000 -64.9999 -0.0000
v 0.5725 0.0510 -562.0000
v 129.0000 65.0001 -0.0000
v 0.7725 0.0510 -562.0000
v 129.0000 190.0000 -0.0000
v 0.9725 0.0510 -562.0000
v 129.0000 315.0000 -0.0000
v 1.0039 0.0510 -601.0000
v 50.0000 -314.9999 -0.0000
v 0.0000 0.4471 -601.0000
v 50.0000 -294.9999 0.0079
v 0.0314 0.4471 -601.0000
v 50.0000 -209.9999 0.0079
v 0.1686 0.4471 -601.0000
v 50.0000 -189.9999 -0.0000
v 0.2000 0.4471 -601.0000
v 50.0000 -169.9999 8.0490
v 0.2314 0.4471 -601.0000
v 50.0000 -84.9999 8.0490
v 0.3647 0.4471 -601.0000
v 50.0000 -64.9999 -0.0000
v 0.4000 0.4471 -601.0000
v 50.0000 -44.9999 8.0490
v 0.4314 0.4471 -601.0000
v 50.0000 45.0001 8.0490
v 0.5725 0.4471 -601.0000
v 50.0000 65.0001 -0.0000
v 0.6039 0.4471 -601.0000
v 50.0000 85.0001 8.0490
v 0.6392 0.4471 -601.0000
v 50.0000 170.0000 8.0490
v 0.7725 0.4471 -601.0000
v 50.0000 190.0000 -0.0000
v 0.8039 0.4471 -601.0000
v 50.0000 210.0000 0.0079
v 0.8353 0.4471 -601.0000
v 50.0000 295.0000 0.0079
v 0.9725 0.4471 -601.0000
v 50.0000 315.0000 -0.0000
v 1.0039 0.4471 0.0000
v 0.0000 0.0000 40.0000
v 0.0000 678.5469 0.0000
v 0.0000 1.0000 1.0000
v 1.0000 0.0000 0.0000
v -7.3922 0.4980 0.0000
v 0.0000 540.0000 20.0000
v 1.0000 581.8075 0.0000
v 0.0000 1.0000 1.0000
v 1.0000 0.0000 0.0000
v 0.0000 0.0000 450.0000
v 340.0000 -0.0001 585.2350
v 0.0000 0.0000 1.0000
v 1.0000 1.0000 0.0000
v 0.0000 0.0000 -539.9998
v 20.0000 -1.0002 581.8076
v 0.0000 0.0000 1.0000
v 1.0000 1.0000 0.0000
v 0.0235 0.9961 0.0000
v 0.0000 -450.0000 340.0000
v -0.0001 585.2350 0.0000
v 0.0000 1.0000 1.0000
v 1.0000 0.0000 0.0000
v 0.0000 -5.0196 0.0000
v 0.0000 -8.4925 0.0000
v 635.7488 0.0000 0.0000
v 1.0000 1.0000 1.0000
v 0.0000 5.6800 -403.1700
v 0.0000 0.0000 0.7255
v 0.0000 14.0700 -400.5000
v 0.0000 0.5020 0.7255
v -61.4100 5.6800 -397.8300
v 0.0000 0.0000 0.7020
v -61.4100 14.0700 -395.1600
v 0.0000 0.5020 0.6980
v -122.8200 5.6800 -384.4800
v 0.0000 0.0000 0.6745
v -122.8200 14.0700 -381.8100
v 0.0000 0.5020 0.6745
v -184.2300 5.6800 -357.7800
v 0.0000 0.0000 0.6471
v -181.5600 14.0700 -355.1100
v 0.0000 0.5020 0.6471
v -237.6300 5.6800 -325.7400
v 0.0000 0.0000 0.6235
v -234.9600 14.0700 -323.0700
v 0.0000 0.5020 0.6235
v -285.6900 5.6800 -285.6900
v 0.0000 0.0000 0.6000
v -283.0200 14.0700 -283.0200
v 0.0000 0.5020 0.6000
v -325.7400 5.6800 -237.6300
v 0.0000 0.0000 0.5765
v -323.0700 14.0700 -234.9600
v 0.0000 0.5020 0.5725
v -360.4500 5.6800 -184.2300
v 0.0000 0.0000 0.5490
v -357.7800 14.0700 -181.5600
v 0.0000 0.5020 0.5490
v -384.4800 5.6800 -125.4900
v 0.0000 0.0000 0.5255
v -381.8100 14.0700 -122.8200
v 0.0000 0.5020 0.5216
v -397.8300 5.6800 -61.4100
v 0.0000 0.0000 0.4980
v -395.1600 14.0700 -61.4100
v 0.0000 0.5020 0.4980
v -403.1700 5.6800 0.0000
v 0.0000 0.0000 0.4745
v -400.5000 14.0700 0.0000
v 0.0000 0.5020 0.4745
v -397.8300 5.6800 61.4100
v 0.0000 0.0000 0.4510
v -395.1600 14.0700 61.4100
v 0.0000 0.5020 0.4471
v -384.4800 5.6800 125.4900
v 0.0000 0.0000 0.4235
v -381.8100 14.0700 122.8200
v 0.0000 0.5020 0.4235
v -360.4500 5.6800 184.2300
v 0.0000 0.0000 0.4000
v -357.7800 14.0700 181.5600
v 0.0000 0.5020 0.4000
v -325.7400 5.6800 237.6300
v 0.0000 0.0000 0.3725
v -323.0700 14.0700 234.9600
v 0.0000 0.5020 0.3725
v -285.6900 5.6800 285.6900
v 0.0000 0.0000 0.3490
v -283.0200 14.0700 283.0200
v 0.0000 0.5020 0.3490
v -237.6300 5.6800 325.7400
v 0.0000 0.0000 0.3216
v -234.9600 14.0700 323.0700
v 0.0000 0.5020 0.3216
v -184.2300 5.6800 360.4500
v 0.0000 0.0000 0.2980
v -181.5600 14.0700 357.7800
v 0.0000 0.5020 0.2980
v -122.8200 5.6800 384.4800
v 0.0000 0.0000 0.2706
v -122.8200 14.0700 381.8100
v 0.0000 0.5020 0.2706
v -61.4100 5.6800 397.8300
v 0.0000 0.0000 0.2471
v -61.4100 14.0700 395.1600
v 0.0000 0.5020 0.2471
v 0.0000 5.6800 403.1700
v 0.0000 0.0000 0.2235
v 0.0000 14.0700 400.5000
v 0.0000 0.5020 0.2235
v 61.4100 5.6800 -397.8300
v 0.0000 0.0000 0.7490
v 61.4100 14.0700 -395.1600
v 0.0000 0.5020 0.7490
v 122.8200 5.6800 -384.4800
v 0.0000 0.0000 0.7725
v 122.8200 14.0700 -381.8100
v 0.0000 0.5020 0.7725
v 184.2300 5.6800 -357.7800
v 0.0000 0.0000 0.8000
v 181.5600 14.0700 -355.1100
v 0.0000 0.5020 0.8000
v 237.6300 5.6800 -325.7400
v 0.0000 0.0000 0.8235
v 234.9600 14.0700 -323.0700
v 0.0000 0.5020 0.8235
v 285.6900 5.6800 -285.6900
v 0.0000 0.0000 0.8510
v 283.0200 14.0700 -283.0200
v 0.0000 0.5020 0.8510
v 325.7400 5.6800 -237.6300
v 0.0000 0.0000 0.8745
v 323.0700 14.0700 -234.9600
v 0.0000 0.5020 0.8745
v 360.4500 5.6800 -184.2300
v 0.0000 0.0000 0.9020
v 357.7800 14.0700 -181.5600
v 0.0000 0.5020 0.9020
v 384.4800 5.6800 -125.4900
v 0.0000 0.0000 0.9255
v 381.8100 14.0700 -122.8200
v 0.0000 0.5020 0.9255
v 397.8300 5.6800 -61.4100
v 0.0000 0.0000 0.9529
v 395.1600 14.0700 -61.4100
v 0.0000 0.5020 0.9490
v 403.1700 5.6800 0.0000
v 0.0000 0.0000 0.9765
v 400.5000 14.0700 0.0000
v 0.0000 0.5020 0.9765
v 397.8300 5.6800 61.4100
v 395.1600 14.0700 61.4100
v 0.0000 0.5020 0.0000
v 384.4800 5.6800 125.4900
v 0.0000 0.0000 0.0235
v 381.8100 14.0700 122.8200
v 0.0000 0.5020 0.0196
v 360.4500 5.6800 184.2300
v 0.0000 0.0000 0.0471
v 357.7800 14.0700 181.5600
v 0.0000 0.5020 0.0471
v 325.7400 5.6800 237.6300
v 0.0000 0.0000 0.0706
v 323.0700 14.0700 234.9600
v 0.0000 0.5020 0.0706
v 285.6900 5.6800 285.6900
v 0.0000 0.0000 0.0980
v 283.0200 14.0700 283.0200
v 0.0000 0.5020 0.0980
v 237.6300 5.6800 325.7400
v 0.0000 0.0000 0.1216
v 234.9600 14.0700 323.0700
v 0.0000 0.5020 0.1216
v 184.2300 5.6800 360.4500
v 0.0000 0.0000 0.1490
v 181.5600 14.0700 357.7800
v 0.0000 0.5020 0.1490
v 122.8200 5.6800 384.4800
v 0.0000 0.0000 0.1725
v 122.8200 14.0700 381.8100
v 0.0000 0.5020 0.1725
v 61.4100 5.6800 397.8300
v 0.0000 0.0000 0.2000
v 61.4100 14.0700 395.1600
v 0.0000 0.5020 0.1961
v 0.0000 5.6850 -437.2659
v 0.0000 0.0000 0.7255
v 0.0000 14.0700 -449.3610
v 0.0000 0.5020 0.7255
v -66.3462 5.6850 -431.3532
v 0.0000 0.0000 0.7020
v -68.9020 14.0700 -443.3695
v 0.0000 0.5020 0.6980
v -132.6923 5.6850 -416.5026
v 0.0000 0.0000 0.6745
v -137.8040 14.0700 -428.3908
v 0.0000 0.5020 0.6745
v -199.7948 5.6850 -387.5578
v 0.0000 0.0000 0.6471
v -203.7103 14.0700 -398.4334
v 0.0000 0.5020 0.6471
v -257.6844 5.6850 -352.9753
v 0.0000 0.0000 0.6235
v -263.6251 14.0700 -362.4845
v 0.0000 0.5020 0.6235
v -309.9362 5.6850 -309.1800
v 0.0000 0.0000 0.6000
v -317.5485 14.0700 -317.5485
v 0.0000 0.5020 0.6000
v -352.9753 5.6850 -257.6844
v 0.0000 0.0000 0.5765
v -362.4845 14.0700 -263.6251
v 0.0000 0.5020 0.5725
v -390.3766 5.6850 -199.7947
v 0.0000 0.0000 0.5490
v -401.4291 14.0700 -203.7103
v 0.0000 0.5020 0.5490
v -416.5026 5.6850 -136.2674
v 0.0000 0.0000 0.5255
v -428.3908 14.0700 -137.8040
v 0.0000 0.5020 0.5216
v -431.3532 5.6850 -66.3462
v 0.0000 0.0000 0.4980
v -443.3695 14.0700 -68.9020
v 0.0000 0.5020 0.4980
v -436.9908 5.6850 0.0000
v 0.0000 0.0000 0.4745
v -449.3610 14.0700 0.0000
v 0.0000 0.5020 0.4745
v -431.3532 5.6850 67.1024
v 0.0000 0.0000 0.4510
v -443.3695 14.0700 68.9020
v 0.0000 0.5020 0.4471
v -416.5026 5.6850 135.5112
v 0.0000 0.0000 0.4235
v -428.3908 14.0700 137.8040
v 0.0000 0.5020 0.4235
v -391.1330 5.6850 199.0385
v 0.0000 0.0000 0.4000
v -401.4291 14.0700 203.7103
v 0.0000 0.5020 0.4000
v -352.9753 5.6850 257.6844
v 0.0000 0.0000 0.3725
v -362.4845 14.0700 263.6251
v 0.0000 0.5020 0.3725
v -309.1800 5.6850 309.9362
v 0.0000 0.0000 0.3490
v -317.5485 14.0700 317.5485
v 0.0000 0.5020 0.3490
v -257.6844 5.6850 352.9753
v 0.0000 0.0000 0.3216
v -263.6251 14.0700 362.4845
v 0.0000 0.5020 0.3216
v -199.7947 5.6850 390.3766
v 0.0000 0.0000 0.2980
v -203.7103 14.0700 401.4291
v 0.0000 0.5020 0.2980
v -133.4486 5.6850 416.5026
v 0.0000 0.0000 0.2706
v -137.8040 14.0700 428.3908
v 0.0000 0.5020 0.2706
v -67.1024 5.6850 431.3532
v 0.0000 0.0000 0.2471
v -68.9020 14.0700 443.3695
v 0.0000 0.5020 0.2471
v 0.0000 5.6850 436.9908
v 0.0000 0.0000 0.2235
v 0.0000 14.0700 449.3610
v 0.0000 0.5020 0.2235
v 66.3462 5.6850 -431.3532
v 0.0000 0.0000 0.7490
v 68.9020 14.0700 -443.3695
v 0.0000 0.5020 0.7490
v 132.6923 5.6850 -416.5026
v 0.0000 0.0000 0.7725
v 137.8040 14.0700 -428.3908
v 0.0000 0.5020 0.7725
v 199.7948 5.6850 -387.5578
v 0.0000 0.0000 0.8000
v 203.7103 14.0700 -398.4334
v 0.0000 0.5020 0.8000
v 257.6844 5.6850 -352.9753
v 0.0000 0.0000 0.8235
v 263.6251 14.0700 -362.4845
v 0.0000 0.5020 0.8235
v 309.9362 5.6850 -309.1800
v 0.0000 0.0000 0.8510
v 317.5485 14.0700 -317.5485
v 0.0000 0.5020 0.8510
v 352.9753 5.6850 -257.6844
v 0.0000 0.0000 0.8745
v 362.4845 14.0700 -263.6251
v 0.0000 0.5020 0.8745
v 390.3766 5.6850 -199.7947
v 0.0000 0.0000 0.9020
v 401.4291 14.0700 -203.7103
v 0.0000 0.5020 0.9020
v 416.5026 5.6850 -136.2674
v 0.0000 0.0000 0.9255
v 428.3908 14.0700 -137.8040
v 0.0000 0.5020 0.9255
v 431.3532 5.6850 -66.3462
v 0.0000 0.0000 0.9529
v 443.3695 14.0700 -68.9020
v 0.0000 0.5020 0.9490
v 436.9908 5.6850 0.0000
v 0.0000 0.0000 0.9765
v 449.3610 14.0700 0.0000
v 0.0000 0.5020 0.9765
v 431.3532 5.6850 67.1024
v 0.0000 0.0000 1.0000
v 443.3695 14.0700 68.9020
v 0.0000 0.5020 1.0000
v 416.5026 5.6850 135.5112
v 0.0000 0.0000 0.0235
v 428.3908 14.0700 137.8040
v 0.0000 0.5020 0.0196
v 391.1330 5.6850 199.0385
v 0.0000 0.0000 0.0471
v 401.4291 14.0700 203.7103
v 0.0000 0.5020 0.0471
v 352.9753 5.6850 257.6844
v 0.0000 0.0000 0.0706
v 362.4845 14.0700 263.6251
v 0.0000 0.5020 0.0706
v 309.1800 5.6850 309.9362
v 0.0000 0.0000 0.0980
v 317.5485 14.0700 317.5485
v 0.0000 0.5020 0.0980
v 257.6844 5.6850 352.9753
v 0.0000 0.0000 0.1216
v 263.6251 14.0700 362.4845
v 0.0000 0.5020 0.1216
v 199.7947 5.6850 390.3766
v 0.0000 0.0000 0.1490
v 203.7103 14.0700 401.4291
v 0.0000 0.5020 0.1490
v 133.4486 5.6850 416.5026
v 0.0000 0.0000 0.1725
v 137.8040 14.0700 428.3908
v 0.0000 0.5020 0.1725
v 67.1024 5.6850 431.3532
v 0.0000 0.0000 0.2000
v 68.9020 14.0700 443.3695
v 0.0000 0.5020 0.1961
v 395.1600 14.0700 61.4100
v 0.0000 0.5020 1.0000
v 397.8300 5.6800 61.4100
v 0.0000 0.0000 1.0000
v 397.8300 5.6800 61.4100
v 0.0000 0.0000 1.0000
v 431.3532 5.6850 67.1024
v 443.3695 14.0700 68.9020
v 0.0000 0.5020 0.0000
v 0.0000 0.0000 9.8750
v 0.0000 635.4924 0.0000
v 0.0000 1.0000 1.0000
v 1.0000 0.0000 0.0000
v 0.0000 0.0000 -14.0001
v 1.0000 31.0000 0.0000
v 0.8980 0.7961 13.9999
v 1.0000 31.0000 0.0000
v 0.8980 0.7961 -14.0001
v 37.0000 31.0000 0.0000
v 0.8980 0.1255 13.9999
v 37.0000 31.0000 0.0000
v 1.0039 0.4980 24.9999
v 17.0000 31.0000 0.0000
v 0.8980 0.4980 -24.0001
v 17.0000 31.0000 0.0000
v 0.8980 0.4980 -31.0001
v 17.0000 124.0000 0.0000
v 0.0000 0.4980 28.9999
v 17.0000 124.0000 0.0000
v 0.0000 0.4980 -10.0001
v 17.0000 20.0000 0.0000
v 1.0039 0.4980 9.9999
v 17.0000 20.0000 0.0000
v 1.0039 0.4980 -0.0001
v 17.0000 124.0000 0.0000
v 0.0000 0.4980 -0.0001
v 17.0000 20.0000 -0.0000
v 1.0039 0.4980 -21.0001
v 44.0000 124.0000 0.0000
v 0.0000 0.0000 18.9999
v -10.0000 124.0000 0.0000
v 0.0000 1.0000 -6.0001
v 25.0000 20.0000 0.0000
v 1.0039 0.3490 6.9999
v 8.0000 20.0000 0.0000
v 1.0039 0.6667 -0.0001
v 17.0000 124.0000 0.0000
v 0.0000 0.4980 -0.0001
v 17.0000 20.0000 -0.0000
v 1.0039 0.4980 18.9999
v 44.0000 124.0000 0.0000
v 0.0000 0.0000 -22.0001
v -10.0000 124.0000 0.0000
v 0.0000 1.0000 4.9999
v 25.0000 20.0000 0.0000
v 1.0039 0.3490 -8.0001
v 8.0000 20.0000 0.0000
v 1.0039 0.6667 -0.0001
v 17.0000 124.0000 0.0000
v 0.0000 0.4980 -0.0001
v 17.0000 20.0000 -0.0000
v 1.0039 0.4980 0.0000
v 0.0000 -1.0001 17.0000
v 72.0000 72.5075 0.0000
v 0.0000 1.0000 1.0000
v 1.0000 0.0000 0.0000
v -0.0000 17.0000 8.0000
v 19.8429 0.0000 0.0000
v 0.0000 -4.0000 -0.0000
v 1.0000 1.0000 1.0000
v 0.0000 0.0000 486.0000
v 1.0000 1.0000 0.0000
v -14.0001 1.0000 31.0000
v 0.0000 0.8980 0.7961
v 13.9999 1.0000 31.0000
v 0.0000 0.8980 0.7961
v -14.0001 37.0000 31.0000
v 0.0000 0.8980 0.1255
v 13.9999 37.0000 31.0000
v 0.0000 0.8980 0.1255
v 24.9999 17.0000 31.0000
v 0.0000 0.8980 0.4980
v -24.0001 17.0000 31.0000
v 0.0000 0.8980 0.4980
v -31.0001 17.0000 124.0000
v 0.0000 0.0000 0.4980
v 28.9999 17.0000 124.0000
v 0.0000 0.0000 0.4980
v -10.0001 17.0000 20.0000
v 0.0000 1.0039 0.4980
v 9.9999 17.0000 20.0000
v 0.0000 1.0039 0.4980
v -0.0001 17.0000 124.0000
v 0.0000 0.0000 0.4980
v -0.0001 17.0000 20.0000
v -0.0000 1.0039 0.4980
v -21.0001 44.0000 124.0000
v 18.9999 -10.0000 124.0000
v 0.0000 0.0000 1.0000
v -6.0001 25.0000 20.0000
v 0.0000 1.0039 0.3490
v 6.9999 8.0000 20.0000
v 0.0000 1.0039 0.6667
v -0.0001 17.0000 124.0000
v 0.0000 0.0000 0.4980
v -0.0001 17.0000 20.0000
v -0.0000 1.0039 0.4980
v 18.9999 44.0000 124.0000
v -22.0001 -10.0000 124.0000
v 0.0000 0.0000 1.0000
v 4.9999 25.0000 20.0000
v 0.0000 1.0039 0.3490
v -8.0001 8.0000 20.0000
v 0.0000 1.0039 0.6667
v -0.0001 17.0000 124.0000
v 0.0000 0.0000 0.4980
v -0.0001 17.0000 20.0000
v -0.0000 1.0039 0.4980
v 0.0000 0.0000 -1.0001
v 17.0000 72.0000 72.5075
v 0.0000 0.0000 1.0000
v 1.0000 1.0000 0.0000
v 1.0000 0.0000 0.0000
v 0.0000 -0.0000 17.0000
v 8.0000 19.8429 0.0000
v 0.0000 0.0000 -4.0000
v 0.0000 1.0000 1.0000
v 1.0000 0.0000 0.0000
v 1.0000 1.0000 1.0000
v 0.0000 0.0000 -2.6300
v -400.3798 0.0000 0.5020
v 1.0000 -61.3916 -2.6300
v -395.0414 0.0000 0.4235
v 0.9922 -122.7832 -2.6300
v -381.6954 0.0000 0.3490
v 0.9765 -181.5055 -2.6300
v -355.0034 0.0000 0.2745
v 0.9412 -234.8895 -2.6300
v -322.9731 0.0000 0.2078
v 0.9020 -282.9351 -2.6300
v -282.9351 0.0000 0.1490
v 0.8510 -322.9731 -2.6300
v -234.8895 0.0000 0.0980
v 0.7922 -357.6726 -2.6300
v -181.5055 0.0000 0.0549
v 0.7255 -381.6954 -2.6300
v -122.7832 0.0000 0.0235
v 0.6510 -395.0414 -2.6300
v -61.3916 0.0000 0.0078
v 0.5765 -400.3798 -2.6300
v 0.4980 -395.0414 -2.6300
v 61.3916 0.0000 0.0078
v 0.4196 -381.6954 -2.6300
v 122.7832 0.0000 0.0235
v 0.3451 -357.6726 -2.6300
v 181.5055 0.0000 0.0549
v 0.2706 -322.9731 -2.6300
v 234.8895 0.0000 0.0980
v 0.2039 -282.9351 -2.6300
v 282.9351 0.0000 0.1490
v 0.1451 -234.8895 -2.6300
v 322.9731 0.0000 0.2078
v 0.0941 -181.5055 -2.6300
v 357.6726 0.0000 0.2745
v 0.0510 -122.7832 -2.6300
v 381.6954 0.0000 0.3490
v 0.0196 -61.3916 -2.6300
v 395.0414 0.0000 0.4235
v 0.0039 0.0000 -2.6300
v 400.3798 0.0000 0.5020
v 0.0000 61.3916 -2.6300
v -395.0414 0.0000 0.5804
v 0.9922 122.7832 -2.6300
v -381.6954 0.0000 0.6549
v 0.9765 181.5055 -2.6300
v -355.0034 0.0000 0.7294
v 0.9412 234.8895 -2.6300
v -322.9731 0.0000 0.7961
v 0.9020 282.9351 -2.6300
v -282.9351 0.0000 0.8549
v 0.8510 322.9731 -2.6300
v -234.8895 0.0000 0.9059
v 0.7922 357.6726 -2.6300
v -181.5055 0.0000 0.9490
v 0.7255 381.6954 -2.6300
v -122.7832 0.0000 0.9804
v 0.6510 395.0414 -2.6300
v -61.3916 0.0000 0.9961
v 0.5765 400.3798 -2.6300
v 0.0000 0.0000 1.0039
v 0.4980 395.0414 -2.6300
v 61.3916 0.0000 0.9961
v 0.4196 381.6954 -2.6300
v 122.7832 0.0000 0.9804
v 0.3451 357.6726 -2.6300
v 181.5055 0.0000 0.9490
v 0.2706 322.9731 -2.6300
v 234.8895 0.0000 0.9059
v 0.2039 282.9351 -2.6300
v 282.9351 0.0000 0.8549
v 0.1451 234.8895 -2.6300
v 322.9731 0.0000 0.7961
v 0.0941 181.5055 -2.6300
v 357.6726 0.0000 0.7294
v 0.0510 122.7832 -2.6300
v 381.6954 0.0000 0.6549
v 0.0196 61.3916 -2.6300
v 395.0414 0.0000 0.5804
v 0.0039 0.0000 2.0700
v -400.3798 0.0000 0.5020
v 1.0000 -61.3916 2.0700
v -395.0414 0.0000 0.4235
v 0.9922 -122.7832 2.0700
v -381.6954 0.0000 0.3490
v 0.9765 -181.5055 2.0700
v -355.0034 0.0000 0.2745
v 0.9412 -234.8895 2.0700
v -322.9731 0.0000 0.2078
v 0.9020 -282.9351 2.0700
v -282.9351 0.0000 0.1490
v 0.8510 -322.9731 2.0700
v -234.8895 0.0000 0.0980
v 0.7922 -357.6726 2.0700
v -181.5055 0.0000 0.0549
v 0.7255 -381.6954 2.0700
v -122.7832 0.0000 0.0235
v 0.6510 -395.0414 2.0700
v -61.3916 0.0000 0.0078
v 0.5765 -400.3798 2.0700
v 0.4980 -395.0414 2.0700
v 61.3916 0.0000 0.0078
v 0.4196 -381.6954 2.0700
v 122.7832 0.0000 0.0235
v 0.3451 -357.6726 2.0700
v 181.5055 0.0000 0.0549
v 0.2706 -322.9731 2.0700
v 234.8895 0.0000 0.0980
v 0.2039 -282.9351 2.0700
v 282.9351 0.0000 0.1490
v 0.1451 -234.8895 2.0700
v 322.9731 0.0000 0.2078
v 0.0941 -181.5055 2.0700
v 357.6726 0.0000 0.2745
v 0.0510 -122.7832 2.0700
v 381.6954 0.0000 0.3490
v 0.0196 -61.3916 2.0700
v 395.0414 0.0000 0.4235
v 0.0039 0.0000 2.0700
v 400.3798 0.0000 0.5020
v 0.0000 61.3916 2.0700
v -395.0414 0.0000 0.5804
v 0.9922 122.7832 2.0700
v -381.6954 0.0000 0.6549
v 0.9765 181.5055 2.0700
v -355.0034 0.0000 0.7294
v 0.9412 234.8895 2.0700
v -322.9731 0.0000 0.7961
v 0.9020 282.9351 2.0700
v -282.9351 0.0000 0.8549
v 0.8510 322.9731 2.0700
v -234.8895 0.0000 0.9059
v 0.7922 357.6726 2.0700
v -181.5055 0.0000 0.9490
v 0.7255 381.6954 2.0700
v -122.7832 0.0000 0.9804
v 0.6510 395.0414 2.0700
v -61.3916 0.0000 0.9961
v 0.5765 400.3798 2.0700
v 0.0000 0.0000 1.0039
v 0.4980 395.0414 2.0700
v 61.3916 0.0000 0.9961
v 0.4196 381.6954 2.0700
v 122.7832 0.0000 0.9804
v 0.3451 357.6726 2.0700
v 181.5055 0.0000 0.9490
v 0.2706 322.9731 2.0700
v 234.8895 0.0000 0.9059
v 0.2039 282.9351 2.0700
v 282.9351 0.0000 0.8549
v 0.1451 234.8895 2.0700
v 322.9731 0.0000 0.7961
v 0.0941 181.5055 2.0700
v 357.6726 0.0000 0.7294
v 0.0510 122.7832 2.0700
v 381.6954 0.0000 0.6549
v 0.0196 61.3916 2.0700
v 395.0414 0.0000 0.5804
v 0.0039 0.0000 2.0700
v 0.0000 0.0000 0.5020
v 0.4980 0.0000 0.0000
v 0.0000 -0.2800 0.0000
v 566.2225 0.0000 0.0000
v 1.0000 1.0000 1.0000
v 0.0000 0.0000 484.0000
v 1.0000 1.0000 0.0000
v 0.0000 1.0000 1.0000
v 1.0000 0.0000 0.0000
v 1.0000 1.0000 1.0000
v 0.0000 0.0000 435.0000
v 1.0000 1.0000 0.0000
v 0.0000 1.0000 1.0000
v 1.0000 0.0000 0.0000
v 1.0000 1.0000 1.0000
v 0.0000 0.0000 586.0000
v 1.0000 1.0000 0.0000
v 0.0000 1.0000 1.0000
v 1.0000 0.0000 0.0000
v 1.0000 1.0000 1.0000
v 0.0000 0.0000 528.0000
v 1.0000 1.0000 0.0000
v 0.0000 1.0000 1.0000
v 1.0000 0.0000 0.0000
v -484.0000 190.0000 29.0000
v 1.0000 1.0000 1.0000
v 0.0000 0.0000 -478.0000
v 190.0000 -99.0000 0.0000
v 0.0000 0.0000 1.0000
v 1.0000 1.0000 0.0000
v 0.0000 1.0000 1.0000
v 1.0000 0.0000 0.0000
v -478.0000 190.0000 99.0000
v 1.0000 1.0000 1.0000
v 0.0000 0.0000 -426.0000
v 1.0000 1.0000 0.0000
v 0.0000 -535.0000 289.0000
v -42.0000 0.0000 0.0000
v 0.0000 1.0000 1.0000
v 1.0000 0.0000 0.0000
v 1.0000 1.0000 1.0000
v 0.0000 0.0000 -435.0000
v 1.0000 1.0000 0.0000
v 0.0000 1.0000 1.0000
v 1.0000 0.0000 0.0000
v 1.0000 1.0000 1.0000
v 0.0000 0.0000 -435.0000
v 1.0000 1.0000 0.0000
v 0.0000 -586.0000 389.0000
v 29.0000 0.0000 0.0000
v 0.0000 1.0000 1.0000
v 1.0000 0.0000 0.0000
v -580.0000 389.0000 -99.0000
v 1.0000 1.0000 1.0000
v 0.0000 0.0000 -528.0000
v 1.0000 1.0000 0.0000
v 0.0000 -580.0000 389.0000
v 99.0000 0.0000 0.0000
v 0.0000 1.0000 1.0000
v 1.0000 0.0000 0.0000
v 1.0000 1.0000 1.0000
v 0.0000 0.0000 478.0000
v 1.0000 1.0000 0.0000
v 0.0000 1.0000 1.0000
v 1.0000 0.0000 0.0000
v 1.0000 1.0000 1.0000
v 0.0000 0.0000 535.0000
v 1.0000 1.0000 0.0000
v 0.0000 1.0000 1.0000
v 1.0000 0.0000 0.0000
v 1.0000 1.0000 1.0000
v 0.0000 0.0000 477.0000
v 1.0000 1.0000 0.0000
v 0.0000 1.0000 1.0000
v 1.0000 0.0000 0.0000
v 1.0000 1.0000 1.0000
v 0.0000 0.0000 580.0000
v 1.0000 1.0000 0.0000
v 0.0000 1.0000 1.0000
v 1.0000 0.0000 0.0000
v 1.0000 1.0000 1.0000
v 0.0000 0.0000 486.0000
v 1.0000 1.0000 0.0000
v 0.0000 -484.0000 190.0000
v -42.0000 0.0000 0.0000
v 0.0000 1.0000 1.0000
v 1.0000 0.0000 0.0000
v 1.0000 1.0000 1.0000
v 0.0000 0.0000 -384.0000
v 1.0000 1.0000 0.0000
v 0.0000 1.0000 1.0000
v 1.0000 0.0000 0.0000
v 1.0000 1.0000 1.0000
v 0.0000 0.0000 -384.0000
v 1.0000 1.0000 0.0000
v 0.0000 -535.0000 289.0000
v 29.0000 0.0000 0.0000
v 0.0000 1.0000 1.0000
v 1.0000 0.0000 0.0000
v -529.0000 289.0000 -99.0000
v 1.0000 1.0000 1.0000
v 0.0000 0.0000 -477.0000
v 1.0000 1.0000 0.0000
v 0.0000 -529.0000 289.0000
v 99.0000 0.0000 0.0000
v 0.0000 1.0000 1.0000
v 1.0000 0.0000 0.0000
v 1.0000 1.0000 1.0000
v 0.0000 0.0000 -586.0000
v 389.0000 -42.0000 0.0000
v 0.0000 0.0000 1.0000
v 1.0000 1.0000 0.0000
v 0.0000 1.0000 1.0000
v 1.0000 0.0000 0.0000
v 1.0000 1.0000 1.0000
v 0.0000 0.0000 -565.0000
v 1.0000 1.0000 0.0000
v 0.0000 1.0000 1.0000
v 1.0000 0.0000 0.0000
v 1.0000 1.0000 1.0000
v 0.0000 0.0000 463.0000
v 1.0000 1.0000 0.0000
v -2.0000 0.0000 0.0000
v 0.0000 -1.9000 0.0000
v 0.0000 0.0000 -0.3297
v -0.1477 0.0000 0.0000
v 0.0000 -0.0968 0.0000
v 0.0000 0.0000 -3.0000
v -2.9030 0.0000 0.0000
v 0.0000 -0.4509 0.0000
v 0.0000 0.0000 -0.2034
vn 0.0000 1.0000 0.0000
vn 0.0000 1.0000 0.0000
vn 0.0000 1.0000 0.0000
vn 0.0000 1.0000 0.0000
vn 0.0000 1.0000 0.0000
vn 0.0000 1.0000 0.0000
vn 0.0000 1.0000 0.0000
vn 0.0000 1.0000 0.0000
vn 0.0000 1.0000 0.0000
vn 0.0000 1.0000 0.0000
vn 0.0000 1.0000 0.0000
vn 0.0000 1.0000 0.0000
vn 0.0000 1.0000 0.0000
vn 0.0000 1.0000 0.0000
vn 0.0000 1.0000 0.0000
vn 0.0000 1.0000 0.0000
vn 0.0000 1.0000 0.0000
vn 0.0000 1.0000 0.0000
vn 0.0000 1.0000 0.0000
vn 0.0000 1.0000 0.0000
vn 0.0000 1.0000 0.0000
vn 0.0000 1.0000 0.0000
vn 0.0000 1.0000 0.0000
vn 0.0000 1.0000 0.0000
vn 0.0000 1.0000 0.0000
vn 0.0000 1.0000 0.0000
vn 0.0000 1.0000 0.0000
vn 0.0000 1.0000 0.0000
vn 0.0000 1.0000 0.0000
vn 0.0000 1.0000 0.0000
vn 0.0000 1.0000 0.0000
vn 0.0000 1.0000 0.0000
vn 0.0000 1.0000 0.0000
vn 0.0000 1.0000 0.0000
vn 0.0000 1.0000 0.0000
vn 0.0000 1.0000 0.0000
vn 0.0000 1.0000 0.0000
vn 0.0000 1.0000 0.0000
vn 0.0000 1.0000 0.0000
vn 0.0000 1.0000 0.0000
vn 0.0000 1.0000 0.0000
vn 0.0000 1.0000 0.0000
vn 0.0000 1.0000 0.0000
vn 0.0000 1.0000 0.0000
vn 0.0000 1.0000 0.0000
vn 0.0000 1.0000 0.0000
vn 0.0000 1.0000 0.0000
vn 0.0000 1.0000 0.0000
vn 0.0000 1.0000 0.0000
vn 0.0000 1.0000 0.0000
vn 0.0000 1.0000 0.0000
vn 0.0000 1.0000 0.0000
vn 0.0000 1.0000 0.0000
vn 0.0000 1.0000 0.0000
vn 0.0000 1.0000 0.0000
vn 0.0000 1.0000 0.0000
vn 0.0000 1.0000 0.0000
vn 0.0000 1.0000 0.0000
vn 0.0000 1.0000 0.0000
vn 0.0000 1.0000 0.0000
vn 0.0000 1.0000 0.0000
vn 0.0000 1.0000 0.0000
vn 0.0000 1.0000 0.0000
vn 0.0000 1.0000 0.0000
vn 0.0000 1.0000 0.0000
vn 0.0000 1.0000 0.0000
vn 0.0000 1.0000 0.0000
vn 0.0000 1.0000 0.0000
vn 0.0000 1.0000 0.0000
vn 0.0000 1.0000 0.0000
vn 0.0000 1.0000 0.0000
vn 0.0000 1.0000 0.0000
vn 0.0000 1.0000 0.0000
vn 0.0000 1.0000 0.0000
vn 0.0000 1.0000 0.0000
vn 0.0000 1.0000 0.0000
vn 0.0000 1.0000 0.0000
vn 0.0000 1.0000 0.0000
vn 0.0000 1.0000 0.0000
vn 0.0000 1.0000 0.0000
vn 0.0000 1.0000 0.0000
vn 0.0000 1.0000 0.0000
vn 0.0000 1.0000 0.0000
vn 0.0000 1.0000 0.0000
vn 0.0000 1.0000 0.0000
vn 0.0000 1.0000 0.0000
vn 0.0000 1.0000 0.0000
vn 0.0000 1.0000 0.0000
vn 0.0000 1.0000 0.0000
vn 0.0000 1.0000 0.0000
vn 0.0000 1.0000 0.0000
vn 0.0000 1.0000 0.0000
vn 0.0000 1.0000 0.0000
vn 0.0000 1.0000 0.0000
vn 0.0000 1.0000 0.0000
vn 0.0000 1.0000 0.0000
vn 0.0000 1.0000 0.0000
vn 0.0000 1.0000 0.0000
vn 0.0000 1.0000 0.0000
vn 0.0000 1.0000 0.0000
vn 0.0000 1.0000 0.0000
vn 0.0000 1.0000 0.0000
vn 0.0000 1.0000 0.0000
vn 0.0000 1.0000 0.0000
vn 0.0000 1.0000 0.0000
vn 0.0000 1.0000 0.0000
vn 0.0000 1.0000 0.0000
vn 0.0000 1.0000 0.0000
vn 0.0000 1.0000 0.0000
vn 0.0000 1.0000 0.0000
vn 0.0000 1.0000 0.0000
vn 0.0000 1.0000 0.0000
vn 0.0000 1.0000 0.0000
vn 0.0000 1.0000 0.0000
vn 0.0000 1.0000 0.0000
vn 0.0000 1.0000 0.0000
vn 0.0000 1.0000 0.0000
vn 0.0000 1.0000 0.0000
vn 0.0000 1.0000 0.0000
vn 0.0000 1.0000 0.0000
vn 0.0000 1.0000 0.0000
vn 0.0000 1.0000 0.0000
vn 0.0000 1.0000 0.0000
vn 0.0000 1.0000 0.0000
vn 0.0000 1.0000 0.0000
vn 0.0000 1.0000 0.0000
vn 0.0000 1.0000 0.0000
vn 0.0000 1.0000 0.0000
vn 0.0000 1.0000 0.0000
vn 0.0000 1.0000 0.0000
vn 0.0000 1.0000 0.0000
vn 0.0000 1.0000 0.0000
vn 0.0000 1.0000 0.0000
vn 0.0000 1.0000 0.0000
vn 0.0000 1.0000 0.0000
vn 0.0000 1.0000 0.0000
vn 0.0000 1.0000 0.0000
vn 0.0000 1.0000 0.0000
vn 0.0000 1.0000 0.0000
vn 0.0000 1.0000 0.0000
vn 0.0000 1.0000 0.0000
vn 0.0000 1.0000 0.0000
vn 0.0000 1.0000 0.0000
vn 0.0000 1.0000 0.0000
vn 0.0000 1.0000 0.0000
vn 0.0000 1.0000 0.0000
vn 0.0000 1.0000 0.0000
vn 0.0000 1.0000 0.0000
vn 0.0000 1.0000 0.0000
vn 0.0000 1.0000 0.0000
vn 0.0000 1.0000 0.0000
vn 0.0000 1.0000 0.0000
vn 0.0000 1.0000 0.0000
vn 0.0000 1.0000 0.0000
vn 0.0000 1.0000 0.0000
vn 0.0000 1.0000 0.0000
vn 0.0000 1.0000 0.0000
vn 0.0000 1.0000 0.0000
vn 0.0000 1.0000 0.0000
vn 0.0000 1.0000 0.0000
vn 0.0000 1.0000 0.0000
vn 0.0000 1.0000 0.0000
vn 0.0000 1.0000 0.0000
vn 0.0000 1.0000 0.0000
vn 0.0000 1.0000 0.0000
vn 0.0000 1.0000 0.0000
vn 0.0000 1.0000 0.0000
vn 0.0000 1.0000 0.0000
vn 0.0000 1.0000 0.0000
vn 0.0000 1.0000 0.0000
vn 0.0000 1.0000 0.0000
vn 0.0000 1.0000 0.0000
vn 0.0000 1.0000 0.0000
vn 0.0000 1.0000 0.0000
vn 0.0000 1.0000 0.0000
vn 0.0000 1.0000 0.0000
vn 0.0000 1.0000 0.0000
vn 0.0000 1.0000 0.0000
vn 0.0000 1.0000 0.0000
vn 0.0000 1.0000 0.0000
vn 0.0000 1.0000 0.0000
vn 0.0000 1.0000 0.0000
vn 0.0000 1.0000 0.0000
vn 0.0000 1.0000 0.0000
vn 0.0000 1.0000 0.0000
vn 0.0000 1.0000 0.0000
vn 0.0000 1.0000 0.0000
vn 0.0000 1.0000 0.0000
vn 0.0000 1.0000 0.0000
vn 0.0000 1.0000 0.0000
vn 0.0000 1.0000 0.0000
vn 0.0000 1.0000 0.0000
vn 0.0000 1.0000 0.0000
vn 0.0000 1.0000 0.0000
vn 0.0000 1.0000 0.0000
vn 0.0000 1.0000 0.0000
vn 0.0000 1.0000 0.0000
vn 0.0000 1.0000 0.0000
vn 0.0000 1.0000 0.0000
vn 0.0000 1.0000 0.0000
vn 0.0000 1.0000 0.0000
vn 0.0000 1.0000 0.0000
vn 0.0000 1.0000 0.0000
vn 0.0000 1.0000 0.0000
vn 0.0000 1.0000 0.0000
vn 0.0000 1.0000 0.0000
vn 0.0000 1.0000 0.0000
vn 0.0000 1.0000 0.0000
vn 0.0000 1.0000 0.0000
vn 0.0000 1.0000 0.0000
vn 0.0000 1.0000 0.0000
vn 0.0000 1.0000 0.0000
vn 0.0000 1.0000 0.0000
vn 0.0000 1.0000 0.0000
vn 0.0000 1.0000 0.0000
vn 0.0000 1.0000 0.0000
vn 0.0000 1.0000 0.0000
vn 0.0000 1.0000 0.0000
vn 0.0000 1.0000 0.0000
vn 0.0000 1.0000 0.0000
vn 0.0000 1.0000 0.0000
vn 0.0000 1.0000 0.0000
vn 0.0000 1.0000 0.0000
vn 0.0000 1.0000 0.0000
vn 0.0000 1.0000 0.0000
vn 0.0000 1.0000 0.0000
vn 0.0000 1.0000 0.0000
vn 0.0000 1.0000 0.0000
vn 0.0000 1.0000 0.0000
vn 0.0000 1.0000 0.0000
vn 0.0000 1.0000 0.0000
vn 0.0000 1.0000 0.0000
vn 0.0000 1.0000 0.0000
vn 0.0000 1.0000 0.0000
vn 0.0000 1.0000 0.0000
vn 0.0000 1.0000 0.0000
vn 0.0000 1.0000 0.0000
vn 0.0000 1.0000 0.0000
vn 0.0000 1.0000 0.0000
vn 0.0000 1.0000 0.0000
vn 0.0000 1.0000 0.0000
vn 0.0000 1.0000 0.0000
vn 0.0000 1.0000 0.0000
vn 0.0000 1.0000 0.0000
vn 0.0000 1.0000 0.0000
vn 0.0000 1.0000 0.0000
vn 0.0000 1.0000 0.0000
vn 0.0000 1.0000 0.0000
vn 0.0000 1.0000 0.0000
vn 0.0000 1.0000 0.0000
vn 0.0000 1.0000 0.0000
vn 0.0000 1.0000 0.0000
vn 0.0000 1.0000 0.0000
vn 0.0000 1.0000 0.0000
vn 0.0000 1.0000 0.0000
vn 0.0000 1.0000 0.0000
vn 0.0000 1.0000 0.0000
vn 0.0000 1.0000 0.0000
vn 0.0000 1.0000 0.0000
vn 0.0000 1.0000 0.0000
vn 0.0000 1.0000 0.0000
vn 0.0000 1.0000 0.0000
vn 0.0000 1.0000 0.0000
vn 0.0000 1.0000 0.0000
vn 0.0000 1.0000 0.0000
vn 0.0000 1.0000 0.0000
vn 0.0000 1.0000 0.0000
vn 0.0000 1.0000 0.0000
vn 0.0000 1.0000 0.0000
vn 0.0000 1.0000 0.0000
vn 0.0000 1.0000 0.0000
vn 0.0000 1.0000 0.0000
vn 0.0000 1.0000 0.0000
vn 0.0000 1.0000 0.0000
vn 0.0000 1.0000 0.0000
vn 0.0000 1.0000 0.0000
vn 0.0000 1.0000 0.0000
vn 0.0000 1.0000 0.0000
vn 0.0000 1.0000 0.0000
vn 0.0000 1.0000 0.0000
vn 0.0000 1.0000 0.0000
vn 0.0000 1.0000 0.0000
vn 0.0000 1.0000 0.0000
vn 0.0000 1.0000 0.0000
vn 0.0000 1.0000 0.0000
vn 0.0000 1.0000 0.0000
vn 0.0000 1.0000 0.0000
vn 0.0000 1.0000 0.0000
vn 0.0000 1.0000 0.0000
vn 0.0000 1.0000 0.0000
vn 0.0000 1.0000 0.0000
vn 0.0000 1.0000 0.0000
vn 0.0000 1.0000 0.0000
vn 0.0000 1.0000 0.0000
vn 0.0000 1.0000 0.0000
vn 0.0000 1.0000 0.0000
vn 0.0000 1.0000 0.0000
vn 0.0000 1.0000 0.0000
vn 0.0000 1.0000 0.0000
vn 0.0000 1.0000 0.0000
vn 0.0000 1.0000 0.0000
vn 0.0000 1.0000 0.0000
vn 0.0000 1.0000 0.0000
vn 0.0000 1.0000 0.0000
vn 0.0000 1.0000 0.0000
vn 0.0000 1.0000 0.0000
vn 0.0000 1.0000 0.0000
vn 0.0000 1.0000 0.0000
vn 0.0000 1.0000 0.0000
vn 0.0000 1.0000 0.0000
vn 0.0000 1.0000 0.0000
vn 0.0000 1.0000 0.0000
vn 0.0000 1.0000 0.0000
vn 0.0000 1.0000 0.0000
vn 0.0000 1.0000 0.0000
vn 0.0000 1.0000 0.0000
vn 0.0000 1.0000 0.0000
vn 0.0000 1.0000 0.0000
vn 0.0000 1.0000 0.0000
vn 0.0000 1.0000 0.0000
vn 0.0000 1.0000 0.0000
vn 0.0000 1.0000 0.0000
vn 0.0000 1.0000 0.0000
vn 0.0000 1.0000 0.0000
vn 0.0000 1.0000 0.0000
vn 0.0000 1.0000 0.0000
vn 0.0000 1.0000 0.0000
vn 0.0000 1.0000 0.0000
vn 0.0000 1.0000 0.0000
vn 0.0000 1.0000 0.0000
vn 0.0000 1.0000 0.0000
vn 0.0000 1.0000 0.0000
vn 0.0000 1.0000 0.0000
vn 0.0000 1.0000 0.0000
vn 0.0000 1.0000 0.0000
vn 0.0000 1.0000 0.0000
vn 0.0000 1.0000 0.0000
vn 0.0000 1.0000 0.0000
vn 0.0000 1.0000 0.0000
vn 0.0000 1.0000 0.0000
vn 0.0000 1.0000 0.0000
vn 0.0000 1.0000 0.0000
vn 0.0000 1.0000 0.0000
vn 0.0000 1.0000 0.0000
vn 0.0000 1.0000 0.0000
vn 0.0000 1.0000 0.0000
vn 0.0000 1.0000 0.0000
vn 0.0000 1.0000 0.0000
vn 0.0000 1.0000 0.0000
vn 0.0000 1.0000 0.0000
vn 0.0000 1.0000 0.0000
vn 0.0000 1.0000 0.0000
vn 0.0000 1.0000 0.0000
vn 0.0000 1.0000 0.0000
vn 0.0000 1.0000 0.0000
vn 0.0000 1.0000 0.0000
vn 0.0000 1.0000 0.0000
vn 0.0000 1.0000 0.0000
vn 0.0000 1.0000 0.0000
vn 0.0000 1.0000 0.0000
vn 0.0000 1.0000 0.0000
vn 0.0000 1.0000 0.0000
vn 0.0000 1.0000 0.0000
vn 0.0000 1.0000 0.0000
vn 0.0000 1.0000 0.0000
vn 0.0000 1.0000 0.0000
vn 0.0000 1.0000 0.0000
vn 0.0000 1.0000 0.0000
vn 0.0000 1.0000 0.0000
vn 0.0000 1.0000 0.0000
vn 0.0000 1.0000 0.0000
vn 0.0000 1.0000 0.0000
vn 0.0000 1.0000 0.0000
vn 0.0000 1.0000 0.0000
vn 0.0000 1.0000 0.0000
vn 0.0000 1.0000 0.0000
vn 0.0000 1.0000 0.0000
vn 0.0000 1.0000 0.0000
vn 0.0000 1.0000 0.0000
vn 0.0000 1.0000 0.0000
vn 0.0000 1.0000 0.0000
vn 0.0000 1.0000 0.0000
vn 0.0000 1.0000 0.0000
vn 0.0000 1.0000 0.0000
vn 0.0000 1.0000 0.0000
vn 0.0000 1.0000 0.0000
vn 0.0000 1.0000 0.0000
vn 0.0000 1.0000 0.0000
vn 0.0000 1.0000 0.0000
vn 0.0000 1.0000 0.0000
vn 0.0000 1.0000 0.0000
vn 0.0000 1.0000 0.0000
vn 0.0000 1.0000 0.0000
vn 0.0000 1.0000 0.0000
vn 0.0000 1.0000 0.0000
vn 0.0000 1.0000 0.0000
vn 0.0000 1.0000 0.0000
vn 0.0000 1.0000 0.0000
vn 0.0000 1.0000 0.0000
vn 0.0000 1.0000 0.0000
vn 0.0000 1.0000 0.0000
vn 0.0000 1.0000 0.0000
vn 0.0000 1.0000 0.0000
vn 0.0000 1.0000 0.0000
vn 0.0000 1.0000 0.0000
vn 0.0000 1.0000 0.0000
vn 0.0000 1.0000 0.0000
vn 0.0000 1.0000 0.0000
vn 0.0000 1.0000 0.0000
vn 0.0000 1.0000 0.0000
vn 0.0000 1.0000 0.0000
vn 0.0000 1.0000 0.0000
vn 0.0000 1.0000 0.0000
vn 0.0000 1.0000 0.0000
vn 0.0000 1.0000 0.0000
vn 0.0000 1.0000 0.0000
vn 0.0000 1.0000 0.0000
vn 0.0000 1.0000 0.0000
vn 0.0000 1.0000 0.0000
vn 0.0000 1.0000 0.0000
vn 0.0000 1.0000 0.0000
vn 0.0000 1.0000 0.0000
vn 0.0000 1.0000 0.0000
vn 0.0000 1.0000 0.0000
vn 0.0000 1.0000 0.0000
vn 0.0000 1.0000 0.0000
vn 0.0000 1.0000 0.0000
vn 0.0000 1.0000 0.0000
vn 0.0000 1.0000 0.0000
vn 0.0000 1.0000 0.0000
vn 0.0000 1.0000 0.0000
vn 0.0000 1.0000 0.0000
vn 0.0000 1.0000 0.0000
vn 0.0000 1.0000 0.0000
vn 0.0000 1.0000 0.0000
vn 0.0000 1.0000 0.0000
vn 0.0000 1.0000 0.0000
vn 0.0000 1.0000 0.0000
vn 0.0000 1.0000 0.0000
vn 0.0000 1.0000 0.0000
vn 0.0000 1.0000 0.0000
vn 0.0000 1.0000 0.0000
vn 0.0000 1.0000 0.0000
vn 0.0000 1.0000 0.0000
vn 0.0000 1.0000 0.0000
vn 0.0000 1.0000 0.0000
vn 0.0000 1.0000 0.0000
vn 0.0000 1.0000 0.0000
vn 0.0000 1.0000 0.0000
vn 0.0000 1.0000 0.0000
vn 0.0000 1.0000 0.0000
vn 0.0000 1.0000 0.0000
vn 0.0000 1.0000 0.0000
vn 0.0000 1.0000 0.0000
vn 0.0000 1.0000 0.0000
vn 0.0000 1.0000 0.0000
vn 0.0000 1.0000 0.0000
vn 0.0000 1.0000 0.0000
vn 0.0000 1.0000 0.0000
vn 0.0000 1.0000 0.0000
vn 0.0000 1.0000 0.0000
vn 0.0000 1.0000 0.0000
vn 0.0000 1.0000 0.0000
vn 0.0000 1.0000 0.0000
vn 0.0000 1.0000 0.0000
vn 0.0000 1.0000 0.0000
vn 0.0000 1.0000 0.0000
vn 0.0000 1.0000 0.0000
vn 0.0000 1.0000 0.0000
vn 0.0000 1.0000 0.0000
vn 0.0000 1.0000 0.0000
vn 0.0000 1.0000 0.0000
vn 0.0000 1.0000 0.0000
vn 0.0000 1.0000 0.0000
vn 0.0000 1.0000 0.0000
vn 0.0000 1.0000 0.0000
vn 0.0000 1.0000 0.0000
vn 0.0000 1.0000 0.0000
vn 0.0000 1.0000 0.0000
vn 0.0000 1.0000 0.0000
vn 0.0000 1.0000 0.0000
vn 0.0000 1.0000 0.0000
vn 0.0000 1.0000 0.0000
vn 0.0000 1.0000 0.0000
vn 0.0000 1.0000 0.0000
vn 0.0000 1.0000 0.0000
vn 0.0000 1.0000 0.0000
vn 0.0000 1.0000 0.0000
vn 0.0000 1.0000 0.0000
vn 0.0000 1.0000 0.0000
vn 0.0000 1.0000 0.0000
vn 0.0000 1.0000 0.0000
vn 0.0000 1.0000 0.0000
vn 0.0000 1.0000 0.0000
vn 0.0000 1.0000 0.0000
vn 0.0000 1.0000 0.0000
vn 0.0000 1.0000 0.0000
vn 0.0000 1.0000 0.0000
vn 0.0000 1.0000 0.0000
vn 0.0000 1.0000 0.0000
vn 0.0000 1.0000 0.0000
vn 0.0000 1.0000 0.0000
vn 0.0000 1.0000 0.0000
vn 0.0000 1.0000 0.0000
vn 0.0000 1.0000 0.0000
vn 0.0000 1.0000 0.0000
vn 0.0000 1.0000 0.0000
vn 0.0000 1.0000 0.0000
vn 0.0000 1.0000 0.0000
vn 0.0000 1.0000 0.0000
vn 0.0000 1.0000 0.0000
vn 0.0000 1.0000 0.0000
vn 0.0000 1.0000 0.0000
vn 0.0000 1.0000 0.0000
vn 0.0000 1.0000 0.0000
vn 0.0000 1.0000 0.0000
vn 0.0000 1.0000 0.0000
vn 0.0000 1.0000 0.0000
vn 0.0000 1.0000 0.0000
vn 0.0000 1.0000 0.0000
vn 0.0000 1.0000 0.0000
vn 0.0000 1.0000 0.0000
vn 0.0000 1.0000 0.0000
vn 0.0000 1.0000 0.0000
vn 0.0000 1.0000 0.0000
vn 0.0000 1.0000 0.0000
vn 0.0000 1.0000 0.0000
vn 0.0000 1.0000 0.0000
vn 0.0000 1.0000 0.0000
vn 0.0000 1.0000 0.0000
vn 0.0000 1.0000 0.0000
vn 0.0000 1.0000 0.0000
vn 0.0000 1.0000 0.0000
vn 0.0000 1.0000 0.0000
vn 0.0000 1.0000 0.0000
vn 0.0000 1.0000 0.0000
vn 0.0000 1.0000 0.0000
vn 0.0000 1.0000 0.0000
vn 0.0000 1.0000 0.0000
vn 0.0000 1.0000 0.0000
vn 0.0000 1.0000 0.0000
vn 0.0000 1.0000 0.0000
vn 0.0000 1.0000 0.0000
vn 0.0000 1.0000 0.0000
vn 0.0000 1.0000 0.0000
vn 0.0000 1.0000 0.0000
vn 0.0000 1.0000 0.0000
vn 0.0000 1.0000 0.0000
vn 0.0000 1.0000 0.0000
vn 0.0000 1.0000 0.0000
vn 0.0000 1.0000 0.0000
vn 0.0000 1.0000 0.0000
vn 0.0000 1.0000 0.0000
vn 0.0000 1.0000 0.0000
vn 0.0000 1.0000 0.0000
vn 0.0000 1.0000 0.0000
vn 0.0000 1.0000 0.0000
vn 0.0000 1.0000 0.0000
vn 0.0000 1.0000 0.0000
vn 0.0000 1.0000 0.0000
vn 0.0000 1.0000 0.0000
vn 0.0000 1.0000 0.0000
vn 0.0000 1.0000 0.0000
vn 0.0000 1.0000 0.0000
vn 0.0000 1.0000 0.0000
vn 0.0000 1.0000 0.0000
vn 0.0000 1.0000 0.0000
vn 0.0000 1.0000 0.0000
vn 0.0000 1.0000 0.0000
vn 0.0000 1.0000 0.0000
vn 0.0000 1.0000 0.0000
vn 0.0000 1.0000 0.0000
vn 0.0000 1.0000 0.0000
vn 0.0000 1.0000 0.0000
vn 0.0000 1.0000 0.0000
vn 0.0000 1.0000 0.0000
vn 0.0000 1.0000 0.0000
vn 0.0000 1.0000 0.0000
vn 0.0000 1.0000 0.0000
vn 0.0000 1.0000 0.0000
vn 0.0000 1.0000 0.0000
vn 0.0000 1.0000 0.0000
vn 0.0000 1.0000 0.0000
vn 0.0000 1.0000 0.0000
vn 0.0000 1.0000 0.0000
vn 0.0000 1.0000 0.0000
vn 0.0000 1.0000 0.0000
vn 0.0000 1.0000 0.0000
vn 0.0000 1.0000 0.0000
vn 0.0000 1.0000 0.0000
vn 0.0000 1.0000 0.0000
vn 0.0000 1.0000 0.0000
vn 0.0000 1.0000 0.0000
vn 0.0000 1.0000 0.0000
vn 0.0000 1.0000 0.0000
vn 0.0000 1.0000 0.0000
vn 0.0000 1.0000 0.0000
vn 0.0000 1.0000 0.0000
vn 0.0000 1.0000 0.0000
vn 0.0000 1.0000 0.0000
vn 0.0000 1.0000 0.0000
vn 0.0000 1.0000 0.0000
vn 0.0000 1.0000 0.0000
vn 0.0000 1.0000 0.0000
vn 0.0000 1.0000 0.0000
vn 0.0000 1.0000 0.0000
vn 0.0000 1.0000 0.0000
vn 0.0000 1.0000 0.0000
vn 0.0000 1.0000 0.0000
vn 0.0000 1.0000 0.0000
vn 0.0000 1.0000 0.0000
vn 0.0000 1.0000 0.0000
vn 0.0000 1.0000 0.0000
vn 0.0000 1.0000 0.0000
vn 0.0000 1.0000 0.0000
vn 0.0000 1.0000 0.0000
vn 0.0000 1.0000 0.0000
vn 0.0000 1.0000 0.0000
vn 0.0000 1.0000 0.0000
vn 0.0000 1.0000 0.0000
vn 0.0000 1.0000 0.0000
vn 0.0000 1.0000 0.0000
vn 0.0000 1.0000 0.0000
vn 0.0000 1.0000 0.0000
vn 0.0000 1.0000 0.0000
vn 0.0000 1.0000 0.0000
vn 0.0000 1.0000 0.0000
vn 0.0000 1.0000 0.0000
vn 0.0000 1.0000 0.0000
vn 0.0000 1.0000 0.0000
vn 0.0000 1.0000 0.0000
vn 0.0000 1.0000 0.0000
vn 0.0000 1.0000 0.0000
vn 0.0000 1.0000 0.0000
vn 0.0000 1.0000 0.0000
vn 0.0000 1.0000 0.0000
vn 0.0000 1.0000 0.0000
vn 0.0000 1.0000 0.0000
vn 0.0000 1.0000 0.0000
vn 0.0000 1.0000 0.0000
vn 0.0000 1.0000 0.0000
vn 0.0000 1.0000 0.0000
vn 0.0000 1.0000 0.0000
vn 0.0000 1.0000 0.0000
vn 0.0000 1.0000 0.0000
vn 0.0000 1.0000 0.0000
vn 0.0000 1.0000 0.0000
vn 0.0000 1.0000 0.0000
vn 0.0000 1.0000 0.0000
vn 0.0000 1.0000 0.0000
vn 0.0000 1.0000 0.0000
vn 0.0000 1.0000 0.0000
vn 0.0000 1.0000 0.0000
vn 0.0000 1.0000 0.0000
vn 0.0000 1.0000 0.0000
vn 0.0000 1.0000 0.0000
vn 0.0000 1.0000 0.0000
vn 0.0000 1.0000 0.0000
vn 0.0000 1.0000 0.0000
vn 0.0000 1.0000 0.0000
vn 0.0000 1.0000 0.0000
vn 0.0000 1.0000 0.0000
vn 0.0000 1.0000 0.0000
vn 0.0000 1.0000 0.0000
vn 0.0000 1.0000 0.0000
vn 0.0000 1.0000 0.0000
vn 0.0000 1.0000 0.0000
vn 0.0000 1.0000 0.0000
vn 0.0000 1.0000 0.0000
vn 0.0000 1.0000 0.0000
vn 0.0000 1.0000 0.0000
vn 0.0000 1.0000 0.0000
vn 0.0000 1.0000 0.0000
vn 0.0000 1.0000 0.0000
vn 0.0000 1.0000 0.0000
vn 0.0000 1.0000 0.0000
vn 0.0000 1.0000 0.0000
vn 0.0000 1.0000 0.0000
vn 0.0000 1.0000 0.0000
vn 0.0000 1.0000 0.0000
vn 0.0000 1.0000 0.0000
vn 0.0000 1.0000 0.0000
vn 0.0000 1.0000 0.0000
vn 0.0000 1.0000 0.0000
vn 0.0000 1.0000 0.0000
vn 0.0000 1.0000 0.0000
vn 0.0000 1.0000 0.0000
vn 0.0000 1.0000 0.0000
vn 0.0000 1.0000 0.0000
vn 0.0000 1.0000 0.0000
vn 0.0000 1.0000 0.0000
vn 0.0000 1.0000 0.0000
vn 0.0000 1.0000 0.0000
vn 0.0000 1.0000 0.0000
vn 0.0000 1.0000 0.0000
vn 0.0000 1.0000 0.0000
vn 0.0000 1.0000 0.0000
vn 0.0000 1.0000 0.0000
vn 0.0000 1.0000 0.0000
vn 0.0000 1.0000 0.0000
vn 0.0000 1.0000 0.0000
vn 0.0000 1.0000 0.0000
vn 0.0000 1.0000 0.0000
vn 0.0000 1.0000 0.0000
vn 0.0000 1.0000 0.0000
vn 0.0000 1.0000 0.0000
vn 0.0000 1.0000 0.0000
vn 0.0000 1.0000 0.0000
vn 0.0000 1.0000 0.0000
vn 0.0000 1.0000 0.0000
vn 0.0000 1.0000 0.0000
vn 0.0000 1.0000 0.0000
vn 0.0000 1.0000 0.0000
vn 0.0000 1.0000 0.0000
vn 0.0000 1.0000 0.0000
vn 0.0000 1.0000 0.0000
vn 0.0000 1.0000 0.0000
vn 0.0000 1.0000 0.0000
vn 0.0000 1.0000 0.0000
vn 0.0000 1.0000 0.0000
vn 0.0000 1.0000 0.0000
vn 0.0000 1.0000 0.0000
vn 0.0000 1.0000 0.0000
vn 0.0000 1.0000 0.0000
vn 0.0000 1.0000 0.0000
vn 0.0000 1.0000 0.0000
vn 0.0000 1.0000 0.0000
vn 0.0000 1.0000 0.0000
vn 0.0000 1.0000 0.0000
vn 0.0000 1.0000 0.0000
vn 0.0000 1.0000 0.0000
vn 0.0000 1.0000 0.0000
vn 0.0000 1.0000 0.0000
vn 0.0000 1.0000 0.0000
vn 0.0000 1.0000 0.0000
vn 0.0000 1.0000 0.0000
vn 0.0000 1.0000 0.0000
vn 0.0000 1.0000 0.0000
vn 0.0000 1.0000 0.0000
vn 0.0000 1.0000 0.0000
vn 0.0000 1.0000 0.0000
vn 0.0000 1.0000 0.0000
vn 0.0000 1.0000 0.0000
vn 0.0000 1.0000 0.0000
vn 0.0000 1.0000 0.0000
vn 0.0000 1.0000 0.0000
vn 0.0000 1.0000 0.0000
vn 0.0000 1.0000 0.0000
vn 0.0000 1.0000 0.0000
vn 0.0000 1.0000 0.0000
vn 0.0000 1.0000 0.0000
vn 0.0000 1.0000 0.0000
vn 0.0000 1.0000 0.0000
vn 0.0000 1.0000 0.0000
vn 0.0000 1.0000 0.0000
vn 0.0000 1.0000 0.0000
vn 0.0000 1.0000 0.0000
vn 0.0000 1.0000 0.0000
vn 0.0000 1.0000 0.0000
vn 0.0000 1.0000 0.0000
vn 0.0000 1.0000 0.0000
vn 0.0000 1.0000 0.0000
vn 0.0000 1.0000 0.0000
vn 0.0000 1.0000 0.0000
vn 0.0000 1.0000 0.0000
vn 0.0000 1.0000 0.0000
vn 0.0000 1.0000 0.0000
vn 0.0000 1.0000 0.0000
vn 0.0000 1.0000 0.0000
vn 0.0000 1.0000 0.0000
vn 0.0000 1.0000 0.0000
vn 0.0000 1.0000 0.0000
vn 0.0000 1.0000 0.0000
vn 0.0000 1.0000 0.0000
vn 0.0000 1.0000 0.0000
vn 0.0000 1.0000 0.0000
vn 0.0000 1.0000 0.0000
vn 0.0000 1.0000 0.0000
vn 0.0000 1.0000 0.0000
vn 0.0000 1.0000 0.0000
vn 0.0000 1.0000 0.0000
vn 0.0000 1.0000 0.0000
vn 0.0000 1.0000 0.0000
vn 0.0000 1.0000 0.0000
vn 0.0000 1.0000 0.0000
vn 0.0000 1.0000 0.0000
vn 0.0000 1.0000 0.0000
vn 0.0000 1.0000 0.0000
vn 0.0000 1.0000 0.0000
vn 0.0000 1.0000 0.0000
vn 0.0000 1.0000 0.0000
vn 0.0000 1.0000 0.0000
vn 0.0000 1.0000 0.0000
vn 0.0000 1.0000 0.0000
vn 0.0000 1.0000 0.0000
vn 0.0000 1.0000 0.0000
vn 0.0000 1.0000 0.0000
vn 0.0000 1.0000 0.0000
vn 0.0000 1.0000 0.0000
vn 0.0000 1.0000 0.0000
vn 0.0000 1.0000 0.0000
vn 0.0000 1.0000 0.0000
vn 0.0000 1.0000 0.0000
vn 0.0000 1.0000 0.0000
vn 0.0000 1.0000 0.0000
vn 0.0000 1.0000 0.0000
vn 0.0000 1.0000 0.0000
vn 0.0000 1.0000 0.0000
vn 0.0000 1.0000 0.0000
vn 0.0000 1.0000 0.0000
vn 0.0000 1.0000 0.0000
vn 0.0000 1.0000 0.0000
vn 0.0000 1.0000 0.0000
vn 0.0000 1.0000 0.0000
vn 0.0000 1.0000 0.0000
vn 0.0000 1.0000 0.0000
vn 0.0000 1.0000 0.0000
vn 0.0000 1.0000 0.0000
vn 0.0000 1.0000 0.0000
vn 0.0000 1.0000 0.0000
vn 0.0000 1.0000 0.0000
vn 0.0000 1.0000 0.0000
vn 0.0000 1.0000 0.0000
vn 0.0000 1.0000 0.0000
vn 0.0000 1.0000 0.0000
vn 0.0000 1.0000 0.0000
vn 0.0000 1.0000 0.0000
vn 0.0000 1.0000 0.0000
vn 0.0000 1.0000 0.0000
vn 0.0000 1.0000 0.0000
vn 0.0000 1.0000 0.0000
vn 0.0000 1.0000 0.0000
vn 0.0000 1.0000 0.0000
vn 0.0000 1.0000 0.0000
vn 0.0000 1.0000 0.0000
vn 0.0000 1.0000 0.0000
vn 0.0000 1.0000 0.0000
vn 0.0000 1.0000 0.0000
vn 0.0000 1.0000 0.0000
vn 0.0000 1.0000 0.0000
vn 0.0000 1.0000 0.0000
vn 0.0000 1.0000 0.0000
vn 0.0000 1.0000 0.0000
vn 0.0000 1.0000 0.0000
vn 0.0000 1.0000 0.0000
vn 0.0000 1.0000 0.0000
vn 0.0000 1.0000 0.0000
vn 0.0000 1.0000 0.0000
vn 0.0000 1.0000 0.0000
vn 0.0000 1.0000 0.0000
vn 0.0000 1.0000 0.0000
vn 0.0000 1.0000 0.0000
vn 0.0000 1.0000 0.0000
vn 0.0000 1.0000 0.0000
vn 0.0000 1.0000 0.0000
vn 0.0000 1.0000 0.0000
vn 0.0000 1.0000 0.0000
vn 0.0000 1.0000 0.0000
vn 0.0000 1.0000 0.0000
vn 0.0000 1.0000 0.0000
vn 0.0000 1.0000 0.0000
vn 0.0000 1.0000 0.0000
vn 0.0000 1.0000 0.0000
vn 0.0000 1.0000 0.0000
vn 0.0000 1.0000 0.0000
vn 0.0000 1.0000 0.0000
vn 0.0000 1.0000 0.0000
vn 0.0000 1.0000 0.0000
vn 0.0000 1.0000 0.0000
vn 0.0000 1.0000 0.0000
vn 0.0000 1.0000 0.0000
vn 0.0000 1.0000 0.0000
vn 0.0000 1.0000 0.0000
vn 0.0000 1.0000 0.0000
vn 0.0000 1.0000 0.0000
vn 0.0000 1.0000 0.0000
vn 0.0000 1.0000 0.0000
vn 0.0000 1.0000 0.0000
vn 0.0000 1.0000 0.0000
vn 0.0000 1.0000 0.0000
vn 0.0000 1.0000 0.0000
vn 0.0000 1.0000 0.0000
vn 0.0000 1.0000 0.0000
vn 0.0000 1.0000 0.0000
vn 0.0000 1.0000 0.0000
vn 0.0000 1.0000 0.0000
vn 0.0000 1.0000 0.0000
vn 0.0000 1.0000 0.0000
vn 0.0000 1.0000 0.0000
vn 0.0000 1.0000 0.0000
vn 0.0000 1.0000 0.0000
vn 0.0000 1.0000 0.0000
vn 0.0000 1.0000 0.0000
vn 0.0000 1.0000 0.0000
vn 0.0000 1.0000 0.0000
vn 0.0000 1.0000 0.0000
vn 0.0000 1.0000 0.0000
vn 0.0000 1.0000 0.0000
vn 0.0000 1.0000 0.0000
vn 0.0000 1.0000 0.0000
vn 0.0000 1.0000 0.0000
vn 0.0000 1.0000 0.0000
vn 0.0000 1.0000 0.0000
vn 0.0000 1.0000 0.0000
vn 0.0000 1.0000 0.0000
vn 0.0000 1.0000 0.0000
vn 0.0000 1.0000 0.0000
vn 0.0000 1.0000 0.0000
vn 0.0000 1.0000 0.0000
vn 0.0000 1.0000 0.0000
vn 0.0000 1.0000 0.0000
vn 0.0000 1.0000 0.0000
vn 0.0000 1.0000 0.0000
vn 0.0000 1.0000 0.0000
vn 0.0000 1.0000 0.0000
vn 0.0000 1.0000 0.0000
vn 0.0000 1.0000 0.0000
vn 0.0000 1.0000 0.0000
vn 0.0000 1.0000 0.0000
vn 0.0000 1.0000 0.0000
vn 0.0000 1.0000 0.0000
vn 0.0000 1.0000 0.0000
vn 0.0000 1.0000 0.0000
vn 0.0000 1.0000 0.0000
vn 0.0000 1.0000 0.0000
vn 0.0000 1.0000 0.0000
vn 0.0000 1.0000 0.0000
vn 0.0000 1.0000 0.0000
vn 0.0000 1.0000 0.0000
vn 0.0000 1.0000 0.0000
vn 0.0000 1.0000 0.0000
vn 0.0000 1.0000 0.0000
vn 0.0000 1.0000 0.0000
vn 0.0000 1.0000 0.0000
vn 0.0000 1.0000 0.0000
vn 0.0000 1.0000 0.0000
vn 0.0000 1.0000 0.0000
vn 0.0000 1.0000 0.0000
vn 0.0000 1.0000 0.0000
vn 0.0000 1.0000 0.0000
vn 0.0000 1.0000 0.0000
vn 0.0000 1.0000 0.0000
vn 0.0000 1.0000 0.0000
vn 0.0000 1.0000 0.0000
vn 0.0000 1.0000 0.0000
vn 0.0000 1.0000 0.0000
vn 0.0000 1.0000 0.0000
vn 0.0000 1.0000 0.0000
vn 0.0000 1.0000 0.0000
vn 0.0000 1.0000 0.0000
vn 0.0000 1.0000 0.0000
vn 0.0000 1.0000 0.0000
vn 0.0000 1.0000 0.0000
vn 0.0000 1.0000 0.0000
vn 0.0000 1.0000 0.0000
vn 0.0000 1.0000 0.0000
vn 0.0000 1.0000 0.0000
vn 0.0000 1.0000 0.0000
vn 0.0000 1.0000 0.0000
vn 0.0000 1.0000 0.0000
vn 0.0000 1.0000 0.0000
vn 0.0000 1.0000 0.0000
vn 0.0000 1.0000 0.0000
vn 0.0000 1.0000 0.0000
vn 0.0000 1.0000 0.0000
vn 0.0000 1.0000 0.0000
vn 0.0000 1.0000 0.0000
vn 0.0000 1.0000 0.0000
vn 0.0000 1.0000 0.0000
vn 0.0000 1.0000 0.0000
vn 0.0000 1.0000 0.0000
vn 0.0000 1.0000 0.0000
vn 0.0000 1.0000 0.0000
vn 0.0000 1.0000 0.0000
vn 0.0000 1.0000 0.0000
vn 0.0000 1.0000 0.0000
vn 0.0000 1.0000 0.0000
vn 0.0000 1.0000 0.0000
vn 0.0000 1.0000 0.0000
vn 0.0000 1.0000 0.0000
vn 0.0000 1.0000 0.0000
vn 0.0000 1.0000 0.0000
vn 0.0000 1.0000 0.0000
vn 0.0000 1.0000 0.0000
vn 0.0000 1.0000 0.0000
vn 0.0000 1.0000 0.0000
vn 0.0000 1.0000 0.0000
vn 0.0000 1.0000 0.0000
vn 0.0000 1.0000 0.0000
vn 0.0000 1.0000 0.0000
vn 0.0000 1.0000 0.0000
vn 0.0000 1.0000 0.0000
vn 0.0000 1.0000 0.0000
vn 0.0000 1.0000 0.0000
vn 0.0000 1.0000 0.0000
vn 0.0000 1.0000 0.0000
vn 0.0000 1.0000 0.0000
vn 0.0000 1.0000 0.0000
vn 0.0000 1.0000 0.0000
vn 0.0000 1.0000 0.0000
vn 0.0000 1.0000 0.0000
vn 0.0000 1.0000 0.0000
vn 0.0000 1.0000 0.0000
vn 0.0000 1.0000 0.0000
vn 0.0000 1.0000 0.0000
vn 0.0000 1.0000 0.0000
vn 0.0000 1.0000 0.0000
vn 0.0000 1.0000 0.0000
vn 0.0000 1.0000 0.0000
vn 0.0000 1.0000 0.0000
vn 0.0000 1.0000 0.0000
vn 0.0000 1.0000 0.0000
vn 0.0000 1.0000 0.0000
vn 0.0000 1.0000 0.0000
vn 0.0000 1.0000 0.0000
vn 0.0000 1.0000 0.0000
vn 0.0000 1.0000 0.0000
vn 0.0000 1.0000 0.0000
vn 0.0000 1.0000 0.0000
vn 0.0000 1.0000 0.0000
vn 0.0000 1.0000 0.0000
vn 0.0000 1.0000 0.0000
vn 0.0000 1.0000 0.0000
vn 0.0000 1.0000 0.0000
vn 0.0000 1.0000 0.0000
vn 0.0000 1.0000 0.0000
vn 0.0000 1.0000 0.0000
vn 0.0000 1.0000 0.0000
vn 0.0000 1.0000 0.0000
vn 0.0000 1.0000 0.0000
vn 0.0000 1.0000 0.0000
vn 0.0000 1.0000 0.0000
vn 0.0000 1.0000 0.0000
vn 0.0000 1.0000 0.0000
vn 0.0000 1.0000 0.0000
vn 0.0000 1.0000 0.0000
vn 0.0000 1.0000 0.0000
vn 0.0000 1.0000 0.0000
vn 0.0000 1.0000 0.0000
vn 0.0000 1.0000 0.0000
vn 0.0000 1.0000 0.0000
vn 0.0000 1.0000 0.0000
vn 0.0000 1.0000 0.0000
vn 0.0000 1.0000 0.0000
vn 0.0000 1.0000 0.0000
vn 0.0000 1.0000 0.0000
vn 0.0000 1.0000 0.0000
vn 0.0000 1.0000 0.0000
vn 0.0000 1.0000 0.0000
vn 0.0000 1.0000 0.0000
vn 0.0000 1.0000 0.0000
vn 0.0000 1.0000 0.0000
vn 0.0000 1.0000 0.0000
vn 0.0000 1.0000 0.0000
vn 0.0000 1.0000 0.0000
vn 0.0000 1.0000 0.0000
vn 0.0000 1.0000 0.0000
vn 0.0000 1.0000 0.0000
vn 0.0000 1.0000 0.0000
vn 0.0000 1.0000 0.0000
vn 0.0000 1.0000 0.0000
vn 0.0000 1.0000 0.0000
vn 0.0000 1.0000 0.0000
vn 0.0000 1.0000 0.0000
vn 0.0000 1.0000 0.0000
vn 0.0000 1.0000 0.0000
vn 0.0000 1.0000 0.0000
vn 0.0000 1.0000 0.0000
vn 0.0000 1.0000 0.0000
vn 0.0000 1.0000 0.0000
vn 0.0000 1.0000 0.0000
vn 0.0000 1.0000 0.0000
vn 0.0000 1.0000 0.0000
vn 0.0000 1.0000 0.0000
vn 0.0000 1.0000 0.0000
vn 0.0000 1.0000 0.0000
vn 0.0000 1.0000 0.0000
vn 0.0000 1.0000 0.0000
vn 0.0000 1.0000 0.0000
vn 0.0000 1.0000 0.0000
vn 0.0000 1.0000 0.0000
vn 0.0000 1.0000 0.0000
vn 0.0000 1.0000 0.0000
vn 0.0000 1.0000 0.0000
vn 0.0000 1.0000 0.0000
vn 0.0000 1.0000 0.0000
vn 0.0000 1.0000 0.0000
vn 0.0000 1.0000 0.0000
vn 0.0000 1.0000 0.0000
vn 0.0000 1.0000 0.0000
vn 0.0000 1.0000 0.0000
vn 0.0000 1.0000 0.0000
vn 0.0000 1.0000 0.0000
vn 0.0000 1.0000 0.0000
vn 0.0000 1.0000 0.0000
vn 0.0000 1.0000 0.0000
vn 0.0000 1.0000 0.0000
vn 0.0000 1.0000 0.0000
vn 0.0000 1.0000 0.0000
vn 0.0000 1.0000 0.0000
vn 0.0000 1.0000 0.0000
vn 0.0000 1.0000 0.0000
vn 0.0000 1.0000 0.0000
vn 0.0000 1.0000 0.0000
vn 0.0000 1.0000 0.0000
vn 0.0000 1.0000 0.0000
vn 0.0000 1.0000 0.0000
vn 0.0000 1.0000 0.0000
vn 0.0000 1.0000 0.0000
vn 0.0000 1.0000 0.0000
vn 0.0000 1.0000 0.0000
vn 0.0000 1.0000 0.0000
vn 0.0000 1.0000 0.0000
vn 0.0000 1.0000 0.0000
vn 0.0000 1.0000 0.0000
vn 0.0000 1.0000 0.0000
vn 0.0000 1.0000 0.0000
vn 0.0000 1.0000 0.0000
vn 0.0000 1.0000 0.0000
vn 0.0000 1.0000 0.0000
vn 0.0000 1.0000 0.0000
vn 0.0000 1.0000 0.0000
vn 0.0000 1.0000 0.0000
vn 0.0000 1.0000 0.0000
vn 0.0000 1.0000 0.0000
vn 0.0000 1.0000 0.0000
vn 0.0000 1.0000 0.0000
vn 0.0000 1.0000 0.0000
vn 0.0000 1.0000 0.0000
vn 0.0000 1.0000 0.0000
vn 0.0000 1.0000 0.0000
vn 0.0000 1.0000 0.0000
vn 0.0000 1.0000 0.0000
vn 0.0000 1.0000 0.0000
vn 0.0000 1.0000 0.0000
vn 0.0000 1.0000 0.0000
vn 0.0000 1.0000 0.0000
vn 0.0000 1.0000 0.0000
vn 0.0000 1.0000 0.0000
vn 0.0000 1.0000 0.0000
vn 0.0000 1.0000 0.0000
vn 0.0000 1.0000 0.0000
vn 0.0000 1.0000 0.0000
vn 0.0000 1.0000 0.0000
vn 0.0000 1.0000 0.0000
vn 0.0000 1.0000 0.0000
vn 0.0000 1.0000 0.0000
vn 0.0000 1.0000 0.0000
vn 0.0000 1.0000 0.0000
vn 0.0000 1.0000 0.0000
vn 0.0000 1.0000 0.0000
vn 0.0000 1.0000 0.0000
vn 0.0000 1.0000 0.0000
vn 0.0000 1.0000 0.0000
vn 0.0000 1.0000 0.0000
vn 0.0000 1.0000 0.0000
vn 0.0000 1.0000 0.0000
vn 0.0000 1.0000 0.0000
vn 0.0000 1.0000 0.0000
vn 0.0000 1.0000 0.0000
vn 0.0000 1.0000 0.0000
vn 0.0000 1.0000 0.0000
vn 0.0000 1.0000 0.0000
vn 0.0000 1.0000 0.0000
vn 0.0000 1.0000 0.0000
vn 0.0000 1.0000 0.0000
vn 0.0000 1.0000 0.0000
vn 0.0000 1.0000 0.0000
vn 0.0000 1.0000 0.0000
vn 0.0000 1.0000 0.0000
vn 0.0000 1.0000 0.0000
vn 0.0000 1.0000 0.0000
vn 0.0000 1.0000 0.0000
vn 0.0000 1.0000 0.0000
vn 0.0000 1.0000 0.0000
vn 0.0000 1.0000 0.0000
vn 0.0000 1.0000 0.0000
vn 0.0000 1.0000 0.0000
vn 0.0000 1.0000 0.0000
vn 0.0000 1.0000 0.0000
vn 0.0000 1.0000 0.0000
vn 0.0000 1.0000 0.0000
vn 0.0000 1.0000 0.0000
vn 0.0000 1.0000 0.0000
vn 0.0000 1.0000 0.0000
vn 0.0000 1.0000 0.0000
vn 0.0000 1.0000 0.0000
vn 0.0000 1.0000 0.0000
vn 0.0000 1.0000 0.0000
vn 0.0000 1.0000 0.0000
vn 0.0000 1.0000 0.0000
vn 0.0000 1.0000 0.0000
vn 0.0000 1.0000 0.0000
vn 0.0000 1.0000 0.0000
vn 0.0000 1.0000 0.0000
vn 0.0000 1.0000 0.0000
vn 0.0000 1.0000 0.0000
vn 0.0000 1.0000 0.0000
vn 0.0000 1.0000 0.0000
vn 0.0000 1.0000 0.0000
vn 0.0000 1.0000 0.0000
vn 0.0000 1.0000 0.0000
vn 0.0000 1.0000 0.0000
vn 0.0000 1.0000 0.0000
vn 0.0000 1.0000 0.0000
vn 0.0000 1.0000 0.0000
vn 0.0000 1.0000 0.0000
vn 0.0000 1.0000 0.0000
vn 0.0000 1.0000 0.0000
vn 0.0000 1.0000 0.0000
vn 0.0000 1.0000 0.0000
vn 0.0000 1.0000 0.0000
vn 0.0000 1.0000 0.0000
vn 0.0000 1.0000 0.0000
vn 0.0000 1.0000 0.0000
vn 0.0000 1.0000 0.0000
vn 0.0000 1.0000 0.0000
vn 0.0000 1.0000 0.0000
vn 0.0000 1.0000 0.0000
vn 0.0000 1.0000 0.0000
vn 0.0000 1.0000 0.0000
vn 0.0000 1.0000 0.0000
vn 0.0000 1.0000 0.0000
vn 0.0000 1.0000 0.0000
vn 0.0000 1.0000 0.0000
vn 0.0000 1.0000 0.0000
vn 0.0000 1.0000 0.0000
vn 0.0000 1.0000 0.0000
vn 0.0000 1.0000 0.0000
vn 0.0000 1.0000 0.0000
vn 0.0000 1.0000 0.0000
vn 0.0000 1.0000 0.0000
vn 0.0000 1.0000 0.0000
vn 0.0000 1.0000 0.0000
vn 0.0000 1.0000 0.0000
vn 0.0000 1.0000 0.0000
vn 0.0000 1.0000 0.0000
vn 0.0000 1.0000 0.0000
vn 0.0000 1.0000 0.0000
vn 0.0000 1.0000 0.0000
vn 0.0000 1.0000 0.0000
vn 0.0000 1.0000 0.0000
vn 0.0000 1.0000 0.0000
vn 0.0000 1.0000 0.0000
vn 0.0000 1.0000 0.0000
vn 0.0000 1.0000 0.0000
vn 0.0000 1.0000 0.0000
vn 0.0000 1.0000 0.0000
vn 0.0000 1.0000 0.0000
vn 0.0000 1.0000 0.0000
vn 0.0000 1.0000 0.0000
vn 0.0000 1.0000 0.0000
vn 0.0000 1.0000 0.0000
vn 0.0000 1.0000 0.0000
vn 0.0000 1.0000 0.0000
vn 0.0000 1.0000 0.0000
vn 0.0000 1.0000 0.0000
vn 0.0000 1.0000 0.0000
vn 0.0000 1.0000 0.0000
vn 0.0000 1.0000 0.0000
vn 0.0000 1.0000 0.0000
vn 0.0000 1.0000 0.0000
vn 0.0000 1.0000 0.0000
vn 0.0000 1.0000 0.0000
vn 0.0000 1.0000 0.0000
vn 0.0000 1.0000 0.0000
vn 0.0000 1.0000 0.0000
vn 0.0000 1.0000 0.0000
vn 0.0000 1.0000 0.0000
vn 0.0000 1.0000 0.0000
vn 0.0000 1.0000 0.0000
vn 0.0000 1.0000 0.0000
vn 0.0000 1.0000 0.0000
vn 0.0000 1.0000 0.0000
vn 0.0000 1.0000 0.0000
vn 0.0000 1.0000 0.0000
vn 0.0000 1.0000 0.0000
vn 0.0000 1.0000 0.0000
vn 0.0000 1.0000 0.0000
vn 0.0000 1.0000 0.0000
vn 0.0000 1.0000 0.0000
vn 0.0000 1.0000 0.0000
vn 0.0000 1.0000 0.0000
vn 0.0000 1.0000 0.0000
vn 0.0000 1.0000 0.0000
vn 0.0000 1.0000 0.0000
vn 0.0000 1.0000 0.0000
vn 0.0000 1.0000 0.0000
vn 0.0000 1.0000 0.0000
vn 0.0000 1.0000 0.0000
vn 0.0000 1.0000 0.0000
vn 0.0000 1.0000 0.0000
vn 0.0000 1.0000 0.0000
vn 0.0000 1.0000 0.0000
vn 0.0000 1.0000 0.0000
vn 0.0000 1.0000 0.0000
vn 0.0000 1.0000 0.0000
vn 0.0000 1.0000 0.0000
vn 0.0000 1.0000 0.0000
vn 0.0000 1.0000 0.0000
vn 0.0000 1.0000 0.0000
vn 0.0000 1.0000 0.0000
vn 0.0000 1.0000 0.0000
vn 0.0000 1.0000 0.0000
vn 0.0000 1.0000 0.0000
vn 0.0000 1.0000 0.0000
vn 0.0000 1.0000 0.0000
vn 0.0000 1.0000 0.0000
vn 0.0000 1.0000 0.0000
vn 0.0000 1.0000 0.0000
vn 0.0000 1.0000 0.0000
vn 0.0000 1.0000 0.0000
vn 0.0000 1.0000 0.0000
vn 0.0000 1.0000 0.0000
vn 0.0000 1.0000 0.0000
vn 0.0000 1.0000 0.0000
vn 0.0000 1.0000 0.0000
vn 0.0000 1.0000 0.0000
vn 0.0000 1.0000 0.0000
vn 0.0000 1.0000 0.0000
vn 0.0000 1.0000 0.0000
vn 0.0000 1.0000 0.0000
vn 0.0000 1.0000 0.0000
vn 0.0000 1.0000 0.0000
vn 0.0000 1.0000 0.0000
vn 0.0000 1.0000 0.0000
vn 0.0000 1.0000 0.0000
vn 0.0000 1.0000 0.0000
vn 0.0000 1.0000 0.0000
vn 0.0000 1.0000 0.0000
vn 0.0000 1.0000 0.0000
vn 0.0000 1.0000 0.0000
vn 0.0000 1.0000 0.0000
vn 0.0000 1.0000 0.0000
vn 0.0000 1.0000 0.0000
vn 0.0000 1.0000 0.0000
vn 0.0000 1.0000 0.0000
vn 0.0000 1.0000 0.0000
vn 0.0000 1.0000 0.0000
vn 0.0000 1.0000 0.0000
vn 0.0000 1.0000 0.0000
vn 0.0000 1.0000 0.0000
vn 0.0000 1.0000 0.0000
vn 0.0000 1.0000 0.0000
vn 0.0000 1.0000 0.0000
vn 0.0000 1.0000 0.0000
vn 0.0000 1.0000 0.0000
vn 0.0000 1.0000 0.0000
vn 0.0000 1.0000 0.0000
vn 0.0000 1.0000 0.0000
vn 0.0000 1.0000 0.0000
vn 0.0000 1.0000 0.0000
vn 0.0000 1.0000 0.0000
vn 0.0000 1.0000 0.0000
vn 0.0000 1.0000 0.0000
vn 0.0000 1.0000 0.0000
vn 0.0000 1.0000 0.0000
vn 0.0000 1.0000 0.0000
vn 0.0000 1.0000 0.0000
vn 0.0000 1.0000 0.0000
vn 0.0000 1.0000 0.0000
vn 0.0000 1.0000 0.0000
vn 0.0000 1.0000 0.0000
vn 0.0000 1.0000 0.0000
vn 0.0000 1.0000 0.0000
vn 0.0000 1.0000 0.0000
vn 0.0000 1.0000 0.0000
vn 0.0000 1.0000 0.0000
vn 0.0000 1.0000 0.0000
vn 0.0000 1.0000 0.0000
vn 0.0000 1.0000 0.0000
vn 0.0000 1.0000 0.0000
vn 0.0000 1.0000 0.0000
vn 0.0000 1.0000 0.0000
vn 0.0000 1.0000 0.0000
vn 0.0000 1.0000 0.0000
vn 0.0000 1.0000 0.0000
vn 0.0000 1.0000 0.0000
vn 0.0000 1.0000 0.0000
vn 0.0000 1.0000 0.0000
vn 0.0000 1.0000 0.0000
vn 0.0000 1.0000 0.0000
vn 0.0000 1.0000 0.0000
vn 0.0000 1.0000 0.0000
vn 0.0000 1.0000 0.0000
vn 0.0000 1.0000 0.0000
vn 0.0000 1.0000 0.0000
vn 0.0000 1.0000 0.0000
vn 0.0000 1.0000 0.0000
vn 0.0000 1.0000 0.0000
vn 0.0000 1.0000 0.0000
vn 0.0000 1.0000 0.0000
vn 0.0000 1.0000 0.0000
vn 0.0000 1.0000 0.0000
vn 0.0000 1.0000 0.0000
vn 0.0000 1.0000 0.0000
vn 0.0000 1.0000 0.0000
vn 0.0000 1.0000 0.0000
vn 0.0000 1.0000 0.0000
vn 0.0000 1.0000 0.0000
vn 0.0000 1.0000 0.0000
vn 0.0000 1.0000 0.0000
vn 0.0000 1.0000 0.0000
vn 0.0000 1.0000 0.0000
vn 0.0000 1.0000 0.0000
vn 0.0000 1.0000 0.0000
vn 0.0000 1.0000 0.0000
vn 0.0000 1.0000 0.0000
vn 0.0000 1.0000 0.0000
vn 0.0000 1.0000 0.0000
vn 0.0000 1.0000 0.0000
vn 0.0000 1.0000 0.0000
vn 0.0000 1.0000 0.0000
vn 0.0000 1.0000 0.0000
vn 0.0000 1.0000 0.0000
vn 0.0000 1.0000 0.0000
vn 0.0000 1.0000 0.0000
vn 0.0000 1.0000 0.0000
vn 0.0000 1.0000 0.0000
vn 0.0000 1.0000 0.0000
vn 0.0000 1.0000 0.0000
vn 0.0000 1.0000 0.0000
vn 0.0000 1.0000 0.0000
vn 0.0000 1.0000 0.0000
vn 0.0000 1.0000 0.0000
vn 0.0000 1.0000 0.0000
vn 0.0000 1.0000 0.0000
vn 0.0000 1.0000 0.0000
vn 0.0000 1.0000 0.0000
vn 0.0000 1.0000 0.0000
vn 0.0000 1.0000 0.0000
vn 0.0000 1.0000 0.0000
vn 0.0000 1.0000 0.0000
vn 0.0000 1.0000 0.0000
vn 0.0000 1.0000 0.0000
vn 0.0000 1.0000 0.0000
vn 0.0000 1.0000 0.0000
vn 0.0000 1.0000 0.0000
vn 0.0000 1.0000 0.0000
vn 0.0000 1.0000 0.0000
vn 0.0000 1.0000 0.0000
vn 0.0000 1.0000 0.0000
vn 0.0000 1.0000 0.0000
vn 0.0000 1.0000 0.0000
vn 0.0000 1.0000 0.0000
vn 0.0000 1.0000 0.0000
vn 0.0000 1.0000 0.0000
vn 0.0000 1.0000 0.0000
vn 0.0000 1.0000 0.0000
vn 0.0000 1.0000 0.0000
vn 0.0000 1.0000 0.0000
vn 0.0000 1.0000 0.0000
vn 0.0000 1.0000 0.0000
vn 0.0000 1.0000 0.0000
vn 0.0000 1.0000 0.0000
vn 0.0000 1.0000 0.0000
vn 0.0000 1.0000 0.0000
vn 0.0000 1.0000 0.0000
vn 0.0000 1.0000 0.0000
vn 0.0000 1.0000 0.0000
vn 0.0000 1.0000 0.0000
vn 0.0000 1.0000 0.0000
vn 0.0000 1.0000 0.0000
vn 0.0000 1.0000 0.0000
vn 0.0000 1.0000 0.0000
vn 0.0000 1.0000 0.0000
vn 0.0000 1.0000 0.0000
vn 0.0000 1.0000 0.0000
vn 0.0000 1.0000 0.0000
vn 0.0000 1.0000 0.0000
vn 0.0000 1.0000 0.0000
vn 0.0000 1.0000 0.0000
vn 0.0000 1.0000 0.0000
vn 0.0000 1.0000 0.0000
vn 0.0000 1.0000 0.0000
vn 0.0000 1.0000 0.0000
vn 0.0000 1.0000 0.0000
vn 0.0000 1.0000 0.0000
vn 0.0000 1.0000 0.0000
vn 0.0000 1.0000 0.0000
vn 0.0000 1.0000 0.0000
vn 0.0000 1.0000 0.0000
vn 0.0000 1.0000 0.0000
vn 0.0000 1.0000 0.0000
vn 0.0000 1.0000 0.0000
vn 0.0000 1.0000 0.0000
vn 0.0000 1.0000 0.0000
vn 0.0000 1.0000 0.0000
vn 0.0000 1.0000 0.0000
vn 0.0000 1.0000 0.0000
vn 0.0000 1.0000 0.0000
vn 0.0000 1.0000 0.0000
vn 0.0000 1.0000 0.0000
vn 0.0000 1.0000 0.0000
vn 0.0000 1.0000 0.0000
vn 0.0000 1.0000 0.0000
vn 0.0000 1.0000 0.0000
vn 0.0000 1.0000 0.0000
vn 0.0000 1.0000 0.0000
vn 0.0000 1.0000 0.0000
vn 0.0000 1.0000 0.0000
vn 0.0000 1.0000 0.0000
vn 0.0000 1.0000 0.0000
vn 0.0000 1.0000 0.0000
vn 0.0000 1.0000 0.0000
vn 0.0000 1.0000 0.0000
vn 0.0000 1.0000 0.0000
vn 0.0000 1.0000 0.0000
vn 0.0000 1.0000 0.0000
vn 0.0000 1.0000 0.0000
vn 0.0000 1.0000 0.0000
vn 0.0000 1.0000 0.0000
vn 0.0000 1.0000 0.0000
vn 0.0000 1.0000 0.0000
vn 0.0000 1.0000 0.0000
vn 0.0000 1.0000 0.0000
vn 0.0000 1.0000 0.0000
vn 0.0000 1.0000 0.0000
vn 0.0000 1.0000 0.0000
vn 0.0000 1.0000 0.0000
vn 0.0000 1.0000 0.0000
vn 0.0000 1.0000 0.0000
vn 0.0000 1.0000 0.0000
vn 0.0000 1.0000 0.0000
vn 0.0000 1.0000 0.0000
vn 0.0000 1.0000 0.0000
vn 0.0000 1.0000 0.0000
vn 0.0000 1.0000 0.0000
vn 0.0000 1.0000 0.0000
vn 0.0000 1.0000 0.0000
vn 0.0000 1.0000 0.0000
vn 0.0000 1.0000 0.0000
vn 0.0000 1.0000 0.0000
vn 0.0000 1.0000 0.0000
vn 0.0000 1.0000 0.0000
vn 0.0000 1.0000 0.0000
vn 0.0000 1.0000 0.0000
vn 0.0000 1.0000 0.0000
vn 0.0000 1.0000 0.0000
vn 0.0000 1.0000 0.0000
vn 0.0000 1.0000 0.0000
vn 0.0000 1.0000 0.0000
vn 0.0000 1.0000 0.0000
vn 0.0000 1.0000 0.0000
vn 0.0000 1.0000 0.0000
vn 0.0000 1.0000 0.0000
vn 0.0000 1.0000 0.0000
vn 0.0000 1.0000 0.0000
vn 0.0000 1.0000 0.0000
vn 0.0000 1.0000 0.0000
vn 0.0000 1.0000 0.0000
vn 0.0000 1.0000 0.0000
vn 0.0000 1.0000 0.0000
vn 0.0000 1.0000 0.0000
vn 0.0000 1.0000 0.0000
vn 0.0000 1.0000 0.0000
vn 0.0000 1.0000 0.0000
vn 0.0000 1.0000 0.0000
vn 0.0000 1.0000 0.0000
vn 0.0000 1.0000 0.0000
vn 0.0000 1.0000 0.0000
vn 0.0000 1.0000 0.0000
vn 0.0000 1.0000 0.0000
vn 0.0000 1.0000 0.0000
vn 0.0000 1.0000 0.0000
vn 0.0000 1.0000 0.0000
vn 0.0000 1.0000 0.0000
vn 0.0000 1.0000 0.0000
vn 0.0000 1.0000 0.0000
vn 0.0000 1.0000 0.0000
vn 0.0000 1.0000 0.0000
vn 0.0000 1.0000 0.0000
vn 0.0000 1.0000 0.0000
vn 0.0000 1.0000 0.0000
vn 0.0000 1.0000 0.0000
vn 0.0000 1.0000 0.0000
vn 0.0000 1.0000 0.0000
vn 0.0000 1.0000 0.0000
vn 0.0000 1.0000 0.0000
vn 0.0000 1.0000 0.0000
vn 0.0000 1.0000 0.0000
vn 0.0000 1.0000 0.0000
vn 0.0000 1.0000 0.0000
vn 0.0000 1.0000 0.0000
vn 0.0000 1.0000 0.0000
vn 0.0000 1.0000 0.0000
vn 0.0000 1.0000 0.0000
vn 0.0000 1.0000 0.0000
vn 0.0000 1.0000 0.0000
vn 0.0000 1.0000 0.0000
vn 0.0000 1.0000 0.0000
vn 0.0000 1.0000 0.0000
vn 0.0000 1.0000 0.0000
vn 0.0000 1.0000 0.0000
vn 0.0000 1.0000 0.0000
vn 0.0000 1.0000 0.0000
vn 0.0000 1.0000 0.0000
vn 0.0000 1.0000 0.0000
vn 0.0000 1.0000 0.0000
vn 0.0000 1.0000 0.0000
vn 0.0000 1.0000 0.0000
vn 0.0000 1.0000 0.0000
vn 0.0000 1.0000 0.0000
vn 0.0000 1.0000 0.0000
vn 0.0000 1.0000 0.0000
vn 0.0000 1.0000 0.0000
vn 0.0000 1.0000 0.0000
vn 0.0000 1.0000 0.0000
vn 0.0000 1.0000 0.0000
vn 0.0000 1.0000 0.0000
vn 0.0000 1.0000 0.0000
vn 0.0000 1.0000 0.0000
vn 0.0000 1.0000 0.0000
vn 0.0000 1.0000 0.0000
vn 0.0000 1.0000 0.0000
vn 0.0000 1.0000 0.0000
vn 0.0000 1.0000 0.0000
vn 0.0000 1.0000 0.0000
vn 0.0000 1.0000 0.0000
vn 0.0000 1.0000 0.0000
vn 0.0000 1.0000 0.0000
vn 0.0000 1.0000 0.0000
vn 0.0000 1.0000 0.0000
vn 0.0000 1.0000 0.0000
vn 0.0000 1.0000 0.0000
vn 0.0000 1.0000 0.0000
vn 0.0000 1.0000 0.0000
vn 0.0000 1.0000 0.0000
vn 0.0000 1.0000 0.0000
vn 0.0000 1.0000 0.0000
vn 0.0000 1.0000 0.0000
vn 0.0000 1.0000 0.0000
vn 0.0000 1.0000 0.0000
vn 0.0000 1.0000 0.0000
vn 0.0000 1.0000 0.0000
vn 0.0000 1.0000 0.0000
vn 0.0000 1.0000 0.0000
vn 0.0000 1.0000 0.0000
vn 0.0000 1.0000 0.0000
vn 0.0000 1.0000 0.0000
vn 0.0000 1.0000 0.0000
vn 0.0000 1.0000 0.0000
vn 0.0000 1.0000 0.0000
vn 0.0000 1.0000 0.0000
vn 0.0000 1.0000 0.0000
vn 0.0000 1.0000 0.0000
vn 0.0000 1.0000 0.0000
vn 0.0000 1.0000 0.0000
vn 0.0000 1.0000 0.0000
vn 0.0000 1.0000 0.0000
vn 0.0000 1.0000 0.0000
vn 0.0000 1.0000 0.0000
vn 0.0000 1.0000 0.0000
vn 0.0000 1.0000 0.0000
vn 0.0000 1.0000 0.0000
vn 0.0000 1.0000 0.0000
vn 0.0000 1.0000 0.0000
vn 0.0000 1.0000 0.0000
vn 0.0000 1.0000 0.0000
vn 0.0000 1.0000 0.0000
vn 0.0000 1.0000 0.0000
vn 0.0000 1.0000 0.0000
vn 0.0000 1.0000 0.0000
vn 0.0000 1.0000 0.0000
vn 0.0000 1.0000 0.0000
vn 0.0000 1.0000 0.0000
vn 0.0000 1.0000 0.0000
vn 0.0000 1.0000 0.0000
vn 0.0000 1.0000 0.0000
vn 0.0000 1.0000 0.0000
vn 0.0000 1.0000 0.0000
vn 0.0000 1.0000 0.0000
vn 0.0000 1.0000 0.0000
vn 0.0000 1.0000 0.0000
vn 0.0000 1.0000 0.0000
vn 0.0000 1.0000 0.0000
vn 0.0000 1.0000 0.0000
vn 0.0000 1.0000 0.0000
vn 0.0000 1.0000 0.0000
vn 0.0000 1.0000 0.0000
vn 0.0000 1.0000 0.0000
vn 0.0000 1.0000 0.0000
vn 0.0000 1.0000 0.0000
vn 0.0000 1.0000 0.0000
vn 0.0000 1.0000 0.0000
vn 0.0000 1.0000 0.0000
vn 0.0000 1.0000 0.0000
vn 0.0000 1.0000 0.0000
vn 0.0000 1.0000 0.0000
vn 0.0000 1.0000 0.0000
vn 0.0000 1.0000 0.0000
vn 0.0000 1.0000 0.0000
vn 0.0000 1.0000 0.0000
vn 0.0000 1.0000 0.0000
vn 0.0000 1.0000 0.0000
vn 0.0000 1.0000 0.0000
vn 0.0000 1.0000 0.0000
vn 0.0000 1.0000 0.0000
vn 0.0000 1.0000 0.0000
vn 0.0000 1.0000 0.0000
vn 0.0000 1.0000 0.0000
vn 0.0000 1.0000 0.0000
vn 0.0000 1.0000 0.0000
vn 0.0000 1.0000 0.0000
vn 0.0000 1.0000 0.0000
vn 0.0000 1.0000 0.0000
vn 0.0000 1.0000 0.0000
vn 0.0000 1.0000 0.0000
vn 0.0000 1.0000 0.0000
vn 0.0000 1.0000 0.0000
vn 0.0000 1.0000 0.0000
vn 0.0000 1.0000 0.0000
vn 0.0000 1.0000 0.0000
vn 0.0000 1.0000 0.0000
vn 0.0000 1.0000 0.0000
vn 0.0000 1.0000 0.0000
vn 0.0000 1.0000 0.0000
vn 0.0000 1.0000 0.0000
vn 0.0000 1.0000 0.0000
vn 0.0000 1.0000 0.0000
vn 0.0000 1.0000 0.0000
vn 0.0000 1.0000 0.0000
vn 0.0000 1.0000 0.0000
vn 0.0000 1.0000 0.0000
vn 0.0000 1.0000 0.0000
vn 0.0000 1.0000 0.0000
vn 0.0000 1.0000 0.0000
vn 0.0000 1.0000 0.0000
vn 0.0000 1.0000 0.0000
vn 0.0000 1.0000 0.0000
vn 0.0000 1.0000 0.0000
vn 0.0000 1.0000 0.0000
vn 0.0000 1.0000 0.0000
vn 0.0000 1.0000 0.0000
vn 0.0000 1.0000 0.0000
vn 0.0000 1.0000 0.0000
vn 0.0000 1.0000 0.0000
vn 0.0000 1.0000 0.0000
vn 0.0000 1.0000 0.0000
vn 0.0000 1.0000 0.0000
vn 0.0000 1.0000 0.0000
vn 0.0000 1.0000 0.0000
vn 0.0000 1.0000 0.0000
vn 0.0000 1.0000 0.0000
vn 0.0000 1.0000 0.0000
vn 0.0000 1.0000 0.0000
vn 0.0000 1.0000 0.0000
vn 0.0000 1.0000 0.0000
vn 0.0000 1.0000 0.0000
vn 0.0000 1.0000 0.0000
vn 0.0000 1.0000 0.0000
vn 0.0000 1.0000 0.0000
vn 0.0000 1.0000 0.0000
vn 0.0000 1.0000 0.0000
vn 0.0000 1.0000 0.0000
vn 0.0000 1.0000 0.0000
vn 0.0000 1.0000 0.0000
vn 0.0000 1.0000 0.0000
vn 0.0000 1.0000 0.0000
vn 0.0000 1.0000 0.0000
vn 0.0000 1.0000 0.0000
vn 0.0000 1.0000 0.0000
vn 0.0000 1.0000 0.0000
vn 0.0000 1.0000 0.0000
vn 0.0000 1.0000 0.0000
vn 0.0000 1.0000 0.0000
vn 0.0000 1.0000 0.0000
vn 0.0000 1.0000 0.0000
vn 0.0000 1.0000 0.0000
vn 0.0000 1.0000 0.0000
vn 0.0000 1.0000 0.0000
vn 0.0000 1.0000 0.0000
vn 0.0000 1.0000 0.0000
vn 0.0000 1.0000 0.0000
vn 0.0000 1.0000 0.0000
vn 0.0000 1.0000 0.0000
vn 0.0000 1.0000 0.0000
vn 0.0000 1.0000 0.0000
vn 0.0000 1.0000 0.0000
vn 0.0000 1.0000 0.0000
vn 0.0000 1.0000 0.0000
vn 0.0000 1.0000 0.0000
vn 0.0000 1.0000 0.0000
vn 0.0000 1.0000 0.0000
vn 0.0000 1.0000 0.0000
vn 0.0000 1.0000 0.0000
vn 0.0000 1.0000 0.0000
vn 0.0000 1.0000 0.0000
vn 0.0000 1.0000 0.0000
vn 0.0000 1.0000 0.0000
vn 0.0000 1.0000 0.0000
vn 0.0000 1.0000 0.0000
vn 0.0000 1.0000 0.0000
vn 0.0000 1.0000 0.0000
vn 0.0000 1.0000 0.0000
vn 0.0000 1.0000 0.0000
vn 0.0000 1.0000 0.0000
vn 0.0000 1.0000 0.0000
vn 0.0000 1.0000 0.0000
vn 0.0000 1.0000 0.0000
vn 0.0000 1.0000 0.0000
vn 0.0000 1.0000 0.0000
vn 0.0000 1.0000 0.0000
vn 0.0000 1.0000 0.0000
vn 0.0000 1.0000 0.0000
vn 0.0000 1.0000 0.0000
vn 0.0000 1.0000 0.0000
vn 0.0000 1.0000 0.0000
vn 0.0000 1.0000 0.0000
vn 0.0000 1.0000 0.0000
vn 0.0000 1.0000 0.0000
vn 0.0000 1.0000 0.0000
vn 0.0000 1.0000 0.0000
vn 0.0000 1.0000 0.0000
vn 0.0000 1.0000 0.0000
vn 0.0000 1.0000 0.0000
vn 0.0000 1.0000 0.0000
vn 0.0000 1.0000 0.0000
vn 0.0000 1.0000 0.0000
vn 0.0000 1.0000 0.0000
vn 0.0000 1.0000 0.0000
vn 0.0000 1.0000 0.0000
vn 0.0000 1.0000 0.0000
vn 0.0000 1.0000 0.0000
vn 0.0000 1.0000 0.0000
vn 0.0000 1.0000 0.0000
vn 0.0000 1.0000 0.0000
vn 0.0000 1.0000 0.0000
vn 0.0000 1.0000 0.0000
vn 0.0000 1.0000 0.0000
vn 0.0000 1.0000 0.0000
vn 0.0000 1.0000 0.0000
vn 0.0000 1.0000 0.0000
vn 0.0000 1.0000 0.0000
vn 0.0000 1.0000 0.0000
vn 0.0000 1.0000 0.0000
vn 0.0000 1.0000 0.0000
vn 0.0000 1.0000 0.0000
vn 0.0000 1.0000 0.0000
vn 0.0000 1.0000 0.0000
vn 0.0000 1.0000 0.0000
vn 0.0000 1.0000 0.0000
vn 0.0000 1.0000 0.0000
vn 0.0000 1.0000 0.0000
vn 0.0000 1.0000 0.0000
vn 0.0000 1.0000 0.0000
vn 0.0000 1.0000 0.0000
vn 0.0000 1.0000 0.0000
vn 0.0000 1.0000 0.0000
vn 0.0000 1.0000 0.0000
vn 0.0000 1.0000 0.0000
vn 0.0000 1.0000 0.0000
vn 0.0000 1.0000 0.0000
vn 0.0000 1.0000 0.0000
vn 0.0000 1.0000 0.0000
vn 0.0000 1.0000 0.0000
vn 0.0000 1.0000 0.0000
vn 0.0000 1.0000 0.0000
vn 0.0000 1.0000 0.0000
vn 0.0000 1.0000 0.0000
vn 0.0000 1.0000 0.0000
vn 0.0000 1.0000 0.0000
vn 0.0000 1.0000 0.0000
vn 0.0000 1.0000 0.0000
vn 0.0000 1.0000 0.0000
vn 0.0000 1.0000 0.0000
vn 0.0000 1.0000 0.0000
vn 0.0000 1.0000 0.0000
vn 0.0000 1.0000 0.0000
vn 0.0000 1.0000 0.0000
vn 0.0000 1.0000 0.0000
vn 0.0000 1.0000 0.0000
vn 0.0000 1.0000 0.0000
vn 0.0000 1.0000 0.0000
vn 0.0000 1.0000 0.0000
vn 0.0000 1.0000 0.0000
vn 0.0000 1.0000 0.0000
vn 0.0000 1.0000 0.0000
vn 0.0000 1.0000 0.0000
vn 0.0000 1.0000 0.0000
vn 0.0000 1.0000 0.0000
vn 0.0000 1.0000 0.0000
vn 0.0000 1.0000 0.0000
vn 0.0000 1.0000 0.0000
vn 0.0000 1.0000 0.0000
vn 0.0000 1.0000 0.0000
vn 0.0000 1.0000 0.0000
vn 0.0000 1.0000 0.0000
vn 0.0000 1.0000 0.0000
vn 0.0000 1.0000 0.0000
vn 0.0000 1.0000 0.0000
vn 0.0000 1.0000 0.0000
vn 0.0000 1.0000 0.0000
vn 0.0000 1.0000 0.0000
vn 0.0000 1.0000 0.0000
vn 0.0000 1.0000 0.0000
vn 0.0000 1.0000 0.0000
vn 0.0000 1.0000 0.0000
vn 0.0000 1.0000 0.0000
vn 0.0000 1.0000 0.0000
vn 0.0000 1.0000 0.0000
vn 0.0000 1.0000 0.0000
vn 0.0000 1.0000 0.0000
vn 0.0000 1.0000 0.0000
vn 0.0000 1.0000 0.0000
vn 0.0000 1.0000 0.0000
vn 0.0000 1.0000 0.0000
vn 0.0000 1.0000 0.0000
vn 0.0000 1.0000 0.0000
vn 0.0000 1.0000 0.0000
vn 0.0000 1.0000 0.0000
vn 0.0000 1.0000 0.0000
vn 0.0000 1.0000 0.0000
vn 0.0000 1.0000 0.0000
vn 0.0000 1.0000 0.0000
vn 0.0000 1.0000 0.0000
vn 0.0000 1.0000 0.0000
vn 0.0000 1.0000 0.0000
vn 0.0000 1.0000 0.0000
vn 0.0000 1.0000 0.0000
vn 0.0000 1.0000 0.0000
vn 0.0000 1.0000 0.0000
vn 0.0000 1.0000 0.0000
vn 0.0000 1.0000 0.0000
vn 0.0000 1.0000 0.0000
vn 0.0000 1.0000 0.0000
vn 0.0000 1.0000 0.0000
vn 0.0000 1.0000 0.0000
vn 0.0000 1.0000 0.0000
vn 0.0000 1.0000 0.0000
vn 0.0000 1.0000 0.0000
vn 0.0000 1.0000 0.0000
vn 0.0000 1.0000 0.0000
vn 0.0000 1.0000 0.0000
vn 0.0000 1.0000 0.0000
vn 0.0000 1.0000 0.0000
vn 0.0000 1.0000 0.0000
vn 0.0000 1.0000 0.0000
vn 0.0000 1.0000 0.0000
vn 0.0000 1.0000 0.0000
vn 0.0000 1.0000 0.0000
vn 0.0000 1.0000 0.0000
vn 0.0000 1.0000 0.0000
vn 0.0000 1.0000 0.0000
vn 0.0000 1.0000 0.0000
vn 0.0000 1.0000 0.0000
vn 0.0000 1.0000 0.0000
vn 0.0000 1.0000 0.0000
vn 0.0000 1.0000 0.0000
vn 0.0000 1.0000 0.0000
vn 0.0000 1.0000 0.0000
vn 0.0000 1.0000 0.0000
vn 0.0000 1.0000 0.0000
vn 0.0000 1.0000 0.0000
vn 0.0000 1.0000 0.0000
vn 0.0000 1.0000 0.0000
vn 0.0000 1.0000 0.0000
vn 0.0000 1.0000 0.0000
vn 0.0000 1.0000 0.0000
vn 0.0000 1.0000 0.0000
vn 0.0000 1.0000 0.0000
vn 0.0000 1.0000 0.0000
vn 0.0000 1.0000 0.0000
vn 0.0000 1.0000 0.0000
vn 0.0000 1.0000 0.0000
vn 0.0000 1.0000 0.0000
vn 0.0000 1.0000 0.0000
vn 0.0000 1.0000 0.0000
vn 0.0000 1.0000 0.0000
vn 0.0000 1.0000 0.0000
vn 0.0000 1.0000 0.0000
vn 0.0000 1.0000 0.0000
vn 0.0000 1.0000 0.0000
vn 0.0000 1.0000 0.0000
vn 0.0000 1.0000 0.0000
vn 0.0000 1.0000 0.0000
vn 0.0000 1.0000 0.0000
vn 0.0000 1.0000 0.0000
vn 0.0000 1.0000 0.0000
vn 0.0000 1.0000 0.0000
vn 0.0000 1.0000 0.0000
vn 0.0000 1.0000 0.0000
vn 0.0000 1.0000 0.0000
vn 0.0000 1.0000 0.0000
vn 0.0000 1.0000 0.0000
vn 0.0000 1.0000 0.0000
vn 0.0000 1.0000 0.0000
vn 0.0000 1.0000 0.0000
vn 0.0000 1.0000 0.0000
vn 0.0000 1.0000 0.0000
vn 0.0000 1.0000 0.0000
vn 0.0000 1.0000 0.0000
vn 0.0000 1.0000 0.0000
vn 0.0000 1.0000 0.0000
vn 0.0000 1.0000 0.0000
vn 0.0000 1.0000 0.0000
vn 0.0000 1.0000 0.0000
vn 0.0000 1.0000 0.0000
vn 0.0000 1.0000 0.0000
vn 0.0000 1.0000 0.0000
vn 0.0000 1.0000 0.0000
vn 0.0000 1.0000 0.0000
vn 0.0000 1.0000 0.0000
vn 0.0000 1.0000 0.0000
vn 0.0000 1.0000 0.0000
vn 0.0000 1.0000 0.0000
vn 0.0000 1.0000 0.0000
vn 0.0000 1.0000 0.0000
vn 0.0000 1.0000 0.0000
vn 0.0000 1.0000 0.0000
vn 0.0000 1.0000 0.0000
vn 0.0000 1.0000 0.0000
vn 0.0000 1.0000 0.0000
vn 0.0000 1.0000 0.0000
vn 0.0000 1.0000 0.0000
vn 0.0000 1.0000 0.0000
vn 0.0000 1.0000 0.0000
vn 0.0000 1.0000 0.0000
vn 0.0000 1.0000 0.0000
vn 0.0000 1.0000 0.0000
vn 0.0000 1.0000 0.0000
vn 0.0000 1.0000 0.0000
vn 0.0000 1.0000 0.0000
vn 0.0000 1.0000 0.0000
vn 0.0000 1.0000 0.0000
vn 0.0000 1.0000 0.0000
vn 0.0000 1.0000 0.0000
vn 0.0000 1.0000 0.0000
vn 0.0000 1.0000 0.0000
vn 0.0000 1.0000 0.0000
vn 0.0000 1.0000 0.0000
vn 0.0000 1.0000 0.0000
vn 0.0000 1.0000 0.0000
vn 0.0000 1.0000 0.0000
vn 0.0000 1.0000 0.0000
vn 0.0000 1.0000 0.0000
vn 0.0000 1.0000 0.0000
vn 0.0000 1.0000 0.0000
vn 0.0000 1.0000 0.0000
vn 0.0000 1.0000 0.0000
vn 0.0000 1.0000 0.0000
vn 0.0000 1.0000 0.0000
vn 0.0000 1.0000 0.0000
vn 0.0000 1.0000 0.0000
vn 0.0000 1.0000 0.0000
vn 0.0000 1.0000 0.0000
vn 0.0000 1.0000 0.0000
vn 0.0000 1.0000 0.0000
vn 0.0000 1.0000 0.0000
vn 0.0000 1.0000 0.0000
vn 0.0000 1.0000 0.0000
vn 0.0000 1.0000 0.0000
vn 0.0000 1.0000 0.0000
vn 0.0000 1.0000 0.0000
vn 0.0000 1.0000 0.0000
vn 0.0000 1.0000 0.0000
vn 0.0000 1.0000 0.0000
vn 0.0000 1.0000 0.0000
vn 0.0000 1.0000 0.0000
vn 0.0000 1.0000 0.0000
vn 0.0000 1.0000 0.0000
vn 0.0000 1.0000 0.0000
vn 0.0000 1.0000 0.0000
vn 0.0000 1.0000 0.0000
vn 0.0000 1.0000 0.0000
vn 0.0000 1.0000 0.0000
vn 0.0000 1.0000 0.0000
vn 0.0000 1.0000 0.0000
vn 0.0000 1.0000 0.0000
vn 0.0000 1.0000 0.0000
vn 0.0000 1.0000 0.0000
vn 0.0000 1.0000 0.0000
vn 0.0000 1.0000 0.0000
vn 0.0000 1.0000 0.0000
vn 0.0000 1.0000 0.0000
vn 0.0000 1.0000 0.0000
vn 0.0000 1.0000 0.0000
vn 0.0000 1.0000 0.0000
vn 0.0000 1.0000 0.0000
vn 0.0000 1.0000 0.0000
vn 0.0000 1.0000 0.0000
vn 0.0000 1.0000 0.0000
vn 0.0000 1.0000 0.0000
vn 0.0000 1.0000 0.0000
vn 0.0000 1.0000 0.0000
vn 0.0000 1.0000 0.0000
vn 0.0000 1.0000 0.0000
vn 0.0000 1.0000 0.0000
vn 0.0000 1.0000 0.0000
vn 0.0000 1.0000 0.0000
vn 0.0000 1.0000 0.0000
vn 0.0000 1.0000 0.0000
vn 0.0000 1.0000 0.0000
vn 0.0000 1.0000 0.0000
vn 0.0000 1.0000 0.0000
vn 0.0000 1.0000 0.0000
vn 0.0000 1.0000 0.0000
vn 0.0000 1.0000 0.0000
vn 0.0000 1.0000 0.0000
vn 0.0000 1.0000 0.0000
vn 0.0000 1.0000 0.0000
vn 0.0000 1.0000 0.0000
vn 0.0000 1.0000 0.0000
vn 0.0000 1.0000 0.0000
vn 0.0000 1.0000 0.0000
vn 0.0000 1.0000 0.0000
vn 0.0000 1.0000 0.0000
vn 0.0000 1.0000 0.0000
vn 0.0000 1.0000 0.0000
vn 0.0000 1.0000 0.0000
vn 0.0000 1.0000 0.0000
vn 0.0000 1.0000 0.0000
vn 0.0000 1.0000 0.0000
vn 0.0000 1.0000 0.0000
vn 0.0000 1.0000 0.0000
vn 0.0000 1.0000 0.0000
vn 0.0000 1.0000 0.0000
vn 0.0000 1.0000 0.0000
vn 0.0000 1.0000 0.0000
vn 0.0000 1.0000 0.0000
vn 0.0000 1.0000 0.0000
vn 0.0000 1.0000 0.0000
vn 0.0000 1.0000 0.0000
vn 0.0000 1.0000 0.0000
vn 0.0000 1.0000 0.0000
vn 0.0000 1.0000 0.0000
vn 0.0000 1.0000 0.0000
vn 0.0000 1.0000 0.0000
vn 0.0000 1.0000 0.0000
vn 0.0000 1.0000 0.0000
vn 0.0000 1.0000 0.0000
vn 0.0000 1.0000 0.0000
vn 0.0000 1.0000 0.0000
vn 0.0000 1.0000 0.0000
vn 0.0000 1.0000 0.0000
f 1 2 3
f 4 5 6
f 7 8 9
f 10 11 12
f 13 14 15
f 16 17 18
f 19 20 21
f 22 23 24
f 25 26 27
f 28 29 30
f 31 32 33
f 34 35 36
f 37 38 39
f 40 41 42
f 43 44 45
f 46 47 48
f 49 50 51
f 52 53 54
f 55 56 57
f 58 59 60
f 61 62 63
f 64 65 66
f 67 68 69
f 70 71 72
f 73 74 75
f 76 77 78
f 79 80 81
f 82 83 84
f 85 86 87
f 88 89 90
f 91 92 93
f 94 95 96
f 97 98 99
f 100 101 102
f 103 104 105
f 106 107 108
f 109 110 111
f 112 113 114
f 115 116 117
f 118 119 120
f 121 122 123
f 124 125 126
f 127 128 129
f 130 131 132
f 133 134 135
f 136 137 138
f 139 140 141
f 142 143 144
f 145 146 147
f 148 149 150
f 151 152 153
f 154 155 156
f 157 158 159
f 160 161 162
f 163 164 165
f 166 167 168
f 169 170 171
f 172 173 174
f 175 176 177
f 178 179 180
f 181 182 183
f 184 185 186
f 187 188 189
f 190 191 192
f 193 194 195
f 196 197 198
f 199 200 201
f 202 203 204
f 205 206 207
f 208 209 210
f 211 212 213
f 214 215 216
f 217 218 219
f 220 221 222
f 223 224 225
f 226 227 228
f 229 230 231
f 232 233 234
f 235 236 237
f 238 239 240
f 241 242 243
f 244 245 246
f 247 248 249
f 250 251 252
f 253 254 255
f 256 257 258
f 259 260 261
f 262 263 264
f 265 266 267
f 268 269 270
f 271 272 273
f 274 275 276
f 277 278 279
f 280 281 282
f 283 284 285
f 286 287 288
f 289 290 291
f 292 293 294
f 295 296 297
f 298 299 300
f 301 302 303
f 304 305 306
f 307 308 309
f 310 311 312
f 313 314 315
f 316 317 318
f 319 320 321
f 322 323 324
f 325 326 327
f 328 329 330
f 331 332 333
f 334 335 336
f 337 338 339
f 340 341 342
f 343 344 345
f 346 347 348
f 349 350 351
f 352 353 354
f 355 356 357
f 358 359 360
f 361 362 363
f 364 365 366
f 367 368 369
f 370 371 372
f 373 374 375
f 376 377 378
f 379 380 381
f 382 383 384
f 385 386 387
f 388 389 390
f 391 392 393
f 394 395 396
f 397 398 399
f 400 401 402
f 403 404 405
f 406 407 408
f 409 410 411
f 412 413 414
f 415 416 417
f 418 419 420
f 421 422 423
f 424 425 426
f 427 428 429
f 430 431 432
f 433 434 435
f 436 437 438
f 439 440 441
f 442 443 444
f 445 446 447
f 448 449 450
f 451 452 453
f 454 455 456
f 457 458 459
f 460 461 462
f 463 464 465
f 466 467 468
f 469 470 471
f 472 473 474
f 475 476 477
f 478 479 480
f 481 482 483
f 484 485 486
f 487 488 489
f 490 491 492
f 493 494 495
f 496 497 498
f 499 500 501
f 502 503 504
f 505 506 507
f 508 509 510
f 511 512 513
f 514 515 516
f 517 518 519
f 520 521 522
f 523 524 525
f 526 527 528
f 529 530 531
f 532 533 534
f 535 536 537
f 538 539 540
f 541 542 543
f 544 545 546
f 547 548 549
f 550 551 552
f 553 554 555
f 556 557 558
f 559 560 561
f 562 563 564
f 565 566 567
f 568 569 570
f 571 572 573
f 574 575 576
f 577 578 579
f 580 581 582
f 583 584 585
f 586 587 588
f 589 590 591
f 592 593 594
f 595 596 597
f 598 599 600
f 601 602 603
f 604 605 606
f 607 608 609
f 610 611 612
f 613 614 615
f 616 617 618
f 619 620 621
f 622 623 624
f 625 626 627
f 628 629 630
f 631 632 633
f 634 635 636
f 637 638 639
f 640 641 642
f 643 644 645
f 646 647 648
f 649 650 651
f 652 653 654
f 655 656 657
f 658 659 660
f 661 662 663
f 664 665 666
f 667 668 669
f 670 671 672
f 673 674 675
f 676 677 678
f 679 680 681
f 682 683 684
f 685 686 687
f 688 689 690
f 691 692 693
f 694 695 696
f 697 698 699
f 700 701 702
f 703 704 705
f 706 707 708
f 709 710 711
f 712 713 714
f 715 716 717
f 718 719 720
f 721 722 723
f 724 725 726
f 727 728 729
f 730 731 732
f 733 734 735
f 736 737 738
f 739 740 741
f 742 743 744
f 745 746 747
f 748 749 750
f 751 752 753
f 754 755 756
f 757 758 759
f 760 761 762
f 763 764 765
f 766 767 768
f 769 770 771
f 772 773 774
f 775 776 777
f 778 779 780
f 781 782 783
f 784 785 786
f 787 788 789
f 790 791 792
f 793 794 795
f 796 797 798
f 799 800 801
f 802 803 804
f 805 806 807
f 808 809 810
f 811 812 813
f 814 815 816
f 817 818 819
f 820 821 822
f 823 824 825
f 826 827 828
f 829 830 831
f 832 833 834
f 835 836 837
f 838 839 840
f 841 842 843
f 844 845 846
f 847 848 849
f 850 851 852
f 853 854 855
f 856 857 858
f 859 860 861
f 862 863 864
f 865 866 867
f 868 869 870
f 871 872 873
f 874 875 876
f 877 878 879
f 880 881 882
f 883 884 885
f 886 887 888
f 889 890 891
f 892 893 894
f 895 896 897
f 898 899 900
f 901 902 903
f 904 905 906
f 907 908 909
f 910 911 912
f 913 914 915
f 916 917 918
f 919 920 921
f 922 923 924
f 925 926 927
f 928 929 930
f 931 932 933
f 934 935 936
f 937 938 939
f 940 941 942
f 943 944 945
f 946 947 948
f 949 950 951
f 952 953 954
f 955 956 957
f 958 959 960
f 961 962 963
f 964 965 966
f 967 968 969
f 970 971 972
f 973 974 975
f 976 977 978
f 979 980 981
f 982 983 984
f 985 986 987
f 988 989 990
f 991 992 993
f 994 995 996
f 997 998 999
f 1000 1001 1002
f 1003 1004 1005
f 1006 1007 1008
f 1009 1010 1011
f 1012 1013 1014
f 1015 1016 1017
f 1018 1019 1020
f 1021 1022 1023
f 1024 1025 1026
f 1027 1028 1029
f 1030 1031 1032
f 1033 1034 1035
f 1036 1037 1038
f 1039 1040 1041
f 1042 1043 1044
f 1045 1046 1047
f 1048 1049 1050
f 1051 1052 1053
f 1054 1055 1056
f 1057 1058 1059
f 1060 1061 1062
f 1063 1064 1065
f 1066 1067 1068
f 1069 1070 1071
f 1072 1073 1074
f 1075 1076 1077
f 1078 1079 1080
f 1081 1082 1083
f 1084 1085 1086
f 1087 1088 1089
f 1090 1091 1092
f 1093 1094 1095
f 1096 1097 1098
f 1099 1100 1101
f 1102 1103 1104
f 1105 1106 1107
f 1108 1109 1110
f 1111 1112 1113
f 1114 1115 1116
f 1117 1118 1119
f 1120 1121 1122
f 1123 1124 1125
f 1126 1127 1128
f 1129 1130 1131
f 1132 1133 1134
f 1135 1136 1137
f 1138 1139 1140
f 1141 1142 1143
f 1144 1145 1146
f 1147 1148 1149
f 1150 1151 1152
f 1153 1154 1155
f 1156 1157 1158
f 1159 1160 1161
f 1162 1163 1164
f 1165 1166 1167
f 1168 1169 1170
f 1171 1172 1173
f 1174 1175 1176
f 1177 1178 1179
f 1180 1181 1182
f 1183 1184 1185
f 1186 1187 1188
f 1189 1190 1191
f 1192 1193 1194
f 1195 1196 1197
f 1198 1199 1200
f 1201 1202 1203
f 1204 1205 1206
f 1207 1208 1209
f 1210 1211 1212
f 1213 1214 1215
f 1216 1217 1218
f 1219 1220 1221
f 1222 1223 1224
f 1225 1226 1227
f 1228 1229 1230
f 1231 1232 1233
f 1234 1235 1236
f 1237 1238 1239
f 1240 1241 1242
f 1243 1244 1245
f 1246 1247 1248
f 1249 1250 1251
f 1252 1253 1254
f 1255 1256 1257
f 1258 1259 1260
f 1261 1262 1263
f 1264 1265 1266
f 1267 1268 1269
f 1270 1271 1272
f 1273 1274 1275
f 1276 1277 1278
f 1279 1280 1281
f 1282 1283 1284
f 1285 1286 1287
f 1288 1289 1290
f 1291 1292 1293
f 1294 1295 1296
f 1297 1298 1299
f 1300 1301 1302
f 1303 1304 1305
f 1306 1307 1308
f 1309 1310 1311
f 1312 1313 1314
f 1315 1316 1317
f 1318 1319 1320
f 1321 1322 1323
f 1324 1325 1326
f 1327 1328 1329
f 1330 1331 1332
f 1333 1334 1335
f 1336 1337 1338
f 1339 1340 1341
f 1342 1343 1344
f 1345 1346 1347
f 1348 1349 1350
f 1351 1352 1353
f 1354 1355 1356
f 1357 1358 1359
f 1360 1361 1362
f 1363 1364 1365
f 1366 1367 1368
f 1369 1370 1371
f 1372 1373 1374
f 1375 1376 1377
f 1378 1379 1380
f 1381 1382 1383
f 1384 1385 1386
f 1387 1388 1389
f 1390 1391 1392
f 1393 1394 1395
f 1396 1397 1398
f 1399 1400 1401
f 1402 1403 1404
f 1405 1406 1407
f 1408 1409 1410
f 1411 1412 1413
f 1414 1415 1416
f 1417 1418 1419
f 1420 1421 1422
f 1423 1424 1425
f 1426 1427 1428
f 1429 1430 1431
f 1432 1433 1434
f 1435 1436 1437
f 1438 1439 1440
f 1441 1442 1443
f 1444 1445 1446
f 1447 1448 1449
f 1450 1451 1452
f 1453 1454 1455
f 1456 1457 1458
f 1459 1460 1461
f 1462 1463 1464
f 1465 1466 1467
f 1468 1469 1470
f 1471 1472 1473
f 1474 1475 1476
f 1477 1478 1479
f 1480 1481 1482
f 1483 1484 1485
f 1486 1487 1488
f 1489 1490 1491
f 1492 1493 1494
f 1495 1496 1497
f 1498 1499 1500
f 1501 1502 1503
f 1504 1505 1506
f 1507 1508 1509
f 1510 1511 1512
f 1513 1514 1515
f 1516 1517 1518
f 1519 1520 1521
f 1522 1523 1524
f 1525 1526 1527
f 1528 1529 1530
f 1531 1532 1533
f 1534 1535 1536
f 1537 1538 1539
f 1540 1541 1542
f 1543 1544 1545
f 1546 1547 1548
f 1549 1550 1551
f 1552 1553 1554
f 1555 1556 1557
f 1558 1559 1560
f 1561 1562 1563
f 1564 1565 1566
f 1567 1568 1569
f 1570 1571 1572
f 1573 1574 1575
f 1576 1577 1578
f 1579 1580 1581
f 1582 1583 1584
f 1585 1586 1587
f 1588 1589 1590
f 1591 1592 1593
f 1594 1595 1596
f 1597 1598 1599
f 1600 1601 1602
f 1603 1604 1605
f 1606 1607 1608
f 1609 1610 1611
f 1612 1613 1614
f 1615 1616 1617
f 1618 1619 1620
f 1621 1622 1623
f 1624 1625 1626
f 1627 1628 1629
f 1630 1631 1632
f 1633 1634 1635
f 1636 1637 1638
f 1639 1640 1641
f 1642 1643 1644
f 1645 1646 1647
f 1648 1649 1650
f 1651 1652 1653
f 1654 1655 1656
f 1657 1658 1659
f 1660 1661 1662
f 1663 1664 1665
f 1666 1667 1668
f 1669 1670 1671
f 1672 1673 1674
f 1675 1676 1677
f 1678 1679 1680
f 1681 1682 1683
f 1684 1685 1686
f 1687 1688 1689
f 1690 1691 1692
f 1693 1694 1695
f 1696 1697 1698
f 1699 1700 1701
f 1702 1703 1704
f 1705 1706 1707
f 1708 1709 1710
f 1711 1712 1713
f 1714 1715 1716
f 1717 1718 1719
f 1720 1721 1722
f 1723 1724 1725
f 1726 1727 1728
f 1729 1730 1731
f 1732 1733 1734
f 1735 1736 1737
f 1738 1739 1740
f 1741 1742 1743
f 1744 1745 1746
f 1747 1748 1749
f 1750 1751 1752
f 1753 1754 1755
f 1756 1757 1758
f 1759 1760 1761
f 1762 1763 1764
f 1765 1766 1767
f 1768 1769 1770
f 1771 1772 1773
f 1774 1775 1776
f 1777 1778 1779
f 1780 1781 1782
f 1783 1784 1785
f 1786 1787 1788
f 1789 1790 1791
f 1792 1793 1794
f 1795 1796 1797
f 1798 1799 1800
f 1801 1802 1803
f 1804 1805 1806
f 1807 1808 1809
f 1810 1811 1812
f 1813 1814 1815
f 1816 1817 1818
f 1819 1820 1821
f 1822 1823 1824
f 1825 1826 1827
f 1828 1829 1830
f 1831 1832 1833
f 1834 1835 1836
f 1837 1838 1839
f 1840 1841 1842
f 1843 1844 1845
f 1846 1847 1848
f 1849 1850 1851
f 1852 1853 1854
f 1855 1856 1857
f 1858 1859 1860
f 1861 1862 1863
f 1864 1865 1866
f 1867 1868 1869
f 1870 1871 1872
f 1873 1874 1875
f 1876 1877 1878
f 1879 1880 1881
f 1882 1883 1884
f 1885 1886 1887
f 1888 1889 1890
f 1891 1892 1893
f 1894 1895 1896
f 1897 1898 1899
f 1900 1901 1902
f 1903 1904 1905
f 1906 1907 1908
f 1909 1910 1911
f 1912 1913 1914
f 1915 1916 1917
f 1918 1919 1920
f 1921 1922 1923
f 1924 1925 1926
f 1927 1928 1929
f 1930 1931 1932
f 1933 1934 1935
f 1936 1937 1938
f 1939 1940 1941
f 1942 1943 1944
f 1945 1946 1947
f 1948 1949 1950
f 1951 1952 1953
f 1954 1955 1956
f 1957 1958 1959
f 1960 1961 1962
f 1963 1964 1965
f 1966 1967 1968
f 1969 1970 1971
f 1972 1973 1974
f 1975 1976 1977
f 1978 1979 1980
f 1981 1982 1983
f 1984 1985 1986
f 1987 1988 1989
f 1990 1991 1992
f 1993 1994 1995
f 1996 1997 1998
f 1999 2000 2001
f 2002 2003 2004
f 2005 2006 2007
f 2008 2009 2010
f 2011 2012 2013
f 2014 2015 2016
f 2017 2018 2019
f 2020 2021 2022
f 2023 2024 2025
f 2026 2027 2028
f 2029 2030 2031
f 2032 2033 2034
f 2035 2036 2037
f 2038 2039 2040
f 2041 2042 2043
f 2044 2045 2046
f 2047 2048 2049
f 2050 2051 2052
f 2053 2054 2055
f 2056 2057 2058
f 2059 2060 2061
f 2062 2063 2064
f 2065 2066 2067
f 2068 2069 2070
f 2071 2072 2073
f 2074 2075 2076
f 2077 2078 2079
f 2080 2081 2082
f 2083 2084 2085
f 2086 2087 2088
f 2089 2090 2091
f 2092 2093 2094
f 2095 2096 2097
f 2098 2099 2100
f 2101 2102 2103
f 2104 2105 2106
f 2107 2108 2109
f 2110 2111 2112
f 2113 2114 2115
f 2116 2117 2118
f 2119 2120 2121
f 2122 2123 2124
f 2125 2126 2127
f 2128 2129 2130
f 2131 2132 2133
