# Phantasy Star Online Authentic Sky Geometry
mtllib sky-seabed-01.mtl

v 0.0000 2760.0012 0.0002
v 0.0000 -4049.9990 -0.0004
v 3559.0828 -3025.2227 -6164.5122
v 5189.8799 1951.4932 2996.3784
v 6108.2949 1134.2500 3526.6260
v 6325.5361 421.8396 3652.0496
v 6341.4946 -1670.9871 3661.2637
v 6164.5117 -3025.2234 3559.0825
v 3652.0488 421.8405 -6325.5352
v 5992.7559 1951.4932 0.0014
v 2996.3792 1951.4927 5189.8804
v 3526.6252 1134.2498 6108.2949
v 3652.0491 421.8394 6325.5356
v 3661.2639 -1670.9872 6341.4946
v 3559.0823 -3025.2236 6164.5107
v 3526.6252 1134.2510 -6108.2939
v 7053.2505 1134.2502 0.0001
v -0.0006 1951.4927 5992.7573
v -0.0001 1134.2498 7053.2510
v 0.0000 421.8393 7304.0986
v -0.0003 -1670.9873 7322.5278
v 0.0003 -3025.2236 7118.1646
v 2996.3779 1951.4937 -5189.8789
v 7304.0977 421.8399 0.0002
v -2996.3782 1951.4927 5189.8799
v -3526.6257 1134.2498 6108.2939
v -3652.0496 421.8394 6325.5356
v -3661.2639 -1670.9872 6341.4941
v -3559.0828 -3025.2236 6164.5112
v 6341.4937 -1670.9863 -3661.2642
v 7322.5269 -1670.9867 0.0004
v -5189.8804 1951.4932 2996.3784
v -6108.2939 1134.2500 3526.6250
v -6325.5356 421.8396 3652.0486
v -6341.4941 -1670.9871 3661.2634
v -6164.5112 -3025.2234 3559.0820
v 5189.8799 1951.4937 -2996.3779
v 7118.1650 -3025.2231 -0.0006
v -5992.7559 1951.4932 -0.0008
v -7053.2505 1134.2502 0.0000
v -7304.0977 421.8399 -0.0001
v -7322.5269 -1670.9867 -0.0006
v -7118.1650 -3025.2231 -0.0000
v -0.0003 -3025.2227 -7118.1655
v 3661.2632 -1670.9862 -6341.4932
v -5189.8789 1951.4937 -2996.3777
v -6108.2939 1134.2507 -3526.6252
v -6325.5352 421.8402 -3652.0488
v -6341.4932 -1670.9863 -3661.2634
v -6164.5117 -3025.2229 -3559.0830
v 0.0005 -1670.9861 -7322.5269
v 6108.2939 1134.2507 -3526.6252
v -2996.3779 1951.4937 -5189.8799
v -3526.6252 1134.2510 -6108.2939
v -3652.0488 421.8405 -6325.5356
v -3661.2639 -1670.9862 -6341.4937
v -3559.0823 -3025.2227 -6164.5117
v 6164.5112 -3025.2229 -3559.0825
v 6325.5356 421.8402 -3652.0488
v 0.0011 1951.4939 -5992.7559
v 0.0000 1134.2510 -7053.2505
v 0.0002 421.8406 -7304.0977
v -8440.0029 -2932.0000 -5400.0034
v -5400.0034 -2763.7793 -5400.0034
v -5400.0034 -2932.0000 -8376.0029
v -8440.0029 -2932.0000 -8376.0029
v -4800.0024 -2521.2861 -5400.0034
v -4800.0024 -2932.0000 -8376.0029
v -4200.0024 -2543.5535 -5400.0034
v -4200.0024 -2932.0000 -8376.0029
v -3600.0024 -2777.5579 -5400.0034
v -3600.0024 -2932.0000 -8376.0029
v -3000.0017 -2985.4663 -5400.0034
v -3000.0017 -2932.0000 -8376.0029
v -2400.0012 -2990.4397 -5400.0034
v -2400.0012 -2932.0000 -8376.0029
v -1800.0012 -2891.7542 -5400.0034
v -1800.0012 -2932.0000 -8376.0029
v -1200.0006 -2851.4929 -5400.0034
v -1200.0006 -2932.0000 -8376.0029
v -600.0003 -2888.6516 -5400.0034
v -600.0003 -2932.0000 -8376.0029
v 0.0000 -2879.1377 -5400.0034
v 0.0000 -2932.0000 -8376.0029
v 600.0004 -2746.2766 -5400.0034
v 600.0004 -2932.0000 -8376.0029
v 1200.0007 -2627.9487 -5400.0034
v 1200.0009 -2932.0000 -8376.0029
v 1800.0012 -2706.3967 -5400.0034
v 1800.0012 -2932.0000 -8376.0029
v 2400.0015 -2950.4939 -5400.0034
v 2400.0017 -2932.0000 -8376.0029
v 3000.0017 -3115.7432 -5400.0034
v 3000.0017 -2932.0000 -8376.0029
v 3600.0024 -3023.5181 -5400.0034
v 3600.0024 -2932.0000 -8376.0029
v 4200.0024 -2795.7817 -5400.0034
v 4200.0024 -2932.0000 -8376.0029
v 4800.0024 -2624.2922 -5400.0034
v 4800.0024 -2932.0000 -8376.0029
v 5400.0034 -2577.7324 -5400.0034
v 8400.0029 -2932.0000 -5400.0034
v 8400.0029 -2932.0000 -8376.0029
v 5400.0034 -2932.0000 -8376.0029
v -8440.0029 -2932.0000 -4800.0034
v -5400.0034 -2809.8088 -4800.0029
v -4800.0024 -2601.2898 -4800.0029
v -4200.0024 -2546.7651 -4800.0029
v -3600.0024 -2618.5134 -4800.0029
v -3000.0017 -2686.1992 -4800.0029
v -2400.0012 -2656.0325 -4800.0029
v -1800.0012 -2598.2507 -4800.0029
v -1200.0006 -2619.6726 -4800.0029
v -600.0003 -2725.3137 -4800.0029
v 0.0000 -2818.3862 -4800.0029
v 600.0004 -2830.2195 -4800.0029
v 1200.0007 -2822.3113 -4800.0029
v 1800.0012 -2883.7666 -4800.0029
v 2400.0015 -2990.1619 -4800.0029
v 3000.0017 -3003.5459 -4800.0029
v 3600.0024 -2837.5437 -4800.0029
v 4200.0024 -2631.8315 -4800.0029
v 4800.0024 -2576.3933 -4800.0029
v 5400.0034 -2718.4888 -4800.0029
v 8400.0029 -2932.0000 -4800.0034
v -8440.0029 -2932.0000 -4200.0024
v -5400.0034 -2796.1240 -4200.0024
v -4800.0024 -2552.4385 -4200.0024
v -4200.0024 -2473.6204 -4200.0024
v -3600.0024 -2523.5132 -4200.0024
v -3000.0017 -2549.8923 -4200.0024
v -2400.0012 -2449.8525 -4200.0024
v -1800.0012 -2337.9480 -4200.0024
v -1200.0006 -2376.7612 -4200.0024
v -600.0003 -2583.1274 -4200.0024
v 0.0000 -2828.1333 -4200.0024
v 600.0004 -3001.8691 -4200.0024
v 1200.0007 -3095.7839 -4200.0024
v 1800.0012 -3125.4351 -4200.0024
v 2400.0015 -3078.0552 -4200.0024
v 3000.0017 -2912.5515 -4200.0024
v 3600.0024 -2626.3918 -4200.0024
v 4200.0024 -2376.2129 -4200.0024
v 4800.0024 -2351.5955 -4200.0024
v 5400.0034 -2584.6292 -4200.0024
v 8400.0029 -2932.0000 -4200.0024
v -8440.0029 -2932.0000 -3600.0020
v -5400.0034 -2721.7371 -3600.0020
v -4800.0029 -2400.3870 -3600.0020
v -4200.0024 -2344.1589 -3600.0020
v -3600.0024 -2482.6528 -3600.0020
v -3000.0017 -2546.8262 -3600.0020
v -2400.0015 -2356.9309 -3600.0020
v -1800.0012 -2124.9419 -3600.0020
v -1200.0007 -2149.6753 -3600.0020
v -600.0004 -2474.8904 -3600.0020
v 0.0000 -2889.2900 -3600.0020
v 600.0004 -3203.8118 -3600.0020
v 1200.0009 -2834.6924 -3600.0020
v 1800.0012 -2816.6138 -3600.0020
v 2400.0017 -3154.0376 -3600.0020
v 3000.0017 -2821.2056 -3600.0020
v 3600.0024 -2404.8296 -3600.0020
v 4200.0024 -2073.0173 -3600.0020
v 4800.0029 -2014.0063 -3600.0020
v 5400.0034 -2249.9751 -3600.0020
v 8400.0029 -2932.0000 -3600.0020
v -8440.0029 -2932.0000 -3000.0017
v -5400.0034 -2610.5627 -3000.0017
v -4800.0024 -2258.8313 -3000.0017
v -4200.0024 -2235.3982 -3000.0017
v -3600.0024 -2444.9934 -3000.0017
v -3000.0017 -2538.4470 -3000.0017
v -2400.0012 -2284.8979 -3000.0017
v -1800.0012 -1970.8770 -3000.0017
v -1200.0006 -1997.1013 -3000.0017
v -600.0003 -2415.5745 -3000.0017
v 0.0000 -2929.5862 -3000.0017
v 600.0004 -2751.5220 -3000.0017
v 1200.0007 -2886.7983 -3000.0017
v 1800.0012 -2810.1064 -3000.0017
v 2400.0015 -3075.5173 -3000.0017
v 3000.0017 -2676.4832 -3000.0017
v 3600.0024 -2214.3967 -3000.0017
v 4200.0024 -1854.3499 -3000.0017
v 4800.0024 -1777.2410 -3000.0017
v 5400.0034 -2000.2651 -3000.0017
v 8400.0029 -2932.0000 -3000.0017
v -8440.0029 -2932.0000 -2400.0017
v -5400.0034 -2486.4004 -2400.0015
v -4800.0024 -2216.2114 -2400.0015
v -4200.0024 -2207.5637 -2400.0015
v -3600.0024 -2375.5029 -2400.0015
v -3000.0017 -2423.9395 -2400.0015
v -2400.0012 -2165.2212 -2400.0015
v -1800.0012 -1882.1641 -2400.0015
v -1200.0006 -1959.2719 -2400.0015
v -600.0003 -2414.6663 -2400.0015
v 0.0000 -2900.0874 -2400.0015
v 600.0004 -3128.8213 -2400.0015
v 1200.0007 -3124.0576 -2400.0015
v 1800.0012 -2984.3655 -2400.0015
v 2400.0015 -2760.0928 -2400.0015
v 3000.0017 -2453.3682 -2400.0015
v 3600.0024 -2092.5286 -2400.0015
v 4200.0024 -1819.1332 -2400.0015
v 4800.0024 -1796.6560 -2400.0015
v 5400.0034 -2041.5812 -2400.0015
v 8400.0029 -2932.0000 -2400.0017
v -8440.0029 -2932.0000 -1800.0010
v -5400.0034 -2368.2556 -1800.0010
v -4800.0024 -2244.6335 -1800.0010
v -4200.0024 -2243.8008 -1800.0010
v -3600.0024 -2309.9102 -1800.0010
v -3000.0017 -2272.3672 -1800.0010
v -2400.0012 -2038.1777 -1800.0010
v -1800.0012 -1844.7054 -1800.0010
v -1200.0006 -1997.0739 -1800.0010
v -600.0003 -2459.3311 -1800.0010
v 0.0000 -2854.4512 -1800.0010
v 600.0004 -2894.1614 -1800.0010
v 1200.0007 -2704.5215 -1800.0010
v 1800.0012 -2508.6824 -1800.0010
v 2400.0015 -2380.4641 -1800.0010
v 3000.0017 -2244.3572 -1800.0010
v 3600.0024 -2055.5828 -1800.0010
v 4200.0024 -1918.2560 -1800.0010
v 4800.0024 -1968.5760 -1800.0010
v 5400.0034 -2224.5210 -1800.0010
v 8400.0029 -2932.0000 -1800.0010
v -8440.0029 -2932.0000 -1200.0009
v -5400.0034 -2274.0361 -1200.0007
v -4800.0024 -2288.4548 -1200.0007
v -4200.0024 -2308.3408 -1200.0007
v -3600.0024 -2299.5798 -1200.0007
v -3000.0017 -2191.9937 -1200.0007
v -2400.0012 -1969.7152 -1200.0007
v -1800.0012 -1840.3944 -1200.0007
v -1200.0006 -2053.3438 -1200.0007
v -600.0003 -2530.8899 -1200.0007
v 0.0000 -2868.3735 -1200.0007
v 600.0004 -2771.8154 -1200.0007
v 1200.0007 -2446.8218 -1200.0007
v 1800.0012 -2213.9800 -1200.0007
v 2400.0015 -2165.8147 -1200.0007
v 3000.0017 -2166.7898 -1200.0007
v 3600.0024 -2113.0303 -1200.0007
v 4200.0024 -2066.9749 -1200.0007
v 4800.0024 -2129.1079 -1200.0007
v 5400.0034 -2318.6919 -1200.0007
v 8400.0029 -2932.0000 -1200.0009
v -8440.0029 -2932.0000 -600.0004
v -5400.0034 -2223.9709 -600.0004
v -4800.0029 -2322.7302 -600.0004
v -4200.0024 -2373.6028 -600.0004
v -3600.0024 -2348.6199 -600.0004
v -3000.0017 -2215.8713 -600.0004
v -2400.0015 -1990.5377 -600.0004
v -1800.0012 -1876.8467 -600.0004
v -1200.0007 -2111.9993 -600.0004
v -600.0004 -2604.5715 -600.0004
v 0.0000 -2934.5154 -600.0004
v 600.0004 -2800.8330 -600.0004
v 1200.0009 -2435.8840 -600.0004
v 1800.0012 -2194.3533 -600.0004
v 2400.0017 -2177.6111 -600.0004
v 3000.0017 -2233.7119 -600.0004
v 3600.0024 -2237.1467 -600.0004
v 4200.0024 -2212.2026 -600.0004
v 4800.0029 -2218.7952 -600.0004
v 5400.0034 -2274.9475 -600.0004
v 8400.0029 -2932.0000 -600.0004
v -8440.0029 -2932.0000 0.0000
v -5400.0034 -2240.6096 0.0000
v -4800.0024 -2353.2124 0.0000
v -4200.0024 -2420.1938 0.0000
v -3600.0024 -2413.8806 0.0000
v -3000.0017 -2301.8403 0.0000
v -2400.0012 -2096.1062 0.0000
v -1800.0012 -1987.4003 0.0000
v -1200.0006 -2198.0381 0.0000
v -600.0003 -2649.5142 0.0000
v 0.0000 -2962.5027 0.0000
v 600.0004 -2863.0398 0.0000
v 1200.0007 -2550.9277 0.0000
v 1800.0012 -2335.0715 0.0000
v 2400.0015 -2309.6028 0.0000
v 3000.0017 -2353.8772 0.0000
v 3600.0024 -2363.0110 0.0000
v 4200.0024 -2332.5093 0.0000
v 4800.0024 -2282.6191 0.0000
v 5400.0034 -2225.3879 0.0000
v 8400.0029 -2932.0000 0.0000
v -8440.0029 -2932.0000 600.0004
v -5400.0034 -2338.3975 600.0004
v -4800.0024 -2387.5161 600.0004
v -4200.0024 -2436.4006 600.0004
v -3600.0024 -2459.4612 600.0004
v -3000.0017 -2406.1755 600.0004
v -2400.0012 -2263.9402 600.0004
v -1800.0012 -2176.1565 600.0004
v -1200.0006 -2315.7795 600.0004
v -600.0003 -2638.4407 600.0004
v 0.0000 -2882.4473 600.0004
v 600.0004 -2854.0129 600.0004
v 1200.0007 -2668.7710 600.0004
v 1800.0012 -2514.5024 600.0004
v 2400.0015 -2459.2317 600.0004
v 3000.0017 -2451.2268 600.0004
v 3600.0024 -2441.5100 600.0004
v 4200.0024 -2412.9487 600.0004
v 4800.0024 -2356.8342 600.0004
v 5400.0034 -2275.1011 600.0004
v 8400.0029 -2932.0000 600.0004
v -8440.0029 -2932.0000 1200.0009
v -5400.0034 -2498.9597 1200.0009
v -4800.0024 -2435.3630 1200.0009
v -4200.0024 -2439.8076 1200.0009
v -3600.0024 -2486.6733 1200.0009
v -3000.0017 -2491.9688 1200.0009
v -2400.0012 -2405.9224 1200.0009
v -1800.0012 -2325.7949 1200.0009
v -1200.0006 -2379.6829 1200.0009
v -600.0003 -2559.4727 1200.0009
v 0.0000 -2720.8406 1200.0009
v 600.0004 -2751.6748 1200.0009
v 1200.0007 -2692.3997 1200.0009
v 1800.0012 -2619.7256 1200.0009
v 2400.0015 -2567.8777 1200.0009
v 3000.0017 -2528.5945 1200.0009
v 3600.0024 -2493.2322 1200.0009
v 4200.0024 -2459.0049 1200.0009
v 4800.0024 -2424.6270 1200.0009
v 5400.0034 -2389.6069 1200.0009
v 8400.0029 -2932.0000 1200.0009
v -8440.0029 -2932.0000 1800.0010
v -5400.0034 -2694.2334 1800.0010
v -4800.0024 -2505.9331 1800.0010
v -4200.0024 -2454.6448 1800.0010
v -3600.0024 -2506.2112 1800.0010
v -3000.0017 -2525.9963 1800.0010
v -2400.0012 -2422.7434 1800.0010
v -1800.0012 -2296.1877 1800.0010
v -1200.0006 -2288.0266 1800.0010
v -600.0003 -2406.8630 1800.0010
v 0.0000 -2528.2065 1800.0010
v 600.0004 -2556.7549 1800.0010
v 1200.0007 -2537.1052 1800.0010
v 1800.0012 -2545.8059 1800.0010
v 2400.0015 -2589.8484 1800.0010
v 3000.0017 -2606.6667 1800.0010
v 3600.0024 -2553.6545 1800.0010
v 4200.0024 -2480.1375 1800.0010
v 4800.0024 -2456.1841 1800.0010
v 5400.0034 -2500.3574 1800.0010
v 8400.0029 -2932.0000 1800.0010
v -8440.0029 -2932.0000 2400.0017
v -5400.0034 -2862.0540 2400.0015
v -4800.0029 -2583.8125 2400.0015
v -4200.0024 -2489.5491 2400.0015
v -3600.0024 -2530.5923 2400.0015
v -3000.0017 -2520.6033 2400.0015
v -2400.0015 -2335.0806 2400.0015
v -1800.0012 -2120.8164 2400.0015
v -1200.0007 -2083.6411 2400.0015
v -600.0004 -2227.3306 2400.0015
v 0.0000 -2353.6060 2400.0015
v 600.0004 -2321.0405 2400.0015
v 1200.0009 -2250.7546 2400.0015
v 1800.0012 -2321.3623 2400.0015
v 2400.0017 -2524.1584 2400.0015
v 3000.0017 -2663.1211 2400.0015
v 3600.0024 -2599.9431 2400.0015
v 4200.0024 -2459.7588 2400.0015
v 4800.0029 -2427.8367 2400.0015
v 5400.0034 -2557.7769 2400.0015
v 8400.0029 -2932.0000 2400.0017
v -8440.0029 -2932.0000 3000.0017
v -5400.0034 -2906.1538 3000.0017
v -4800.0024 -2628.9954 3000.0017
v -4200.0024 -2537.5647 3000.0017
v -3600.0024 -2574.1567 3000.0017
v -3000.0017 -2533.7004 3000.0017
v -2400.0012 -2283.5977 3000.0017
v -1800.0012 -2006.7711 3000.0017
v -1200.0006 -1953.9086 3000.0017
v -600.0003 -2120.0598 3000.0017
v 0.0000 -2244.6365 3000.0017
v 600.0004 -2147.3772 3000.0017
v 1200.0007 -2013.7893 3000.0017
v 1800.0012 -2108.5671 3000.0017
v 2400.0015 -2414.5308 3000.0017
v 3000.0017 -2632.6260 3000.0017
v 3600.0024 -2550.9509 3000.0017
v 4200.0024 -2355.2346 3000.0017
v 4800.0024 -2322.0593 3000.0017
v 5400.0034 -2531.2607 3000.0017
v 8400.0029 -2932.0000 3000.0017
v -8440.0029 -2932.0000 3600.0020
v -5400.0034 -2774.4949 3600.0020
v -4800.0024 -2613.8652 3600.0020
v -4200.0024 -2586.5889 3600.0020
v -3600.0024 -2639.2383 3600.0020
v -3000.0017 -2600.8379 3600.0020
v -2400.0012 -2364.2358 3600.0020
v -1800.0012 -2098.0195 3600.0020
v -1200.0006 -2029.6377 3600.0020
v -600.0003 -2154.8284 3600.0020
v 0.0000 -2237.6201 3600.0020
v 600.0004 -2116.3188 3600.0020
v 1200.0007 -1966.6367 3600.0020
v 1800.0012 -2036.9142 3600.0020
v 2400.0015 -2305.8447 3600.0020
v 3000.0017 -2482.4751 3600.0020
v 3600.0024 -2365.0532 3600.0020
v 4200.0024 -2155.5291 3600.0020
v 4800.0024 -2147.4487 3600.0020
v 5400.0034 -2419.8076 3600.0020
v 8400.0029 -2932.0000 3600.0020
v -8440.0029 -2932.0000 4200.0024
v -5400.0034 -2597.8821 4200.0024
v -4800.0024 -2564.6426 4200.0024
v -4200.0024 -2606.6436 4200.0024
v -3600.0024 -2679.8267 4200.0024
v -3000.0017 -2660.1924 4200.0024
v -2400.0012 -2473.1753 4200.0024
v -1800.0012 -2255.8472 4200.0024
v -1200.0006 -2190.2068 4200.0024
v -600.0003 -2274.6631 4200.0024
v 0.0000 -2324.0337 4200.0024
v 600.0004 -2210.3738 4200.0024
v 1200.0007 -2066.6123 4200.0024
v 1800.0012 -2081.9509 4200.0024
v 2400.0015 -2239.8323 4200.0024
v 3000.0017 -2317.9407 4200.0024
v 3600.0024 -2168.8564 4200.0024
v 4200.0024 -1980.5295 4200.0024
v 4800.0024 -2016.0193 4200.0024
v 5400.0034 -2337.5327 4200.0024
v 8400.0029 -2932.0000 4200.0024
v -8440.0029 -2932.0000 4800.0034
v -5400.0034 -2547.2327 4800.0029
v -4800.0024 -2519.9653 4800.0029
v -4200.0024 -2564.6724 4800.0029
v -3600.0024 -2639.9661 4800.0029
v -3000.0017 -2628.5349 4800.0029
v -2400.0012 -2461.5464 4800.0029
v -1800.0012 -2277.2930 4800.0029
v -1200.0006 -2257.5454 4800.0029
v -600.0003 -2393.1487 4800.0029
v 0.0000 -2484.0210 4800.0029
v 600.0004 -2387.8965 4800.0029
v 1200.0007 -2226.9763 4800.0029
v 1800.0012 -2181.8643 4800.0029
v 2400.0015 -2255.7185 4800.0029
v 3000.0017 -2274.2517 4800.0029
v 3600.0024 -2125.4883 4800.0029
v 4200.0024 -1977.5614 4800.0029
v 4800.0024 -2060.6846 4800.0029
v 5400.0034 -2422.3154 4800.0029
v 8400.0029 -2932.0000 4800.0034
v -5400.0034 -2664.6826 5400.0034
v -8440.0029 -2932.0000 5400.0034
v -8440.0029 -2932.0000 8416.0029
v -5400.0034 -2932.0000 8416.0029
v -4800.0029 -2494.5081 5400.0034
v -4800.0024 -2932.0000 8416.0029
v -4200.0024 -2459.5798 5400.0034
v -4200.0024 -2932.0000 8416.0029
v -3600.0024 -2512.9363 5400.0034
v -3600.0024 -2932.0000 8416.0029
v -3000.0017 -2490.1885 5400.0034
v -3000.0017 -2932.0000 8416.0029
v -2400.0015 -2292.9370 5400.0034
v -2400.0012 -2932.0000 8416.0029
v -1800.0012 -2107.1638 5400.0034
v -1800.0012 -2932.0000 8416.0029
v -1200.0007 -2177.9893 5400.0034
v -1200.0006 -2932.0000 8416.0029
v -600.0004 -2475.5400 5400.0034
v -600.0003 -2932.0000 8416.0029
v 0.0000 -2694.9490 5400.0034
v 0.0000 -2932.0000 8416.0029
v 600.0004 -2615.4631 5400.0034
v 600.0004 -2932.0000 8416.0029
v 1200.0009 -2400.6106 5400.0034
v 1200.0009 -2932.0000 8416.0029
v 1800.0012 -2300.7290 5400.0034
v 1800.0012 -2932.0000 8416.0029
v 2400.0017 -2353.1575 5400.0034
v 2400.0017 -2932.0000 8416.0029
v 3000.0017 -2382.2378 5400.0034
v 3000.0017 -2932.0000 8416.0029
v 3600.0024 -2270.7412 5400.0034
v 3600.0024 -2932.0000 8416.0029
v 4200.0024 -2172.2070 5400.0034
v 4200.0024 -2932.0000 8416.0029
v 4800.0029 -2300.3750 5400.0034
v 4800.0024 -2932.0000 8416.0029
v 8400.0029 -2932.0000 5400.0034
v 5400.0034 -2696.7185 5400.0034
v 5400.0034 -2932.0000 8416.0029
v 8400.0029 -2932.0000 8416.0029
vn 0.0000 1.0000 0.0000
vn 0.0000 1.0000 0.0000
vn 0.0000 1.0000 0.0000
vn 0.0000 1.0000 0.0000
vn 0.0000 1.0000 0.0000
vn 0.0000 1.0000 0.0000
vn 0.0000 1.0000 0.0000
vn 0.0000 1.0000 0.0000
vn 0.0000 1.0000 0.0000
vn 0.0000 1.0000 0.0000
vn 0.0000 1.0000 0.0000
vn 0.0000 1.0000 0.0000
vn 0.0000 1.0000 0.0000
vn 0.0000 1.0000 0.0000
vn 0.0000 1.0000 0.0000
vn 0.0000 1.0000 0.0000
vn 0.0000 1.0000 0.0000
vn 0.0000 1.0000 0.0000
vn 0.0000 1.0000 0.0000
vn 0.0000 1.0000 0.0000
vn 0.0000 1.0000 0.0000
vn 0.0000 1.0000 0.0000
vn 0.0000 1.0000 0.0000
vn 0.0000 1.0000 0.0000
vn 0.0000 1.0000 0.0000
vn 0.0000 1.0000 0.0000
vn 0.0000 1.0000 0.0000
vn 0.0000 1.0000 0.0000
vn 0.0000 1.0000 0.0000
vn 0.0000 1.0000 0.0000
vn 0.0000 1.0000 0.0000
vn 0.0000 1.0000 0.0000
vn 0.0000 1.0000 0.0000
vn 0.0000 1.0000 0.0000
vn 0.0000 1.0000 0.0000
vn 0.0000 1.0000 0.0000
vn 0.0000 1.0000 0.0000
vn 0.0000 1.0000 0.0000
vn 0.0000 1.0000 0.0000
vn 0.0000 1.0000 0.0000
vn 0.0000 1.0000 0.0000
vn 0.0000 1.0000 0.0000
vn 0.0000 1.0000 0.0000
vn 0.0000 1.0000 0.0000
vn 0.0000 1.0000 0.0000
vn 0.0000 1.0000 0.0000
vn 0.0000 1.0000 0.0000
vn 0.0000 1.0000 0.0000
vn 0.0000 1.0000 0.0000
vn 0.0000 1.0000 0.0000
vn 0.0000 1.0000 0.0000
vn 0.0000 1.0000 0.0000
vn 0.0000 1.0000 0.0000
vn 0.0000 1.0000 0.0000
vn 0.0000 1.0000 0.0000
vn 0.0000 1.0000 0.0000
vn 0.0000 1.0000 0.0000
vn 0.0000 1.0000 0.0000
vn 0.0000 1.0000 0.0000
vn 0.0000 1.0000 0.0000
vn 0.0000 1.0000 0.0000
vn 0.0000 1.0000 0.0000
vn 0.0000 1.0000 0.0000
vn 0.0000 1.0000 0.0000
vn 0.0000 1.0000 0.0000
vn 0.0000 1.0000 0.0000
vn 0.0000 1.0000 0.0000
vn 0.0000 1.0000 0.0000
vn 0.0000 1.0000 0.0000
vn 0.0000 1.0000 0.0000
vn 0.0000 1.0000 0.0000
vn 0.0000 1.0000 0.0000
vn 0.0000 1.0000 0.0000
vn 0.0000 1.0000 0.0000
vn 0.0000 1.0000 0.0000
vn 0.0000 1.0000 0.0000
vn 0.0000 1.0000 0.0000
vn 0.0000 1.0000 0.0000
vn 0.0000 1.0000 0.0000
vn 0.0000 1.0000 0.0000
vn 0.0000 1.0000 0.0000
vn 0.0000 1.0000 0.0000
vn 0.0000 1.0000 0.0000
vn 0.0000 1.0000 0.0000
vn 0.0000 1.0000 0.0000
vn 0.0000 1.0000 0.0000
vn 0.0000 1.0000 0.0000
vn 0.0000 1.0000 0.0000
vn 0.0000 1.0000 0.0000
vn 0.0000 1.0000 0.0000
vn 0.0000 1.0000 0.0000
vn 0.0000 1.0000 0.0000
vn 0.0000 1.0000 0.0000
vn 0.0000 1.0000 0.0000
vn 0.0000 1.0000 0.0000
vn 0.0000 1.0000 0.0000
vn 0.0000 1.0000 0.0000
vn 0.0000 1.0000 0.0000
vn 0.0000 1.0000 0.0000
vn 0.0000 1.0000 0.0000
vn 0.0000 1.0000 0.0000
vn 0.0000 1.0000 0.0000
vn 0.0000 1.0000 0.0000
vn 0.0000 1.0000 0.0000
vn 0.0000 1.0000 0.0000
vn 0.0000 1.0000 0.0000
vn 0.0000 1.0000 0.0000
vn 0.0000 1.0000 0.0000
vn 0.0000 1.0000 0.0000
vn 0.0000 1.0000 0.0000
vn 0.0000 1.0000 0.0000
vn 0.0000 1.0000 0.0000
vn 0.0000 1.0000 0.0000
vn 0.0000 1.0000 0.0000
vn 0.0000 1.0000 0.0000
vn 0.0000 1.0000 0.0000
vn 0.0000 1.0000 0.0000
vn 0.0000 1.0000 0.0000
vn 0.0000 1.0000 0.0000
vn 0.0000 1.0000 0.0000
vn 0.0000 1.0000 0.0000
vn 0.0000 1.0000 0.0000
vn 0.0000 1.0000 0.0000
vn 0.0000 1.0000 0.0000
vn 0.0000 1.0000 0.0000
vn 0.0000 1.0000 0.0000
vn 0.0000 1.0000 0.0000
vn 0.0000 1.0000 0.0000
vn 0.0000 1.0000 0.0000
vn 0.0000 1.0000 0.0000
vn 0.0000 1.0000 0.0000
vn 0.0000 1.0000 0.0000
vn 0.0000 1.0000 0.0000
vn 0.0000 1.0000 0.0000
vn 0.0000 1.0000 0.0000
vn 0.0000 1.0000 0.0000
vn 0.0000 1.0000 0.0000
vn 0.0000 1.0000 0.0000
vn 0.0000 1.0000 0.0000
vn 0.0000 1.0000 0.0000
vn 0.0000 1.0000 0.0000
vn 0.0000 1.0000 0.0000
vn 0.0000 1.0000 0.0000
vn 0.0000 1.0000 0.0000
vn 0.0000 1.0000 0.0000
vn 0.0000 1.0000 0.0000
vn 0.0000 1.0000 0.0000
vn 0.0000 1.0000 0.0000
vn 0.0000 1.0000 0.0000
vn 0.0000 1.0000 0.0000
vn 0.0000 1.0000 0.0000
vn 0.0000 1.0000 0.0000
vn 0.0000 1.0000 0.0000
vn 0.0000 1.0000 0.0000
vn 0.0000 1.0000 0.0000
vn 0.0000 1.0000 0.0000
vn 0.0000 1.0000 0.0000
vn 0.0000 1.0000 0.0000
vn 0.0000 1.0000 0.0000
vn 0.0000 1.0000 0.0000
vn 0.0000 1.0000 0.0000
vn 0.0000 1.0000 0.0000
vn 0.0000 1.0000 0.0000
vn 0.0000 1.0000 0.0000
vn 0.0000 1.0000 0.0000
vn 0.0000 1.0000 0.0000
vn 0.0000 1.0000 0.0000
vn 0.0000 1.0000 0.0000
vn 0.0000 1.0000 0.0000
vn 0.0000 1.0000 0.0000
vn 0.0000 1.0000 0.0000
vn 0.0000 1.0000 0.0000
vn 0.0000 1.0000 0.0000
vn 0.0000 1.0000 0.0000
vn 0.0000 1.0000 0.0000
vn 0.0000 1.0000 0.0000
vn 0.0000 1.0000 0.0000
vn 0.0000 1.0000 0.0000
vn 0.0000 1.0000 0.0000
vn 0.0000 1.0000 0.0000
vn 0.0000 1.0000 0.0000
vn 0.0000 1.0000 0.0000
vn 0.0000 1.0000 0.0000
vn 0.0000 1.0000 0.0000
vn 0.0000 1.0000 0.0000
vn 0.0000 1.0000 0.0000
vn 0.0000 1.0000 0.0000
vn 0.0000 1.0000 0.0000
vn 0.0000 1.0000 0.0000
vn 0.0000 1.0000 0.0000
vn 0.0000 1.0000 0.0000
vn 0.0000 1.0000 0.0000
vn 0.0000 1.0000 0.0000
vn 0.0000 1.0000 0.0000
vn 0.0000 1.0000 0.0000
vn 0.0000 1.0000 0.0000
vn 0.0000 1.0000 0.0000
vn 0.0000 1.0000 0.0000
vn 0.0000 1.0000 0.0000
vn 0.0000 1.0000 0.0000
vn 0.0000 1.0000 0.0000
vn 0.0000 1.0000 0.0000
vn 0.0000 1.0000 0.0000
vn 0.0000 1.0000 0.0000
vn 0.0000 1.0000 0.0000
vn 0.0000 1.0000 0.0000
vn 0.0000 1.0000 0.0000
vn 0.0000 1.0000 0.0000
vn 0.0000 1.0000 0.0000
vn 0.0000 1.0000 0.0000
vn 0.0000 1.0000 0.0000
vn 0.0000 1.0000 0.0000
vn 0.0000 1.0000 0.0000
vn 0.0000 1.0000 0.0000
vn 0.0000 1.0000 0.0000
vn 0.0000 1.0000 0.0000
vn 0.0000 1.0000 0.0000
vn 0.0000 1.0000 0.0000
vn 0.0000 1.0000 0.0000
vn 0.0000 1.0000 0.0000
vn 0.0000 1.0000 0.0000
vn 0.0000 1.0000 0.0000
vn 0.0000 1.0000 0.0000
vn 0.0000 1.0000 0.0000
vn 0.0000 1.0000 0.0000
vn 0.0000 1.0000 0.0000
vn 0.0000 1.0000 0.0000
vn 0.0000 1.0000 0.0000
vn 0.0000 1.0000 0.0000
vn 0.0000 1.0000 0.0000
vn 0.0000 1.0000 0.0000
vn 0.0000 1.0000 0.0000
vn 0.0000 1.0000 0.0000
vn 0.0000 1.0000 0.0000
vn 0.0000 1.0000 0.0000
vn 0.0000 1.0000 0.0000
vn 0.0000 1.0000 0.0000
vn 0.0000 1.0000 0.0000
vn 0.0000 1.0000 0.0000
vn 0.0000 1.0000 0.0000
vn 0.0000 1.0000 0.0000
vn 0.0000 1.0000 0.0000
vn 0.0000 1.0000 0.0000
vn 0.0000 1.0000 0.0000
vn 0.0000 1.0000 0.0000
vn 0.0000 1.0000 0.0000
vn 0.0000 1.0000 0.0000
vn 0.0000 1.0000 0.0000
vn 0.0000 1.0000 0.0000
vn 0.0000 1.0000 0.0000
vn 0.0000 1.0000 0.0000
vn 0.0000 1.0000 0.0000
vn 0.0000 1.0000 0.0000
vn 0.0000 1.0000 0.0000
vn 0.0000 1.0000 0.0000
vn 0.0000 1.0000 0.0000
vn 0.0000 1.0000 0.0000
vn 0.0000 1.0000 0.0000
vn 0.0000 1.0000 0.0000
vn 0.0000 1.0000 0.0000
vn 0.0000 1.0000 0.0000
vn 0.0000 1.0000 0.0000
vn 0.0000 1.0000 0.0000
vn 0.0000 1.0000 0.0000
vn 0.0000 1.0000 0.0000
vn 0.0000 1.0000 0.0000
vn 0.0000 1.0000 0.0000
vn 0.0000 1.0000 0.0000
vn 0.0000 1.0000 0.0000
vn 0.0000 1.0000 0.0000
vn 0.0000 1.0000 0.0000
vn 0.0000 1.0000 0.0000
vn 0.0000 1.0000 0.0000
vn 0.0000 1.0000 0.0000
vn 0.0000 1.0000 0.0000
vn 0.0000 1.0000 0.0000
vn 0.0000 1.0000 0.0000
vn 0.0000 1.0000 0.0000
vn 0.0000 1.0000 0.0000
vn 0.0000 1.0000 0.0000
vn 0.0000 1.0000 0.0000
vn 0.0000 1.0000 0.0000
vn 0.0000 1.0000 0.0000
vn 0.0000 1.0000 0.0000
vn 0.0000 1.0000 0.0000
vn 0.0000 1.0000 0.0000
vn 0.0000 1.0000 0.0000
vn 0.0000 1.0000 0.0000
vn 0.0000 1.0000 0.0000
vn 0.0000 1.0000 0.0000
vn 0.0000 1.0000 0.0000
vn 0.0000 1.0000 0.0000
vn 0.0000 1.0000 0.0000
vn 0.0000 1.0000 0.0000
vn 0.0000 1.0000 0.0000
vn 0.0000 1.0000 0.0000
vn 0.0000 1.0000 0.0000
vn 0.0000 1.0000 0.0000
vn 0.0000 1.0000 0.0000
vn 0.0000 1.0000 0.0000
vn 0.0000 1.0000 0.0000
vn 0.0000 1.0000 0.0000
vn 0.0000 1.0000 0.0000
vn 0.0000 1.0000 0.0000
vn 0.0000 1.0000 0.0000
vn 0.0000 1.0000 0.0000
vn 0.0000 1.0000 0.0000
vn 0.0000 1.0000 0.0000
vn 0.0000 1.0000 0.0000
vn 0.0000 1.0000 0.0000
vn 0.0000 1.0000 0.0000
vn 0.0000 1.0000 0.0000
vn 0.0000 1.0000 0.0000
vn 0.0000 1.0000 0.0000
vn 0.0000 1.0000 0.0000
vn 0.0000 1.0000 0.0000
vn 0.0000 1.0000 0.0000
vn 0.0000 1.0000 0.0000
vn 0.0000 1.0000 0.0000
vn 0.0000 1.0000 0.0000
vn 0.0000 1.0000 0.0000
vn 0.0000 1.0000 0.0000
vn 0.0000 1.0000 0.0000
vn 0.0000 1.0000 0.0000
vn 0.0000 1.0000 0.0000
vn 0.0000 1.0000 0.0000
vn 0.0000 1.0000 0.0000
vn 0.0000 1.0000 0.0000
vn 0.0000 1.0000 0.0000
vn 0.0000 1.0000 0.0000
vn 0.0000 1.0000 0.0000
vn 0.0000 1.0000 0.0000
vn 0.0000 1.0000 0.0000
vn 0.0000 1.0000 0.0000
vn 0.0000 1.0000 0.0000
vn 0.0000 1.0000 0.0000
vn 0.0000 1.0000 0.0000
vn 0.0000 1.0000 0.0000
vn 0.0000 1.0000 0.0000
vn 0.0000 1.0000 0.0000
vn 0.0000 1.0000 0.0000
vn 0.0000 1.0000 0.0000
vn 0.0000 1.0000 0.0000
vn 0.0000 1.0000 0.0000
vn 0.0000 1.0000 0.0000
vn 0.0000 1.0000 0.0000
vn 0.0000 1.0000 0.0000
vn 0.0000 1.0000 0.0000
vn 0.0000 1.0000 0.0000
vn 0.0000 1.0000 0.0000
vn 0.0000 1.0000 0.0000
vn 0.0000 1.0000 0.0000
vn 0.0000 1.0000 0.0000
vn 0.0000 1.0000 0.0000
vn 0.0000 1.0000 0.0000
vn 0.0000 1.0000 0.0000
vn 0.0000 1.0000 0.0000
vn 0.0000 1.0000 0.0000
vn 0.0000 1.0000 0.0000
vn 0.0000 1.0000 0.0000
vn 0.0000 1.0000 0.0000
vn 0.0000 1.0000 0.0000
vn 0.0000 1.0000 0.0000
vn 0.0000 1.0000 0.0000
vn 0.0000 1.0000 0.0000
vn 0.0000 1.0000 0.0000
vn 0.0000 1.0000 0.0000
vn 0.0000 1.0000 0.0000
vn 0.0000 1.0000 0.0000
vn 0.0000 1.0000 0.0000
vn 0.0000 1.0000 0.0000
vn 0.0000 1.0000 0.0000
vn 0.0000 1.0000 0.0000
vn 0.0000 1.0000 0.0000
vn 0.0000 1.0000 0.0000
vn 0.0000 1.0000 0.0000
vn 0.0000 1.0000 0.0000
vn 0.0000 1.0000 0.0000
vn 0.0000 1.0000 0.0000
vn 0.0000 1.0000 0.0000
vn 0.0000 1.0000 0.0000
vn 0.0000 1.0000 0.0000
vn 0.0000 1.0000 0.0000
vn 0.0000 1.0000 0.0000
vn 0.0000 1.0000 0.0000
vn 0.0000 1.0000 0.0000
vn 0.0000 1.0000 0.0000
vn 0.0000 1.0000 0.0000
vn 0.0000 1.0000 0.0000
vn 0.0000 1.0000 0.0000
vn 0.0000 1.0000 0.0000
vn 0.0000 1.0000 0.0000
vn 0.0000 1.0000 0.0000
vn 0.0000 1.0000 0.0000
vn 0.0000 1.0000 0.0000
vn 0.0000 1.0000 0.0000
vn 0.0000 1.0000 0.0000
vn 0.0000 1.0000 0.0000
vn 0.0000 1.0000 0.0000
vn 0.0000 1.0000 0.0000
vn 0.0000 1.0000 0.0000
vn 0.0000 1.0000 0.0000
vn 0.0000 1.0000 0.0000
vn 0.0000 1.0000 0.0000
vn 0.0000 1.0000 0.0000
vn 0.0000 1.0000 0.0000
vn 0.0000 1.0000 0.0000
vn 0.0000 1.0000 0.0000
vn 0.0000 1.0000 0.0000
vn 0.0000 1.0000 0.0000
vn 0.0000 1.0000 0.0000
vn 0.0000 1.0000 0.0000
vn 0.0000 1.0000 0.0000
vn 0.0000 1.0000 0.0000
vn 0.0000 1.0000 0.0000
vn 0.0000 1.0000 0.0000
vn 0.0000 1.0000 0.0000
vn 0.0000 1.0000 0.0000
vn 0.0000 1.0000 0.0000
vn 0.0000 1.0000 0.0000
vn 0.0000 1.0000 0.0000
vn 0.0000 1.0000 0.0000
vn 0.0000 1.0000 0.0000
vn 0.0000 1.0000 0.0000
vn 0.0000 1.0000 0.0000
vn 0.0000 1.0000 0.0000
vn 0.0000 1.0000 0.0000
vn 0.0000 1.0000 0.0000
vn 0.0000 1.0000 0.0000
vn 0.0000 1.0000 0.0000
vn 0.0000 1.0000 0.0000
vn 0.0000 1.0000 0.0000
vn 0.0000 1.0000 0.0000
vn 0.0000 1.0000 0.0000
vn 0.0000 1.0000 0.0000
vn 0.0000 1.0000 0.0000
vn 0.0000 1.0000 0.0000
vn 0.0000 1.0000 0.0000
vn 0.0000 1.0000 0.0000
vn 0.0000 1.0000 0.0000
vn 0.0000 1.0000 0.0000
vn 0.0000 1.0000 0.0000
vn 0.0000 1.0000 0.0000
vn 0.0000 1.0000 0.0000
vn 0.0000 1.0000 0.0000
vn 0.0000 1.0000 0.0000
vn 0.0000 1.0000 0.0000
vn 0.0000 1.0000 0.0000
vn 0.0000 1.0000 0.0000
vn 0.0000 1.0000 0.0000
vn 0.0000 1.0000 0.0000
vn 0.0000 1.0000 0.0000
vn 0.0000 1.0000 0.0000
vn 0.0000 1.0000 0.0000
vn 0.0000 1.0000 0.0000
vn 0.0000 1.0000 0.0000
vn 0.0000 1.0000 0.0000
vn 0.0000 1.0000 0.0000
vn 0.0000 1.0000 0.0000
vn 0.0000 1.0000 0.0000
vn 0.0000 1.0000 0.0000
vn 0.0000 1.0000 0.0000
vn 0.0000 1.0000 0.0000
vn 0.0000 1.0000 0.0000
vn 0.0000 1.0000 0.0000
vn 0.0000 1.0000 0.0000
vn 0.0000 1.0000 0.0000
vn 0.0000 1.0000 0.0000
vn 0.0000 1.0000 0.0000
vn 0.0000 1.0000 0.0000
vn 0.0000 1.0000 0.0000
vn 0.0000 1.0000 0.0000
vn 0.0000 1.0000 0.0000
vn 0.0000 1.0000 0.0000
vn 0.0000 1.0000 0.0000
vn 0.0000 1.0000 0.0000
vn 0.0000 1.0000 0.0000
vn 0.0000 1.0000 0.0000
vn 0.0000 1.0000 0.0000
vn 0.0000 1.0000 0.0000
vn 0.0000 1.0000 0.0000
vn 0.0000 1.0000 0.0000
vn 0.0000 1.0000 0.0000
vn 0.0000 1.0000 0.0000
vn 0.0000 1.0000 0.0000
vn 0.0000 1.0000 0.0000
vn 0.0000 1.0000 0.0000
vn 0.0000 1.0000 0.0000
vn 0.0000 1.0000 0.0000
vn 0.0000 1.0000 0.0000
vn 0.0000 1.0000 0.0000
vn 0.0000 1.0000 0.0000
vn 0.0000 1.0000 0.0000
vn 0.0000 1.0000 0.0000
vn 0.0000 1.0000 0.0000
vn 0.0000 1.0000 0.0000
vn 0.0000 1.0000 0.0000
vn 0.0000 1.0000 0.0000
vn 0.0000 1.0000 0.0000
vn 0.0000 1.0000 0.0000
vn 0.0000 1.0000 0.0000
vn 0.0000 1.0000 0.0000
vn 0.0000 1.0000 0.0000
vt 0.0117 1.0000
vt 0.0391 0.0000
vt 0.0000 0.4961
vt 0.0391 0.0000
vt 0.0117 0.9961
vt 0.0000 0.4961
vt 0.0000 0.4961
vt 0.0117 0.9961
vt 0.8359 0.9453
vt 0.0117 0.9961
vt 0.0000 0.9727
vt 0.8359 0.9453
vt 0.8359 0.9453
vt 0.0000 0.9727
vt 0.0000 0.9883
vt 0.0000 0.9727
vt 0.0000 0.0039
vt 0.0000 0.9883
vt 0.0000 0.9883
vt 0.0000 0.0039
vt 1.0000 0.0039
vt 0.0000 0.0039
vt 0.5039 0.5664
vt 1.0000 0.0039
vt 1.0000 0.0039
vt 0.5039 0.5664
vt 0.0039 0.4961
vt 0.5039 0.5664
vt 0.0820 1.0000
vt 0.0039 0.4961
vt 0.0039 0.4961
vt 0.0820 1.0000
vt 0.0547 0.0000
vt 0.0820 1.0000
vt 0.0117 0.9336
vt 0.0547 0.0000
vt 0.0547 0.0000
vt 0.0117 0.9336
vt 0.9961 0.9062
vt 0.0117 0.9336
vt 0.9961 1.0000
vt 0.9961 0.9062
vt 0.9961 0.9062
vt 0.9961 1.0000
vt 0.4336 0.9883
vt 0.9961 1.0000
vt 0.5039 0.1641
vt 0.4336 0.9883
vt 0.4336 0.9883
vt 0.5039 0.1641
vt 0.0000 1.0000
vt 0.5039 0.1641
vt 1.0000 1.0000
vt 0.0000 1.0000
vt 0.0000 1.0000
vt 1.0000 1.0000
vt 0.0938 1.0000
vt 1.0000 1.0000
vt 0.1211 0.0000
vt 0.0938 1.0000
vt 0.0938 1.0000
vt 0.1211 0.0000
vt 0.0000 0.4961
vt 0.1211 0.0000
vt 0.0117 0.9961
vt 0.0000 0.4961
vt 0.1367 1.0000
vt 0.1094 0.0000
vt 0.0117 0.8789
vt 0.1094 0.0000
vt 0.9961 0.8516
vt 0.0117 0.8789
vt 0.0117 0.8789
vt 0.9961 0.8516
vt 0.9961 1.0000
vt 0.9961 0.8516
vt 0.4336 0.9883
vt 0.9961 1.0000
vt 0.9961 1.0000
vt 0.4336 0.9883
vt 0.5039 0.1641
vt 0.4336 0.9883
vt 0.0000 1.0000
vt 0.5039 0.1641
vt 0.5039 0.1641
vt 0.0000 1.0000
vt 1.0000 1.0000
vt 0.0000 1.0000
vt 0.1484 1.0000
vt 1.0000 1.0000
vt 1.0000 1.0000
vt 0.1484 1.0000
vt 0.1758 0.0000
vt 0.1484 1.0000
vt 0.0000 0.4961
vt 0.1758 0.0000
vt 0.1758 0.0000
vt 0.0000 0.4961
vt 0.0117 0.9961
vt 0.0000 0.4961
vt 0.8359 0.8086
vt 0.0117 0.9961
vt 0.0117 0.9961
vt 0.8359 0.8086
vt 0.0000 0.8359
vt 0.8359 0.8086
vt 0.0000 0.9883
vt 0.0000 0.8359
vt 0.0000 0.8359
vt 0.0000 0.9883
vt 0.0000 0.0039
vt 0.0000 0.9883
vt 1.0000 0.0039
vt 0.0000 0.0039
vt 0.0000 0.0039
vt 1.0000 0.0039
vt 0.5039 0.5664
vt 1.0000 0.0039
vt 0.0039 0.4961
vt 0.5039 0.5664
vt 0.5039 0.5664
vt 0.0039 0.4961
vt 0.2188 1.0000
vt 0.0039 0.4961
vt 0.1914 0.0000
vt 0.2188 1.0000
vt 0.2188 1.0000
vt 0.1914 0.0000
vt 0.0117 0.7969
vt 0.1914 0.0000
vt 0.9961 0.7695
vt 0.0117 0.7969
vt 0.0117 0.7969
vt 0.9961 0.7695
vt 0.9961 1.0000
vt 0.9961 0.7695
vt 0.4336 0.9883
vt 0.9961 1.0000
vt 0.9961 1.0000
vt 0.4336 0.9883
vt 0.5039 0.1641
vt 0.4336 0.9883
vt 0.0000 1.0000
vt 0.5039 0.1641
vt 0.5039 0.1641
vt 0.0000 1.0000
vt 1.0000 1.0000
vt 0.0000 1.0000
vt 0.2305 1.0000
vt 1.0000 1.0000
vt 1.0000 1.0000
vt 0.2305 1.0000
vt 0.0859 0.0000
vt 0.2305 1.0000
vt 0.0000 0.4961
vt 0.0859 0.0000
vt 0.0859 0.0000
vt 0.0000 0.4961
vt 0.0117 0.9961
vt 0.0000 0.4961
vt 0.8359 0.9922
vt 0.0117 0.9961
vt 0.0117 0.9961
vt 0.8359 0.9922
vt 0.0000 0.8320
vt 0.8359 0.9922
vt 0.0000 0.9883
vt 0.0000 0.8320
vt 0.0000 0.8320
vt 0.0000 0.9883
vt 0.0000 0.0039
vt 0.0000 0.9883
vt 1.0000 0.0039
vt 0.0000 0.0039
vt 0.0000 0.0039
vt 1.0000 0.0039
vt 0.5039 0.5664
vt 1.0000 0.0039
vt 0.0039 0.4961
vt 0.5039 0.5664
vt 0.5039 0.5664
vt 0.0039 0.4961
vt 0.2227 1.0000
vt 0.0039 0.4961
vt 0.0078 0.0000
vt 0.2227 1.0000
vt 0.2227 1.0000
vt 0.0078 0.0000
vt 0.0117 0.8594
vt 0.0078 0.0000
vt 0.9961 0.9648
vt 0.0117 0.8594
vt 0.0117 0.8594
vt 0.9961 0.9648
vt 0.9961 1.0000
vt 0.9961 0.9648
vt 0.4336 0.9883
vt 0.9961 1.0000
vt 0.9961 1.0000
vt 0.4336 0.9883
vt 0.5039 0.1641
vt 0.4336 0.9883
vt 0.0000 1.0000
vt 0.5039 0.1641
vt 0.5039 0.1641
vt 0.0000 1.0000
vt 1.0000 1.0000
vt 0.0000 1.0000
vt 0.0352 1.0000
vt 1.0000 1.0000
vt 1.0000 1.0000
vt 0.0352 1.0000
vt 0.0117 0.0000
vt 0.0352 1.0000
vt 0.0000 0.4961
vt 0.0117 0.0000
vt 0.0117 0.0000
vt 0.0000 0.4961
vt 0.0117 0.9961
vt 0.0000 0.4961
vt 0.8359 0.9727
vt 0.0117 0.9961
vt 0.0117 0.9961
vt 0.8359 0.9727
vt 0.0000 0.8555
vt 0.8359 0.9727
vt 0.0000 1.0000
vt 0.0000 0.8555
vt 0.0000 0.8555
vt 0.0000 1.0000
vt 1.4609 0.9531
vt 0.0000 1.0000
vt 0.0273 0.9961
vt 1.4609 0.9531
vt 1.4609 0.9531
vt 0.0273 0.9961
vt 0.0547 0.0039
vt 0.0273 0.9961
vt 0.0234 0.9961
vt 0.0547 0.0039
vt 0.0547 0.0039
vt 0.0234 0.9961
vt 0.0508 0.0039
vt 0.0234 0.9961
vt 0.0195 0.9961
vt 0.0508 0.0039
vt 0.0508 0.0039
vt 0.0195 0.9961
vt 0.0469 0.0039
vt 0.0195 0.9961
vt 0.0156 0.9961
vt 0.0469 0.0039
vt 0.0469 0.0039
vt 0.0156 0.9961
vt 0.0430 0.0039
vt 0.0156 0.9961
vt 0.0117 0.9961
vt 0.0430 0.0039
vt 0.0430 0.0039
vt 0.0117 0.9961
vt 0.0391 0.0039
vt 0.0117 0.9961
vt 0.0391 0.9453
vt 0.0391 0.0039
vt 0.0391 0.0039
vt 0.0391 0.9453
vt 0.0000 0.9180
vt 0.0391 0.9453
vt 0.0000 0.9492
vt 0.0000 0.9180
vt 0.0000 0.9180
vt 0.0000 0.9492
vt 0.3516 0.9219
vt 0.0000 0.9492
vt 0.3516 0.9531
vt 0.3516 0.9219
vt 0.3516 0.9219
vt 0.3516 0.9531
vt 0.7070 0.9258
vt 0.3516 0.9531
vt 0.7070 0.9570
vt 0.7070 0.9258
vt 0.7070 0.9258
vt 0.7070 0.9570
vt 0.8203 0.9297
vt 0.7070 0.9570
vt 0.8242 0.9609
vt 0.8203 0.9297
vt 0.8203 0.9297
vt 0.8242 0.9609
vt 0.9961 0.9336
vt 0.8242 0.9609
vt 0.9961 0.9609
vt 0.9961 0.9336
vt 0.9961 0.9336
vt 0.9961 0.9609
vt 0.9961 0.0039
vt 0.9961 0.9609
vt 0.0039 0.0039
vt 0.9961 0.0039
vt 0.9961 0.0039
vt 0.0039 0.0039
vt 0.9961 0.1758
vt 0.0039 0.0039
vt 0.0039 0.1797
vt 0.9961 0.1758
vt 0.9961 0.1758
vt 0.0039 0.1797
vt 0.9961 0.2930
vt 0.0039 0.1797
vt 0.0039 0.2930
vt 0.9961 0.2930
vt 0.9961 0.2930
vt 0.0039 0.2930
vt 0.9961 0.6484
vt 0.0039 0.2930
vt 0.0039 0.6484
vt 0.9961 0.6484
vt 0.9961 0.6484
vt 0.0039 0.6484
vt 0.9961 1.0000
vt 0.0039 0.6484
vt 0.0039 1.0000
vt 0.9961 1.0000
vt 0.9961 1.0000
vt 0.0039 1.0000
vt 0.1094 0.9961
vt 0.0039 1.0000
vt 0.1367 0.0039
vt 0.1094 0.9961
vt 0.1094 0.9961
vt 0.1367 0.0039
vt 0.1055 0.9961
vt 0.1367 0.0039
vt 0.1328 0.0039
vt 0.1055 0.9961
vt 0.1055 0.9961
vt 0.1328 0.0039
vt 0.1016 0.9961
vt 0.1328 0.0039
vt 0.1289 0.0039
vt 0.1016 0.9961
vt 0.1016 0.9961
vt 0.1289 0.0039
vt 0.0977 0.9961
vt 0.1289 0.0039
vt 0.1250 0.0039
vt 0.0977 0.9961
vt 0.0977 0.9961
vt 0.1250 0.0039
vt 0.0938 0.9961
vt 0.1250 0.0039
vt 0.1211 0.0039
vt 0.0938 0.9961
vt 0.0938 0.9961
vt 0.1211 0.0039
vt 0.0391 0.8633
vt 0.1211 0.0039
vt 0.0000 0.8359
vt 0.0391 0.8633
vt 0.0391 0.8633
vt 0.0000 0.8359
vt 0.0000 0.8672
vt 0.0000 0.8359
vt 0.3516 0.8398
vt 0.0000 0.8672
vt 0.0000 0.8672
vt 0.3516 0.8398
vt 0.3516 0.8711
vt 0.3516 0.8398
vt 0.7070 0.8438
vt 0.3516 0.8711
vt 0.3516 0.8711
vt 0.7070 0.8438
vt 0.7070 0.8750
vt 0.7070 0.8438
vt 0.8203 0.8477
vt 0.7070 0.8750
vt 0.7070 0.8750
vt 0.8203 0.8477
vt 0.8242 0.8789
vt 0.8203 0.8477
vt 0.9961 0.8516
vt 0.8242 0.8789
vt 0.8242 0.8789
vt 0.9961 0.8516
vt 0.9961 0.9609
vt 0.9961 0.8516
vt 0.0039 1.0000
vt 0.9961 0.9609
vt 0.9961 0.9609
vt 0.0039 1.0000
vt 0.9961 1.0000
vt 0.0039 1.0000
vt 0.0039 0.6484
vt 0.9961 1.0000
vt 0.9961 1.0000
vt 0.0039 0.6484
vt 0.9961 0.6484
vt 0.0039 0.6484
vt 0.0039 0.2930
vt 0.9961 0.6484
vt 0.9961 0.6484
vt 0.0039 0.2930
vt 0.9961 0.2930
vt 0.0039 0.2930
vt 0.0039 0.1797
vt 0.9961 0.2930
vt 0.9961 0.2930
vt 0.0039 0.1797
vt 0.9961 0.1758
vt 0.0039 0.1797
vt 0.0039 0.0039
vt 0.9961 0.1758
vt 0.9961 0.1758
vt 0.0039 0.0039
vt 0.9961 0.0039
vt 0.0039 0.0039
vt 0.2031 0.0039
vt 0.9961 0.0039
vt 0.9961 0.0039
vt 0.2031 0.0039
vt 0.1758 0.9961
vt 0.2031 0.0039
vt 0.2070 0.0039
vt 0.1758 0.9961
vt 0.1758 0.9961
vt 0.2070 0.0039
vt 0.1797 0.9961
vt 0.2070 0.0039
vt 0.2109 0.0039
vt 0.1797 0.9961
vt 0.1797 0.9961
vt 0.2109 0.0039
vt 0.1836 0.9961
vt 0.2109 0.0039
vt 0.2148 0.0039
vt 0.1836 0.9961
vt 0.1836 0.9961
vt 0.2148 0.0039
vt 0.1875 0.9961
vt 0.2148 0.0039
vt 0.2188 0.0039
vt 0.1875 0.9961
vt 0.1875 0.9961
vt 0.2188 0.0039
vt 0.1914 0.9961
vt 0.9961 0.0039
vt 0.0039 0.0039
vt 0.9961 0.1758
vt 0.0039 0.0039
vt 0.0039 0.1797
vt 0.9961 0.1758
vt 0.9961 0.1758
vt 0.0039 0.1797
vt 0.9961 0.2930
vt 0.0039 0.1797
vt 0.0039 0.2930
vt 0.9961 0.2930
vt 0.9961 0.2930
vt 0.0039 0.2930
vt 0.9961 0.6484
vt 0.0039 0.2930
vt 0.0039 0.6484
vt 0.9961 0.6484
vt 0.9961 0.6484
vt 0.0039 0.6484
vt 0.9961 1.0000
vt 0.0039 0.6484
vt 0.0039 1.0000
vt 0.9961 1.0000
vt 0.0039 1.0000
vt 0.9961 1.0000
vt 0.0039 0.6484
vt 0.9961 1.0000
vt 0.9961 0.6484
vt 0.0039 0.6484
vt 0.0039 0.6484
vt 0.9961 0.6484
vt 0.0039 0.2930
vt 0.9961 0.6484
vt 0.9961 0.2930
vt 0.0039 0.2930
vt 0.0039 0.2930
vt 0.9961 0.2930
vt 0.0039 0.1797
vt 0.9961 0.2930
vt 0.9961 0.1758
vt 0.0039 0.1797
vt 0.0039 0.1797
vt 0.9961 0.1758
vt 0.0039 0.0039
vt 0.9961 0.1758
vt 0.9961 0.0039
vt 0.0039 0.0039
vt 0.9961 0.0039
vt 0.0039 0.0039
vt 0.9961 0.1758
vt 0.0039 0.0039
vt 0.0039 0.1797
vt 0.9961 0.1758
vt 0.9961 0.1758
vt 0.0039 0.1797
vt 0.9961 0.2930
vt 0.0039 0.1797
vt 0.0039 0.2930
vt 0.9961 0.2930
vt 0.9961 0.2930
vt 0.0039 0.2930
vt 0.9961 0.6484
vt 0.0039 0.2930
vt 0.0039 0.6484
vt 0.9961 0.6484
vt 0.9961 0.6484
vt 0.0039 0.6484
vt 0.9961 1.0000
vt 0.0039 0.6484
vt 0.0039 1.0000
vt 0.9961 1.0000
vt 0.9961 0.0039
vt 0.0039 0.0039
vt 0.9961 0.1758
vt 0.0039 0.0039
vt 0.0039 0.1797
vt 0.9961 0.1758
vt 0.9961 0.1758
vt 0.0039 0.1797
vt 0.9961 0.2930
vt 0.0039 0.1797
vt 0.0039 0.2930
vt 0.9961 0.2930
vt 0.9961 0.2930
vt 0.0039 0.2930
vt 0.9961 0.6484
vt 0.0039 0.2930
vt 0.0039 0.6484
vt 0.9961 0.6484
vt 0.9961 0.6484
vt 0.0039 0.6484
vt 0.9961 1.0000
vt 0.0039 0.6484
vt 0.0039 1.0000
vt 0.9961 1.0000
vt 0.9961 0.0039
vt 0.0039 0.0039
vt 0.9961 0.1758
vt 0.0039 0.0039
vt 0.0039 0.1797
vt 0.9961 0.1758
vt 0.9961 0.1758
vt 0.0039 0.1797
vt 0.9961 0.2930
vt 0.0039 0.1797
vt 0.0039 0.2930
vt 0.9961 0.2930
vt 0.9961 0.2930
vt 0.0039 0.2930
vt 0.9961 0.6484
vt 0.0039 0.2930
vt 0.0039 0.6484
vt 0.9961 0.6484
vt 0.9961 0.6484
vt 0.0039 0.6484
vt 0.9961 1.0000
vt 0.0039 0.6484
vt 0.0039 1.0000
vt 0.9961 1.0000
vt -0.0039 1.0039
vt 64.0039 -1.2539
vt 0.1172 0.9141
vt 64.0039 -1.2539
vt 2.0156 0.0039
vt 0.1172 0.9141
vt 0.1172 0.9141
vt 2.0156 0.0039
vt 1.7305 0.0039
vt 2.0156 0.0039
vt 2.0156 1.4180
vt 1.7305 0.0039
vt 1.7305 0.0039
vt 2.0156 1.4180
vt 1.7305 1.4180
vt 2.0156 1.4180
vt 2.0156 1.7031
vt 1.7305 1.4180
vt 1.7305 1.4180
vt 2.0156 1.7031
vt 1.7305 1.7031
vt 2.0156 1.7031
vt 2.0156 1.9883
vt 1.7305 1.7031
vt 1.7305 1.7031
vt 2.0156 1.9883
vt 1.7305 1.9883
vt 2.0156 1.9883
vt 2.0156 2.2734
vt 1.7305 1.9883
vt 1.7305 1.9883
vt 2.0156 2.2734
vt 1.7305 2.2734
vt 2.0156 2.2734
vt 2.0156 2.5625
vt 1.7305 2.2734
vt 1.7305 2.2734
vt 2.0156 2.5625
vt 1.7305 2.5625
vt 2.0156 2.5625
vt 2.0156 2.8477
vt 1.7305 2.5625
vt 1.7305 2.5625
vt 2.0156 2.8477
vt 1.7305 2.8477
vt 2.0156 2.8477
vt 2.0156 3.1328
vt 1.7305 2.8477
vt 1.7305 2.8477
vt 2.0156 3.1328
vt 1.7305 3.1328
vt 2.0156 3.1328
vt 2.0156 3.4180
vt 1.7305 3.1328
vt 1.7305 3.1328
vt 2.0156 3.4180
vt 1.7305 3.4180
vt 2.0156 3.4180
vt 2.0156 3.7031
vt 1.7305 3.4180
vt 1.7305 3.4180
vt 2.0156 3.7031
vt 1.7305 3.7031
vt 2.0156 3.7031
vt 2.0156 3.9922
vt 1.7305 3.7031
vt 1.7305 3.7031
vt 2.0156 3.9922
vt 1.7305 3.9922
vt 2.0156 3.9922
vt 0.2930 -1.8711
vt 1.7305 3.9922
vt 1.7305 3.9922
vt 0.2930 -1.8711
vt 0.2852 -1.5859
vt 0.2930 -1.8711
vt 0.2891 -1.8711
vt 0.2852 -1.5859
vt 0.2852 -1.5859
vt 0.2891 -1.8711
vt 0.2812 -1.5859
vt 0.2891 -1.8711
vt 0.4297 -1.8711
vt 0.2812 -1.5859
vt 0.2812 -1.5859
vt 0.4297 -1.8711
vt 0.4258 -1.5859
vt 0.4297 -1.8711
vt 0.5117 -1.8711
vt 0.4258 -1.5859
vt 0.4258 -1.5859
vt 0.5117 -1.8711
vt 0.5078 -1.5859
vt 0.5117 -1.8711
vt 0.5938 -1.8711
vt 0.5078 -1.5859
vt 0.5078 -1.5859
vt 0.5938 -1.8711
vt 0.5898 -1.5859
vt 0.5938 -1.8711
vt 0.6758 -1.8711
vt 0.5898 -1.5859
vt 0.5898 -1.5859
vt 0.6758 -1.8711
vt 0.6719 -1.5859
vt 0.6758 -1.8711
vt 0.7578 -1.8711
vt 0.6719 -1.5859
vt 0.6719 -1.5859
vt 0.7578 -1.8711
vt 0.7539 -1.5859
vt 0.7578 -1.8711
vt 0.8398 -1.8711
vt 0.7539 -1.5859
vt 0.7539 -1.5859
vt 0.8398 -1.8711
vt 0.8359 -1.5859
vt 0.8398 -1.8711
vt 0.9219 -1.8711
vt 0.8359 -1.5859
vt 0.8359 -1.5859
vt 0.9219 -1.8711
vt 0.9180 -1.5859
vt 0.9219 -1.8711
vt 1.0039 -1.8711
vt 0.9180 -1.5859
vt 0.9180 -1.5859
vt 1.0039 -1.8711
vt 1.0000 -1.5859
vt 1.0039 -1.8711
vt 1.0859 -1.8711
vt 1.0000 -1.5859
vt 1.0000 -1.5859
vt 1.0859 -1.8711
vt 1.0820 -1.5859
vt 1.0859 -1.8711
vt -0.0938 0.6953
vt 1.0820 -1.5859
vt 1.0820 -1.5859
vt -0.0938 0.6953
vt -0.4180 0.6914
vt -0.0938 0.6953
vt 0.9961 0.6875
vt -0.4180 0.6914
vt -0.4180 0.6914
vt 0.9961 0.6875
vt -0.4180 0.6836
vt 0.9961 0.6875
vt 0.9961 0.6797
vt -0.4180 0.6836
vt -0.4180 0.6836
vt 0.9961 0.6797
vt -0.4180 0.6758
vt 0.9961 0.6797
vt 0.9961 0.6719
vt -0.4180 0.6758
vt -0.4180 0.6758
vt 0.9961 0.6719
vt -0.4180 0.6680
vt 0.9961 0.6719
vt 0.9961 0.6641
vt -0.4180 0.6680
vt -0.4180 0.6680
vt 0.9961 0.6641
vt -0.4180 0.6602
vt 0.9961 0.6641
vt 0.9961 0.6562
vt -0.4180 0.6602
vt -0.4180 0.6602
vt 0.9961 0.6562
vt -0.4180 0.6523
vt 0.9961 0.6562
vt 0.9961 0.6484
vt -0.4180 0.6523
vt -0.4180 0.6523
vt 0.9961 0.6484
vt -0.4180 0.6445
vt 0.9961 0.6484
vt 0.9961 0.6406
vt -0.4180 0.6445
vt -0.4180 0.6445
vt 0.9961 0.6406
vt -0.4180 0.6367
vt 0.9961 0.6406
vt 0.9961 0.6328
vt -0.4180 0.6367
vt -0.4180 0.6367
vt 0.9961 0.6328
vt -0.4180 0.6289
vt 0.9961 0.6328
vt 0.9961 0.6250
vt -0.4180 0.6289
vt -0.4180 0.6289
vt 0.9961 0.6250
vt -0.4180 0.6211
vt 0.9961 0.6250
vt 0.9961 0.6172
vt -0.4180 0.6211
vt -0.4180 0.6211
vt 0.9961 0.6172
vt -0.4180 0.6133
vt 0.9961 0.6172
vt 0.9961 0.6094
vt -0.4180 0.6133
vt -0.4180 0.6133
vt 0.9961 0.6094
vt -0.4180 0.5977
vt 0.9961 0.6094
vt 0.9961 1.0938
vt -0.4180 0.5977
vt -0.4180 0.5977
vt 0.9961 1.0938
vt 6.5742 1.4180
vt 0.9961 1.0938
vt 6.5742 1.7031
vt 6.5742 1.4180
vt 6.5742 1.4180
vt 6.5742 1.7031
vt 6.2891 1.4180
vt 6.5742 1.7031
vt 6.2891 1.7031
vt 6.2891 1.4180
vt 6.2891 1.4180
vt 6.2891 1.7031
vt 6.0039 1.4180
vt 6.2891 1.7031
vt 6.0039 1.7031
vt 6.0039 1.4180
vt 6.0039 1.4180
vt 6.0039 1.7031
vt 5.7188 1.4180
vt 6.0039 1.7031
vt 5.7188 1.7031
vt 5.7188 1.4180
vt 5.7188 1.4180
vt 5.7188 1.7031
vt 5.4336 1.4180
vt 5.7188 1.7031
vt 5.4336 1.7031
vt 5.4336 1.4180
vt 5.4336 1.4180
vt 5.4336 1.7031
vt 5.1484 1.4180
vt 5.4336 1.7031
vt 5.1484 1.7031
vt 5.1484 1.4180
vt 5.1484 1.4180
vt 5.1484 1.7031
vt 4.8633 1.4180
vt 5.1484 1.7031
vt 4.8633 1.7031
vt 4.8633 1.4180
vt 4.8633 1.4180
vt 4.8633 1.7031
vt 4.5781 1.4180
vt 4.8633 1.7031
vt 4.5781 1.7031
vt 4.5781 1.4180
vt 4.5781 1.4180
vt 4.5781 1.7031
vt 4.2930 1.4180
vt 4.5781 1.7031
vt 4.2930 1.7031
vt 4.2930 1.4180
vt 4.2930 1.4180
vt 4.2930 1.7031
vt 4.0078 1.4180
vt 4.2930 1.7031
vt 4.0078 1.7031
vt 4.0078 1.4180
vt 4.0078 1.4180
vt 4.0078 1.7031
vt 3.7227 1.4180
vt 4.0078 1.7031
vt 3.7227 1.7031
vt 3.7227 1.4180
vt 3.7227 1.4180
vt 3.7227 1.7031
vt 3.4375 1.4180
vt 3.7227 1.7031
vt 3.4375 1.7031
vt 3.4375 1.4180
vt 3.4375 1.4180
vt 3.4375 1.7031
vt 0.4805 -5.5742
vt 3.4375 1.7031
vt 0.5625 -5.5742
vt 0.4805 -5.5742
vt 0.4805 -5.5742
vt 0.5625 -5.5742
vt 0.4766 -5.2891
vt 0.5625 -5.5742
vt 0.5586 -5.2891
vt 0.4766 -5.2891
vt 0.4766 -5.2891
vt 0.5586 -5.2891
vt 0.4727 -5.0039
vt 0.5586 -5.2891
vt 0.5547 -5.0039
vt 0.4727 -5.0039
vt 0.4727 -5.0039
vt 0.5547 -5.0039
vt 0.4688 -4.7188
vt 0.5547 -5.0039
vt 0.5508 -4.7188
vt 0.4688 -4.7188
vt 0.4688 -4.7188
vt 0.5508 -4.7188
vt 0.4648 -4.4336
vt 0.5508 -4.7188
vt 0.5469 -4.4336
vt 0.4648 -4.4336
vt 0.4648 -4.4336
vt 0.5469 -4.4336
vt 0.4609 -4.1484
vt 0.5469 -4.4336
vt 0.5430 -4.1484
vt 0.4609 -4.1484
vt 0.4609 -4.1484
vt 0.5430 -4.1484
vt 0.4570 -3.8633
vt 0.5430 -4.1484
vt 0.5391 -3.8633
vt 0.4570 -3.8633
vt 0.4570 -3.8633
vt 0.5391 -3.8633
vt 0.4531 -3.5781
vt 0.5391 -3.8633
vt 0.5352 -3.5781
vt 0.4531 -3.5781
vt 0.4531 -3.5781
vt 0.5352 -3.5781
vt 0.4492 -3.2930
vt 0.5352 -3.5781
vt 0.5312 -3.2930
vt 0.4492 -3.2930
vt 0.4492 -3.2930
vt 0.5312 -3.2930
vt 0.4453 -3.0078
vt 0.5312 -3.2930
vt 0.5273 -3.0078
vt 0.4453 -3.0078
vt 0.4453 -3.0078
vt 0.5273 -3.0078
vt 0.4414 -2.7227
vt 0.5273 -3.0078
vt 0.5234 -2.7227
vt 0.4414 -2.7227
vt 0.4414 -2.7227
vt 0.5234 -2.7227
vt 0.4375 -2.4375
vt 0.5234 -2.7227
vt 0.5195 -2.4375
vt 0.4375 -2.4375
vt 0.4375 -2.4375
vt 0.5195 -2.4375
vt -0.0859 0.3945
vt 0.5195 -2.4375
vt -1.2734 0.4766
vt -0.0859 0.3945
vt -0.0859 0.3945
vt -1.2734 0.4766
vt -0.9883 0.3906
vt -1.2734 0.4766
vt -1.2734 0.4727
vt -0.9883 0.3906
vt -0.9883 0.3906
vt -1.2734 0.4727
vt -0.9883 0.3867
vt -1.2734 0.4727
vt -1.2734 0.4688
vt -0.9883 0.3867
vt -0.9883 0.3867
vt -1.2734 0.4688
vt -0.9883 0.3828
vt -1.2734 0.4688
vt -1.2734 0.4648
vt -0.9883 0.3828
vt -0.9883 0.3828
vt -1.2734 0.4648
vt -0.9883 0.3789
vt -1.2734 0.4648
vt -1.2734 0.4609
vt -0.9883 0.3789
vt -0.9883 0.3789
vt -1.2734 0.4609
vt -0.9883 0.3750
vt -1.2734 0.4609
vt -1.2734 0.4570
vt -0.9883 0.3750
vt -0.9883 0.3750
vt -1.2734 0.4570
vt -0.9883 0.3711
vt -1.2734 0.4570
vt -1.2734 0.4531
vt -0.9883 0.3711
vt -0.9883 0.3711
vt -1.2734 0.4531
vt -0.9883 0.3672
vt -1.2734 0.4531
vt -1.2734 0.4492
vt -0.9883 0.3672
vt -0.9883 0.3672
vt -1.2734 0.4492
vt -0.9883 0.3633
vt -1.2734 0.4492
vt -1.2734 0.4453
vt -0.9883 0.3633
vt -0.9883 0.3633
vt -1.2734 0.4453
vt -0.9883 0.3594
vt -1.2734 0.4453
vt -1.2734 0.4414
vt -0.9883 0.3594
vt -0.9883 0.3594
vt -1.2734 0.4414
vt -0.9883 0.3555
vt -1.2734 0.4414
vt -1.2734 0.4375
vt -0.9883 0.3555
vt -0.9883 0.3555
vt -1.2734 0.4375
vt -0.9883 0.9766
vt -1.2734 0.4375
vt 3.4375 2.5625
vt -0.9883 0.9766
vt -0.9883 0.9766
vt 3.4375 2.5625
vt 3.7227 2.5625
vt 3.4375 2.5625
vt 3.4375 2.2734
vt 3.7227 2.5625
vt 3.7227 2.5625
vt 3.4375 2.2734
vt 3.7227 2.2734
vt 3.4375 2.2734
vt 3.4375 1.9883
vt 3.7227 2.2734
vt 3.7227 2.2734
vt 3.4375 1.9883
vt 3.7227 1.9883
vt 3.4375 1.9883
vt 0.6445 -5.5742
vt 3.7227 1.9883
vt 3.7227 1.9883
vt 0.6445 -5.5742
vt 0.7266 -5.5742
vt 0.6445 -5.5742
vt 0.6406 -5.2891
vt 0.7266 -5.5742
vt 0.7266 -5.5742
vt 0.6406 -5.2891
vt 0.7227 -5.2891
vt 0.6406 -5.2891
vt 0.6367 -5.0039
vt 0.7227 -5.2891
vt 0.7227 -5.2891
vt 0.6367 -5.0039
vt 0.7188 -5.0039
vt 0.6367 -5.0039
vt 0.6328 -4.7188
vt 0.7188 -5.0039
vt 0.7188 -5.0039
vt 0.6328 -4.7188
vt 0.7148 -4.7188
vt 0.6328 -4.7188
vt 0.6289 -4.4336
vt 0.7148 -4.7188
vt 0.7148 -4.7188
vt 0.6289 -4.4336
vt 0.7109 -4.4336
vt 0.6289 -4.4336
vt 0.6250 -4.1484
vt 0.7109 -4.4336
vt 0.7109 -4.4336
vt 0.6250 -4.1484
vt 0.7070 -4.1484
vt 0.6250 -4.1484
vt 0.6211 -3.8633
vt 0.7070 -4.1484
vt 0.7070 -4.1484
vt 0.6211 -3.8633
vt 0.7031 -3.8633
vt 0.6211 -3.8633
vt 0.6172 -3.5781
vt 0.7031 -3.8633
vt 0.7031 -3.8633
vt 0.6172 -3.5781
vt 0.6992 -3.5781
vt 0.6172 -3.5781
vt 0.6133 -3.2930
vt 0.6992 -3.5781
vt 0.6992 -3.5781
vt 0.6133 -3.2930
vt 0.6953 -3.2930
vt 0.6133 -3.2930
vt 0.6094 -3.0078
vt 0.6953 -3.2930
vt 0.6953 -3.2930
vt 0.6094 -3.0078
vt 0.6914 -3.0078
vt 0.6094 -3.0078
vt 0.6055 -2.7227
vt 0.6914 -3.0078
vt 0.6914 -3.0078
vt 0.6055 -2.7227
vt 0.6875 -2.7227
vt 0.6055 -2.7227
vt -0.0938 0.2344
vt 0.6875 -2.7227
vt 0.6875 -2.7227
vt -0.0938 0.2344
vt -1.8477 0.3164
vt -0.0938 0.2344
vt -1.5625 0.2305
vt -1.8477 0.3164
vt -1.8477 0.3164
vt -1.5625 0.2305
vt -1.8477 0.3125
vt -1.5625 0.2305
vt -1.5625 0.2266
vt -1.8477 0.3125
vt -1.8477 0.3125
vt -1.5625 0.2266
vt -1.8477 0.3086
vt -1.5625 0.2266
vt -1.5625 0.2227
vt -1.8477 0.3086
vt -1.8477 0.3086
vt -1.5625 0.2227
vt -1.8477 0.3047
vt -1.5625 0.2227
vt -1.5625 0.2188
vt -1.8477 0.3047
vt -1.8477 0.3047
vt -1.5625 0.2188
vt -1.8477 0.3008
vt -1.5625 0.2188
vt -1.5625 0.2148
vt -1.8477 0.3008
vt -1.8477 0.3008
vt -1.5625 0.2148
vt -1.8477 0.2969
vt -1.5625 0.2148
vt -1.5625 0.2109
vt -1.8477 0.2969
vt -1.8477 0.2969
vt -1.5625 0.2109
vt -1.8477 0.2930
vt -1.5625 0.2109
vt -1.5625 0.2070
vt -1.8477 0.2930
vt -1.8477 0.2930
vt -1.5625 0.2070
vt -1.8477 0.2891
vt -1.5625 0.2070
vt -1.5625 0.2031
vt -1.8477 0.2891
vt -1.8477 0.2891
vt -1.5625 0.2031
vt -1.8477 0.2852
vt -1.5625 0.2031
vt -1.5625 0.1992
vt -1.8477 0.2852
vt -1.8477 0.2852
vt -1.5625 0.1992
vt -1.8477 0.2812
vt -1.5625 0.1992
vt -1.5625 0.1953
vt -1.8477 0.2812
vt -1.8477 0.2812
vt -1.5625 0.1953
vt -1.8477 0.2773
vt -1.5625 0.1953
vt -1.5625 0.1914
vt -1.8477 0.2773
vt -1.8477 0.2773
vt -1.5625 0.1914
vt -1.8477 0.2734
vt -1.5625 0.1914
vt -1.5625 1.0938
vt -1.8477 0.2734
vt -1.8477 0.2734
vt -1.5625 1.0938
vt 3.4375 3.1328
vt -1.5625 1.0938
vt 3.4375 2.8477
vt 3.4375 3.1328
vt 3.4375 3.1328
vt 3.4375 2.8477
vt 3.7227 3.1328
vt 3.4375 2.8477
vt 3.7227 2.8477
vt 3.7227 3.1328
vt 3.7227 3.1328
vt 3.7227 2.8477
vt 4.0078 3.1328
vt 3.7227 2.8477
vt 4.0078 2.8477
vt 4.0078 3.1328
vt 4.0078 3.1328
vt 4.0078 2.8477
vt 4.2930 3.1328
vt 4.0078 2.8477
vt 4.2930 2.8477
vt 4.2930 3.1328
vt 4.2930 3.1328
vt 4.2930 2.8477
vt 4.5781 3.1328
vt 4.2930 2.8477
vt 4.5781 2.8477
vt 4.5781 3.1328
vt 4.5781 3.1328
vt 4.5781 2.8477
vt 4.8633 3.1328
vt 4.5781 2.8477
vt 4.8633 2.8477
vt 4.8633 3.1328
vt 4.8633 3.1328
vt 4.8633 2.8477
vt 5.1484 3.1328
vt 4.8633 2.8477
vt 5.1484 2.8477
vt 5.1484 3.1328
vt 5.1484 3.1328
vt 5.1484 2.8477
vt 5.4336 3.1328
vt 5.1484 2.8477
vt 5.4336 2.8477
vt 5.4336 3.1328
vt 5.4336 3.1328
vt 5.4336 2.8477
vt 5.7188 3.1328
vt 5.4336 2.8477
vt 5.7188 2.8477
vt 5.7188 3.1328
vt 5.7188 3.1328
vt 5.7188 2.8477
vt 6.0039 3.1328
vt 5.7188 2.8477
vt 6.0039 2.8477
vt 6.0039 3.1328
vt 6.0039 3.1328
vt 6.0039 2.8477
vt 6.2891 3.1328
vt 6.0039 2.8477
vt 6.2891 2.8477
vt 6.2891 3.1328
vt 6.2891 3.1328
vt 6.2891 2.8477
vt 6.5742 3.1328
vt 6.2891 2.8477
vt 6.5742 2.8477
vt 6.5742 3.1328
vt 6.5742 3.1328
vt 6.5742 2.8477
vt 0.8906 -5.5742
vt 6.5742 2.8477
vt 0.9727 -5.5742
vt 0.8906 -5.5742
vt 0.8906 -5.5742
vt 0.9727 -5.5742
vt 0.8867 -5.2891
vt 0.9727 -5.5742
vt 0.9688 -5.2891
vt 0.8867 -5.2891
vt 0.8867 -5.2891
vt 0.9688 -5.2891
vt 0.8828 -5.0039
vt 0.9688 -5.2891
vt 0.9648 -5.0039
vt 0.8828 -5.0039
vt 0.8828 -5.0039
vt 0.9648 -5.0039
vt 0.8789 -4.7188
vt 0.9648 -5.0039
vt 0.9609 -4.7188
vt 0.8789 -4.7188
vt 0.8789 -4.7188
vt 0.9609 -4.7188
vt 0.8750 -4.4336
vt 0.9609 -4.7188
vt 0.9570 -4.4336
vt 0.8750 -4.4336
vt 0.8750 -4.4336
vt 0.9570 -4.4336
vt 0.8711 -4.1484
vt 0.9570 -4.4336
vt 0.9531 -4.1484
vt 0.8711 -4.1484
vt 0.8711 -4.1484
vt 0.9531 -4.1484
vt 0.8672 -3.8633
vt 0.9531 -4.1484
vt 0.9492 -3.8633
vt 0.8672 -3.8633
vt 0.8672 -3.8633
vt 0.9492 -3.8633
vt 0.8633 -3.5781
vt 0.9492 -3.8633
vt 0.9453 -3.5781
vt 0.8633 -3.5781
vt 0.8633 -3.5781
vt 0.9453 -3.5781
vt 0.8594 -3.2930
vt 0.9453 -3.5781
vt 0.9414 -3.2930
vt 0.8594 -3.2930
vt 0.8594 -3.2930
vt 0.9414 -3.2930
vt 0.8555 -3.0078
vt 0.9414 -3.2930
vt 0.9375 -3.0078
vt 0.8555 -3.0078
vt 0.8555 -3.0078
vt 0.9375 -3.0078
vt 0.8516 -2.7227
vt 0.9375 -3.0078
vt 0.9336 -2.7227
vt 0.8516 -2.7227
vt 0.8516 -2.7227
vt 0.9336 -2.7227
vt 0.8477 -2.4375
vt 0.9336 -2.7227
vt 0.9297 -2.4375
vt 0.8477 -2.4375
vt 0.8477 -2.4375
vt 0.9297 -2.4375
vt -0.0938 0.0273
vt 0.9297 -2.4375
vt -2.4180 -0.0547
vt -0.0938 0.0273
vt -0.0938 0.0273
vt -2.4180 -0.0547
vt -2.7031 0.0312
vt -2.4180 -0.0547
vt -2.4180 -0.0508
vt -2.7031 0.0312
vt -2.7031 0.0312
vt -2.4180 -0.0508
vt -2.7031 0.0352
vt -2.4180 -0.0508
vt -2.4180 -0.0469
vt -2.7031 0.0352
vt -2.7031 0.0352
vt -2.4180 -0.0469
vt -2.7031 0.0391
vt -2.4180 -0.0469
vt -2.4180 -0.0430
vt -2.7031 0.0391
vt -2.7031 0.0391
vt -2.4180 -0.0430
vt -2.7031 0.0430
vt -2.4180 -0.0430
vt -2.4180 -0.0391
vt -2.7031 0.0430
vt -2.7031 0.0430
vt -2.4180 -0.0391
vt -2.7031 0.0469
vt -2.4180 -0.0391
vt -2.4180 -0.0352
vt -2.7031 0.0469
vt -2.7031 0.0469
vt -2.4180 -0.0352
vt -2.7031 0.0508
vt -2.4180 -0.0352
vt -2.4180 -0.0312
vt -2.7031 0.0508
vt -2.7031 0.0508
vt -2.4180 -0.0312
vt -2.7031 0.0547
vt -2.4180 -0.0312
vt -2.4180 -0.0273
vt -2.7031 0.0547
vt -2.7031 0.0547
vt -2.4180 -0.0273
vt -2.7031 0.0586
vt -2.4180 -0.0273
vt -2.4180 -0.0234
vt -2.7031 0.0586
vt -2.7031 0.0586
vt -2.4180 -0.0234
vt -2.7031 0.0625
vt -2.4180 -0.0234
vt -2.4180 -0.0195
vt -2.7031 0.0625
vt -2.7031 0.0625
vt -2.4180 -0.0195
vt -2.7031 0.0664
vt -2.4180 -0.0195
vt -2.4180 -0.0156
vt -2.7031 0.0664
vt -2.7031 0.0664
vt -2.4180 -0.0156
vt -2.7031 0.0703
vt -2.4180 -0.0156
vt -2.4180 -0.0117
vt -2.7031 0.0703
vt -2.7031 0.0703
vt -2.4180 -0.0117
vt -2.7031 0.9141
vt -2.4180 -0.0117
vt 0.0000 3.9922
vt -2.7031 0.9141
vt -2.7031 0.9141
vt 0.0000 3.9922
vt 1.4453 3.9922
vt 0.0000 3.9922
vt 0.0000 3.7031
vt 1.4453 3.9922
vt 1.4453 3.9922
vt 0.0000 3.7031
vt 1.4453 3.7031
vt 0.0000 3.7031
vt 0.0000 3.4180
vt 1.4453 3.7031
vt 1.4453 3.7031
vt 0.0000 3.4180
vt 1.4453 3.4180
vt 0.0000 3.4180
vt 0.0000 3.1328
vt 1.4453 3.4180
vt 1.4453 3.4180
vt 0.0000 3.1328
vt 1.4453 3.1328
vt 0.0000 3.1328
vt 0.0000 2.8477
vt 1.4453 3.1328
vt 1.4453 3.1328
vt 0.0000 2.8477
vt 1.4453 2.8477
vt 0.0000 2.8477
vt 0.0000 2.5625
vt 1.4453 2.8477
vt 1.4453 2.8477
vt 0.0000 2.5625
vt 1.4453 2.5625
vt 0.0000 2.5625
vt 0.0000 2.2734
vt 1.4453 2.5625
vt 1.4453 2.5625
vt 0.0000 2.2734
vt 1.4453 2.2734
vt 0.0000 2.2734
vt 0.0000 1.9883
vt 1.4453 2.2734
vt 1.4453 2.2734
vt 0.0000 1.9883
vt 1.4453 1.9883
vt 0.0000 1.9883
vt 0.0000 1.7031
vt 1.4453 1.9883
vt 1.4453 1.9883
vt 0.0000 1.7031
vt 1.4453 1.7031
vt 0.0000 1.7031
vt 0.0000 1.4180
vt 1.4453 1.7031
vt 1.4453 1.7031
vt 0.0000 1.4180
vt 1.4453 1.4180
vt 0.0000 1.4180
vt 0.0000 0.0039
vt 1.4453 1.4180
vt 1.4453 1.4180
vt 0.0000 0.0039
vt 1.4453 0.0039
vt 0.0000 0.0039
vt 1.0664 -0.4453
vt 1.4453 0.0039
vt 1.4453 0.0039
vt 1.0664 -0.4453
vt 1.0703 -0.7305
vt 1.0664 -0.4453
vt 0.9844 -0.4453
vt 1.0703 -0.7305
vt 1.0703 -0.7305
vt 0.9844 -0.4453
vt 0.9883 -0.7305
vt 0.9844 -0.4453
vt 0.9023 -0.4453
vt 0.9883 -0.7305
vt 0.9883 -0.7305
vt 0.9023 -0.4453
vt 0.9062 -0.7305
vt 0.9023 -0.4453
vt 0.8203 -0.4453
vt 0.9062 -0.7305
vt 0.9062 -0.7305
vt 0.8203 -0.4453
vt 0.8242 -0.7305
vt 0.8203 -0.4453
vt 0.7383 -0.4453
vt 0.8242 -0.7305
vt 0.8242 -0.7305
vt 0.7383 -0.4453
vt 0.7422 -0.7305
vt 0.7383 -0.4453
vt 0.6562 -0.4453
vt 0.7422 -0.7305
vt 0.7422 -0.7305
vt 0.6562 -0.4453
vt 0.6602 -0.7305
vt 0.6562 -0.4453
vt 0.5742 -0.4453
vt 0.6602 -0.7305
vt 0.6602 -0.7305
vt 0.5742 -0.4453
vt 0.5781 -0.7305
vt 0.5742 -0.4453
vt 0.4922 -0.4453
vt 0.5781 -0.7305
vt 0.5781 -0.7305
vt 0.4922 -0.4453
vt 0.4961 -0.7305
vt 0.4922 -0.4453
vt 0.4102 -0.4453
vt 0.4961 -0.7305
vt 0.4961 -0.7305
vt 0.4102 -0.4453
vt 0.4141 -0.7305
vt 0.4102 -0.4453
vt 0.2461 -0.4453
vt 0.4141 -0.7305
vt 0.4141 -0.7305
vt 0.2461 -0.4453
vt 0.2578 -0.7305
vt 0.2461 -0.4453
vt 0.2500 -0.4453
vt 0.2578 -0.7305
vt 0.2578 -0.7305
vt 0.2500 -0.4453
vt 0.2617 -0.7305
vt 0.2500 -0.4453
vt 0.0859 -0.0742
vt 0.2617 -0.7305
vt 0.2617 -0.7305
vt 0.0859 -0.0742
vt -2.9922 -0.0781
vt 0.0859 -0.0742
vt -2.9922 0.0078
vt -2.9922 -0.0781
vt -2.9922 -0.0781
vt -2.9922 0.0078
vt -2.7031 0.0039
vt -2.9922 0.0078
vt -2.7031 0.0898
vt -2.7031 0.0039
vt -2.7031 0.0039
vt -2.7031 0.0898
vt -2.4180 0.0859
vt -2.7031 0.0898
vt -2.4180 0.1719
vt -2.4180 0.0859
vt -2.4180 0.0859
vt -2.4180 0.1719
vt -2.1328 0.1680
vt -2.4180 0.1719
vt -2.1328 0.2539
vt -2.1328 0.1680
vt -2.1328 0.1680
vt -2.1328 0.2539
vt -1.8477 0.2500
vt -2.1328 0.2539
vt -1.8477 0.3359
vt -1.8477 0.2500
vt -1.8477 0.2500
vt -1.8477 0.3359
vt -1.5625 0.3320
vt -1.8477 0.3359
vt -1.5625 0.4180
vt -1.5625 0.3320
vt -1.5625 0.3320
vt -1.5625 0.4180
vt -1.2734 0.4141
vt -1.5625 0.4180
vt -1.2734 0.5000
vt -1.2734 0.4141
vt -1.2734 0.4141
vt -1.2734 0.5000
vt -0.9883 0.4961
vt -1.2734 0.5000
vt -0.9883 0.5820
vt -0.9883 0.4961
vt -0.9883 0.4961
vt -0.9883 0.5820
vt -0.7031 0.5781
vt -0.9883 0.5820
vt -0.7031 0.7344
vt -0.7031 0.5781
vt -0.7031 0.5781
vt -0.7031 0.7344
vt -0.4180 0.7266
vt -0.7031 0.7344
vt -0.4180 0.7305
vt -0.4180 0.7266
vt -0.4180 0.7266
vt -0.4180 0.7305
vt 0.9961 0.7227
vt -0.4180 0.7305
vt 0.9961 0.9141
vt 0.9961 0.7227
vt 0.9961 0.7227
vt 0.9961 0.9141
vt 2.3008 3.9922
vt 0.9961 0.9141
vt 2.5859 3.9922
vt 2.3008 3.9922
vt 2.3008 3.9922
vt 2.5859 3.9922
vt 2.3008 3.7031
vt 2.5859 3.9922
vt 2.5859 3.7031
vt 2.3008 3.7031
vt 2.3008 3.7031
vt 2.5859 3.7031
vt 2.3008 3.4180
vt 2.5859 3.7031
vt 2.5859 3.4180
vt 2.3008 3.4180
vt 2.3008 3.4180
vt 2.5859 3.4180
vt 2.3008 3.1328
vt 2.5859 3.4180
vt 2.5859 3.1328
vt 2.3008 3.1328
vt 2.3008 3.1328
vt 2.5859 3.1328
vt 2.3008 2.8477
vt 2.5859 3.1328
vt 2.5859 2.8477
vt 2.3008 2.8477
vt 2.3008 2.8477
vt 2.5859 2.8477
vt 2.3008 2.5625
vt 2.5859 2.8477
vt 2.5859 2.5625
vt 2.3008 2.5625
vt 2.3008 2.5625
vt 2.5859 2.5625
vt 2.3008 2.2734
vt 2.5859 2.5625
vt 2.5859 2.2734
vt 2.3008 2.2734
vt 2.3008 2.2734
vt 2.5859 2.2734
vt 2.3008 1.9883
vt 2.5859 2.2734
vt 2.5859 1.9883
vt 2.3008 1.9883
vt 2.3008 1.9883
vt 2.5859 1.9883
vt 2.3008 1.7031
vt 2.5859 1.9883
vt 2.5859 1.7031
vt 2.3008 1.7031
vt 2.3008 1.7031
vt 2.5859 1.7031
vt 2.3008 1.4180
vt 2.5859 1.7031
vt 2.5859 1.4180
vt 2.3008 1.4180
vt 2.3008 1.4180
vt 2.5859 1.4180
vt 2.3008 0.0039
vt 2.5859 1.4180
vt 2.5859 0.0039
vt 2.3008 0.0039
vt 2.3008 0.0039
vt 2.5859 0.0039
vt 1.0859 -1.8711
vt 2.5859 0.0039
vt 1.0898 -2.1562
vt 1.0859 -1.8711
vt 1.0859 -1.8711
vt 1.0898 -2.1562
vt 1.0039 -1.8711
vt 1.0898 -2.1562
vt 1.0078 -2.1562
vt 1.0039 -1.8711
vt 1.0039 -1.8711
vt 1.0078 -2.1562
vt 0.9219 -1.8711
vt 1.0078 -2.1562
vt 0.9258 -2.1562
vt 0.9219 -1.8711
vt 0.9219 -1.8711
vt 0.9258 -2.1562
vt 0.8398 -1.8711
vt 0.9258 -2.1562
vt 0.8438 -2.1562
vt 0.8398 -1.8711
vt 0.8398 -1.8711
vt 0.8438 -2.1562
vt 0.7578 -1.8711
vt 0.8438 -2.1562
vt 0.7617 -2.1562
vt 0.7578 -1.8711
vt 0.7578 -1.8711
vt 0.7617 -2.1562
vt 0.6758 -1.8711
vt 0.7617 -2.1562
vt 0.6797 -2.1562
vt 0.6758 -1.8711
vt 0.6758 -1.8711
vt 0.6797 -2.1562
vt 0.5938 -1.8711
vt 0.6797 -2.1562
vt 0.5977 -2.1562
vt 0.5938 -1.8711
vt 0.5938 -1.8711
vt 0.5977 -2.1562
vt 0.5117 -1.8711
vt 0.5977 -2.1562
vt 0.5156 -2.1562
vt 0.5117 -1.8711
vt 0.5117 -1.8711
vt 0.5156 -2.1562
vt 0.4297 -1.8711
vt 0.5156 -2.1562
vt 0.4336 -2.1562
vt 0.4297 -1.8711
vt 0.4297 -1.8711
vt 0.4336 -2.1562
vt 0.2891 -1.8711
vt 0.4336 -2.1562
vt 0.2969 -2.1562
vt 0.2891 -1.8711
vt 0.2891 -1.8711
vt 0.2969 -2.1562
vt 0.2930 -1.8711
vt 0.2969 -2.1562
vt 0.3008 -2.1562
vt 0.2930 -1.8711
vt 0.2930 -1.8711
vt 0.3008 -2.1562
vt 0.0859 -0.0898
vt 0.3008 -2.1562
vt -2.9922 -0.0938
vt 0.0859 -0.0898
vt 0.0859 -0.0898
vt -2.9922 -0.0938
vt -2.9922 -0.0078
vt -2.9922 -0.0938
vt -2.7031 -0.0117
vt -2.9922 -0.0078
vt -2.9922 -0.0078
vt -2.7031 -0.0117
vt -2.7031 0.0742
vt -2.7031 -0.0117
vt -2.4180 0.0703
vt -2.7031 0.0742
vt -2.7031 0.0742
vt -2.4180 0.0703
vt -2.4180 0.1562
vt -2.4180 0.0703
vt -2.1328 0.1523
vt -2.4180 0.1562
vt -2.4180 0.1562
vt -2.1328 0.1523
vt -2.1328 0.2383
vt -2.1328 0.1523
vt -1.8477 0.2344
vt -2.1328 0.2383
vt -2.1328 0.2383
vt -1.8477 0.2344
vt -1.8477 0.3203
vt -1.8477 0.2344
vt -1.5625 0.3164
vt -1.8477 0.3203
vt -1.8477 0.3203
vt -1.5625 0.3164
vt -1.5625 0.4023
vt -1.5625 0.3164
vt -1.2734 0.3984
vt -1.5625 0.4023
vt -1.5625 0.4023
vt -1.2734 0.3984
vt -1.2734 0.4844
vt -1.2734 0.3984
vt -0.9883 0.4805
vt -1.2734 0.4844
vt -1.2734 0.4844
vt -0.9883 0.4805
vt -0.9883 0.5664
vt -0.9883 0.4805
vt -0.7031 0.5625
vt -0.9883 0.5664
vt -0.9883 0.5664
vt -0.7031 0.5625
vt -0.7031 0.7031
vt -0.7031 0.5625
vt -0.4180 0.6953
vt -0.7031 0.7031
vt -0.7031 0.7031
vt -0.4180 0.6953
vt -0.4180 0.6992
vt -0.4180 0.6953
vt 0.9961 0.6914
vt -0.4180 0.6992
vt -0.4180 0.6992
vt 0.9961 0.6914
vt 0.9961 1.0938
vt 0.9961 0.6914
vt 6.5742 3.7031
vt 0.9961 1.0938
vt 0.9961 1.0938
vt 6.5742 3.7031
vt 6.5742 3.9922
vt 6.5742 3.7031
vt 6.2891 3.7031
vt 6.5742 3.9922
vt 6.5742 3.9922
vt 6.2891 3.7031
vt 6.2891 3.9922
vt 6.2891 3.7031
vt 6.0039 3.7031
vt 6.2891 3.9922
vt 6.2891 3.9922
vt 6.0039 3.7031
vt 6.0039 3.9922
vt 6.0039 3.7031
vt 5.7188 3.7031
vt 6.0039 3.9922
vt 6.0039 3.9922
vt 5.7188 3.7031
vt 5.7188 3.9922
vt 5.7188 3.7031
vt 5.4336 3.7031
vt 5.7188 3.9922
vt 5.7188 3.9922
vt 5.4336 3.7031
vt 5.4336 3.9922
vt 5.4336 3.7031
vt 5.1484 3.7031
vt 5.4336 3.9922
vt 5.4336 3.9922
vt 5.1484 3.7031
vt 5.1484 3.9922
vt 5.1484 3.7031
vt 4.8633 3.7031
vt 5.1484 3.9922
vt 5.1484 3.9922
vt 4.8633 3.7031
vt 4.8633 3.9922
vt 4.8633 3.7031
vt 4.5781 3.7031
vt 4.8633 3.9922
vt 4.8633 3.9922
vt 4.5781 3.7031
vt 4.5781 3.9922
vt 4.5781 3.7031
vt 4.2930 3.7031
vt 4.5781 3.9922
vt 4.5781 3.9922
vt 4.2930 3.7031
vt 4.2930 3.9922
vt 4.2930 3.7031
vt 4.0078 3.7031
vt 4.2930 3.9922
vt 4.2930 3.9922
vt 4.0078 3.7031
vt 4.0078 3.9922
vt 4.0078 3.7031
vt 3.7227 3.7031
vt 4.0078 3.9922
vt 4.0078 3.9922
vt 3.7227 3.7031
vt 3.7227 3.9922
vt 3.7227 3.7031
vt 3.4375 3.7031
vt 3.7227 3.9922
vt 3.7227 3.9922
vt 3.4375 3.7031
vt 3.4375 3.9922
vt 3.4375 3.7031
vt 1.1445 1.0000
vt 3.4375 3.9922
vt 3.4375 3.9922
vt 1.1445 1.0000
vt 1.0625 1.0000
vt 1.1445 1.0000
vt 1.1484 -0.4453
vt 1.0625 1.0000
vt 1.0625 1.0000
vt 1.1484 -0.4453
vt 1.0664 -0.4453
vt 1.1484 -0.4453
vt 1.1523 -0.7305
vt 1.0664 -0.4453
vt 1.0664 -0.4453
vt 1.1523 -0.7305
vt 1.0703 -0.7305
vt 1.1523 -0.7305
vt 1.1562 -1.0156
vt 1.0703 -0.7305
vt 1.0703 -0.7305
vt 1.1562 -1.0156
vt 1.0742 -1.0156
vt 1.1562 -1.0156
vt 1.1602 -1.3008
vt 1.0742 -1.0156
vt 1.0742 -1.0156
vt 1.1602 -1.3008
vt 1.0781 -1.3008
vt 1.1602 -1.3008
vt 1.1641 -1.5859
vt 1.0781 -1.3008
vt 1.0781 -1.3008
vt 1.1641 -1.5859
vt 1.0820 -1.5859
vt 1.1641 -1.5859
vt 1.1680 -1.8711
vt 1.0820 -1.5859
vt 1.0820 -1.5859
vt 1.1680 -1.8711
vt 1.0859 -1.8711
vt 1.1680 -1.8711
vt 1.1719 -2.1562
vt 1.0859 -1.8711
vt 1.0859 -1.8711
vt 1.1719 -2.1562
vt 1.0898 -2.1562
vt 1.1719 -2.1562
vt 1.1758 -2.4375
vt 1.0898 -2.1562
vt 1.0898 -2.1562
vt 1.1758 -2.4375
vt 1.0938 -2.4375
vt 1.1758 -2.4375
vt 1.1797 -2.7227
vt 1.0938 -2.4375
vt 1.0938 -2.4375
vt 1.1797 -2.7227
vt 1.0977 -2.7227
vt 1.1797 -2.7227
vt 1.1836 -3.0078
vt 1.0977 -2.7227
vt 1.0977 -2.7227
vt 1.1836 -3.0078
vt 1.1016 -3.0078
vt 1.1836 -3.0078
vt 1.1875 -3.2930
vt 1.1016 -3.0078
vt 1.1016 -3.0078
vt 1.1875 -3.2930
vt 1.1055 -3.2930
vt 1.1875 -3.2930
vt 1.1914 -3.5781
vt 1.1055 -3.2930
vt 1.1055 -3.2930
vt 1.1914 -3.5781
vt 1.1094 -3.5781
vt 1.1914 -3.5781
vt 1.1953 -3.8633
vt 1.1094 -3.5781
vt 1.1094 -3.5781
vt 1.1953 -3.8633
vt 1.1133 -3.8633
vt 1.1953 -3.8633
vt 1.1992 -4.1484
vt 1.1133 -3.8633
vt 1.1133 -3.8633
vt 1.1992 -4.1484
vt 1.1172 -4.1484
vt 1.1992 -4.1484
vt 1.2031 -4.4336
vt 1.1172 -4.1484
vt 1.1172 -4.1484
vt 1.2031 -4.4336
vt 1.1211 -4.4336
vt 1.2031 -4.4336
vt 1.2070 -4.7188
vt 1.1211 -4.4336
vt 1.1211 -4.4336
vt 1.2070 -4.7188
vt 1.1250 -4.7188
vt 1.2070 -4.7188
vt 1.2109 -5.0039
vt 1.1250 -4.7188
vt 1.1250 -4.7188
vt 1.2109 -5.0039
vt 1.1289 -5.0039
vt 1.2109 -5.0039
vt 1.2148 -5.2891
vt 1.1289 -5.0039
vt 1.1289 -5.0039
vt 1.2148 -5.2891
vt 1.1328 -5.2891
vt 1.2148 -5.2891
vt 1.2188 -5.5742
vt 1.1328 -5.2891
vt 1.1328 -5.2891
vt 1.2188 -5.5742
vt 1.1367 -5.5742
vt 1.2188 -5.5742
vt -0.1562 -0.2266
vt 1.1367 -5.5742
vt 1.1367 -5.5742
vt -0.1562 -0.2266
vt -3.5625 -0.1445
vt -0.1562 -0.2266
vt -3.2773 -0.2305
vt -3.5625 -0.1445
vt -3.5625 -0.1445
vt -3.2773 -0.2305
vt -3.5625 -0.1484
vt -3.2773 -0.2305
vt -3.2773 -0.2344
vt -3.5625 -0.1484
vt -3.5625 -0.1484
vt -3.2773 -0.2344
vt -3.5625 -0.1523
vt -3.2773 -0.2344
vt -3.2773 -0.2383
vt -3.5625 -0.1523
vt -3.5625 -0.1523
vt -3.2773 -0.2383
vt -3.5625 -0.1562
vt -3.2773 -0.2383
vt -3.2773 -0.2422
vt -3.5625 -0.1562
vt -3.5625 -0.1562
vt -3.2773 -0.2422
vt -3.5625 -0.1602
vt -3.2773 -0.2422
vt -3.2773 -0.2461
vt -3.5625 -0.1602
vt -3.5625 -0.1602
vt -3.2773 -0.2461
vt -3.5625 -0.1641
vt -3.2773 -0.2461
vt -3.2773 -0.2500
vt -3.5625 -0.1641
vt -3.5625 -0.1641
vt -3.2773 -0.2500
vt -3.5625 -0.1680
vt -3.2773 -0.2500
vt -3.2773 -0.2539
vt -3.5625 -0.1680
vt -3.5625 -0.1680
vt -3.2773 -0.2539
vt -3.5625 -0.1719
vt -3.2773 -0.2539
vt -3.2773 -0.2578
vt -3.5625 -0.1719
vt -3.5625 -0.1719
vt -3.2773 -0.2578
vt -3.5625 -0.1758
vt -3.2773 -0.2578
vt -3.2773 -0.2617
vt -3.5625 -0.1758
vt -3.5625 -0.1758
vt -3.2773 -0.2617
vt -3.5625 -0.1797
vt -3.2773 -0.2617
vt -3.2773 -0.2656
vt -3.5625 -0.1797
vt -3.5625 -0.1797
vt -3.2773 -0.2656
vt -3.5625 -0.1836
vt -3.2773 -0.2656
vt -3.2773 -0.2695
vt -3.5625 -0.1836
vt -3.5625 -0.1836
vt -3.2773 -0.2695
vt -3.5625 -0.1875
vt -3.2773 -0.2695
vt -3.2773 -0.2734
vt -3.5625 -0.1875
vt -3.5625 -0.1875
vt -3.2773 -0.2734
vt -3.5625 -0.1914
vt -3.2773 -0.2734
vt -3.2773 -0.2773
vt -3.5625 -0.1914
vt -3.5625 -0.1914
vt -3.2773 -0.2773
vt -3.5625 -0.1953
vt -3.2773 -0.2773
vt -3.2773 -0.2812
vt -3.5625 -0.1953
vt -3.5625 -0.1953
vt -3.2773 -0.2812
vt -3.5625 -0.1992
vt -3.2773 -0.2812
vt -3.2773 -0.2852
vt -3.5625 -0.1992
vt -3.5625 -0.1992
vt -3.2773 -0.2852
vt -3.5625 -0.2031
vt -3.2773 -0.2852
vt -3.2773 -0.2891
vt -3.5625 -0.2031
vt -3.5625 -0.2031
vt -3.2773 -0.2891
vt -3.5625 -0.2070
vt -3.2773 -0.2891
vt -3.2773 -0.2930
vt -3.5625 -0.2070
vt -3.5625 -0.2070
vt -3.2773 -0.2930
vt -3.5625 -0.2109
vt -3.2773 -0.2930
vt -3.2773 -0.2969
vt -3.5625 -0.2109
vt -3.5625 -0.2109
vt -3.2773 -0.2969
vt -3.5625 -0.2148
vt -3.2773 -0.2969
vt -3.2773 -0.3008
vt -3.5625 -0.2148
vt -3.5625 -0.2148
vt -3.2773 -0.3008
vt -3.5625 -0.2188
vt -3.2773 -0.3008
vt -3.2773 1.1562
vt -3.5625 -0.2188
vt -3.5625 -0.2188
vt -3.2773 1.1562
vt 0.0000 4.8477
vt -3.2773 1.1562
vt 0.0000 4.5625
vt 0.0000 4.8477
vt 0.0000 4.8477
vt 0.0000 4.5625
vt 1.4453 4.8477
vt 0.0000 4.5625
vt 1.4453 4.5625
vt 1.4453 4.8477
vt 1.4453 4.8477
vt 1.4453 4.5625
vt 1.7305 4.8477
vt 1.4453 4.5625
vt 1.7305 4.5625
vt 1.7305 4.8477
vt 1.7305 4.8477
vt 1.7305 4.5625
vt 2.0156 4.8477
vt 1.7305 4.5625
vt 2.0156 4.5625
vt 2.0156 4.8477
vt 2.0156 4.8477
vt 2.0156 4.5625
vt 2.3008 4.8477
vt 2.0156 4.5625
vt 2.3008 4.5625
vt 2.3008 4.8477
vt 2.3008 4.8477
vt 2.3008 4.5625
vt 2.5859 4.8477
vt 2.3008 4.5625
vt 2.5859 4.5625
vt 2.5859 4.8477
vt 2.5859 4.8477
vt 2.5859 4.5625
vt 2.8711 4.8477
vt 2.5859 4.5625
vt 2.8711 4.5625
vt 2.8711 4.8477
vt 2.8711 4.8477
vt 2.8711 4.5625
vt 3.1562 4.8477
vt 2.8711 4.5625
vt 3.1562 4.5625
vt 3.1562 4.8477
vt 3.1562 4.8477
vt 3.1562 4.5625
vt 3.4375 4.8477
vt 3.1562 4.5625
vt 3.4375 4.5625
vt 3.4375 4.8477
vt 3.4375 4.8477
vt 3.4375 4.5625
vt 3.7227 4.8477
vt 3.4375 4.5625
vt 3.7227 4.5625
vt 3.7227 4.8477
vt 3.7227 4.8477
vt 3.7227 4.5625
vt 4.0078 4.8477
vt 3.7227 4.5625
vt 4.0078 4.5625
vt 4.0078 4.8477
vt 4.0078 4.8477
vt 4.0078 4.5625
vt 4.2930 4.8477
vt 4.0078 4.5625
vt 4.2930 4.5625
vt 4.2930 4.8477
vt 4.2930 4.8477
vt 4.2930 4.5625
vt 4.5781 4.8477
vt 4.2930 4.5625
vt 4.5781 4.5625
vt 4.5781 4.8477
vt 4.5781 4.8477
vt 4.5781 4.5625
vt 4.8633 4.8477
vt 4.5781 4.5625
vt 4.8633 4.5625
vt 4.8633 4.8477
vt 4.8633 4.8477
vt 4.8633 4.5625
vt 5.1484 4.8477
vt 4.8633 4.5625
vt 5.1484 4.5625
vt 5.1484 4.8477
vt 5.1484 4.8477
vt 5.1484 4.5625
vt 5.4336 4.8477
vt 5.1484 4.5625
vt 5.4336 4.5625
vt 5.4336 4.8477
vt 5.4336 4.8477
vt 5.4336 4.5625
vt 5.7188 4.8477
vt 5.4336 4.5625
vt 5.7188 4.5625
vt 5.7188 4.8477
vt 5.7188 4.8477
vt 5.7188 4.5625
vt 6.0039 4.8477
vt 5.7188 4.5625
vt 6.0039 4.5625
vt 6.0039 4.8477
vt 6.0039 4.8477
vt 6.0039 4.5625
vt 6.2891 4.8477
vt 6.0039 4.5625
vt 6.2891 4.5625
vt 6.2891 4.8477
vt 6.2891 4.8477
vt 6.2891 4.5625
vt 6.5742 4.8477
vt 6.2891 4.5625
vt 6.5742 4.5625
vt 6.5742 4.8477
vt 6.5742 4.8477
vt 6.5742 4.5625
vt 1.3828 -5.5742
vt 6.5742 4.5625
vt 1.4648 -5.5742
vt 1.3828 -5.5742
vt 1.3828 -5.5742
vt 1.4648 -5.5742
vt 1.3789 -5.2891
vt 1.4648 -5.5742
vt 1.4609 -5.2891
vt 1.3789 -5.2891
vt 1.3789 -5.2891
vt 1.4609 -5.2891
vt 1.3750 -5.0039
vt 1.4609 -5.2891
vt 1.4570 -5.0039
vt 1.3750 -5.0039
vt 1.3750 -5.0039
vt 1.4570 -5.0039
vt 1.3711 -4.7188
vt 1.4570 -5.0039
vt 1.4531 -4.7188
vt 1.3711 -4.7188
vt 1.3711 -4.7188
vt 1.4531 -4.7188
vt 1.3672 -4.4336
vt 1.4531 -4.7188
vt 1.4492 -4.4336
vt 1.3672 -4.4336
vt 1.3672 -4.4336
vt 1.4492 -4.4336
vt 1.3633 -4.1484
vt 1.4492 -4.4336
vt 1.4453 -4.1484
vt 1.3633 -4.1484
vt 1.3633 -4.1484
vt 1.4453 -4.1484
vt 1.3594 -3.8633
vt 1.4453 -4.1484
vt 1.4414 -3.8633
vt 1.3594 -3.8633
vt 1.3594 -3.8633
vt 1.4414 -3.8633
vt 1.3555 -3.5781
vt 1.4414 -3.8633
vt 1.4375 -3.5781
vt 1.3555 -3.5781
vt 1.3555 -3.5781
vt 1.4375 -3.5781
vt 1.3516 -3.2930
vt 1.4375 -3.5781
vt 1.4336 -3.2930
vt 1.3516 -3.2930
vt 1.3516 -3.2930
vt 1.4336 -3.2930
vt 1.3477 -3.0078
vt 1.4336 -3.2930
vt 1.4297 -3.0078
vt 1.3477 -3.0078
vt 1.3477 -3.0078
vt 1.4297 -3.0078
vt 1.3438 -2.7227
vt 1.4297 -3.0078
vt 1.4258 -2.7227
vt 1.3438 -2.7227
vt 1.3438 -2.7227
vt 1.4258 -2.7227
vt 1.3398 -2.4375
vt 1.4258 -2.7227
vt 1.4219 -2.4375
vt 1.3398 -2.4375
vt 1.3398 -2.4375
vt 1.4219 -2.4375
vt 1.3359 -2.1562
vt 1.4219 -2.4375
vt 1.4180 -2.1562
vt 1.3359 -2.1562
vt 1.3359 -2.1562
vt 1.4180 -2.1562
vt 1.3320 -1.8711
vt 1.4180 -2.1562
vt 1.4141 -1.8711
vt 1.3320 -1.8711
vt 1.3320 -1.8711
vt 1.4141 -1.8711
vt 1.3281 -1.5859
vt 1.4141 -1.8711
vt 1.4102 -1.5859
vt 1.3281 -1.5859
vt 1.3281 -1.5859
vt 1.4102 -1.5859
vt 1.3242 -1.3008
vt 1.4102 -1.5859
vt 1.4062 -1.3008
vt 1.3242 -1.3008
vt 1.3242 -1.3008
vt 1.4062 -1.3008
vt 1.3203 -1.0156
vt 1.4062 -1.3008
vt 1.4023 -1.0156
vt 1.3203 -1.0156
vt 1.3203 -1.0156
vt 1.4023 -1.0156
vt 1.3164 -0.7305
vt 1.4023 -1.0156
vt 1.3984 -0.7305
vt 1.3164 -0.7305
vt 1.3164 -0.7305
vt 1.3984 -0.7305
vt 1.3125 -0.4453
vt 1.3984 -0.7305
vt 1.3945 -0.4453
vt 1.3125 -0.4453
vt 1.3125 -0.4453
vt 1.3945 -0.4453
vt 1.3086 1.0000
vt 1.3945 -0.4453
vt 1.3906 1.0000
vt 1.3086 1.0000
vt 1.3086 1.0000
vt 1.3906 1.0000
vt -0.1562 -0.4648
vt 1.3906 1.0000
vt -4.1328 -0.5469
vt -0.1562 -0.4648
vt -0.1562 -0.4648
vt -4.1328 -0.5469
vt -4.4180 -0.4609
vt -4.1328 -0.5469
vt -4.1328 -0.5430
vt -4.4180 -0.4609
vt -4.4180 -0.4609
vt -4.1328 -0.5430
vt -4.4180 -0.4570
vt -4.1328 -0.5430
vt -4.1328 -0.5391
vt -4.4180 -0.4570
vt -4.4180 -0.4570
vt -4.1328 -0.5391
vt -4.4180 -0.4531
vt -4.1328 -0.5391
vt -4.1328 -0.5352
vt -4.4180 -0.4531
vt -4.4180 -0.4531
vt -4.1328 -0.5352
vt -4.4180 -0.4492
vt -4.1328 -0.5352
vt -4.1328 -0.5312
vt -4.4180 -0.4492
vt -4.4180 -0.4492
vt -4.1328 -0.5312
vt -4.4180 -0.4453
vt -4.1328 -0.5312
vt -4.1328 -0.5273
vt -4.4180 -0.4453
vt -4.4180 -0.4453
vt -4.1328 -0.5273
vt -4.4180 -0.4414
vt -4.1328 -0.5273
vt -4.1328 -0.5234
vt -4.4180 -0.4414
vt -4.4180 -0.4414
vt -4.1328 -0.5234
vt -4.4180 -0.4375
vt -4.1328 -0.5234
vt -4.1328 -0.5195
vt -4.4180 -0.4375
vt -4.4180 -0.4375
vt -4.1328 -0.5195
vt -4.4180 -0.4336
vt -4.1328 -0.5195
vt -4.1328 -0.5156
vt -4.4180 -0.4336
vt -4.4180 -0.4336
vt -4.1328 -0.5156
vt -4.4180 -0.4297
vt -4.1328 -0.5156
vt -4.1328 -0.5117
vt -4.4180 -0.4297
vt -4.4180 -0.4297
vt -4.1328 -0.5117
vt -4.4180 -0.4258
vt -4.1328 -0.5117
vt -4.1328 -0.5078
vt -4.4180 -0.4258
vt -4.4180 -0.4258
vt -4.1328 -0.5078
vt -4.4180 -0.4219
vt -4.1328 -0.5078
vt -4.1328 -0.5039
vt -4.4180 -0.4219
vt -4.4180 -0.4219
vt -4.1328 -0.5039
vt -4.4180 -0.4180
vt -4.1328 -0.5039
vt -4.1328 -0.5000
vt -4.4180 -0.4180
vt -4.4180 -0.4180
vt -4.1328 -0.5000
vt -4.4180 -0.4141
vt -4.1328 -0.5000
vt -4.1328 -0.4961
vt -4.4180 -0.4141
vt -4.4180 -0.4141
vt -4.1328 -0.4961
vt -4.4180 -0.4102
vt -4.1328 -0.4961
vt -4.1328 -0.4922
vt -4.4180 -0.4102
vt -4.4180 -0.4102
vt -4.1328 -0.4922
vt -4.4180 -0.4062
vt -4.1328 -0.4922
vt -4.1328 -0.4883
vt -4.4180 -0.4062
vt -4.4180 -0.4062
vt -4.1328 -0.4883
vt -4.4180 -0.4023
vt -4.1328 -0.4883
vt -4.1328 -0.4844
vt -4.4180 -0.4023
vt -4.4180 -0.4023
vt -4.1328 -0.4844
vt -4.4180 -0.3984
vt -4.1328 -0.4844
vt -4.1328 -0.4805
vt -4.4180 -0.3984
vt -4.4180 -0.3984
vt -4.1328 -0.4805
vt -4.4180 -0.3945
vt -4.1328 -0.4805
vt -4.1328 -0.4766
vt -4.4180 -0.3945
vt -4.4180 -0.3945
vt -4.1328 -0.4766
vt -4.4180 -0.3906
vt -4.1328 -0.4766
vt -4.1328 -0.4727
vt -4.4180 -0.3906
vt -4.4180 -0.3906
vt -4.1328 -0.4727
vt -4.4180 1.1562
vt -4.1328 -0.4727
vt 6.5742 5.4180
vt -4.4180 1.1562
vt -4.4180 1.1562
vt 6.5742 5.4180
vt 6.5742 5.7070
vt 6.5742 5.4180
vt 6.2891 5.4180
vt 6.5742 5.7070
vt 6.5742 5.7070
vt 6.2891 5.4180
vt 6.2891 5.7070
vt 6.2891 5.4180
vt 6.0039 5.4180
vt 6.2891 5.7070
vt 6.2891 5.7070
vt 6.0039 5.4180
vt 6.0039 5.7070
vt 6.0039 5.4180
vt 5.7188 5.4180
vt 6.0039 5.7070
vt 6.0039 5.7070
vt 5.7188 5.4180
vt 5.7188 5.7070
vt 5.7188 5.4180
vt 5.4336 5.4180
vt 5.7188 5.7070
vt 5.7188 5.7070
vt 5.4336 5.4180
vt 5.4336 5.7070
vt 5.4336 5.4180
vt 5.1484 5.4180
vt 5.4336 5.7070
vt 5.4336 5.7070
vt 5.1484 5.4180
vt 5.1484 5.7070
vt 5.1484 5.4180
vt 4.8633 5.4180
vt 5.1484 5.7070
vt 5.1484 5.7070
vt 4.8633 5.4180
vt 4.8633 5.7070
vt 4.8633 5.4180
vt 4.5781 5.4180
vt 4.8633 5.7070
vt 4.8633 5.7070
vt 4.5781 5.4180
vt 4.5781 5.7070
vt 4.5781 5.4180
vt 4.2930 5.4180
vt 4.5781 5.7070
vt 4.5781 5.7070
vt 4.2930 5.4180
vt 4.2930 5.7070
vt 4.2930 5.4180
vt 4.0078 5.4180
vt 4.2930 5.7070
vt 4.2930 5.7070
vt 4.0078 5.4180
vt 4.0078 5.7070
vt 4.0078 5.4180
vt 3.7227 5.4180
vt 4.0078 5.7070
vt 4.0078 5.7070
vt 3.7227 5.4180
vt 3.7227 5.7070
vt 3.7227 5.4180
vt 3.4375 5.4180
vt 3.7227 5.7070
vt 3.7227 5.7070
vt 3.4375 5.4180
vt 3.4375 5.7070
vt 3.4375 5.4180
vt 3.1562 5.4180
vt 3.4375 5.7070
vt 3.4375 5.7070
vt 3.1562 5.4180
vt 3.1562 5.7070
vt 3.1562 5.4180
vt 2.8711 5.4180
vt 3.1562 5.7070
vt 3.1562 5.7070
vt 2.8711 5.4180
vt 2.8711 5.7070
vt 2.8711 5.4180
vt 2.5859 5.4180
vt 2.8711 5.7070
vt 2.8711 5.7070
vt 2.5859 5.4180
vt 2.5859 5.7070
vt 2.5859 5.4180
vt 2.3008 5.4180
vt 2.5859 5.7070
vt 2.5859 5.7070
vt 2.3008 5.4180
vt 2.3008 5.7070
vt 2.3008 5.4180
vt 2.0156 5.4180
vt 2.3008 5.7070
vt 2.3008 5.7070
vt 2.0156 5.4180
vt 2.0156 5.7070
vt 2.0156 5.4180
vt 1.7305 5.4180
vt 2.0156 5.7070
vt 2.0156 5.7070
vt 1.7305 5.4180
vt 1.7305 5.7070
vt 1.7305 5.4180
vt 1.4453 5.4180
vt 1.7305 5.7070
vt 1.7305 5.7070
vt 1.4453 5.4180
vt 1.4453 5.7070
vt 1.4453 5.4180
vt 0.0000 5.4180
vt 1.4453 5.7070
vt 1.4453 5.7070
vt 0.0000 5.4180
vt 0.0000 5.7070
vt 0.0000 5.4180
vt 1.6367 1.0000
vt 0.0000 5.7070
vt 0.0000 5.7070
vt 1.6367 1.0000
vt 1.5547 1.0000
vt 1.6367 1.0000
vt 1.6406 -0.4453
vt 1.5547 1.0000
vt 1.5547 1.0000
vt 1.6406 -0.4453
vt 1.5586 -0.4453
vt 1.6406 -0.4453
vt 1.6445 -0.7305
vt 1.5586 -0.4453
vt 1.5586 -0.4453
vt 1.6445 -0.7305
vt 1.5625 -0.7305
vt 1.6445 -0.7305
vt 1.6484 -1.0156
vt 1.5625 -0.7305
vt 1.5625 -0.7305
vt 1.6484 -1.0156
vt 1.5664 -1.0156
vt 1.6484 -1.0156
vt 1.6523 -1.3008
vt 1.5664 -1.0156
vt 1.5664 -1.0156
vt 1.6523 -1.3008
vt 1.5703 -1.3008
vt 1.6523 -1.3008
vt 1.6562 -1.5859
vt 1.5703 -1.3008
vt 1.5703 -1.3008
vt 1.6562 -1.5859
vt 1.5742 -1.5859
vt 1.6562 -1.5859
vt 1.6602 -1.8711
vt 1.5742 -1.5859
vt 1.5742 -1.5859
vt 1.6602 -1.8711
vt 1.5781 -1.8711
vt 1.6602 -1.8711
vt 1.6641 -2.1562
vt 1.5781 -1.8711
vt 1.5781 -1.8711
vt 1.6641 -2.1562
vt 1.5820 -2.1562
vt 1.6641 -2.1562
vt 1.6680 -2.4375
vt 1.5820 -2.1562
vt 1.5820 -2.1562
vt 1.6680 -2.4375
vt 1.5859 -2.4375
vt 1.6680 -2.4375
vt 1.6719 -2.7227
vt 1.5859 -2.4375
vt 1.5859 -2.4375
vt 1.6719 -2.7227
vt 1.5898 -2.7227
vt 1.6719 -2.7227
vt 1.6758 -3.0078
vt 1.5898 -2.7227
vt 1.5898 -2.7227
vt 1.6758 -3.0078
vt 1.5938 -3.0078
vt 1.6758 -3.0078
vt 1.6797 -3.2930
vt 1.5938 -3.0078
vt 1.5938 -3.0078
vt 1.6797 -3.2930
vt 1.5977 -3.2930
vt 1.6797 -3.2930
vt 1.6836 -3.5781
vt 1.5977 -3.2930
vt 1.5977 -3.2930
vt 1.6836 -3.5781
vt 1.6016 -3.5781
vt 1.6836 -3.5781
vt 1.6875 -3.8633
vt 1.6016 -3.5781
vt 1.6016 -3.5781
vt 1.6875 -3.8633
vt 1.6055 -3.8633
vt 1.6875 -3.8633
vt 1.6914 -4.1484
vt 1.6055 -3.8633
vt 1.6055 -3.8633
vt 1.6914 -4.1484
vt 1.6094 -4.1484
vt 1.6914 -4.1484
vt 1.6953 -4.4336
vt 1.6094 -4.1484
vt 1.6094 -4.1484
vt 1.6953 -4.4336
vt 1.6133 -4.4336
vt 1.6953 -4.4336
vt 1.6992 -4.7188
vt 1.6133 -4.4336
vt 1.6133 -4.4336
vt 1.6992 -4.7188
vt 1.6172 -4.7188
vt 1.6992 -4.7188
vt 1.7031 -5.0039
vt 1.6172 -4.7188
vt 1.6172 -4.7188
vt 1.7031 -5.0039
vt 1.6211 -5.0039
vt 1.7031 -5.0039
vt 1.7070 -5.2891
vt 1.6211 -5.0039
vt 1.6211 -5.0039
vt 1.7070 -5.2891
vt 1.6250 -5.2891
vt 1.7070 -5.2891
vt 1.7109 -5.5742
vt 1.6250 -5.2891
vt 1.6250 -5.2891
vt 1.7109 -5.5742
vt 1.6289 -5.5742
vt 1.7109 -5.5742
vt -0.1562 -0.7188
vt 1.6289 -5.5742
vt 1.6289 -5.5742
vt -0.1562 -0.7188
vt -5.2773 -0.6367
vt -0.1562 -0.7188
vt -4.9922 -0.7227
vt -5.2773 -0.6367
vt -5.2773 -0.6367
vt -4.9922 -0.7227
vt -5.2773 -0.6406
vt -4.9922 -0.7227
vt -4.9922 -0.7266
vt -5.2773 -0.6406
vt -5.2773 -0.6406
vt -4.9922 -0.7266
vt -5.2773 -0.6445
vt -4.9922 -0.7266
vt -4.9922 -0.7305
vt -5.2773 -0.6445
vt -5.2773 -0.6445
vt -4.9922 -0.7305
vt -5.2773 -0.6484
vt -4.9922 -0.7305
vt -4.9922 -0.7344
vt -5.2773 -0.6484
vt -5.2773 -0.6484
vt -4.9922 -0.7344
vt -5.2773 -0.6523
vt -4.9922 -0.7344
vt -4.9922 -0.7383
vt -5.2773 -0.6523
vt -5.2773 -0.6523
vt -4.9922 -0.7383
vt -5.2773 -0.6562
vt -4.9922 -0.7383
vt -4.9922 -0.7422
vt -5.2773 -0.6562
vt -5.2773 -0.6562
vt -4.9922 -0.7422
vt -5.2773 -0.6602
vt -4.9922 -0.7422
vt -4.9922 -0.7461
vt -5.2773 -0.6602
vt -5.2773 -0.6602
vt -4.9922 -0.7461
vt -5.2773 -0.6641
vt -4.9922 -0.7461
vt -4.9922 -0.7500
vt -5.2773 -0.6641
vt -5.2773 -0.6641
vt -4.9922 -0.7500
vt -5.2773 -0.6680
vt -4.9922 -0.7500
vt -4.9922 -0.7539
vt -5.2773 -0.6680
vt -5.2773 -0.6680
vt -4.9922 -0.7539
vt -5.2773 -0.6719
vt -4.9922 -0.7539
vt -4.9922 -0.7578
vt -5.2773 -0.6719
vt -5.2773 -0.6719
vt -4.9922 -0.7578
vt -5.2773 -0.6758
vt -4.9922 -0.7578
vt -4.9922 -0.7617
vt -5.2773 -0.6758
vt -5.2773 -0.6758
vt -4.9922 -0.7617
vt -5.2773 -0.6797
vt -4.9922 -0.7617
vt -4.9922 -0.7656
vt -5.2773 -0.6797
vt -5.2773 -0.6797
vt -4.9922 -0.7656
vt -5.2773 -0.6836
vt -4.9922 -0.7656
vt -4.9922 -0.7695
vt -5.2773 -0.6836
vt -5.2773 -0.6836
vt -4.9922 -0.7695
vt -5.2773 -0.6875
vt -4.9922 -0.7695
vt -4.9922 -0.7734
vt -5.2773 -0.6875
vt -5.2773 -0.6875
vt -4.9922 -0.7734
vt -5.2773 -0.6914
vt -4.9922 -0.7734
vt -4.9922 -0.7773
vt -5.2773 -0.6914
vt -5.2773 -0.6914
vt -4.9922 -0.7773
vt -5.2773 -0.6953
vt -4.9922 -0.7773
vt -4.9922 -0.7812
vt -5.2773 -0.6953
vt -5.2773 -0.6953
vt -4.9922 -0.7812
vt -5.2773 -0.6992
vt -4.9922 -0.7812
vt -4.9922 -0.7852
vt -5.2773 -0.6992
vt -5.2773 -0.6992
vt -4.9922 -0.7852
vt -5.2773 -0.7031
vt -4.9922 -0.7852
vt -4.9922 -0.7891
vt -5.2773 -0.7031
vt -5.2773 -0.7031
vt -4.9922 -0.7891
vt -5.2773 -0.7070
vt -4.9922 -0.7891
vt -4.9922 -0.7930
vt -5.2773 -0.7070
vt -5.2773 -0.7070
vt -4.9922 -0.7930
vt -5.2773 -0.7109
vt -4.9922 -0.7930
vt -4.9922 0.8359
vt -5.2773 -0.7109
vt -5.2773 -0.7109
vt -4.9922 0.8359
vt 6.5742 8.0000
vt -4.9922 0.8359
vt 8.0000 8.0000
vt 6.5742 8.0000
vt 6.5742 8.0000
vt 8.0000 8.0000
vt 6.5742 6.5625
vt 8.0000 8.0000
vt 8.0000 6.5625
vt 6.5742 6.5625
vt 6.5742 6.5625
vt 8.0000 6.5625
vt 6.5742 6.2773
vt 8.0000 6.5625
vt 8.0000 6.2773
vt 6.5742 6.2773
vt 6.5742 6.2773
vt 8.0000 6.2773
vt 6.5742 5.9922
vt 8.0000 6.2773
vt 8.0000 5.9922
vt 6.5742 5.9922
vt 6.5742 5.9922
vt 8.0000 5.9922
vt 6.5742 5.7070
vt 8.0000 5.9922
vt 8.0000 5.7070
vt 6.5742 5.7070
vt 6.5742 5.7070
vt 8.0000 5.7070
vt 6.5742 5.4180
vt 8.0000 5.7070
vt 8.0000 5.4180
vt 6.5742 5.4180
vt 6.5742 5.4180
vt 8.0000 5.4180
vt 6.5742 5.1328
vt 8.0000 5.4180
vt 8.0000 5.1328
vt 6.5742 5.1328
vt 6.5742 5.1328
vt 8.0000 5.1328
vt 6.5742 4.8477
vt 8.0000 5.1328
vt 8.0000 4.8477
vt 6.5742 4.8477
vt 6.5742 4.8477
vt 8.0000 4.8477
vt 6.5742 4.5625
vt 8.0000 4.8477
vt 8.0000 4.5625
vt 6.5742 4.5625
vt 6.5742 4.5625
vt 8.0000 4.5625
vt 6.5742 4.2773
vt 8.0000 4.5625
vt 8.0000 4.2773
vt 6.5742 4.2773
vt 6.5742 4.2773
vt 8.0000 4.2773
vt 6.5742 3.9922
vt 8.0000 4.2773
vt 8.0000 3.9922
vt 6.5742 3.9922
vt 6.5742 3.9922
vt 8.0000 3.9922
vt 6.5742 3.7031
vt 8.0000 3.9922
vt 8.0000 3.7031
vt 6.5742 3.7031
vt 6.5742 3.7031
vt 8.0000 3.7031
vt 6.5742 3.4180
vt 8.0000 3.7031
vt 8.0000 3.4180
vt 6.5742 3.4180
vt 6.5742 3.4180
vt 8.0000 3.4180
vt 6.5742 3.1328
vt 8.0000 3.4180
vt 8.0000 3.1328
vt 6.5742 3.1328
vt 6.5742 3.1328
vt 8.0000 3.1328
vt 6.5742 2.8477
vt 8.0000 3.1328
vt 8.0000 2.8477
vt 6.5742 2.8477
vt 6.5742 2.8477
vt 8.0000 2.8477
vt 6.5742 2.5625
vt 8.0000 2.8477
vt 8.0000 2.5625
vt 6.5742 2.5625
vt 6.5742 2.5625
vt 8.0000 2.5625
vt 6.5742 2.2734
vt 8.0000 2.5625
vt 8.0000 2.2734
vt 6.5742 2.2734
vt 6.5742 2.2734
vt 8.0000 2.2734
vt 6.5742 1.9883
vt 8.0000 2.2734
vt 8.0000 1.9883
vt 6.5742 1.9883
vt 6.5742 1.9883
vt 8.0000 1.9883
vt 6.5742 1.7031
vt 8.0000 1.9883
vt 8.0000 1.7031
vt 6.5742 1.7031
vt 6.5742 1.7031
vt 8.0000 1.7031
vt 6.5742 1.4180
vt 8.0000 1.7031
vt 8.0000 1.4180
vt 6.5742 1.4180
vt 6.5742 1.4180
vt 8.0000 1.4180
vt 6.5742 0.0039
vt 8.0000 1.4180
vt 8.0000 0.0039
vt 6.5742 0.0039
vt 6.5742 0.0039
vt 8.0000 0.0039
vt 1.9531 -5.5742
vt 8.0000 0.0039
vt 1.9570 -5.5742
vt 1.9531 -5.5742
vt 1.9531 -5.5742
vt 1.9570 -5.5742
vt 1.9414 -5.2891
vt 1.9570 -5.5742
vt 1.9453 -5.2891
vt 1.9414 -5.2891
vt 1.9414 -5.2891
vt 1.9453 -5.2891
vt 1.9336 -5.0039
vt 1.9453 -5.2891
vt 1.9375 -5.0039
vt 1.9336 -5.0039
vt 1.9336 -5.0039
vt 1.9375 -5.0039
vt 1.9258 -4.7188
vt 1.9375 -5.0039
vt 1.9297 -4.7188
vt 1.9258 -4.7188
vt 1.9258 -4.7188
vt 1.9297 -4.7188
vt 1.9180 -4.4336
vt 1.9297 -4.7188
vt 1.9219 -4.4336
vt 1.9180 -4.4336
vt 1.9180 -4.4336
vt 1.9219 -4.4336
vt 1.9102 -4.1484
vt 1.9219 -4.4336
vt 1.9141 -4.1484
vt 1.9102 -4.1484
vt 1.9102 -4.1484
vt 1.9141 -4.1484
vt 1.9023 -3.8633
vt 1.9141 -4.1484
vt 1.9062 -3.8633
vt 1.9023 -3.8633
vt 1.9023 -3.8633
vt 1.9062 -3.8633
vt 1.8945 -3.5781
vt 1.9062 -3.8633
vt 1.8984 -3.5781
vt 1.8945 -3.5781
vt 1.8945 -3.5781
vt 1.8984 -3.5781
vt 1.8867 -3.2930
vt 1.8984 -3.5781
vt 1.8906 -3.2930
vt 1.8867 -3.2930
vt 1.8867 -3.2930
vt 1.8906 -3.2930
vt 1.8789 -3.0078
vt 1.8906 -3.2930
vt 1.8828 -3.0078
vt 1.8789 -3.0078
vt 1.8789 -3.0078
vt 1.8828 -3.0078
vt 1.8711 -2.7227
vt 1.8828 -3.0078
vt 1.8750 -2.7227
vt 1.8711 -2.7227
vt 1.8711 -2.7227
vt 1.8750 -2.7227
vt 1.8633 -2.4375
vt 1.8750 -2.7227
vt 1.8672 -2.4375
vt 1.8633 -2.4375
vt 1.8633 -2.4375
vt 1.8672 -2.4375
vt 1.8555 -2.1562
vt 1.8672 -2.4375
vt 1.8594 -2.1562
vt 1.8555 -2.1562
vt 1.8555 -2.1562
vt 1.8594 -2.1562
vt 1.8477 -1.8711
vt 1.8594 -2.1562
vt 1.8516 -1.8711
vt 1.8477 -1.8711
vt 1.8477 -1.8711
vt 1.8516 -1.8711
vt 1.8398 -1.5859
vt 1.8516 -1.8711
vt 1.8438 -1.5859
vt 1.8398 -1.5859
vt 1.8398 -1.5859
vt 1.8438 -1.5859
vt 1.8320 -1.3008
vt 1.8438 -1.5859
vt 1.8359 -1.3008
vt 1.8320 -1.3008
vt 1.8320 -1.3008
vt 1.8359 -1.3008
vt 1.8242 -1.0156
vt 1.8359 -1.3008
vt 1.8281 -1.0156
vt 1.8242 -1.0156
vt 1.8242 -1.0156
vt 1.8281 -1.0156
vt 1.8164 -0.7305
vt 1.8281 -1.0156
vt 1.8203 -0.7305
vt 1.8164 -0.7305
vt 1.8164 -0.7305
vt 1.8203 -0.7305
vt 1.8008 -0.4453
vt 1.8203 -0.7305
vt 1.8125 -0.4453
vt 1.8008 -0.4453
vt 1.8008 -0.4453
vt 1.8125 -0.4453
vt 1.8047 1.0000
vt 1.8125 -0.4453
vt 1.8086 1.0000
vt 1.8047 1.0000
vt 1.8047 1.0000
vt 1.8086 1.0000
vt -0.1562 -0.7930
vt 1.8086 1.0000
vt -5.2773 -0.9531
vt -0.1562 -0.7930
vt -0.1562 -0.7930
vt -5.2773 -0.9531
vt -5.5625 -0.7891
vt -5.2773 -0.9531
vt -5.2773 -0.9414
vt -5.5625 -0.7891
vt -5.5625 -0.7891
vt -5.2773 -0.9414
vt -5.5625 -0.7852
vt -5.2773 -0.9414
vt -5.2773 -0.9336
vt -5.5625 -0.7852
vt -5.5625 -0.7852
vt -5.2773 -0.9336
vt -5.5625 -0.7812
vt -5.2773 -0.9336
vt -5.2773 -0.9258
vt -5.5625 -0.7812
vt -5.5625 -0.7812
vt -5.2773 -0.9258
vt -5.5625 -0.7773
vt -5.2773 -0.9258
vt -5.2773 -0.9180
vt -5.5625 -0.7773
vt -5.5625 -0.7773
vt -5.2773 -0.9180
vt -5.5625 -0.7734
vt -5.2773 -0.9180
vt -5.2773 -0.9102
vt -5.5625 -0.7734
vt -5.5625 -0.7734
vt -5.2773 -0.9102
vt -5.5625 -0.7695
vt -5.2773 -0.9102
vt -5.2773 -0.9023
vt -5.5625 -0.7695
vt -5.5625 -0.7695
vt -5.2773 -0.9023
vt -5.5625 -0.7656
vt -5.2773 -0.9023
vt -5.2773 -0.8945
vt -5.5625 -0.7656
vt -5.5625 -0.7656
vt -5.2773 -0.8945
vt -5.5625 -0.7617
vt -5.2773 -0.8945
vt -5.2773 -0.8867
vt -5.5625 -0.7617
vt -5.5625 -0.7617
vt -5.2773 -0.8867
vt -5.5625 -0.7578
vt -5.2773 -0.8867
vt -5.2773 -0.8789
vt -5.5625 -0.7578
vt -5.5625 -0.7578
vt -5.2773 -0.8789
vt -5.5625 -0.7539
vt -5.2773 -0.8789
vt -5.2773 -0.8711
vt -5.5625 -0.7539
vt -5.5625 -0.7539
vt -5.2773 -0.8711
vt -5.5625 -0.7500
vt -5.2773 -0.8711
vt -5.2773 -0.8633
vt -5.5625 -0.7500
vt -5.5625 -0.7500
vt -5.2773 -0.8633
vt -5.5625 -0.7461
vt -5.2773 -0.8633
vt -5.2773 -0.8555
vt -5.5625 -0.7461
vt -5.5625 -0.7461
vt -5.2773 -0.8555
vt -5.5625 -0.7422
vt -5.2773 -0.8555
vt -5.2773 -0.8477
vt -5.5625 -0.7422
vt -5.5625 -0.7422
vt -5.2773 -0.8477
vt -5.5625 -0.7383
vt -5.2773 -0.8477
vt -5.2773 -0.8398
vt -5.5625 -0.7383
vt -5.5625 -0.7383
vt -5.2773 -0.8398
vt -5.5625 -0.7344
vt -5.2773 -0.8398
vt -5.2773 -0.8320
vt -5.5625 -0.7344
vt -5.5625 -0.7344
vt -5.2773 -0.8320
vt -5.5625 -0.7305
vt -5.2773 -0.8320
vt -5.2773 -0.8242
vt -5.5625 -0.7305
vt -5.5625 -0.7305
vt -5.2773 -0.8242
vt -5.5625 -0.7266
vt -5.2773 -0.8242
vt -5.2773 -0.8164
vt -5.5625 -0.7266
vt -5.5625 -0.7266
vt -5.2773 -0.8164
vt -5.5625 -0.7227
vt -5.2773 -0.8164
vt -5.2773 -0.8008
vt -5.5625 -0.7227
vt -5.5625 -0.7227
vt -5.2773 -0.8008
vt -5.5625 -0.7188
vt -5.2773 -0.8008
vt -5.2773 -0.8047
vt -5.5625 -0.7188
vt -5.5625 -0.7188
vt -5.2773 -0.8047
vt -5.5625 1.0000
vt -5.2773 -0.8047
vt 0.0000 0.8633
vt -5.5625 1.0000
vt -5.5625 1.0000
vt 0.0000 0.8633
vt 0.0000 -0.9648
vt 0.0000 0.8633
vt 0.0000 128.9805
vt 0.0000 -0.9648
vt 0.0000 -0.9648
vt 0.0000 128.9805
vt -105.0781 -56.2891
vt 0.0000 128.9805
vt -0.0039 1.0000
vt -105.0781 -56.2891
vt -105.0781 -56.2891
vt -0.0039 1.0000
vt 31.9844 59.5117
vt -0.0039 1.0000
vt -70.0938 1.0039
vt 31.9844 59.5117
vt 31.9844 59.5117
vt -70.0938 1.0039
vt 113.3242 -68.3672
vt -70.0938 1.0039
vt -58.7617 92.9023
vt 113.3242 -68.3672
vt 113.3242 -68.3672
vt -58.7617 92.9023
vt -0.0039 1.0039
vt -58.7617 92.9023
vt 69.6328 17.2188
vt -0.0039 1.0039
vt -0.0039 1.0039
vt 69.6328 17.2188
vt 70.0547 -68.2305
vt 69.6328 17.2188
vt -0.0039 30.6406
vt 70.0547 -68.2305
vt 70.0547 -68.2305
vt -0.0039 30.6406
vt -56.0000 -67.5508
vt -0.0039 30.6406
vt 69.3594 1.0039
vt -56.0000 -67.5508
vt -56.0000 -67.5508
vt 69.3594 1.0039
vt -83.7109 -68.7695
vt 69.3594 1.0039
vt 67.8203 -63.7930
vt -83.7109 -68.7695
vt -83.7109 -68.7695
vt 67.8203 -63.7930
vt -0.0039 1.0039
vt 67.8203 -63.7930
vt 69.7734 33.4141
vt -0.0039 1.0039
vt -0.0039 1.0039
vt 69.7734 33.4141
vt -43.7812 -68.3906
vt 69.7734 33.4141
vt -0.0039 92.9062
vt -43.7812 -68.3906
vt -43.7812 -68.3906
vt -0.0039 92.9062
vt 19.5742 59.7617
vt -0.0039 92.9062
vt 69.3672 1.0039
vt 19.5742 59.7617
vt 19.5742 59.7617
vt 69.3672 1.0039
vt 64.7812 -68.3906
vt 69.3672 1.0039
vt 67.8203 84.7188
vt 64.7812 -68.3906
vt 64.7812 -68.3906
vt 67.8203 84.7188
vt -0.0039 1.0039
vt 67.8203 84.7188
vt 69.7305 17.2188
vt -0.0039 1.0039
vt -0.0039 1.0039
vt 69.7305 17.2188
vt 123.3750 -57.6914
vt 69.7305 17.2188
vt -0.0039 -69.0664
vt 123.3750 -57.6914
vt 123.3750 -57.6914
vt -0.0039 -69.0664
vt -16.2344 -67.9492
vt -0.0039 -69.0664
vt 69.6328 1.0039
vt -16.2344 -67.9492
vt -16.2344 -67.9492
vt 69.6328 1.0039
vt 106.0039 -68.3594
vt 69.6328 1.0039
vt 68.5508 30.6406
vt 106.0039 -68.3594
vt 106.0039 -68.3594
vt 68.5508 30.6406
vt -0.0039 1.0039
vt 68.5508 30.6406
vt 69.3906 21.5586
vt -0.0039 1.0039
vt -0.0039 1.0039
vt 69.3906 21.5586
vt -83.7148 -68.7695
vt 69.3906 21.5586
vt -0.0039 44.7773
vt -83.7148 -68.7695
vt -83.7148 -68.7695
vt -0.0039 44.7773
vt -32.4102 60.1875
vt -0.0039 44.7773
vt 69.7734 1.0039
vt -32.4102 60.1875
vt -32.4102 60.1875
vt 69.7734 1.0039
vt 113.3164 -68.3672
vt 69.7734 1.0039
vt -58.7617 92.9141
vt 113.3164 -68.3672
vt 113.3164 -68.3672
vt -58.7617 92.9141
vt -0.0039 1.0039
vt -58.7617 92.9141
vt 69.3594 56.9688
vt -0.0039 1.0039
vt -0.0039 1.0039
vt 69.3594 56.9688
vt -29.6484 59.2578
vt 69.3594 56.9688
vt -0.0039 -105.0039
vt -29.6484 59.2578
vt -29.6484 59.2578
vt -0.0039 -105.0039
vt -55.9922 -67.5508
vt -0.0039 -105.0039
vt 56.9609 1.0039
vt -55.9922 -67.5508
vt -55.9922 -67.5508
vt 56.9609 1.0039
vt -114.1953 70.9141
vt 56.9609 1.0039
vt 68.9492 -69.0586
vt -114.1953 70.9141
vt -114.1953 70.9141
vt 68.9492 -69.0586
vt -0.0039 1.0039
vt 68.9492 -69.0586
vt -71.3750 57.0078
vt -0.0039 1.0039
vt -0.0039 1.0039
vt -71.3750 57.0078
vt 106.0078 -68.8594
vt -71.3750 57.0078
vt -0.0039 -43.0742
vt 106.0078 -68.8594
vt 106.0078 -68.8594
vt -0.0039 -43.0742
vt -20.5742 -66.8203
vt -0.0039 -43.0742
vt 69.8906 1.0039
vt -20.5742 -66.8203
vt -20.5742 -66.8203
vt 69.8906 1.0039
vt 125.8203 71.3594
vt 69.8906 1.0039
vt -59.1875 44.7773
vt 125.8203 71.3594
vt 125.8203 71.3594
vt -59.1875 44.7773
vt -0.0039 1.0039
vt -59.1875 44.7773
vt 57.5469 -18.5781
vt -0.0039 1.0039
vt -0.0039 1.0039
vt 57.5469 -18.5781
vt 113.3164 -68.8672
vt 57.5469 -18.5781
vt -0.0039 -69.0469
vt 113.3164 -68.8672
vt 113.3164 -68.8672
vt -0.0039 -69.0469
vt -16.2031 -67.9492
vt -0.0039 -69.0469
vt -58.3672 1.0039
vt -16.2031 -67.9492
vt -16.2031 -67.9492
vt -58.3672 1.0039
vt 64.7812 -68.8906
vt -58.3672 1.0039
vt 67.8203 22.3359
vt 64.7812 -68.8906
vt 64.7812 -68.8906
vt 67.8203 22.3359
vt -0.0039 1.0039
vt 67.8203 22.3359
vt -58.7695 17.2344
vt -0.0039 1.0039
vt -0.0039 1.0039
vt -58.7695 17.2344
vt 47.0391 -68.6328
vt -58.7695 17.2344
vt -0.0039 -105.0117
vt 47.0391 -68.6328
vt 47.0391 -68.6328
vt -0.0039 -105.0117
vt -56.0078 -67.5508
vt -0.0039 -105.0117
vt 69.7422 1.0039
vt -56.0078 -67.5508
vt -56.0078 -67.5508
vt 69.7422 1.0039
vt 64.7930 59.6094
vt 69.7422 1.0039
vt 67.8203 84.7148
vt 64.7930 59.6094
vt 64.7930 59.6094
vt 67.8203 84.7148
vt -0.0039 1.0039
vt 67.8203 84.7148
vt -58.6094 33.4102
vt -0.0039 1.0039
vt -0.0039 1.0039
vt -58.6094 33.4102
vt 43.9531 -68.7734
vt -58.6094 33.4102
vt -0.0039 -112.3242
vt 43.9531 -68.7734
vt 43.9531 -68.7734
vt -0.0039 -112.3242
vt 19.5781 59.7617
vt -0.0039 -112.3242
vt 69.7500 1.0039
vt 19.5781 59.7617
vt 19.5781 59.7617
vt 69.7500 1.0039
vt 43.9492 -68.7734
vt 69.7500 1.0039
vt -59.1875 44.7734
vt 43.9492 -68.7734
vt 43.9492 -68.7734
vt -59.1875 44.7734
vt -0.0039 1.0039
vt -59.1875 44.7734
vt 69.8906 33.4258
vt -0.0039 1.0039
vt -0.0039 1.0039
vt 69.8906 33.4258
vt 101.2539 -56.7500
vt 69.8906 33.4258
vt -0.0039 -46.0430
vt 101.2539 -56.7500
vt 101.2539 -56.7500
vt -0.0039 -46.0430
vt -16.2188 -67.9492
vt -0.0039 -46.0430
vt 69.2305 1.0039
vt -16.2188 -67.9492
vt -16.2188 -67.9492
vt 69.2305 1.0039
vt -29.6484 59.2578
vt 69.2305 1.0039
vt 68.5508 -105.0000
vt -29.6484 59.2578
vt -29.6484 59.2578
vt 68.5508 -105.0000
vt -0.0039 1.0039
vt 68.5508 -105.0000
vt -58.2305 21.5273
vt -0.0039 1.0039
vt -0.0039 1.0039
vt -58.2305 21.5273
vt 64.7773 -68.3906
vt -58.2305 21.5273
vt -0.0039 -42.9531
vt 64.7773 -68.3906
vt 64.7773 -68.3906
vt -0.0039 -42.9531
vt -32.4141 60.1875
vt -0.0039 -42.9531
vt 69.3906 1.0039
vt -32.4141 60.1875
vt -32.4141 60.1875
vt 69.3906 1.0039
vt -91.9102 59.2500
vt 69.3906 1.0039
vt -58.7617 -112.3125
vt -91.9102 59.2500
vt -91.9102 59.2500
vt -58.7617 -112.3125
vt -0.0039 1.0039
vt -58.7617 -112.3125
vt 69.6328 17.2031
vt -0.0039 1.0039
vt -0.0039 1.0039
vt 69.6328 17.2031
vt 70.0469 59.7695
vt 69.6328 17.2031
vt -0.0039 -112.3203
vt 70.0469 59.7695
vt 70.0469 59.7695
vt -0.0039 -112.3203
vt 19.5703 59.7617
vt -0.0039 -112.3203
vt -69.9297 1.0039
vt 19.5703 59.7617
vt 19.5703 59.7617
vt -69.9297 1.0039
vt 70.0469 59.2695
vt -69.9297 1.0039
vt 68.9492 -97.0273
vt 70.0469 59.2695
vt 70.0469 59.2695
vt 68.9492 -97.0273
vt -0.0039 1.0039
vt 68.9492 -97.0273
vt -58.1406 56.9922
vt -0.0039 1.0039
vt -0.0039 1.0039
vt -58.1406 56.9922
vt -87.4180 -54.8984
vt -58.1406 56.9922
vt -0.0039 -63.7812
vt -87.4180 -54.8984
vt -87.4180 -54.8984
vt -0.0039 -63.7812
vt -20.4883 -66.8203
vt -0.0039 -63.7812
vt -70.8945 1.0039
vt -20.4883 -66.8203
vt -20.4883 -66.8203
vt -70.8945 1.0039
vt -43.7852 59.1094
vt -70.8945 1.0039
vt -59.1875 -109.7031
vt -43.7852 59.1094
vt -43.7852 59.1094
vt -59.1875 -109.7031
vt -0.0039 1.0039
vt -59.1875 -109.7031
vt -58.1328 -18.5703
vt -0.0039 1.0039
vt -0.0039 1.0039
vt -58.1328 -18.5703
vt -81.0352 73.2422
vt -58.1328 -18.5703
vt -0.0039 95.4922
vt -81.0352 73.2422
vt -81.0352 73.2422
vt -0.0039 95.4922
vt 19.5625 59.7617
vt -0.0039 95.4922
vt -58.1328 1.0039
vt 19.5625 59.7617
vt 19.5625 59.7617
vt -58.1328 1.0039
vt -43.7891 -68.3906
vt -58.1328 1.0039
vt -59.1875 -42.9453
vt -43.7891 -68.3906
vt -43.7891 -68.3906
vt -59.1875 -42.9453
vt -0.0039 1.0039
vt -59.1875 -42.9453
vt -58.3672 17.2031
vt -0.0039 1.0039
vt -0.0039 1.0039
vt -58.3672 17.2031
vt 70.0430 59.7695
vt -58.3672 17.2031
vt -0.0039 30.6484
vt 70.0430 59.7695
vt 70.0430 59.7695
vt -0.0039 30.6484
vt -55.9766 -67.5508
vt -0.0039 30.6484
vt -58.6406 1.0039
vt -55.9766 -67.5508
vt -55.9766 -67.5508
vt -58.6406 1.0039
vt -83.7188 59.2305
vt -58.6406 1.0039
vt 67.8203 -63.7812
vt -83.7188 59.2305
vt -83.7188 59.2305
vt 67.8203 -63.7812
vt -0.0039 1.0039
vt 67.8203 -63.7812
vt -58.2266 33.4375
vt -0.0039 1.0039
vt -0.0039 1.0039
vt -58.2266 33.4375
vt -43.7852 59.6094
vt -58.2266 33.4375
vt -0.0039 92.9062
vt -43.7852 59.6094
vt -43.7852 59.6094
vt -0.0039 92.9062
vt 19.5664 59.7617
vt -0.0039 92.9062
vt -58.6328 1.0039
vt 19.5664 59.7617
vt 19.5664 59.7617
vt -58.6328 1.0039
vt 80.6719 -57.0078
vt -58.6328 1.0039
vt -59.1875 44.7852
vt 80.6719 -57.0078
vt 80.6719 -57.0078
vt -59.1875 44.7852
vt -0.0039 1.0039
vt -59.1875 44.7852
vt 69.7422 56.9766
vt -0.0039 1.0039
vt -0.0039 1.0039
vt 69.7422 56.9766
vt 106.0039 59.6406
vt 69.7422 56.9766
vt -0.0039 -69.0469
vt 106.0039 59.6406
vt 106.0039 59.6406
vt -0.0039 -69.0469
vt -16.2031 -67.9492
vt -0.0039 -69.0469
vt -58.3672 1.0039
vt -16.2031 -67.9492
vt -16.2031 -67.9492
vt -58.3672 1.0039
vt 106.0039 59.6406
vt -58.3672 1.0039
vt 68.5508 30.6484
vt 106.0039 59.6406
vt 106.0039 59.6406
vt 68.5508 30.6484
vt -0.0039 1.0039
vt 68.5508 30.6484
vt -58.6094 21.4180
vt -0.0039 1.0039
vt -0.0039 1.0039
vt -58.6094 21.4180
vt -83.7148 59.2305
vt -58.6094 21.4180
vt -0.0039 44.7773
vt -83.7148 59.2305
vt -83.7148 59.2305
vt -0.0039 44.7773
vt -32.4414 60.1875
vt -0.0039 44.7773
vt -58.2266 1.0039
vt -32.4414 60.1875
vt -32.4414 60.1875
vt -58.2266 1.0039
vt 113.3164 59.6328
vt -58.2266 1.0039
vt -58.7617 92.9062
vt 113.3164 59.6328
vt 113.3164 59.6328
vt -58.7617 92.9062
vt -0.0039 1.0039
vt -58.7617 92.9062
vt 69.7500 -18.5664
vt -0.0039 1.0039
vt -0.0039 1.0039
vt 69.7500 -18.5664
vt 113.3203 59.6328
vt 69.7500 -18.5664
vt -0.0039 84.7148
vt 113.3203 59.6328
vt 113.3203 59.6328
vt -0.0039 84.7148
vt -20.4492 -66.8203
vt -0.0039 84.7148
vt -58.6094 1.0039
vt -20.4492 -66.8203
vt -20.4492 -66.8203
vt -58.6094 1.0039
vt -6.3086 -57.5469
vt -58.6094 1.0039
vt 68.9492 -69.0469
vt -6.3086 -57.5469
vt -6.3086 -57.5469
vt 68.9492 -69.0469
vt -0.0039 1.0039
vt 68.9492 -69.0469
vt 56.2344 56.9688
vt -0.0039 1.0039
vt -0.0039 1.0039
vt 56.2344 56.9688
vt 106.0039 59.1406
vt 56.2344 56.9688
vt -0.0039 -60.0430
vt 106.0039 59.1406
vt 106.0039 59.1406
vt -0.0039 -60.0430
vt -20.4023 -66.8203
vt -0.0039 -60.0430
vt -58.1094 1.0039
vt -20.4023 -66.8203
vt -20.4023 -66.8203
vt -58.1094 1.0039
vt -31.9883 58.9883
vt -58.1094 1.0039
vt -58.7852 64.9727
vt -31.9883 58.9883
vt -31.9883 58.9883
vt -58.7852 64.9727
vt -8.0039 1.2422
vt -58.7852 64.9727
vt -58.3438 68.5312
vt -8.0039 1.2422
vt -8.0039 1.2422
vt -58.3438 68.5312
vt -63.9727 59.3438
vt -58.3438 68.5312
vt -0.3477 64.9727
vt -63.9727 59.3438
vt -63.9727 59.3438
vt -0.3477 64.9727
vt 64.0000 59.7852
vt -0.3477 64.9727
vt -57.9922 9.0039
vt 64.0000 59.7852
vt 64.0000 59.7852
vt -57.9922 9.0039
vt -31.9883 58.9883
vt -57.9922 9.0039
vt -58.7852 32.9883
vt -31.9883 58.9883
vt -31.9883 58.9883
vt -58.7852 32.9883
vt -36.0039 1.3555
vt -58.7852 32.9883
vt -58.4141 108.4219
vt -36.0039 1.3555
vt -36.0039 1.3555
vt -58.4141 108.4219
vt -63.9727 59.3438
vt -58.4141 108.4219
vt -0.3477 0.9805
vt -63.9727 59.3438
vt -63.9727 59.3438
vt -0.3477 0.9805
vt 64.0000 59.7852
vt -0.3477 0.9805
vt -57.9922 9.0039
vt 64.0000 59.7852
vt 64.0000 59.7852
vt -57.9922 9.0039
vt 64.0195 59.4883
vt -57.9922 9.0039
vt -58.8828 64.9727
vt 64.0195 59.4883
vt 64.0195 59.4883
vt -58.8828 64.9727
vt -24.0508 1.2969
vt -58.8828 64.9727
vt -58.4883 -63.0000
vt -24.0508 1.2969
vt -24.0508 1.2969
vt -58.4883 -63.0000
vt -31.9883 58.9922
vt -58.4883 -63.0000
vt -0.2422 0.9609
vt -31.9883 58.9922
vt -31.9883 58.9922
vt -0.2422 0.9609
vt -103.0742 59.8242
vt -0.2422 0.9609
vt -58.3438 36.1562
vt -103.0742 59.8242
vt -103.0742 59.8242
vt -58.3438 36.1562
vt 0.0391 59.6211
vt -58.3438 36.1562
vt -58.7852 32.9883
vt 0.0391 59.6211
vt 0.0391 59.6211
vt -58.7852 32.9883
vt -8.0039 1.2422
vt -58.7852 32.9883
vt -58.7695 105.5391
vt -8.0039 1.2422
vt -8.0039 1.2422
vt -58.7695 105.5391
vt -63.9727 59.3438
vt -58.7695 105.5391
vt -0.4961 128.9727
vt -63.9727 59.3438
vt -63.9727 59.3438
vt -0.4961 128.9727
vt 64.0000 59.7852
vt -0.4961 128.9727
vt -57.9922 9.0039
vt 64.0000 59.7852
vt 64.0000 59.7852
vt -57.9922 9.0039
vt 0.0195 59.9141
vt -57.9922 9.0039
vt -58.7734 64.9727
vt 0.0195 59.9141
vt 0.0195 59.9141
vt -58.7734 64.9727
vt -119.2617 1.6680
vt -58.7734 64.9727
vt -58.9141 -63.0000
vt -119.2617 1.6680
vt -119.2617 1.6680
vt -58.9141 -63.0000
vt -31.9883 58.9922
vt -58.9141 -63.0000
vt -0.2422 0.9609
vt -31.9883 58.9922
vt -31.9883 58.9922
vt -0.2422 0.9609
vt -67.9336 59.7969
vt -0.2422 0.9609
vt -58.3438 91.1875
vt -67.9336 59.7969
vt -67.9336 59.7969
vt -58.3438 91.1875
vt 0.0391 60.1211
vt -58.3438 91.1875
vt -58.7852 32.9883
vt 0.0391 60.1211
vt 0.0391 60.1211
vt -58.7852 32.9883
vt -8.0039 1.2422
vt -58.7852 32.9883
vt -59.4141 -54.8867
vt -8.0039 1.2422
vt -8.0039 1.2422
vt -59.4141 -54.8867
vt -63.9727 59.3438
vt -59.4141 -54.8867
vt -0.5273 0.9805
vt -63.9727 59.3438
vt -63.9727 59.3438
vt -0.5273 0.9805
vt 64.0000 59.7852
vt -0.5273 0.9805
vt -57.9922 9.0039
vt 64.0000 59.7852
vt 64.0000 59.7852
vt -57.9922 9.0039
vt 0.0195 60.9141
vt -57.9922 9.0039
vt -58.7969 64.9727
vt 0.0195 60.9141
vt 0.0195 60.9141
vt -58.7969 64.9727
vt -119.2617 1.6680
vt -58.7969 64.9727
vt -59.9141 -63.0000
vt -119.2617 1.6680
vt -119.2617 1.6680
vt -59.9141 -63.0000
vt -31.9883 58.9922
vt -59.9141 -63.0000
vt -0.2422 1.0000
vt -31.9883 58.9922
vt -31.9883 58.9922
vt -0.2422 1.0000
vt -13.7969 59.8008
vt -0.2422 1.0000
vt -58.3438 128.2812
vt -13.7969 59.8008
vt -13.7969 59.8008
vt -58.3438 128.2812
vt 0.0000 1.0000
vt -58.3438 128.2812
vt -58.7852 32.9883
vt 0.0000 1.0000
vt 0.0000 1.0000
vt -58.7852 32.9883
vt -8.0039 1.2422
vt -58.7852 32.9883
vt 68.0859 92.5742
vt -8.0039 1.2422
vt -8.0039 1.2422
vt 68.0859 92.5742
vt -63.9727 59.3438
vt 68.0859 92.5742
vt -0.7656 0.9727
vt -63.9727 59.3438
vt -63.9727 59.3438
vt -0.7656 0.9727
vt 64.0000 59.7852
vt -0.7656 0.9727
vt -57.9922 9.0039
vt 64.0000 59.7852
vt 64.0000 59.7852
vt -57.9922 9.0039
vt 0.0234 -67.5859
vt -57.9922 9.0039
vt -58.8594 64.9727
vt 0.0234 -67.5859
vt 0.0234 -67.5859
vt -58.8594 64.9727
vt -97.1992 1.5781
vt -58.8594 64.9727
vt 68.5859 -63.0000
vt -97.1992 1.5781
vt -97.1992 1.5781
vt 68.5859 -63.0000
vt -31.9883 58.9922
vt 68.5859 -63.0000
vt -0.2422 0.9609
vt -31.9883 58.9922
vt -31.9883 58.9922
vt -0.2422 0.9609
vt 38.3477 59.8398
vt -0.2422 0.9609
vt -58.3438 115.2422
vt 38.3477 59.8398
vt 38.3477 59.8398
vt -58.3438 115.2422
vt 0.0391 -67.8789
vt -58.3438 115.2422
vt -58.7852 32.9883
vt 0.0391 -67.8789
vt 0.0391 -67.8789
vt -58.7852 32.9883
vt -8.0039 1.2422
vt -58.7852 32.9883
vt 69.0859 -102.9023
vt -8.0039 1.2422
vt -8.0039 1.2422
vt 69.0859 -102.9023
vt -63.9727 59.3438
vt 69.0859 -102.9023
vt -0.6680 0.9727
vt -63.9727 59.3438
vt -63.9727 59.3438
vt -0.6680 0.9727
vt 64.0000 59.7852
vt -0.6680 0.9727
vt -57.9922 9.0039
vt 64.0000 59.7852
vt 64.0000 59.7852
vt -57.9922 9.0039
vt -127.9727 -68.2305
vt -57.9922 9.0039
vt -58.7422 64.9727
vt -127.9727 -68.2305
vt -127.9727 -68.2305
vt -58.7422 64.9727
vt -107.2148 1.6211
vt -58.7422 64.9727
vt 69.2305 -63.0000
vt -107.2148 1.6211
vt -107.2148 1.6211
vt 69.2305 -63.0000
vt -31.9883 58.9922
vt 69.2305 -63.0000
vt -0.2422 0.9609
vt -31.9883 58.9922
vt -31.9883 58.9922
vt -0.2422 0.9609
vt -7.7109 59.7656
vt -0.2422 0.9609
vt -58.3438 95.1641
vt -7.7109 59.7656
vt -7.7109 59.7656
vt -58.3438 95.1641
vt 0.0391 -68.3789
vt -58.3438 95.1641
vt -58.7852 32.9883
vt 0.0391 -68.3789
vt 0.0391 -68.3789
vt -58.7852 32.9883
vt -8.0039 1.2422
vt -58.7852 32.9883
vt 69.5117 68.4922
vt -8.0039 1.2422
vt -8.0039 1.2422
vt 69.5117 68.4922
vt -63.9727 59.3438
vt 69.5117 68.4922
vt -0.4805 -63.0195
vt -63.9727 59.3438
vt -63.9727 59.3438
vt -0.4805 -63.0195
vt 64.0000 59.7852
vt -0.4805 -63.0195
vt -57.9922 9.0039
vt 64.0000 59.7852
vt 64.0000 59.7852
vt -57.9922 9.0039
vt 0.0195 -68.5859
vt -57.9922 9.0039
vt -58.8594 64.9727
vt 0.0195 -68.5859
vt 0.0195 -68.5859
vt -58.8594 64.9727
vt -40.0156 1.3672
vt -58.8594 64.9727
vt 69.5859 -63.0000
vt -40.0156 1.3672
vt -40.0156 1.3672
vt 69.5859 -63.0000
vt -31.9883 58.9922
vt 69.5859 -63.0000
vt -0.2422 64.9727
vt -31.9883 58.9922
vt -31.9883 58.9922
vt -0.2422 64.9727
vt 27.7188 59.8711
vt -0.2422 64.9727
vt -58.3438 28.0039
vt 27.7188 59.8711
vt 27.7188 59.8711
vt -58.3438 28.0039
vt 64.0117 -69.0117
vt -58.3438 28.0039
vt -58.7852 64.9727
vt 64.0117 -69.0117
vt 64.0117 -69.0117
vt -58.7852 64.9727
vt -8.0039 1.2422
vt -58.7852 64.9727
vt 70.0117 -63.0000
vt -8.0039 1.2422
vt -8.0039 1.2422
vt 70.0117 -63.0000
vt -31.9883 58.9922
vt 70.0117 -63.0000
vt -0.2422 64.9727
vt -31.9883 58.9922
vt -31.9883 58.9922
vt -0.2422 64.9727
vt 64.0000 59.7852
vt -0.2422 64.9727
vt -57.9922 9.0039
vt 64.0000 59.7852
vt 64.0000 59.7852
vt -57.9922 9.0039
vt -31.9883 58.9883
vt -57.9922 9.0039
vt -58.7852 0.9727
vt -31.9883 58.9883
vt -31.9883 58.9883
vt -58.7852 0.9727
vt -8.0039 1.2422
vt -58.7852 0.9727
vt -58.3438 100.0586
vt -8.0039 1.2422
vt -8.0039 1.2422
vt -58.3438 100.0586
vt 0.0234 59.4141
vt -58.3438 100.0586
vt -0.3477 0.9805
vt 0.0234 59.4141
vt 0.0234 59.4141
vt -0.3477 0.9805
vt -107.3633 59.8672
vt -0.3477 0.9805
vt -58.4141 41.0938
vt -107.3633 59.8672
vt -107.3633 59.8672
vt -58.4141 41.0938
vt 64.0195 59.4883
vt -58.4141 41.0938
vt -58.8789 0.9766
vt 64.0195 59.4883
vt 64.0195 59.4883
vt -58.8789 0.9766
vt -40.0938 1.3477
vt -58.8789 0.9766
vt -58.6211 88.7852
vt -40.0938 1.3477
vt -40.0938 1.3477
vt -58.6211 88.7852
vt 0.0234 59.4141
vt -58.6211 88.7852
vt -0.5273 128.9727
vt 0.0234 59.4141
vt 0.0234 59.4141
vt -0.5273 128.9727
vt -28.8125 59.8477
vt -0.5273 128.9727
vt -58.4141 120.5352
vt -28.8125 59.8477
vt -28.8125 59.8477
vt -58.4141 120.5352
vt 0.0195 59.9141
vt -58.4141 120.5352
vt -58.8516 0.9766
vt 0.0195 59.9141
vt 0.0195 59.9141
vt -58.8516 0.9766
vt 118.6875 1.7500
vt -58.8516 0.9766
vt -59.1211 -99.0117
vt 118.6875 1.7500
vt 118.6875 1.7500
vt -59.1211 -99.0117
vt 0.0234 59.4141
vt -59.1211 -99.0117
vt -0.5820 0.9805
vt 0.0234 59.4141
vt 0.0234 59.4141
vt -0.5820 0.9805
vt -69.2383 59.8633
vt -0.5820 0.9805
vt -58.4141 1.0039
vt -69.2383 59.8633
vt -69.2383 59.8633
vt -58.4141 1.0039
vt 0.0195 60.9141
vt -58.4141 1.0039
vt -58.8359 0.9766
vt 0.0195 60.9141
vt 0.0195 60.9141
vt -58.8359 0.9766
vt -94.2109 1.5820
vt -58.8359 0.9766
vt 0.0000 -37.1797
vt -94.2109 1.5820
vt -94.2109 1.5820
vt 0.0000 -37.1797
vt 0.0234 59.4141
vt 0.0000 -37.1797
vt -0.7930 0.9766
vt 0.0234 59.4141
vt 0.0234 59.4141
vt -0.7930 0.9766
vt -28.4883 59.8125
vt -0.7930 0.9766
vt -58.4141 -73.6055
vt -28.4883 59.8125
vt -28.4883 59.8125
vt -58.4141 -73.6055
vt 0.0234 -67.5859
vt -58.4141 -73.6055
vt -58.8125 0.9766
vt 0.0234 -67.5859
vt 0.0234 -67.5859
vt -58.8125 0.9766
vt 118.7031 1.7344
vt -58.8125 0.9766
vt 68.8789 -59.2656
vt 118.7031 1.7344
vt 118.7031 1.7344
vt 68.8789 -59.2656
vt 0.0234 59.4141
vt 68.8789 -59.2656
vt -0.7344 0.9766
vt 0.0234 59.4141
vt 0.0234 59.4141
vt -0.7344 0.9766
vt -29.4102 59.7734
vt -0.7344 0.9766
vt -58.4141 -117.6992
vt -29.4102 59.7734
vt -29.4102 59.7734
vt -58.4141 -117.6992
vt -127.9727 -68.2305
vt -58.4141 -117.6992
vt -58.7695 0.9766
vt -127.9727 -68.2305
vt -127.9727 -68.2305
vt -58.7695 0.9766
vt -119.2617 1.6680
vt -58.7695 0.9766
vt 69.3789 -87.6992
vt -119.2617 1.6680
vt -119.2617 1.6680
vt 69.3789 -87.6992
vt 0.0234 59.4141
vt 69.3789 -87.6992
vt -0.6680 -63.0195
vt 0.0234 59.4141
vt 0.0234 59.4141
vt -0.6680 -63.0195
vt 125.3047 59.8594
vt -0.6680 -63.0195
vt -58.4141 94.1406
vt 125.3047 59.8594
vt 125.3047 59.8594
vt -58.4141 94.1406
vt 0.0195 -68.5859
vt -58.4141 94.1406
vt -58.8711 0.9766
vt 0.0195 -68.5859
vt 0.0195 -68.5859
vt -58.8711 0.9766
vt -27.0039 1.3164
vt -58.8711 0.9766
vt 69.6562 25.1797
vt -27.0039 1.3164
vt -27.0039 1.3164
vt 69.6562 25.1797
vt 0.0234 59.4141
vt 69.6562 25.1797
vt -0.3125 -63.0117
vt 0.0234 59.4141
vt 0.0234 59.4141
vt -0.3125 -63.0117
vt 64.0000 59.7852
vt -0.3125 -63.0117
vt -58.4141 9.0039
vt 64.0000 59.7852
vt 64.0000 59.7852
vt -58.4141 9.0039
vt -31.9883 58.9883
vt -58.4141 9.0039
vt -58.7852 -63.0195
vt -31.9883 58.9883
vt -31.9883 58.9883
vt -58.7852 -63.0195
vt -8.0039 1.2422
vt -58.7852 -63.0195
vt -58.3438 63.0156
vt -8.0039 1.2422
vt -8.0039 1.2422
vt -58.3438 63.0156
vt 64.0195 59.4883
vt -58.3438 63.0156
vt -0.3867 0.9805
vt 64.0195 59.4883
vt 64.0195 59.4883
vt -0.3867 0.9805
vt -120.9844 59.8789
vt -0.3867 0.9805
vt -58.4883 32.0586
vt -120.9844 59.8789
vt -120.9844 59.8789
vt -58.4883 32.0586
vt 64.0195 59.4883
vt -58.4883 32.0586
vt -58.8984 -63.0195
vt 64.0195 59.4883
vt 64.0195 59.4883
vt -58.8984 -63.0195
vt -34.0039 1.3047
vt -58.8984 -63.0195
vt -58.6211 72.7891
vt -34.0039 1.3047
vt -34.0039 1.3047
vt -58.6211 72.7891
vt 64.0195 59.4883
vt -58.6211 72.7891
vt -0.3945 128.9727
vt 64.0195 59.4883
vt 64.0195 59.4883
vt -0.3945 128.9727
vt 94.2773 59.8789
vt -0.3945 128.9727
vt -58.4883 97.1094
vt 94.2773 59.8789
vt 94.2773 59.8789
vt -58.4883 97.1094
vt 0.0195 59.9141
vt -58.4883 97.1094
vt -58.9023 -63.0195
vt 0.0195 59.9141
vt 0.0195 59.9141
vt -58.9023 -63.0195
vt -113.6094 1.8047
vt -58.9023 -63.0195
vt -59.1211 -30.1680
vt -113.6094 1.8047
vt -113.6094 1.8047
vt -59.1211 -30.1680
vt 64.0195 59.4883
vt -59.1211 -30.1680
vt -0.2422 0.9805
vt 64.0195 59.4883
vt 64.0195 59.4883
vt -0.2422 0.9805
vt -115.8203 59.9219
vt -0.2422 0.9805
vt -58.4883 1.0039
vt -115.8203 59.9219
vt -115.8203 59.9219
vt -58.4883 1.0039
vt 0.0195 60.9141
vt -58.4883 1.0039
vt -58.8711 -63.0195
vt 0.0195 60.9141
vt 0.0195 60.9141
vt -58.8711 -63.0195
vt -71.1602 1.4688
vt -58.8711 -63.0195
vt 0.0000 62.8672
vt -71.1602 1.4688
vt -71.1602 1.4688
vt 0.0000 62.8672
vt 64.0195 59.4883
vt 0.0000 62.8672
vt -0.6094 0.9766
vt 64.0195 59.4883
vt 64.0195 59.4883
vt -0.6094 0.9766
vt -98.0938 59.7695
vt -0.6094 0.9766
vt -58.4883 -79.6641
vt -98.0938 59.7695
vt -98.0938 59.7695
vt -58.4883 -79.6641
vt 0.0234 -67.5859
vt -58.4883 -79.6641
vt -58.7461 -63.0195
vt 0.0234 -67.5859
vt 0.0234 -67.5859
vt -58.7461 -63.0195
vt 80.6641 1.6094
vt -58.7461 -63.0195
vt 68.8789 -85.9609
vt 80.6641 1.6094
vt 80.6641 1.6094
vt 68.8789 -85.9609
vt 64.0195 59.4883
vt 68.8789 -85.9609
vt -0.6094 0.9766
vt 64.0195 59.4883
vt 64.0195 59.4883
vt -0.6094 0.9766
vt 96.8828 59.7500
vt -0.6094 0.9766
vt -58.4883 -73.6055
vt 96.8828 59.7500
vt 96.8828 59.7500
vt -58.4883 -73.6055
vt -127.9727 -68.2305
vt -58.4883 -73.6055
vt -58.7891 -63.0195
vt -127.9727 -68.2305
vt -127.9727 -68.2305
vt -58.7891 -63.0195
vt 99.6719 1.8242
vt -58.7891 -63.0195
vt 69.3789 -37.2695
vt 99.6719 1.8242
vt 99.6719 1.8242
vt 69.3789 -37.2695
vt 64.0195 59.4883
vt 69.3789 -37.2695
vt -0.8242 -63.0195
vt 64.0195 59.4883
vt 64.0195 59.4883
vt -0.8242 -63.0195
vt -124.5938 59.9219
vt -0.8242 -63.0195
vt -58.4883 75.1328
vt -124.5938 59.9219
vt -124.5938 59.9219
vt -58.4883 75.1328
vt 0.0195 -68.5859
vt -58.4883 75.1328
vt -58.9297 -63.0195
vt 0.0195 -68.5859
vt 0.0195 -68.5859
vt -58.9297 -63.0195
vt -18.0039 1.2812
vt -58.9297 -63.0195
vt 69.6562 118.9336
vt -18.0039 1.2812
vt -18.0039 1.2812
vt 69.6562 118.9336
vt 64.0195 59.4883
vt 69.6562 118.9336
vt -0.2617 -63.0117
vt 64.0195 59.4883
vt 64.0195 59.4883
vt -0.2617 -63.0117
vt 64.0000 59.7852
vt -0.2617 -63.0117
vt -58.4883 9.0039
vt 64.0000 59.7852
vt 64.0000 59.7852
vt -58.4883 9.0039
vt -31.9883 58.9883
vt -58.4883 9.0039
vt -58.7852 0.9688
vt -31.9883 58.9883
vt -31.9883 58.9883
vt -58.7852 0.9688
vt -8.0039 1.2422
vt -58.7852 0.9688
vt -58.3438 -26.7930
vt -8.0039 1.2422
vt -8.0039 1.2422
vt -58.3438 -26.7930
vt 0.0312 59.6211
vt -58.3438 -26.7930
vt -0.3867 0.9766
vt 0.0312 59.6211
vt 0.0312 59.6211
vt -0.3867 0.9766
vt 6.1914 59.9141
vt -0.3867 0.9766
vt -58.6211 39.0820
vt 6.1914 59.9141
vt 6.1914 59.9141
vt -58.6211 39.0820
vt 64.0195 59.4883
vt -58.6211 39.0820
vt -58.9297 0.9688
vt 64.0195 59.4883
vt 64.0195 59.4883
vt -58.9297 0.9688
vt -31.0586 1.2734
vt -58.9297 0.9688
vt -58.6211 -41.4453
vt -31.0586 1.2734
vt -31.0586 1.2734
vt -58.6211 -41.4453
vt 0.0312 59.6211
vt -58.6211 -41.4453
vt -0.4141 128.9727
vt 0.0312 59.6211
vt 0.0312 59.6211
vt -0.4141 128.9727
vt 45.2188 59.8789
vt -0.4141 128.9727
vt -58.6211 125.2109
vt 45.2188 59.8789
vt 45.2188 59.8789
vt -58.6211 125.2109
vt 0.0234 59.9141
vt -58.6211 125.2109
vt -58.9258 0.9688
vt 0.0234 59.9141
vt 0.0234 59.9141
vt -58.9258 0.9688
vt -109.2109 1.6406
vt -58.9258 0.9688
vt -59.1211 49.9297
vt -109.2109 1.6406
vt -109.2109 1.6406
vt -59.1211 49.9297
vt 0.0312 59.6211
vt -59.1211 49.9297
vt -0.0039 0.9766
vt 0.0312 59.6211
vt 0.0312 59.6211
vt -0.0039 0.9766
vt 90.8047 59.9766
vt -0.0039 0.9766
vt -58.6211 1.0039
vt 90.8047 59.9766
vt 90.8047 59.9766
vt -58.6211 1.0039
vt 0.0234 60.9141
vt -58.6211 1.0039
vt -58.8984 0.9688
vt 0.0234 60.9141
vt 0.0234 60.9141
vt -58.8984 0.9688
vt -24.0586 1.2422
vt -58.8984 0.9688
vt 0.0000 108.3594
vt -24.0586 1.2422
vt -24.0586 1.2422
vt 0.0000 108.3594
vt 0.0312 59.6211
vt 0.0000 108.3594
vt -0.6094 0.9727
vt 0.0312 59.6211
vt 0.0312 59.6211
vt -0.6094 0.9727
vt 60.9883 59.7188
vt -0.6094 0.9727
vt -58.6211 -91.6953
vt 60.9883 59.7188
vt 60.9883 59.7188
vt -58.6211 -91.6953
vt 0.0273 -67.5859
vt -58.6211 -91.6953
vt -58.8086 0.9688
vt 0.0273 -67.5859
vt 0.0273 -67.5859
vt -58.8086 0.9688
vt 80.6641 1.6094
vt -58.8086 0.9688
vt 68.8789 -8.8203
vt 80.6641 1.6094
vt 80.6641 1.6094
vt 68.8789 -8.8203
vt 0.0312 59.6211
vt 68.8789 -8.8203
vt -0.6328 0.9727
vt 0.0312 59.6211
vt 0.0312 59.6211
vt -0.6328 0.9727
vt 32.6016 59.7305
vt -0.6328 0.9727
vt -58.6211 -74.5859
vt 32.6016 59.7305
vt 32.6016 59.7305
vt -58.6211 -74.5859
vt -127.9727 -68.2305
vt -58.6211 -74.5859
vt -58.8125 0.9688
vt -127.9727 -68.2305
vt -127.9727 -68.2305
vt -58.8125 0.9688
vt 99.6719 1.8242
vt -58.8125 0.9688
vt 69.3789 -76.2734
vt 99.6719 1.8242
vt 99.6719 1.8242
vt 69.3789 -76.2734
vt 0.0312 59.6211
vt 69.3789 -76.2734
vt -0.8086 -63.0195
vt 0.0312 59.6211
vt 0.0312 59.6211
vt -0.8086 -63.0195
vt -111.7227 59.9961
vt -0.8086 -63.0195
vt -58.6211 46.0586
vt -111.7227 59.9961
vt -111.7227 59.9961
vt -58.6211 46.0586
vt 0.0234 -68.5859
vt -58.6211 46.0586
vt -59.0195 0.9688
vt 0.0234 -68.5859
vt 0.0234 -68.5859
vt -59.0195 0.9688
vt -8.0039 1.2422
vt -59.0195 0.9688
vt 69.6562 97.3984
vt -8.0039 1.2422
vt -8.0039 1.2422
vt 69.6562 97.3984
vt 0.0312 59.6211
vt 69.6562 97.3984
vt -0.2422 -63.0117
vt 0.0312 59.6211
vt 0.0312 59.6211
vt -0.2422 -63.0117
vt 64.0000 59.7852
vt -0.2422 -63.0117
vt -58.6211 9.0039
vt 64.0000 59.7852
vt 64.0000 59.7852
vt -58.6211 9.0039
vt -31.9883 58.9883
vt -58.6211 9.0039
vt -58.7852 128.9727
vt -31.9883 58.9883
vt -31.9883 58.9883
vt -58.7852 128.9727
vt -8.0039 1.2422
vt -58.7852 128.9727
vt -58.3438 -40.0039
vt -8.0039 1.2422
vt -8.0039 1.2422
vt -58.3438 -40.0039
vt -127.9727 59.7695
vt -58.3438 -40.0039
vt -0.2422 0.9805
vt -127.9727 59.7695
vt -127.9727 59.7695
vt -0.2422 0.9805
vt 45.3008 59.9492
vt -0.2422 0.9805
vt -58.7695 1.0039
vt 45.3008 59.9492
vt 45.3008 59.9492
vt -58.7695 1.0039
vt 64.0195 59.4883
vt -58.7695 1.0039
vt -58.9570 128.9727
vt 64.0195 59.4883
vt 64.0195 59.4883
vt -58.9570 128.9727
vt -35.0820 1.2852
vt -58.9570 128.9727
vt -58.6211 49.1055
vt -35.0820 1.2852
vt -35.0820 1.2852
vt -58.6211 49.1055
vt -127.9727 59.7695
vt -58.6211 49.1055
vt -0.5977 128.9727
vt -127.9727 59.7695
vt -127.9727 59.7695
vt -0.5977 128.9727
vt -88.8477 59.8828
vt -0.5977 128.9727
vt -58.7695 95.2109
vt -88.8477 59.8828
vt -88.8477 59.8828
vt -58.7695 95.2109
vt 0.0195 59.9141
vt -58.7695 95.2109
vt -58.9453 128.9727
vt 0.0195 59.9141
vt 0.0195 59.9141
vt -58.9453 128.9727
vt -39.0859 1.3438
vt -58.9453 128.9727
vt -59.1211 -91.0625
vt -39.0859 1.3438
vt -39.0859 1.3438
vt -59.1211 -91.0625
vt -127.9727 59.7695
vt -59.1211 -91.0625
vt -0.0039 0.9805
vt -127.9727 59.7695
vt -127.9727 59.7695
vt -0.0039 0.9805
vt -92.7578 60.0273
vt -0.0039 0.9805
vt -58.7695 1.0039
vt -92.7578 60.0273
vt -92.7578 60.0273
vt -58.7695 1.0039
vt 0.0195 60.9141
vt -58.7695 1.0039
vt -58.9141 128.9727
vt 0.0195 60.9141
vt 0.0195 60.9141
vt -58.9141 128.9727
vt -0.0039 1.1289
vt -58.9141 128.9727
vt 0.0000 -24.3789
vt -0.0039 1.1289
vt -0.0039 1.1289
vt 0.0000 -24.3789
vt -127.9727 59.7695
vt 0.0000 -24.3789
vt -0.5898 0.9766
vt -127.9727 59.7695
vt -127.9727 59.7695
vt -0.5898 0.9766
vt -7.6484 59.8320
vt -0.5898 0.9766
vt -58.7695 -79.6641
vt -7.6484 59.8320
vt -7.6484 59.8320
vt -58.7695 -79.6641
vt 0.0234 -67.5859
vt -58.7695 -79.6641
vt -58.7969 128.9727
vt 0.0234 -67.5859
vt 0.0234 -67.5859
vt -58.7969 128.9727
vt 92.6953 1.6328
vt -58.7969 128.9727
vt 68.8789 95.2969
vt 92.6953 1.6328
vt 92.6953 1.6328
vt 68.8789 95.2969
vt -127.9727 59.7695
vt 68.8789 95.2969
vt -0.6328 0.9766
vt -127.9727 59.7695
vt -127.9727 59.7695
vt -0.6328 0.9766
vt 56.2773 59.7500
vt -0.6328 0.9766
vt -58.7695 -102.6875
vt 56.2773 59.7500
vt 56.2773 59.7500
vt -58.7695 -102.6875
vt -127.9727 -68.2305
vt -58.7695 -102.6875
vt -58.8477 128.9727
vt -127.9727 -68.2305
vt -127.9727 -68.2305
vt -58.8477 128.9727
vt -124.2109 1.6992
vt -58.8477 128.9727
vt 69.3789 -101.3477
vt -124.2109 1.6992
vt -124.2109 1.6992
vt 69.3789 -101.3477
vt -127.9727 59.7695
vt 69.3789 -101.3477
vt -0.3516 -63.0195
vt -127.9727 59.7695
vt -127.9727 59.7695
vt -0.3516 -63.0195
vt -52.8047 60.0977
vt -0.3516 -63.0195
vt -58.7695 1.0039
vt -52.8047 60.0977
vt -52.8047 60.0977
vt -58.7695 1.0039
vt 0.0195 -68.5859
vt -58.7695 1.0039
vt -59.1328 128.9727
vt 0.0195 -68.5859
vt 0.0195 -68.5859
vt -59.1328 128.9727
vt -0.0039 1.0039
vt -59.1328 128.9727
vt 69.6562 -7.4844
vt -0.0039 1.0039
vt -0.0039 1.0039
vt 69.6562 -7.4844
vt -127.9727 59.7695
vt 69.6562 -7.4844
vt -0.2930 -63.0117
vt -127.9727 59.7695
vt -127.9727 59.7695
vt -0.2930 -63.0117
vt 64.0000 59.7852
vt -0.2930 -63.0117
vt -58.7695 9.0039
vt 64.0000 59.7852
vt 64.0000 59.7852
vt -58.7695 9.0039
vt -31.9883 58.9883
vt -58.7695 9.0039
vt -58.7852 0.9727
vt -31.9883 58.9883
vt -31.9883 58.9883
vt -58.7852 0.9727
vt -8.0039 1.2422
vt -58.7852 0.9727
vt -58.3438 -101.4062
vt -8.0039 1.2422
vt -8.0039 1.2422
vt -58.3438 -101.4062
vt 0.0234 59.9141
vt -58.3438 -101.4062
vt -0.3984 0.9805
vt 0.0234 59.9141
vt 0.0234 59.9141
vt -0.3984 0.9805
vt -124.6172 59.9609
vt -0.3984 0.9805
vt -58.9141 1.0039
vt -124.6172 59.9609
vt -124.6172 59.9609
vt -58.9141 1.0039
vt 64.0195 59.4883
vt -58.9141 1.0039
vt -58.9648 0.9766
vt 64.0195 59.4883
vt 64.0195 59.4883
vt -58.9648 0.9766
vt -13.0312 1.2031
vt -58.9648 0.9766
vt -58.6211 -119.0469
vt -13.0312 1.2031
vt -13.0312 1.2031
vt -58.6211 -119.0469
vt 0.0234 59.9141
vt -58.6211 -119.0469
vt -0.3438 128.9727
vt 0.0234 59.9141
vt 0.0234 59.9141
vt -0.3438 128.9727
vt 127.0312 59.9102
vt -0.3438 128.9727
vt -58.9141 7.0039
vt 127.0312 59.9102
vt 127.0312 59.9102
vt -58.9141 7.0039
vt 0.0195 59.9141
vt -58.9141 7.0039
vt -58.9727 0.9766
vt 0.0195 59.9141
vt 0.0195 59.9141
vt -58.9727 0.9766
vt -2.0039 1.1602
vt -58.9727 0.9766
vt -59.1211 -68.2500
vt -2.0039 1.1602
vt -2.0039 1.1602
vt -59.1211 -68.2500
vt 0.0234 59.9141
vt -59.1211 -68.2500
vt -0.0039 0.9805
vt 0.0234 59.9141
vt 0.0234 59.9141
vt -0.0039 0.9805
vt -23.3008 60.0469
vt -0.0039 0.9805
vt -58.9141 1.0039
vt -23.3008 60.0469
vt -23.3008 60.0469
vt -58.9141 1.0039
vt 0.0195 60.9141
vt -58.9141 1.0039
vt -58.9141 0.9766
vt 0.0195 60.9141
vt 0.0195 60.9141
vt -58.9141 0.9766
vt -0.0039 1.1289
vt -58.9141 0.9766
vt 0.0000 -64.3984
vt -0.0039 1.1289
vt -0.0039 1.1289
vt 0.0000 -64.3984
vt 0.0234 59.9141
vt 0.0000 -64.3984
vt -0.5234 0.9766
vt 0.0234 59.9141
vt 0.0234 59.9141
vt -0.5234 0.9766
vt -114.8594 59.7383
vt -0.5234 0.9766
vt -58.9141 -94.6836
vt -114.8594 59.7383
vt -114.8594 59.7383
vt -58.9141 -94.6836
vt 0.0234 -67.5859
vt -58.9141 -94.6836
vt -58.7383 0.9766
vt 0.0234 -67.5859
vt 0.0234 -67.5859
vt -58.7383 0.9766
vt 88.6680 1.7422
vt -58.7383 0.9766
vt 68.8789 123.1523
vt 88.6680 1.7422
vt 88.6680 1.7422
vt 68.8789 123.1523
vt 0.0234 59.9141
vt 68.8789 123.1523
vt -0.7266 0.9766
vt 0.0234 59.9141
vt 0.0234 59.9141
vt -0.7266 0.9766
vt -126.5156 59.8281
vt -0.7266 0.9766
vt -58.9141 97.1094
vt -126.5156 59.8281
vt -126.5156 59.8281
vt -58.9141 97.1094
vt -127.9727 -68.2305
vt -58.9141 97.1094
vt -58.9023 0.9766
vt -127.9727 -68.2305
vt -127.9727 -68.2305
vt -58.9023 0.9766
vt -51.0039 1.3945
vt -58.9023 0.9766
vt 69.3789 56.5430
vt -51.0039 1.3945
vt -51.0039 1.3945
vt 69.3789 56.5430
vt 0.0234 59.9141
vt 69.3789 56.5430
vt -0.0039 -63.0195
vt 0.0234 59.9141
vt 0.0234 59.9141
vt -0.0039 -63.0195
vt 100.2617 60.1133
vt -0.0039 -63.0195
vt -58.9141 1.0039
vt 100.2617 60.1133
vt 100.2617 60.1133
vt -58.9141 1.0039
vt 0.0195 -68.5859
vt -58.9141 1.0039
vt -59.1250 0.9766
vt 0.0195 -68.5859
vt 0.0195 -68.5859
vt -59.1250 0.9766
vt -0.0039 1.0039
vt -59.1250 0.9766
vt 69.6562 -49.5977
vt -0.0039 1.0039
vt -0.0039 1.0039
vt 69.6562 -49.5977
vt 0.0234 59.9141
vt 69.6562 -49.5977
vt -0.2266 -63.0117
vt 0.0234 59.9141
vt 0.0234 59.9141
vt -0.2266 -63.0117
vt 64.0000 59.7852
vt -0.2266 -63.0117
vt -58.9141 9.0039
vt 64.0000 59.7852
vt 64.0000 59.7852
vt -58.9141 9.0039
vt -31.9883 58.9883
vt -58.9141 9.0039
vt -58.7852 0.9688
vt -31.9883 58.9883
vt -31.9883 58.9883
vt -58.7852 0.9688
vt -8.0039 1.2422
vt -58.7852 0.9688
vt -58.3438 -3.0898
vt -8.0039 1.2422
vt -8.0039 1.2422
vt -58.3438 -3.0898
vt 0.0312 60.1211
vt -58.3438 -3.0898
vt -0.4688 0.9805
vt 0.0312 60.1211
vt 0.0312 60.1211
vt -0.4688 0.9805
vt 74.1367 59.9531
vt -0.4688 0.9805
vt -59.1211 1.0039
vt 74.1367 59.9531
vt 74.1367 59.9531
vt -59.1211 1.0039
vt 64.0195 59.4883
vt -59.1211 1.0039
vt -58.9531 0.9688
vt 64.0195 59.4883
vt 64.0195 59.4883
vt -58.9531 0.9688
vt -13.0312 1.2031
vt -58.9531 0.9688
vt -58.6211 -93.5625
vt -13.0312 1.2031
vt -13.0312 1.2031
vt -58.6211 -93.5625
vt 0.0312 60.1211
vt -58.6211 -93.5625
vt -0.2031 128.9727
vt 0.0312 60.1211
vt 0.0312 60.1211
vt -0.2031 128.9727
vt 5.8750 59.9453
vt -0.2031 128.9727
vt -59.1211 3.0039
vt 5.8750 59.9453
vt 5.8750 59.9453
vt -59.1211 3.0039
vt 0.0195 59.9141
vt -59.1211 3.0039
vt -59.0078 0.9688
vt 0.0195 59.9141
vt 0.0195 59.9141
vt -59.0078 0.9688
vt -0.0039 1.0039
vt -59.0078 0.9688
vt -59.1211 106.4258
vt -0.0039 1.0039
vt -0.0039 1.0039
vt -59.1211 106.4258
vt 0.0312 60.1211
vt -59.1211 106.4258
vt -0.0039 0.9805
vt 0.0312 60.1211
vt 0.0312 60.1211
vt -0.0039 0.9805
vt -93.6367 60.0273
vt -0.0039 0.9805
vt -59.1211 1.0039
vt -93.6367 60.0273
vt -93.6367 60.0273
vt -59.1211 1.0039
vt 0.0195 60.9141
vt -59.1211 1.0039
vt -58.9023 0.9688
vt 0.0195 60.9141
vt 0.0195 60.9141
vt -58.9023 0.9688
vt -45.1094 1.3281
vt -58.9023 0.9688
vt 0.0000 -102.2188
vt -45.1094 1.3281
vt -45.1094 1.3281
vt 0.0000 -102.2188
vt 0.0312 60.1211
vt 0.0000 -102.2188
vt -0.6016 0.9766
vt 0.0312 60.1211
vt 0.0312 60.1211
vt -0.6016 0.9766
vt -29.4180 59.7969
vt -0.6016 0.9766
vt -59.1211 -97.6836
vt -29.4180 59.7969
vt -29.4180 59.7969
vt -59.1211 -97.6836
vt 0.0234 -67.5859
vt -59.1211 -97.6836
vt -58.8398 0.9688
vt 0.0234 -67.5859
vt 0.0234 -67.5859
vt -58.8398 0.9688
vt 127.8008 1.5547
vt -58.8398 0.9688
vt 68.8789 54.0820
vt 127.8008 1.5547
vt 127.8008 1.5547
vt 68.8789 54.0820
vt 0.0312 60.1211
vt 68.8789 54.0820
vt -0.5234 0.9766
vt 0.0312 60.1211
vt 0.0312 60.1211
vt -0.5234 0.9766
vt -56.5742 59.9219
vt -0.5234 0.9766
vt -59.1211 28.0039
vt -56.5742 59.9219
vt -56.5742 59.9219
vt -59.1211 28.0039
vt -127.9727 -68.2305
vt -59.1211 28.0039
vt -58.9531 0.9688
vt -127.9727 -68.2305
vt -127.9727 -68.2305
vt -58.9531 0.9688
vt -0.0039 1.0039
vt -58.9531 0.9688
vt 69.3789 -120.3242
vt -0.0039 1.0039
vt -0.0039 1.0039
vt 69.3789 -120.3242
vt 0.0312 60.1211
vt 69.3789 -120.3242
vt -0.0039 -63.0195
vt 0.0312 60.1211
vt 0.0312 60.1211
vt -0.0039 -63.0195
vt -55.8086 60.0664
vt -0.0039 -63.0195
vt -59.1211 1.0039
vt -55.8086 60.0664
vt -55.8086 60.0664
vt -59.1211 1.0039
vt 0.0195 -68.5859
vt -59.1211 1.0039
vt -59.0391 0.9688
vt 0.0195 -68.5859
vt 0.0195 -68.5859
vt -59.0391 0.9688
vt -17.0039 1.2188
vt -59.0391 0.9688
vt 69.6562 -7.3359
vt -17.0039 1.2188
vt -17.0039 1.2188
vt 69.6562 -7.3359
vt 0.0312 60.1211
vt 69.6562 -7.3359
vt -0.2773 -63.0117
vt 0.0312 60.1211
vt 0.0312 60.1211
vt -0.2773 -63.0117
vt 64.0000 59.7852
vt -0.2773 -63.0117
vt -59.1211 9.0039
vt 64.0000 59.7852
vt 64.0000 59.7852
vt -59.1211 9.0039
vt -31.9883 58.9883
vt -59.1211 9.0039
vt -58.7852 0.9727
vt -31.9883 58.9883
vt -31.9883 58.9883
vt -58.7852 0.9727
vt -8.0039 1.2422
vt -58.7852 0.9727
vt -58.3438 -31.5781
vt -8.0039 1.2422
vt -8.0039 1.2422
vt -58.3438 -31.5781
vt 0.0234 60.4141
vt -58.3438 -31.5781
vt -0.4297 0.9805
vt 0.0234 60.4141
vt 0.0234 60.4141
vt -0.4297 0.9805
vt 7.2773 59.9414
vt -0.4297 0.9805
vt -59.4141 24.0039
vt 7.2773 59.9414
vt 7.2773 59.9414
vt -59.4141 24.0039
vt 64.0195 59.4883
vt -59.4141 24.0039
vt -58.9375 0.9766
vt 64.0195 59.4883
vt 64.0195 59.4883
vt -58.9375 0.9766
vt -71.1602 1.4688
vt -58.9375 0.9766
vt -58.6211 71.7227
vt -71.1602 1.4688
vt -71.1602 1.4688
vt -58.6211 71.7227
vt 0.0234 60.4141
vt -58.6211 71.7227
vt -0.4414 128.9727
vt 0.0234 60.4141
vt 0.0234 60.4141
vt -0.4414 128.9727
vt -0.1016 59.9688
vt -0.4414 128.9727
vt -59.4141 11.0430
vt -0.1016 59.9688
vt -0.1016 59.9688
vt -59.4141 11.0430
vt 0.0195 59.9141
vt -59.4141 11.0430
vt -59.0391 0.9766
vt 0.0195 59.9141
vt 0.0195 59.9141
vt -59.0391 0.9766
vt -0.0039 1.0039
vt -59.0391 0.9766
vt -59.1211 -11.6211
vt -0.0039 1.0039
vt -0.0039 1.0039
vt -59.1211 -11.6211
vt 0.0234 60.4141
vt -59.1211 -11.6211
vt -0.0039 0.9805
vt 0.0234 60.4141
vt 0.0234 60.4141
vt -0.0039 0.9805
vt 85.5000 60.0000
vt -0.0039 0.9805
vt -59.4141 1.0039
vt 85.5000 60.0000
vt 85.5000 60.0000
vt -59.4141 1.0039
vt 0.0195 60.9141
vt -59.4141 1.0039
vt -58.8828 0.9766
vt 0.0195 60.9141
vt 0.0195 60.9141
vt -58.8828 0.9766
vt -90.2109 1.5234
vt -58.8828 0.9766
vt 0.0000 -68.9766
vt -90.2109 1.5234
vt -90.2109 1.5234
vt 0.0000 -68.9766
vt 0.0234 60.4141
vt 0.0000 -68.9766
vt -0.5977 0.9766
vt 0.0234 60.4141
vt 0.0234 60.4141
vt -0.5977 0.9766
vt 61.0469 59.8242
vt -0.5977 0.9766
vt -59.4141 -102.6836
vt 61.0469 59.8242
vt 61.0469 59.8242
vt -59.4141 -102.6836
vt 0.0234 -67.5859
vt -59.4141 -102.6836
vt -58.9062 0.9766
vt 0.0234 -67.5859
vt 0.0234 -67.5859
vt -58.9062 0.9766
vt -47.0156 1.3281
vt -58.9062 0.9766
vt 68.8789 -94.6797
vt -47.0156 1.3281
vt -47.0156 1.3281
vt 68.8789 -94.6797
vt 0.0234 60.4141
vt 68.8789 -94.6797
vt -0.2773 0.9766
vt 0.0234 60.4141
vt 0.0234 60.4141
vt -0.2773 0.9766
vt 93.0352 59.9727
vt -0.2773 0.9766
vt -59.4141 1.0039
vt 93.0352 59.9727
vt 93.0352 59.9727
vt -59.4141 1.0039
vt -127.9727 -68.2305
vt -59.4141 1.0039
vt -58.9727 0.9766
vt -127.9727 -68.2305
vt -127.9727 -68.2305
vt -58.9727 0.9766
vt -0.0039 1.0039
vt -58.9727 0.9766
vt 69.3789 -15.4844
vt -0.0039 1.0039
vt -0.0039 1.0039
vt 69.3789 -15.4844
vt 0.0234 60.4141
vt 69.3789 -15.4844
vt -0.2031 -63.0195
vt 0.0234 60.4141
vt 0.0234 60.4141
vt -0.2031 -63.0195
vt 47.5977 59.9961
vt -0.2031 -63.0195
vt -59.4141 35.0039
vt 47.5977 59.9961
vt 47.5977 59.9961
vt -59.4141 35.0039
vt 0.0195 -68.5859
vt -59.4141 35.0039
vt -58.9805 0.9766
vt 0.0195 -68.5859
vt 0.0195 -68.5859
vt -58.9805 0.9766
vt -47.0391 1.3867
vt -58.9805 0.9766
vt 69.6562 21.9297
vt -47.0391 1.3867
vt -47.0391 1.3867
vt 69.6562 21.9297
vt 0.0234 60.4141
vt 69.6562 21.9297
vt -0.2773 -63.0117
vt 0.0234 60.4141
vt 0.0234 60.4141
vt -0.2773 -63.0117
vt 64.0000 59.7852
vt -0.2773 -63.0117
vt -59.4141 9.0039
vt 64.0000 59.7852
vt 64.0000 59.7852
vt -59.4141 9.0039
vt -31.9883 58.9883
vt -59.4141 9.0039
vt -58.7852 0.9727
vt -31.9883 58.9883
vt -31.9883 58.9883
vt -58.7852 0.9727
vt -8.0039 1.2422
vt -58.7852 0.9727
vt -58.3438 1.4648
vt -8.0039 1.2422
vt -8.0039 1.2422
vt -58.3438 1.4648
vt 0.0234 60.9141
vt -58.3438 1.4648
vt -0.4219 0.9766
vt 0.0234 60.9141
vt 0.0234 60.9141
vt -0.4219 0.9766
vt 43.6836 59.9336
vt -0.4219 0.9766
vt -59.9141 54.0039
vt 43.6836 59.9336
vt 43.6836 59.9336
vt -59.9141 54.0039
vt 64.0195 59.4883
vt -59.9141 54.0039
vt -58.9219 0.9766
vt 64.0195 59.4883
vt 64.0195 59.4883
vt -58.9219 0.9766
vt -109.2109 1.6406
vt -58.9219 0.9766
vt -58.6211 55.0820
vt -109.2109 1.6406
vt -109.2109 1.6406
vt -58.6211 55.0820
vt 0.0234 60.9141
vt -58.6211 55.0820
vt -0.9180 128.9727
vt 0.0234 60.9141
vt 0.0234 60.9141
vt -0.9180 128.9727
vt 125.9414 59.9609
vt -0.9180 128.9727
vt -59.9141 50.1094
vt 125.9414 59.9609
vt 125.9414 59.9609
vt -59.9141 50.1094
vt 0.0234 59.9141
vt -59.9141 50.1094
vt -59.0312 0.9766
vt 0.0234 59.9141
vt 0.0234 59.9141
vt -59.0312 0.9766
vt -0.0039 1.1289
vt -59.0312 0.9766
vt -59.1211 101.9062
vt -0.0039 1.1289
vt -0.0039 1.1289
vt -59.1211 101.9062
vt 0.0234 60.9141
vt -59.1211 101.9062
vt -0.0039 0.9766
vt 0.0234 60.9141
vt 0.0234 60.9141
vt -0.0039 0.9766
vt -0.0117 59.9883
vt -0.0039 0.9766
vt -59.9141 1.0039
vt -0.0117 59.9883
vt -0.0117 59.9883
vt -59.9141 1.0039
vt 0.0234 60.9141
vt -59.9141 1.0039
vt -58.8672 0.9766
vt 0.0234 60.9141
vt 0.0234 60.9141
vt -58.8672 0.9766
vt 120.6875 1.7227
vt -58.8672 0.9766
vt 0.0000 -103.2461
vt 120.6875 1.7227
vt 120.6875 1.7227
vt 0.0000 -103.2461
vt 0.0234 60.9141
vt 0.0000 -103.2461
vt -0.5977 0.9727
vt 0.0234 60.9141
vt 0.0234 60.9141
vt -0.5977 0.9727
vt 13.3281 59.8164
vt -0.5977 0.9727
vt -59.9141 -123.7578
vt 13.3281 59.8164
vt 13.3281 59.8164
vt -59.9141 -123.7578
vt 0.0273 -67.5859
vt -59.9141 -123.7578
vt -58.9062 0.9766
vt 0.0273 -67.5859
vt 0.0273 -67.5859
vt -58.9062 0.9766
vt -52.0156 1.3672
vt -58.9062 0.9766
vt 68.8789 -36.6523
vt -52.0156 1.3672
vt -52.0156 1.3672
vt 68.8789 -36.6523
vt 0.0234 60.9141
vt 68.8789 -36.6523
vt -0.2773 0.9727
vt 0.0234 60.9141
vt 0.0234 60.9141
vt -0.2773 0.9727
vt 25.7773 59.9688
vt -0.2773 0.9727
vt -59.9141 1.0039
vt 25.7773 59.9688
vt 25.7773 59.9688
vt -59.9141 1.0039
vt -127.9727 -68.2305
vt -59.9141 1.0039
vt -58.9570 0.9766
vt -127.9727 -68.2305
vt -127.9727 -68.2305
vt -58.9570 0.9766
vt -0.0039 1.0039
vt -58.9570 0.9766
vt 69.3789 46.6523
vt -0.0039 1.0039
vt -0.0039 1.0039
vt 69.3789 46.6523
vt 0.0234 60.9141
vt 69.3789 46.6523
vt -0.3516 -63.0195
vt 0.0234 60.9141
vt 0.0234 60.9141
vt -0.3516 -63.0195
vt 67.2422 59.9609
vt -0.3516 -63.0195
vt -59.9141 32.0039
vt 67.2422 59.9609
vt 67.2422 59.9609
vt -59.9141 32.0039
vt 0.0234 -68.5859
vt -59.9141 32.0039
vt -58.9609 0.9766
vt 0.0234 -68.5859
vt 0.0234 -68.5859
vt -58.9609 0.9766
vt -27.0312 1.3164
vt -58.9609 0.9766
vt 69.6562 -46.1602
vt -27.0312 1.3164
vt -27.0312 1.3164
vt 69.6562 -46.1602
vt 0.0234 60.9141
vt 69.6562 -46.1602
vt -0.2773 -63.0117
vt 0.0234 60.9141
vt 0.0234 60.9141
vt -0.2773 -63.0117
vt 64.0000 59.7852
vt -0.2773 -63.0117
vt -59.9141 9.0039
vt 64.0000 59.7852
vt 64.0000 59.7852
vt -59.9141 9.0039
vt -31.9883 58.9883
vt -59.9141 9.0039
vt -58.7852 1.0000
vt -31.9883 58.9883
vt -31.9883 58.9883
vt -58.7852 1.0000
vt -8.0039 1.2422
vt -58.7852 1.0000
vt -58.3438 -8.7539
vt -8.0039 1.2422
vt -8.0039 1.2422
vt -58.3438 -8.7539
vt 0.0000 1.0000
vt -58.3438 -8.7539
vt -0.4219 0.9805
vt 0.0000 1.0000
vt 0.0000 1.0000
vt -0.4219 0.9805
vt 19.3984 59.9258
vt -0.4219 0.9805
vt 0.0000 69.0039
vt 19.3984 59.9258
vt 19.3984 59.9258
vt 0.0000 69.0039
vt 64.0195 59.4883
vt 0.0000 69.0039
vt -58.9102 1.0000
vt 64.0195 59.4883
vt 64.0195 59.4883
vt -58.9102 1.0000
vt -96.1094 1.5898
vt -58.9102 1.0000
vt -58.6211 34.9102
vt -96.1094 1.5898
vt -96.1094 1.5898
vt -58.6211 34.9102
vt 0.0000 1.0000
vt -58.6211 34.9102
vt -0.6992 128.9727
vt 0.0000 1.0000
vt 0.0000 1.0000
vt -0.6992 128.9727
vt -34.5547 59.9414
vt -0.6992 128.9727
vt 0.0000 94.1602
vt -34.5547 59.9414
vt -34.5547 59.9414
vt 0.0000 94.1602
vt 0.0195 59.9141
vt 0.0000 94.1602
vt -58.9883 1.0000
vt 0.0195 59.9141
vt 0.0195 59.9141
vt -58.9883 1.0000
vt -28.0586 1.2617
vt -58.9883 1.0000
vt -59.1211 -107.8086
vt -28.0586 1.2617
vt -28.0586 1.2617
vt -59.1211 -107.8086
vt 0.0000 1.0000
vt -59.1211 -107.8086
vt -0.1289 0.9805
vt 0.0000 1.0000
vt 0.0000 1.0000
vt -0.1289 0.9805
vt 96.6094 59.9648
vt -0.1289 0.9805
vt 0.0000 71.1602
vt 96.6094 59.9648
vt 96.6094 59.9648
vt 0.0000 71.1602
vt 0.0195 60.9141
vt 0.0000 71.1602
vt -58.8555 1.0000
vt 0.0195 60.9141
vt 0.0195 60.9141
vt -58.8555 1.0000
vt 86.6250 1.7656
vt -58.8555 1.0000
vt 0.0000 -39.0430
vt 86.6250 1.7656
vt 86.6250 1.7656
vt 0.0000 -39.0430
vt 0.0000 1.0000
vt 0.0000 -39.0430
vt -0.6094 0.9766
vt 0.0000 1.0000
vt 0.0000 1.0000
vt -0.6094 0.9766
vt -15.3633 59.8047
vt -0.6094 0.9766
vt 0.0000 119.1797
vt -15.3633 59.8047
vt -15.3633 59.8047
vt 0.0000 119.1797
vt 0.0234 -67.5859
vt 0.0000 119.1797
vt -58.8789 1.0000
vt 0.0234 -67.5859
vt 0.0234 -67.5859
vt -58.8789 1.0000
vt -47.0156 1.3281
vt -58.8789 1.0000
vt 68.8789 15.8555
vt -47.0156 1.3281
vt -47.0156 1.3281
vt 68.8789 15.8555
vt 0.0000 1.0000
vt 68.8789 15.8555
vt -0.2773 0.9766
vt 0.0000 1.0000
vt 0.0000 1.0000
vt -0.2773 0.9766
vt 89.6445 59.9375
vt -0.2773 0.9766
vt 0.0000 18.0078
vt 89.6445 59.9375
vt 89.6445 59.9375
vt 0.0000 18.0078
vt -127.9727 -68.2305
vt 0.0000 18.0078
vt -58.9258 1.0000
vt -127.9727 -68.2305
vt -127.9727 -68.2305
vt -58.9258 1.0000
vt -26.0039 1.2773
vt -58.9258 1.0000
vt 69.3789 80.8242
vt -26.0039 1.2773
vt -26.0039 1.2773
vt 69.3789 80.8242
vt 0.0000 1.0000
vt 69.3789 80.8242
vt -0.5312 -63.0195
vt 0.0000 1.0000
vt 0.0000 1.0000
vt -0.5312 -63.0195
vt -55.8516 59.9336
vt -0.5312 -63.0195
vt 0.0000 64.0859
vt -55.8516 59.9336
vt -55.8516 59.9336
vt 0.0000 64.0859
vt 0.0195 -68.5859
vt 0.0000 64.0859
vt -58.9453 1.0000
vt 0.0195 -68.5859
vt 0.0195 -68.5859
vt -58.9453 1.0000
vt -56.0742 1.4336
vt -58.9453 1.0000
vt 69.6562 -21.2070
vt -56.0742 1.4336
vt -56.0742 1.4336
vt 69.6562 -21.2070
vt 0.0000 1.0000
vt 69.6562 -21.2070
vt -0.2422 -63.0117
vt 0.0000 1.0000
vt 0.0000 1.0000
vt -0.2422 -63.0117
vt 64.0000 59.7852
vt -0.2422 -63.0117
vt 0.0000 9.0039
vt 64.0000 59.7852
vt 64.0000 59.7852
vt 0.0000 9.0039
vt -31.9883 58.9883
vt 0.0000 9.0039
vt -58.7852 0.9727
vt -31.9883 58.9883
vt -31.9883 58.9883
vt -58.7852 0.9727
vt -8.0039 1.2422
vt -58.7852 0.9727
vt -58.3438 -37.3594
vt -8.0039 1.2422
vt -8.0039 1.2422
vt -58.3438 -37.3594
vt 0.0234 -67.0859
vt -58.3438 -37.3594
vt -0.3945 0.9805
vt 0.0234 -67.0859
vt 0.0234 -67.0859
vt -0.3945 0.9805
vt 56.2578 59.9180
vt -0.3945 0.9805
vt 68.0859 69.0039
vt 56.2578 59.9180
vt 56.2578 59.9180
vt 68.0859 69.0039
vt 64.0195 59.4883
vt 68.0859 69.0039
vt -58.9062 0.9766
vt 64.0195 59.4883
vt 64.0195 59.4883
vt -58.9062 0.9766
vt -96.1094 1.5898
vt -58.9062 0.9766
vt -58.6211 73.6211
vt -96.1094 1.5898
vt -96.1094 1.5898
vt -58.6211 73.6211
vt 0.0234 -67.0859
vt -58.6211 73.6211
vt -0.6992 128.9727
vt 0.0234 -67.0859
vt 0.0234 -67.0859
vt -0.6992 128.9727
vt 98.8086 59.9141
vt -0.6992 128.9727
vt 68.0859 97.1094
vt 98.8086 59.9141
vt 98.8086 59.9141
vt 68.0859 97.1094
vt 0.0195 59.9141
vt 68.0859 97.1094
vt -58.9492 0.9766
vt 0.0195 59.9141
vt 0.0195 59.9141
vt -58.9492 0.9766
vt -93.1602 1.5586
vt -58.9492 0.9766
vt -59.1211 -1.5039
vt -93.1602 1.5586
vt -93.1602 1.5586
vt -59.1211 -1.5039
vt 0.0234 -67.0859
vt -59.1211 -1.5039
vt -0.5234 0.9805
vt 0.0234 -67.0859
vt 0.0234 -67.0859
vt -0.5234 0.9805
vt -67.5273 59.9375
vt -0.5234 0.9805
vt 68.0859 113.2227
vt -67.5273 59.9375
vt -67.5273 59.9375
vt 68.0859 113.2227
vt 0.0195 60.9141
vt 68.0859 113.2227
vt -58.8594 0.9766
vt 0.0195 60.9141
vt 0.0195 60.9141
vt -58.8594 0.9766
vt 121.7656 1.5742
vt -58.8594 0.9766
vt 0.0000 -38.1562
vt 121.7656 1.5742
vt 121.7656 1.5742
vt 0.0000 -38.1562
vt 0.0234 -67.0859
vt 0.0000 -38.1562
vt -0.6094 0.9766
vt 0.0234 -67.0859
vt 0.0234 -67.0859
vt -0.6094 0.9766
vt 96.2070 59.8047
vt -0.6094 0.9766
vt 68.0859 -105.7422
vt 96.2070 59.8047
vt 96.2070 59.8047
vt 68.0859 -105.7422
vt 0.0234 -67.5859
vt 68.0859 -105.7422
vt -58.8516 0.9766
vt 0.0234 -67.5859
vt 0.0234 -67.5859
vt -58.8516 0.9766
vt -100.1289 1.6016
vt -58.8516 0.9766
vt 68.8789 -39.0391
vt -100.1289 1.6016
vt -100.1289 1.6016
vt 68.8789 -39.0391
vt 0.0234 -67.0859
vt 68.8789 -39.0391
vt -0.5430 0.9766
vt 0.0234 -67.0859
vt 0.0234 -67.0859
vt -0.5430 0.9766
vt -76.2930 59.9023
vt -0.5430 0.9766
vt 68.0859 111.1641
vt -76.2930 59.9023
vt -76.2930 59.9023
vt 68.0859 111.1641
vt -127.9727 -68.2305
vt 68.0859 111.1641
vt -58.9023 0.9766
vt -127.9727 -68.2305
vt -127.9727 -68.2305
vt -58.9023 0.9766
vt -81.1094 1.5312
vt -58.9023 0.9766
vt 69.3789 104.8398
vt -81.1094 1.5312
vt -81.1094 1.5312
vt 69.3789 104.8398
vt 0.0234 -67.0859
vt 69.3789 104.8398
vt -0.5312 -63.0195
vt 0.0234 -67.0859
vt 0.0234 -67.0859
vt -0.5312 -63.0195
vt -48.8203 59.9141
vt -0.5312 -63.0195
vt 68.0859 97.1094
vt -48.8203 59.9141
vt -48.8203 59.9141
vt 68.0859 97.1094
vt 0.0195 -68.5859
vt 68.0859 97.1094
vt -58.9258 0.9766
vt 0.0195 -68.5859
vt 0.0195 -68.5859
vt -58.9258 0.9766
vt -61.0078 1.4531
vt -58.9258 0.9766
vt 69.6562 -48.6172
vt -61.0078 1.4531
vt -61.0078 1.4531
vt 69.6562 -48.6172
vt 0.0234 -67.0859
vt 69.6562 -48.6172
vt -0.2773 -63.0117
vt 0.0234 -67.0859
vt 0.0234 -67.0859
vt -0.2773 -63.0117
vt 64.0000 59.7852
vt -0.2773 -63.0117
vt 68.0859 9.0039
vt 64.0000 59.7852
vt 64.0000 59.7852
vt 68.0859 9.0039
vt -31.9883 58.9883
vt 68.0859 9.0039
vt -58.7852 0.9727
vt -31.9883 58.9883
vt -31.9883 58.9883
vt -58.7852 0.9727
vt -8.0039 1.2422
vt -58.7852 0.9727
vt -58.3438 -46.3555
vt -8.0039 1.2422
vt -8.0039 1.2422
vt -58.3438 -46.3555
vt 0.0273 -67.5859
vt -58.3438 -46.3555
vt -0.4219 0.9805
vt 0.0273 -67.5859
vt 0.0273 -67.5859
vt -0.4219 0.9805
vt 53.8086 59.9062
vt -0.4219 0.9805
vt 68.5859 97.1094
vt 53.8086 59.9062
vt 53.8086 59.9062
vt 68.5859 97.1094
vt 64.0195 59.4883
vt 68.5859 97.1094
vt -58.9062 0.9727
vt 64.0195 59.4883
vt 64.0195 59.4883
vt -58.9062 0.9727
vt -124.2109 1.6992
vt -58.9062 0.9727
vt -58.6211 -105.7734
vt -124.2109 1.6992
vt -124.2109 1.6992
vt -58.6211 -105.7734
vt 0.0273 -67.5859
vt -58.6211 -105.7734
vt -0.6992 128.9727
vt 0.0273 -67.5859
vt 0.0273 -67.5859
vt -0.6992 128.9727
vt -64.5000 59.8945
vt -0.6992 128.9727
vt 68.5859 97.1094
vt -64.5000 59.8945
vt -64.5000 59.8945
vt 68.5859 97.1094
vt 0.0195 59.9141
vt 68.5859 97.1094
vt -58.9141 0.9727
vt 0.0195 59.9141
vt 0.0195 59.9141
vt -58.9141 0.9727
vt -124.2109 1.6992
vt -58.9141 0.9727
vt -59.1211 -91.7188
vt -124.2109 1.6992
vt -124.2109 1.6992
vt -59.1211 -91.7188
vt 0.0273 -67.5859
vt -59.1211 -91.7188
vt -0.9180 0.9805
vt 0.0273 -67.5859
vt 0.0273 -67.5859
vt -0.9180 0.9805
vt -69.0742 59.9219
vt -0.9180 0.9805
vt 68.5859 125.2148
vt -69.0742 59.9219
vt -69.0742 59.9219
vt 68.5859 125.2148
vt 0.0195 60.9141
vt 68.5859 125.2148
vt -58.8789 0.9727
vt 0.0195 60.9141
vt 0.0195 60.9141
vt -58.8789 0.9727
vt -99.1523 1.5469
vt -58.8789 0.9727
vt 0.0000 -12.4492
vt -99.1523 1.5469
vt -99.1523 1.5469
vt 0.0000 -12.4492
vt 0.0273 -67.5859
vt 0.0000 -12.4492
vt -0.6250 0.9766
vt 0.0273 -67.5859
vt 0.0273 -67.5859
vt -0.6250 0.9766
vt -5.2031 59.8320
vt -0.6250 0.9766
vt 68.5859 -118.7773
vt -5.2031 59.8320
vt -5.2031 59.8320
vt 68.5859 -118.7773
vt 0.0234 -67.5859
vt 68.5859 -118.7773
vt -58.8438 0.9727
vt 0.0234 -67.5859
vt 0.0234 -67.5859
vt -58.8438 0.9727
vt -124.2109 1.6992
vt -58.8438 0.9727
vt 68.8789 69.3906
vt -124.2109 1.6992
vt -124.2109 1.6992
vt 68.8789 69.3906
vt 0.0273 -67.5859
vt 68.8789 69.3906
vt -0.6992 0.9766
vt 0.0273 -67.5859
vt 0.0273 -67.5859
vt -0.6992 0.9766
vt 126.0430 59.8750
vt -0.6992 0.9766
vt 68.5859 125.2109
vt 126.0430 59.8750
vt 126.0430 59.8750
vt 68.5859 125.2109
vt -127.9727 -68.2305
vt 68.5859 125.2109
vt -58.8828 0.9727
vt -127.9727 -68.2305
vt -127.9727 -68.2305
vt -58.8828 0.9727
vt -124.2109 1.6992
vt -58.8828 0.9727
vt 69.3789 45.2852
vt -124.2109 1.6992
vt -124.2109 1.6992
vt 69.3789 45.2852
vt 0.0273 -67.5859
vt 69.3789 45.2852
vt -0.5312 -63.0195
vt 0.0273 -67.5859
vt 0.0273 -67.5859
vt -0.5312 -63.0195
vt -79.9219 59.9023
vt -0.5312 -63.0195
vt 68.5859 82.1094
vt -79.9219 59.9023
vt -79.9219 59.9023
vt 68.5859 82.1094
vt 0.0195 -68.5859
vt 68.5859 82.1094
vt -58.9102 0.9727
vt 0.0195 -68.5859
vt 0.0195 -68.5859
vt -58.9102 0.9727
vt -86.0859 1.5508
vt -58.9102 0.9727
vt 69.6562 -88.7109
vt -86.0859 1.5508
vt -86.0859 1.5508
vt 69.6562 -88.7109
vt 0.0273 -67.5859
vt 69.6562 -88.7109
vt -0.2773 -63.0117
vt 0.0273 -67.5859
vt 0.0273 -67.5859
vt -0.2773 -63.0117
vt 64.0000 59.7852
vt -0.2773 -63.0117
vt 68.5859 9.0039
vt 64.0000 59.7852
vt 64.0000 59.7852
vt 68.5859 9.0039
vt -31.9883 58.9883
vt 68.5859 9.0039
vt -58.7852 0.9688
vt -31.9883 58.9883
vt -31.9883 58.9883
vt -58.7852 0.9688
vt -8.0039 1.2422
vt -58.7852 0.9688
vt -58.3438 -98.7344
vt -8.0039 1.2422
vt -8.0039 1.2422
vt -58.3438 -98.7344
vt 0.0312 -67.8789
vt -58.3438 -98.7344
vt -0.5469 0.9805
vt 0.0312 -67.8789
vt 0.0312 -67.8789
vt -0.5469 0.9805
vt -97.0703 59.8906
vt -0.5469 0.9805
vt 68.8789 125.2109
vt -97.0703 59.8906
vt -97.0703 59.8906
vt 68.8789 125.2109
vt 64.0195 59.4883
vt 68.8789 125.2109
vt -58.9023 0.9688
vt 64.0195 59.4883
vt 64.0195 59.4883
vt -58.9023 0.9688
vt 103.6875 1.8086
vt -58.9023 0.9688
vt -58.6211 93.6211
vt 103.6875 1.8086
vt 103.6875 1.8086
vt -58.6211 93.6211
vt 0.0312 -67.8789
vt -58.6211 93.6211
vt -0.5898 128.9727
vt 0.0312 -67.8789
vt 0.0312 -67.8789
vt -0.5898 128.9727
vt -32.0586 59.8867
vt -0.5898 128.9727
vt 68.8789 82.1094
vt -32.0586 59.8867
vt -32.0586 59.8867
vt 68.8789 82.1094
vt 0.0195 59.9141
vt 68.8789 82.1094
vt -58.9102 0.9688
vt 0.0195 59.9141
vt 0.0195 59.9141
vt -58.9102 0.9688
vt -84.1094 1.5391
vt -58.9102 0.9688
vt -59.1211 125.9961
vt -84.1094 1.5391
vt -84.1094 1.5391
vt -59.1211 125.9961
vt 0.0312 -67.8789
vt -59.1211 125.9961
vt -0.0039 0.9805
vt 0.0312 -67.8789
vt 0.0312 -67.8789
vt -0.0039 0.9805
vt 0.4258 59.9414
vt -0.0039 0.9805
vt 68.8789 26.0586
vt 0.4258 59.9414
vt 0.4258 59.9414
vt 68.8789 26.0586
vt 0.0195 60.9141
vt 68.8789 26.0586
vt -58.9141 0.9688
vt 0.0195 60.9141
vt 0.0195 60.9141
vt -58.9141 0.9688
vt -103.1562 1.5469
vt -58.9141 0.9688
vt 0.0000 -2.3047
vt -103.1562 1.5469
vt -103.1562 1.5469
vt 0.0000 -2.3047
vt 0.0312 -67.8789
vt 0.0000 -2.3047
vt -0.6133 0.9766
vt 0.0312 -67.8789
vt 0.0312 -67.8789
vt -0.6133 0.9766
vt -51.9219 59.8789
vt -0.6133 0.9766
vt 68.8789 97.1094
vt -51.9219 59.8789
vt -51.9219 59.8789
vt 68.8789 97.1094
vt 0.0234 -67.5859
vt 68.8789 97.1094
vt -58.8828 0.9688
vt 0.0234 -67.5859
vt 0.0234 -67.5859
vt -58.8828 0.9688
vt -68.0039 1.4805
vt -58.8828 0.9688
vt 68.8789 -27.8945
vt -68.0039 1.4805
vt -68.0039 1.4805
vt 68.8789 -27.8945
vt 0.0312 -67.8789
vt 68.8789 -27.8945
vt -0.5898 0.9766
vt 0.0312 -67.8789
vt 0.0312 -67.8789
vt -0.5898 0.9766
vt -34.4258 59.8711
vt -0.5898 0.9766
vt 68.8789 102.2344
vt -34.4258 59.8711
vt -34.4258 59.8711
vt 68.8789 102.2344
vt -127.9727 -68.2305
vt 68.8789 102.2344
vt -58.8672 0.9688
vt -127.9727 -68.2305
vt -127.9727 -68.2305
vt -58.8672 0.9688
vt -80.1562 1.5625
vt -58.8672 0.9688
vt 69.3789 102.5273
vt -80.1562 1.5625
vt -80.1562 1.5625
vt 69.3789 102.5273
vt 0.0312 -67.8789
vt 69.3789 102.5273
vt -0.6992 -63.0195
vt 0.0312 -67.8789
vt 0.0312 -67.8789
vt -0.6992 -63.0195
vt 2.1992 59.8945
vt -0.6992 -63.0195
vt 68.8789 82.1094
vt 2.1992 59.8945
vt 2.1992 59.8945
vt 68.8789 82.1094
vt 0.0195 -68.5859
vt 68.8789 82.1094
vt -58.9023 0.9688
vt 0.0195 -68.5859
vt 0.0195 -68.5859
vt -58.9023 0.9688
vt -81.1094 1.5312
vt -58.9023 0.9688
vt 69.6562 -68.7188
vt -81.1094 1.5312
vt -81.1094 1.5312
vt 69.6562 -68.7188
vt 0.0312 -67.8789
vt 69.6562 -68.7188
vt -0.2461 -63.0117
vt 0.0312 -67.8789
vt 0.0312 -67.8789
vt -0.2461 -63.0117
vt 64.0000 59.7852
vt -0.2461 -63.0117
vt 68.8789 9.0039
vt 64.0000 59.7852
vt 64.0000 59.7852
vt 68.8789 9.0039
vt -31.9883 58.9883
vt 68.8789 9.0039
vt -58.7852 0.9727
vt -31.9883 58.9883
vt -31.9883 58.9883
vt -58.7852 0.9727
vt -8.0039 1.2422
vt -58.7852 0.9727
vt -58.3438 32.1367
vt -8.0039 1.2422
vt -8.0039 1.2422
vt -58.3438 32.1367
vt 0.0234 -68.0859
vt -58.3438 32.1367
vt -0.6328 0.9766
vt 0.0234 -68.0859
vt 0.0234 -68.0859
vt -0.6328 0.9766
vt 125.0000 59.8711
vt -0.6328 0.9766
vt 69.0859 97.1094
vt 125.0000 59.8711
vt 125.0000 59.8711
vt 69.0859 97.1094
vt 64.0195 59.4883
vt 69.0859 97.1094
vt -58.8945 0.9766
vt 64.0195 59.4883
vt 64.0195 59.4883
vt -58.8945 0.9766
vt 103.6875 1.8086
vt -58.8945 0.9766
vt -58.6211 -40.4766
vt 103.6875 1.8086
vt 103.6875 1.8086
vt -58.6211 -40.4766
vt 0.0234 -68.0859
vt -58.6211 -40.4766
vt -0.6992 128.9727
vt 0.0234 -68.0859
vt 0.0234 -68.0859
vt -0.6992 128.9727
vt -118.3477 59.8867
vt -0.6992 128.9727
vt 69.0859 69.0039
vt -118.3477 59.8867
vt -118.3477 59.8867
vt 69.0859 69.0039
vt 0.0234 59.9141
vt 69.0859 69.0039
vt -58.9336 0.9766
vt 0.0234 59.9141
vt 0.0234 59.9141
vt -58.9336 0.9766
vt -0.0039 1.0039
vt -58.9336 0.9766
vt -59.1211 115.9375
vt -0.0039 1.0039
vt -0.0039 1.0039
vt -59.1211 115.9375
vt 0.0234 -68.0859
vt -59.1211 115.9375
vt -0.0039 0.9766
vt 0.0234 -68.0859
vt 0.0234 -68.0859
vt -0.0039 0.9766
vt 58.2578 59.9922
vt -0.0039 0.9766
vt 69.0859 1.0039
vt 58.2578 59.9922
vt 58.2578 59.9922
vt 69.0859 1.0039
vt 0.0234 60.9141
vt 69.0859 1.0039
vt -58.9570 0.9766
vt 0.0234 60.9141
vt 0.0234 60.9141
vt -58.9570 0.9766
vt -90.1641 1.5625
vt -58.9570 0.9766
vt 0.0000 -24.6953
vt -90.1641 1.5625
vt -90.1641 1.5625
vt 0.0000 -24.6953
vt 0.0234 -68.0859
vt 0.0000 -24.6953
vt -0.7266 0.9727
vt 0.0234 -68.0859
vt 0.0234 -68.0859
vt -0.7266 0.9727
vt 16.6484 59.9336
vt -0.7266 0.9727
vt 69.0859 73.0859
vt 16.6484 59.9336
vt 16.6484 59.9336
vt 69.0859 73.0859
vt 0.0273 -67.5859
vt 69.0859 73.0859
vt -58.9531 0.9766
vt 0.0273 -67.5859
vt 0.0273 -67.5859
vt -58.9531 0.9766
vt -34.0039 1.3047
vt -58.9531 0.9766
vt 68.8789 -20.7969
vt -34.0039 1.3047
vt -34.0039 1.3047
vt 68.8789 -20.7969
vt 0.0234 -68.0859
vt 68.8789 -20.7969
vt -0.3945 0.9727
vt 0.0234 -68.0859
vt 0.0234 -68.0859
vt -0.3945 0.9727
vt -61.4648 59.8867
vt -0.3945 0.9727
vt 69.0859 92.3086
vt -61.4648 59.8867
vt -61.4648 59.8867
vt 69.0859 92.3086
vt -127.9727 -68.2305
vt 69.0859 92.3086
vt -58.8516 0.9766
vt -127.9727 -68.2305
vt -127.9727 -68.2305
vt -58.8516 0.9766
vt -91.3086 1.6445
vt -58.8516 0.9766
vt 69.3789 -126.0898
vt -91.3086 1.6445
vt -91.3086 1.6445
vt 69.3789 -126.0898
vt 0.0234 -68.0859
vt 69.3789 -126.0898
vt -0.6094 -63.0195
vt 0.0234 -68.0859
vt 0.0234 -68.0859
vt -0.6094 -63.0195
vt -67.8594 59.9023
vt -0.6094 -63.0195
vt 69.0859 -106.7422
vt -67.8594 59.9023
vt -67.8594 59.9023
vt 69.0859 -106.7422
vt 0.0234 -68.5859
vt 69.0859 -106.7422
vt -58.9102 0.9766
vt 0.0234 -68.5859
vt 0.0234 -68.5859
vt -58.9102 0.9766
vt -81.1094 1.5312
vt -58.9102 0.9766
vt 69.6562 36.5703
vt -81.1094 1.5312
vt -81.1094 1.5312
vt 69.6562 36.5703
vt 0.0234 -68.0859
vt 69.6562 36.5703
vt -0.2617 -63.0117
vt 0.0234 -68.0859
vt 0.0234 -68.0859
vt -0.2617 -63.0117
vt 64.0000 59.7852
vt -0.2617 -63.0117
vt 69.0859 9.0039
vt 64.0000 59.7852
vt 64.0000 59.7852
vt 69.0859 9.0039
vt -31.9883 58.9883
vt 69.0859 9.0039
vt -58.7852 128.9727
vt -31.9883 58.9883
vt -31.9883 58.9883
vt -58.7852 128.9727
vt -8.0039 1.2422
vt -58.7852 128.9727
vt -58.3438 94.5391
vt -8.0039 1.2422
vt -8.0039 1.2422
vt -58.3438 94.5391
vt -127.9727 -68.2305
vt -58.3438 94.5391
vt -0.4688 0.9805
vt -127.9727 -68.2305
vt -127.9727 -68.2305
vt -0.4688 0.9805
vt 79.9258 59.8594
vt -0.4688 0.9805
vt 69.2305 125.2109
vt 79.9258 59.8594
vt 79.9258 59.8594
vt 69.2305 125.2109
vt 64.0195 59.4883
vt 69.2305 125.2109
vt -58.8828 128.9727
vt 64.0195 59.4883
vt 64.0195 59.4883
vt -58.8828 128.9727
vt -124.2109 1.6992
vt -58.8828 128.9727
vt -58.6211 30.4922
vt -124.2109 1.6992
vt -124.2109 1.6992
vt -58.6211 30.4922
vt -127.9727 -68.2305
vt -58.6211 30.4922
vt -0.5898 128.9727
vt -127.9727 -68.2305
vt -127.9727 -68.2305
vt -0.5898 128.9727
vt 91.2070 59.8828
vt -0.5898 128.9727
vt 69.2305 69.0039
vt 91.2070 59.8828
vt 91.2070 59.8828
vt 69.2305 69.0039
vt 0.0195 59.9141
vt 69.2305 69.0039
vt -58.9453 128.9727
vt 0.0195 59.9141
vt 0.0195 59.9141
vt -58.9453 128.9727
vt -23.0039 1.3047
vt -58.9453 128.9727
vt -59.1211 40.3242
vt -23.0039 1.3047
vt -23.0039 1.3047
vt -59.1211 40.3242
vt -127.9727 -68.2305
vt -59.1211 40.3242
vt -0.2422 0.9805
vt -127.9727 -68.2305
vt -127.9727 -68.2305
vt -0.2422 0.9805
vt 61.0742 60.0469
vt -0.2422 0.9805
vt 69.2305 1.0039
vt 61.0742 60.0469
vt 61.0742 60.0469
vt 69.2305 1.0039
vt 0.0195 60.9141
vt 69.2305 1.0039
vt -58.9844 128.9727
vt 0.0195 60.9141
vt 0.0195 60.9141
vt -58.9844 128.9727
vt -94.2109 1.5820
vt -58.9844 128.9727
vt 0.0000 -73.1836
vt -94.2109 1.5820
vt -94.2109 1.5820
vt 0.0000 -73.1836
vt -127.9727 -68.2305
vt 0.0000 -73.1836
vt -0.5586 0.9766
vt -127.9727 -68.2305
vt -127.9727 -68.2305
vt -0.5586 0.9766
vt 54.0352 59.9766
vt -0.5586 0.9766
vt 69.2305 15.0039
vt 54.0352 59.9766
vt 54.0352 59.9766
vt 69.2305 15.0039
vt 0.0234 -67.5859
vt 69.2305 15.0039
vt -59.0195 128.9727
vt 0.0234 -67.5859
vt 0.0234 -67.5859
vt -59.0195 128.9727
vt -0.0039 1.1289
vt -59.0195 128.9727
vt 68.8789 55.9258
vt -0.0039 1.1289
vt -0.0039 1.1289
vt 68.8789 55.9258
vt -127.9727 -68.2305
vt 68.8789 55.9258
vt -0.2188 0.9766
vt -127.9727 -68.2305
vt -127.9727 -68.2305
vt -0.2188 0.9766
vt -23.5078 59.9141
vt -0.2188 0.9766
vt 69.2305 84.2188
vt -23.5078 59.9141
vt -23.5078 59.9141
vt 69.2305 84.2188
vt -127.9727 -68.2305
vt 69.2305 84.2188
vt -58.8594 128.9727
vt -127.9727 -68.2305
vt -127.9727 -68.2305
vt -58.8594 128.9727
vt -109.2383 1.6641
vt -58.8594 128.9727
vt 69.3789 -110.2148
vt -109.2383 1.6641
vt -109.2383 1.6641
vt 69.3789 -110.2148
vt -127.9727 -68.2305
vt 69.3789 -110.2148
vt -0.5781 -63.0195
vt -127.9727 -68.2305
vt -127.9727 -68.2305
vt -0.5781 -63.0195
vt 51.7539 59.9258
vt -0.5781 -63.0195
vt 69.2305 -106.7422
vt 51.7539 59.9258
vt 51.7539 59.9258
vt 69.2305 -106.7422
vt 0.0195 -68.5859
vt 69.2305 -106.7422
vt -58.9336 128.9727
vt 0.0195 -68.5859
vt 0.0195 -68.5859
vt -58.9336 128.9727
vt -81.1094 1.5312
vt -58.9336 128.9727
vt 69.6562 -51.1719
vt -81.1094 1.5312
vt -81.1094 1.5312
vt 69.6562 -51.1719
vt -127.9727 -68.2305
vt 69.6562 -51.1719
vt -0.2852 -63.0117
vt -127.9727 -68.2305
vt -127.9727 -68.2305
vt -0.2852 -63.0117
vt 64.0000 59.7852
vt -0.2852 -63.0117
vt 69.2305 9.0039
vt 64.0000 59.7852
vt 64.0000 59.7852
vt 69.2305 9.0039
vt -31.9883 58.9883
vt 69.2305 9.0039
vt -58.7852 0.9688
vt -31.9883 58.9883
vt -31.9883 58.9883
vt -58.7852 0.9688
vt -8.0039 1.2422
vt -58.7852 0.9688
vt -58.3438 -102.9180
vt -8.0039 1.2422
vt -8.0039 1.2422
vt -58.3438 -102.9180
vt 0.0312 -68.3789
vt -58.3438 -102.9180
vt -0.5273 0.9805
vt 0.0312 -68.3789
vt 0.0312 -68.3789
vt -0.5273 0.9805
vt 93.8438 59.8633
vt -0.5273 0.9805
vt 69.3789 79.0508
vt 93.8438 59.8633
vt 93.8438 59.8633
vt 69.3789 79.0508
vt 64.0195 59.4883
vt 69.3789 79.0508
vt -58.8711 0.9688
vt 64.0195 59.4883
vt 64.0195 59.4883
vt -58.8711 0.9688
vt -100.1250 1.6055
vt -58.8711 0.9688
vt -58.6211 13.1875
vt -100.1250 1.6055
vt -100.1250 1.6055
vt -58.6211 13.1875
vt 0.0312 -68.3789
vt -58.6211 13.1875
vt -0.6172 128.9727
vt 0.0312 -68.3789
vt 0.0312 -68.3789
vt -0.6172 128.9727
vt -114.5938 59.8672
vt -0.6172 128.9727
vt 69.3789 87.1016
vt -114.5938 59.8672
vt -114.5938 59.8672
vt 69.3789 87.1016
vt 0.0195 59.9141
vt 69.3789 87.1016
vt -58.9258 0.9688
vt 0.0195 59.9141
vt 0.0195 59.9141
vt -58.9258 0.9688
vt -35.0039 1.3516
vt -58.9258 0.9688
vt -59.1211 -31.3125
vt -35.0039 1.3516
vt -35.0039 1.3516
vt -59.1211 -31.3125
vt 0.0312 -68.3789
vt -59.1211 -31.3125
vt -0.2422 0.9805
vt 0.0312 -68.3789
vt 0.0312 -68.3789
vt -0.2422 0.9805
vt -75.5938 60.0117
vt -0.2422 0.9805
vt 69.3789 44.0039
vt -75.5938 60.0117
vt -75.5938 60.0117
vt 69.3789 44.0039
vt 0.0195 60.9141
vt 69.3789 44.0039
vt -58.9766 0.9688
vt 0.0195 60.9141
vt 0.0195 60.9141
vt -58.9766 0.9688
vt 103.6875 1.8086
vt -58.9766 0.9688
vt 0.0000 39.0781
vt 103.6875 1.8086
vt 103.6875 1.8086
vt 0.0000 39.0781
vt 0.0312 -68.3789
vt 0.0000 39.0781
vt -0.5586 0.9766
vt 0.0312 -68.3789
vt 0.0312 -68.3789
vt -0.5586 0.9766
vt 69.1016 59.9844
vt -0.5586 0.9766
vt 69.3789 15.0039
vt 69.1016 59.9844
vt 69.1016 59.9844
vt 69.3789 15.0039
vt 0.0234 -67.5859
vt 69.3789 15.0039
vt -59.0430 0.9688
vt 0.0234 -67.5859
vt 0.0234 -67.5859
vt -59.0430 0.9688
vt -0.0039 1.1289
vt -59.0430 0.9688
vt 68.8789 99.7461
vt -0.0039 1.1289
vt -0.0039 1.1289
vt 68.8789 99.7461
vt 0.0312 -68.3789
vt 68.8789 99.7461
vt -0.1602 0.9766
vt 0.0312 -68.3789
vt 0.0312 -68.3789
vt -0.1602 0.9766
vt 29.5156 59.9375
vt -0.1602 0.9766
vt 69.3789 32.0078
vt 29.5156 59.9375
vt 29.5156 59.9375
vt 69.3789 32.0078
vt -127.9727 -68.2305
vt 69.3789 32.0078
vt -58.8945 0.9688
vt -127.9727 -68.2305
vt -127.9727 -68.2305
vt -58.8945 0.9688
vt 127.8008 1.5547
vt -58.8945 0.9688
vt 69.3789 48.1484
vt 127.8008 1.5547
vt 127.8008 1.5547
vt 69.3789 48.1484
vt 0.0312 -68.3789
vt 69.3789 48.1484
vt -0.5547 -63.0195
vt 0.0312 -68.3789
vt 0.0312 -68.3789
vt -0.5547 -63.0195
vt -71.5352 59.9766
vt -0.5547 -63.0195
vt 69.3789 73.0859
vt -71.5352 59.9766
vt -71.5352 59.9766
vt 69.3789 73.0859
vt 0.0195 -68.5859
vt 69.3789 73.0859
vt -58.9766 0.9688
vt 0.0195 -68.5859
vt 0.0195 -68.5859
vt -58.9766 0.9688
vt -21.0039 1.2930
vt -58.9766 0.9688
vt 69.6562 -59.9219
vt -21.0039 1.2930
vt -21.0039 1.2930
vt 69.6562 -59.9219
vt 0.0312 -68.3789
vt 69.6562 -59.9219
vt -0.2422 -63.0117
vt 0.0312 -68.3789
vt 0.0312 -68.3789
vt -0.2422 -63.0117
vt 64.0000 59.7852
vt -0.2422 -63.0117
vt 69.3789 9.0039
vt 64.0000 59.7852
vt 64.0000 59.7852
vt 69.3789 9.0039
vt -31.9883 58.9883
vt 69.3789 9.0039
vt -58.7852 -63.0195
vt -31.9883 58.9883
vt -31.9883 58.9883
vt -58.7852 -63.0195
vt -8.0039 1.2422
vt -58.7852 -63.0195
vt -58.3438 -93.1133
vt -8.0039 1.2422
vt -8.0039 1.2422
vt -58.3438 -93.1133
vt 64.0195 -68.5117
vt -58.3438 -93.1133
vt -0.4727 0.9805
vt 64.0195 -68.5117
vt 64.0195 -68.5117
vt -0.4727 0.9805
vt 74.2812 59.8750
vt -0.4727 0.9805
vt 69.5117 79.0508
vt 74.2812 59.8750
vt 74.2812 59.8750
vt 69.5117 79.0508
vt 64.0195 59.4883
vt 69.5117 79.0508
vt -58.8672 -63.0195
vt 64.0195 59.4883
vt 64.0195 59.4883
vt -58.8672 -63.0195
vt -94.1055 1.5820
vt -58.8672 -63.0195
vt -58.6211 -124.2266
vt -94.1055 1.5820
vt -94.1055 1.5820
vt -58.6211 -124.2266
vt 64.0195 -68.5117
vt -58.6211 -124.2266
vt -0.6133 128.9727
vt 64.0195 -68.5117
vt 64.0195 -68.5117
vt -0.6133 128.9727
vt 67.0781 59.8516
vt -0.6133 128.9727
vt 69.5117 93.1211
vt 67.0781 59.8516
vt 67.0781 59.8516
vt 69.5117 93.1211
vt 0.0195 59.9141
vt 69.5117 93.1211
vt -58.8984 -63.0195
vt 0.0195 59.9141
vt 0.0195 59.9141
vt -58.8984 -63.0195
vt -73.0547 1.4961
vt -58.8984 -63.0195
vt -59.1211 3.4453
vt -73.0547 1.4961
vt -73.0547 1.4961
vt -59.1211 3.4453
vt 64.0195 -68.5117
vt -59.1211 3.4453
vt -0.5898 0.9805
vt 64.0195 -68.5117
vt 64.0195 -68.5117
vt -0.5898 0.9805
vt -28.6914 59.9688
vt -0.5898 0.9805
vt 69.5117 125.2109
vt -28.6914 59.9688
vt -28.6914 59.9688
vt 69.5117 125.2109
vt 0.0195 60.9141
vt 69.5117 125.2109
vt -58.9453 -63.0195
vt 0.0195 60.9141
vt 0.0195 60.9141
vt -58.9453 -63.0195
vt 103.6875 1.8086
vt -58.9453 -63.0195
vt 0.0000 -63.5391
vt 103.6875 1.8086
vt 103.6875 1.8086
vt 0.0000 -63.5391
vt 64.0195 -68.5117
vt 0.0000 -63.5391
vt -0.5742 0.9766
vt 64.0195 -68.5117
vt 64.0195 -68.5117
vt -0.5742 0.9766
vt 37.9805 59.9609
vt -0.5742 0.9766
vt 69.5117 57.0664
vt 37.9805 59.9609
vt 37.9805 59.9609
vt 69.5117 57.0664
vt 0.0234 -67.5859
vt 69.5117 57.0664
vt -58.9961 -63.0195
vt 0.0234 -67.5859
vt 0.0234 -67.5859
vt -58.9961 -63.0195
vt -30.0156 1.3008
vt -58.9961 -63.0195
vt 68.8789 -30.2148
vt -30.0156 1.3008
vt -30.0156 1.3008
vt 68.8789 -30.2148
vt 64.0195 -68.5117
vt 68.8789 -30.2148
vt -0.3203 0.9766
vt 64.0195 -68.5117
vt 64.0195 -68.5117
vt -0.3203 0.9766
vt -2.6836 59.9570
vt -0.3203 0.9766
vt 69.5117 35.0156
vt -2.6836 59.9570
vt -2.6836 59.9570
vt 69.5117 35.0156
vt -127.9727 -68.2305
vt 69.5117 35.0156
vt -58.9375 -63.0195
vt -127.9727 -68.2305
vt -127.9727 -68.2305
vt -58.9375 -63.0195
vt -23.0078 1.3008
vt -58.9375 -63.0195
vt 69.3789 115.2969
vt -23.0078 1.3008
vt -23.0078 1.3008
vt 69.3789 115.2969
vt 64.0195 -68.5117
vt 69.3789 115.2969
vt -0.3906 -63.0195
vt 64.0195 -68.5117
vt 64.0195 -68.5117
vt -0.3906 -63.0195
vt -111.0547 60.0352
vt -0.3906 -63.0195
vt 69.5117 42.0078
vt -111.0547 60.0352
vt -111.0547 60.0352
vt 69.5117 42.0078
vt 0.0195 -68.5859
vt 69.5117 42.0078
vt -59.0156 -63.0195
vt 0.0195 -68.5859
vt 0.0195 -68.5859
vt -59.0156 -63.0195
vt -18.0039 1.2812
vt -59.0156 -63.0195
vt 69.6562 -23.5234
vt -18.0039 1.2812
vt -18.0039 1.2812
vt 69.6562 -23.5234
vt 64.0195 -68.5117
vt 69.6562 -23.5234
vt -0.2422 -63.0117
vt 64.0195 -68.5117
vt 64.0195 -68.5117
vt -0.2422 -63.0117
vt 64.0000 59.7852
vt -0.2422 -63.0117
vt 69.5117 9.0039
vt 64.0000 59.7852
vt 64.0000 59.7852
vt 69.5117 9.0039
vt -31.9883 58.9883
vt 69.5117 9.0039
vt -58.7852 0.9727
vt -31.9883 58.9883
vt -31.9883 58.9883
vt -58.7852 0.9727
vt -8.0039 1.2422
vt -58.7852 0.9727
vt -58.3438 -50.7227
vt -8.0039 1.2422
vt -8.0039 1.2422
vt -58.3438 -50.7227
vt 0.0234 -68.5859
vt -58.3438 -50.7227
vt -0.5156 0.9805
vt 0.0234 -68.5859
vt 0.0234 -68.5859
vt -0.5156 0.9805
vt 127.4453 59.8867
vt -0.5156 0.9805
vt 69.5859 79.0508
vt 127.4453 59.8867
vt 127.4453 59.8867
vt 69.5859 79.0508
vt 64.0195 59.4883
vt 69.5859 79.0508
vt -58.8750 0.9766
vt 64.0195 59.4883
vt 64.0195 59.4883
vt -58.8750 0.9766
vt -86.0781 1.5508
vt -58.8750 0.9766
vt -58.6211 1.5430
vt -86.0781 1.5508
vt -86.0781 1.5508
vt -58.6211 1.5430
vt 0.0234 -68.5859
vt -58.6211 1.5430
vt -0.5742 128.9727
vt 0.0234 -68.5859
vt 0.0234 -68.5859
vt -0.5742 128.9727
vt 72.5586 59.8594
vt -0.5742 128.9727
vt 69.5859 93.1016
vt 72.5586 59.8594
vt 72.5586 59.8594
vt 69.5859 93.1016
vt 0.0195 59.9141
vt 69.5859 93.1016
vt -58.9023 0.9766
vt 0.0195 59.9141
vt 0.0195 59.9141
vt -58.9023 0.9766
vt -100.1250 1.6055
vt -58.9023 0.9766
vt -59.1211 -83.6875
vt -100.1250 1.6055
vt -100.1250 1.6055
vt -59.1211 -83.6875
vt 0.0234 -68.5859
vt -59.1211 -83.6875
vt -0.5898 0.9805
vt 0.0234 -68.5859
vt 0.0234 -68.5859
vt -0.5898 0.9805
vt 24.7266 59.9492
vt -0.5898 0.9805
vt 69.5859 125.2109
vt 24.7266 59.9492
vt 24.7266 59.9492
vt 69.5859 125.2109
vt 0.0195 60.9141
vt 69.5859 125.2109
vt -58.9180 0.9766
vt 0.0195 60.9141
vt 0.0195 60.9141
vt -58.9180 0.9766
vt -120.1953 1.6836
vt -58.9180 0.9766
vt 0.0000 -63.3359
vt -120.1953 1.6836
vt -120.1953 1.6836
vt 0.0000 -63.3359
vt 0.0234 -68.5859
vt 0.0000 -63.3359
vt -0.4648 0.9766
vt 0.0234 -68.5859
vt 0.0234 -68.5859
vt -0.4648 0.9766
vt 62.3438 59.9180
vt -0.4648 0.9766
vt 69.5859 37.0547
vt 62.3438 59.9180
vt 62.3438 59.9180
vt 69.5859 37.0547
vt 0.0234 -67.5859
vt 69.5859 37.0547
vt -58.9570 0.9766
vt 0.0234 -67.5859
vt 0.0234 -67.5859
vt -58.9570 0.9766
vt -42.0625 1.3750
vt -58.9570 0.9766
vt 68.8789 -92.8281
vt -42.0625 1.3750
vt -42.0625 1.3750
vt 68.8789 -92.8281
vt 0.0234 -68.5859
vt 68.8789 -92.8281
vt -0.2422 0.9766
vt 0.0234 -68.5859
vt 0.0234 -68.5859
vt -0.2422 0.9766
vt -4.5039 59.9531
vt -0.2422 0.9766
vt 69.5859 23.0156
vt -4.5039 59.9531
vt -4.5039 59.9531
vt 69.5859 23.0156
vt -127.9727 -68.2305
vt 69.5859 23.0156
vt -58.9453 0.9766
vt -127.9727 -68.2305
vt -127.9727 -68.2305
vt -58.9453 0.9766
vt -8.0039 1.2422
vt -58.9453 0.9766
vt 69.3789 41.1875
vt -8.0039 1.2422
vt -8.0039 1.2422
vt 69.3789 41.1875
vt 0.0234 -68.5859
vt 69.3789 41.1875
vt -0.2734 -63.0195
vt 0.0234 -68.5859
vt 0.0234 -68.5859
vt -0.2734 -63.0195
vt 49.9648 60.0352
vt -0.2734 -63.0195
vt 69.5859 9.0039
vt 49.9648 60.0352
vt 49.9648 60.0352
vt 69.5859 9.0039
vt 0.0195 -68.5859
vt 69.5859 9.0039
vt -59.0000 0.9766
vt 0.0195 -68.5859
vt 0.0195 -68.5859
vt -59.0000 0.9766
vt -8.0039 1.2422
vt -59.0000 0.9766
vt 69.6562 -100.0469
vt -8.0039 1.2422
vt -8.0039 1.2422
vt 69.6562 -100.0469
vt 0.0234 -68.5859
vt 69.6562 -100.0469
vt -0.2422 -63.0117
vt 0.0234 -68.5859
vt 0.0234 -68.5859
vt -0.2422 -63.0117
vt 64.0000 59.7852
vt -0.2422 -63.0117
vt 69.5859 9.0039
vt 64.0000 59.7852
vt 64.0000 59.7852
vt 69.5859 9.0039
vt -63.9727 59.3438
vt 69.5859 9.0039
vt -58.8516 64.9727
vt -63.9727 59.3438
vt -63.9727 59.3438
vt -58.8516 64.9727
vt -78.0508 1.5156
vt -58.8516 64.9727
vt -57.9883 -63.0000
vt -78.0508 1.5156
vt -78.0508 1.5156
vt -57.9883 -63.0000
vt -63.9727 -68.6562
vt -57.9883 -63.0000
vt -0.2422 32.9883
vt -63.9727 -68.6562
vt -63.9727 -68.6562
vt -0.2422 32.9883
vt 64.0000 59.7852
vt -0.2422 32.9883
vt 70.0117 9.0039
vt 64.0000 59.7852
vt 64.0000 59.7852
vt 70.0117 9.0039
vt -63.9727 59.3438
vt 70.0117 9.0039
vt -58.7852 128.9883
vt -63.9727 59.3438
vt -63.9727 59.3438
vt -58.7852 128.9883
vt -8.0039 1.2422
vt -58.7852 128.9883
vt -58.4141 24.8711
vt -8.0039 1.2422
vt -8.0039 1.2422
vt -58.4141 24.8711
vt -63.9727 -68.6562
vt -58.4141 24.8711
vt -0.5156 0.9805
vt -63.9727 -68.6562
vt -63.9727 -68.6562
vt -0.5156 0.9805
vt 64.0000 59.7852
vt -0.5156 0.9805
vt 70.0117 9.0039
vt 64.0000 59.7852
vt 64.0000 59.7852
vt 70.0117 9.0039
vt 64.0195 59.4883
vt 70.0117 9.0039
vt -58.9023 64.9727
vt 64.0195 59.4883
vt 64.0195 59.4883
vt -58.9023 64.9727
vt -78.0508 1.5156
vt -58.9023 64.9727
vt -58.4883 -63.0000
vt -78.0508 1.5156
vt -78.0508 1.5156
vt -58.4883 -63.0000
vt -127.9883 -69.0117
vt -58.4883 -63.0000
vt -0.2422 0.9609
vt -127.9883 -69.0117
vt -127.9883 -69.0117
vt -0.2422 0.9609
vt 14.9805 59.8867
vt -0.2422 0.9609
vt 69.6562 87.0781
vt 14.9805 59.8867
vt 14.9805 59.8867
vt 69.6562 87.0781
vt 0.0391 59.6211
vt 69.6562 87.0781
vt -58.7852 128.9883
vt 0.0391 59.6211
vt 0.0391 59.6211
vt -58.7852 128.9883
vt -8.0039 1.2422
vt -58.7852 128.9883
vt -58.7695 93.9844
vt -8.0039 1.2422
vt -8.0039 1.2422
vt -58.7695 93.9844
vt -63.9727 -68.6562
vt -58.7695 93.9844
vt -0.5039 128.9727
vt -63.9727 -68.6562
vt -63.9727 -68.6562
vt -0.5039 128.9727
vt 64.0000 59.7852
vt -0.5039 128.9727
vt 70.0117 9.0039
vt 64.0000 59.7852
vt 64.0000 59.7852
vt 70.0117 9.0039
vt 0.0234 59.9141
vt 70.0117 9.0039
vt -58.9414 64.9727
vt 0.0234 59.9141
vt 0.0234 59.9141
vt -58.9414 64.9727
vt -50.0391 1.4062
vt -58.9414 64.9727
vt -58.9141 -63.0000
vt -50.0391 1.4062
vt -50.0391 1.4062
vt -58.9141 -63.0000
vt -127.9883 -69.0117
vt -58.9141 -63.0000
vt -0.2422 0.9609
vt -127.9883 -69.0117
vt -127.9883 -69.0117
vt -0.2422 0.9609
vt -77.3789 59.9883
vt -0.2422 0.9609
vt 69.6562 34.0039
vt -77.3789 59.9883
vt -77.3789 59.9883
vt 69.6562 34.0039
vt 0.0391 60.1211
vt 69.6562 34.0039
vt -58.7852 128.9883
vt 0.0391 60.1211
vt 0.0391 60.1211
vt -58.7852 128.9883
vt -8.0039 1.2422
vt -58.7852 128.9883
vt -59.4141 -30.8281
vt -8.0039 1.2422
vt -8.0039 1.2422
vt -59.4141 -30.8281
vt -63.9727 -68.6562
vt -59.4141 -30.8281
vt -0.4805 0.9805
vt -63.9727 -68.6562
vt -63.9727 -68.6562
vt -0.4805 0.9805
vt 64.0000 59.7852
vt -0.4805 0.9805
vt 70.0117 9.0039
vt 64.0000 59.7852
vt 64.0000 59.7852
vt 70.0117 9.0039
vt 0.0234 60.9141
vt 70.0117 9.0039
vt -58.8984 64.9727
vt 0.0234 60.9141
vt 0.0234 60.9141
vt -58.8984 64.9727
vt -74.1211 1.5000
vt -58.8984 64.9727
vt -59.9141 -63.0000
vt -74.1211 1.5000
vt -74.1211 1.5000
vt -59.9141 -63.0000
vt -127.9883 -69.0117
vt -59.9141 -63.0000
vt -0.2422 1.0000
vt -127.9883 -69.0117
vt -127.9883 -69.0117
vt -0.2422 1.0000
vt 111.1836 59.8438
vt -0.2422 1.0000
vt 69.6562 45.0664
vt 111.1836 59.8438
vt 111.1836 59.8438
vt 69.6562 45.0664
vt 0.0000 1.0000
vt 69.6562 45.0664
vt -58.7852 128.9883
vt 0.0000 1.0000
vt 0.0000 1.0000
vt -58.7852 128.9883
vt -8.0039 1.2422
vt -58.7852 128.9883
vt 68.0859 -118.4102
vt -8.0039 1.2422
vt -8.0039 1.2422
vt 68.0859 -118.4102
vt -63.9727 -68.6562
vt 68.0859 -118.4102
vt -0.2422 0.9727
vt -63.9727 -68.6562
vt -63.9727 -68.6562
vt -0.2422 0.9727
vt 64.0000 59.7852
vt -0.2422 0.9727
vt 70.0117 9.0039
vt 64.0000 59.7852
vt 64.0000 59.7852
vt 70.0117 9.0039
vt 0.0273 -67.5859
vt 70.0117 9.0039
vt -58.9141 64.9727
vt 0.0273 -67.5859
vt 0.0273 -67.5859
vt -58.9141 64.9727
vt -25.0352 1.3086
vt -58.9141 64.9727
vt 68.5859 -63.0000
vt -25.0352 1.3086
vt -25.0352 1.3086
vt 68.5859 -63.0000
vt -127.9883 -69.0117
vt 68.5859 -63.0000
vt -0.2422 0.9609
vt -127.9883 -69.0117
vt -127.9883 -69.0117
vt -0.2422 0.9609
vt -52.3359 59.9414
vt -0.2422 0.9609
vt 69.6562 22.0156
vt -52.3359 59.9414
vt -52.3359 59.9414
vt 69.6562 22.0156
vt 0.0391 -67.8789
vt 69.6562 22.0156
vt -58.7852 128.9883
vt 0.0391 -67.8789
vt 0.0391 -67.8789
vt -58.7852 128.9883
vt -8.0039 1.2422
vt -58.7852 128.9883
vt 69.0859 -17.5195
vt -8.0039 1.2422
vt -8.0039 1.2422
vt 69.0859 -17.5195
vt -63.9727 -68.6562
vt 69.0859 -17.5195
vt -0.2188 0.9727
vt -63.9727 -68.6562
vt -63.9727 -68.6562
vt -0.2188 0.9727
vt 64.0000 59.7852
vt -0.2188 0.9727
vt 70.0117 9.0039
vt 64.0000 59.7852
vt 64.0000 59.7852
vt 70.0117 9.0039
vt -127.9727 -68.2305
vt 70.0117 9.0039
vt -58.9219 64.9727
vt -127.9727 -68.2305
vt -127.9727 -68.2305
vt -58.9219 64.9727
vt -18.0039 1.2812
vt -58.9219 64.9727
vt 69.2305 -63.0000
vt -18.0039 1.2812
vt -18.0039 1.2812
vt 69.2305 -63.0000
vt -127.9883 -69.0117
vt 69.2305 -63.0000
vt -0.2422 0.9609
vt -127.9883 -69.0117
vt -127.9883 -69.0117
vt -0.2422 0.9609
vt -20.1406 59.9492
vt -0.2422 0.9609
vt 69.6562 9.0039
vt -20.1406 59.9492
vt -20.1406 59.9492
vt 69.6562 9.0039
vt 0.0391 -68.3789
vt 69.6562 9.0039
vt -58.7852 128.9883
vt 0.0391 -68.3789
vt 0.0391 -68.3789
vt -58.7852 128.9883
vt -8.0039 1.2422
vt -58.7852 128.9883
vt 69.5117 61.6875
vt -8.0039 1.2422
vt -8.0039 1.2422
vt 69.5117 61.6875
vt -63.9727 -68.6562
vt 69.5117 61.6875
vt -0.2422 -63.0195
vt -63.9727 -68.6562
vt -63.9727 -68.6562
vt -0.2422 -63.0195
vt 64.0000 59.7852
vt -0.2422 -63.0195
vt 70.0117 9.0039
vt 64.0000 59.7852
vt 64.0000 59.7852
vt 70.0117 9.0039
vt 0.0234 -68.5859
vt 70.0117 9.0039
vt -58.9414 64.9727
vt 0.0234 -68.5859
vt 0.0234 -68.5859
vt -58.9414 64.9727
vt -8.0039 1.2422
vt -58.9414 64.9727
vt 69.5859 -63.0000
vt -8.0039 1.2422
vt -8.0039 1.2422
vt 69.5859 -63.0000
vt -127.9883 -69.0117
vt 69.5859 -63.0000
vt -0.2422 -63.0117
vt -127.9883 -69.0117
vt -127.9883 -69.0117
vt -0.2422 -63.0117
vt 64.0000 59.7852
vt -0.2422 -63.0117
vt 69.6562 9.0039
vt 64.0000 59.7852
vt 64.0000 59.7852
vt 69.6562 9.0039
vt -63.9727 -68.6562
vt 69.6562 9.0039
vt -58.8438 64.9727
vt -63.9727 -68.6562
vt -63.9727 -68.6562
vt -58.8438 64.9727
vt -8.0039 1.2422
vt -58.8438 64.9727
vt 69.6562 -63.0000
vt -8.0039 1.2422
vt -8.0039 1.2422
vt 69.6562 -63.0000
vt -127.9883 -69.0117
vt 69.6562 -63.0000
vt -0.2422 -63.0117
vt -127.9883 -69.0117
vt -127.9883 -69.0117
vt -0.2422 -63.0117
vt 64.0000 59.7852
vt -0.2422 -63.0117
vt 70.0117 9.0039
vt 64.0000 59.7852
vt 64.0000 59.7852
vt 70.0117 9.0039
vt 0.9961 1.0000
vt 70.0117 9.0039
vt 0.0000 0.7969
vt 0.9961 1.0000
vt 0.9961 1.0000
vt 0.0000 0.7969
vt 0.0000 63.3750
vt 0.0000 0.7969
vt -59.8711 1.0000
vt 0.0000 63.3750
vt 0.0000 63.3750
vt -59.8711 1.0000
vt 50.6445 -69.2383
vt -59.8711 1.0000
vt 48.2734 0.9844
vt 50.6445 -69.2383
vt 50.6445 -69.2383
vt 48.2734 0.9844
vt -113.7461 -64.2656

g mesh_sky_0
usemtl mat_sky_00
f 4/1/4 256/2/256 256/3/256
f 256/4/256 112/5/112 256/6/256
f 256/7/256 112/8/112 130/9/130
f 112/10/112 1/11/1 130/12/130
f 130/13/130 1/14/1 257/15/257
f 1/16/1 11/17/11 257/18/257
f 257/19/257 11/20/11 18/21/18
f 11/22/11 1/23/1 18/24/18
f 18/25/18 1/26/1 4/27/4
f 1/28/1 215/29/215 4/30/4
f 4/31/4 215/32/215 1/33/1
f 215/34/215 1/35/1 1/36/1
f 1/37/1 1/38/1 1/39/1
f 1/40/1 257/41/257 1/42/1
f 1/43/1 257/44/257 130/45/130
f 257/46/257 2/47/2 130/48/130
f 130/49/130 2/50/2 29/51/29
f 2/52/2 22/53/22 29/54/29
f 29/55/29 22/56/22 4/57/4
f 22/58/22 256/59/256 4/60/4
f 4/61/4 256/62/256 256/63/256
f 256/64/256 112/65/112 256/66/256
f 215/67/215 1/68/1 1/69/1
f 1/70/1 1/71/1 1/72/1
f 1/73/1 1/74/1 257/75/257
f 1/76/1 130/77/130 257/78/257
f 257/79/257 130/80/130 2/81/2
f 130/82/130 43/83/43 2/84/2
f 2/85/2 43/86/43 36/87/36
f 43/88/43 4/89/4 36/90/36
f 36/91/36 4/92/4 256/93/256
f 4/94/4 256/95/256 256/96/256
f 256/97/256 256/98/256 112/99/112
f 256/100/256 130/101/130 112/102/112
f 112/103/112 130/104/130 1/105/1
f 130/106/130 257/107/257 1/108/1
f 1/109/1 257/110/257 46/111/46
f 257/112/257 53/113/53 46/114/46
f 46/115/46 53/116/53 1/117/1
f 53/118/53 4/119/4 1/120/1
f 1/121/1 4/122/4 215/123/215
f 4/124/4 1/125/1 215/126/215
f 215/127/215 1/128/1 1/129/1
f 1/130/1 1/131/1 1/132/1
f 1/133/1 1/134/1 257/135/257
f 1/136/1 130/137/130 257/138/257
f 257/139/257 130/140/130 2/141/2
f 130/142/130 44/143/44 2/144/2
f 2/145/2 44/146/44 57/147/57
f 44/148/44 4/149/4 57/150/57
f 57/151/57 4/152/4 256/153/256
f 4/154/4 256/155/256 256/156/256
f 256/157/256 256/158/256 112/159/112
f 256/160/256 130/161/130 112/162/112
f 112/163/112 130/164/130 1/165/1
f 130/166/130 257/167/257 1/168/1
f 1/169/1 257/170/257 23/171/23
f 257/172/257 37/173/37 23/174/23
f 23/175/23 37/176/37 1/177/1
f 37/178/37 4/179/4 1/180/1
f 1/181/1 4/182/4 215/183/215
f 4/184/4 1/185/1 215/186/215
f 215/187/215 1/188/1 1/189/1
f 1/190/1 1/191/1 1/192/1
f 1/193/1 1/194/1 257/195/257
f 1/196/1 130/197/130 257/198/257
f 257/199/257 130/200/130 2/201/2
f 130/202/130 38/203/38 2/204/2
f 2/205/2 38/206/38 58/207/58
f 38/208/38 4/209/4 58/210/58
f 58/211/58 4/212/4 256/213/256
f 4/214/4 256/215/256 256/216/256
f 256/217/256 256/218/256 112/219/112
f 256/220/256 130/221/130 112/222/112
f 112/223/112 130/224/130 1/225/1
f 130/226/130 257/227/257 1/228/1
f 1/229/1 257/230/257 578/231/578
f 257/232/257 11/233/11 578/234/578
f 578/235/578 11/236/11 1/237/1
f 11/238/11 1/239/1 1/240/1
f 1/241/1 1/242/1 91/243/91
f 1/244/1 91/245/91 91/246/91
f 91/247/91 91/248/91 182/249/182
f 91/250/91 182/251/182 182/252/182
f 182/253/182 182/254/182 211/255/211
f 182/256/182 212/257/212 211/258/211
f 211/259/211 212/260/212 256/261/256
f 212/262/212 256/263/256 256/264/256
f 256/265/256 256/266/256 2/267/2
f 256/268/256 256/269/256 2/270/2
f 2/271/2 256/272/256 2/273/2
f 256/274/256 256/275/256 2/276/2
f 2/277/2 256/278/256 2/279/2
f 256/280/256 256/281/256 2/282/2
f 2/283/2 256/284/256 2/285/2
f 256/286/256 256/287/256 2/288/2
f 2/289/2 256/290/256 2/291/2
f 256/292/256 256/293/256 2/294/2
f 2/295/2 256/296/256 25/297/25
f 256/298/256 18/299/18 25/300/25
f 25/301/25 18/302/18 26/303/26
f 18/304/18 19/305/19 26/306/26
f 26/307/26 19/308/19 27/309/27
f 19/310/19 20/311/20 27/312/27
f 27/313/27 20/314/20 28/315/28
f 20/316/20 21/317/21 28/318/28
f 28/319/28 21/320/21 29/321/29
f 21/322/21 22/323/22 29/324/29
f 29/325/29 22/326/22 11/327/11
f 22/328/22 1/329/1 11/330/11
f 11/331/11 1/332/1 1/333/1
f 1/334/1 91/335/91 1/336/1
f 1/337/1 91/338/91 91/339/91
f 91/340/91 182/341/182 91/342/91
f 91/343/91 182/344/182 182/345/182
f 182/346/182 211/347/211 182/348/182
f 182/349/182 211/350/211 212/351/212
f 211/352/211 256/353/256 212/354/212
f 212/355/212 256/356/256 256/357/256
f 256/358/256 2/359/2 256/360/256
f 256/361/256 2/362/2 256/363/256
f 2/364/2 2/365/2 256/366/256
f 256/367/256 2/368/2 256/369/256
f 2/370/2 2/371/2 256/372/256
f 256/373/256 2/374/2 256/375/256
f 2/376/2 2/377/2 256/378/256
f 256/379/256 2/380/2 256/381/256
f 2/382/2 2/383/2 256/384/256
f 256/385/256 2/386/2 256/387/256
f 2/388/2 43/389/43 256/390/256
f 256/391/256 43/392/43 50/393/50
f 43/394/43 42/395/42 50/396/50
f 50/397/50 42/398/42 49/399/49
f 42/400/42 41/401/41 49/402/49
f 49/403/49 41/404/41 48/405/48
f 41/406/41 40/407/40 48/408/48
f 48/409/48 40/410/40 47/411/47
f 40/412/40 39/413/39 47/414/47
f 47/415/47 39/416/39 46/417/46
f 39/418/39 11/419/11 46/420/46
f 46/421/46 11/422/11 256/423/256
f 11/424/11 256/425/256 256/426/256
f 256/427/256 256/428/256 212/429/212
f 256/430/256 211/431/211 212/432/212
f 212/433/212 211/434/211 182/435/182
f 211/436/211 182/437/182 182/438/182
f 182/439/182 182/440/182 91/441/91
f 182/442/182 91/443/91 91/444/91
f 91/445/91 91/446/91 1/447/1
f 60/448/60 53/449/53 61/450/61
f 53/451/53 54/452/54 61/453/61
f 61/454/61 54/455/54 62/456/62
f 54/457/54 55/458/55 62/459/62
f 62/460/62 55/461/55 51/462/51
f 55/463/55 56/464/56 51/465/51
f 51/466/51 56/467/56 44/468/44
f 56/469/56 57/470/57 44/471/44
f 44/472/44 3/473/3 51/474/51
f 3/475/3 45/476/45 51/477/51
f 51/478/51 45/479/45 62/480/62
f 45/481/45 9/482/9 62/483/62
f 62/484/62 9/485/9 61/486/61
f 9/487/9 16/488/16 61/489/61
f 61/490/61 16/491/16 60/492/60
f 16/493/16 23/494/23 60/495/60
f 37/496/37 23/497/23 52/498/52
f 23/499/23 16/500/16 52/501/52
f 52/502/52 16/503/16 59/504/59
f 16/505/16 9/506/9 59/507/59
f 59/508/59 9/509/9 30/510/30
f 9/511/9 45/512/45 30/513/30
f 30/514/30 45/515/45 58/516/58
f 45/517/45 3/518/3 58/519/58
f 10/520/10 37/521/37 17/522/17
f 37/523/37 52/524/52 17/525/17
f 17/526/17 52/527/52 24/528/24
f 52/529/52 59/530/59 24/531/24
f 24/532/24 59/533/59 31/534/31
f 59/535/59 30/536/30 31/537/31
f 31/538/31 30/539/30 38/540/38
f 30/541/30 58/542/58 38/543/38
f 4/544/4 10/545/10 5/546/5
f 10/547/10 17/548/17 5/549/5
f 5/550/5 17/551/17 6/552/6
f 17/553/17 24/554/24 6/555/6
f 6/556/6 24/557/24 7/558/7
f 24/559/24 31/560/31 7/561/7
f 7/562/7 31/563/31 8/564/8
f 31/565/31 38/566/38 8/567/8
f 3/568/3 1033/569/1033 2613/570/2613
f 1033/571/1033 70/572/70 2613/573/2613
f 2613/574/2613 70/575/70 68/576/68
f 70/577/70 69/578/69 68/579/68
f 68/580/68 69/581/69 67/582/67
f 69/583/69 108/584/108 67/585/67
f 67/586/67 108/587/108 107/588/107
f 108/589/108 129/590/129 107/591/107
f 107/592/107 129/593/129 128/594/128
f 129/595/129 150/596/150 128/597/128
f 128/598/128 150/599/150 149/600/149
f 150/601/150 171/602/171 149/603/149
f 149/604/149 171/605/171 170/606/170
f 171/607/171 192/608/192 170/609/170
f 170/610/170 192/611/192 191/612/191
f 192/613/192 213/614/213 191/615/191
f 191/616/191 213/617/213 212/618/212
f 213/619/213 234/620/234 212/621/212
f 212/622/212 234/623/234 233/624/233
f 234/625/234 255/626/255 233/627/233
f 233/628/233 255/629/255 254/630/254
f 255/631/255 276/632/276 254/633/254
f 254/634/254 276/635/276 275/636/275
f 276/637/276 23/638/23 275/639/275
f 275/640/275 23/641/23 256/642/256
f 23/643/23 256/644/256 256/645/256
f 256/646/256 256/647/256 65430/648/65430
f 256/649/256 65430/650/65430 65430/651/65430
f 65430/652/65430 65430/653/65430 65357/654/65357
f 65430/655/65430 65357/656/65357 65357/657/65357
f 65357/658/65357 65357/659/65357 65284/660/65284
f 65357/661/65357 65284/662/65284 65284/663/65284
f 65284/664/65284 65284/665/65284 65211/666/65211
f 65284/667/65284 65211/668/65211 65211/669/65211
f 65211/670/65211 65211/671/65211 65137/672/65137
f 65211/673/65211 65137/674/65137 65137/675/65137
f 65137/676/65137 65137/677/65137 65064/678/65064
f 65137/679/65137 65064/680/65064 65064/681/65064
f 65064/682/65064 65064/683/65064 64991/684/64991
f 65064/685/65064 64991/686/64991 64991/687/64991
f 64991/688/64991 64991/689/64991 64918/690/64918
f 64991/691/64991 64918/692/64918 64918/693/64918
f 64918/694/64918 64918/695/64918 64845/696/64845
f 64918/697/64918 64845/698/64845 64845/699/64845
f 64845/700/64845 64845/701/64845 64771/702/64771
f 64845/703/64845 64771/704/64771 64771/705/64771
f 64771/706/64771 64771/707/64771 881/708/881
f 64771/709/64771 881/710/881 881/711/881
f 881/712/881 881/713/881 954/714/954
f 881/715/881 954/716/954 954/717/954
f 954/718/954 954/719/954 1027/720/1027
f 954/721/954 1027/722/1027 1027/723/1027
f 1027/724/1027 1027/725/1027 1100/726/1100
f 1027/727/1027 1100/728/1100 1100/729/1100
f 1100/730/1100 1100/731/1100 1173/732/1173
f 1100/733/1100 1173/734/1173 1173/735/1173
f 1173/736/1173 1173/737/1173 1246/738/1246
f 1173/739/1173 1246/740/1246 1246/741/1246
f 1246/742/1246 1246/743/1246 1319/744/1319
f 1246/745/1246 1319/746/1319 1319/747/1319
f 1319/748/1319 1319/749/1319 1392/750/1392
f 1319/751/1319 1392/752/1392 1392/753/1392
f 1392/754/1392 1392/755/1392 1465/756/1465
f 1392/757/1392 1465/758/1465 1465/759/1465
f 1465/760/1465 1465/761/1465 1538/762/1538
f 1465/763/1465 1538/764/1538 1538/765/1538
f 1538/766/1538 1538/767/1538 1611/768/1611
f 1538/769/1538 1611/770/1611 1611/771/1611
f 1611/772/1611 1611/773/1611 1684/774/1684
f 1611/775/1611 1684/776/1684 1684/777/1684
f 1684/778/1684 1684/779/1684 101/780/101
f 1684/781/1684 124/782/124 101/783/101
f 101/784/101 124/785/124 99/786/99
f 124/787/124 123/788/123 99/789/99
f 99/790/99 123/791/123 97/792/97
f 123/793/123 122/794/122 97/795/97
f 97/796/97 122/797/122 95/798/95
f 122/799/122 121/800/121 95/801/95
f 95/802/95 121/803/121 93/804/93
f 121/805/121 120/806/120 93/807/93
f 93/808/93 120/809/120 91/810/91
f 120/811/120 119/812/119 91/813/91
f 91/814/91 119/815/119 89/816/89
f 119/817/119 118/818/118 89/819/89
f 89/820/89 118/821/118 87/822/87
f 118/823/118 117/824/117 87/825/87
f 87/826/87 117/827/117 85/828/85
f 117/829/117 116/830/116 85/831/85
f 85/832/85 116/833/116 83/834/83
f 116/835/116 115/836/115 83/837/83
f 83/838/83 115/839/115 81/840/81
f 115/841/115 114/842/114 81/843/81
f 81/844/81 114/845/114 79/846/79
f 114/847/114 113/848/113 79/849/79
f 79/850/79 113/851/113 65513/852/65513
f 113/853/113 65357/854/65357 65513/855/65513
f 65513/856/65513 65357/857/65357 65284/858/65284
f 65357/859/65357 65357/860/65357 65284/861/65284
f 65284/862/65284 65357/863/65357 65284/864/65284
f 65357/865/65357 65357/866/65357 65284/867/65284
f 65284/868/65284 65357/869/65357 65284/870/65284
f 65357/871/65357 65357/872/65357 65284/873/65284
f 65284/874/65284 65357/875/65357 65284/876/65284
f 65357/877/65357 65357/878/65357 65284/879/65284
f 65284/880/65284 65357/881/65357 65284/882/65284
f 65357/883/65357 65357/884/65357 65284/885/65284
f 65284/886/65284 65357/887/65357 65284/888/65284
f 65357/889/65357 65357/890/65357 65284/891/65284
f 65284/892/65284 65357/893/65357 65284/894/65284
f 65357/895/65357 65357/896/65357 65284/897/65284
f 65284/898/65284 65357/899/65357 65284/900/65284
f 65357/901/65357 65357/902/65357 65284/903/65284
f 65284/904/65284 65357/905/65357 65284/906/65284
f 65357/907/65357 65357/908/65357 65284/909/65284
f 65284/910/65284 65357/911/65357 65284/912/65284
f 65357/913/65357 65357/914/65357 65284/915/65284
f 65284/916/65284 65357/917/65357 65284/918/65284
f 65357/919/65357 65357/920/65357 65284/921/65284
f 65284/922/65284 65357/923/65357 65284/924/65284
f 65357/925/65357 954/926/954 65284/927/65284
f 65284/928/65284 954/929/954 954/930/954
f 954/931/954 1027/932/1027 954/933/954
f 954/934/954 1027/935/1027 1027/936/1027
f 1027/937/1027 1100/938/1100 1027/939/1027
f 1027/940/1027 1100/941/1100 1100/942/1100
f 1100/943/1100 1173/944/1173 1100/945/1100
f 1100/946/1100 1173/947/1173 1173/948/1173
f 1173/949/1173 1246/950/1246 1173/951/1173
f 1173/952/1173 1246/953/1246 1246/954/1246
f 1246/955/1246 1319/956/1319 1246/957/1246
f 1246/958/1246 1319/959/1319 1319/960/1319
f 1319/961/1319 1392/962/1392 1319/963/1319
f 1319/964/1319 1392/965/1392 1392/966/1392
f 1392/967/1392 1465/968/1465 1392/969/1392
f 1392/970/1392 1465/971/1465 1465/972/1465
f 1465/973/1465 1538/974/1538 1465/975/1465
f 1465/976/1465 1538/977/1538 1538/978/1538
f 1538/979/1538 1611/980/1611 1538/981/1538
f 1538/982/1538 1611/983/1611 1611/984/1611
f 1611/985/1611 1684/986/1684 1611/987/1611
f 1611/988/1611 1684/989/1684 1684/990/1684
f 1684/991/1684 176/992/176 1684/993/1684
f 1684/994/1684 176/995/176 177/996/177
f 176/997/176 155/998/155 177/999/177
f 177/1000/177 155/1001/155 156/1002/156
f 155/1003/155 134/1004/134 156/1005/156
f 156/1006/156 134/1007/134 135/1008/135
f 134/1009/134 65515/1010/65515 135/1011/135
f 135/1012/135 65515/1013/65515 65211/1014/65211
f 65515/1015/65515 65137/1016/65137 65211/1017/65211
f 65211/1018/65211 65137/1019/65137 65211/1020/65211
f 65137/1021/65137 65137/1022/65137 65211/1023/65211
f 65211/1024/65211 65137/1025/65137 65211/1026/65211
f 65137/1027/65137 65137/1028/65137 65211/1029/65211
f 65211/1030/65211 65137/1031/65137 65211/1032/65211
f 65137/1033/65137 65137/1034/65137 65211/1035/65211
f 65211/1036/65211 65137/1037/65137 65211/1038/65211
f 65137/1039/65137 65137/1040/65137 65211/1041/65211
f 65211/1042/65211 65137/1043/65137 65211/1044/65211
f 65137/1045/65137 65137/1046/65137 65211/1047/65211
f 65211/1048/65211 65137/1049/65137 65211/1050/65211
f 65137/1051/65137 65137/1052/65137 65211/1053/65211
f 65211/1054/65211 65137/1055/65137 65211/1056/65211
f 65137/1057/65137 65137/1058/65137 65211/1059/65211
f 65211/1060/65211 65137/1061/65137 65211/1062/65211
f 65137/1063/65137 65137/1064/65137 65211/1065/65211
f 65211/1066/65211 65137/1067/65137 65211/1068/65211
f 65137/1069/65137 65137/1070/65137 65211/1071/65211
f 65211/1072/65211 65137/1073/65137 65211/1074/65211
f 65137/1075/65137 65137/1076/65137 65211/1077/65211
f 65211/1078/65211 65137/1079/65137 881/1080/881
f 65137/1081/65137 881/1082/881 881/1083/881
f 881/1084/881 881/1085/881 954/1086/954
f 881/1087/881 954/1088/954 954/1089/954
f 954/1090/954 954/1091/954 1027/1092/1027
f 954/1093/954 1027/1094/1027 1027/1095/1027
f 1027/1096/1027 1027/1097/1027 1100/1098/1100
f 1027/1099/1027 1100/1100/1100 1100/1101/1100
f 1100/1102/1100 1100/1103/1100 1173/1104/1173
f 1100/1105/1100 1173/1106/1173 1173/1107/1173
f 1173/1108/1173 1173/1109/1173 1246/1110/1246
f 1173/1111/1173 1246/1112/1246 1246/1113/1246
f 1246/1114/1246 1246/1115/1246 1319/1116/1319
f 1246/1117/1246 1319/1118/1319 1319/1119/1319
f 1319/1120/1319 1319/1121/1319 1392/1122/1392
f 1319/1123/1319 1392/1124/1392 1392/1125/1392
f 1392/1126/1392 1392/1127/1392 1465/1128/1465
f 1392/1129/1392 1465/1130/1465 1465/1131/1465
f 1465/1132/1465 1465/1133/1465 1538/1134/1538
f 1465/1135/1465 1538/1136/1538 1538/1137/1538
f 1538/1138/1538 1538/1139/1538 1611/1140/1611
f 1538/1141/1538 1611/1142/1611 1611/1143/1611
f 1611/1144/1611 1611/1145/1611 1684/1146/1684
f 1611/1147/1611 1684/1148/1684 1684/1149/1684
f 1684/1150/1684 1684/1151/1684 218/1152/218
f 1684/1153/1684 197/1154/197 218/1155/218
f 218/1156/218 197/1157/197 219/1158/219
f 197/1159/197 198/1160/198 219/1161/219
f 219/1162/219 198/1163/198 220/1164/220
f 198/1165/198 199/1166/199 220/1167/220
f 220/1168/220 199/1169/199 221/1170/221
f 199/1171/199 200/1172/200 221/1173/221
f 221/1174/221 200/1175/200 222/1176/222
f 200/1177/200 201/1178/201 222/1179/222
f 222/1180/222 201/1181/201 223/1182/223
f 201/1183/201 202/1184/202 223/1185/223
f 223/1186/223 202/1187/202 224/1188/224
f 202/1189/202 203/1190/203 224/1191/224
f 224/1192/224 203/1193/203 225/1194/225
f 203/1195/203 204/1196/204 225/1197/225
f 225/1198/225 204/1199/204 226/1200/226
f 204/1201/204 205/1202/205 226/1203/226
f 226/1204/226 205/1205/205 227/1206/227
f 205/1207/205 206/1208/206 227/1209/227
f 227/1210/227 206/1211/206 228/1212/228
f 206/1213/206 207/1214/207 228/1215/228
f 228/1216/228 207/1217/207 229/1218/229
f 207/1219/207 208/1220/208 229/1221/229
f 229/1222/229 208/1223/208 65513/1224/65513
f 208/1225/208 64991/1226/64991 65513/1227/65513
f 65513/1228/65513 64991/1229/64991 64918/1230/64918
f 64991/1231/64991 64991/1232/64991 64918/1233/64918
f 64918/1234/64918 64991/1235/64991 64918/1236/64918
f 64991/1237/64991 64991/1238/64991 64918/1239/64918
f 64918/1240/64918 64991/1241/64991 64918/1242/64918
f 64991/1243/64991 64991/1244/64991 64918/1245/64918
f 64918/1246/64918 64991/1247/64991 64918/1248/64918
f 64991/1249/64991 64991/1250/64991 64918/1251/64918
f 64918/1252/64918 64991/1253/64991 64918/1254/64918
f 64991/1255/64991 64991/1256/64991 64918/1257/64918
f 64918/1258/64918 64991/1259/64991 64918/1260/64918
f 64991/1261/64991 64991/1262/64991 64918/1263/64918
f 64918/1264/64918 64991/1265/64991 64918/1266/64918
f 64991/1267/64991 64991/1268/64991 64918/1269/64918
f 64918/1270/64918 64991/1271/64991 64918/1272/64918
f 64991/1273/64991 64991/1274/64991 64918/1275/64918
f 64918/1276/64918 64991/1277/64991 64918/1278/64918
f 64991/1279/64991 64991/1280/64991 64918/1281/64918
f 64918/1282/64918 64991/1283/64991 64918/1284/64918
f 64991/1285/64991 64991/1286/64991 64918/1287/64918
f 64918/1288/64918 64991/1289/64991 64918/1290/64918
f 64991/1291/64991 64991/1292/64991 64918/1293/64918
f 64918/1294/64918 64991/1295/64991 64918/1296/64918
f 64991/1297/64991 1684/1298/1684 64918/1299/64918
f 64918/1300/64918 1684/1301/1684 1684/1302/1684
f 1684/1303/1684 1611/1304/1611 1684/1305/1684
f 1684/1306/1684 1611/1307/1611 1611/1308/1611
f 1611/1309/1611 1538/1310/1538 1611/1311/1611
f 1611/1312/1611 1538/1313/1538 1538/1314/1538
f 1538/1315/1538 1465/1316/1465 1538/1317/1538
f 1538/1318/1538 1465/1319/1465 1465/1320/1465
f 1465/1321/1465 1392/1322/1392 1465/1323/1465
f 1465/1324/1465 1392/1325/1392 1392/1326/1392
f 1392/1327/1392 1319/1328/1319 1392/1329/1392
f 1392/1330/1392 1319/1331/1319 1319/1332/1319
f 1319/1333/1319 1246/1334/1246 1319/1335/1319
f 1319/1336/1319 1246/1337/1246 1246/1338/1246
f 1246/1339/1246 1173/1340/1173 1246/1341/1246
f 1246/1342/1246 1173/1343/1173 1173/1344/1173
f 1173/1345/1173 1100/1346/1100 1173/1347/1173
f 1173/1348/1173 1100/1349/1100 1100/1350/1100
f 1100/1351/1100 1027/1352/1027 1100/1353/1100
f 1100/1354/1100 1027/1355/1027 1027/1356/1027
f 1027/1357/1027 954/1358/954 1027/1359/1027
f 1027/1360/1027 954/1361/954 954/1362/954
f 954/1363/954 881/1364/881 954/1365/954
f 954/1366/954 881/1367/881 881/1368/881
f 881/1369/881 273/1370/273 881/1371/881
f 881/1372/881 273/1373/273 274/1374/274
f 273/1375/273 252/1376/252 274/1377/274
f 274/1378/274 252/1379/252 253/1380/253
f 252/1381/252 231/1382/231 253/1383/253
f 253/1384/253 231/1385/231 232/1386/232
f 231/1387/231 210/1388/210 232/1389/232
f 232/1390/232 210/1391/210 211/1392/211
f 210/1393/210 189/1394/189 211/1395/211
f 211/1396/211 189/1397/189 190/1398/190
f 189/1399/189 168/1400/168 190/1401/190
f 190/1402/190 168/1403/168 169/1404/169
f 168/1405/168 147/1406/147 169/1407/169
f 169/1408/169 147/1409/147 148/1410/148
f 147/1411/147 126/1412/126 148/1413/148
f 148/1414/148 126/1415/126 127/1416/127
f 126/1417/126 105/1418/105 127/1419/127
f 127/1420/127 105/1421/105 106/1422/106
f 105/1423/105 63/1424/63 106/1425/106
f 106/1426/106 63/1427/63 64/1428/64
f 63/1429/63 66/1430/66 64/1431/64
f 64/1432/64 66/1433/66 65/1434/65
f 66/1435/66 23/1436/23 65/1437/65
f 65/1438/65 23/1439/23 64771/1440/64771
f 23/1441/23 64771/1442/64771 64771/1443/64771
f 64771/1444/64771 64771/1445/64771 64845/1446/64845
f 64771/1447/64771 64845/1448/64845 64845/1449/64845
f 64845/1450/64845 64845/1451/64845 64918/1452/64918
f 64845/1453/64845 64918/1454/64918 64918/1455/64918
f 64918/1456/64918 64918/1457/64918 64991/1458/64991
f 64918/1459/64918 64991/1460/64991 64991/1461/64991
f 64991/1462/64991 64991/1463/64991 65064/1464/65064
f 64991/1465/64991 65064/1466/65064 65064/1467/65064
f 65064/1468/65064 65064/1469/65064 65137/1470/65137
f 65064/1471/65064 65137/1472/65137 65137/1473/65137
f 65137/1474/65137 65137/1475/65137 65211/1476/65211
f 65137/1477/65137 65211/1478/65211 65211/1479/65211
f 65211/1480/65211 65211/1481/65211 65284/1482/65284
f 65211/1483/65211 65284/1484/65284 65284/1485/65284
f 65284/1486/65284 65284/1487/65284 65357/1488/65357
f 65284/1489/65284 65357/1490/65357 65357/1491/65357
f 65357/1492/65357 65357/1493/65357 65430/1494/65430
f 65357/1495/65357 65430/1496/65430 65430/1497/65430
f 65430/1498/65430 65430/1499/65430 256/1500/256
f 65430/1501/65430 256/1502/256 256/1503/256
f 256/1504/256 256/1505/256 517/1506/517
f 256/1507/256 590/1508/590 517/1509/517
f 517/1510/517 590/1511/590 517/1512/517
f 590/1513/590 590/1514/590 517/1515/517
f 517/1516/517 590/1517/590 517/1518/517
f 590/1519/590 590/1520/590 517/1521/517
f 517/1522/517 590/1523/590 517/1524/517
f 590/1525/590 590/1526/590 517/1527/517
f 517/1528/517 590/1529/590 517/1530/517
f 590/1531/590 590/1532/590 517/1533/517
f 517/1534/517 590/1535/590 517/1536/517
f 590/1537/590 590/1538/590 517/1539/517
f 517/1540/517 590/1541/590 517/1542/517
f 590/1543/590 590/1544/590 517/1545/517
f 517/1546/517 590/1547/590 517/1548/517
f 590/1549/590 590/1550/590 517/1551/517
f 517/1552/517 590/1553/590 517/1554/517
f 590/1555/590 590/1556/590 517/1557/517
f 517/1558/517 590/1559/590 517/1560/517
f 590/1561/590 590/1562/590 517/1563/517
f 517/1564/517 590/1565/590 517/1566/517
f 590/1567/590 590/1568/590 517/1569/517
f 517/1570/517 590/1571/590 277/1572/277
f 590/1573/590 278/1574/278 277/1575/277
f 277/1576/277 278/1577/278 256/1578/256
f 278/1579/278 257/1580/257 256/1581/256
f 256/1582/256 257/1583/257 235/1584/235
f 257/1585/257 236/1586/236 235/1587/235
f 235/1588/235 236/1589/236 214/1590/214
f 236/1591/236 215/1592/215 214/1593/214
f 214/1594/214 215/1595/215 193/1596/193
f 215/1597/215 194/1598/194 193/1599/193
f 193/1600/193 194/1601/194 172/1602/172
f 194/1603/194 173/1604/173 172/1605/172
f 172/1606/172 173/1607/173 151/1608/151
f 173/1609/173 152/1610/152 151/1611/151
f 151/1612/151 152/1613/152 130/1614/130
f 152/1615/152 131/1616/131 130/1617/130
f 130/1618/130 131/1619/131 109/1620/109
f 131/1621/131 110/1622/110 109/1623/109
f 109/1624/109 110/1625/110 71/1626/71
f 110/1627/110 73/1628/73 71/1629/71
f 71/1630/71 73/1631/73 72/1632/72
f 73/1633/73 74/1634/74 72/1635/72
f 72/1636/72 74/1637/74 23/1638/23
f 74/1639/74 64771/1640/64771 23/1641/23
f 23/1642/23 64771/1643/64771 64771/1644/64771
f 64771/1645/64771 64845/1646/64845 64771/1647/64771
f 64771/1648/64771 64845/1649/64845 64845/1650/64845
f 64845/1651/64845 64918/1652/64918 64845/1653/64845
f 64845/1654/64845 64918/1655/64918 64918/1656/64918
f 64918/1657/64918 64991/1658/64991 64918/1659/64918
f 64918/1660/64918 64991/1661/64991 64991/1662/64991
f 64991/1663/64991 65064/1664/65064 64991/1665/64991
f 64991/1666/64991 65064/1667/65064 65064/1668/65064
f 65064/1669/65064 65137/1670/65137 65064/1671/65064
f 65064/1672/65064 65137/1673/65137 65137/1674/65137
f 65137/1675/65137 65211/1676/65211 65137/1677/65137
f 65137/1678/65137 65211/1679/65211 65211/1680/65211
f 65211/1681/65211 65284/1682/65284 65211/1683/65211
f 65211/1684/65211 65284/1685/65284 65284/1686/65284
f 65284/1687/65284 65357/1688/65357 65284/1689/65284
f 65284/1690/65284 65357/1691/65357 65357/1692/65357
f 65357/1693/65357 65430/1694/65430 65357/1695/65357
f 65357/1696/65357 65430/1697/65430 65430/1698/65430
f 65430/1699/65430 256/1700/256 65430/1701/65430
f 65430/1702/65430 256/1703/256 256/1704/256
f 256/1705/256 809/1706/809 256/1707/256
f 256/1708/256 809/1709/809 881/1710/881
f 809/1711/809 809/1712/809 881/1713/881
f 881/1714/881 809/1715/809 881/1716/881
f 809/1717/809 809/1718/809 881/1719/881
f 881/1720/881 809/1721/809 881/1722/881
f 809/1723/809 809/1724/809 881/1725/881
f 881/1726/881 809/1727/809 881/1728/881
f 809/1729/809 809/1730/809 881/1731/881
f 881/1732/881 809/1733/809 881/1734/881
f 809/1735/809 809/1736/809 881/1737/881
f 881/1738/881 809/1739/809 881/1740/881
f 809/1741/809 809/1742/809 881/1743/881
f 881/1744/881 809/1745/809 881/1746/881
f 809/1747/809 809/1748/809 881/1749/881
f 881/1750/881 809/1751/809 881/1752/881
f 809/1753/809 809/1754/809 881/1755/881
f 881/1756/881 809/1757/809 881/1758/881
f 809/1759/809 809/1760/809 881/1761/881
f 881/1762/881 809/1763/809 881/1764/881
f 809/1765/809 809/1766/809 881/1767/881
f 881/1768/881 809/1769/809 881/1770/881
f 809/1771/809 271/1772/271 881/1773/881
f 881/1774/881 271/1775/271 292/1776/292
f 271/1777/271 270/1778/270 292/1779/292
f 292/1780/292 270/1781/270 291/1782/291
f 270/1783/270 269/1784/269 291/1785/291
f 291/1786/291 269/1787/269 290/1788/290
f 269/1789/269 268/1790/268 290/1791/290
f 290/1792/290 268/1793/268 289/1794/289
f 268/1795/268 267/1796/267 289/1797/289
f 289/1798/289 267/1799/267 288/1800/288
f 267/1801/267 266/1802/266 288/1803/288
f 288/1804/288 266/1805/266 287/1806/287
f 266/1807/266 265/1808/265 287/1809/287
f 287/1810/287 265/1811/265 286/1812/286
f 265/1813/265 264/1814/264 286/1815/286
f 286/1816/286 264/1817/264 285/1818/285
f 264/1819/264 263/1820/263 285/1821/285
f 285/1822/285 263/1823/263 284/1824/284
f 263/1825/263 262/1826/262 284/1827/284
f 284/1828/284 262/1829/262 283/1830/283
f 262/1831/262 261/1832/261 283/1833/283
f 283/1834/283 261/1835/261 282/1836/282
f 261/1837/261 260/1838/260 282/1839/282
f 282/1840/282 260/1841/260 281/1842/281
f 260/1843/260 65497/1844/65497 281/1845/281
f 281/1846/281 65497/1847/65497 64698/1848/64698
f 65497/1849/65497 64771/1850/64771 64698/1851/64698
f 64698/1852/64698 64771/1853/64771 64698/1854/64698
f 64771/1855/64771 64771/1856/64771 64698/1857/64698
f 64698/1858/64698 64771/1859/64771 64698/1860/64698
f 64771/1861/64771 64771/1862/64771 64698/1863/64698
f 64698/1864/64698 64771/1865/64771 64698/1866/64698
f 64771/1867/64771 64771/1868/64771 64698/1869/64698
f 64698/1870/64698 64771/1871/64771 64698/1872/64698
f 64771/1873/64771 64771/1874/64771 64698/1875/64698
f 64698/1876/64698 64771/1877/64771 64698/1878/64698
f 64771/1879/64771 64771/1880/64771 64698/1881/64698
f 64698/1882/64698 64771/1883/64771 64698/1884/64698
f 64771/1885/64771 64771/1886/64771 64698/1887/64698
f 64698/1888/64698 64771/1889/64771 64698/1890/64698
f 64771/1891/64771 64771/1892/64771 64698/1893/64698
f 64698/1894/64698 64771/1895/64771 64698/1896/64698
f 64771/1897/64771 64771/1898/64771 64698/1899/64698
f 64698/1900/64698 64771/1901/64771 64698/1902/64698
f 64771/1903/64771 64771/1904/64771 64698/1905/64698
f 64698/1906/64698 64771/1907/64771 64698/1908/64698
f 64771/1909/64771 64771/1910/64771 64698/1911/64698
f 64698/1912/64698 64771/1913/64771 64698/1914/64698
f 64771/1915/64771 64771/1916/64771 64698/1917/64698
f 64698/1918/64698 64771/1919/64771 64698/1920/64698
f 64771/1921/64771 64771/1922/64771 64698/1923/64698
f 64698/1924/64698 64771/1925/64771 64698/1926/64698
f 64771/1927/64771 64771/1928/64771 64698/1929/64698
f 64698/1930/64698 64771/1931/64771 64698/1932/64698
f 64771/1933/64771 64771/1934/64771 64698/1935/64698
f 64698/1936/64698 64771/1937/64771 64698/1938/64698
f 64771/1939/64771 64771/1940/64771 64698/1941/64698
f 64698/1942/64698 64771/1943/64771 64698/1944/64698
f 64771/1945/64771 64771/1946/64771 64698/1947/64698
f 64698/1948/64698 64771/1949/64771 64698/1950/64698
f 64771/1951/64771 64771/1952/64771 64698/1953/64698
f 64698/1954/64698 64771/1955/64771 64698/1956/64698
f 64771/1957/64771 64771/1958/64771 64698/1959/64698
f 64698/1960/64698 64771/1961/64771 64698/1962/64698
f 64771/1963/64771 64771/1964/64771 64698/1965/64698
f 64698/1966/64698 64771/1967/64771 1/1968/1
f 64771/1969/64771 1/1970/1 1/1971/1
f 1/1972/1 1/1973/1 371/1974/371
f 1/1975/1 371/1976/371 371/1977/371
f 371/1978/371 371/1979/371 444/1980/444
f 371/1981/371 444/1982/444 444/1983/444
f 444/1984/444 444/1985/444 517/1986/517
f 444/1987/444 517/1988/517 517/1989/517
f 517/1990/517 517/1991/517 590/1992/590
f 517/1993/517 590/1994/590 590/1995/590
f 590/1996/590 590/1997/590 663/1998/663
f 590/1999/590 663/2000/663 663/2001/663
f 663/2002/663 663/2003/663 736/2004/736
f 663/2005/663 736/2006/736 736/2007/736
f 736/2008/736 736/2009/736 809/2010/809
f 736/2011/736 809/2012/809 809/2013/809
f 809/2014/809 809/2015/809 881/2016/881
f 809/2017/809 881/2018/881 881/2019/881
f 881/2020/881 881/2021/881 954/2022/954
f 881/2023/881 954/2024/954 954/2025/954
f 954/2026/954 954/2027/954 1027/2028/1027
f 954/2029/954 1027/2030/1027 1027/2031/1027
f 1027/2032/1027 1027/2033/1027 1100/2034/1100
f 1027/2035/1027 1100/2036/1100 1100/2037/1100
f 1100/2038/1100 1100/2039/1100 1173/2040/1173
f 1100/2041/1100 1173/2042/1173 1173/2043/1173
f 1173/2044/1173 1173/2045/1173 1246/2046/1246
f 1173/2047/1173 1246/2048/1246 1246/2049/1246
f 1246/2050/1246 1246/2051/1246 1319/2052/1319
f 1246/2053/1246 1319/2054/1319 1319/2055/1319
f 1319/2056/1319 1319/2057/1319 1392/2058/1392
f 1319/2059/1319 1392/2060/1392 1392/2061/1392
f 1392/2062/1392 1392/2063/1392 1465/2064/1465
f 1392/2065/1392 1465/2066/1465 1465/2067/1465
f 1465/2068/1465 1465/2069/1465 1538/2070/1538
f 1465/2071/1465 1538/2072/1538 1538/2073/1538
f 1538/2074/1538 1538/2075/1538 1611/2076/1611
f 1538/2077/1538 1611/2078/1611 1611/2079/1611
f 1611/2080/1611 1611/2081/1611 1684/2082/1684
f 1611/2083/1611 1684/2084/1684 1684/2085/1684
f 1684/2086/1684 1684/2087/1684 336/2088/336
f 1684/2089/1684 315/2090/315 336/2091/336
f 336/2092/336 315/2093/315 337/2094/337
f 315/2095/315 316/2096/316 337/2097/337
f 337/2098/337 316/2099/316 338/2100/338
f 316/2101/316 317/2102/317 338/2103/338
f 338/2104/338 317/2105/317 339/2106/339
f 317/2107/317 318/2108/318 339/2109/339
f 339/2110/339 318/2111/318 340/2112/340
f 318/2113/318 319/2114/319 340/2115/340
f 340/2116/340 319/2117/319 341/2118/341
f 319/2119/319 320/2120/320 341/2121/341
f 341/2122/341 320/2123/320 342/2124/342
f 320/2125/320 321/2126/321 342/2127/342
f 342/2128/342 321/2129/321 343/2130/343
f 321/2131/321 322/2132/322 343/2133/343
f 343/2134/343 322/2135/322 344/2136/344
f 322/2137/322 323/2138/323 344/2139/344
f 344/2140/344 323/2141/323 345/2142/345
f 323/2143/323 324/2144/324 345/2145/345
f 345/2146/345 324/2147/324 346/2148/346
f 324/2149/324 325/2150/325 346/2151/346
f 346/2152/346 325/2153/325 347/2154/347
f 325/2155/325 326/2156/326 347/2157/347
f 347/2158/347 326/2159/326 348/2160/348
f 326/2161/326 327/2162/327 348/2163/348
f 348/2164/348 327/2165/327 349/2166/349
f 327/2167/327 328/2168/328 349/2169/349
f 349/2170/349 328/2171/328 350/2172/350
f 328/2173/328 329/2174/329 350/2175/350
f 350/2176/350 329/2177/329 351/2178/351
f 329/2179/329 330/2180/330 351/2181/351
f 351/2182/351 330/2183/330 352/2184/352
f 330/2185/330 331/2186/331 352/2187/352
f 352/2188/352 331/2189/331 353/2190/353
f 331/2191/331 332/2192/332 353/2193/353
f 353/2194/353 332/2195/332 354/2196/354
f 332/2197/332 333/2198/333 354/2199/354
f 354/2200/354 333/2201/333 355/2202/355
f 333/2203/333 334/2204/334 355/2205/355
f 355/2206/355 334/2207/334 65497/2208/65497
f 334/2209/334 64552/2210/64552 65497/2211/65497
f 65497/2212/65497 64552/2213/64552 64479/2214/64479
f 64552/2215/64552 64552/2216/64552 64479/2217/64479
f 64479/2218/64479 64552/2219/64552 64479/2220/64479
f 64552/2221/64552 64552/2222/64552 64479/2223/64479
f 64479/2224/64479 64552/2225/64552 64479/2226/64479
f 64552/2227/64552 64552/2228/64552 64479/2229/64479
f 64479/2230/64479 64552/2231/64552 64479/2232/64479
f 64552/2233/64552 64552/2234/64552 64479/2235/64479
f 64479/2236/64479 64552/2237/64552 64479/2238/64479
f 64552/2239/64552 64552/2240/64552 64479/2241/64479
f 64479/2242/64479 64552/2243/64552 64479/2244/64479
f 64552/2245/64552 64552/2246/64552 64479/2247/64479
f 64479/2248/64479 64552/2249/64552 64479/2250/64479
f 64552/2251/64552 64552/2252/64552 64479/2253/64479
f 64479/2254/64479 64552/2255/64552 64479/2256/64479
f 64552/2257/64552 64552/2258/64552 64479/2259/64479
f 64479/2260/64479 64552/2261/64552 64479/2262/64479
f 64552/2263/64552 64552/2264/64552 64479/2265/64479
f 64479/2266/64479 64552/2267/64552 64479/2268/64479
f 64552/2269/64552 64552/2270/64552 64479/2271/64479
f 64479/2272/64479 64552/2273/64552 64479/2274/64479
f 64552/2275/64552 64552/2276/64552 64479/2277/64479
f 64479/2278/64479 64552/2279/64552 64479/2280/64479
f 64552/2281/64552 64552/2282/64552 64479/2283/64479
f 64479/2284/64479 64552/2285/64552 64479/2286/64479
f 64552/2287/64552 64552/2288/64552 64479/2289/64479
f 64479/2290/64479 64552/2291/64552 64479/2292/64479
f 64552/2293/64552 64552/2294/64552 64479/2295/64479
f 64479/2296/64479 64552/2297/64552 64479/2298/64479
f 64552/2299/64552 64552/2300/64552 64479/2301/64479
f 64479/2302/64479 64552/2303/64552 64479/2304/64479
f 64552/2305/64552 64552/2306/64552 64479/2307/64479
f 64479/2308/64479 64552/2309/64552 64479/2310/64479
f 64552/2311/64552 64552/2312/64552 64479/2313/64479
f 64479/2314/64479 64552/2315/64552 64479/2316/64479
f 64552/2317/64552 64552/2318/64552 64479/2319/64479
f 64479/2320/64479 64552/2321/64552 64479/2322/64479
f 64552/2323/64552 64552/2324/64552 64479/2325/64479
f 64479/2326/64479 64552/2327/64552 64479/2328/64479
f 64552/2329/64552 1684/2330/1684 64479/2331/64479
f 64479/2332/64479 1684/2333/1684 1684/2334/1684
f 1684/2335/1684 1611/2336/1611 1684/2337/1684
f 1684/2338/1684 1611/2339/1611 1611/2340/1611
f 1611/2341/1611 1538/2342/1538 1611/2343/1611
f 1611/2344/1611 1538/2345/1538 1538/2346/1538
f 1538/2347/1538 1465/2348/1465 1538/2349/1538
f 1538/2350/1538 1465/2351/1465 1465/2352/1465
f 1465/2353/1465 1392/2354/1392 1465/2355/1465
f 1465/2356/1465 1392/2357/1392 1392/2358/1392
f 1392/2359/1392 1319/2360/1319 1392/2361/1392
f 1392/2362/1392 1319/2363/1319 1319/2364/1319
f 1319/2365/1319 1246/2366/1246 1319/2367/1319
f 1319/2368/1319 1246/2369/1246 1246/2370/1246
f 1246/2371/1246 1173/2372/1173 1246/2373/1246
f 1246/2374/1246 1173/2375/1173 1173/2376/1173
f 1173/2377/1173 1100/2378/1100 1173/2379/1173
f 1173/2380/1173 1100/2381/1100 1100/2382/1100
f 1100/2383/1100 1027/2384/1027 1100/2385/1100
f 1100/2386/1100 1027/2387/1027 1027/2388/1027
f 1027/2389/1027 954/2390/954 1027/2391/1027
f 1027/2392/1027 954/2393/954 954/2394/954
f 954/2395/954 881/2396/881 954/2397/954
f 954/2398/954 881/2399/881 881/2400/881
f 881/2401/881 809/2402/809 881/2403/881
f 881/2404/881 809/2405/809 809/2406/809
f 809/2407/809 736/2408/736 809/2409/809
f 809/2410/809 736/2411/736 736/2412/736
f 736/2413/736 663/2414/663 736/2415/736
f 736/2416/736 663/2417/663 663/2418/663
f 663/2419/663 590/2420/590 663/2421/663
f 663/2422/663 590/2423/590 590/2424/590
f 590/2425/590 517/2426/517 590/2427/590
f 590/2428/590 517/2429/517 517/2430/517
f 517/2431/517 444/2432/444 517/2433/517
f 517/2434/517 444/2435/444 444/2436/444
f 444/2437/444 371/2438/371 444/2439/444
f 444/2440/444 371/2441/371 371/2442/371
f 371/2443/371 1/2444/1 371/2445/371
f 371/2446/371 1/2447/1 1/2448/1
f 1/2449/1 397/2450/397 1/2451/1
f 1/2452/1 397/2453/397 418/2454/418
f 397/2455/397 396/2456/396 418/2457/418
f 418/2458/418 396/2459/396 417/2460/417
f 396/2461/396 395/2462/395 417/2463/417
f 417/2464/417 395/2465/395 416/2466/416
f 395/2467/395 394/2468/394 416/2469/416
f 416/2470/416 394/2471/394 415/2472/415
f 394/2473/394 393/2474/393 415/2475/415
f 415/2476/415 393/2477/393 414/2478/414
f 393/2479/393 392/2480/392 414/2481/414
f 414/2482/414 392/2483/392 413/2484/413
f 392/2485/392 391/2486/391 413/2487/413
f 413/2488/413 391/2489/391 412/2490/412
f 391/2491/391 390/2492/390 412/2493/412
f 412/2494/412 390/2495/390 411/2496/411
f 390/2497/390 389/2498/389 411/2499/411
f 411/2500/411 389/2501/389 410/2502/410
f 389/2503/389 388/2504/388 410/2505/410
f 410/2506/410 388/2507/388 409/2508/409
f 388/2509/388 387/2510/387 409/2511/409
f 409/2512/409 387/2513/387 408/2514/408
f 387/2515/387 386/2516/386 408/2517/408
f 408/2518/408 386/2519/386 407/2520/407
f 386/2521/386 385/2522/385 407/2523/407
f 407/2524/407 385/2525/385 406/2526/406
f 385/2527/385 384/2528/384 406/2529/406
f 406/2530/406 384/2531/384 405/2532/405
f 384/2533/384 383/2534/383 405/2535/405
f 405/2536/405 383/2537/383 404/2538/404
f 383/2539/383 382/2540/382 404/2541/404
f 404/2542/404 382/2543/382 403/2544/403
f 382/2545/382 381/2546/381 403/2547/403
f 403/2548/403 381/2549/381 402/2550/402
f 381/2551/381 380/2552/380 402/2553/402
f 402/2554/402 380/2555/380 401/2556/401
f 380/2557/380 379/2558/379 401/2559/401
f 401/2560/401 379/2561/379 400/2562/400
f 379/2563/379 378/2564/378 400/2565/400
f 400/2566/400 378/2567/378 399/2568/399
f 378/2569/378 65497/2570/65497 399/2571/399
f 399/2572/399 65497/2573/65497 64259/2574/64259
f 65497/2575/65497 64332/2576/64332 64259/2577/64259
f 64259/2578/64259 64332/2579/64332 64259/2580/64259
f 64332/2581/64332 64332/2582/64332 64259/2583/64259
f 64259/2584/64259 64332/2585/64332 64259/2586/64259
f 64332/2587/64332 64332/2588/64332 64259/2589/64259
f 64259/2590/64259 64332/2591/64332 64259/2592/64259
f 64332/2593/64332 64332/2594/64332 64259/2595/64259
f 64259/2596/64259 64332/2597/64332 64259/2598/64259
f 64332/2599/64332 64332/2600/64332 64259/2601/64259
f 64259/2602/64259 64332/2603/64332 64259/2604/64259
f 64332/2605/64332 64332/2606/64332 64259/2607/64259
f 64259/2608/64259 64332/2609/64332 64259/2610/64259
f 64332/2611/64332 64332/2612/64332 64259/2613/64259
f 64259/2614/64259 64332/2615/64332 64259/2616/64259
f 64332/2617/64332 64332/2618/64332 64259/2619/64259
f 64259/2620/64259 64332/2621/64332 64259/2622/64259
f 64332/2623/64332 64332/2624/64332 64259/2625/64259
f 64259/2626/64259 64332/2627/64332 64259/2628/64259
f 64332/2629/64332 64332/2630/64332 64259/2631/64259
f 64259/2632/64259 64332/2633/64332 64259/2634/64259
f 64332/2635/64332 64332/2636/64332 64259/2637/64259
f 64259/2638/64259 64332/2639/64332 64259/2640/64259
f 64332/2641/64332 64332/2642/64332 64259/2643/64259
f 64259/2644/64259 64332/2645/64332 64259/2646/64259
f 64332/2647/64332 64332/2648/64332 64259/2649/64259
f 64259/2650/64259 64332/2651/64332 64259/2652/64259
f 64332/2653/64332 64332/2654/64332 64259/2655/64259
f 64259/2656/64259 64332/2657/64332 64259/2658/64259
f 64332/2659/64332 64332/2660/64332 64259/2661/64259
f 64259/2662/64259 64332/2663/64332 64259/2664/64259
f 64332/2665/64332 64332/2666/64332 64259/2667/64259
f 64259/2668/64259 64332/2669/64332 64259/2670/64259
f 64332/2671/64332 64332/2672/64332 64259/2673/64259
f 64259/2674/64259 64332/2675/64332 64259/2676/64259
f 64332/2677/64332 64332/2678/64332 64259/2679/64259
f 64259/2680/64259 64332/2681/64332 64259/2682/64259
f 64332/2683/64332 64332/2684/64332 64259/2685/64259
f 64259/2686/64259 64332/2687/64332 64259/2688/64259
f 64332/2689/64332 64332/2690/64332 64259/2691/64259
f 64259/2692/64259 64332/2693/64332 1/2694/1
f 64332/2695/64332 1/2696/1 1/2697/1
f 1/2698/1 1/2699/1 371/2700/371
f 1/2701/1 371/2702/371 371/2703/371
f 371/2704/371 371/2705/371 444/2706/444
f 371/2707/371 444/2708/444 444/2709/444
f 444/2710/444 444/2711/444 517/2712/517
f 444/2713/444 517/2714/517 517/2715/517
f 517/2716/517 517/2717/517 590/2718/590
f 517/2719/517 590/2720/590 590/2721/590
f 590/2722/590 590/2723/590 663/2724/663
f 590/2725/590 663/2726/663 663/2727/663
f 663/2728/663 663/2729/663 736/2730/736
f 663/2731/663 736/2732/736 736/2733/736
f 736/2734/736 736/2735/736 809/2736/809
f 736/2737/736 809/2738/809 809/2739/809
f 809/2740/809 809/2741/809 881/2742/881
f 809/2743/809 881/2744/881 881/2745/881
f 881/2746/881 881/2747/881 954/2748/954
f 881/2749/881 954/2750/954 954/2751/954
f 954/2752/954 954/2753/954 1027/2754/1027
f 954/2755/954 1027/2756/1027 1027/2757/1027
f 1027/2758/1027 1027/2759/1027 1100/2760/1100
f 1027/2761/1027 1100/2762/1100 1100/2763/1100
f 1100/2764/1100 1100/2765/1100 1173/2766/1173
f 1100/2767/1100 1173/2768/1173 1173/2769/1173
f 1173/2770/1173 1173/2771/1173 1246/2772/1246
f 1173/2773/1173 1246/2774/1246 1246/2775/1246
f 1246/2776/1246 1246/2777/1246 1319/2778/1319
f 1246/2779/1246 1319/2780/1319 1319/2781/1319
f 1319/2782/1319 1319/2783/1319 1392/2784/1392
f 1319/2785/1319 1392/2786/1392 1392/2787/1392
f 1392/2788/1392 1392/2789/1392 1465/2790/1465
f 1392/2791/1392 1465/2792/1465 1465/2793/1465
f 1465/2794/1465 1465/2795/1465 1538/2796/1538
f 1465/2797/1465 1538/2798/1538 1538/2799/1538
f 1538/2800/1538 1538/2801/1538 1611/2802/1611
f 1538/2803/1538 1611/2804/1611 1611/2805/1611
f 1611/2806/1611 1611/2807/1611 1684/2808/1684
f 1611/2809/1611 1684/2810/1684 1684/2811/1684
f 1684/2812/1684 1684/2813/1684 502/2814/502
f 1684/2815/1684 503/2816/503 502/2817/502
f 502/2818/502 503/2819/503 501/2820/501
f 503/2821/503 500/2822/500 501/2823/501
f 501/2824/501 500/2825/500 460/2826/460
f 500/2827/500 461/2828/461 460/2829/460
f 460/2830/460 461/2831/461 439/2832/439
f 461/2833/461 440/2834/440 439/2835/439
f 439/2836/439 440/2837/440 418/2838/418
f 440/2839/440 419/2840/419 418/2841/418
f 418/2842/418 419/2843/419 397/2844/397
f 419/2845/419 398/2846/398 397/2847/397
f 397/2848/397 398/2849/398 376/2850/376
f 398/2851/398 377/2852/377 376/2853/376
f 376/2854/376 377/2855/377 355/2856/355
f 377/2857/377 356/2858/356 355/2859/355
f 355/2860/355 356/2861/356 334/2862/334
f 356/2863/356 335/2864/335 334/2865/334
f 334/2866/334 335/2867/335 313/2868/313
f 335/2869/335 314/2870/314 313/2871/313
f 313/2872/313 314/2873/314 292/2874/292
f 314/2875/314 293/2876/293 292/2877/292
f 292/2878/292 293/2879/293 271/2880/271
f 293/2881/293 272/2882/272 271/2883/271
f 271/2884/271 272/2885/272 250/2886/250
f 272/2887/272 251/2888/251 250/2889/250
f 250/2890/250 251/2891/251 229/2892/229
f 251/2893/251 230/2894/230 229/2895/229
f 229/2896/229 230/2897/230 208/2898/208
f 230/2899/230 209/2900/209 208/2901/208
f 208/2902/208 209/2903/209 187/2904/187
f 209/2905/209 188/2906/188 187/2907/187
f 187/2908/187 188/2909/188 166/2910/166
f 188/2911/188 167/2912/167 166/2913/166
f 166/2914/166 167/2915/167 145/2916/145
f 167/2917/167 146/2918/146 145/2919/145
f 145/2920/145 146/2921/146 124/2922/124
f 146/2923/146 125/2924/125 124/2925/124
f 124/2926/124 125/2927/125 101/2928/101
f 125/2929/125 102/2930/102 101/2931/101
f 101/2932/101 102/2933/102 104/2934/104
f 102/2935/102 103/2936/103 104/2937/104
f 104/2938/104 103/2939/103 65497/2940/65497
f 103/2941/103 64113/2942/64113 65497/2943/65497
f 65497/2944/65497 64113/2945/64113 63745/2946/63745
f 64113/2947/64113 64113/2948/64113 63745/2949/63745
f 63745/2950/63745 64113/2951/64113 63745/2952/63745
f 64113/2953/64113 64113/2954/64113 63745/2955/63745
f 63745/2956/63745 64113/2957/64113 63745/2958/63745
f 64113/2959/64113 64113/2960/64113 63745/2961/63745
f 63745/2962/63745 64113/2963/64113 63745/2964/63745
f 64113/2965/64113 64113/2966/64113 63745/2967/63745
f 63745/2968/63745 64113/2969/64113 63745/2970/63745
f 64113/2971/64113 64113/2972/64113 63745/2973/63745
f 63745/2974/63745 64113/2975/64113 63745/2976/63745
f 64113/2977/64113 64113/2978/64113 63745/2979/63745
f 63745/2980/63745 64113/2981/64113 63745/2982/63745
f 64113/2983/64113 64113/2984/64113 63745/2985/63745
f 63745/2986/63745 64113/2987/64113 63745/2988/63745
f 64113/2989/64113 64113/2990/64113 63745/2991/63745
f 63745/2992/63745 64113/2993/64113 63745/2994/63745
f 64113/2995/64113 64113/2996/64113 63745/2997/63745
f 63745/2998/63745 64113/2999/64113 63745/3000/63745
f 64113/3001/64113 64113/3002/64113 63745/3003/63745
f 63745/3004/63745 64113/3005/64113 63745/3006/63745
f 64113/3007/64113 64113/3008/64113 63745/3009/63745
f 63745/3010/63745 64113/3011/64113 63745/3012/63745
f 64113/3013/64113 64113/3014/64113 63745/3015/63745
f 63745/3016/63745 64113/3017/64113 63745/3018/63745
f 64113/3019/64113 64113/3020/64113 63745/3021/63745
f 63745/3022/63745 64113/3023/64113 63745/3024/63745
f 64113/3025/64113 64113/3026/64113 63745/3027/63745
f 63745/3028/63745 64113/3029/64113 63745/3030/63745
f 64113/3031/64113 64113/3032/64113 63745/3033/63745
f 63745/3034/63745 64113/3035/64113 63745/3036/63745
f 64113/3037/64113 64113/3038/64113 63745/3039/63745
f 63745/3040/63745 64113/3041/64113 63745/3042/63745
f 64113/3043/64113 64113/3044/64113 63745/3045/63745
f 63745/3046/63745 64113/3047/64113 63745/3048/63745
f 64113/3049/64113 64113/3050/64113 63745/3051/63745
f 63745/3052/63745 64113/3053/64113 63745/3054/63745
f 64113/3055/64113 64113/3056/64113 63745/3057/63745
f 63745/3058/63745 64113/3059/64113 63745/3060/63745
f 64113/3061/64113 1684/3062/1684 63745/3063/63745
f 63745/3064/63745 1684/3065/1684 1684/3066/1684
f 1684/3067/1684 1611/3068/1611 1684/3069/1684
f 1684/3070/1684 1611/3071/1611 1611/3072/1611
f 1611/3073/1611 1538/3074/1538 1611/3075/1611
f 1611/3076/1611 1538/3077/1538 1538/3078/1538
f 1538/3079/1538 1465/3080/1465 1538/3081/1538
f 1538/3082/1538 1465/3083/1465 1465/3084/1465
f 1465/3085/1465 1392/3086/1392 1465/3087/1465
f 1465/3088/1465 1392/3089/1392 1392/3090/1392
f 1392/3091/1392 1319/3092/1319 1392/3093/1392
f 1392/3094/1392 1319/3095/1319 1319/3096/1319
f 1319/3097/1319 1246/3098/1246 1319/3099/1319
f 1319/3100/1319 1246/3101/1246 1246/3102/1246
f 1246/3103/1246 1173/3104/1173 1246/3105/1246
f 1246/3106/1246 1173/3107/1173 1173/3108/1173
f 1173/3109/1173 1100/3110/1100 1173/3111/1173
f 1173/3112/1173 1100/3113/1100 1100/3114/1100
f 1100/3115/1100 1027/3116/1027 1100/3117/1100
f 1100/3118/1100 1027/3119/1027 1027/3120/1027
f 1027/3121/1027 954/3122/954 1027/3123/1027
f 1027/3124/1027 954/3125/954 954/3126/954
f 954/3127/954 881/3128/881 954/3129/954
f 954/3130/954 881/3131/881 881/3132/881
f 881/3133/881 809/3134/809 881/3135/881
f 881/3136/881 809/3137/809 809/3138/809
f 809/3139/809 736/3140/736 809/3141/809
f 809/3142/809 736/3143/736 736/3144/736
f 736/3145/736 663/3146/663 736/3147/736
f 736/3148/736 663/3149/663 663/3150/663
f 663/3151/663 590/3152/590 663/3153/663
f 663/3154/663 590/3155/590 590/3156/590
f 590/3157/590 517/3158/517 590/3159/590
f 590/3160/590 517/3161/517 517/3162/517
f 517/3163/517 444/3164/444 517/3165/517
f 517/3166/517 444/3167/444 444/3168/444
f 444/3169/444 371/3170/371 444/3171/444
f 444/3172/444 371/3173/371 371/3174/371
f 371/3175/371 1/3176/1 371/3177/371
f 371/3178/371 1/3179/1 1/3180/1
f 1/3181/1 256/3182/256 1/3183/1
f 1/3184/1 256/3185/256 2014/3186/2014
f 256/3187/256 1/3188/1 2014/3189/2014
f 2014/3190/2014 1/3191/1 17709/3192/17709
f 1/3193/1 65536/3194/65536 17709/3195/17709
f 17709/3196/17709 65536/3197/65536 1/3198/1
f 65536/3199/65536 56927/3200/56927 1/3201/1
f 1/3202/1 56927/3203/56927 65536/3204/65536
f 56927/3205/56927 5009/3206/5009 65536/3207/65536
f 65536/3208/65536 5009/3209/5009 50625/3210/50625
f 5009/3211/5009 12043/3212/12043 50625/3213/50625
f 50625/3214/50625 12043/3215/12043 17652/3216/17652
f 12043/3217/12043 65536/3218/65536 17652/3219/17652
f 17652/3220/17652 65536/3221/65536 17855/3222/17855
f 65536/3223/65536 27141/3224/27141 17855/3225/17855
f 17855/3226/17855 27141/3227/27141 65536/3228/65536
f 27141/3229/27141 60282/3230/60282 65536/3231/65536
f 65536/3232/65536 60282/3233/60282 17765/3234/17765
f 60282/3235/60282 11254/3236/11254 17765/3237/17765
f 17765/3238/17765 11254/3239/11254 50385/3240/50385
f 11254/3241/11254 65536/3242/65536 50385/3243/50385
f 50385/3244/50385 65536/3245/65536 17857/3246/17857
f 65536/3247/65536 29011/3248/29011 17857/3249/17857
f 17857/3250/17857 29011/3251/29011 65536/3252/65536
f 29011/3253/29011 60310/3254/60310 65536/3255/65536
f 65536/3256/65536 60310/3257/60310 50630/3258/50630
f 60310/3259/60310 17933/3260/17933 50630/3261/50630
f 50630/3262/50630 17933/3263/17933 17652/3264/17652
f 17933/3265/17933 65536/3266/65536 17652/3267/17652
f 17652/3268/17652 65536/3269/65536 17724/3270/17724
f 65536/3271/65536 12044/3272/12044 17724/3273/17724
f 17724/3274/17724 12044/3275/12044 65536/3276/65536
f 12044/3277/12044 51199/3278/51199 65536/3279/65536
f 65536/3280/65536 51199/3281/51199 17855/3282/17855
f 51199/3283/51199 16586/3284/16586 17855/3285/17855
f 17855/3286/17855 16586/3287/16586 17363/3288/17363
f 16586/3289/16586 65536/3290/65536 17363/3291/17363
f 17363/3292/17363 65536/3293/65536 17765/3294/17765
f 65536/3295/65536 11254/3296/11254 17765/3297/17765
f 17765/3298/17765 11254/3299/11254 65536/3300/65536
f 11254/3301/11254 5013/3302/5013 65536/3303/65536
f 65536/3304/65536 5013/3305/5013 17857/3306/17857
f 5013/3307/5013 27138/3308/27138 17857/3309/17857
f 17857/3310/17857 27138/3311/27138 17550/3312/17550
f 27138/3313/27138 65536/3314/65536 17550/3315/17550
f 17550/3316/17550 65536/3317/65536 17885/3318/17885
f 65536/3319/65536 42974/3320/42974 17885/3321/17885
f 17885/3322/17885 42974/3323/42974 65536/3324/65536
f 42974/3325/42974 61381/3326/61381 65536/3327/65536
f 65536/3328/65536 61381/3329/61381 17852/3330/17852
f 61381/3331/61381 24074/3332/24074 17852/3333/17852
f 17852/3334/17852 24074/3335/24074 17550/3336/17550
f 24074/3337/24074 65536/3338/65536 17550/3339/17550
f 17550/3340/17550 65536/3341/65536 14275/3342/14275
f 65536/3343/65536 16587/3344/16587 14275/3345/14275
f 14275/3346/14275 16587/3347/16587 65536/3348/65536
f 16587/3349/16587 57241/3350/57241 65536/3351/65536
f 65536/3352/65536 57241/3353/57241 17893/3354/17893
f 57241/3355/57241 41347/3356/41347 17893/3357/17893
f 17893/3358/17893 41347/3359/41347 50494/3360/50494
f 41347/3361/41347 65536/3362/65536 50494/3363/50494
f 50494/3364/50494 65536/3365/65536 17724/3366/17724
f 65536/3367/65536 12041/3368/12041 17724/3369/17724
f 17724/3370/17724 12041/3371/12041 65536/3372/65536
f 12041/3373/12041 60292/3374/60292 65536/3375/65536
f 65536/3376/65536 60292/3377/60292 14625/3378/14625
f 60292/3379/60292 17934/3380/17934 14625/3381/14625
f 14625/3382/14625 17934/3383/17934 17652/3384/17652
f 17934/3385/17934 65536/3386/65536 17652/3387/17652
f 17652/3388/17652 65536/3389/65536 50525/3390/50525
f 65536/3391/65536 57947/3392/57947 50525/3393/50525
f 50525/3394/50525 57947/3395/57947 65536/3396/65536
f 57947/3397/57947 60274/3398/60274 65536/3399/65536
f 65536/3400/65536 60274/3401/60274 17862/3402/17862
f 60274/3403/60274 54330/3404/54330 17862/3405/17862
f 17862/3406/17862 54330/3407/54330 50385/3408/50385
f 54330/3409/54330 65536/3410/65536 50385/3411/50385
f 50385/3412/50385 65536/3413/65536 50527/3414/50527
f 65536/3415/65536 42008/3416/42008 50527/3417/50527
f 50527/3418/50527 42008/3419/42008 65536/3420/65536
f 42008/3421/42008 57233/3422/57233 65536/3423/65536
f 65536/3424/65536 57233/3425/57233 50533/3426/50533
f 57233/3427/57233 54328/3428/54328 50533/3429/50533
f 50533/3430/50533 54328/3431/54328 50385/3432/50385
f 54328/3433/54328 65536/3434/65536 50385/3435/50385
f 50385/3436/50385 65536/3437/65536 50595/3438/50595
f 65536/3439/65536 17935/3440/17935 50595/3441/50595
f 50595/3442/50595 17935/3443/17935 65536/3444/65536
f 17935/3445/17935 51201/3446/51201 65536/3447/65536
f 65536/3448/65536 51201/3449/51201 17757/3450/17757
f 51201/3451/51201 44106/3452/44106 17757/3453/17757
f 17757/3454/17757 44106/3455/44106 17363/3456/17363
f 44106/3457/44106 65536/3458/65536 17363/3459/17363
f 17363/3460/17363 65536/3461/65536 50631/3462/50631
f 65536/3463/65536 54328/3464/54328 50631/3465/50631
f 50631/3466/50631 54328/3467/54328 65536/3468/65536
f 54328/3469/54328 5012/3470/5012 65536/3471/65536
f 65536/3472/65536 5012/3473/5012 17759/3474/17759
f 5012/3475/5012 12043/3476/12043 17759/3477/17759
f 17759/3478/17759 12043/3479/12043 17652/3480/17652
f 12043/3481/12043 65536/3482/65536 17652/3483/17652
f 17652/3484/17652 65536/3485/65536 17887/3486/17887
f 65536/3487/65536 46842/3488/46842 17887/3489/17887
f 17887/3490/17887 46842/3491/46842 65536/3492/65536
f 46842/3493/46842 61385/3494/61385 65536/3495/65536
f 65536/3496/65536 61385/3497/61385 47690/3498/47690
f 61385/3499/61385 27138/3500/27138 47690/3501/47690
f 47690/3502/47690 27138/3503/27138 17550/3504/17550
f 27138/3505/27138 65536/3506/65536 17550/3507/17550
f 17550/3508/17550 65536/3509/65536 50661/3510/50661
f 65536/3511/65536 36716/3512/36716 50661/3513/50661
f 50661/3514/50661 36716/3515/36716 65536/3516/65536
f 36716/3517/36716 57236/3518/57236 65536/3519/65536
f 65536/3520/65536 57236/3521/57236 47653/3522/47653
f 57236/3523/57236 29011/3524/29011 47653/3525/47653
f 47653/3526/47653 29011/3527/29011 50494/3528/50494
f 29011/3529/29011 65536/3530/65536 50494/3531/50494
f 50494/3532/50494 65536/3533/65536 47501/3534/47501
f 65536/3535/65536 29012/3536/29012 47501/3537/47501
f 47501/3538/47501 29012/3539/29012 65536/3540/65536
f 29012/3541/29012 57232/3542/57232 65536/3543/65536
f 65536/3544/65536 57232/3545/57232 50631/3546/50631
f 57232/3547/57232 12041/3548/12041 50631/3549/50631
f 50631/3550/50631 12041/3551/12041 17652/3552/17652
f 12041/3553/12041 65536/3554/65536 17652/3555/17652
f 17652/3556/17652 65536/3557/65536 50623/3558/50623
f 65536/3559/65536 27138/3560/27138 50623/3561/50623
f 50623/3562/50623 27138/3563/27138 65536/3564/65536
f 27138/3565/27138 60302/3566/60302 65536/3567/65536
f 65536/3568/65536 60302/3569/60302 50533/3570/50533
f 60302/3571/60302 11251/3572/11251 50533/3573/50533
f 50533/3574/50533 11251/3575/11251 50385/3576/50385
f 11251/3577/11251 65536/3578/65536 50385/3579/50385
f 50385/3580/50385 65536/3581/65536 50625/3582/50625
f 65536/3583/65536 29013/3584/29013 50625/3585/50625
f 50625/3586/50625 29013/3587/29013 65536/3588/65536
f 29013/3589/29013 57231/3590/57231 65536/3591/65536
f 65536/3592/65536 57231/3593/57231 50661/3594/50661
f 57231/3595/57231 57947/3596/57947 50661/3597/50661
f 50661/3598/50661 57947/3599/57947 17550/3600/17550
f 57947/3601/57947 65536/3602/65536 17550/3603/17550
f 17550/3604/17550 65536/3605/65536 50492/3606/50492
f 65536/3607/65536 12043/3608/12043 50492/3609/50492
f 50492/3610/50492 12043/3611/12043 65536/3612/65536
f 12043/3613/12043 51209/3614/51209 65536/3615/65536
f 65536/3616/65536 51209/3617/51209 50623/3618/50623
f 51209/3619/51209 16585/3620/16585 50623/3621/50623
f 50623/3622/50623 16585/3623/16585 17363/3624/17363
f 16585/3625/16585 65536/3626/65536 17363/3627/17363
f 17363/3628/17363 65536/3629/65536 50533/3630/50533
f 65536/3631/65536 11252/3632/11252 50533/3633/50533
f 50533/3634/50533 11252/3635/11252 65536/3636/65536
f 11252/3637/11252 5009/3638/5009 65536/3639/65536
f 65536/3640/65536 5009/3641/5009 50625/3642/50625
f 5009/3643/5009 42008/3644/42008 50625/3645/50625
f 50625/3646/50625 42008/3647/42008 50494/3648/50494
f 42008/3649/42008 65536/3650/65536 50494/3651/50494
f 50494/3652/50494 65536/3653/65536 17862/3654/17862
f 65536/3655/65536 16585/3656/16585 17862/3657/17862
f 17862/3658/17862 16585/3659/16585 65536/3660/65536
f 16585/3661/16585 61391/3662/61391 65536/3663/65536
f 65536/3664/65536 61391/3665/61391 50620/3666/50620
f 61391/3667/61391 64953/3668/64953 50620/3669/50620
f 50620/3670/50620 64953/3671/64953 17550/3672/17550
f 64953/3673/64953 65536/3674/65536 17550/3675/17550
f 17550/3676/17550 65536/3677/65536 14623/3678/14623
f 65536/3679/65536 16585/3680/16585 14623/3681/14623
f 14623/3682/14623 16585/3683/16585 65536/3684/65536
f 16585/3685/16585 16385/3686/16385 65536/3687/65536
f 65536/3688/65536 16385/3689/16385 50601/3690/50601
f 16385/3691/16385 49160/3692/49160 50601/3693/50601
f 50601/3694/50601 49160/3695/49160 50477/3696/50477
f 49160/3697/49160 55273/3698/55273 50477/3699/50477
f 50477/3700/50477 55273/3701/55273 50601/3702/50601
f 55273/3703/55273 57348/3704/57348 50601/3705/50601
f 50601/3706/50601 57348/3707/57348 65475/3708/65475
f 57348/3709/57348 16385/3710/16385 65475/3711/65475
f 65475/3712/65475 16385/3713/16385 50691/3714/50691
f 16385/3715/16385 6/3716/6 50691/3717/50691
f 50691/3718/50691 6/3719/6 50462/3720/50462
f 6/3721/6 55273/3722/55273 50462/3723/50462
f 50462/3724/50462 55273/3725/55273 50583/3726/50583
f 55273/3727/55273 57348/3728/57348 50583/3729/50583
f 50583/3730/50583 57348/3731/57348 65475/3732/65475
f 57348/3733/57348 63708/3734/63708 65475/3735/65475
f 65475/3736/65475 63708/3737/63708 50601/3738/50601
f 63708/3739/63708 16390/3740/16390 50601/3741/50601
f 50601/3742/50601 16390/3743/16390 50488/3744/50488
f 16390/3745/16390 63488/3746/63488 50488/3747/50488
f 50488/3748/50488 63488/3749/63488 50530/3750/50530
f 63488/3751/63488 49160/3752/49160 50530/3753/50530
f 50530/3754/50530 49160/3755/49160 65439/3756/65439
f 49160/3757/49160 16385/3758/16385 65439/3759/65439
f 65439/3760/65439 16385/3761/16385 50691/3762/50691
f 16385/3763/16385 32776/3764/32776 50691/3765/50691
f 50691/3766/50691 32776/3767/32776 50491/3768/50491
f 32776/3769/32776 44759/3770/44759 50491/3771/50491
f 50491/3772/50491 44759/3773/44759 50492/3774/50492
f 44759/3775/44759 57348/3776/57348 50492/3777/50492
f 50492/3778/50492 57348/3779/57348 65475/3780/65475
f 57348/3781/57348 59146/3782/59146 65475/3783/65475
f 65475/3784/65475 59146/3785/59146 50601/3786/50601
f 59146/3787/59146 6/3788/6 50601/3789/50601
f 50601/3790/50601 6/3791/6 50488/3792/50488
f 6/3793/6 63488/3794/63488 50488/3795/50488
f 50488/3796/50488 63488/3797/63488 50402/3798/50402
f 63488/3799/63488 49160/3800/49160 50402/3801/50402
f 50402/3802/50402 49160/3803/49160 65399/3804/65399
f 49160/3805/49160 16385/3806/16385 65399/3807/65399
f 65399/3808/65399 16385/3809/16385 50691/3810/50691
f 16385/3811/16385 6/3812/6 50691/3813/50691
f 50691/3814/50691 6/3815/6 50483/3816/50483
f 6/3817/6 45016/3818/45016 50483/3819/50483
f 50483/3820/50483 45016/3821/45016 50327/3822/50327
f 45016/3823/45016 57348/3824/57348 50327/3825/50327
f 50327/3826/50327 57348/3827/57348 65475/3828/65475
f 57348/3829/57348 35438/3830/35438 65475/3831/65475
f 65475/3832/65475 35438/3833/35438 50601/3834/50601
f 35438/3835/35438 6/3836/6 50601/3837/50601
f 50601/3838/50601 6/3839/6 50488/3840/50488
f 6/3841/6 63488/3842/63488 50488/3843/50488
f 50488/3844/50488 63488/3845/63488 1/3846/1
f 63488/3847/63488 49160/3848/49160 1/3849/1
f 1/3850/1 49160/3851/49160 65358/3852/65358
f 49160/3853/49160 16385/3854/16385 65358/3855/65358
f 65358/3856/65358 16385/3857/16385 50691/3858/50691
f 16385/3859/16385 7/3860/7 50691/3861/50691
f 50691/3862/50691 7/3863/7 50476/3864/50476
f 7/3865/7 28849/3866/28849 50476/3867/50476
f 50476/3868/50476 28849/3869/28849 17431/3870/17431
f 28849/3871/28849 57348/3872/57348 17431/3873/17431
f 17431/3874/17431 57348/3875/57348 65475/3876/65475
f 57348/3877/57348 16175/3878/16175 65475/3879/65475
f 65475/3880/65475 16175/3881/16175 50601/3882/50601
f 16175/3883/16175 8/3884/8 50601/3885/50601
f 50601/3886/50601 8/3887/8 50488/3888/50488
f 8/3889/8 63488/3890/63488 50488/3891/50488
f 50488/3892/50488 63488/3893/63488 17634/3894/17634
f 63488/3895/63488 49160/3896/49160 17634/3897/17634
f 17634/3898/17634 49160/3899/49160 65368/3900/65368
f 49160/3901/49160 16385/3902/16385 65368/3903/65368
f 65368/3904/65368 16385/3905/16385 50691/3906/50691
f 16385/3907/16385 7/3908/7 50691/3909/50691
f 50691/3910/50691 7/3911/7 50489/3912/50489
f 7/3913/7 35006/3914/35006 50489/3915/50489
f 50489/3916/50489 35006/3917/35006 17687/3918/17687
f 35006/3919/35006 57348/3920/57348 17687/3921/17687
f 17687/3922/17687 57348/3923/57348 65475/3924/65475
f 57348/3925/57348 48101/3926/48101 65475/3927/65475
f 65475/3928/65475 48101/3929/48101 50601/3930/50601
f 48101/3931/48101 32776/3932/32776 50601/3933/50601
f 50601/3934/50601 32776/3935/32776 50488/3936/50488
f 32776/3937/32776 63488/3938/63488 50488/3939/50488
f 50488/3940/50488 63488/3941/63488 17762/3942/17762
f 63488/3943/63488 49160/3944/49160 17762/3945/17762
f 17762/3946/17762 49160/3947/49160 65390/3948/65390
f 49160/3949/49160 16385/3950/16385 65390/3951/65390
f 65390/3952/65390 16385/3953/16385 50691/3954/50691
f 16385/3955/16385 16390/3956/16390 50691/3957/50691
f 50691/3958/50691 16390/3959/16390 50479/3960/50479
f 16390/3961/16390 47857/3962/47857 50479/3963/50479
f 50479/3964/50479 47857/3965/47857 17796/3966/17796
f 47857/3967/47857 57348/3968/57348 17796/3969/17796
f 17796/3970/17796 57348/3971/57348 65475/3972/65475
f 57348/3973/57348 1198/3974/1198 65475/3975/65475
f 65475/3976/65475 1198/3977/1198 50601/3978/50601
f 1198/3979/1198 6/3980/6 50601/3981/50601
f 50601/3982/50601 6/3983/6 50488/3984/50488
f 6/3985/6 63488/3986/63488 50488/3987/50488
f 50488/3988/50488 63488/3989/63488 17833/3990/17833
f 63488/3991/63488 49160/3992/49160 17833/3993/17833
f 17833/3994/17833 49160/3995/49160 65456/3996/65456
f 49160/3997/49160 16385/3998/16385 65456/3999/65456
f 65456/4000/65456 16385/4001/16385 50601/4002/50601
f 16385/4003/16385 16388/4004/16388 50601/4005/50601
f 50601/4006/50601 16388/4007/16388 50488/4008/50488
f 16388/4009/16388 63488/4010/63488 50488/4011/50488
f 50488/4012/50488 63488/4013/63488 17833/4014/17833
f 63488/4015/63488 57348/4016/57348 17833/4017/17833
f 17833/4018/17833 57348/4019/57348 65475/4020/65475
f 57348/4021/57348 16385/4022/16385 65475/4023/65475
f 65475/4024/65475 16385/4025/16385 50583/4026/50583
f 16385/4027/16385 49160/4028/49160 50583/4029/50583
f 50583/4030/50583 49160/4031/49160 50480/4032/50480
f 49160/4033/49160 55273/4034/55273 50480/4035/50480
f 50480/4036/50480 55273/4037/55273 50583/4038/50583
f 55273/4039/55273 7/4040/7 50583/4041/50583
f 50583/4042/50583 7/4043/7 65448/4044/65448
f 7/4045/7 11327/4046/11327 65448/4047/65448
f 65448/4048/65448 11327/4049/11327 50583/4050/50583
f 11327/4051/11327 11/4052/11 50583/4053/50583
f 50583/4054/50583 11/4055/11 50468/4056/50468
f 11/4057/11 44985/4058/44985 50468/4059/50468
f 50468/4060/50468 44985/4061/44985 50492/4062/50492
f 44985/4063/44985 7/4064/7 50492/4065/50492
f 50492/4066/50492 7/4067/7 65334/4068/65334
f 7/4069/7 134/4070/134 65334/4071/65334
f 65334/4072/65334 134/4073/134 50583/4074/50583
f 134/4075/134 11/4076/11 50583/4077/50583
f 50583/4078/50583 11/4079/11 50467/4080/50467
f 11/4081/11 41419/4082/41419 50467/4083/50467
f 50467/4084/50467 41419/4085/41419 50327/4086/50327
f 41419/4087/41419 7/4088/7 50327/4089/50327
f 50327/4090/50327 7/4091/7 65536/4092/65536
f 7/4093/7 21766/4094/21766 65536/4095/65536
f 65536/4096/65536 21766/4097/21766 50583/4098/50583
f 21766/4099/21766 1/4100/1 50583/4101/50583
f 50583/4102/50583 1/4103/1 50481/4104/50481
f 1/4105/1 27050/4106/27050 50481/4107/50481
f 50481/4108/50481 27050/4109/27050 17431/4110/17431
f 27050/4111/27050 7/4112/7 17431/4113/17431
f 17431/4114/17431 7/4115/7 65322/4116/65322
f 7/4117/7 25852/4118/25852 65322/4119/65322
f 65322/4120/65322 25852/4121/25852 50583/4122/50583
f 25852/4123/25852 11/4124/11 50583/4125/50583
f 50583/4126/50583 11/4127/11 50485/4128/50485
f 11/4129/11 30389/4130/30389 50485/4131/50485
f 50485/4132/50485 30389/4133/30389 17687/4134/17687
f 30389/4135/30389 7/4136/7 17687/4137/17687
f 17687/4138/17687 7/4139/7 65347/4140/65347
f 7/4141/7 47293/4142/47293 65347/4143/65347
f 65347/4144/65347 47293/4145/47293 50583/4146/50583
f 47293/4147/47293 11/4148/11 50583/4149/50583
f 50583/4150/50583 11/4151/11 50482/4152/50482
f 11/4153/11 35006/4154/35006 50482/4155/50482
f 50482/4156/50482 35006/4157/35006 17796/4158/17796
f 35006/4159/35006 7/4160/7 17796/4161/17796
f 17796/4162/17796 7/4163/7 65390/4164/65390
f 7/4165/7 1612/4166/1612 65390/4167/65390
f 65390/4168/65390 1612/4169/1612 50583/4170/50583
f 1612/4171/1612 49160/4172/49160 50583/4173/50583
f 50583/4174/50583 49160/4175/49160 50474/4176/50474
f 49160/4177/49160 59136/4178/59136 50474/4179/50474
f 50474/4180/50474 59136/4181/59136 17924/4182/17924
f 59136/4183/59136 8/4184/8 17924/4185/17924
f 17924/4186/17924 8/4187/8 65475/4188/65475
f 8/4189/8 16385/4190/16385 65475/4191/65475
f 65475/4192/65475 16385/4193/16385 50564/4194/50564
f 16385/4195/16385 49160/4196/49160 50564/4197/50564
f 50564/4198/50564 49160/4199/49160 50479/4200/50479
f 49160/4201/49160 54236/4202/54236 50479/4203/50479
f 50479/4204/50479 54236/4205/54236 50583/4206/50583
f 54236/4207/54236 16390/4208/16390 50583/4209/50583
f 50583/4210/50583 16390/4211/16390 65467/4212/65467
f 16390/4213/16390 39406/4214/39406 65467/4215/65467
f 65467/4216/65467 39406/4217/39406 50564/4218/50564
f 39406/4219/39406 11/4220/11 50564/4221/50564
f 50564/4222/50564 11/4223/11 50462/4224/50462
f 11/4225/11 52480/4226/52480 50462/4227/50462
f 50462/4228/50462 52480/4229/52480 50492/4230/50492
f 52480/4231/52480 16390/4232/16390 50492/4233/50492
f 50492/4234/50492 16390/4235/16390 65386/4236/65386
f 16390/4237/16390 7589/4238/7589 65386/4239/65386
f 65386/4240/65386 7589/4241/7589 50564/4242/50564
f 7589/4243/7589 11/4244/11 50564/4245/50564
f 50564/4246/50564 11/4247/11 50451/4248/50451
f 11/4249/11 63488/4250/63488 50451/4251/50451
f 50451/4252/50451 63488/4253/63488 50327/4254/50327
f 63488/4255/63488 16390/4256/16390 50327/4257/50327
f 50327/4258/50327 16390/4259/16390 65536/4260/65536
f 16390/4261/16390 29195/4262/29195 65536/4263/65536
f 65536/4264/65536 29195/4265/29195 50564/4266/50564
f 29195/4267/29195 1/4268/1 50564/4269/50564
f 50564/4270/50564 1/4271/1 50481/4272/50481
f 1/4273/1 20651/4274/20651 50481/4275/50481
f 50481/4276/50481 20651/4277/20651 17431/4278/17431
f 20651/4279/20651 16390/4280/16390 17431/4281/17431
f 17431/4282/17431 16390/4283/16390 65381/4284/65381
f 16390/4285/16390 31884/4286/31884 65381/4287/65381
f 65381/4288/65381 31884/4289/31884 50564/4290/50564
f 31884/4291/31884 11/4292/11 50564/4293/50564
f 50564/4294/50564 11/4295/11 50500/4296/50500
f 11/4297/11 20651/4298/20651 50500/4299/50500
f 50500/4300/50500 20651/4301/20651 17687/4302/17687
f 20651/4303/20651 16390/4304/16390 17687/4305/17687
f 17687/4306/17687 16390/4307/16390 65322/4308/65322
f 16390/4309/16390 2260/4310/2260 65322/4311/65322
f 65322/4312/65322 2260/4313/2260 50564/4314/50564
f 2260/4315/2260 11/4316/11 50564/4317/50564
f 50564/4318/50564 11/4319/11 50469/4320/50469
f 11/4321/11 25517/4322/25517 50469/4323/50469
f 50469/4324/50469 25517/4325/25517 17796/4326/17796
f 25517/4327/25517 16390/4328/16390 17796/4329/17796
f 17796/4330/17796 16390/4331/16390 65409/4332/65409
f 16390/4333/16390 63880/4334/63880 65409/4335/65409
f 65409/4336/65409 63880/4337/63880 50564/4338/50564
f 63880/4339/63880 49160/4340/49160 50564/4341/50564
f 50564/4342/50564 49160/4343/49160 50466/4344/50466
f 49160/4345/49160 62208/4346/62208 50466/4347/50466
f 50466/4348/50466 62208/4349/62208 17924/4350/17924
f 62208/4351/62208 16390/4352/16390 17924/4353/17924
f 17924/4354/17924 16390/4355/16390 65475/4356/65475
f 16390/4357/16390 16385/4358/16385 65475/4359/65475
f 65475/4360/65475 16385/4361/16385 50530/4362/50530
f 16385/4363/16385 49160/4364/49160 50530/4365/50530
f 50530/4366/50530 49160/4367/49160 50475/4368/50475
f 49160/4369/49160 54236/4370/54236 50475/4371/50475
f 50475/4372/50475 54236/4373/54236 50583/4374/50583
f 54236/4375/54236 9/4376/9 50583/4377/50583
f 50583/4378/50583 9/4379/9 65460/4380/65460
f 9/4381/9 33420/4382/33420 65460/4383/65460
f 65460/4384/65460 33420/4385/33420 50530/4386/50530
f 33420/4387/33420 11/4388/11 50530/4389/50530
f 50530/4390/50530 11/4391/11 50460/4392/50460
f 11/4393/11 49637/4394/49637 50460/4395/50460
f 50460/4396/50460 49637/4397/49637 50492/4398/50492
f 49637/4399/49637 9/4400/9 50492/4401/50492
f 50492/4402/50492 9/4403/9 65358/4404/65358
f 9/4405/9 20198/4406/20198 65358/4407/65358
f 65358/4408/65358 20198/4409/20198 50530/4410/50530
f 20198/4411/20198 11/4412/11 50530/4413/50530
f 50530/4414/50530 11/4415/11 50437/4416/50437
f 11/4417/11 65536/4418/65536 50437/4419/50437
f 50437/4420/50437 65536/4421/65536 50327/4422/50327
f 65536/4423/65536 9/4424/9 50327/4425/50327
f 50327/4426/50327 9/4427/9 65536/4428/65536
f 9/4429/9 44608/4430/44608 65536/4431/65536
f 65536/4432/65536 44608/4433/44608 50530/4434/50530
f 44608/4435/44608 1/4436/1 50530/4437/50530
f 50530/4438/50530 1/4439/1 50485/4440/50485
f 1/4441/1 20651/4442/20651 50485/4443/50485
f 50485/4444/50485 20651/4445/20651 17431/4446/17431
f 20651/4447/20651 9/4448/9 17431/4449/17431
f 17431/4450/17431 9/4451/9 65375/4452/65375
f 9/4453/9 11029/4454/11029 65375/4455/65375
f 65375/4456/65375 11029/4457/11029 50530/4458/50530
f 11029/4459/11029 11/4460/11 50530/4461/50530
f 50530/4462/50530 11/4463/11 50481/4464/50481
f 11/4465/11 23731/4466/23731 50481/4467/50481
f 50481/4468/50481 23731/4469/23731 17687/4470/17687
f 23731/4471/23731 9/4472/9 17687/4473/17687
f 17687/4474/17687 9/4475/9 65302/4476/65302
f 9/4477/9 21323/4478/21323 65302/4479/65302
f 65302/4480/65302 21323/4481/21323 50530/4482/50530
f 21323/4483/21323 11/4484/11 50530/4485/50530
f 50530/4486/50530 11/4487/11 50455/4488/50455
f 11/4489/11 26545/4490/26545 50455/4491/50455
f 50455/4492/50455 26545/4493/26545 17796/4494/17796
f 26545/4495/26545 9/4496/9 17796/4497/17796
f 17796/4498/17796 9/4499/9 65438/4500/65438
f 9/4501/9 49205/4502/49205 65438/4503/65438
f 65438/4504/65438 49205/4505/49205 50530/4506/50530
f 49205/4507/49205 49160/4508/49160 50530/4509/50530
f 50530/4510/50530 49160/4511/49160 50445/4512/50445
f 49160/4513/49160 63488/4514/63488 50445/4515/50445
f 50445/4516/50445 63488/4517/63488 17924/4518/17924
f 63488/4519/63488 9/4520/9 17924/4521/17924
f 17924/4522/17924 9/4523/9 65475/4524/65475
f 9/4525/9 16385/4526/16385 65475/4527/65475
f 65475/4528/65475 16385/4529/16385 50492/4530/50492
f 16385/4531/16385 49160/4532/49160 50492/4533/50492
f 50492/4534/50492 49160/4535/49160 50468/4536/50468
f 49160/4537/49160 60928/4538/60928 50468/4539/50468
f 50468/4540/50468 60928/4541/60928 50583/4542/50583
f 60928/4543/60928 32776/4544/32776 50583/4545/50583
f 50583/4546/50583 32776/4547/32776 65504/4548/65504
f 32776/4549/32776 46688/4550/46688 65504/4551/65504
f 65504/4552/65504 46688/4553/46688 50492/4554/50492
f 46688/4555/46688 11/4556/11 50492/4557/50492
f 50492/4558/50492 11/4559/11 50457/4560/50457
f 11/4561/11 39108/4562/39108 50457/4563/50457
f 50457/4564/50457 39108/4565/39108 50492/4566/50492
f 39108/4567/39108 32776/4568/32776 50492/4569/50492
f 50492/4570/50492 32776/4571/32776 65388/4572/65388
f 32776/4573/32776 52831/4574/52831 65388/4575/65388
f 65388/4576/65388 52831/4577/52831 50492/4578/50492
f 52831/4579/52831 11/4580/11 50492/4581/50492
f 50492/4582/50492 11/4583/11 50423/4584/50423
f 11/4585/11 65536/4586/65536 50423/4587/50423
f 50423/4588/50423 65536/4589/65536 50327/4590/50327
f 65536/4591/65536 32776/4592/32776 50327/4593/50327
f 50327/4594/50327 32776/4595/32776 65536/4596/65536
f 32776/4597/32776 63794/4598/63794 65536/4599/65536
f 65536/4600/65536 63794/4601/63794 50492/4602/50492
f 63794/4603/63794 1/4604/1 50492/4605/50492
f 50492/4606/50492 1/4607/1 50488/4608/50488
f 1/4609/1 31668/4610/31668 50488/4611/50488
f 50488/4612/50488 31668/4613/31668 17431/4614/17431
f 31668/4615/31668 32776/4616/32776 17431/4617/17431
f 17431/4618/17431 32776/4619/32776 65381/4620/65381
f 32776/4621/32776 27847/4622/27847 65381/4623/65381
f 65381/4624/65381 27847/4625/27847 50492/4626/50492
f 27847/4627/27847 11/4628/11 50492/4629/50492
f 50492/4630/50492 11/4631/11 50480/4632/50480
f 11/4633/11 23731/4634/23731 50480/4635/50480
f 50480/4636/50480 23731/4637/23731 17687/4638/17687
f 23731/4639/23731 32776/4640/32776 17687/4641/17687
f 17687/4642/17687 32776/4643/32776 65330/4644/65330
f 32776/4645/32776 18364/4646/18364 65330/4647/65330
f 65330/4648/65330 18364/4649/18364 50492/4650/50492
f 18364/4651/18364 11/4652/11 50492/4653/50492
f 50492/4654/50492 11/4655/11 50443/4656/50443
f 11/4657/11 55296/4658/55296 50443/4659/50443
f 50443/4660/50443 55296/4661/55296 17796/4662/17796
f 55296/4663/55296 32776/4664/32776 17796/4665/17796
f 17796/4666/17796 32776/4667/32776 65536/4668/65536
f 32776/4669/32776 10167/4670/10167 65536/4671/65536
f 65536/4672/65536 10167/4673/10167 50492/4674/50492
f 10167/4675/10167 49160/4676/49160 50492/4677/50492
f 50492/4678/50492 49160/4679/49160 50427/4680/50427
f 49160/4681/49160 60407/4682/60407 50427/4683/50427
f 50427/4684/50427 60407/4685/60407 17924/4686/17924
f 60407/4687/60407 32776/4688/32776 17924/4689/17924
f 17924/4690/17924 32776/4691/32776 65475/4692/65475
f 32776/4693/32776 16385/4694/16385 65475/4695/65475
f 65475/4696/65475 16385/4697/16385 50455/4698/50455
f 16385/4699/16385 49160/4700/49160 50455/4701/50455
f 50455/4702/50455 49160/4703/49160 50460/4704/50460
f 49160/4705/49160 51948/4706/51948 50460/4707/50460
f 50460/4708/50460 51948/4709/51948 50583/4710/50583
f 51948/4711/51948 7/4712/7 50583/4713/50583
f 50583/4714/50583 7/4715/7 65504/4716/65504
f 7/4717/7 63750/4718/63750 65504/4719/65504
f 65504/4720/65504 63750/4721/63750 50455/4722/50455
f 63750/4723/63750 11/4724/11 50455/4725/50455
f 50455/4726/50455 11/4727/11 50453/4728/50453
f 11/4729/11 55531/4730/55531 50453/4731/50453
f 50453/4732/50453 55531/4733/55531 50492/4734/50492
f 55531/4735/55531 7/4736/7 50492/4737/50492
f 50492/4738/50492 7/4739/7 65482/4740/65482
f 7/4741/7 21387/4742/21387 65482/4743/65482
f 65482/4744/65482 21387/4745/21387 50455/4746/50455
f 21387/4747/21387 11/4748/11 50455/4749/50455
f 50455/4750/50455 11/4751/11 50412/4752/50412
f 11/4753/11 65536/4754/65536 50412/4755/50412
f 50412/4756/50412 65536/4757/65536 50327/4758/50327
f 65536/4759/65536 7/4760/7 50327/4761/50327
f 50327/4762/50327 7/4763/7 65536/4764/65536
f 7/4765/7 60074/4766/60074 65536/4767/65536
f 65536/4768/65536 60074/4769/60074 50455/4770/50455
f 60074/4771/60074 1/4772/1 50455/4773/50455
f 50455/4774/50455 1/4775/1 50486/4776/50486
f 1/4777/1 42443/4778/42443 50486/4779/50486
f 50486/4780/50486 42443/4781/42443 17431/4782/17431
f 42443/4783/42443 7/4784/7 17431/4785/17431
f 17431/4786/17431 7/4787/7 65347/4788/65347
f 7/4789/7 16621/4790/16621 65347/4791/65347
f 65347/4792/65347 16621/4793/16621 50455/4794/50455
f 16621/4795/16621 11/4796/11 50455/4797/50455
f 50455/4798/50455 11/4799/11 50491/4800/50491
f 11/4801/11 31940/4802/31940 50491/4803/50491
f 50491/4804/50491 31940/4805/31940 17687/4806/17687
f 31940/4807/31940 7/4808/7 17687/4809/17687
f 17687/4810/17687 7/4811/7 65386/4812/65386
f 7/4813/7 21989/4814/21989 65386/4815/65386
f 65386/4816/65386 21989/4817/21989 50455/4818/50455
f 21989/4819/21989 11/4820/11 50455/4821/50455
f 50455/4822/50455 11/4823/11 50435/4824/50435
f 11/4825/11 65536/4826/65536 50435/4827/50435
f 50435/4828/50435 65536/4829/65536 17796/4830/17796
f 65536/4831/65536 7/4832/7 17796/4833/17796
f 17796/4834/17796 7/4835/7 65536/4836/65536
f 7/4837/7 38143/4838/38143 65536/4839/65536
f 65536/4840/65536 38143/4841/38143 50455/4842/50455
f 38143/4843/38143 49160/4844/49160 50455/4845/50455
f 50455/4846/50455 49160/4847/49160 50432/4848/50432
f 49160/4849/49160 61184/4850/61184 50432/4851/50432
f 50432/4852/50432 61184/4853/61184 17924/4854/17924
f 61184/4855/61184 8/4856/8 17924/4857/17924
f 17924/4858/17924 8/4859/8 65475/4860/65475
f 8/4861/8 16385/4862/16385 65475/4863/65475
f 65475/4864/65475 16385/4865/16385 50402/4866/50402
f 16385/4867/16385 49160/4868/49160 50402/4869/50402
f 50402/4870/50402 49160/4871/49160 50453/4872/50453
f 49160/4873/49160 48869/4874/48869 50453/4875/50453
f 50453/4876/50453 48869/4877/48869 50583/4878/50583
f 48869/4879/48869 9/4880/9 50583/4881/50583
f 50583/4882/50583 9/4883/9 65504/4884/65504
f 9/4885/9 15569/4886/15569 65504/4887/65504
f 65504/4888/65504 15569/4889/15569 50402/4890/50402
f 15569/4891/15569 11/4892/11 50402/4893/50402
f 50402/4894/50402 11/4895/11 50449/4896/50449
f 11/4897/11 62201/4898/62201 50449/4899/50449
f 50449/4900/50449 62201/4901/62201 50492/4902/50492
f 62201/4903/62201 9/4904/9 50492/4905/50492
f 50492/4906/50492 9/4907/9 65496/4908/65496
f 9/4909/9 50609/4910/50609 65496/4911/65496
f 65496/4912/65496 50609/4913/50609 50402/4914/50402
f 50609/4915/50609 11/4916/11 50402/4917/50402
f 50402/4918/50402 11/4919/11 50407/4920/50407
f 11/4921/11 65536/4922/65536 50407/4923/50407
f 50407/4924/50407 65536/4925/65536 50327/4926/50327
f 65536/4927/65536 9/4928/9 50327/4929/50327
f 50327/4930/50327 9/4931/9 65504/4932/65504
f 9/4933/9 46413/4934/46413 65504/4935/65504
f 65504/4936/65504 46413/4937/46413 50402/4938/50402
f 46413/4939/46413 1/4940/1 50402/4941/50402
f 50402/4942/50402 1/4943/1 50483/4944/50483
f 1/4945/1 38596/4946/38596 50483/4947/50483
f 50483/4948/50483 38596/4949/38596 17431/4950/17431
f 38596/4951/38596 9/4952/9 17431/4953/17431
f 17431/4954/17431 9/4955/9 65337/4956/65337
f 9/4957/9 2137/4958/2137 65337/4959/65337
f 65337/4960/65337 2137/4961/2137 50402/4962/50402
f 2137/4963/2137 11/4964/11 50402/4965/50402
f 50402/4966/50402 11/4967/11 50461/4968/50461
f 11/4969/11 44520/4970/44520 50461/4971/50461
f 50461/4972/50461 44520/4973/44520 17687/4974/17687
f 44520/4975/44520 9/4976/9 17687/4977/17687
f 17687/4978/17687 9/4979/9 65466/4980/65466
f 9/4981/9 17848/4982/17848 65466/4983/65466
f 65466/4984/65466 17848/4985/17848 50402/4986/50402
f 17848/4987/17848 11/4988/11 50402/4989/50402
f 50402/4990/50402 11/4991/11 50433/4992/50433
f 11/4993/11 65536/4994/65536 50433/4995/50433
f 50433/4996/50433 65536/4997/65536 17796/4998/17796
f 65536/4999/65536 9/5000/9 17796/5001/17796
f 17796/5002/17796 9/5003/9 65536/5004/65536
f 9/5005/9 4720/5006/4720 65536/5007/65536
f 65536/5008/65536 4720/5009/4720 50402/5010/50402
f 4720/5011/4720 49160/5012/49160 50402/5013/50402
f 50402/5014/50402 49160/5015/49160 50444/5016/50444
f 49160/5017/49160 58880/5018/58880 50444/5019/50444
f 50444/5020/50444 58880/5021/58880 17924/5022/17924
f 58880/5023/58880 9/5024/9 17924/5025/17924
f 17924/5026/17924 9/5027/9 65475/5028/65475
f 9/5029/9 16385/5030/16385 65475/5031/65475
f 65475/5032/65475 16385/5033/16385 50327/5034/50327
f 16385/5035/16385 49160/5036/49160 50327/5037/50327
f 50327/5038/50327 49160/5039/49160 50447/5040/50447
f 49160/5041/49160 51440/5042/51440 50447/5043/50447
f 50447/5044/50447 51440/5045/51440 50583/5046/50583
f 51440/5047/51440 7/5048/7 50583/5049/50583
f 50583/5050/50583 7/5051/7 65459/5052/65459
f 7/5053/7 17781/5054/17781 65459/5055/65459
f 65459/5056/65459 17781/5057/17781 50327/5058/50327
f 17781/5059/17781 11/5060/11 50327/5061/50327
f 50327/5062/50327 11/5063/11 50448/5064/50448
f 11/5065/11 47832/5066/47832 50448/5067/50448
f 50448/5068/50448 47832/5069/47832 50492/5070/50492
f 47832/5071/47832 7/5072/7 50492/5073/50492
f 50492/5074/50492 7/5075/7 65493/5076/65493
f 7/5077/7 14052/5078/14052 65493/5079/65493
f 65493/5080/65493 14052/5081/14052 50327/5082/50327
f 14052/5083/14052 11/5084/11 50327/5085/50327
f 50327/5086/50327 11/5087/11 50407/5088/50407
f 11/5089/11 65536/5090/65536 50407/5091/50407
f 50407/5092/50407 65536/5093/65536 50327/5094/50327
f 65536/5095/65536 7/5096/7 50327/5097/50327
f 50327/5098/50327 7/5099/7 65504/5100/65504
f 7/5101/7 11838/5102/11838 65504/5103/65504
f 65504/5104/65504 11838/5105/11838 50327/5106/50327
f 11838/5107/11838 1/5108/1 50327/5109/50327
f 50327/5110/50327 1/5111/1 50484/5112/50484
f 1/5113/1 40139/5114/40139 50484/5115/50484
f 50484/5116/50484 40139/5117/40139 17431/5118/17431
f 40139/5119/40139 7/5120/7 17431/5121/17431
f 17431/5122/17431 7/5123/7 65330/5124/65330
f 7/5125/7 60711/5126/60711 65330/5127/65330
f 65330/5128/65330 60711/5129/60711 50327/5130/50327
f 60711/5131/60711 11/5132/11 50327/5133/50327
f 50327/5134/50327 11/5135/11 50443/5136/50443
f 11/5137/11 55293/5138/55293 50443/5139/50443
f 50443/5140/50443 55293/5141/55293 17687/5142/17687
f 55293/5143/55293 7/5144/7 17687/5145/17687
f 17687/5146/17687 7/5147/7 65536/5148/65536
f 7/5149/7 27812/5150/27812 65536/5151/65536
f 65536/5152/65536 27812/5153/27812 50327/5154/50327
f 27812/5155/27812 11/5156/11 50327/5157/50327
f 50327/5158/50327 11/5159/11 50437/5160/50437
f 11/5161/11 61952/5162/61952 50437/5163/50437
f 50437/5164/50437 61952/5165/61952 17796/5166/17796
f 61952/5167/61952 7/5168/7 17796/5169/17796
f 17796/5170/17796 7/5171/7 65459/5172/65459
f 7/5173/7 4539/5174/4539 65459/5175/65459
f 65459/5176/65459 4539/5177/4539 50327/5178/50327
f 4539/5179/4539 49160/5180/49160 50327/5181/50327
f 50327/5182/50327 49160/5183/49160 50449/5184/50449
f 49160/5185/49160 58880/5186/58880 50449/5187/50449
f 50449/5188/50449 58880/5189/58880 17924/5190/17924
f 58880/5191/58880 8/5192/8 17924/5193/17924
f 17924/5194/17924 8/5195/8 65475/5196/65475
f 8/5197/8 16385/5198/16385 65475/5199/65475
f 65475/5200/65475 16385/5201/16385 50199/5202/50199
f 16385/5203/16385 49160/5204/49160 50199/5205/50199
f 50199/5206/50199 49160/5207/49160 50443/5208/50443
f 49160/5209/49160 51968/5210/51968 50443/5211/50443
f 50443/5212/50443 51968/5213/51968 50583/5214/50583
f 51968/5215/51968 7/5216/7 50583/5217/50583
f 50583/5218/50583 7/5219/7 65429/5220/65429
f 7/5221/7 22950/5222/22950 65429/5223/65429
f 65429/5224/65429 22950/5225/22950 50199/5226/50199
f 22950/5227/22950 11/5228/11 50199/5229/50199
f 50199/5230/50199 11/5231/11 50451/5232/50451
f 11/5233/11 19351/5234/19351 50451/5235/50451
f 50451/5236/50451 19351/5237/19351 50492/5238/50492
f 19351/5239/19351 7/5240/7 50492/5241/50492
f 50492/5242/50492 7/5243/7 65445/5244/65445
f 7/5245/7 53558/5246/53558 65445/5247/65445
f 65445/5248/65445 53558/5249/53558 50199/5250/50199
f 53558/5251/53558 11/5252/11 50199/5253/50199
f 50199/5254/50199 11/5255/11 50411/5256/50411
f 11/5257/11 65536/5258/65536 50411/5259/50411
f 50411/5260/50411 65536/5261/65536 50327/5262/50327
f 65536/5263/65536 7/5264/7 50327/5265/50327
f 50327/5266/50327 7/5267/7 65536/5268/65536
f 7/5269/7 51494/5270/51494 65536/5271/65536
f 65536/5272/65536 51494/5273/51494 50199/5274/50199
f 51494/5275/51494 1/5276/1 50199/5277/50199
f 50199/5278/50199 1/5279/1 50488/5280/50488
f 1/5281/1 40139/5282/40139 50488/5283/50488
f 50488/5284/50488 40139/5285/40139 17431/5286/17431
f 40139/5287/40139 7/5288/7 17431/5289/17431
f 17431/5290/17431 7/5291/7 65351/5292/65351
f 7/5293/7 15910/5294/15910 65351/5295/65351
f 65351/5296/65351 15910/5297/15910 50199/5298/50199
f 15910/5299/15910 11/5300/11 50199/5301/50199
f 50199/5302/50199 11/5303/11 50442/5304/50442
f 11/5305/11 55293/5306/55293 50442/5307/50442
f 50442/5308/50442 55293/5309/55293 17687/5310/17687
f 55293/5311/55293 7/5312/7 17687/5313/17687
f 17687/5314/17687 7/5315/7 65536/5316/65536
f 7/5317/7 39781/5318/39781 65536/5319/65536
f 65536/5320/65536 39781/5321/39781 50199/5322/50199
f 39781/5323/39781 11/5324/11 50199/5325/50199
f 50199/5326/50199 11/5327/11 50444/5328/50444
f 11/5329/11 55296/5330/55296 50444/5331/50444
f 50444/5332/50444 55296/5333/55296 17796/5334/17796
f 55296/5335/55296 7/5336/7 17796/5337/17796
f 17796/5338/17796 7/5339/7 65452/5340/65452
f 7/5341/7 44218/5342/44218 65452/5343/65452
f 65452/5344/65452 44218/5345/44218 50199/5346/50199
f 44218/5347/44218 49160/5348/49160 50199/5349/50199
f 50199/5350/50199 49160/5351/49160 50447/5352/50447
f 49160/5353/49160 58880/5354/58880 50447/5355/50447
f 50447/5356/50447 58880/5357/58880 17924/5358/17924
f 58880/5359/58880 8/5360/8 17924/5361/17924
f 17924/5362/17924 8/5363/8 65475/5364/65475
f 8/5365/8 16385/5366/16385 65475/5367/65475
f 65475/5368/65475 16385/5369/16385 1/5370/1
f 16385/5371/16385 49160/5372/49160 1/5373/1
f 1/5374/1 49160/5375/49160 50445/5376/50445
f 49160/5377/49160 51968/5378/51968 50445/5379/50445
f 50445/5380/50445 51968/5381/51968 50583/5382/50583
f 51968/5383/51968 1/5384/1 50583/5385/50583
f 50583/5386/50583 1/5387/1 65414/5388/65414
f 1/5389/1 17179/5390/17179 65414/5391/65414
f 65414/5392/65414 17179/5393/17179 1/5394/1
f 17179/5395/17179 11/5396/11 1/5397/1
f 1/5398/1 11/5399/11 50455/5400/50455
f 11/5401/11 33739/5402/33739 50455/5403/50455
f 50455/5404/50455 33739/5405/33739 50492/5406/50492
f 33739/5407/33739 1/5408/1 50492/5409/50492
f 50492/5410/50492 1/5411/1 65394/5412/65394
f 1/5413/1 436/5414/436 65394/5415/65394
f 65394/5416/65394 436/5417/436 1/5418/1
f 436/5419/436 11/5420/11 1/5421/1
f 1/5422/1 11/5423/11 50425/5424/50425
f 11/5425/11 65536/5426/65536 50425/5427/50425
f 50425/5428/50425 65536/5429/65536 50327/5430/50327
f 65536/5431/65536 1/5432/1 50327/5433/50327
f 50327/5434/50327 1/5435/1 65423/5436/65423
f 1/5437/1 38971/5438/38971 65423/5439/65423
f 65423/5440/65423 38971/5441/38971 1/5442/1
f 38971/5443/38971 1/5444/1 1/5445/1
f 1/5446/1 1/5447/1 50490/5448/50490
f 1/5449/1 20651/5450/20651 50490/5451/50490
f 50490/5452/50490 20651/5453/20651 17431/5454/17431
f 20651/5455/20651 1/5456/1 17431/5457/17431
f 17431/5458/17431 1/5459/1 65380/5460/65380
f 1/5461/1 28377/5462/28377 65380/5463/65380
f 65380/5464/65380 28377/5465/28377 1/5466/1
f 28377/5467/28377 11/5468/11 1/5469/1
f 1/5470/1 11/5471/11 50450/5472/50450
f 11/5473/11 55293/5474/55293 50450/5475/50450
f 50450/5476/50450 55293/5477/55293 17687/5478/17687
f 55293/5479/55293 1/5480/1 17687/5481/17687
f 17687/5482/17687 1/5483/1 65506/5484/65506
f 1/5485/1 7690/5486/7690 65506/5487/65506
f 65506/5488/65506 7690/5489/7690 1/5490/1
f 7690/5491/7690 11/5492/11 1/5493/1
f 1/5494/1 11/5495/11 50452/5496/50452
f 11/5497/11 44773/5498/44773 50452/5499/50452
f 50452/5500/50452 44773/5501/44773 17796/5502/17796
f 44773/5503/44773 1/5504/1 17796/5505/17796
f 17796/5506/17796 1/5507/1 65419/5508/65419
f 1/5509/1 43497/5510/43497 65419/5511/65419
f 65419/5512/65419 43497/5513/43497 1/5514/1
f 43497/5515/43497 49160/5516/49160 1/5517/1
f 1/5518/1 49160/5519/49160 50444/5520/50444
f 49160/5521/49160 63488/5522/63488 50444/5523/50444
f 50444/5524/50444 63488/5525/63488 17924/5526/17924
f 63488/5527/63488 1/5528/1 17924/5529/17924
f 17924/5530/17924 1/5531/1 65475/5532/65475
f 1/5533/1 16385/5534/16385 65475/5535/65475
f 65475/5536/65475 16385/5537/16385 17431/5538/17431
f 16385/5539/16385 49160/5540/49160 17431/5541/17431
f 17431/5542/17431 49160/5543/49160 50451/5544/50451
f 49160/5545/49160 53748/5546/53748 50451/5547/50451
f 50451/5548/50451 53748/5549/53748 50583/5550/50583
f 53748/5551/53748 7/5552/7 50583/5553/50583
f 50583/5554/50583 7/5555/7 65414/5556/65414
f 7/5557/7 18026/5558/18026 65414/5559/65414
f 65414/5560/65414 18026/5561/18026 17431/5562/17431
f 18026/5563/18026 11/5564/11 17431/5565/17431
f 17431/5566/17431 11/5567/11 50458/5568/50458
f 11/5569/11 33739/5570/33739 50458/5571/50458
f 50458/5572/50458 33739/5573/33739 50492/5574/50492
f 33739/5575/33739 7/5576/7 50492/5577/50492
f 50492/5578/50492 7/5579/7 65386/5580/65386
f 7/5581/7 32524/5582/32524 65386/5583/65386
f 65386/5584/65386 32524/5585/32524 17431/5586/17431
f 32524/5587/32524 11/5588/11 17431/5589/17431
f 17431/5590/17431 11/5591/11 50441/5592/50441
f 11/5593/11 42443/5594/42443 50441/5595/50441
f 50441/5596/50441 42443/5597/42443 50327/5598/50327
f 42443/5599/42443 7/5600/7 50327/5601/50327
f 50327/5602/50327 7/5603/7 65374/5604/65374
f 7/5605/7 59150/5606/59150 65374/5607/65374
f 65374/5608/65374 59150/5609/59150 17431/5610/17431
f 59150/5611/59150 1/5612/1 17431/5613/17431
f 17431/5614/17431 1/5615/1 50485/5616/50485
f 1/5617/1 20651/5618/20651 50485/5619/50485
f 50485/5620/50485 20651/5621/20651 17431/5622/17431
f 20651/5623/20651 7/5624/7 17431/5625/17431
f 17431/5626/17431 7/5627/7 65375/5628/65375
f 7/5629/7 52311/5630/52311 65375/5631/65375
f 65375/5632/65375 52311/5633/52311 17431/5634/17431
f 52311/5635/52311 11/5636/11 17431/5637/17431
f 17431/5638/17431 11/5639/11 50462/5640/50462
f 11/5641/11 44015/5642/44015 50462/5643/50462
f 50462/5644/50462 44015/5645/44015 17687/5646/17687
f 44015/5647/44015 7/5648/7 17687/5649/17687
f 17687/5650/17687 7/5651/7 65372/5652/65372
f 7/5653/7 13218/5654/13218 65372/5655/65372
f 65372/5656/65372 13218/5657/13218 17431/5658/17431
f 13218/5659/13218 11/5660/11 17431/5661/17431
f 17431/5662/17431 11/5663/11 50457/5664/50457
f 11/5665/11 44773/5666/44773 50457/5667/50457
f 50457/5668/50457 44773/5669/44773 17796/5670/17796
f 44773/5671/44773 7/5672/7 17796/5673/17796
f 17796/5674/17796 7/5675/7 65386/5676/65386
f 7/5677/7 19802/5678/19802 65386/5679/65386
f 65386/5680/65386 19802/5681/19802 17431/5682/17431
f 19802/5683/19802 49160/5684/49160 17431/5685/17431
f 17431/5686/17431 49160/5687/49160 50447/5688/50447
f 49160/5689/49160 58880/5690/58880 50447/5691/50447
f 50447/5692/50447 58880/5693/58880 17924/5694/17924
f 58880/5695/58880 8/5696/8 17924/5697/17924
f 17924/5698/17924 8/5699/8 65475/5700/65475
f 8/5701/8 16385/5702/16385 65475/5703/65475
f 65475/5704/65475 16385/5705/16385 17559/5706/17559
f 16385/5707/16385 49160/5708/49160 17559/5709/17559
f 17559/5710/17559 49160/5711/49160 50461/5712/50461
f 49160/5713/49160 51968/5714/51968 50461/5715/50461
f 50461/5716/50461 51968/5717/51968 50583/5718/50583
f 51968/5719/51968 8/5720/8 50583/5721/50583
f 50583/5722/50583 8/5723/8 65386/5724/65386
f 8/5725/8 31981/5726/31981 65386/5727/65386
f 65386/5728/65386 31981/5729/31981 17559/5730/17559
f 31981/5731/31981 11/5732/11 17559/5733/17559
f 17559/5734/17559 11/5735/11 50460/5736/50460
f 11/5737/11 33739/5738/33739 50460/5739/50460
f 50460/5740/50460 33739/5741/33739 50492/5742/50492
f 33739/5743/33739 8/5744/8 50492/5745/50492
f 50492/5746/50492 8/5747/8 65386/5748/65386
f 8/5749/8 24259/5750/24259 65386/5751/65386
f 65386/5752/65386 24259/5753/24259 17559/5754/17559
f 24259/5755/24259 11/5756/11 17559/5757/17559
f 17559/5758/17559 11/5759/11 50450/5760/50450
f 11/5761/11 19351/5762/19351 50450/5763/50450
f 50450/5764/50450 19351/5765/19351 50327/5766/50327
f 19351/5767/19351 8/5768/8 50327/5769/50327
f 50327/5770/50327 8/5771/8 65391/5772/65391
f 8/5773/8 63377/5774/63377 65391/5775/65391
f 65391/5776/65391 63377/5777/63377 17559/5778/17559
f 63377/5779/63377 1/5780/1 17559/5781/17559
f 17559/5782/17559 1/5783/1 50475/5784/50475
f 1/5785/1 32196/5786/32196 50475/5787/50475
f 50475/5788/50475 32196/5789/32196 17431/5790/17431
f 32196/5791/32196 8/5792/8 17431/5793/17431
f 17431/5794/17431 8/5795/8 65374/5796/65374
f 8/5797/8 18022/5798/18022 65374/5799/65374
f 65374/5800/65374 18022/5801/18022 17559/5802/17559
f 18022/5803/18022 11/5804/11 17559/5805/17559
f 17559/5806/17559 11/5807/11 50468/5808/50468
f 11/5809/11 33739/5810/33739 50468/5811/50468
f 50468/5812/50468 33739/5813/33739 17687/5814/17687
f 33739/5815/33739 8/5816/8 17687/5817/17687
f 17687/5818/17687 8/5819/8 65358/5820/65358
f 8/5821/8 2436/5822/2436 65358/5823/65358
f 65358/5824/65358 2436/5825/2436 17559/5826/17559
f 2436/5827/2436 11/5828/11 17559/5829/17559
f 17559/5830/17559 11/5831/11 50460/5832/50460
f 11/5833/11 44773/5834/44773 50460/5835/50460
f 50460/5836/50460 44773/5837/44773 17796/5838/17796
f 44773/5839/44773 8/5840/8 17796/5841/17796
f 17796/5842/17796 8/5843/8 65401/5844/65401
f 8/5845/8 35337/5846/35337 65401/5847/65401
f 65401/5848/65401 35337/5849/35337 17559/5850/17559
f 35337/5851/35337 49160/5852/49160 17559/5853/17559
f 17559/5854/17559 49160/5855/49160 50454/5856/50454
f 49160/5857/49160 58880/5858/58880 50454/5859/50454
f 50454/5860/50454 58880/5861/58880 17924/5862/17924
f 58880/5863/58880 8/5864/8 17924/5865/17924
f 17924/5866/17924 8/5867/8 65475/5868/65475
f 8/5869/8 16385/5870/16385 65475/5871/65475
f 65475/5872/65475 16385/5873/16385 17634/5874/17634
f 16385/5875/16385 49160/5876/49160 17634/5877/17634
f 17634/5878/17634 49160/5879/49160 50473/5880/50473
f 49160/5881/49160 43746/5882/43746 50473/5883/50473
f 50473/5884/50473 43746/5885/43746 50583/5886/50583
f 43746/5887/43746 9/5888/9 50583/5889/50583
f 50583/5890/50583 9/5891/9 65358/5892/65358
f 9/5893/9 27218/5894/27218 65358/5895/65358
f 65358/5896/65358 27218/5897/27218 17634/5898/17634
f 27218/5899/27218 11/5900/11 17634/5901/17634
f 17634/5902/17634 11/5903/11 50461/5904/50461
f 11/5905/11 40933/5906/40933 50461/5907/50461
f 50461/5908/50461 40933/5909/40933 50492/5910/50492
f 40933/5911/40933 9/5912/9 50492/5913/50492
f 50492/5914/50492 9/5915/9 65401/5916/65401
f 9/5917/9 27622/5918/27622 65401/5919/65401
f 65401/5920/65401 27622/5921/27622 17634/5922/17634
f 27622/5923/27622 11/5924/11 17634/5925/17634
f 17634/5926/17634 11/5927/11 50448/5928/50448
f 11/5929/11 65536/5930/65536 50448/5931/50448
f 50448/5932/50448 65536/5933/65536 50327/5934/50327
f 65536/5935/65536 9/5936/9 50327/5937/50327
f 50327/5938/50327 9/5939/9 65498/5940/65498
f 9/5941/9 28112/5942/28112 65498/5943/65498
f 65498/5944/65498 28112/5945/28112 17634/5946/17634
f 28112/5947/28112 1/5948/1 17634/5949/17634
f 17634/5950/17634 1/5951/1 50463/5952/50463
f 1/5953/1 39128/5954/39128 50463/5955/50463
f 50463/5956/50463 39128/5957/39128 17431/5958/17431
f 39128/5959/39128 9/5960/9 17431/5961/17431
f 17431/5962/17431 9/5963/9 65386/5964/65386
f 9/5965/9 37296/5966/37296 65386/5967/65386
f 65386/5968/65386 37296/5969/37296 17634/5970/17634
f 37296/5971/37296 11/5972/11 17634/5973/17634
f 17634/5974/17634 11/5975/11 50464/5976/50464
f 11/5977/11 40933/5978/40933 50464/5979/50464
f 50464/5980/50464 40933/5981/40933 17687/5982/17687
f 40933/5983/40933 9/5984/9 17687/5985/17687
f 17687/5986/17687 9/5987/9 65372/5988/65372
f 9/5989/9 60076/5990/60076 65372/5991/65372
f 65372/5992/65372 60076/5993/60076 17634/5994/17634
f 60076/5995/60076 11/5996/11 17634/5997/17634
f 17634/5998/17634 11/5999/11 50464/6000/50464
f 11/6001/11 33739/6002/33739 50464/6003/50464
f 50464/6004/50464 33739/6005/33739 17796/6006/17796
f 33739/6007/33739 9/6008/9 17796/6009/17796
f 17796/6010/17796 9/6011/9 65401/6012/65401
f 9/6013/9 33523/6014/33523 65401/6015/65401
f 65401/6016/65401 33523/6017/33523 17634/6018/17634
f 33523/6019/33523 49160/6020/49160 17634/6021/17634
f 17634/6022/17634 49160/6023/49160 50461/6024/50461
f 49160/6025/49160 63232/6026/63232 50461/6027/50461
f 50461/6028/50461 63232/6029/63232 17924/6030/17924
f 63232/6031/63232 9/6032/9 17924/6033/17924
f 17924/6034/17924 9/6035/9 65475/6036/65475
f 9/6037/9 16385/6038/16385 65475/6039/65475
f 65475/6040/65475 16385/6041/16385 17687/6042/17687
f 16385/6043/16385 49160/6044/49160 17687/6045/17687
f 17687/6046/17687 49160/6047/49160 50483/6048/50483
f 49160/6049/49160 38104/6050/38104 50483/6051/50483
f 50483/6052/50483 38104/6053/38104 50583/6054/50583
f 38104/6055/38104 7/6056/7 50583/6057/50583
f 50583/6058/50583 7/6059/7 65386/6060/65386
f 7/6061/7 39114/6062/39114 65386/6063/65386
f 65386/6064/65386 39114/6065/39114 17687/6066/17687
f 39114/6067/39114 11/6068/11 17687/6069/17687
f 17687/6070/17687 11/6071/11 50463/6072/50463
f 11/6073/11 33739/6074/33739 50463/6075/50463
f 50463/6076/50463 33739/6077/33739 50492/6078/50492
f 33739/6079/33739 7/6080/7 50492/6081/50492
f 50492/6082/50492 7/6083/7 65414/6084/65414
f 7/6085/7 61771/6086/61771 65414/6087/65414
f 65414/6088/65414 61771/6089/61771 17687/6090/17687
f 61771/6091/61771 11/6092/11 17687/6093/17687
f 17687/6094/17687 11/6095/11 50437/6096/50437
f 11/6097/11 65536/6098/65536 50437/6099/50437
f 50437/6100/50437 65536/6101/65536 50327/6102/50327
f 65536/6103/65536 7/6104/7 50327/6105/50327
f 50327/6106/50327 7/6107/7 65536/6108/65536
f 7/6109/7 13643/6110/13643 65536/6111/65536
f 65536/6112/65536 13643/6113/13643 17687/6114/17687
f 13643/6115/13643 1/6116/1 17687/6117/17687
f 17687/6118/17687 1/6119/1 50452/6120/50452
f 1/6121/1 31940/6122/31940 50452/6123/50452
f 50452/6124/50452 31940/6125/31940 17431/6126/17431
f 31940/6127/31940 7/6128/7 17431/6129/17431
f 17431/6130/17431 7/6131/7 65415/6132/65415
f 7/6133/7 44052/6134/44052 65415/6135/65415
f 65415/6136/65415 44052/6137/44052 17687/6138/17687
f 44052/6139/44052 11/6140/11 17687/6141/17687
f 17687/6142/17687 11/6143/11 50450/6144/50450
f 11/6145/11 52480/6146/52480 50450/6147/50450
f 50450/6148/50450 52480/6149/52480 17687/6150/17687
f 52480/6151/52480 7/6152/7 17687/6153/17687
f 17687/6154/17687 7/6155/7 65372/6156/65372
f 7/6157/7 29169/6158/29169 65372/6159/65372
f 65372/6160/65372 29169/6161/29169 17687/6162/17687
f 29169/6163/29169 11/6164/11 17687/6165/17687
f 17687/6166/17687 11/6167/11 50467/6168/50467
f 11/6169/11 20651/6170/20651 50467/6171/50467
f 50467/6172/50467 20651/6173/20651 17796/6174/17796
f 20651/6175/20651 7/6176/7 17796/6177/17796
f 17796/6178/17796 7/6179/7 65389/6180/65389
f 7/6181/7 48484/6182/48484 65389/6183/65389
f 65389/6184/65389 48484/6185/48484 17687/6186/17687
f 48484/6187/48484 49160/6188/49160 17687/6189/17687
f 17687/6190/17687 49160/6191/49160 50464/6192/50464
f 49160/6193/49160 62208/6194/62208 50464/6195/50464
f 50464/6196/50464 62208/6197/62208 17924/6198/17924
f 62208/6199/62208 8/6200/8 17924/6201/17924
f 17924/6202/17924 8/6203/8 65475/6204/65475
f 8/6205/8 16385/6206/16385 65475/6207/65475
f 65475/6208/65475 16385/6209/16385 17724/6210/17724
f 16385/6211/16385 49160/6212/49160 17724/6213/17724
f 17724/6214/17724 49160/6215/49160 50486/6216/50486
f 49160/6217/49160 48631/6218/48631 50486/6219/50486
f 50486/6220/50486 48631/6221/48631 50583/6222/50583
f 48631/6223/48631 32776/6224/32776 50583/6225/50583
f 50583/6226/50583 32776/6227/32776 65358/6228/65358
f 32776/6229/32776 39178/6230/39178 65358/6231/65358
f 65358/6232/65358 39178/6233/39178 17724/6234/17724
f 39178/6235/39178 11/6236/11 17724/6237/17724
f 17724/6238/17724 11/6239/11 50465/6240/50465
f 11/6241/11 40933/6242/40933 50465/6243/50465
f 50465/6244/50465 40933/6245/40933 50492/6246/50492
f 40933/6247/40933 32776/6248/32776 50492/6249/50492
f 50492/6250/50492 32776/6251/32776 65414/6252/65414
f 32776/6253/32776 47505/6254/47505 65414/6255/65414
f 65414/6256/65414 47505/6257/47505 17724/6258/17724
f 47505/6259/47505 11/6260/11 17724/6261/17724
f 17724/6262/17724 11/6263/11 50427/6264/50427
f 11/6265/11 63488/6266/63488 50427/6267/50427
f 50427/6268/50427 63488/6269/63488 50327/6270/50327
f 63488/6271/63488 32776/6272/32776 50327/6273/50327
f 50327/6274/50327 32776/6275/32776 65536/6276/65536
f 32776/6277/32776 33014/6278/33014 65536/6279/65536
f 65536/6280/65536 33014/6281/33014 17724/6282/17724
f 33014/6283/33014 1/6284/1 17724/6285/17724
f 17724/6286/17724 1/6287/1 50445/6288/50445
f 1/6289/1 41688/6290/41688 50445/6291/50445
f 50445/6292/50445 41688/6293/41688 17431/6294/17431
f 41688/6295/41688 32776/6296/32776 17431/6297/17431
f 17431/6298/17431 32776/6299/32776 65485/6300/65485
f 32776/6301/32776 47427/6302/47427 65485/6303/65485
f 65485/6304/65485 47427/6305/47427 17724/6306/17724
f 47427/6307/47427 11/6308/11 17724/6309/17724
f 17724/6310/17724 11/6311/11 50436/6312/50436
f 11/6313/11 61184/6314/61184 50436/6315/50436
f 50436/6316/50436 61184/6317/61184 17687/6318/17687
f 61184/6319/61184 32776/6320/32776 17687/6321/17687
f 17687/6322/17687 32776/6323/32776 65394/6324/65394
f 32776/6325/32776 35333/6326/35333 65394/6327/65394
f 65394/6328/65394 35333/6329/35333 17724/6330/17724
f 35333/6331/35333 11/6332/11 17724/6333/17724
f 17724/6334/17724 11/6335/11 50464/6336/50464
f 11/6337/11 27583/6338/27583 50464/6339/50464
f 50464/6340/50464 27583/6341/27583 17796/6342/17796
f 27583/6343/27583 32776/6344/32776 17796/6345/17796
f 17796/6346/17796 32776/6347/32776 65389/6348/65389
f 32776/6349/32776 8436/6350/8436 65389/6351/65389
f 65389/6352/65389 8436/6353/8436 17724/6354/17724
f 8436/6355/8436 49160/6356/49160 17724/6357/17724
f 17724/6358/17724 49160/6359/49160 50463/6360/50463
f 49160/6361/49160 60672/6362/60672 50463/6363/50463
f 50463/6364/50463 60672/6365/60672 17924/6366/17924
f 60672/6367/60672 32776/6368/32776 17924/6369/17924
f 17924/6370/17924 32776/6371/32776 65475/6372/65475
f 32776/6373/32776 16385/6374/16385 65475/6375/65475
f 65475/6376/65475 16385/6377/16385 17762/6378/17762
f 16385/6379/16385 49160/6380/49160 17762/6381/17762
f 17762/6382/17762 49160/6383/49160 50478/6384/50478
f 49160/6385/49160 45044/6386/45044 50478/6387/50478
f 50478/6388/50478 45044/6389/45044 50583/6390/50583
f 45044/6391/45044 9/6392/9 50583/6393/50583
f 50583/6394/50583 9/6395/9 65405/6396/65405
f 9/6397/9 43373/6398/43373 65405/6399/65405
f 65405/6400/65405 43373/6401/43373 17762/6402/17762
f 43373/6403/43373 11/6404/11 17762/6405/17762
f 17762/6406/17762 11/6407/11 50469/6408/50469
f 11/6409/11 39134/6410/39134 50469/6411/50469
f 50469/6412/50469 39134/6413/39134 50492/6414/50492
f 39134/6415/39134 9/6416/9 50492/6417/50492
f 50492/6418/50492 9/6419/9 65396/6420/65396
f 9/6421/9 50119/6422/50119 65396/6423/65396
f 65396/6424/65396 50119/6425/50119 17762/6426/17762
f 50119/6427/50119 11/6428/11 17762/6429/17762
f 17762/6430/17762 11/6431/11 50436/6432/50436
f 11/6433/11 63488/6434/63488 50436/6435/50436
f 50436/6436/50436 63488/6437/63488 50327/6438/50327
f 63488/6439/63488 9/6440/9 50327/6441/50327
f 50327/6442/50327 9/6443/9 65440/6444/65440
f 9/6445/9 44354/6446/44354 65440/6447/65440
f 65440/6448/65440 44354/6449/44354 17762/6450/17762
f 44354/6451/44354 1/6452/1 17762/6453/17762
f 17762/6454/17762 1/6455/1 50444/6456/50444
f 1/6457/1 41688/6458/41688 50444/6459/50444
f 50444/6460/50444 41688/6461/41688 17431/6462/17431
f 41688/6463/41688 9/6464/9 17431/6465/17431
f 17431/6466/17431 9/6467/9 65485/6468/65485
f 9/6469/9 54369/6470/54369 65485/6471/65485
f 65485/6472/65485 54369/6473/54369 17762/6474/17762
f 54369/6475/54369 11/6476/11 17762/6477/17762
f 17762/6478/17762 11/6479/11 50431/6480/50431
f 11/6481/11 65024/6482/65024 50431/6483/50431
f 50431/6484/50431 65024/6485/65024 17687/6486/17687
f 65024/6487/65024 9/6488/9 17687/6489/17687
f 17687/6490/17687 9/6491/9 65456/6492/65456
f 9/6493/9 10139/6494/10139 65456/6495/65456
f 65456/6496/65456 10139/6497/10139 17762/6498/17762
f 10139/6499/10139 11/6500/11 17762/6501/17762
f 17762/6502/17762 11/6503/11 50452/6504/50452
f 11/6505/11 32718/6506/32718 50452/6507/50452
f 50452/6508/50452 32718/6509/32718 17796/6510/17796
f 32718/6511/32718 9/6512/9 17796/6513/17796
f 17796/6514/17796 9/6515/9 65411/6516/65411
f 9/6517/9 14127/6518/14127 65411/6519/65411
f 65411/6520/65411 14127/6521/14127 17762/6522/17762
f 14127/6523/14127 49160/6524/49160 17762/6525/17762
f 17762/6526/17762 49160/6527/49160 50456/6528/50456
f 49160/6529/49160 63488/6530/63488 50456/6531/50456
f 50456/6532/50456 63488/6533/63488 17924/6534/17924
f 63488/6535/63488 9/6536/9 17924/6537/17924
f 17924/6538/17924 9/6539/9 65475/6540/65475
f 9/6541/9 16385/6542/16385 65475/6543/65475
f 65475/6544/65475 16385/6545/16385 17796/6546/17796
f 16385/6547/16385 49160/6548/49160 17796/6549/17796
f 17796/6550/17796 49160/6551/49160 50467/6552/50467
f 49160/6553/49160 48381/6554/48381 50467/6555/50467
f 50467/6556/50467 48381/6557/48381 50583/6558/50583
f 48381/6559/48381 16390/6560/16390 50583/6561/50583
f 50583/6562/50583 16390/6563/16390 65405/6564/65405
f 16390/6565/16390 59981/6566/59981 65405/6567/65405
f 65405/6568/65405 59981/6569/59981 17796/6570/17796
f 59981/6571/59981 11/6572/11 17796/6573/17796
f 17796/6574/17796 11/6575/11 50472/6576/50472
f 11/6577/11 39391/6578/39391 50472/6579/50472
f 50472/6580/50472 39391/6581/39391 50492/6582/50492
f 39391/6583/39391 16390/6584/16390 50492/6585/50492
f 50492/6586/50492 16390/6587/16390 65390/6588/65390
f 16390/6589/16390 37583/6590/37583 65390/6591/65390
f 65390/6592/65390 37583/6593/37583 17796/6594/17796
f 37583/6595/37583 11/6596/11 17796/6597/17796
f 17796/6598/17796 11/6599/11 50445/6600/50445
f 11/6601/11 40933/6602/40933 50445/6603/50445
f 50445/6604/50445 40933/6605/40933 50327/6606/50327
f 40933/6607/40933 16390/6608/16390 50327/6609/50327
f 50327/6610/50327 16390/6611/16390 65358/6612/65358
f 16390/6613/16390 10909/6614/10909 65358/6615/65358
f 65358/6616/65358 10909/6617/10909 17796/6618/17796
f 10909/6619/10909 1/6620/1 17796/6621/17796
f 17796/6622/17796 1/6623/1 50450/6624/50450
f 1/6625/1 41947/6626/41947 50450/6627/50450
f 50450/6628/50450 41947/6629/41947 17431/6630/17431
f 41947/6631/41947 16390/6632/16390 17431/6633/17431
f 17431/6634/17431 16390/6635/16390 65430/6636/65430
f 16390/6637/16390 10701/6638/10701 65430/6639/65430
f 65430/6640/65430 10701/6641/10701 17796/6642/17796
f 10701/6643/10701 11/6644/11 17796/6645/17796
f 17796/6646/17796 11/6647/11 50435/6648/50435
f 11/6649/11 57082/6650/57082 50435/6651/50435
f 50435/6652/50435 57082/6653/57082 17687/6654/17687
f 57082/6655/57082 16390/6656/16390 17687/6657/17687
f 17687/6658/17687 16390/6659/16390 65449/6660/65449
f 16390/6661/16390 57102/6662/57102 65449/6663/65449
f 65449/6664/65449 57102/6665/57102 17796/6666/17796
f 57102/6667/57102 11/6668/11 17796/6669/17796
f 17796/6670/17796 11/6671/11 50440/6672/50440
f 11/6673/11 53759/6674/53759 50440/6675/50440
f 50440/6676/50440 53759/6677/53759 17796/6678/17796
f 53759/6679/53759 16390/6680/16390 17796/6681/17796
f 17796/6682/17796 16390/6683/16390 65442/6684/65442
f 16390/6685/16390 159/6686/159 65442/6687/65442
f 65442/6688/65442 159/6689/159 17796/6690/17796
f 159/6691/159 49160/6692/49160 17796/6693/17796
f 17796/6694/17796 49160/6695/49160 50451/6696/50451
f 49160/6697/49160 63488/6698/63488 50451/6699/50451
f 50451/6700/50451 63488/6701/63488 17924/6702/17924
f 63488/6703/63488 16390/6704/16390 17924/6705/17924
f 17924/6706/17924 16390/6707/16390 65475/6708/65475
f 16390/6709/16390 16385/6710/16385 65475/6711/65475
f 65475/6712/65475 16385/6713/16385 17815/6714/17815
f 16385/6715/16385 49160/6716/49160 17815/6717/17815
f 17815/6718/17815 49160/6719/49160 50464/6720/50464
f 49160/6721/49160 45556/6722/45556 50464/6723/50464
f 50464/6724/50464 45556/6725/45556 50583/6726/50583
f 45556/6727/45556 7/6728/7 50583/6729/50583
f 50583/6730/50583 7/6731/7 65405/6732/65405
f 7/6733/7 19139/6734/19139 65405/6735/65405
f 65405/6736/65405 19139/6737/19139 17815/6738/17815
f 19139/6739/19139 11/6740/11 17815/6741/17815
f 17815/6742/17815 11/6743/11 50469/6744/50469
f 11/6745/11 41959/6746/41959 50469/6747/50469
f 50469/6748/50469 41959/6749/41959 50492/6750/50492
f 41959/6751/41959 7/6752/7 50492/6753/50492
f 50492/6754/50492 7/6755/7 65390/6756/65390
f 7/6757/7 55487/6758/55487 65390/6759/65390
f 65390/6760/65390 55487/6761/55487 17815/6762/17815
f 55487/6763/55487 11/6764/11 17815/6765/17815
f 17815/6766/17815 11/6767/11 50447/6768/50447
f 11/6769/11 40933/6770/40933 50447/6771/50447
f 50447/6772/50447 40933/6773/40933 50327/6774/50327
f 40933/6775/40933 7/6776/7 50327/6777/50327
f 50327/6778/50327 7/6779/7 65358/6780/65358
f 7/6781/7 37474/6782/37474 65358/6783/65358
f 65358/6784/65358 37474/6785/37474 17815/6786/17815
f 37474/6787/37474 1/6788/1 17815/6789/17815
f 17815/6790/17815 1/6791/1 50460/6792/50460
f 1/6793/1 49127/6794/49127 50460/6795/50460
f 50460/6796/50460 49127/6797/49127 17431/6798/17431
f 49127/6799/49127 7/6800/7 17431/6801/17431
f 17431/6802/17431 7/6803/7 65446/6804/65446
f 7/6805/7 12192/6806/12192 65446/6807/65446
f 65446/6808/65446 12192/6809/12192 17815/6810/17815
f 12192/6811/12192 11/6812/11 17815/6813/17815
f 17815/6814/17815 11/6815/11 50441/6816/50441
f 11/6817/11 63488/6818/63488 50441/6819/50441
f 50441/6820/50441 63488/6821/63488 17687/6822/17687
f 63488/6823/63488 7/6824/7 17687/6825/17687
f 17687/6826/17687 7/6827/7 65461/6828/65461
f 7/6829/7 9224/6830/9224 65461/6831/65461
f 65461/6832/65461 9224/6833/9224 17815/6834/17815
f 9224/6835/9224 11/6836/11 17815/6837/17815
f 17815/6838/17815 11/6839/11 50437/6840/50437
f 11/6841/11 61440/6842/61440 50437/6843/50437
f 50437/6844/50437 61440/6845/61440 17796/6846/17796
f 61440/6847/61440 7/6848/7 17796/6849/17796
f 17796/6850/17796 7/6851/7 65475/6852/65475
f 7/6853/7 51957/6854/51957 65475/6855/65475
f 65475/6856/65475 51957/6857/51957 17815/6858/17815
f 51957/6859/51957 49160/6860/49160 17815/6861/17815
f 17815/6862/17815 49160/6863/49160 50456/6864/50456
f 49160/6865/49160 63488/6866/63488 50456/6867/50456
f 50456/6868/50456 63488/6869/63488 17924/6870/17924
f 63488/6871/63488 8/6872/8 17924/6873/17924
f 17924/6874/17924 8/6875/8 65475/6876/65475
f 8/6877/8 35565/6878/35565 65475/6879/65475
f 65475/6880/65475 35565/6881/35565 17833/6882/17833
f 35565/6883/35565 57348/6884/57348 17833/6885/17833
f 17833/6886/17833 57348/6887/57348 50488/6888/50488
f 57348/6889/57348 63488/6890/63488 50488/6891/50488
f 50488/6892/50488 63488/6893/63488 50692/6894/50692
f 63488/6895/63488 32772/6896/32772 50692/6897/50692
f 50692/6898/50692 32772/6899/32772 65475/6900/65475
f 32772/6901/32772 16385/6902/16385 65475/6903/65475
f 65475/6904/65475 16385/6905/16385 17924/6906/17924
f 16385/6907/16385 7/6908/7 17924/6909/17924
f 17924/6910/17924 7/6911/7 50460/6912/50460
f 7/6913/7 45556/6914/45556 50460/6915/50460
f 50460/6916/50460 45556/6917/45556 50583/6918/50583
f 45556/6919/45556 32772/6920/32772 50583/6921/50583
f 50583/6922/50583 32772/6923/32772 65475/6924/65475
f 32772/6925/32772 47432/6926/47432 65475/6927/65475
f 65475/6928/65475 47432/6929/47432 17833/6930/17833
f 47432/6931/47432 16390/6932/16390 17833/6933/17833
f 17833/6934/17833 16390/6935/16390 50488/6936/50488
f 16390/6937/16390 63488/6938/63488 50488/6939/50488
f 50488/6940/50488 63488/6941/63488 50530/6942/50530
f 63488/6943/63488 49160/6944/49160 50530/6945/50530
f 50530/6946/50530 49160/6947/49160 65396/6948/65396
f 49160/6949/49160 16385/6950/16385 65396/6951/65396
f 65396/6952/65396 16385/6953/16385 17924/6954/17924
f 16385/6955/16385 32776/6956/32776 17924/6957/17924
f 17924/6958/17924 32776/6959/32776 50460/6960/50460
f 32776/6961/32776 46573/6962/46573 50460/6963/50460
f 50460/6964/50460 46573/6965/46573 50492/6966/50492
f 46573/6967/46573 32772/6968/32772 50492/6969/50492
f 50492/6970/50492 32772/6971/32772 65475/6972/65475
f 32772/6973/32772 20223/6974/20223 65475/6975/65475
f 65475/6976/65475 20223/6977/20223 17833/6978/17833
f 20223/6979/20223 6/6980/6 17833/6981/17833
f 17833/6982/17833 6/6983/6 50488/6984/50488
f 6/6985/6 63488/6986/63488 50488/6987/50488
f 50488/6988/50488 63488/6989/63488 50402/6990/50402
f 63488/6991/63488 49160/6992/49160 50402/6993/50402
f 50402/6994/50402 49160/6995/49160 65449/6996/65449
f 49160/6997/49160 16385/6998/16385 65449/6999/65449
f 65449/7000/65449 16385/7001/16385 17924/7002/17924
f 16385/7003/16385 7/7004/7 17924/7005/17924
f 17924/7006/17924 7/7007/7 50441/7008/50441
f 7/7009/7 48128/7010/48128 50441/7011/50441
f 50441/7012/50441 48128/7013/48128 50327/7014/50327
f 48128/7015/48128 32772/7016/32772 50327/7017/50327
f 50327/7018/50327 32772/7019/32772 65475/7020/65475
f 32772/7021/32772 47269/7022/47269 65475/7023/65475
f 65475/7024/65475 47269/7025/47269 17833/7026/17833
f 47269/7027/47269 6/7028/6 17833/7029/17833
f 17833/7030/17833 6/7031/6 50488/7032/50488
f 6/7033/6 63488/7034/63488 50488/7035/50488
f 50488/7036/50488 63488/7037/63488 1/7038/1
f 63488/7039/63488 49160/7040/49160 1/7041/1
f 1/7042/1 49160/7043/49160 65439/7044/65439
f 49160/7045/49160 16385/7046/16385 65439/7047/65439
f 65439/7048/65439 16385/7049/16385 17924/7050/17924
f 16385/7051/16385 8/7052/8 17924/7053/17924
f 17924/7054/17924 8/7055/8 50468/7056/50468
f 8/7057/8 63488/7058/63488 50468/7059/50468
f 50468/7060/50468 63488/7061/63488 17431/7062/17431
f 63488/7063/63488 32772/7064/32772 17431/7065/17431
f 17431/7066/17431 32772/7067/32772 65475/7068/65475
f 32772/7069/32772 2502/7070/2502 65475/7071/65475
f 65475/7072/65475 2502/7073/2502 17833/7074/17833
f 2502/7075/2502 8/7076/8 17833/7077/17833
f 17833/7078/17833 8/7079/8 50488/7080/50488
f 8/7081/8 63488/7082/63488 50488/7083/50488
f 50488/7084/50488 63488/7085/63488 17634/7086/17634
f 63488/7087/63488 49160/7088/49160 17634/7089/17634
f 17634/7090/17634 49160/7091/49160 65462/7092/65462
f 49160/7093/49160 16385/7094/16385 65462/7095/65462
f 65462/7096/65462 16385/7097/16385 17924/7098/17924
f 16385/7099/16385 8/7100/8 17924/7101/17924
f 17924/7102/17924 8/7103/8 50452/7104/50452
f 8/7105/8 64768/7106/64768 50452/7107/50452
f 50452/7108/50452 64768/7109/64768 17687/7110/17687
f 64768/7111/64768 32772/7112/32772 17687/7113/17687
f 17687/7114/17687 32772/7115/32772 65475/7116/65475
f 32772/7117/32772 58319/7118/58319 65475/7119/65475
f 65475/7120/65475 58319/7121/58319 17833/7122/17833
f 58319/7123/58319 32776/7124/32776 17833/7125/17833
f 17833/7126/17833 32776/7127/32776 50488/7128/50488
f 32776/7129/32776 63488/7130/63488 50488/7131/50488
f 50488/7132/50488 63488/7133/63488 17762/7134/17762
f 63488/7135/63488 49160/7136/49160 17762/7137/17762
f 17762/7138/17762 49160/7139/49160 65475/7140/65475
f 49160/7141/49160 16385/7142/16385 65475/7143/65475
f 65475/7144/65475 16385/7145/16385 17924/7146/17924
f 16385/7147/16385 16390/7148/16390 17924/7149/17924
f 17924/7150/17924 16390/7151/16390 50440/7152/50440
f 16390/7153/16390 63488/7154/63488 50440/7155/50440
f 50440/7156/50440 63488/7157/63488 17796/7158/17796
f 63488/7159/63488 32772/7160/32772 17796/7161/17796
f 17796/7162/17796 32772/7163/32772 65475/7164/65475
f 32772/7165/32772 50689/7166/50689 65475/7167/65475
f 65475/7168/65475 50689/7169/50689 17833/7170/17833
f 50689/7171/50689 6/7172/6 17833/7173/17833
f 17833/7174/17833 6/7175/6 50488/7176/50488
f 6/7177/6 63488/7178/63488 50488/7179/50488
f 50488/7180/50488 63488/7181/63488 17924/7182/17924
f 63488/7183/63488 49160/7184/49160 17924/7185/17924
f 17924/7186/17924 49160/7187/49160 65475/7188/65475
f 49160/7189/49160 35712/7190/35712 65475/7191/65475
f 65475/7192/65475 35712/7193/35712 17833/7194/17833
f 35712/7195/35712 49160/7196/49160 17833/7197/17833
f 17833/7198/17833 49160/7199/49160 50488/7200/50488
f 49160/7201/49160 63488/7202/63488 50488/7203/50488
f 50488/7204/50488 63488/7205/63488 17924/7206/17924
f 63488/7207/63488 32772/7208/32772 17924/7209/17924
f 17924/7210/17924 32772/7211/32772 65475/7212/65475
f 32772/7213/32772 6553/7214/6553 65475/7215/65475
f 65475/7216/65475 6553/7217/6553 1/7218/1
f 6553/7219/6553 16367/7220/16367 1/7221/1
f 1/7222/1 16367/7223/16367 16801/7224/16801
f 16367/7225/16367 20305/7226/20305 16801/7227/16801
f 16801/7228/16801 20305/7229/20305 1/7230/1
